pattern_id	w0	w1	w2	w3	w4	w5	w6	w7	w8	w9	w10	w11	w12	w13	w14	w15	query
p200004	0.19913	-0.04849	0.51787	-0.62651	0.41500	0.30027	-0.66704	-0.17560	0.21216	-0.81076	1.59335	1.57192	0.09533	-0.56150	0.24223	-0.01916	(Past $e0)
p200009	-0.07739	0.03415	-0.27191	-0.47060	0.88042	0.00535	-0.21801	-1.00632	0.26962	1.08846	-0.49054	0.24252	0.68532	-1.03591	1.29576	0.27508	(Agent $e0 $x0)
p200011	1.59423	0.20995	1.05010	-0.20850	0.07781	-0.04095	-0.20605	-0.42356	0.09527	0.06138	-0.22083	-0.38987	-0.26717	0.04595	0.00601	-0.19771	(Patient $e0 $x0)
p200012	0.23978	-0.11422	-0.55746	-0.22806	-0.05550	-0.08137	-0.18753	-1.15467	1.55369	0.46244	0.45634	-0.39211	0.68263	0.35121	-0.46978	-0.13689	(Theme $e0 $x0)
p200025	-0.07641	-0.12366	0.09151	0.07017	-0.24478	0.44560	-0.07761	-0.46066	0.35177	-0.81663	-0.55674	0.45897	0.37172	-0.32206	1.25708	0.62742	(And (Agent $e0 $x0) (Past $e0))
p200030	1.11733	-0.26146	0.77195	-0.45303	0.22288	-0.06354	0.02231	-0.15143	-0.06947	-0.03596	0.11647	-0.14818	0.03686	-0.24150	0.00927	-0.40979	(And (Past $e0) (Patient $e0 $x0))
p200036	0.01678	0.02927	-0.21020	0.10558	-0.42695	0.05776	0.00679	-0.45059	1.19295	-0.45008	0.49830	-0.12634	-0.13652	0.22991	0.11699	0.14832	(And (Past $e0) (Theme $e0 $x0))
p200038	0.85194	-0.12156	-0.94657	0.26785	0.21136	-0.47149	0.38869	0.77176	-0.41318	-0.34359	0.34386	-0.33611	0.77467	-0.97698	-0.37359	1.32083	(Experiencer $e0 $x0)
p200040	-0.02335	1.86320	0.05256	0.02083	-0.06884	-0.05242	0.19808	-0.16190	-0.07048	0.02163	0.10351	-0.06215	0.23418	-0.30657	-0.01379	0.06021	(Ongoing $e0)
p200048	-0.01585	-0.06497	-0.03900	-0.25556	0.57098	-0.30928	0.41469	-0.64823	0.81038	0.18801	-0.10275	-0.43334	-0.00729	-0.27689	-0.06511	0.40749	(And (Agent $e0 $x0) (Theme $e0 $x1))
p200049	-0.20121	-0.16862	0.11054	0.39497	0.05843	-0.09397	0.08888	0.04576	-0.23465	0.70355	0.75687	-0.50707	-0.16471	0.12124	0.37980	-0.00930	(Member $x0 thing)
p200051	0.21311	0.12227	-0.49426	-0.48065	0.51935	1.54661	0.28674	-0.25515	-0.12847	-0.16818	0.04230	-0.23995	-0.05683	-0.03460	-0.32412	0.02518	(Location $e0 $x0)
p200075	0.49586	-0.01579	-0.17611	-0.13791	-0.14820	0.12712	-0.39921	0.85713	0.06426	0.10539	-0.06338	-0.22682	0.06331	0.09296	0.80730	-0.48252	(And (Agent $e0 $x0) (Patient $e0 $x1))
p200080	0.28530	-0.01246	-0.16975	-0.18770	-0.40634	0.13965	0.18108	-0.60016	-0.12829	0.60625	-0.06394	0.46879	-0.19022	0.03846	-0.24247	0.60619	(Theme $e0 $e1)
p200083	-0.00875	-0.02220	0.04359	0.03555	0.01487	0.08865	0.02637	0.00386	0.02806	-0.05406	-0.10022	-0.00473	-0.06194	0.02843	-0.06741	0.04522	(LocatedIn $x0 $x1)
p200093	0.12585	-0.06424	-0.16764	-0.23248	0.23253	-0.02337	-0.02092	-0.09689	-0.00468	0.08494	-0.05415	0.00011	0.20364	0.06714	-0.15690	-0.06950	(Cardinality $x0 <num>)
p200100	0.12708	0.02441	-0.34367	-0.36417	0.33147	0.93645	0.37678	-0.29996	-0.20557	-0.29939	0.16100	-0.19166	0.12619	-0.21762	-0.13347	-0.01684	(And (Location $e0 $x0) (Past $e0))
p200105	-0.04064	0.00364	0.05573	-0.00273	-0.08947	-0.06659	0.59692	-0.53174	0.53084	-0.41143	-0.03987	-0.22691	-0.18070	0.06699	0.24550	0.52549	(And (Agent $e0 $x0) (Past $e0) (Theme $e0 $x1))
p200112	-0.01193	0.74656	-0.15275	-0.13850	0.09522	-0.12814	0.02037	-0.07008	0.00786	0.26099	-0.00570	0.10597	-0.04033	-0.02826	0.17910	-0.16749	(And (Agent $e0 $x0) (Ongoing $e0))
p200114	-0.16436	-0.09416	0.31215	0.08469	0.50395	0.02893	-0.18482	0.00292	0.03513	-0.02615	-0.19385	0.04950	0.31508	-0.20144	-0.20528	0.08391	(Member $x0 person)
p200128	-0.19190	-0.04792	0.27365	0.19777	0.16547	0.07217	-0.17003	-0.00159	0.06504	0.00895	-0.06394	-0.04877	0.17501	-0.10058	-0.09840	0.16718	(Possession $x0 $x1)
p200133	0.00378	-0.04927	-0.08219	-0.06170	-0.12756	-0.03492	-0.00049	-0.11569	-0.06845	0.00432	0.07963	0.15231	-0.05286	-0.03732	0.11077	0.04129	(Goal $e0 $x0)
p200137	0.36656	-0.13412	-0.05757	-0.16739	-0.25597	0.16306	0.08749	0.45173	-0.00790	-0.06634	-0.06760	-0.15781	0.29814	-0.18418	0.56553	-0.39249	(And (Agent $e0 $x0) (Past $e0) (Patient $e0 $x1))
p200160	0.20738	-0.01787	-0.14204	-0.14191	-0.31997	0.07908	0.05248	-0.36362	-0.09609	0.42386	-0.02801	0.46151	-0.22562	0.12868	-0.14466	0.48973	(And (Past $e0) (Theme $e0 $e1))
p200163	0.19833	-0.01348	-0.30485	-0.42327	0.13576	-0.19609	0.28355	0.47077	-0.28099	-0.08300	0.35425	-0.16169	0.40831	-0.44689	-0.14556	0.49400	(And (Experiencer $e0 $x0) (Past $e0))
p200164	0.00992	0.01415	-0.05781	0.00018	0.06110	-0.02179	-0.01982	0.00300	0.00473	0.05490	0.01445	-0.02283	0.01626	0.00328	0.03623	-0.10064	(PartOf $x0 $x1)
p200178	0.15125	-0.01585	-0.15839	-0.08985	-0.29402	-0.00583	-0.08653	-0.34829	-0.14710	-0.02870	0.02393	0.05784	0.70156	0.61055	-0.10905	-0.02365	(Member $e0 have)
p200192	0.29412	0.09523	-0.34703	0.87617	0.25829	-0.16360	0.16438	-0.11144	0.04257	-0.09668	0.01956	0.25708	-0.01309	-0.03617	-0.05454	-0.23071	(Result $e0 $e1)
p200196	0.15071	-0.01256	-0.15582	-0.09039	-0.28052	-0.00706	-0.08655	-0.33742	-0.13790	-0.03358	0.01983	0.05349	0.68601	0.60361	-0.10650	-0.02717	(And (Member $e0 have) (Theme $e0 $x0))
p200209	-0.01288	-0.02663	-0.06376	-0.04058	-0.12397	-0.01646	-0.00183	-0.09547	-0.06033	-0.03676	0.08453	0.15195	-0.04702	-0.02124	0.10775	0.02869	(And (Goal $e0 $x0) (Past $e0))
p200210	-0.09203	0.60806	-0.02187	-0.07800	0.07097	-0.01835	0.08594	0.14839	-0.08785	-0.20808	0.21308	-0.07317	0.22555	-0.20973	0.04168	-0.07809	(And (Ongoing $e0) (Past $e0))
p200214	0.10824	0.56411	0.18511	0.20519	-0.06718	0.05030	-0.14383	0.03717	0.13835	-0.05311	-0.14420	-0.03365	-0.19608	0.25373	0.00672	0.08384	(And (Ongoing $e0) (Patient $e0 $x0))
p200233	0.08703	-0.08029	-0.11619	-0.05330	0.09070	-0.00015	-0.02910	-0.01796	-0.06014	-0.01973	0.02741	-0.02304	0.03684	-0.06496	0.04904	0.01805	(GroupOf $x0 person)
p200243	0.13608	0.03537	-0.28846	-0.18742	0.29991	0.53976	0.04528	-0.06694	0.00311	-0.00444	-0.12120	0.04209	-0.13931	0.16355	0.01751	-0.11646	(And (Agent $e0 $x0) (Location $e0 $x1))
p200248	0.06476	-0.00227	-0.01290	-0.03062	0.01459	-0.01498	0.00446	-0.10256	0.00505	0.07531	-0.04455	-0.04622	0.04228	0.00224	-0.05401	0.03186	(Future $e0)
p200249	0.03183	0.01194	0.00167	-0.06813	-0.03077	-0.02834	-0.01322	-0.02951	0.01711	-0.03736	-0.01279	0.02890	0.01267	-0.06562	-0.03774	0.07810	(Source $e0 $x0)
p200263	-0.31832	-0.05333	0.48037	0.02343	0.72168	-0.06267	-0.25416	0.07095	0.17700	-0.19974	-0.48788	0.32100	0.39222	-0.19457	-0.35299	0.11413	(And (Agent $e0 $x0) (Member $x0 person))
p200292	0.33127	0.02583	-0.32298	0.74641	0.22631	-0.13392	0.13728	-0.11275	0.03939	-0.08994	-0.03371	0.17930	0.00521	-0.04334	-0.07280	-0.12449	(And (Experiencer $e0 $x0) (Result $e1 $e0))
p200293	0.05655	0.37388	-0.13598	-0.13966	0.23475	0.27220	-0.14410	0.36866	0.01663	-0.01796	0.03693	-0.08917	-0.03896	0.11325	-0.06918	0.02663	(And (Location $e0 $x0) (Ongoing $e0))
p200320	0.17894	-0.01279	-0.20666	-0.08586	-0.11615	0.04713	-0.02073	-0.12812	-0.00845	0.32147	-0.09297	0.26994	-0.21004	0.14511	0.01399	0.24062	(And (Agent $e0 $x0) (Theme $e0 $e1))
p200321	0.11284	-0.00843	-0.10806	-0.06778	-0.21790	-0.00683	-0.04592	-0.26410	-0.13934	-0.02938	0.00949	0.03281	0.54526	0.46476	-0.07168	-0.00061	(And (Holder $e0 $x0) (Member $e0 have))
p200322	0.16484	0.01481	-0.22603	0.54538	0.18751	-0.10788	0.18806	-0.11105	0.01613	-0.05279	0.03686	0.27538	-0.02496	-0.00885	-0.05926	-0.21262	(And (Past $e0) (Result $e0 $e1))
p200323	0.32274	0.03049	-0.31181	0.73729	0.21724	-0.12582	0.15114	-0.13544	0.04141	-0.08740	-0.03784	0.17815	0.00135	-0.03927	-0.06943	-0.13392	(And (Patient $e0 $x0) (Result $e0 $e1))
p200326	0.01058	-0.02770	-0.01121	-0.00948	0.06325	-0.02352	-0.00650	-0.02526	0.01339	0.06983	-0.02179	-0.00555	0.00132	-0.01669	-0.03449	-0.03620	(Can $e0)
p200327	0.11541	-0.00924	-0.10990	-0.07119	-0.21785	-0.00707	-0.03986	-0.27097	-0.13953	-0.03075	0.00753	0.03386	0.54721	0.46164	-0.07455	0.00155	(Holder $e0 $x0)
p200337	0.11353	-0.00827	-0.10741	-0.07043	-0.21137	-0.00641	-0.04406	-0.26283	-0.13413	-0.03309	0.00547	0.03572	0.53195	0.46481	-0.07286	0.00019	(And (Holder $e0 $x0) (Member $e0 have) (Theme $e0 $x1))
p200339	0.11226	-0.00791	-0.10650	-0.06870	-0.21118	-0.00635	-0.04779	-0.25888	-0.13395	-0.03237	0.00645	0.03514	0.53085	0.46648	-0.07142	-0.00091	(And (Holder $e0 $x0) (Theme $e0 $x1))
p200343	0.01638	-0.00380	-0.00289	0.02341	-0.00607	-0.02038	-0.02662	-0.00625	0.01987	0.06729	0.03145	-0.02899	-0.00038	-0.00425	-0.00646	-0.03687	(Obligated $e0)
p200359	-0.20037	-0.03228	0.20320	0.38407	-0.05168	0.10291	-0.25722	0.02984	-0.07570	0.29532	0.24907	-0.22239	0.06234	-0.01918	0.17368	0.00911	(To $e0 $e1)
p200379	0.17869	-0.04070	-0.22733	-0.15735	-0.08392	0.07163	0.03673	-0.13273	-0.02373	0.38796	-0.06550	0.28783	-0.18883	0.11412	-0.05593	0.23019	(And (Agent $e0 $x0) (Theme $e1 $e0))
p200380	0.13613	0.16854	0.01252	-0.06258	-0.17721	0.09550	-0.12909	-0.10167	0.03209	0.26198	-0.11661	0.18648	-0.20975	0.17322	-0.11319	0.36113	(And (Ongoing $e0) (Theme $e1 $e0))
p200416	0.03402	0.10565	-0.02308	0.08561	0.00658	-0.04141	0.03713	-0.05997	-0.02822	0.02118	0.06108	-0.01152	-0.01028	-0.01592	0.07162	-0.09313	(Member $e0 make)
p200422	0.08651	0.09356	0.08657	0.02507	-0.24632	0.08126	0.11007	-0.28675	-0.02271	0.08411	-0.06995	0.08764	-0.02997	0.02753	-0.09559	0.26183	(Member $e0 start)
p200425	-0.25237	-0.03121	0.38152	0.03371	0.54695	-0.09150	-0.36820	0.16576	0.15814	-0.29928	-0.40149	0.28491	0.25516	-0.08128	-0.22860	0.14906	(And (Agent $e0 $x0) (Member $x0 person) (Past $e0))
p200431	0.00429	0.00579	0.01993	-0.04477	0.00365	-0.02062	-0.03445	0.00008	0.03314	-0.04571	-0.00027	0.03352	-0.00754	-0.02080	-0.01110	-0.00961	(And (Past $e0) (Source $e0 $x0))
p200432	0.01258	0.05331	-0.05056	-0.07315	0.02668	-0.00329	0.01104	-0.03970	-0.03937	0.03354	0.02041	0.00172	0.08689	0.01195	-0.01946	-0.02752	(GroupOf $x0 child)
p200433	0.00742	-0.01985	-0.01647	-0.02555	0.03466	-0.02259	0.00875	-0.03931	0.03887	0.07065	-0.00675	-0.01128	0.00635	-0.02135	-0.03624	-0.03517	(Member $e0 use)
p200434	0.01723	-0.01588	-0.02067	-0.02660	0.00754	0.02209	-0.01300	-0.02420	0.03223	-0.00682	-0.01645	0.00255	0.01161	0.00956	-0.02735	-0.01707	(Member $x0 house)
p200451	0.12772	0.10713	-0.03097	-0.06697	-0.12475	0.07561	-0.15286	-0.00328	0.03657	0.23099	-0.09575	0.18921	-0.21422	0.18757	-0.08433	0.31074	(And (Ongoing $e0) (Past $e1) (Theme $e1 $e0))
p200463	0.15496	-0.02186	-0.17615	-0.04231	-0.08602	0.04672	-0.12146	0.00103	0.01413	0.23680	-0.09158	0.25576	-0.22789	0.20095	0.02645	0.22139	(And (Agent $e0 $x0) (Past $e0) (Theme $e0 $e1))
p200466	-0.05629	-0.05524	-0.00926	-0.05924	0.24558	-0.14953	0.27451	-0.10317	-0.06473	0.18451	0.18594	-0.14956	-0.13253	0.12266	0.15394	-0.00850	(And (Agent $e0 $x0) (Member $x0 thing))
p200480	0.15080	-0.03375	-0.18788	-0.10229	-0.08216	0.03774	-0.09183	-0.01486	0.00080	0.30098	-0.06007	0.27350	-0.22288	0.17698	-0.01185	0.22397	(And (Agent $e0 $x0) (Past $e1) (Theme $e1 $e0))
p200493	0.13857	0.00477	-0.09640	-0.06292	0.20469	0.28561	-0.32373	0.25017	0.08421	-0.00997	-0.07208	-0.04937	-0.24751	0.30632	0.04178	-0.03138	(And (Location $e0 $x0) (Patient $e0 $x1))
p200494	-0.08985	-0.03763	0.05693	0.22420	-0.09220	0.11994	-0.12657	-0.03484	0.00062	0.22952	0.23970	-0.15026	0.02860	-0.02981	0.06221	-0.01678	(And (Member $x0 thing) (Theme $e0 $x0))
p200499	-0.02580	-0.00914	0.00258	0.01295	-0.01416	0.02087	-0.01530	0.01773	-0.01672	0.02448	0.04300	0.02310	-0.02212	0.00682	-0.00566	-0.00639	(Stimulus $e0 $x0)
p200517	0.19801	-0.03839	-0.20595	0.43306	0.15979	-0.08437	0.16904	-0.11942	0.01416	-0.03942	-0.01363	0.19905	-0.00538	-0.01806	-0.07297	-0.12325	(And (Experiencer $e0 $x0) (Past $e1) (Result $e1 $e0))
p200535	0.03556	-0.03594	-0.08272	-0.04348	-0.11964	-0.01829	0.06763	-0.16054	-0.04676	0.00662	-0.00192	0.05441	0.01261	-0.05978	0.09547	0.09630	(And (Agent $e0 $x0) (Goal $e0 $x1))
p200536	-0.20946	-0.03255	0.29300	0.21550	0.14508	0.08262	-0.28019	0.06613	0.04516	-0.01922	-0.05207	-0.01384	0.10878	-0.03314	-0.05950	0.14077	(And (Member $x0 person) (Possession $x1 $x0))
p200546	0.04496	-0.02292	0.02564	-0.03506	0.06525	-0.01450	-0.03057	-0.01695	0.02690	0.03351	-0.03037	0.00247	-0.00306	-0.01629	-0.05251	-0.03277	(Instrument $e0 $x0)
p200547	0.01989	0.00007	0.00887	0.00498	-0.01420	-0.00194	-0.00548	-0.01957	-0.00658	-0.00858	-0.00339	-0.01234	0.02206	0.01327	-0.00175	0.00440	(Member $x0 room)
p200548	0.00117	-0.01286	-0.03209	-0.02621	-0.05717	-0.01406	0.02246	-0.07691	-0.04680	0.04321	0.02453	0.05500	-0.00675	-0.03569	0.04254	0.03788	(Recipient $e0 $x0)
p200549	0.01145	-0.00543	-0.00136	-0.02975	0.01546	-0.00821	-0.01415	0.00565	-0.02270	-0.00155	0.01880	-0.01885	0.00971	-0.01872	0.01692	0.00049	(SubsetOf $x0 $x1)
p200577	0.09459	-0.06249	-0.19991	-0.12727	0.10765	0.34301	0.23508	-0.29291	-0.10186	-0.14322	-0.03496	-0.02037	0.06458	-0.07439	0.06088	-0.04213	(And (Agent $e0 $x0) (Location $e0 $x1) (Past $e0))
p200578	0.18984	-0.03380	-0.19506	0.42349	0.15034	-0.07669	0.18381	-0.14266	0.01599	-0.03702	-0.01765	0.19807	-0.00881	-0.01420	-0.06956	-0.13256	(And (Past $e0) (Patient $e0 $x0) (Result $e0 $e1))
p200582	0.11426	0.10409	0.04236	-0.00357	-0.02730	0.07830	-0.28462	0.19041	0.10500	0.10171	-0.12008	0.05564	-0.24320	0.28633	-0.01153	0.17973	(And (Patient $e0 $x0) (Theme $e1 $e0))
p200586	-0.02598	-0.01741	-0.02398	0.01343	0.04051	-0.03297	-0.00136	0.02674	-0.03073	0.04236	0.06265	0.08327	-0.02536	-0.00210	0.00292	-0.06523	(Member $e0 go)
p200611	0.07365	0.16706	-0.10142	-0.12805	0.05533	0.00119	-0.00650	0.25998	-0.08936	-0.09824	0.09451	-0.17951	0.20711	-0.18578	-0.06455	0.24027	(And (Experiencer $e0 $x0) (Ongoing $e0))
p200612	0.05672	0.04828	-0.01861	0.03627	0.00042	-0.02232	0.03131	-0.05492	-0.02472	0.01020	0.02349	-0.04211	-0.00650	-0.01349	0.06421	-0.04775	(And (Member $e0 make) (Patient $e0 $x0))
p200613	-0.02378	0.19985	-0.00825	-0.02064	0.04874	-0.05487	-0.00981	-0.02956	0.08732	0.00809	-0.00633	-0.03324	0.03776	-0.05792	-0.01892	-0.07215	(And (Ongoing $e0) (Theme $e0 $x0))
p200617	-0.02689	0.03395	-0.00021	-0.01418	0.02654	-0.03198	-0.00696	0.04193	-0.01419	-0.00365	0.02290	0.02168	-0.00236	-0.01312	0.01169	-0.02529	(For $e0 $x0)
p200651	0.01300	-0.04146	-0.05251	-0.00668	-0.01604	0.24447	0.11375	-0.18601	0.01861	0.07112	0.04218	-0.03827	-0.00271	-0.02110	-0.07702	-0.02516	(And (Location $e0 $x0) (Theme $e0 $x1))
p200652	0.07241	0.04647	0.03875	-0.00983	-0.20200	0.07787	0.21487	-0.35372	-0.03378	0.08578	-0.05173	0.11670	-0.02993	0.02313	-0.07905	0.19109	(And (Member $e0 start) (Past $e0))
p200653	-0.02218	-0.00736	0.02229	-0.02273	0.07314	-0.03193	-0.05676	-0.01659	0.13293	-0.02759	-0.04967	0.02503	0.05205	-0.02242	-0.08196	0.01311	(And (Possession $x0 $x1) (Theme $e0 $x0))
p200662	-0.02137	0.00282	-0.00296	-0.02072	0.15796	-0.10886	-0.02466	0.07758	-0.02266	0.05573	0.05396	0.07920	0.04505	-0.03498	-0.01240	-0.09700	(Before $e0 $e1)
p200663	0.04296	0.00020	-0.01003	0.03040	0.02245	-0.03156	0.00453	-0.01332	-0.00978	-0.01853	-0.00306	0.00814	-0.00501	-0.00543	0.02110	-0.02209	(Member $x0 door)
p200664	0.03663	0.00444	-0.03637	0.08432	0.00694	-0.01698	-0.00867	0.00208	0.01289	-0.02469	-0.01387	0.01534	0.00268	-0.01270	-0.01524	0.01454	(Time $e0 now)
p200720	0.02543	-0.02357	-0.06273	-0.02466	-0.11557	-0.00471	0.03473	-0.12231	-0.03326	-0.02733	-0.00681	0.04865	0.00692	-0.04012	0.08741	0.09239	(And (Agent $e0 $x0) (Goal $e0 $x1) (Past $e0))
p200727	0.09266	0.05692	-0.13148	-0.16439	0.11323	0.13908	-0.05518	0.27587	-0.08447	-0.10365	0.07631	-0.19746	0.17477	-0.16565	-0.09740	0.23996	(And (Experiencer $e0 $x0) (Location $e0 $x1))
p200728	0.05051	-0.04378	0.16471	-0.03574	-0.20628	0.09082	0.43872	0.40943	0.14137	0.17679	-0.07996	0.15368	0.16378	-0.11379	-0.00401	-0.30346	(And (Member $e0 build) (Patient $e0 $x0))
p200737	0.05078	-0.04323	0.16442	-0.03535	-0.20735	0.09118	0.44121	0.40869	0.14128	0.17328	-0.08023	0.15379	0.16416	-0.11362	-0.00309	-0.30294	(Member $e0 build)
p200738	0.04358	0.10502	-0.04005	0.17659	-0.02448	-0.02281	0.00223	-0.04637	0.01987	-0.03251	0.00725	0.01711	-0.00340	-0.00882	0.01760	-0.01855	(Member $e0 get)
p200739	-0.00377	0.02836	-0.00991	-0.02589	0.03988	-0.02458	-0.01130	-0.00303	0.00449	0.06198	0.02360	-0.01995	0.00476	-0.02786	-0.00136	-0.04265	(Member $e0 play)
p200740	0.00002	-0.00690	0.03231	0.00194	-0.09969	0.02523	0.12440	0.25647	0.06753	0.13643	-0.01408	0.07580	0.07082	-0.05549	0.06440	-0.18361	(Member $x0 company)
p200741	0.02294	0.00120	-0.02310	-0.02907	-0.01269	0.00055	0.02100	-0.07741	0.04040	-0.00512	-0.01539	-0.02461	0.00883	-0.03712	0.01087	0.01136	(Member $x0 new)
p200785	0.06213	0.09606	0.07039	-0.01530	-0.23806	0.08120	0.21271	-0.37453	-0.02943	0.09570	-0.06857	0.09162	-0.02026	0.02420	-0.08127	0.22817	(And (Member $e0 start) (Ongoing $e1) (Theme $e0 $e1))
p200830	-0.04645	0.21831	-0.00317	-0.00361	-0.02101	-0.04397	0.03261	-0.03955	0.00136	-0.08835	0.01850	0.00702	0.05826	-0.05506	0.08426	-0.06201	(And (Agent $e0 $x0) (Ongoing $e0) (Past $e0))
p200844	-0.01148	0.00949	0.01140	-0.01364	0.12217	-0.07967	-0.02567	0.06763	0.00135	-0.01112	0.02609	0.08775	0.03712	-0.02487	-0.04449	-0.05794	(And (Before $e0 $e1) (Past $e1))
p200845	0.06367	-0.02719	-0.08984	-0.11872	0.09340	-0.06972	0.01731	-0.08687	0.01976	0.08421	-0.01465	0.01749	0.20610	0.06834	-0.11446	-0.04828	(And (Cardinality $x0 <num>) (Theme $e0 $x0))
p200846	0.03659	-0.00046	-0.05650	-0.01209	-0.09337	-0.00006	-0.05441	-0.06120	-0.01982	-0.01913	0.04425	0.05337	0.17058	0.19038	-0.02559	-0.03351	(And (Member $e0 have) (Past $e0))
p200847	0.06205	0.09586	0.07040	-0.01485	-0.23775	0.08098	0.21090	-0.37283	-0.02937	0.09611	-0.06822	0.09142	-0.02054	0.02455	-0.08091	0.22777	(And (Member $e0 start) (Theme $e0 $e1))
p200848	0.05131	-0.00134	0.06831	0.02318	0.00937	-0.03780	-0.07607	0.03631	-0.01450	0.08993	0.08663	-0.07077	-0.02629	-0.00084	0.01448	-0.02335	(And (Member $x0 thing) (Patient $e0 $x0))
p200858	0.09421	-0.03017	-0.08163	0.22328	0.09391	-0.04222	0.03156	-0.06615	0.01255	0.00831	-0.01066	0.09709	-0.00470	-0.00513	-0.05110	-0.06408	(Member $e0 become)
p200859	0.06411	0.06438	-0.03658	-0.03316	0.07596	0.01642	-0.33586	0.24881	0.07051	0.13736	-0.05526	0.08881	-0.20148	0.17546	-0.02454	0.10593	(Member $e0 begin)
p200860	0.01148	-0.00643	-0.01050	-0.01471	-0.02772	-0.01354	-0.02399	-0.02498	-0.02765	-0.01976	0.00217	-0.00386	0.00021	-0.01484	0.05115	0.04042	(Member $e0 come)
p200861	0.01754	-0.00665	0.00260	-0.01834	0.03352	0.00063	-0.07857	-0.00396	0.04524	0.07618	0.00969	0.00243	-0.02516	0.03072	-0.01828	-0.02991	(Member $e0 take)
p200862	0.00266	0.01029	0.00761	0.00685	-0.01348	-0.00275	0.01304	0.00066	0.00584	-0.01345	-0.00857	-0.00400	-0.00348	0.00089	-0.00590	0.00604	(Member $x0 problem)
p200863	0.01416	0.02456	-0.00461	0.04206	-0.01881	0.00035	0.01102	-0.00457	-0.00318	-0.02540	-0.01168	-0.00831	0.02262	0.01238	-0.00728	0.01714	(Member $x0 weather)
p200864	-0.00647	-0.00523	0.00710	0.00725	-0.00144	0.00132	-0.00131	0.01430	0.00213	-0.00626	-0.01463	-0.00198	-0.01238	0.01105	-0.00110	-0.00156	(Past (LocatedIn $x0 $x1))
p200899	0.10375	0.05267	-0.10358	-0.04391	-0.01019	0.05758	-0.19908	0.12016	0.05756	0.21424	-0.07621	0.15271	-0.22591	0.21000	-0.00490	0.14540	(And (Agent $e0 $x0) (Ongoing $e1) (Theme $e0 $e1))
p200900	-0.01433	0.01047	0.00848	-0.00650	0.11696	-0.07464	-0.02859	0.07313	0.00338	-0.01566	0.02720	0.08477	0.03422	-0.02079	-0.04131	-0.05449	(And (Before $e0 $e1) (Past $e0) (Past $e1))
p200924	0.02448	0.14512	-0.06110	-0.01260	0.14808	0.12091	-0.26749	0.31638	0.10646	0.08578	-0.06302	0.06750	-0.21057	0.26888	0.01475	-0.07666	(And (Agent $e0 $x0) (Location $e0 $x1) (Ongoing $e0))
p200925	0.08805	-0.05275	-0.05821	-0.08497	0.07735	0.19271	0.05382	-0.13696	-0.04796	-0.05008	0.00218	-0.09560	0.00801	-0.02190	0.01400	-0.01437	(And (Location $e0 $x0) (Past $e0) (Patient $e0 $x1))
p200926	0.03516	0.00241	-0.05453	-0.01002	-0.08741	-0.00141	-0.05671	-0.05153	-0.01604	-0.02154	0.04226	0.04690	0.17007	0.18634	-0.02280	-0.03809	(And (Member $e0 have) (Past $e0) (Theme $e0 $x0))
p200935	-0.01431	0.01049	0.00830	-0.00649	0.11680	-0.07468	-0.02814	0.07266	0.00308	-0.01545	0.02750	0.08458	0.03443	-0.02098	-0.04107	-0.05449	(And (Before $e0 $e1) (Past $e0))
p200936	0.03703	0.00742	0.02846	0.02140	-0.01905	-0.00164	0.01226	-0.05155	0.00139	0.01500	-0.02244	-0.02426	-0.01231	0.00746	-0.01012	0.02390	(And (Future $e0) (Patient $e0 $x0))
p200937	0.05019	-0.01631	0.03696	-0.02117	0.05401	-0.02612	-0.04563	-0.00367	0.03045	0.03258	-0.03816	-0.01528	0.00019	-0.00988	-0.04763	-0.01562	(And (Instrument $e0 $x0) (Patient $e0 $x1))
p200955	0.01073	0.01780	0.01234	-0.00376	-0.00954	0.00810	-0.02404	-0.04168	0.01714	0.02164	-0.01280	-0.01824	0.00903	0.01147	-0.02262	0.00786	(GroupOf $x0 thing)
p200956	0.02052	-0.01732	-0.02347	-0.03659	0.00218	-0.01235	0.00373	0.01225	-0.01246	-0.00599	0.01020	-0.01160	0.02204	-0.02163	-0.00001	0.02261	(In $e0 $x0)
p200957	0.03230	-0.00090	0.03856	-0.03808	-0.02609	0.01429	0.02297	-0.07544	-0.00096	-0.00894	-0.00624	-0.00284	-0.01127	-0.00326	-0.01294	0.02837	(Manner $e0 quickly)
p200958	-0.04403	0.05178	0.02716	-0.02385	0.09243	-0.02995	-0.00714	-0.00178	0.01034	-0.01234	-0.03558	0.04995	0.02364	-0.02359	-0.03871	-0.02819	(Member $e0 study)
p200959	0.01283	0.01881	-0.03383	-0.02385	-0.06247	-0.00529	0.02846	-0.07937	-0.03755	0.05917	0.02075	0.05485	0.00210	-0.02119	0.01233	0.02635	(Member $e0 try)
p200960	-0.00685	0.01217	0.00679	-0.02511	0.00721	-0.00522	-0.00504	0.00543	-0.02168	-0.01207	0.00372	0.03588	0.02050	-0.02667	-0.01616	0.02733	(Member $e0 work)
p200961	0.02246	0.01643	-0.02206	-0.01670	-0.04254	-0.02465	-0.00905	-0.02321	-0.00685	-0.01023	0.00215	-0.00376	0.00280	-0.02179	0.06370	0.02104	(Member $x0 man)
p200962	0.00198	0.00308	-0.01284	-0.01172	-0.00708	0.00223	0.01120	0.00047	-0.01354	-0.01159	0.00608	-0.00301	0.02434	0.00817	-0.00957	0.01403	(Member $x0 place)
p200963	0.01386	0.04874	-0.02287	-0.04014	0.02036	0.03870	0.04786	0.01066	-0.02388	-0.03303	0.02896	-0.04531	0.04697	-0.04291	-0.02702	0.03535	(Member $x0 table)
p200964	0.01620	0.02682	-0.02795	0.06567	-0.01953	0.02229	-0.03194	-0.02812	-0.00891	0.01255	0.03211	-0.01108	0.03087	0.03163	0.00593	-0.01864	(Only $x0 $e0)
p200965	0.01562	0.03357	-0.00066	0.01280	-0.03316	-0.01901	0.00850	0.01670	0.00025	-0.01960	0.00282	-0.04151	0.02968	-0.04004	-0.00341	0.06884	(Probably $e0)
p201043	0.10157	0.04454	-0.10752	-0.03987	-0.00604	0.05970	-0.21055	0.13137	0.05946	0.20605	-0.07459	0.15282	-0.22701	0.21369	-0.00212	0.14226	(And (Agent $e0 $x0) (Ongoing $e0) (Theme $e1 $e0))
p201063	0.01474	-0.00729	-0.02474	-0.04782	0.05070	-0.01967	0.02091	-0.05052	-0.00105	0.06932	-0.00857	-0.01745	0.00866	-0.03804	-0.01421	-0.01403	(And (Agent $e0 $x0) (Future $e0))
p201064	-0.00241	-0.03292	0.04847	-0.03538	-0.16327	0.01845	0.50337	0.41036	0.06426	0.35042	0.01018	0.16701	0.17760	-0.14605	0.12025	-0.39930	(And (Agent $e0 $x0) (Member $x0 company))
p201065	0.01471	-0.01231	0.00132	-0.01288	0.06010	-0.00922	-0.01303	0.02627	0.01330	0.00373	-0.00029	0.02022	-0.00163	-0.00886	-0.02448	-0.04095	(And (Instrument $e0 $x0) (Past $e0))
p201066	0.02399	-0.01186	0.01740	-0.03178	-0.00328	0.00664	-0.01315	-0.03480	0.00040	-0.00927	0.00613	-0.00702	-0.01233	-0.00317	0.00323	-0.00066	(And (Manner $e0 quickly) (Past $e0))
p201067	0.10252	-0.02909	-0.08399	0.20308	0.08119	-0.03636	0.03976	-0.06638	0.01296	-0.00752	-0.02085	0.09152	-0.01275	0.00060	-0.04891	-0.04880	(And (Member $e0 become) (Patient $e0 $x0))
p201068	0.06436	0.05248	-0.04333	-0.03322	0.08143	0.01712	-0.35304	0.26369	0.07037	0.14168	-0.05070	0.08949	-0.20228	0.17702	-0.02217	0.10437	(And (Member $e0 begin) (Past $e0))
p201069	-0.02849	-0.00630	-0.01391	0.02208	0.02890	-0.02302	0.00564	0.02708	-0.02812	0.00956	0.06230	0.08576	-0.02516	0.00892	0.00775	-0.06394	(And (Member $e0 go) (Past $e0))
p201070	0.04801	-0.01056	-0.00833	0.02799	0.02512	-0.02553	0.00801	-0.02154	-0.00508	-0.00932	-0.00581	0.00499	-0.00828	0.00077	0.01429	-0.02421	(And (Member $x0 door) (Patient $e0 $x0))
p201071	-0.17084	-0.03711	0.19679	0.35630	-0.07720	0.12521	-0.30083	0.06225	-0.04144	0.18839	0.20813	-0.19817	0.04081	0.00094	0.14231	0.06790	(And (Past $e0) (To $e0 $e1))
p201086	-0.00919	-0.01593	-0.02965	0.02542	-0.02060	0.12738	0.00914	-0.06282	-0.00292	0.04643	0.07418	-0.02053	-0.01817	0.00276	-0.01245	-0.03564	(Member $e0 find)
p201087	-0.00227	0.01754	-0.01765	-0.02139	0.02091	-0.02489	-0.00660	-0.00083	0.03471	-0.00082	0.00361	0.00182	0.00537	-0.03164	-0.00783	-0.00235	(Member $e0 follow)
p201088	0.03226	0.00120	-0.05056	0.04572	0.04839	-0.01577	0.01785	-0.02288	0.01458	-0.00101	-0.00679	0.01843	-0.00050	-0.01539	-0.00210	-0.03779	(Member $e0 leave)
p201089	0.04095	0.00110	0.05355	-0.04829	0.04138	-0.03649	-0.04732	0.01408	-0.00202	-0.00618	-0.01661	-0.01196	0.02005	-0.01554	-0.01464	-0.01123	(Member $e0 write)
p201090	0.02131	0.00816	-0.01926	-0.02842	0.02457	-0.00208	-0.04246	0.08531	-0.01630	-0.02480	0.00707	-0.04258	0.03991	-0.02670	0.00371	0.02842	(Member $x0 book)
p201091	0.00584	0.01961	-0.01274	-0.00469	-0.01734	0.01734	-0.02216	0.01801	0.00094	-0.03861	-0.00958	-0.02172	0.01834	-0.02533	0.01778	0.02914	(Member $x0 cat)
p201092	-0.00110	-0.00814	-0.00277	-0.00855	0.01388	-0.00635	-0.00035	-0.00669	0.01391	0.00731	-0.01996	-0.00105	-0.00607	-0.00262	-0.00886	-0.00468	(Member $x0 good)
p201093	0.00708	-0.00759	0.01464	-0.01353	0.00334	-0.00701	-0.01505	-0.00659	-0.00886	-0.01403	-0.00435	-0.00763	-0.01263	0.00586	0.01771	0.00467	(Member $x0 tree)
p201094	-0.00025	0.00640	-0.01151	-0.00149	-0.01173	-0.01648	-0.00513	-0.01026	-0.02007	0.03481	0.02746	-0.01344	0.02854	0.00076	0.00223	0.00963	(To $e0 $x0)
p201102	0.09754	0.03716	-0.10099	-0.03214	0.00109	0.05292	-0.22444	0.16297	0.06532	0.18380	-0.07446	0.14691	-0.23102	0.22946	0.00511	0.14001	(And (Agent $e0 $x0) (Ongoing $e0) (Past $e1) (Theme $e1 $e0))
p201103	0.09721	0.03689	-0.10089	-0.03209	0.00221	0.05246	-0.22565	0.16557	0.06543	0.18505	-0.07406	0.14696	-0.23138	0.22999	0.00522	0.13870	(And (Agent $e0 $x0) (Ongoing $e1) (Past $e0) (Theme $e0 $e1))
p201104	0.06350	0.05326	-0.05046	-0.03302	0.07642	0.01780	-0.33155	0.25456	0.06828	0.14233	-0.05079	0.09137	-0.19505	0.17085	-0.02161	0.10409	(And (Member $e0 begin) (Ongoing $e1) (Past $e0) (Theme $e0 $e1))
p201105	0.05947	0.04974	0.02505	-0.02672	-0.19642	0.06616	0.19360	-0.30816	-0.03090	0.09341	-0.04877	0.09837	-0.02330	0.02322	-0.05949	0.18402	(And (Member $e0 start) (Ongoing $e1) (Past $e0) (Theme $e0 $e1))
p201166	0.04883	-0.01314	-0.01218	-0.02084	0.10905	-0.06888	-0.04829	0.08592	0.01758	0.00230	-0.04160	-0.00125	0.07193	-0.04373	0.00029	-0.06329	(And (Agent $e0 $x0) (Member $x0 person) (Patient $e0 $x1))
p201167	-0.09181	-0.03391	0.06069	-0.06177	0.29420	-0.14175	0.57202	-0.16855	-0.01696	-0.00599	0.16710	-0.13251	-0.25821	0.30410	0.15683	0.08071	(And (Agent $e0 $x0) (Member $x0 thing) (Theme $e0 $x1))
p201168	0.06239	0.05333	-0.04920	-0.03030	0.07852	0.01820	-0.34481	0.26229	0.06996	0.14178	-0.05076	0.09042	-0.19841	0.17443	-0.02035	0.10371	(And (Member $e0 begin) (Ongoing $e1) (Theme $e0 $e1))
p201169	0.08814	0.04764	0.00483	0.00265	0.03183	0.08111	-0.35834	0.27312	0.11545	0.06694	-0.10450	0.07085	-0.25596	0.30836	0.00906	0.12354	(And (Past $e0) (Patient $e1 $x0) (Theme $e0 $e1))
p201219	0.04224	0.13678	-0.03820	0.03702	0.11250	0.02371	-0.41340	0.42466	0.11746	0.06322	-0.04053	0.01493	-0.24202	0.31646	0.10699	-0.05933	(And (Agent $e0 $x0) (Ongoing $e0) (Patient $e0 $x1))
p201220	-0.01221	0.13691	-0.01108	-0.03700	0.05849	-0.05958	0.00922	-0.02555	0.06488	0.00028	-0.01623	-0.02497	0.03060	-0.05869	-0.01342	-0.04158	(And (Agent $e0 $x0) (Ongoing $e0) (Theme $e0 $x1))
p201221	0.02321	0.16106	-0.07200	-0.10843	0.09484	0.10082	0.06316	0.11394	-0.07954	-0.07707	0.10472	-0.11921	0.14619	-0.12191	-0.05120	0.06161	(And (Location $e0 $x0) (Ongoing $e0) (Past $e0))
p201222	0.06221	0.05334	-0.04900	-0.02980	0.07880	0.01827	-0.34705	0.26363	0.07023	0.14168	-0.05073	0.09024	-0.19894	0.17502	-0.02011	0.10365	(And (Member $e0 begin) (Past $e0) (Theme $e0 $e1))
p201223	0.03814	-0.03593	0.14592	-0.02755	-0.22503	0.10166	0.47225	0.41314	0.13414	0.13790	-0.07271	0.17313	0.16085	-0.10702	-0.00307	-0.29053	(And (Member $e0 build) (Past $e0) (Patient $e0 $x0))
p201224	0.06085	0.05169	0.02392	-0.03195	-0.20029	0.06762	0.21866	-0.32807	-0.03240	0.08983	-0.05163	0.10095	-0.01908	0.01790	-0.06326	0.18727	(And (Member $e0 start) (Past $e0) (Theme $e0 $e1))
p201225	0.07540	0.11235	0.06117	0.01454	0.02665	0.08600	-0.29867	0.23517	0.12520	0.05795	-0.11440	0.04756	-0.23663	0.29841	-0.02850	0.12315	(And (Ongoing $e0) (Patient $e0 $x0) (Theme $e1 $e0))
p201240	-0.00713	-0.02732	-0.05111	0.02367	0.01508	-0.00174	0.01504	-0.05546	-0.04917	0.01650	0.04014	0.01687	0.02585	-0.03267	0.07734	-0.01354	(And (Agent $e0 $x0) (GroupOf $x0 person))
p201241	0.01785	-0.00614	-0.03578	-0.02575	-0.05837	-0.01126	0.04566	-0.09459	-0.04173	0.03724	0.00234	0.03084	0.00829	-0.04127	0.04479	0.04881	(And (Agent $e0 $x0) (Recipient $e0 $x1))
p201244	0.03947	-0.00762	-0.04540	0.04519	-0.02416	-0.03243	0.01021	0.02781	-0.04173	0.01341	0.05357	-0.06497	0.04626	-0.06209	0.00759	0.10239	(And (Experiencer $e0 $x0) (Member $x0 thing))
p201245	0.06216	0.05334	-0.04893	-0.02965	0.07889	0.01829	-0.34773	0.26405	0.07031	0.14166	-0.05071	0.09018	-0.19912	0.17521	-0.02003	0.10363	(And (Member $e0 begin) (Theme $e0 $e1))
p201246	0.03825	-0.03572	0.14582	-0.02751	-0.22510	0.10174	0.47319	0.41297	0.13418	0.13622	-0.07293	0.17326	0.16089	-0.10684	-0.00284	-0.29033	(And (Member $e0 build) (Past $e0))
p201247	0.09949	-0.04535	-0.08472	-0.07482	0.09750	0.06855	-0.07857	-0.01573	-0.04647	-0.03419	0.01287	-0.10007	0.02171	-0.01394	0.07369	-0.03429	(And (Member $e0 kill) (Patient $e0 $x0))
p201248	0.00527	0.03276	-0.00327	0.06523	0.02052	-0.02284	-0.00299	0.00252	-0.00337	-0.00887	0.03579	0.02964	-0.01370	0.00423	0.01563	-0.05684	(And (Member $e0 make) (Past $e0))
p201249	0.03626	0.06850	0.11002	0.02045	-0.08533	0.02637	0.10655	-0.16971	0.00033	-0.00702	-0.04730	0.00837	-0.00321	0.00498	-0.06525	0.10212	(And (Member $e0 start) (Patient $e0 $x0))
p201250	0.01610	-0.01065	-0.01900	-0.02547	0.02549	-0.01616	0.01171	-0.03969	0.04684	0.04353	-0.00732	-0.00816	0.01514	-0.01853	-0.03942	-0.02523	(And (Member $e0 use) (Theme $e0 $x0))
p201251	0.00423	-0.00629	-0.01318	0.00681	-0.01043	0.00198	-0.02371	-0.00633	0.03455	0.02170	0.00678	-0.00051	-0.00067	0.00721	-0.01404	-0.02378	(And (Obligated $e0) (Theme $e0 $x0))
p201252	-0.01400	-0.00535	-0.00855	-0.00379	-0.01477	-0.00617	-0.03249	0.00584	-0.01626	-0.01463	0.02519	0.02443	-0.00843	-0.00324	0.04415	-0.01538	(And (Past $e0) (Recipient $e0 $x0))
p201266	0.00348	-0.01015	-0.01105	0.02183	0.00226	0.00378	-0.00511	-0.00746	-0.00886	-0.00542	0.01447	0.02298	-0.00770	-0.00348	0.00420	-0.00769	(Again $e0)
p201267	0.01607	0.03010	0.02409	0.00480	0.01856	-0.01718	0.00342	-0.01112	0.00229	-0.01332	-0.00394	0.00667	-0.00883	-0.00016	-0.01592	-0.01488	(Member $e0 fall)
p201268	-0.01839	0.00420	0.01625	-0.00144	-0.00508	0.01428	-0.00773	-0.00174	-0.01375	0.01036	0.02482	0.03251	-0.01973	0.01042	-0.00835	-0.01382	(Member $e0 hear)
p201269	0.09966	-0.04540	-0.08497	-0.07495	0.09722	0.06863	-0.07817	-0.01634	-0.04656	-0.03411	0.01292	-0.10010	0.02182	-0.01417	0.07366	-0.03412	(Member $e0 kill)
p201270	0.02580	-0.02467	-0.02089	-0.02280	-0.00783	-0.01301	0.00567	-0.00497	-0.00691	0.03688	-0.00335	0.00716	0.00408	-0.02096	-0.02545	0.03689	(Member $e0 need)
p201271	0.03267	-0.00802	0.01806	0.00236	0.01750	-0.01139	-0.00400	-0.01992	0.00268	-0.00539	-0.00959	0.00497	-0.01661	0.00733	-0.01861	-0.00366	(Member $e0 open)
p201272	0.04472	-0.01486	0.09873	-0.04170	0.02224	-0.02512	-0.04244	-0.02421	-0.00982	0.02567	0.05169	-0.02601	-0.02345	-0.00112	-0.01888	-0.00745	(Member $e0 produce)
p201273	0.01519	0.04146	-0.02511	-0.03558	0.01141	0.03586	0.06864	-0.01522	-0.02165	-0.01522	0.00454	-0.02258	0.05924	-0.06398	-0.04052	0.04776	(Member $e0 sleep)
p201274	0.01137	-0.00530	-0.01495	0.01679	-0.00568	-0.00682	0.00777	-0.00172	-0.00911	-0.00576	-0.00495	-0.00817	0.01810	0.01536	0.00546	0.00522	(Member $x0 beautiful)
p201275	0.00255	0.01138	-0.00403	0.00050	0.01249	-0.02153	-0.03120	0.00907	-0.00982	0.03139	0.01819	-0.02882	-0.00703	-0.00430	0.02946	-0.01815	(Member $x0 big)
p201276	-0.00304	0.02337	-0.00146	-0.00628	0.00190	0.00468	0.00635	-0.00697	0.02411	-0.01175	-0.00865	-0.00370	-0.00270	-0.00959	-0.00807	-0.00849	(Member $x0 car)
p201277	0.02096	-0.01061	-0.00706	-0.01276	-0.02219	0.02136	-0.01431	-0.01112	-0.00178	-0.02279	0.00018	-0.02010	-0.00087	-0.00681	0.03368	0.00051	(Member $x0 city)
p201278	0.01040	0.02231	-0.01886	-0.02514	-0.01511	0.01192	0.04685	-0.03810	0.00549	-0.02782	-0.00277	-0.01970	0.02169	-0.03290	0.01190	0.01945	(Member $x0 dog)
p201279	0.01243	-0.01261	-0.02034	-0.01558	-0.03030	-0.00505	-0.00024	-0.01724	-0.01279	-0.00584	0.00732	0.02381	0.02513	0.01198	0.00374	0.01464	(Member $x0 old)
p201280	0.00957	0.00011	-0.01360	0.02286	0.01558	-0.01021	0.00113	0.00589	0.00676	-0.00205	-0.01036	0.00319	-0.00109	-0.00574	-0.01064	-0.00180	(Member $x0 road)
p201344	-0.00081	-0.02076	-0.04903	0.02532	0.00310	0.00053	0.03154	-0.05657	-0.04064	-0.00964	0.02232	0.03517	0.02214	-0.02469	0.06226	-0.00928	(And (Agent $e0 $x0) (GroupOf $x0 person) (Past $e0))
p201345	0.03475	-0.00329	-0.04206	-0.02874	-0.04767	-0.00833	-0.02225	-0.05850	-0.02703	-0.00641	0.01061	0.02694	0.13627	0.14087	-0.02413	-0.01993	(And (Cardinality $x0 <num>) (Member $e0 have) (Theme $e0 $x0))
p201433	-0.00749	-0.00294	0.00522	0.00794	-0.00262	0.00207	0.00326	0.00866	0.00134	-0.00597	-0.00949	0.00042	-0.00839	0.00774	0.00005	-0.00105	(ConditionalProperty bicycle permitted footpath)
p201434	-0.00749	-0.00294	0.00523	0.00795	-0.00262	0.00207	0.00328	0.00865	0.00133	-0.00596	-0.00948	0.00042	-0.00840	0.00775	0.00005	-0.00105	(ConditionalProperty pedestrian permitted footpath)
p201435	-0.00753	-0.00293	0.00526	0.00799	-0.00260	0.00207	0.00329	0.00864	0.00133	-0.00595	-0.00946	0.00042	-0.00843	0.00783	0.00007	-0.00105	(Inheritance bicycle permitted) ~NEG
p201436	-0.00749	-0.00294	0.00522	0.00794	-0.00262	0.00207	0.00326	0.00866	0.00134	-0.00597	-0.00949	0.00042	-0.00839	0.00774	0.00005	-0.00105	(Inheritance pedestrian permitted) ~NEG
p201446	0.02639	-0.03192	0.11155	-0.02743	-0.20835	0.09411	0.53090	0.39168	0.13260	0.13994	-0.08232	0.17941	0.17515	-0.11997	0.01205	-0.30498	(And (Agent $e0 $x0) (Member $e0 build) (Patient $e0 $x1))
p201476	0.00072	-0.00794	-0.00830	0.02204	0.00394	0.00532	-0.00576	-0.00966	-0.00729	-0.00312	0.01503	0.02627	-0.01066	0.00100	0.00566	-0.01737	(And (Again $e0) (Past $e0))
p201477	-0.00051	0.03984	-0.02670	-0.04210	0.03435	0.00980	0.05291	-0.05915	-0.01743	0.04655	0.00235	0.00053	0.01898	-0.04179	-0.01431	-0.02340	(And (Agent $e0 $x0) (GroupOf $x0 child))
p201478	0.02584	-0.03253	0.11203	-0.02800	-0.20565	0.09327	0.52716	0.39320	0.13285	0.14378	-0.08215	0.17925	0.17420	-0.11966	0.01096	-0.30592	(And (Agent $e0 $x0) (Member $e0 build))
p201479	0.02735	0.05239	-0.02931	0.01723	-0.00827	-0.04006	0.01456	-0.01775	-0.02631	0.02209	0.02883	-0.04554	0.00891	-0.02074	0.08387	-0.04253	(And (Agent $e0 $x0) (Member $e0 make))
p201480	-0.40935	-0.06142	0.58795	0.65288	0.00824	0.35296	-0.54657	0.00217	0.00203	0.13850	0.06197	-0.22552	0.15590	-0.03801	0.03839	0.30888	(And (Agent $e0 $x0) (Possession $x0 $x1))
p201481	-0.16887	-0.04230	0.17941	0.32028	-0.01039	0.08196	-0.26615	0.05362	-0.06835	0.24267	0.19241	-0.20083	0.05879	-0.03102	0.15754	0.04353	(And (Agent $e0 $x0) (To $e0 $e1))
p201482	-0.16873	-0.04224	0.17957	0.31954	-0.01100	0.08163	-0.26214	0.05216	-0.06829	0.24236	0.19206	-0.19985	0.05917	-0.03164	0.15720	0.04316	(And (Agent $e0 $x0) (To $e1 $e0))
p201483	0.02051	-0.01285	-0.02667	-0.03429	0.02030	-0.00226	-0.00066	-0.04742	0.01333	0.03034	-0.01461	-0.00175	0.04704	0.02123	-0.03819	-0.01194	(And (Future $e0) (Theme $e0 $x0))
p201484	0.08116	-0.03307	-0.04301	-0.02833	0.07272	0.01766	0.01041	-0.05122	-0.02508	-0.01503	-0.00084	-0.01105	0.01415	-0.01465	-0.00454	-0.02155	(And (GroupOf $x0 person) (Patient $e0 $x0))
p201485	-0.01394	-0.02119	-0.02451	0.03132	-0.01207	0.14872	0.01504	-0.07404	-0.01704	0.05883	0.07557	-0.02830	-0.02113	0.00714	-0.01399	-0.03156	(And (Location $e0 $x0) (Member $e0 find))
p201486	0.05520	0.02292	-0.06534	-0.00738	0.13228	0.12731	-0.31452	0.32923	0.11944	0.10291	-0.07559	0.06573	-0.23853	0.29471	-0.00594	-0.00810	(And (Location $e0 $x0) (Theme $e1 $e0))
p201487	0.03151	0.00039	0.04581	-0.03729	-0.01419	0.01256	0.02920	-0.06800	-0.00967	-0.00310	-0.01087	-0.00853	-0.00968	-0.00143	-0.01707	0.03039	(And (Manner $e0 quickly) (Patient $e0 $x0))
p201488	0.07553	-0.02062	-0.06970	0.18312	0.06720	-0.03079	0.03509	-0.05539	0.01394	-0.00873	-0.00435	0.09589	-0.01105	0.00336	-0.04027	-0.06033	(And (Member $e0 become) (Past $e0))
p201489	0.08948	-0.02435	-0.10391	0.22257	0.07458	-0.03041	0.03125	-0.05053	0.01967	-0.01276	-0.01381	0.09780	-0.01104	0.00186	-0.03971	-0.05583	(And (Member $e0 become) (Result $e0 $e1))
p201490	-0.01622	-0.00233	0.00985	-0.00368	0.00488	0.00918	-0.00182	0.00995	-0.01173	0.00090	0.02511	0.02468	-0.01750	0.00758	-0.00181	-0.02113	(And (Member $e0 hear) (Past $e0))
p201491	0.04561	-0.01348	0.10038	-0.04060	0.01954	-0.02299	-0.04149	-0.02169	-0.00646	0.01879	0.04889	-0.02274	-0.02354	0.00154	-0.02216	-0.00629	(And (Member $e0 produce) (Patient $e0 $x0))
p201492	0.01598	-0.00261	-0.00569	-0.00586	0.02120	0.00663	-0.06895	-0.00351	0.05015	0.06790	0.00160	0.00067	-0.01843	0.03153	-0.01501	-0.02360	(And (Member $e0 take) (Theme $e0 $x0))
p201493	0.00459	0.01825	-0.02440	-0.01627	-0.04902	-0.01157	0.02113	-0.05612	-0.02832	0.02431	0.01794	0.05292	0.00078	-0.01491	0.01337	0.02351	(And (Member $e0 try) (Past $e0))
p201494	0.02537	-0.01174	-0.03641	-0.02565	-0.05904	0.00321	0.02989	-0.08541	-0.03156	0.06754	0.00985	0.04575	-0.00105	-0.01705	0.00029	0.04101	(And (Member $e0 try) (Theme $e0 $e1))
p201495	0.04563	-0.01056	0.05237	-0.05047	0.04230	-0.03189	-0.05402	0.01767	0.00267	-0.01151	-0.02092	-0.00692	0.01650	-0.01040	-0.02146	-0.00612	(And (Member $e0 write) (Patient $e0 $x0))
p201496	0.02583	-0.00797	0.00972	0.00193	0.00251	-0.01272	0.02237	-0.02171	-0.00789	0.02040	0.00354	-0.01647	-0.00025	-0.00542	-0.00315	-0.00276	(And (Obligated $e0) (Patient $e0 $x0))
p201497	-0.02523	-0.00355	0.00208	0.00564	0.00444	0.00920	-0.00941	0.02534	-0.01024	0.00854	0.04409	0.02597	-0.01916	0.00789	0.00552	-0.03274	(And (Past $e0) (Stimulus $e0 $x0))
p201498	0.02407	0.00666	0.03224	-0.03264	0.01569	-0.01502	-0.01745	-0.00872	0.00239	-0.01281	-0.01465	-0.00597	-0.00081	-0.00332	-0.01525	0.00090	(And (Patient $e0 $x0) (Source $e0 $x1))
p201527	0.00461	-0.00256	-0.01856	-0.00402	-0.02044	0.01690	-0.01850	-0.00521	0.04121	-0.01285	0.01241	0.00410	-0.00596	-0.01198	-0.00789	-0.00945	(For $e0 $e1)
p201528	0.02071	-0.01048	-0.02348	-0.02188	-0.01020	-0.02489	-0.00092	0.04709	0.00073	0.00916	0.00724	-0.01790	0.02562	-0.03829	-0.01079	0.05419	(Like $e0 $x0)
p201529	0.00677	0.02356	0.02056	-0.00557	-0.00636	-0.01110	-0.01546	-0.00283	0.00029	-0.00300	0.00878	-0.00828	-0.00611	-0.00072	0.01246	-0.01350	(Member $e0 change)
p201530	-0.00665	-0.01111	-0.00298	-0.00427	0.01678	0.06176	-0.00760	-0.00963	-0.00295	-0.00388	-0.00515	-0.00252	-0.01858	0.00842	-0.01518	-0.00830	(Member $e0 live)
p201531	-0.01178	0.01159	-0.02186	-0.01478	0.05380	-0.04319	0.00264	0.00034	-0.00469	0.08954	0.03050	-0.01497	0.01494	-0.02322	0.01874	-0.05905	(Member $e0 sell)
p201532	-0.01120	-0.00875	-0.00007	-0.00875	0.01915	-0.01069	0.00508	-0.00257	-0.00303	0.02205	-0.00364	0.00853	0.00323	-0.00939	-0.00921	-0.01216	(Member $e0 serve)
p201533	-0.00802	0.01156	-0.00608	0.00230	-0.03909	-0.00287	0.04754	-0.03873	-0.02494	0.01146	0.01293	0.02243	0.00124	-0.01324	0.02512	0.01605	(Member $e0 talk)
p201534	-0.01135	0.07174	-0.00251	-0.01647	-0.02670	0.03815	0.08039	-0.07238	-0.03093	-0.00043	0.02506	0.01747	0.00852	-0.02694	0.00692	-0.00461	(Member $e0 walk)
p201535	-0.00169	0.00983	0.00837	0.00578	-0.01386	0.00222	0.00303	-0.00918	-0.00196	-0.01113	-0.01291	-0.00084	0.01413	0.02366	-0.00481	0.00154	(Member $x0 garden)
p201536	0.01056	-0.01546	0.04525	-0.01689	-0.12607	0.06856	0.31355	0.15599	0.05933	0.05218	-0.04560	0.10960	0.09743	-0.03954	-0.01732	-0.14033	(Member $x0 hotel)
p201537	-0.00758	0.03443	0.02552	0.00983	-0.02703	0.00275	0.00865	-0.02689	-0.00530	-0.01233	-0.01053	0.00293	0.01704	0.02165	-0.00388	0.01146	(Member $x0 sky)
p201538	0.01329	-0.00654	0.02485	-0.02263	0.01722	-0.00997	-0.01041	-0.01391	0.02577	0.00225	0.00137	-0.00096	-0.00792	-0.00978	-0.02417	-0.00352	(Member $x0 song)
p201539	0.01394	-0.00774	0.00513	-0.01142	-0.00609	-0.00805	0.00851	-0.01712	-0.00438	-0.00141	-0.01008	-0.00969	0.00391	-0.00867	-0.00495	0.02457	(Time $e0 (Hour <num>))
p201545	0.04067	-0.01023	-0.00519	-0.01872	0.08256	-0.05137	-0.08579	0.09250	0.01807	-0.01705	-0.04160	0.00266	0.05835	-0.02699	0.00412	-0.04735	(And (Agent $e0 $x0) (Member $x0 person) (Past $e0) (Patient $e0 $x1))
p201670	0.01812	-0.02703	0.10635	0.00113	-0.26447	0.12451	0.46872	0.40464	0.15323	0.08850	-0.09039	0.19443	0.14419	-0.09704	0.01211	-0.26422	(And (Agent $e0 $x0) (Member $x0 company) (Past $e0))
p201671	-0.40741	-0.07697	0.58248	0.64914	0.01132	0.35586	-0.54449	0.00712	0.00394	0.13748	0.06047	-0.21861	0.15245	-0.03472	0.03095	0.31233	(And (Agent $e0 $x0) (Member $x1 person) (Possession $x0 $x1))
p201673	0.06132	0.02494	-0.05889	0.02129	0.09788	0.05220	-0.43874	0.41299	0.11479	0.09728	-0.05779	0.06721	-0.26874	0.33432	0.06975	0.01065	(And (Agent $e0 $x0) (Patient $e1 $x1) (Theme $e0 $e1))
p201674	0.04714	-0.02418	-0.02001	-0.05371	0.07142	0.04241	-0.01817	-0.02978	-0.02026	-0.01644	0.00056	-0.04328	0.00302	-0.00612	0.00436	-0.01482	(And (Cardinality $x0 <num>) (Past $e0) (Patient $e0 $x0))
p201676	0.09106	-0.02471	-0.09951	0.20605	0.07030	-0.02918	0.03709	-0.05422	0.01491	-0.01380	-0.02234	0.09129	-0.00680	-0.00065	-0.03952	-0.04571	(And (Experiencer $e0 $x0) (Member $e1 become) (Result $e1 $e0))
p201677	-0.01218	-0.00397	-0.01329	0.03891	-0.03832	0.00760	-0.06467	0.03163	0.03883	0.04145	0.08268	-0.02155	-0.00804	-0.00665	0.02079	-0.03503	(And (Member $x0 thing) (Past $e0) (Theme $e0 $x0))
p201679	-0.03202	0.00183	0.03536	0.00533	0.04040	-0.01579	-0.08240	0.02869	0.10928	-0.05548	-0.02810	0.02896	0.02006	-0.01620	-0.04423	0.01864	(And (Past $e0) (Possession $x0 $x1) (Theme $e0 $x0))
p201767	0.11761	-0.00096	-0.13470	-0.01393	0.18973	0.15413	-0.47796	0.42211	0.10082	0.02492	-0.05533	-0.02048	-0.23420	0.32069	0.09621	-0.04294	(And (Agent $e0 $x0) (Location $e0 $x1) (Patient $e0 $x2))
p201768	0.03205	0.03702	-0.02902	0.00752	-0.01293	-0.03432	0.01906	-0.01915	-0.02499	0.01774	0.02558	-0.04456	0.00799	-0.01868	0.07752	-0.03212	(And (Agent $e0 $x0) (Member $e0 make) (Patient $e0 $x1))
p201769	0.02329	-0.01050	0.02452	-0.03102	0.00784	0.00502	-0.00500	-0.02857	-0.00865	-0.00336	0.00178	-0.01269	-0.01036	-0.00175	-0.00075	0.00145	(And (Manner $e0 quickly) (Past $e0) (Patient $e0 $x0))
p201770	0.07672	-0.02098	-0.06496	0.16573	0.06586	-0.02974	0.04010	-0.05721	0.01010	-0.00992	-0.01419	0.09006	-0.00761	0.00129	-0.04145	-0.05109	(And (Member $e0 become) (Past $e0) (Patient $e0 $x0))
p201771	0.09102	-0.02471	-0.09949	0.20596	0.07063	-0.02921	0.03693	-0.05397	0.01500	-0.01381	-0.02245	0.09134	-0.00690	-0.00059	-0.03964	-0.04581	(And (Member $e0 become) (Patient $e0 $x0) (Result $e0 $e1))
p201772	0.09209	-0.04329	-0.08565	-0.07040	0.09783	0.06807	-0.08182	-0.00803	-0.04688	-0.03319	0.01807	-0.09666	0.02359	-0.01479	0.07604	-0.03618	(And (Member $e0 kill) (Past $e0) (Patient $e0 $x0))
p201773	0.04337	-0.01354	0.09647	-0.03842	0.01974	-0.02278	-0.04195	-0.02109	-0.00895	0.02021	0.05410	-0.02340	-0.02202	0.00021	-0.01894	-0.00657	(And (Member $e0 produce) (Past $e0) (Patient $e0 $x0))
p201774	0.04350	-0.01049	0.04913	-0.04917	0.04314	-0.03168	-0.05518	0.02040	0.00195	-0.01087	-0.01792	-0.00562	0.01755	-0.01129	-0.01990	-0.00735	(And (Member $e0 write) (Past $e0) (Patient $e0 $x0))
p201812	-0.00670	-0.01329	-0.00707	-0.02242	0.05317	-0.02665	0.00508	-0.01915	-0.00636	0.06451	0.00156	-0.01033	0.02089	-0.03341	-0.01079	-0.02232	(And (Agent $e0 $x0) (Can $e0))
p201813	0.01843	0.00582	-0.02555	-0.02639	-0.01305	-0.00283	-0.00579	-0.02214	-0.01316	-0.00754	0.00254	0.00533	0.06750	0.05617	-0.01888	-0.00124	(And (Cardinality $x0 <num>) (GroupOf $x0 child))
p201814	0.04729	-0.02423	-0.02027	-0.05374	0.07116	0.04221	-0.01766	-0.02998	-0.02061	-0.01627	0.00110	-0.04351	0.00309	-0.00616	0.00480	-0.01487	(And (Cardinality $x0 <num>) (Patient $e0 $x0))
p201815	0.05098	-0.02536	-0.06896	0.04583	0.01308	-0.03338	0.06510	-0.00914	-0.01294	-0.01439	0.00684	0.04081	0.03521	-0.04094	-0.02768	0.03189	(And (Experiencer $e0 $x0) (GroupOf $x0 person))
p201816	0.00344	-0.00158	-0.01696	-0.00407	-0.01995	0.01668	-0.01474	-0.00445	0.03724	-0.01502	0.01392	0.00447	-0.00591	-0.01330	-0.00580	-0.00762	(And (For $e0 $e1) (Past $e0))
p201817	-0.02589	0.01752	0.00387	-0.00281	0.01137	-0.01271	-0.01281	0.02080	-0.01422	-0.00808	0.02660	0.02730	-0.00710	-0.00033	0.01754	-0.02756	(And (For $e0 $x0) (Past $e0))
p201818	0.01743	-0.00613	0.02467	-0.01768	-0.00236	-0.00481	-0.01066	-0.01739	-0.00270	-0.00194	-0.00128	0.00021	-0.01410	0.00639	-0.00813	0.00317	(And (Goal $e0 $x0) (Patient $e0 $x1))
p201820	0.00325	-0.00865	-0.01097	-0.01282	-0.01459	-0.00878	-0.01676	-0.02191	-0.02170	-0.02152	0.00700	0.00534	-0.00001	-0.00771	0.04642	0.01186	(And (Member $e0 come) (Past $e0))
p201821	0.02497	0.00672	0.01744	0.00094	0.01873	-0.01282	0.01048	-0.02259	0.00206	-0.00817	-0.00766	0.00485	-0.00975	0.00082	-0.01800	-0.00640	(And (Member $e0 fall) (Patient $e0 $x0))
p201822	-0.00704	-0.00860	-0.01421	0.03152	-0.02621	0.08782	0.00093	-0.04765	0.00420	0.04459	0.04858	-0.02268	-0.01044	0.00561	-0.00725	-0.02301	(And (Member $e0 find) (Theme $e0 $x0))
p201823	-0.02079	0.00353	0.00925	0.00263	-0.00227	0.01417	-0.00640	0.00427	-0.01312	0.01231	0.02514	0.02802	-0.01621	0.00867	-0.00480	-0.01425	(And (Member $e0 hear) (Stimulus $e0 $x0))
p201824	0.09249	-0.04340	-0.08620	-0.07079	0.09733	0.06821	-0.08071	-0.00949	-0.04708	-0.03302	0.01814	-0.09667	0.02385	-0.01533	0.07589	-0.03584	(And (Member $e0 kill) (Past $e0))
p201825	-0.01432	0.10733	-0.00026	0.03797	-0.01066	-0.01690	0.01648	-0.02580	-0.00963	0.00211	0.03557	0.00043	0.00558	-0.01338	0.03024	-0.04575	(And (Member $e0 make) (Ongoing $e0))
p201826	0.00371	0.04859	-0.03299	0.10162	0.02316	-0.02696	0.03265	-0.01309	0.00158	0.00319	0.03017	0.03081	-0.00235	-0.00445	0.01661	-0.06524	(And (Member $e0 make) (Result $e0 $e1))
p201827	0.02033	-0.00447	0.03128	-0.01988	0.00784	-0.00667	-0.00997	-0.01651	0.00097	-0.00303	-0.00744	-0.00590	-0.01359	0.00686	-0.01425	0.00427	(And (Member $e0 open) (Patient $e0 $x0))
p201828	0.04350	-0.01348	0.09660	-0.03880	0.01985	-0.02274	-0.04202	-0.02031	-0.00816	0.01962	0.05297	-0.02248	-0.02200	0.00022	-0.01970	-0.00687	(And (Member $e0 produce) (Past $e0))
p201829	0.02104	0.00306	-0.00399	0.00760	-0.05064	0.03428	-0.02531	-0.06100	0.02141	0.02292	0.01332	0.01504	-0.03404	0.04466	0.00017	0.01124	(And (Member $e0 take) (Past $e0))
p201830	-0.00913	0.05810	-0.00072	-0.01116	-0.03129	0.03069	0.06121	-0.05886	-0.02845	-0.00314	0.02538	0.01833	0.00564	-0.02109	0.00952	0.00261	(And (Member $e0 walk) (Past $e0))
p201831	0.04352	-0.01050	0.04892	-0.04904	0.04290	-0.03179	-0.05535	0.02068	0.00165	-0.01062	-0.01743	-0.00604	0.01769	-0.01141	-0.01939	-0.00735	(And (Member $e0 write) (Past $e0))
p201832	0.01277	0.14991	-0.02907	0.20839	0.01130	-0.03267	-0.00285	-0.00426	0.01618	-0.03843	0.02667	0.01044	0.00822	-0.01078	0.02255	-0.06297	(And (Ongoing $e0) (Result $e0 $e1))
p201833	0.00219	0.01125	-0.01591	0.00381	0.01201	-0.01263	0.00535	-0.02083	0.03172	0.01509	0.00252	-0.00160	0.00703	-0.01487	-0.01231	-0.01942	(And (PartOf $x0 $x1) (Theme $e0 $x0))
p201834	-0.00704	0.02644	-0.00061	-0.01149	-0.00096	-0.01571	-0.00362	-0.01946	-0.01498	-0.01751	0.00189	0.01407	0.00764	-0.01247	0.03226	-0.01234	(And (Past $e0) (Through $e0 $x0))
p201867	-0.03873	-0.00637	0.03443	0.03427	0.01162	0.01208	-0.04593	0.01589	-0.00066	0.01760	0.02497	0.01036	0.00704	-0.00622	-0.00685	-0.00490	(As $e0 $x0)
p201868	0.00265	-0.01318	-0.01970	-0.00849	0.00409	0.01802	0.01543	-0.00515	-0.01756	-0.00449	0.03408	0.00029	0.00528	-0.01951	-0.01037	0.01873	(But $e0 $e1)
p201869	0.00189	-0.00917	-0.00722	-0.00402	-0.01544	-0.00067	0.01131	-0.01811	0.01361	-0.00108	-0.00697	-0.00074	-0.00416	-0.01069	0.00093	0.01904	(From $x0 $x1)
p201870	-0.03751	0.00837	0.03641	-0.02116	0.09138	-0.04030	-0.03976	0.06394	-0.00222	-0.01176	-0.01180	0.04794	0.01466	-0.00614	-0.03315	-0.01990	(Measure $e0 duration <num> year)
p201871	0.00222	-0.01170	-0.00367	-0.01522	0.01267	-0.01215	0.01572	-0.01988	0.00638	0.04177	0.01108	-0.00049	0.00184	-0.01131	-0.00651	-0.01243	(Member $e0 help)
p201872	-0.11085	-0.00236	0.16333	0.12458	0.01879	0.12292	-0.06957	-0.04700	0.04421	-0.09345	-0.09695	0.03311	0.04075	-0.00792	-0.03824	0.09927	(Member $e0 sing)
p201873	0.03710	-0.00967	-0.00954	0.09359	0.02349	-0.01490	-0.00105	-0.01663	0.01164	-0.01300	0.00217	0.02074	-0.01025	-0.00211	-0.01393	-0.00408	(Member $e0 turn)
p201874	-0.02065	-0.00308	0.00585	-0.00414	0.01566	-0.00950	-0.01279	0.02911	-0.01472	0.00012	0.03023	0.01893	-0.01042	0.00043	0.00121	-0.01157	(Member $e0 want)
p201875	0.00673	0.01156	-0.02031	0.00462	-0.03178	0.00210	-0.03090	-0.00479	0.04776	-0.01247	0.01217	-0.00534	0.00690	-0.00820	0.00484	-0.00479	(Member $e0 win)
p201876	0.04909	0.02597	-0.04667	0.16145	0.01836	-0.01361	0.02712	-0.04990	0.01194	-0.02338	-0.01496	0.04935	0.01076	0.02320	-0.01692	-0.04133	(Member $x0 bad)
p201877	0.00330	-0.00266	-0.00413	-0.00307	-0.01176	0.01055	0.00320	-0.01356	0.00046	-0.00696	-0.00269	0.00461	0.01276	0.02108	-0.00789	-0.00465	(Member $x0 food)
p201878	0.00107	-0.00477	-0.00246	0.00082	-0.00102	0.00741	-0.00881	0.00447	0.00236	0.00239	-0.00672	-0.00693	-0.00668	0.00545	0.00313	-0.00430	(Member $x0 park)
p201879	0.01356	0.00405	-0.01811	-0.01808	-0.02460	0.01708	0.00416	-0.02745	-0.02035	-0.02041	-0.00299	-0.00184	0.04819	0.02427	0.00043	0.01623	(Member $x0 town)
p201880	-0.00516	0.00951	0.00362	-0.00757	0.00914	0.01774	0.01447	-0.01585	-0.00769	-0.00511	-0.00080	-0.00119	-0.00290	-0.00138	0.00131	-0.01054	(Member $x0 water)
p201881	-0.00709	0.02647	-0.00065	-0.01127	-0.00118	-0.01577	-0.00377	-0.01904	-0.01512	-0.01734	0.00220	0.01393	0.00773	-0.01248	0.03259	-0.01253	(Through $e0 $x0)
p201882	0.06028	-0.02911	-0.04836	-0.03289	-0.03608	-0.02550	0.03311	0.01664	-0.00759	-0.02939	-0.00124	-0.04129	0.05620	-0.06779	-0.02409	0.12389	(Time $e0 today)
p201891	-0.26450	-0.04093	0.37807	0.45120	-0.01848	0.22995	-0.34331	0.01306	0.01521	0.04374	0.03546	-0.12128	0.07637	-0.00378	0.03092	0.20854	(And (Agent $e0 $x0) (Member $x1 person) (Past $e0) (Possession $x0 $x1))
p201892	0.05667	0.01681	-0.05186	0.02928	0.10325	0.06051	-0.46441	0.43069	0.12341	0.07089	-0.06484	0.06630	-0.27522	0.34471	0.06450	0.01900	(And (Agent $e0 $x0) (Past $e0) (Patient $e1 $x1) (Theme $e0 $e1))
p201893	0.06916	0.06618	0.01597	0.00928	0.06765	0.07659	-0.34588	0.30782	0.12625	0.05392	-0.09647	0.05514	-0.24077	0.30231	-0.00905	0.08138	(And (Ongoing $e0) (Past $e1) (Patient $e0 $x0) (Theme $e1 $e0))
p202010	0.02415	-0.01516	0.09858	-0.02211	-0.27751	0.11198	0.64315	0.32787	0.10948	0.12011	-0.07433	0.21029	0.17127	-0.12108	0.00849	-0.28193	(And (Agent $e0 $x0) (Member $x0 company) (Patient $e0 $x1))
p202011	-0.26438	-0.04098	0.37784	0.45139	-0.01870	0.23016	-0.34415	0.01343	0.01515	0.04382	0.03566	-0.12152	0.07626	-0.00372	0.03116	0.20861	(And (Agent $e0 $x0) (Past $e0) (Possession $x0 $x1))
p202013	0.02199	-0.00112	-0.03325	-0.01817	-0.03185	-0.00648	-0.01755	-0.02954	0.00261	-0.01560	0.01195	0.02495	0.07467	0.08025	-0.01445	-0.01479	(And (Cardinality $x0 <num>) (Past $e0) (Theme $e0 $x0))
p202014	0.07433	-0.03109	-0.04489	-0.02497	0.07272	0.01741	0.01125	-0.04708	-0.02602	-0.01384	0.00436	-0.00756	0.01680	-0.01673	-0.00259	-0.02331	(And (GroupOf $x0 person) (Past $e0) (Patient $e0 $x0))
p202015	0.03682	-0.00913	-0.01339	0.03329	0.02711	-0.02131	0.01023	-0.01391	-0.00400	-0.01215	-0.00177	0.01189	-0.00337	-0.00094	0.01054	-0.02329	(And (Member $x0 door) (Past $e0) (Patient $e0 $x0))
p202016	0.03214	-0.01744	0.06842	-0.02029	0.00605	-0.02245	-0.07175	0.05099	-0.00545	0.05959	0.07158	-0.04585	-0.02651	0.00557	0.00499	-0.01771	(And (Member $x0 thing) (Past $e0) (Patient $e0 $x0))
p202114	0.02635	-0.02894	0.11266	-0.02026	-0.23070	0.10722	0.52271	0.38491	0.13394	0.12030	-0.08808	0.18836	0.16954	-0.11091	-0.00017	-0.28667	(And (Agent $e0 $x0) (Member $e0 build) (Past $e0) (Patient $e0 $x1))
p202136	0.05074	0.03023	-0.05944	0.00060	0.13556	0.10692	-0.33014	0.35297	0.12266	0.09639	-0.07022	0.06435	-0.23552	0.29687	0.00289	-0.01647	(And (Agent $e0 $x0) (Location $e0 $x1) (Theme $e1 $e0))
p202137	0.02639	-0.02890	0.11265	-0.02023	-0.23087	0.10728	0.52285	0.38485	0.13394	0.12010	-0.08811	0.18837	0.16960	-0.11091	-0.00012	-0.28660	(And (Agent $e0 $x0) (Member $e0 build) (Past $e0))
p202139	0.05788	0.09633	-0.08419	-0.11544	0.07481	0.04537	0.04682	0.11420	-0.07447	-0.06528	0.07535	-0.13252	0.15585	-0.12750	-0.05880	0.14424	(And (Experiencer $e0 $x0) (Location $e0 $x1) (Ongoing $e0))
p202140	0.05745	0.05920	-0.09375	-0.11416	0.09317	0.05743	-0.02659	0.22314	-0.06949	-0.05270	0.09372	-0.13343	0.13800	-0.11269	-0.04888	0.12112	(And (Experiencer $e0 $x0) (Location $e0 $x1) (Past $e0))
p202141	0.01056	-0.00952	-0.02546	-0.00848	-0.01186	0.09037	0.01327	-0.04528	0.03332	-0.01635	0.01110	-0.01133	-0.01459	-0.00130	-0.02528	-0.01004	(And (Location $e0 $x0) (Past $e0) (Theme $e0 $x1))
p202142	0.06647	-0.01777	-0.08343	0.18940	0.05635	-0.02447	0.03511	-0.04697	0.01494	-0.00969	-0.00489	0.09338	-0.00705	0.00297	-0.03108	-0.05792	(And (Member $e0 become) (Past $e0) (Result $e0 $e1))
p202143	-0.01859	-0.00300	0.00287	0.00037	0.00756	0.00907	-0.00008	0.01561	-0.01115	0.00281	0.02539	0.02027	-0.01390	0.00578	0.00171	-0.02152	(And (Member $e0 hear) (Past $e0) (Stimulus $e0 $x0))
p202144	0.02241	-0.00587	0.02206	-0.03331	0.02014	-0.01386	-0.02041	-0.00226	-0.00000	-0.00806	-0.00830	-0.00285	-0.00003	-0.00446	-0.01288	-0.00070	(And (Past $e0) (Patient $e0 $x0) (Source $e0 $x1))
p202190	-0.02140	-0.01441	-0.01579	0.00256	0.12723	-0.07683	-0.00432	0.06669	-0.02785	0.04846	0.00992	0.05701	0.03699	-0.02280	-0.00084	-0.05215	(And (Agent $e0 $x0) (Before $e1 $e0))
p202191	0.00146	-0.00889	-0.01785	-0.00887	-0.01366	-0.00948	-0.01704	-0.02099	-0.02259	-0.01366	0.00643	0.00005	0.00294	-0.01014	0.05222	0.01095	(And (Agent $e0 $x0) (Member $e0 come))
p202192	0.00527	0.01025	-0.02002	-0.02349	0.01835	-0.01935	0.00741	-0.02180	0.03849	0.00319	-0.00562	-0.00159	0.00701	-0.02892	-0.00873	-0.00277	(And (Agent $e0 $x0) (Member $e0 follow))
p202193	0.00474	-0.01056	-0.01706	-0.02984	0.04455	-0.02104	0.00603	-0.01890	0.00955	0.04224	-0.00753	-0.00821	0.00449	-0.02510	-0.01456	-0.01337	(And (Agent $e0 $x0) (Member $e0 use))
p202194	0.05496	0.00050	-0.06094	-0.02341	-0.09225	-0.01986	0.01040	-0.07778	-0.00124	-0.00489	-0.01128	0.01743	-0.00376	-0.02604	0.08202	0.06229	(And (Agent $e0 $x0) (Member $x0 man))
p202195	0.01905	-0.00378	-0.01940	-0.02550	-0.02615	-0.00944	0.00482	-0.04864	0.01230	-0.00632	-0.02395	0.01935	0.01261	-0.03702	0.00392	0.04027	(And (Agent $e0 $x0) (Source $e0 $x1))
p202196	-0.03581	-0.00524	0.03229	0.03718	0.00249	0.01563	-0.04784	0.01658	0.00063	0.01139	0.02686	0.00899	0.00285	-0.00152	-0.00275	-0.00156	(And (As $e0 $x0) (Past $e0))
p202197	0.02380	-0.00509	0.00154	0.01388	0.00499	-0.00277	0.00305	-0.01859	0.00517	-0.00107	-0.01828	-0.00312	-0.00784	0.00403	-0.01172	0.00604	(And (Can $e0) (Patient $e0 $x0))
p202198	0.00824	-0.00809	-0.01370	-0.02074	0.01998	-0.01006	0.00558	-0.02045	0.02492	0.02476	-0.01051	0.00072	0.01095	-0.01082	-0.02633	-0.01437	(And (Can $e0) (Theme $e0 $x0))
p202199	0.00081	0.00935	0.00281	-0.02098	0.01773	0.00412	-0.00013	-0.00550	-0.00032	-0.00829	0.00404	0.00227	0.00018	-0.00261	-0.00728	-0.01268	(And (Cardinality $x0 <num>) (SubsetOf $x0 $x1))
p202200	0.01275	0.00670	-0.01386	0.00152	-0.01510	-0.01688	-0.01439	0.04363	-0.01420	-0.01028	0.01082	-0.03363	0.02630	-0.03404	-0.00183	0.06607	(And (Experiencer $e0 $x0) (Probably $e0))
p202201	0.03563	-0.01186	-0.03381	-0.03321	-0.00477	-0.03113	-0.02124	0.07096	-0.00733	0.04445	0.00704	0.00115	0.01721	-0.03663	-0.02476	0.05058	(And (Experiencer $e0 $x0) (Theme $e0 $e1))
p202202	0.01171	-0.00227	-0.02097	-0.00331	-0.02421	0.01848	-0.01139	-0.01449	0.04468	-0.01346	0.00226	-0.00401	-0.00133	-0.01359	-0.00876	-0.00255	(And (For $e0 $e1) (Theme $e0 $x0))
p202203	-0.01170	-0.00450	-0.00623	-0.00629	0.00978	-0.01099	-0.00319	0.00986	-0.00544	0.01011	0.01949	0.02562	-0.01089	0.00088	0.00105	-0.02147	(And (Goal $e0 $x0) (Member $e0 go))
p202204	0.01184	-0.00685	-0.02486	-0.01139	-0.02294	-0.00698	0.00091	-0.02468	0.03509	-0.01625	-0.00006	0.01184	-0.00273	-0.01614	0.00836	0.01307	(And (Goal $e0 $x0) (Theme $e0 $x1))
p202205	0.01735	-0.01174	-0.01707	-0.03296	-0.00129	-0.01989	0.01996	0.01112	-0.02302	-0.01198	0.01808	-0.00930	0.02328	-0.02964	0.00942	0.02845	(And (In $e0 $x0) (Past $e0))
p202206	0.00024	-0.01014	-0.00651	-0.00509	0.01179	0.06227	-0.00278	-0.01813	-0.00084	-0.00347	-0.00956	-0.00708	-0.01352	0.00542	-0.01506	-0.00327	(And (Location $e0 $x0) (Member $e0 live))
p202207	0.01377	-0.01051	0.03625	-0.03048	0.02424	0.00098	-0.00936	-0.00201	-0.00715	-0.00221	0.00553	0.00292	-0.00320	-0.00652	-0.02791	0.00533	(And (Member $e0 bear) (Past $e0))
p202208	0.00851	-0.00072	-0.01541	-0.00596	-0.02894	0.00204	-0.00224	-0.01453	0.05142	-0.02712	-0.00241	0.00079	-0.00042	-0.01817	-0.00201	0.01249	(And (Member $e0 capture) (Past $e0))
p202209	0.01234	0.01158	0.01993	-0.00396	-0.00998	-0.00539	-0.01614	-0.00398	0.00358	-0.00716	0.00397	-0.01007	-0.00670	0.00271	0.00866	-0.00475	(And (Member $e0 change) (Patient $e0 $x0))
p202210	0.01822	0.00750	0.01068	-0.00048	0.02237	-0.01496	0.00525	-0.01001	-0.00146	-0.00679	0.00292	0.01011	-0.00732	-0.00254	-0.01447	-0.01233	(And (Member $e0 fall) (Past $e0))
p202211	-0.00161	-0.00893	-0.02196	-0.00394	-0.00103	0.06241	0.00421	-0.02428	0.01226	-0.00383	0.03040	0.00412	-0.01488	-0.00021	-0.01426	-0.02123	(And (Member $e0 find) (Past $e0))
p202212	0.00904	0.00781	-0.01506	0.00404	-0.02267	-0.00556	0.00204	-0.01889	0.00363	-0.00373	0.00935	0.02891	-0.00869	-0.00189	0.00709	-0.00070	(And (Member $e0 get) (Past $e0))
p202213	-0.00558	-0.00177	-0.00906	0.01494	-0.01819	0.01775	-0.03365	0.00154	0.04321	-0.00456	0.02334	-0.00479	-0.00311	-0.00669	0.00367	-0.01061	(And (Member $e0 receive) (Past $e0))
p202214	0.04153	-0.01002	-0.00855	0.08183	0.01669	-0.01268	0.00221	-0.02049	0.01328	-0.01388	-0.00511	0.01227	-0.00593	-0.00464	-0.01478	0.00468	(And (Member $e0 turn) (Patient $e0 $x0))
p202215	-0.00431	-0.00319	0.00213	-0.02133	0.00220	-0.00297	0.00922	-0.00995	-0.01907	-0.00824	0.00394	0.03633	0.01636	-0.01969	-0.01156	0.02657	(And (Member $e0 work) (Past $e0))
p202216	0.07935	-0.03248	-0.00193	-0.04596	0.08060	0.02479	-0.03278	-0.04120	-0.01496	-0.01385	-0.01296	-0.03218	0.00854	-0.01402	-0.02163	-0.00396	(And (Member $x0 person) (Patient $e0 $x0))
p202217	-0.07562	-0.02730	0.09954	0.12753	-0.00324	0.09847	-0.02691	-0.05743	-0.00700	0.07086	0.05052	-0.07012	0.03293	-0.02902	-0.00133	0.06167	(And (Member $x0 person) (Theme $e0 $x0))
p202218	0.00017	-0.00620	0.00375	0.00593	-0.00412	-0.00202	-0.03549	0.01633	0.00621	0.02212	0.03264	-0.00549	-0.01067	0.00356	0.00396	-0.01886	(And (Obligated $e0) (Past $e0))
p202219	-0.01076	-0.00343	-0.00413	-0.00385	0.00449	0.00361	-0.01541	0.01962	-0.00251	-0.00174	0.02492	0.02360	-0.01184	0.00197	-0.00369	-0.01425	(And (Past $e0) (Patient $e0 $e1))
p202220	0.00560	0.00414	-0.01385	-0.02811	-0.00049	-0.02110	0.03928	0.00441	-0.02357	-0.00964	0.02751	0.00803	0.01829	-0.02561	-0.00041	0.01797	(And (Past $e0) (Time $e0 yesterday))
p202221	0.03915	0.06227	0.10632	-0.01934	-0.11265	0.02987	0.12308	-0.20778	-0.01154	-0.00078	-0.04859	-0.00405	0.02182	-0.03786	-0.07531	0.15421	(And (Patient $e0 $x0) (Theme $e0 $e1))
p202222	0.00771	-0.00406	-0.01202	-0.00710	-0.02338	0.00285	-0.00478	-0.02285	0.04163	-0.01230	-0.00276	0.00768	0.00000	-0.01404	-0.01269	0.01248	(And (Source $e0 $x0) (Theme $e0 $x1))
p202223	-0.07495	-0.01576	0.09336	0.17501	-0.04325	0.06466	-0.12783	0.01173	-0.00349	0.08792	0.08897	-0.08909	0.02275	0.00914	0.04231	0.03357	(And (Theme $e0 $x0) (To $e0 $e1))
p202273	0.00448	0.02063	-0.00152	-0.00426	-0.00472	0.00849	0.00164	-0.01230	0.01424	0.00096	0.00840	0.00016	0.00704	-0.00555	-0.01547	-0.01322	(Agent $e0 $e1)
p202274	0.01560	0.00320	0.02004	-0.01939	0.00348	0.00755	-0.00718	-0.00860	-0.00292	-0.00932	-0.00347	-0.01416	-0.00331	-0.00431	-0.01453	0.01759	(Already $e0)
p202275	0.00945	-0.00185	-0.02262	-0.02966	-0.00605	-0.00390	0.03959	-0.00622	-0.00898	0.02651	0.01330	0.01374	0.01405	-0.02578	-0.00510	-0.00010	(Before $x0 $e0)
p202276	-0.00306	0.02383	0.00480	0.01246	-0.00763	0.01283	-0.00809	-0.00214	0.00674	-0.00367	0.04160	-0.00618	-0.00359	-0.00702	0.00501	-0.01701	(During $e0 $e1)
p202277	0.00084	-0.00314	-0.00301	-0.00098	-0.00576	0.00042	-0.00068	-0.00274	0.01411	-0.00731	-0.01079	-0.00199	-0.00189	-0.00019	-0.00229	0.00429	(For $x0 $x1)
p202278	-0.00014	0.00587	-0.01685	-0.01335	0.01064	-0.01933	-0.00943	0.01862	-0.00575	-0.00095	0.00332	0.00102	0.00750	-0.01655	0.01249	0.00378	(GroupOf $x0 student)
p202279	-0.00601	-0.00083	-0.00070	0.01011	-0.00352	-0.00123	-0.02602	0.01043	0.02528	0.00510	0.01707	0.00177	-0.00633	0.00288	-0.00108	-0.01543	(Manner $e0 well)
p202280	0.01511	-0.01009	-0.00671	-0.01303	0.00281	-0.01633	-0.01530	-0.00863	0.01061	0.03156	0.02967	-0.02475	-0.00600	-0.01558	0.01107	-0.00451	(Member $e0 add)
p202281	0.01377	-0.01051	0.03625	-0.03048	0.02424	0.00098	-0.00935	-0.00202	-0.00715	-0.00221	0.00553	0.00292	-0.00320	-0.00652	-0.02791	0.00533	(Member $e0 bear)
p202282	0.00853	-0.00074	-0.01540	-0.00597	-0.02886	0.00206	-0.00236	-0.01451	0.05148	-0.02715	-0.00248	0.00083	-0.00047	-0.01812	-0.00209	0.01251	(Member $e0 capture)
p202283	0.01801	0.00257	-0.01242	-0.01960	-0.01969	0.04369	0.03193	-0.05521	-0.00747	-0.00904	0.00220	-0.01899	0.00781	-0.02112	0.01658	0.00257	(Member $e0 cause)
p202284	0.00547	-0.00467	-0.00010	-0.00544	-0.00185	-0.00843	-0.00744	0.00374	-0.00832	0.00534	0.00151	-0.01209	-0.00400	-0.00166	0.02304	-0.00911	(Member $e0 close)
p202285	0.02801	-0.01129	0.04208	-0.03610	0.02970	-0.02344	-0.00167	-0.02879	-0.00458	0.03306	0.02323	-0.01815	-0.00395	-0.01396	-0.02058	-0.00444	(Member $e0 direct)
p202286	0.01101	-0.01064	0.00174	0.00265	-0.01110	0.01710	-0.00610	-0.01767	-0.01129	0.01822	0.01810	-0.02533	0.00153	-0.00027	0.01682	-0.00370	(Member $e0 do)
p202287	0.00292	-0.01184	-0.01528	-0.01492	0.00767	0.01688	0.00150	-0.01995	-0.00000	0.01712	0.00399	0.00528	-0.00506	-0.00448	-0.01204	-0.00299	(Member $e0 enter)
p202288	0.00499	-0.01009	-0.00607	-0.00151	-0.00307	-0.01445	-0.03931	0.01163	0.01080	0.01334	0.01624	-0.02311	0.00265	-0.01651	0.01388	0.01775	(Member $e0 lead)
p202289	-0.00061	-0.00213	-0.00289	0.00675	-0.00779	0.00175	-0.07326	0.02495	0.03548	-0.00616	0.01392	-0.00332	-0.01603	0.00309	0.00614	-0.00714	(Member $e0 present)
p202290	-0.00556	-0.00176	-0.00898	0.01476	-0.01822	0.01780	-0.03304	0.00101	0.04321	-0.00470	0.02315	-0.00472	-0.00300	-0.00686	0.00347	-0.01041	(Member $e0 receive)
p202291	-0.00403	-0.01089	-0.01430	-0.01619	0.00288	-0.01235	-0.00202	-0.00617	-0.01385	0.01421	0.02092	0.02933	-0.00329	-0.01056	0.00398	-0.00213	(Member $e0 run)
p202292	-0.02049	0.01984	0.00749	0.00069	0.00576	-0.00975	-0.01210	0.02169	0.00354	-0.01165	0.01620	0.01250	-0.00894	0.00002	0.00707	-0.01660	(Member $e0 speak)
p202293	-0.01070	0.00691	-0.00760	-0.00976	0.01590	-0.01383	-0.01017	-0.00924	0.00144	0.02362	0.01566	-0.01603	0.01160	-0.02371	0.02112	-0.00883	(Member $e0 watch)
p202294	0.01426	-0.01102	-0.02687	-0.02614	-0.01630	0.00898	0.04814	-0.04122	-0.01360	-0.02666	0.00482	0.00234	0.01856	-0.02910	0.01915	0.02453	(Member $x0 boy)
p202295	0.00843	-0.00168	-0.01162	-0.00895	-0.00415	0.00859	0.00025	0.00443	-0.01125	0.00054	0.00082	-0.01172	0.01023	-0.01712	0.00918	0.01107	(Member $x0 child)
p202296	-0.05138	0.02826	0.05648	-0.00299	0.10064	-0.03362	-0.04708	0.04302	0.00089	-0.02188	-0.02360	0.04322	0.04363	-0.02191	-0.04114	-0.00256	(Member $x0 family)
p202297	0.00434	0.01084	-0.00158	-0.00794	-0.00220	0.01725	0.02174	-0.01874	-0.00440	-0.00356	-0.00692	-0.00799	0.00133	-0.00451	0.00512	-0.00887	(Member $x0 floor)
p202298	0.00351	-0.00584	-0.00447	-0.00609	-0.01363	0.01431	0.00562	-0.02179	0.01776	-0.02038	-0.00433	-0.00320	-0.00563	-0.00848	0.00506	0.01447	(Member $x0 horse)
p202299	-0.00150	0.00899	-0.00586	-0.00831	-0.00808	0.00548	0.02311	-0.01375	0.00441	-0.01259	-0.00758	0.00923	0.01446	-0.01869	-0.00975	0.00622	(Member $x0 huge)
p202300	-0.00058	0.00192	-0.00915	-0.00630	0.01074	0.00881	-0.02868	0.00757	-0.00194	0.00262	-0.00040	-0.01309	0.00301	-0.00807	-0.00010	0.00987	(Member $x0 large)
p202301	0.00602	0.01117	0.01803	-0.00225	-0.00932	-0.00149	0.00933	-0.01925	0.01242	-0.01295	-0.01396	-0.00667	-0.00339	-0.00168	-0.00521	0.00894	(Member $x0 light)
p202302	0.01336	0.00881	0.02172	-0.01952	0.00260	-0.01343	0.00256	-0.03000	0.00358	0.00380	0.00893	-0.00676	0.01895	0.00453	-0.01402	-0.00079	(Member $x0 movie)
p202303	0.00768	0.00900	0.00778	-0.01456	0.00460	0.00412	-0.00193	0.02125	-0.00274	-0.00976	0.00190	-0.01090	0.00184	-0.00586	-0.00722	0.00493	(Member $x0 rain)
p202304	-0.00621	0.02295	-0.00249	-0.00724	0.00548	-0.00285	0.01287	-0.01243	-0.01284	-0.00366	0.00225	-0.00142	0.01132	-0.01291	0.01314	-0.00533	(Member $x0 school)
p202305	0.01068	0.02346	0.01046	0.00986	0.01454	0.01534	0.03075	-0.03163	-0.00758	-0.00736	0.01167	0.00301	-0.00289	-0.00685	-0.01438	-0.01652	(Member $x0 sound)
p202306	0.00686	0.00263	-0.01227	0.01982	0.01741	-0.00895	0.00078	-0.00060	0.00584	0.00181	-0.00315	0.01131	-0.00363	-0.00232	-0.00819	-0.01404	(Member $x0 street)
p202307	0.00250	-0.00701	-0.00548	-0.00275	-0.00042	0.03733	0.00940	-0.02186	0.00213	-0.01026	-0.01378	-0.00041	-0.00557	0.00391	-0.00832	0.00014	(Member $x0 village)
p202308	-0.00015	-0.00452	-0.00572	0.00058	-0.00588	-0.00017	-0.00478	0.00304	0.00347	-0.00887	-0.00336	0.00195	-0.00073	-0.00314	0.00137	0.00705	(Member $x0 wall)
p202309	0.00657	-0.00185	-0.00408	-0.00797	-0.02679	0.00102	0.05080	-0.04506	-0.00982	0.02487	-0.00289	0.01983	-0.00318	-0.00536	-0.00910	0.02167	(Member $x0 whole)
p202310	0.00061	-0.00687	-0.01101	-0.00572	0.01951	0.01714	0.02174	-0.01149	-0.00688	-0.01345	-0.00973	0.01004	-0.00367	0.00384	0.00196	-0.00640	(Member $x0 world)
p202311	0.00452	-0.00284	-0.00432	-0.00363	-0.01101	-0.00025	-0.00783	-0.01723	-0.00036	-0.00220	-0.00576	0.00646	0.01790	0.02124	-0.00287	-0.00375	(On $e0 $x0)
p202312	-0.01083	-0.00345	-0.00412	-0.00370	0.00460	0.00360	-0.01631	0.02063	-0.00237	-0.00171	0.02496	0.02353	-0.01197	0.00212	-0.00359	-0.01438	(Patient $e0 $e1)
p202313	-0.00015	-0.00771	0.02266	-0.02168	0.03413	-0.02036	-0.00497	0.01117	-0.01615	0.00863	0.03368	0.03740	-0.01519	0.00138	-0.01832	-0.02193	(Time $e0 night)
p202314	0.00558	0.00415	-0.01383	-0.02813	-0.00038	-0.02112	0.03917	0.00453	-0.02352	-0.00965	0.02747	0.00809	0.01823	-0.02558	-0.00045	0.01790	(Time $e0 yesterday)
p202333	0.04779	0.02732	-0.06357	-0.00747	0.12684	0.01608	-0.38861	0.37321	0.09018	0.12133	-0.05142	0.07837	-0.21618	0.21959	0.01447	0.03420	(And (Agent $e0 $x0) (Member $e0 begin) (Ongoing $e1) (Theme $e0 $e1))
p202334	0.04788	0.02736	-0.06373	-0.00806	0.12669	0.01597	-0.38611	0.37179	0.08993	0.12160	-0.05149	0.07866	-0.21559	0.21896	0.01409	0.03406	(And (Agent $e0 $x0) (Member $e1 begin) (Ongoing $e0) (Theme $e1 $e0))
p202335	0.04781	0.02733	-0.06361	-0.00762	0.12680	0.01605	-0.38798	0.37286	0.09012	0.12139	-0.05144	0.07845	-0.21604	0.21944	0.01438	0.03416	(And (Agent $e0 $x0) (Member $e1 begin) (Past $e1) (Theme $e1 $e0))
p202336	0.01917	-0.02358	0.10540	-0.01512	-0.27071	0.11928	0.61659	0.34641	0.11792	0.09807	-0.08079	0.20930	0.16489	-0.11120	0.00255	-0.27500	(And (Agent $e0 $x0) (Member $x0 company) (Past $e0) (Patient $e0 $x1))
p202339	0.06771	-0.01817	-0.07880	0.17197	0.05517	-0.02341	0.04010	-0.04880	0.01111	-0.01085	-0.01473	0.08753	-0.00368	0.00092	-0.03230	-0.04868	(And (Experiencer $e0 $x0) (Member $e1 become) (Past $e1) (Result $e1 $e0))
p202342	0.04185	0.06516	0.07469	0.00555	-0.12344	0.05836	0.10340	-0.20075	0.01000	0.00944	-0.05640	0.01601	-0.02065	0.04561	-0.04685	0.12160	(And (Member $e0 start) (Ongoing $e1) (Patient $e1 $x0) (Theme $e0 $e1))
p202558	0.04386	0.03992	-0.05114	0.01901	0.13102	0.07065	-0.40615	0.40736	0.12399	0.08706	-0.05975	0.06016	-0.25357	0.31639	0.03217	-0.01841	(And (Agent $e0 $x0) (Location $e1 $x1) (Theme $e0 $e1))
p202559	0.04768	0.02727	-0.06337	-0.00667	0.12693	0.01626	-0.39176	0.37497	0.09050	0.12092	-0.05133	0.07800	-0.21691	0.22039	0.01497	0.03443	(And (Agent $e0 $x0) (Member $e1 begin) (Theme $e1 $e0))
p202560	0.00573	-0.00644	-0.01337	-0.01010	-0.01357	0.01884	0.00679	-0.03010	0.00020	-0.02557	-0.00925	0.00101	0.00378	-0.01306	0.02379	0.00751	(And (Agent $e0 $x0) (Member $x0 boy) (Past $e0))
p202561	-0.02558	-0.00722	0.04805	-0.03555	0.12241	-0.04776	-0.04223	0.04860	0.04788	0.00325	-0.05956	0.01884	0.04512	-0.03009	-0.05043	-0.00394	(And (Agent $e0 $x0) (Member $x0 person) (Theme $e0 $x1))
p202562	-0.05304	-0.00968	0.03806	-0.03474	0.13307	-0.06869	0.42790	-0.13621	-0.02883	-0.04262	0.08607	-0.04832	-0.14066	0.17269	0.09778	0.04375	(And (Agent $e0 $x0) (Member $x0 thing) (Past $e0))
p202564	-0.15200	-0.03408	0.18685	0.32362	-0.05673	0.11571	-0.26071	0.04444	-0.03990	0.16101	0.16344	-0.19115	0.03953	-0.01358	0.12810	0.08793	(And (Agent $e0 $x0) (Past $e1) (To $e1 $e0))
p202569	0.04177	0.06497	0.07480	0.00627	-0.12347	0.05833	0.10083	-0.19947	0.01001	0.00975	-0.05606	0.01560	-0.02088	0.04605	-0.04639	0.12160	(And (Member $e0 start) (Patient $e1 $x0) (Theme $e0 $e1))
p202570	0.06753	-0.02839	0.00853	-0.06204	0.07143	0.02792	-0.03333	-0.03682	-0.01677	-0.01331	-0.00804	-0.03572	0.01005	-0.01269	-0.01601	-0.00626	(And (Member $x0 person) (Past $e0) (Patient $e0 $x0))
p202571	0.03505	0.06681	0.09808	-0.01558	-0.10510	0.03085	0.13052	-0.20713	-0.00714	-0.00349	-0.05347	-0.00501	0.02096	-0.03470	-0.07026	0.14029	(And (Ongoing $e0) (Patient $e1 $x0) (Theme $e1 $e0))
p202724	0.04766	0.02727	-0.06335	-0.00658	0.12693	0.01628	-0.39206	0.37513	0.09053	0.12086	-0.05133	0.07796	-0.21698	0.22046	0.01502	0.03446	(And (Agent $e0 $x0) (Member $e0 begin) (Past $e0) (Theme $e0 $e1))
p202725	0.02284	0.00105	-0.03138	-0.01094	-0.04999	-0.00320	-0.02026	-0.03631	-0.02366	-0.01502	0.01881	0.03058	0.10881	0.11136	-0.01311	-0.01581	(And (Holder $e0 $x0) (Member $e0 have) (Past $e0) (Theme $e0 $x1))
p202726	0.06777	-0.01815	-0.07889	0.17267	0.05370	-0.02339	0.03920	-0.04875	0.01063	-0.01063	-0.01378	0.08690	-0.00339	0.00090	-0.03126	-0.04832	(And (Member $e0 become) (Past $e0) (Patient $e0 $x0) (Result $e0 $e1))
p202758	0.04766	0.02727	-0.06333	-0.00653	0.12693	0.01630	-0.39226	0.37524	0.09055	0.12084	-0.05132	0.07794	-0.21702	0.22051	0.01505	0.03447	(And (Agent $e0 $x0) (Member $e0 begin) (Past $e0))
p202759	0.04768	0.02728	-0.06338	-0.00671	0.12692	0.01625	-0.39160	0.37488	0.09048	0.12092	-0.05134	0.07802	-0.21687	0.22035	0.01495	0.03442	(And (Agent $e0 $x0) (Member $e0 begin) (Theme $e0 $e1))
p202760	0.00204	-0.00761	-0.01580	-0.00674	-0.01704	-0.00684	-0.01519	-0.02080	-0.02038	-0.01965	0.00524	0.00191	0.00310	-0.00775	0.04939	0.01305	(And (Agent $e0 $x0) (Member $e0 come) (Past $e0))
p202761	0.01042	-0.00695	-0.02006	-0.02357	0.01908	-0.01436	0.00509	-0.01968	0.04076	0.00958	-0.00719	-0.00431	0.00310	-0.02551	-0.01703	0.00370	(And (Agent $e0 $x0) (Member $e0 follow) (Theme $e0 $x1))
p202762	-0.00009	-0.00460	-0.01036	-0.00278	-0.01803	-0.00236	-0.01456	-0.01321	-0.01407	-0.01524	0.00176	0.00550	0.00221	-0.00697	0.04165	0.00160	(And (Agent $e0 $x0) (Past $e0) (Recipient $e0 $x1))
p202763	0.01003	-0.00346	-0.00960	-0.01536	-0.01119	-0.00580	-0.00463	-0.01483	0.02080	-0.03002	-0.02076	0.00491	0.01072	-0.01962	0.01153	0.01491	(And (Agent $e0 $x0) (Past $e0) (Source $e0 $x1))
p202764	-0.01099	0.01303	-0.01132	-0.00422	-0.00276	-0.01130	-0.00299	-0.01532	-0.01444	-0.01303	0.00052	0.01701	0.00824	-0.01076	0.03505	-0.01004	(And (Agent $e0 $x0) (Past $e0) (Through $e0 $x1))
p202765	-0.15209	-0.03407	0.18681	0.32389	-0.05648	0.11583	-0.26201	0.04512	-0.03986	0.16109	0.16352	-0.19142	0.03931	-0.01330	0.12824	0.08794	(And (Agent $e0 $x0) (Past $e0) (To $e0 $e1))
p202766	0.05392	0.03400	-0.06085	0.02354	0.11603	0.04718	-0.42938	0.43250	0.11942	0.08860	-0.05305	0.06332	-0.25766	0.32720	0.06134	-0.01154	(And (Agent $e0 $x0) (Patient $e0 $x1) (Theme $e1 $e0))
p202767	0.01052	-0.00143	-0.01941	-0.00276	-0.02370	0.01834	-0.01072	-0.01201	0.04079	-0.01536	0.00412	-0.00410	-0.00160	-0.01440	-0.00621	-0.00074	(And (For $e0 $e1) (Past $e0) (Theme $e0 $x0))
p202768	-0.01360	-0.00237	-0.00265	0.00001	0.00174	-0.00707	-0.00450	0.01505	-0.00998	0.00277	0.02201	0.02704	-0.01178	0.00581	0.00567	-0.01991	(And (Goal $e0 $x0) (Member $e0 go) (Past $e0))
p202769	0.00526	-0.00442	-0.02043	-0.00195	-0.02873	-0.00264	-0.00765	-0.01412	0.03064	-0.02221	0.00410	0.01406	-0.00473	-0.00920	0.01410	0.01230	(And (Goal $e0 $x0) (Past $e0) (Theme $e0 $x1))
p202770	0.02287	0.00104	-0.03139	-0.01095	-0.05001	-0.00319	-0.02028	-0.03634	-0.02367	-0.01503	0.01880	0.03057	0.10883	0.11135	-0.01312	-0.01578	(And (Holder $e0 $x0) (Member $e0 have) (Past $e0))
p202771	0.02315	0.00091	-0.03158	-0.01105	-0.05021	-0.00315	-0.02045	-0.03670	-0.02371	-0.01511	0.01875	0.03047	0.10900	0.11111	-0.01322	-0.01542	(And (Holder $e0 $x0) (Past $e0) (Theme $e0 $x1))
p202772	0.02081	-0.00840	0.00854	-0.00542	0.05731	-0.02460	-0.02608	0.03557	0.01394	0.01141	-0.00744	0.00154	0.00320	-0.00672	-0.02055	-0.02694	(And (Instrument $e0 $x0) (Past $e0) (Patient $e0 $x1))
p202773	-0.01036	-0.01454	-0.01100	0.03763	-0.02125	0.10894	0.00480	-0.05825	-0.01172	0.05922	0.05320	-0.03219	-0.01206	0.00860	-0.00634	-0.01889	(And (Location $e0 $x0) (Member $e0 find) (Theme $e0 $x1))
p202774	0.04072	0.06093	-0.03498	0.02905	0.12935	0.07381	-0.39470	0.40837	0.13199	0.04650	-0.06643	0.04946	-0.25233	0.32776	0.03482	-0.02099	(And (Location $e0 $x0) (Ongoing $e0) (Patient $e0 $x1))
p202775	0.01101	-0.00069	-0.01606	-0.00549	-0.02905	0.00260	-0.00245	-0.01704	0.05255	-0.02644	-0.00515	-0.00293	0.00099	-0.01843	-0.00234	0.01511	(And (Member $e0 capture) (Past $e0) (Theme $e0 $x0))
p202776	0.02386	-0.00609	0.00690	-0.00088	0.02226	-0.01177	0.00541	-0.01521	-0.00049	-0.00365	-0.00127	0.00728	-0.00854	-0.00077	-0.01544	-0.00650	(And (Member $e0 fall) (Past $e0) (Patient $e0 $x0))
p202777	0.02411	-0.00253	-0.00075	0.02547	0.01167	-0.01101	-0.00341	-0.01078	-0.00357	-0.00490	0.00586	0.00323	-0.00780	0.00197	0.00837	-0.01652	(And (Member $e0 make) (Past $e0) (Patient $e0 $x0))
p202778	0.00013	-0.00177	-0.00330	0.00632	-0.00756	0.00169	-0.07463	0.02465	0.03545	-0.00546	0.01503	-0.00339	-0.01523	0.00243	0.00629	-0.00702	(And (Member $e0 present) (Past $e0) (Theme $e0 $x0))
p202779	0.00108	0.00016	-0.01015	0.00410	-0.01377	0.01674	-0.02225	0.00090	0.05170	-0.01375	0.01276	0.00083	-0.00732	-0.00420	-0.01238	-0.00871	(And (Member $e0 receive) (Past $e0) (Theme $e0 $x0))
p202780	0.03196	0.01878	0.05614	0.00800	-0.04436	0.01518	0.07728	-0.10804	-0.00224	-0.00276	-0.02839	0.01657	-0.00369	0.00170	-0.04588	0.06423	(And (Member $e0 start) (Past $e0) (Patient $e0 $x0))
p202781	0.01783	-0.01256	-0.02741	-0.01780	-0.04729	-0.00271	0.02285	-0.06251	-0.02240	0.03246	0.00717	0.04373	-0.00190	-0.01125	0.00165	0.03863	(And (Member $e0 try) (Past $e0) (Theme $e0 $e1))
p202782	0.01102	-0.00058	-0.02022	-0.00199	-0.02691	0.00372	-0.01936	-0.00423	0.04766	-0.01803	0.00406	-0.00275	-0.00150	-0.01647	-0.00008	0.00454	(And (Member $e0 win) (Past $e0) (Theme $e0 $x0))
p202783	0.00504	-0.00018	-0.00766	-0.00307	-0.01755	0.00281	-0.00940	-0.01175	0.04333	-0.02183	-0.00721	0.00159	0.00024	-0.01290	-0.00822	0.00927	(And (Past $e0) (Source $e0 $x0) (Theme $e0 $x1))
p202849	-0.01857	0.01069	0.00200	-0.02698	0.07998	-0.05671	-0.00261	0.01077	-0.02793	0.05690	0.01485	0.01565	0.03360	-0.02459	0.01575	-0.04991	(And (Agent $e0 $x0) (Before $e0 $e1))
p202850	0.01850	-0.00838	-0.03104	-0.03754	-0.03812	0.00946	0.09571	-0.11359	-0.03263	0.04783	-0.00924	0.04089	0.00729	-0.03064	-0.00846	0.05153	(And (Agent $e0 $x0) (Cardinality $x0 <num>))
p202851	0.04779	0.02732	-0.06358	-0.00748	0.12683	0.01608	-0.38857	0.37319	0.09018	0.12131	-0.05142	0.07837	-0.21618	0.21958	0.01447	0.03420	(And (Agent $e0 $x0) (Member $e0 begin))
p202852	0.02213	-0.01257	-0.02093	-0.01742	-0.02081	0.03115	0.01700	-0.04303	-0.00336	-0.00512	-0.00439	-0.01840	0.00511	-0.01689	0.02109	0.00872	(And (Agent $e0 $x0) (Member $e0 cause))
p202853	0.00653	0.00777	-0.02092	0.01487	0.03643	-0.02298	0.01132	-0.01130	-0.00048	0.00843	-0.00526	0.00796	0.00623	-0.01393	0.01085	-0.02616	(And (Agent $e0 $x0) (Member $e0 leave))
p202854	-0.00236	0.03435	-0.01328	-0.02299	0.02885	-0.01412	0.01367	-0.01274	-0.00528	0.03624	0.00341	-0.00712	0.01354	-0.02676	-0.00466	-0.02342	(And (Agent $e0 $x0) (Member $e0 play))
p202855	-0.10227	-0.01569	0.15541	0.12034	0.01955	0.12372	-0.07116	-0.05053	0.04459	-0.08850	-0.09844	0.02979	0.04044	-0.00781	-0.03798	0.10375	(And (Agent $e0 $x0) (Member $e0 sing))
p202856	-0.02797	0.02453	0.01927	-0.02749	0.08959	-0.03565	-0.00732	-0.00644	0.01465	-0.00818	-0.04184	0.04062	0.02782	-0.02375	-0.03550	-0.01651	(And (Agent $e0 $x0) (Member $e0 study))
p202857	0.01855	-0.00156	-0.00319	-0.01773	0.03704	-0.00152	-0.04065	-0.00961	0.03067	0.06009	-0.02051	0.00064	-0.01397	0.02840	-0.01140	-0.01191	(And (Agent $e0 $x0) (Member $e0 take))
p202858	-0.00804	0.00703	-0.00817	-0.00939	0.01480	-0.01294	-0.00916	-0.01264	0.00271	0.02384	0.01257	-0.01978	0.01338	-0.02442	0.02074	-0.00571	(And (Agent $e0 $x0) (Member $e0 watch))
p202859	0.00575	-0.00650	-0.01329	-0.01016	-0.01329	0.01900	0.00645	-0.03026	0.00046	-0.02571	-0.00957	0.00116	0.00350	-0.01288	0.02341	0.00768	(And (Agent $e0 $x0) (Member $x0 boy))
p202860	0.02125	0.01262	-0.03748	0.06662	0.03243	-0.03000	0.04678	-0.02032	-0.00981	-0.00167	0.00198	0.00980	0.01469	-0.01624	0.02763	-0.03703	(And (Agent $e0 $x0) (Result $e0 $e1))
p202861	-0.01095	0.01302	-0.01130	-0.00430	-0.00276	-0.01124	-0.00277	-0.01565	-0.01439	-0.01312	0.00038	0.01708	0.00823	-0.01080	0.03489	-0.00992	(And (Agent $e0 $x0) (Through $e0 $x1))
p202862	0.01476	-0.00585	0.02111	-0.01925	0.00490	0.01190	0.00378	-0.02546	-0.00207	-0.00455	-0.00456	-0.00749	-0.00903	0.00164	-0.01443	0.00740	(And (Already $e0) (Patient $e0 $x0))
p202863	0.00466	-0.00968	-0.01563	-0.02218	-0.00101	0.00418	0.01733	0.00961	-0.00081	0.00045	0.00642	0.01304	0.00830	-0.01591	-0.01053	0.00807	(And (Before $x0 $e0) (Past $e0))
p202864	0.00881	0.03511	-0.01292	-0.01262	0.00167	0.00208	-0.04090	0.06651	-0.01063	-0.02533	0.01009	-0.03974	0.03051	-0.03339	-0.00858	0.05781	(And (Experiencer $e0 $x0) (Member $e0 sleep))
p202865	0.00614	-0.01205	-0.00991	-0.01110	0.05230	-0.03264	0.02267	0.02832	-0.01394	-0.01169	-0.00115	0.01151	0.02913	-0.02989	-0.02960	0.02961	(And (Experiencer $e0 $x0) (Member $x0 person))
p202866	0.01620	-0.00077	-0.01564	-0.01137	-0.00872	-0.00337	0.00789	0.01571	-0.00926	-0.01805	-0.00350	-0.02188	0.02263	-0.03007	-0.01152	0.05692	(And (Experiencer $e0 $x0) (Source $e0 $x1))
p202867	0.04696	-0.02660	-0.04356	-0.02620	-0.02543	-0.02564	0.03072	0.03498	-0.02670	-0.02330	0.01121	-0.03698	0.05455	-0.06338	-0.01768	0.11453	(And (Experiencer $e0 $x0) (Time $e0 today))
p202868	0.00796	-0.00579	-0.01530	0.00007	0.00010	-0.00430	-0.06856	0.01030	0.02254	0.02025	0.00900	-0.01041	0.01768	0.02426	-0.00951	-0.01326	(And (GroupOf $x0 thing) (Theme $e0 $x0))
p202869	0.02261	0.00115	-0.03123	-0.01085	-0.04980	-0.00324	-0.02021	-0.03596	-0.02362	-0.01494	0.01885	0.03065	0.10868	0.11155	-0.01303	-0.01611	(And (Holder $e0 $x0) (Past $e0))
p202870	0.01146	-0.01888	-0.02002	-0.02258	0.00942	0.07295	0.01856	-0.01836	-0.00768	-0.02007	-0.01197	-0.01113	0.00010	-0.01266	-0.02328	0.03141	(And (LocatedIn $x0 $x1) (Location $e0 $x0))
p202871	0.03084	0.03035	0.05082	0.01626	-0.03183	0.00627	0.06253	-0.07587	-0.00052	-0.00755	-0.02592	0.01745	-0.00153	0.00082	-0.04500	0.05843	(And (LocatedIn $x0 $x1) (Patient $e0 $x0))
p202872	-0.03696	-0.00081	0.03061	-0.01655	0.08580	-0.03353	-0.03900	0.06439	-0.00115	-0.01415	-0.01009	0.04556	0.01152	-0.00216	-0.03065	-0.01339	(And (Measure $e0 duration <num> year) (Past $e0))
p202873	0.01093	-0.00058	-0.01609	-0.00546	-0.02951	0.00253	-0.00156	-0.01739	0.05222	-0.02635	-0.00479	-0.00311	0.00131	-0.01871	-0.00191	0.01505	(And (Member $e0 capture) (Theme $e0 $x0))
p202874	0.03149	-0.02673	-0.04964	-0.09833	0.15408	-0.06709	0.04481	-0.03766	0.05081	0.10199	-0.03396	-0.01260	0.07481	-0.08403	-0.10064	-0.02750	(And (Member $e0 contain) (Theme $e0 $x0))
p202875	0.02539	0.02700	-0.02048	0.02213	0.17534	0.02278	-0.45765	0.49863	0.12657	0.04750	-0.03275	0.02365	-0.23619	0.29256	0.05064	-0.05043	(And (Member $e0 create) (Patient $e0 $x0))
p202876	0.02603	-0.00932	0.04546	-0.02941	0.02077	-0.01948	-0.00376	-0.02346	-0.00953	0.02597	0.02630	-0.01658	-0.00522	-0.00877	-0.01506	-0.00300	(And (Member $e0 direct) (Patient $e0 $x0))
p202877	0.01097	-0.00927	-0.01122	-0.02418	0.00735	0.03250	0.02718	-0.04203	0.00183	-0.01975	-0.00590	0.00911	-0.00070	-0.01381	-0.00919	0.00268	(And (Member $e0 draw) (Past $e0))
p202878	-0.00812	0.01603	-0.00795	-0.00176	-0.00648	-0.00896	-0.01722	0.01003	0.01922	-0.01614	0.01657	0.00997	-0.00470	-0.00776	0.01375	-0.00774	(And (Member $e0 follow) (Past $e0))
p202879	0.01042	-0.00695	-0.02007	-0.02356	0.01907	-0.01436	0.00506	-0.01967	0.04076	0.00958	-0.00718	-0.00432	0.00310	-0.02550	-0.01702	0.00371	(And (Member $e0 follow) (Theme $e0 $x0))
p202880	0.03015	0.11593	-0.02171	0.17602	-0.00160	-0.01896	0.01071	-0.02290	0.01588	-0.04431	0.00067	-0.00200	0.00875	-0.00866	0.01004	-0.02639	(And (Member $e0 get) (Ongoing $e0))
p202881	0.03633	0.10016	-0.01510	0.16498	-0.00069	-0.01658	-0.00444	-0.01954	0.01656	-0.04037	-0.00264	-0.01219	0.00562	-0.00631	0.00834	-0.01644	(And (Member $e0 get) (Patient $e0 $x0))
p202882	0.02910	0.10194	-0.02814	0.17335	0.00481	-0.01869	0.00379	-0.01375	0.01485	-0.04025	0.00244	0.00058	0.00629	-0.00713	0.01032	-0.02760	(And (Member $e0 get) (Result $e0 $e1))
p202883	0.02409	-0.00666	-0.03512	0.04598	0.02044	0.00044	0.02140	-0.02159	0.01070	-0.01609	-0.00203	0.02405	-0.00167	-0.00303	0.00153	-0.02661	(And (Member $e0 leave) (Past $e0))
p202884	0.02665	-0.02087	-0.01925	-0.02293	-0.00606	-0.01096	0.00392	-0.01157	-0.00407	0.04005	-0.00350	0.00664	0.00448	-0.01810	-0.02355	0.02916	(And (Member $e0 need) (Theme $e0 $e1))
p202885	0.00011	-0.00179	-0.00329	0.00631	-0.00734	0.00163	-0.07521	0.02503	0.03552	-0.00545	0.01500	-0.00342	-0.01533	0.00254	0.00627	-0.00705	(And (Member $e0 present) (Past $e0))
p202886	0.00050	-0.00186	-0.00368	0.00521	-0.00655	0.00122	-0.07417	0.02379	0.03544	-0.00562	0.01466	-0.00329	-0.01500	0.00204	0.00556	-0.00679	(And (Member $e0 present) (Theme $e0 $x0))
p202887	0.00110	0.00017	-0.01009	0.00393	-0.01382	0.01678	-0.02161	0.00038	0.05171	-0.01387	0.01257	0.00093	-0.00722	-0.00436	-0.01258	-0.00856	(And (Member $e0 receive) (Theme $e0 $x0))
p202888	-0.01474	-0.00238	-0.00196	-0.00289	0.00253	-0.00566	-0.01597	0.00895	-0.01321	-0.00440	0.01936	0.02012	-0.00762	0.00008	0.01676	-0.01041	(And (Member $e0 run) (Past $e0))
p202889	0.00124	0.00885	-0.01008	-0.01087	0.01796	-0.01254	0.00790	-0.01573	0.01828	0.02385	0.00269	-0.00532	0.00728	-0.01364	-0.01436	-0.01701	(And (Member $e0 sell) (Theme $e0 $x0))
p202890	-0.10748	-0.00118	0.16106	0.12320	0.01593	0.12311	-0.07024	-0.04519	0.04505	-0.09642	-0.09466	0.03385	0.04180	-0.00704	-0.03862	0.09988	(And (Member $e0 sing) (Past $e0))
p202891	0.00673	0.05813	-0.00883	-0.01992	-0.00215	-0.01515	0.02032	0.01960	-0.01975	-0.02795	0.01649	-0.02810	0.04599	-0.04307	-0.00380	0.03922	(And (Member $e0 sleep) (Ongoing $e0))
p202892	-0.01335	0.05272	-0.00079	-0.01179	0.01216	0.00044	0.00315	0.03499	-0.00608	-0.01222	0.03441	-0.00633	0.01181	-0.01835	0.00836	-0.02109	(And (Member $e0 stand) (Past $e0))
p202893	-0.01502	0.05688	0.00763	0.00075	0.01588	-0.01794	-0.00167	0.00608	0.00593	0.00467	-0.00152	-0.00555	0.00775	-0.01226	0.00007	-0.02285	(And (Member $e0 study) (Ongoing $e0))
p202894	0.02213	-0.00582	-0.00158	0.05515	0.01399	-0.01171	0.02689	-0.03183	0.00645	-0.00842	0.00750	0.02480	-0.00694	-0.00467	-0.01156	-0.01063	(And (Member $e0 turn) (Past $e0))
p202895	0.01102	-0.00055	-0.02021	-0.00208	-0.02694	0.00371	-0.01884	-0.00452	0.04764	-0.01807	0.00402	-0.00268	-0.00144	-0.01656	-0.00013	0.00454	(And (Member $e0 win) (Past $e0))
p202896	0.01102	-0.00061	-0.02022	-0.00189	-0.02689	0.00374	-0.01993	-0.00391	0.04769	-0.01799	0.00411	-0.00283	-0.00157	-0.01638	-0.00002	0.00455	(And (Member $e0 win) (Theme $e0 $x0))
p202897	0.04529	0.02657	-0.04332	0.16150	0.02694	-0.01387	0.02782	-0.03974	0.01697	-0.02147	-0.01288	0.04865	-0.00847	0.00485	-0.01431	-0.04168	(And (Member $x0 bad) (Patient $e0 $x0))
p202898	0.00655	-0.00321	-0.01489	-0.00665	-0.00341	-0.00181	-0.01201	-0.00653	0.03375	0.00063	0.00183	0.00091	-0.00235	-0.00708	-0.00899	-0.00561	(And (Member $x0 house) (Theme $e0 $x0))
p202899	0.00903	0.01309	-0.01305	-0.01468	-0.01031	-0.00678	0.00928	-0.02473	0.04744	-0.02099	-0.01690	-0.00597	0.00581	-0.02548	-0.00625	0.01261	(And (Member $x0 new) (Theme $e0 $x0))
p202900	0.03060	-0.00656	0.01116	0.00633	-0.00278	-0.00637	-0.03769	-0.01355	0.00227	0.01289	-0.00888	-0.02223	-0.00133	-0.00176	0.00796	0.00007	(And (Member $x0 room) (Patient $e0 $x0))
p202901	0.01285	0.02465	0.00946	0.00625	0.01468	0.01581	0.03291	-0.03527	-0.00585	-0.01191	0.00806	0.00538	-0.00101	-0.00806	-0.01691	-0.01519	(And (Member $x0 sound) (Patient $e0 $x0))
p202902	-0.00664	0.02618	0.00201	-0.01511	0.00262	-0.00131	0.02577	-0.03064	-0.00985	0.00064	-0.00122	0.02263	0.01684	-0.01660	-0.00376	-0.01964	(And (Past $e0) (Stimulus $e0 $e1))
p202903	-0.00067	-0.00409	0.01054	-0.01807	0.02138	-0.01084	-0.01837	0.01554	-0.00811	0.00213	0.02137	0.01648	-0.01427	0.00393	-0.00596	-0.01688	(And (Past $e0) (Time $e0 (Year <num>)))
p202904	-0.00312	-0.00551	0.02545	-0.02038	0.03582	-0.01863	-0.00883	0.01163	-0.01412	0.01084	0.03440	0.04056	-0.01902	0.00695	-0.01618	-0.03209	(And (Past $e0) (Time $e0 night))
p202905	-0.00174	-0.00631	-0.01518	-0.00954	-0.00895	-0.01343	-0.01581	0.00807	-0.01705	-0.01765	0.02310	0.00445	0.00711	-0.01004	0.04168	0.00708	(And (Past $e0) (TimeAtMost $e0 (Year <num>)))
p202908	-0.15193	-0.03254	0.19557	0.32073	-0.05549	0.12151	-0.25350	0.03820	-0.02305	0.15803	0.15343	-0.18199	0.03298	-0.00682	0.09348	0.09124	(And (Theme $e0 $x0) (To $e1 $e0))
p202970	0.00401	-0.00272	0.00196	-0.00775	-0.00125	-0.00222	0.00180	-0.00459	0.01019	-0.00955	-0.00859	-0.00197	-0.00277	-0.00309	-0.00336	0.00625	(GroupOf $x0 book)
p202971	0.00026	0.04972	-0.01344	0.00761	0.00065	-0.02502	0.02923	-0.02088	-0.01360	-0.00235	0.00743	-0.00280	0.02054	-0.02228	0.03130	-0.02569	(GroupOf $x0 boy)
p202972	-0.00090	-0.00551	-0.00373	-0.00235	0.00482	0.00814	-0.00861	-0.00117	0.00139	0.00652	-0.00527	-0.00294	-0.00387	0.00390	-0.00268	-0.00378	(GroupOf $x0 city)
p202973	0.00925	0.00105	-0.00036	-0.01099	-0.01497	0.00864	0.00348	-0.03823	-0.00803	0.02533	-0.00435	0.00673	-0.00583	-0.00954	-0.00462	0.01317	(GroupOf $x0 cloud)
p202974	0.00050	-0.00242	-0.00004	0.00095	-0.00162	-0.00138	-0.00022	0.00346	-0.00148	0.00131	-0.00378	-0.00512	-0.00441	0.00228	0.00654	-0.00236	(GroupOf $x0 flower)
p202975	0.00236	0.00632	0.01409	-0.00656	0.00318	-0.00356	-0.01530	-0.00050	-0.00175	-0.00563	-0.00228	-0.00344	-0.00555	0.00154	0.00295	-0.00111	(Location $e0 here)
p202976	-0.07729	0.01554	0.12787	0.06185	0.04948	0.04599	-0.04126	-0.03398	0.02565	-0.06481	-0.08204	0.05779	0.03142	0.00036	-0.05473	0.06370	(Member $e0 appear)
p202977	0.02935	-0.02598	-0.04757	-0.09739	0.15693	-0.06742	0.04166	-0.03175	0.05207	0.10257	-0.03472	-0.01162	0.07395	-0.08296	-0.10107	-0.03054	(Member $e0 contain)
p202978	0.02510	0.02717	-0.02029	0.02201	0.17565	0.02263	-0.45726	0.49882	0.12660	0.04782	-0.03279	0.02382	-0.23612	0.29259	0.05049	-0.05081	(Member $e0 create)
p202979	0.01092	-0.00929	-0.01111	-0.02447	0.00799	0.03248	0.02728	-0.04225	0.00198	-0.01984	-0.00623	0.00925	-0.00084	-0.01377	-0.00964	0.00271	(Member $e0 draw)
p202980	0.01472	0.00339	-0.00229	-0.02282	0.00366	-0.01467	-0.00946	-0.00936	-0.01060	0.00770	-0.00005	-0.00425	0.01057	-0.01425	0.01257	-0.00236	(Member $e0 eat)
p202981	0.00024	-0.00380	0.00827	-0.01007	0.00764	-0.00830	-0.02373	0.01331	-0.00923	0.00414	0.01430	-0.00145	-0.00773	0.00045	0.01401	-0.01197	(Member $e0 form)
p202982	0.00920	-0.00872	-0.00927	-0.00391	-0.00621	-0.00566	0.00382	0.01014	-0.00530	-0.00870	-0.00449	-0.01143	0.00987	-0.01451	-0.00605	0.03423	(Member $e0 look)
p202983	0.00570	-0.00091	-0.01091	-0.00017	-0.01665	0.00276	-0.01083	-0.00101	0.02863	-0.01220	-0.00312	-0.00257	-0.00096	-0.00973	-0.00091	0.00262	(Member $e0 portray)
p202984	0.00210	-0.00504	-0.01019	-0.01068	0.00259	-0.00635	0.00091	-0.01545	0.01084	0.00191	-0.00820	-0.00169	0.00156	-0.01396	0.00413	0.00473	(Member $e0 provide)
p202985	-0.00141	-0.00798	-0.01310	-0.00464	0.00160	0.00504	-0.00680	0.00699	0.00437	0.01988	0.02977	-0.00160	0.00140	-0.01203	-0.00569	-0.00851	(Member $e0 say)
p202986	-0.01334	0.05272	-0.00079	-0.01180	0.01210	0.00046	0.00324	0.03484	-0.00608	-0.01223	0.03438	-0.00631	0.01185	-0.01838	0.00832	-0.02105	(Member $e0 stand)
p202987	0.00687	-0.02437	0.00148	-0.01167	-0.05107	0.03506	0.02969	-0.06192	-0.03024	0.01458	0.02750	0.05124	-0.00334	-0.00953	-0.01673	0.03635	(Member $e0 stop)
p202988	-0.01271	0.05480	-0.01015	-0.01446	0.01077	-0.00038	0.03979	-0.03403	-0.01570	0.01275	0.00395	0.00543	0.01964	-0.02187	0.01290	-0.03035	(Member $e0 swim)
p202989	-0.00527	-0.01223	-0.02145	-0.01032	-0.00496	0.00453	0.01417	-0.02455	-0.02291	-0.00606	0.00783	0.02806	0.00121	-0.00636	0.02658	0.00355	(Member $e0 travel)
p202990	0.00879	-0.00175	0.00978	-0.00563	-0.00800	-0.00093	-0.00373	-0.01483	-0.00408	-0.00331	-0.00721	-0.00320	0.01414	0.02156	-0.00721	0.00382	(Member $x0 bank)
p202991	0.02119	-0.00598	-0.02074	0.03257	0.01215	-0.00626	0.02132	-0.00838	0.00253	-0.00762	-0.00751	0.01098	-0.00427	-0.00139	-0.00784	-0.00485	(Member $x0 black)
p202992	0.00381	0.02342	0.01292	0.00945	-0.03397	0.00599	0.00198	-0.02556	0.00886	-0.00541	0.00362	0.00255	0.01954	0.02411	-0.01146	0.00708	(Member $x0 blue)
p202993	-0.00529	-0.00212	0.00318	0.00543	-0.00109	0.00123	0.00139	0.00728	0.00098	-0.00364	-0.00672	0.00010	-0.00623	0.00548	-0.00001	-0.00154	(Member $x0 box)
p202994	0.00378	-0.00332	0.00196	-0.00375	-0.00802	-0.00022	0.00016	-0.00468	0.00944	-0.01007	-0.00726	-0.00125	-0.00376	-0.00244	-0.00034	0.00807	(Member $x0 corner)
p202995	0.01208	-0.00344	0.02327	-0.00966	0.00471	-0.00519	-0.01740	-0.00046	0.00750	0.00387	0.01373	-0.00988	-0.01052	0.00272	-0.00905	-0.00253	(Member $x0 film)
p202996	0.01936	0.01085	0.00194	-0.02691	0.01114	-0.00543	0.01447	-0.01564	-0.01715	-0.01320	0.01360	-0.01716	0.01525	-0.01621	0.01299	-0.00163	(Member $x0 fire)
p202997	-0.00449	0.01104	0.00957	0.00646	-0.00454	0.00038	0.00442	0.00055	0.00227	-0.00643	-0.00769	-0.00141	-0.00397	0.00416	-0.00084	-0.00123	(Member $x0 fridge)
p202998	-0.00467	-0.00208	0.00371	0.00515	-0.00132	0.00227	-0.00012	0.00651	0.00143	-0.00421	-0.00676	0.00017	-0.00567	0.00518	-0.00069	0.00009	(Member $x0 full)
p202999	0.00381	0.01114	-0.01114	-0.01361	0.00390	-0.01312	0.00768	-0.02141	0.00817	0.00382	-0.00463	-0.00736	0.00551	-0.01881	0.01256	-0.00342	(Member $x0 government)
p203000	0.00370	0.01744	-0.00043	-0.00111	-0.01444	-0.00308	0.00867	-0.03603	0.00882	-0.01428	-0.00534	-0.01087	0.00540	-0.00699	0.01285	0.00284	(Member $x0 language)
p203001	-0.01221	0.01420	0.00342	0.01504	-0.00590	-0.00763	-0.00021	0.00962	0.00148	0.00874	0.01422	-0.01439	-0.00527	-0.00147	0.01631	-0.00639	(Member $x0 line)
p203002	-0.00069	-0.00289	0.00679	-0.00162	0.00276	-0.00107	-0.00104	0.00364	0.00006	-0.00258	-0.00462	-0.00043	-0.00525	0.00317	-0.00296	-0.00062	(Member $x0 party)
p203003	0.01670	-0.00986	-0.02655	0.00165	0.00859	-0.01711	0.02585	0.00146	-0.01390	-0.00344	0.01088	0.00795	0.01297	-0.02250	-0.00029	0.01188	(Member $x0 train)
p203004	-0.00329	-0.00345	-0.00121	-0.00486	0.00880	-0.00431	-0.00068	0.00296	0.00416	0.00517	-0.00332	0.00257	-0.00406	-0.00163	-0.00486	-0.00495	(Member $x0 way)
p203005	0.02310	0.00680	0.01073	-0.01526	0.00171	-0.00972	-0.01806	-0.00386	-0.00524	-0.01175	0.00027	-0.02159	-0.00234	-0.00018	0.02526	-0.00523	(Member $x0 wind)
p203006	0.00035	-0.00163	-0.00665	0.00586	-0.00504	-0.00146	-0.02026	0.01151	0.03026	-0.00039	0.01251	-0.00167	0.00230	-0.00254	-0.01202	-0.00439	(Member $x0 work)
p203007	0.00705	-0.00293	-0.01172	-0.00514	-0.01809	0.01689	0.00578	-0.02089	0.03320	-0.02033	-0.00686	-0.00400	-0.00210	-0.01095	-0.00498	0.01033	(Of $x0 $x1)
p203008	-0.00099	-0.00428	-0.00523	-0.00892	-0.00188	-0.00678	-0.00696	-0.01509	-0.01125	-0.00540	0.00003	0.00698	0.00084	-0.00781	0.02016	0.00169	(Over $e0 $x0)
p203009	0.00577	-0.00562	-0.00497	-0.00362	-0.00319	-0.00582	-0.00714	0.00662	-0.00694	-0.00046	0.00032	-0.01182	0.00268	-0.00668	0.01488	0.00553	(ProportionOf $x0 $x1 most)
p203010	0.00121	-0.00235	0.00314	-0.00306	-0.00715	-0.00343	-0.00734	-0.00128	0.00012	-0.00223	0.01071	-0.00061	0.01945	0.01267	-0.00791	0.00193	(Still $e0)
p203011	-0.00668	0.02618	0.00208	-0.01501	0.00260	-0.00128	0.02549	-0.03046	-0.00981	0.00061	-0.00123	0.02259	0.01676	-0.01650	-0.00370	-0.01961	(Stimulus $e0 $e1)
p203012	-0.00064	-0.00414	0.01055	-0.01715	0.01992	-0.01039	-0.01950	0.01619	-0.00819	0.00227	0.02185	0.01617	-0.01414	0.00402	-0.00532	-0.01667	(Time $e0 (Year <num>))
p203013	-0.00178	-0.00631	-0.01514	-0.00950	-0.00893	-0.01343	-0.01589	0.00818	-0.01705	-0.01764	0.02311	0.00444	0.00709	-0.01000	0.04171	0.00705	(TimeAtMost $e0 (Year <num>))
p203014	0.00170	-0.00259	0.00125	0.00258	-0.00601	-0.00022	-0.00805	0.00758	-0.00179	-0.00594	-0.00339	-0.00617	-0.00277	0.00292	0.01319	-0.00257	(To $x0 $x1)
p203015	-0.00493	-0.00308	0.00193	0.00444	0.00047	-0.00059	-0.00025	0.00821	-0.00167	0.00290	-0.00064	-0.00231	-0.00513	0.00452	0.00194	-0.00270	(Yet $e0)
p203046	-0.01148	-0.00765	-0.00198	0.00943	0.09133	-0.04783	-0.00340	0.05553	-0.00455	-0.01785	-0.01731	0.06533	0.02953	-0.01323	-0.03243	-0.01340	(And (Agent $e0 $x0) (Before $e1 $e0) (Past $e0) (Past $e1))
p203047	-0.08741	-0.01633	0.07208	-0.06543	0.23255	-0.11739	0.76042	-0.24516	-0.04338	-0.08356	0.14183	-0.09140	-0.24655	0.30322	0.15572	0.09748	(And (Agent $e0 $x0) (GroupOf $x1 view) (Member $x0 thing) (Theme $e0 $x1))
p203048	-0.08827	-0.01651	0.07242	-0.06468	0.23615	-0.11882	0.75318	-0.23656	-0.04221	-0.08268	0.14215	-0.09120	-0.24822	0.30475	0.15621	0.09466	(And (Agent $e0 $x0) (GroupOf $x1 view) (Past $e0) (Theme $e0 $x1))
p203049	-0.05019	-0.00811	0.03957	-0.03707	0.13462	-0.06744	0.43597	-0.13794	-0.02499	-0.04603	0.08120	-0.04936	-0.14017	0.17317	0.08973	0.04610	(And (Agent $e0 $x0) (GroupOf $x1 view) (Possession $x1 free_soil_party) (Theme $e0 $x1))
p203050	-0.04977	-0.00806	0.03946	-0.03737	0.13283	-0.06671	0.43909	-0.14193	-0.02553	-0.04648	0.08101	-0.04951	-0.13939	0.17247	0.08948	0.04762	(And (Agent $e0 $x0) (GroupOf $x1 view) (Possession $x1 republican_party) (Theme $e0 $x1))
p203053	0.00862	-0.01008	0.05212	-0.01160	-0.13701	0.05994	0.35654	0.14582	0.05608	0.04404	-0.04248	0.11261	0.08657	-0.06043	-0.00824	-0.13417	(And (Agent $e0 $x0) (Location $e0 kazakhstan) (Member $e0 build) (Member $x0 company))
p203054	0.00829	-0.01054	0.05186	-0.01174	-0.13502	0.05898	0.34959	0.15085	0.05650	0.04774	-0.04177	0.11181	0.08573	-0.06002	-0.00807	-0.13552	(And (Agent $e0 $x0) (Location $e0 kazakhstan) (Member $x0 company) (Past $e0))
p203055	0.00847	-0.01020	0.05205	-0.01159	-0.13622	0.05960	0.35359	0.14809	0.05634	0.04520	-0.04230	0.11230	0.08622	-0.06020	-0.00813	-0.13468	(And (Agent $e0 $x0) (Location $e0 kazakhstan) (Member $x0 company) (Patient $e0 $x1))
p203056	0.04142	0.04299	-0.04697	0.02796	0.13166	0.06268	-0.43585	0.43245	0.12812	0.08068	-0.05697	0.05683	-0.25534	0.32243	0.03875	-0.02120	(And (Agent $e0 $x0) (Location $e1 $x1) (Ongoing $e1) (Theme $e0 $e1))
p203063	0.01703	-0.02034	0.10411	-0.02323	-0.27282	0.11934	0.70866	0.29512	0.11256	0.08989	-0.08469	0.22476	0.17261	-0.12054	-0.01633	-0.26913	(And (Agent $e0 $x0) (Member $e0 build) (Member $x0 company) (Past $e0))
p203064	0.01673	-0.02068	0.10395	-0.02328	-0.27124	0.11859	0.70312	0.29922	0.11293	0.09273	-0.08415	0.22413	0.17191	-0.12016	-0.01617	-0.27021	(And (Agent $e0 $x0) (Member $e0 build) (Member $x0 company) (Patient $e0 $x1))
p203065	0.00853	-0.01014	0.05208	-0.01159	-0.13655	0.05975	0.35479	0.14716	0.05624	0.04468	-0.04239	0.11243	0.08636	-0.06029	-0.00818	-0.13446	(And (Agent $e0 $x0) (Member $e0 build) (Member $x1 hotel) (Patient $e0 $x1))
p203066	0.04980	0.00985	-0.03757	-0.02529	-0.12567	0.03665	0.16648	-0.21127	-0.02508	0.06287	-0.02307	0.06884	-0.01432	0.00933	-0.00973	0.10549	(And (Agent $e0 $x0) (Member $e0 start) (Ongoing $e1) (Theme $e0 $e1))
p203067	0.04979	0.00985	-0.03756	-0.02528	-0.12566	0.03664	0.16643	-0.21122	-0.02508	0.06288	-0.02307	0.06884	-0.01433	0.00934	-0.00973	0.10547	(And (Agent $e0 $x0) (Member $e1 start) (Ongoing $e0) (Theme $e1 $e0))
p203068	0.04936	0.00955	-0.03720	-0.02418	-0.12453	0.03647	0.16111	-0.20661	-0.02455	0.06342	-0.02261	0.06838	-0.01563	0.01088	-0.00897	0.10464	(And (Agent $e0 $x0) (Member $e1 start) (Past $e1) (Theme $e1 $e0))
p203069	0.00836	-0.01033	0.05199	-0.01161	-0.13565	0.05933	0.35153	0.14958	0.05647	0.04624	-0.04210	0.11207	0.08596	-0.06006	-0.00808	-0.13507	(And (Agent $e0 $x0) (Member $x0 company) (Member $x1 hotel) (Patient $e0 $x1))
p203070	-0.08806	-0.01647	0.07234	-0.06487	0.23534	-0.11850	0.75483	-0.23855	-0.04248	-0.08287	0.14207	-0.09125	-0.24782	0.30438	0.15608	0.09531	(And (Agent $e0 $x0) (Member $x0 thing) (Past $e0) (Theme $e0 $x1))
p203071	-0.05043	-0.00813	0.03965	-0.03686	0.13557	-0.06783	0.43418	-0.13568	-0.02469	-0.04579	0.08131	-0.04928	-0.14062	0.17360	0.08988	0.04527	(And (Agent $e0 $x0) (Member $x0 thing) (Possession $x1 free_soil_party) (Theme $e0 $x1))
p203072	-0.05020	-0.00811	0.03957	-0.03706	0.13468	-0.06747	0.43586	-0.13779	-0.02497	-0.04601	0.08121	-0.04935	-0.14020	0.17320	0.08974	0.04604	(And (Agent $e0 $x0) (Member $x0 thing) (Possession $x1 republican_party) (Theme $e0 $x1))
p203073	0.00829	-0.01053	0.05186	-0.01173	-0.13503	0.05899	0.34966	0.15081	0.05651	0.04768	-0.04178	0.11182	0.08574	-0.06002	-0.00807	-0.13551	(And (Agent $e0 $x0) (Member $x1 hotel) (Past $e0) (Patient $e0 $x1))
p203074	-0.05050	-0.00813	0.03967	-0.03680	0.13582	-0.06792	0.43369	-0.13509	-0.02461	-0.04572	0.08133	-0.04926	-0.14074	0.17371	0.08992	0.04506	(And (Agent $e0 $x0) (Member free_soil_party party) (Possession $x1 free_soil_party) (Theme $e0 $x1))
p203075	-0.05050	-0.00813	0.03967	-0.03680	0.13583	-0.06793	0.43370	-0.13508	-0.02461	-0.04572	0.08133	-0.04926	-0.14074	0.17371	0.08992	0.04506	(And (Agent $e0 $x0) (Member republican_party party) (Possession $x1 republican_party) (Theme $e0 $x1))
p203076	-0.05064	-0.00814	0.03973	-0.03666	0.13636	-0.06813	0.43264	-0.13377	-0.02443	-0.04559	0.08140	-0.04922	-0.14101	0.17397	0.09002	0.04459	(And (Agent $e0 $x0) (Past $e0) (Possession $x1 free_soil_party) (Theme $e0 $x1))
p203077	-0.05028	-0.00812	0.03960	-0.03699	0.13498	-0.06759	0.43529	-0.13708	-0.02488	-0.04593	0.08124	-0.04933	-0.14034	0.17333	0.08978	0.04579	(And (Agent $e0 $x0) (Past $e0) (Possession $x1 republican_party) (Theme $e0 $x1))
p203078	0.04908	0.02618	-0.05366	0.03115	0.12085	0.05545	-0.45136	0.44830	0.12779	0.06256	-0.06020	0.06297	-0.26343	0.33707	0.05566	-0.00354	(And (Agent $e0 $x0) (Past $e1) (Patient $e0 $x1) (Theme $e1 $e0))
p203079	0.01532	-0.00137	-0.02003	-0.01489	-0.01879	-0.00485	-0.01188	-0.02465	-0.00937	-0.00120	0.00557	0.01209	0.05874	0.06242	-0.01154	-0.01173	(And (Cardinality $x0 <num>) (GroupOf $x0 child) (Holder $e0 kristoffer) (Theme $e0 $x0))
p203080	0.01538	-0.00138	-0.02006	-0.01497	-0.01882	-0.00485	-0.01148	-0.02501	-0.00941	-0.00124	0.00551	0.01215	0.05881	0.06232	-0.01163	-0.01168	(And (Cardinality $x0 <num>) (GroupOf $x0 child) (Member $e0 have) (Theme $e0 $x0))
p203081	0.01537	-0.00137	-0.02005	-0.01495	-0.01881	-0.00485	-0.01159	-0.02492	-0.00940	-0.00123	0.00553	0.01214	0.05879	0.06235	-0.01161	-0.01169	(And (Cardinality $x0 <num>) (Holder $e0 kristoffer) (Member $e0 have) (Theme $e0 $x0))
p203082	0.01749	0.00035	-0.02569	-0.01112	-0.03128	-0.00464	-0.01758	-0.02270	-0.01324	-0.00890	0.01501	0.02398	0.07418	0.08326	-0.01054	-0.01688	(And (Cardinality $x0 <num>) (Member $e0 have) (Past $e0) (Theme $e0 $x0))
p203087	0.00865	0.00008	-0.01503	-0.00156	-0.02047	0.00379	-0.01390	-0.00428	0.03521	-0.01264	0.00175	-0.00215	0.00053	-0.01352	-0.00243	0.00086	(And (For $e0 $e1) (Member $e0 win) (Member $x0 emmy) (Theme $e0 $x0))
p203088	0.00867	0.00015	-0.01502	-0.00188	-0.02050	0.00374	-0.01227	-0.00524	0.03513	-0.01276	0.00159	-0.00193	0.00072	-0.01379	-0.00264	0.00087	(And (For $e0 $e1) (Member $x0 emmy) (Past $e0) (Theme $e0 $x0))
p203089	0.01528	-0.00135	-0.02001	-0.01483	-0.01877	-0.00486	-0.01219	-0.02437	-0.00935	-0.00116	0.00562	0.01204	0.05868	0.06250	-0.01146	-0.01177	(And (GroupOf $x0 child) (Holder $e0 kristoffer) (Member $e0 have) (Theme $e0 $x0))
p203092	-0.05063	-0.00814	0.03972	-0.03667	0.13632	-0.06812	0.43271	-0.13386	-0.02444	-0.04560	0.08139	-0.04922	-0.14099	0.17395	0.09002	0.04461	(And (GroupOf $x0 view) (Member free_soil_party party) (Possession $x0 free_soil_party) (Theme $e0 $x0))
p203093	-0.05055	-0.00814	0.03969	-0.03675	0.13602	-0.06800	0.43329	-0.13459	-0.02454	-0.04568	0.08136	-0.04924	-0.14084	0.17381	0.08996	0.04489	(And (GroupOf $x0 view) (Member republican_party party) (Possession $x0 republican_party) (Theme $e0 $x0))
p203094	-0.05064	-0.00814	0.03972	-0.03666	0.13636	-0.06814	0.43265	-0.13378	-0.02443	-0.04559	0.08140	-0.04921	-0.14101	0.17397	0.09002	0.04458	(And (GroupOf $x0 view) (Past $e0) (Possession $x0 free_soil_party) (Theme $e0 $x0))
p203095	-0.05027	-0.00811	0.03959	-0.03700	0.13494	-0.06758	0.43534	-0.13714	-0.02489	-0.04594	0.08124	-0.04933	-0.14032	0.17332	0.08978	0.04581	(And (GroupOf $x0 view) (Past $e0) (Possession $x0 republican_party) (Theme $e0 $x0))
p203096	-0.01152	-0.01250	-0.00726	0.03780	-0.01874	0.09113	0.00259	-0.04976	-0.01716	0.06168	0.05098	-0.03013	-0.00868	0.00781	-0.00215	-0.01696	(And (Location $e0 $x0) (Member $e0 find) (Member $x1 thing) (Theme $e0 $x1))
p203107	0.00833	-0.01041	0.05194	-0.01165	-0.13537	0.05918	0.35066	0.15019	0.05650	0.04685	-0.04197	0.11196	0.08585	-0.06003	-0.00807	-0.13526	(And (Member $e0 build) (Member $x0 hotel) (Past $e0) (Patient $e0 $x0))
p203111	0.02007	0.05871	0.08448	-0.00331	-0.07870	0.02603	0.10547	-0.13582	-0.00144	-0.00024	-0.04068	0.00053	0.00374	0.00135	-0.04942	0.09475	(And (Member $e0 start) (Ongoing $e1) (Patient $e0 $x0) (Theme $e0 $e1))
p203113	0.00865	0.00011	-0.01503	-0.00166	-0.02047	0.00377	-0.01337	-0.00459	0.03518	-0.01268	0.00170	-0.00207	0.00059	-0.01360	-0.00250	0.00086	(And (Member $e0 win) (Member $x0 emmy) (Past $e0) (Theme $e0 $x0))
p203116	-0.03379	0.00023	0.04342	0.00304	0.05610	-0.01688	-0.06789	0.02839	0.06044	-0.03937	-0.03349	0.02924	0.01946	-0.00517	-0.03822	0.01867	(And (Member $x0 person) (Past $e0) (Possession $x1 $x0) (Theme $e0 $x1))
p203119	-0.04971	-0.00806	0.03945	-0.03741	0.13255	-0.06659	0.43952	-0.14251	-0.02560	-0.04655	0.08098	-0.04954	-0.13929	0.17238	0.08945	0.04787	(And (Member free_soil_party party) (Past $e0) (Possession $x0 free_soil_party) (Theme $e0 $x0))
p203120	-0.05009	-0.00810	0.03954	-0.03714	0.13422	-0.06729	0.43668	-0.13882	-0.02511	-0.04612	0.08116	-0.04939	-0.13999	0.17301	0.08967	0.04643	(And (Member republican_party party) (Past $e0) (Possession $x0 republican_party) (Theme $e0 $x0))
p203710	-0.01145	-0.00764	-0.00214	0.00943	0.09128	-0.04785	-0.00312	0.05523	-0.00474	-0.01774	-0.01712	0.06520	0.02966	-0.01333	-0.03228	-0.01340	(And (Agent $e0 $x0) (Before $e1 $e0) (Past $e1))
p203712	-0.01042	0.05417	-0.00564	-0.01636	0.01939	0.00246	0.03706	-0.02909	-0.01052	0.02063	0.00501	-0.00601	0.01434	-0.02262	-0.00002	-0.03064	(And (Agent $e0 $x0) (GroupOf $x0 child) (Ongoing $e0))
p203713	-0.08721	-0.01627	0.07202	-0.06558	0.23166	-0.11702	0.76215	-0.24729	-0.04367	-0.08379	0.14175	-0.09145	-0.24616	0.30288	0.15561	0.09819	(And (Agent $e0 $x0) (GroupOf $x1 view) (Theme $e0 $x1))
p203714	0.00836	-0.01033	0.05199	-0.01161	-0.13564	0.05932	0.35150	0.14961	0.05647	0.04627	-0.04209	0.11206	0.08596	-0.06006	-0.00808	-0.13507	(And (Agent $e0 $x0) (Location $e0 kazakhstan) (Member $x0 company))
p203716	0.01664	-0.02094	0.10379	-0.02341	-0.27044	0.11816	0.70048	0.30094	0.11301	0.09453	-0.08376	0.22380	0.17160	-0.12007	-0.01615	-0.27078	(And (Agent $e0 $x0) (Member $e0 build) (Member $x0 company))
p203717	0.04992	0.00995	-0.03767	-0.02563	-0.12599	0.03669	0.16800	-0.21264	-0.02523	0.06270	-0.02322	0.06897	-0.01393	0.00887	-0.00997	0.10575	(And (Agent $e0 $x0) (Member $e1 start) (Theme $e1 $e0))
p203718	0.00207	0.01847	-0.00795	-0.00673	-0.01697	0.01364	0.02544	-0.02953	0.00106	-0.02582	-0.00415	-0.00286	0.01332	-0.01679	0.02220	-0.00347	(And (Agent $e0 $x0) (Member $x0 cat) (Past $e0))
p203719	0.02049	0.02379	-0.01627	-0.00637	-0.03470	-0.01369	0.00168	-0.02579	-0.01493	0.00162	0.00457	-0.00729	0.00188	-0.00892	0.04734	0.00643	(And (Agent $e0 $x0) (Member $x0 man) (Patient $e0 $x1))
p203720	0.00834	-0.01038	0.05196	-0.01163	-0.13546	0.05923	0.35090	0.15002	0.05650	0.04665	-0.04201	0.11199	0.08588	-0.06003	-0.00807	-0.13520	(And (Agent $e0 $x0) (Member $x1 hotel) (Patient $e0 $x1))
p203721	0.00837	0.01283	-0.01074	-0.01453	-0.00791	-0.00743	0.01255	-0.02451	0.04084	-0.01988	-0.01874	-0.00742	0.00682	-0.02517	-0.00418	0.01552	(And (Agent $e0 $x0) (Member $x1 new) (Theme $e0 $x1))
p203722	-0.05035	-0.00812	0.03962	-0.03693	0.13526	-0.06771	0.43475	-0.13638	-0.02478	-0.04586	0.08127	-0.04930	-0.14047	0.17346	0.08983	0.04553	(And (Agent $e0 $x0) (Possession $x1 free_soil_party) (Theme $e0 $x1))
p203723	-0.05004	-0.00809	0.03953	-0.03718	0.13402	-0.06721	0.43702	-0.13926	-0.02517	-0.04618	0.08114	-0.04941	-0.13990	0.17293	0.08964	0.04662	(And (Agent $e0 $x0) (Possession $x1 republican_party) (Theme $e0 $x1))
p203724	-0.01283	-0.00457	-0.00702	-0.00442	0.01474	0.02349	-0.00594	0.00427	-0.00862	0.00371	0.03518	0.01252	-0.01269	0.00119	-0.00260	-0.02077	(And (But $e0 $e1) (Past $e0) (Past $e1))
p203725	0.01534	-0.00137	-0.02004	-0.01492	-0.01880	-0.00485	-0.01175	-0.02477	-0.00938	-0.00121	0.00555	0.01211	0.05876	0.06239	-0.01157	-0.01171	(And (Cardinality $x0 <num>) (Holder $e0 kristoffer) (Theme $e0 $x0))
p203729	0.04446	0.01164	-0.04854	0.15432	0.03236	-0.01328	0.01765	-0.03035	0.01503	-0.01574	-0.00940	0.04911	-0.00960	0.00533	-0.01381	-0.04017	(And (Experiencer $e0 $x0) (Member $x0 bad) (Result $e1 $e0))
p203730	0.00866	0.00015	-0.01502	-0.00184	-0.02049	0.00375	-0.01248	-0.00512	0.03514	-0.01275	0.00161	-0.00195	0.00069	-0.01376	-0.00261	0.00087	(And (For $e0 $e1) (Member $x0 emmy) (Theme $e0 $x0))
p203731	0.01529	-0.00136	-0.02002	-0.01485	-0.01878	-0.00486	-0.01211	-0.02445	-0.00936	-0.00117	0.00560	0.01205	0.05870	0.06248	-0.01148	-0.01176	(And (GroupOf $x0 child) (Holder $e0 kristoffer) (Theme $e0 $x0))
p203732	0.01543	-0.00139	-0.02008	-0.01503	-0.01885	-0.00484	-0.01120	-0.02527	-0.00943	-0.00127	0.00547	0.01219	0.05887	0.06224	-0.01170	-0.01164	(And (GroupOf $x0 child) (Member $e0 have) (Theme $e0 $x0))
p203733	0.04157	-0.01998	-0.04168	-0.03319	0.05250	0.03241	-0.02713	-0.00915	-0.01848	-0.01316	0.00340	-0.03406	0.01018	-0.00648	0.01922	-0.01704	(And (GroupOf $x0 person) (Member $e0 kill) (Patient $e0 $x0))
p203734	-0.05065	-0.00814	0.03973	-0.03665	0.13639	-0.06815	0.43259	-0.13370	-0.02442	-0.04558	0.08140	-0.04921	-0.14102	0.17398	0.09003	0.04455	(And (GroupOf $x0 view) (Member free_soil_party party) (Possession $x0 free_soil_party))
p203735	-0.04996	-0.00809	0.03950	-0.03724	0.13369	-0.06707	0.43761	-0.14002	-0.02527	-0.04626	0.08110	-0.04944	-0.13976	0.17280	0.08959	0.04690	(And (GroupOf $x0 view) (Member republican_party party) (Possession $x0 republican_party))
p203736	-0.08691	-0.01618	0.07193	-0.06576	0.23017	-0.11640	0.76479	-0.25050	-0.04410	-0.08415	0.14163	-0.09155	-0.24557	0.30238	0.15548	0.09931	(And (GroupOf $x0 view) (Past $e0) (Theme $e0 $x0))
p203737	0.02076	0.01923	0.02527	0.02235	-0.00739	-0.00271	0.02467	-0.03143	-0.00048	-0.00615	-0.00936	0.01432	-0.00076	-0.00094	-0.02651	0.02620	(And (LocatedIn $x0 $x1) (Past $e0) (Patient $e0 $x0))
p203739	0.04149	0.06613	-0.07027	-0.08072	0.07889	0.05203	-0.03682	0.15052	-0.04695	-0.04178	0.07441	-0.10611	0.10795	-0.08137	-0.04071	0.08089	(And (Location $e0 $x0) (Member $x0 table) (Past $e0))
p203740	-0.01167	-0.01242	-0.00702	0.03781	-0.01821	0.09118	0.00251	-0.04987	-0.01691	0.06131	0.05053	-0.02996	-0.00896	0.00812	-0.00244	-0.01689	(And (Location $e0 $x0) (Member $x1 thing) (Theme $e0 $x1))
p203744	0.04445	0.01163	-0.04854	0.15420	0.03272	-0.01326	0.01733	-0.03009	0.01521	-0.01579	-0.00964	0.04922	-0.00974	0.00545	-0.01400	-0.04026	(And (Member $e0 bad) (Patient $e1 $x0) (Result $e1 $e0))
p203746	0.00855	-0.01013	0.05209	-0.01160	-0.13665	0.05979	0.35518	0.14688	0.05621	0.04454	-0.04241	0.11247	0.08641	-0.06033	-0.00819	-0.13439	(And (Member $e0 build) (Member $x0 hotel) (Patient $e0 $x0))
p203749	-0.00921	-0.00621	-0.00542	0.02920	-0.01536	0.06531	0.00673	-0.03938	-0.01303	0.04751	0.03992	-0.02270	-0.00497	0.00474	-0.00106	-0.01426	(And (Member $e0 find) (Member $x0 thing) (Theme $e0 $x0))
p203750	0.01023	-0.00253	0.01532	-0.01076	0.00570	-0.00424	-0.00617	-0.00686	0.00041	-0.00199	-0.00331	-0.00149	-0.00783	0.00372	-0.00746	0.00055	(And (Member $e0 open) (Member $x0 door) (Patient $e0 $x0))
p203751	0.00866	-0.00002	-0.01508	-0.00120	-0.02046	0.00384	-0.01586	-0.00317	0.03528	-0.01249	0.00194	-0.00242	0.00033	-0.01321	-0.00217	0.00086	(And (Member $e0 win) (Member $x0 emmy) (Theme $e0 $x0))
p203753	0.04446	0.01164	-0.04854	0.15432	0.03236	-0.01328	0.01765	-0.03036	0.01503	-0.01574	-0.00940	0.04911	-0.00960	0.00533	-0.01381	-0.04017	(And (Member $x0 bad) (Patient $e0 $x0) (Result $e0 $e1))
p203754	0.00865	0.00008	-0.01503	-0.00157	-0.02047	0.00379	-0.01385	-0.00431	0.03520	-0.01265	0.00174	-0.00214	0.00054	-0.01353	-0.00243	0.00086	(And (Member $x0 emmy) (Past $e0) (Theme $e0 $x0))
p203755	-0.04961	-0.00377	0.05567	0.00863	0.08636	-0.01649	-0.05883	0.05354	0.00106	-0.02226	-0.02637	0.04310	0.02733	-0.00737	-0.03994	0.01283	(And (Member $x0 family) (Member $x1 person) (Possession $x0 $x1))
p203756	0.00871	-0.01002	0.05217	-0.01161	-0.13751	0.06015	0.35847	0.14431	0.05590	0.04345	-0.04256	0.11280	0.08677	-0.06057	-0.00831	-0.13388	(And (Member $x0 hotel) (Past $e0) (Patient $e0 $x0))
p203757	0.01009	-0.00060	-0.01151	-0.00818	-0.02225	0.00089	0.00660	-0.02122	0.04135	-0.02585	-0.01410	-0.00410	0.00197	-0.01829	-0.00111	0.01967	(And (Member $x0 new) (Past $e0) (Theme $e0 $x0))
p203758	-0.08495	-0.01451	0.11224	0.15472	-0.00687	0.05558	-0.13181	0.01925	-0.00074	0.05524	0.06209	-0.07671	0.01307	-0.00396	0.03214	0.05778	(And (Member $x0 person) (Past $e0) (Theme $e0 $x0))
p203759	-0.03380	0.00024	0.04336	0.00308	0.05615	-0.01692	-0.06805	0.02857	0.06042	-0.03932	-0.03341	0.02920	0.01943	-0.00512	-0.03812	0.01858	(And (Member $x0 person) (Possession $x1 $x0) (Theme $e0 $x1))
p203760	0.01375	0.01108	0.00600	0.00697	0.01462	0.00494	0.02707	-0.02509	-0.00453	-0.00696	0.00594	0.00859	-0.00061	-0.00649	-0.01478	-0.01219	(And (Member $x0 sound) (Past $e0) (Patient $e0 $x0))
p203763	-0.05064	-0.00814	0.03972	-0.03667	0.13634	-0.06813	0.43268	-0.13383	-0.02444	-0.04560	0.08139	-0.04922	-0.14100	0.17396	0.09002	0.04460	(And (Member free_soil_party party) (Possession $x0 free_soil_party) (Theme $e0 $x0))
p203764	-0.04981	-0.00807	0.03947	-0.03735	0.13303	-0.06679	0.43876	-0.14151	-0.02547	-0.04643	0.08103	-0.04950	-0.13948	0.17254	0.08950	0.04747	(And (Member republican_party party) (Possession $x0 republican_party) (Theme $e0 $x0))
p203765	0.00793	-0.00257	-0.01223	-0.00605	-0.01777	0.01667	0.00614	-0.02259	0.03301	-0.01971	-0.00580	-0.00391	-0.00106	-0.01187	-0.00511	0.01054	(And (Of $x0 $x1) (Past $e0) (Theme $e0 $x0))
p203766	0.00148	-0.02360	0.00596	-0.00725	-0.05686	0.01432	0.01889	-0.05317	-0.03272	0.02148	0.03500	0.05946	-0.00188	-0.00973	-0.01243	0.04084	(And (Past $e0) (Past $e1) (Theme $e0 $e1))
p203767	0.01878	-0.00638	0.01679	-0.02188	0.01056	-0.00779	-0.01301	-0.00692	-0.00525	-0.00302	0.00137	-0.00944	-0.00327	-0.00144	0.00199	-0.00150	(And (Past $e0) (Patient $e0 $x0) (SubsetOf $x0 $x1))
p203768	-0.05059	-0.00814	0.03970	-0.03671	0.13616	-0.06806	0.43303	-0.13426	-0.02449	-0.04564	0.08137	-0.04923	-0.14091	0.17388	0.08998	0.04476	(And (Past $e0) (Possession $x0 free_soil_party) (Theme $e0 $x0))
p203769	-0.05025	-0.00811	0.03959	-0.03702	0.13484	-0.06754	0.43551	-0.13735	-0.02492	-0.04597	0.08123	-0.04934	-0.14028	0.17328	0.08977	0.04590	(And (Past $e0) (Possession $x0 republican_party) (Theme $e0 $x0))
p203770	-0.15111	-0.03147	0.19630	0.31551	-0.05352	0.11918	-0.24563	0.03853	-0.02445	0.15223	0.15083	-0.17845	0.03270	-0.00830	0.09324	0.09267	(And (Past $e0) (Theme $e1 $x0) (To $e0 $e1))
p203992	-0.05012	-0.00810	0.03955	-0.03713	0.13435	-0.06734	0.43645	-0.13855	-0.02508	-0.04609	0.08117	-0.04938	-0.14005	0.17306	0.08968	0.04634	(And (Member free_soil_party party) (Possession $x0 free_soil_party))
p203993	-0.05033	-0.00812	0.03961	-0.03695	0.13519	-0.06767	0.43490	-0.13659	-0.02481	-0.04588	0.08126	-0.04931	-0.14044	0.17343	0.08982	0.04560	(And (Member republican_party party) (Possession $x0 republican_party))
p204124	-0.00357	-0.00147	0.00226	0.00350	-0.00102	0.00075	0.00073	0.00505	0.00056	-0.00249	-0.00441	0.00002	-0.00407	0.00370	0.00007	-0.00073	(And (Inheritance regional_unit regional) (Inheritance regional_unit unit))
p204173	-0.00355	-0.00147	0.00221	0.00345	-0.00096	0.00072	0.00042	0.00527	0.00057	-0.00242	-0.00437	-0.00002	-0.00406	0.00368	0.00009	-0.00077	(Inheritance metropolitan_statistical_area area)
p204174	-0.00357	-0.00147	0.00226	0.00350	-0.00102	0.00075	0.00069	0.00508	0.00057	-0.00250	-0.00442	0.00001	-0.00406	0.00368	0.00007	-0.00073	(Inheritance regional_unit regional)
p204175	-0.00362	-0.00146	0.00230	0.00355	-0.00100	0.00075	0.00076	0.00503	0.00055	-0.00247	-0.00439	0.00001	-0.00411	0.00379	0.00009	-0.00073	(Inheritance regional_unit unit)
p204176	-0.05020	-0.00811	0.03957	-0.03706	0.13466	-0.06747	0.43588	-0.13782	-0.02498	-0.04602	0.08120	-0.04936	-0.14019	0.17319	0.08973	0.04608	(Member free_soil_party party)
p204177	-0.05062	-0.00814	0.03972	-0.03668	0.13626	-0.06809	0.43281	-0.13400	-0.02446	-0.04561	0.08139	-0.04922	-0.14096	0.17393	0.09001	0.04466	(Member republican_party party)
p204178	-0.01005	0.01231	0.00510	0.00188	0.00069	-0.00341	-0.00041	0.01166	-0.00214	-0.00453	0.00534	0.00644	-0.00247	0.00077	0.00155	-0.00928	(Symmetric Married)
p204216	0.04120	0.04334	-0.04683	0.02720	0.13142	0.06251	-0.43090	0.42965	0.12770	0.08115	-0.05711	0.05751	-0.25448	0.32167	0.03810	-0.02163	(And (Agent $e0 $x0) (Location $e0 $x1) (Ongoing $e0) (Theme $e1 $e0))
p204217	0.08030	-0.03657	-0.09440	-0.04966	0.05069	0.09836	-0.02798	-0.04250	-0.03324	-0.03333	0.00161	-0.07146	0.02521	-0.01769	0.05020	-0.01937	(And (Agent $e0 $x0) (Location $e0 $x1) (Past $e0) (Patient $e0 $x2))
p204218	0.00829	-0.01057	0.05184	-0.01176	-0.13496	0.05894	0.34944	0.15094	0.05650	0.04790	-0.04173	0.11178	0.08571	-0.06002	-0.00807	-0.13557	(And (Agent $e0 $x0) (Location $e0 kazakhstan) (Member $e0 build) (Past $e0))
p204219	0.00854	-0.01013	0.05209	-0.01159	-0.13661	0.05977	0.35499	0.14701	0.05622	0.04461	-0.04240	0.11245	0.08639	-0.06031	-0.00818	-0.13443	(And (Agent $e0 $x0) (Location $e0 kazakhstan) (Member $e0 build) (Patient $e0 $x1))
p204220	0.00839	-0.01029	0.05201	-0.01160	-0.13580	0.05940	0.35205	0.14921	0.05645	0.04594	-0.04216	0.11213	0.08603	-0.06009	-0.00809	-0.13496	(And (Agent $e0 $x0) (Location $e0 kazakhstan) (Past $e0) (Patient $e0 $x1))
p204221	0.08918	-0.03948	-0.10424	-0.05970	0.08867	0.06999	-0.07203	-0.00729	-0.04183	-0.03391	0.01095	-0.09339	0.02791	-0.01508	0.07893	-0.03220	(And (Agent $e0 $x0) (Member $e0 kill) (Past $e0) (Patient $e0 $x1))
p204222	0.04952	0.00966	-0.03733	-0.02457	-0.12495	0.03654	0.16307	-0.20828	-0.02474	0.06323	-0.02277	0.06855	-0.01516	0.01032	-0.00924	0.10493	(And (Agent $e0 $x0) (Member $e0 start) (Past $e0) (Theme $e0 $e1))
p204223	0.00865	0.00012	-0.01502	-0.00173	-0.02048	0.00377	-0.01304	-0.00479	0.03517	-0.01271	0.00167	-0.00203	0.00063	-0.01366	-0.00254	0.00087	(And (For $e0 $e1) (Member $e0 win) (Past $e0) (Theme $e0 $x0))
p204224	0.00829	-0.01053	0.05187	-0.01173	-0.13505	0.05900	0.34970	0.15078	0.05651	0.04763	-0.04180	0.11182	0.08574	-0.06002	-0.00807	-0.13549	(And (Location $e0 kazakhstan) (Member $e0 build) (Past $e0) (Patient $e0 $x0))
p204278	-0.01150	-0.00766	-0.00184	0.00945	0.09136	-0.04780	-0.00363	0.05577	-0.00439	-0.01795	-0.01746	0.06545	0.02943	-0.01313	-0.03256	-0.01340	(And (Agent $e0 $x0) (Before $e1 $e0) (Past $e0))
p204279	0.00853	-0.01014	0.05208	-0.01159	-0.13654	0.05974	0.35471	0.14723	0.05625	0.04471	-0.04238	0.11242	0.08636	-0.06029	-0.00817	-0.13447	(And (Agent $e0 $x0) (Location $e0 kazakhstan) (Member $e0 build))
p204280	0.00828	-0.01063	0.05180	-0.01181	-0.13482	0.05885	0.34906	0.15115	0.05648	0.04830	-0.04163	0.11172	0.08567	-0.06003	-0.00808	-0.13567	(And (Agent $e0 $x0) (Location $e0 kazakhstan) (Past $e0))
p204281	0.00835	-0.01034	0.05198	-0.01161	-0.13559	0.05929	0.35131	0.14973	0.05648	0.04638	-0.04207	0.11204	0.08593	-0.06005	-0.00807	-0.13511	(And (Agent $e0 $x0) (Location $e0 kazakhstan) (Patient $e0 $x1))
p204282	0.02912	-0.02517	-0.04671	-0.09651	0.15415	-0.06657	0.04669	-0.03407	0.04778	0.09927	-0.03270	-0.01179	0.07421	-0.08460	-0.09813	-0.02704	(And (Agent $e0 $x0) (Member $e0 contain) (Theme $e0 $x1))
p204283	-0.01411	0.03621	-0.00405	0.00080	-0.00614	-0.01216	-0.00092	-0.00938	-0.01020	-0.02080	0.00339	0.01154	0.00914	-0.00921	0.03184	-0.01419	(And (Agent $e0 $x0) (Member $e0 jump) (Past $e0))
p204284	0.08910	-0.03946	-0.10413	-0.05964	0.08879	0.06996	-0.07224	-0.00702	-0.04177	-0.03396	0.01090	-0.09337	0.02785	-0.01497	0.07894	-0.03226	(And (Agent $e0 $x0) (Member $e0 kill) (Past $e0))
p204285	0.08955	-0.03958	-0.10479	-0.05992	0.08812	0.07015	-0.07144	-0.00831	-0.04202	-0.03372	0.01113	-0.09350	0.02813	-0.01552	0.07893	-0.03190	(And (Agent $e0 $x0) (Member $e0 kill) (Patient $e0 $x1))
p204286	-0.10026	-0.01475	0.15464	0.12052	0.01597	0.12471	-0.07062	-0.04856	0.04566	-0.09268	-0.09771	0.03070	0.04063	-0.00598	-0.03866	0.10473	(And (Agent $e0 $x0) (Member $e0 sing) (Past $e0))
p204287	0.04987	0.00990	-0.03763	-0.02548	-0.12586	0.03667	0.16737	-0.21206	-0.02517	0.06277	-0.02316	0.06892	-0.01410	0.00907	-0.00987	0.10564	(And (Agent $e0 $x0) (Member $e0 start) (Past $e0))
p204288	0.04979	0.00984	-0.03756	-0.02525	-0.12564	0.03664	0.16634	-0.21114	-0.02507	0.06289	-0.02306	0.06883	-0.01436	0.00937	-0.00971	0.10546	(And (Agent $e0 $x0) (Member $e0 start) (Theme $e0 $e1))
p204289	-0.01243	0.05642	-0.01023	-0.01588	0.01208	-0.00118	0.04777	-0.03674	-0.01571	0.00915	0.00472	0.00467	0.02173	-0.02381	0.01371	-0.03160	(And (Agent $e0 $x0) (Member $e0 swim) (Ongoing $e0))
p204290	0.01863	-0.00014	-0.00030	-0.01422	0.03291	0.00158	-0.04367	-0.00719	0.03339	0.05266	-0.02212	0.00229	-0.01452	0.03162	-0.01343	-0.00892	(And (Agent $e0 $x0) (Member $e0 take) (Theme $e0 $x1))
p204292	0.01268	-0.00577	0.01798	-0.01854	0.00612	0.01174	0.00345	-0.02294	-0.00282	-0.00401	-0.00169	-0.00608	-0.00773	0.00047	-0.01316	0.00614	(And (Already $e0) (Past $e0) (Patient $e0 $x0))
p204294	0.01563	-0.00144	-0.02019	-0.01530	-0.01894	-0.00482	-0.01009	-0.02636	-0.00954	-0.00138	0.00530	0.01235	0.05914	0.06191	-0.01199	-0.01146	(And (Cardinality $x0 <num>) (GroupOf $x0 child) (Theme $e0 $x0))
p204295	0.04446	0.01164	-0.04854	0.15434	0.03230	-0.01328	0.01770	-0.03040	0.01500	-0.01573	-0.00936	0.04909	-0.00957	0.00531	-0.01377	-0.04016	(And (Experiencer $e0 $x0) (Member $e0 bad) (Result $e1 $e0))
p204296	0.00736	0.03934	-0.01099	-0.01512	-0.00478	-0.00571	0.01548	0.02453	-0.01431	-0.02338	0.01142	-0.02982	0.03372	-0.03593	-0.00771	0.04765	(And (Experiencer $e0 $x0) (Member $e0 sleep) (Ongoing $e0))
p204298	0.04805	0.08191	-0.07673	-0.09958	0.07707	0.02532	0.01337	0.14768	-0.06803	-0.04786	0.08648	-0.11797	0.13548	-0.10666	-0.04115	0.11104	(And (Experiencer $e0 $x0) (Ongoing $e0) (Past $e0))
p204299	0.00866	0.00014	-0.01502	-0.00183	-0.02049	0.00375	-0.01253	-0.00508	0.03514	-0.01275	0.00162	-0.00196	0.00069	-0.01375	-0.00261	0.00087	(And (For $e0 $e1) (Member $e0 win) (Past $e0))
p204300	0.00865	0.00007	-0.01503	-0.00152	-0.02046	0.00379	-0.01413	-0.00414	0.03522	-0.01262	0.00177	-0.00218	0.00050	-0.01348	-0.00240	0.00086	(And (For $e0 $e1) (Member $e0 win) (Theme $e0 $x0))
p204301	0.00088	0.01416	-0.01250	-0.00651	-0.03859	-0.00363	0.04236	-0.03966	-0.02134	0.01068	0.01189	0.02457	0.00233	-0.01283	0.01796	0.01865	(And (Goal $e0 $x0) (Member $e0 walk) (Past $e0))
p204302	0.01197	-0.00543	0.01669	-0.01513	0.00114	-0.00455	-0.00832	-0.01112	-0.00365	-0.00029	0.00355	0.00019	-0.00903	0.00280	-0.00508	0.00150	(And (Goal $e0 $x0) (Past $e0) (Patient $e0 $x1))
p204303	-0.05065	-0.00814	0.03973	-0.03666	0.13636	-0.06813	0.43262	-0.13376	-0.02443	-0.04559	0.08140	-0.04921	-0.14101	0.17397	0.09002	0.04457	(And (GroupOf $x0 view) (Possession $x0 free_soil_party) (Theme $e0 $x0))
p204304	-0.05026	-0.00812	0.03960	-0.03700	0.13492	-0.06757	0.43536	-0.13718	-0.02489	-0.04595	0.08123	-0.04934	-0.14031	0.17331	0.08978	0.04585	(And (GroupOf $x0 view) (Possession $x0 republican_party) (Theme $e0 $x0))
p204305	0.01536	-0.00137	-0.02005	-0.01495	-0.01881	-0.00485	-0.01162	-0.02489	-0.00940	-0.00123	0.00553	0.01213	0.05879	0.06236	-0.01160	-0.01170	(And (Holder $e0 kristoffer) (Member $e0 have) (Theme $e0 $x0))
p204306	-0.00226	-0.00878	-0.01751	-0.00642	0.00605	0.05756	0.01215	-0.02403	-0.00015	-0.00243	0.02512	0.00157	-0.01217	-0.00097	-0.01146	-0.01464	(And (Location $e0 $x0) (Member $e0 find) (Past $e0))
p204307	0.04137	0.04306	-0.04694	0.02780	0.13161	0.06264	-0.43480	0.43185	0.12803	0.08080	-0.05700	0.05698	-0.25516	0.32227	0.03861	-0.02130	(And (Location $e0 $x0) (Ongoing $e0) (Theme $e1 $e0))
p204308	0.00830	-0.01051	0.05188	-0.01171	-0.13511	0.05903	0.34984	0.15070	0.05651	0.04751	-0.04182	0.11184	0.08576	-0.06002	-0.00807	-0.13546	(And (Location $e0 kazakhstan) (Member $e0 build) (Past $e0))
p204309	0.00830	-0.01051	0.05188	-0.01171	-0.13510	0.05902	0.34983	0.15071	0.05651	0.04752	-0.04182	0.11184	0.08576	-0.06002	-0.00807	-0.13546	(And (Location $e0 kazakhstan) (Member $e0 build) (Patient $e0 $x0))
p204310	0.00830	-0.01052	0.05187	-0.01172	-0.13507	0.05901	0.34975	0.15075	0.05651	0.04758	-0.04181	0.11183	0.08575	-0.06002	-0.00807	-0.13548	(And (Location $e0 kazakhstan) (Past $e0) (Patient $e0 $x0))
p204311	0.01742	-0.00860	0.03776	-0.02601	0.01863	-0.00960	-0.01267	-0.00120	-0.00411	0.00022	0.00086	-0.00198	0.00076	-0.00671	-0.02436	0.01029	(And (Member $e0 bear) (Past $e0) (Patient $e0 $x0))
p204312	0.02299	-0.00669	0.04842	-0.02217	0.01850	-0.01331	-0.01879	-0.01003	-0.00196	0.00994	0.02073	-0.01114	-0.01142	0.00039	-0.01791	-0.00069	(And (Member $e0 direct) (Past $e0) (Patient $e0 $x0))
p204313	0.00418	0.00006	-0.01423	0.00508	-0.02463	0.00102	-0.01574	-0.00054	0.04157	-0.00766	0.01922	-0.00820	0.00099	-0.01447	0.00377	-0.00033	(And (Member $e0 discover) (Past $e0) (Theme $e0 $x0))
p204314	0.03372	0.10007	-0.01976	0.16745	-0.00194	-0.01508	-0.00179	-0.01833	0.01711	-0.03999	-0.00373	-0.01079	0.00747	-0.00669	0.00920	-0.01612	(And (Member $e0 get) (Ongoing $e0) (Patient $e0 $x0))
p204315	0.02896	0.10108	-0.02664	0.16860	0.00540	-0.01879	-0.00040	-0.01126	0.01448	-0.03858	0.00367	-0.00115	0.00734	-0.00789	0.01013	-0.02587	(And (Member $e0 get) (Ongoing $e0) (Result $e0 $e1))
p204316	-0.00185	0.03359	-0.01836	0.07553	0.01426	-0.01407	0.01834	-0.00411	0.00479	-0.00730	0.02195	0.03659	-0.00573	0.00177	0.00198	-0.04619	(And (Member $e0 make) (Past $e0) (Result $e0 $e1))
p204317	0.01309	-0.00453	0.01683	-0.01814	0.01115	-0.00647	-0.00873	-0.00565	-0.00101	-0.00130	-0.00006	-0.00307	-0.00827	0.00196	-0.00903	0.00013	(And (Member $e0 open) (Past $e0) (Patient $e0 $x0))
p204318	0.02016	0.05878	0.08440	-0.00367	-0.07879	0.02605	0.10716	-0.13688	-0.00152	-0.00041	-0.04081	0.00074	0.00388	0.00113	-0.04962	0.09480	(And (Member $e0 start) (Patient $e0 $x0) (Theme $e0 $e1))
p204319	0.01938	0.00546	-0.01436	0.01624	-0.05801	0.03751	-0.01292	-0.06510	0.02406	0.02187	0.00572	0.01228	-0.02689	0.04215	0.00365	0.01549	(And (Member $e0 take) (Past $e0) (Theme $e0 $x0))
p204320	0.02658	-0.00615	-0.00056	0.04336	0.00710	-0.00947	0.03064	-0.03604	0.00806	-0.00935	0.00017	0.01640	-0.00256	-0.00725	-0.01247	-0.00184	(And (Member $e0 turn) (Past $e0) (Patient $e0 $x0))
p204321	-0.00864	0.07348	-0.00076	0.00145	-0.01255	-0.01669	-0.01126	-0.00141	0.03904	-0.03470	0.00006	-0.01232	0.01016	-0.01919	0.01329	-0.00720	(And (Ongoing $e0) (Past $e0) (Theme $e0 $x0))
p204322	0.03554	0.02624	0.06486	-0.03015	-0.07867	0.01969	0.09732	-0.15735	-0.01221	-0.00140	-0.03472	0.00542	0.01970	-0.03916	-0.06027	0.11833	(And (Past $e0) (Patient $e0 $x0) (Theme $e0 $e1))
p204323	-0.07579	-0.01474	0.09662	0.16957	-0.04039	0.06459	-0.13709	0.02292	-0.00664	0.07945	0.08625	-0.08809	0.01976	0.00968	0.04474	0.03955	(And (Past $e0) (Theme $e0 $x0) (To $e0 $e1))
p204457	-0.00787	0.02727	-0.00999	-0.01145	0.01786	-0.02184	-0.01058	0.02186	-0.00246	-0.00009	0.00681	0.00407	0.00738	-0.01298	0.01475	-0.01619	(And (Agent $e0 $x0) (For $e0 $x1))
p204458	-0.00892	0.05082	-0.00352	0.00008	-0.00376	-0.01857	0.00392	-0.01013	-0.01041	-0.00443	0.00831	-0.00339	0.00973	-0.01239	0.03238	-0.02178	(And (Agent $e0 $x0) (GroupOf $x0 boy))
p204459	-0.00235	0.00844	-0.01437	-0.01304	0.01278	-0.01780	-0.01232	0.01684	-0.00404	0.00208	0.00512	0.00425	0.00498	-0.01224	0.01431	-0.00626	(And (Agent $e0 $x0) (GroupOf $x0 student))
p204460	0.00832	-0.01042	0.05194	-0.01165	-0.13535	0.05917	0.35056	0.15025	0.05651	0.04690	-0.04196	0.11195	0.08584	-0.06002	-0.00807	-0.13528	(And (Agent $e0 $x0) (Location $e0 kazakhstan))
p204461	0.00602	-0.00779	-0.01269	-0.01164	0.00790	-0.01303	0.00382	-0.01360	0.00428	0.02112	0.00579	-0.01342	0.00098	-0.01644	0.00851	0.00112	(And (Agent $e0 $x0) (Member $e0 add))
p204462	0.03025	-0.02557	-0.04783	-0.09699	0.15257	-0.06641	0.04850	-0.03726	0.04705	0.09900	-0.03223	-0.01234	0.07470	-0.08520	-0.09785	-0.02542	(And (Agent $e0 $x0) (Member $e0 contain))
p204463	0.01125	0.00455	-0.00626	-0.01813	0.00169	-0.01338	-0.00669	-0.00818	-0.01014	0.00798	-0.00035	-0.00287	0.01230	-0.01441	0.01442	-0.00277	(And (Agent $e0 $x0) (Member $e0 eat))
p204464	-0.00494	0.01049	-0.01083	-0.01053	0.00999	0.02029	0.01769	-0.02689	-0.00951	-0.00201	-0.00200	0.00170	0.00386	-0.01164	0.00695	-0.01083	(And (Agent $e0 $x0) (Member $e0 fly))
p204465	-0.01418	0.03622	-0.00403	0.00089	-0.00603	-0.01224	-0.00123	-0.00889	-0.01021	-0.02071	0.00350	0.01148	0.00910	-0.00914	0.03198	-0.01438	(And (Agent $e0 $x0) (Member $e0 jump))
p204466	0.09050	-0.03985	-0.10622	-0.06000	0.08614	0.07086	-0.07104	-0.01006	-0.04230	-0.03332	0.01163	-0.09379	0.02852	-0.01649	0.07913	-0.03110	(And (Agent $e0 $x0) (Member $e0 kill))
p204467	0.00280	-0.00697	-0.00278	-0.00197	-0.00108	-0.01245	-0.03837	0.00468	0.01292	0.01532	0.01613	-0.01886	0.00139	-0.01335	0.01347	0.00880	(And (Agent $e0 $x0) (Member $e0 lead))
p204468	0.00286	-0.00457	-0.01064	-0.01118	0.00264	-0.00648	0.00135	-0.01720	0.01056	0.00251	-0.00693	-0.00170	0.00255	-0.01476	0.00433	0.00481	(And (Agent $e0 $x0) (Member $e0 provide))
p204469	-0.00956	0.00439	-0.01865	-0.02102	0.05884	-0.04124	0.01249	-0.00102	-0.01349	0.07921	0.02161	-0.01098	0.01448	-0.02375	0.01953	-0.04818	(And (Agent $e0 $x0) (Member $e0 sell))
p204470	0.04948	0.00963	-0.03730	-0.02448	-0.12484	0.03652	0.16260	-0.20787	-0.02470	0.06327	-0.02273	0.06851	-0.01527	0.01046	-0.00917	0.10486	(And (Agent $e0 $x0) (Member $e0 start))
p204471	-0.01242	0.05642	-0.01016	-0.01606	0.01233	-0.00116	0.04782	-0.03684	-0.01558	0.00903	0.00449	0.00477	0.02159	-0.02375	0.01348	-0.03151	(And (Agent $e0 $x0) (Member $e0 swim))
p204472	0.01737	0.00906	-0.03066	-0.01939	-0.03774	-0.01595	0.04524	-0.05825	-0.02591	0.03457	0.00501	0.02987	0.00892	-0.02137	0.02554	0.01474	(And (Agent $e0 $x0) (Member $e0 try))
p204473	0.01399	0.00871	0.00335	-0.01994	0.01844	-0.02234	-0.03254	0.02786	-0.00083	-0.00927	-0.01487	-0.00427	0.03252	-0.01829	0.00843	-0.01469	(And (Agent $e0 $x0) (Member $e0 write))
p204474	0.00209	0.01851	-0.00798	-0.00680	-0.01712	0.01360	0.02605	-0.02981	0.00096	-0.02581	-0.00412	-0.00282	0.01352	-0.01698	0.02221	-0.00352	(And (Agent $e0 $x0) (Member $x0 cat))
p204475	-0.02546	0.02924	0.03040	0.01023	0.02515	-0.00468	-0.01204	-0.01034	-0.00272	-0.00818	-0.00244	0.01144	0.02662	-0.01802	-0.01196	-0.00008	(And (Agent $e0 $x0) (Member $x0 family))
p204476	-0.21844	-0.02835	0.29000	0.46510	-0.08538	0.17348	-0.33366	0.04030	-0.03480	0.19379	0.19284	-0.24150	0.04973	-0.01345	0.12545	0.14403	(And (Agent $e0 $x0) (Member $x0 father))
p204477	0.00492	0.01211	-0.00826	-0.01280	0.00516	-0.01269	0.00816	-0.01754	0.01055	0.00729	-0.00389	-0.01122	0.00479	-0.01700	0.00680	-0.00314	(And (Agent $e0 $x0) (Member $x0 government))
p204478	-0.00419	-0.00330	-0.00936	-0.00455	-0.00427	-0.00520	-0.00460	-0.01363	-0.01090	-0.00522	-0.00004	0.00750	0.00280	-0.00817	0.02234	0.00171	(And (Agent $e0 $x0) (Over $e0 $x1))
p204480	0.01265	-0.00577	0.01802	-0.01857	0.00628	0.01172	0.00327	-0.02278	-0.00276	-0.00403	-0.00177	-0.00606	-0.00778	0.00053	-0.01322	0.00611	(And (Already $e0) (Past $e0))
p204482	-0.06821	-0.00616	0.09613	0.05998	0.04079	0.04644	-0.05458	-0.00660	0.02188	-0.05310	-0.05861	0.04274	0.02222	0.00223	-0.03377	0.04569	(And (Also appear $e0) (Past $e0))
p204483	-0.01283	-0.00457	-0.00702	-0.00440	0.01471	0.02349	-0.00586	0.00428	-0.00862	0.00371	0.03519	0.01254	-0.01267	0.00118	-0.00260	-0.02079	(And (But $e0 $e1) (Past $e0))
p204484	-0.01282	-0.00458	-0.00701	-0.00444	0.01477	0.02348	-0.00603	0.00425	-0.00862	0.00370	0.03516	0.01251	-0.01270	0.00120	-0.00261	-0.02075	(And (But $e0 $e1) (Past $e1))
p204485	0.04151	-0.02321	-0.05769	-0.04451	0.07428	0.02358	-0.02033	-0.01423	-0.01457	0.00510	-0.00069	-0.03786	0.01516	-0.01567	0.01323	-0.02121	(And (Cardinality $x0 <num>) (GroupOf $x0 person))
p204486	-0.00160	-0.00334	-0.00027	-0.00200	0.00525	0.00049	-0.00599	0.00890	0.00158	-0.00137	-0.00678	0.00076	-0.00369	0.00564	-0.00345	-0.00190	(And (Cardinality $x0 <num>) (LocatedIn $x0 $x1))
p204487	-0.00213	0.01468	0.00265	0.01541	-0.01074	0.00233	-0.00689	-0.00088	0.00786	0.00012	0.04011	-0.00272	-0.00208	-0.00625	0.00817	-0.01426	(And (During $e0 $e1) (Past $e0))
p204488	-0.00400	0.02538	0.00391	0.01651	-0.01046	0.00147	-0.01155	0.00364	0.00800	-0.00150	0.04188	-0.00564	-0.00007	-0.00771	0.00941	-0.01599	(And (During $e0 $e1) (Past $e1))
p204489	0.00827	-0.00529	0.00190	-0.01807	0.00495	-0.00881	0.00227	0.00670	-0.00737	-0.00254	0.00941	-0.00030	0.00131	-0.00729	-0.00577	0.00780	(And (During $e0 $x0) (Past $e0))
p204490	0.01583	-0.00527	-0.01585	-0.01181	-0.01248	-0.01551	-0.00698	0.05736	-0.00832	-0.00911	0.00402	-0.01261	0.01764	-0.02441	-0.00781	0.05635	(And (Experiencer $e0 $x0) (Like $e0 $x1))
p204491	0.04445	0.01164	-0.04854	0.15437	0.03223	-0.01328	0.01776	-0.03045	0.01496	-0.01571	-0.00930	0.04906	-0.00954	0.00529	-0.01372	-0.04014	(And (Experiencer $e0 $x0) (Member $e0 bad))
p204492	0.02540	-0.01969	-0.02438	-0.02197	-0.00208	-0.01452	0.00742	-0.00265	-0.00541	0.03176	0.00024	0.00333	0.01042	-0.02459	-0.02062	0.03165	(And (Experiencer $e0 $x0) (Member $e0 need))
p204493	0.04445	0.01164	-0.04853	0.15443	0.03208	-0.01330	0.01787	-0.03053	0.01487	-0.01567	-0.00918	0.04900	-0.00948	0.00524	-0.01362	-0.04011	(And (Experiencer $e0 $x0) (Member $x0 bad))
p204494	0.01995	-0.01097	-0.02562	0.00122	0.01414	-0.00369	0.03017	0.02197	-0.01023	-0.00984	0.00907	-0.00059	0.01724	-0.02366	-0.01358	0.01826	(And (Experiencer $e0 $x0) (Possession $x0 $x1))
p204495	0.03665	-0.01146	-0.02935	0.03232	0.00638	-0.02339	0.01746	0.02544	-0.00835	-0.00105	0.00310	0.03033	0.01423	-0.01866	-0.02276	0.02944	(And (Experiencer $e0 $x0) (Theme $e1 $e0))
p204496	0.01066	0.00132	-0.01050	0.00002	-0.00807	-0.00888	0.00003	0.01588	-0.00610	-0.01221	-0.00126	-0.01556	0.01552	-0.02108	-0.00523	0.04028	(And (Experiencer $e0 $x0) (Time $e0 now))
p204497	0.00872	-0.00013	-0.01519	-0.00090	-0.02051	0.00390	-0.01759	-0.00225	0.03534	-0.01234	0.00213	-0.00268	0.00017	-0.01297	-0.00194	0.00090	(And (For $e0 $e1) (Member $e0 win))
p204498	0.00078	0.01399	-0.01231	-0.00605	-0.03821	-0.00356	0.03909	-0.03771	-0.02099	0.01079	0.01187	0.02429	0.00183	-0.01223	0.01811	0.01869	(And (Goal $e0 $x0) (Member $e0 walk))
p204499	0.01527	-0.00135	-0.02001	-0.01483	-0.01877	-0.00486	-0.01221	-0.02436	-0.00935	-0.00116	0.00562	0.01203	0.05868	0.06250	-0.01145	-0.01177	(And (GroupOf $x0 child) (Theme $e0 $x0))
p204500	-0.05063	-0.00814	0.03972	-0.03667	0.13630	-0.06811	0.43273	-0.13390	-0.02445	-0.04560	0.08139	-0.04922	-0.14098	0.17395	0.09001	0.04464	(And (GroupOf $x0 view) (Possession $x0 free_soil_party))
p204501	-0.04991	-0.00808	0.03949	-0.03728	0.13348	-0.06698	0.43799	-0.14050	-0.02534	-0.04632	0.08108	-0.04946	-0.13966	0.17271	0.08956	0.04710	(And (GroupOf $x0 view) (Possession $x0 republican_party))
p204502	-0.08768	-0.01639	0.07218	-0.06523	0.23379	-0.11789	0.75812	-0.24236	-0.04300	-0.08326	0.14193	-0.09132	-0.24709	0.30370	0.15586	0.09651	(And (GroupOf $x0 view) (Theme $e0 $x0))
p204503	0.01573	-0.00147	-0.02024	-0.01542	-0.01897	-0.00481	-0.00968	-0.02678	-0.00959	-0.00142	0.00524	0.01240	0.05926	0.06177	-0.01211	-0.01138	(And (Holder $e0 kristoffer) (Member $e0 have))
p204504	0.01536	-0.00137	-0.02005	-0.01495	-0.01881	-0.00485	-0.01161	-0.02489	-0.00940	-0.00123	0.00553	0.01213	0.05879	0.06235	-0.01160	-0.01170	(And (Holder $e0 kristoffer) (Theme $e0 $x0))
p204505	-0.00394	-0.00164	0.00367	0.00494	-0.00148	0.00273	-0.00019	0.00474	0.00157	-0.00419	-0.00622	0.00037	-0.00479	0.00476	-0.00092	0.00054	(And (LocatedIn $x0 $x1) (Member $x1 garden))
p204506	0.00577	-0.00491	-0.00499	-0.00597	0.00115	0.01247	-0.00223	-0.00613	-0.00008	-0.00450	-0.00152	-0.00523	-0.00201	0.00045	0.00469	-0.00550	(And (LocatedIn $x0 $x1) (PartOf $x1 $x2))
p204507	0.00713	-0.01977	-0.01577	-0.00700	0.01052	0.08071	-0.01433	-0.00286	-0.00764	-0.00140	0.00489	-0.02438	-0.00369	-0.00617	-0.02062	0.02412	(And (Location $e0 $x0) (Location $e0 $x1))
p204508	0.01528	-0.00428	-0.02212	-0.03870	0.01143	0.05872	0.08401	-0.05086	-0.01216	0.00502	-0.00567	-0.01353	0.03154	-0.03917	-0.04274	0.03109	(And (Location $e0 $x0) (Member $e0 sleep))
p204509	-0.01226	0.05756	0.00993	-0.00996	0.01208	0.04171	0.03770	-0.03222	-0.00956	-0.01104	0.01325	-0.00714	0.00610	-0.01405	-0.01097	-0.02341	(And (Location $e0 $x0) (Member $e0 walk))
p204510	0.04136	0.06610	-0.07008	-0.08040	0.07917	0.05207	-0.03822	0.15126	-0.04673	-0.04180	0.07431	-0.10618	0.10764	-0.08089	-0.04063	0.08080	(And (Location $e0 $x0) (Member $x0 table))
p204511	-0.02813	0.00010	0.01380	0.00112	0.05806	-0.02763	-0.06831	0.07327	0.03376	-0.00225	0.02048	0.02619	0.01538	-0.00815	-0.02616	-0.02453	(And (Location $e0 japan) (Past $e0))
p204512	0.00855	-0.01013	0.05209	-0.01160	-0.13664	0.05978	0.35513	0.14691	0.05621	0.04456	-0.04240	0.11246	0.08640	-0.06032	-0.00819	-0.13440	(And (Location $e0 kazakhstan) (Member $e0 build))
p204513	0.00845	-0.01021	0.05205	-0.01159	-0.13615	0.05957	0.35331	0.14830	0.05636	0.04532	-0.04227	0.11227	0.08618	-0.06018	-0.00812	-0.13472	(And (Location $e0 kazakhstan) (Past $e0))
p204514	0.00852	-0.01015	0.05208	-0.01159	-0.13651	0.05973	0.35465	0.14727	0.05625	0.04474	-0.04238	0.11241	0.08635	-0.06028	-0.00817	-0.13448	(And (Location $e0 kazakhstan) (Patient $e0 $x0))
p204515	0.04091	-0.01941	-0.04591	-0.02887	0.05204	0.03423	-0.04779	0.00184	-0.01082	-0.01955	0.00075	-0.04240	0.01713	-0.00937	0.02671	-0.01602	(And (Manner $e0 directly) (Past $e0))
p204516	0.01916	-0.00577	-0.00276	-0.01299	-0.00906	-0.00773	-0.00802	-0.01293	0.02001	0.00937	0.01641	-0.01426	-0.00351	-0.01190	-0.00098	0.00286	(And (Member $e0 add) (Theme $e0 $x0))
p204517	-0.07836	-0.00682	0.10632	0.05596	0.06689	0.04114	-0.06031	-0.00585	0.02488	-0.06345	-0.07441	0.06127	0.02997	-0.00000	-0.04665	0.04708	(And (Member $e0 appear) (Past $e0))
p204518	0.04445	0.01164	-0.04853	0.15443	0.03210	-0.01330	0.01786	-0.03052	0.01488	-0.01568	-0.00919	0.04901	-0.00948	0.00525	-0.01363	-0.04011	(And (Member $e0 bad) (Result $e1 $e0))
p204519	0.01746	-0.00862	0.03767	-0.02599	0.01874	-0.00962	-0.01315	-0.00084	-0.00406	0.00022	0.00091	-0.00204	0.00063	-0.00658	-0.02429	0.01025	(And (Member $e0 bear) (Patient $e0 $x0))
p204520	0.00395	0.00126	-0.01611	0.00558	-0.01849	0.00402	-0.02657	0.00851	0.03955	0.00023	0.02316	0.00407	-0.00272	-0.00039	-0.00775	-0.02082	(And (Member $e0 buy) (Theme $e0 $x0))
p204521	0.01561	0.00796	-0.00597	-0.00989	-0.02422	0.03779	0.01586	-0.03589	-0.00243	-0.02133	0.00380	-0.01912	0.00830	-0.01442	0.02013	0.00125	(And (Member $e0 cause) (Past $e0))
p204522	0.00648	-0.00228	0.00715	-0.00764	-0.00199	-0.00548	-0.02179	0.00867	-0.00069	-0.00182	0.01532	-0.00183	-0.00641	0.00077	0.01149	-0.00983	(And (Member $e0 change) (Past $e0))
p204523	0.00447	-0.00157	0.00752	-0.00661	0.00159	-0.00222	-0.01128	0.00039	0.01103	-0.00163	0.00786	0.00619	-0.00715	0.00176	-0.00861	-0.00890	(And (Member $e0 conduct) (Past $e0))
p204524	-0.00348	-0.00619	-0.00269	-0.00596	-0.00619	0.00008	0.00292	-0.00863	-0.00520	0.01014	0.01064	0.02028	-0.00629	0.00213	-0.00725	-0.00047	(And (Member $e0 decide) (Past $e0))
p204525	0.01737	-0.00807	0.03354	-0.02059	0.00919	0.01335	0.01215	-0.03309	-0.00215	-0.00265	-0.00727	-0.00452	-0.00252	-0.00327	-0.02395	0.00593	(And (Member $e0 die) (Patient $e0 $x0))
p204526	0.02299	-0.00669	0.04843	-0.02218	0.01850	-0.01331	-0.01878	-0.01004	-0.00196	0.00993	0.02072	-0.01114	-0.01141	0.00039	-0.01792	-0.00069	(And (Member $e0 direct) (Past $e0))
p204527	0.00403	0.00015	-0.01407	0.00507	-0.02463	0.00103	-0.01523	-0.00081	0.04151	-0.00768	0.01916	-0.00814	0.00115	-0.01459	0.00372	-0.00037	(And (Member $e0 discover) (Past $e0))
p204528	0.00416	0.00007	-0.01421	0.00508	-0.02464	0.00102	-0.01564	-0.00060	0.04156	-0.00766	0.01922	-0.00819	0.00102	-0.01449	0.00376	-0.00033	(And (Member $e0 discover) (Theme $e0 $x0))
p204529	0.01265	-0.00697	0.00429	-0.00408	-0.00690	0.01786	-0.00850	-0.01245	-0.00877	-0.00062	0.00439	-0.01898	-0.00023	0.00015	0.01419	0.00226	(And (Member $e0 do) (Patient $e0 $x0))
p204530	-0.01426	0.03623	-0.00401	0.00098	-0.00590	-0.01232	-0.00158	-0.00835	-0.01021	-0.02062	0.00361	0.01142	0.00904	-0.00905	0.03213	-0.01458	(And (Member $e0 jump) (Past $e0))
p204531	0.01307	-0.00453	0.01684	-0.01826	0.01145	-0.00655	-0.00879	-0.00551	-0.00094	-0.00133	-0.00016	-0.00301	-0.00833	0.00200	-0.00913	0.00007	(And (Member $e0 open) (Past $e0))
p204532	0.00256	0.01298	-0.00356	-0.00484	-0.01848	-0.00965	0.00373	-0.01637	0.01644	-0.01113	0.00850	-0.00100	0.00990	-0.01645	0.01246	0.00475	(And (Member $e0 pass) (Past $e0))
p204533	0.00235	-0.00136	-0.00053	-0.00658	0.00845	-0.00518	-0.01617	0.00146	0.02410	0.01206	0.00592	-0.00345	-0.00172	-0.00337	-0.01179	-0.01387	(And (Member $e0 play) (Theme $e0 $x0))
p204534	-0.02028	-0.00139	0.01849	0.00138	0.02137	-0.00420	-0.02108	0.00912	0.00645	-0.00963	0.00488	0.01094	-0.00521	-0.00031	-0.00528	0.00304	(And (Member $e0 replace) (Past $e0))
p204535	0.00768	-0.00555	-0.01162	-0.01563	0.01519	-0.00842	0.00599	-0.01918	0.01796	0.01944	-0.00824	-0.00407	0.00813	-0.01056	-0.01740	-0.00657	(And (Member $e0 require) (Theme $e0 $x0))
p204536	-0.00413	-0.00408	-0.00871	0.00310	-0.00803	-0.00378	-0.00907	0.01661	-0.00053	0.01150	0.03456	0.00041	-0.00061	-0.00630	0.00463	-0.00660	(And (Member $e0 say) (Past $e0))
p204537	-0.01772	0.02046	0.00586	-0.00141	0.00647	-0.00994	-0.01481	0.01915	0.00335	-0.00960	0.01931	0.01226	-0.00618	-0.00225	0.00704	-0.01571	(And (Member $e0 speak) (Past $e0))
p204538	0.00266	-0.02302	0.00215	-0.00890	-0.04938	0.02492	0.02109	-0.05086	-0.03037	0.01714	0.03155	0.05271	-0.00202	-0.01010	-0.01289	0.03444	(And (Member $e0 stop) (Past $e0))
p204539	-0.02990	-0.00119	0.02302	-0.01685	0.07057	-0.00849	-0.00825	0.00203	0.00243	-0.02795	-0.03355	0.05144	0.01637	-0.00693	-0.03123	-0.00677	(And (Member $e0 study) (Past $e0))
p204540	-0.01242	0.05642	-0.01022	-0.01590	0.01210	-0.00118	0.04778	-0.03675	-0.01570	0.00914	0.00469	0.00468	0.02172	-0.02381	0.01368	-0.03159	(And (Member $e0 swim) (Ongoing $e0))
p204541	-0.00898	0.04974	-0.00313	-0.00529	-0.01284	-0.01766	0.01895	-0.01668	-0.01622	0.02113	0.02007	0.01000	0.01103	-0.01631	0.01612	-0.01928	(And (Member $e0 try) (Ongoing $e0))
p204542	0.04026	-0.01046	-0.03150	0.13714	0.04269	-0.01640	-0.02792	0.01476	0.00760	-0.01051	0.00283	0.02248	-0.01081	0.00301	-0.01232	-0.00923	(And (Member $e0 turn) (Result $e0 $e1))
p204543	-0.00077	-0.00150	0.00343	0.00793	-0.00562	0.00096	0.02007	-0.01683	-0.00059	0.00804	0.00070	-0.00264	0.00021	-0.00084	-0.00146	-0.00365	(And (Member $e0 use) (To $e0 $e1))
p204544	-0.01650	0.05771	0.00871	-0.00748	0.00841	0.02901	0.03204	-0.02138	-0.01033	-0.00884	0.01640	0.00015	0.00765	-0.01407	-0.00658	-0.02583	(And (Member $e0 walk) (Ongoing $e0))
p204545	-0.02233	-0.00018	0.00819	-0.00404	0.01967	-0.00833	-0.02258	0.03132	-0.01205	0.00393	0.03257	0.02208	-0.01306	0.00506	0.00302	-0.02214	(And (Member $e0 want) (Past $e0))
p204546	0.00866	-0.00002	-0.01508	-0.00121	-0.02046	0.00384	-0.01584	-0.00318	0.03528	-0.01249	0.00194	-0.00242	0.00033	-0.01322	-0.00217	0.00086	(And (Member $x0 emmy) (Theme $e0 $x0))
p204547	-0.04960	-0.00376	0.05559	0.00865	0.08636	-0.01652	-0.05891	0.05361	0.00100	-0.02221	-0.02628	0.04303	0.02737	-0.00738	-0.03984	0.01280	(And (Member $x0 family) (Possession $x0 $x1))
p204548	0.00835	-0.01034	0.05198	-0.01161	-0.13559	0.05930	0.35134	0.14971	0.05648	0.04636	-0.04208	0.11205	0.08594	-0.06005	-0.00807	-0.13511	(And (Member $x0 hotel) (Patient $e0 $x0))
p204549	0.00994	-0.00306	0.00844	-0.01076	0.00378	-0.00546	-0.01150	-0.00643	-0.00584	-0.00678	0.00155	-0.00921	-0.00544	0.00219	0.01341	0.00247	(And (Member $x0 tree) (Patient $e0 $x0))
p204550	0.00792	-0.00255	-0.01224	-0.00606	-0.01782	0.01665	0.00633	-0.02265	0.03296	-0.01969	-0.00575	-0.00392	-0.00101	-0.01192	-0.00505	0.01052	(And (Of $x0 $x1) (Theme $e0 $x0))
p204551	0.00190	0.04599	0.01051	0.01047	-0.01347	-0.00980	-0.00315	0.01524	0.00133	-0.01979	-0.00454	-0.01515	0.01372	-0.01297	-0.00157	0.01923	(And (Ongoing $e0) (Probably $e0))
p204552	0.00646	0.03439	-0.00274	-0.01540	-0.01950	-0.00358	0.02328	-0.03711	-0.01166	0.00934	-0.00291	0.00863	0.01322	-0.02956	-0.01310	0.03340	(And (Ongoing $e0) (Source $e0 $x0))
p204553	0.00642	0.04886	0.01613	-0.00079	-0.03225	-0.00807	0.03564	-0.03672	-0.01062	0.02770	0.00428	-0.00277	0.01065	-0.01590	-0.00441	0.01628	(And (Ongoing $e0) (Theme $e0 $e1))
p204554	0.00035	-0.00302	-0.00439	-0.00755	-0.00591	-0.00429	-0.00659	-0.01417	-0.00897	-0.01156	-0.00105	0.00899	0.00019	-0.00482	0.01816	0.00360	(And (Over $e0 $x0) (Past $e0))
p204555	0.00150	-0.02361	0.00596	-0.00725	-0.05691	0.01433	0.01886	-0.05318	-0.03273	0.02147	0.03500	0.05943	-0.00186	-0.00975	-0.01242	0.04089	(And (Past $e0) (Theme $e1 $e0))
p204556	0.00298	-0.00620	-0.01692	-0.00917	-0.01259	-0.01187	-0.00967	0.00094	-0.01444	-0.01860	0.01564	0.00021	0.00997	-0.01112	0.04050	0.01150	(And (Past $e0) (TimeAtLeast $e0 (Year <num>)))
p204557	0.01879	-0.00639	0.01677	-0.02186	0.01053	-0.00778	-0.01308	-0.00687	-0.00525	-0.00301	0.00140	-0.00946	-0.00327	-0.00143	0.00202	-0.00150	(And (Patient $e0 $x0) (SubsetOf $x0 $x1))
p204558	0.02812	0.00606	-0.02102	0.08063	0.01978	-0.00794	-0.00294	-0.01618	0.01107	-0.00873	-0.01213	0.02913	-0.00851	0.00695	-0.01289	-0.02233	(And (Patient $e0 $x0) (Time $e0 now))
p204559	-0.04977	-0.00806	0.03946	-0.03737	0.13285	-0.06672	0.43905	-0.14188	-0.02552	-0.04648	0.08101	-0.04951	-0.13941	0.17248	0.08948	0.04762	(And (Possession $x0 free_soil_party) (Theme $e0 $x0))
p204560	-0.04908	-0.00793	0.03944	-0.03761	0.12923	-0.06507	0.44424	-0.14928	-0.02643	-0.04746	0.08061	-0.04987	-0.13815	0.17151	0.08913	0.05069	(And (Possession $x0 republican_party) (Theme $e0 $x0))
p204561	0.01731	-0.01839	-0.02500	-0.02016	-0.01631	-0.00684	0.03285	-0.04715	-0.00464	0.04862	0.02037	0.01672	0.01053	-0.01820	-0.02295	0.01231	(And (Theme $e0 $e1) (Theme $e1 $x0))
p204683	-0.00034	-0.00402	-0.00444	-0.00767	0.01341	-0.00659	-0.00062	-0.00204	0.00350	0.01261	-0.00440	-0.00330	-0.00108	-0.00596	-0.00357	-0.00449	(Agent $e0 jica)
p204684	0.00264	-0.00885	-0.01094	-0.00041	0.00202	0.01719	-0.00539	-0.00582	-0.00006	0.01191	0.01079	-0.01411	-0.00204	-0.00410	-0.00088	0.00311	(Also $x0 $e0)
p204685	-0.06813	-0.00619	0.09606	0.05990	0.04075	0.04647	-0.05452	-0.00665	0.02190	-0.05312	-0.05864	0.04278	0.02224	0.00218	-0.03383	0.04572	(Also appear $e0)
p204686	0.00605	-0.00466	0.00084	-0.00692	0.00798	-0.00857	-0.01567	0.00534	-0.00948	0.01248	0.01224	-0.01257	-0.00139	-0.00344	0.01891	-0.01030	(Beneficiary $e0 $x0)
p204687	-0.01732	-0.00810	0.01347	-0.02817	0.07770	-0.03819	-0.02390	0.05427	-0.00513	-0.00405	-0.01548	0.03078	0.02774	-0.01966	-0.03553	0.01118	(CoAgent $e0 $x0)
p204688	-0.00342	-0.00158	0.00242	0.00319	-0.00111	0.00105	-0.00035	0.00559	0.00086	-0.00290	-0.00493	-0.00000	-0.00415	0.00367	-0.00034	-0.00002	(Degree $x0 quantity excessive)
p204690	0.00829	-0.00529	0.00189	-0.01802	0.00477	-0.00877	0.00240	0.00655	-0.00742	-0.00253	0.00946	-0.00034	0.00138	-0.00734	-0.00572	0.00786	(During $e0 $x0)
p204691	-0.00240	-0.00272	-0.00516	0.00349	0.00051	-0.00240	-0.00736	-0.00180	-0.00349	0.00406	-0.00212	0.00470	-0.00308	-0.00091	0.00753	-0.00276	(Every $e0 <num> day)
p204692	0.00059	-0.00252	-0.00441	-0.00426	0.00551	-0.00269	-0.00225	-0.00183	0.01158	0.00481	-0.00305	-0.00009	-0.00203	-0.00288	-0.00680	-0.00492	(For $x0 $e0)
p204693	0.01692	0.01264	-0.01363	0.03043	-0.01315	-0.00500	0.03322	-0.02505	-0.00318	-0.01258	-0.00381	-0.00433	0.02068	-0.00186	-0.00511	0.01510	(GroupOf $x0 day)
p204694	-0.00034	-0.00238	-0.00421	-0.00164	-0.00534	-0.00043	-0.00519	-0.00528	-0.00252	-0.00318	-0.00413	0.00341	0.00890	0.00640	0.00282	-0.00104	(GroupOf $x0 friend)
p204695	0.01058	-0.00191	-0.01437	-0.01356	-0.02624	0.00383	0.03547	-0.04208	0.00179	0.01775	-0.00334	0.02325	0.00045	-0.00392	-0.01457	0.01943	(GroupOf $x0 girl)
p204696	0.01631	0.00803	-0.01202	0.03361	0.00563	-0.00874	-0.02637	0.00253	-0.00240	-0.00069	-0.00400	-0.00586	0.01938	0.01486	-0.00171	0.00069	(GroupOf $x0 leaf)
p204697	-0.00014	0.01692	-0.00162	-0.00289	0.00110	-0.00918	-0.01216	0.00250	0.00495	-0.01587	0.00087	-0.01334	0.00094	-0.00370	0.02259	0.00003	(GroupOf $x0 man)
p204698	-0.00366	0.00906	0.00373	-0.00131	0.00511	-0.00619	0.00317	-0.00301	-0.00264	0.00816	-0.00319	-0.00399	-0.00161	-0.00276	0.00329	-0.00697	(GroupOf $x0 pupil)
p204699	-0.00221	0.02580	-0.00420	-0.01003	0.01050	-0.01331	0.00621	-0.00967	0.01589	0.00116	-0.00720	-0.00551	0.00624	-0.01650	-0.00202	-0.00680	(GroupOf $x0 scientist)
p204700	0.00329	0.00824	0.00165	-0.00754	-0.00422	-0.00690	-0.01310	-0.00496	-0.00951	-0.00217	0.00530	-0.00931	0.00189	-0.00625	0.02430	-0.00457	(GroupOf $x0 soldier)
p204701	-0.08778	-0.01641	0.07222	-0.06514	0.23416	-0.11805	0.75733	-0.24141	-0.04287	-0.08316	0.14197	-0.09130	-0.24727	0.30387	0.15593	0.09620	(GroupOf $x0 view)
p204702	0.01538	-0.00138	-0.02006	-0.01496	-0.01882	-0.00485	-0.01152	-0.02498	-0.00940	-0.00124	0.00552	0.01215	0.05881	0.06233	-0.01162	-0.01169	(Holder $e0 kristoffer)
p204703	-0.00339	-0.00243	-0.00043	0.00039	0.00331	-0.00231	-0.00089	0.00395	-0.00185	0.00473	-0.00191	-0.00150	-0.00320	0.00036	0.00258	-0.00341	(LocatedIn $x0 here)
p204704	-0.02803	0.00008	0.01335	0.00135	0.05779	-0.02779	-0.06894	0.07379	0.03337	-0.00191	0.02119	0.02567	0.01547	-0.00814	-0.02538	-0.02467	(Location $e0 japan)
p204705	0.00834	-0.01038	0.05196	-0.01163	-0.13548	0.05924	0.35095	0.14998	0.05650	0.04663	-0.04202	0.11200	0.08589	-0.06004	-0.00807	-0.13519	(Location $e0 kazakhstan)
p204706	0.04120	-0.01946	-0.04661	-0.02846	0.05062	0.03452	-0.04814	0.00151	-0.01128	-0.01904	0.00161	-0.04302	0.01751	-0.00984	0.02750	-0.01579	(Manner $e0 directly)
p204707	-0.00133	-0.00585	-0.00635	0.00030	-0.00462	-0.00171	-0.01890	0.00790	0.00017	0.00894	0.00688	0.00780	0.00023	-0.00567	0.00249	-0.00137	(Manner $e0 immediately)
p204708	0.00290	0.00141	0.00362	-0.00209	-0.01213	0.00245	-0.01282	-0.01217	-0.00292	0.01341	-0.00346	0.00672	-0.00545	0.00307	-0.00974	0.01569	(Manner $e0 often)
p204709	-0.00639	-0.00290	-0.00462	-0.00488	0.00374	-0.00479	-0.00463	-0.00381	-0.00708	-0.00060	0.00165	0.00961	-0.00139	-0.00487	0.01263	-0.00528	(Member $e0 arrive)
p204710	-0.03817	0.00128	0.05046	0.08286	-0.01769	0.02950	-0.05217	0.00159	0.00139	0.03509	0.02966	-0.04180	0.01040	-0.00069	0.01561	0.01949	(Member $e0 avoid)
p204711	0.04445	0.01164	-0.04853	0.15439	0.03217	-0.01329	0.01781	-0.03048	0.01493	-0.01570	-0.00926	0.04904	-0.00951	0.00527	-0.01368	-0.04013	(Member $e0 bad)
p204712	-0.00692	-0.00243	-0.00873	-0.00137	-0.00076	-0.00580	-0.01807	0.00476	0.00110	0.00166	0.01962	0.00764	-0.00159	-0.00379	0.01491	-0.00817	(Member $e0 bring)
p204713	0.00395	0.00124	-0.01616	0.00571	-0.01853	0.00399	-0.02701	0.00885	0.03951	0.00033	0.02333	0.00395	-0.00279	-0.00030	-0.00756	-0.02088	(Member $e0 buy)
p204714	0.00448	-0.00157	0.00751	-0.00661	0.00157	-0.00221	-0.01128	0.00039	0.01103	-0.00163	0.00786	0.00619	-0.00714	0.00175	-0.00861	-0.00889	(Member $e0 conduct)
p204715	0.00873	-0.00678	0.00254	0.01274	-0.00196	0.00396	-0.12708	0.02984	0.00584	0.01027	-0.00063	-0.02895	-0.01197	0.01366	0.02308	0.00382	(Member $e0 connect)
p204716	-0.00168	-0.00194	0.00016	0.00272	-0.00135	0.00070	-0.00169	0.00253	0.00380	0.00031	-0.00456	-0.00020	-0.00271	0.00399	-0.00194	-0.00248	(Member $e0 consider)
p204717	0.00952	-0.00181	0.00765	-0.00841	-0.00396	-0.00156	0.00177	-0.01253	0.01149	-0.00867	-0.01043	-0.00490	-0.00320	-0.00306	-0.00487	0.00891	(Member $e0 cover)
p204718	-0.00124	0.00053	-0.00551	-0.00304	-0.04573	0.02547	0.06391	-0.07268	-0.02901	0.02638	0.02740	0.06001	-0.00445	-0.01274	-0.02095	0.02733	(Member $e0 cry)
p204719	-0.00351	-0.00621	-0.00261	-0.00572	-0.00639	0.00008	0.00266	-0.00840	-0.00524	0.01024	0.01077	0.02024	-0.00627	0.00218	-0.00707	-0.00056	(Member $e0 decide)
p204720	0.01728	-0.00805	0.03370	-0.02045	0.00906	0.01341	0.01201	-0.03301	-0.00214	-0.00265	-0.00728	-0.00453	-0.00249	-0.00325	-0.02392	0.00596	(Member $e0 die)
p204721	0.00408	0.00012	-0.01413	0.00507	-0.02464	0.00103	-0.01538	-0.00074	0.04153	-0.00767	0.01919	-0.00816	0.00110	-0.01455	0.00374	-0.00035	(Member $e0 discover)
p204722	-0.00569	0.00931	-0.01264	-0.01235	0.01394	0.01809	0.01491	-0.02666	-0.01132	0.00397	-0.00111	0.00008	0.00344	-0.01373	0.00917	-0.01323	(Member $e0 fly)
p204723	0.00331	-0.00541	-0.00452	-0.00080	-0.00483	-0.00407	-0.00149	0.01365	-0.00424	-0.00687	0.00037	-0.00462	0.00486	-0.00896	-0.00292	0.02119	(Member $e0 good)
p204724	-0.00797	0.01946	0.00854	-0.00123	-0.00524	0.00801	0.01062	-0.01799	-0.00598	-0.00527	0.00720	0.00989	-0.00270	-0.00249	-0.00594	-0.00052	(Member $e0 happen)
p204725	0.01837	-0.00706	0.01932	-0.02571	0.02751	-0.01246	-0.00258	-0.01523	0.00408	0.01194	-0.00499	-0.00438	-0.00487	-0.00315	-0.02117	-0.00160	(Member $e0 hold)
p204726	0.00835	0.00653	0.01251	-0.01360	0.00688	0.00462	-0.00704	-0.00432	0.00017	-0.00545	-0.00200	-0.00432	-0.00594	0.00105	-0.00866	-0.00091	(Member $e0 increase)
p204727	-0.01431	0.03624	-0.00400	0.00104	-0.00581	-0.01237	-0.00183	-0.00798	-0.01021	-0.02056	0.00368	0.01139	0.00900	-0.00899	0.03222	-0.01471	(Member $e0 jump)
p204728	-0.01235	0.01121	0.00177	-0.00203	0.01188	-0.00814	-0.01341	0.01235	-0.00450	0.00916	0.01659	0.00685	-0.00379	-0.00019	0.00386	-0.01822	(Member $e0 lose)
p204729	-0.01679	0.00754	-0.01672	-0.00976	0.03891	-0.03796	0.00318	0.00962	-0.03041	0.06799	0.03347	-0.00165	0.01304	-0.01450	0.04230	-0.05071	(Member $e0 move)
p204730	0.00256	0.01298	-0.00356	-0.00484	-0.01847	-0.00965	0.00372	-0.01637	0.01645	-0.01113	0.00849	-0.00100	0.00990	-0.01645	0.01245	0.00476	(Member $e0 pass)
p204731	-0.00024	0.01135	-0.00633	0.00924	-0.00035	-0.00863	0.00740	0.01262	-0.00305	-0.00951	0.00118	0.00191	0.00475	-0.00867	-0.00180	0.00676	(Member $e0 ready)
p204732	-0.02031	-0.00144	0.01868	0.00116	0.02184	-0.00420	-0.02086	0.00900	0.00667	-0.00974	0.00450	0.01123	-0.00536	-0.00029	-0.00579	0.00309	(Member $e0 replace)
p204733	0.00779	-0.00558	-0.01170	-0.01571	0.01516	-0.00840	0.00603	-0.01949	0.01797	0.01931	-0.00832	-0.00407	0.00810	-0.01056	-0.01745	-0.00638	(Member $e0 require)
p204734	-0.01949	-0.00156	0.03752	-0.01228	0.04249	-0.01841	-0.01877	-0.00516	0.03669	-0.04488	-0.05539	0.02515	0.02773	-0.01576	-0.02854	0.03838	(Member $e0 spend)
p204735	-0.00132	-0.00379	0.00107	-0.00711	0.01196	-0.00494	0.01275	-0.00993	0.00794	0.00985	-0.00997	0.00136	0.00764	-0.00789	-0.01488	-0.00454	(Member $e0 tell)
p204736	-0.00865	-0.00264	0.00248	-0.00342	-0.00024	-0.00151	0.00135	0.00217	-0.00605	0.00158	0.00978	0.01867	-0.00694	0.00264	-0.00323	-0.00506	(Member $e0 war)
p204737	0.00277	-0.00197	-0.00660	-0.00456	-0.01353	0.00016	0.00452	-0.01568	0.01924	-0.01997	-0.01209	0.00031	0.00157	-0.01173	0.00631	0.01468	(Member $e0 welcome)
p204738	-0.00479	-0.00135	0.00464	0.00407	-0.00091	0.00107	0.00663	0.00088	0.00007	-0.00281	-0.00497	0.00007	-0.00255	0.00196	-0.00141	0.00064	(Member $x0 beauty)
p204739	-0.00359	0.00684	-0.01861	-0.02164	0.03112	-0.02791	0.00025	0.01480	-0.01748	0.03265	0.01471	-0.00747	0.01182	-0.02211	0.01673	-0.01943	(Member $x0 bus)
p204740	-0.00411	-0.00224	0.00093	-0.00119	0.00299	-0.00059	-0.00478	0.00912	-0.00015	-0.00167	-0.00190	0.00469	-0.00463	0.00421	-0.00174	-0.00360	(Member $x0 class)
p204741	0.01254	0.01122	-0.01799	0.01377	0.08988	0.00763	-0.23965	0.27196	0.05427	0.03128	-0.00950	0.00879	-0.11737	0.14630	0.04121	-0.03182	(Member $x0 community)
p204742	-0.00065	0.01097	-0.00242	-0.00100	-0.00966	-0.00327	-0.00638	-0.00125	-0.00064	-0.00129	0.00197	0.00110	0.02211	0.01913	-0.00374	-0.00876	(Member $x0 computer)
p204743	-0.00239	-0.00188	0.00177	0.00341	-0.00085	0.00134	-0.00025	0.00142	0.00483	-0.00122	-0.00627	0.00016	-0.00239	0.00389	-0.00327	-0.00148	(Member $x0 country)
p204744	0.02296	-0.00112	-0.01553	-0.02833	-0.04239	-0.00179	0.07915	-0.10737	-0.02263	0.04225	-0.00873	0.03355	0.00724	-0.03767	-0.02120	0.05475	(Member $x0 crowd)
p204745	0.00813	-0.00962	-0.01878	-0.01426	-0.00582	-0.00771	0.00740	-0.02104	0.00098	0.01110	0.00295	0.01782	0.00367	-0.01338	-0.00198	0.00552	(Member $x0 doctor)
p204746	0.00865	0.00009	-0.01503	-0.00160	-0.02047	0.00378	-0.01372	-0.00438	0.03520	-0.01266	0.00173	-0.00212	0.00055	-0.01355	-0.00245	0.00086	(Member $x0 emmy)
p204747	-0.07798	-0.00185	0.09893	0.15943	-0.03236	0.05640	-0.10826	0.00750	-0.01565	0.06585	0.06706	-0.08097	0.02001	-0.00904	0.04962	0.04576	(Member $x0 father)
p204748	-0.00322	-0.00143	0.00137	0.00272	-0.00029	0.00037	0.00201	0.00419	0.00032	-0.00180	-0.00407	0.00008	-0.00375	0.00328	0.00003	-0.00176	(Member $x0 former)
p204749	0.00326	-0.00496	-0.00652	-0.00560	0.01185	-0.00531	-0.01013	0.00910	0.01095	0.00900	-0.00362	-0.00062	-0.00501	-0.00104	-0.00765	-0.00534	(Member $x0 girl)
p204750	-0.00423	-0.00365	-0.00084	0.00309	0.00248	-0.00340	-0.00546	0.00553	-0.00467	0.00922	0.00383	-0.00567	-0.00458	0.00109	0.00771	-0.00303	(Member $x0 great)
p204751	-0.00197	0.01074	-0.00101	-0.00892	0.00452	0.00442	0.01668	-0.01527	-0.00529	0.00729	0.00035	0.00004	-0.00023	-0.00660	-0.00014	-0.00916	(Member $x0 ground)
p204752	0.00165	-0.00333	-0.01890	-0.00721	0.00323	0.02355	0.00328	-0.01337	0.01713	0.00002	0.01559	0.00347	-0.00102	-0.00680	-0.00724	-0.01772	(Member $x0 group)
p204753	0.01091	-0.00202	-0.00155	-0.00445	-0.01351	-0.00142	-0.00782	-0.01003	-0.00704	-0.00501	-0.00335	-0.00712	0.01937	0.01762	0.00890	-0.00054	(Member $x0 ivy)
p204754	-0.00366	-0.00293	0.00179	0.00574	-0.00207	0.00065	0.00147	0.00081	0.00032	0.00540	0.00068	-0.00247	-0.00205	0.00279	-0.00030	-0.00207	(Member $x0 lady)
p204755	0.00442	0.00636	-0.01031	-0.01235	0.01083	0.02166	0.01128	-0.01571	-0.00283	0.00284	0.00170	-0.01186	0.00380	-0.01193	0.00694	-0.00966	(Member $x0 little)
p204756	0.00475	-0.00266	0.00363	-0.00570	-0.00083	-0.00143	-0.00519	-0.00789	0.00255	-0.00231	-0.00518	0.00144	-0.00295	0.00121	0.00005	-0.00081	(Member $x0 machine)
p204757	0.00900	0.00816	-0.01225	0.04070	0.00781	-0.00483	0.00684	-0.00718	0.00683	-0.00332	-0.00366	0.01404	-0.00360	0.00358	-0.00508	-0.01607	(Member $x0 matter)
p204758	0.00329	0.00283	-0.00739	-0.01074	0.00044	0.02978	0.01495	-0.01385	-0.00524	-0.00954	-0.00368	-0.00639	0.00325	-0.00763	-0.01331	0.01612	(Member $x0 middle)
p204759	0.00808	-0.01092	-0.00917	-0.01166	0.00686	0.02866	-0.00222	0.01538	-0.00225	-0.01327	-0.00858	-0.01405	0.00200	-0.00836	-0.01348	0.02745	(Member $x0 northern)
p204760	0.00528	-0.00317	0.00712	-0.00036	-0.00055	0.00178	-0.02931	0.00702	0.00391	0.00075	-0.00618	-0.00455	-0.00401	0.00380	-0.00423	0.00162	(Member $x0 original)
p204761	0.00309	-0.00445	-0.00184	-0.00749	0.00924	0.00656	0.01426	-0.01336	0.00640	0.00248	-0.01196	-0.00225	-0.00228	-0.00297	-0.01174	-0.00031	(Member $x0 other)
p204762	-0.00244	-0.00521	-0.00607	-0.00074	0.00707	-0.00837	-0.00762	-0.00135	-0.01014	0.02246	0.01124	-0.01072	0.00719	0.00237	0.00942	-0.00805	(Member $x0 personality)
p204763	0.00835	-0.00315	-0.00526	-0.00743	-0.01026	0.01535	-0.00110	-0.01600	0.02235	-0.01190	-0.00023	-0.00336	-0.00435	-0.00575	-0.00714	0.00328	(Member $x0 picture)
p204764	0.00029	-0.00648	-0.01238	-0.00558	-0.00222	0.01524	0.01044	-0.01826	-0.00835	-0.01576	-0.00579	0.00621	0.00418	-0.01062	0.00901	0.00916	(Member $x0 plane)
p204765	0.02247	0.00669	-0.02612	0.06768	0.02511	0.00031	0.00213	-0.00400	0.00461	-0.00418	-0.00628	0.01132	-0.00154	-0.00371	-0.00948	-0.01236	(Member $x0 red)
p204766	0.00302	-0.00196	-0.00984	0.00007	-0.01097	-0.00123	-0.01179	0.00417	0.02537	-0.01163	0.00240	-0.00081	-0.00595	-0.00435	0.00407	0.00602	(Member $x0 region)
p204767	0.00283	0.00238	-0.00822	-0.00363	-0.01351	-0.00320	0.01515	-0.01852	-0.00303	0.00907	-0.00466	0.01425	0.00213	-0.00383	-0.00034	0.00380	(Member $x0 river)
p204768	0.00178	0.00938	-0.01024	-0.01702	0.01497	-0.00106	0.01337	-0.00593	-0.00151	0.00997	0.00160	-0.00561	0.00850	-0.01643	-0.00945	-0.00044	(Member $x0 sea)
p204769	-0.00388	-0.00287	-0.00279	-0.00130	0.00358	-0.00300	-0.00312	-0.00086	-0.00357	0.00256	-0.00215	0.00199	-0.00204	-0.00215	0.00709	-0.00318	(Member $x0 ship)
p204770	0.00348	0.00364	0.00484	-0.00783	-0.00627	0.01187	0.02737	-0.03274	-0.00610	0.00207	-0.00605	0.00693	-0.00175	-0.00422	-0.00560	0.00604	(Member $x0 snow)
p204771	0.00356	-0.00846	-0.01206	0.00221	0.00119	0.06595	-0.00176	-0.00686	-0.00918	0.01198	0.01466	-0.02665	0.00054	-0.00697	-0.01456	0.01891	(Member $x0 southern)
p204772	-0.00316	0.01455	0.00534	0.00275	-0.01050	-0.00362	-0.00623	-0.01004	-0.00657	-0.00272	0.00311	-0.00094	0.00025	-0.00273	0.01527	-0.00215	(Member $x0 store)
p204773	0.01437	0.00264	-0.00482	-0.02396	-0.00426	-0.00045	0.01699	-0.02969	-0.01198	0.02032	0.00638	0.00222	0.00677	-0.02348	-0.01288	0.01244	(Member $x0 sun)
p204774	0.00617	-0.00540	0.00372	-0.01107	0.01025	0.00786	-0.02436	-0.00033	-0.00074	0.00442	-0.00137	0.00055	-0.00122	-0.00255	-0.00923	-0.00501	(Member $x0 system)
p204775	0.00820	-0.01093	-0.00921	-0.01190	0.00683	0.02854	-0.00325	0.01602	-0.00215	-0.01341	-0.00871	-0.01415	0.00206	-0.00845	-0.01358	0.02783	(Member $x0 view)
p204776	0.00461	-0.00330	0.00945	-0.00639	0.00184	-0.00215	-0.00418	-0.00195	-0.00093	-0.00153	-0.00121	-0.00067	-0.00612	0.00272	-0.00362	0.00045	(Member $x0 war)
p204777	0.00870	-0.00755	-0.01136	-0.00088	-0.01667	-0.00488	0.00469	-0.00438	0.01176	-0.00863	0.00175	-0.01605	0.00840	-0.02109	0.00373	0.03366	(Member $x0 widespread)
p204778	0.00943	0.00815	0.02053	-0.00470	-0.02592	0.00709	0.03606	-0.03447	-0.00222	-0.00429	-0.01623	0.00034	0.00201	-0.00256	-0.01840	0.04173	(Member $x0 windshield)
p204779	0.00795	-0.00412	0.00366	-0.00407	0.00850	-0.00484	-0.02352	-0.00199	0.00885	0.01495	-0.00525	-0.01046	-0.00392	0.00182	-0.00659	-0.00105	(Might $e0)
p204780	0.00036	-0.00379	-0.00517	-0.00317	0.00301	0.01205	-0.00035	-0.00555	0.00516	0.00089	-0.00229	0.00059	-0.00263	0.00310	-0.00749	-0.00578	(Permitted $e0)
p204781	-0.05034	-0.00812	0.03961	-0.03694	0.13520	-0.06768	0.43488	-0.13655	-0.02481	-0.04588	0.08126	-0.04931	-0.14044	0.17343	0.08982	0.04559	(Possession $x0 free_soil_party)
p204782	-0.05034	-0.00812	0.03962	-0.03694	0.13521	-0.06769	0.43485	-0.13653	-0.02480	-0.04588	0.08127	-0.04931	-0.14045	0.17343	0.08982	0.04559	(Possession $x0 republican_party)
p204783	0.01742	-0.01091	-0.00511	-0.02291	0.00840	0.00673	0.00395	0.00678	-0.00805	-0.00704	0.00240	-0.01005	0.00645	-0.01323	-0.01375	0.02373	(ProportionOf $x0 $x1 some)
p204784	-0.00288	-0.00289	-0.00403	-0.00197	-0.00089	0.01341	0.00043	-0.00696	-0.00029	-0.00400	0.00952	0.00735	-0.00631	0.00003	0.00174	-0.00796	(Time $e0 $x0)
p204785	0.00003	-0.00138	0.00848	-0.00600	0.00267	-0.00250	-0.00259	0.00231	-0.00175	-0.00192	0.00273	0.00586	-0.00659	0.00287	-0.00324	-0.00450	(Time $e0 later)
p204786	0.01306	-0.02056	-0.05921	-0.03586	0.06207	0.04031	0.07698	-0.03866	-0.02957	-0.03435	-0.00223	0.02871	0.01597	-0.01632	0.00562	-0.00382	(Time $e0 this_year)
p204787	0.02157	-0.00936	-0.02025	-0.00615	-0.03887	-0.00182	-0.00497	-0.02945	-0.01088	0.00546	-0.01107	0.02214	-0.00976	-0.00069	0.01878	0.03879	(Time $e0 tonight)
p204788	0.00321	-0.00622	-0.01718	-0.00933	-0.01283	-0.01183	-0.00925	0.00034	-0.01444	-0.01867	0.01560	0.00031	0.01008	-0.01137	0.04035	0.01165	(TimeAtLeast $e0 (Year <num>))
p204824	-0.07434	-0.01618	0.06492	-0.05671	0.19477	-0.09939	0.65133	-0.21700	-0.03712	-0.07529	0.12129	-0.08401	-0.21239	0.25987	0.13207	0.10305	(And (Agent $e0 $x0) (GroupOf $x1 view) (Theme $e0 $x1) (Theme $e0 $x2))
p204827	0.03752	0.03537	-0.04053	0.03612	0.13896	0.05600	-0.45258	0.46575	0.13421	0.05816	-0.05676	0.05053	-0.25986	0.33866	0.04636	-0.02322	(And (Agent $e0 $x0) (Location $e0 $x1) (Past $e1) (Theme $e1 $e0))
p204829	0.00617	-0.00869	0.03901	-0.00863	-0.10155	0.04476	0.26191	0.11281	0.04211	0.03966	-0.03051	0.08373	0.06407	-0.04523	-0.00645	-0.10222	(And (Agent $e0 $x0) (Location $e0 eskisehir) (Member $e0 build) (Member $x0 company))
p204830	0.00623	-0.00855	0.03908	-0.00859	-0.10196	0.04497	0.26326	0.11191	0.04209	0.03876	-0.03074	0.08391	0.06423	-0.04528	-0.00649	-0.10192	(And (Agent $e0 $x0) (Location $e0 eskisehir) (Member $x0 company) (Past $e0))
p204831	0.00622	-0.00857	0.03907	-0.00860	-0.10189	0.04494	0.26302	0.11207	0.04210	0.03890	-0.03071	0.08388	0.06420	-0.04527	-0.00648	-0.10197	(And (Agent $e0 $x0) (Location $e0 eskisehir) (Member $x0 company) (Patient $e0 $x1))
p204832	0.00620	-0.00862	0.03905	-0.00861	-0.10174	0.04486	0.26250	0.11242	0.04211	0.03922	-0.03062	0.08382	0.06414	-0.04524	-0.00647	-0.10208	(And (Agent $e0 $x0) (Location $e0 eskisehir) (Member $x1 hotel) (Patient $e0 $x1))
p204833	0.03722	0.03566	-0.04032	0.03577	0.13900	0.05583	-0.45009	0.46459	0.13404	0.05862	-0.05682	0.05098	-0.25943	0.33839	0.04598	-0.02371	(And (Agent $e0 $x0) (Location $e1 $x1) (Past $e0) (Theme $e0 $e1))
p204834	0.03697	0.03590	-0.04015	0.03550	0.13899	0.05572	-0.44800	0.46360	0.13391	0.05893	-0.05689	0.05134	-0.25906	0.33815	0.04568	-0.02407	(And (Agent $e0 $x0) (Location $e1 $x1) (Patient $e1 $x2) (Theme $e0 $e1))
p204836	0.01826	-0.00348	0.00098	-0.02047	0.01672	-0.01817	-0.04013	0.03415	0.00184	-0.01331	-0.01660	-0.00236	0.02901	-0.01318	0.00545	-0.00970	(And (Agent $e0 $x0) (Member $e0 write) (Member $x0 person) (Past $e0))
p204837	0.01836	-0.00350	0.00072	-0.02032	0.01634	-0.01820	-0.04028	0.03431	0.00159	-0.01316	-0.01617	-0.00271	0.02908	-0.01323	0.00595	-0.00966	(And (Agent $e0 $x0) (Member $e0 write) (Member $x0 person) (Patient $e0 $x1))
p204838	-0.03748	-0.00829	0.03261	-0.02815	0.09913	-0.05042	0.32202	-0.10444	-0.01801	-0.03724	0.06072	-0.04199	-0.10690	0.13051	0.06613	0.05046	(And (Agent $e0 $x0) (Member $x0 thing) (Theme $e0 $x1) (Theme $e0 $x2))
p204839	0.00938	-0.00096	-0.00881	-0.00826	-0.01878	0.00046	0.00847	-0.02048	0.03557	-0.02510	-0.01707	-0.00496	0.00256	-0.01763	-0.00032	0.02276	(And (Agent $e0 $x0) (Member $x1 new) (Past $e0) (Theme $e0 $x1))
p204840	0.03710	0.03577	-0.04024	0.03566	0.13900	0.05578	-0.44920	0.46418	0.13399	0.05874	-0.05685	0.05114	-0.25927	0.33829	0.04585	-0.02386	(And (Agent $e0 $x0) (Ongoing $e1) (Patient $e1 $x1) (Theme $e0 $e1))
p204843	-0.14729	-0.03044	0.19270	0.30976	-0.05000	0.11781	-0.24173	0.03711	-0.02522	0.14570	0.14344	-0.17769	0.03228	-0.00849	0.09227	0.09683	(And (Agent $e0 $x0) (Past $e0) (Theme $e1 $x1) (To $e0 $e1))
p204845	-0.14731	-0.03045	0.19268	0.30986	-0.04997	0.11787	-0.24213	0.03729	-0.02520	0.14574	0.14348	-0.17779	0.03221	-0.00841	0.09232	0.09685	(And (Agent $e0 $x0) (Past $e1) (Theme $e0 $x1) (To $e1 $e0))
p204846	-0.03760	-0.00834	0.03268	-0.02804	0.09965	-0.05062	0.32083	-0.10312	-0.01782	-0.03712	0.06075	-0.04198	-0.10714	0.13072	0.06618	0.05012	(And (Agent $e0 $x0) (Possession $x1 free_soil_party) (Theme $e0 $x1) (Theme $e0 $x2))
p204847	-0.03757	-0.00833	0.03266	-0.02807	0.09952	-0.05057	0.32115	-0.10348	-0.01787	-0.03715	0.06074	-0.04198	-0.10708	0.13066	0.06617	0.05021	(And (Agent $e0 $x0) (Possession $x1 republican_party) (Theme $e0 $x1) (Theme $e0 $x2))
p204848	0.02398	-0.00837	-0.00700	0.01608	0.01770	-0.01527	0.04290	-0.03371	-0.00783	-0.00035	0.00161	0.03204	0.00942	-0.00976	-0.01919	-0.01132	(And (Before $e0 $e1) (Past $e0) (Past $e1) (Patient $e0 $x0))
p204849	0.01593	-0.00069	-0.01882	-0.01075	-0.02679	-0.00304	-0.00931	-0.02590	-0.01658	-0.00631	0.00671	0.01413	0.06803	0.06714	-0.00922	-0.00730	(And (Cardinality $x0 <num>) (Holder $e0 $x1) (Member $e0 have) (Theme $e0 $x0))
p204850	0.03962	-0.02027	-0.04359	-0.03304	0.05084	0.04884	-0.01083	-0.02302	-0.01858	-0.01594	0.00161	-0.03916	0.01047	-0.00812	0.01654	-0.01280	(And (Cardinality $x0 <num>) (Location $e0 $x1) (Past $e0) (Patient $e0 $x0))
p204852	0.03845	-0.00768	-0.04395	0.11297	0.03385	-0.01136	0.00290	-0.01844	0.01092	-0.00639	-0.00701	0.04634	-0.01044	0.00658	-0.01499	-0.03376	(And (Experiencer $e0 $x0) (Member $e0 bad) (Past $e1) (Result $e1 $e0))
p204854	0.03288	0.08511	-0.02497	0.16030	0.00376	-0.01444	-0.01276	-0.00847	0.01534	-0.03429	-0.00041	-0.01032	0.00616	-0.00600	0.00961	-0.01465	(And (Experiencer $e0 $x0) (Member $e1 get) (Ongoing $e1) (Result $e1 $e0))
p204859	0.03847	-0.00767	-0.04398	0.11275	0.03417	-0.01138	0.00319	-0.01849	0.01105	-0.00647	-0.00728	0.04653	-0.01048	0.00656	-0.01525	-0.03388	(And (Experiencer $e0 $x0) (Member $x0 bad) (Past $e1) (Result $e1 $e0))
p204861	0.00734	-0.00003	-0.01183	-0.00232	-0.01607	0.00228	-0.00824	-0.00513	0.02814	-0.01114	-0.00113	-0.00217	0.00130	-0.01187	-0.00122	0.00292	(And (For $e0 $e1) (Member $e0 win) (Member $e1 portray) (Past $e0))
p204862	0.00733	-0.00008	-0.01183	-0.00212	-0.01603	0.00231	-0.00933	-0.00450	0.02820	-0.01106	-0.00105	-0.00231	0.00118	-0.01169	-0.00112	0.00293	(And (For $e0 $e1) (Member $e0 win) (Member $e1 portray) (Theme $e0 $x0))
p204863	0.00733	-0.00007	-0.01183	-0.00218	-0.01604	0.00230	-0.00901	-0.00469	0.02818	-0.01109	-0.00108	-0.00227	0.00121	-0.01174	-0.00115	0.00293	(And (For $e0 $e1) (Member $e1 portray) (Member $x0 emmy) (Theme $e0 $x0))
p204864	0.00733	-0.00007	-0.01183	-0.00215	-0.01604	0.00231	-0.00914	-0.00461	0.02819	-0.01108	-0.00107	-0.00228	0.00120	-0.01172	-0.00114	0.00293	(And (For $e0 $e1) (Member $e1 portray) (Past $e0) (Theme $e0 $x0))
p204865	0.03778	-0.01877	-0.04184	-0.03082	0.05142	0.03247	-0.02753	-0.00693	-0.01877	-0.01231	0.00597	-0.03221	0.01158	-0.00751	0.02007	-0.01751	(And (GroupOf $x0 person) (Member $e0 kill) (Past $e0) (Patient $e0 $x0))
p204875	-0.07524	-0.01671	0.06539	-0.05603	0.19948	-0.10133	0.64122	-0.20572	-0.03558	-0.07418	0.12151	-0.08397	-0.21438	0.26153	0.13239	0.10012	(And (GroupOf $x0 view) (Past $e0) (Theme $e0 $x0) (Theme $e0 $x1))
p204876	-0.03765	-0.00837	0.03271	-0.02799	0.09987	-0.05071	0.32033	-0.10257	-0.01775	-0.03706	0.06076	-0.04198	-0.10725	0.13081	0.06620	0.04997	(And (GroupOf $x0 view) (Possession $x0 free_soil_party) (Theme $e0 $x0) (Theme $e0 $x1))
p204877	-0.03765	-0.00836	0.03270	-0.02800	0.09986	-0.05070	0.32037	-0.10261	-0.01775	-0.03707	0.06076	-0.04198	-0.10724	0.13080	0.06620	0.04998	(And (GroupOf $x0 view) (Possession $x0 republican_party) (Theme $e0 $x0) (Theme $e0 $x1))
p204878	-0.03746	-0.00828	0.03260	-0.02816	0.09898	-0.05036	0.32229	-0.10474	-0.01805	-0.03727	0.06072	-0.04199	-0.10684	0.13046	0.06613	0.05054	(And (GroupOf $x0 view) (Possession $x1 free_soil_party) (Theme $e0 $x0) (Theme $e0 $x1))
p204879	-0.03741	-0.00825	0.03257	-0.02821	0.09873	-0.05026	0.32289	-0.10538	-0.01814	-0.03733	0.06070	-0.04199	-0.10672	0.13036	0.06610	0.05070	(And (GroupOf $x0 view) (Possession $x1 republican_party) (Theme $e0 $x0) (Theme $e0 $x1))
p204882	0.03739	0.03550	-0.04043	0.03596	0.13899	0.05591	-0.45146	0.46523	0.13413	0.05838	-0.05678	0.05073	-0.25967	0.33854	0.04619	-0.02344	(And (Location $e0 $x0) (Ongoing $e0) (Past $e1) (Theme $e1 $e0))
p204883	0.03742	0.03547	-0.04046	0.03601	0.13898	0.05593	-0.45177	0.46537	0.13416	0.05831	-0.05678	0.05068	-0.25972	0.33858	0.04623	-0.02338	(And (Location $e0 $x0) (Past $e1) (Patient $e0 $x1) (Theme $e1 $e0))
p204889	0.00616	-0.00873	0.03898	-0.00866	-0.10144	0.04469	0.26158	0.11301	0.04210	0.03995	-0.03043	0.08368	0.06403	-0.04523	-0.00645	-0.10230	(And (Location $e0 eskisehir) (Member $e0 build) (Member $x0 hotel) (Patient $e0 $x0))
p204890	0.00633	-0.00843	0.03913	-0.00861	-0.10244	0.04519	0.26501	0.11062	0.04200	0.03789	-0.03095	0.08412	0.06445	-0.04541	-0.00656	-0.10158	(And (Location $e0 eskisehir) (Member $x0 hotel) (Past $e0) (Patient $e0 $x0))
p204893	0.03847	-0.00767	-0.04398	0.11275	0.03417	-0.01138	0.00319	-0.01849	0.01105	-0.00647	-0.00728	0.04653	-0.01048	0.00656	-0.01526	-0.03388	(And (Member $e0 bad) (Past $e1) (Patient $e1 $x0) (Result $e1 $e0))
p204894	0.01733	-0.00644	0.02981	-0.02102	0.01467	-0.00399	-0.00450	-0.01641	-0.00036	-0.00025	-0.00606	-0.00010	-0.00084	-0.00380	-0.02185	0.00404	(And (Member $e0 bear) (Member $x0 person) (Past $e0) (Patient $e0 $x0))
p204895	0.03055	0.03704	-0.01701	0.01553	0.15747	0.02832	-0.42528	0.45926	0.11699	0.04570	-0.05347	0.02967	-0.21869	0.25908	0.02328	-0.00524	(And (Member $e0 begin) (Ongoing $e1) (Patient $e1 $x0) (Theme $e0 $e1))
p204896	0.03011	0.03739	-0.01668	0.01507	0.15740	0.02815	-0.42282	0.45817	0.11677	0.04627	-0.05361	0.03005	-0.21783	0.25841	0.02272	-0.00555	(And (Member $e0 begin) (Past $e0) (Patient $e1 $x0) (Theme $e0 $e1))
p204901	0.03824	0.02866	0.03347	-0.00433	-0.08961	0.04833	0.07125	-0.14741	0.00948	0.00911	-0.04227	0.02441	-0.02281	0.04457	-0.03131	0.08654	(And (Member $e0 start) (Past $e0) (Patient $e1 $x0) (Theme $e0 $e1))
p204902	0.00341	-0.02104	0.00494	-0.00604	-0.05255	0.01304	0.01957	-0.04735	-0.02847	0.01905	0.02937	0.05183	0.00035	-0.00995	-0.00990	0.03593	(And (Member $e0 stop) (Past $e0) (Past $e1) (Theme $e0 $e1))
p204903	0.03848	-0.00767	-0.04398	0.11273	0.03419	-0.01138	0.00322	-0.01850	0.01106	-0.00647	-0.00730	0.04654	-0.01048	0.00656	-0.01528	-0.03388	(And (Member $x0 bad) (Past $e0) (Patient $e0 $x0) (Result $e0 $e1))
p204905	-0.03738	-0.00823	0.03255	-0.02823	0.09859	-0.05020	0.32321	-0.10574	-0.01819	-0.03736	0.06069	-0.04199	-0.10666	0.13030	0.06609	0.05079	(And (Member free_soil_party party) (Possession $x0 free_soil_party) (Theme $e0 $x0) (Theme $e0 $x1))
p204906	-0.03758	-0.00834	0.03267	-0.02806	0.09955	-0.05058	0.32105	-0.10337	-0.01786	-0.03714	0.06074	-0.04198	-0.10710	0.13068	0.06617	0.05018	(And (Member republican_party party) (Possession $x0 republican_party) (Theme $e0 $x0) (Theme $e0 $x1))
p204909	0.03155	0.03067	0.05661	-0.02637	-0.07124	0.02064	0.10418	-0.15657	-0.00785	-0.00411	-0.03958	0.00426	0.01893	-0.03609	-0.05517	0.10471	(And (Ongoing $e0) (Past $e1) (Patient $e1 $x0) (Theme $e1 $e0))
p204911	-0.03721	-0.00812	0.03248	-0.02833	0.09765	-0.04980	0.32515	-0.10792	-0.01848	-0.03758	0.06066	-0.04200	-0.10629	0.13001	0.06604	0.05136	(And (Past $e0) (Possession $x0 free_soil_party) (Theme $e0 $x0) (Theme $e0 $x1))
p204912	-0.03763	-0.00836	0.03270	-0.02801	0.09980	-0.05068	0.32048	-0.10274	-0.01777	-0.03708	0.06076	-0.04198	-0.10722	0.13078	0.06620	0.05002	(And (Past $e0) (Possession $x0 republican_party) (Theme $e0 $x0) (Theme $e0 $x1))
p204913	-0.03765	-0.00837	0.03271	-0.02799	0.09988	-0.05071	0.32031	-0.10255	-0.01774	-0.03706	0.06076	-0.04198	-0.10725	0.13082	0.06620	0.04997	(And (Possession $x0 free_soil_party) (Possession $x1 republican_party) (Theme $e0 $x0) (Theme $e0 $x1))
p205979	-0.00870	0.01742	0.01615	-0.01986	0.04394	-0.02759	-0.00283	0.00037	-0.00428	-0.00969	-0.01264	0.02405	0.02594	-0.01472	-0.01597	-0.01101	(And (Agent $e0 $x0) (Before $e0 $e1) (Past $e1))
p205980	0.00823	-0.00285	-0.01529	-0.01520	-0.02912	0.00091	0.04548	-0.05680	-0.01737	0.01353	-0.00443	0.02486	0.00389	-0.01400	0.00450	0.03033	(And (Agent $e0 $x0) (Cardinality $x0 <num>) (Past $e0))
p205981	0.02787	-0.02382	-0.04425	-0.08857	0.14248	-0.06124	0.04470	-0.02993	0.04108	0.09076	-0.02782	-0.01121	0.06983	-0.07472	-0.08861	-0.02435	(And (Agent $e0 $x0) (Cardinality $x1 <num>) (Theme $e0 $x1))
p205985	0.02873	-0.00315	-0.03455	0.04613	0.02475	-0.02257	0.05107	-0.01901	-0.00755	-0.00244	-0.00081	0.00454	0.01490	-0.01432	0.01523	-0.02146	(And (Agent $e0 $x0) (Experiencer $e1 $x1) (Result $e0 $e1))
p205986	-0.00759	0.05110	-0.00138	0.00053	-0.00139	-0.01792	0.00528	-0.00665	-0.00829	-0.00070	0.00896	-0.00675	0.00927	-0.01082	0.02607	-0.02205	(And (Agent $e0 $x0) (GroupOf $x0 boy) (Ongoing $e0))
p205987	-0.00336	0.02633	-0.01043	-0.01766	0.01104	0.03179	0.05663	-0.04629	-0.00932	0.00221	-0.00326	0.00107	0.01109	-0.01848	-0.00809	-0.01693	(And (Agent $e0 $x0) (GroupOf $x0 child) (Location $e0 $x1))
p205988	-0.00336	0.02584	-0.00677	-0.01611	0.02110	-0.00379	0.02121	-0.01974	-0.00084	0.01898	0.00012	-0.00470	0.00904	-0.01712	-0.00598	-0.01849	(And (Agent $e0 $x0) (GroupOf $x0 child) (Member $e0 play))
p205989	0.00646	0.00048	-0.01310	-0.03298	0.00343	0.05235	0.12779	-0.09730	-0.00743	0.01357	-0.01807	0.01772	0.03353	-0.03629	-0.04561	-0.00362	(And (Agent $e0 $x0) (Location $e0 $x1) (Member $x0 person))
p205990	0.00618	-0.00864	0.03903	-0.00862	-0.10166	0.04482	0.26227	0.11258	0.04211	0.03940	-0.03058	0.08378	0.06411	-0.04524	-0.00646	-0.10214	(And (Agent $e0 $x0) (Location $e0 eskisehir) (Member $x0 company))
p205991	0.01851	-0.00353	0.00033	-0.02013	0.01575	-0.01823	-0.04034	0.03442	0.00121	-0.01297	-0.01552	-0.00324	0.02919	-0.01332	0.00668	-0.00958	(And (Agent $e0 $x0) (Member $e0 write) (Member $x0 person))
p205992	0.02232	-0.00824	-0.03027	-0.02023	-0.03522	-0.01101	0.04482	-0.05591	-0.02256	0.04011	0.00209	0.02788	0.00529	-0.01824	0.01575	0.02031	(And (Agent $e0 $x0) (Member $e1 try) (Theme $e1 $e0))
p205993	-0.02443	0.01599	0.03218	0.01718	0.01342	0.00312	-0.01842	-0.00518	-0.00791	-0.01327	-0.00020	0.01315	0.02221	-0.01042	-0.00695	0.00700	(And (Agent $e0 $x0) (Member $x0 family) (Past $e0))
p205994	-0.14409	-0.02723	0.19315	0.31037	-0.05940	0.11870	-0.22458	0.02791	-0.02182	0.12493	0.12640	-0.15738	0.03153	-0.00651	0.08237	0.09970	(And (Agent $e0 $x0) (Member $x0 father) (Past $e0))
p205995	0.03755	-0.02221	-0.04223	-0.01270	-0.07160	-0.00437	0.00082	-0.04563	0.00532	-0.01629	-0.01067	0.01974	-0.00527	-0.01319	0.05426	0.05514	(And (Agent $e0 $x0) (Member $x0 man) (Past $e0))
p205996	-0.00236	-0.00420	-0.00969	-0.00559	-0.00093	0.01693	0.01336	-0.02388	-0.00711	-0.01360	-0.00534	0.00988	0.00160	-0.00663	0.01006	-0.00034	(And (Agent $e0 $x0) (Member $x0 plane) (Past $e0))
p205997	0.01977	-0.00383	-0.01718	0.02066	0.01097	-0.01515	0.00551	-0.00270	-0.00638	-0.00472	0.00001	-0.00319	0.00432	-0.00370	0.02831	-0.01811	(And (Agent $e0 $x0) (Member $x1 door) (Patient $e0 $x1))
p205998	-0.06948	-0.01425	0.09359	0.15516	-0.03557	0.05913	-0.11160	0.01077	-0.00280	0.06353	0.06595	-0.08601	0.01771	-0.00865	0.04219	0.05370	(And (Agent $e0 $x0) (Member $x1 thing) (Theme $e0 $x1))
p205999	0.00664	-0.00414	-0.01068	-0.01715	0.01544	-0.00916	0.01030	-0.01800	0.01983	0.00745	-0.01061	-0.00450	0.00483	-0.01717	-0.01142	0.00184	(And (Agent $e0 $x0) (PartOf $x1 $x2) (Theme $e0 $x1))
p206000	-0.00904	0.02552	-0.00494	-0.01100	0.00532	-0.00141	0.02729	-0.02472	-0.00923	0.00255	-0.00090	0.01818	0.02033	-0.01831	-0.00016	-0.02007	(And (Agent $e0 $x0) (Past $e1) (Stimulus $e1 $e0))
p206002	0.00518	-0.00377	-0.00679	-0.01721	0.01547	-0.00857	0.02051	-0.02343	0.02188	0.00471	-0.01438	-0.00312	0.00739	-0.01986	-0.01595	0.00512	(And (Agent $e0 $x0) (Possession $x1 $x2) (Theme $e0 $x1))
p206004	-0.14723	-0.03043	0.19283	0.30935	-0.05013	0.11753	-0.23997	0.03639	-0.02526	0.14552	0.14330	-0.17730	0.03256	-0.00882	0.09205	0.09676	(And (Agent $e0 $x0) (Theme $e1 $x1) (To $e0 $e1))
p206006	-0.00103	-0.00461	-0.01037	-0.01806	0.00698	-0.01385	0.02918	0.00434	-0.01915	0.00123	0.02899	0.01060	0.00927	-0.01385	-0.00346	0.00725	(And (Because $e0 $e1) (Past $e0) (Past $e1))
p206007	-0.02296	-0.00192	0.02863	-0.02047	0.08066	-0.03405	-0.03243	0.04814	0.00149	-0.00907	-0.02221	0.03466	0.02030	-0.00820	-0.03225	-0.00600	(And (Before $e0 $e1) (Measure $e0 duration <num> year) (Past $e1))
p206008	0.02396	-0.00837	-0.00695	0.01607	0.01774	-0.01526	0.04298	-0.03378	-0.00782	-0.00035	0.00156	0.03206	0.00942	-0.00977	-0.01925	-0.01130	(And (Before $e0 $e1) (Past $e1) (Patient $e0 $x0))
p206009	0.01579	-0.00064	-0.01876	-0.01065	-0.02671	-0.00307	-0.00955	-0.02550	-0.01656	-0.00621	0.00681	0.01410	0.06791	0.06731	-0.00907	-0.00749	(And (Cardinality $x0 <num>) (Holder $e0 $x1) (Theme $e0 $x0))
p206010	0.03956	-0.02026	-0.04358	-0.03309	0.05122	0.04864	-0.01064	-0.02272	-0.01859	-0.01598	0.00167	-0.03912	0.01033	-0.00796	0.01663	-0.01303	(And (Cardinality $x0 <num>) (Location $e0 $x1) (Patient $e0 $x0))
p206011	-0.00116	0.01614	0.00536	0.01863	-0.01443	-0.00907	-0.00997	0.00250	0.00978	0.00217	0.03780	-0.00373	-0.00003	-0.00565	0.01125	-0.01213	(And (During $e0 $e1) (Past $e0) (Past $e1))
p206013	0.03288	0.08511	-0.02497	0.16030	0.00375	-0.01444	-0.01276	-0.00849	0.01533	-0.03429	-0.00040	-0.01032	0.00616	-0.00600	0.00962	-0.01464	(And (Experiencer $e0 $x0) (Member $e1 get) (Result $e1 $e0))
p206015	0.03432	-0.00676	-0.03592	0.05551	0.03125	-0.01742	0.02313	-0.01061	0.00211	-0.01149	-0.00774	0.01899	0.00131	-0.00388	-0.00072	-0.01860	(And (Experiencer $e0 $x0) (Member $e1 leave) (Result $e1 $e0))
p206017	0.04458	-0.01076	-0.03043	0.12548	0.03595	-0.01409	-0.02457	0.01083	0.00922	-0.01130	-0.00445	0.01400	-0.00645	0.00039	-0.01322	-0.00053	(And (Experiencer $e0 $x0) (Member $e1 turn) (Result $e1 $e0))
p206018	-0.00856	-0.00586	0.00360	-0.02405	0.04344	-0.02715	0.00701	0.04057	-0.01225	-0.00828	0.00489	0.01058	0.02441	-0.02069	-0.02046	0.01673	(And (Experiencer $e0 $x0) (Member $x0 person) (Past $e0))
p206020	0.03345	0.08499	-0.02548	0.16022	0.00189	-0.01386	-0.01070	-0.01200	0.01468	-0.03438	-0.00004	-0.01061	0.00652	-0.00649	0.00984	-0.01335	(And (Experiencer $e0 $x0) (Ongoing $e1) (Result $e1 $e0))
p206021	0.02500	-0.00715	-0.01910	0.01616	-0.00403	-0.02011	0.02012	0.02780	-0.01043	-0.00078	0.00808	0.02716	0.01628	-0.01778	-0.01700	0.02709	(And (Experiencer $e0 $x0) (Past $e1) (Theme $e1 $e0))
p206022	0.00732	-0.00014	-0.01184	-0.00190	-0.01600	0.00236	-0.01057	-0.00380	0.02827	-0.01098	-0.00097	-0.00246	0.00105	-0.01150	-0.00100	0.00293	(And (For $e0 $e1) (Member $e0 win) (Member $e1 portray))
p206023	0.00733	-0.00006	-0.01183	-0.00219	-0.01605	0.00230	-0.00891	-0.00474	0.02818	-0.01109	-0.00108	-0.00226	0.00122	-0.01176	-0.00116	0.00293	(And (For $e0 $e1) (Member $e1 portray) (Past $e0))
p206024	0.00733	-0.00006	-0.01183	-0.00218	-0.01605	0.00230	-0.00896	-0.00471	0.02818	-0.01109	-0.00108	-0.00226	0.00122	-0.01175	-0.00115	0.00293	(And (For $e0 $e1) (Member $e1 portray) (Theme $e0 $x0))
p206028	-0.07469	-0.01643	0.06508	-0.05652	0.19687	-0.10027	0.64713	-0.21227	-0.03648	-0.07480	0.12137	-0.08398	-0.21319	0.26050	0.13215	0.10180	(And (GroupOf $x0 view) (Theme $e0 $x0) (Theme $e0 $x1))
p206032	0.00135	-0.00451	-0.00257	-0.00226	0.00374	0.03310	0.00636	-0.01466	-0.00106	-0.00474	-0.00354	-0.00260	-0.00691	0.00279	-0.00851	-0.00129	(And (Location $e0 $x0) (Member $e0 live) (Member $x0 house))
p206033	0.01106	-0.01723	-0.01449	-0.02435	0.00976	0.05243	0.04755	-0.03725	-0.00147	0.01329	-0.01479	-0.00254	0.01628	-0.02280	-0.03660	0.01554	(And (Location $e0 $x0) (Member $e0 sleep) (Member $x0 couch))
p206034	-0.00163	-0.00802	-0.01599	-0.00847	0.00612	0.04653	0.02247	-0.02962	-0.00605	-0.00586	0.01519	0.00598	-0.00549	-0.00516	-0.00688	-0.00909	(And (Location $e0 $x0) (Member $x0 bench) (Past $e0))
p206035	0.03735	0.03553	-0.04041	0.03593	0.13899	0.05590	-0.45120	0.46511	0.13412	0.05843	-0.05679	0.05078	-0.25962	0.33851	0.04615	-0.02350	(And (Location $e0 $x0) (Past $e1) (Theme $e1 $e0))
p206037	0.00615	-0.00878	0.03895	-0.00869	-0.10133	0.04463	0.26127	0.11320	0.04209	0.04023	-0.03035	0.08363	0.06400	-0.04523	-0.00644	-0.10239	(And (Location $e0 eskisehir) (Member $x0 hotel) (Patient $e0 $x0))
p206038	0.03849	-0.00767	-0.04400	0.11255	0.03444	-0.01139	0.00349	-0.01858	0.01116	-0.00653	-0.00750	0.04669	-0.01051	0.00653	-0.01549	-0.03397	(And (Member $e0 bad) (Past $e1) (Result $e1 $e0))
p206039	0.01746	-0.00649	0.02957	-0.02119	0.01501	-0.00405	-0.00471	-0.01629	-0.00030	-0.00030	-0.00605	-0.00009	-0.00109	-0.00364	-0.02187	0.00398	(And (Member $e0 bear) (Member $x0 person) (Patient $e0 $x0))
p206040	0.03044	0.03712	-0.01693	0.01539	0.15747	0.02827	-0.42464	0.45896	0.11693	0.04586	-0.05350	0.02977	-0.21849	0.25891	0.02313	-0.00532	(And (Member $e0 begin) (Patient $e1 $x0) (Theme $e0 $e1))
p206042	0.00342	-0.02104	0.00494	-0.00604	-0.05259	0.01305	0.01955	-0.04736	-0.02848	0.01904	0.02938	0.05181	0.00036	-0.00996	-0.00989	0.03596	(And (Member $e0 stop) (Past $e1) (Theme $e0 $e1))
p206043	0.03851	-0.00766	-0.04402	0.11237	0.03470	-0.01140	0.00381	-0.01870	0.01124	-0.00658	-0.00770	0.04684	-0.01052	0.00650	-0.01571	-0.03404	(And (Member $x0 bad) (Past $e0) (Patient $e0 $x0))
p206044	0.01370	0.01623	0.00352	-0.01370	0.00981	-0.01565	-0.00880	-0.00341	-0.00927	-0.00910	0.00805	-0.01186	0.00974	-0.00632	0.02044	-0.01224	(And (Member $x0 fire) (Past $e0) (Patient $e0 $x0))
p206045	0.00346	-0.00049	-0.01009	0.00019	-0.01130	0.00159	-0.01317	0.00111	0.02509	-0.00750	0.00697	0.00234	-0.00401	-0.00316	-0.00119	-0.00270	(And (Member $x0 house) (Past $e0) (Theme $e0 $x0))
p206046	0.00514	-0.00202	-0.00934	-0.00330	-0.01195	0.01637	0.00150	-0.01451	0.02261	-0.01190	-0.00063	-0.00251	-0.00230	-0.00635	-0.00517	0.00323	(And (Member $x0 picture) (Past $e0) (Theme $e0 $x0))
p206047	-0.00041	0.00004	0.00531	0.00011	-0.00981	0.00272	-0.00764	-0.00412	0.02107	-0.00771	0.00678	0.00247	-0.00350	-0.00496	-0.00401	-0.00053	(And (Member $x0 song) (Past $e0) (Theme $e0 $x0))
p206048	0.00713	-0.00500	0.00687	-0.00009	-0.00151	-0.00474	-0.00177	-0.00210	-0.00648	0.01799	0.01177	-0.01190	-0.00531	0.00113	0.00396	-0.00158	(And (Member $x0 thing) (Obligated $e0) (Patient $e0 $x0))
p206049	0.00957	0.03785	0.01454	-0.00137	-0.02629	-0.00685	0.03795	-0.03233	-0.00741	0.02466	-0.00079	-0.00746	0.00989	-0.01389	-0.00343	0.01524	(And (Ongoing $e0) (Patient $e1 $x0) (Theme $e0 $e1))
p206052	0.01957	-0.00215	-0.02284	-0.02150	-0.05085	-0.00341	0.06501	-0.08762	-0.02694	0.04570	0.00128	0.03405	0.00499	-0.02985	-0.00497	0.05655	(And (Past $e0) (Recipient $e1 $x0) (Theme $e0 $e1))
p206053	0.01538	-0.01577	-0.02041	-0.02013	-0.00931	-0.00621	0.01927	-0.03339	-0.00231	0.03573	0.00924	0.02152	0.00278	-0.01104	-0.02156	0.01245	(And (Past $e0) (Theme $e0 $e1) (Theme $e1 $x0))
p206054	-0.03744	-0.00827	0.03259	-0.02818	0.09892	-0.05033	0.32248	-0.10495	-0.01808	-0.03729	0.06071	-0.04199	-0.10681	0.13043	0.06611	0.05059	(And (Possession $x0 free_soil_party) (Theme $e0 $x0) (Theme $e0 $x1))
p206055	-0.03754	-0.00832	0.03264	-0.02809	0.09939	-0.05052	0.32142	-0.10378	-0.01791	-0.03718	0.06073	-0.04199	-0.10702	0.13061	0.06616	0.05029	(And (Possession $x0 republican_party) (Theme $e0 $x0) (Theme $e0 $x1))
p206419	0.00927	-0.00277	-0.00837	0.00915	0.00388	-0.00262	0.00247	0.00177	0.00143	-0.00435	-0.00522	-0.00106	-0.00194	-0.00080	-0.00248	0.00284	(And (Inheritance living_room room) (Member $x0 living_room))
p206538	-0.00267	-0.00110	0.00168	0.00260	-0.00074	0.00055	0.00045	0.00386	0.00042	-0.00184	-0.00329	-0.00000	-0.00305	0.00277	0.00006	-0.00056	(And (Inheritance metropolitan_statistical_area area) (Inheritance metropolitan_statistical_area metropolitan))
p206589	0.00054	-0.00364	-0.00496	-0.00845	0.01355	-0.00672	-0.00056	-0.00352	0.00334	0.01311	-0.00332	-0.00329	-0.00007	-0.00684	-0.00357	-0.00423	(Inheritance border_section section)
p206590	0.00166	-0.00458	-0.00156	0.00133	-0.00631	0.02038	-0.00083	-0.00829	-0.00725	-0.00834	0.00077	-0.01078	0.00268	-0.00068	0.01509	0.00060	(Inheritance dung_beetle beetle)
p206591	0.00927	-0.00277	-0.00837	0.00915	0.00386	-0.00262	0.00250	0.00175	0.00143	-0.00435	-0.00522	-0.00106	-0.00193	-0.00080	-0.00248	0.00284	(Inheritance living_room room)
p206592	-0.00267	-0.00111	0.00167	0.00260	-0.00074	0.00055	0.00043	0.00387	0.00042	-0.00184	-0.00329	-0.00000	-0.00304	0.00276	0.00006	-0.00056	(Inheritance metropolitan_statistical_area metropolitan)
p206645	0.00030	-0.00492	-0.01205	-0.00371	-0.01822	-0.00227	-0.00366	-0.01882	-0.01218	-0.01139	0.00144	0.00778	0.00326	-0.00659	0.02431	0.01159	(And (Agent $e0 $x0) (Goal $e0 $x1) (Member $e0 come) (Past $e0))
p206646	0.03755	0.03535	-0.04055	0.03615	0.13896	0.05601	-0.45276	0.46583	0.13422	0.05814	-0.05675	0.05050	-0.25989	0.33868	0.04638	-0.02318	(And (Agent $e0 $x0) (Location $e0 $x1) (Ongoing $e0) (Patient $e0 $x2))
p206647	0.03720	0.03568	-0.04031	0.03576	0.13900	0.05582	-0.44997	0.46453	0.13404	0.05863	-0.05683	0.05100	-0.25941	0.33837	0.04596	-0.02373	(And (Agent $e0 $x0) (Location $e0 $x1) (Patient $e0 $x2) (Theme $e1 $e0))
p206648	0.00620	-0.00860	0.03905	-0.00860	-0.10177	0.04488	0.26262	0.11234	0.04211	0.03914	-0.03065	0.08383	0.06415	-0.04525	-0.00647	-0.10205	(And (Agent $e0 $x0) (Location $e0 eskisehir) (Member $e0 build) (Past $e0))
p206649	0.00626	-0.00851	0.03910	-0.00859	-0.10209	0.04503	0.26373	0.11157	0.04207	0.03850	-0.03081	0.08397	0.06429	-0.04531	-0.00651	-0.10182	(And (Agent $e0 $x0) (Location $e0 eskisehir) (Member $e0 build) (Patient $e0 $x1))
p206650	0.00613	-0.00883	0.03892	-0.00872	-0.10121	0.04455	0.26095	0.11337	0.04207	0.04055	-0.03026	0.08357	0.06396	-0.04524	-0.00644	-0.10247	(And (Agent $e0 $x0) (Location $e0 eskisehir) (Past $e0) (Patient $e0 $x1))
p206651	0.04375	-0.01957	-0.04934	-0.03084	0.04941	0.03379	-0.03765	-0.00206	-0.01838	-0.01697	0.00104	-0.04303	0.01682	-0.00910	0.03124	-0.01516	(And (Agent $e0 $x0) (Manner $e0 directly) (Past $e0) (Patient $e0 $x1))
p206652	0.00903	-0.00140	-0.00838	-0.00749	-0.01964	0.00130	0.00989	-0.02169	0.03479	-0.02524	-0.01708	-0.00458	0.00270	-0.01735	-0.00016	0.02317	(And (Agent $e0 $x0) (Member $e0 capture) (Past $e0) (Theme $e0 $x1))
p206653	-0.02128	-0.00156	0.03422	-0.01174	0.04359	-0.01857	-0.01947	-0.00272	0.03579	-0.04402	-0.05232	0.02628	0.02894	-0.01684	-0.02705	0.03708	(And (Agent $e0 $x0) (Member $e0 spend) (Past $e0) (Theme $e0 $x1))
p206654	0.01794	-0.00338	0.00208	-0.02130	0.01816	-0.01802	-0.03819	0.03237	0.00276	-0.01406	-0.01855	-0.00073	0.02884	-0.01319	0.00319	-0.00974	(And (Agent $e0 $x0) (Member $e0 write) (Past $e0) (Patient $e0 $x1))
p206655	-0.00627	0.05864	-0.00095	0.00005	-0.00953	-0.01499	-0.00909	-0.00267	0.03151	-0.03051	-0.00288	-0.01292	0.00864	-0.01717	0.01417	-0.00032	(And (Agent $e0 $x0) (Ongoing $e0) (Past $e0) (Theme $e0 $x1))
p206656	0.03671	0.03617	-0.03997	0.03520	0.13894	0.05560	-0.44562	0.46245	0.13374	0.05921	-0.05697	0.05174	-0.25864	0.33788	0.04534	-0.02444	(And (Agent $e0 $x0) (Ongoing $e0) (Patient $e0 $x1) (Theme $e1 $e0))
p206657	-0.03727	-0.00816	0.03250	-0.02830	0.09799	-0.04995	0.32444	-0.10713	-0.01838	-0.03750	0.06067	-0.04200	-0.10642	0.13011	0.06606	0.05116	(And (Agent $e0 $x0) (Past $e0) (Theme $e0 $x1) (Theme $e0 $x2))
p206658	0.04659	0.07098	-0.07197	-0.09065	0.07712	0.03320	0.00080	0.14162	-0.06128	-0.04346	0.07760	-0.11247	0.12521	-0.09522	-0.04063	0.10170	(And (Experiencer $e0 $x0) (Location $e0 $x1) (Ongoing $e0) (Past $e0))
p206659	0.03743	0.03546	-0.04046	0.03600	0.13898	0.05593	-0.45178	0.46537	0.13415	0.05835	-0.05677	0.05068	-0.25972	0.33857	0.04623	-0.02339	(And (Location $e0 $x0) (Ongoing $e0) (Patient $e0 $x1) (Theme $e1 $e0))
p206660	0.00617	-0.00867	0.03902	-0.00863	-0.10159	0.04478	0.26205	0.11272	0.04211	0.03957	-0.03053	0.08375	0.06408	-0.04523	-0.00646	-0.10219	(And (Location $e0 eskisehir) (Member $e0 build) (Past $e0) (Patient $e0 $x0))
p206661	0.03309	0.08506	-0.02514	0.16035	0.00294	-0.01417	-0.01205	-0.00987	0.01506	-0.03431	-0.00023	-0.01048	0.00629	-0.00617	0.00975	-0.01409	(And (Member $e0 get) (Ongoing $e0) (Patient $e0 $x0) (Result $e0 $e1))
p206792	0.00825	-0.00918	-0.01367	-0.02663	0.03609	-0.00174	0.01055	-0.02143	0.01393	0.02585	-0.01161	-0.00437	0.00650	-0.01706	-0.02544	-0.00704	(And (Agent $e0 $x0) (Future $e0) (Theme $e0 $x1))
p206793	0.00017	-0.00487	-0.01208	-0.00346	-0.01823	-0.00241	-0.00427	-0.01800	-0.01231	-0.01114	0.00180	0.00758	0.00327	-0.00647	0.02474	0.01128	(And (Agent $e0 $x0) (Goal $e0 $x1) (Member $e0 come))
p206794	0.01327	-0.00452	-0.01287	-0.01366	-0.01289	-0.00461	0.01250	-0.02474	0.02269	-0.00829	-0.01098	-0.00350	0.00475	-0.01818	-0.00139	0.01629	(And (Agent $e0 $x0) (Goal $e0 $x1) (Theme $e0 $x2))
p206795	-0.00803	-0.00350	-0.00715	0.00388	-0.01586	-0.00250	-0.00620	-0.01746	-0.00328	-0.02381	-0.00056	0.00910	0.00577	-0.00915	0.03512	0.01588	(And (Agent $e0 $x0) (Goal $e0 home) (Past $e0))
p206796	0.00632	-0.00844	0.03912	-0.00861	-0.10237	0.04516	0.26476	0.11082	0.04201	0.03800	-0.03093	0.08409	0.06442	-0.04539	-0.00655	-0.10162	(And (Agent $e0 $x0) (Location $e0 eskisehir) (Member $e0 build))
p206797	0.00614	-0.00883	0.03892	-0.00872	-0.10121	0.04456	0.26095	0.11337	0.04207	0.04055	-0.03026	0.08357	0.06396	-0.04524	-0.00644	-0.10247	(And (Agent $e0 $x0) (Location $e0 eskisehir) (Past $e0))
p206798	0.00614	-0.00879	0.03895	-0.00869	-0.10131	0.04461	0.26121	0.11323	0.04209	0.04029	-0.03033	0.08362	0.06399	-0.04523	-0.00644	-0.10240	(And (Agent $e0 $x0) (Location $e0 eskisehir) (Patient $e0 $x1))
p206799	0.04369	-0.01956	-0.04924	-0.03084	0.04962	0.03374	-0.03778	-0.00182	-0.01830	-0.01703	0.00095	-0.04296	0.01674	-0.00897	0.03118	-0.01524	(And (Agent $e0 $x0) (Manner $e0 directly) (Past $e0))
p206800	0.04363	-0.01955	-0.04913	-0.03083	0.04986	0.03368	-0.03802	-0.00149	-0.01820	-0.01711	0.00085	-0.04288	0.01663	-0.00882	0.03113	-0.01534	(And (Agent $e0 $x0) (Manner $e0 directly) (Patient $e0 $x1))
p206801	0.00900	-0.00129	-0.00867	-0.00716	-0.02066	0.00112	0.01066	-0.02180	0.03406	-0.02487	-0.01602	-0.00520	0.00310	-0.01763	0.00108	0.02299	(And (Agent $e0 $x0) (Member $e0 capture) (Past $e0))
p206802	0.00906	-0.00134	-0.00858	-0.00737	-0.02029	0.00121	0.01072	-0.02207	0.03433	-0.02505	-0.01650	-0.00490	0.00299	-0.01759	0.00050	0.02312	(And (Agent $e0 $x0) (Member $e0 capture) (Theme $e0 $x1))
p206803	0.01971	-0.00724	-0.01450	-0.00754	-0.02513	0.02528	-0.00000	-0.02314	0.00179	-0.01737	-0.00271	-0.01863	0.00522	-0.00987	0.02475	0.00737	(And (Agent $e0 $x0) (Member $e0 cause) (Past $e0))
p206804	0.02269	0.02744	-0.03149	0.02576	0.17341	0.02464	-0.44537	0.49900	0.11729	0.04579	-0.04028	0.02769	-0.23199	0.29126	0.05554	-0.04597	(And (Agent $e0 $x0) (Member $e0 create) (Patient $e0 $x1))
p206805	0.00520	-0.00641	-0.01492	-0.01368	-0.00352	0.03676	0.03565	-0.04344	0.00475	-0.02108	-0.01326	0.00462	0.00461	-0.01433	-0.00434	0.00747	(And (Agent $e0 $x0) (Member $e0 draw) (Past $e0))
p206806	-0.00036	0.01593	-0.01099	-0.00122	-0.01135	-0.00663	-0.01061	-0.00012	0.02266	-0.01665	0.00651	0.00170	-0.00015	-0.00932	0.01279	-0.00013	(And (Agent $e0 $x0) (Member $e0 follow) (Past $e0))
p206807	0.00437	-0.00458	-0.00104	-0.00196	-0.00429	-0.00885	-0.03108	0.00193	0.01670	0.00521	0.01085	-0.01428	0.00239	-0.01105	0.00753	0.01109	(And (Agent $e0 $x0) (Member $e0 lead) (Theme $e0 $x1))
p206808	-0.00170	0.05332	-0.00271	0.01113	-0.00472	-0.01875	0.00673	-0.00891	-0.00737	0.00482	0.01067	-0.01404	0.00615	-0.00909	0.03085	-0.02515	(And (Agent $e0 $x0) (Member $e0 make) (Ongoing $e0))
p206809	-0.00835	0.04040	-0.00343	-0.01015	0.01388	-0.00482	0.01962	-0.01623	-0.00781	0.01637	0.00524	-0.00529	0.01023	-0.01626	0.00371	-0.02280	(And (Agent $e0 $x0) (Member $e0 play) (Ongoing $e0))
p206810	-0.02131	-0.00154	0.03401	-0.01163	0.04387	-0.01871	-0.02016	-0.00203	0.03577	-0.04389	-0.05213	0.02617	0.02882	-0.01665	-0.02677	0.03680	(And (Agent $e0 $x0) (Member $e0 spend) (Past $e0))
p206811	-0.02127	-0.00156	0.03436	-0.01179	0.04342	-0.01848	-0.01907	-0.00310	0.03581	-0.04409	-0.05243	0.02635	0.02901	-0.01695	-0.02720	0.03724	(And (Agent $e0 $x0) (Member $e0 spend) (Theme $e0 $x1))
p206812	0.01247	0.00122	-0.02345	-0.01176	-0.03261	-0.00776	0.02272	-0.04208	-0.01751	0.00856	-0.00211	0.02945	0.00300	-0.01138	0.01991	0.02266	(And (Agent $e0 $x0) (Member $e0 try) (Past $e0))
p206813	0.02247	-0.00829	-0.03034	-0.02007	-0.03577	-0.01084	0.04486	-0.05588	-0.02254	0.04001	0.00212	0.02786	0.00538	-0.01830	0.01588	0.02042	(And (Agent $e0 $x0) (Member $e0 try) (Theme $e0 $e1))
p206814	0.00638	-0.00623	-0.01122	-0.02239	0.03112	-0.01307	0.00979	-0.01709	0.01503	0.02219	-0.01002	-0.00392	0.00493	-0.01727	-0.01904	-0.00593	(And (Agent $e0 $x0) (Member $e0 use) (Theme $e0 $x1))
p206815	-0.00563	0.00906	-0.00324	-0.00465	0.00957	-0.00729	-0.00950	-0.00617	0.00870	0.01634	0.01224	-0.02197	0.00817	-0.01708	0.01309	-0.00204	(And (Agent $e0 $x0) (Member $e0 watch) (Theme $e0 $x1))
p206816	0.00362	-0.00155	-0.00728	-0.00529	-0.01376	-0.00016	0.00527	-0.01726	0.01863	-0.01909	-0.01039	0.00003	0.00284	-0.01284	0.00691	0.01469	(And (Agent $e0 $x0) (Member $e0 welcome) (Past $e0))
p206817	0.01794	-0.00338	0.00205	-0.02127	0.01813	-0.01803	-0.03828	0.03245	0.00274	-0.01403	-0.01849	-0.00077	0.02884	-0.01319	0.00325	-0.00974	(And (Agent $e0 $x0) (Member $e0 write) (Past $e0))
p206818	0.01792	-0.00336	0.00216	-0.02138	0.01826	-0.01801	-0.03793	0.03214	0.00282	-0.01413	-0.01870	-0.00059	0.02884	-0.01320	0.00300	-0.00973	(And (Agent $e0 $x0) (Member $e0 write) (Patient $e0 $x1))
p206819	-0.00289	-0.00205	-0.00854	-0.00299	-0.00839	-0.00274	-0.00465	-0.01229	-0.00870	-0.01125	-0.00090	0.00937	0.00214	-0.00511	0.02060	0.00351	(And (Agent $e0 $x0) (Over $e0 $x1) (Past $e0))
p206820	0.02869	-0.00313	-0.03444	0.04612	0.02486	-0.02258	0.05133	-0.01917	-0.00747	-0.00249	-0.00098	0.00469	0.01496	-0.01437	0.01501	-0.02148	(And (Agent $e0 $x0) (Patient $e0 $x1) (Result $e0 $e1))
p206821	-0.03696	-0.00785	0.03242	-0.02832	0.09564	-0.04887	0.32864	-0.11212	-0.01901	-0.03806	0.06059	-0.04204	-0.10566	0.12962	0.06604	0.05248	(And (Agent $e0 $x0) (Theme $e0 $x1) (Theme $e0 $x2))
p206822	-0.14729	-0.03044	0.19270	0.30977	-0.05000	0.11782	-0.24177	0.03713	-0.02521	0.14570	0.14345	-0.17770	0.03227	-0.00848	0.09227	0.09683	(And (Agent $e0 $x0) (Theme $e0 $x1) (To $e1 $e0))
p206823	0.02399	-0.00837	-0.00702	0.01608	0.01769	-0.01528	0.04287	-0.03368	-0.00784	-0.00035	0.00163	0.03203	0.00942	-0.00976	-0.01917	-0.01132	(And (Before $e0 $e1) (Past $e0) (Patient $e0 $x0))
p206824	0.01029	0.01587	0.01269	-0.01914	0.01483	-0.01932	0.00925	-0.01701	-0.00851	0.00102	0.00442	0.00602	0.01435	-0.01251	-0.00624	-0.01257	(And (Before $e0 $e1) (Past $e1) (Patient $e1 $x0))
p206825	0.01027	-0.00826	-0.01743	-0.02532	0.00216	-0.01613	0.03216	0.01189	-0.01716	-0.00552	0.01657	-0.00532	0.02278	-0.02704	-0.00777	0.02996	(And (Experiencer $e0 $x0) (In $e0 $x1) (Past $e0))
p206826	0.02236	-0.01719	-0.02140	-0.02119	-0.00010	-0.01287	0.00630	-0.00467	-0.00357	0.03362	0.00056	0.00681	0.00723	-0.01972	-0.01905	0.02139	(And (Experiencer $e0 $x0) (Member $e0 need) (Theme $e0 $e1))
p206827	0.00570	-0.00438	0.00560	-0.00871	-0.00478	-0.00267	-0.00542	-0.01201	-0.00528	-0.00373	0.00188	0.00281	-0.00430	-0.00028	0.00458	0.00461	(And (Goal $e0 $x0) (Manner $e0 quickly) (Past $e0))
p206828	0.00017	-0.00487	-0.01208	-0.00346	-0.01823	-0.00241	-0.00427	-0.01799	-0.01231	-0.01114	0.00180	0.00758	0.00327	-0.00647	0.02474	0.01127	(And (Goal $e0 $x0) (Member $e0 come) (Past $e0))
p206829	0.01532	-0.00730	0.03079	-0.01241	0.03253	-0.01158	-0.07221	0.03091	0.02393	0.02936	-0.02441	-0.01711	0.00702	-0.00285	-0.02367	-0.01218	(And (Instrument $e0 $x0) (Member $e0 build) (Patient $e0 $x1))
p206830	-0.01112	0.04401	0.00632	-0.00939	0.01124	0.03099	0.03328	-0.02370	-0.00851	-0.00616	0.01117	-0.00388	0.00686	-0.01281	-0.00887	-0.02000	(And (Location $e0 $x0) (Member $e0 walk) (Ongoing $e0))
p206831	-0.00997	0.04396	0.01218	-0.00422	0.00611	0.03478	0.01922	-0.02102	-0.00721	-0.01408	0.01327	-0.00621	0.00356	-0.00829	-0.00853	-0.01520	(And (Location $e0 $x0) (Member $e0 walk) (Past $e0))
p206832	0.03733	0.03556	-0.04040	0.03588	0.13900	0.05588	-0.45094	0.46498	0.13410	0.05848	-0.05680	0.05083	-0.25957	0.33848	0.04611	-0.02355	(And (Location $e0 $x0) (Patient $e0 $x1) (Theme $e1 $e0))
p206833	0.00614	-0.00882	0.03893	-0.00871	-0.10124	0.04457	0.26103	0.11333	0.04208	0.04047	-0.03028	0.08358	0.06397	-0.04523	-0.00644	-0.10245	(And (Location $e0 eskisehir) (Member $e0 build) (Past $e0))
p206834	0.00613	-0.00883	0.03892	-0.00872	-0.10122	0.04456	0.26096	0.11337	0.04207	0.04053	-0.03026	0.08357	0.06396	-0.04524	-0.00644	-0.10247	(And (Location $e0 eskisehir) (Member $e0 build) (Patient $e0 $x0))
p206835	0.00618	-0.00864	0.03903	-0.00862	-0.10166	0.04482	0.26226	0.11258	0.04211	0.03940	-0.03058	0.08379	0.06411	-0.04524	-0.00646	-0.10214	(And (Location $e0 eskisehir) (Past $e0) (Patient $e0 $x0))
p206836	0.04363	-0.01955	-0.04913	-0.03083	0.04987	0.03368	-0.03803	-0.00148	-0.01820	-0.01711	0.00085	-0.04288	0.01663	-0.00881	0.03113	-0.01534	(And (Manner $e0 directly) (Past $e0) (Patient $e0 $x0))
p206837	0.01267	-0.00338	0.00159	-0.00381	-0.01442	-0.00353	-0.01643	-0.00226	0.01568	0.00329	0.02044	-0.01191	-0.00570	-0.00488	0.00459	0.00199	(And (Member $e0 add) (Past $e0) (Theme $e0 $x0))
p206838	0.00321	0.00169	-0.01531	0.00637	-0.01816	0.00357	-0.02820	0.01231	0.03568	-0.00056	0.02599	0.00319	-0.00361	-0.00104	-0.00421	-0.01939	(And (Member $e0 buy) (Past $e0) (Theme $e0 $x0))
p206839	0.01294	0.00856	-0.00300	-0.00766	-0.01801	0.03706	0.01409	-0.02913	-0.01217	-0.01392	0.00793	-0.01668	0.00709	-0.00892	0.01904	-0.00615	(And (Member $e0 cause) (Past $e0) (Patient $e0 $x0))
p206840	0.00910	-0.00226	0.00623	-0.00722	-0.00248	-0.00490	-0.02136	0.00594	0.00045	-0.00127	0.01260	-0.00562	-0.00486	0.00021	0.01137	-0.00710	(And (Member $e0 change) (Past $e0) (Patient $e0 $x0))
p206841	0.01605	-0.00459	0.02735	-0.01895	0.01587	-0.00861	-0.00993	-0.00760	-0.00082	0.00148	0.00050	-0.00341	-0.00741	0.00103	-0.01386	0.00095	(And (Member $e0 compose) (Past $e0) (Patient $e0 $x0))
p206842	0.01002	-0.00143	0.00985	-0.00742	-0.00812	-0.00078	0.00011	-0.03578	0.00388	-0.00223	0.00712	-0.01027	-0.00032	-0.00294	0.00554	-0.00012	(And (Member $e0 create) (Past $e0) (Patient $e0 $x0))
p206843	0.01824	-0.00859	0.05516	-0.01925	0.01630	-0.01327	-0.02848	0.01496	-0.00370	0.02063	0.01849	-0.01489	-0.01447	0.00407	-0.01120	-0.00412	(And (Member $e0 design) (Past $e0) (Patient $e0 $x0))
p206844	0.01467	-0.00735	0.03127	-0.01967	0.00969	0.01310	0.01318	-0.03115	-0.00290	-0.00223	-0.00435	-0.00299	-0.00117	-0.00444	-0.02256	0.00469	(And (Member $e0 die) (Past $e0) (Patient $e0 $x0))
p206845	0.01517	-0.00352	0.00269	-0.01398	0.00243	-0.00802	-0.02176	0.00849	-0.00233	-0.00842	-0.00467	-0.00793	0.00825	-0.00519	0.01266	-0.00350	(And (Member $e0 eat) (Past $e0) (Patient $e0 $x0))
p206846	-0.00010	0.01186	0.01413	-0.01148	0.01016	-0.00749	-0.00341	0.00113	-0.00095	-0.00460	0.00213	0.00207	-0.00247	-0.00154	-0.00634	-0.00588	(And (Member $e0 fall) (Past $e0) (Source $e0 $x0))
p206847	0.00196	-0.00225	-0.00840	0.00216	-0.01010	0.02260	-0.00509	-0.00891	0.01761	-0.00353	0.00785	0.00043	-0.00572	0.00110	-0.00684	-0.00859	(And (Member $e0 find) (Past $e0) (Theme $e0 $x0))
p206848	0.03310	0.08505	-0.02516	0.16035	0.00289	-0.01416	-0.01200	-0.00996	0.01505	-0.03431	-0.00022	-0.01049	0.00630	-0.00618	0.00976	-0.01406	(And (Member $e0 get) (Patient $e0 $x0) (Result $e0 $e1))
p206849	0.01069	-0.00340	0.01161	-0.01440	0.00726	-0.00369	-0.00668	-0.00443	-0.00034	-0.00160	-0.00089	-0.00222	-0.00580	0.00105	-0.00743	0.00100	(And (Member $e0 increase) (Past $e0) (Patient $e0 $x0))
p206850	0.03444	-0.00679	-0.03630	0.05569	0.03052	-0.01715	0.02218	-0.01013	0.00189	-0.01115	-0.00728	0.01856	0.00151	-0.00408	-0.00022	-0.01853	(And (Member $e0 leave) (Patient $e0 $x0) (Result $e0 $e1))
p206851	0.00194	0.05157	0.00138	0.00065	-0.00896	-0.00209	0.01685	-0.02050	-0.00715	-0.00462	0.00909	-0.01605	0.00479	-0.00853	0.02198	-0.01773	(And (Member $e0 make) (Ongoing $e0) (Patient $e0 $x0))
p206852	-0.01640	0.04887	-0.00227	0.03969	0.00666	-0.01413	-0.00266	0.00806	0.00190	0.00018	0.02286	0.01177	0.00079	-0.00279	0.01225	-0.03760	(And (Member $e0 make) (Ongoing $e0) (Result $e0 $e1))
p206853	-0.02158	-0.00141	0.03341	-0.01112	0.04483	-0.01917	-0.02240	0.00047	0.03570	-0.04343	-0.05143	0.02582	0.02833	-0.01589	-0.02576	0.03566	(And (Member $e0 spend) (Past $e0) (Theme $e0 $x0))
p206854	-0.01356	0.04154	-0.00016	-0.00672	0.01183	0.01569	0.01377	0.00900	-0.00659	-0.01234	0.01601	-0.00189	0.00675	-0.00975	-0.00210	-0.02072	(And (Member $e0 stand) (Ongoing $e0) (Past $e0))
p206855	0.00537	-0.00604	0.01397	-0.01440	0.00872	0.02612	0.02218	-0.02987	-0.00511	-0.00491	0.00103	-0.00675	-0.00751	-0.00051	-0.01191	0.00164	(And (Member $e0 stick) (Past $e0) (Patient $e0 $x0))
p206856	0.00371	-0.02121	0.00496	-0.00592	-0.05336	0.01322	0.01907	-0.04751	-0.02856	0.01892	0.02942	0.05147	0.00064	-0.01021	-0.00981	0.03665	(And (Member $e0 stop) (Past $e0) (Theme $e0 $e1))
p206857	-0.01379	0.04187	0.00404	0.00239	-0.00801	-0.00937	-0.00346	-0.00061	-0.00782	-0.00494	0.01295	0.00958	0.00518	-0.00638	0.01053	-0.01126	(And (Member $e0 try) (Ongoing $e0) (Past $e0))
p206858	0.01461	-0.00338	-0.00988	0.06193	0.01979	-0.00905	0.02932	-0.02230	-0.00114	-0.00249	0.00768	0.02898	-0.00715	0.00047	-0.00982	-0.01990	(And (Member $e0 turn) (Past $e0) (Result $e0 $e1))
p206859	0.04465	-0.01078	-0.03051	0.12543	0.03594	-0.01414	-0.02469	0.01091	0.00921	-0.01132	-0.00442	0.01398	-0.00647	0.00043	-0.01317	-0.00052	(And (Member $e0 turn) (Patient $e0 $x0) (Result $e0 $e1))
p206860	-0.01470	0.04388	0.01044	-0.00147	0.00549	0.02110	0.00702	-0.00180	-0.00727	-0.01096	0.01734	0.00029	0.00374	-0.00721	-0.00315	-0.01976	(And (Member $e0 walk) (Ongoing $e0) (Past $e0))
p206861	-0.00305	0.04109	0.02678	-0.00734	0.00195	-0.01324	-0.00337	0.01230	-0.00362	-0.01040	0.01068	-0.00719	0.00633	-0.00752	-0.00308	-0.00146	(And (Ongoing $e0) (Past $e0) (Patient $e0 $x0))
p206862	-0.01559	0.04949	-0.00361	0.03827	0.00358	-0.01270	0.01391	0.00383	0.00240	-0.00850	0.02359	0.02192	0.00108	-0.00261	0.00636	-0.03833	(And (Ongoing $e0) (Past $e0) (Result $e0 $e1))
p206863	0.03299	0.08508	-0.02506	0.16035	0.00331	-0.01429	-0.01240	-0.00923	0.01519	-0.03430	-0.00030	-0.01041	0.00623	-0.00608	0.00970	-0.01434	(And (Ongoing $e0) (Patient $e0 $x0) (Result $e0 $e1))
p206864	0.01611	-0.00466	0.02527	-0.01838	0.01553	-0.00794	-0.00987	-0.00727	-0.00131	0.00192	0.00192	-0.00237	-0.00851	0.00194	-0.01310	0.00001	(And (Past $e0) (Patient $e0 $x0) (Time $e0 night))
p206865	-0.03741	-0.00825	0.03258	-0.02820	0.09877	-0.05027	0.32279	-0.10529	-0.01812	-0.03732	0.06070	-0.04199	-0.10674	0.13037	0.06610	0.05069	(And (Past $e0) (Theme $e0 $x0) (Theme $e0 $x1))
p207152	0.00857	-0.00221	-0.00518	-0.00423	-0.00519	-0.00021	0.00357	-0.01628	0.01215	0.00641	-0.00581	-0.00186	0.00597	0.00008	-0.01003	-0.00334	(And (Agent $e0 $e1) (Theme $e1 $x0))
p207153	-0.02149	-0.00542	0.01921	-0.01893	0.07877	-0.03373	-0.04134	0.06093	0.00097	-0.00157	-0.01993	0.03137	0.01989	-0.00991	-0.03136	-0.00052	(And (Agent $e0 $x0) (CoAgent $e0 $x1))
p207154	-0.00807	-0.00350	-0.00715	0.00395	-0.01587	-0.00252	-0.00628	-0.01732	-0.00335	-0.02374	-0.00043	0.00900	0.00574	-0.00910	0.03528	0.01583	(And (Agent $e0 $x0) (Goal $e0 home))
p207155	-0.00130	0.02609	-0.00473	-0.01088	0.01058	-0.01339	0.00674	-0.01147	0.01567	0.00170	-0.00613	-0.00544	0.00730	-0.01745	-0.00207	-0.00650	(And (Agent $e0 $x0) (GroupOf $x0 scientist))
p207156	0.00174	0.00951	-0.00435	-0.00373	-0.00743	-0.00661	-0.00930	-0.00431	-0.00829	-0.00198	0.00376	-0.00583	0.00415	-0.00682	0.02461	-0.00456	(And (Agent $e0 $x0) (GroupOf $x0 soldier))
p207157	0.00116	-0.00798	-0.00278	-0.02023	0.04855	0.00002	-0.02220	0.02922	0.00859	0.01531	-0.01025	-0.00400	0.01196	-0.01228	-0.01045	-0.02304	(And (Agent $e0 $x0) (Instrument $e0 $x1))
p207158	0.00623	-0.00855	0.03908	-0.00859	-0.10196	0.04497	0.26326	0.11191	0.04209	0.03876	-0.03074	0.08392	0.06423	-0.04528	-0.00649	-0.10192	(And (Agent $e0 $x0) (Location $e0 eskisehir))
p207159	0.04380	-0.01958	-0.04940	-0.03084	0.04925	0.03383	-0.03757	-0.00222	-0.01843	-0.01694	0.00110	-0.04308	0.01688	-0.00918	0.03128	-0.01509	(And (Agent $e0 $x0) (Manner $e0 directly))
p207160	-0.00387	-0.00268	-0.00537	-0.00388	0.00213	-0.00393	-0.00481	-0.00611	-0.00609	-0.00011	-0.00064	0.00537	0.00028	-0.00531	0.01311	-0.00223	(And (Agent $e0 $x0) (Member $e0 arrive))
p207161	0.00905	-0.00132	-0.00861	-0.00732	-0.02042	0.00118	0.01077	-0.02204	0.03424	-0.02500	-0.01635	-0.00499	0.00303	-0.01762	0.00068	0.02309	(And (Agent $e0 $x0) (Member $e0 capture))
p207162	0.00837	-0.00327	-0.00521	-0.00625	-0.00039	-0.00808	-0.00869	0.00006	-0.00787	0.00779	0.00434	-0.01401	0.00188	-0.00584	0.02340	-0.00679	(And (Agent $e0 $x0) (Member $e0 close))
p207163	0.02239	0.02763	-0.03130	0.02568	0.17358	0.02454	-0.44494	0.49914	0.11731	0.04611	-0.04031	0.02786	-0.23184	0.29122	0.05539	-0.04633	(And (Agent $e0 $x0) (Member $e0 create))
p207164	0.00520	-0.00642	-0.01489	-0.01370	-0.00349	0.03681	0.03568	-0.04356	0.00478	-0.02111	-0.01333	0.00465	0.00460	-0.01432	-0.00443	0.00753	(And (Agent $e0 $x0) (Member $e0 draw))
p207165	0.00221	-0.00672	-0.01054	-0.00846	0.00671	-0.00796	-0.01149	0.00375	-0.00677	0.01542	0.00129	0.00270	0.00196	-0.00919	0.00509	-0.00034	(And (Agent $e0 $x0) (Member $e0 go))
p207166	-0.01408	0.00760	-0.01747	-0.00903	0.03758	-0.03704	0.00313	0.00640	-0.02935	0.06831	0.03078	-0.00580	0.01487	-0.01515	0.04230	-0.04739	(And (Agent $e0 $x0) (Member $e0 move))
p207167	0.00861	-0.01042	-0.01737	-0.01515	-0.00595	-0.00820	0.01150	-0.02414	-0.00651	0.01164	0.00134	0.01552	0.00505	-0.01399	0.00069	0.01134	(And (Agent $e0 $x0) (Member $e0 run))
p207168	-0.00577	-0.00365	-0.00059	-0.01178	0.02485	-0.01252	0.00956	-0.00748	-0.00759	0.02125	-0.00147	0.00063	0.01261	-0.01565	-0.00447	-0.01029	(And (Agent $e0 $x0) (Member $e0 serve))
p207169	0.00882	0.00583	-0.01039	-0.03175	0.00662	0.03491	0.10779	-0.08293	-0.01072	0.01084	-0.00807	0.00881	0.03165	-0.03233	-0.03157	-0.00335	(And (Agent $e0 $x0) (Member $e0 sleep))
p207170	-0.02135	-0.00152	0.03385	-0.01154	0.04409	-0.01881	-0.02068	-0.00149	0.03575	-0.04379	-0.05197	0.02608	0.02871	-0.01649	-0.02655	0.03656	(And (Agent $e0 $x0) (Member $e0 spend))
p207171	0.00628	-0.00029	-0.01482	-0.00832	-0.03373	-0.00158	0.04081	-0.04462	-0.01844	0.01005	0.00093	0.01966	0.00322	-0.01290	0.01899	0.02619	(And (Agent $e0 $x0) (Member $e0 talk))
p207172	0.00701	0.01431	-0.01652	-0.01507	-0.03202	0.00661	0.07340	-0.06510	-0.02116	0.01547	0.00220	0.01556	0.00803	-0.02007	0.01092	0.02143	(And (Agent $e0 $x0) (Member $e0 walk))
p207173	0.00365	-0.00158	-0.00721	-0.00541	-0.01354	-0.00008	0.00529	-0.01748	0.01882	-0.01923	-0.01071	0.00023	0.00276	-0.01280	0.00653	0.01480	(And (Agent $e0 $x0) (Member $e0 welcome))
p207174	0.00365	0.01073	-0.01044	-0.00449	-0.01026	-0.00563	-0.00636	-0.00563	0.02367	-0.00815	-0.00227	-0.00457	0.00243	-0.01367	0.00758	0.00448	(And (Agent $e0 $x0) (Member $e0 win))
p207175	-0.00250	-0.00872	0.00252	-0.01455	0.01188	-0.01051	0.00693	-0.02165	-0.00786	0.00007	-0.01518	0.03641	0.01270	-0.01017	-0.00650	0.00764	(And (Agent $e0 $x0) (Member $e0 work))
p207176	-0.00124	-0.00514	-0.01390	-0.01635	0.02161	-0.01685	0.00821	-0.01258	-0.01468	0.03060	0.00718	-0.00769	0.00919	-0.01791	0.01224	-0.01260	(And (Agent $e0 $x0) (Member $x0 bus))
p207177	0.00770	-0.00971	-0.01659	-0.01469	-0.00291	-0.00852	0.01093	-0.02116	-0.00516	0.01212	0.00069	0.01619	0.00480	-0.01368	-0.00048	0.00844	(And (Agent $e0 $x0) (Member $x0 doctor))
p207178	0.00611	0.01131	-0.00604	-0.01043	-0.00807	0.00526	0.01804	-0.01960	0.00426	-0.00833	-0.00306	-0.00931	0.00703	-0.01364	0.01216	-0.00141	(And (Agent $e0 $x0) (Member $x0 dog))
p207179	-0.00242	-0.00424	-0.00945	-0.00542	-0.00089	0.01725	0.01250	-0.02391	-0.00685	-0.01373	-0.00566	0.00992	0.00138	-0.00641	0.00974	-0.00003	(And (Agent $e0 $x0) (Member $x0 plane))
p207180	0.00687	-0.00482	-0.01400	0.00569	0.01380	-0.01299	0.02025	-0.00991	-0.00967	0.01981	0.00654	-0.00620	0.00924	-0.01421	0.00677	-0.00970	(And (Agent $e0 $x0) (Obligated $e0))
p207181	-0.00910	0.02553	-0.00487	-0.01088	0.00532	-0.00139	0.02691	-0.02442	-0.00918	0.00255	-0.00089	0.01814	0.02020	-0.01816	-0.00007	-0.02008	(And (Agent $e0 $x0) (Stimulus $e1 $e0))
p207182	-0.01520	-0.00626	-0.00260	0.01722	-0.00376	-0.00189	-0.02447	-0.00236	-0.02157	0.02213	0.02151	-0.00891	0.00861	-0.00896	0.03951	-0.00715	(And (Agent $e0 $x0) (SubsetOf $x0 $x1))
p207183	-0.01019	0.00045	0.00126	0.00811	0.00843	-0.00342	-0.00479	0.01109	-0.00388	-0.00022	0.01245	0.01669	-0.00777	0.00379	0.00056	-0.01430	(And (Agent $e0 baya) (Past $e0))
p207184	-0.01019	-0.00078	0.00357	0.00382	0.00005	-0.00133	-0.00539	0.00999	-0.00563	0.00217	0.01346	0.01046	-0.00568	0.00279	0.00371	-0.00973	(And (Agent $e0 daniel) (Past $e0))
p207185	-0.01013	0.03140	0.00826	0.00028	-0.01358	-0.00361	0.00024	-0.01361	-0.00818	0.00604	0.01171	0.01268	0.00183	-0.00530	-0.00513	0.00531	(And (Agent $e0 david) (Ongoing $e0))
p207186	-0.01011	0.03140	0.00825	0.00027	-0.01360	-0.00361	0.00026	-0.01364	-0.00818	0.00601	0.01170	0.01269	0.00184	-0.00531	-0.00513	0.00533	(And (Agent $e0 david) (Past $e0))
p207187	-0.00556	0.02636	0.00318	-0.00397	0.00763	0.00507	-0.01091	0.01353	-0.00560	-0.00181	0.01654	-0.00473	-0.00040	-0.00343	0.00200	-0.01464	(And (Agent $e0 felix) (Past $e0))
p207188	0.00993	-0.00771	-0.01221	-0.03055	-0.00315	0.04445	0.10605	-0.08970	-0.00876	0.02254	-0.01114	0.01356	0.01884	-0.02671	-0.04108	0.01361	(And (Agent $e0 jessica) (Theme $e0 $e1))
p207189	0.00052	-0.00362	-0.00493	-0.00845	0.01351	-0.00670	-0.00043	-0.00356	0.00335	0.01310	-0.00335	-0.00326	-0.00003	-0.00688	-0.00359	-0.00425	(And (Agent $e0 jica) (Member $e0 fund))
p207190	-0.00625	0.00096	-0.00023	-0.00799	-0.00579	-0.00219	-0.00669	-0.00851	-0.00991	0.01902	0.02113	0.02110	-0.00709	0.00008	-0.00847	0.00324	(And (Agent $e0 mark) (Past $e0))
p207191	-0.00834	-0.00235	-0.00552	0.00098	-0.00025	-0.00584	-0.00505	0.00672	-0.00274	-0.00596	0.01324	0.01824	-0.00776	0.00255	0.01290	-0.00419	(And (Agent $e0 matthew) (Past $e0))
p207192	-0.01246	0.01185	0.00343	0.01101	-0.00702	-0.00034	-0.01791	0.01494	-0.00210	0.01256	0.02650	-0.00017	-0.00291	-0.00063	0.00892	-0.01606	(And (Agent $e0 michael) (Past $e0))
p207193	-0.00748	-0.00288	-0.00099	-0.00132	0.00525	0.01117	-0.00146	0.00634	-0.00597	0.00160	0.01321	0.00481	-0.00698	0.00160	0.00049	-0.00916	(And (Agent $e0 pietro) (Past $e0))
p207194	-0.01285	0.03635	0.00472	0.00115	0.00485	0.00549	0.00030	0.01241	-0.00261	-0.00958	0.00968	-0.00058	0.00271	-0.00445	0.00107	-0.01525	(And (Agent $e0 ziri) (Ongoing $e0))
p207195	-0.00153	-0.00094	-0.00427	-0.00306	-0.00725	-0.00110	-0.00081	-0.00631	0.00668	-0.01167	-0.00215	0.00513	-0.00013	-0.00627	0.00753	0.00448	(And (At $e0 $x0) (Past $e0))
p207196	-0.00100	-0.00463	-0.01040	-0.01803	0.00682	-0.01380	0.02927	0.00419	-0.01919	0.00123	0.02901	0.01056	0.00933	-0.01388	-0.00343	0.00735	(And (Because $e0 $e1) (Past $e0))
p207197	-0.00102	-0.00462	-0.01038	-0.01804	0.00691	-0.01383	0.02921	0.00428	-0.01917	0.00123	0.02900	0.01058	0.00929	-0.01386	-0.00345	0.00729	(And (Because $e0 $e1) (Past $e1))
p207198	-0.02297	-0.00194	0.02875	-0.02053	0.08076	-0.03402	-0.03242	0.04812	0.00163	-0.00916	-0.02240	0.03481	0.02021	-0.00815	-0.03247	-0.00597	(And (Before $e0 $e1) (Measure $e0 duration <num> year))
p207199	0.02400	-0.00837	-0.00705	0.01610	0.01766	-0.01529	0.04278	-0.03361	-0.00784	-0.00035	0.00166	0.03200	0.00942	-0.00974	-0.01912	-0.01134	(And (Before $e0 $e1) (Patient $e0 $x0))
p207200	0.01031	0.01583	0.01257	-0.01918	0.01523	-0.01944	0.00865	-0.01653	-0.00848	0.00110	0.00451	0.00592	0.01413	-0.01231	-0.00617	-0.01269	(And (Before $e0 $e1) (Patient $e1 $x0))
p207201	0.00685	-0.00343	0.00252	-0.00526	0.00423	-0.00618	-0.01293	0.00468	-0.00766	0.00660	0.01122	-0.01079	-0.00096	-0.00146	0.01650	-0.00808	(And (Beneficiary $e0 $x0) (Patient $e0 $x1))
p207202	-0.00075	-0.00142	-0.00388	-0.00132	-0.00088	-0.00063	-0.00604	0.00190	0.00827	0.00206	0.00410	0.00529	-0.00251	0.00149	-0.00385	-0.00860	(And (Can $e0) (Member $e0 help))
p207203	-0.00438	-0.00062	-0.00163	-0.00149	0.00043	-0.00130	-0.00464	0.00637	0.00381	-0.00075	0.00815	0.00941	-0.00450	0.00103	-0.00168	-0.00972	(And (Can $e0) (Past $e0))
p207204	0.00996	-0.00109	-0.01153	-0.01291	-0.02476	0.00314	0.04063	-0.04367	-0.00443	0.01915	-0.00365	0.02101	0.00138	-0.00679	-0.01169	0.02277	(And (Cardinality $x0 <num>) (GroupOf $x0 girl))
p207205	0.00328	-0.00369	-0.00535	-0.00591	0.00422	-0.00182	-0.00472	-0.00172	0.00612	0.00642	-0.00455	-0.00012	0.00180	0.00400	-0.00677	-0.00512	(And (Cardinality $x0 <num>) (GroupOf $x0 way))
p207206	-0.02165	-0.00357	0.01939	-0.02230	0.07413	-0.03369	-0.01844	0.04761	-0.00317	-0.01558	-0.01572	0.03039	0.02558	-0.01405	-0.03226	0.00890	(And (CoAgent $e0 $x0) (Past $e0))
p207207	0.00836	-0.00698	-0.00829	-0.00016	-0.00306	-0.00554	-0.01096	0.02022	-0.00321	-0.00569	-0.00152	-0.01118	0.00771	-0.01173	-0.00355	0.02811	(And (Experiencer $e0 $x0) (Future $e0))
p207208	0.00922	0.01232	-0.01201	-0.01534	0.00469	-0.00593	-0.00971	0.02067	-0.00697	0.00123	0.00100	-0.01299	0.01712	-0.02094	-0.00963	0.02570	(And (Experiencer $e0 $x0) (GroupOf $x0 child))
p207209	0.01027	-0.00826	-0.01744	-0.02533	0.00217	-0.01614	0.03222	0.01185	-0.01717	-0.00552	0.01657	-0.00531	0.02278	-0.02706	-0.00777	0.02995	(And (Experiencer $e0 $x0) (In $e0 $x1))
p207210	0.00732	-0.00921	-0.01181	-0.00390	-0.00562	-0.00987	0.00674	0.01437	-0.01364	0.00445	0.01632	-0.01416	0.01229	-0.01805	0.00054	0.02966	(And (Experiencer $e0 $x0) (Location $e0 europe))
p207211	0.01578	-0.00508	-0.02069	0.00649	0.00338	-0.01347	0.01462	0.00851	-0.01008	-0.00176	0.00913	-0.01087	0.01004	-0.01552	0.00702	0.01493	(And (Experiencer $e0 $x0) (Member $e0 beautiful))
p207212	0.01006	-0.00743	-0.00912	-0.00389	-0.00715	-0.00529	0.00461	0.00644	-0.00559	-0.00794	-0.00203	-0.01139	0.01126	-0.01620	-0.00531	0.03455	(And (Experiencer $e0 $x0) (Member $e0 look))
p207213	0.00894	0.00094	0.00072	-0.01127	-0.01068	-0.00962	-0.00032	0.01166	-0.01136	-0.00342	0.01143	-0.00578	0.01330	-0.01806	-0.00770	0.03333	(And (Experiencer $e0 $x0) (Member $e0 work))
p207214	0.01092	-0.00824	-0.00974	0.00574	-0.00434	-0.00717	-0.04020	0.05831	0.00030	-0.00622	-0.00029	-0.01454	0.00712	-0.01023	-0.00085	0.03070	(And (Experiencer $e0 $x0) (Member $x0 bridge))
p207215	0.00613	0.00219	-0.00632	0.00002	0.00053	0.00272	-0.04931	0.04483	-0.00069	-0.01006	-0.00151	-0.01880	0.00786	-0.01072	-0.00399	0.03234	(And (Experiencer $e0 $x0) (Member $x0 cat))
p207216	0.02626	-0.00694	-0.02899	0.04724	0.02356	-0.01597	0.02473	-0.00878	-0.00084	-0.01119	-0.00542	0.01664	0.00484	-0.00649	0.00021	-0.01078	(And (Experiencer $e0 $x0) (Member $x0 door))
p207217	0.01333	0.01414	-0.01382	0.03392	-0.00469	-0.00890	0.01812	0.00205	-0.00254	-0.01402	0.00308	-0.00407	0.01090	-0.01436	-0.00153	0.01606	(And (Experiencer $e0 $x0) (Member $x0 weather))
p207218	0.00734	-0.00020	-0.01186	-0.00171	-0.01599	0.00240	-0.01169	-0.00320	0.02833	-0.01090	-0.00089	-0.00260	0.00094	-0.01134	-0.00089	0.00295	(And (For $e0 $e1) (Member $e1 portray))
p207219	-0.01136	0.03982	-0.00198	-0.00170	0.01014	-0.01856	-0.01465	0.03433	-0.00458	-0.00585	0.00995	0.00140	0.00629	-0.00647	0.01490	-0.01724	(And (For $e0 $x0) (Ongoing $e0))
p207220	0.00182	-0.00337	-0.00123	-0.00703	0.00908	-0.00569	-0.00046	-0.00667	-0.00338	0.01460	-0.00139	-0.00425	-0.00097	-0.00467	0.00034	-0.00353	(And (Future $e0) (Time $e0 tomorrow))
p207221	0.00572	-0.00439	0.00561	-0.00892	-0.00445	-0.00272	-0.00542	-0.01201	-0.00516	-0.00384	0.00166	0.00292	-0.00438	-0.00024	0.00436	0.00461	(And (Goal $e0 $x0) (Manner $e0 quickly))
p207222	0.00019	-0.00488	-0.01208	-0.00350	-0.01824	-0.00239	-0.00417	-0.01812	-0.01229	-0.01117	0.00175	0.00760	0.00328	-0.00649	0.02468	0.01132	(And (Goal $e0 $x0) (Member $e0 come))
p207223	-0.01412	-0.00604	-0.00753	-0.00808	0.02294	-0.01557	-0.00529	0.02378	-0.01595	0.02245	0.03416	0.04436	-0.00761	-0.00144	-0.00640	-0.02983	(And (Goal $e0 bed) (Member $e0 go))
p207224	-0.00810	-0.00350	-0.00716	0.00401	-0.01588	-0.00255	-0.00638	-0.01716	-0.00341	-0.02367	-0.00031	0.00892	0.00571	-0.00905	0.03542	0.01577	(And (Goal $e0 home) (Past $e0))
p207225	-0.00159	-0.00217	-0.00042	0.00134	0.00111	-0.00010	-0.00283	0.00633	0.00019	-0.00098	-0.00278	-0.00059	-0.00320	0.00243	0.00039	-0.00106	(And (GroupOf $x0 person) (Past (LocatedIn $x0 $x1)))
p207226	0.00980	0.04092	0.04482	0.00209	-0.03853	0.02036	0.05593	-0.08276	0.00006	-0.00442	-0.02242	-0.01103	0.00338	-0.00319	-0.02358	0.04028	(And (GroupOf $x0 thing) (Patient $e0 $x0))
p207227	0.00458	-0.00374	-0.00636	-0.00517	0.00225	-0.00124	-0.00605	-0.00529	0.00933	0.00794	-0.00484	-0.00042	0.00265	0.00435	-0.00811	-0.00580	(And (In $e0 $x0) (Theme $e0 $x1))
p207228	0.01531	-0.00729	0.03072	-0.01228	0.03235	-0.01159	-0.07212	0.03095	0.02384	0.02943	-0.02425	-0.01719	0.00708	-0.00286	-0.02347	-0.01223	(And (Instrument $e0 $x0) (Member $e0 build))
p207229	0.00676	-0.00568	-0.00623	-0.00290	-0.00606	-0.00360	0.00713	0.00293	-0.00414	-0.00642	-0.00265	-0.00782	0.00768	-0.01152	-0.00418	0.02500	(And (Like $e0 $x0) (Member $e0 look))
p207230	-0.00855	-0.00338	0.00393	0.00950	-0.00049	-0.00076	-0.00239	0.01103	-0.00640	0.01209	0.01408	-0.00291	-0.00640	0.00343	0.00745	-0.00631	(And (LocatedIn $x0 $x1) (Member $x0 thing))
p207231	0.00208	-0.00212	0.00549	-0.00263	0.00121	0.00070	-0.00217	0.00005	0.00085	-0.00302	-0.00397	-0.00062	-0.00436	0.00248	-0.00319	0.00120	(And (LocatedIn $x0 $x1) (Member $x1 city))
p207232	-0.00286	-0.00139	0.00254	0.00336	-0.00085	0.00190	-0.00018	0.00379	0.00112	-0.00298	-0.00456	0.00019	-0.00362	0.00328	-0.00074	0.00048	(And (LocatedIn $x0 $x1) (Member $x1 full))
p207233	-0.00300	-0.00104	0.00254	0.00344	-0.00015	0.00213	-0.00467	0.00726	0.00142	-0.00309	-0.00431	-0.00070	-0.00380	0.00357	-0.00053	0.00064	(And (LocatedIn $x0 $x1) (Member $x1 table))
p207234	0.00463	-0.00474	-0.00722	-0.01322	0.01766	-0.00710	0.00681	-0.01489	0.01392	0.01481	-0.00956	-0.00264	0.00406	-0.01045	-0.01496	-0.00350	(And (LocatedIn $x0 $x1) (Theme $e0 $x0))
p207235	-0.00163	-0.00803	-0.01596	-0.00841	0.00610	0.04658	0.02214	-0.02953	-0.00603	-0.00587	0.01519	0.00593	-0.00552	-0.00512	-0.00687	-0.00904	(And (Location $e0 $x0) (Member $x0 bench))
p207236	0.02065	-0.03018	-0.02716	-0.05141	0.01351	0.09682	0.15119	-0.11582	-0.00669	0.02863	-0.02809	0.00476	0.03578	-0.04818	-0.07225	0.02066	(And (Location $e0 $x0) (Member $x0 couch))
p207237	0.00136	-0.00452	-0.00259	-0.00231	0.00378	0.03308	0.00646	-0.01468	-0.00107	-0.00474	-0.00354	-0.00258	-0.00692	0.00277	-0.00852	-0.00130	(And (Location $e0 $x0) (Member $x0 house))
p207238	0.00530	-0.00585	-0.00734	-0.00712	0.00020	0.03581	0.01130	-0.02673	0.00105	-0.00793	-0.00990	-0.00067	-0.00190	0.00031	-0.00822	0.00085	(And (Location $e0 $x0) (Member $x0 village))
p207240	0.00057	0.02166	-0.00922	-0.01732	0.00801	0.02235	0.03649	-0.02197	-0.00871	-0.00474	0.00182	-0.00677	0.01245	-0.01832	-0.01170	0.00225	(And (Location $e0 $x0) (PartOf $x0 $x1))
p207241	0.00628	-0.00848	0.03911	-0.00859	-0.10219	0.04508	0.26410	0.11130	0.04205	0.03831	-0.03085	0.08402	0.06433	-0.04534	-0.00652	-0.10175	(And (Location $e0 eskisehir) (Member $e0 build))
p207242	0.00620	-0.00861	0.03905	-0.00861	-0.10176	0.04487	0.26258	0.11237	0.04211	0.03918	-0.03064	0.08383	0.06415	-0.04525	-0.00647	-0.10207	(And (Location $e0 eskisehir) (Past $e0))
p207243	0.00613	-0.00884	0.03892	-0.00872	-0.10121	0.04455	0.26093	0.11338	0.04207	0.04056	-0.03025	0.08357	0.06396	-0.04523	-0.00644	-0.10248	(And (Location $e0 eskisehir) (Patient $e0 $x0))
p207244	0.00327	-0.00295	0.00798	-0.00901	0.00416	-0.00248	-0.00794	-0.00407	-0.00377	-0.00381	0.00128	-0.00095	-0.00383	-0.00053	0.00364	0.00002	(And (Location $e0 here) (Past $e0))
p207245	0.00731	-0.00263	0.01301	-0.00916	0.00445	-0.00166	-0.00666	-0.00438	-0.00078	-0.00030	-0.00118	-0.00587	-0.00539	0.00212	-0.00398	0.00146	(And (Location $e0 here) (Patient $e0 $x0))
p207246	0.04379	-0.01958	-0.04939	-0.03084	0.04928	0.03382	-0.03758	-0.00220	-0.01842	-0.01694	0.00109	-0.04307	0.01687	-0.00917	0.03127	-0.01510	(And (Manner $e0 directly) (Patient $e0 $x0))
p207247	-0.00619	-0.00072	0.00029	0.00641	-0.00818	0.00286	-0.00971	0.00113	0.00250	-0.00383	0.00625	0.00728	-0.00185	-0.00019	0.00598	-0.00435	(And (Manner $e0 immediately) (Past $e0))
p207248	-0.00631	0.00129	-0.00245	0.00708	-0.00083	-0.00032	-0.02950	0.01460	0.02568	-0.00433	0.01346	0.00616	-0.00520	0.00195	-0.00088	-0.01246	(And (Manner $e0 well) (Past $e0))
p207249	-0.00523	-0.00005	-0.00198	0.01063	-0.00198	0.00001	-0.02571	0.01371	0.02653	0.00860	0.02086	-0.00052	-0.00424	0.00258	-0.00586	-0.01479	(And (Manner $e0 well) (Theme $e0 $x0))
p207250	0.01262	-0.00335	0.00166	-0.00357	-0.01493	-0.00334	-0.01640	-0.00260	0.01556	0.00338	0.02052	-0.01199	-0.00544	-0.00503	0.00467	0.00216	(And (Member $e0 add) (Past $e0))
p207251	0.00411	-0.00114	-0.00636	-0.00218	-0.00985	0.00126	-0.00079	-0.00965	0.01954	-0.00662	-0.00358	-0.00048	0.00077	-0.00457	-0.00309	0.00253	(And (Member $e0 approve) (Theme $e0 $x0))
p207252	-0.00600	-0.00146	-0.00263	-0.00222	-0.00045	-0.00222	-0.00322	-0.00265	-0.00506	-0.00731	0.00084	0.01123	-0.00143	-0.00219	0.01114	-0.00326	(And (Member $e0 arrive) (Past $e0))
p207253	-0.03446	-0.00807	0.04702	0.07872	-0.01525	0.03018	-0.05635	0.00249	0.00212	0.03557	0.02842	-0.04052	0.00924	0.00049	0.01420	0.02183	(And (Member $e0 avoid) (Theme $e0 $x0))
p207254	0.01728	0.02005	0.02554	-0.01699	-0.02796	0.00264	0.03848	-0.08533	-0.00497	-0.00730	-0.01681	-0.00587	0.01563	-0.03619	-0.02576	0.04610	(And (Member $e0 begin) (Patient $e0 $x0))
p207255	-0.00003	0.01784	0.00666	-0.00991	0.00573	-0.01174	0.00246	-0.00318	-0.00709	-0.00525	0.00838	0.00506	0.00882	-0.00627	0.00199	-0.01156	(And (Member $e0 break_out) (Past $e0))
p207256	-0.00659	-0.00097	-0.00670	0.00134	-0.00485	-0.00326	-0.01696	0.00618	0.00311	-0.00502	0.01883	0.00923	-0.00169	-0.00103	0.01350	-0.00619	(And (Member $e0 bring) (Past $e0))
p207257	0.00299	0.00186	-0.01481	0.00579	-0.01763	0.00372	-0.02631	0.01103	0.03601	-0.00105	0.02498	0.00390	-0.00336	-0.00140	-0.00533	-0.01923	(And (Member $e0 buy) (Past $e0))
p207258	0.01290	0.00852	-0.00297	-0.00745	-0.01793	0.03708	0.01318	-0.02864	-0.01211	-0.01387	0.00803	-0.01680	0.00681	-0.00863	0.01921	-0.00615	(And (Member $e0 cause) (Patient $e0 $x0))
p207259	0.01175	-0.00208	-0.00128	-0.00541	-0.00585	-0.00545	-0.00821	-0.00121	-0.00495	0.00123	0.00065	-0.01354	-0.00002	-0.00167	0.02043	-0.00374	(And (Member $e0 close) (Patient $e0 $x0))
p207260	0.00673	0.00715	0.01232	-0.00406	-0.01103	0.00015	-0.00420	-0.01640	-0.00109	-0.00053	-0.00583	-0.00051	-0.00689	0.00363	0.00109	0.01200	(And (Member $e0 come) (Patient $e0 $x0))
p207261	0.00590	0.00945	0.00853	-0.00396	-0.00356	-0.00436	-0.00038	-0.00102	-0.00009	-0.00727	-0.00408	-0.00607	0.00174	-0.00465	-0.00459	0.01112	(And (Member $e0 come) (Source $e0 $x0))
p207262	0.01615	-0.00463	0.02719	-0.01879	0.01561	-0.00854	-0.01067	-0.00709	-0.00078	0.00150	0.00065	-0.00349	-0.00755	0.00123	-0.01364	0.00094	(And (Member $e0 compose) (Past $e0))
p207263	0.01582	-0.00452	0.02767	-0.01895	0.01607	-0.00862	-0.00928	-0.00804	-0.00089	0.00146	0.00035	-0.00340	-0.00717	0.00078	-0.01406	0.00100	(And (Member $e0 compose) (Patient $e0 $x0))
p207264	0.00713	-0.00136	0.01034	-0.00592	0.00146	-0.00150	-0.00168	-0.00551	0.00165	-0.00132	-0.00604	-0.00322	-0.00460	0.00257	-0.00534	0.00204	(And (Member $e0 cover) (Patient $e0 $x0))
p207265	0.01005	-0.00142	0.00984	-0.00743	-0.00828	-0.00073	0.00022	-0.03595	0.00386	-0.00222	0.00709	-0.01024	-0.00018	-0.00307	0.00547	-0.00006	(And (Member $e0 create) (Past $e0))
p207266	0.00548	-0.00554	-0.00973	-0.00484	-0.00435	-0.00223	0.00995	-0.01691	0.00347	0.01979	0.00844	-0.00507	0.01028	-0.00446	-0.00705	-0.00523	(And (Member $e0 define) (Theme $e0 $x0))
p207267	0.01833	-0.00866	0.05506	-0.01874	0.01528	-0.01296	-0.02916	0.01506	-0.00385	0.02091	0.01887	-0.01511	-0.01432	0.00406	-0.01082	-0.00393	(And (Member $e0 design) (Past $e0))
p207268	0.01828	-0.00862	0.05511	-0.01903	0.01582	-0.01313	-0.02879	0.01502	-0.00377	0.02075	0.01866	-0.01498	-0.01440	0.00407	-0.01103	-0.00404	(And (Member $e0 design) (Patient $e0 $x0))
p207269	0.01471	-0.00737	0.03118	-0.01974	0.00980	0.01306	0.01318	-0.03111	-0.00291	-0.00222	-0.00433	-0.00300	-0.00121	-0.00442	-0.02255	0.00465	(And (Member $e0 die) (Past $e0))
p207270	0.01511	-0.00349	0.00305	-0.01419	0.00261	-0.00787	-0.02084	0.00754	-0.00212	-0.00868	-0.00527	-0.00745	0.00835	-0.00529	0.01195	-0.00335	(And (Member $e0 eat) (Past $e0))
p207271	0.01511	-0.00349	0.00301	-0.01415	0.00259	-0.00789	-0.02103	0.00772	-0.00214	-0.00864	-0.00519	-0.00752	0.00832	-0.00526	0.01205	-0.00338	(And (Member $e0 eat) (Patient $e0 $x0))
p207272	-0.00977	0.03612	0.01386	0.00640	-0.00325	-0.00536	-0.00221	0.00655	0.00176	-0.00886	0.00062	0.00050	0.00121	-0.00077	0.00115	-0.00946	(And (Member $e0 fall) (Ongoing $e0))
p207273	-0.00006	0.01182	0.01403	-0.01094	0.00911	-0.00729	-0.00366	0.00137	-0.00123	-0.00432	0.00280	0.00169	-0.00235	-0.00160	-0.00570	-0.00581	(And (Member $e0 fall) (Source $e0 $x0))
p207274	-0.00102	-0.00247	0.00702	-0.00748	0.00519	-0.00599	-0.02297	0.01594	-0.00806	-0.00119	0.01618	0.00135	-0.00621	0.00162	0.01305	-0.01084	(And (Member $e0 form) (Past $e0))
p207275	0.01052	-0.00239	0.00577	-0.00725	-0.00359	-0.00289	-0.01009	-0.00057	-0.00245	-0.00356	-0.00078	-0.00864	-0.00169	0.00038	0.01001	-0.00074	(And (Member $e0 form) (Patient $e0 $x0))
p207276	0.00187	0.00077	-0.00584	0.00365	-0.00778	0.00186	-0.00851	-0.00201	0.01627	-0.00150	0.00288	0.00367	-0.00193	0.00153	-0.00471	-0.00774	(And (Member $e0 get) (Theme $e0 $x0))
p207277	-0.00798	-0.00114	0.00500	0.00909	-0.00428	0.00124	0.00695	-0.00138	-0.00532	0.00508	0.00833	0.00082	-0.00234	0.00056	0.00418	-0.00448	(And (Member $e0 go) (To $e0 $e1))
p207278	0.00195	-0.00511	-0.00143	-0.00191	-0.00954	0.00196	-0.01025	-0.00557	0.00264	0.00387	0.00326	0.00706	-0.00853	0.00410	0.00268	0.00467	(And (Member $e0 help) (Past $e0))
p207279	0.01463	-0.00380	0.02549	-0.01453	0.01196	-0.00633	-0.00663	-0.00994	-0.00020	0.00204	-0.00174	-0.00333	-0.00757	0.00246	-0.01277	0.00191	(And (Member $e0 hold) (Patient $e0 $x0))
p207280	0.00294	-0.00168	-0.01108	-0.00039	-0.01834	-0.00054	-0.00196	-0.00813	0.01512	-0.01536	-0.00150	0.00610	-0.00074	-0.00542	0.01478	0.00492	(And (Member $e0 hold_up) (Past $e0))
p207281	0.01074	-0.00341	0.01159	-0.01404	0.00636	-0.00345	-0.00633	-0.00495	-0.00055	-0.00150	-0.00058	-0.00236	-0.00560	0.00091	-0.00714	0.00121	(And (Member $e0 increase) (Past $e0))
p207282	0.01073	-0.00341	0.01160	-0.01413	0.00658	-0.00351	-0.00642	-0.00482	-0.00049	-0.00153	-0.00066	-0.00233	-0.00565	0.00095	-0.00722	0.00116	(And (Member $e0 increase) (Patient $e0 $x0))
p207283	0.00000	-0.00312	-0.00081	-0.00151	0.00100	-0.00185	-0.02420	0.00412	-0.00037	-0.01220	0.00070	-0.00261	0.00835	-0.00471	0.01746	0.00120	(And (Member $e0 influence) (Past $e0))
p207284	0.00437	-0.00457	-0.00101	-0.00196	-0.00430	-0.00883	-0.03113	0.00194	0.01674	0.00519	0.01080	-0.01425	0.00241	-0.01107	0.00747	0.01110	(And (Member $e0 lead) (Theme $e0 $x0))
p207285	0.03424	-0.00674	-0.03573	0.05551	0.03151	-0.01749	0.02334	-0.01070	0.00222	-0.01160	-0.00791	0.01914	0.00122	-0.00378	-0.00090	-0.01863	(And (Member $e0 leave) (Patient $e0 $x0))
p207286	0.03443	-0.00679	-0.03629	0.05569	0.03054	-0.01716	0.02221	-0.01014	0.00189	-0.01116	-0.00729	0.01857	0.00150	-0.00408	-0.00023	-0.01854	(And (Member $e0 leave) (Result $e0 $e1))
p207287	0.00141	0.01170	-0.00855	-0.00621	0.00748	0.00781	-0.00016	-0.01013	0.01784	0.00118	0.00133	-0.00161	-0.00027	-0.00628	-0.01035	-0.01255	(And (Member $e0 leave) (Theme $e0 $x0))
p207288	0.00450	-0.00194	-0.00035	-0.00126	-0.01016	0.00036	-0.00621	-0.00585	0.01267	-0.00164	0.00576	-0.00536	-0.00014	-0.00567	0.00102	0.00171	(And (Member $e0 pick_up) (Past $e0))
p207289	-0.00843	0.04035	-0.00346	-0.00991	0.01413	-0.00492	0.01899	-0.01563	-0.00788	0.01652	0.00553	-0.00552	0.01006	-0.01605	0.00396	-0.02293	(And (Member $e0 play) (Ongoing $e0))
p207290	0.00330	-0.00019	0.00817	-0.00323	-0.00089	-0.00145	-0.01774	0.00503	0.01587	0.00129	0.00995	-0.00212	-0.00488	0.00055	-0.00642	-0.00878	(And (Member $e0 play) (Past $e0))
p207291	0.00079	0.02203	-0.00660	-0.00420	0.00840	-0.00951	-0.01729	0.01178	0.01891	0.00439	0.00310	-0.00087	-0.00075	-0.00482	-0.00627	-0.01550	(And (Member $e0 read) (Theme $e0 $x0))
p207292	-0.00513	-0.00264	-0.00796	-0.00908	0.01370	-0.01261	-0.01112	0.03480	-0.00626	-0.00215	0.01120	0.01549	-0.00027	-0.00059	0.00458	-0.01098	(And (Member $e0 return) (Past $e0))
p207293	0.00228	-0.00146	-0.01012	-0.00231	-0.00928	-0.00217	-0.01303	0.00440	0.02415	-0.01103	0.00697	0.00311	-0.00572	-0.00547	0.00365	0.00391	(And (Member $e0 rule) (Past $e0))
p207294	-0.00253	-0.00521	-0.00771	0.00332	0.00191	0.01017	-0.01598	0.00247	0.01121	0.02182	0.02096	-0.00348	-0.00363	-0.00411	-0.00386	-0.01584	(And (Member $e0 say) (Theme $e0 $x0))
p207295	0.00609	-0.00006	0.00938	-0.00092	-0.00358	0.00057	0.00113	-0.00746	0.00259	-0.00162	-0.00875	-0.00375	-0.00387	0.00369	-0.00407	0.00334	(And (Member $e0 solve) (Patient $e0 $x0))
p207296	-0.02126	-0.00157	0.03457	-0.01185	0.04317	-0.01835	-0.01845	-0.00369	0.03583	-0.04421	-0.05260	0.02646	0.02912	-0.01711	-0.02744	0.03747	(And (Member $e0 spend) (Past $e0))
p207297	-0.02128	-0.00156	0.03425	-0.01174	0.04356	-0.01855	-0.01942	-0.00277	0.03579	-0.04403	-0.05233	0.02629	0.02895	-0.01686	-0.02707	0.03710	(And (Member $e0 spend) (Theme $e0 $x0))
p207298	-0.01347	0.04156	-0.00015	-0.00670	0.01147	0.01587	0.01385	0.00809	-0.00664	-0.01244	0.01588	-0.00184	0.00686	-0.00982	-0.00223	-0.02038	(And (Member $e0 stand) (Ongoing $e0))
p207299	0.00529	-0.00603	0.01413	-0.01435	0.00884	0.02615	0.02179	-0.02969	-0.00500	-0.00498	0.00089	-0.00672	-0.00759	-0.00040	-0.01200	0.00166	(And (Member $e0 stick) (Past $e0))
p207300	0.00534	-0.00604	0.01402	-0.01438	0.00876	0.02613	0.02206	-0.02982	-0.00508	-0.00493	0.00099	-0.00674	-0.00753	-0.00048	-0.01194	0.00164	(And (Member $e0 stick) (Patient $e0 $x0))
p207301	0.00399	-0.02136	0.00492	-0.00593	-0.05394	0.01331	0.01880	-0.04765	-0.02863	0.01882	0.02946	0.05120	0.00086	-0.01043	-0.00975	0.03719	(And (Member $e0 stop) (Theme $e0 $e1))
p207302	-0.01540	-0.00074	0.01189	0.00071	0.01466	-0.00346	-0.01640	0.01122	0.00071	-0.00370	0.00971	0.01006	-0.00538	0.00096	-0.00208	-0.00306	(And (Member $e0 succeed) (Past $e0))
p207303	-0.02650	-0.00298	0.03096	0.02155	0.01199	0.01198	-0.02455	0.00317	-0.00330	-0.00931	-0.00310	0.01572	0.00830	-0.00253	-0.01128	0.01262	(And (Member $e0 suggest) (Past $e0))
p207304	0.00565	0.00083	-0.01081	0.00069	-0.00863	-0.00468	-0.02787	0.01616	0.01946	-0.00081	0.02222	-0.00437	-0.00051	-0.00084	0.01064	-0.01749	(And (Member $e0 take_over) (Past $e0))
p207305	-0.00854	0.01165	-0.00097	0.00014	-0.00445	-0.00391	-0.00484	0.00005	-0.00600	-0.00929	0.00400	0.00909	0.00136	-0.00433	0.01428	-0.00479	(And (Member $e0 talk) (Past $e0))
p207306	-0.00795	-0.00106	0.00539	0.00909	-0.00488	0.00162	0.00626	-0.00106	-0.00521	0.00474	0.00813	0.00006	-0.00223	0.00052	0.00438	-0.00375	(And (Member $e0 talk) (To $e1 $e0))
p207307	-0.00871	-0.00583	-0.01366	-0.00432	0.00203	0.00580	0.00069	-0.00878	-0.01711	-0.01399	0.01091	0.01603	0.00014	-0.00180	0.02623	-0.00242	(And (Member $e0 travel) (Past $e0))
p207308	-0.00132	-0.00112	-0.00656	-0.00617	-0.00328	-0.00458	0.00251	-0.00845	0.00465	-0.00573	-0.00125	0.00556	0.00453	-0.00956	0.00728	0.00154	(And (Member $e0 watch) (Past $e0))
p207309	-0.00563	0.00906	-0.00324	-0.00465	0.00957	-0.00729	-0.00950	-0.00618	0.00870	0.01634	0.01223	-0.02197	0.00817	-0.01709	0.01309	-0.00204	(And (Member $e0 watch) (Theme $e0 $x0))
p207310	0.00365	-0.00159	-0.00717	-0.00545	-0.01341	-0.00005	0.00520	-0.01748	0.01892	-0.01929	-0.01086	0.00031	0.00270	-0.01276	0.00636	0.01483	(And (Member $e0 welcome) (Past $e0))
p207311	-0.00757	0.03059	0.00451	0.00438	-0.00257	-0.00789	-0.00967	0.02041	-0.00166	-0.00919	0.00503	-0.00370	0.00679	-0.00752	0.00184	0.00126	(And (Member $e0 work) (Ongoing $e0))
p207312	0.00855	0.01876	-0.00137	-0.00365	-0.00278	-0.01332	0.00755	-0.00946	-0.00888	0.00764	0.01095	-0.01488	0.00105	-0.00602	0.02096	-0.01191	(And (Member $x0 big) (Patient $e0 $x0))
p207313	-0.00132	0.02222	0.02360	0.00912	-0.01830	0.00548	0.01518	-0.02311	0.00141	-0.00262	-0.00973	-0.00386	-0.00089	0.00345	-0.00752	0.01620	(And (Member $x0 blue) (Member $x0 sky))
p207314	0.00270	-0.00155	-0.00425	-0.00148	-0.00531	0.00022	0.00076	-0.00664	0.01390	-0.00596	-0.00708	-0.00205	0.00042	-0.00347	-0.00142	0.00401	(And (Member $x0 bottom) (PartOf $x0 $x1))
p207315	0.01379	0.01621	0.00341	-0.01383	0.00970	-0.01563	-0.00841	-0.00380	-0.00932	-0.00912	0.00803	-0.01184	0.00988	-0.00649	0.02037	-0.01215	(And (Member $x0 fire) (Patient $e0 $x0))
p207316	-0.00157	-0.00229	-0.00108	0.00062	0.00150	0.01001	-0.00032	0.00045	0.00057	-0.00197	-0.00411	-0.00101	-0.00399	0.00321	-0.00219	-0.00211	(And (Member $x0 house) (Member $x0 large))
p207317	0.01240	-0.00333	0.00387	-0.00976	0.00388	0.00466	-0.00842	-0.00345	0.00026	-0.00531	-0.00818	-0.00270	0.00580	-0.00331	-0.00344	-0.00208	(And (Member $x0 house) (Patient $e0 $x0))
p207318	0.00901	0.01289	0.02675	-0.00130	-0.00622	-0.00124	0.00312	-0.01896	0.00390	-0.00544	-0.01175	-0.00753	-0.00554	0.00548	-0.00744	0.00555	(And (Member $x0 light) (Patient $e0 $x0))
p207320	0.00277	-0.00161	-0.00764	-0.00589	0.00335	-0.00238	-0.00510	-0.00448	0.01745	0.00506	0.00147	0.00163	-0.00090	-0.00483	-0.00863	-0.00780	(And (Member $x0 orchestra) (Theme $e0 $x0))
p207321	0.00513	-0.00200	-0.00933	-0.00335	-0.01198	0.01635	0.00183	-0.01466	0.02258	-0.01191	-0.00063	-0.00249	-0.00224	-0.00643	-0.00518	0.00323	(And (Member $x0 picture) (Theme $e0 $x0))
p207322	0.00500	0.01494	0.01156	0.00673	-0.00814	-0.00023	0.01147	-0.01496	0.00354	-0.00673	-0.00919	-0.00304	-0.00127	0.00184	-0.00317	0.00080	(And (Member $x0 problem) (Patient $e0 $x0))
p207323	-0.00032	0.00006	0.00520	0.00011	-0.01025	0.00281	-0.00698	-0.00465	0.02094	-0.00772	0.00685	0.00246	-0.00326	-0.00520	-0.00394	-0.00045	(And (Member $x0 song) (Theme $e0 $x0))
p207324	-0.00716	-0.00372	0.00549	0.00816	-0.00130	-0.00123	0.01450	-0.00312	-0.00722	0.01282	0.00969	-0.00621	-0.00187	-0.00091	0.00431	-0.00113	(And (Member $x0 thing) (Possession $x1 $x0))
p207325	-0.01067	-0.00259	0.00096	0.01106	-0.00540	-0.00041	-0.00375	0.01050	-0.00487	0.01679	0.02993	-0.00001	-0.00680	0.00181	0.01002	-0.01404	(And (Member $x0 thing) (Stimulus $e0 $x0))
p207326	0.00723	0.03288	0.00592	0.04477	-0.00737	-0.00254	0.02058	-0.01999	0.00641	-0.01442	-0.00825	-0.00006	0.00033	-0.00001	-0.00055	-0.00562	(And (Member $x0 weather) (Patient $e0 $x0))
p207327	-0.00614	0.00253	-0.00450	0.01297	-0.00292	0.00103	-0.05010	0.02522	0.05988	0.00092	0.02712	0.00458	-0.00529	0.00459	-0.01806	-0.02522	(And (Member $x0 work) (Theme $e0 $x0))
p207328	0.00870	-0.00068	0.00602	-0.00307	-0.00429	0.00034	0.00227	-0.01182	0.00552	0.00008	-0.00930	-0.00355	-0.00225	0.00283	-0.00615	0.00238	(And (Might $e0) (Patient $e0 $x0))
p207329	-0.00252	0.01702	-0.01081	0.01589	-0.01334	-0.00555	-0.00963	-0.00542	-0.00409	-0.00625	0.01877	0.01379	0.02296	0.02231	0.00848	-0.01888	(And (Only $x0 $e0) (Past $e0))
p207332	0.01226	-0.00225	0.00074	-0.00426	-0.00925	-0.00390	-0.01532	0.00305	-0.00506	-0.00589	0.00051	-0.01444	0.00194	-0.00089	0.02602	-0.00400	(And (PartOf $x0 $x1) (Patient $e0 $x0))
p207334	-0.00186	-0.00133	0.00545	-0.00554	0.00372	-0.00264	-0.00287	0.00446	-0.00257	-0.00134	0.00556	0.00707	-0.00524	0.00162	-0.00199	-0.00554	(And (Past $e0) (Time $e0 later))
p207335	0.02678	-0.00687	-0.03371	0.07785	0.01971	-0.00727	-0.01319	-0.01070	0.01267	-0.00776	-0.00472	0.03043	-0.00765	0.00360	-0.00530	-0.02116	(And (Past $e0) (Time $e0 now))
p207336	0.01156	-0.00631	-0.01599	-0.01842	-0.00786	-0.01019	0.01496	0.00938	0.00102	-0.01165	0.00642	-0.00695	0.01414	-0.02230	-0.00261	0.02830	(And (Past $e0) (Time $e0 today))
p207337	-0.00313	0.01009	-0.00535	-0.00934	-0.00002	-0.00907	0.00902	0.00581	-0.00982	-0.00781	0.01103	0.00162	0.00838	-0.01146	0.00541	0.00641	(And (Past $e0) (With $e0 $x0))
p207338	0.02206	0.00348	-0.01876	0.00763	0.00343	-0.01261	0.02759	-0.02179	-0.01054	0.02029	0.00544	0.00347	0.01199	-0.01545	0.00900	-0.01535	(And (Patient $e0 $x0) (Possession $x0 $x1))
p207339	0.00217	0.02844	0.01571	0.01032	-0.01173	-0.00130	0.01550	-0.01716	0.00407	-0.01077	-0.00911	-0.00367	0.00073	0.00054	-0.00200	-0.00020	(And (Patient $e0 $x0) (Probably $e0))
p207340	0.01610	-0.00466	0.02528	-0.01840	0.01557	-0.00795	-0.00980	-0.00731	-0.00131	0.00192	0.00190	-0.00236	-0.00851	0.00193	-0.01313	-0.00000	(And (Patient $e0 $x0) (Time $e0 night))
p207341	0.00568	-0.00286	-0.00240	0.00583	-0.00763	0.00795	-0.00083	-0.00746	-0.00656	0.00747	0.00589	-0.01201	0.00068	-0.00155	0.01673	-0.00518	(And (Patient $e0 $x0) (To $e1 $e0))
p207343	0.01952	-0.00224	-0.02280	-0.02129	-0.05066	-0.00342	0.06356	-0.08652	-0.02681	0.04581	0.00135	0.03390	0.00476	-0.02959	-0.00482	0.05645	(And (Recipient $e0 $x0) (Theme $e1 $e0))
p207344	-0.03703	-0.00795	0.03242	-0.02837	0.09635	-0.04922	0.32752	-0.11070	-0.01884	-0.03789	0.06061	-0.04203	-0.10585	0.12971	0.06603	0.05209	(And (Theme $e0 $x0) (Theme $e0 $x1))
p207345	0.00746	-0.00217	-0.00774	-0.00400	-0.00984	-0.00078	-0.00458	-0.01401	0.00265	0.00500	-0.00181	-0.00138	0.02378	0.01954	-0.00769	-0.00340	(And (Theme $e0 $x0) (To $e0 $x1))
p207568	0.00544	-0.00634	-0.01567	0.00821	0.00716	-0.00895	-0.01699	0.01705	-0.00648	-0.00918	0.00293	0.00805	0.00430	-0.00693	0.00851	0.00901	(Against $e0 $x0)
p207569	-0.00585	-0.00050	0.00066	0.00029	0.00017	-0.00131	-0.00152	0.00604	-0.00280	-0.00052	0.00542	0.00902	-0.00480	0.00237	0.00116	-0.00675	(Agent $e0 adriano)
p207570	-0.01046	-0.00045	0.00452	0.00008	0.00825	-0.00310	-0.01078	0.01444	-0.00456	0.00136	0.01290	0.00906	-0.00680	0.00287	0.00123	-0.00942	(Agent $e0 alexander)
p207571	-0.01017	0.00043	0.00121	0.00815	0.00837	-0.00342	-0.00487	0.01125	-0.00390	-0.00018	0.01252	0.01665	-0.00775	0.00377	0.00063	-0.01433	(Agent $e0 baya)
p207572	-0.01501	-0.00095	0.00676	0.00840	-0.00151	-0.00053	-0.01001	0.01473	-0.00816	0.00432	0.02003	0.01129	-0.00737	0.00374	0.00667	-0.01256	(Agent $e0 daniel)
p207573	-0.01352	0.04935	0.01085	-0.00195	-0.02638	-0.00574	-0.00017	-0.03060	-0.01546	0.01568	0.01993	0.02235	0.00231	-0.00917	-0.01074	0.01553	(Agent $e0 david)
p207574	-0.00093	-0.00197	0.00010	-0.00354	0.00474	0.01217	0.00531	-0.00563	-0.00217	-0.00285	0.00162	0.00349	-0.00577	0.00162	-0.00464	-0.00462	(Agent $e0 elias)
p207575	-0.00570	0.02633	0.00329	-0.00373	0.00783	0.00505	-0.01192	0.01456	-0.00549	-0.00168	0.01664	-0.00484	-0.00060	-0.00319	0.00215	-0.01482	(Agent $e0 felix)
p207576	-0.00483	0.00003	-0.00266	0.01320	0.00320	-0.00086	-0.00579	0.00426	0.00437	-0.00026	0.00880	0.01008	-0.00616	0.00329	-0.00080	-0.01194	(Agent $e0 gustavo)
p207577	-0.00352	-0.00305	0.01431	-0.00623	0.00624	-0.00334	-0.00392	0.00397	-0.00615	0.00104	0.00943	0.01138	-0.00244	-0.00032	-0.00463	-0.01080	(Agent $e0 ivan)
p207578	0.01022	-0.00246	-0.01172	-0.03403	-0.00987	0.04445	0.10821	-0.10053	-0.01231	0.02979	-0.00891	0.01976	0.01815	-0.02798	-0.04645	0.02202	(Agent $e0 jessica)
p207579	-0.00527	0.00908	0.00183	0.00357	-0.00284	-0.00122	-0.01922	0.01085	0.00216	0.00614	0.00188	0.00389	-0.00310	0.00384	-0.00200	-0.00522	(Agent $e0 linda)
p207580	-0.00342	0.00228	-0.00403	-0.01509	-0.01787	-0.00211	-0.00219	-0.02891	-0.01485	0.03589	0.02778	0.03330	-0.00849	-0.00170	-0.01826	0.01463	(Agent $e0 mark)
p207581	0.00095	-0.00377	-0.00099	-0.00576	-0.00081	0.01187	0.00717	-0.01037	-0.00390	0.00051	0.00239	0.00528	-0.00522	0.00070	-0.00553	0.00026	(Agent $e0 martino)
p207582	-0.00261	-0.00154	-0.00207	0.00045	-0.00154	0.01068	-0.00862	0.00370	0.00598	-0.00345	0.00265	0.00409	-0.00541	0.00310	-0.00345	-0.00576	(Agent $e0 mary)
p207583	-0.00828	-0.00234	-0.00552	0.00095	-0.00041	-0.00580	-0.00496	0.00649	-0.00272	-0.00601	0.01316	0.01827	-0.00760	0.00240	0.01279	-0.00407	(Agent $e0 matthew)
p207584	-0.01085	0.00903	0.00413	0.00282	0.00433	-0.00444	-0.01191	0.01531	-0.00367	0.00043	0.01166	0.00877	-0.00547	0.00276	0.00315	-0.01165	(Agent $e0 mennad)
p207585	-0.01681	0.01019	0.00432	0.02054	-0.01289	0.00275	-0.03293	0.02211	-0.00102	0.02723	0.04372	-0.00785	-0.00456	-0.00067	0.01458	-0.02214	(Agent $e0 michael)
p207586	-0.00744	-0.00287	-0.00100	-0.00134	0.00508	0.01122	-0.00113	0.00596	-0.00601	0.00156	0.01320	0.00484	-0.00690	0.00153	0.00047	-0.00907	(Agent $e0 pietro)
p207587	-0.00329	-0.00364	-0.00232	-0.00033	0.00265	0.01214	-0.00328	0.00412	-0.00140	-0.00311	-0.00047	0.00132	-0.00670	0.00364	-0.00168	-0.00300	(Agent $e0 roger)
p207588	-0.00108	0.00852	-0.00230	-0.00289	-0.01704	-0.00285	0.00200	-0.02139	-0.00608	0.02465	0.01403	0.00934	0.00015	-0.00510	-0.00931	0.00977	(Agent $e0 william)
p207589	-0.01287	0.03635	0.00472	0.00114	0.00490	0.00546	0.00037	0.01252	-0.00260	-0.00957	0.00970	-0.00058	0.00270	-0.00446	0.00108	-0.01531	(Agent $e0 ziri)
p207590	-0.00152	-0.00095	-0.00427	-0.00307	-0.00724	-0.00109	-0.00077	-0.00636	0.00669	-0.01169	-0.00218	0.00514	-0.00013	-0.00627	0.00750	0.00450	(At $e0 $x0)
p207591	-0.00103	-0.00461	-0.01037	-0.01805	0.00696	-0.01384	0.02918	0.00433	-0.01916	0.00123	0.02899	0.01060	0.00927	-0.01386	-0.00346	0.00726	(Because $e0 $e1)
p207592	0.00857	-0.00483	-0.00146	-0.00434	-0.00146	-0.00501	-0.00058	0.00318	-0.00406	-0.00461	0.00019	-0.00817	0.00425	-0.00893	-0.00396	0.01933	(But $e0 $x0)
p207593	0.00485	-0.00489	-0.00514	-0.00017	-0.00368	-0.00312	0.00168	0.00550	-0.00325	-0.00511	-0.00204	-0.00689	0.00522	-0.00837	-0.00293	0.01972	(Every $e0 <num> week)
p207594	0.00594	-0.00239	0.00256	-0.00267	-0.00033	0.00059	-0.00005	-0.00380	0.00103	-0.00172	-0.00651	-0.00345	-0.00341	0.00260	-0.00236	0.00193	(Every $e0 <num> year)
p207595	0.01568	0.00590	-0.01065	0.01860	0.00174	-0.00625	-0.00251	-0.01358	-0.00373	-0.00530	-0.00050	0.00953	0.01897	0.01673	-0.00755	-0.00864	(Experiencer $e0 $e1)
p207596	-0.01422	-0.00603	-0.00745	-0.00800	0.02324	-0.01563	-0.00578	0.02418	-0.01588	0.02241	0.03414	0.04433	-0.00785	-0.00118	-0.00635	-0.02989	(Goal $e0 bed)
p207597	-0.00825	-0.00349	-0.00714	0.00427	-0.01586	-0.00264	-0.00695	-0.01643	-0.00359	-0.02344	0.00013	0.00859	0.00556	-0.00884	0.03596	0.01555	(Goal $e0 home)
p207598	0.00494	-0.00195	0.00019	-0.00546	0.00438	-0.00486	-0.01182	0.01096	0.00092	-0.00605	-0.00794	-0.00050	0.00673	-0.00264	0.00176	-0.00260	(GroupOf $x0 cookie)
p207599	0.00414	-0.00348	-0.00206	-0.00731	0.00173	-0.00492	0.00618	0.00868	-0.00366	-0.00244	0.00120	-0.00300	0.00396	-0.00555	-0.00390	0.00898	(GroupOf $x0 dish)
p207600	0.00730	-0.00301	0.00766	-0.00895	0.00495	-0.00266	-0.00512	-0.00503	0.00366	0.00034	-0.00254	-0.00156	-0.00304	0.00174	-0.00763	-0.00085	(GroupOf $x0 law)
p207601	0.00276	-0.00251	-0.00786	-0.00731	0.00638	-0.00333	-0.00559	-0.00467	0.01469	0.00792	0.00153	0.00219	-0.00054	-0.00412	-0.00911	-0.00843	(GroupOf $x0 measure)
p207602	-0.00483	0.00561	0.00534	0.00258	-0.01138	0.00472	-0.00741	-0.01287	-0.00385	0.00551	-0.00211	0.01131	-0.00314	0.00240	-0.00077	0.00705	(GroupOf $x0 noise)
p207603	0.00048	-0.00106	-0.00285	0.00120	-0.00406	0.00141	-0.00515	-0.00023	0.00946	0.00016	-0.00012	0.00125	-0.00184	0.00249	-0.00341	-0.00466	(GroupOf $x0 question)
p207604	0.00878	-0.00279	0.00364	-0.00537	-0.00980	-0.00266	-0.00827	-0.00216	0.00616	-0.00915	-0.00124	-0.01040	0.00301	-0.00544	0.01202	0.00623	(GroupOf $x0 road)
p207605	-0.00328	-0.00109	0.00293	0.00318	-0.00060	0.00111	0.00378	0.00126	0.00034	-0.00217	-0.00390	0.00016	-0.00240	0.00210	-0.00089	0.00003	(GroupOf $x0 rock)
p207606	0.00310	-0.00362	-0.00524	-0.00570	0.00427	-0.00185	-0.00467	-0.00151	0.00604	0.00664	-0.00436	-0.00011	0.00178	0.00406	-0.00663	-0.00544	(GroupOf $x0 sequence)
p207607	-0.05088	-0.00635	0.07845	0.06145	0.01380	0.04996	-0.04787	-0.00826	0.01847	-0.03761	-0.04380	0.01388	0.01774	0.00324	-0.01775	0.04637	(GroupOf $x0 sister)
p207608	0.02388	0.00663	0.01648	-0.02083	-0.02938	0.00220	0.02311	-0.07558	-0.00879	-0.00760	-0.01248	-0.01139	0.01733	-0.03778	-0.01122	0.04414	(GroupOf $x0 tree)
p207609	0.00322	-0.00368	-0.00533	-0.00586	0.00425	-0.00185	-0.00471	-0.00157	0.00608	0.00653	-0.00446	-0.00014	0.00182	0.00400	-0.00672	-0.00522	(GroupOf $x0 way)
p207610	0.00076	-0.00193	0.00002	-0.00451	0.00488	-0.00395	0.00538	-0.00738	-0.00350	0.00705	-0.00259	-0.00319	0.00154	-0.00367	0.00171	-0.00182	(GroupOf $x0 woman)
p207611	0.00593	-0.00601	-0.01235	-0.01079	0.01576	-0.00906	-0.01482	0.00632	0.01184	0.01910	-0.00087	-0.00238	-0.00322	-0.00389	-0.00680	-0.01018	(In $e0 $e1)
p207612	0.00181	-0.00377	-0.00319	-0.00068	-0.00022	-0.00225	-0.00372	0.01058	-0.00114	-0.00247	-0.00225	-0.00355	0.00079	-0.00215	-0.00122	0.00811	(In $x0 $x1)
p207613	0.01898	-0.02091	-0.02043	-0.02602	0.01484	0.05649	-0.00529	0.02718	-0.00506	-0.02455	-0.01369	-0.02817	0.00703	-0.01954	-0.02683	0.05522	(LocatedIn $x0 india)
p207614	0.00615	-0.00875	0.03897	-0.00867	-0.10139	0.04467	0.26145	0.11309	0.04210	0.04006	-0.03040	0.08366	0.06402	-0.04523	-0.00645	-0.10234	(Location $e0 eskisehir)
p207615	0.00749	-0.00925	-0.01204	-0.00407	-0.00565	-0.00992	0.00650	0.01462	-0.01366	0.00445	0.01645	-0.01422	0.01228	-0.01829	0.00060	0.02963	(Location $e0 europe)
p207616	0.00281	-0.00230	-0.00623	-0.00451	-0.00272	-0.00274	0.00032	-0.00890	0.01119	0.00094	-0.00426	-0.00401	0.00193	-0.00721	0.00111	0.00264	(Manner $e0 carefully)
p207617	0.00140	0.00509	0.00358	0.00747	-0.01246	0.00287	-0.02627	-0.00731	0.00070	0.01851	0.00640	-0.00750	0.00315	-0.00057	-0.00419	0.00633	(Manner $e0 really)
p207618	0.00620	0.00772	-0.00815	0.00881	0.00835	0.00423	-0.00469	0.00544	0.00152	-0.00712	-0.00218	0.00093	-0.00286	-0.00068	-0.00417	-0.00305	(Measure $e0 duration <num> day)
p207619	0.00155	-0.00636	-0.00513	0.00219	-0.00536	-0.00558	0.00527	0.00699	-0.01009	0.00472	0.01285	-0.00832	0.00533	-0.01060	0.00174	0.01834	(Member $e0 active)
p207620	0.00411	-0.00115	-0.00636	-0.00218	-0.00983	0.00126	-0.00083	-0.00962	0.01954	-0.00661	-0.00358	-0.00048	0.00076	-0.00456	-0.00309	0.00253	(Member $e0 approve)
p207621	0.00523	-0.00485	-0.00560	-0.00696	-0.00726	-0.00256	-0.00320	-0.01086	-0.00743	0.00134	-0.00042	-0.00071	0.00187	-0.00623	0.01699	0.00150	(Member $e0 attack)
p207622	-0.00664	-0.00779	-0.01042	-0.01162	0.03846	-0.03072	-0.00197	0.00988	-0.02404	0.06664	0.02801	-0.00917	0.00574	-0.00955	0.02990	-0.03934	(Member $e0 bake)
p207623	0.00323	-0.00156	0.00153	0.00033	-0.00213	0.00087	-0.00273	-0.00630	0.00829	0.00203	-0.00701	-0.00128	-0.00016	0.00388	-0.00630	-0.00150	(Member $e0 base)
p207624	0.01574	-0.00509	-0.02070	0.00661	0.00341	-0.01345	0.01394	0.00894	-0.01009	-0.00170	0.00930	-0.01104	0.00979	-0.01537	0.00727	0.01489	(Member $e0 beautiful)
p207625	-0.00003	0.01784	0.00666	-0.00991	0.00573	-0.01174	0.00246	-0.00318	-0.00709	-0.00525	0.00838	0.00506	0.00882	-0.00627	0.00199	-0.01156	(Member $e0 break_out)
p207626	0.00537	-0.00385	-0.00303	-0.00200	-0.00150	0.01860	-0.00646	-0.01091	0.00755	0.00065	-0.00774	-0.00345	-0.00292	0.00543	-0.00889	-0.00115	(Member $e0 celebrate)
p207627	0.00414	0.00512	0.00091	-0.00474	-0.01380	0.01880	0.01188	-0.02722	-0.01053	-0.00431	0.00250	-0.00531	0.00415	-0.00609	0.01238	0.00535	(Member $e0 climb)
p207628	0.01605	-0.00459	0.02734	-0.01895	0.01586	-0.00861	-0.00996	-0.00758	-0.00082	0.00148	0.00050	-0.00341	-0.00742	0.00104	-0.01386	0.00095	(Member $e0 compose)
p207629	0.00550	-0.00550	-0.00958	-0.00491	-0.00422	-0.00207	0.00957	-0.01723	0.00375	0.01929	0.00790	-0.00495	0.01015	-0.00429	-0.00739	-0.00479	(Member $e0 define)
p207630	0.01822	-0.00857	0.05518	-0.01934	0.01647	-0.01333	-0.02836	0.01493	-0.00368	0.02058	0.01843	-0.01485	-0.01449	0.00407	-0.01127	-0.00415	(Member $e0 design)
p207631	0.00587	-0.00308	-0.00124	-0.00102	-0.00394	-0.00118	-0.00009	-0.00206	0.00238	-0.00119	-0.00484	-0.00490	0.00249	-0.00228	-0.00479	0.00963	(Member $e0 difficult)
p207632	-0.01074	-0.00014	0.00802	-0.00182	0.00845	-0.00387	-0.01211	0.01526	-0.00535	0.00096	0.01451	0.01150	-0.00906	0.00430	0.00050	-0.01116	(Member $e0 drink)
p207633	0.00051	-0.00361	-0.00490	-0.00846	0.01348	-0.00669	-0.00031	-0.00360	0.00337	0.01309	-0.00338	-0.00323	-0.00000	-0.00691	-0.00362	-0.00426	(Member $e0 fund)
p207634	-0.00895	-0.00096	-0.00258	0.00459	-0.00157	-0.00214	-0.02476	0.01715	0.00714	0.00828	0.02845	0.00622	-0.00625	0.00200	0.00278	-0.01718	(Member $e0 give)
p207635	0.00668	0.01379	-0.00656	0.03081	0.00875	-0.00902	0.01799	-0.01393	-0.00199	-0.00208	0.00312	0.01174	0.00093	-0.00405	0.00175	-0.01664	(Member $e0 grow)
p207636	0.00286	-0.00165	-0.01103	-0.00028	-0.01827	-0.00057	-0.00230	-0.00771	0.01517	-0.01535	-0.00147	0.00607	-0.00084	-0.00530	0.01490	0.00478	(Member $e0 hold_up)
p207637	-0.01711	-0.02024	0.02022	-0.02262	0.04351	0.03099	-0.04441	-0.02015	-0.00418	0.05943	0.00235	-0.03531	0.03919	-0.03433	-0.02470	0.01044	(Member $e0 include)
p207638	0.00006	-0.00311	-0.00100	-0.00137	0.00066	-0.00187	-0.02413	0.00405	-0.00053	-0.01211	0.00101	-0.00280	0.00842	-0.00478	0.01779	0.00119	(Member $e0 influence)
p207639	0.00369	-0.00380	-0.00692	-0.00665	-0.00211	-0.00420	0.00822	0.00216	-0.00241	-0.00032	0.00365	-0.00208	0.00589	-0.00625	-0.00361	0.00818	(Member $e0 know)
p207640	-0.00075	-0.00208	-0.00072	0.00480	-0.00406	0.00126	0.00366	-0.00790	0.00384	0.00733	0.00025	-0.00189	0.00144	0.00151	-0.00252	-0.00411	(Member $e0 learn)
p207641	-0.01050	-0.00048	0.00474	-0.00018	0.00830	-0.00302	-0.01283	0.01562	-0.00447	0.00157	0.01290	0.00872	-0.00693	0.00330	0.00129	-0.00922	(Member $e0 marry)
p207642	-0.00214	-0.00468	-0.00480	0.00864	-0.01321	0.00007	0.01304	-0.01266	-0.00208	0.02586	0.02663	-0.01033	0.00546	-0.00772	0.00419	-0.00691	(Member $e0 mean)
p207643	0.01254	-0.00642	0.00117	-0.01197	0.00639	-0.00589	-0.00736	0.00558	-0.00370	0.00374	0.00616	0.00129	-0.00446	-0.00300	-0.00711	0.00529	(Member $e0 paint)
p207644	0.00450	-0.00195	-0.00036	-0.00127	-0.01005	0.00033	-0.00637	-0.00570	0.01271	-0.00164	0.00576	-0.00536	-0.00021	-0.00560	0.00103	0.00167	(Member $e0 pick_up)
p207645	0.00144	0.01256	-0.00931	-0.00849	-0.01488	-0.00784	0.01686	-0.02034	0.00207	-0.00124	-0.00058	0.01500	0.00428	-0.01194	0.00500	0.00625	(Member $e0 pull)
p207646	0.00292	0.00911	-0.00056	-0.00169	-0.01100	-0.00229	-0.01264	-0.00355	-0.00245	0.00151	0.00456	-0.00163	0.00241	-0.00143	0.00958	-0.00204	(Member $e0 reach)
p207647	0.00074	0.02200	-0.00652	-0.00409	0.00855	-0.00948	-0.01778	0.01210	0.01901	0.00435	0.00307	-0.00093	-0.00096	-0.00462	-0.00624	-0.01549	(Member $e0 read)
p207648	-0.00525	-0.00268	-0.00790	-0.00883	0.01409	-0.01273	-0.01291	0.03650	-0.00610	-0.00208	0.01137	0.01524	-0.00063	-0.00018	0.00487	-0.01115	(Member $e0 return)
p207649	0.00214	-0.00134	-0.01010	-0.00200	-0.00971	-0.00217	-0.01261	0.00452	0.02403	-0.01096	0.00724	0.00307	-0.00566	-0.00546	0.00411	0.00363	(Member $e0 rule)
p207650	-0.00633	-0.00234	0.00276	0.00592	0.00014	0.00928	-0.00978	0.00777	-0.00183	0.00145	0.00391	0.00037	-0.00554	0.00407	0.00100	-0.00412	(Member $e0 see)
p207651	0.01286	0.00710	-0.01895	-0.02184	-0.01199	-0.00824	0.00356	0.02963	-0.01303	0.01971	0.01188	0.00255	0.01547	-0.03075	-0.01070	0.03245	(Member $e0 shine)
p207652	-0.01017	-0.00027	0.00827	0.00624	0.02535	-0.00812	-0.00499	-0.00335	0.00139	-0.01322	-0.01639	0.02227	0.00414	-0.00031	-0.00345	-0.00451	(Member $e0 shoot)
p207653	0.00609	-0.00006	0.00938	-0.00092	-0.00358	0.00057	0.00113	-0.00746	0.00259	-0.00162	-0.00875	-0.00375	-0.00387	0.00369	-0.00407	0.00333	(Member $e0 solve)
p207654	0.00525	-0.00602	0.01421	-0.01432	0.00891	0.02617	0.02158	-0.02958	-0.00495	-0.00501	0.00081	-0.00671	-0.00763	-0.00033	-0.01204	0.00167	(Member $e0 stick)
p207655	-0.01539	-0.00072	0.01184	0.00073	0.01458	-0.00348	-0.01639	0.01119	0.00065	-0.00368	0.00979	0.00999	-0.00534	0.00095	-0.00196	-0.00307	(Member $e0 succeed)
p207656	-0.02658	-0.00295	0.03113	0.02169	0.01168	0.01206	-0.02388	0.00259	-0.00347	-0.00930	-0.00291	0.01560	0.00824	-0.00257	-0.01111	0.01278	(Member $e0 suggest)
p207657	-0.00139	-0.00781	-0.00705	0.00011	-0.01096	0.00116	0.00129	-0.01634	-0.00702	0.01248	0.00504	0.01292	0.00150	-0.00549	0.00769	0.00248	(Member $e0 take_off)
p207658	0.00560	0.00093	-0.01048	0.00028	-0.00846	-0.00454	-0.02643	0.01500	0.01972	-0.00121	0.02138	-0.00379	-0.00015	-0.00120	0.00972	-0.01726	(Member $e0 take_over)
p207659	0.00527	-0.00345	0.00467	-0.00171	-0.00584	0.01252	-0.00009	-0.01065	0.00130	0.00010	-0.00849	-0.00278	-0.00508	0.00426	-0.00631	0.00679	(Member $e0 task)
p207660	0.00053	-0.00431	-0.00340	-0.00203	0.00199	-0.00165	-0.00963	-0.00005	0.00132	0.01226	-0.00139	-0.00115	-0.00175	0.00002	-0.00152	-0.00181	(Member $e0 understand)
p207661	-0.00121	0.01932	-0.00410	-0.00497	0.00704	-0.01531	-0.01577	0.04486	-0.00344	0.00172	0.01046	-0.00096	0.00299	-0.00728	0.00403	-0.00316	(Member $e0 wait)
p207662	0.00282	-0.00263	-0.00687	0.00351	-0.01684	-0.00001	0.00406	-0.00830	0.01192	-0.00633	-0.00184	-0.00062	0.00090	-0.00348	0.00980	0.00605	(Member $e0 wear)
p207663	-0.00341	-0.00137	-0.00057	0.00136	-0.00195	0.00001	-0.00179	0.00008	-0.00142	-0.00485	-0.00317	0.00346	-0.00203	0.00059	0.00582	-0.00029	(Member $x0 accident)
p207664	0.02192	-0.00751	-0.02087	0.02513	0.00601	-0.00961	-0.00414	0.00338	-0.00453	-0.00680	0.00454	0.00483	0.00441	-0.00721	0.00623	-0.00028	(Member $x0 army)
p207665	0.00396	-0.00165	-0.00398	-0.00112	-0.00802	0.00057	-0.00617	-0.00904	-0.00127	0.00043	-0.00358	0.00050	0.01796	0.02110	-0.00447	-0.00180	(Member $x0 atmosphere)
p207666	0.00938	-0.00271	-0.00144	-0.00344	-0.00926	-0.00283	-0.01586	0.00663	-0.00541	-0.00640	0.00206	-0.01310	0.00175	-0.00115	0.02648	-0.00390	(Member $x0 author)
p207667	0.00207	-0.00147	0.00033	-0.00490	-0.00177	-0.00124	-0.00783	-0.00343	0.00428	-0.00521	0.00110	0.00446	-0.00279	-0.00096	0.00176	-0.00271	(Member $x0 ball)
p207668	-0.00266	-0.00110	0.00162	0.00257	-0.00065	0.00050	-0.00002	0.00420	0.00042	-0.00171	-0.00321	-0.00006	-0.00306	0.00280	0.00009	-0.00062	(Member $x0 beach)
p207669	-0.00163	-0.00802	-0.01599	-0.00846	0.00612	0.04654	0.02244	-0.02961	-0.00605	-0.00586	0.01519	0.00598	-0.00549	-0.00516	-0.00688	-0.00909	(Member $x0 bench)
p207670	0.00270	-0.00155	-0.00425	-0.00147	-0.00531	0.00022	0.00075	-0.00664	0.01390	-0.00596	-0.00707	-0.00205	0.00042	-0.00347	-0.00142	0.00401	(Member $x0 bottom)
p207671	0.01086	-0.00823	-0.00968	0.00583	-0.00428	-0.00717	-0.04049	0.05862	0.00035	-0.00624	-0.00030	-0.01456	0.00701	-0.01009	-0.00080	0.03065	(Member $x0 bridge)
p207672	0.00007	0.01259	-0.00148	-0.00434	0.00022	0.00835	-0.00145	0.00488	-0.00499	-0.00849	0.00562	-0.00829	0.00245	-0.00382	0.01127	-0.00860	(Member $x0 building)
p207673	-0.00111	-0.00167	-0.00095	0.00448	-0.00889	0.00144	-0.00117	-0.00146	0.00733	-0.00162	0.00086	-0.00625	0.00042	-0.00425	0.00436	0.00406	(Member $x0 camera)
p207674	0.01522	0.00541	-0.01577	0.01632	0.00716	0.00087	0.02800	-0.01270	-0.00239	-0.01091	-0.00305	0.00477	0.00710	-0.01076	-0.01078	0.00655	(Member $x0 ceiling)
p207675	-0.00276	-0.00132	0.00212	0.00337	-0.00044	0.00183	-0.00028	0.00378	0.00110	-0.00266	-0.00438	0.00026	-0.00360	0.00338	-0.00064	-0.00026	(Member $x0 church)
p207676	-0.00602	0.01371	-0.00214	-0.00047	0.00126	-0.00768	0.00378	-0.00157	-0.00530	0.00052	0.00095	0.00286	0.00513	-0.00353	0.01039	-0.00911	(Member $x0 clear)
p207677	0.01308	-0.00507	-0.01392	0.02060	0.00688	-0.00617	0.01179	-0.00233	-0.00121	-0.00443	-0.00079	0.00620	0.00060	-0.00470	-0.00510	0.00251	(Member $x0 cold)
p207678	0.00038	-0.00170	0.00179	-0.00176	0.00226	-0.00215	-0.00086	-0.00117	-0.00102	0.00480	-0.00294	-0.00284	-0.00255	-0.00024	0.00100	-0.00135	(Member $x0 complex)
p207679	0.00753	-0.00324	-0.00206	-0.00766	-0.01518	0.00088	-0.00038	-0.02034	0.00684	-0.01304	-0.00694	0.00125	0.00065	-0.00754	0.00454	0.01591	(Member $x0 concert)
p207680	0.02756	0.00418	-0.01790	-0.00215	-0.04565	0.02838	0.00923	-0.08107	0.02574	0.00844	-0.02332	0.01435	-0.02115	0.03214	-0.00187	0.03340	(Member $x0 cook)
p207681	0.01099	-0.01721	-0.01446	-0.02438	0.01004	0.05232	0.04726	-0.03682	-0.00150	0.01335	-0.01470	-0.00263	0.01624	-0.02273	-0.03652	0.01540	(Member $x0 couch)
p207682	0.00694	-0.00286	-0.00431	-0.01212	-0.00183	-0.00633	0.01332	-0.00033	0.00795	-0.01122	-0.00545	-0.00194	0.00736	-0.01271	-0.00588	0.01528	(Member $x0 day)
p207683	-0.00215	-0.00155	0.00109	0.00120	0.00079	0.00048	-0.00122	0.00482	0.00068	-0.00163	-0.00392	0.00014	-0.00284	0.00327	-0.00085	-0.00081	(Member $x0 desk)
p207684	0.00735	-0.00030	-0.00480	-0.00051	-0.00361	-0.00438	-0.00064	-0.00446	0.00170	0.00687	0.00616	-0.00699	-0.00260	-0.00106	0.00773	-0.00679	(Member $x0 difference)
p207685	-0.00353	-0.00152	0.00208	0.00329	-0.00080	0.00052	0.00070	0.00513	0.00040	-0.00205	-0.00417	-0.00004	-0.00397	0.00363	0.00014	-0.00100	(Member $x0 different)
p207686	-0.00139	-0.00055	-0.00105	0.00227	-0.00337	0.00125	-0.00361	0.00315	0.00650	-0.00224	0.00013	0.00154	-0.00315	0.00218	-0.00140	-0.00354	(Member $x0 dress)
p207687	0.01118	-0.00396	-0.01339	0.03634	0.00940	-0.00336	0.00728	-0.00561	0.00282	-0.00320	-0.00393	0.01460	-0.00439	0.00268	-0.00495	-0.01041	(Member $x0 earth)
p207688	0.00005	-0.00176	-0.00056	0.00262	-0.00172	0.00097	-0.00255	-0.00282	0.00740	0.00268	-0.00449	-0.00045	0.00047	0.00311	-0.00475	-0.00296	(Member $x0 easy)
p207689	-0.00264	-0.00111	0.00161	0.00255	-0.00065	0.00050	-0.00008	0.00423	0.00043	-0.00172	-0.00322	-0.00006	-0.00305	0.00277	0.00009	-0.00062	(Member $x0 fact)
p207690	0.00660	-0.00267	0.00129	-0.00721	-0.00385	-0.00377	-0.01213	-0.00116	-0.00537	-0.00673	0.00113	-0.00373	0.00006	-0.00231	0.01710	-0.00175	(Member $x0 field)
p207691	-0.00093	-0.00353	-0.00472	-0.00299	0.00056	0.01733	0.01497	-0.01376	-0.00292	-0.00746	-0.00534	0.00246	-0.00063	-0.00190	-0.00096	-0.00042	(Member $x0 flower)
p207692	0.00505	0.01078	-0.00840	0.02303	0.00652	-0.00617	0.00752	-0.00009	-0.00064	-0.00510	0.00422	0.01325	-0.00223	-0.00107	-0.00162	-0.01327	(Member $x0 forest)
p207693	0.00704	-0.00429	-0.00881	-0.00978	0.00259	-0.00343	-0.00489	-0.00841	-0.00218	-0.00083	-0.00093	-0.00869	0.00583	-0.00915	0.01665	-0.00293	(Member $x0 fox)
p207694	0.00627	-0.00195	0.00553	-0.00488	0.00004	-0.00086	-0.00400	-0.00516	0.00372	0.00088	-0.00410	-0.00230	-0.00275	0.00297	-0.00528	-0.00023	(Member $x0 game)
p207695	-0.01071	-0.00715	-0.01382	-0.00626	0.03578	-0.02911	0.00040	0.01147	-0.02383	0.06636	0.02680	-0.00867	0.00685	-0.00902	0.03202	-0.03919	(Member $x0 headquarters)
p207696	-0.00212	-0.00005	0.00767	0.00243	-0.00081	-0.00044	-0.01152	0.00825	0.01035	0.00094	0.00484	-0.00280	-0.00402	0.00213	-0.00290	-0.00575	(Member $x0 important)
p207697	-0.00212	-0.00337	-0.00273	-0.00200	0.00389	0.01323	0.00274	-0.00161	-0.00154	-0.00325	-0.00046	0.00111	-0.00528	0.00202	-0.00309	-0.00249	(Member $x0 isolated)
p207698	-0.00298	-0.00179	-0.00190	0.00104	-0.00130	-0.00038	-0.00142	-0.00016	-0.00233	-0.00441	-0.00245	0.00355	-0.00143	0.00026	0.00623	-0.00086	(Member $x0 king)
p207699	0.00345	-0.00191	0.00027	-0.00055	-0.00512	-0.00091	-0.00785	0.00500	-0.00224	-0.00438	-0.00120	-0.00615	-0.00047	0.00078	0.01260	-0.00192	(Member $x0 kitchen)
p207700	0.00428	-0.00396	-0.00569	-0.00651	-0.00779	-0.00049	0.00798	-0.01593	0.00874	-0.00081	-0.00757	0.00010	0.00041	-0.00894	-0.00161	0.01088	(Member $x0 law)
p207701	0.00926	-0.00278	-0.00837	0.00914	0.00394	-0.00263	0.00233	0.00188	0.00144	-0.00433	-0.00520	-0.00109	-0.00196	-0.00077	-0.00247	0.00283	(Member $x0 living_room)
p207702	0.01163	-0.00389	0.02249	-0.01301	0.01255	-0.00626	-0.00702	-0.00519	-0.00077	0.00127	0.00027	-0.00195	-0.00744	0.00232	-0.01085	0.00023	(Member $x0 mass)
p207703	-0.00613	-0.00059	0.00217	-0.00015	0.00147	-0.00109	-0.00064	0.00703	-0.00206	-0.00168	0.00419	0.00781	-0.00441	0.00222	0.00006	-0.00578	(Member $x0 method)
p207704	0.00276	-0.00166	-0.00362	-0.00141	-0.00720	0.00103	0.00121	-0.00722	0.01413	-0.00685	-0.00741	-0.00204	0.00035	-0.00338	-0.00156	0.00562	(Member $x0 museum)
p207705	0.00163	-0.00061	-0.00677	0.00439	-0.00611	-0.00206	-0.02730	0.01558	0.01840	0.00875	0.03243	-0.00172	-0.00413	-0.00223	0.00045	-0.01775	(Member $x0 name)
p207706	0.00284	-0.00102	0.00602	0.00003	-0.00133	-0.00387	-0.00895	0.00295	-0.00492	-0.00326	0.00631	-0.00175	-0.00382	0.00178	0.01371	-0.00779	(Member $x0 noise)
p207707	0.00363	-0.00408	-0.00241	-0.00132	-0.01093	0.01310	-0.00344	-0.01503	-0.00438	-0.00159	-0.00609	0.00033	0.01527	0.02177	-0.00713	0.00611	(Member $x0 ocean)
p207708	-0.00716	-0.00253	0.00107	0.00828	-0.00437	0.00206	-0.01496	0.01109	-0.00025	0.01430	0.01910	-0.00368	-0.00383	0.00151	0.00545	-0.00969	(Member $x0 opportunity)
p207709	0.00280	-0.00162	-0.00766	-0.00599	0.00337	-0.00238	-0.00485	-0.00471	0.01745	0.00501	0.00141	0.00167	-0.00086	-0.00490	-0.00872	-0.00772	(Member $x0 orchestra)
p207710	0.00137	-0.00426	-0.00698	-0.00422	0.00035	0.01883	0.01524	-0.01852	0.00099	-0.00535	-0.00701	0.00313	0.00102	-0.00218	-0.00444	-0.00255	(Member $x0 page)
p207711	-0.00032	-0.00117	-0.00415	-0.00208	-0.00654	-0.00102	0.00123	-0.00736	0.00793	-0.01108	-0.00565	0.00171	0.00051	-0.00604	0.00676	0.00589	(Member $x0 patient)
p207712	-0.00254	-0.00105	0.00128	0.00237	-0.00043	0.00030	0.00057	0.00381	0.00029	-0.00146	-0.00303	-0.00004	-0.00291	0.00271	0.00018	-0.00111	(Member $x0 plant)
p207713	-0.00156	-0.00303	-0.00671	0.00929	-0.00591	0.00023	-0.00384	-0.01074	0.00124	0.00156	0.00513	0.01335	-0.00402	0.00039	0.00231	-0.00212	(Member $x0 police)
p207714	0.00023	-0.00233	0.00671	-0.00380	0.00424	-0.00218	0.00637	-0.00717	-0.00182	0.00154	-0.00338	-0.00079	-0.00117	-0.00208	-0.00201	-0.00001	(Member $x0 population)
p207715	-0.00583	-0.00387	0.00174	-0.00969	0.02329	-0.01010	0.00513	-0.00402	-0.00477	0.01973	-0.00297	0.00140	0.00866	-0.01255	-0.00739	-0.00909	(Member $x0 president)
p207716	0.00068	-0.00147	-0.00420	0.00142	-0.00692	0.00030	-0.00648	0.00336	0.01280	-0.00650	0.00026	-0.00081	-0.00417	-0.00099	0.00252	0.00335	(Member $x0 race)
p207717	0.00085	-0.00204	0.00122	-0.00055	0.00156	-0.00190	-0.00202	-0.00151	-0.00091	0.00477	-0.00296	-0.00259	-0.00281	-0.00000	0.00120	-0.00106	(Member $x0 report)
p207718	0.00445	-0.00310	-0.00482	-0.00102	-0.00651	-0.00127	-0.00038	-0.00282	-0.00213	-0.00234	-0.00280	-0.00358	0.01259	0.00179	-0.00413	0.00928	(Member $x0 right)
p207719	0.00498	0.01145	0.00012	-0.00996	-0.00155	0.00627	0.00406	-0.02071	-0.00701	-0.00078	-0.00118	-0.00330	0.02003	0.01245	-0.00655	-0.00377	(Member $x0 roof)
p207720	0.00031	-0.00178	0.00209	-0.00148	0.00216	-0.00165	-0.00093	-0.00130	-0.00080	0.00431	-0.00340	-0.00276	-0.00271	-0.00003	0.00072	-0.00094	(Member $x0 simple)
p207721	-0.00166	0.00761	-0.00134	-0.00610	0.01153	0.00386	0.00519	-0.00499	0.00590	0.00288	-0.00660	-0.00301	0.00161	-0.00558	-0.00929	-0.00386	(Member $x0 small)
p207722	0.00558	-0.00528	-0.00547	-0.00153	-0.00489	-0.00341	0.00234	0.00686	-0.00353	-0.00552	-0.00209	-0.00756	0.00625	-0.00961	-0.00326	0.02220	(Member $x0 spider)
p207723	-0.00216	-0.00318	-0.00295	-0.00268	0.00482	0.01295	0.00269	-0.00121	-0.00199	-0.00216	0.00076	0.00031	-0.00434	0.00194	-0.00334	-0.00338	(Member $x0 station)
p207724	0.01259	-0.00780	-0.01463	-0.01759	-0.00341	0.00332	0.00026	0.02704	-0.01252	-0.00821	0.01335	-0.01545	0.01333	-0.01637	0.00988	0.01532	(Member $x0 storm)
p207725	0.00369	-0.00142	-0.00394	-0.00369	-0.01196	0.00060	0.00942	-0.01492	0.02005	-0.01567	-0.01043	-0.00350	0.00243	-0.01134	0.00030	0.01472	(Member $x0 story)
p207726	-0.00047	-0.00393	0.00432	-0.00304	0.00488	-0.00469	0.00133	-0.00352	-0.00534	0.01118	0.00533	-0.00343	-0.00309	-0.00214	0.00210	-0.00311	(Member $x0 strong)
p207727	0.00897	-0.00050	-0.01370	-0.01585	-0.02103	-0.00509	0.05528	-0.04746	-0.01075	0.02257	0.00093	0.01647	0.00381	-0.01627	0.00018	0.02137	(Member $x0 teacher)
p207728	0.01354	-0.00585	-0.01501	-0.00354	0.02146	-0.00934	0.00504	-0.00354	0.00555	0.00702	-0.00737	-0.00221	0.00167	-0.00745	-0.01120	-0.00122	(Member $x0 theater)
p207729	0.00731	-0.00195	0.00227	-0.00305	-0.00458	-0.00129	-0.00678	0.00011	-0.00151	-0.00351	-0.00298	-0.00760	-0.00079	0.00070	0.01011	-0.00089	(Member $x0 top)
p207730	0.00467	-0.00191	-0.00336	-0.00149	-0.00633	0.01587	-0.00252	-0.01005	0.01238	-0.00376	0.00117	-0.00201	-0.00478	0.00152	-0.00698	-0.00290	(Member $x0 treaty)
p207731	-0.00266	-0.00348	0.00169	-0.00423	0.00914	-0.00514	0.01571	-0.00820	0.00238	0.01302	-0.00264	-0.00130	0.00582	-0.00828	-0.00864	-0.00372	(Member $x0 truth)
p207732	0.00435	-0.00150	-0.00434	-0.00199	-0.00869	0.00036	-0.00318	-0.01097	-0.00185	-0.00033	-0.00356	0.00020	0.01945	0.01914	-0.00481	-0.00081	(Member $x0 valuable)
p207733	-0.00202	-0.00314	-0.00555	-0.00020	-0.01062	-0.00044	-0.00296	-0.00936	-0.00646	-0.00774	-0.00059	0.00553	-0.00028	-0.00267	0.01489	0.00587	(Member $x0 wood)
p207734	0.01283	-0.00301	-0.01504	0.04089	0.00522	-0.00255	-0.03559	0.02333	0.01621	-0.00424	0.00617	-0.00229	-0.00329	0.00124	-0.00277	-0.00131	(Member $x0 yellow)
p207735	0.01643	0.00301	-0.01728	-0.00754	-0.02092	-0.00067	-0.00876	-0.00935	-0.00926	0.00156	-0.00210	0.00009	-0.00036	-0.00772	0.01732	0.02522	(Member $x0 young)
p207736	-0.00921	-0.00496	0.00315	0.01402	-0.00253	-0.00282	0.00354	0.00890	-0.00920	0.01938	0.01622	-0.00996	-0.00698	0.00324	0.01151	-0.00618	(Ordinal $x0 <num> line)
p207737	-0.00277	-0.00110	0.00170	0.00290	-0.00048	0.00052	-0.00230	0.00564	0.00060	-0.00152	-0.00317	-0.00018	-0.00334	0.00317	0.00025	-0.00071	(Past (LocatedIn $x0 there))
p207738	0.00589	-0.00527	-0.00533	-0.00029	-0.00563	-0.00344	-0.00106	0.01070	-0.00315	-0.00628	-0.00224	-0.00845	0.00653	-0.00958	-0.00294	0.02386	(Probably (Member $x0 good))
p207739	-0.00182	-0.00147	-0.00019	0.00404	-0.00180	0.00042	0.00238	-0.00169	0.00154	0.00400	-0.00030	-0.00114	-0.00041	0.00184	-0.00073	-0.00370	(RestOf $x0 $x1)
p207740	-0.00663	0.00758	0.00153	-0.00005	0.00329	-0.00587	-0.01481	0.02161	-0.00456	-0.00352	0.01080	0.00253	0.00030	-0.00371	0.00083	0.00164	(Start $e0 (Year <num>))
p207741	0.00115	-0.00297	-0.00190	0.00076	-0.00185	-0.00155	0.00112	0.00457	-0.00156	-0.00304	-0.00244	-0.00356	0.00117	-0.00307	-0.00150	0.00941	(Time $e0 (Weekday sunday))
p207742	-0.00101	-0.00284	-0.00540	-0.00240	0.00040	-0.00277	-0.00403	-0.00564	-0.00095	0.00427	-0.00108	0.00179	0.00075	-0.00280	0.00639	-0.00345	(Time $e0 morning)
p207743	0.00193	0.00892	0.00350	0.00122	-0.00234	-0.00411	-0.00358	-0.00079	-0.00150	0.00143	-0.00324	-0.00725	0.00292	-0.00583	-0.00100	0.00905	(Time $e0 soon)
p207744	0.00183	-0.00338	-0.00126	-0.00706	0.00918	-0.00572	-0.00059	-0.00663	-0.00337	0.01461	-0.00139	-0.00426	-0.00101	-0.00463	0.00032	-0.00353	(Time $e0 tomorrow)
p207745	-0.00318	0.01010	-0.00532	-0.00926	0.00013	-0.00909	0.00840	0.00641	-0.00970	-0.00782	0.01101	0.00164	0.00823	-0.01131	0.00545	0.00628	(With $e0 $x0)
