pattern_id	w0	w1	w2	w3	w4	w5	w6	w7	w8	w9	w10	w11	w12	w13	w14	w15	w16	w17	w18	w19	w20	w21	w22	w23	w24	w25	w26	w27	w28	w29	w30	w31	query
p200004	0.12914	0.06616	0.62670	1.52466	-0.08686	0.27447	0.23007	-0.06066	0.12430	0.11830	0.25628	-1.46681	-0.00995	-0.86503	-0.32574	0.01728	1.26727	0.49664	0.02847	-0.13658	0.08851	0.94529	0.36058	-0.02478	-0.16119	0.22029	-0.27652	-0.19573	0.03331	-0.50396	-0.47735	-0.15912	(Past $e0)
p200009	-0.33969	-0.79977	-0.25580	-0.12038	0.53847	0.05068	-0.17580	-0.01489	-0.13218	-0.06013	-0.09259	-0.42289	0.27178	-0.95610	0.15128	0.14978	0.01095	0.42263	0.26415	-0.11850	1.11573	0.02628	-0.09822	1.13244	-0.07276	0.31366	1.32980	0.47629	-0.01355	0.29502	0.09589	-0.13811	(Agent $e0 $x0)
p200011	-0.14011	0.04484	-0.22671	-0.14216	-0.05629	0.06605	-0.15805	-0.07573	-0.24909	0.18922	0.23946	-0.07919	0.02939	-0.21411	0.10610	0.02577	0.02961	-0.08638	-0.23641	0.09092	-0.27647	0.06222	0.22098	0.01798	2.36221	0.07289	0.30384	0.02086	-0.04815	0.04217	0.15734	0.04335	(Patient $e0 $x0)
p200012	-0.21812	0.33942	-0.12032	-0.01702	0.11086	-0.19444	-0.00274	2.30007	0.07058	0.11662	0.09123	0.04580	-0.05388	-0.10771	-0.13139	-0.18854	-0.16505	-0.12420	0.62256	-0.14280	-0.03983	0.28636	-0.19398	0.16182	-0.00644	0.01012	0.02442	-0.15312	0.27116	0.07501	0.06196	-0.03617	(Theme $e0 $x0)
p200025	-0.18950	-0.24718	0.02039	-0.31776	0.33599	-0.35108	0.04619	-0.15997	0.19560	0.35172	0.22003	0.18691	0.18058	-0.10266	0.17075	0.15606	0.22018	1.82879	0.07297	-0.07832	0.00422	-0.01349	-0.36758	0.36120	0.03836	0.16332	-0.30205	-0.01248	-0.08807	0.09168	-0.42395	-0.10210	(And (Agent $e0 $x0) (Past $e0))
p200030	0.07912	-0.06621	-0.31829	1.35451	-0.10525	-0.11097	-0.09653	0.11877	-0.34875	0.06258	-0.04807	0.44997	-0.15786	0.03408	-0.11119	0.18403	-0.43964	0.16693	0.02453	0.27900	0.05562	-0.17978	-0.64377	0.08180	0.91590	-0.12396	-0.15017	0.30029	0.24927	-0.09120	0.07792	-0.16532	(And (Past $e0) (Patient $e0 $x0))
p200036	0.28463	-0.41156	-0.22187	-0.29120	-0.03261	0.02724	-0.22808	0.76420	-0.09760	0.65937	0.01475	-0.19215	-0.10990	0.01549	0.16917	0.15038	1.33207	-0.00718	-0.39918	0.13051	0.09458	-0.58882	0.34698	-0.27998	0.09165	-0.11312	-0.15916	-0.00321	-0.36921	-0.01058	0.44504	-0.02086	(And (Past $e0) (Theme $e0 $x0))
p200038	0.07358	0.05128	-0.47115	0.07152	0.24141	-0.11351	1.78601	0.01938	-0.17746	-0.39040	-0.58279	0.14200	-0.01637	-0.37429	0.44002	0.02142	0.07357	0.21457	-0.20666	0.33711	-0.34469	-0.15273	0.14504	-0.03608	-0.01300	0.37454	0.19439	-0.51038	-0.16017	-0.28093	1.00861	-0.01043	(Experiencer $e0 $x0)
p200040	-0.16660	0.06690	0.05162	0.09246	-0.04738	-0.51080	0.22764	-0.02179	0.21094	0.13906	-0.07010	0.04879	-0.01006	-0.09798	-0.21080	-0.17761	0.05130	-0.09202	-0.05414	-0.12949	0.22473	-0.10124	0.20916	0.01093	0.03977	0.21771	-0.03283	0.21473	0.05104	0.18513	-0.18527	1.85514	(Ongoing $e0)
p200048	0.08569	0.03622	0.35106	-0.12917	0.93549	0.07361	-0.17539	0.34361	-0.13361	-0.31842	-0.25238	-0.27262	-0.06634	-0.25576	-0.04170	0.23247	-0.13987	0.02347	0.03391	-0.21399	-0.65851	0.26211	-0.52059	0.12178	0.04194	-0.18357	0.25592	1.20885	-0.04336	-0.35597	0.36001	0.07719	(And (Agent $e0 $x0) (Theme $e0 $x1))
p200049	0.81908	0.12497	0.04580	0.04524	0.00468	-0.25713	-0.11582	-0.02771	-0.50829	0.20021	-0.24587	0.21444	2.00939	-0.26867	-0.14823	-0.24749	-0.13633	0.14019	-0.16348	-0.03629	-0.06136	0.00778	0.29282	-0.31413	-0.07888	-0.20970	0.11517	0.09160	0.32378	-0.27891	0.09392	0.04225	(Member $x0 thing)
p200051	-0.52263	0.13798	0.63386	-0.08210	-0.26375	-0.38899	-0.01543	-0.02423	-0.08150	-0.18551	-0.52477	-0.13971	0.17494	0.04817	-0.29447	-0.03873	0.23289	-0.02957	0.02096	1.50966	-0.09961	0.04903	-0.06359	0.00786	0.03384	0.23235	0.11835	0.21750	0.11580	0.67062	-0.09662	-0.09454	(Location $e0 $x0)
p200075	0.11830	-0.35989	0.22323	-0.17035	0.23886	0.42295	-0.03025	0.12602	0.29656	-0.20770	-0.50377	-0.38879	-0.01669	0.50751	0.14895	-0.40965	-0.17580	0.34539	0.30085	0.00332	0.95204	-0.00572	0.04720	-0.49870	0.38196	0.02207	-0.19101	-0.37813	0.41578	-0.11758	0.28447	-0.05483	(And (Agent $e0 $x0) (Patient $e0 $x1))
p200080	-0.29433	-0.04897	0.50944	-0.18482	-0.37419	0.51884	0.64435	0.16531	0.12510	0.81787	0.27048	-0.03706	0.11652	0.17395	-0.22399	0.20732	-0.32326	-0.05958	-0.19837	-0.08976	0.01907	0.15241	-0.21012	-0.03946	0.08606	-0.16734	0.40040	0.08915	-0.19586	0.02173	-0.46327	0.07577	(Theme $e0 $e1)
p200083	-0.23449	-0.88259	0.32452	0.10383	0.10115	-0.29108	0.03260	-0.03394	-0.15224	0.24389	-0.34518	0.28680	-0.03250	0.08988	-0.23693	1.66024	-0.13851	-0.10371	0.31431	-0.05956	-0.07382	-0.25314	0.43877	-0.09733	-0.10842	0.15690	-0.19942	-0.11681	1.22902	-0.15682	0.08858	-0.04695	(LocatedIn $x0 $x1)
p200093	0.67212	0.18270	-0.01583	-0.06733	0.13213	-0.31943	-0.16055	-0.05594	0.88266	0.17024	-0.07505	-0.16958	-0.26712	-0.11319	-0.15955	-0.16952	-0.12428	-0.11975	-0.33739	0.14941	-0.09615	0.21066	-0.36638	0.47553	-0.00444	-0.21136	0.05670	-0.03633	0.75419	-0.43134	0.25421	-0.07837	(Cardinality $x0 <num>)
p200100	-0.32810	0.12235	0.25356	-0.14986	-0.03349	-0.29505	-0.16657	-0.18493	-0.34426	0.05795	-0.22693	-0.44957	-0.05147	0.19647	-0.12217	-0.35541	0.17605	0.08845	-0.13639	0.71592	-0.13297	0.61553	0.21026	-0.09067	-0.03609	0.03569	0.02574	0.22069	0.31888	0.64306	0.00422	-0.11398	(And (Location $e0 $x0) (Past $e0))
p200105	0.13273	-0.14644	0.12151	-0.23801	0.42039	0.11306	-0.13483	-0.03304	-0.18616	0.15322	-0.04105	-0.09994	-0.01975	-0.01079	0.07722	0.33777	0.44640	0.32792	-0.15673	0.02836	-0.48757	-0.27492	-0.28298	-0.12090	0.08740	-0.19058	-0.06840	0.70473	-0.36530	-0.15643	0.35196	0.11522	(And (Agent $e0 $x0) (Past $e0) (Theme $e0 $x1))
p200112	0.08726	-0.28837	0.14360	0.32902	-0.02194	-0.29659	0.06802	-0.03595	0.01972	-0.01145	-0.17895	0.12615	-0.03308	-0.18503	-0.02496	-0.07447	0.08133	-0.22189	0.21260	0.07798	0.43548	-0.54561	-0.27720	0.29865	-0.12620	0.06052	0.04108	0.17044	-0.17500	-0.14309	-0.02973	0.74146	(And (Agent $e0 $x0) (Ongoing $e0))
p200114	0.00396	0.77199	0.22090	0.13171	0.24380	-0.03198	-0.05708	0.10421	0.01569	-0.01636	-0.04332	-0.20973	0.05636	0.06770	0.37286	0.40596	-0.16324	-0.14482	-0.42698	0.06005	0.41431	-0.15611	-0.12099	-0.02647	-0.03692	0.09668	-0.14627	-0.10728	-0.40425	0.10705	0.11764	-0.03158	(Member $x0 person)
p200128	-0.02179	0.09882	0.52447	0.05613	-0.02342	-0.44029	-0.01451	-0.02401	-0.19917	0.06177	-0.06995	-0.10608	-0.03616	0.01938	1.40627	-0.21845	0.01295	-0.06409	-0.01608	-0.20300	-0.07602	-0.07420	-0.09575	-0.01717	0.01893	-0.09260	0.16834	0.00376	0.51758	0.03908	-0.14986	-0.01870	(Possession $x0 $x1)
p200133	0.45579	0.15248	0.28809	-0.14245	-0.06357	0.19218	-0.15475	0.05545	-0.31004	-0.22542	0.58339	-0.17436	-0.13000	-0.43106	-0.09466	-0.10163	-0.12605	-0.01750	-0.05739	-0.04213	-0.18418	-0.31442	-0.02915	-0.07519	-0.00761	1.16329	0.05680	0.02593	0.21817	-0.21341	0.01582	-0.01720	(Goal $e0 $x0)
p200137	0.14246	-0.21791	-0.09305	0.05688	0.19939	0.23832	-0.03149	0.17647	0.03329	0.07315	-0.30553	-0.03788	-0.10897	0.32251	0.05389	-0.27971	-0.39099	0.49830	0.09252	0.10726	0.67340	0.17706	-0.03523	-0.32090	0.13244	-0.02372	-0.40716	-0.26553	0.34572	0.04502	0.14964	-0.04956	(And (Agent $e0 $x0) (Past $e0) (Patient $e0 $x1))
p200160	-0.24761	-0.01201	0.43906	-0.10711	-0.27048	0.35021	0.54537	0.06942	0.14028	0.56529	0.27279	-0.13484	0.08182	0.23019	-0.19946	0.04628	-0.24389	-0.02346	-0.07073	-0.21480	0.06131	0.21301	-0.16273	-0.02132	0.01233	-0.16345	0.10752	0.21223	-0.00491	-0.01731	-0.41873	-0.00721	(And (Past $e0) (Theme $e0 $e1))
p200163	-0.06278	0.15331	-0.21979	0.13187	-0.20461	-0.04171	0.53761	-0.02646	0.01588	-0.25477	-0.47504	-0.30597	-0.05642	-0.00287	0.14725	-0.06435	0.02393	0.14756	-0.12004	-0.14342	-0.11851	0.36507	0.18284	-0.23629	-0.11289	0.24989	0.21073	0.10618	0.06865	-0.03085	0.58289	-0.03309	(And (Experiencer $e0 $x0) (Past $e0))
p200164	-0.06809	-0.21591	-0.06827	-0.04429	0.02961	0.01916	-0.08879	-0.01683	-0.07763	-0.00255	-0.02607	-0.21051	-0.11314	-0.02966	-0.16423	0.25755	0.02117	-0.13287	0.05873	0.06851	0.18754	-0.10581	0.43607	0.06667	-0.02570	0.00303	-0.05403	0.00994	0.19095	-0.05200	0.17921	-0.05353	(PartOf $x0 $x1)
p200178	-0.11342	0.37073	-0.08483	-0.00396	-0.01721	-0.13773	-0.09861	-0.12956	0.14679	0.45671	0.19478	-0.12530	0.01534	-0.23967	-0.10571	-0.08604	0.01974	0.00415	0.60886	0.03417	-0.12989	-0.19232	-0.09936	0.05470	-0.01700	-0.07987	0.01373	-0.21754	0.05741	0.04569	0.39223	-0.02189	(Member $e0 have)
p200192	0.13816	0.09338	0.00084	-0.02847	0.72641	0.17081	0.29095	-0.09982	-0.15206	-0.20580	0.37715	-0.03141	-0.04950	0.08849	-0.07859	-0.22127	0.18587	-0.15487	0.15411	0.22900	0.06310	-0.24259	0.19795	0.09719	0.01876	-0.29347	-0.06500	-0.35826	0.26726	-0.09956	-0.30530	0.06315	(Result $e0 $e1)
p200196	-0.11230	0.36011	-0.09964	-0.00448	-0.02202	-0.14718	-0.09881	-0.11848	0.14389	0.43984	0.19649	-0.11973	-0.00293	-0.23693	-0.09841	-0.08464	0.02232	0.00148	0.59445	0.03708	-0.12161	-0.18963	-0.09265	0.06463	-0.01268	-0.07174	0.00808	-0.21280	0.06213	0.05106	0.38924	-0.02278	(And (Member $e0 have) (Theme $e0 $x0))
p200209	0.42865	0.13099	0.24888	-0.09503	-0.06365	0.14059	-0.13665	0.04190	-0.24714	-0.21278	0.52445	-0.15695	-0.12885	-0.36384	-0.08856	-0.09332	-0.09579	0.02112	-0.02822	-0.03292	-0.13553	-0.27352	-0.01779	-0.07636	-0.03817	0.95860	-0.00082	0.00916	0.21466	-0.17106	-0.01299	-0.00306	(And (Goal $e0 $x0) (Past $e0))
p200210	-0.20860	0.15985	-0.02191	0.30390	-0.06367	-0.13216	-0.06422	-0.05179	0.18509	-0.01524	-0.13592	-0.06751	-0.01098	0.30797	-0.14831	-0.14157	0.03229	0.24885	-0.08484	-0.05368	-0.06801	-0.01475	0.05648	-0.27699	-0.19730	0.10391	0.13786	0.17300	0.22847	-0.03428	0.05965	0.63141	(And (Ongoing $e0) (Past $e0))
p200214	0.05103	0.01479	0.23502	-0.46518	0.11368	-0.00400	0.09070	-0.07874	0.24263	-0.18858	-0.15098	-0.01248	0.07975	-0.06035	-0.01827	0.04600	0.29099	-0.15534	0.21474	-0.32085	-0.12108	0.10491	0.28000	0.12311	0.49190	0.09243	-0.10626	-0.21491	0.00922	0.17681	-0.19347	0.40380	(And (Ongoing $e0) (Patient $e0 $x0))
p200233	0.18760	0.01156	0.01873	0.03104	-0.05495	-0.22542	0.02239	0.07931	-0.09439	0.12986	-0.19988	0.12443	-0.09823	0.18952	-0.14839	0.04756	-0.14086	0.14036	-0.08319	-0.03200	-0.14969	0.05455	0.28605	0.45448	0.04275	0.07493	-0.00046	-0.22883	-0.30316	-0.08397	0.08638	-0.05477	(GroupOf $x0 person)
p200243	0.04467	-0.16945	0.45041	-0.03639	0.09792	-0.19406	-0.00251	-0.07046	0.02430	-0.09154	-0.49722	0.07259	0.05649	0.11772	-0.14426	-0.01385	0.16852	-0.08015	0.24962	0.44560	-0.02419	-0.03736	-0.27390	0.41528	0.08388	0.11353	0.00835	-0.21004	-0.28645	0.20879	-0.05741	-0.05702	(And (Agent $e0 $x0) (Location $e0 $x1))
p200248	-0.02703	0.00293	-0.04687	-0.16240	-0.00073	-0.09455	0.00697	0.03193	-0.00164	-0.00206	0.05885	-0.09363	0.01615	-0.04644	0.02327	-0.05672	-0.04042	-0.03474	0.07048	-0.01396	-0.05019	0.16068	0.10679	-0.01308	0.13167	-0.00540	0.16756	-0.05768	-0.09195	0.01597	0.00538	-0.01609	(Future $e0)
p200249	-0.06091	0.03236	-0.04016	0.02030	-0.03130	-0.05535	0.05730	-0.01653	-0.09356	0.11680	0.02662	-0.08269	-0.04962	-0.03157	0.18056	-0.08989	0.03035	-0.03378	-0.11698	0.02435	0.06029	-0.03853	-0.05001	0.04616	0.00049	-0.03336	-0.12332	0.12977	0.10245	-0.04970	-0.01566	0.01448	(Source $e0 $x0)
p200263	-0.20132	1.12295	-0.21103	-0.03857	0.28973	-0.10978	-0.08376	0.01316	0.25656	-0.07161	0.18561	-0.10234	0.21195	-0.05428	0.12627	0.81758	0.02936	-0.13521	-0.44248	0.07875	0.51390	0.10996	-0.19867	-0.16999	-0.05980	0.20061	0.08006	-0.13114	-0.58904	0.02267	-0.19578	-0.04873	(And (Agent $e0 $x0) (Member $x0 person))
p200292	0.11033	0.11927	-0.04437	-0.05768	0.57133	0.11305	0.30073	-0.08165	-0.15663	-0.14253	0.34306	0.08277	-0.04072	0.06606	-0.03488	-0.15712	0.15453	-0.09333	0.08144	0.23371	-0.02412	-0.25125	0.13911	0.11645	0.08779	-0.22884	-0.00033	-0.28485	0.19190	-0.06365	-0.23833	-0.00166	(And (Experiencer $e0 $x0) (Result $e1 $e0))
p200293	-0.21692	0.20078	0.06344	0.11823	-0.25358	-0.15553	0.02218	-0.06171	0.35321	-0.27820	-0.29066	0.00277	0.08754	0.40564	-0.13271	-0.12578	0.24855	0.08091	0.05086	0.16991	-0.01609	-0.20229	-0.02561	-0.24318	0.01549	0.21016	0.25960	0.31387	0.06423	0.12644	0.07371	0.20374	(And (Location $e0 $x0) (Ongoing $e0))
p200320	-0.05226	-0.03873	0.08696	0.00489	-0.31589	0.15453	0.25873	-0.00055	-0.03712	0.23730	0.09433	0.09158	0.02874	0.18695	-0.06598	-0.06778	0.06471	-0.01633	-0.00970	-0.03839	0.18175	-0.29701	-0.15085	0.15197	0.02660	-0.02174	0.14611	0.28036	0.04241	0.07632	-0.22735	-0.12081	(And (Agent $e0 $x0) (Theme $e0 $e1))
p200321	-0.17787	0.29370	-0.01629	0.02757	0.05316	-0.12701	-0.06942	-0.16634	-0.20236	0.31411	0.10865	-0.10381	0.06167	-0.16223	-0.04403	-0.04730	-0.00874	0.00229	0.65388	-0.09478	-0.11151	-0.07164	-0.03167	-0.06450	-0.02942	-0.01863	0.01214	-0.06875	0.00995	0.15556	0.28572	-0.01617	(And (Holder $e0 $x0) (Member $e0 have))
p200322	0.12560	-0.06230	0.09312	0.16051	0.44128	-0.12868	0.15468	-0.04500	-0.00714	-0.12428	0.30683	-0.07176	-0.04875	0.20216	-0.05798	-0.08806	0.02771	-0.04155	0.18613	0.22410	0.05337	-0.20420	0.08399	-0.08163	-0.07707	-0.23606	0.08318	-0.21239	0.06566	-0.25706	-0.21140	0.03592	(And (Past $e0) (Result $e0 $e1))
p200323	0.10466	0.12524	-0.04265	-0.06024	0.55514	0.11203	0.27864	-0.07875	-0.15395	-0.13528	0.34832	0.09424	-0.03997	0.07814	-0.03962	-0.15579	0.15396	-0.09012	0.07828	0.22532	-0.02619	-0.24737	0.13937	0.11837	0.09325	-0.22733	0.00515	-0.27763	0.19400	-0.05544	-0.25121	-0.00014	(And (Patient $e0 $x0) (Result $e0 $e1))
p200326	0.01290	0.05403	-0.04262	-0.07463	0.01603	-0.00285	-0.03399	0.02527	0.02550	-0.00937	0.02677	-0.06942	-0.01296	-0.00003	-0.03390	-0.00491	-0.01777	-0.06202	-0.05396	0.01987	0.02994	0.05102	0.09424	0.03078	0.04186	-0.00462	0.06972	-0.00323	-0.06944	-0.02879	0.00568	-0.04199	(Can $e0)
p200327	-0.17787	0.29370	-0.01629	0.02757	0.05316	-0.12702	-0.06943	-0.16634	-0.20236	0.31411	0.10865	-0.10381	0.06167	-0.16223	-0.04403	-0.04730	-0.00874	0.00230	0.65387	-0.09478	-0.11151	-0.07164	-0.03167	-0.06450	-0.02942	-0.01863	0.01213	-0.06875	0.00994	0.15555	0.28572	-0.01617	(Holder $e0 $x0)
p200337	-0.18234	0.28777	-0.01847	0.02663	0.05040	-0.12036	-0.06664	-0.15883	-0.19438	0.30568	0.11090	-0.10532	0.04472	-0.15661	-0.04120	-0.04528	-0.00848	0.00021	0.64360	-0.09269	-0.10804	-0.06954	-0.03251	-0.05902	-0.02768	-0.01676	0.00972	-0.06951	0.00963	0.15689	0.28101	-0.01653	(And (Holder $e0 $x0) (Member $e0 have) (Theme $e0 $x1))
p200339	-0.18234	0.28777	-0.01847	0.02663	0.05040	-0.12036	-0.06664	-0.15883	-0.19438	0.30568	0.11090	-0.10532	0.04472	-0.15661	-0.04120	-0.04527	-0.00848	0.00021	0.64360	-0.09269	-0.10804	-0.06954	-0.03251	-0.05902	-0.02768	-0.01676	0.00972	-0.06951	0.00963	0.15689	0.28101	-0.01653	(And (Holder $e0 $x0) (Theme $e0 $x1))
p200343	0.01407	0.06603	-0.02863	-0.03285	-0.04584	-0.01339	0.01144	0.11367	-0.01502	-0.04723	0.04051	-0.01602	0.07484	-0.00283	0.00298	-0.07201	-0.06425	-0.00297	-0.00935	-0.01985	0.03357	0.04661	0.06316	-0.01980	0.04226	0.03551	0.01512	-0.05493	-0.00284	-0.00024	-0.04104	-0.00367	(Obligated $e0)
p200359	-0.20413	-0.01453	0.21969	0.09127	0.02074	0.20091	-0.14273	0.06936	0.13719	-0.19364	0.16621	-0.25071	0.06288	-0.10520	-0.07121	-0.00020	-0.17930	0.00995	-0.07900	-0.03730	0.07120	-0.30594	0.58016	0.09222	-0.03832	-0.13528	-0.16339	0.13252	-0.12536	0.13266	0.34595	-0.06483	(To $e0 $e1)
p200379	-0.07640	-0.02548	0.12944	0.06408	-0.29898	0.23408	0.30659	0.04304	-0.00275	0.20002	0.03455	0.07476	0.02180	0.07036	-0.07633	0.00099	0.02178	-0.13585	-0.02971	0.03666	0.24886	-0.28893	-0.26477	0.14853	-0.01949	0.02777	0.09453	0.28977	0.02102	0.08003	-0.16221	-0.12576	(And (Agent $e0 $x0) (Theme $e1 $e0))
p200380	0.08828	-0.06535	-0.00107	-0.20429	-0.19259	-0.41849	0.31535	0.01157	0.03160	0.15770	0.26787	-0.10792	0.00913	-0.00376	-0.07610	0.05316	-0.03950	-0.13950	0.05508	-0.14128	0.21313	0.19330	0.14201	0.06950	0.14343	-0.04421	-0.25793	0.35296	-0.04363	0.15988	-0.29389	0.04222	(And (Ongoing $e0) (Theme $e1 $e0))
p200416	-0.01647	-0.12669	0.05388	-0.11584	0.15434	0.02578	-0.05895	-0.04783	-0.02153	-0.05215	0.10834	-0.34171	0.01913	0.01373	0.04303	-0.13989	0.04426	-0.11725	0.03970	0.02228	0.20294	0.06951	0.22328	-0.13498	0.05439	-0.10499	0.03902	-0.10437	0.17718	-0.09961	0.04501	0.09169	(Member $e0 make)
p200422	0.51221	-0.07209	0.07857	-0.09315	-0.12698	-0.26834	0.20994	0.01518	0.09556	-0.04535	0.12430	-0.05467	-0.14842	-0.31049	-0.04230	0.17987	-0.06013	0.05874	0.11562	-0.09219	0.03818	0.08823	0.04702	-0.22272	0.08002	-0.19958	0.02564	0.12761	-0.11357	0.35385	-0.14433	0.04074	(Member $e0 start)
p200425	-0.12937	0.87402	-0.07332	-0.06351	0.19494	-0.22439	-0.04821	-0.03611	0.15510	-0.00919	0.15091	-0.03323	0.13854	0.02647	0.19670	0.58462	0.04840	0.06207	-0.31814	-0.04224	0.30722	0.11514	-0.12441	-0.13418	-0.03713	0.09813	-0.04244	-0.09732	-0.34551	-0.07036	-0.20884	-0.01564	(And (Agent $e0 $x0) (Member $x0 person) (Past $e0))
p200431	0.01647	0.03085	0.01645	0.03719	0.00181	-0.02718	-0.01542	-0.02806	-0.04161	0.04372	-0.01471	-0.08458	-0.03696	-0.02149	0.13095	-0.06685	0.05763	-0.01381	-0.05035	0.00159	0.03746	-0.04420	-0.04401	-0.00033	-0.00360	-0.05557	-0.06089	0.07264	0.07711	-0.03595	-0.02473	0.00320	(And (Past $e0) (Source $e0 $x0))
p200432	0.10730	-0.01275	-0.03825	0.00995	-0.06409	0.01219	-0.01849	-0.02120	0.37988	0.11369	0.01710	0.01679	-0.05228	-0.16403	-0.05509	-0.02070	0.03203	-0.02579	-0.15525	0.22875	0.00096	-0.15929	-0.15238	0.18024	-0.01429	-0.06493	0.06105	-0.12659	0.02777	-0.16944	0.13577	0.08092	(GroupOf $x0 child)
p200433	-0.08867	-0.00375	-0.05485	0.01416	-0.02486	0.03266	0.02858	0.15971	-0.00509	-0.08647	0.02666	0.02454	-0.04088	0.05037	-0.04058	-0.01262	-0.10534	-0.02601	0.06623	-0.04752	0.03708	0.11011	0.00929	0.04918	-0.00168	0.02456	-0.00032	-0.04185	0.05004	0.05687	-0.07471	-0.02910	(Member $e0 use)
p200434	-0.04793	-0.00910	-0.00153	-0.01777	0.02124	0.01192	-0.02220	0.02621	-0.03881	-0.00477	0.00438	-0.06476	-0.02682	-0.00839	-0.04852	0.08444	0.00315	-0.03437	0.03041	0.02539	0.03345	-0.01854	0.06697	-0.02558	0.00352	0.02587	-0.03600	0.02472	0.02357	0.02042	0.02082	-0.03207	(Member $x0 house)
p200451	0.02957	-0.04776	0.01109	-0.14478	-0.16140	-0.36143	0.30097	0.00076	0.05026	0.10397	0.23253	-0.10616	0.01982	0.04819	-0.07554	0.01481	-0.02146	-0.13567	0.07662	-0.14035	0.22537	0.13358	0.10483	0.09419	0.09296	-0.02296	-0.32420	0.37352	0.02242	0.10605	-0.25945	-0.02906	(And (Ongoing $e0) (Past $e1) (Theme $e1 $e0))
p200463	-0.03432	0.00149	0.10835	0.00627	-0.27345	0.06838	0.26390	0.00124	0.04547	0.12957	0.11425	0.08342	0.01645	0.19965	-0.08290	-0.07037	0.04726	0.02601	0.04277	-0.07434	0.14657	-0.25112	-0.14567	0.14766	0.02607	-0.00441	-0.00118	0.27962	0.06954	0.03487	-0.22687	-0.14362	(And (Agent $e0 $x0) (Past $e0) (Theme $e0 $e1))
p200466	0.27215	-0.06934	-0.12414	-0.05182	-0.03791	0.13851	-0.07145	-0.00388	-0.21856	-0.08514	-0.01133	-0.14317	0.32698	-0.01295	0.02095	-0.01912	-0.00168	-0.07092	0.07472	0.04609	0.06749	0.14695	-0.01094	0.02456	-0.01672	-0.07572	0.14461	0.05962	0.06715	-0.12086	0.07954	0.02660	(And (Agent $e0 $x0) (Member $x0 thing))
p200480	-0.05376	-0.02865	0.14744	0.03599	-0.22713	0.14865	0.27904	-0.00570	0.04958	0.13095	0.06628	0.01310	0.02439	0.12513	-0.07817	-0.06199	0.03977	-0.08819	0.03210	-0.08503	0.20314	-0.20014	-0.22464	0.10417	-0.01109	0.00778	-0.01620	0.32634	0.10010	0.05111	-0.17564	-0.14002	(And (Agent $e0 $x0) (Past $e1) (Theme $e1 $e0))
p200493	0.09281	-0.07435	0.36691	-0.01535	0.14320	-0.11551	0.00506	-0.02934	0.12373	-0.11453	-0.37765	-0.10505	0.04766	0.34766	-0.08551	-0.03375	0.10138	-0.12308	0.14543	0.02662	0.03034	-0.03816	-0.16653	0.10423	0.16124	0.17281	-0.14743	-0.04807	-0.13779	0.10878	0.09042	-0.09304	(And (Location $e0 $x0) (Patient $e0 $x1))
p200494	0.00434	0.01313	0.11250	0.09387	-0.03850	-0.03949	0.00439	0.24429	0.04765	-0.01276	0.04136	0.05120	0.39946	-0.05977	-0.05203	-0.07883	-0.16899	0.08153	-0.06064	0.04427	0.02836	-0.10477	0.12771	-0.07458	-0.05133	-0.04637	-0.08007	-0.06347	0.06602	0.04842	-0.01268	0.00612	(And (Member $x0 thing) (Theme $e0 $x0))
p200499	0.05534	-0.01990	0.05376	-0.01337	0.02648	-0.01411	0.01557	-0.01231	0.00347	-0.00933	-0.01776	-0.07609	0.05170	-0.03846	-0.03813	0.02480	-0.01614	-0.02259	0.02278	-0.00501	0.02265	0.07161	0.07667	-0.04965	-0.03140	-0.03490	-0.02956	-0.00896	-0.00164	-0.00813	-0.01954	-0.00674	(Stimulus $e0 $x0)
p200517	0.09344	-0.04095	0.04876	0.12948	0.30892	-0.17013	0.16239	-0.02000	-0.01660	-0.07629	0.28161	0.02601	-0.04388	0.18351	-0.01976	-0.03925	-0.00749	0.00684	0.12694	0.22569	-0.01056	-0.21179	0.04068	-0.05811	-0.01589	-0.18004	0.13523	-0.15468	0.01157	-0.21669	-0.15588	-0.01441	(And (Experiencer $e0 $x0) (Past $e1) (Result $e1 $e0))
p200535	0.20564	0.02828	0.11771	-0.08005	-0.06805	0.07363	-0.03526	0.02623	-0.14404	-0.02912	0.24604	-0.00460	-0.04582	-0.16933	-0.03472	-0.05309	-0.07012	0.09642	-0.03050	-0.03031	-0.11322	-0.18127	-0.07053	-0.01757	-0.00162	0.46918	0.10904	0.01832	0.13458	-0.07200	-0.01384	-0.01677	(And (Agent $e0 $x0) (Goal $e0 $x1))
p200536	-0.09885	0.14400	0.17504	0.06948	0.01043	-0.18615	-0.04453	-0.00249	0.03255	0.01938	0.06745	-0.04837	0.03662	0.00628	0.59984	0.01843	0.00300	-0.03589	-0.11102	-0.12649	-0.01693	-0.03899	0.02598	0.05189	-0.01682	0.00311	-0.00353	-0.03697	0.04975	0.13500	-0.04258	-0.02551	(And (Member $x0 person) (Possession $x1 $x0))
p200546	-0.00317	0.16563	-0.00340	-0.11149	0.05288	0.07460	-0.05924	-0.03450	-0.01186	-0.00333	0.05668	-0.13185	-0.01125	-0.09964	-0.04739	-0.00233	0.01509	-0.06083	-0.10192	0.07954	-0.04158	-0.00563	0.06966	-0.01339	0.11343	0.07368	0.03483	0.09670	-0.14190	-0.06149	0.04006	-0.04239	(Instrument $e0 $x0)
p200547	-0.02560	0.01877	0.02246	-0.06004	0.00779	0.00324	-0.02266	-0.04046	-0.03946	0.03822	0.01704	-0.09097	0.00122	-0.01969	0.05124	0.02112	0.03471	-0.02683	-0.01830	0.02103	0.01352	-0.05136	0.07774	-0.05818	0.04431	0.02537	0.00290	0.02994	0.05873	-0.03223	0.05581	-0.01641	(Member $x0 room)
p200548	0.01646	-0.00914	-0.09946	0.02554	-0.07144	-0.02289	0.04396	-0.01239	-0.10649	0.03858	0.10905	-0.03640	-0.04135	-0.04449	-0.00557	-0.07218	-0.00607	0.00577	-0.01631	-0.01168	0.12241	0.01426	0.01200	0.06053	-0.05968	-0.03122	-0.10107	0.10497	0.09547	0.06443	-0.07196	-0.03557	(Recipient $e0 $x0)
p200549	0.03745	-0.01241	-0.01407	0.02881	-0.03557	-0.02423	-0.00804	-0.01110	0.07466	-0.01059	-0.02609	-0.01335	-0.03399	-0.02273	-0.01019	-0.00480	-0.00900	0.02001	-0.03736	0.01674	0.00042	-0.01683	-0.00223	0.06808	0.00382	-0.03781	-0.00790	-0.00444	0.06456	-0.05111	0.05054	-0.00765	(SubsetOf $x0 $x1)
p200577	0.05131	-0.13944	0.20186	-0.09792	0.16239	-0.16840	-0.06083	-0.08119	-0.23657	0.16430	-0.22126	-0.03591	-0.01902	0.04924	-0.05818	-0.10084	-0.00054	0.06989	0.02013	0.24557	-0.09597	0.27375	-0.07910	0.27728	0.01736	0.00660	-0.07693	-0.20231	-0.05014	0.24897	-0.00109	-0.05139	(And (Agent $e0 $x0) (Location $e0 $x1) (Past $e0))
p200578	0.08777	-0.03497	0.05048	0.12692	0.29273	-0.17115	0.14030	-0.01710	-0.01393	-0.06905	0.28687	0.03748	-0.04313	0.19559	-0.02451	-0.03792	-0.00806	0.01006	0.12378	0.21730	-0.01263	-0.20790	0.04095	-0.05618	-0.01044	-0.17853	0.14072	-0.14746	0.01366	-0.20848	-0.16876	-0.01289	(And (Past $e0) (Patient $e0 $x0) (Result $e0 $e1))
p200582	-0.03870	-0.09394	0.29395	-0.28796	-0.08957	-0.01708	0.13993	-0.00603	0.29637	-0.01382	-0.05141	-0.10337	0.08501	0.14808	-0.01601	0.09974	0.09457	-0.01645	0.17048	-0.16240	-0.09883	0.03644	0.06803	-0.07115	0.29604	0.08566	0.12969	-0.06672	-0.12975	-0.05642	-0.11313	0.01867	(And (Patient $e0 $x0) (Theme $e1 $e0))
p200586	0.06726	0.00532	0.06717	0.03825	0.04558	0.10600	-0.02612	-0.02843	-0.03952	-0.08875	0.07826	-0.07801	-0.02990	-0.09388	-0.06014	0.01070	0.00838	-0.07985	0.02791	-0.00672	0.01796	-0.04367	0.03679	-0.00031	-0.05455	0.14322	-0.02290	-0.00278	0.03101	-0.05308	0.02125	-0.01387	(Member $e0 go)
p200611	-0.20909	0.17091	-0.24825	0.04830	-0.21022	-0.07845	0.11113	0.00046	0.10685	-0.00230	-0.08326	-0.04620	-0.01304	0.26933	-0.04027	-0.09619	0.02861	0.19243	-0.20142	-0.01459	-0.07886	0.07555	0.12354	-0.28227	-0.03886	0.16567	0.21752	0.21122	0.15006	0.12684	0.24665	0.13184	(And (Experiencer $e0 $x0) (Ongoing $e0))
p200612	0.00070	-0.10206	0.02552	-0.11438	0.07559	0.01375	-0.05367	-0.04844	-0.02200	-0.03807	0.06757	-0.24928	0.01595	-0.01178	0.06244	-0.09807	0.04755	-0.07060	0.01238	0.03423	0.13264	0.02639	0.16183	-0.11951	0.08775	-0.07442	0.09037	-0.06780	0.12244	-0.05978	0.07897	0.02905	(And (Member $e0 make) (Patient $e0 $x0))
p200613	-0.03183	-0.03036	0.07750	0.10491	0.10776	-0.07505	0.00824	0.13352	0.02426	0.00170	-0.06764	0.08845	0.00663	-0.02802	-0.04535	0.01471	-0.11324	0.00153	0.05056	-0.00349	-0.01710	-0.04980	-0.11467	0.02831	-0.04914	0.04877	-0.01265	-0.03722	-0.06740	-0.08411	-0.03861	0.27760	(And (Ongoing $e0) (Theme $e0 $x0))
p200617	0.00816	-0.01165	0.02712	0.02849	0.02535	0.02137	0.00989	-0.01767	0.01697	-0.02816	-0.02915	-0.02440	-0.00761	-0.02921	-0.00767	-0.00759	0.00083	-0.01069	0.02473	-0.01715	0.00346	0.01751	-0.01290	0.01126	-0.02910	-0.00016	-0.00128	-0.01996	-0.03906	-0.03487	0.00439	0.04511	(For $e0 $x0)
p200651	-0.08879	0.06873	0.07235	0.00178	-0.10281	-0.03208	0.03368	0.20914	-0.01600	-0.00989	0.03597	0.09777	0.13970	-0.10170	-0.05797	0.00828	-0.09324	-0.00099	-0.03265	0.32662	0.05334	-0.04465	-0.03029	0.01161	-0.01427	0.00335	-0.02709	-0.07080	0.03157	0.04899	-0.13421	-0.02202	(And (Location $e0 $x0) (Theme $e0 $x1))
p200652	0.41924	-0.04520	0.04808	-0.00971	-0.11896	-0.18587	0.14647	0.00601	0.05003	-0.04026	0.11871	-0.03485	-0.12877	-0.22537	-0.06052	0.12493	-0.03883	0.04295	0.10228	-0.06477	0.08116	0.01892	0.00545	-0.18586	0.01137	-0.18588	0.01079	0.17590	-0.03119	0.32949	-0.14473	-0.01508	(And (Member $e0 start) (Past $e0))
p200653	0.06608	0.11381	0.25825	-0.00964	-0.00737	-0.21666	-0.01650	0.04484	-0.21953	0.12183	-0.09566	-0.03972	-0.10099	0.04968	0.62803	-0.10158	0.08858	-0.06000	-0.01696	-0.07139	0.02385	-0.08391	-0.07971	-0.07650	0.00988	-0.05139	0.07508	0.08704	0.29927	-0.07630	-0.12733	-0.00649	(And (Possession $x0 $x1) (Theme $e0 $x0))
p200662	0.14571	0.22191	0.07197	0.05518	-0.21227	-0.14395	-0.02774	0.06497	-0.12499	-0.04821	-0.11180	0.09778	-0.14192	0.04773	0.02866	0.08003	-0.03857	0.03939	0.01063	-0.02420	-0.00494	-0.03508	0.42511	0.37007	0.01544	-0.05998	0.14184	-0.10461	-0.17076	-0.19716	-0.07099	-0.03742	(Before $e0 $e1)
p200663	-0.01410	0.00161	-0.00433	-0.01851	0.04566	0.00987	0.02129	-0.00913	0.00147	-0.04314	0.06237	-0.07860	-0.00500	-0.03920	0.01017	-0.02532	-0.00865	0.00306	-0.00206	0.04695	0.04125	-0.02526	-0.01324	-0.03099	0.03950	-0.01002	-0.02980	-0.01996	0.01753	-0.04669	0.01903	0.00532	(Member $x0 door)
p200664	0.00218	-0.02174	-0.01785	0.02020	0.03093	-0.05467	0.02545	0.01646	0.02407	-0.00327	0.07224	0.04575	-0.01558	0.15156	-0.00318	-0.02946	0.01714	0.03498	0.02173	0.00485	-0.02104	-0.04072	0.03503	-0.06203	0.00327	-0.02332	0.11979	-0.06877	-0.04947	-0.02774	-0.03047	0.00731	(Time $e0 now)
p200720	0.19975	0.02799	0.09823	-0.06824	-0.06536	0.03884	-0.02937	0.02132	-0.11144	-0.03814	0.22762	0.00301	-0.06033	-0.14092	-0.02931	-0.04545	-0.05479	0.11362	-0.01759	-0.02627	-0.09967	-0.16152	-0.05864	-0.01852	-0.00658	0.39596	0.06006	0.00843	0.11748	-0.05235	-0.02359	-0.00916	(And (Agent $e0 $x0) (Goal $e0 $x1) (Past $e0))
p200727	-0.24927	0.13464	-0.17966	0.04330	-0.23466	-0.08611	0.10492	-0.01674	0.04872	-0.04112	-0.10048	-0.04791	-0.01783	0.24773	-0.04549	0.02361	0.06031	0.16815	-0.16316	0.13005	-0.07937	0.01255	0.14977	-0.30407	-0.05026	0.17454	0.20503	0.26919	0.29547	0.18548	0.22192	-0.01605	(And (Experiencer $e0 $x0) (Location $e0 $x1))
p200728	0.06961	0.03862	-0.13834	0.01810	0.07754	0.15433	-0.08031	-0.02963	0.15225	0.15392	-0.15959	0.31601	-0.00724	-0.19932	0.10709	-0.03725	-0.07732	-0.01825	0.06786	0.18985	0.04264	0.08123	0.22653	-0.16448	0.06383	0.16382	-0.00532	0.24283	-0.20969	-0.15096	-0.10814	-0.05069	(And (Member $e0 build) (Patient $e0 $x0))
p200737	0.06960	0.03862	-0.13833	0.01810	0.07754	0.15433	-0.08031	-0.02963	0.15225	0.15392	-0.15959	0.31601	-0.00724	-0.19932	0.10709	-0.03725	-0.07732	-0.01825	0.06786	0.18985	0.04264	0.08123	0.22652	-0.16448	0.06383	0.16382	-0.00532	0.24283	-0.20969	-0.15095	-0.10814	-0.05069	(Member $e0 build)
p200738	0.03136	0.19074	-0.03781	-0.06328	0.08909	0.42561	0.02873	-0.01877	-0.14044	-0.01539	-0.06310	0.18588	0.01328	-0.04433	-0.06912	-0.10391	0.16349	-0.05337	-0.05032	-0.13769	-0.04681	-0.08784	0.02223	0.19046	0.03904	0.04174	-0.08283	-0.09909	0.24959	0.25353	-0.13225	0.04841	(Member $e0 get)
p200739	0.01038	-0.04200	-0.02796	0.04468	-0.01925	0.00416	0.00214	0.04122	-0.00203	-0.00264	-0.03176	0.03023	0.01834	-0.04637	-0.01206	0.00006	-0.00969	-0.04589	0.00620	0.02720	0.03732	-0.02613	-0.02943	0.04258	-0.01107	0.01530	0.04805	-0.03416	-0.03506	-0.00918	0.01652	0.03907	(Member $e0 play)
p200740	0.03188	-0.13289	-0.08585	-0.00079	0.00344	0.10095	-0.05872	-0.01501	0.02696	0.10359	-0.12803	0.11022	-0.07704	-0.10109	0.05397	0.01216	-0.00615	-0.05056	0.08340	0.08059	0.09085	0.00766	0.30693	0.01151	-0.01199	0.06394	0.06380	0.05504	-0.07699	-0.08480	-0.00477	-0.02201	(Member $x0 company)
p200741	-0.03086	-0.02396	0.01040	-0.00819	0.04121	0.01161	-0.00972	0.02083	-0.03641	0.01750	-0.02419	-0.02109	-0.01579	-0.01143	-0.00625	-0.01057	0.00086	0.01340	-0.01161	-0.00007	-0.01673	-0.02079	-0.01542	0.00087	0.01416	0.00333	0.01091	0.04794	-0.01706	0.00170	0.02205	0.00336	(Member $x0 new)
p200785	0.45666	-0.03678	0.08405	-0.09074	-0.13914	-0.20896	0.14219	0.01987	0.08905	-0.00563	0.12172	-0.03203	-0.12896	-0.21595	-0.05596	0.14340	-0.05385	0.06522	0.08453	-0.10825	0.05225	0.07107	0.03932	-0.20429	0.05376	-0.18099	0.04849	0.13519	-0.06591	0.31970	-0.15717	0.04504	(And (Member $e0 start) (Ongoing $e1) (Theme $e0 $e1))
p200830	-0.00454	-0.03890	0.06076	0.11724	0.03240	-0.09534	-0.01559	-0.00403	0.03484	0.03622	-0.06512	0.09937	-0.00217	-0.03680	-0.03073	-0.00327	-0.01755	0.11309	0.03431	0.01493	-0.03725	-0.12568	-0.07943	0.07579	-0.06120	-0.00398	-0.01761	-0.04482	-0.07025	-0.11847	-0.02686	0.27696	(And (Agent $e0 $x0) (Ongoing $e0) (Past $e0))
p200844	0.14484	0.25590	0.10249	0.06513	-0.18767	-0.17881	0.00659	0.07950	-0.06999	-0.03948	-0.08758	0.14972	-0.11299	0.07519	0.05771	0.04640	-0.05484	0.09920	0.00363	-0.02893	-0.07297	-0.01485	0.25667	0.30868	0.02067	-0.05362	0.08866	-0.10771	-0.14911	-0.19107	-0.13517	-0.00719	(And (Before $e0 $e1) (Past $e1))
p200845	0.22951	0.20221	-0.06682	-0.10576	0.05683	-0.12173	-0.09002	-0.02038	0.52187	0.06622	0.03711	-0.10504	-0.10103	-0.13657	-0.09367	-0.16279	-0.03083	-0.06568	-0.10951	0.05604	-0.10433	0.18277	-0.15567	0.24438	0.02776	-0.14952	0.11861	0.01359	0.37731	-0.28765	0.11707	-0.05622	(And (Cardinality $x0 <num>) (Theme $e0 $x0))
p200846	0.02345	0.05853	-0.04990	-0.03463	-0.01827	-0.00345	-0.06120	-0.07856	0.19091	0.20906	0.05703	-0.08931	-0.01770	-0.08109	-0.05025	-0.01576	0.14557	-0.03407	0.05002	0.07602	-0.01399	-0.15626	0.00777	0.02798	0.00576	-0.05195	0.01586	-0.09927	0.00093	-0.05843	0.17576	-0.01465	(And (Member $e0 have) (Past $e0))
p200847	0.45666	-0.03678	0.08405	-0.09074	-0.13914	-0.20896	0.14219	0.01987	0.08905	-0.00563	0.12172	-0.03202	-0.12895	-0.21595	-0.05595	0.14340	-0.05385	0.06522	0.08453	-0.10825	0.05225	0.07107	0.03932	-0.20429	0.05376	-0.18099	0.04849	0.13519	-0.06590	0.31970	-0.15717	0.04504	(And (Member $e0 start) (Theme $e0 $e1))
p200848	0.11910	0.12179	-0.07978	0.02973	-0.02435	0.01293	-0.04656	-0.05469	-0.12082	0.06160	-0.07001	0.14908	0.29650	-0.10205	-0.05732	-0.06207	0.08032	-0.02286	-0.08699	-0.04799	-0.07626	-0.02498	0.03512	0.01971	0.10357	-0.00674	0.06353	0.07049	0.03028	0.03537	-0.01963	-0.01581	(And (Member $x0 thing) (Patient $e0 $x0))
p200858	0.06822	0.04053	0.03793	0.07493	0.06567	-0.14957	0.00616	0.01629	-0.00735	0.02096	0.18437	0.11922	-0.02450	0.30188	-0.06413	0.00537	-0.00297	0.06337	0.03854	0.06363	-0.06066	-0.12586	0.16354	-0.03139	0.01380	-0.11260	0.27601	-0.11054	-0.09180	-0.14028	-0.13448	-0.03096	(Member $e0 become)
p200859	-0.37476	-0.00971	-0.03932	-0.12144	-0.02431	-0.21979	0.14525	-0.01807	-0.00508	0.11585	0.15380	-0.08674	0.13849	0.23673	-0.02085	-0.10346	0.01804	-0.19963	0.00274	-0.05822	0.14095	0.12733	0.10798	0.28550	0.10288	0.13726	-0.36401	0.22098	0.05162	-0.20348	-0.15448	-0.02211	(Member $e0 begin)
p200860	0.01591	-0.00696	-0.00267	-0.04716	-0.03984	0.00872	0.01237	0.00180	-0.01789	-0.01098	0.06562	-0.00326	-0.01237	-0.05705	0.01827	-0.03500	-0.01921	0.06501	-0.00329	-0.00955	-0.05674	-0.01661	-0.02167	0.03526	0.02756	0.12618	0.01572	-0.03964	0.04689	-0.04500	-0.00995	0.00284	(Member $e0 come)
p200861	0.17967	0.08302	0.06114	0.02310	-0.00599	0.06419	0.00215	0.04803	0.08785	-0.14081	-0.08815	-0.05037	-0.00265	-0.06031	-0.06325	0.04636	0.02552	-0.00676	0.05609	-0.01643	0.08102	-0.05874	-0.02870	-0.13153	0.01190	-0.06067	0.08759	0.03022	-0.08178	0.05968	-0.00654	-0.04045	(Member $e0 take)
p200862	-0.01088	0.01445	-0.02316	-0.02863	-0.00687	0.02908	-0.00196	-0.00245	0.00315	-0.00222	-0.00324	0.00015	-0.00993	0.00683	0.00300	-0.01302	0.02200	-0.00585	-0.01892	-0.01472	-0.01200	0.00246	0.01670	0.00743	0.02212	0.00918	-0.00636	-0.00958	-0.02356	0.02405	0.00182	-0.00039	(Member $x0 problem)
p200863	-0.01288	0.04225	-0.02746	-0.02486	0.02704	0.06566	0.01867	-0.01728	-0.02745	-0.00711	-0.01620	0.02570	-0.01137	-0.00228	-0.00216	-0.02088	0.03614	-0.01031	0.01819	-0.02906	-0.02302	-0.00380	0.00556	0.02992	0.01676	0.00709	-0.02371	-0.02386	0.00466	0.07490	0.00323	0.00749	(Member $x0 weather)
p200864	-0.00449	0.00619	-0.01284	-0.01378	-0.00752	-0.00134	-0.01204	-0.00751	0.00076	0.00807	0.00206	0.00922	-0.01225	0.02771	-0.00568	0.00513	0.00300	0.00053	-0.01571	-0.00502	-0.00747	-0.00533	0.02176	0.00934	0.00634	0.00045	-0.00344	0.00662	-0.02924	0.00836	0.00196	-0.01068	(Past (LocatedIn $x0 $x1))
p200899	0.05004	-0.02050	-0.05072	0.02872	-0.17924	-0.17250	0.18784	-0.02035	0.00241	-0.01100	0.05897	0.03757	0.00388	0.08855	-0.03869	-0.05848	0.11201	-0.13483	0.07597	-0.04223	0.24923	-0.17080	-0.08970	0.15156	0.02580	0.02076	-0.18155	0.35690	0.03473	0.12055	-0.15519	-0.10229	(And (Agent $e0 $x0) (Ongoing $e1) (Theme $e0 $e1))
p200900	0.13728	0.24671	0.10085	0.05923	-0.17445	-0.17085	0.01088	0.07887	-0.06306	-0.03526	-0.08171	0.14397	-0.10704	0.08035	0.05600	0.04274	-0.05215	0.09893	0.00247	-0.02875	-0.07002	-0.01274	0.24106	0.29334	0.01619	-0.04965	0.07389	-0.10926	-0.14082	-0.18191	-0.13322	-0.00411	(And (Before $e0 $e1) (Past $e0) (Past $e1))
p200924	0.00076	-0.05137	0.22394	0.04875	-0.03808	-0.04983	0.05006	-0.03344	0.25557	-0.23832	-0.24877	0.06126	0.07566	0.13565	-0.05295	0.02237	0.19241	-0.09937	0.23079	0.06439	0.05875	-0.25903	-0.15356	0.07653	0.06782	0.09323	0.03542	0.01150	-0.16283	-0.05391	-0.04061	0.03724	(And (Agent $e0 $x0) (Location $e0 $x1) (Ongoing $e0))
p200925	0.10891	-0.05744	0.12989	0.04061	0.15793	-0.06659	-0.06444	0.00136	-0.17373	0.14243	-0.16873	-0.10360	-0.03608	0.16462	-0.05310	-0.03541	-0.08138	-0.06632	-0.08796	0.07854	0.03238	0.11418	-0.09161	0.08283	0.02397	0.08303	-0.10724	-0.07396	-0.04292	0.18081	0.14278	-0.02661	(And (Location $e0 $x0) (Past $e0) (Patient $e0 $x1))
p200926	0.02815	0.05545	-0.06294	-0.03422	-0.02028	-0.01963	-0.06515	-0.07689	0.18177	0.20188	0.05737	-0.08169	-0.01930	-0.08361	-0.04631	-0.01687	0.14829	-0.03412	0.04841	0.07698	-0.01028	-0.15759	0.01378	0.03227	0.00795	-0.04660	0.01248	-0.09425	0.00419	-0.05386	0.17884	-0.01554	(And (Member $e0 have) (Past $e0) (Theme $e0 $x0))
p200935	0.13728	0.24671	0.10085	0.05923	-0.17445	-0.17085	0.01088	0.07887	-0.06306	-0.03526	-0.08171	0.14397	-0.10704	0.08035	0.05600	0.04274	-0.05215	0.09893	0.00247	-0.02875	-0.07002	-0.01274	0.24106	0.29334	0.01619	-0.04965	0.07389	-0.10926	-0.14082	-0.18191	-0.13322	-0.00411	(And (Before $e0 $e1) (Past $e0))
p200936	0.00928	-0.00251	-0.00803	-0.13967	-0.00384	-0.06003	-0.01782	-0.01775	0.00871	0.02705	0.06346	-0.06578	0.03280	-0.00542	0.02698	-0.02289	0.01769	0.00197	-0.02746	-0.00767	-0.04302	0.06915	0.10870	-0.04233	0.12194	-0.01620	0.08647	-0.03134	-0.04981	-0.01260	0.00269	-0.00601	(And (Future $e0) (Patient $e0 $x0))
p200937	-0.02512	0.15608	-0.01874	-0.09564	0.04467	0.06771	-0.04423	-0.02466	-0.01376	0.00915	0.05102	-0.09578	-0.00249	-0.06829	-0.02974	0.00659	0.00368	-0.04594	-0.09919	0.06063	-0.03797	-0.01401	0.04665	-0.02840	0.11729	0.05159	0.03614	0.10098	-0.12332	-0.04805	0.04157	-0.03185	(And (Instrument $e0 $x0) (Patient $e0 $x1))
p200955	0.02581	0.01165	-0.00769	-0.04632	-0.01661	-0.03752	0.00376	0.04964	0.04764	-0.01235	0.01402	-0.00290	-0.00026	-0.02381	-0.00954	-0.00530	-0.02663	-0.00026	0.01422	-0.00597	-0.01827	0.05437	0.01262	0.00280	0.04197	-0.00141	0.02964	-0.03745	-0.01671	0.00940	-0.02183	0.01808	(GroupOf $x0 thing)
p200956	0.01002	0.00763	-0.01304	0.00718	-0.02807	-0.01699	0.04322	0.03735	0.02498	-0.04489	-0.02185	-0.00776	-0.01836	-0.01363	0.02724	-0.02579	-0.03466	0.02674	0.01038	-0.00629	0.00454	0.04319	-0.01529	0.02628	0.00124	-0.00149	-0.01559	-0.03386	0.03002	-0.01887	0.00672	-0.01246	(In $e0 $x0)
p200957	0.05506	-0.01064	0.00234	-0.01497	-0.03390	-0.02612	-0.00734	0.02163	-0.02507	-0.02597	0.06760	-0.03716	-0.02798	-0.07175	-0.00685	0.00912	-0.01953	-0.00682	0.00697	-0.00624	-0.02041	0.01295	0.00941	-0.01411	0.04932	0.08318	-0.00386	0.00693	0.00945	0.02778	-0.01098	-0.00614	(Manner $e0 quickly)
p200958	-0.01852	0.09515	0.02998	0.01074	0.05125	-0.01091	-0.00884	0.00117	0.02594	-0.01284	-0.00443	-0.01408	0.01191	-0.02167	-0.06174	0.07916	-0.03511	-0.00355	-0.01648	0.00730	0.04186	0.02151	-0.01776	-0.00619	-0.03226	0.01068	-0.02256	-0.00049	-0.07652	-0.05212	-0.02242	0.07058	(Member $e0 study)
p200959	-0.08092	-0.02407	0.20075	0.00584	-0.03559	0.23273	0.01839	0.02160	0.02037	0.14715	0.00122	-0.02048	0.01121	0.05441	0.01178	0.01175	-0.06354	0.03083	-0.04917	-0.00959	-0.03088	-0.07707	-0.07333	-0.07743	-0.02191	0.02632	0.16924	-0.07772	0.07062	-0.08098	-0.02074	0.08474	(Member $e0 try)
p200960	-0.03031	0.04972	0.06103	0.01695	-0.01602	0.04269	0.03921	-0.00605	0.03202	0.01834	-0.02967	-0.00066	0.01303	-0.01456	-0.02468	0.03537	-0.02553	0.03437	-0.02038	0.00568	-0.02160	0.01648	-0.02492	-0.01039	-0.01262	-0.01613	0.03831	-0.02279	-0.05577	-0.04372	0.00101	0.03095	(Member $e0 work)
p200961	-0.04606	-0.06635	0.07405	-0.03199	0.01496	0.11260	-0.00961	-0.00272	-0.01814	0.03334	-0.00978	-0.04192	0.00031	0.00137	-0.00316	0.01636	0.00429	0.04370	-0.00504	-0.03083	-0.00421	-0.05337	-0.01309	-0.06179	0.02025	0.03048	0.07855	-0.03180	0.09638	-0.03764	0.04944	0.02996	(Member $x0 man)
p200962	-0.01446	0.01335	0.00851	0.00513	0.00077	-0.00045	0.00860	0.00060	-0.01409	-0.00974	0.00496	-0.01037	-0.00717	-0.00705	-0.00685	0.01088	-0.01431	-0.00112	0.02889	-0.00547	-0.00713	0.00315	0.00396	-0.01576	-0.01332	0.03751	-0.01369	-0.00093	0.01320	0.00701	0.02248	0.00398	(Member $x0 place)
p200963	-0.09333	0.04692	-0.06675	0.00089	-0.07246	-0.03113	-0.01981	-0.01420	0.02276	0.00308	-0.01741	-0.04098	-0.01111	0.14068	-0.03648	0.00446	0.03447	0.05119	-0.05758	-0.00635	-0.02139	0.03831	0.10623	-0.11694	-0.00905	0.03802	0.07533	0.09994	0.12092	0.06015	0.04319	0.00947	(Member $x0 table)
p200964	0.02342	0.07281	-0.02854	-0.03290	0.02413	0.06021	0.01230	0.00542	-0.02887	0.01938	-0.00717	0.06620	0.05153	-0.07744	-0.03413	-0.04907	0.03965	-0.01652	0.00108	0.02317	-0.00354	-0.02327	0.00776	0.09186	0.01559	-0.01926	-0.05336	-0.05803	0.10564	0.04718	-0.02775	0.01713	(Only $x0 $e0)
p200965	0.00972	-0.00337	-0.00356	-0.02544	0.00121	-0.02409	0.05443	0.00842	-0.01310	0.02337	-0.04654	0.04294	0.04859	-0.04528	0.04916	-0.00937	0.00456	0.02083	-0.03084	-0.00862	-0.03888	-0.02182	-0.01318	0.00205	0.02700	0.03213	-0.00386	-0.02995	-0.01434	-0.01508	0.04128	0.04759	(Probably $e0)
p201043	0.05643	-0.01423	-0.04461	0.03849	-0.17393	-0.16782	0.18629	-0.02122	0.00659	-0.02614	0.05159	0.04195	0.00281	0.09188	-0.04030	-0.05966	0.11384	-0.13076	0.07972	-0.03934	0.24934	-0.17880	-0.10083	0.15049	0.01800	0.02114	-0.19340	0.36025	0.04228	0.11464	-0.15024	-0.11292	(And (Agent $e0 $x0) (Ongoing $e0) (Theme $e1 $e0))
p201063	-0.00370	-0.03169	-0.02308	-0.03294	0.01699	-0.00645	-0.01480	0.00663	-0.00784	-0.02171	-0.00757	-0.05726	-0.00992	-0.03475	0.00065	-0.02670	-0.01378	-0.05521	0.02357	0.00048	0.02317	0.06682	0.02434	0.02285	0.01726	-0.00948	0.08824	0.00637	-0.00209	0.00080	0.00614	-0.01390	(And (Agent $e0 $x0) (Future $e0))
p201064	0.06983	-0.27123	-0.17514	0.00420	-0.02467	0.24065	-0.14883	-0.05737	-0.00888	0.19125	-0.26522	0.18022	-0.16667	-0.22333	0.09176	0.06257	-0.00327	-0.18740	0.16258	0.16896	0.24348	-0.00473	0.74694	0.06870	-0.02983	0.12783	0.19454	0.11596	-0.17520	-0.16489	0.06134	-0.08646	(And (Agent $e0 $x0) (Member $x0 company))
p201065	0.01753	0.07550	0.01748	0.00385	0.04602	0.03794	-0.01164	-0.00669	-0.01037	-0.03358	0.02033	-0.05884	-0.00554	-0.04822	-0.03886	0.00896	-0.00379	-0.02842	-0.01441	0.04966	0.01475	-0.00961	-0.00158	-0.01361	0.00807	0.01854	-0.01584	0.02850	-0.05309	-0.02970	-0.00615	-0.01355	(And (Instrument $e0 $x0) (Past $e0))
p201066	0.03363	-0.00358	-0.00314	0.02107	-0.02919	0.00307	-0.01867	0.01915	-0.03530	-0.03611	0.04592	-0.01909	-0.02168	-0.05211	-0.00197	-0.00959	-0.00782	-0.00980	0.00090	0.00949	-0.00695	-0.03103	-0.02405	0.00218	0.02433	0.09483	-0.00423	0.00782	0.02463	0.00237	0.00653	-0.01395	(And (Manner $e0 quickly) (Past $e0))
p201067	0.06132	0.01908	0.03909	0.07222	0.05439	-0.15642	0.01611	0.01144	-0.00933	0.02646	0.17958	0.14287	-0.02307	0.29296	-0.04827	-0.00364	-0.00571	0.08075	0.04651	0.05819	-0.08708	-0.11786	0.13113	-0.02556	0.02156	-0.10704	0.26543	-0.10836	-0.07371	-0.13203	-0.13707	-0.02545	(And (Member $e0 become) (Patient $e0 $x0))
p201068	-0.36286	-0.01059	-0.03364	-0.10954	-0.02513	-0.21022	0.14734	-0.01711	-0.00334	0.10874	0.14527	-0.08500	0.13730	0.23690	-0.02352	-0.10051	0.01914	-0.19768	0.00821	-0.05536	0.14460	0.11829	0.09665	0.27952	0.09354	0.13281	-0.35579	0.22089	0.05580	-0.20142	-0.15090	-0.03382	(And (Member $e0 begin) (Past $e0))
p201069	0.07436	0.01486	0.06526	0.03562	0.04254	0.06801	-0.03126	-0.03399	-0.03536	-0.08851	0.08304	-0.07467	-0.02160	-0.07735	-0.04758	0.00082	0.01890	-0.06038	0.03447	-0.01058	0.01529	-0.02704	0.04123	-0.01342	-0.04918	0.12336	-0.04080	-0.00544	0.04669	-0.05094	0.00012	-0.00726	(And (Member $e0 go) (Past $e0))
p201070	-0.00969	0.00830	-0.00880	-0.02336	0.04270	0.00913	0.01370	-0.00530	-0.00735	-0.03973	0.06711	-0.07604	-0.00541	-0.03615	0.00992	-0.02275	-0.00617	-0.00740	-0.00599	0.04807	0.04378	-0.02159	-0.00704	-0.02988	0.04737	-0.01052	-0.02619	-0.00891	0.02074	-0.03372	0.01727	-0.01002	(And (Member $x0 door) (Patient $e0 $x0))
p201071	-0.17668	-0.01739	0.23645	0.12517	0.04519	0.13991	-0.07930	0.05943	0.18049	-0.14580	0.15730	-0.14353	0.08946	-0.08276	0.00016	-0.03858	-0.16576	0.08658	-0.06868	-0.05160	-0.04453	-0.26164	0.29330	0.03430	-0.04007	-0.11784	-0.18702	0.12066	-0.07045	0.13809	0.25436	-0.03590	(And (Past $e0) (To $e0 $e1))
p201086	-0.04265	0.02881	0.04848	-0.00725	-0.04638	-0.02067	0.00801	0.10192	-0.02749	-0.01295	0.06670	0.01493	0.11142	-0.06817	-0.02854	-0.04077	-0.04669	0.00786	-0.00844	0.15980	0.03575	0.00217	0.01443	-0.02483	-0.01888	0.00395	-0.04902	-0.04187	0.07511	0.01765	-0.09088	-0.00097	(Member $e0 find)
p201087	-0.00405	-0.02077	0.03155	0.01484	0.04649	-0.02745	0.00385	0.01326	-0.03278	-0.00095	-0.03996	-0.00757	-0.02249	-0.01334	0.04197	-0.01984	0.01422	-0.01229	0.01809	-0.02543	-0.02031	0.00949	-0.03155	0.00077	-0.01261	-0.00293	0.00970	0.04377	0.01977	-0.02189	-0.01292	0.02199	(Member $e0 follow)
p201088	-0.01245	-0.00725	-0.01030	-0.01690	0.07670	-0.00087	0.03561	0.01407	-0.00876	-0.03037	0.04226	-0.05835	-0.00726	-0.03615	-0.00384	-0.01894	-0.00228	-0.02454	0.01163	0.06873	0.05514	-0.01538	-0.00258	-0.00406	0.00022	-0.02718	-0.03308	-0.03021	-0.00560	-0.02459	-0.01223	0.00671	(Member $e0 leave)
p201089	-0.03054	0.11306	-0.02548	0.06847	-0.02395	0.07052	-0.01224	0.02410	0.03074	-0.06161	0.01265	-0.00167	-0.00484	0.00326	-0.06535	0.05765	-0.02727	0.02000	-0.04324	0.01099	0.08184	-0.05276	-0.07278	-0.03608	0.03933	-0.03366	-0.03828	0.03437	-0.04327	0.00673	0.03804	0.00689	(Member $e0 write)
p201090	-0.05402	0.06999	-0.06650	0.01313	-0.05251	0.02036	0.00304	0.00366	0.03035	-0.03157	-0.01090	-0.02241	-0.01127	0.11741	-0.03592	-0.00745	0.00243	0.06874	-0.04755	-0.02093	0.02916	0.01151	0.02787	-0.09727	-0.00944	0.00717	0.03293	0.05878	0.07875	0.05851	0.05130	-0.00735	(Member $x0 book)
p201091	-0.02498	-0.04482	0.01316	0.00156	-0.00107	-0.02831	0.02493	-0.00360	-0.01328	0.00955	-0.02831	0.00932	-0.00612	-0.01314	0.02990	0.02626	-0.00131	0.03611	0.00832	0.02380	-0.00745	-0.03091	-0.01437	-0.00556	-0.00599	0.00443	-0.00980	-0.01008	0.05138	-0.01494	0.01816	0.02526	(Member $x0 cat)
p201092	-0.02250	-0.01110	-0.00722	-0.00346	0.00866	-0.00276	0.00040	0.01703	-0.00361	-0.01264	-0.00407	0.01539	-0.01059	0.01376	-0.00667	0.01334	-0.01948	-0.00023	0.01738	-0.01543	-0.01100	0.02284	-0.00834	0.01198	0.00166	0.00364	0.00572	0.00975	0.01539	0.00769	-0.01531	-0.00995	(Member $x0 good)
p201093	0.01282	-0.00298	0.00386	-0.01624	-0.01819	-0.00495	-0.01505	-0.00772	-0.00142	-0.01598	0.03266	-0.00320	-0.01306	-0.01750	0.00607	-0.00280	-0.00483	0.02200	-0.00339	-0.00795	-0.02237	-0.00932	-0.01006	0.00844	0.02689	0.04112	-0.00054	-0.00165	0.04522	-0.02123	-0.00063	-0.00933	(Member $x0 tree)
p201094	-0.01570	-0.00055	-0.01996	0.00095	0.00496	-0.04249	0.02484	0.01940	-0.02631	0.02639	0.00610	0.00108	0.07377	0.00009	-0.00950	-0.02308	-0.03829	-0.00476	0.02920	-0.01892	0.01023	0.05053	0.01329	-0.00207	-0.01252	0.01059	-0.00514	-0.02340	0.01137	-0.01445	-0.00715	0.02046	(To $e0 $x0)
p201102	0.05511	-0.00933	0.00046	0.02700	-0.15217	-0.17153	0.18880	-0.02385	0.06014	-0.05759	0.04547	0.02400	0.00417	0.10585	-0.04038	-0.06205	0.10862	-0.12029	0.10813	-0.06789	0.23019	-0.16735	-0.09605	0.14694	0.02500	0.02175	-0.22686	0.34858	0.05625	0.07632	-0.15186	-0.12268	(And (Agent $e0 $x0) (Ongoing $e0) (Past $e1) (Theme $e1 $e0))
p201103	0.05511	-0.00933	0.00046	0.02700	-0.15217	-0.17153	0.18880	-0.02385	0.06014	-0.05759	0.04547	0.02400	0.00417	0.10585	-0.04038	-0.06205	0.10862	-0.12029	0.10813	-0.06789	0.23019	-0.16735	-0.09605	0.14694	0.02500	0.02175	-0.22686	0.34858	0.05625	0.07632	-0.15186	-0.12268	(And (Agent $e0 $x0) (Ongoing $e1) (Past $e0) (Theme $e0 $e1))
p201104	-0.35330	-0.01104	-0.02690	-0.11377	-0.02300	-0.20492	0.14771	-0.01676	0.00169	0.10527	0.13912	-0.08398	0.13644	0.23699	-0.02370	-0.09931	0.02183	-0.19353	0.01067	-0.05550	0.14503	0.11254	0.09616	0.27347	0.09039	0.13161	-0.34979	0.21402	0.05414	-0.19935	-0.14877	-0.03261	(And (Member $e0 begin) (Ongoing $e1) (Past $e0) (Theme $e0 $e1))
p201105	0.39283	-0.03039	0.04500	-0.02955	-0.13504	-0.15290	0.12680	0.01251	0.04996	-0.01284	0.09982	-0.01673	-0.11858	-0.18134	-0.05374	0.10858	-0.03245	0.05447	0.07388	-0.08170	0.08350	0.00786	0.00843	-0.17502	0.00405	-0.16077	0.02747	0.16403	-0.02141	0.31007	-0.12609	-0.00589	(And (Member $e0 start) (Ongoing $e1) (Past $e0) (Theme $e0 $e1))
p201166	-0.00242	0.26822	-0.00598	-0.02794	0.09049	0.12565	0.01193	0.05024	0.04282	-0.11166	0.03304	-0.13358	0.00566	0.01679	-0.08703	0.07067	-0.06646	0.02001	-0.08502	0.06380	0.23588	-0.04222	-0.04718	-0.14118	0.02401	-0.05830	-0.07933	0.01056	-0.06980	-0.04194	0.03836	-0.00581	(And (Agent $e0 $x0) (Member $x0 person) (Patient $e0 $x1))
p201167	0.20814	-0.03958	-0.13742	-0.05801	-0.10363	0.29547	-0.04227	0.04291	-0.15944	-0.17809	0.10599	-0.17409	0.11765	0.16753	0.10936	0.10201	0.00765	-0.00908	0.13097	0.12309	-0.01571	0.16512	-0.14041	0.09165	-0.01269	-0.11717	-0.02906	0.06912	-0.01783	-0.12238	0.09269	0.11030	(And (Agent $e0 $x0) (Member $x0 thing) (Theme $e0 $x1))
p201168	-0.35330	-0.01105	-0.02690	-0.11377	-0.02300	-0.20493	0.14771	-0.01677	0.00168	0.10527	0.13911	-0.08400	0.13643	0.23699	-0.02370	-0.09932	0.02183	-0.19352	0.01066	-0.05550	0.14503	0.11254	0.09616	0.27347	0.09038	0.13160	-0.34979	0.21402	0.05413	-0.19936	-0.14877	-0.03261	(And (Member $e0 begin) (Ongoing $e1) (Theme $e0 $e1))
p201169	-0.05670	-0.05973	0.23903	-0.18553	-0.06277	-0.01608	0.11828	-0.01348	0.26603	-0.09154	-0.05995	-0.06771	0.09085	0.18195	-0.05376	0.06013	0.11072	-0.01174	0.19350	-0.13513	-0.05107	-0.01540	0.01571	-0.03126	0.20264	0.09139	0.01681	0.00157	-0.05816	-0.05125	-0.11500	-0.05917	(And (Past $e0) (Patient $e1 $x0) (Theme $e0 $e1))
p201219	0.00397	-0.09514	0.26929	-0.07111	0.02388	-0.01941	0.04568	-0.03684	0.30487	-0.27816	-0.22888	-0.10243	0.08122	0.19912	0.02571	-0.04060	0.19283	-0.09620	0.26036	-0.11693	0.09187	-0.15546	-0.03557	-0.02853	0.14340	0.07448	0.01137	-0.04683	-0.02757	-0.11395	0.00408	0.01849	(And (Agent $e0 $x0) (Ongoing $e0) (Patient $e0 $x1))
p201220	-0.00706	-0.03842	0.06652	0.07664	0.11760	-0.05218	-0.00624	0.05305	-0.00032	0.00816	-0.07014	0.05005	-0.01352	-0.04026	-0.03185	0.02429	-0.05853	-0.01368	0.03757	-0.01119	-0.02833	-0.04881	-0.09209	0.02905	-0.03526	0.02921	0.01198	0.00926	-0.06980	-0.07600	0.00299	0.19280	(And (Agent $e0 $x0) (Ongoing $e0) (Theme $e0 $x1))
p201221	-0.18280	0.21482	-0.16003	0.07303	-0.17944	-0.06865	-0.03686	-0.04322	0.07894	-0.04521	-0.04315	-0.09431	-0.01559	0.31105	-0.07241	-0.15232	0.06455	0.16403	-0.13894	0.01924	-0.05893	0.10862	0.13122	-0.27173	-0.06043	0.07771	0.20862	0.27043	0.22888	0.16833	0.09693	0.09204	(And (Location $e0 $x0) (Ongoing $e0) (Past $e0))
p201222	-0.35330	-0.01104	-0.02690	-0.11377	-0.02300	-0.20492	0.14771	-0.01676	0.00169	0.10528	0.13912	-0.08398	0.13644	0.23699	-0.02370	-0.09931	0.02183	-0.19353	0.01067	-0.05550	0.14503	0.11254	0.09617	0.27347	0.09039	0.13161	-0.34979	0.21402	0.05414	-0.19935	-0.14877	-0.03261	(And (Member $e0 begin) (Past $e0) (Theme $e0 $e1))
p201223	0.09009	-0.05007	-0.13865	0.09392	0.05744	0.09161	-0.04330	-0.01026	0.15256	0.15321	-0.17121	0.39193	-0.00704	-0.16130	0.12305	-0.03876	-0.08542	0.00804	0.13086	0.16586	0.04321	0.08813	0.17200	-0.14188	-0.00516	0.14611	-0.03727	0.18107	-0.13821	-0.12844	-0.16087	-0.02794	(And (Member $e0 build) (Past $e0) (Patient $e0 $x0))
p201224	0.39283	-0.03039	0.04500	-0.02955	-0.13504	-0.15290	0.12680	0.01251	0.04996	-0.01284	0.09982	-0.01673	-0.11858	-0.18133	-0.05374	0.10858	-0.03245	0.05447	0.07388	-0.08170	0.08350	0.00786	0.00843	-0.17502	0.00405	-0.16077	0.02747	0.16404	-0.02141	0.31007	-0.12609	-0.00589	(And (Member $e0 start) (Past $e0) (Theme $e0 $e1))
p201225	0.03968	-0.06681	0.24194	-0.21536	-0.02710	-0.18721	0.12163	-0.01171	0.31454	-0.16888	-0.08280	-0.07931	0.07167	0.12705	-0.04573	0.09756	0.10977	-0.05472	0.24615	-0.15589	-0.04920	0.07704	0.07885	-0.01993	0.24198	0.05204	-0.03648	-0.01043	-0.13046	-0.03928	-0.13391	-0.00437	(And (Ongoing $e0) (Patient $e0 $x0) (Theme $e1 $e0))
p201240	0.00573	0.03007	0.00567	-0.01372	-0.10761	-0.09567	0.01066	0.02789	0.00434	-0.01486	0.01960	0.09733	-0.02802	0.01324	-0.08938	-0.00994	-0.06737	0.18926	0.03209	0.01595	-0.11208	-0.01100	0.22744	0.24574	0.00517	-0.06873	0.04021	-0.07387	-0.08821	-0.09033	-0.07941	-0.03516	(And (Agent $e0 $x0) (GroupOf $x0 person))
p201241	0.01087	-0.01961	-0.11737	0.01193	-0.07247	-0.05285	0.04171	-0.00604	-0.10578	0.04018	0.10546	0.00045	-0.03259	-0.04979	-0.00402	-0.05742	-0.01642	0.02392	-0.01505	-0.00073	0.09596	-0.00143	0.00304	0.06953	-0.03514	-0.01266	-0.07988	0.10188	0.08852	0.06678	-0.05177	-0.02883	(And (Agent $e0 $x0) (Recipient $e0 $x1))
p201244	0.09749	0.03846	-0.03822	-0.01717	0.03697	0.02378	0.11287	-0.02381	-0.07214	-0.00355	-0.10667	0.11032	0.17339	-0.11913	-0.00015	-0.02483	0.03356	0.00997	-0.03188	-0.02493	-0.03523	-0.01914	0.00473	0.03901	0.00523	0.02352	-0.03952	-0.05074	0.03509	0.01685	0.04773	0.00578	(And (Experiencer $e0 $x0) (Member $x0 thing))
p201245	-0.35330	-0.01104	-0.02690	-0.11377	-0.02300	-0.20492	0.14771	-0.01676	0.00169	0.10528	0.13912	-0.08398	0.13644	0.23699	-0.02370	-0.09931	0.02183	-0.19353	0.01067	-0.05550	0.14503	0.11254	0.09617	0.27347	0.09039	0.13161	-0.34979	0.21402	0.05414	-0.19935	-0.14877	-0.03261	(And (Member $e0 begin) (Theme $e0 $e1))
p201246	0.09009	-0.05007	-0.13865	0.09392	0.05744	0.09161	-0.04330	-0.01026	0.15256	0.15321	-0.17121	0.39192	-0.00704	-0.16131	0.12305	-0.03876	-0.08542	0.00804	0.13086	0.16586	0.04321	0.08813	0.17200	-0.14188	-0.00516	0.14611	-0.03727	0.18107	-0.13821	-0.12844	-0.16087	-0.02794	(And (Member $e0 build) (Past $e0))
p201247	0.23496	-0.07823	0.11892	0.06876	0.20973	-0.06096	-0.07957	0.03817	-0.20379	0.25038	-0.26632	-0.10102	-0.05381	0.35762	-0.09538	0.00317	-0.12480	-0.06961	-0.15484	-0.09179	0.06130	0.09812	-0.02270	0.12957	0.01060	0.17581	-0.10765	-0.18244	-0.13696	0.15628	0.24285	0.00730	(And (Member $e0 kill) (Patient $e0 $x0))
p201248	0.02359	-0.04160	0.02655	0.02579	0.09253	0.01290	-0.01831	-0.02360	0.00989	-0.03870	0.04473	-0.10218	-0.00426	0.02662	-0.01047	-0.05171	0.02201	-0.03716	0.03913	0.00654	0.06485	0.00672	0.03709	-0.05020	-0.01791	-0.06041	-0.00459	-0.03906	0.07807	-0.04769	-0.01518	0.03192	(And (Member $e0 make) (Past $e0))
p201249	0.10923	-0.04504	0.04539	-0.13133	0.00645	-0.14751	0.04904	0.00491	0.05183	0.00964	0.08549	-0.06644	-0.02883	-0.11586	-0.01569	0.11504	-0.04750	0.00124	0.04678	-0.04994	-0.07423	0.16518	0.11005	-0.06206	0.12988	-0.05100	0.00826	-0.03110	-0.07357	0.06769	-0.07207	0.06346	(And (Member $e0 start) (Patient $e0 $x0))
p201250	-0.06773	0.00346	-0.03832	0.02051	-0.01677	0.00326	0.03650	0.15880	-0.00446	-0.07205	0.01934	0.03297	-0.02992	0.04136	-0.02980	-0.00706	-0.10179	-0.01089	0.06375	-0.03894	0.02283	0.09921	-0.01033	0.03741	-0.00122	0.02954	-0.01276	-0.04148	0.06307	0.03853	-0.07288	-0.01395	(And (Member $e0 use) (Theme $e0 $x0))
p201251	-0.00802	0.01708	-0.01697	0.00614	-0.03730	-0.01340	0.02288	0.10481	0.00917	-0.03285	0.00931	0.01583	0.00346	0.03659	0.01101	-0.03593	-0.04638	0.00983	0.02822	-0.02188	0.02224	0.04247	0.00714	0.00180	-0.00338	0.01118	-0.01017	-0.05343	0.02454	0.02102	-0.06248	-0.00609	(And (Obligated $e0) (Theme $e0 $x0))
p201252	0.00027	-0.02248	-0.03227	0.00136	-0.01653	0.00426	0.00512	-0.01462	-0.01211	-0.02935	0.01861	-0.04521	-0.00895	-0.01991	-0.00794	-0.04678	0.02354	0.02978	0.02938	-0.01377	0.04371	0.03312	0.02803	0.01934	-0.02194	-0.03562	-0.04519	-0.00770	0.05083	0.00331	-0.03207	-0.01722	(And (Past $e0) (Recipient $e0 $x0))
p201266	0.01636	-0.00488	0.01805	0.00784	0.01865	0.00274	0.01704	-0.00314	0.00182	-0.04716	0.02314	-0.03776	-0.00701	-0.04584	-0.01301	-0.00926	-0.01025	0.00087	0.02863	0.01932	0.00190	0.00186	0.01112	0.00850	-0.00928	0.00081	-0.02860	-0.01315	-0.00170	-0.01835	-0.01142	-0.00898	(Again $e0)
p201267	-0.00376	0.00750	-0.00570	0.02168	0.00815	-0.03063	-0.00100	-0.01361	0.00791	0.00172	0.02435	-0.00528	-0.00995	-0.02718	0.02352	-0.01809	-0.00142	-0.01448	-0.01253	0.01706	-0.01447	-0.01432	-0.02912	0.02136	0.02665	-0.01414	-0.01976	0.01882	0.01257	-0.02798	-0.00832	0.03382	(Member $e0 fall)
p201268	0.05071	-0.01422	0.05696	-0.03030	0.02823	-0.02100	-0.00670	-0.03022	-0.00062	-0.02032	0.00667	-0.09185	0.01471	-0.05260	-0.02691	0.02689	-0.00186	-0.02960	0.02875	-0.01245	0.01081	0.07450	0.07947	-0.03643	-0.00520	-0.01705	-0.02437	0.00713	0.01030	-0.00965	-0.01916	-0.00289	(Member $e0 hear)
p201269	0.23496	-0.07823	0.11892	0.06876	0.20973	-0.06096	-0.07957	0.03817	-0.20379	0.25038	-0.26632	-0.10102	-0.05381	0.35762	-0.09538	0.00317	-0.12480	-0.06961	-0.15484	-0.09179	0.06130	0.09812	-0.02270	0.12957	0.01060	0.17581	-0.10765	-0.18244	-0.13696	0.15628	0.24285	0.00730	(Member $e0 kill)
p201270	-0.04021	-0.02228	0.00371	-0.01062	-0.00943	0.06723	0.05508	0.01397	0.00833	0.04778	-0.02847	0.00491	0.00116	-0.01221	-0.00059	0.02745	-0.01976	-0.00924	-0.03161	0.00199	-0.02872	0.00162	-0.03418	0.00353	0.01054	0.01554	0.04012	-0.02428	-0.05008	-0.00537	0.03485	-0.00609	(Member $e0 need)
p201271	-0.01596	0.00341	-0.01417	-0.00774	0.00736	-0.00697	-0.00015	-0.01261	-0.00969	-0.00792	0.04250	-0.02717	-0.00520	-0.03566	0.01267	-0.00940	0.00560	-0.01833	-0.00938	0.02567	-0.01854	-0.00458	-0.00402	0.00422	0.04844	0.00299	-0.00131	0.01448	-0.01405	-0.01437	0.00553	-0.01004	(Member $e0 open)
p201272	-0.09317	-0.05143	-0.09267	0.12819	-0.08327	0.04295	-0.01277	0.00545	-0.04464	0.03644	-0.01183	0.08202	-0.01960	-0.02809	-0.02242	0.12350	0.03746	-0.03532	-0.02133	-0.00160	-0.03350	-0.06619	-0.09315	0.04728	0.06820	0.02459	0.00320	0.06698	0.08401	0.04313	0.03220	-0.03140	(Member $e0 produce)
p201273	-0.03399	0.05336	-0.00594	0.04964	-0.06587	-0.01135	0.05330	0.05247	0.03810	-0.00986	-0.03905	0.07578	-0.00258	-0.02627	-0.02955	0.05899	-0.03419	0.02446	-0.03505	0.10360	-0.00702	-0.07404	-0.02117	0.03158	-0.01380	0.04358	0.02953	-0.02554	-0.08768	-0.02239	0.02158	0.05404	(Member $e0 sleep)
p201274	-0.01821	-0.01572	-0.00619	-0.01408	0.01526	0.00474	0.01470	-0.00953	-0.01670	0.00279	0.00919	-0.02217	-0.00445	-0.00223	0.01067	0.00934	0.00078	-0.00991	0.03113	0.00284	0.01786	-0.00765	0.01433	-0.01638	0.00062	-0.00585	-0.00433	-0.01465	0.02738	0.00525	0.02462	-0.00875	(Member $x0 beautiful)
p201275	0.02895	-0.03632	0.00648	-0.01678	0.02189	0.00233	-0.02696	-0.01534	-0.03444	-0.00708	-0.01671	-0.04491	0.05004	-0.01905	0.00278	-0.00576	0.00388	-0.03219	0.00732	-0.01702	0.03485	0.00468	0.04132	-0.03128	0.00907	0.00731	0.03655	-0.00305	0.06023	-0.02110	0.03077	0.01021	(Member $x0 big)
p201276	-0.01216	-0.01050	0.00958	-0.00421	0.02082	-0.01239	-0.00803	0.00784	-0.00770	0.01305	-0.00679	-0.01129	-0.00982	-0.00045	0.00973	-0.00717	0.00803	-0.00746	-0.00666	0.00966	-0.00135	-0.00829	0.00013	-0.00537	0.00029	-0.00117	-0.00658	0.01337	-0.00979	0.00059	-0.00442	0.02548	(Member $x0 car)
p201277	-0.02566	-0.06076	0.00915	-0.00007	0.01261	-0.00382	0.00008	-0.00075	-0.01551	-0.00516	-0.01693	-0.01797	-0.00545	0.00867	-0.01692	0.04584	-0.00838	0.03061	0.02741	-0.00038	0.01783	0.01012	0.00784	-0.01215	0.00659	-0.01871	-0.03493	-0.01042	0.09305	0.00088	0.00705	-0.01107	(Member $x0 city)
p201278	-0.03150	-0.00825	-0.02469	-0.00104	-0.00582	-0.01680	0.00298	0.00598	0.01237	-0.00280	-0.01350	0.00050	-0.00525	0.01865	-0.01727	-0.01448	0.01026	0.04659	-0.00531	0.01161	-0.01327	-0.00562	-0.00755	-0.01545	-0.00092	0.00170	0.01181	0.02638	0.00316	0.00471	0.00749	0.01489	(Member $x0 dog)
p201279	-0.01939	0.00226	0.00011	0.00170	-0.01281	0.03577	0.01304	-0.01603	0.01599	0.03780	-0.00397	-0.01314	0.00296	-0.00846	-0.01440	-0.00538	0.01606	0.01876	0.01291	-0.00713	-0.01217	-0.00576	-0.01464	-0.00177	-0.00700	-0.01851	0.01376	-0.01544	-0.01065	-0.00379	0.01819	-0.00875	(Member $x0 old)
p201280	-0.00101	-0.00450	-0.00445	0.00470	0.02657	-0.00800	0.01607	0.00027	0.00368	-0.01149	0.00903	0.00254	-0.01024	-0.00314	0.00631	-0.00711	-0.00831	-0.00908	0.00359	0.01270	-0.00362	-0.00670	-0.01607	0.00776	-0.00261	-0.00698	-0.00669	0.00267	-0.00079	-0.01135	-0.00271	0.00454	(Member $x0 road)
p201344	0.00949	0.02286	0.00695	-0.01244	-0.09362	-0.10239	0.01801	0.02032	-0.00459	-0.00272	0.01150	0.10141	-0.01647	0.02445	-0.06853	-0.00646	-0.04898	0.17381	0.03821	0.01421	-0.10320	-0.00228	0.18245	0.20351	0.00524	-0.05603	0.04218	-0.08399	-0.07712	-0.08293	-0.08675	-0.02594	(And (Agent $e0 $x0) (GroupOf $x0 person) (Past $e0))
p201345	0.11122	0.06789	-0.06364	-0.04526	-0.03892	-0.04920	-0.05354	-0.05113	0.32326	0.17336	0.07686	-0.03157	-0.03865	-0.10447	-0.04335	-0.03446	0.05491	-0.00946	-0.07006	0.13178	-0.03474	-0.11520	-0.06760	0.13193	0.01390	-0.07401	0.01168	-0.09995	0.10191	-0.14388	0.13379	-0.00520	(And (Cardinality $x0 <num>) (Member $e0 have) (Theme $e0 $x0))
p201433	-0.00184	0.00699	-0.00702	0.00207	-0.00370	0.00949	-0.00513	-0.00407	0.00724	-0.00129	0.00291	0.01537	-0.00704	0.02190	-0.00011	-0.00499	0.00281	0.00374	-0.00666	-0.00528	-0.00216	-0.00656	-0.01143	-0.00413	-0.00420	-0.00498	-0.00139	0.00751	-0.01336	0.01527	-0.00558	-0.00504	(ConditionalProperty bicycle permitted footpath)
p201434	-0.00182	0.00700	-0.00701	0.00208	-0.00369	0.00948	-0.00509	-0.00407	0.00726	-0.00127	0.00291	0.01538	-0.00704	0.02190	-0.00010	-0.00502	0.00283	0.00375	-0.00663	-0.00526	-0.00216	-0.00653	-0.01145	-0.00411	-0.00418	-0.00498	-0.00136	0.00754	-0.01338	0.01528	-0.00555	-0.00501	(ConditionalProperty pedestrian permitted footpath)
p201435	-0.00184	0.00700	-0.00700	0.00209	-0.00370	0.00951	-0.00513	-0.00406	0.00725	-0.00129	0.00291	0.01539	-0.00703	0.02191	-0.00010	-0.00498	0.00281	0.00375	-0.00666	-0.00527	-0.00216	-0.00655	-0.01142	-0.00413	-0.00419	-0.00497	-0.00138	0.00752	-0.01335	0.01527	-0.00558	-0.00503	(Inheritance bicycle permitted) ~NEG
p201436	-0.00228	0.00653	-0.00749	0.00152	-0.00419	0.00894	-0.00561	-0.00458	0.00675	-0.00176	0.00246	0.01488	-0.00754	0.02140	-0.00058	-0.00557	0.00236	0.00323	-0.00713	-0.00574	-0.00264	-0.00704	-0.01191	-0.00460	-0.00466	-0.00548	-0.00183	0.00702	-0.01380	0.01474	-0.00612	-0.00551	(Inheritance pedestrian permitted) ~NEG
p201446	0.06601	-0.04590	-0.12465	0.03858	0.08855	0.13183	-0.04315	0.00652	0.16977	0.12583	-0.15423	0.32171	-0.06082	-0.15120	0.10196	-0.02335	-0.10110	0.00225	0.12709	0.17133	0.09330	0.09863	0.21030	-0.14833	-0.00994	0.14378	-0.04383	0.15870	-0.15072	-0.12722	-0.12852	-0.03059	(And (Agent $e0 $x0) (Member $e0 build) (Patient $e0 $x1))
p201476	0.01605	-0.00247	0.02012	0.00804	0.01868	0.00311	0.00772	-0.00403	0.00155	-0.04536	0.02742	-0.04028	-0.00643	-0.04130	-0.01688	-0.01094	-0.00986	-0.00007	0.02916	0.01754	0.00308	0.00386	0.01377	0.00735	-0.00939	-0.00224	-0.02710	-0.00997	0.00268	-0.01697	-0.01841	-0.00817	(And (Again $e0) (Past $e0))
p201477	-0.00888	-0.04637	0.02207	0.03622	-0.00454	0.02650	0.00371	-0.00161	0.02300	0.02082	-0.03754	0.02962	-0.00865	-0.07082	-0.01639	0.01678	-0.00084	-0.03859	-0.00392	0.07595	0.01462	-0.05663	-0.06003	0.05995	-0.02071	0.00172	0.05652	-0.03081	-0.05883	-0.01434	0.02968	0.05996	(And (Agent $e0 $x0) (GroupOf $x0 child))
p201478	0.06601	-0.04590	-0.12465	0.03858	0.08855	0.13183	-0.04315	0.00652	0.16977	0.12583	-0.15423	0.32171	-0.06082	-0.15120	0.10196	-0.02335	-0.10110	0.00225	0.12709	0.17133	0.09330	0.09863	0.21030	-0.14833	-0.00994	0.14378	-0.04383	0.15870	-0.15072	-0.12722	-0.12852	-0.03059	(And (Agent $e0 $x0) (Member $e0 build))
p201479	0.00699	-0.08906	0.01232	-0.08070	0.05163	0.03812	-0.03060	-0.02433	-0.02136	-0.03335	0.01709	-0.17965	0.01918	-0.01547	0.05139	-0.07356	0.02946	-0.05046	0.01734	-0.00359	0.14084	0.01621	0.10736	-0.08996	0.04021	-0.04755	0.06198	-0.06880	0.10552	-0.03810	0.07638	0.04353	(And (Agent $e0 $x0) (Member $e0 make))
p201480	-0.54203	-0.35209	-0.14522	0.27410	0.14518	-0.00401	-0.07819	0.03844	0.49677	-0.07712	0.41132	-0.09646	0.31143	-0.08360	0.49188	0.06459	-0.07959	-0.10550	-0.09696	-0.23553	-0.13955	-0.04976	0.01568	0.05173	-0.07352	0.13022	-0.03304	-0.18680	-0.06994	0.77013	0.18178	-0.05651	(And (Agent $e0 $x0) (Possession $x0 $x1))
p201481	-0.19574	-0.03556	0.16896	0.09683	0.02656	0.14961	-0.10910	0.02817	0.09823	-0.13591	0.13305	-0.16868	0.05038	-0.10178	-0.01006	0.01310	-0.14975	0.01703	-0.08388	-0.04188	0.02114	-0.25170	0.42949	0.10874	-0.03216	-0.10906	-0.10834	0.14512	-0.08773	0.13292	0.31007	-0.06645	(And (Agent $e0 $x0) (To $e0 $e1))
p201482	-0.19574	-0.03556	0.16896	0.09683	0.02656	0.14961	-0.10910	0.02817	0.09823	-0.13591	0.13305	-0.16868	0.05038	-0.10178	-0.01006	0.01310	-0.14975	0.01703	-0.08388	-0.04188	0.02114	-0.25170	0.42949	0.10874	-0.03216	-0.10906	-0.10834	0.14512	-0.08773	0.13292	0.31007	-0.06645	(And (Agent $e0 $x0) (To $e1 $e0))
p201483	-0.02203	0.03666	-0.00313	0.00008	0.01286	-0.02370	0.00438	0.04533	-0.00264	-0.02329	0.00304	-0.01238	-0.00943	-0.01484	-0.02001	-0.02343	-0.05445	-0.01122	0.08628	-0.01384	-0.01952	0.06696	-0.01882	0.01455	0.00031	0.00298	0.02916	-0.00622	0.00019	0.01614	-0.01093	-0.01327	(And (Future $e0) (Theme $e0 $x0))
p201484	0.13468	0.01379	0.06939	0.07829	0.04105	-0.10691	-0.03049	0.04189	-0.11190	0.14209	-0.12730	0.05774	-0.05468	0.21962	-0.06629	0.03207	-0.08921	0.00588	-0.08063	-0.03303	-0.04564	0.01240	0.05986	0.18179	0.03449	0.06637	0.00351	-0.11551	-0.14329	0.01127	0.07534	-0.00679	(And (GroupOf $x0 person) (Patient $e0 $x0))
p201485	-0.05037	0.04458	0.07149	-0.00154	-0.04813	-0.03088	0.01229	0.10614	-0.03433	-0.01819	0.07176	0.03971	0.14730	-0.08506	-0.03275	-0.04113	-0.07648	0.02063	-0.00755	0.19182	0.02686	-0.00093	-0.00788	-0.02495	-0.02120	-0.00068	-0.05049	-0.03624	0.09213	0.01047	-0.10172	0.00204	(And (Location $e0 $x0) (Member $e0 find))
p201486	-0.02911	-0.00931	0.20513	0.00557	-0.07086	0.00842	0.09554	0.02349	0.25474	-0.21193	-0.22127	0.07307	0.08623	0.17808	-0.06914	0.08281	0.15062	-0.08162	0.19743	0.04247	0.04888	-0.21765	-0.12539	0.05523	0.09060	0.09063	0.01867	0.01255	-0.12136	-0.04355	-0.07646	-0.08914	(And (Location $e0 $x0) (Theme $e1 $e0))
p201487	0.03746	-0.00413	0.00582	-0.00708	-0.02443	-0.02875	-0.00368	0.00647	-0.02059	-0.02079	0.05356	-0.02808	-0.01922	-0.06169	-0.00341	0.01355	-0.02737	-0.00734	0.00760	-0.00465	-0.01992	0.02589	-0.00020	-0.01320	0.05001	0.04416	-0.00179	0.02305	0.00860	0.03028	-0.00662	-0.00276	(And (Manner $e0 quickly) (Patient $e0 $x0))
p201488	0.06566	0.00786	0.04115	0.11426	0.03701	-0.13826	0.00962	0.02637	0.00060	0.00750	0.13753	0.14801	-0.04267	0.29393	-0.05426	0.00265	-0.00428	0.07524	0.06594	0.03787	-0.06429	-0.11785	0.10175	-0.01693	-0.00915	-0.10025	0.23187	-0.10063	-0.05238	-0.11003	-0.13708	-0.02049	(And (Member $e0 become) (Past $e0))
p201489	0.05490	-0.00594	0.03737	0.06318	0.09014	-0.12447	0.02878	0.01586	-0.00280	0.02209	0.17496	0.10567	-0.03472	0.27715	-0.04776	-0.00794	0.00178	0.06045	0.05415	0.06192	-0.05620	-0.10901	0.11798	-0.04596	-0.00739	-0.09828	0.22593	-0.11578	-0.05326	-0.11419	-0.13050	-0.01977	(And (Member $e0 become) (Result $e0 $e1))
p201490	0.03384	-0.01178	0.04757	-0.02364	0.02887	-0.00717	-0.01805	-0.03207	-0.00902	-0.02485	-0.00597	-0.07998	0.01935	-0.04178	-0.02137	0.01907	0.00935	-0.02962	0.02547	-0.00519	0.00426	0.05355	0.06948	-0.02175	-0.00275	-0.00333	-0.01654	-0.00022	0.01445	-0.02361	-0.00743	-0.00990	(And (Member $e0 hear) (Past $e0))
p201491	-0.09229	-0.04687	-0.08839	0.12699	-0.08245	0.04044	-0.01131	0.00722	-0.04193	0.03723	-0.00987	0.08174	-0.01852	-0.02490	-0.02257	0.12296	0.03574	-0.03075	-0.02247	-0.00190	-0.03664	-0.06513	-0.09254	0.04333	0.06920	0.02433	-0.00292	0.06598	0.08402	0.04115	0.03011	-0.02917	(And (Member $e0 produce) (Patient $e0 $x0))
p201492	0.16563	0.08171	0.06080	0.00713	-0.00257	0.05121	0.00831	0.05541	0.08488	-0.12262	-0.08156	-0.03849	0.00115	-0.04664	-0.05612	0.04574	0.01889	0.00461	0.04734	-0.01184	0.07598	-0.06216	-0.02396	-0.12872	0.01051	-0.05136	0.07623	0.02371	-0.07270	0.05601	-0.00772	-0.03359	(And (Member $e0 take) (Theme $e0 $x0))
p201493	-0.06178	-0.00021	0.15047	0.01014	-0.02051	0.17679	0.01916	0.02078	0.02501	0.09397	0.01969	-0.02371	0.01262	0.04403	-0.01057	-0.01307	-0.05935	0.04133	-0.03544	-0.02105	-0.02994	-0.04423	-0.07090	-0.05848	-0.02492	0.03167	0.10346	-0.05587	0.05384	-0.06650	-0.02301	0.06793	(And (Member $e0 try) (Past $e0))
p201494	-0.07759	-0.02002	0.17429	-0.01442	-0.04172	0.22139	0.02306	0.02596	0.00549	0.14237	0.00956	-0.01638	0.00849	0.05206	0.01573	0.01583	-0.05824	0.02188	-0.05303	-0.00556	-0.03066	-0.06276	-0.05999	-0.07211	-0.00628	0.02691	0.16676	-0.06460	0.06970	-0.05792	-0.01694	0.04308	(And (Member $e0 try) (Theme $e0 $e1))
p201495	-0.02855	0.11623	-0.02547	0.06078	-0.02585	0.06905	-0.00948	0.02420	0.02859	-0.05827	0.01294	-0.00505	-0.00302	0.00802	-0.06245	0.05781	-0.02453	0.02472	-0.04306	0.01017	0.07268	-0.04542	-0.06974	-0.03996	0.04424	-0.03216	-0.03637	0.03332	-0.03675	0.00670	0.03282	-0.00675	(And (Member $e0 write) (Patient $e0 $x0))
p201496	0.01402	0.04104	-0.01826	-0.04414	-0.00292	-0.01065	-0.00994	-0.01370	-0.02239	0.01450	0.01854	-0.01906	0.06109	-0.02823	0.00480	-0.02025	0.00879	-0.00643	-0.04029	0.01073	-0.00492	0.00686	0.03062	-0.02004	0.05683	-0.00370	0.02748	0.01021	-0.02074	-0.01326	0.01384	-0.01197	(And (Obligated $e0) (Patient $e0 $x0))
p201497	0.03861	-0.01657	0.04233	-0.00155	0.03000	-0.00507	-0.01362	-0.02236	-0.00890	-0.01537	-0.02024	-0.07325	0.04250	-0.02898	-0.02892	0.01340	0.00760	-0.02744	0.02613	-0.00595	0.01979	0.05344	0.06707	-0.02640	-0.02528	-0.02085	-0.02138	-0.00694	0.02406	-0.02272	-0.01408	-0.00783	(And (Past $e0) (Stimulus $e0 $x0))
p201498	-0.01142	0.04376	-0.01341	0.01104	-0.01850	-0.01644	-0.01048	-0.00751	-0.00543	0.00459	0.01982	-0.01588	-0.01130	-0.01914	0.03646	-0.01370	-0.00455	-0.00376	-0.03567	0.00994	0.00930	-0.01255	-0.03229	0.01219	0.04009	-0.01686	-0.02520	0.03828	0.02143	-0.01744	0.00244	0.00726	(And (Patient $e0 $x0) (Source $e0 $x1))
p201527	-0.06147	-0.02006	0.15775	-0.02406	-0.04223	-0.10513	-0.03662	0.00210	-0.05236	-0.10991	0.15284	0.33736	-0.04264	-0.10632	-0.05117	-0.05926	0.08295	-0.03165	-0.03172	-0.02675	0.12922	0.15770	-0.03172	-0.02912	0.01119	-0.06945	0.00845	-0.00372	0.02000	-0.08590	0.18043	-0.00733	(For $e0 $e1)
p201528	-0.01267	-0.02082	-0.02604	-0.00836	-0.00150	-0.01300	0.05766	0.02396	-0.01123	0.00303	-0.02542	-0.00052	0.01517	-0.02542	0.01136	0.00279	-0.01635	0.00640	-0.00567	-0.00593	-0.01074	0.02661	-0.01076	-0.00660	0.00456	0.01919	0.01137	-0.00480	-0.02381	-0.00909	0.03366	0.00103	(Like $e0 $x0)
p201529	-0.01899	-0.01442	-0.01170	-0.01004	-0.01227	0.01472	-0.01015	0.00320	0.00356	0.00323	0.00595	-0.01367	-0.00351	-0.00736	0.00565	-0.01148	0.01532	-0.00146	-0.00642	-0.01178	0.00427	0.00323	0.00792	-0.00028	0.03540	0.00133	0.00655	-0.01758	-0.00089	0.00481	0.00652	0.02075	(Member $e0 change)
p201530	-0.02105	-0.01512	0.03560	-0.01609	0.00172	-0.00032	-0.01666	-0.02088	-0.01388	-0.00754	-0.00283	-0.02974	-0.00537	-0.03202	-0.01151	0.03753	0.01280	-0.02324	0.00808	0.07327	0.00213	-0.01510	0.03384	0.00224	0.00045	-0.00879	-0.00821	0.01440	-0.00095	0.00792	-0.00039	-0.01983	(Member $e0 live)
p201531	0.00115	-0.05037	-0.01375	0.00532	-0.01715	0.01038	-0.03077	0.02780	-0.07180	-0.01159	-0.04512	-0.03839	-0.02489	-0.02800	-0.01495	0.04627	-0.01186	-0.07367	0.02731	-0.00732	0.07478	-0.01720	0.17155	0.06708	-0.01266	0.00534	0.05988	-0.00655	-0.00019	-0.01797	0.04935	-0.00403	(Member $e0 sell)
p201532	-0.00446	0.01802	-0.01077	0.00180	0.00613	0.03915	-0.00805	-0.00110	0.00237	0.00655	-0.00828	-0.02058	-0.00604	0.00915	-0.00979	0.01915	0.00593	-0.03313	-0.01989	0.00148	0.03620	-0.00769	-0.00245	-0.00785	-0.01284	-0.00098	0.01676	0.00091	-0.03872	0.01171	0.00456	-0.01052	(Member $e0 serve)
p201533	0.06295	0.00295	-0.01763	0.02555	-0.03678	-0.01224	0.00854	-0.00844	-0.02754	-0.01491	0.04687	-0.00581	-0.02773	-0.03355	-0.02145	-0.01633	-0.00685	0.02710	0.00771	-0.01262	0.03676	-0.03826	0.00804	-0.00775	-0.03417	-0.00018	-0.02736	0.05126	0.01246	0.05388	-0.01878	-0.00147	(Member $e0 talk)
p201534	0.08504	0.03013	0.03903	0.02604	-0.04051	-0.04068	-0.02322	-0.01107	-0.06261	-0.02845	0.08177	-0.01388	-0.03278	-0.07474	-0.00866	-0.03292	-0.00859	0.00680	0.00182	0.03431	0.01561	-0.06102	-0.01253	-0.03755	-0.02641	0.09423	-0.00510	0.07153	0.04702	0.04604	-0.02820	0.06057	(Member $e0 walk)
p201535	-0.03285	-0.03466	0.01247	-0.00032	0.00706	-0.01945	-0.00504	-0.00936	-0.02077	0.02799	-0.00933	0.01544	-0.00331	0.00908	-0.00822	0.08436	-0.00874	-0.00491	0.03885	-0.01752	-0.00980	-0.01432	0.02682	-0.00550	-0.00162	0.01281	-0.01954	-0.00710	0.06822	0.00424	0.01232	0.00710	(Member $x0 garden)
p201536	0.01602	-0.04728	-0.05806	0.03231	0.03762	0.03254	-0.01567	-0.00511	0.06779	0.08018	-0.07180	0.17917	-0.03152	-0.08090	0.06046	-0.02267	-0.04713	-0.00350	0.11141	0.08039	0.00384	0.06436	0.09454	-0.05021	-0.02092	0.07977	-0.02888	0.07189	-0.06067	-0.04066	-0.07640	-0.01449	(Member $x0 hotel)
p201537	0.02205	0.00730	0.02954	-0.02511	0.00168	-0.04219	-0.00083	-0.01213	0.00281	0.01339	0.01047	-0.01493	-0.00761	-0.01618	0.02853	-0.00070	-0.01001	0.01133	0.03556	-0.02556	-0.02233	0.03241	0.00584	-0.01509	0.01684	-0.01471	0.00736	-0.01732	-0.00649	0.00169	-0.01494	0.04096	(Member $x0 sky)
p201538	-0.02379	-0.00478	-0.04061	0.02814	-0.00684	0.00972	-0.00776	0.02137	0.00785	-0.00323	-0.00198	0.00135	-0.01126	-0.00404	-0.02446	0.01566	0.00987	-0.01982	-0.00807	-0.01353	-0.01315	0.01730	-0.01812	0.00856	0.01885	0.00142	0.00723	0.02063	-0.00825	0.01459	-0.00377	-0.01543	(Member $x0 song)
p201539	-0.02637	-0.00825	-0.03293	-0.04543	-0.01455	-0.01161	0.01376	0.00115	-0.00579	0.00144	0.01374	-0.01757	-0.00358	-0.02201	0.01941	-0.01243	0.00394	0.00265	-0.01027	-0.00037	-0.01567	0.03090	0.02647	0.01105	0.03949	0.01157	0.01439	-0.01267	-0.02643	0.00165	0.01768	-0.01333	(Time $e0 (Hour <num>))
p201545	-0.00396	0.21791	-0.00169	-0.00785	0.06216	0.09055	0.00956	0.04380	0.04292	-0.08936	0.03101	-0.09119	0.00512	0.02774	-0.07912	0.06200	-0.06257	0.04871	-0.06609	0.04880	0.19156	-0.04297	-0.04965	-0.11450	0.01285	-0.05775	-0.08876	0.00249	-0.04733	-0.03531	0.02284	0.00183	(And (Agent $e0 $x0) (Member $x0 person) (Past $e0) (Patient $e0 $x1))
p201670	0.06875	-0.14512	-0.13997	0.04608	0.06828	0.07439	-0.03064	-0.00927	0.17037	0.17462	-0.16416	0.36395	-0.07048	-0.14869	0.12271	-0.02556	-0.05942	0.01819	0.15230	0.15751	0.01779	0.09098	0.22222	-0.09857	-0.02575	0.15432	-0.05880	0.13605	-0.12285	-0.12020	-0.14668	-0.02517	(And (Agent $e0 $x0) (Member $x0 company) (Past $e0))
p201671	-0.54233	-0.33962	-0.15421	0.27959	0.14269	0.00086	-0.07430	0.04016	0.49737	-0.07519	0.41450	-0.08496	0.31265	-0.07935	0.46550	0.07428	-0.08295	-0.09840	-0.10171	-0.23022	-0.14669	-0.04736	0.01482	0.05648	-0.08085	0.13024	-0.04261	-0.17511	-0.08152	0.77031	0.17763	-0.07367	(And (Agent $e0 $x0) (Member $x1 person) (Possession $x0 $x1))
p201673	-0.05599	-0.04239	0.28516	-0.07432	-0.06002	0.11246	0.08028	-0.02160	0.27525	-0.14603	-0.17654	-0.03188	0.08918	0.24916	-0.01208	-0.01631	0.15859	-0.01964	0.19424	-0.10279	-0.00382	-0.18163	-0.09161	-0.01880	0.13187	0.09831	0.08609	-0.01470	-0.02965	-0.10766	-0.05783	-0.07575	(And (Agent $e0 $x0) (Patient $e1 $x1) (Theme $e0 $e1))
p201674	0.12218	-0.02933	0.06554	0.04759	0.09909	-0.04558	-0.04432	-0.00056	-0.04488	0.10335	-0.10774	-0.05445	-0.03239	0.11155	-0.02998	-0.01566	-0.05479	-0.05403	-0.08119	-0.00255	0.01926	0.04440	-0.06743	0.07964	0.01033	0.04854	-0.05645	-0.05680	-0.00633	0.04344	0.11084	-0.00187	(And (Cardinality $x0 <num>) (Past $e0) (Patient $e0 $x0))
p201676	0.04723	-0.00126	0.03557	0.05853	0.08170	-0.12234	0.02923	0.00807	-0.00463	0.02080	0.17307	0.11313	-0.03222	0.26239	-0.04272	-0.00489	-0.00185	0.06348	0.04920	0.06114	-0.06178	-0.10821	0.10666	-0.04080	-0.00189	-0.09330	0.22210	-0.10369	-0.05060	-0.11018	-0.12073	-0.01954	(And (Experiencer $e0 $x0) (Member $e1 become) (Result $e1 $e0))
p201677	0.08057	-0.01489	-0.01502	0.00748	-0.01328	-0.02249	-0.00923	0.05491	-0.00768	0.03747	-0.03509	-0.02201	0.13294	-0.00641	-0.03644	-0.02258	0.03953	0.00216	-0.03044	-0.00723	0.03711	-0.02733	0.07723	-0.05324	-0.01482	-0.00746	0.00014	-0.04134	-0.00908	-0.00604	-0.00560	-0.00573	(And (Member $x0 thing) (Past $e0) (Theme $e0 $x0))
p201679	0.07293	0.10507	0.16707	-0.01996	-0.01837	-0.15149	-0.02207	0.01211	-0.14823	0.13431	-0.06345	-0.03462	-0.06758	0.04653	0.46710	-0.06345	0.13479	-0.03854	-0.08988	-0.03151	0.04759	-0.10690	-0.03666	-0.08088	0.00798	-0.04217	0.03582	0.05967	0.17263	-0.05874	-0.08693	-0.00153	(And (Past $e0) (Possession $x0 $x1) (Theme $e0 $x0))
p201767	0.13134	-0.09362	0.32277	-0.00763	0.14625	-0.08313	0.03786	-0.00549	0.17453	-0.12061	-0.36132	-0.08520	0.05180	0.41674	-0.08872	-0.02932	0.09107	-0.08411	0.16620	-0.08667	0.07595	-0.05805	-0.13364	0.09222	0.10505	0.16248	-0.13781	-0.10127	-0.11245	0.02066	0.08744	-0.08703	(And (Agent $e0 $x0) (Location $e0 $x1) (Patient $e0 $x2))
p201768	0.00527	-0.07979	0.01067	-0.08089	0.03862	0.03613	-0.02704	-0.02048	-0.01757	-0.03009	0.01549	-0.16695	0.01963	-0.01021	0.05070	-0.06735	0.02757	-0.04037	0.01149	-0.00464	0.12570	0.01813	0.10132	-0.08928	0.04504	-0.04265	0.06218	-0.06225	0.09781	-0.03383	0.07582	0.02753	(And (Agent $e0 $x0) (Member $e0 make) (Patient $e0 $x1))
p201769	0.01616	0.00303	0.00045	0.02904	-0.01964	0.00050	-0.01491	0.00407	-0.03073	-0.03083	0.03198	-0.00991	-0.01285	-0.04196	0.00157	-0.00509	-0.01556	-0.01022	0.00164	0.01118	-0.00638	-0.01798	-0.03357	0.00319	0.02511	0.05590	-0.00203	0.02404	0.02388	0.00495	0.01097	-0.01046	(And (Manner $e0 quickly) (Past $e0) (Patient $e0 $x0))
p201770	0.05798	0.01254	0.03934	0.10962	0.02856	-0.13613	0.01007	0.01858	-0.00123	0.00621	0.13563	0.15547	-0.04017	0.27917	-0.04922	0.00570	-0.00791	0.07827	0.06099	0.03709	-0.06987	-0.11704	0.09043	-0.01177	-0.00365	-0.09528	0.22805	-0.08854	-0.04972	-0.10602	-0.12731	-0.02026	(And (Member $e0 become) (Past $e0) (Patient $e0 $x0))
p201771	0.04723	-0.00126	0.03557	0.05853	0.08170	-0.12235	0.02923	0.00807	-0.00463	0.02080	0.17307	0.11313	-0.03222	0.26239	-0.04272	-0.00489	-0.00185	0.06348	0.04920	0.06114	-0.06178	-0.10821	0.10666	-0.04080	-0.00189	-0.09330	0.22210	-0.10369	-0.05060	-0.11018	-0.12073	-0.01954	(And (Member $e0 become) (Patient $e0 $x0) (Result $e0 $e1))
p201772	0.22858	-0.07592	0.12503	0.08457	0.20705	-0.05233	-0.07335	0.04048	-0.19232	0.22873	-0.26076	-0.10011	-0.05154	0.35777	-0.09384	-0.00216	-0.12644	-0.06348	-0.13971	-0.08694	0.07127	0.09251	-0.04055	0.11837	-0.00563	0.16342	-0.11016	-0.17692	-0.11637	0.14980	0.23108	0.00911	(And (Member $e0 kill) (Past $e0) (Patient $e0 $x0))
p201773	-0.08706	-0.04663	-0.08472	0.13280	-0.07943	0.03964	-0.00972	0.00835	-0.04092	0.03401	-0.01224	0.07990	-0.01804	-0.02429	-0.02429	0.12128	0.03303	-0.03032	-0.01834	-0.00183	-0.03233	-0.06457	-0.09338	0.04256	0.06091	0.02259	-0.00528	0.06427	0.08596	0.03841	0.02793	-0.02746	(And (Member $e0 produce) (Past $e0) (Patient $e0 $x0))
p201774	-0.02491	0.11317	-0.02310	0.06733	-0.02333	0.06778	-0.00770	0.02487	0.02783	-0.05935	0.00986	-0.00539	-0.00252	0.00861	-0.06295	0.05758	-0.02637	0.02438	-0.03869	0.00988	0.07588	-0.04532	-0.07125	-0.03974	0.03594	-0.03279	-0.03835	0.03192	-0.03202	0.00518	0.03077	-0.00542	(And (Member $e0 write) (Past $e0) (Patient $e0 $x0))
p201812	0.01854	0.03214	-0.01760	-0.00328	0.01965	0.00659	-0.02333	-0.00170	-0.00798	-0.02001	-0.01627	-0.03474	0.00765	-0.02824	-0.02726	0.01454	-0.01133	-0.05008	-0.01667	0.00513	0.04066	0.01121	0.02800	0.01783	-0.00687	-0.00117	0.04885	0.03164	-0.02880	-0.01690	0.02291	-0.01975	(And (Agent $e0 $x0) (Can $e0))
p201813	0.10536	0.04079	-0.06093	-0.03460	-0.05560	-0.03176	-0.02902	-0.01460	0.31271	0.10292	0.05995	-0.00213	-0.03910	-0.07620	-0.03055	-0.02983	0.03043	0.00441	-0.14262	0.14302	-0.02242	-0.09963	-0.07597	0.11562	0.01276	-0.05529	0.01216	-0.07198	0.08604	-0.13048	0.08805	0.00740	(And (Cardinality $x0 <num>) (GroupOf $x0 child))
p201814	0.12218	-0.02933	0.06553	0.04759	0.09909	-0.04558	-0.04432	-0.00056	-0.04488	0.10335	-0.10774	-0.05445	-0.03240	0.11155	-0.02998	-0.01566	-0.05479	-0.05403	-0.08119	-0.00255	0.01926	0.04440	-0.06743	0.07964	0.01033	0.04854	-0.05645	-0.05680	-0.00633	0.04344	0.11084	-0.00187	(And (Cardinality $x0 <num>) (Patient $e0 $x0))
p201815	0.04835	0.03768	0.00549	0.03928	-0.06514	-0.08563	0.08677	0.05468	-0.01349	0.02237	-0.01380	0.12797	-0.04133	0.10142	-0.01569	0.02292	-0.04326	0.09208	-0.00353	0.01480	-0.07104	-0.05200	0.09745	0.11082	0.00062	-0.01883	0.08656	-0.09485	-0.10573	-0.08241	-0.02454	-0.01854	(And (Experiencer $e0 $x0) (GroupOf $x0 person))
p201816	-0.05470	-0.02241	0.15950	-0.02402	-0.03827	-0.10439	-0.03967	-0.01101	-0.05333	-0.10200	0.14703	0.33327	-0.04000	-0.11149	-0.04930	-0.05487	0.09181	-0.03274	-0.03564	-0.02303	0.12533	0.14646	-0.02926	-0.03100	0.01108	-0.07023	0.01150	0.00150	0.01504	-0.08855	0.18470	-0.00651	(And (For $e0 $e1) (Past $e0))
p201817	0.01263	-0.00605	0.02373	0.02100	0.01397	0.01444	-0.00519	-0.02116	0.01228	-0.02551	-0.00735	-0.02977	-0.00100	-0.02024	-0.01391	-0.01415	0.01071	0.00028	0.02616	-0.01206	0.00812	0.02024	0.00552	0.00663	-0.02699	-0.01206	-0.01443	-0.01416	-0.00358	-0.02493	-0.01528	0.02015	(And (For $e0 $x0) (Past $e0))
p201818	0.04596	0.02628	0.02027	-0.01163	-0.01246	0.00594	-0.02852	0.00304	-0.03708	-0.03402	0.06740	-0.01882	-0.01686	-0.06460	0.00143	-0.00081	-0.01320	-0.02659	-0.01769	0.00390	-0.03412	-0.04157	-0.01063	-0.00291	0.03922	0.14626	0.00038	0.01784	0.00700	-0.02682	0.02184	-0.00542	(And (Goal $e0 $x0) (Patient $e0 $x1))
p201820	0.03839	0.00392	0.01656	-0.02473	-0.02483	-0.00935	-0.00904	0.00240	-0.00862	-0.04160	0.05865	-0.00371	-0.01386	-0.04479	0.00285	-0.03310	-0.01820	0.05585	0.01429	-0.01055	-0.04146	-0.01698	-0.01820	0.02758	0.01097	0.11399	-0.00146	-0.02882	0.05797	-0.04674	-0.01857	-0.00381	(And (Member $e0 come) (Past $e0))
p201821	-0.00129	0.00603	-0.01000	0.01290	0.00474	-0.02310	0.00212	-0.01040	0.00300	-0.00067	0.02514	-0.00300	-0.00916	-0.02841	0.02183	-0.01285	0.00086	-0.01376	-0.01062	0.02033	-0.01672	-0.01175	-0.02556	0.02425	0.03393	-0.01290	-0.01157	0.01655	0.01169	-0.01998	-0.00415	0.00808	(And (Member $e0 fall) (Patient $e0 $x0))
p201822	-0.02488	0.01974	0.03766	0.00564	-0.03906	-0.02666	0.01654	0.09582	-0.00653	-0.00281	0.02363	0.04324	0.11157	-0.04190	-0.02177	-0.02227	-0.04824	0.02020	-0.00578	0.11505	0.02451	-0.02115	-0.00666	-0.01837	-0.01177	-0.00344	-0.03006	-0.04631	0.05122	0.00029	-0.06901	0.01038	(And (Member $e0 find) (Theme $e0 $x0))
p201823	0.04226	-0.01589	0.04987	-0.01197	0.02730	-0.01794	-0.00027	-0.02442	0.00098	-0.01406	-0.00278	-0.07187	0.01677	-0.03682	-0.02608	0.02569	-0.00660	-0.02275	0.02906	-0.00885	0.01843	0.06402	0.06079	-0.03278	-0.02038	-0.03102	-0.02606	0.00841	0.01773	-0.00444	-0.02059	-0.00010	(And (Member $e0 hear) (Stimulus $e0 $x0))
p201824	0.22858	-0.07592	0.12503	0.08457	0.20705	-0.05233	-0.07335	0.04048	-0.19232	0.22873	-0.26076	-0.10011	-0.05154	0.35777	-0.09384	-0.00216	-0.12644	-0.06348	-0.13971	-0.08694	0.07127	0.09251	-0.04055	0.11837	-0.00563	0.16342	-0.11016	-0.17692	-0.11637	0.14980	0.23108	0.00911	(And (Member $e0 kill) (Past $e0))
p201825	-0.02192	-0.04765	0.04301	-0.03826	0.07647	0.00480	-0.02542	-0.01446	-0.00677	-0.00069	0.03079	-0.12384	0.00853	0.00206	0.01128	-0.05026	0.01203	-0.05748	0.01379	-0.00519	0.08576	0.03788	0.08023	-0.04118	-0.00085	-0.02485	-0.01633	-0.05006	0.06471	-0.04596	0.00421	0.11257	(And (Member $e0 make) (Ongoing $e0))
p201826	0.01511	-0.04608	0.01789	0.00094	0.11417	0.02175	0.00060	-0.00676	-0.00431	-0.04058	0.05205	-0.10594	-0.00645	0.02710	-0.00893	-0.05133	0.01847	-0.05323	0.04639	0.01929	0.08473	-0.00644	0.06170	-0.04478	-0.02729	-0.04935	-0.00438	-0.06031	0.06822	-0.03906	-0.02200	0.04617	(And (Member $e0 make) (Result $e0 $e1))
p201827	-0.02144	0.00515	-0.01718	-0.00984	-0.01601	-0.00549	-0.01193	-0.01047	-0.00624	0.00135	0.02601	-0.01801	-0.00341	-0.02581	0.01126	-0.00526	0.00712	-0.01124	-0.01468	0.00729	-0.02005	0.00787	0.00257	0.00498	0.04789	-0.00069	0.00857	0.01795	-0.01743	-0.00307	0.00851	-0.00949	(And (Member $e0 open) (Patient $e0 $x0))
p201828	-0.08706	-0.04663	-0.08472	0.13280	-0.07943	0.03964	-0.00972	0.00835	-0.04092	0.03401	-0.01224	0.07990	-0.01804	-0.02429	-0.02429	0.12128	0.03303	-0.03032	-0.01834	-0.00183	-0.03233	-0.06457	-0.09338	0.04256	0.06091	0.02259	-0.00528	0.06427	0.08596	0.03841	0.02793	-0.02746	(And (Member $e0 produce) (Past $e0))
p201829	0.15668	-0.00473	0.05868	0.02636	-0.05088	0.01772	0.01272	0.02074	0.08513	-0.09182	-0.06526	-0.00399	-0.01863	-0.04746	-0.02398	0.02566	0.05644	0.02551	0.05969	-0.02121	0.02420	-0.08131	-0.01594	-0.08540	0.01165	-0.06014	0.06220	-0.00140	-0.04359	0.07039	-0.00658	-0.02855	(And (Member $e0 take) (Past $e0))
p201830	0.08343	0.03469	0.03109	0.01761	-0.03932	-0.03780	-0.01933	-0.00946	-0.06219	-0.02591	0.08779	-0.02211	-0.03160	-0.06391	-0.00809	-0.03410	-0.01107	0.01290	-0.00245	0.01647	0.01285	-0.04524	-0.00292	-0.04433	-0.02270	0.09077	-0.01309	0.07383	0.05758	0.04660	-0.02950	0.04536	(And (Member $e0 walk) (Past $e0))
p201831	-0.02491	0.11316	-0.02310	0.06733	-0.02333	0.06778	-0.00770	0.02487	0.02782	-0.05936	0.00986	-0.00540	-0.00252	0.00860	-0.06295	0.05758	-0.02637	0.02438	-0.03869	0.00988	0.07588	-0.04532	-0.07125	-0.03974	0.03594	-0.03280	-0.03835	0.03192	-0.03202	0.00517	0.03076	-0.00543	(And (Member $e0 write) (Past $e0))
p201832	0.04928	0.15004	-0.05654	-0.03729	0.16400	0.29640	0.02852	-0.04516	-0.10625	-0.06724	-0.07311	0.13242	0.00463	-0.04876	-0.06811	-0.09502	0.16371	-0.08514	-0.00163	-0.11340	0.00691	-0.03829	0.05094	0.18009	0.00853	-0.02931	-0.14453	-0.08873	0.21090	0.21140	-0.11581	0.09468	(And (Ongoing $e0) (Result $e0 $e1))
p201833	-0.02474	-0.02982	-0.00670	0.00583	0.03405	0.00445	0.00215	0.05096	-0.01284	-0.01814	-0.00574	-0.01776	-0.01784	0.00738	-0.03323	0.02904	-0.02343	-0.02194	0.02895	-0.01425	0.02268	0.02019	0.02866	0.00514	-0.01251	0.00704	-0.01697	-0.00154	0.04358	-0.00066	-0.00968	0.00728	(And (PartOf $x0 $x1) (Theme $e0 $x0))
p201834	-0.01824	-0.04834	-0.00308	0.01532	-0.00405	-0.02921	-0.00116	-0.01618	-0.00423	-0.00189	-0.01169	0.01042	0.00340	-0.02481	-0.01865	0.04425	-0.00025	0.03724	0.03871	-0.01043	-0.01225	-0.00709	0.01437	0.02341	-0.00754	0.00237	-0.00606	-0.02323	0.03677	-0.02503	-0.01349	0.03040	(And (Past $e0) (Through $e0 $x0))
p201867	0.01972	-0.00478	0.03386	0.01083	0.00460	-0.02924	-0.00583	-0.00377	-0.00577	-0.00845	-0.01256	-0.03703	0.03518	-0.01970	0.09197	-0.02811	0.01468	-0.02947	0.00519	-0.02011	0.01262	0.02844	0.01491	0.00886	-0.01285	-0.00618	-0.00588	-0.03311	0.01375	-0.00737	-0.02122	-0.00236	(As $e0 $x0)
p201868	-0.00412	0.00057	0.00594	-0.00482	-0.00203	0.01898	0.02534	0.00596	-0.01703	-0.02617	0.02744	-0.02295	-0.00583	-0.04784	0.00115	-0.01372	0.00327	-0.01625	0.00343	0.03369	0.00983	0.02726	0.01593	0.00068	-0.01519	0.02002	-0.02622	-0.01495	0.00526	0.00141	-0.00227	-0.01187	(But $e0 $e1)
p201869	-0.00339	-0.00966	0.00641	-0.00701	0.01889	0.01034	-0.00171	-0.01045	-0.01127	0.03509	-0.01334	-0.00049	0.01348	0.00288	-0.01387	0.00901	0.01200	0.00673	-0.01754	-0.00383	-0.01564	-0.01162	-0.00828	-0.01355	-0.00438	-0.01099	0.01225	0.03046	-0.01419	-0.00327	0.00215	-0.00640	(From $x0 $x1)
p201870	0.06791	0.14757	0.07972	-0.00319	-0.06029	-0.06343	-0.00800	-0.00218	-0.03591	-0.04220	-0.04392	0.00273	-0.04307	-0.02588	0.07467	0.02685	-0.01983	0.01610	-0.00304	-0.01461	0.00051	0.02043	0.10800	0.09720	0.00031	-0.02363	0.01144	-0.01713	-0.04231	-0.09328	-0.04797	0.00123	(Measure $e0 duration <num> year)
p201871	-0.01593	0.03661	-0.02185	-0.01584	-0.01163	0.05262	0.00852	0.05166	0.00396	0.01351	0.00421	-0.01603	0.01941	0.01476	-0.02789	0.00373	-0.02644	-0.00668	-0.01978	-0.00446	0.02580	0.02725	0.00531	-0.01605	0.00830	0.00691	0.03276	-0.01561	-0.02205	0.00841	-0.02070	-0.01030	(Member $e0 help)
p201872	-0.18292	-0.17442	-0.27589	0.02935	0.07426	-0.06992	-0.00442	-0.02594	0.21740	0.04879	0.13322	0.03453	0.13681	0.00567	0.06983	0.11234	0.09201	-0.07673	0.00147	-0.05911	-0.04752	0.17438	-0.12951	0.01333	-0.02006	0.14569	0.10333	-0.21420	-0.07178	0.24512	-0.07617	-0.00905	(Member $e0 sing)
p201873	0.00971	-0.02096	0.00779	-0.01221	0.11201	-0.02075	0.04374	-0.01603	-0.02878	-0.02809	0.07299	-0.04421	-0.00693	-0.07315	-0.00036	-0.00680	-0.00055	-0.03846	0.01758	0.05588	-0.01933	-0.01277	-0.01564	0.00654	0.02483	0.01927	-0.04866	-0.00523	0.01554	-0.04698	-0.00615	-0.00516	(Member $e0 turn)
p201874	0.01966	-0.00149	0.01996	0.01379	0.01487	0.03270	0.00173	-0.02126	0.01922	-0.02711	-0.01092	-0.03442	-0.00398	-0.01800	-0.01403	-0.00710	0.01602	-0.01869	0.01397	-0.01226	0.00786	0.03226	0.00825	-0.00196	-0.02325	-0.01378	-0.01288	-0.01197	-0.00567	-0.01654	-0.00208	-0.00389	(Member $e0 want)
p201875	-0.05358	-0.03193	0.14525	-0.02190	-0.02801	-0.10988	-0.04452	-0.00989	-0.04334	-0.07819	0.13637	0.33869	-0.04170	-0.10836	-0.05929	-0.04288	0.10682	-0.02909	-0.03539	-0.03188	0.12042	0.10661	-0.03177	-0.02919	0.01502	-0.06463	0.01887	0.00532	-0.01036	-0.09346	0.20576	0.00858	(Member $e0 win)
p201876	0.02330	0.03256	-0.00787	0.03074	0.10801	0.02668	-0.00857	-0.02761	-0.02812	-0.01136	0.08848	0.05293	-0.01833	0.17203	-0.04062	-0.05611	0.06195	-0.00286	0.06601	-0.01705	-0.02314	-0.06273	0.05005	-0.03392	-0.00623	-0.05459	0.10890	-0.06520	0.03110	0.03264	-0.07818	0.00386	(Member $x0 bad)
p201877	-0.01116	0.00823	-0.00489	-0.00519	-0.00118	0.00171	-0.00587	-0.00231	-0.00599	0.01148	0.00435	-0.01148	-0.00198	-0.00319	-0.00407	-0.00104	0.00882	-0.00568	0.02269	0.00404	-0.00165	-0.00256	0.00905	-0.00559	0.00291	0.00128	-0.00314	-0.00545	-0.01554	0.02002	0.00728	-0.00664	(Member $x0 food)
p201878	-0.01228	-0.01316	-0.00165	-0.00594	-0.00517	0.00574	-0.00305	0.00771	0.00050	-0.00406	-0.00177	0.00189	-0.00572	0.01183	0.00032	0.01234	-0.00388	-0.00340	0.00386	0.00406	0.00914	-0.00316	0.00371	-0.00597	0.00326	-0.00031	0.00316	-0.00564	0.01535	0.01037	-0.00017	-0.00749	(Member $x0 park)
p201879	0.00020	0.01322	0.01666	-0.01701	-0.00489	-0.02381	-0.00639	-0.01609	-0.02114	0.00730	0.02553	-0.00821	-0.00561	-0.04746	-0.01411	0.02494	-0.00993	0.01524	0.05509	0.00630	-0.03456	-0.01877	0.00938	-0.00258	0.00063	0.06593	0.00123	-0.01267	0.04519	-0.00415	0.02676	0.00401	(Member $x0 town)
p201880	-0.01673	-0.01752	0.01011	0.00083	-0.00064	-0.01044	-0.01277	-0.01462	-0.01475	0.00504	-0.00698	-0.00561	-0.00226	-0.00521	-0.00523	0.01925	0.00776	-0.00195	0.00588	0.01762	-0.00408	-0.00279	0.01274	-0.00351	0.00210	-0.00239	0.00416	0.00855	0.00921	0.01281	0.00006	0.00577	(Member $x0 water)
p201881	-0.01824	-0.04834	-0.00308	0.01532	-0.00405	-0.02921	-0.00117	-0.01619	-0.00423	-0.00189	-0.01169	0.01042	0.00340	-0.02482	-0.01865	0.04425	-0.00025	0.03724	0.03871	-0.01043	-0.01225	-0.00710	0.01437	0.02341	-0.00754	0.00237	-0.00607	-0.02323	0.03677	-0.02503	-0.01350	0.03040	(Through $e0 $x0)
p201882	-0.00333	-0.03246	-0.03768	-0.01604	-0.00359	-0.01910	0.12452	0.03372	-0.00959	-0.01277	-0.05810	0.03031	-0.01139	-0.07770	0.05175	0.02286	-0.01061	0.01180	-0.00810	0.01537	-0.03453	0.00188	-0.03454	0.02131	0.01775	0.05429	-0.01849	-0.03963	-0.06532	-0.01731	0.06987	-0.01182	(Time $e0 today)
p201891	-0.34312	-0.18850	-0.03962	0.15198	0.12397	-0.02138	-0.04751	0.01731	0.33453	-0.05580	0.27432	-0.05127	0.21420	-0.04792	0.23695	0.05671	-0.06751	-0.02878	-0.06577	-0.13724	-0.10933	-0.00163	0.03740	0.03949	-0.04887	0.05769	-0.07723	-0.10756	-0.06015	0.38330	0.10933	-0.03163	(And (Agent $e0 $x0) (Member $x1 person) (Past $e0) (Possession $x0 $x1))
p201892	-0.05525	-0.03035	0.25694	-0.06834	-0.05048	0.08159	0.08786	-0.01937	0.28234	-0.16747	-0.16238	-0.01796	0.09386	0.24528	-0.04022	-0.00995	0.15489	-0.00659	0.19956	-0.10144	-0.01465	-0.16415	-0.10135	-0.01037	0.12602	0.10198	0.03915	-0.00003	-0.03598	-0.09448	-0.06560	-0.09048	(And (Agent $e0 $x0) (Past $e0) (Patient $e1 $x1) (Theme $e0 $e1))
p201893	-0.00479	-0.05438	0.21447	-0.14578	-0.01976	-0.13543	0.11108	-0.01760	0.28580	-0.18793	-0.10847	-0.05812	0.07781	0.16148	-0.04721	0.06635	0.12709	-0.05836	0.23949	-0.12948	-0.01680	0.00869	0.03565	0.00086	0.18350	0.06600	-0.07083	0.02393	-0.08507	-0.04981	-0.10578	-0.05593	(And (Ongoing $e0) (Past $e1) (Patient $e0 $x0) (Theme $e1 $e0))
p202010	0.06042	-0.14266	-0.10442	0.05401	0.04127	0.10815	-0.03046	-0.00449	0.16140	0.17823	-0.16085	0.36020	-0.06679	-0.13532	0.16089	-0.04504	-0.07749	0.00394	0.15580	0.15394	0.04102	0.08413	0.21111	-0.10892	-0.02336	0.15215	-0.01707	0.10278	-0.10381	-0.12370	-0.15174	-0.00418	(And (Agent $e0 $x0) (Member $x0 company) (Patient $e0 $x1))
p202011	-0.34312	-0.18850	-0.03962	0.15198	0.12397	-0.02138	-0.04751	0.01731	0.33453	-0.05580	0.27432	-0.05127	0.21420	-0.04792	0.23695	0.05671	-0.06751	-0.02878	-0.06577	-0.13724	-0.10933	-0.00163	0.03740	0.03949	-0.04887	0.05769	-0.07723	-0.10756	-0.06015	0.38330	0.10933	-0.03163	(And (Agent $e0 $x0) (Past $e0) (Possession $x0 $x1))
p202013	0.06928	0.02312	-0.05519	-0.04178	-0.01236	-0.03391	-0.04382	-0.04988	0.18530	0.14179	0.04132	-0.04366	-0.02583	-0.06216	-0.02411	-0.02282	0.07876	-0.01433	-0.06494	0.07395	-0.02047	-0.07548	-0.02734	0.06458	0.01060	-0.05063	0.01054	-0.04105	0.07454	-0.08388	0.10047	-0.01067	(And (Cardinality $x0 <num>) (Past $e0) (Theme $e0 $x0))
p202014	0.12934	0.01349	0.07518	0.09295	0.04270	-0.09661	-0.02497	0.04318	-0.10194	0.12316	-0.12211	0.05358	-0.05140	0.22058	-0.06439	0.02564	-0.09033	0.00966	-0.06657	-0.02957	-0.03360	0.00876	0.04097	0.16551	0.01772	0.05552	0.00051	-0.10988	-0.12136	0.00797	0.06549	-0.00458	(And (GroupOf $x0 person) (Past $e0) (Patient $e0 $x0))
p202015	0.00204	0.01333	-0.00097	0.01174	0.04531	0.00632	0.02298	0.00204	-0.00726	-0.03944	0.05168	-0.04489	-0.00443	-0.02746	-0.00259	-0.01055	-0.01775	0.00032	0.00328	0.04591	0.04156	-0.03317	-0.02931	-0.02166	0.01380	-0.00963	-0.04098	-0.00552	0.02561	-0.03160	0.00447	-0.00287	(And (Member $x0 door) (Past $e0) (Patient $e0 $x0))
p202016	0.06456	0.05854	-0.04303	0.09024	-0.04276	-0.02986	-0.03634	-0.02104	-0.05471	0.04308	-0.04217	0.08591	0.19148	-0.05241	-0.03726	-0.01948	0.02442	-0.00777	-0.04765	-0.01189	-0.04573	-0.03067	-0.02036	-0.02794	0.04786	0.00004	0.04871	0.08011	-0.01874	-0.01160	0.00000	-0.01583	(And (Member $x0 thing) (Past $e0) (Patient $e0 $x0))
p202114	0.07067	-0.07934	-0.13245	0.05364	0.07343	0.09772	-0.02973	0.00562	0.17074	0.14666	-0.15070	0.35481	-0.05912	-0.13928	0.11685	-0.02950	-0.09456	0.01404	0.14201	0.16786	0.06606	0.10389	0.19326	-0.13537	-0.02342	0.14711	-0.05566	0.13719	-0.12896	-0.12151	-0.15679	-0.02112	(And (Agent $e0 $x0) (Member $e0 build) (Past $e0) (Patient $e0 $x1))
p202136	-0.01411	0.00602	0.19652	0.00113	-0.06127	-0.01164	0.09222	0.02280	0.25962	-0.23314	-0.21395	0.05866	0.08409	0.18331	-0.06244	0.05319	0.15236	-0.07711	0.20128	0.01660	0.05241	-0.19729	-0.11606	0.05614	0.09460	0.09136	0.00016	0.01341	-0.13113	-0.05008	-0.07295	-0.08458	(And (Agent $e0 $x0) (Location $e0 $x1) (Theme $e1 $e0))
p202137	0.07067	-0.07934	-0.13245	0.05364	0.07343	0.09772	-0.02973	0.00562	0.17074	0.14666	-0.15070	0.35481	-0.05912	-0.13928	0.11685	-0.02950	-0.09456	0.01404	0.14201	0.16786	0.06606	0.10389	0.19326	-0.13537	-0.02342	0.14711	-0.05566	0.13719	-0.12896	-0.12151	-0.15679	-0.02112	(And (Agent $e0 $x0) (Member $e0 build) (Past $e0))
p202139	-0.16712	0.18950	-0.21397	0.04323	-0.19111	-0.05157	0.01504	-0.02047	0.07835	-0.03205	-0.04283	-0.06316	-0.01868	0.29395	-0.06078	-0.11272	0.05772	0.16042	-0.15611	-0.00978	-0.05424	0.07841	0.13730	-0.25650	-0.04020	0.10576	0.21235	0.24707	0.21194	0.15714	0.14861	0.03163	(And (Experiencer $e0 $x0) (Location $e0 $x1) (Ongoing $e0))
p202140	-0.16742	0.18133	-0.19035	0.03027	-0.18078	-0.04633	0.02366	-0.03073	0.05219	-0.05243	-0.05584	-0.10415	-0.01984	0.29047	-0.03396	-0.12811	0.06890	0.14873	-0.13455	-0.02370	-0.05299	0.12318	0.15180	-0.25958	-0.03841	0.09392	0.20604	0.23917	0.21940	0.17104	0.14825	-0.00940	(And (Experiencer $e0 $x0) (Location $e0 $x1) (Past $e0))
p202141	-0.04600	-0.00895	0.00131	-0.03412	-0.03480	-0.01335	-0.00410	0.05519	-0.02302	0.00933	0.02357	-0.02995	-0.00747	-0.00903	0.00217	-0.02508	0.02922	-0.01821	-0.01958	0.08870	0.03375	0.01607	0.04934	-0.01810	0.00533	-0.00499	-0.02122	-0.01316	0.01816	0.05792	-0.03256	-0.02734	(And (Location $e0 $x0) (Past $e0) (Theme $e0 $x1))
p202142	0.05794	-0.00875	0.03682	0.09051	0.06225	-0.11434	0.01740	0.01919	0.00176	0.00991	0.13400	0.11776	-0.03301	0.26685	-0.04967	-0.00328	0.00177	0.06165	0.06270	0.03958	-0.04542	-0.10530	0.08984	-0.03917	-0.02320	-0.08866	0.20264	-0.09689	-0.03327	-0.09384	-0.12149	-0.01632	(And (Member $e0 become) (Past $e0) (Result $e0 $e1))
p202143	0.02512	-0.01381	0.04023	-0.00569	0.02753	-0.00453	-0.01196	-0.02664	-0.00776	-0.01898	-0.01581	-0.06031	0.02102	-0.02635	-0.02089	0.01746	0.00426	-0.02310	0.02544	-0.00197	0.01151	0.04267	0.05044	-0.01848	-0.01830	-0.01770	-0.01852	0.00069	0.02157	-0.01885	-0.00926	-0.00747	(And (Member $e0 hear) (Past $e0) (Stimulus $e0 $x0))
p202144	-0.00181	0.04193	-0.01009	0.02856	-0.01579	-0.00834	-0.00668	-0.00467	-0.00302	-0.00402	0.01258	-0.01194	-0.01015	-0.01429	0.02544	-0.00980	-0.00747	-0.00267	-0.02638	0.01171	0.01732	-0.01544	-0.04115	0.00939	0.02201	-0.02104	-0.02315	0.03748	0.02412	-0.01629	0.00218	-0.00364	(And (Past $e0) (Patient $e0 $x0) (Source $e0 $x1))
p202190	0.08297	0.13564	0.04948	-0.00807	-0.11873	-0.07332	-0.00910	0.01093	-0.09732	-0.03194	-0.05704	0.03027	-0.08654	0.01035	0.04562	0.06134	-0.02487	0.02012	0.00358	-0.00016	0.02522	-0.03180	0.30017	0.20921	0.00311	-0.04449	0.11259	-0.05309	-0.08430	-0.12423	-0.01579	-0.04475	(And (Agent $e0 $x0) (Before $e1 $e0))
p202191	0.03814	-0.00295	0.01159	-0.03167	-0.02287	-0.00710	-0.00893	0.00461	-0.00922	-0.04043	0.05478	0.00047	-0.01299	-0.04267	-0.00194	-0.02957	-0.01780	0.05430	0.01584	-0.01056	-0.03672	-0.01755	-0.01258	0.02958	0.00892	0.11627	0.00844	-0.03556	0.05282	-0.04181	-0.01408	-0.00492	(And (Agent $e0 $x0) (Member $e0 come))
p202192	-0.00796	-0.01742	0.02476	0.00832	0.03969	-0.02920	-0.00290	0.02038	-0.03486	0.00488	-0.03295	0.00199	-0.02067	-0.00614	0.03650	-0.01529	0.01026	-0.00681	0.01412	-0.02075	-0.02184	0.00148	-0.03102	0.00235	-0.00385	-0.00183	0.01752	0.04751	0.02469	-0.01384	-0.01444	0.01217	(And (Agent $e0 $x0) (Member $e0 follow))
p202193	-0.01902	-0.02633	-0.01558	0.00655	0.01793	0.00522	-0.00160	0.01955	-0.02439	-0.02602	-0.01741	-0.00377	-0.01295	-0.01361	-0.01408	0.01604	-0.02415	-0.03334	0.03068	-0.01546	0.00809	0.03435	-0.00240	0.02230	-0.00714	0.00909	0.03275	0.01585	0.02705	0.00740	-0.00509	-0.01534	(And (Agent $e0 $x0) (Member $e0 use))
p202194	-0.08239	-0.05196	0.17862	-0.07812	0.00286	0.26259	-0.02951	0.01219	-0.03576	0.12431	0.04325	-0.04826	0.00761	0.03085	-0.00948	-0.00679	-0.00888	0.09309	-0.06447	-0.03486	-0.04990	-0.13181	-0.05253	-0.13133	0.03710	0.08804	0.19121	-0.03990	0.13973	-0.06267	0.05515	0.03777	(And (Agent $e0 $x0) (Member $x0 man))
p202195	-0.04844	0.01803	-0.05612	-0.01569	0.00320	-0.04006	0.01943	-0.00895	-0.06902	0.07184	0.04674	-0.02166	-0.01044	-0.00942	0.02378	-0.02709	0.00261	0.00407	-0.05868	0.01315	0.04876	-0.00237	-0.00550	0.04496	-0.00558	-0.02131	-0.08039	0.08483	0.03457	-0.01473	-0.01913	-0.00785	(And (Agent $e0 $x0) (Source $e0 $x1))
p202196	0.01791	-0.01658	0.03591	0.00999	0.00107	-0.03325	-0.00309	-0.00300	-0.00480	-0.00633	-0.01013	-0.03180	0.03518	-0.01742	0.09266	-0.03684	0.01455	-0.01994	0.01073	-0.02267	0.00079	0.03135	0.01620	0.00997	-0.01079	-0.00804	-0.00955	-0.03433	0.02326	-0.00713	-0.02420	-0.00101	(And (As $e0 $x0) (Past $e0))
p202197	-0.01479	0.00142	-0.01012	-0.06235	0.01098	-0.01134	-0.00769	-0.00869	-0.00799	0.02947	0.03692	-0.02777	-0.00239	0.00160	0.00890	-0.00049	0.00929	-0.00794	-0.02933	0.01296	-0.02081	0.01066	0.05600	-0.00266	0.05403	0.00245	0.02772	-0.01192	-0.03573	-0.00896	0.01013	-0.00888	(And (Can $e0) (Patient $e0 $x0))
p202198	0.00405	0.02828	-0.01533	-0.00000	0.00226	-0.00446	0.00631	0.05784	0.02569	-0.02284	-0.00364	0.00087	-0.01638	0.01004	-0.01604	-0.00275	-0.03428	-0.01481	-0.00200	-0.00605	0.01354	0.03815	-0.00892	0.02482	-0.00027	0.00689	0.00300	-0.00628	0.00765	-0.00731	-0.02064	-0.00808	(And (Can $e0) (Theme $e0 $x0))
p202199	0.03267	0.01179	-0.01087	0.01022	-0.01138	-0.02697	-0.01561	-0.00888	0.06262	0.00966	0.00025	-0.01653	-0.01621	-0.01274	0.00012	-0.02499	0.00303	0.00046	-0.03294	0.01974	-0.00390	0.00939	-0.02761	0.02983	-0.00038	-0.02619	-0.00418	0.00908	0.06241	-0.03074	0.00310	0.00629	(And (Cardinality $x0 <num>) (SubsetOf $x0 $x1))
p202200	0.01163	-0.01284	-0.01450	0.00333	-0.00277	-0.02028	0.06082	0.00417	0.00362	0.00521	-0.03731	0.03122	0.03714	-0.04059	0.01848	0.00811	-0.00772	0.01514	-0.01817	0.00941	-0.01418	-0.01977	-0.02082	-0.00346	-0.00137	0.02873	-0.00658	-0.02532	-0.03223	-0.02139	0.05593	0.02380	(And (Experiencer $e0 $x0) (Probably $e0))
p202201	-0.05234	-0.03479	-0.01497	-0.01036	-0.01883	0.05591	0.08913	0.02465	-0.00369	0.06382	-0.03894	0.00135	0.00376	-0.03553	0.00901	0.03425	-0.03218	-0.00858	-0.04365	0.00398	-0.02582	0.00868	-0.03069	0.01059	0.01283	0.03176	0.04305	-0.03106	-0.05598	-0.01186	0.06747	0.01484	(And (Experiencer $e0 $x0) (Theme $e0 $e1))
p202202	-0.06232	-0.01961	0.14401	-0.02774	-0.04632	-0.11020	-0.03339	0.00936	-0.05405	-0.09903	0.14758	0.34483	-0.04134	-0.09887	-0.04568	-0.05415	0.07765	-0.02488	-0.03686	-0.02239	0.12243	0.14337	-0.03723	-0.02588	0.01805	-0.06249	0.01281	-0.00245	0.01948	-0.07667	0.17994	-0.00702	(And (For $e0 $e1) (Theme $e0 $x0))
p202203	0.05637	0.03167	0.05264	-0.00834	0.02035	0.03478	-0.02818	0.00309	-0.03565	-0.05430	0.06511	-0.05023	-0.01762	-0.05799	-0.01932	-0.01009	-0.02170	-0.03584	0.00555	-0.00851	-0.00873	-0.02166	0.01014	-0.01228	-0.01282	0.13864	-0.01135	0.01064	0.02112	-0.03617	0.00803	-0.00129	(And (Goal $e0 $x0) (Member $e0 go))
p202204	0.04581	0.00427	0.00385	-0.04509	0.01090	0.00682	-0.02297	0.03946	-0.04075	-0.01393	0.07618	-0.01542	-0.02169	-0.04140	-0.02453	-0.00808	0.01102	0.00485	-0.02292	-0.00967	-0.03740	-0.03791	0.00966	-0.01758	0.01674	0.16706	0.01393	-0.00098	-0.00415	-0.02184	0.00918	-0.00662	(And (Goal $e0 $x0) (Theme $e0 $x1))
p202205	0.00717	-0.00841	-0.00477	0.00776	-0.01433	-0.00995	0.03591	0.00087	-0.00269	-0.02930	-0.02798	-0.02371	-0.00724	-0.02337	0.03025	-0.01204	-0.00941	0.02101	0.01088	-0.01196	0.00206	0.02208	0.00179	0.00690	0.00153	0.00069	-0.00902	-0.01809	0.00751	-0.01851	0.02749	-0.00809	(And (In $e0 $x0) (Past $e0))
p202206	-0.02494	-0.01832	0.02941	-0.01761	0.00001	-0.00574	-0.01331	-0.01473	-0.01488	-0.00154	-0.00199	-0.02336	-0.00272	-0.03060	-0.00872	0.03813	0.00913	-0.01930	0.00530	0.07524	0.00070	-0.02093	0.02762	0.00192	0.00548	-0.00430	-0.00449	0.01348	0.00251	0.01093	0.00330	-0.01750	(And (Location $e0 $x0) (Member $e0 live))
p202207	0.00915	0.03241	0.01835	0.05916	-0.00069	0.02511	-0.00409	-0.01134	-0.01899	-0.00565	-0.04163	0.00239	-0.00796	-0.02871	-0.01137	0.03888	0.00122	-0.03435	-0.01516	0.00594	-0.01693	-0.01973	-0.04403	0.01954	0.01405	0.01497	-0.00605	0.02660	-0.04840	0.00346	0.03298	-0.00616	(And (Member $e0 bear) (Past $e0))
p202208	-0.00639	-0.02790	-0.02391	-0.01555	0.02551	0.00208	-0.00432	0.01288	-0.00431	0.04030	-0.02031	-0.01571	-0.00889	-0.00089	-0.02170	0.01541	0.04880	0.00434	-0.02251	-0.00347	-0.01594	-0.02039	0.01374	-0.01514	0.00242	0.00309	-0.00626	0.01738	-0.03567	0.00849	0.00748	-0.00812	(And (Member $e0 capture) (Past $e0))
p202209	-0.02152	-0.00830	-0.01244	-0.01710	-0.01583	0.01469	-0.00733	0.00684	0.00357	0.00542	0.00926	-0.00946	-0.00218	0.00021	0.00637	-0.00976	0.01351	0.00661	-0.01055	-0.01180	-0.00428	0.00475	0.00830	-0.00457	0.04134	0.00163	0.00509	-0.01564	0.00336	0.00875	0.00515	0.00742	(And (Member $e0 change) (Patient $e0 $x0))
p202210	0.00434	0.00585	-0.00437	0.03707	0.00828	-0.02117	0.00392	-0.01175	0.00305	-0.00467	0.01743	-0.00580	-0.00934	-0.02341	0.01760	-0.01521	-0.00272	-0.01515	-0.00514	0.02031	-0.00546	-0.01713	-0.03601	0.01964	0.00967	-0.01838	-0.01807	0.02244	0.02256	-0.02657	-0.00720	0.01111	(And (Member $e0 fall) (Past $e0))
p202211	-0.02679	0.00019	0.00585	-0.02176	-0.01979	0.00715	-0.00776	0.03226	-0.02061	-0.00659	0.05039	-0.04184	0.00033	-0.02951	-0.00872	-0.02529	0.01623	-0.02019	-0.00695	0.06868	0.02777	0.01935	0.04145	-0.01228	-0.00726	0.00858	-0.03002	-0.01351	0.02518	0.03018	-0.03621	-0.01821	(And (Member $e0 find) (Past $e0))
p202212	-0.01086	0.01129	0.04378	-0.00247	-0.00952	0.11902	-0.00992	0.01135	-0.02187	0.03125	0.01845	-0.01034	-0.00570	0.00557	-0.00672	-0.02056	0.01311	0.00291	-0.02317	-0.01989	-0.00576	-0.05422	-0.00930	-0.01718	-0.00353	0.05168	0.03123	-0.02981	0.06211	0.00704	-0.01227	0.01086	(And (Member $e0 get) (Past $e0))
p202213	0.01699	-0.01992	0.04298	-0.01071	-0.03927	-0.03569	-0.01003	0.02880	-0.05572	0.04518	-0.01251	-0.02705	-0.03832	0.00613	0.16247	-0.05875	0.06388	-0.01386	-0.03254	0.00805	0.03924	-0.05416	0.03656	-0.01912	0.00292	-0.03004	0.00861	0.00058	0.07981	0.00551	-0.01038	-0.01229	(And (Member $e0 receive) (Past $e0))
p202214	0.00482	-0.01884	0.00129	-0.01394	0.09570	-0.02419	0.04299	-0.00997	-0.02832	-0.02037	0.06805	-0.03100	-0.00701	-0.06788	0.00413	-0.00203	-0.00276	-0.03053	0.00952	0.05537	-0.02386	-0.02327	-0.02012	0.00761	0.03138	0.02539	-0.04154	-0.00159	0.01147	-0.04045	-0.00053	-0.00537	(And (Member $e0 turn) (Patient $e0 $x0))
p202215	-0.03225	0.03910	0.05314	0.00641	-0.00349	0.05208	0.03736	-0.00618	0.03081	0.02325	-0.01795	-0.00853	0.01865	-0.00615	-0.02535	0.03103	-0.01912	0.03129	-0.01825	-0.00123	-0.01586	0.02327	-0.03542	-0.02050	-0.01184	-0.01632	0.02591	-0.01959	-0.03293	-0.02934	-0.00216	0.01297	(And (Member $e0 work) (Past $e0))
p202216	0.11343	0.01898	0.08380	0.09653	0.10989	0.00258	-0.03967	0.00377	-0.10475	0.12045	-0.12734	-0.01124	-0.03075	0.10113	-0.05141	0.06453	-0.05754	-0.07796	-0.09620	-0.00382	-0.00181	-0.02089	-0.08492	0.07846	0.03038	0.08578	-0.03910	-0.04387	-0.13107	0.05392	0.13437	0.00449	(And (Member $x0 person) (Patient $e0 $x0))
p202217	-0.10598	0.05081	0.08927	0.07330	0.00860	0.06074	-0.00873	0.08537	0.09424	-0.04067	0.06294	0.00541	0.05387	-0.04771	-0.01654	0.07032	-0.09611	0.01504	-0.06843	0.05894	0.00288	-0.13655	0.05792	0.03221	-0.02653	-0.01081	-0.08593	0.01567	-0.09671	0.07851	0.06995	-0.01414	(And (Member $x0 person) (Theme $e0 $x0))
p202218	0.02630	0.01577	0.00439	0.01315	-0.01105	0.00690	-0.01078	0.02202	-0.00793	-0.01191	0.01184	-0.02200	0.03534	-0.01962	-0.01994	-0.01420	-0.00652	-0.00898	-0.00697	-0.00327	0.00932	-0.00896	0.03136	-0.01128	-0.00126	0.02361	-0.00867	-0.00483	-0.00270	-0.00956	-0.00284	-0.00519	(And (Obligated $e0) (Past $e0))
p202219	0.02298	-0.00372	0.01027	0.01089	0.00351	0.01040	0.00616	-0.00318	0.00681	-0.02120	-0.01131	-0.03573	-0.00660	-0.02099	-0.01421	-0.00098	0.00986	-0.01297	0.01453	-0.00069	0.01037	0.02669	0.02330	-0.00174	-0.01819	-0.00887	-0.01390	-0.01135	-0.01530	-0.00264	-0.00622	-0.00640	(And (Past $e0) (Patient $e0 $e1))
p202220	0.00708	-0.00874	-0.00836	0.01540	0.00148	0.00573	0.03288	-0.00888	0.00624	-0.02563	-0.02766	-0.02668	-0.00182	-0.02527	0.00194	-0.00399	0.00350	0.00262	0.01164	-0.01474	-0.00131	0.02656	0.00093	-0.00006	-0.01152	0.00692	-0.00996	-0.01160	-0.01082	-0.01393	0.02344	0.00637	(And (Past $e0) (Time $e0 yesterday))
p202221	0.03974	-0.03228	0.04661	-0.17220	-0.01506	-0.12403	0.05864	0.01481	0.02857	0.09030	0.10858	-0.06376	-0.00608	-0.09396	-0.01458	0.11140	-0.07026	0.00733	0.00163	-0.06194	-0.08540	0.21201	0.13103	-0.05207	0.13328	-0.02921	0.02006	-0.04037	-0.07258	0.03707	-0.06770	0.07499	(And (Patient $e0 $x0) (Theme $e0 $e1))
p202222	0.00201	-0.00614	0.03743	-0.00865	0.00772	0.00456	0.00691	0.02296	-0.02470	0.05937	-0.02384	-0.02893	-0.02001	0.02037	0.08431	-0.02699	0.02873	-0.00391	-0.03030	-0.00827	-0.00054	-0.02980	-0.01604	-0.02058	-0.00051	-0.01438	0.00039	0.00494	0.03229	-0.00300	-0.01836	0.00098	(And (Source $e0 $x0) (Theme $e0 $x1))
p202223	-0.07702	-0.01391	0.09777	0.05948	0.02830	0.04919	-0.02928	0.05401	0.09724	-0.05952	0.07684	-0.06331	0.05450	-0.02034	0.00626	-0.01734	-0.07620	0.02625	-0.02253	-0.02524	-0.00899	-0.11805	0.12722	-0.00507	-0.02096	-0.04612	-0.09635	0.02934	-0.02258	0.07910	0.10205	-0.01275	(And (Theme $e0 $x0) (To $e0 $e1))
p202273	-0.02386	0.01491	-0.00989	0.01054	-0.02636	-0.01598	0.01404	0.05865	0.00207	-0.01536	0.00543	0.01598	-0.01100	0.01406	0.00196	-0.01707	-0.02898	0.00882	0.00704	-0.00400	-0.00078	0.02677	-0.00104	0.00487	0.00786	0.01464	-0.00693	-0.02048	0.00359	0.01747	-0.02576	0.02131	(Agent $e0 $e1)
p202274	-0.00923	0.00162	-0.00746	0.01396	-0.01577	-0.01567	0.00417	-0.00215	-0.00204	-0.00414	0.00292	0.00421	-0.00578	-0.02387	0.00501	0.00576	-0.00393	-0.00376	-0.00728	0.01221	-0.01648	0.00141	-0.02050	0.00142	0.02340	0.00096	-0.00136	0.01741	-0.01633	0.01494	0.00924	0.00283	(Already $e0)
p202275	-0.00114	-0.01189	0.05876	-0.01383	0.00232	0.05253	0.00223	-0.01377	0.00818	0.03130	-0.03165	-0.05100	-0.00932	-0.00159	0.04193	-0.01689	0.01246	-0.01937	-0.01531	0.00129	0.00206	0.00119	-0.00078	-0.01597	-0.00115	-0.01812	0.05982	-0.01144	0.02793	-0.02901	0.01047	0.00688	(Before $x0 $e0)
p202276	-0.01099	-0.00668	-0.00413	0.01189	0.02121	0.00131	-0.00430	-0.00106	-0.01676	0.01031	-0.01505	-0.01874	0.01992	-0.00209	-0.01502	-0.00849	0.03621	-0.01719	-0.01250	0.00807	0.00117	0.00655	0.00644	-0.01935	0.00312	-0.00168	-0.00732	0.01562	0.00947	0.00692	0.00362	0.01445	(During $e0 $e1)
p202277	-0.00070	0.00206	-0.00629	-0.00559	0.00544	-0.00466	-0.00080	0.00838	0.01108	0.00247	-0.00101	0.00725	-0.00745	0.00933	-0.00366	-0.00310	-0.00088	0.00833	-0.00454	-0.00370	-0.00994	0.00314	-0.01113	0.00219	0.00066	-0.00335	-0.00208	0.00709	-0.00266	0.00113	-0.00595	-0.00360	(For $x0 $x1)
p202278	0.01550	-0.01810	-0.00057	0.00386	0.00500	-0.00741	0.01392	0.00420	-0.01298	-0.02323	-0.00441	-0.00148	-0.00880	-0.03289	-0.00000	0.00090	-0.01124	0.00432	0.01608	-0.00488	-0.00842	-0.00515	-0.00722	0.02027	-0.00822	0.05173	0.00680	-0.01191	0.00221	-0.02344	0.01809	0.01064	(GroupOf $x0 student)
p202279	0.03207	-0.00337	0.02913	-0.00646	-0.04063	-0.04310	-0.00061	0.02745	-0.04245	0.03334	-0.01761	-0.00623	-0.00998	0.01745	0.15056	-0.05429	0.03832	-0.00779	-0.01433	-0.01156	0.02361	-0.02849	0.00882	-0.01267	0.00784	-0.01500	0.01444	-0.01987	0.07804	-0.00426	-0.03474	-0.00410	(Manner $e0 well)
p202280	0.04811	0.00096	-0.01840	-0.01187	0.00544	-0.01911	-0.02378	0.01220	-0.04740	0.01890	0.01430	-0.00731	0.07261	-0.04210	-0.02082	-0.01511	0.00554	-0.01779	-0.02845	-0.00791	-0.01572	-0.00710	0.01696	-0.01745	0.02380	0.06127	0.03997	0.01975	-0.00064	-0.01848	0.01657	-0.00949	(Member $e0 add)
p202281	0.00915	0.03241	0.01835	0.05916	-0.00069	0.02511	-0.00409	-0.01134	-0.01899	-0.00565	-0.04163	0.00239	-0.00797	-0.02871	-0.01137	0.03888	0.00122	-0.03435	-0.01516	0.00594	-0.01693	-0.01973	-0.04403	0.01954	0.01405	0.01497	-0.00605	0.02660	-0.04840	0.00346	0.03298	-0.00616	(Member $e0 bear)
p202282	-0.00640	-0.02790	-0.02391	-0.01556	0.02550	0.00208	-0.00433	0.01288	-0.00431	0.04030	-0.02032	-0.01571	-0.00890	-0.00090	-0.02171	0.01541	0.04880	0.00434	-0.02252	-0.00347	-0.01594	-0.02040	0.01374	-0.01515	0.00242	0.00309	-0.00626	0.01738	-0.03568	0.00849	0.00748	-0.00813	(Member $e0 capture)
p202283	-0.02560	-0.01253	0.00052	0.00075	-0.00287	0.00170	-0.00488	0.00035	-0.01843	-0.00343	-0.00427	-0.01372	-0.00250	-0.00193	-0.00472	-0.02249	0.00052	0.02391	0.00417	0.03245	0.00999	0.00509	-0.02077	-0.00497	0.00975	-0.01933	0.00331	0.01382	0.02442	0.02486	-0.00388	0.00165	(Member $e0 cause)
p202284	-0.00721	-0.01847	-0.00446	-0.02004	-0.00578	0.00910	-0.00857	-0.00735	-0.00482	-0.01362	0.00768	-0.03498	-0.00777	0.00295	0.02903	-0.02656	0.00698	0.00176	0.00353	-0.00467	0.02589	0.00547	0.01081	-0.01340	0.01702	-0.01582	0.01167	-0.00561	0.03214	0.00165	0.01074	-0.01008	(Member $e0 close)
p202285	-0.02276	-0.00368	-0.04355	0.06267	-0.03281	0.01772	-0.01281	0.00582	-0.02998	0.00403	-0.01062	0.03299	0.01116	-0.02582	-0.01597	0.03251	0.01062	-0.02946	-0.01243	-0.00401	-0.01283	-0.01624	-0.04537	0.02395	0.03598	0.00532	0.02684	0.04617	0.01800	0.01399	0.01613	-0.01746	(Member $e0 direct)
p202286	0.01020	0.00701	-0.00138	-0.01447	-0.02310	-0.03520	-0.00179	0.01464	-0.02049	0.00863	0.00186	0.01788	0.05638	-0.00928	0.01972	-0.03283	-0.01369	0.03291	-0.00309	0.00636	-0.01192	0.01759	0.00230	-0.01047	0.02610	-0.01376	0.01699	-0.01083	0.03021	0.00726	-0.02087	-0.00703	(Member $e0 do)
p202287	-0.00538	-0.00126	0.00575	-0.00296	-0.01149	0.01638	0.00095	0.01083	0.00661	0.00976	-0.00344	-0.01479	-0.00766	-0.00398	-0.01029	-0.00543	-0.00046	-0.01360	-0.00769	0.02126	0.00821	0.00747	0.00395	0.00624	-0.00616	-0.00894	0.01714	-0.00405	-0.00588	0.00670	-0.01039	-0.01253	(Member $e0 enter)
p202288	0.01875	-0.01311	-0.01122	0.00346	0.02896	-0.01357	0.00962	-0.00227	-0.03243	0.00532	-0.03163	0.01130	0.03193	-0.02891	-0.01448	0.00827	0.01159	-0.00278	-0.00758	-0.01135	-0.02958	-0.00695	-0.01535	-0.00036	0.00368	0.03763	0.01496	0.03274	-0.01362	-0.01577	0.02921	-0.00827	(Member $e0 lead)
p202289	0.00080	-0.03091	-0.04076	-0.00845	-0.01133	0.00483	-0.00387	0.02825	0.01250	0.02671	-0.00640	-0.01444	-0.01396	0.00388	-0.01597	0.00732	0.03660	-0.00433	-0.01563	0.00021	0.01007	-0.00724	0.03931	0.00290	0.00542	0.00342	0.00076	-0.01903	-0.01915	0.01020	0.00086	-0.01121	(Member $e0 present)
p202290	0.01699	-0.01992	0.04298	-0.01071	-0.03927	-0.03569	-0.01003	0.02880	-0.05572	0.04518	-0.01251	-0.02705	-0.03832	0.00613	0.16247	-0.05875	0.06388	-0.01386	-0.03254	0.00805	0.03924	-0.05416	0.03656	-0.01912	0.00292	-0.03004	0.00861	0.00058	0.07981	0.00551	-0.01038	-0.01229	(Member $e0 receive)
p202291	0.01724	0.00081	0.03299	0.00087	0.00550	0.03635	0.01176	0.00127	-0.01297	-0.02377	0.01337	-0.02763	-0.00687	-0.03715	-0.01675	-0.00633	-0.01573	-0.00285	0.01264	-0.01515	-0.01502	0.01831	-0.00603	0.00846	-0.01639	0.05580	0.00024	-0.01068	0.00934	-0.02797	-0.00308	-0.00423	(Member $e0 run)
p202292	0.01069	-0.00365	0.02505	0.01994	0.02925	0.01347	-0.00818	-0.01447	0.01360	-0.00572	-0.01541	-0.01564	-0.00227	-0.00495	-0.01628	-0.00020	0.01190	-0.00388	0.01073	-0.01119	-0.00463	0.00546	-0.00584	-0.00473	-0.02110	-0.00828	-0.01214	0.00013	-0.01989	-0.01858	-0.00640	0.02747	(Member $e0 speak)
p202293	-0.01494	-0.00803	0.01099	0.00697	0.00636	0.00016	-0.00833	0.00701	-0.01232	-0.01672	-0.00381	-0.00689	-0.01433	-0.02325	-0.00793	-0.00772	-0.01637	0.01842	0.01354	-0.00746	-0.01538	-0.00926	0.03219	0.04197	-0.00742	-0.01339	0.00690	0.02392	-0.01062	-0.01363	-0.00077	0.00789	(Member $e0 watch)
p202294	-0.01446	-0.03552	-0.01155	-0.01804	0.00582	-0.01446	0.02916	-0.00812	-0.01014	-0.01108	-0.02195	-0.01639	-0.00070	-0.03016	-0.00673	0.01185	0.00495	0.04032	0.02358	0.00611	-0.01146	0.02809	0.00606	0.01644	-0.00064	-0.00640	-0.02210	-0.01634	0.02501	-0.00717	0.00298	-0.01256	(Member $x0 boy)
p202295	-0.00819	-0.01381	0.00397	-0.00727	-0.00754	-0.00628	0.01983	-0.00261	-0.01268	0.00627	-0.01693	0.00532	0.01467	-0.01770	0.02188	-0.01329	-0.00519	0.01907	-0.00262	0.01614	-0.00263	-0.00010	-0.01449	0.00884	0.00393	-0.00270	0.00181	-0.01455	0.00579	-0.00291	0.00988	0.00505	(Member $x0 child)
p202296	0.03842	0.12363	0.10557	0.01261	-0.05820	-0.11953	0.00089	0.00734	-0.04874	-0.03563	-0.04730	0.03510	-0.04340	-0.03284	0.18147	0.00055	-0.03307	0.01780	0.01306	-0.03046	-0.02772	0.03594	0.06848	0.14134	0.00534	-0.01372	0.01242	-0.04477	-0.01784	-0.09932	-0.07003	0.03667	(Member $x0 family)
p202297	-0.01415	-0.03164	0.01594	0.00495	-0.00355	-0.00013	-0.00637	-0.00228	0.00293	0.00027	-0.01491	0.01333	-0.00337	-0.00762	-0.00799	0.03900	-0.00013	0.00139	0.00874	0.02527	0.00763	-0.03055	-0.00277	0.00184	0.00425	0.00076	0.00056	-0.01306	0.01938	0.00211	0.01381	0.01173	(Member $x0 floor)
p202298	-0.00280	-0.01731	0.01188	-0.01187	0.01520	-0.01379	-0.01061	-0.00063	-0.02378	0.01198	0.00734	0.00297	-0.01016	-0.01347	-0.01340	0.01876	0.01804	0.00794	-0.00810	0.00439	-0.02055	-0.01023	-0.00423	-0.00835	0.00503	0.02646	-0.00624	0.02577	0.00842	-0.00008	0.00877	-0.00854	(Member $x0 horse)
p202299	0.01250	0.01617	0.00712	0.00766	0.01211	0.00612	-0.00180	-0.00409	-0.01150	-0.00323	-0.00142	-0.00227	-0.00564	-0.02907	-0.00644	0.01631	0.00630	-0.01039	-0.01159	0.02361	-0.00235	-0.03158	-0.01589	-0.00048	-0.00889	0.03210	0.00009	0.01281	-0.03272	-0.00650	0.01345	0.01421	(Member $x0 huge)
p202300	-0.00761	-0.01024	-0.01421	-0.00463	-0.00073	-0.01456	0.00041	-0.00401	-0.01756	-0.00426	-0.00496	-0.01784	0.01086	-0.00879	-0.01483	0.01100	-0.00248	-0.00099	0.00160	0.01939	0.01065	-0.00315	0.03114	-0.00405	-0.00738	0.00495	-0.00339	0.02621	0.02090	-0.00155	0.01009	-0.00403	(Member $x0 large)
p202301	-0.01320	-0.00545	-0.00273	-0.02460	0.00194	-0.01413	-0.01016	-0.00730	-0.00917	0.01714	0.00495	-0.00941	-0.00596	-0.00695	0.01870	0.00289	0.01267	0.00143	-0.01322	-0.00458	-0.02059	-0.00062	0.01638	-0.00075	0.03026	0.00094	0.00480	0.01383	-0.00728	0.00038	0.00498	0.00687	(Member $x0 light)
p202302	-0.03624	-0.00087	-0.01555	0.04201	0.00172	-0.00291	-0.00678	-0.00306	-0.02760	0.02446	-0.00878	0.02898	-0.00712	-0.02106	-0.01176	0.03512	0.00268	-0.00815	0.02164	-0.00659	-0.03152	-0.02099	-0.04540	0.01646	0.01241	0.01053	0.00396	0.03683	0.01052	0.00884	0.01595	0.00961	(Member $x0 movie)
p202303	-0.01909	-0.00903	0.00986	0.00215	-0.01050	-0.01361	0.00259	-0.00773	-0.00803	0.00097	-0.01036	-0.00226	-0.00464	-0.00309	0.02442	0.01519	0.00395	-0.00210	-0.00115	-0.00017	-0.01528	0.00002	0.00319	-0.00901	0.01442	0.00692	0.00436	0.00763	0.02161	-0.00000	0.00883	0.00788	(Member $x0 rain)
p202304	-0.00704	-0.02932	0.00166	0.02196	-0.00075	-0.01572	0.00081	-0.01053	-0.01074	0.00663	-0.01885	0.01352	0.00056	-0.01091	-0.00391	0.02433	0.00254	0.01156	0.01254	0.00859	-0.00170	-0.02200	-0.00676	-0.00232	-0.01075	0.00315	0.01434	-0.00349	0.00110	0.00362	0.00888	0.02795	(Member $x0 school)
p202305	-0.00497	0.01163	0.02452	0.01160	0.00811	-0.03124	-0.00616	-0.01811	-0.02265	-0.00826	0.02131	-0.01601	0.01108	-0.02491	0.03542	-0.03044	0.00703	-0.00917	0.00078	0.03277	-0.01078	-0.00201	-0.01208	-0.01336	0.01863	-0.01493	-0.00112	0.02286	0.03469	-0.00815	-0.01702	0.02403	(Member $x0 sound)
p202306	0.00147	-0.02564	0.01391	0.00610	0.03002	-0.00990	0.00366	0.00036	-0.00697	-0.01142	0.01146	-0.00838	-0.01018	-0.01302	-0.01357	0.04063	-0.01341	-0.01897	0.01573	0.00862	-0.00032	-0.01466	0.01305	0.00454	-0.00702	0.01840	-0.01484	-0.00203	0.04665	-0.02544	0.00003	0.00459	(Member $x0 street)
p202307	-0.02038	-0.00764	0.00900	-0.01316	-0.00567	-0.01116	-0.00068	0.00455	-0.00577	-0.00088	-0.00023	0.01060	-0.00251	-0.00525	-0.00340	0.01356	-0.00284	0.00584	0.00882	0.03315	-0.01203	0.00501	0.00127	0.01296	0.00678	-0.00051	-0.00500	-0.00504	0.00706	0.01305	-0.01618	-0.00992	(Member $x0 village)
p202308	0.00457	-0.02951	-0.00154	0.00293	-0.00249	-0.00594	0.00925	0.00262	0.01220	0.00642	-0.01767	0.00846	-0.00729	-0.00126	-0.00226	0.04166	0.00627	0.00363	0.00340	-0.00034	0.00205	-0.01606	0.00697	0.00269	-0.00652	0.00156	-0.00889	-0.01404	0.02461	-0.00479	0.00766	-0.00535	(Member $x0 wall)
p202309	0.06110	0.00739	-0.01861	0.01421	-0.02996	-0.01751	0.01481	0.00191	-0.01369	0.00692	0.01713	0.01033	-0.00514	-0.01964	-0.00714	-0.00803	-0.00277	0.00312	-0.00251	-0.00885	0.03003	-0.01430	-0.01049	-0.01838	-0.01154	-0.03282	0.00195	0.04563	-0.00124	0.05942	-0.02125	-0.01089	(Member $x0 whole)
p202310	-0.01651	-0.01479	0.01747	-0.02496	0.00074	-0.01633	-0.00841	-0.02035	-0.02273	0.01127	-0.01252	0.01804	-0.00303	-0.00699	-0.00080	0.00208	0.01872	0.00795	0.01107	0.01761	-0.02978	0.03818	0.00260	0.02838	0.00958	-0.01489	0.00791	-0.00665	0.00647	0.03693	-0.02068	-0.01574	(Member $x0 world)
p202311	-0.02033	0.01341	-0.00964	-0.00535	-0.00571	-0.00595	0.00290	0.01397	-0.00509	-0.00243	0.01220	-0.00282	-0.00272	0.00060	-0.00451	-0.01204	-0.01375	0.00985	0.03895	-0.01268	-0.00703	0.02101	0.00073	0.00472	0.00413	0.00160	-0.00114	-0.01639	-0.00347	0.01482	-0.00814	-0.00467	(On $e0 $x0)
p202312	0.02264	-0.00409	0.00991	0.01046	0.00311	0.00996	0.00577	-0.00358	0.00642	-0.02159	-0.01169	-0.03611	-0.00701	-0.02139	-0.01459	-0.00143	0.00949	-0.01338	0.01416	-0.00108	0.00998	0.02629	0.02292	-0.00213	-0.01858	-0.00927	-0.01426	-0.01176	-0.01565	-0.00308	-0.00665	-0.00678	(Patient $e0 $e1)
p202313	0.01035	0.00216	-0.01147	0.07396	-0.00972	0.03463	-0.00820	-0.02382	-0.00845	-0.03483	0.00819	0.00735	-0.00864	-0.02570	-0.01719	0.00164	0.03638	-0.03622	0.01401	-0.01650	0.00363	0.00615	-0.02010	0.00860	-0.01032	0.00236	-0.00313	0.01735	-0.00016	0.00421	0.00379	-0.00992	(Time $e0 night)
p202314	0.00630	-0.00955	-0.00915	0.01453	0.00065	0.00485	0.03204	-0.00972	0.00541	-0.02647	-0.02848	-0.02748	-0.00266	-0.02609	0.00112	-0.00486	0.00268	0.00178	0.01082	-0.01557	-0.00214	0.02572	0.00012	-0.00090	-0.01235	0.00608	-0.01076	-0.01245	-0.01160	-0.01481	0.02255	0.00554	(Time $e0 yesterday)
p202333	-0.24073	-0.00823	-0.00219	-0.03164	-0.02865	-0.11975	0.11992	-0.02617	0.05193	-0.00930	0.02113	-0.02353	0.09342	0.21265	-0.01672	-0.08186	0.08113	-0.17027	0.05831	-0.03946	0.13578	-0.03076	-0.01675	0.24497	0.06124	0.12017	-0.27794	0.20214	0.04493	-0.14646	-0.09579	-0.07854	(And (Agent $e0 $x0) (Member $e0 begin) (Ongoing $e1) (Theme $e0 $e1))
p202334	-0.24073	-0.00823	-0.00219	-0.03164	-0.02865	-0.11975	0.11992	-0.02617	0.05193	-0.00930	0.02113	-0.02353	0.09342	0.21265	-0.01672	-0.08186	0.08113	-0.17027	0.05831	-0.03946	0.13578	-0.03076	-0.01675	0.24497	0.06124	0.12017	-0.27794	0.20214	0.04493	-0.14646	-0.09579	-0.07854	(And (Agent $e0 $x0) (Member $e1 begin) (Ongoing $e0) (Theme $e1 $e0))
p202335	-0.24073	-0.00823	-0.00219	-0.03164	-0.02865	-0.11975	0.11992	-0.02617	0.05193	-0.00930	0.02113	-0.02353	0.09342	0.21265	-0.01672	-0.08186	0.08113	-0.17027	0.05831	-0.03946	0.13578	-0.03076	-0.01676	0.24497	0.06124	0.12017	-0.27794	0.20214	0.04493	-0.14646	-0.09579	-0.07854	(And (Agent $e0 $x0) (Member $e1 begin) (Past $e1) (Theme $e1 $e0))
p202336	0.06116	-0.13061	-0.13265	0.05999	0.05081	0.07728	-0.02288	-0.00226	0.16849	0.15679	-0.14669	0.37413	-0.06211	-0.13920	0.13277	-0.03869	-0.08119	0.01700	0.16113	0.15529	0.03020	0.10161	0.20138	-0.10050	-0.02920	0.15583	-0.06400	0.11744	-0.11013	-0.11052	-0.15951	-0.01892	(And (Agent $e0 $x0) (Member $x0 company) (Past $e0) (Patient $e0 $x1))
p202339	0.05026	-0.00408	0.03501	0.08587	0.05380	-0.11221	0.01785	0.01139	-0.00007	0.00862	0.13211	0.12521	-0.03052	0.25209	-0.04463	-0.00023	-0.00186	0.06468	0.05775	0.03880	-0.05100	-0.10450	0.07851	-0.03401	-0.01771	-0.08369	0.19881	-0.08481	-0.03061	-0.08983	-0.11172	-0.01609	(And (Experiencer $e0 $x0) (Member $e1 become) (Past $e1) (Result $e1 $e0))
p202342	0.20375	-0.03610	0.10272	-0.12903	-0.04526	-0.11124	0.05334	0.01341	0.11717	-0.04547	0.01212	-0.03108	-0.04670	-0.10811	-0.02403	0.12492	-0.00581	0.04558	0.08632	-0.07208	-0.05759	0.09139	0.06867	-0.11773	0.11542	-0.08052	0.07876	-0.02680	-0.08125	0.11150	-0.06710	0.03808	(And (Member $e0 start) (Ongoing $e1) (Patient $e1 $x0) (Theme $e0 $e1))
p202558	-0.00673	-0.03275	0.18906	-0.01478	-0.03524	-0.02249	0.07913	-0.02070	0.24659	-0.22748	-0.20826	0.01295	0.08004	0.20939	-0.03603	0.00179	0.17756	-0.06741	0.21553	-0.05494	0.03984	-0.16020	-0.09262	0.02771	0.09859	0.07359	-0.00153	0.03530	-0.08251	-0.04952	-0.05692	-0.08151	(And (Agent $e0 $x0) (Location $e1 $x1) (Theme $e0 $e1))
p202559	-0.24073	-0.00823	-0.00219	-0.03164	-0.02865	-0.11975	0.11992	-0.02617	0.05192	-0.00930	0.02113	-0.02353	0.09342	0.21265	-0.01672	-0.08186	0.08113	-0.17027	0.05831	-0.03946	0.13578	-0.03076	-0.01676	0.24497	0.06124	0.12017	-0.27794	0.20214	0.04493	-0.14646	-0.09579	-0.07854	(And (Agent $e0 $x0) (Member $e1 begin) (Theme $e1 $e0))
p202560	-0.02013	-0.03159	-0.00573	-0.01926	0.00732	-0.01697	0.00539	-0.00794	-0.00989	0.00061	-0.00554	-0.00758	0.00111	-0.01851	-0.01150	0.01191	0.00503	0.04027	0.02171	0.01235	-0.01007	0.01629	0.00573	0.01888	0.00338	-0.01226	-0.01995	-0.00829	0.03100	-0.00237	-0.01363	-0.00837	(And (Agent $e0 $x0) (Member $x0 boy) (Past $e0))
p202561	0.00787	0.21528	0.05296	-0.01891	0.08598	-0.00124	-0.02701	-0.00434	-0.02643	-0.00367	-0.02070	-0.03561	0.00098	-0.00303	0.03236	0.08907	-0.00262	-0.03459	-0.07211	0.00633	0.06430	-0.00436	-0.04263	-0.07594	0.00166	0.00489	0.01264	0.09890	-0.06737	-0.05492	-0.01555	-0.00612	(And (Agent $e0 $x0) (Member $x0 person) (Theme $e0 $x1))
p202562	0.11179	-0.02059	-0.07634	-0.03716	-0.07509	0.17966	-0.02268	0.00014	-0.07164	-0.08810	0.06964	-0.09599	0.04120	0.09857	0.06557	0.05636	0.02483	0.01589	0.06149	0.07228	-0.00622	0.06666	-0.06878	0.05475	-0.00697	-0.07002	-0.03536	0.02017	-0.01495	-0.05841	0.04860	0.06126	(And (Agent $e0 $x0) (Member $x0 thing) (Past $e0))
p202564	-0.19583	-0.02769	0.20246	0.10873	0.04833	0.10578	-0.06526	0.04563	0.15309	-0.12039	0.15438	-0.10054	0.07825	-0.06848	0.02981	-0.03260	-0.16512	0.09120	-0.07794	-0.05127	-0.06773	-0.22428	0.23998	0.04802	-0.02467	-0.10212	-0.16826	0.13212	-0.05064	0.14326	0.23353	-0.03093	(And (Agent $e0 $x0) (Past $e1) (To $e1 $e0))
p202569	0.20375	-0.03610	0.10272	-0.12903	-0.04526	-0.11124	0.05334	0.01341	0.11717	-0.04547	0.01212	-0.03108	-0.04670	-0.10811	-0.02403	0.12492	-0.00581	0.04558	0.08632	-0.07208	-0.05759	0.09139	0.06867	-0.11773	0.11542	-0.08052	0.07876	-0.02680	-0.08125	0.11150	-0.06710	0.03808	(And (Member $e0 start) (Patient $e1 $x0) (Theme $e0 $e1))
p202570	0.11506	0.01683	0.08116	0.10968	0.09481	0.00531	-0.04597	0.00520	-0.10117	0.10951	-0.14765	-0.00873	-0.03010	0.10178	-0.05139	0.06230	-0.05566	-0.07595	-0.08900	-0.01723	0.00463	-0.01673	-0.09925	0.08079	0.02302	0.08991	-0.05112	-0.03405	-0.11641	0.06475	0.13830	0.00525	(And (Member $x0 person) (Past $e0) (Patient $e0 $x0))
p202571	0.04961	-0.03531	0.01585	-0.17680	-0.01407	-0.14453	0.03970	0.01115	0.01684	0.08009	0.12099	-0.06639	-0.00994	-0.09418	-0.01343	0.10032	-0.05941	0.00276	0.00460	-0.05693	-0.06848	0.20932	0.14937	-0.04248	0.12755	-0.02392	0.00037	-0.02915	-0.05978	0.04813	-0.07234	0.07249	(And (Ongoing $e0) (Patient $e1 $x0) (Theme $e1 $e0))
p202724	-0.24073	-0.00823	-0.00219	-0.03164	-0.02865	-0.11975	0.11992	-0.02617	0.05192	-0.00930	0.02113	-0.02354	0.09342	0.21265	-0.01673	-0.08187	0.08113	-0.17027	0.05831	-0.03946	0.13578	-0.03076	-0.01676	0.24497	0.06124	0.12017	-0.27794	0.20214	0.04493	-0.14647	-0.09580	-0.07854	(And (Agent $e0 $x0) (Member $e0 begin) (Past $e0) (Theme $e0 $e1))
p202725	-0.00300	0.04410	-0.01547	-0.01039	0.01349	-0.02012	-0.03896	-0.07805	0.00478	0.11350	0.01844	-0.04900	0.00269	-0.04437	-0.01785	-0.00356	0.07879	-0.02021	0.09295	0.00454	-0.01461	-0.06788	0.01634	-0.01402	-0.00286	-0.01841	0.01236	-0.02126	-0.00396	-0.00311	0.10265	-0.00850	(And (Holder $e0 $x0) (Member $e0 have) (Past $e0) (Theme $e0 $x1))
p202726	0.05026	-0.00408	0.03501	0.08587	0.05380	-0.11221	0.01785	0.01139	-0.00007	0.00862	0.13211	0.12521	-0.03052	0.25209	-0.04463	-0.00023	-0.00186	0.06468	0.05775	0.03880	-0.05100	-0.10450	0.07851	-0.03401	-0.01771	-0.08369	0.19881	-0.08481	-0.03061	-0.08983	-0.11172	-0.01609	(And (Member $e0 become) (Past $e0) (Patient $e0 $x0) (Result $e0 $e1))
p202758	-0.24073	-0.00823	-0.00219	-0.03164	-0.02865	-0.11975	0.11992	-0.02617	0.05193	-0.00930	0.02113	-0.02353	0.09342	0.21265	-0.01672	-0.08186	0.08113	-0.17027	0.05831	-0.03946	0.13578	-0.03076	-0.01675	0.24497	0.06124	0.12017	-0.27794	0.20214	0.04493	-0.14646	-0.09579	-0.07854	(And (Agent $e0 $x0) (Member $e0 begin) (Past $e0))
p202759	-0.24074	-0.00823	-0.00220	-0.03164	-0.02866	-0.11976	0.11992	-0.02618	0.05192	-0.00931	0.02112	-0.02354	0.09341	0.21265	-0.01673	-0.08187	0.08113	-0.17027	0.05830	-0.03946	0.13578	-0.03076	-0.01676	0.24497	0.06124	0.12017	-0.27794	0.20214	0.04493	-0.14647	-0.09580	-0.07855	(And (Agent $e0 $x0) (Member $e0 begin) (Theme $e0 $e1))
p202760	0.03794	0.00151	0.01546	-0.03162	-0.02211	-0.00907	-0.00736	0.00616	-0.00644	-0.03869	0.05594	0.00168	-0.01182	-0.03865	-0.00290	-0.02831	-0.01918	0.05878	0.01415	-0.01080	-0.03964	-0.01725	-0.01296	0.02522	0.00955	0.11432	0.00185	-0.03507	0.05271	-0.04249	-0.01604	-0.00287	(And (Agent $e0 $x0) (Member $e0 come) (Past $e0))
p202761	-0.00718	-0.01260	0.02231	-0.00099	0.03792	-0.02144	-0.00174	0.02334	-0.03726	0.00371	-0.02906	-0.00398	-0.02084	-0.00253	0.03840	-0.01275	0.01124	-0.01516	0.01038	-0.01995	-0.02174	0.01034	-0.02413	-0.00228	0.00283	-0.00076	0.02051	0.05103	0.02730	-0.00515	-0.01169	-0.00844	(And (Agent $e0 $x0) (Member $e0 follow) (Theme $e0 $x1))
p202762	-0.01036	-0.01786	-0.03154	-0.00932	-0.01703	-0.00886	0.00775	-0.00702	-0.01029	-0.01546	0.01607	-0.01203	-0.00281	-0.01185	-0.00290	-0.03030	0.00365	0.04607	0.01930	-0.00478	0.02153	0.01528	0.00815	0.02064	-0.00381	-0.02292	-0.02584	-0.00671	0.03844	0.00467	-0.01886	-0.00999	(And (Agent $e0 $x0) (Past $e0) (Recipient $e0 $x1))
p202763	-0.00794	0.01602	-0.00446	-0.01714	0.02035	-0.01372	-0.00037	-0.00926	-0.01785	0.01980	-0.00157	-0.02120	-0.00601	-0.00581	0.02129	-0.01015	0.01743	0.03113	-0.02303	0.00410	0.01080	-0.01569	-0.01353	-0.00580	0.00456	-0.02217	-0.02543	0.02733	0.00599	-0.01306	-0.00231	-0.00247	(And (Agent $e0 $x0) (Past $e0) (Source $e0 $x1))
p202764	-0.00899	-0.03548	-0.00659	0.00184	-0.00232	-0.02013	0.00127	-0.01516	-0.00358	-0.00468	-0.00590	0.00323	0.00361	-0.01993	-0.01482	0.01778	0.00353	0.03973	0.03249	-0.00534	-0.00493	-0.00228	0.01379	0.02160	-0.01358	-0.00179	-0.00133	-0.02279	0.02373	-0.01876	-0.01387	0.01428	(And (Agent $e0 $x0) (Past $e0) (Through $e0 $x1))
p202765	-0.19583	-0.02769	0.20246	0.10873	0.04833	0.10578	-0.06526	0.04563	0.15309	-0.12039	0.15438	-0.10054	0.07825	-0.06848	0.02981	-0.03260	-0.16512	0.09120	-0.07794	-0.05127	-0.06773	-0.22428	0.23997	0.04802	-0.02467	-0.10212	-0.16826	0.13212	-0.05064	0.14326	0.23353	-0.03093	(And (Agent $e0 $x0) (Past $e0) (To $e0 $e1))
p202766	-0.02239	-0.03828	0.30541	-0.04994	-0.03563	0.06390	0.06975	-0.02130	0.28696	-0.20655	-0.20083	-0.02614	0.07963	0.23824	-0.00622	-0.01574	0.16289	-0.04313	0.22002	-0.10138	0.01598	-0.18853	-0.08725	-0.01297	0.11793	0.10206	0.05092	-0.00957	-0.02310	-0.11989	-0.04576	-0.07095	(And (Agent $e0 $x0) (Patient $e0 $x1) (Theme $e1 $e0))
p202767	-0.05555	-0.02196	0.14575	-0.02771	-0.04236	-0.10947	-0.03645	-0.00375	-0.05502	-0.09113	0.14177	0.34073	-0.03870	-0.10404	-0.04381	-0.04976	0.08651	-0.02597	-0.04078	-0.01868	0.11853	0.13213	-0.03476	-0.02776	0.01793	-0.06327	0.01586	0.00277	0.01452	-0.07932	0.18422	-0.00621	(And (For $e0 $e1) (Past $e0) (Theme $e0 $x0))
p202768	0.05459	0.02937	0.04937	-0.00877	0.01277	0.03160	-0.02645	-0.00362	-0.02871	-0.04608	0.06395	-0.04725	-0.01429	-0.05128	-0.01622	-0.00931	-0.01359	-0.02863	0.00134	-0.00546	-0.00474	-0.02465	0.01503	-0.01456	-0.01246	0.12247	-0.01754	0.00309	0.01822	-0.03324	0.00735	0.00010	(And (Goal $e0 $x0) (Member $e0 go) (Past $e0))
p202769	0.04596	-0.00242	0.00366	-0.03586	0.00391	0.00424	-0.01870	0.03274	-0.03230	-0.00898	0.06646	-0.00927	-0.01928	-0.03167	-0.02144	-0.00589	0.01808	0.01309	-0.01910	-0.00784	-0.02786	-0.04081	0.01104	-0.02028	0.00714	0.14225	0.00586	-0.00922	-0.00127	-0.01720	0.00581	-0.00418	(And (Goal $e0 $x0) (Past $e0) (Theme $e0 $x1))
p202770	-0.00299	0.04410	-0.01547	-0.01039	0.01349	-0.02012	-0.03896	-0.07805	0.00478	0.11350	0.01844	-0.04900	0.00269	-0.04437	-0.01785	-0.00356	0.07879	-0.02021	0.09295	0.00454	-0.01460	-0.06788	0.01634	-0.01402	-0.00286	-0.01840	0.01236	-0.02126	-0.00396	-0.00311	0.10265	-0.00850	(And (Holder $e0 $x0) (Member $e0 have) (Past $e0))
p202771	-0.00299	0.04410	-0.01547	-0.01039	0.01349	-0.02012	-0.03896	-0.07805	0.00478	0.11350	0.01844	-0.04900	0.00269	-0.04437	-0.01785	-0.00356	0.07879	-0.02021	0.09295	0.00454	-0.01460	-0.06788	0.01634	-0.01402	-0.00286	-0.01841	0.01236	-0.02126	-0.00396	-0.00311	0.10265	-0.00850	(And (Holder $e0 $x0) (Past $e0) (Theme $e0 $x1))
p202772	0.00669	0.06642	-0.00147	0.01695	0.03615	0.02710	-0.00058	0.00107	-0.00367	-0.02041	0.01110	-0.02563	-0.00060	-0.02103	-0.02516	0.01668	-0.01470	-0.01674	-0.01660	0.03317	0.01859	-0.01620	-0.01852	-0.01820	0.01285	-0.00553	-0.00406	0.03137	-0.03757	-0.02239	0.00009	-0.00618	(And (Instrument $e0 $x0) (Past $e0) (Patient $e0 $x1))
p202773	-0.03259	0.03550	0.06067	0.01135	-0.04080	-0.03687	0.02082	0.10004	-0.01336	-0.00805	0.02870	0.06803	0.14744	-0.05879	-0.02598	-0.02262	-0.07803	0.03298	-0.00488	0.14707	0.01562	-0.02426	-0.02897	-0.01849	-0.01409	-0.00806	-0.03152	-0.04067	0.06824	-0.00690	-0.07985	0.01339	(And (Location $e0 $x0) (Member $e0 find) (Theme $e0 $x1))
p202774	-0.00762	-0.01961	0.23158	-0.04137	-0.01145	-0.04773	0.07370	-0.02752	0.29960	-0.26036	-0.20968	-0.00127	0.08285	0.19464	-0.03429	-0.00067	0.17765	-0.05444	0.23973	-0.07373	0.00832	-0.14732	-0.07485	0.02040	0.12084	0.08735	-0.04455	0.02338	-0.08251	-0.08084	-0.05473	-0.06136	(And (Location $e0 $x0) (Ongoing $e0) (Patient $e0 $x1))
p202775	-0.00796	-0.02735	-0.02539	-0.01718	0.02347	-0.00069	-0.00330	0.01595	-0.00579	0.04207	-0.01881	-0.00970	-0.00867	0.00030	-0.01981	0.01588	0.04622	0.00671	-0.02400	-0.00228	-0.01684	-0.02266	0.01174	-0.01405	0.00510	0.00428	-0.00456	0.01736	-0.03414	0.00975	0.00841	-0.00751	(And (Member $e0 capture) (Past $e0) (Theme $e0 $x0))
p202776	0.00490	0.00399	-0.00859	0.02903	0.00561	-0.01737	0.00561	-0.00911	-0.00017	-0.00612	0.01814	-0.00223	-0.00938	-0.02418	0.01532	-0.01143	-0.00280	-0.01458	-0.00484	0.02202	-0.00805	-0.01633	-0.03440	0.02155	0.01503	-0.01721	-0.01355	0.01896	0.01866	-0.02052	-0.00512	-0.00401	(And (Member $e0 fall) (Past $e0) (Patient $e0 $x0))
p202777	0.01258	-0.02690	0.00327	0.01273	0.03484	-0.00849	-0.00887	-0.01391	0.00308	-0.01767	0.03289	-0.04731	-0.00349	0.01799	0.00381	-0.02836	0.00546	-0.00773	0.01632	0.01289	0.02442	-0.00639	0.01502	-0.03041	0.00977	-0.03698	0.02134	-0.01379	0.04315	-0.02589	0.00109	-0.00387	(And (Member $e0 make) (Past $e0) (Patient $e0 $x0))
p202778	0.00104	-0.03111	-0.03986	-0.00839	-0.01106	0.00408	-0.00347	0.02858	0.01171	0.02669	-0.00672	-0.01558	-0.01327	0.00158	-0.01615	0.00762	0.03627	-0.00456	-0.01530	0.00065	0.01004	-0.00688	0.03971	0.00306	0.00575	0.00371	0.00109	-0.01942	-0.01791	0.00874	0.00131	-0.01070	(And (Member $e0 present) (Past $e0) (Theme $e0 $x0))
p202779	0.02094	-0.01741	0.03319	-0.01215	-0.03447	-0.04667	-0.00329	0.03371	-0.05783	0.05446	-0.01521	-0.01713	-0.03593	0.01194	0.16832	-0.05591	0.06554	-0.02293	-0.03084	0.00840	0.03399	-0.03971	0.01468	-0.02180	0.00576	-0.01914	0.00521	-0.00631	0.08100	0.00759	-0.02626	-0.00807	(And (Member $e0 receive) (Past $e0) (Theme $e0 $x0))
p202780	0.05036	-0.03719	0.00849	-0.05201	0.00787	-0.08814	0.04308	0.00368	0.01304	0.00799	0.06227	-0.03710	-0.01943	-0.07122	-0.01640	0.08147	-0.03525	-0.00500	0.03496	-0.02011	-0.03428	0.09123	0.05936	-0.03627	0.06178	-0.03594	-0.01456	0.00507	-0.02301	0.05944	-0.04549	0.01223	(And (Member $e0 start) (Past $e0) (Patient $e0 $x0))
p202781	-0.05847	0.00382	0.12400	-0.01013	-0.02666	0.16543	0.02381	0.02513	0.01012	0.08917	0.02801	-0.01963	0.00988	0.04166	-0.00664	-0.00900	-0.05407	0.03237	-0.03932	-0.01704	-0.02974	-0.02994	-0.05758	-0.05318	-0.00931	0.03225	0.10096	-0.04277	0.05290	-0.04344	-0.01923	0.02625	(And (Member $e0 try) (Past $e0) (Theme $e0 $e1))
p202782	-0.05235	-0.02595	0.14208	-0.02659	-0.02734	-0.10906	-0.03771	-0.00846	-0.05171	-0.08416	0.13470	0.34112	-0.03886	-0.09810	-0.05377	-0.04226	0.09724	-0.02107	-0.04277	-0.03613	0.10909	0.12524	-0.04148	-0.03218	0.01879	-0.06083	0.01767	0.01407	0.00152	-0.08815	0.19394	-0.00385	(And (Member $e0 win) (Past $e0) (Theme $e0 $x0))
p202783	0.01362	-0.01022	0.01742	-0.00904	0.00890	-0.01606	-0.00341	0.00935	-0.03340	0.05124	-0.02460	-0.02420	-0.02095	0.00879	0.08501	-0.02499	0.04412	-0.00676	-0.02895	-0.00401	0.00274	-0.03959	-0.00561	-0.01441	0.00176	-0.01131	-0.00647	0.01564	0.02717	0.00351	-0.00836	-0.00263	(And (Past $e0) (Source $e0 $x0) (Theme $e0 $x1))
p202849	0.03457	0.05338	0.00920	0.00345	-0.08287	-0.02260	-0.04662	-0.00819	-0.08016	-0.02711	-0.05243	-0.01609	-0.05743	-0.04163	0.00796	0.05785	-0.00245	-0.03129	0.00532	-0.00021	0.05929	-0.03160	0.24294	0.14448	0.00463	-0.02187	0.07687	-0.01151	-0.05776	-0.07094	0.03607	-0.01374	(And (Agent $e0 $x0) (Before $e0 $e1))
p202850	0.17312	0.00285	-0.03430	0.02606	-0.06584	-0.04744	0.02010	-0.01099	0.00461	0.01053	0.04718	0.01002	-0.05802	-0.07914	-0.01504	-0.01816	-0.00662	0.01014	-0.02377	0.01152	0.05351	-0.05364	-0.04215	0.01839	-0.03564	-0.04132	0.01729	0.08415	0.05923	0.08052	-0.03182	-0.02637	(And (Agent $e0 $x0) (Cardinality $x0 <num>))
p202851	-0.24073	-0.00823	-0.00219	-0.03164	-0.02865	-0.11975	0.11992	-0.02617	0.05193	-0.00930	0.02113	-0.02353	0.09342	0.21265	-0.01672	-0.08186	0.08113	-0.17027	0.05831	-0.03946	0.13578	-0.03076	-0.01675	0.24497	0.06124	0.12017	-0.27794	0.20214	0.04493	-0.14646	-0.09579	-0.07854	(And (Agent $e0 $x0) (Member $e0 begin))
p202852	-0.01743	-0.02237	-0.00864	-0.01064	0.00153	0.00765	0.00146	0.00288	-0.01588	0.00064	-0.00570	-0.01474	-0.00293	-0.00231	-0.00549	-0.01590	-0.00093	0.02130	0.00470	0.02563	0.01399	0.00565	-0.01566	0.00314	0.00800	-0.01943	0.00142	0.00078	0.01704	0.01753	-0.00017	-0.01261	(And (Agent $e0 $x0) (Member $e0 cause))
p202853	-0.00376	0.00274	-0.00321	-0.00020	0.04606	0.00017	0.01307	0.00364	-0.00302	-0.02473	0.01516	-0.02936	-0.00168	-0.01943	-0.00760	-0.00634	-0.01353	-0.00779	0.01231	0.02349	0.04266	-0.00364	-0.01428	-0.00152	-0.00722	-0.01704	-0.00907	-0.01053	-0.00498	-0.02138	-0.00174	0.01455	(And (Agent $e0 $x0) (Member $e0 leave))
p202854	0.00024	-0.03060	0.00194	0.02874	0.00059	0.00821	0.00244	0.00602	0.00748	0.00190	-0.02585	0.02045	-0.00802	-0.04285	-0.00359	0.01269	-0.00448	-0.03119	0.00259	0.03247	0.01981	-0.03658	-0.03055	0.03735	-0.01276	0.00900	0.03361	-0.01622	-0.03539	-0.01376	0.02793	0.04682	(And (Agent $e0 $x0) (Member $e0 play))
p202855	-0.17434	-0.16861	-0.26937	0.02354	0.06988	-0.06805	-0.00351	-0.02522	0.20571	0.04574	0.13097	0.03635	0.13292	-0.00212	0.07250	0.11317	0.09227	-0.07492	0.00045	-0.05360	-0.04631	0.16559	-0.12418	0.01754	-0.01505	0.14152	0.10503	-0.20669	-0.06875	0.24314	-0.07111	-0.02403	(And (Agent $e0 $x0) (Member $e0 sing))
p202856	-0.00830	0.08186	-0.00088	0.00899	0.04047	-0.01851	-0.00581	0.00704	0.01573	-0.01853	-0.00367	0.00438	0.01184	-0.01988	-0.04976	0.07822	-0.02424	0.00143	-0.01263	0.00190	0.04053	0.00899	-0.02423	0.00007	-0.02061	0.01906	-0.00899	0.00013	-0.05759	-0.03929	-0.01054	0.03677	(And (Agent $e0 $x0) (Member $e0 study))
p202857	0.13355	0.07749	0.05866	-0.00403	0.01268	0.04166	0.00623	0.01887	0.06563	-0.11107	-0.07334	-0.02391	-0.00818	-0.04945	-0.04523	0.05178	0.01257	0.00151	0.04738	-0.00815	0.05663	-0.04469	-0.04522	-0.10671	0.01824	-0.04613	0.08353	0.04594	-0.06200	0.04405	-0.00072	-0.03063	(And (Agent $e0 $x0) (Member $e0 take))
p202858	-0.01656	-0.00789	0.00858	0.00514	0.00439	-0.00253	-0.00716	0.00999	-0.01361	-0.01336	-0.00237	-0.00048	-0.01383	-0.02153	-0.00596	-0.00651	-0.01777	0.02091	0.01124	-0.00591	-0.01635	-0.01224	0.03022	0.04278	-0.00431	-0.01152	0.00899	0.02409	-0.00963	-0.01156	0.00073	0.00852	(And (Agent $e0 $x0) (Member $e0 watch))
p202859	-0.02039	-0.03189	-0.00593	-0.01951	0.00700	-0.01725	0.00509	-0.00822	-0.01016	0.00026	-0.00589	-0.00780	0.00080	-0.01879	-0.01181	0.01166	0.00473	0.04004	0.02142	0.01203	-0.01037	0.01594	0.00540	0.01856	0.00306	-0.01257	-0.02022	-0.00859	0.03071	-0.00273	-0.01392	-0.00867	(And (Agent $e0 $x0) (Member $x0 boy))
p202860	-0.00162	0.00693	-0.00478	-0.03597	0.07640	0.02608	0.03012	-0.00770	-0.00902	-0.03774	0.04730	-0.09308	0.00112	-0.02312	0.00674	-0.02678	0.00333	-0.02257	0.00338	0.04841	0.09441	-0.01395	0.01953	-0.03718	0.00357	-0.04263	-0.01969	-0.03805	0.02631	-0.03414	0.01065	0.01071	(And (Agent $e0 $x0) (Result $e0 $e1))
p202861	-0.00900	-0.03547	-0.00660	0.00184	-0.00231	-0.02011	0.00129	-0.01515	-0.00357	-0.00466	-0.00589	0.00322	0.00363	-0.01993	-0.01481	0.01779	0.00354	0.03972	0.03250	-0.00533	-0.00492	-0.00226	0.01380	0.02162	-0.01357	-0.00177	-0.00134	-0.02278	0.02373	-0.01873	-0.01385	0.01429	(And (Agent $e0 $x0) (Through $e0 $x1))
p202862	-0.00676	0.00326	-0.00405	0.01167	-0.01334	-0.01206	-0.00585	-0.00486	-0.01056	-0.00637	0.00734	-0.00238	-0.00610	-0.01829	0.00278	0.00310	-0.00160	-0.00772	-0.00162	0.00820	-0.01362	0.00776	-0.01447	0.00116	0.02362	-0.00637	-0.00069	0.02323	-0.00755	0.02057	-0.00229	-0.01002	(And (Already $e0) (Patient $e0 $x0))
p202863	-0.00048	0.00006	0.03047	-0.00795	0.01174	0.02154	0.00966	-0.01164	0.01517	0.00973	-0.01760	-0.03714	-0.00476	-0.00558	0.01368	-0.01063	0.00865	-0.00640	-0.01010	0.00252	-0.00887	0.01853	-0.01062	-0.00768	-0.00712	-0.01456	0.01280	0.00309	0.02152	-0.01599	0.00256	-0.00798	(And (Before $x0 $e0) (Past $e0))
p202864	-0.03282	0.00412	-0.03020	0.01020	-0.02558	-0.01861	0.04297	0.00920	0.02807	0.00118	-0.02213	0.01258	0.00082	0.00604	0.00178	0.00615	-0.00409	0.02711	-0.02915	0.01981	-0.01477	-0.01481	-0.00366	-0.02459	-0.00447	0.03872	0.01103	0.00485	-0.02004	-0.00220	0.05231	0.03837	(And (Experiencer $e0 $x0) (Member $e0 sleep))
p202865	0.03959	0.07397	0.03637	-0.01201	-0.00833	-0.03048	0.04308	0.00378	-0.02310	-0.01897	-0.02647	-0.00844	-0.02345	-0.02875	0.06442	0.01858	-0.01649	0.00173	-0.01573	0.00807	-0.00771	0.00291	0.04250	0.03655	0.00471	0.00431	0.00718	-0.02521	-0.04919	-0.05485	0.00732	-0.00677	(And (Experiencer $e0 $x0) (Member $x0 person))
p202866	-0.01311	-0.00842	-0.01962	-0.00113	-0.01113	-0.01368	0.04686	0.00262	-0.00554	0.00057	-0.01764	0.00882	-0.00547	-0.01924	0.02933	0.00342	-0.00080	0.00544	-0.01616	0.01913	-0.00515	-0.01852	-0.00964	-0.00179	-0.00056	0.02201	-0.00799	0.00280	-0.00744	-0.00636	0.03731	0.00304	(And (Experiencer $e0 $x0) (Source $e0 $x1))
p202867	0.01161	-0.03217	-0.02774	0.00093	-0.00335	-0.01207	0.11948	0.01276	-0.00781	-0.02015	-0.05893	0.02363	-0.00686	-0.07587	0.05050	0.02124	-0.00838	0.00435	-0.00211	0.01785	-0.01834	-0.00403	-0.03178	0.01718	-0.00254	0.04563	-0.01984	-0.04102	-0.05239	-0.02151	0.07139	-0.00895	(And (Experiencer $e0 $x0) (Time $e0 today))
p202868	-0.00676	0.01353	-0.02451	0.00258	-0.01668	-0.00392	0.00944	0.06569	0.01720	-0.01085	0.00335	0.00671	0.00434	0.00706	-0.01511	-0.01641	-0.02030	-0.00155	0.02680	-0.00710	0.00930	0.01608	-0.00704	0.00469	0.00036	0.00828	0.00316	-0.03466	0.00202	0.00923	-0.01052	-0.00490	(And (GroupOf $x0 thing) (Theme $e0 $x0))
p202869	-0.00299	0.04410	-0.01547	-0.01039	0.01349	-0.02012	-0.03896	-0.07805	0.00478	0.11350	0.01845	-0.04900	0.00269	-0.04436	-0.01785	-0.00356	0.07879	-0.02021	0.09295	0.00454	-0.01460	-0.06788	0.01634	-0.01402	-0.00286	-0.01840	0.01236	-0.02126	-0.00396	-0.00311	0.10266	-0.00850	(And (Holder $e0 $x0) (Past $e0))
p202870	-0.05236	-0.07053	0.04028	-0.00479	-0.00806	-0.01618	0.02258	-0.00572	-0.02762	0.02722	-0.02903	0.02044	0.00241	-0.03792	-0.02182	0.14462	-0.00432	-0.00532	0.01562	0.09264	-0.01774	-0.03857	0.02447	-0.00417	-0.01047	0.02606	-0.01813	-0.00298	0.08364	0.00799	0.00834	-0.02127	(And (LocatedIn $x0 $x1) (Location $e0 $x0))
p202871	0.03193	-0.08643	0.02970	-0.04679	0.01000	-0.09971	0.03791	0.00205	0.00327	0.03275	0.04638	-0.00621	-0.02069	-0.03041	-0.03443	0.19092	-0.03732	-0.00224	0.04601	-0.03306	-0.04693	0.07074	0.09179	-0.04829	0.05549	-0.01829	0.00861	-0.02261	0.05139	0.02351	-0.03255	0.02856	(And (LocatedIn $x0 $x1) (Patient $e0 $x0))
p202872	0.06066	0.13605	0.07566	-0.01044	-0.04849	-0.05191	-0.00263	-0.00308	-0.03113	-0.03877	-0.03781	-0.00512	-0.03661	-0.02141	0.07354	0.02307	-0.01468	0.01528	-0.00332	-0.01350	0.00306	0.02364	0.09248	0.08142	-0.00278	-0.02018	-0.00021	-0.01784	-0.02991	-0.08106	-0.04429	-0.00745	(And (Measure $e0 duration <num> year) (Past $e0))
p202873	-0.00796	-0.02735	-0.02539	-0.01718	0.02347	-0.00069	-0.00330	0.01595	-0.00579	0.04206	-0.01882	-0.00970	-0.00867	0.00030	-0.01981	0.01588	0.04621	0.00671	-0.02400	-0.00228	-0.01684	-0.02266	0.01174	-0.01406	0.00510	0.00428	-0.00456	0.01736	-0.03414	0.00975	0.00841	-0.00751	(And (Member $e0 capture) (Theme $e0 $x0))
p202874	0.09265	0.15049	0.01515	-0.05723	0.12181	-0.06337	-0.02964	0.04481	0.17861	-0.15124	-0.04601	-0.06854	-0.06080	-0.02301	-0.05438	-0.13784	-0.11061	-0.06000	-0.00287	-0.09606	-0.07847	0.33376	-0.10100	0.11333	0.01333	-0.07057	0.11016	0.12328	0.27528	-0.13973	-0.04281	-0.05289	(And (Member $e0 contain) (Theme $e0 $x0))
p202875	-0.13391	-0.02340	0.15820	-0.01162	0.01109	-0.02350	0.06769	0.00306	0.23579	-0.20626	-0.15877	-0.02441	0.10467	0.27251	-0.02662	-0.04167	0.12227	-0.07498	0.19298	-0.08795	0.02610	-0.07448	-0.06503	0.08618	0.09897	0.12364	-0.11608	0.00188	-0.01934	-0.14292	-0.05494	-0.07048	(And (Member $e0 create) (Patient $e0 $x0))
p202876	-0.02021	-0.00338	-0.04329	0.06080	-0.03930	0.01729	-0.01301	-0.00011	-0.02658	0.00967	-0.00674	0.03335	0.01335	-0.02303	-0.01346	0.03310	0.01728	-0.02419	-0.01746	-0.00103	-0.01041	-0.02341	-0.04018	0.02026	0.03647	0.00366	0.02053	0.03917	0.01708	0.01405	0.01752	-0.01555	(And (Member $e0 direct) (Patient $e0 $x0))
p202877	-0.01068	-0.00762	0.01594	-0.01160	0.01213	-0.01279	-0.00606	-0.02024	-0.01377	0.00699	-0.00894	-0.00699	-0.00144	-0.03228	-0.00132	-0.00818	0.02330	0.00828	0.00447	0.03057	-0.03136	0.01787	-0.01161	0.02523	0.01303	-0.01281	-0.00430	0.00873	-0.01473	0.00422	-0.01375	-0.01042	(And (Member $e0 draw) (Past $e0))
p202878	-0.00178	-0.01816	0.00064	0.01007	0.02378	-0.00260	-0.00475	0.00025	-0.00556	0.01363	-0.01745	-0.00372	-0.00699	-0.00583	-0.01163	0.00116	0.03703	0.00431	-0.00093	-0.00999	-0.00629	-0.00786	-0.00344	-0.00610	-0.01125	-0.00281	-0.01003	0.01841	-0.01416	-0.00670	-0.00177	0.01593	(And (Member $e0 follow) (Past $e0))
p202879	-0.00718	-0.01260	0.02231	-0.00099	0.03792	-0.02144	-0.00174	0.02334	-0.03726	0.00371	-0.02906	-0.00398	-0.02084	-0.00253	0.03840	-0.01275	0.01124	-0.01516	0.01038	-0.01995	-0.02174	0.01034	-0.02413	-0.00228	0.00283	-0.00076	0.02051	0.05103	0.02730	-0.00515	-0.01169	-0.00844	(And (Member $e0 follow) (Theme $e0 $x0))
p202880	0.04089	0.17914	-0.07198	-0.05648	0.11594	0.29952	0.03452	-0.04357	-0.10988	-0.05639	-0.08344	0.18038	0.00456	-0.05392	-0.06149	-0.07952	0.16128	-0.05933	-0.02170	-0.11840	-0.04209	-0.03924	0.04052	0.20432	0.03947	-0.00915	-0.13075	-0.06892	0.18316	0.23962	-0.11214	0.05456	(And (Member $e0 get) (Ongoing $e0))
p202881	0.03873	0.17596	-0.07858	-0.05739	0.09620	0.29048	0.03447	-0.03915	-0.11152	-0.05266	-0.07915	0.18442	0.00437	-0.05742	-0.05539	-0.07516	0.15583	-0.05505	-0.02675	-0.11406	-0.04735	-0.03653	0.03386	0.20435	0.05041	-0.00709	-0.12054	-0.06145	0.17851	0.23807	-0.10651	0.03964	(And (Member $e0 get) (Patient $e0 $x0))
p202882	0.04361	0.17353	-0.06989	-0.04820	0.11837	0.29201	0.03748	-0.04307	-0.11001	-0.05806	-0.08047	0.17809	0.00466	-0.05064	-0.06179	-0.07851	0.15547	-0.05867	-0.01780	-0.11265	-0.03584	-0.04005	0.03483	0.19765	0.02934	-0.01405	-0.13048	-0.06410	0.18558	0.23439	-0.11165	0.04278	(And (Member $e0 get) (Result $e0 $e1))
p202883	-0.00735	0.00459	-0.00493	-0.01137	0.04835	-0.00163	0.02922	0.01275	-0.00001	-0.02042	0.03713	-0.04644	-0.00245	-0.01611	-0.00587	-0.01128	0.00297	-0.00370	0.00330	0.05700	0.04477	-0.01699	0.00006	-0.01638	-0.00159	-0.02623	-0.04165	-0.02644	0.00285	-0.01536	-0.01639	-0.00561	(And (Member $e0 leave) (Past $e0))
p202884	-0.04040	-0.01856	0.00440	-0.01162	-0.01099	0.06171	0.04673	0.01667	0.00408	0.05077	-0.02183	0.00609	0.00265	-0.01090	-0.00173	0.02566	-0.02057	-0.00814	-0.03108	0.00263	-0.02683	0.00177	-0.03086	0.00543	0.01420	0.01464	0.04201	-0.01972	-0.03901	-0.00385	0.02912	-0.00377	(And (Member $e0 need) (Theme $e0 $e1))
p202885	0.00104	-0.03112	-0.03987	-0.00839	-0.01107	0.00407	-0.00348	0.02858	0.01171	0.02668	-0.00673	-0.01559	-0.01328	0.00157	-0.01616	0.00761	0.03626	-0.00457	-0.01531	0.00064	0.01003	-0.00689	0.03970	0.00305	0.00575	0.00370	0.00108	-0.01943	-0.01791	0.00873	0.00131	-0.01071	(And (Member $e0 present) (Past $e0))
p202886	0.00104	-0.03112	-0.03987	-0.00839	-0.01107	0.00407	-0.00348	0.02858	0.01170	0.02668	-0.00673	-0.01559	-0.01328	0.00157	-0.01616	0.00761	0.03626	-0.00457	-0.01531	0.00064	0.01003	-0.00689	0.03970	0.00305	0.00575	0.00370	0.00108	-0.01943	-0.01792	0.00873	0.00131	-0.01071	(And (Member $e0 present) (Theme $e0 $x0))
p202887	0.02094	-0.01741	0.03319	-0.01215	-0.03447	-0.04667	-0.00329	0.03371	-0.05783	0.05446	-0.01521	-0.01713	-0.03593	0.01194	0.16832	-0.05591	0.06554	-0.02293	-0.03084	0.00840	0.03399	-0.03971	0.01468	-0.02180	0.00576	-0.01914	0.00521	-0.00631	0.08100	0.00759	-0.02626	-0.00807	(And (Member $e0 receive) (Theme $e0 $x0))
p202888	0.03054	0.00435	0.02715	-0.00357	0.00542	0.01722	-0.00946	-0.01020	-0.00816	-0.03306	0.02632	-0.02597	-0.00619	-0.03238	-0.01375	-0.01118	0.00068	0.00214	0.01811	-0.01044	-0.00794	0.00818	0.00924	0.00480	-0.01292	0.05070	-0.00842	-0.01240	0.01369	-0.02442	-0.01025	-0.00140	(And (Member $e0 run) (Past $e0))
p202889	0.00079	-0.01691	0.01612	0.01431	0.00658	-0.02167	0.00443	0.04139	-0.01818	-0.00381	-0.02159	0.01259	0.00403	-0.00215	0.01447	0.01338	-0.02631	-0.01427	0.02072	-0.01085	0.00509	0.00333	0.00110	0.00573	-0.00637	0.01044	0.00907	-0.00849	0.02367	-0.01070	-0.01363	0.01543	(And (Member $e0 sell) (Theme $e0 $x0))
p202890	-0.17765	-0.16549	-0.26473	0.02967	0.07330	-0.07174	-0.00361	-0.02475	0.21294	0.04816	0.13254	0.03220	0.13544	0.00445	0.06913	0.11111	0.08916	-0.07090	-0.00059	-0.05754	-0.04782	0.16963	-0.12476	0.00992	-0.01967	0.14212	0.09539	-0.20787	-0.06761	0.23758	-0.07473	-0.00670	(And (Member $e0 sing) (Past $e0))
p202891	-0.01882	0.01793	-0.01789	0.02657	-0.03889	-0.03859	0.02825	0.00920	0.02326	-0.00258	-0.02772	0.03122	-0.00700	0.00716	0.00280	-0.00038	-0.01037	0.03993	-0.02089	0.00519	-0.02135	-0.01855	0.01308	0.00356	-0.00317	0.02651	0.01813	-0.00073	-0.02662	-0.02653	0.03575	0.06292	(And (Member $e0 sleep) (Ongoing $e0))
p202892	-0.01309	-0.00127	0.00166	0.03645	0.01091	-0.01512	0.00049	-0.01437	0.00706	-0.00307	-0.03278	-0.01212	-0.00190	-0.00224	-0.00916	-0.00671	0.01862	-0.00211	-0.00986	0.00895	-0.00603	-0.00257	-0.01212	-0.01732	-0.01767	0.00774	0.00626	0.02916	-0.00016	-0.00858	0.02431	0.04943	(And (Member $e0 stand) (Past $e0))
p202893	-0.00229	-0.00308	0.01556	0.01998	0.02378	-0.01483	-0.00642	0.00722	0.00641	-0.00051	-0.00947	0.01038	-0.00295	-0.01094	-0.01018	0.00579	-0.01851	-0.01164	0.00500	-0.00163	0.01004	-0.01167	-0.01021	0.00936	-0.01224	0.00764	-0.00546	-0.00146	-0.02717	-0.01992	0.00238	0.07102	(And (Member $e0 study) (Ongoing $e0))
p202894	0.01404	-0.02008	0.00972	0.01632	0.07503	-0.02072	0.02532	-0.00926	-0.01910	-0.02310	0.04157	-0.02596	-0.00586	-0.04784	-0.00819	0.00224	-0.00305	-0.02664	0.02185	0.03536	-0.01319	-0.01159	-0.01985	0.00279	0.00882	0.00837	-0.03188	0.00326	0.00851	-0.03245	-0.01104	-0.00293	(And (Member $e0 turn) (Past $e0))
p202895	-0.05235	-0.02595	0.14208	-0.02659	-0.02734	-0.10906	-0.03771	-0.00846	-0.05171	-0.08416	0.13470	0.34112	-0.03886	-0.09810	-0.05377	-0.04226	0.09724	-0.02107	-0.04277	-0.03613	0.10909	0.12524	-0.04148	-0.03218	0.01879	-0.06083	0.01767	0.01407	0.00152	-0.08815	0.19394	-0.00385	(And (Member $e0 win) (Past $e0))
p202896	-0.05235	-0.02595	0.14207	-0.02659	-0.02734	-0.10907	-0.03771	-0.00846	-0.05172	-0.08416	0.13470	0.34112	-0.03886	-0.09811	-0.05378	-0.04226	0.09725	-0.02107	-0.04277	-0.03614	0.10909	0.12524	-0.04148	-0.03218	0.01879	-0.06083	0.01767	0.01406	0.00152	-0.08815	0.19394	-0.00385	(And (Member $e0 win) (Theme $e0 $x0))
p202897	0.03320	0.02176	-0.00589	0.02955	0.10523	0.03002	-0.00633	-0.02308	-0.01815	-0.01982	0.08258	0.05469	-0.01890	0.17290	-0.03801	-0.05301	0.06529	-0.00412	0.03775	-0.01083	-0.01804	-0.06360	0.05163	-0.03013	-0.00483	-0.05394	0.10692	-0.06213	0.03363	0.02098	-0.08551	0.00526	(And (Member $x0 bad) (Patient $e0 $x0))
p202898	-0.01449	-0.02801	-0.01782	-0.00053	0.00707	0.00211	0.00213	0.03655	-0.00798	0.00906	-0.01475	-0.00376	-0.01339	0.00844	-0.01470	0.02503	0.01616	-0.01274	0.00431	-0.00806	0.00650	-0.00394	0.01615	-0.00483	-0.00206	0.01185	-0.00541	-0.00037	0.00832	0.01255	-0.00380	-0.00934	(And (Member $x0 house) (Theme $e0 $x0))
p202899	-0.00424	-0.02127	0.00368	-0.00652	0.04429	-0.01634	-0.00404	0.00634	-0.01833	0.03627	-0.02685	-0.00455	-0.00847	-0.01079	0.00104	0.00974	0.02427	0.00265	-0.01410	-0.00170	-0.02275	-0.02465	-0.01214	-0.00516	0.00158	0.00302	-0.00029	0.03313	-0.02588	-0.01032	0.00868	0.01737	(And (Member $x0 new) (Theme $e0 $x0))
p202900	-0.02389	0.03746	-0.01606	-0.07373	0.01202	0.04197	-0.01524	-0.02162	-0.00627	0.00937	0.02939	-0.08079	0.00026	-0.03154	0.01099	-0.02280	0.01716	-0.01447	-0.04498	0.02937	0.00353	-0.00202	0.04769	-0.02583	0.06988	0.00489	0.02035	0.02881	-0.01651	-0.02307	0.03770	-0.01879	(And (Member $x0 room) (Patient $e0 $x0))
p202901	-0.01230	0.00993	0.02308	0.01144	0.00680	-0.02647	-0.00425	-0.01488	-0.01915	-0.01185	0.02399	-0.01915	-0.00519	-0.02388	0.03714	-0.02771	0.00725	-0.01103	0.00313	0.03365	-0.01001	-0.00167	-0.01353	-0.00876	0.01990	-0.01313	-0.00278	0.02077	0.03248	-0.00505	-0.01682	0.02388	(And (Member $x0 sound) (Patient $e0 $x0))
p202902	0.01429	0.00322	0.00225	0.00645	0.00245	-0.00189	-0.01649	-0.01492	-0.00846	-0.00907	-0.00219	-0.02143	-0.00089	-0.03914	-0.01213	0.01385	0.01221	-0.02023	0.00296	0.01768	0.01162	-0.01189	0.01015	0.00442	-0.00196	0.01766	0.02152	-0.00309	-0.03394	-0.00733	0.00435	0.02624	(And (Past $e0) (Stimulus $e0 $e1))
p202903	0.00958	0.00430	0.00996	0.02857	0.00067	0.02232	-0.00894	-0.01685	0.00536	-0.02441	-0.00630	-0.02176	-0.00288	-0.01643	-0.01147	-0.00278	0.01569	-0.01881	0.01326	-0.01294	-0.00083	0.01891	-0.00567	0.00078	-0.00057	-0.01199	-0.00305	0.00695	-0.00545	-0.00570	-0.00504	-0.00609	(And (Past $e0) (Time $e0 (Year <num>)))
p202904	0.01018	0.00465	-0.00905	0.07378	-0.00937	0.03463	-0.01755	-0.02460	-0.00859	-0.03303	0.01286	0.00423	-0.00794	-0.02130	-0.02100	-0.00008	0.03655	-0.03696	0.01474	-0.01792	0.00493	0.00847	-0.01673	0.00747	-0.01028	-0.00075	-0.00183	0.02042	0.00448	0.00519	-0.00344	-0.00902	(And (Past $e0) (Time $e0 night))
p202905	-0.00912	-0.02299	-0.02135	-0.00322	-0.01654	0.00397	0.01625	0.00145	0.01434	-0.01769	0.00347	-0.01727	0.00459	-0.00112	-0.01393	-0.01984	0.00635	0.05795	0.02006	-0.01579	0.00779	0.02564	0.01449	-0.00726	-0.00737	-0.01635	-0.00165	-0.03359	0.01877	-0.00396	-0.00393	-0.00702	(And (Past $e0) (TimeAtMost $e0 (Year <num>)))
p202908	-0.19472	-0.01555	0.19297	0.12185	0.04768	0.09528	-0.04957	0.07922	0.16374	-0.12306	0.15581	-0.08402	0.07931	-0.05182	0.02980	-0.02869	-0.18123	0.07801	-0.06653	-0.05534	-0.07002	-0.20122	0.21409	0.04475	-0.03390	-0.08467	-0.18724	0.11224	-0.04696	0.15208	0.19574	-0.02369	(And (Theme $e0 $x0) (To $e1 $e0))
p202970	0.00284	0.00251	-0.00483	0.00091	0.00525	-0.00637	-0.00487	-0.00566	0.00565	0.00739	-0.00146	0.00197	-0.00670	-0.00104	0.00290	-0.00281	0.00726	0.00415	-0.01178	0.00078	-0.01093	-0.00653	-0.01548	0.00296	0.00402	-0.00787	-0.00287	0.02143	0.00337	-0.00474	0.00133	-0.00363	(GroupOf $x0 book)
p202971	0.00164	-0.01525	0.00510	-0.00985	0.02454	0.00430	-0.00249	-0.00965	0.00273	-0.01270	0.00005	-0.04052	0.00225	-0.02535	0.00812	-0.01612	0.00596	-0.00917	0.00549	0.01082	0.04816	-0.01761	0.01300	-0.00729	0.00050	-0.01126	0.01207	-0.03508	-0.00355	-0.03056	0.02120	0.05483	(GroupOf $x0 boy)
p202972	0.00201	-0.00689	-0.00291	0.00232	-0.00564	-0.00485	-0.00029	0.00908	0.01612	-0.00184	-0.00214	0.01221	-0.00764	-0.00220	-0.00479	0.01557	-0.00826	-0.00391	-0.00118	0.01344	0.00466	-0.00253	-0.00727	0.01480	-0.00399	-0.00351	-0.00264	-0.00351	0.02694	-0.00152	-0.00476	-0.00599	(GroupOf $x0 city)
p202973	-0.01802	-0.00572	-0.05883	0.00487	-0.03820	0.02954	0.00071	0.00062	-0.05942	0.06145	0.01964	0.01970	0.00132	-0.00639	-0.00193	0.00197	0.00385	0.00042	-0.04325	0.02741	0.00588	-0.01126	-0.01390	0.00181	0.00325	-0.00354	0.05146	0.01408	-0.02159	0.04769	-0.00548	0.00540	(GroupOf $x0 cloud)
p202974	-0.01100	-0.03076	0.00348	-0.00469	0.00194	0.00216	-0.00467	-0.00386	-0.00553	0.00501	-0.00914	-0.00041	-0.00346	0.01114	-0.00132	0.03892	0.00146	-0.00665	0.00716	-0.00683	0.00876	-0.00752	0.01679	-0.00848	0.00207	0.00256	0.00144	-0.00519	0.03866	0.00137	0.01006	-0.00562	(GroupOf $x0 flower)
p202975	-0.00311	-0.00477	-0.00748	0.00244	0.00121	-0.00766	-0.00596	-0.00427	-0.00395	0.00995	-0.00415	-0.00474	-0.00094	0.00663	-0.00181	-0.00040	-0.00072	0.00030	-0.00505	-0.00945	-0.01029	0.00947	-0.00153	0.01026	0.01406	0.00613	0.00045	-0.00295	-0.01661	0.00290	0.00338	0.00764	(Location $e0 here)
p202976	-0.06621	-0.02209	-0.15278	-0.01615	0.04173	-0.06101	0.00097	-0.01508	0.13122	0.02345	0.09645	0.00421	0.07933	-0.01545	0.00333	0.13660	0.03628	-0.03206	-0.01538	-0.05335	-0.00781	0.13915	-0.05118	-0.02033	0.00263	0.08315	0.04718	-0.13802	-0.08620	0.13069	-0.06257	0.01625	(Member $e0 appear)
p202977	0.09265	0.15049	0.01516	-0.05723	0.12181	-0.06337	-0.02964	0.04481	0.17861	-0.15124	-0.04601	-0.06854	-0.06080	-0.02301	-0.05438	-0.13784	-0.11061	-0.06000	-0.00287	-0.09606	-0.07847	0.33376	-0.10100	0.11333	0.01333	-0.07057	0.11016	0.12328	0.27528	-0.13973	-0.04281	-0.05289	(Member $e0 contain)
p202978	-0.13391	-0.02340	0.15820	-0.01162	0.01109	-0.02350	0.06769	0.00306	0.23580	-0.20626	-0.15877	-0.02440	0.10467	0.27251	-0.02661	-0.04167	0.12227	-0.07498	0.19298	-0.08795	0.02610	-0.07448	-0.06503	0.08618	0.09897	0.12364	-0.11608	0.00188	-0.01934	-0.14292	-0.05494	-0.07048	(Member $e0 create)
p202979	-0.01084	-0.00779	0.01576	-0.01181	0.01195	-0.01301	-0.00624	-0.02044	-0.01395	0.00683	-0.00911	-0.00718	-0.00163	-0.03248	-0.00150	-0.00841	0.02313	0.00808	0.00430	0.03040	-0.03154	0.01770	-0.01178	0.02506	0.01286	-0.01299	-0.00446	0.00854	-0.01489	0.00402	-0.01395	-0.01060	(Member $e0 draw)
p202980	-0.01147	0.01856	0.00099	0.01390	-0.00907	0.02862	0.00436	0.00690	0.00405	-0.00222	0.00525	-0.01707	-0.00207	-0.00103	-0.00339	-0.00303	-0.01565	0.01136	-0.01315	0.00608	0.04592	-0.01371	-0.02772	-0.01226	0.00304	-0.02448	-0.00098	0.00025	0.00989	-0.00825	0.00538	0.01147	(Member $e0 eat)
p202981	-0.00258	-0.00778	-0.00046	0.00316	-0.00233	0.01855	-0.00619	-0.00974	0.00113	-0.01792	0.00225	-0.02410	-0.00247	-0.00843	-0.00276	-0.01359	0.00754	-0.00077	0.00927	-0.00937	0.01195	0.01754	0.00330	-0.00233	0.00658	-0.01395	0.00044	-0.00356	0.01265	-0.00234	0.00102	-0.00706	(Member $e0 form)
p202982	0.00512	-0.00806	-0.00959	-0.00184	-0.00238	-0.00592	0.02940	0.00112	0.01029	-0.00363	-0.01419	0.01056	-0.00555	-0.01354	0.01639	0.00168	-0.00237	0.00286	-0.00858	0.00633	-0.00580	-0.00693	-0.01740	0.00670	-0.00051	0.00672	-0.00573	-0.01057	-0.00954	-0.00915	0.02361	-0.00346	(Member $e0 look)
p202983	-0.03854	-0.01348	0.11568	-0.01862	-0.02283	-0.07965	-0.03061	-0.01475	-0.03648	-0.07450	0.10785	0.26379	-0.02887	-0.07327	-0.03870	-0.03548	0.06276	-0.01537	-0.02974	-0.02771	0.08403	0.09757	-0.03569	-0.02082	0.01315	-0.04924	0.01635	0.00816	0.00338	-0.06964	0.15145	-0.00224	(Member $e0 portray)
p202984	-0.00472	-0.01001	-0.01424	-0.00437	0.01230	-0.00437	-0.00067	-0.00018	-0.01283	-0.00309	-0.00523	-0.00238	-0.00670	-0.01236	-0.00643	-0.00577	0.00347	0.00378	0.00638	-0.00473	-0.00386	0.00798	-0.00609	0.01250	-0.00291	-0.00521	0.00398	0.02065	0.00055	0.00386	-0.00468	-0.00825	(Member $e0 provide)
p202985	0.02118	-0.00787	-0.00097	0.00603	0.00405	-0.00712	0.00822	0.01851	-0.00720	-0.00313	-0.02068	-0.02213	0.04057	-0.01888	-0.01346	-0.00874	-0.00090	-0.01190	0.00479	0.00627	0.00922	0.02163	0.02353	-0.00797	-0.01078	0.00280	0.00316	-0.01450	-0.00614	-0.00554	-0.00157	-0.00639	(Member $e0 say)
p202986	-0.01309	-0.00127	0.00166	0.03645	0.01091	-0.01513	0.00049	-0.01437	0.00706	-0.00307	-0.03278	-0.01212	-0.00190	-0.00224	-0.00916	-0.00671	0.01862	-0.00211	-0.00986	0.00895	-0.00603	-0.00257	-0.01212	-0.01732	-0.01768	0.00774	0.00625	0.02916	-0.00016	-0.00858	0.02430	0.04943	(Member $e0 stand)
p202987	-0.07760	0.02294	0.15232	0.02148	0.00758	0.20137	0.05637	-0.00380	0.05051	0.09491	-0.02623	-0.00817	0.03483	0.01796	-0.03740	0.01808	-0.04573	0.00685	-0.02802	-0.01212	-0.06482	0.07274	-0.10591	-0.04898	-0.01983	-0.05705	0.09689	-0.04772	-0.03005	-0.02223	-0.02348	0.01095	(Member $e0 stop)
p202988	0.00020	-0.02877	0.01484	0.03624	-0.00430	-0.00587	-0.01215	-0.01033	0.00502	0.00885	-0.02104	0.03019	0.00198	-0.02756	-0.01210	0.01129	0.00741	0.00314	0.01319	0.03655	0.00602	-0.05645	-0.02822	0.01240	-0.02035	0.00363	0.04172	-0.01811	-0.04190	-0.00487	0.00645	0.06766	(Member $e0 swim)
p202989	-0.00892	-0.00312	0.00861	-0.01182	-0.03789	-0.00165	0.00746	-0.00630	0.00240	0.00345	-0.00293	0.01248	-0.00379	-0.00910	-0.02645	-0.00420	-0.00335	0.05470	0.01722	0.00592	-0.02824	0.01359	0.05327	0.06636	-0.00471	-0.02152	0.01866	-0.03363	-0.01700	-0.02035	-0.03230	-0.01356	(Member $e0 travel)
p202990	-0.01802	0.01420	-0.00903	-0.00764	-0.00538	-0.00463	-0.00642	-0.00774	-0.01222	0.01354	0.01358	-0.00333	-0.00049	-0.00852	0.00310	-0.00260	-0.00034	-0.00054	0.01803	-0.00470	-0.01393	0.00221	0.00091	-0.00131	0.01797	0.00143	0.00506	0.00369	-0.01070	0.01321	0.01256	-0.00440	(Member $x0 bank)
p202991	-0.00850	-0.03168	0.00406	-0.00619	0.04050	-0.00771	0.02142	-0.00860	-0.01053	-0.00209	0.01366	-0.00785	-0.00389	-0.01086	-0.00173	0.03625	-0.00039	-0.01407	0.01283	0.02286	-0.00011	-0.01836	0.01261	0.00111	0.00294	-0.00474	-0.02291	-0.01263	0.03778	-0.01689	0.00096	-0.00509	(Member $x0 black)
p202992	0.02565	-0.00388	0.00179	-0.03184	-0.00477	-0.02096	-0.00296	0.00409	0.01205	0.02803	0.01156	-0.01784	-0.00774	-0.01543	-0.00556	0.01764	0.02236	-0.00630	0.02412	-0.01587	-0.00738	0.01533	0.03328	-0.02079	0.02355	-0.00411	0.01120	-0.03481	-0.03512	0.01649	0.00446	0.02324	(Member $x0 blue)
p202993	-0.00564	-0.01312	0.00031	0.00020	0.00090	0.00017	-0.00444	-0.00488	-0.00074	0.00246	-0.00390	0.00628	-0.00508	0.01318	-0.00431	0.02172	-0.00033	-0.00236	0.00127	-0.00427	0.00101	-0.00793	0.00727	-0.00360	-0.00511	-0.00051	-0.00699	0.00199	0.01270	0.00264	0.00092	-0.00442	(Member $x0 box)
p202994	0.00425	-0.01941	0.01133	0.00045	0.00872	-0.00456	-0.00714	-0.00023	-0.01416	0.00316	0.00655	0.00826	-0.00739	-0.00539	-0.01022	0.04188	-0.00028	-0.00004	0.00098	-0.00574	-0.01555	-0.02155	0.00149	-0.00673	0.00210	0.03498	-0.00512	0.01149	0.02838	-0.00823	0.00852	-0.00333	(Member $x0 corner)
p202995	-0.02439	-0.02208	-0.02490	0.02665	-0.02497	0.00736	-0.00272	0.01642	-0.00854	0.01476	-0.00217	0.02087	-0.00752	0.00177	-0.00502	0.03864	0.01234	-0.01296	-0.00739	-0.00443	-0.00705	-0.01547	-0.00862	0.00738	0.02199	0.00995	-0.00018	0.00416	0.01989	0.01488	0.00513	-0.00856	(Member $x0 film)
p202996	0.00981	0.01092	0.00729	0.03496	-0.02560	-0.00399	0.00337	0.00594	-0.00991	-0.02096	-0.02680	0.01310	-0.01234	-0.00985	0.00526	-0.01490	-0.01137	0.02519	0.00660	-0.00173	0.00804	-0.00798	-0.01041	0.03301	0.01171	-0.01520	-0.00428	-0.01180	0.01996	-0.00768	0.00917	0.01485	(Member $x0 fire)
p202997	-0.00779	-0.00980	0.00207	-0.00721	0.00153	-0.00439	-0.00417	-0.00303	0.00234	0.00559	-0.00168	0.00732	-0.00244	0.00665	-0.00047	0.01932	0.00035	-0.00049	-0.00022	-0.00648	-0.00573	-0.00267	0.00899	-0.00124	0.00590	0.00362	-0.00521	-0.00329	0.00726	0.00250	-0.00077	0.01011	(Member $x0 fridge)
p202998	-0.01196	-0.03388	0.01056	0.00576	0.00388	-0.00580	-0.00124	-0.00323	-0.00553	0.00993	-0.01307	0.01605	-0.00338	0.01417	-0.00791	0.06346	-0.00340	-0.00334	0.01121	-0.00732	-0.00078	-0.01236	0.01520	-0.00397	-0.00706	0.00637	-0.01074	-0.00192	0.05006	-0.00185	0.00399	-0.00341	(Member $x0 full)
p202999	-0.00133	-0.01808	-0.00354	-0.01146	0.01555	-0.00667	-0.00578	0.00090	-0.00698	-0.00372	-0.01451	-0.00971	-0.00577	-0.01633	-0.00501	-0.00290	0.00336	0.00296	0.01066	-0.00692	-0.00508	0.00656	0.00977	0.01420	0.00704	-0.00108	0.02212	0.00279	-0.01233	-0.00730	0.00536	0.01085	(Member $x0 government)
p203000	-0.00847	-0.00721	0.00923	0.01224	0.00772	-0.00661	0.00287	0.01599	0.00167	-0.00010	-0.00994	0.01047	-0.00350	0.01547	0.01311	-0.01192	-0.01212	0.02710	0.00527	-0.00912	-0.00285	-0.01119	-0.02528	-0.00531	-0.00288	-0.00465	-0.00813	-0.00628	0.01309	-0.00758	-0.00664	0.02717	(Member $x0 language)
p203001	0.03329	-0.00224	0.01438	0.00870	0.02322	-0.03067	-0.01296	-0.01470	-0.01210	0.02948	-0.02492	0.02243	0.07157	-0.00196	-0.01803	-0.00082	0.00053	0.01523	-0.01332	-0.00559	-0.01222	-0.02070	0.00018	-0.02200	-0.01145	-0.00572	0.00330	0.01048	-0.00614	-0.02589	0.00414	0.02786	(Member $x0 line)
p203002	0.00251	0.01053	0.00112	0.00517	-0.00259	0.00427	-0.00490	-0.00160	-0.00121	-0.00410	0.00406	0.00514	-0.00475	0.00222	0.00187	0.00169	-0.00165	-0.00341	-0.00572	-0.00091	-0.00256	-0.00870	-0.00930	-0.00031	0.00205	0.00963	-0.00310	0.00717	-0.00873	0.00170	0.00017	-0.00232	(Member $x0 party)
p203003	0.00836	-0.01683	-0.00489	0.00372	0.01265	-0.01023	0.03269	-0.00872	-0.00790	-0.02028	-0.00354	-0.02080	-0.00538	-0.02823	0.03202	-0.01375	0.00394	-0.00196	0.01404	0.01034	-0.00111	0.00448	-0.00487	0.00771	-0.00303	0.00309	0.00176	-0.01474	0.00834	-0.01965	0.01339	-0.00641	(Member $x0 train)
p203004	0.00248	0.00372	0.00432	0.00213	0.00853	0.00611	-0.00495	0.00079	-0.00653	-0.01089	0.00031	-0.00666	-0.00670	-0.00288	-0.00056	-0.00542	-0.00578	-0.01036	0.00334	-0.00579	-0.00295	0.00300	-0.00722	0.00020	-0.00532	0.01216	0.00155	0.01190	0.00189	-0.00250	-0.00307	-0.00399	(Member $x0 way)
p203005	-0.01579	-0.01257	-0.01270	0.00492	-0.01649	0.00744	0.00019	0.00828	0.00147	-0.01777	0.00820	-0.00912	-0.00142	0.00107	0.00666	-0.02063	-0.00914	0.03122	0.00782	-0.00821	0.02385	0.00069	-0.01437	-0.00674	0.02778	-0.02010	-0.01150	-0.01307	0.03761	0.00206	0.00475	0.00899	(Member $x0 wind)
p203006	0.02268	-0.00139	0.02578	0.00408	-0.04266	-0.03575	0.01506	0.04688	-0.03794	0.02301	-0.01910	0.00062	-0.03169	0.02417	0.15505	-0.04891	0.02738	-0.01415	-0.00863	-0.01091	0.02789	-0.02778	-0.00511	-0.01000	0.00204	-0.00652	0.00697	-0.02414	0.07709	0.00493	-0.03309	-0.00387	(Member $x0 work)
p203007	-0.01170	-0.01370	-0.01031	-0.01700	0.01210	-0.00435	-0.00268	0.01306	-0.00750	0.02305	-0.00694	-0.01105	-0.00661	-0.00198	-0.00881	0.00442	0.02704	0.00438	-0.01410	0.01367	-0.00942	-0.00860	0.00980	-0.00855	0.00425	-0.00029	-0.00696	0.01435	-0.01880	0.01421	-0.00357	-0.00872	(Of $x0 $x1)
p203008	0.00775	-0.00530	0.00189	-0.00518	-0.01368	-0.02027	-0.00240	-0.00476	0.00066	-0.01534	0.01999	0.00354	-0.00793	-0.02532	0.01636	-0.01876	-0.00471	0.02230	0.01141	-0.00170	-0.02023	-0.00218	-0.01058	0.03398	0.00423	0.03412	0.00238	-0.00909	0.02663	-0.02428	-0.01422	-0.00283	(Over $e0 $x0)
p203009	-0.00531	-0.02415	-0.00654	0.00100	-0.00572	0.00298	0.00857	0.00114	0.00228	-0.00891	-0.00947	0.00123	-0.00512	-0.00134	0.00136	0.01349	-0.00447	0.00974	0.00672	-0.00186	0.01254	-0.00754	-0.00064	0.00210	0.00070	-0.00424	-0.00461	-0.01101	0.02940	-0.00390	0.01398	-0.00575	(ProportionOf $x0 $x1 most)
p203010	-0.01484	0.00934	-0.00419	0.01227	-0.00801	-0.00183	0.01179	0.01720	-0.01013	-0.00227	0.00238	-0.00333	-0.00517	-0.00321	0.01171	-0.00889	-0.00627	-0.00464	0.03475	-0.01257	-0.00042	0.01317	-0.00627	0.00223	-0.00131	0.00488	-0.00649	-0.01655	0.00740	0.00995	-0.00062	-0.00402	(Still $e0)
p203011	0.01429	0.00322	0.00225	0.00645	0.00245	-0.00189	-0.01649	-0.01491	-0.00846	-0.00907	-0.00219	-0.02143	-0.00089	-0.03914	-0.01213	0.01386	0.01221	-0.02023	0.00297	0.01768	0.01162	-0.01189	0.01015	0.00442	-0.00196	0.01767	0.02152	-0.00309	-0.03394	-0.00732	0.00435	0.02624	(Stimulus $e0 $e1)
p203012	0.00902	0.00372	0.00942	0.02794	0.00004	0.02167	-0.00952	-0.01747	0.00477	-0.02505	-0.00692	-0.02233	-0.00351	-0.01702	-0.01208	-0.00344	0.01510	-0.01941	0.01268	-0.01355	-0.00144	0.01828	-0.00630	0.00017	-0.00117	-0.01263	-0.00362	0.00635	-0.00604	-0.00636	-0.00567	-0.00669	(Time $e0 (Year <num>))
p203013	-0.00909	-0.02297	-0.02132	-0.00321	-0.01652	0.00398	0.01627	0.00147	0.01436	-0.01767	0.00349	-0.01724	0.00460	-0.00109	-0.01391	-0.01983	0.00638	0.05798	0.02008	-0.01577	0.00780	0.02566	0.01451	-0.00724	-0.00735	-0.01634	-0.00163	-0.03357	0.01879	-0.00394	-0.00391	-0.00700	(TimeAtMost $e0 (Year <num>))
p203014	-0.00462	-0.00425	-0.00484	-0.00075	-0.00336	0.00633	-0.00081	0.00087	0.00376	-0.00716	0.00336	-0.00012	-0.00303	0.01351	0.00126	-0.00933	-0.00325	0.01462	0.00235	-0.00428	0.00914	-0.00165	-0.00707	-0.00714	0.00201	-0.00960	-0.00568	-0.00329	0.01231	0.00552	-0.00135	-0.00304	(To $x0 $x1)
p203015	0.01386	0.00458	-0.00134	-0.00148	-0.00002	-0.00564	-0.00574	-0.00669	0.00989	0.00220	-0.00240	0.00628	0.01164	0.00491	-0.00190	-0.00718	-0.00047	0.00246	-0.00868	-0.00158	-0.00203	-0.00135	-0.00546	-0.00189	-0.00332	-0.00717	-0.00011	0.00315	0.00647	-0.00552	-0.00080	-0.00261	(Yet $e0)
p203046	0.08210	0.16962	0.08000	0.00189	-0.09414	-0.10818	0.02522	0.02545	-0.04231	-0.02322	-0.03281	0.08222	-0.05762	0.03780	0.07467	0.02771	-0.04114	0.07993	-0.00342	-0.00489	-0.04282	-0.01157	0.13173	0.14781	0.00834	-0.03814	0.05940	-0.05619	-0.06265	-0.11815	-0.07997	-0.01452	(And (Agent $e0 $x0) (Before $e1 $e0) (Past $e0) (Past $e1))
p203047	0.16485	-0.03951	-0.13706	-0.06495	-0.14117	0.31461	-0.03749	0.01680	-0.12133	-0.15679	0.14255	-0.16401	0.03548	0.19518	0.13402	0.12106	0.03892	0.01503	0.10625	0.14143	-0.01325	0.11510	-0.12741	0.10351	-0.00433	-0.11503	-0.07278	0.03726	-0.03847	-0.09960	0.10085	0.11760	(And (Agent $e0 $x0) (GroupOf $x1 view) (Member $x0 thing) (Theme $e0 $x1))
p203048	0.16485	-0.03951	-0.13706	-0.06495	-0.14117	0.31462	-0.03749	0.01680	-0.12133	-0.15679	0.14255	-0.16401	0.03548	0.19518	0.13402	0.12106	0.03892	0.01503	0.10625	0.14143	-0.01325	0.11510	-0.12741	0.10351	-0.00433	-0.11503	-0.07278	0.03726	-0.03847	-0.09960	0.10085	0.11760	(And (Agent $e0 $x0) (GroupOf $x1 view) (Past $e0) (Theme $e0 $x1))
p203049	0.10143	-0.01799	-0.07410	-0.03526	-0.07547	0.18625	-0.02145	0.00591	-0.06673	-0.08929	0.07258	-0.09373	0.02434	0.10484	0.06871	0.06156	0.02346	0.00904	0.05893	0.07342	-0.00661	0.06177	-0.07233	0.05432	-0.00432	-0.06546	-0.03774	0.02186	-0.01924	-0.05202	0.05202	0.06199	(And (Agent $e0 $x0) (GroupOf $x1 view) (Possession $x1 free_soil_party) (Theme $e0 $x1))
p203050	0.10143	-0.01799	-0.07410	-0.03526	-0.07547	0.18625	-0.02145	0.00591	-0.06673	-0.08929	0.07258	-0.09373	0.02434	0.10484	0.06871	0.06156	0.02346	0.00904	0.05893	0.07342	-0.00661	0.06177	-0.07233	0.05432	-0.00432	-0.06546	-0.03774	0.02186	-0.01924	-0.05202	0.05202	0.06199	(And (Agent $e0 $x0) (GroupOf $x1 view) (Possession $x1 republican_party) (Theme $e0 $x1))
p203053	0.03155	-0.06149	-0.06449	0.03138	0.02691	0.03574	-0.01132	-0.00172	0.08334	0.08095	-0.07187	0.18979	-0.02988	-0.06927	0.06524	-0.01639	-0.03946	0.00416	0.07772	0.07773	0.01122	0.05088	0.09880	-0.04841	-0.01690	0.08032	-0.03099	0.06139	-0.05913	-0.05399	-0.08028	-0.00841	(And (Agent $e0 $x0) (Location $e0 kazakhstan) (Member $e0 build) (Member $x0 company))
p203054	0.03155	-0.06149	-0.06448	0.03138	0.02691	0.03574	-0.01132	-0.00172	0.08334	0.08095	-0.07187	0.18980	-0.02988	-0.06927	0.06524	-0.01639	-0.03946	0.00416	0.07772	0.07774	0.01122	0.05088	0.09880	-0.04841	-0.01690	0.08032	-0.03099	0.06139	-0.05912	-0.05399	-0.08027	-0.00840	(And (Agent $e0 $x0) (Location $e0 kazakhstan) (Member $x0 company) (Past $e0))
p203055	0.03155	-0.06149	-0.06448	0.03138	0.02691	0.03574	-0.01132	-0.00172	0.08334	0.08095	-0.07187	0.18980	-0.02988	-0.06927	0.06524	-0.01639	-0.03946	0.00416	0.07772	0.07773	0.01122	0.05088	0.09880	-0.04841	-0.01690	0.08032	-0.03099	0.06139	-0.05913	-0.05399	-0.08028	-0.00840	(And (Agent $e0 $x0) (Location $e0 kazakhstan) (Member $x0 company) (Patient $e0 $x1))
p203056	-0.00203	-0.02993	0.18730	-0.01711	-0.02925	-0.03406	0.07813	-0.02087	0.24854	-0.23244	-0.20480	0.00958	0.07944	0.21083	-0.03361	-0.00135	0.17646	-0.06368	0.21712	-0.06726	0.03876	-0.15152	-0.08621	0.02528	0.09986	0.07597	-0.01504	0.03399	-0.07689	-0.05473	-0.05476	-0.07751	(And (Agent $e0 $x0) (Location $e1 $x1) (Ongoing $e1) (Theme $e0 $e1))
p203063	0.06286	-0.12329	-0.12921	0.06248	0.05350	0.07117	-0.02296	-0.00375	0.16639	0.16154	-0.14410	0.37933	-0.06008	-0.13884	0.13015	-0.03305	-0.07925	0.00806	0.15513	0.15513	0.02213	0.10140	0.19727	-0.09715	-0.03413	0.16032	-0.06227	0.12246	-0.11855	-0.10833	-0.16087	-0.01713	(And (Agent $e0 $x0) (Member $e0 build) (Member $x0 company) (Past $e0))
p203064	0.06286	-0.12330	-0.12921	0.06248	0.05350	0.07117	-0.02296	-0.00375	0.16639	0.16154	-0.14410	0.37933	-0.06008	-0.13884	0.13015	-0.03305	-0.07925	0.00806	0.15513	0.15513	0.02213	0.10140	0.19727	-0.09715	-0.03413	0.16032	-0.06227	0.12246	-0.11855	-0.10833	-0.16087	-0.01713	(And (Agent $e0 $x0) (Member $e0 build) (Member $x0 company) (Patient $e0 $x1))
p203065	0.03155	-0.06149	-0.06448	0.03138	0.02691	0.03574	-0.01132	-0.00172	0.08334	0.08095	-0.07187	0.18980	-0.02988	-0.06927	0.06524	-0.01639	-0.03946	0.00416	0.07772	0.07773	0.01122	0.05088	0.09880	-0.04841	-0.01690	0.08032	-0.03099	0.06139	-0.05913	-0.05399	-0.08028	-0.00840	(And (Agent $e0 $x0) (Member $e0 build) (Member $x1 hotel) (Patient $e0 $x1))
p203066	0.29587	-0.00103	0.00269	0.05868	-0.12343	-0.05170	0.06895	0.00239	0.00829	-0.04820	0.02445	0.04755	-0.08916	-0.10675	-0.02359	0.01987	0.02759	0.05000	0.04991	-0.02835	0.09448	-0.13650	-0.07921	-0.09791	-0.03616	-0.09833	0.05111	0.14650	0.01139	0.22289	-0.05600	-0.04406	(And (Agent $e0 $x0) (Member $e0 start) (Ongoing $e1) (Theme $e0 $e1))
p203067	0.29587	-0.00103	0.00269	0.05868	-0.12343	-0.05170	0.06895	0.00239	0.00829	-0.04820	0.02445	0.04755	-0.08916	-0.10675	-0.02359	0.01987	0.02759	0.05000	0.04991	-0.02835	0.09448	-0.13650	-0.07921	-0.09791	-0.03616	-0.09833	0.05111	0.14650	0.01139	0.22289	-0.05600	-0.04406	(And (Agent $e0 $x0) (Member $e1 start) (Ongoing $e0) (Theme $e1 $e0))
p203068	0.29587	-0.00103	0.00269	0.05868	-0.12343	-0.05170	0.06895	0.00239	0.00829	-0.04820	0.02445	0.04755	-0.08916	-0.10675	-0.02359	0.01987	0.02759	0.05000	0.04991	-0.02835	0.09448	-0.13650	-0.07921	-0.09791	-0.03616	-0.09833	0.05111	0.14650	0.01139	0.22289	-0.05600	-0.04406	(And (Agent $e0 $x0) (Member $e1 start) (Past $e1) (Theme $e1 $e0))
p203069	0.03155	-0.06149	-0.06448	0.03138	0.02691	0.03574	-0.01132	-0.00172	0.08334	0.08095	-0.07187	0.18980	-0.02988	-0.06927	0.06524	-0.01639	-0.03946	0.00416	0.07772	0.07774	0.01122	0.05088	0.09880	-0.04841	-0.01690	0.08032	-0.03099	0.06139	-0.05912	-0.05399	-0.08027	-0.00840	(And (Agent $e0 $x0) (Member $x0 company) (Member $x1 hotel) (Patient $e0 $x1))
p203070	0.16485	-0.03951	-0.13706	-0.06495	-0.14117	0.31462	-0.03749	0.01680	-0.12133	-0.15679	0.14255	-0.16401	0.03548	0.19518	0.13402	0.12106	0.03892	0.01503	0.10625	0.14143	-0.01325	0.11510	-0.12741	0.10351	-0.00433	-0.11503	-0.07278	0.03726	-0.03847	-0.09960	0.10085	0.11760	(And (Agent $e0 $x0) (Member $x0 thing) (Past $e0) (Theme $e0 $x1))
p203071	0.10143	-0.01799	-0.07410	-0.03526	-0.07547	0.18625	-0.02145	0.00591	-0.06673	-0.08929	0.07258	-0.09373	0.02434	0.10484	0.06871	0.06156	0.02346	0.00904	0.05893	0.07342	-0.00661	0.06177	-0.07233	0.05432	-0.00432	-0.06546	-0.03774	0.02186	-0.01924	-0.05202	0.05202	0.06199	(And (Agent $e0 $x0) (Member $x0 thing) (Possession $x1 free_soil_party) (Theme $e0 $x1))
p203072	0.10143	-0.01799	-0.07410	-0.03526	-0.07547	0.18625	-0.02145	0.00591	-0.06673	-0.08929	0.07258	-0.09373	0.02434	0.10484	0.06871	0.06156	0.02346	0.00904	0.05893	0.07342	-0.00661	0.06177	-0.07233	0.05432	-0.00432	-0.06546	-0.03774	0.02186	-0.01924	-0.05202	0.05202	0.06199	(And (Agent $e0 $x0) (Member $x0 thing) (Possession $x1 republican_party) (Theme $e0 $x1))
p203073	0.03155	-0.06149	-0.06448	0.03138	0.02691	0.03574	-0.01132	-0.00172	0.08334	0.08095	-0.07187	0.18980	-0.02988	-0.06927	0.06524	-0.01639	-0.03946	0.00416	0.07772	0.07774	0.01122	0.05088	0.09880	-0.04841	-0.01690	0.08032	-0.03099	0.06139	-0.05912	-0.05399	-0.08027	-0.00840	(And (Agent $e0 $x0) (Member $x1 hotel) (Past $e0) (Patient $e0 $x1))
p203074	0.10143	-0.01799	-0.07410	-0.03526	-0.07547	0.18625	-0.02145	0.00591	-0.06673	-0.08929	0.07258	-0.09373	0.02434	0.10484	0.06871	0.06156	0.02346	0.00904	0.05893	0.07342	-0.00661	0.06177	-0.07233	0.05432	-0.00432	-0.06546	-0.03774	0.02186	-0.01924	-0.05202	0.05202	0.06199	(And (Agent $e0 $x0) (Member free_soil_party party) (Possession $x1 free_soil_party) (Theme $e0 $x1))
p203075	0.10143	-0.01799	-0.07410	-0.03526	-0.07547	0.18625	-0.02145	0.00591	-0.06673	-0.08929	0.07258	-0.09373	0.02434	0.10484	0.06871	0.06156	0.02346	0.00904	0.05893	0.07342	-0.00661	0.06177	-0.07233	0.05432	-0.00432	-0.06546	-0.03774	0.02186	-0.01924	-0.05202	0.05202	0.06199	(And (Agent $e0 $x0) (Member republican_party party) (Possession $x1 republican_party) (Theme $e0 $x1))
p203076	0.10143	-0.01799	-0.07410	-0.03526	-0.07547	0.18625	-0.02145	0.00591	-0.06673	-0.08929	0.07258	-0.09373	0.02434	0.10484	0.06871	0.06156	0.02346	0.00904	0.05893	0.07342	-0.00661	0.06177	-0.07233	0.05432	-0.00432	-0.06546	-0.03774	0.02186	-0.01924	-0.05202	0.05202	0.06199	(And (Agent $e0 $x0) (Past $e0) (Possession $x1 free_soil_party) (Theme $e0 $x1))
p203077	0.10143	-0.01799	-0.07410	-0.03526	-0.07547	0.18625	-0.02145	0.00591	-0.06673	-0.08929	0.07258	-0.09373	0.02434	0.10484	0.06871	0.06156	0.02346	0.00904	0.05893	0.07342	-0.00661	0.06177	-0.07233	0.05432	-0.00432	-0.06546	-0.03774	0.02186	-0.01924	-0.05202	0.05202	0.06199	(And (Agent $e0 $x0) (Past $e0) (Possession $x1 republican_party) (Theme $e0 $x1))
p203078	-0.02165	-0.02624	0.27719	-0.04396	-0.02609	0.03303	0.07732	-0.01908	0.29406	-0.22799	-0.18667	-0.01222	0.08430	0.23436	-0.03435	-0.00938	0.15918	-0.03008	0.22534	-0.10003	0.00516	-0.17104	-0.09699	-0.00454	0.11209	0.10573	0.00398	0.00509	-0.02943	-0.10671	-0.05353	-0.08569	(And (Agent $e0 $x0) (Past $e1) (Patient $e0 $x1) (Theme $e1 $e0))
p203079	0.08890	0.03160	-0.05129	-0.03369	-0.04521	-0.02268	-0.02978	-0.01060	0.28266	0.09480	0.05930	-0.00640	-0.03199	-0.06590	-0.03072	-0.02257	0.03095	-0.00029	-0.11724	0.11988	-0.01920	-0.08742	-0.05774	0.10677	0.01519	-0.05246	0.00650	-0.07530	0.05777	-0.11349	0.07184	-0.00116	(And (Cardinality $x0 <num>) (GroupOf $x0 child) (Holder $e0 kristoffer) (Theme $e0 $x0))
p203080	0.08890	0.03160	-0.05129	-0.03369	-0.04521	-0.02268	-0.02978	-0.01060	0.28266	0.09480	0.05930	-0.00640	-0.03199	-0.06590	-0.03072	-0.02257	0.03095	-0.00029	-0.11724	0.11988	-0.01920	-0.08742	-0.05774	0.10677	0.01519	-0.05246	0.00650	-0.07530	0.05777	-0.11349	0.07184	-0.00116	(And (Cardinality $x0 <num>) (GroupOf $x0 child) (Member $e0 have) (Theme $e0 $x0))
p203081	0.08890	0.03160	-0.05129	-0.03369	-0.04521	-0.02268	-0.02978	-0.01060	0.28266	0.09480	0.05930	-0.00640	-0.03199	-0.06590	-0.03072	-0.02257	0.03095	-0.00029	-0.11724	0.11988	-0.01920	-0.08742	-0.05774	0.10677	0.01519	-0.05246	0.00650	-0.07530	0.05778	-0.11349	0.07184	-0.00116	(And (Cardinality $x0 <num>) (Holder $e0 kristoffer) (Member $e0 have) (Theme $e0 $x0))
p203082	0.04970	0.02537	-0.04324	-0.03108	-0.01603	-0.02273	-0.03799	-0.04997	0.16102	0.12309	0.04244	-0.03385	-0.01749	-0.05513	-0.02144	-0.01505	0.06666	-0.01600	-0.04264	0.07132	-0.01443	-0.08004	-0.02079	0.05807	0.00877	-0.03959	0.00687	-0.04948	0.04919	-0.07057	0.09275	-0.00599	(And (Cardinality $x0 <num>) (Member $e0 have) (Past $e0) (Theme $e0 $x0))
p203087	-0.04671	-0.01841	0.14439	-0.02114	-0.03397	-0.10226	-0.03538	-0.01313	-0.04650	-0.09363	0.13244	0.33761	-0.03500	-0.09725	-0.04789	-0.04325	0.08211	-0.02192	-0.03487	-0.03425	0.10898	0.12460	-0.04282	-0.02538	0.01668	-0.05958	0.01930	0.00415	0.00814	-0.08719	0.18537	-0.00195	(And (For $e0 $e1) (Member $e0 win) (Member $x0 emmy) (Theme $e0 $x0))
p203088	-0.04671	-0.01841	0.14439	-0.02114	-0.03397	-0.10226	-0.03538	-0.01313	-0.04650	-0.09363	0.13244	0.33761	-0.03500	-0.09725	-0.04789	-0.04325	0.08212	-0.02192	-0.03488	-0.03425	0.10898	0.12460	-0.04282	-0.02538	0.01668	-0.05958	0.01930	0.00415	0.00814	-0.08719	0.18537	-0.00195	(And (For $e0 $e1) (Member $x0 emmy) (Past $e0) (Theme $e0 $x0))
p203089	0.08890	0.03160	-0.05129	-0.03369	-0.04521	-0.02268	-0.02978	-0.01060	0.28266	0.09480	0.05930	-0.00640	-0.03199	-0.06590	-0.03072	-0.02257	0.03095	-0.00029	-0.11724	0.11988	-0.01920	-0.08742	-0.05774	0.10677	0.01519	-0.05246	0.00650	-0.07530	0.05777	-0.11349	0.07184	-0.00116	(And (GroupOf $x0 child) (Holder $e0 kristoffer) (Member $e0 have) (Theme $e0 $x0))
p203092	0.10143	-0.01799	-0.07410	-0.03526	-0.07547	0.18625	-0.02145	0.00591	-0.06673	-0.08929	0.07258	-0.09373	0.02434	0.10484	0.06871	0.06156	0.02346	0.00904	0.05893	0.07342	-0.00661	0.06177	-0.07233	0.05432	-0.00432	-0.06546	-0.03774	0.02186	-0.01924	-0.05202	0.05202	0.06199	(And (GroupOf $x0 view) (Member free_soil_party party) (Possession $x0 free_soil_party) (Theme $e0 $x0))
p203093	0.10143	-0.01799	-0.07410	-0.03526	-0.07547	0.18625	-0.02145	0.00591	-0.06673	-0.08929	0.07258	-0.09373	0.02434	0.10484	0.06871	0.06156	0.02346	0.00904	0.05893	0.07342	-0.00661	0.06177	-0.07233	0.05432	-0.00432	-0.06546	-0.03774	0.02186	-0.01924	-0.05202	0.05202	0.06199	(And (GroupOf $x0 view) (Member republican_party party) (Possession $x0 republican_party) (Theme $e0 $x0))
p203094	0.10143	-0.01799	-0.07410	-0.03526	-0.07547	0.18625	-0.02145	0.00591	-0.06673	-0.08929	0.07258	-0.09373	0.02434	0.10484	0.06871	0.06156	0.02346	0.00904	0.05893	0.07342	-0.00661	0.06177	-0.07233	0.05432	-0.00432	-0.06546	-0.03774	0.02186	-0.01924	-0.05202	0.05202	0.06199	(And (GroupOf $x0 view) (Past $e0) (Possession $x0 free_soil_party) (Theme $e0 $x0))
p203095	0.10143	-0.01799	-0.07410	-0.03526	-0.07547	0.18625	-0.02145	0.00591	-0.06673	-0.08929	0.07258	-0.09373	0.02434	0.10484	0.06871	0.06156	0.02346	0.00904	0.05893	0.07342	-0.00661	0.06177	-0.07233	0.05432	-0.00432	-0.06546	-0.03774	0.02186	-0.01924	-0.05202	0.05202	0.06199	(And (GroupOf $x0 view) (Past $e0) (Possession $x0 republican_party) (Theme $e0 $x0))
p203096	-0.02487	0.03639	0.05585	0.01742	-0.03564	-0.03521	0.02077	0.08952	-0.01045	-0.00753	0.02318	0.07382	0.14504	-0.05421	-0.02585	-0.01835	-0.08117	0.03544	-0.00347	0.12830	0.00989	-0.02492	-0.03626	-0.01566	-0.01480	-0.00696	-0.02574	-0.03602	0.06342	-0.01515	-0.07120	0.01745	(And (Location $e0 $x0) (Member $e0 find) (Member $x1 thing) (Theme $e0 $x1))
p203107	0.03155	-0.06149	-0.06448	0.03138	0.02691	0.03574	-0.01132	-0.00172	0.08334	0.08095	-0.07187	0.18980	-0.02988	-0.06927	0.06524	-0.01639	-0.03946	0.00416	0.07772	0.07774	0.01122	0.05088	0.09880	-0.04841	-0.01690	0.08032	-0.03099	0.06139	-0.05912	-0.05399	-0.08027	-0.00840	(And (Member $e0 build) (Member $x0 hotel) (Past $e0) (Patient $e0 $x0))
p203111	0.09148	-0.02953	0.04601	-0.13025	-0.01047	-0.10727	0.03370	0.01033	0.04927	0.02752	0.06223	-0.04900	-0.02094	-0.07332	-0.01440	0.09784	-0.04227	0.01150	0.02646	-0.05521	-0.06036	0.14841	0.09935	-0.05536	0.09945	-0.03465	0.01997	-0.03347	-0.05617	0.05573	-0.05790	0.05804	(And (Member $e0 start) (Ongoing $e1) (Patient $e0 $x0) (Theme $e0 $e1))
p203113	-0.04671	-0.01841	0.14439	-0.02114	-0.03397	-0.10226	-0.03538	-0.01313	-0.04650	-0.09363	0.13244	0.33761	-0.03500	-0.09725	-0.04789	-0.04325	0.08211	-0.02192	-0.03487	-0.03425	0.10898	0.12460	-0.04282	-0.02538	0.01668	-0.05958	0.01930	0.00415	0.00814	-0.08719	0.18537	-0.00195	(And (Member $e0 win) (Member $x0 emmy) (Past $e0) (Theme $e0 $x0))
p203116	0.03984	0.12263	0.10234	-0.01069	-0.00051	-0.09425	-0.01925	-0.00269	-0.09030	0.08443	-0.02951	-0.02061	-0.03334	0.03282	0.27642	-0.01020	0.07725	-0.02994	-0.07578	-0.01695	0.04886	-0.06259	-0.02694	-0.05832	-0.00066	-0.02027	0.01293	0.04967	0.08078	-0.04447	-0.05491	0.00085	(And (Member $x0 person) (Past $e0) (Possession $x1 $x0) (Theme $e0 $x1))
p203119	0.10143	-0.01799	-0.07410	-0.03526	-0.07547	0.18625	-0.02145	0.00591	-0.06673	-0.08929	0.07258	-0.09373	0.02434	0.10484	0.06871	0.06156	0.02346	0.00904	0.05893	0.07342	-0.00661	0.06177	-0.07233	0.05432	-0.00432	-0.06546	-0.03774	0.02186	-0.01924	-0.05202	0.05202	0.06199	(And (Member free_soil_party party) (Past $e0) (Possession $x0 free_soil_party) (Theme $e0 $x0))
p203120	0.10143	-0.01799	-0.07410	-0.03526	-0.07547	0.18625	-0.02145	0.00591	-0.06673	-0.08929	0.07258	-0.09373	0.02434	0.10484	0.06871	0.06156	0.02346	0.00904	0.05893	0.07342	-0.00661	0.06177	-0.07233	0.05432	-0.00432	-0.06546	-0.03774	0.02186	-0.01924	-0.05202	0.05202	0.06199	(And (Member republican_party party) (Past $e0) (Possession $x0 republican_party) (Theme $e0 $x0))
p203710	0.08210	0.16962	0.08000	0.00189	-0.09414	-0.10818	0.02522	0.02545	-0.04231	-0.02322	-0.03281	0.08222	-0.05762	0.03780	0.07467	0.02771	-0.04114	0.07993	-0.00342	-0.00489	-0.04282	-0.01157	0.13173	0.14781	0.00834	-0.03814	0.05940	-0.05619	-0.06265	-0.11815	-0.07997	-0.01452	(And (Agent $e0 $x0) (Before $e1 $e0) (Past $e1))
p203712	0.00741	-0.02955	0.01369	0.03322	-0.00172	-0.00589	-0.01357	-0.00511	0.01805	-0.00028	-0.02211	0.02561	-0.00625	-0.04449	-0.00752	0.01112	0.00634	-0.02815	0.00352	0.04894	0.02121	-0.05463	-0.03141	0.03326	-0.01529	0.00562	0.02669	-0.02204	-0.04191	-0.01251	0.02377	0.06538	(And (Agent $e0 $x0) (GroupOf $x0 child) (Ongoing $e0))
p203713	0.16485	-0.03951	-0.13706	-0.06495	-0.14117	0.31461	-0.03749	0.01680	-0.12133	-0.15679	0.14255	-0.16401	0.03548	0.19518	0.13402	0.12106	0.03892	0.01503	0.10625	0.14143	-0.01325	0.11510	-0.12741	0.10351	-0.00433	-0.11503	-0.07278	0.03726	-0.03847	-0.09960	0.10085	0.11760	(And (Agent $e0 $x0) (GroupOf $x1 view) (Theme $e0 $x1))
p203714	0.03155	-0.06150	-0.06449	0.03138	0.02691	0.03574	-0.01132	-0.00172	0.08334	0.08095	-0.07188	0.18979	-0.02988	-0.06927	0.06524	-0.01639	-0.03946	0.00416	0.07772	0.07773	0.01122	0.05088	0.09880	-0.04841	-0.01690	0.08032	-0.03099	0.06139	-0.05913	-0.05399	-0.08028	-0.00841	(And (Agent $e0 $x0) (Location $e0 kazakhstan) (Member $x0 company))
p203716	0.06286	-0.12329	-0.12921	0.06248	0.05350	0.07117	-0.02296	-0.00375	0.16639	0.16154	-0.14410	0.37934	-0.06008	-0.13884	0.13015	-0.03305	-0.07925	0.00806	0.15513	0.15513	0.02213	0.10140	0.19727	-0.09715	-0.03413	0.16032	-0.06227	0.12246	-0.11855	-0.10833	-0.16087	-0.01713	(And (Agent $e0 $x0) (Member $e0 build) (Member $x0 company))
p203717	0.29587	-0.00103	0.00269	0.05868	-0.12343	-0.05170	0.06895	0.00239	0.00829	-0.04820	0.02445	0.04755	-0.08916	-0.10675	-0.02359	0.01987	0.02759	0.05000	0.04991	-0.02835	0.09448	-0.13650	-0.07921	-0.09791	-0.03616	-0.09833	0.05111	0.14650	0.01139	0.22289	-0.05600	-0.04406	(And (Agent $e0 $x0) (Member $e1 start) (Theme $e1 $e0))
p203718	-0.00963	-0.02867	0.01898	-0.00352	0.00562	-0.02259	-0.00398	-0.00832	-0.01740	0.00839	-0.01022	-0.01006	-0.00330	-0.00671	0.02508	-0.00518	0.00452	0.03008	0.01369	0.01133	-0.00002	-0.01034	-0.00439	-0.00228	-0.00215	-0.01402	-0.00242	-0.00146	0.05576	-0.01471	-0.00784	0.01860	(And (Agent $e0 $x0) (Member $x0 cat) (Past $e0))
p203719	-0.02365	-0.03223	0.06286	-0.03313	-0.00948	0.09694	-0.01656	0.00254	-0.00415	0.02828	0.01909	-0.04805	0.00520	0.00963	0.01502	-0.02481	-0.00791	0.02254	-0.01519	-0.01444	0.02275	-0.04215	-0.00172	-0.05902	0.02133	0.02406	0.07513	-0.04946	0.06784	-0.02524	0.03167	0.03770	(And (Agent $e0 $x0) (Member $x0 man) (Patient $e0 $x1))
p203720	0.03155	-0.06149	-0.06448	0.03138	0.02691	0.03574	-0.01132	-0.00172	0.08334	0.08095	-0.07187	0.18980	-0.02988	-0.06927	0.06524	-0.01639	-0.03946	0.00416	0.07772	0.07774	0.01122	0.05088	0.09880	-0.04841	-0.01690	0.08032	-0.03099	0.06139	-0.05912	-0.05399	-0.08027	-0.00840	(And (Agent $e0 $x0) (Member $x1 hotel) (Patient $e0 $x1))
p203721	-0.00452	-0.01616	0.00823	-0.00587	0.04630	-0.01810	-0.00398	-0.00027	-0.01875	0.03239	-0.02499	-0.00038	-0.00642	-0.01258	0.00164	0.00898	0.01713	0.00619	-0.01269	-0.00205	-0.02744	-0.02175	-0.02001	-0.00404	0.00171	0.00100	0.00100	0.03838	-0.02245	-0.01296	0.00859	0.01842	(And (Agent $e0 $x0) (Member $x1 new) (Theme $e0 $x1))
p203722	0.10143	-0.01799	-0.07410	-0.03526	-0.07547	0.18625	-0.02145	0.00591	-0.06673	-0.08929	0.07258	-0.09373	0.02434	0.10484	0.06871	0.06156	0.02346	0.00904	0.05893	0.07342	-0.00661	0.06177	-0.07233	0.05432	-0.00432	-0.06546	-0.03774	0.02186	-0.01924	-0.05202	0.05202	0.06199	(And (Agent $e0 $x0) (Possession $x1 free_soil_party) (Theme $e0 $x1))
p203723	0.10143	-0.01799	-0.07410	-0.03526	-0.07547	0.18625	-0.02145	0.00591	-0.06673	-0.08929	0.07258	-0.09373	0.02434	0.10484	0.06871	0.06156	0.02346	0.00904	0.05893	0.07342	-0.00661	0.06177	-0.07233	0.05432	-0.00432	-0.06546	-0.03774	0.02186	-0.01924	-0.05202	0.05202	0.06199	(And (Agent $e0 $x0) (Possession $x1 republican_party) (Theme $e0 $x1))
p203724	-0.00593	0.00832	0.01478	-0.00322	-0.00120	0.02170	-0.00913	0.00156	-0.01413	-0.02055	0.04165	-0.03552	-0.00283	-0.02825	-0.01387	-0.01877	0.00641	-0.01859	0.00554	0.02603	0.01506	0.03256	0.02554	-0.00506	-0.01496	0.00823	-0.02030	-0.00287	0.02015	0.00625	-0.02141	-0.00848	(And (But $e0 $e1) (Past $e0) (Past $e1))
p203725	0.08890	0.03160	-0.05129	-0.03369	-0.04521	-0.02268	-0.02978	-0.01060	0.28266	0.09480	0.05930	-0.00640	-0.03199	-0.06590	-0.03072	-0.02257	0.03095	-0.00029	-0.11724	0.11988	-0.01920	-0.08742	-0.05774	0.10677	0.01519	-0.05246	0.00650	-0.07530	0.05778	-0.11349	0.07184	-0.00116	(And (Cardinality $x0 <num>) (Holder $e0 kristoffer) (Theme $e0 $x0))
p203729	0.03607	0.01165	-0.00292	0.03794	0.10212	0.01208	-0.00345	-0.02132	-0.01567	-0.01833	0.08554	0.04807	-0.01764	0.17381	-0.03600	-0.04799	0.05672	-0.00171	0.04056	-0.00227	-0.01227	-0.06291	0.04771	-0.04108	-0.01327	-0.05693	0.11223	-0.05576	0.02932	0.00881	-0.07916	-0.00555	(And (Experiencer $e0 $x0) (Member $x0 bad) (Result $e1 $e0))
p203730	-0.04671	-0.01841	0.14439	-0.02114	-0.03397	-0.10226	-0.03538	-0.01313	-0.04650	-0.09363	0.13244	0.33761	-0.03500	-0.09725	-0.04789	-0.04325	0.08211	-0.02192	-0.03487	-0.03425	0.10898	0.12460	-0.04282	-0.02538	0.01668	-0.05958	0.01930	0.00415	0.00814	-0.08719	0.18537	-0.00195	(And (For $e0 $e1) (Member $x0 emmy) (Theme $e0 $x0))
p203731	0.08890	0.03160	-0.05129	-0.03369	-0.04521	-0.02268	-0.02978	-0.01060	0.28266	0.09480	0.05930	-0.00640	-0.03199	-0.06590	-0.03072	-0.02257	0.03095	-0.00029	-0.11724	0.11988	-0.01920	-0.08742	-0.05774	0.10677	0.01519	-0.05246	0.00650	-0.07530	0.05778	-0.11348	0.07184	-0.00116	(And (GroupOf $x0 child) (Holder $e0 kristoffer) (Theme $e0 $x0))
p203732	0.08890	0.03160	-0.05129	-0.03369	-0.04521	-0.02268	-0.02978	-0.01060	0.28266	0.09480	0.05930	-0.00640	-0.03199	-0.06590	-0.03072	-0.02257	0.03095	-0.00029	-0.11724	0.11988	-0.01920	-0.08742	-0.05774	0.10677	0.01519	-0.05246	0.00650	-0.07530	0.05777	-0.11349	0.07184	-0.00116	(And (GroupOf $x0 child) (Member $e0 have) (Theme $e0 $x0))
p203733	0.10540	-0.02297	0.06075	0.03011	0.09030	-0.04463	-0.03805	0.01659	-0.09477	0.11920	-0.12033	-0.03108	-0.02754	0.15427	-0.04515	0.00912	-0.05905	-0.03550	-0.07184	-0.03230	0.01520	0.04492	0.01315	0.08370	0.00216	0.08021	-0.04749	-0.08205	-0.07326	0.05544	0.10262	0.00278	(And (GroupOf $x0 person) (Member $e0 kill) (Patient $e0 $x0))
p203734	0.10143	-0.01799	-0.07410	-0.03526	-0.07547	0.18625	-0.02145	0.00591	-0.06673	-0.08929	0.07258	-0.09373	0.02434	0.10484	0.06871	0.06156	0.02346	0.00904	0.05893	0.07342	-0.00661	0.06177	-0.07233	0.05432	-0.00432	-0.06546	-0.03774	0.02186	-0.01924	-0.05202	0.05202	0.06199	(And (GroupOf $x0 view) (Member free_soil_party party) (Possession $x0 free_soil_party))
p203735	0.10143	-0.01799	-0.07410	-0.03526	-0.07547	0.18625	-0.02145	0.00591	-0.06673	-0.08929	0.07258	-0.09373	0.02434	0.10484	0.06871	0.06156	0.02346	0.00904	0.05893	0.07342	-0.00661	0.06177	-0.07233	0.05432	-0.00432	-0.06546	-0.03774	0.02186	-0.01924	-0.05202	0.05202	0.06199	(And (GroupOf $x0 view) (Member republican_party party) (Possession $x0 republican_party))
p203736	0.16485	-0.03951	-0.13706	-0.06495	-0.14117	0.31461	-0.03749	0.01680	-0.12133	-0.15679	0.14255	-0.16401	0.03548	0.19518	0.13402	0.12106	0.03892	0.01503	0.10625	0.14143	-0.01325	0.11510	-0.12741	0.10351	-0.00433	-0.11503	-0.07278	0.03726	-0.03847	-0.09960	0.10085	0.11760	(And (GroupOf $x0 view) (Past $e0) (Theme $e0 $x0))
p203737	0.01991	-0.05856	0.02150	-0.00584	0.01474	-0.06379	0.02617	0.00072	0.00049	0.01405	0.02590	0.00652	-0.01245	-0.00852	-0.02397	0.12168	-0.02247	-0.00131	0.03544	-0.01459	-0.02813	0.02806	0.04791	-0.03011	0.02494	-0.01200	0.01244	-0.01936	0.03937	-0.00053	-0.01800	0.02142	(And (LocatedIn $x0 $x1) (Past $e0) (Patient $e0 $x0))
p203739	-0.14477	0.17600	-0.17297	0.03080	-0.16037	-0.03228	-0.01207	-0.01546	0.05406	-0.03377	-0.03174	-0.08113	-0.01780	0.28625	-0.05844	-0.11541	0.06214	0.13150	-0.12463	-0.02483	-0.03809	0.10231	0.14189	-0.22860	-0.03544	0.07139	0.18499	0.21225	0.19587	0.16170	0.10097	0.00564	(And (Location $e0 $x0) (Member $x0 table) (Past $e0))
p203740	-0.02487	0.03639	0.05585	0.01742	-0.03564	-0.03521	0.02077	0.08952	-0.01046	-0.00753	0.02318	0.07382	0.14504	-0.05421	-0.02585	-0.01835	-0.08117	0.03544	-0.00347	0.12830	0.00989	-0.02492	-0.03626	-0.01566	-0.01480	-0.00696	-0.02574	-0.03602	0.06342	-0.01515	-0.07120	0.01745	(And (Location $e0 $x0) (Member $x1 thing) (Theme $e0 $x1))
p203744	0.03607	0.01165	-0.00292	0.03794	0.10212	0.01208	-0.00345	-0.02132	-0.01567	-0.01833	0.08554	0.04807	-0.01764	0.17381	-0.03600	-0.04799	0.05672	-0.00171	0.04056	-0.00227	-0.01227	-0.06291	0.04771	-0.04108	-0.01327	-0.05693	0.11223	-0.05576	0.02932	0.00881	-0.07916	-0.00555	(And (Member $e0 bad) (Patient $e1 $x0) (Result $e1 $e0))
p203746	0.03155	-0.06149	-0.06448	0.03138	0.02691	0.03574	-0.01132	-0.00172	0.08334	0.08095	-0.07187	0.18980	-0.02988	-0.06927	0.06524	-0.01639	-0.03946	0.00416	0.07772	0.07773	0.01122	0.05088	0.09880	-0.04841	-0.01690	0.08032	-0.03099	0.06139	-0.05913	-0.05399	-0.08028	-0.00841	(And (Member $e0 build) (Member $x0 hotel) (Patient $e0 $x0))
p203749	-0.01606	0.02851	0.04244	0.01435	-0.02670	-0.02792	0.01560	0.06953	-0.00704	-0.00647	0.01622	0.05659	0.11099	-0.03881	-0.01996	-0.01559	-0.06305	0.02784	-0.00163	0.09101	0.00788	-0.01730	-0.02709	-0.01268	-0.01174	-0.00472	-0.01920	-0.02851	0.04983	-0.01264	-0.05484	0.01709	(And (Member $e0 find) (Member $x0 thing) (Theme $e0 $x0))
p203750	-0.01053	0.00279	-0.00699	-0.00625	-0.00540	-0.00267	-0.00611	-0.00651	-0.00091	-0.00205	0.01592	-0.01557	-0.00124	-0.01454	0.00576	-0.00427	0.00475	-0.00691	-0.00588	0.00565	-0.00816	0.00623	0.00374	0.00168	0.02476	-0.00085	0.00258	0.00911	-0.00889	-0.00479	0.00459	-0.00489	(And (Member $e0 open) (Member $x0 door) (Patient $e0 $x0))
p203751	-0.04671	-0.01841	0.14439	-0.02114	-0.03397	-0.10226	-0.03538	-0.01313	-0.04650	-0.09363	0.13244	0.33761	-0.03500	-0.09725	-0.04789	-0.04325	0.08212	-0.02192	-0.03488	-0.03425	0.10898	0.12460	-0.04282	-0.02538	0.01668	-0.05958	0.01930	0.00415	0.00814	-0.08719	0.18537	-0.00195	(And (Member $e0 win) (Member $x0 emmy) (Theme $e0 $x0))
p203753	0.03607	0.01165	-0.00292	0.03794	0.10212	0.01208	-0.00345	-0.02132	-0.01567	-0.01833	0.08554	0.04807	-0.01764	0.17381	-0.03600	-0.04799	0.05672	-0.00171	0.04056	-0.00227	-0.01227	-0.06291	0.04771	-0.04108	-0.01327	-0.05693	0.11223	-0.05576	0.02932	0.00881	-0.07916	-0.00555	(And (Member $x0 bad) (Patient $e0 $x0) (Result $e0 $e1))
p203754	-0.04671	-0.01841	0.14439	-0.02114	-0.03397	-0.10226	-0.03538	-0.01313	-0.04650	-0.09363	0.13244	0.33761	-0.03500	-0.09725	-0.04789	-0.04325	0.08212	-0.02192	-0.03488	-0.03425	0.10898	0.12460	-0.04282	-0.02538	0.01668	-0.05958	0.01930	0.00415	0.00814	-0.08719	0.18537	-0.00195	(And (Member $x0 emmy) (Past $e0) (Theme $e0 $x0))
p203755	0.03093	0.11164	0.08728	-0.01440	-0.05035	-0.09430	0.00465	-0.00425	-0.04389	-0.02707	-0.03033	0.00541	-0.03323	-0.02262	0.18103	-0.00159	-0.01498	0.00750	0.00092	-0.02639	-0.01627	0.04878	0.06710	0.10780	0.00726	-0.01241	0.00030	-0.03888	0.00185	-0.07129	-0.06059	-0.00470	(And (Member $x0 family) (Member $x1 person) (Possession $x0 $x1))
p203756	0.03155	-0.06149	-0.06448	0.03138	0.02691	0.03574	-0.01132	-0.00172	0.08334	0.08095	-0.07187	0.18980	-0.02988	-0.06927	0.06524	-0.01639	-0.03946	0.00416	0.07772	0.07773	0.01122	0.05088	0.09880	-0.04841	-0.01690	0.08032	-0.03099	0.06139	-0.05913	-0.05399	-0.08028	-0.00840	(And (Member $x0 hotel) (Past $e0) (Patient $e0 $x0))
p203757	-0.00352	-0.01880	-0.00427	-0.01568	0.02998	-0.01179	-0.00372	-0.00119	-0.01737	0.03900	-0.01980	-0.00898	-0.00694	-0.00502	0.00543	0.00653	0.03466	0.00912	-0.02028	-0.00049	-0.02242	-0.02363	-0.00192	-0.00957	0.00552	-0.00172	-0.00309	0.03129	-0.01817	-0.00209	0.00836	-0.00281	(And (Member $x0 new) (Past $e0) (Theme $e0 $x0))
p203758	-0.09381	0.01494	0.08016	0.05510	0.04065	0.03833	-0.02278	0.04175	0.08322	-0.03994	0.07212	-0.04359	0.04924	-0.02015	0.01234	0.01580	-0.07195	0.02855	-0.05253	-0.02488	-0.01074	-0.09075	0.08781	0.00138	-0.02121	-0.02618	-0.10104	0.03629	-0.04240	0.07385	0.08816	-0.00703	(And (Member $x0 person) (Past $e0) (Theme $e0 $x0))
p203759	0.03984	0.12263	0.10234	-0.01068	-0.00051	-0.09425	-0.01925	-0.00269	-0.09030	0.08443	-0.02951	-0.02061	-0.03334	0.03282	0.27642	-0.01020	0.07725	-0.02994	-0.07578	-0.01695	0.04886	-0.06259	-0.02694	-0.05832	-0.00066	-0.02027	0.01293	0.04967	0.08078	-0.04447	-0.05491	0.00085	(And (Member $x0 person) (Possession $x1 $x0) (Theme $e0 $x1))
p203760	-0.00557	0.00948	0.01406	0.02743	0.00301	-0.01990	0.00206	-0.00929	-0.01413	-0.01173	0.01670	-0.00326	-0.00594	-0.01300	0.03306	-0.02046	0.00261	-0.00596	0.00424	0.02267	-0.00932	-0.01512	-0.02630	-0.00458	0.01092	-0.01173	-0.00009	0.02078	0.02699	-0.00627	-0.01341	0.01227	(And (Member $x0 sound) (Past $e0) (Patient $e0 $x0))
p203763	0.10143	-0.01799	-0.07410	-0.03526	-0.07547	0.18625	-0.02145	0.00591	-0.06673	-0.08929	0.07258	-0.09373	0.02434	0.10484	0.06871	0.06156	0.02346	0.00904	0.05893	0.07342	-0.00661	0.06177	-0.07233	0.05432	-0.00432	-0.06546	-0.03774	0.02186	-0.01924	-0.05202	0.05202	0.06199	(And (Member free_soil_party party) (Possession $x0 free_soil_party) (Theme $e0 $x0))
p203764	0.10143	-0.01799	-0.07410	-0.03526	-0.07547	0.18625	-0.02145	0.00591	-0.06673	-0.08929	0.07258	-0.09373	0.02434	0.10484	0.06871	0.06156	0.02346	0.00904	0.05893	0.07342	-0.00661	0.06177	-0.07233	0.05432	-0.00432	-0.06546	-0.03774	0.02186	-0.01924	-0.05202	0.05202	0.06199	(And (Member republican_party party) (Possession $x0 republican_party) (Theme $e0 $x0))
p203765	-0.01181	-0.01440	-0.01008	-0.01728	0.01182	-0.00542	-0.00249	0.01328	-0.00854	0.02262	-0.00756	-0.01260	-0.00636	-0.00451	-0.00929	0.00428	0.02637	0.00377	-0.01385	0.01362	-0.00961	-0.00838	0.01007	-0.00855	0.00427	-0.00025	-0.00693	0.01319	-0.01778	0.01259	-0.00352	-0.00856	(And (Of $x0 $x1) (Past $e0) (Theme $e0 $x0))
p203766	-0.07508	0.01961	0.15300	0.03299	0.00943	0.21475	0.06647	-0.00005	0.05976	0.10617	-0.02490	-0.00606	0.03604	0.02946	-0.04146	0.02183	-0.05276	0.00902	-0.02808	-0.03704	-0.06178	0.07648	-0.11107	-0.05183	-0.03072	-0.05996	0.09873	-0.05614	-0.02853	-0.03495	-0.02591	0.01780	(And (Past $e0) (Past $e1) (Theme $e0 $e1))
p203767	0.01366	0.00427	-0.00685	0.02660	-0.01750	-0.01687	-0.00407	0.00396	0.01813	-0.00390	-0.00791	0.00573	-0.01074	-0.00288	0.00156	-0.00628	-0.01296	0.00904	-0.00908	-0.00055	-0.00545	-0.00163	-0.02107	0.03831	0.02120	-0.01392	-0.00901	-0.00024	0.02163	-0.01886	0.00890	-0.00364	(And (Past $e0) (Patient $e0 $x0) (SubsetOf $x0 $x1))
p203768	0.10143	-0.01799	-0.07410	-0.03526	-0.07547	0.18625	-0.02145	0.00591	-0.06673	-0.08929	0.07258	-0.09373	0.02434	0.10484	0.06871	0.06156	0.02346	0.00904	0.05893	0.07342	-0.00661	0.06177	-0.07233	0.05432	-0.00432	-0.06546	-0.03774	0.02186	-0.01924	-0.05202	0.05202	0.06199	(And (Past $e0) (Possession $x0 free_soil_party) (Theme $e0 $x0))
p203769	0.10143	-0.01799	-0.07410	-0.03526	-0.07547	0.18625	-0.02145	0.00591	-0.06673	-0.08929	0.07258	-0.09373	0.02434	0.10484	0.06871	0.06156	0.02346	0.00904	0.05893	0.07342	-0.00661	0.06177	-0.07233	0.05432	-0.00432	-0.06546	-0.03774	0.02186	-0.01924	-0.05202	0.05202	0.06199	(And (Past $e0) (Possession $x0 republican_party) (Theme $e0 $x0))
p203770	-0.18937	-0.01882	0.19287	0.12110	0.05143	0.09290	-0.05090	0.06716	0.16030	-0.11678	0.15220	-0.08516	0.08100	-0.05534	0.03325	-0.02670	-0.17304	0.07617	-0.06826	-0.05392	-0.07277	-0.20173	0.20794	0.04267	-0.03387	-0.08530	-0.18261	0.11558	-0.04574	0.14933	0.19778	-0.02266	(And (Past $e0) (Theme $e1 $x0) (To $e0 $e1))
p203992	0.10143	-0.01799	-0.07410	-0.03526	-0.07547	0.18625	-0.02145	0.00591	-0.06673	-0.08929	0.07258	-0.09373	0.02434	0.10484	0.06871	0.06156	0.02346	0.00904	0.05893	0.07342	-0.00661	0.06177	-0.07233	0.05432	-0.00432	-0.06546	-0.03774	0.02186	-0.01924	-0.05202	0.05202	0.06199	(And (Member free_soil_party party) (Possession $x0 free_soil_party))
p203993	0.10143	-0.01799	-0.07410	-0.03526	-0.07547	0.18625	-0.02145	0.00591	-0.06673	-0.08929	0.07258	-0.09373	0.02434	0.10484	0.06871	0.06156	0.02346	0.00904	0.05893	0.07342	-0.00661	0.06177	-0.07233	0.05432	-0.00432	-0.06546	-0.03774	0.02186	-0.01924	-0.05202	0.05202	0.06199	(And (Member republican_party party) (Possession $x0 republican_party))
p204124	-0.00126	0.00160	-0.00290	-0.00053	-0.00165	0.00243	-0.00296	-0.00286	0.00247	-0.00132	0.00053	0.00519	-0.00354	0.00853	-0.00011	-0.00253	0.00029	0.00059	-0.00298	-0.00262	-0.00138	-0.00304	-0.00453	-0.00217	-0.00246	-0.00271	-0.00183	0.00233	-0.00590	0.00449	-0.00285	-0.00270	(And (Inheritance regional_unit regional) (Inheritance regional_unit unit))
p204173	-0.00081	0.00180	-0.00228	-0.00018	-0.00124	0.00265	-0.00256	-0.00249	0.00280	-0.00104	0.00075	0.00543	-0.00313	0.00868	0.00029	-0.00202	0.00056	0.00098	-0.00250	-0.00222	-0.00100	-0.00266	-0.00403	-0.00179	-0.00211	-0.00233	-0.00146	0.00258	-0.00538	0.00451	-0.00238	-0.00230	(Inheritance metropolitan_statistical_area area)
p204174	-0.00099	0.00187	-0.00266	-0.00027	-0.00137	0.00270	-0.00269	-0.00259	0.00274	-0.00103	0.00082	0.00544	-0.00327	0.00880	0.00017	-0.00227	0.00057	0.00085	-0.00271	-0.00234	-0.00110	-0.00277	-0.00425	-0.00189	-0.00218	-0.00244	-0.00156	0.00260	-0.00563	0.00478	-0.00258	-0.00243	(Inheritance regional_unit regional)
p204175	-0.00080	0.00207	-0.00241	0.00002	-0.00116	0.00297	-0.00247	-0.00235	0.00297	-0.00085	0.00097	0.00569	-0.00306	0.00903	0.00036	-0.00197	0.00075	0.00111	-0.00250	-0.00214	-0.00090	-0.00257	-0.00407	-0.00170	-0.00199	-0.00223	-0.00136	0.00283	-0.00546	0.00500	-0.00231	-0.00222	(Inheritance regional_unit unit)
p204176	0.10143	-0.01799	-0.07410	-0.03526	-0.07547	0.18625	-0.02145	0.00591	-0.06673	-0.08929	0.07258	-0.09373	0.02434	0.10484	0.06871	0.06156	0.02346	0.00904	0.05893	0.07342	-0.00661	0.06177	-0.07233	0.05432	-0.00432	-0.06546	-0.03774	0.02186	-0.01924	-0.05202	0.05202	0.06199	(Member free_soil_party party)
p204177	0.10143	-0.01799	-0.07410	-0.03526	-0.07547	0.18625	-0.02145	0.00591	-0.06673	-0.08929	0.07258	-0.09373	0.02434	0.10484	0.06871	0.06156	0.02346	0.00904	0.05893	0.07342	-0.00661	0.06177	-0.07233	0.05432	-0.00432	-0.06546	-0.03774	0.02186	-0.01924	-0.05202	0.05202	0.06199	(Member republican_party party)
p204178	0.00119	0.00276	0.00705	0.00939	0.00463	0.00375	-0.00327	-0.00500	0.00938	-0.00357	-0.00313	-0.00623	-0.00024	0.00463	-0.00392	-0.00287	0.00046	-0.00062	0.00236	-0.00491	0.00158	0.00273	-0.00111	-0.00506	-0.00892	-0.00258	-0.00427	0.00012	-0.00464	-0.00525	-0.00365	0.01416	(Symmetric Married)
p204216	-0.00203	-0.02993	0.18730	-0.01711	-0.02924	-0.03406	0.07813	-0.02087	0.24854	-0.23244	-0.20480	0.00958	0.07944	0.21083	-0.03361	-0.00135	0.17646	-0.06368	0.21712	-0.06726	0.03876	-0.15152	-0.08621	0.02528	0.09986	0.07597	-0.01504	0.03399	-0.07689	-0.05473	-0.05476	-0.07751	(And (Agent $e0 $x0) (Location $e0 $x1) (Ongoing $e0) (Theme $e1 $e0))
p204217	0.13466	-0.06864	0.09035	0.02092	0.15371	-0.04540	-0.04280	0.01797	-0.12761	0.14324	-0.15045	-0.07687	-0.02903	0.19189	-0.05508	-0.02561	-0.08021	-0.03095	-0.07936	0.00911	0.05631	0.08197	-0.05225	0.07044	-0.00185	0.08588	-0.08934	-0.12363	-0.04957	0.11367	0.14378	0.00019	(And (Agent $e0 $x0) (Location $e0 $x1) (Past $e0) (Patient $e0 $x2))
p204218	0.03155	-0.06149	-0.06448	0.03138	0.02691	0.03574	-0.01132	-0.00172	0.08334	0.08095	-0.07187	0.18980	-0.02988	-0.06927	0.06524	-0.01639	-0.03946	0.00416	0.07772	0.07774	0.01122	0.05088	0.09880	-0.04841	-0.01690	0.08032	-0.03099	0.06139	-0.05912	-0.05399	-0.08027	-0.00840	(And (Agent $e0 $x0) (Location $e0 kazakhstan) (Member $e0 build) (Past $e0))
p204219	0.03155	-0.06149	-0.06448	0.03138	0.02691	0.03574	-0.01132	-0.00172	0.08334	0.08095	-0.07187	0.18980	-0.02988	-0.06927	0.06524	-0.01639	-0.03946	0.00416	0.07772	0.07774	0.01122	0.05088	0.09880	-0.04841	-0.01690	0.08032	-0.03099	0.06139	-0.05912	-0.05399	-0.08027	-0.00840	(And (Agent $e0 $x0) (Location $e0 kazakhstan) (Member $e0 build) (Patient $e0 $x1))
p204220	0.03155	-0.06149	-0.06448	0.03138	0.02691	0.03574	-0.01132	-0.00172	0.08334	0.08095	-0.07187	0.18980	-0.02988	-0.06927	0.06524	-0.01639	-0.03946	0.00416	0.07772	0.07774	0.01122	0.05088	0.09880	-0.04841	-0.01690	0.08032	-0.03099	0.06139	-0.05912	-0.05399	-0.08027	-0.00840	(And (Agent $e0 $x0) (Location $e0 kazakhstan) (Past $e0) (Patient $e0 $x1))
p204221	0.21781	-0.08467	0.12101	0.05415	0.20466	-0.03764	-0.06203	0.03200	-0.16783	0.20329	-0.22516	-0.09997	-0.04311	0.30652	-0.07921	-0.01797	-0.10784	-0.05111	-0.12509	-0.06179	0.08400	0.08138	-0.06323	0.07917	-0.01103	0.14193	-0.10516	-0.16705	-0.08526	0.15001	0.21944	0.01002	(And (Agent $e0 $x0) (Member $e0 kill) (Past $e0) (Patient $e0 $x1))
p204222	0.29587	-0.00103	0.00269	0.05868	-0.12343	-0.05170	0.06895	0.00239	0.00829	-0.04820	0.02445	0.04755	-0.08916	-0.10675	-0.02359	0.01987	0.02759	0.05000	0.04991	-0.02835	0.09448	-0.13650	-0.07921	-0.09791	-0.03616	-0.09833	0.05111	0.14650	0.01139	0.22289	-0.05600	-0.04406	(And (Agent $e0 $x0) (Member $e0 start) (Past $e0) (Theme $e0 $e1))
p204223	-0.04671	-0.01841	0.14439	-0.02114	-0.03397	-0.10226	-0.03538	-0.01313	-0.04650	-0.09363	0.13244	0.33761	-0.03500	-0.09725	-0.04789	-0.04325	0.08212	-0.02192	-0.03488	-0.03425	0.10898	0.12460	-0.04282	-0.02538	0.01668	-0.05958	0.01930	0.00415	0.00814	-0.08719	0.18537	-0.00195	(And (For $e0 $e1) (Member $e0 win) (Past $e0) (Theme $e0 $x0))
p204224	0.03155	-0.06149	-0.06448	0.03138	0.02691	0.03574	-0.01132	-0.00172	0.08334	0.08095	-0.07187	0.18980	-0.02988	-0.06927	0.06524	-0.01639	-0.03946	0.00416	0.07772	0.07773	0.01122	0.05088	0.09880	-0.04841	-0.01690	0.08032	-0.03099	0.06139	-0.05913	-0.05399	-0.08028	-0.00840	(And (Location $e0 kazakhstan) (Member $e0 build) (Past $e0) (Patient $e0 $x0))
p204278	0.08210	0.16962	0.08000	0.00189	-0.09414	-0.10818	0.02522	0.02545	-0.04231	-0.02322	-0.03281	0.08222	-0.05762	0.03780	0.07467	0.02771	-0.04115	0.07993	-0.00342	-0.00489	-0.04282	-0.01157	0.13173	0.14781	0.00834	-0.03814	0.05940	-0.05619	-0.06265	-0.11815	-0.07997	-0.01452	(And (Agent $e0 $x0) (Before $e1 $e0) (Past $e0))
p204279	0.03155	-0.06149	-0.06448	0.03138	0.02691	0.03574	-0.01132	-0.00172	0.08334	0.08095	-0.07187	0.18980	-0.02988	-0.06927	0.06524	-0.01639	-0.03946	0.00416	0.07772	0.07774	0.01122	0.05088	0.09880	-0.04841	-0.01690	0.08032	-0.03099	0.06139	-0.05912	-0.05399	-0.08027	-0.00840	(And (Agent $e0 $x0) (Location $e0 kazakhstan) (Member $e0 build))
p204280	0.03155	-0.06149	-0.06448	0.03138	0.02691	0.03574	-0.01132	-0.00172	0.08334	0.08095	-0.07187	0.18980	-0.02988	-0.06927	0.06524	-0.01639	-0.03946	0.00416	0.07772	0.07774	0.01122	0.05088	0.09880	-0.04841	-0.01690	0.08032	-0.03099	0.06139	-0.05912	-0.05399	-0.08027	-0.00840	(And (Agent $e0 $x0) (Location $e0 kazakhstan) (Past $e0))
p204281	0.03155	-0.06150	-0.06449	0.03138	0.02691	0.03574	-0.01132	-0.00172	0.08334	0.08095	-0.07188	0.18979	-0.02988	-0.06927	0.06524	-0.01639	-0.03946	0.00416	0.07772	0.07773	0.01122	0.05088	0.09880	-0.04841	-0.01690	0.08032	-0.03099	0.06139	-0.05913	-0.05399	-0.08028	-0.00841	(And (Agent $e0 $x0) (Location $e0 kazakhstan) (Patient $e0 $x1))
p204282	0.09454	0.14499	0.01689	-0.05678	0.12352	-0.06151	-0.03219	0.03346	0.17360	-0.14404	-0.04745	-0.07210	-0.05830	-0.02732	-0.05326	-0.13233	-0.10182	-0.06125	-0.00636	-0.09197	-0.07854	0.32151	-0.09674	0.10998	0.01323	-0.07038	0.11099	0.12641	0.26720	-0.13945	-0.03495	-0.05171	(And (Agent $e0 $x0) (Member $e0 contain) (Theme $e0 $x1))
p204283	-0.00400	-0.01537	-0.00001	0.01574	-0.00287	-0.02374	0.00135	-0.00736	0.01287	-0.00398	-0.00305	0.01651	0.00219	-0.01460	-0.00727	-0.01154	-0.00330	0.03958	0.01864	-0.00101	-0.00475	-0.01277	-0.01310	0.02725	-0.01524	-0.00437	-0.01089	-0.02229	-0.00347	-0.02773	-0.01538	0.04506	(And (Agent $e0 $x0) (Member $e0 jump) (Past $e0))
p204284	0.21781	-0.08467	0.12101	0.05415	0.20466	-0.03764	-0.06203	0.03200	-0.16783	0.20329	-0.22516	-0.09997	-0.04311	0.30652	-0.07921	-0.01797	-0.10784	-0.05111	-0.12510	-0.06179	0.08400	0.08138	-0.06323	0.07917	-0.01103	0.14193	-0.10516	-0.16705	-0.08526	0.15001	0.21944	0.01002	(And (Agent $e0 $x0) (Member $e0 kill) (Past $e0))
p204285	0.21781	-0.08467	0.12101	0.05415	0.20466	-0.03764	-0.06203	0.03200	-0.16783	0.20329	-0.22516	-0.09997	-0.04311	0.30652	-0.07921	-0.01797	-0.10784	-0.05111	-0.12510	-0.06179	0.08400	0.08138	-0.06323	0.07917	-0.01103	0.14193	-0.10516	-0.16705	-0.08526	0.15001	0.21944	0.01002	(And (Agent $e0 $x0) (Member $e0 kill) (Patient $e0 $x1))
p204286	-0.17107	-0.16138	-0.26155	0.02371	0.06898	-0.06945	-0.00279	-0.02418	0.20386	0.04575	0.13140	0.03593	0.13172	-0.00034	0.07199	0.11225	0.09003	-0.06931	-0.00182	-0.05298	-0.04758	0.16207	-0.12175	0.01364	-0.01487	0.13868	0.09742	-0.20194	-0.06646	0.23894	-0.07100	-0.02215	(And (Agent $e0 $x0) (Member $e0 sing) (Past $e0))
p204287	0.29587	-0.00103	0.00269	0.05868	-0.12343	-0.05170	0.06895	0.00239	0.00829	-0.04820	0.02445	0.04755	-0.08916	-0.10675	-0.02359	0.01987	0.02759	0.05000	0.04991	-0.02835	0.09448	-0.13650	-0.07921	-0.09791	-0.03616	-0.09833	0.05111	0.14650	0.01139	0.22289	-0.05600	-0.04406	(And (Agent $e0 $x0) (Member $e0 start) (Past $e0))
p204288	0.29587	-0.00103	0.00269	0.05868	-0.12343	-0.05170	0.06895	0.00239	0.00829	-0.04820	0.02445	0.04755	-0.08916	-0.10675	-0.02359	0.01988	0.02758	0.05000	0.04991	-0.02835	0.09448	-0.13650	-0.07921	-0.09791	-0.03616	-0.09833	0.05111	0.14650	0.01139	0.22289	-0.05600	-0.04406	(And (Agent $e0 $x0) (Member $e0 start) (Theme $e0 $e1))
p204289	0.00371	-0.02920	0.01108	0.03612	-0.00343	-0.01399	-0.01356	-0.01132	0.00299	0.00263	-0.02191	0.02715	0.00178	-0.03175	-0.01002	0.00888	0.00958	0.00230	0.01603	0.03653	0.00833	-0.05468	-0.02421	0.01445	-0.01967	0.00434	0.03793	-0.01666	-0.03803	-0.00543	0.00880	0.06667	(And (Agent $e0 $x0) (Member $e0 swim) (Ongoing $e0))
p204290	0.13058	0.08107	0.06166	-0.00341	0.01204	0.03884	0.00832	0.02089	0.06656	-0.10675	-0.07075	-0.01849	-0.00712	-0.04574	-0.04449	0.05280	0.01046	0.00720	0.04406	-0.00790	0.05096	-0.04580	-0.04718	-0.10709	0.01888	-0.04459	0.07514	0.04573	-0.05890	0.04174	-0.00310	-0.02769	(And (Agent $e0 $x0) (Member $e0 take) (Theme $e0 $x1))
p204292	-0.00293	0.00294	-0.00135	0.02037	-0.01043	-0.01046	-0.00355	-0.00333	-0.00966	-0.00782	0.00405	-0.00052	-0.00513	-0.01700	-0.00029	0.00504	-0.00344	-0.00730	0.00240	0.00871	-0.00928	0.00644	-0.01747	0.00170	0.01491	-0.00709	-0.00327	0.02296	-0.00424	0.01978	-0.00336	-0.00807	(And (Already $e0) (Past $e0) (Patient $e0 $x0))
p204294	0.08890	0.03160	-0.05129	-0.03369	-0.04521	-0.02268	-0.02978	-0.01060	0.28266	0.09480	0.05930	-0.00640	-0.03199	-0.06590	-0.03072	-0.02257	0.03095	-0.00029	-0.11724	0.11988	-0.01920	-0.08742	-0.05774	0.10677	0.01519	-0.05246	0.00650	-0.07530	0.05778	-0.11349	0.07184	-0.00116	(And (Cardinality $x0 <num>) (GroupOf $x0 child) (Theme $e0 $x0))
p204295	0.03607	0.01165	-0.00292	0.03794	0.10212	0.01208	-0.00345	-0.02132	-0.01567	-0.01833	0.08554	0.04807	-0.01764	0.17381	-0.03600	-0.04799	0.05672	-0.00171	0.04056	-0.00227	-0.01227	-0.06291	0.04771	-0.04108	-0.01327	-0.05693	0.11223	-0.05576	0.02932	0.00881	-0.07916	-0.00555	(And (Experiencer $e0 $x0) (Member $e0 bad) (Result $e1 $e0))
p204296	-0.02639	0.00397	-0.02727	0.00886	-0.02057	-0.01928	0.03201	0.00581	0.02617	0.00245	-0.01758	0.00832	0.00054	0.01162	0.00202	-0.00160	-0.00285	0.02507	-0.02565	0.00739	-0.01199	-0.00610	0.00218	-0.02380	-0.00451	0.03152	0.01132	0.00613	-0.01216	-0.00648	0.04406	0.04082	(And (Experiencer $e0 $x0) (Member $e0 sleep) (Ongoing $e0))
p204298	-0.15027	0.17821	-0.19665	0.04469	-0.16915	-0.03809	0.00542	-0.02130	0.07308	-0.04107	-0.04521	-0.07838	-0.01636	0.29942	-0.06169	-0.11530	0.05433	0.15140	-0.13182	-0.04923	-0.04924	0.10778	0.14106	-0.24363	-0.04083	0.08932	0.20078	0.22098	0.19505	0.15011	0.13475	0.02192	(And (Experiencer $e0 $x0) (Ongoing $e0) (Past $e0))
p204299	-0.04671	-0.01841	0.14439	-0.02114	-0.03397	-0.10226	-0.03538	-0.01313	-0.04650	-0.09363	0.13244	0.33761	-0.03500	-0.09725	-0.04789	-0.04325	0.08212	-0.02192	-0.03488	-0.03425	0.10898	0.12460	-0.04282	-0.02538	0.01668	-0.05958	0.01930	0.00415	0.00814	-0.08719	0.18537	-0.00195	(And (For $e0 $e1) (Member $e0 win) (Past $e0))
p204300	-0.04671	-0.01841	0.14439	-0.02114	-0.03397	-0.10226	-0.03538	-0.01313	-0.04650	-0.09363	0.13244	0.33761	-0.03500	-0.09725	-0.04789	-0.04325	0.08212	-0.02192	-0.03488	-0.03425	0.10898	0.12460	-0.04282	-0.02538	0.01668	-0.05958	0.01930	0.00415	0.00814	-0.08719	0.18537	-0.00195	(And (For $e0 $e1) (Member $e0 win) (Theme $e0 $x0))
p204301	0.10428	0.01609	0.00506	0.01791	-0.03710	-0.02023	0.00052	0.00311	-0.05514	-0.01892	0.07970	-0.00047	-0.03276	-0.05770	-0.01092	-0.01324	-0.01894	0.01383	0.00134	-0.01068	0.01845	-0.05838	-0.01233	-0.02122	-0.02795	0.09112	-0.01375	0.05040	0.03787	0.03694	-0.01773	0.00680	(And (Goal $e0 $x0) (Member $e0 walk) (Past $e0))
p204302	0.04165	0.01858	0.01610	0.01583	-0.01010	0.00477	-0.01762	0.00598	-0.02697	-0.02911	0.04494	-0.00520	-0.01312	-0.04478	-0.00207	0.00141	-0.01641	-0.01773	-0.00732	0.00448	-0.01799	-0.03919	-0.02361	-0.00164	0.01370	0.10062	-0.00368	0.01710	0.01403	-0.01784	0.01337	-0.00199	(And (Goal $e0 $x0) (Past $e0) (Patient $e0 $x1))
p204303	0.10143	-0.01799	-0.07410	-0.03526	-0.07547	0.18625	-0.02145	0.00591	-0.06673	-0.08929	0.07258	-0.09373	0.02434	0.10484	0.06871	0.06156	0.02346	0.00904	0.05893	0.07342	-0.00661	0.06177	-0.07233	0.05432	-0.00432	-0.06546	-0.03774	0.02186	-0.01924	-0.05202	0.05202	0.06199	(And (GroupOf $x0 view) (Possession $x0 free_soil_party) (Theme $e0 $x0))
p204304	0.10143	-0.01799	-0.07410	-0.03526	-0.07547	0.18625	-0.02145	0.00591	-0.06673	-0.08929	0.07258	-0.09373	0.02434	0.10484	0.06871	0.06156	0.02346	0.00904	0.05893	0.07342	-0.00661	0.06177	-0.07233	0.05432	-0.00432	-0.06546	-0.03774	0.02186	-0.01924	-0.05202	0.05202	0.06199	(And (GroupOf $x0 view) (Possession $x0 republican_party) (Theme $e0 $x0))
p204305	0.08890	0.03160	-0.05129	-0.03369	-0.04521	-0.02268	-0.02978	-0.01060	0.28266	0.09480	0.05930	-0.00640	-0.03199	-0.06590	-0.03072	-0.02257	0.03095	-0.00029	-0.11724	0.11988	-0.01920	-0.08742	-0.05774	0.10677	0.01519	-0.05246	0.00650	-0.07530	0.05778	-0.11348	0.07184	-0.00116	(And (Holder $e0 kristoffer) (Member $e0 have) (Theme $e0 $x0))
p204306	-0.02545	0.00825	0.01567	-0.01892	-0.01242	0.00439	-0.00843	0.01668	-0.02382	-0.01060	0.04867	-0.03407	0.00232	-0.03080	-0.00685	-0.02273	0.00475	-0.01477	-0.00402	0.06359	0.01703	0.02405	0.02845	-0.00923	-0.00634	0.00635	-0.02470	-0.00017	0.02878	0.02568	-0.03047	-0.01535	(And (Location $e0 $x0) (Member $e0 find) (Past $e0))
p204307	-0.00203	-0.02992	0.18730	-0.01711	-0.02924	-0.03406	0.07813	-0.02087	0.24854	-0.23244	-0.20480	0.00958	0.07944	0.21083	-0.03361	-0.00135	0.17646	-0.06368	0.21712	-0.06726	0.03876	-0.15152	-0.08621	0.02528	0.09986	0.07597	-0.01504	0.03399	-0.07689	-0.05473	-0.05476	-0.07751	(And (Location $e0 $x0) (Ongoing $e0) (Theme $e1 $e0))
p204308	0.03155	-0.06149	-0.06448	0.03138	0.02691	0.03574	-0.01132	-0.00172	0.08334	0.08095	-0.07187	0.18980	-0.02988	-0.06927	0.06524	-0.01639	-0.03946	0.00416	0.07772	0.07774	0.01122	0.05088	0.09880	-0.04841	-0.01690	0.08032	-0.03099	0.06139	-0.05912	-0.05399	-0.08027	-0.00840	(And (Location $e0 kazakhstan) (Member $e0 build) (Past $e0))
p204309	0.03155	-0.06149	-0.06448	0.03138	0.02691	0.03574	-0.01132	-0.00172	0.08334	0.08095	-0.07187	0.18980	-0.02988	-0.06927	0.06524	-0.01639	-0.03946	0.00416	0.07772	0.07774	0.01122	0.05088	0.09880	-0.04841	-0.01690	0.08032	-0.03099	0.06139	-0.05912	-0.05399	-0.08027	-0.00840	(And (Location $e0 kazakhstan) (Member $e0 build) (Patient $e0 $x0))
p204310	0.03155	-0.06149	-0.06448	0.03138	0.02691	0.03574	-0.01132	-0.00172	0.08334	0.08095	-0.07187	0.18980	-0.02988	-0.06927	0.06524	-0.01639	-0.03946	0.00416	0.07772	0.07774	0.01122	0.05088	0.09880	-0.04841	-0.01690	0.08032	-0.03099	0.06139	-0.05912	-0.05399	-0.08027	-0.00840	(And (Location $e0 kazakhstan) (Past $e0) (Patient $e0 $x0))
p204311	0.01025	0.02921	0.00857	0.05731	-0.00432	0.02104	-0.00055	-0.00387	-0.01657	0.00028	-0.03839	0.01573	-0.00742	-0.02171	-0.00827	0.04163	-0.00386	-0.02762	-0.01844	-0.00356	-0.01779	-0.02757	-0.04645	0.02152	0.01920	0.01885	-0.00175	0.02111	-0.04705	0.00021	0.03665	-0.00238	(And (Member $e0 bear) (Past $e0) (Patient $e0 $x0))
p204312	-0.03213	0.00109	-0.03537	0.06653	-0.03916	0.01904	-0.00664	0.00668	-0.01339	0.00460	-0.00194	0.03804	-0.00795	-0.01148	-0.01292	0.03782	0.01215	-0.01486	-0.01366	-0.00121	-0.01736	-0.02778	-0.05118	0.01669	0.03054	0.00419	0.00306	0.03470	0.01325	0.01710	0.00966	-0.01135	(And (Member $e0 direct) (Past $e0) (Patient $e0 $x0))
p204313	0.01502	-0.01270	-0.01691	-0.00526	0.00650	-0.01141	-0.00263	0.02747	-0.00866	0.03356	-0.02119	-0.00290	0.04161	0.00120	-0.01710	-0.00001	0.03669	0.00697	-0.02232	-0.00333	0.00074	-0.01871	0.02280	-0.02028	0.00061	0.00171	-0.00008	-0.00127	-0.01824	0.00102	0.00137	-0.00414	(And (Member $e0 discover) (Past $e0) (Theme $e0 $x0))
p204314	0.03966	0.17188	-0.07617	-0.06456	0.09944	0.28235	0.03583	-0.03839	-0.10762	-0.05052	-0.07667	0.17903	0.00538	-0.05484	-0.05492	-0.07370	0.15353	-0.05304	-0.02627	-0.11084	-0.04540	-0.03312	0.03922	0.19896	0.04754	-0.00669	-0.11925	-0.06434	0.17188	0.23284	-0.10462	0.04095	(And (Member $e0 get) (Ongoing $e0) (Patient $e0 $x0))
p204315	0.04374	0.16901	-0.06902	-0.04811	0.11282	0.28157	0.03739	-0.04183	-0.10742	-0.05491	-0.08049	0.17375	0.00581	-0.05302	-0.05949	-0.07452	0.15270	-0.05693	-0.01890	-0.10985	-0.03633	-0.03856	0.03658	0.19337	0.03102	-0.01216	-0.12546	-0.06257	0.17884	0.22744	-0.10581	0.04373	(And (Member $e0 get) (Ongoing $e0) (Result $e0 $e1))
p204316	0.02176	-0.02368	0.02036	0.01902	0.08487	0.00702	-0.00610	-0.01241	0.00371	-0.02118	0.03213	-0.05522	-0.00278	0.03145	-0.01578	-0.02844	0.01957	-0.03132	0.03218	0.00994	0.03905	-0.00996	0.02922	-0.03354	-0.02734	-0.03339	-0.00094	-0.03487	0.03494	-0.03035	-0.02556	0.03423	(And (Member $e0 make) (Past $e0) (Result $e0 $e1))
p204317	-0.00833	0.00287	-0.00907	0.02267	-0.01059	-0.00117	-0.00449	-0.00371	-0.00497	-0.00600	0.00863	0.00023	-0.00338	-0.01476	0.00157	0.00066	-0.00228	-0.00780	-0.00238	0.00484	-0.00706	-0.00487	-0.01899	0.00622	0.01434	-0.00387	-0.00187	0.01717	-0.00356	-0.00211	0.00176	-0.00436	(And (Member $e0 open) (Past $e0) (Patient $e0 $x0))
p204318	0.09148	-0.02953	0.04601	-0.13025	-0.01047	-0.10727	0.03370	0.01033	0.04927	0.02752	0.06223	-0.04901	-0.02094	-0.07333	-0.01440	0.09784	-0.04227	0.01150	0.02646	-0.05521	-0.06036	0.14841	0.09935	-0.05536	0.09945	-0.03465	0.01998	-0.03347	-0.05617	0.05573	-0.05790	0.05804	(And (Member $e0 start) (Patient $e0 $x0) (Theme $e0 $e1))
p204319	0.14560	-0.00964	0.05533	0.00975	-0.04684	0.00755	0.01678	0.02608	0.08122	-0.07796	-0.06129	0.00247	-0.01590	-0.03751	-0.01760	0.02400	0.05189	0.03117	0.05424	-0.01687	0.02482	-0.08363	-0.00925	-0.08223	0.00960	-0.05238	0.05921	-0.00772	-0.03762	0.06901	-0.00540	-0.02464	(And (Member $e0 take) (Past $e0) (Theme $e0 $x0))
p204320	0.00912	-0.01799	0.00319	0.01456	0.05870	-0.02418	0.02456	-0.00322	-0.01867	-0.01540	0.03662	-0.01278	-0.00597	-0.04259	-0.00372	0.00698	-0.00528	-0.01873	0.01377	0.03483	-0.01773	-0.02210	-0.02436	0.00385	0.01535	0.01447	-0.02479	0.00687	0.00441	-0.02592	-0.00544	-0.00316	(And (Member $e0 turn) (Past $e0) (Patient $e0 $x0))
p204321	-0.00449	-0.02294	0.02501	0.03172	0.04696	-0.02531	-0.00462	0.01605	0.01661	0.03405	-0.03345	0.02522	-0.00116	-0.00077	-0.01700	0.01633	0.00526	0.02326	-0.00281	-0.00228	-0.02384	-0.05127	-0.03406	-0.00296	-0.01562	0.01008	-0.01148	-0.00516	-0.04132	-0.03464	0.00344	0.09911	(And (Ongoing $e0) (Past $e0) (Theme $e0 $x0))
p204322	-0.01108	-0.02609	0.01307	-0.11235	-0.01301	-0.07692	0.04964	0.00981	-0.00434	0.08640	0.09030	-0.04690	0.00114	-0.06284	-0.01443	0.08138	-0.05475	-0.00035	-0.00876	-0.03842	-0.05309	0.15169	0.09897	-0.03019	0.08262	-0.01561	-0.00239	-0.00934	-0.03471	0.03244	-0.04450	0.03408	(And (Past $e0) (Patient $e0 $x0) (Theme $e0 $e1))
p204323	-0.06550	-0.01360	0.09894	0.06142	0.02705	0.04327	-0.03143	0.03057	0.09395	-0.04487	0.06665	-0.05236	0.05965	-0.03083	0.01512	-0.01364	-0.06006	0.02773	-0.03222	-0.02283	-0.02206	-0.12317	0.10445	-0.00817	-0.01916	-0.04515	-0.08320	0.04079	-0.03120	0.07524	0.10873	-0.01052	(And (Past $e0) (Theme $e0 $x0) (To $e0 $e1))
p204457	0.00130	-0.01875	-0.00094	0.02192	0.00977	-0.01140	0.00796	-0.00044	-0.00162	-0.01113	-0.01932	0.00190	-0.00282	-0.02026	-0.00046	-0.00570	-0.00563	0.00493	0.01742	-0.00497	0.00465	-0.00186	-0.01374	0.01802	-0.01495	0.00486	0.00782	-0.00708	-0.00781	-0.01884	0.00933	0.03384	(And (Agent $e0 $x0) (For $e0 $x1))
p204458	0.00264	-0.03017	0.00912	0.00393	0.01170	-0.00802	-0.01062	-0.00975	0.00585	-0.00448	-0.00800	-0.01741	0.00191	-0.01821	0.00561	-0.01258	0.00504	0.00140	0.01408	-0.00152	0.02720	-0.01429	0.00766	0.00243	-0.00548	-0.00603	0.01160	-0.02788	0.00270	-0.02520	0.01367	0.05801	(And (Agent $e0 $x0) (GroupOf $x0 boy))
p204459	0.01493	-0.01568	0.00169	0.00372	0.00508	-0.00761	0.00469	0.00360	-0.01411	-0.02153	-0.00011	-0.00589	-0.00767	-0.03040	-0.00446	-0.00114	-0.01120	0.00304	0.01680	-0.00627	-0.00701	-0.00258	-0.00358	0.01896	-0.00811	0.04815	0.00828	-0.00929	0.00734	-0.02294	0.01080	0.01152	(And (Agent $e0 $x0) (GroupOf $x0 student))
p204460	0.03155	-0.06149	-0.06448	0.03138	0.02691	0.03574	-0.01132	-0.00172	0.08334	0.08095	-0.07187	0.18980	-0.02988	-0.06927	0.06524	-0.01639	-0.03946	0.00416	0.07772	0.07774	0.01122	0.05088	0.09880	-0.04841	-0.01690	0.08032	-0.03099	0.06139	-0.05912	-0.05399	-0.08027	-0.00840	(And (Agent $e0 $x0) (Location $e0 kazakhstan))
p204461	0.03580	0.00098	-0.00009	-0.01716	0.01824	-0.00819	-0.01700	0.00046	-0.03438	-0.00065	0.01648	-0.00785	0.03046	-0.03591	-0.01307	-0.00870	-0.00227	-0.01305	-0.01159	-0.00289	-0.01332	-0.00748	0.00287	-0.00784	0.00856	0.05712	0.03146	0.02135	-0.00012	-0.01928	0.01557	-0.00555	(And (Agent $e0 $x0) (Member $e0 add))
p204462	0.09454	0.14499	0.01689	-0.05678	0.12352	-0.06151	-0.03219	0.03346	0.17360	-0.14404	-0.04745	-0.07210	-0.05830	-0.02732	-0.05327	-0.13233	-0.10182	-0.06125	-0.00636	-0.09197	-0.07854	0.32151	-0.09674	0.10998	0.01323	-0.07038	0.11099	0.12641	0.26720	-0.13945	-0.03495	-0.05171	(And (Agent $e0 $x0) (Member $e0 contain))
p204463	-0.00969	0.01682	0.00305	0.00778	-0.00579	0.02824	0.00524	0.00728	0.00507	-0.00039	0.00399	-0.01806	-0.00120	0.00170	-0.00340	-0.00355	-0.01481	0.01247	-0.01262	0.00566	0.04746	-0.01279	-0.02229	-0.01357	-0.00059	-0.02290	-0.00061	-0.00436	0.01041	-0.00878	0.00523	0.01255	(And (Agent $e0 $x0) (Member $e0 eat))
p204464	-0.00560	-0.01690	0.00750	0.00261	0.00120	-0.01295	-0.00440	-0.01113	-0.00637	-0.00312	-0.01161	0.00684	0.00008	-0.02570	-0.00346	-0.00583	0.00546	0.00468	0.01576	0.03067	-0.00377	-0.00407	-0.00893	0.02978	-0.00661	-0.00467	0.00877	-0.01044	-0.01286	-0.00136	-0.00887	0.01229	(And (Agent $e0 $x0) (Member $e0 fly))
p204465	-0.00368	-0.01516	0.00031	0.01595	-0.00273	-0.02358	0.00147	-0.00718	0.01307	-0.00383	-0.00287	0.01678	0.00234	-0.01439	-0.00704	-0.01136	-0.00310	0.03989	0.01880	-0.00085	-0.00460	-0.01267	-0.01293	0.02742	-0.01509	-0.00423	-0.01059	-0.02216	-0.00322	-0.02764	-0.01523	0.04523	(And (Agent $e0 $x0) (Member $e0 jump))
p204466	0.21781	-0.08467	0.12101	0.05415	0.20466	-0.03764	-0.06203	0.03200	-0.16783	0.20329	-0.22516	-0.09998	-0.04312	0.30652	-0.07921	-0.01797	-0.10784	-0.05111	-0.12510	-0.06179	0.08400	0.08138	-0.06323	0.07917	-0.01103	0.14193	-0.10516	-0.16705	-0.08526	0.15001	0.21944	0.01002	(And (Agent $e0 $x0) (Member $e0 kill))
p204467	0.01349	-0.01380	-0.00945	0.00481	0.02980	-0.01290	0.00201	-0.00428	-0.02989	0.00749	-0.02862	0.00652	0.03393	-0.02437	-0.01615	0.00535	0.01330	-0.00300	-0.00488	-0.01190	-0.02555	-0.00229	-0.01492	-0.00494	0.00301	0.02155	0.01671	0.03607	-0.00532	-0.01287	0.02039	-0.00711	(And (Agent $e0 $x0) (Member $e0 lead))
p204468	-0.00472	-0.01053	-0.01365	-0.00435	0.01258	-0.00484	-0.00051	0.00008	-0.01374	-0.00252	-0.00549	-0.00370	-0.00595	-0.01429	-0.00697	-0.00508	0.00345	0.00336	0.00654	-0.00427	-0.00381	0.00786	-0.00515	0.01237	-0.00259	-0.00473	0.00445	0.02006	0.00125	0.00278	-0.00412	-0.00776	(And (Agent $e0 $x0) (Member $e0 provide))
p204469	-0.00155	-0.04956	-0.00785	0.00215	-0.00850	0.01910	-0.03417	-0.00225	-0.07058	-0.01280	-0.04253	-0.04610	-0.03754	-0.03631	-0.01252	0.05269	-0.00115	-0.07504	0.02525	-0.00207	0.06496	-0.02065	0.16043	0.06873	-0.00963	0.00005	0.06488	0.01023	-0.00399	-0.01963	0.06190	-0.01381	(And (Agent $e0 $x0) (Member $e0 sell))
p204470	0.29587	-0.00103	0.00269	0.05868	-0.12343	-0.05170	0.06895	0.00239	0.00829	-0.04820	0.02445	0.04755	-0.08916	-0.10675	-0.02359	0.01987	0.02759	0.05000	0.04991	-0.02835	0.09448	-0.13650	-0.07921	-0.09791	-0.03616	-0.09833	0.05111	0.14650	0.01139	0.22289	-0.05600	-0.04406	(And (Agent $e0 $x0) (Member $e0 start))
p204471	0.00371	-0.02920	0.01108	0.03613	-0.00343	-0.01399	-0.01356	-0.01132	0.00299	0.00263	-0.02191	0.02715	0.00178	-0.03175	-0.01002	0.00888	0.00958	0.00230	0.01603	0.03653	0.00833	-0.05468	-0.02421	0.01445	-0.01967	0.00434	0.03793	-0.01666	-0.03803	-0.00543	0.00880	0.06667	(And (Agent $e0 $x0) (Member $e0 swim))
p204472	-0.02897	-0.02000	0.10549	-0.01106	-0.03738	0.13236	-0.00532	0.00374	-0.01595	0.07793	0.00845	-0.00997	0.00081	0.01238	0.02669	-0.01450	-0.01840	0.02115	-0.02986	-0.00648	-0.00748	-0.07669	-0.02775	-0.03267	0.00147	0.04063	0.12611	-0.04282	0.05053	-0.04743	0.00757	0.03836	(And (Agent $e0 $x0) (Member $e0 try))
p204473	-0.00754	0.08527	-0.00238	0.00821	0.01078	0.05111	-0.00309	0.02243	0.03383	-0.04575	0.00715	-0.03395	0.00182	0.01495	-0.05039	0.03608	-0.02731	0.02667	-0.03090	0.01210	0.09822	-0.03212	-0.02057	-0.04729	0.00254	-0.02622	-0.04330	-0.00536	-0.02908	-0.00633	0.02860	0.01595	(And (Agent $e0 $x0) (Member $e0 write))
p204474	-0.00963	-0.02867	0.01898	-0.00351	0.00562	-0.02258	-0.00397	-0.00832	-0.01740	0.00839	-0.01022	-0.01006	-0.00330	-0.00671	0.02508	-0.00518	0.00452	0.03008	0.01369	0.01133	-0.00002	-0.01033	-0.00439	-0.00228	-0.00215	-0.01402	-0.00242	-0.00146	0.05576	-0.01471	-0.00784	0.01860	(And (Agent $e0 $x0) (Member $x0 cat))
p204475	-0.01077	-0.00207	0.04547	0.02805	-0.00534	-0.06084	-0.00049	0.00146	-0.01547	-0.01009	-0.01431	0.02114	-0.00966	-0.01923	0.10306	-0.02430	-0.01418	-0.00479	0.02430	-0.02241	-0.02710	0.02779	-0.00926	0.06264	-0.00106	-0.00044	0.00621	-0.02761	0.00753	-0.03082	-0.03313	0.04278	(And (Agent $e0 $x0) (Member $x0 family))
p204476	-0.26094	-0.05271	0.27650	0.17787	0.10133	0.10801	-0.07457	0.06513	0.23592	-0.14333	0.20701	-0.11515	0.13551	-0.08340	0.07977	-0.03529	-0.21897	0.08994	-0.10392	-0.07625	-0.09686	-0.29574	0.24076	0.02328	-0.05043	-0.11508	-0.25150	0.16058	-0.06092	0.22168	0.29700	-0.01048	(And (Agent $e0 $x0) (Member $x0 father))
p204477	-0.00200	-0.01690	-0.00168	-0.00805	0.02100	0.00073	-0.00704	0.00147	-0.00875	-0.00275	-0.01365	-0.01340	-0.00523	-0.01405	-0.00080	-0.00237	0.00455	-0.01019	0.00640	-0.00629	0.00108	0.00290	-0.00049	0.00192	0.00651	0.00113	0.02163	0.00942	-0.00753	-0.00183	0.01068	0.01202	(And (Agent $e0 $x0) (Member $x0 government))
p204478	0.00857	-0.00662	0.00432	-0.01148	-0.01067	-0.01837	-0.00188	-0.00415	0.00219	-0.01485	0.01732	0.00145	-0.00697	-0.02152	0.01464	-0.01863	-0.00442	0.02376	0.01194	-0.00320	-0.01838	-0.00120	-0.00540	0.03015	0.00019	0.03488	0.00330	-0.01465	0.02567	-0.02379	-0.01395	-0.00221	(And (Agent $e0 $x0) (Over $e0 $x1))
p204480	-0.00336	0.00248	-0.00177	0.01986	-0.01094	-0.01099	-0.00405	-0.00382	-0.01014	-0.00832	0.00357	-0.00097	-0.00563	-0.01747	-0.00076	0.00452	-0.00391	-0.00778	0.00192	0.00823	-0.00977	0.00592	-0.01793	0.00122	0.01443	-0.00759	-0.00372	0.02245	-0.00467	0.01923	-0.00389	-0.00855	(And (Already $e0) (Past $e0))
p204482	-0.08908	-0.04921	-0.15359	0.01719	0.03737	-0.03108	-0.00210	-0.01545	0.11368	0.01782	0.07817	0.00931	0.07444	0.00342	0.01762	0.08900	0.04386	-0.03947	-0.00978	-0.04013	-0.00269	0.09941	-0.06213	-0.00619	-0.01826	0.07949	0.04022	-0.11317	-0.04968	0.12727	-0.04331	-0.01069	(And (Also appear $e0) (Past $e0))
p204483	-0.00616	0.00804	0.01460	-0.00349	-0.00153	0.02139	-0.00948	0.00126	-0.01440	-0.02091	0.04131	-0.03573	-0.00316	-0.02853	-0.01414	-0.01904	0.00610	-0.01880	0.00523	0.02571	0.01475	0.03219	0.02522	-0.00540	-0.01530	0.00790	-0.02053	-0.00320	0.01989	0.00587	-0.02173	-0.00880	(And (But $e0 $e1) (Past $e0))
p204484	-0.00633	0.00787	0.01444	-0.00364	-0.00169	0.02126	-0.00955	0.00113	-0.01455	-0.02104	0.04116	-0.03589	-0.00328	-0.02866	-0.01430	-0.01919	0.00596	-0.01898	0.00510	0.02558	0.01460	0.03207	0.02507	-0.00553	-0.01542	0.00776	-0.02071	-0.00330	0.01972	0.00576	-0.02185	-0.00891	(And (But $e0 $e1) (Past $e1))
p204485	0.11925	-0.02833	0.05679	0.01601	0.10046	-0.03542	-0.03588	0.01188	-0.04982	0.08933	-0.10718	-0.04734	-0.02855	0.11915	-0.04310	-0.01282	-0.05437	-0.03902	-0.06436	-0.01912	0.02397	0.05575	-0.02844	0.05991	-0.00393	0.05814	-0.02349	-0.06528	-0.03726	0.04421	0.10132	-0.00215	(And (Cardinality $x0 <num>) (GroupOf $x0 person))
p204486	0.01546	-0.04087	0.01513	0.00593	0.00623	-0.02010	-0.00338	-0.00606	0.03964	0.01609	-0.02557	0.02235	-0.01018	-0.00008	-0.01911	0.09128	-0.00547	-0.00602	-0.00142	0.00186	-0.00800	-0.02040	0.00291	0.00892	-0.00723	-0.00013	-0.00972	-0.01306	0.06292	-0.02832	0.01365	-0.00275	(And (Cardinality $x0 <num>) (LocatedIn $x0 $x1))
p204487	0.00071	-0.01231	-0.00582	0.01858	0.02469	0.00391	0.00256	0.00526	-0.01428	0.00792	-0.01687	-0.01076	0.02040	-0.00642	-0.01485	-0.00388	0.02938	-0.01588	-0.00579	0.00056	0.00494	0.00174	-0.00053	-0.01185	-0.00202	-0.00100	-0.01004	0.00477	0.00544	0.00229	0.00561	0.01046	(And (During $e0 $e1) (Past $e0))
p204488	-0.00164	-0.00880	-0.00788	0.02030	0.02247	-0.00011	-0.00039	0.00452	-0.01271	0.00900	-0.01698	-0.01186	0.01973	0.00299	-0.01546	-0.00736	0.03041	-0.01379	-0.00917	-0.00282	0.00573	0.00044	0.00285	-0.01764	-0.00355	-0.00008	-0.00767	0.00990	0.01061	0.00022	0.00463	0.01908	(And (During $e0 $e1) (Past $e1))
p204489	0.00108	-0.00214	-0.00488	0.01546	-0.00410	0.00363	0.00810	-0.00470	-0.00070	-0.01178	-0.00894	-0.01072	-0.00269	-0.01408	0.00226	0.00108	0.00072	-0.00653	0.00284	-0.00409	-0.00329	0.00804	-0.00655	0.00174	0.00221	0.00137	-0.00305	0.00398	-0.00536	-0.00454	0.01115	-0.00462	(And (During $e0 $x0) (Past $e0))
p204490	-0.01130	-0.01589	-0.01540	-0.00229	-0.00516	-0.00709	0.05786	0.00782	-0.00291	0.00847	-0.02088	0.00339	-0.00037	-0.02408	0.01767	0.01056	-0.01295	0.00534	-0.01199	0.00260	-0.00777	0.00633	-0.01143	-0.00019	-0.00118	0.01706	-0.00819	-0.01417	-0.02509	-0.00967	0.03891	0.00715	(And (Experiencer $e0 $x0) (Like $e0 $x1))
p204491	0.03607	0.01165	-0.00292	0.03794	0.10212	0.01208	-0.00345	-0.02132	-0.01567	-0.01833	0.08554	0.04807	-0.01764	0.17381	-0.03600	-0.04799	0.05672	-0.00171	0.04056	-0.00227	-0.01227	-0.06291	0.04771	-0.04108	-0.01327	-0.05693	0.11223	-0.05576	0.02932	0.00881	-0.07916	-0.00555	(And (Experiencer $e0 $x0) (Member $e0 bad))
p204492	-0.02860	-0.02106	-0.00363	-0.00223	-0.00719	0.04620	0.05335	0.01611	-0.00148	0.03050	-0.02914	0.00642	0.00017	-0.02349	0.00277	0.02194	-0.01864	-0.00961	-0.02239	0.00513	-0.01714	-0.00143	-0.02990	0.01193	0.00509	0.01874	0.02600	-0.01768	-0.03182	-0.00648	0.03937	-0.00540	(And (Experiencer $e0 $x0) (Member $e0 need))
p204493	0.03606	0.01165	-0.00292	0.03794	0.10212	0.01208	-0.00345	-0.02132	-0.01567	-0.01833	0.08554	0.04807	-0.01764	0.17381	-0.03600	-0.04799	0.05672	-0.00171	0.04056	-0.00227	-0.01227	-0.06291	0.04770	-0.04108	-0.01327	-0.05693	0.11223	-0.05576	0.02932	0.00881	-0.07917	-0.00555	(And (Experiencer $e0 $x0) (Member $x0 bad))
p204494	0.01205	-0.00544	0.02550	0.00163	0.00575	-0.03308	0.03922	-0.01033	-0.01229	-0.01777	-0.01118	-0.02438	-0.01241	-0.01837	0.09034	-0.03100	0.00555	-0.00519	0.00644	0.01692	-0.00723	0.00072	-0.01728	-0.00935	0.00109	-0.00813	0.00669	-0.00290	0.05012	-0.02119	0.00979	-0.00882	(And (Experiencer $e0 $x0) (Possession $x0 $x1))
p204495	-0.00509	0.02350	0.03993	0.00919	-0.01469	-0.02096	0.06706	0.02488	0.00229	0.04635	0.01507	0.05449	-0.00967	0.05126	-0.00954	0.02259	-0.04107	0.04819	-0.01453	0.01222	-0.05686	-0.01532	0.03276	0.02301	0.01274	-0.02470	0.07782	-0.05424	-0.06496	-0.05846	-0.01979	0.00633	(And (Experiencer $e0 $x0) (Theme $e1 $e0))
p204496	-0.00381	-0.01033	-0.00997	0.00030	-0.00194	-0.00794	0.03706	0.00480	0.00275	-0.00232	-0.01589	0.01069	-0.00215	-0.01177	0.01803	0.00315	-0.00396	0.00683	-0.00707	0.00527	-0.00582	-0.00996	-0.01128	-0.00173	-0.00027	0.01387	-0.00188	-0.01475	-0.02059	-0.00893	0.03027	0.00880	(And (Experiencer $e0 $x0) (Time $e0 now))
p204497	-0.04671	-0.01841	0.14439	-0.02114	-0.03397	-0.10226	-0.03538	-0.01313	-0.04650	-0.09363	0.13244	0.33761	-0.03500	-0.09725	-0.04789	-0.04325	0.08212	-0.02192	-0.03488	-0.03425	0.10898	0.12460	-0.04282	-0.02538	0.01668	-0.05958	0.01930	0.00415	0.00814	-0.08719	0.18537	-0.00195	(And (For $e0 $e1) (Member $e0 win))
p204498	0.10428	0.01609	0.00506	0.01791	-0.03710	-0.02023	0.00052	0.00311	-0.05514	-0.01892	0.07970	-0.00047	-0.03276	-0.05770	-0.01092	-0.01324	-0.01894	0.01383	0.00134	-0.01068	0.01845	-0.05838	-0.01233	-0.02122	-0.02795	0.09112	-0.01375	0.05040	0.03787	0.03694	-0.01773	0.00680	(And (Goal $e0 $x0) (Member $e0 walk))
p204499	0.08890	0.03161	-0.05129	-0.03370	-0.04521	-0.02268	-0.02978	-0.01060	0.28266	0.09480	0.05930	-0.00640	-0.03199	-0.06590	-0.03072	-0.02257	0.03095	-0.00029	-0.11724	0.11988	-0.01920	-0.08742	-0.05775	0.10677	0.01519	-0.05246	0.00650	-0.07530	0.05778	-0.11348	0.07184	-0.00116	(And (GroupOf $x0 child) (Theme $e0 $x0))
p204500	0.10143	-0.01799	-0.07410	-0.03526	-0.07547	0.18625	-0.02145	0.00591	-0.06673	-0.08929	0.07258	-0.09373	0.02434	0.10484	0.06871	0.06156	0.02346	0.00904	0.05893	0.07342	-0.00661	0.06177	-0.07233	0.05432	-0.00432	-0.06546	-0.03774	0.02186	-0.01924	-0.05202	0.05202	0.06199	(And (GroupOf $x0 view) (Possession $x0 free_soil_party))
p204501	0.10143	-0.01799	-0.07410	-0.03526	-0.07547	0.18625	-0.02145	0.00591	-0.06673	-0.08929	0.07258	-0.09373	0.02434	0.10484	0.06871	0.06156	0.02346	0.00904	0.05893	0.07342	-0.00661	0.06177	-0.07233	0.05432	-0.00432	-0.06546	-0.03774	0.02186	-0.01924	-0.05202	0.05202	0.06199	(And (GroupOf $x0 view) (Possession $x0 republican_party))
p204502	0.16485	-0.03951	-0.13706	-0.06495	-0.14117	0.31461	-0.03749	0.01680	-0.12133	-0.15679	0.14255	-0.16401	0.03548	0.19518	0.13402	0.12106	0.03892	0.01503	0.10625	0.14143	-0.01325	0.11510	-0.12741	0.10351	-0.00433	-0.11503	-0.07278	0.03726	-0.03847	-0.09960	0.10085	0.11760	(And (GroupOf $x0 view) (Theme $e0 $x0))
p204503	0.08890	0.03160	-0.05129	-0.03369	-0.04521	-0.02268	-0.02978	-0.01060	0.28266	0.09480	0.05930	-0.00640	-0.03199	-0.06590	-0.03072	-0.02257	0.03095	-0.00029	-0.11724	0.11988	-0.01920	-0.08742	-0.05774	0.10677	0.01519	-0.05246	0.00650	-0.07530	0.05777	-0.11349	0.07184	-0.00116	(And (Holder $e0 kristoffer) (Member $e0 have))
p204504	0.08890	0.03160	-0.05129	-0.03369	-0.04521	-0.02268	-0.02978	-0.01060	0.28266	0.09480	0.05930	-0.00640	-0.03199	-0.06590	-0.03072	-0.02257	0.03095	-0.00029	-0.11724	0.11988	-0.01920	-0.08742	-0.05774	0.10677	0.01519	-0.05246	0.00650	-0.07530	0.05777	-0.11349	0.07184	-0.00116	(And (Holder $e0 kristoffer) (Theme $e0 $x0))
p204505	-0.01627	-0.04650	0.01532	0.00748	0.00549	-0.01014	-0.00055	-0.00313	-0.01000	0.01383	-0.01824	0.01776	-0.00278	0.01350	-0.01094	0.08540	-0.00536	-0.00523	0.01655	-0.00913	-0.00087	-0.01514	0.02266	-0.00473	-0.00850	0.00922	-0.01377	-0.00464	0.07055	-0.00557	0.00590	-0.00341	(And (LocatedIn $x0 $x1) (Member $x1 garden))
p204506	-0.02936	-0.05827	0.01145	0.00403	0.00023	-0.00541	0.00091	0.00711	-0.01666	0.00546	-0.01933	-0.00265	-0.00736	0.00172	-0.02283	0.10313	-0.00997	-0.00489	0.02641	0.00857	0.01644	-0.01423	0.04199	-0.00365	-0.00439	0.00907	-0.02721	-0.01148	0.08019	-0.00165	0.01031	-0.00985	(And (LocatedIn $x0 $x1) (PartOf $x1 $x2))
p204507	-0.03988	-0.01654	0.04670	-0.00098	-0.01790	-0.02362	0.02279	0.01746	-0.01760	0.00011	-0.00727	0.02572	0.03618	-0.03919	-0.01269	0.06302	-0.01788	0.00365	0.00055	0.11307	-0.00638	-0.03606	0.00062	-0.01512	-0.00771	0.01564	-0.01727	0.00336	0.05309	0.00041	-0.00596	-0.01664	(And (Location $e0 $x0) (Location $e0 $x1))
p204508	-0.03528	0.04486	-0.01103	0.02183	-0.05129	0.01531	0.02789	0.04475	0.02372	-0.00493	-0.01797	0.04364	0.00438	-0.00969	-0.03486	0.05345	-0.02072	0.00177	-0.03085	0.09724	0.00613	-0.04568	-0.02091	0.00860	-0.00871	0.03141	0.02897	-0.00204	-0.05104	0.01449	0.00145	-0.00513	(And (Location $e0 $x0) (Member $e0 sleep))
p204509	-0.01905	0.01425	0.03412	0.00829	-0.00320	-0.02025	-0.02361	-0.01400	-0.00730	-0.00932	0.00232	-0.01324	0.00018	-0.01687	0.00246	-0.01947	0.01055	-0.00687	0.00065	0.04519	-0.00263	-0.00245	0.00005	-0.01613	0.00174	0.00332	0.00883	0.02128	0.00939	0.00929	-0.01033	0.05393	(And (Location $e0 $x0) (Member $e0 walk))
p204510	-0.14477	0.17600	-0.17297	0.03080	-0.16037	-0.03228	-0.01207	-0.01546	0.05406	-0.03377	-0.03174	-0.08113	-0.01780	0.28625	-0.05844	-0.11541	0.06214	0.13150	-0.12463	-0.02483	-0.03809	0.10231	0.14189	-0.22860	-0.03544	0.07139	0.18499	0.21225	0.19587	0.16170	0.10097	0.00564	(And (Location $e0 $x0) (Member $x0 table))
p204511	0.07532	0.11896	0.03986	-0.00991	-0.07409	-0.06672	0.00085	0.05175	-0.03547	-0.00505	-0.04963	0.01177	0.02850	-0.00528	0.06447	0.01236	0.01161	0.01774	-0.02940	-0.01203	0.02706	-0.00486	0.11801	0.05751	0.00202	-0.00962	0.00592	-0.05516	-0.03183	-0.06501	-0.04328	-0.01022	(And (Location $e0 japan) (Past $e0))
p204512	0.03155	-0.06149	-0.06449	0.03138	0.02691	0.03574	-0.01132	-0.00172	0.08334	0.08095	-0.07187	0.18980	-0.02988	-0.06927	0.06524	-0.01639	-0.03946	0.00416	0.07772	0.07773	0.01122	0.05088	0.09880	-0.04841	-0.01690	0.08032	-0.03099	0.06139	-0.05913	-0.05399	-0.08028	-0.00841	(And (Location $e0 kazakhstan) (Member $e0 build))
p204513	0.03155	-0.06149	-0.06448	0.03138	0.02691	0.03574	-0.01132	-0.00172	0.08334	0.08095	-0.07187	0.18980	-0.02988	-0.06927	0.06524	-0.01639	-0.03946	0.00416	0.07772	0.07774	0.01122	0.05088	0.09880	-0.04841	-0.01690	0.08032	-0.03099	0.06139	-0.05912	-0.05399	-0.08027	-0.00840	(And (Location $e0 kazakhstan) (Past $e0))
p204514	0.03155	-0.06149	-0.06448	0.03138	0.02691	0.03574	-0.01132	-0.00172	0.08334	0.08095	-0.07187	0.18980	-0.02988	-0.06927	0.06524	-0.01639	-0.03946	0.00416	0.07772	0.07774	0.01122	0.05088	0.09880	-0.04841	-0.01690	0.08032	-0.03099	0.06139	-0.05912	-0.05399	-0.08027	-0.00840	(And (Location $e0 kazakhstan) (Patient $e0 $x0))
p204515	0.11783	-0.03574	0.10102	0.02537	0.09143	-0.04434	-0.03207	0.01379	-0.10390	0.11753	-0.11728	-0.06068	-0.03268	0.15436	0.05690	-0.03395	-0.04197	-0.03205	-0.06861	-0.03054	0.04834	0.02021	-0.04156	0.02818	-0.00282	0.05206	-0.04652	-0.07818	0.00775	0.05877	0.09287	0.00724	(And (Manner $e0 directly) (Past $e0))
p204516	0.02387	0.00862	-0.01232	-0.01242	0.00360	-0.00940	-0.01651	0.02167	-0.03093	0.01400	0.02443	-0.00723	0.03652	-0.02626	-0.01606	-0.00755	0.00356	-0.00971	-0.02724	-0.00770	-0.02459	-0.00963	0.00968	-0.01328	0.02831	0.06373	0.01917	0.01688	-0.00582	-0.00955	0.01089	-0.00651	(And (Member $e0 add) (Theme $e0 $x0))
p204517	-0.09580	-0.01932	-0.16991	0.01402	0.04140	-0.03557	-0.00276	-0.01719	0.11924	0.01901	0.08681	0.01157	0.08295	0.00231	0.00338	0.12091	0.04535	-0.03528	-0.01996	-0.04094	0.00806	0.10644	-0.06607	-0.00998	-0.02188	0.08936	0.03683	-0.12096	-0.06684	0.13040	-0.05000	-0.01134	(And (Member $e0 appear) (Past $e0))
p204518	0.03607	0.01165	-0.00292	0.03794	0.10212	0.01208	-0.00345	-0.02132	-0.01567	-0.01833	0.08554	0.04807	-0.01764	0.17381	-0.03600	-0.04799	0.05672	-0.00171	0.04056	-0.00227	-0.01227	-0.06291	0.04771	-0.04108	-0.01327	-0.05693	0.11223	-0.05576	0.02932	0.00881	-0.07916	-0.00555	(And (Member $e0 bad) (Result $e1 $e0))
p204519	0.01025	0.02921	0.00857	0.05732	-0.00431	0.02104	-0.00055	-0.00387	-0.01657	0.00028	-0.03839	0.01573	-0.00742	-0.02171	-0.00827	0.04163	-0.00386	-0.02762	-0.01843	-0.00355	-0.01778	-0.02757	-0.04644	0.02152	0.01920	0.01885	-0.00175	0.02111	-0.04705	0.00021	0.03665	-0.00238	(And (Member $e0 bear) (Patient $e0 $x0))
p204520	-0.00578	-0.04350	-0.04213	0.00206	-0.02570	0.01879	0.00522	0.06078	0.00936	0.01567	-0.00874	-0.00887	-0.01658	0.02230	-0.01388	0.02364	0.03927	-0.02170	-0.00297	-0.00438	0.03786	-0.01656	0.04724	-0.00742	-0.00356	0.01821	-0.01122	-0.05104	0.00376	0.03049	-0.00478	-0.01020	(And (Member $e0 buy) (Theme $e0 $x0))
p204521	-0.02104	-0.00604	0.00311	-0.00096	0.00312	-0.01170	-0.00393	0.00182	-0.01457	-0.00680	0.00038	-0.01394	-0.00215	0.00258	-0.00188	-0.02441	-0.00195	0.03277	0.00480	0.01939	0.00446	0.01249	-0.01640	-0.01099	0.01157	-0.01631	-0.01698	0.01219	0.03158	0.01863	-0.00361	0.00810	(And (Member $e0 cause) (Past $e0))
p204522	-0.00749	-0.01122	-0.00531	0.00979	-0.01044	0.01756	-0.00281	0.00656	0.00369	-0.00630	0.00090	-0.01492	-0.00250	0.00226	-0.00312	-0.00796	0.00842	0.00393	0.00239	-0.00835	0.01131	0.00301	-0.00168	-0.00789	0.01086	-0.00653	-0.00171	-0.01051	0.01470	0.00144	0.00154	-0.00407	(And (Member $e0 change) (Past $e0))
p204523	-0.00131	-0.00831	-0.01499	0.01552	-0.01137	0.00782	-0.00317	0.01034	0.00269	0.00028	-0.00243	-0.00751	-0.00627	-0.00155	-0.00457	0.00052	0.01609	-0.01251	-0.00181	-0.00241	0.00562	-0.00449	0.00248	0.00005	0.00362	0.00012	-0.00275	-0.00541	-0.00850	0.00688	-0.00260	-0.00545	(And (Member $e0 conduct) (Past $e0))
p204524	-0.01399	0.00322	0.02791	0.00291	0.00371	0.03569	0.01200	0.00755	0.01391	0.00922	-0.00185	-0.02389	0.00084	0.00796	-0.01196	-0.00056	-0.01817	-0.00475	0.00139	-0.00941	-0.00334	0.02424	-0.00910	-0.01035	-0.01180	-0.01115	0.00035	-0.01404	-0.00521	-0.01065	-0.01882	0.00134	(And (Member $e0 decide) (Past $e0))
p204525	0.01180	0.02611	0.01410	0.03623	-0.00048	0.00391	-0.01429	-0.00549	-0.01773	0.01520	-0.02955	0.01221	-0.00933	-0.01287	-0.00865	0.02910	-0.00513	-0.02736	-0.02446	0.00805	-0.02193	-0.01671	-0.03356	0.03206	0.02443	0.01360	-0.00320	0.01967	-0.03613	0.00879	0.02464	-0.00484	(And (Member $e0 die) (Patient $e0 $x0))
p204526	-0.03213	0.00109	-0.03537	0.06653	-0.03916	0.01904	-0.00664	0.00668	-0.01339	0.00460	-0.00194	0.03804	-0.00795	-0.01148	-0.01291	0.03782	0.01215	-0.01486	-0.01366	-0.00121	-0.01736	-0.02778	-0.05118	0.01670	0.03055	0.00420	0.00307	0.03470	0.01326	0.01710	0.00966	-0.01135	(And (Member $e0 direct) (Past $e0))
p204527	0.01502	-0.01270	-0.01691	-0.00526	0.00650	-0.01141	-0.00263	0.02747	-0.00866	0.03356	-0.02119	-0.00289	0.04161	0.00120	-0.01710	-0.00001	0.03669	0.00697	-0.02232	-0.00333	0.00074	-0.01871	0.02280	-0.02028	0.00061	0.00171	-0.00008	-0.00127	-0.01824	0.00102	0.00137	-0.00414	(And (Member $e0 discover) (Past $e0))
p204528	0.01502	-0.01270	-0.01691	-0.00526	0.00650	-0.01141	-0.00263	0.02747	-0.00866	0.03356	-0.02118	-0.00289	0.04161	0.00120	-0.01710	-0.00001	0.03669	0.00697	-0.02232	-0.00333	0.00074	-0.01871	0.02280	-0.02028	0.00061	0.00171	-0.00008	-0.00127	-0.01824	0.00102	0.00137	-0.00414	(And (Member $e0 discover) (Theme $e0 $x0))
p204529	-0.00131	-0.00018	-0.00069	-0.01824	-0.01654	-0.02297	-0.00536	-0.00688	-0.01637	0.00925	0.00451	0.00140	0.02220	-0.01052	0.02688	-0.02369	0.00416	0.02426	-0.00383	0.01037	-0.01418	0.01056	0.00189	-0.00469	0.02906	-0.01379	0.01681	-0.00112	0.01863	0.01060	-0.00845	-0.00783	(And (Member $e0 do) (Patient $e0 $x0))
p204530	-0.00395	-0.01533	0.00004	0.01577	-0.00285	-0.02371	0.00135	-0.00734	0.01290	-0.00396	-0.00302	0.01655	0.00221	-0.01458	-0.00723	-0.01151	-0.00327	0.03963	0.01866	-0.00099	-0.00473	-0.01277	-0.01307	0.02727	-0.01522	-0.00435	-0.01084	-0.02228	-0.00342	-0.02773	-0.01537	0.04508	(And (Member $e0 jump) (Past $e0))
p204531	-0.00823	0.00290	-0.00892	0.02277	-0.01059	-0.00115	-0.00446	-0.00367	-0.00491	-0.00603	0.00860	0.00035	-0.00338	-0.01471	0.00160	0.00072	-0.00225	-0.00767	-0.00234	0.00485	-0.00704	-0.00489	-0.01900	0.00622	0.01435	-0.00387	-0.00177	0.01719	-0.00352	-0.00215	0.00179	-0.00433	(And (Member $e0 open) (Past $e0))
p204532	-0.00491	-0.02366	-0.01538	0.01385	0.01692	-0.00746	0.00617	-0.00118	-0.00952	0.01958	-0.02830	0.01045	-0.00241	-0.00924	-0.01019	0.01399	0.03163	0.01094	-0.00707	-0.00606	-0.01794	-0.02552	-0.01381	-0.00455	-0.00003	0.00700	0.00871	0.01790	-0.02804	0.00035	0.01834	0.01179	(And (Member $e0 pass) (Past $e0))
p204533	-0.01457	-0.00559	-0.02084	0.01287	-0.01386	0.00570	0.00902	0.05206	0.00804	-0.01227	-0.00109	0.00891	-0.01052	0.00657	-0.00815	-0.00455	-0.01355	-0.00984	0.00865	-0.00492	0.00788	0.01281	-0.00796	0.01322	0.00238	0.01124	0.00103	-0.01971	-0.00221	0.00894	-0.01601	-0.00333	(And (Member $e0 play) (Theme $e0 $x0))
p204534	-0.00544	0.03101	-0.00682	0.00176	0.01178	0.00785	-0.00057	0.01381	0.00966	0.00044	0.00130	-0.01773	0.00389	0.00141	-0.02020	0.02554	0.00271	-0.00449	-0.01339	-0.00172	0.02612	0.01061	0.01212	-0.00480	-0.01226	0.00775	-0.02402	-0.01798	-0.02683	-0.00491	-0.01184	0.00008	(And (Member $e0 replace) (Past $e0))
p204535	-0.01621	0.00643	-0.00722	0.00724	0.00145	-0.00312	0.01110	0.05008	-0.00496	-0.02413	-0.00198	0.01178	-0.01042	0.00781	-0.00249	-0.00993	-0.03726	-0.00516	0.02248	-0.01291	-0.00043	0.03189	-0.01736	0.01313	-0.00128	0.00897	0.00737	-0.00133	0.01389	0.00913	-0.02423	-0.00437	(And (Member $e0 require) (Theme $e0 $x0))
p204536	0.02584	-0.00777	-0.00596	0.00617	-0.00088	-0.00394	0.00785	0.01069	-0.00281	0.00369	-0.01639	-0.02224	0.04082	-0.00981	-0.00969	-0.00832	0.00779	-0.00533	-0.00242	-0.00632	0.01406	0.01386	0.02996	-0.01531	-0.01113	0.00154	-0.00393	-0.01787	-0.00085	-0.00765	0.00374	-0.00288	(And (Member $e0 say) (Past $e0))
p204537	0.01049	-0.00486	0.02519	0.01979	0.02837	0.01091	-0.00617	-0.01219	0.01085	-0.00471	-0.01513	-0.01886	-0.00034	-0.01062	-0.01584	0.00075	0.01148	-0.00423	0.01179	-0.00962	-0.00386	0.00725	-0.00285	-0.00341	-0.01931	-0.00650	-0.01073	-0.00158	-0.01510	-0.02086	-0.00507	0.02811	(And (Member $e0 speak) (Past $e0))
p204538	-0.07310	0.02140	0.14860	0.02863	0.00903	0.20067	0.05836	-0.00226	0.05137	0.09300	-0.02623	-0.00875	0.03412	0.02392	-0.03817	0.01677	-0.04813	0.00794	-0.02480	-0.02311	-0.05930	0.07546	-0.10495	-0.04961	-0.02797	-0.05794	0.09445	-0.04845	-0.02446	-0.02655	-0.02445	0.01330	(And (Member $e0 stop) (Past $e0))
p204539	-0.00658	0.09611	0.00281	-0.00921	0.01861	-0.00999	-0.00684	-0.01163	0.01891	-0.01677	0.00882	-0.01604	0.01568	-0.01083	-0.04357	0.07141	-0.00224	0.01465	-0.02195	0.01430	0.03736	0.01837	0.00228	-0.01320	-0.01600	0.00672	-0.02498	-0.00280	-0.04520	-0.02613	-0.01785	-0.00030	(And (Member $e0 study) (Past $e0))
p204540	0.00371	-0.02920	0.01108	0.03613	-0.00343	-0.01399	-0.01356	-0.01132	0.00299	0.00263	-0.02191	0.02715	0.00178	-0.03175	-0.01002	0.00888	0.00958	0.00230	0.01603	0.03653	0.00833	-0.05468	-0.02421	0.01445	-0.01967	0.00434	0.03793	-0.01666	-0.03803	-0.00543	0.00880	0.06667	(And (Member $e0 swim) (Ongoing $e0))
p204541	-0.01721	-0.01434	0.06592	0.01543	-0.00277	0.06296	-0.00764	-0.00122	0.01802	0.04267	-0.01964	-0.02038	0.00148	0.01906	0.02097	-0.01077	-0.01337	0.00050	-0.00936	-0.00890	0.00598	-0.02840	-0.01398	-0.02327	-0.01234	-0.00664	0.05899	-0.03570	0.00758	-0.04193	-0.00009	0.07623	(And (Member $e0 try) (Ongoing $e0))
p204542	-0.00247	-0.02660	0.00420	-0.02526	0.14079	-0.01471	0.07372	-0.02414	-0.01799	-0.03122	0.07581	-0.05846	-0.00043	-0.06915	0.00859	-0.02028	0.00145	-0.04210	0.02743	0.07390	0.00196	-0.00007	-0.00316	0.00888	0.01289	-0.02934	-0.06359	-0.03141	0.02891	-0.04974	-0.01266	-0.00381	(And (Member $e0 turn) (Result $e0 $e1))
p204543	-0.01572	0.00297	-0.00105	-0.01135	0.00017	0.01179	-0.00426	0.01239	0.00402	-0.01426	0.01505	-0.01512	-0.00601	0.01069	-0.00881	-0.00593	-0.00923	-0.00169	0.00176	-0.00297	0.00899	0.00184	0.03340	0.00233	0.00654	-0.00382	-0.01167	-0.00476	-0.00206	0.00658	0.00028	-0.00567	(And (Member $e0 use) (To $e0 $e1))
p204544	0.00090	0.02067	0.03589	0.02903	-0.00628	-0.01510	-0.02378	-0.00859	-0.00680	-0.01668	0.00831	-0.00247	-0.00349	-0.01535	-0.00391	-0.01629	0.00035	-0.00331	0.00095	0.03203	-0.00226	-0.02581	-0.01400	-0.01866	-0.01316	0.02710	0.00729	0.02428	0.01007	-0.00035	-0.00774	0.05772	(And (Member $e0 walk) (Ongoing $e0))
p204545	0.01967	0.00086	0.02271	0.01419	0.01514	0.03144	-0.00658	-0.02060	0.01728	-0.02441	-0.00614	-0.03906	-0.00185	-0.01695	-0.01809	-0.00808	0.01618	-0.01971	0.01540	-0.01284	0.00952	0.03543	0.01312	-0.00212	-0.02209	-0.01547	-0.01036	-0.00951	0.00121	-0.01675	-0.00839	-0.00213	(And (Member $e0 want) (Past $e0))
p204546	-0.04671	-0.01841	0.14439	-0.02114	-0.03397	-0.10226	-0.03538	-0.01313	-0.04650	-0.09363	0.13244	0.33761	-0.03500	-0.09725	-0.04789	-0.04325	0.08211	-0.02192	-0.03487	-0.03425	0.10898	0.12460	-0.04282	-0.02538	0.01668	-0.05958	0.01930	0.00415	0.00814	-0.08719	0.18537	-0.00195	(And (Member $x0 emmy) (Theme $e0 $x0))
p204547	0.03093	0.11164	0.08728	-0.01440	-0.05035	-0.09430	0.00465	-0.00425	-0.04389	-0.02707	-0.03033	0.00541	-0.03323	-0.02262	0.18103	-0.00159	-0.01498	0.00750	0.00092	-0.02639	-0.01627	0.04878	0.06710	0.10780	0.00726	-0.01241	0.00030	-0.03888	0.00185	-0.07129	-0.06059	-0.00470	(And (Member $x0 family) (Possession $x0 $x1))
p204548	0.03155	-0.06149	-0.06448	0.03138	0.02691	0.03574	-0.01132	-0.00172	0.08334	0.08095	-0.07187	0.18980	-0.02988	-0.06927	0.06524	-0.01639	-0.03946	0.00416	0.07772	0.07773	0.01122	0.05088	0.09880	-0.04841	-0.01690	0.08032	-0.03099	0.06139	-0.05913	-0.05399	-0.08028	-0.00841	(And (Member $x0 hotel) (Patient $e0 $x0))
p204549	-0.00557	-0.00002	-0.00403	-0.01753	-0.01229	0.00220	-0.00614	-0.00295	-0.00302	-0.00990	0.02033	-0.01053	-0.00139	-0.01070	0.00409	-0.01243	0.00216	0.01858	-0.00047	-0.00507	-0.00884	0.00645	0.00185	-0.00248	0.02690	0.01095	0.00593	-0.00493	0.01453	-0.00628	0.00052	-0.00501	(And (Member $x0 tree) (Patient $e0 $x0))
p204550	-0.01181	-0.01440	-0.01008	-0.01729	0.01182	-0.00541	-0.00248	0.01328	-0.00853	0.02262	-0.00755	-0.01259	-0.00635	-0.00450	-0.00928	0.00429	0.02637	0.00377	-0.01384	0.01363	-0.00961	-0.00838	0.01008	-0.00855	0.00427	-0.00025	-0.00692	0.01319	-0.01778	0.01260	-0.00352	-0.00856	(And (Of $x0 $x1) (Theme $e0 $x0))
p204551	-0.01246	0.00793	-0.01018	-0.01276	-0.00024	0.00848	0.01527	0.00346	0.01191	0.00561	-0.01047	0.01955	0.00036	-0.01309	0.00572	-0.00085	0.00583	0.00584	-0.01531	-0.00677	-0.01620	-0.00864	0.00021	0.01228	0.01770	0.02216	-0.00807	-0.02121	-0.01750	0.00562	0.01559	0.04879	(And (Ongoing $e0) (Probably $e0))
p204552	-0.05714	0.00695	-0.05739	0.00029	-0.02286	-0.04226	0.02226	-0.00343	-0.04876	0.06042	0.04976	-0.00649	-0.00566	-0.00538	0.01043	-0.02087	-0.01313	-0.02519	-0.04877	0.01500	0.03554	0.00654	0.01805	0.04305	-0.00746	0.01237	-0.06106	0.07094	0.03674	-0.00691	-0.01187	0.02768	(And (Ongoing $e0) (Source $e0 $x0))
p204553	0.00668	-0.01706	0.06136	-0.04118	-0.00998	0.03550	0.00768	0.00518	0.02128	0.05564	-0.00515	-0.03009	-0.00255	-0.00261	0.02774	0.01311	-0.01860	-0.00358	-0.01710	-0.01902	-0.01841	0.01982	0.01542	-0.03581	0.03468	-0.00662	0.07795	-0.04882	-0.02436	-0.02401	0.00160	0.07483	(And (Ongoing $e0) (Theme $e0 $e1))
p204554	0.00607	-0.00093	-0.00187	-0.00495	-0.01180	-0.01557	-0.00118	-0.00218	0.00697	-0.01425	0.02234	0.00627	-0.00505	-0.02295	-0.00192	-0.01200	-0.00642	0.02650	0.00770	-0.00038	-0.02224	-0.00244	-0.00981	0.02972	0.00384	0.03618	-0.00605	-0.01033	0.01608	-0.02291	-0.01257	-0.00115	(And (Over $e0 $x0) (Past $e0))
p204555	-0.07509	0.01961	0.15300	0.03299	0.00943	0.21474	0.06647	-0.00005	0.05976	0.10617	-0.02491	-0.00607	0.03604	0.02946	-0.04147	0.02182	-0.05276	0.00902	-0.02808	-0.03705	-0.06178	0.07647	-0.11107	-0.05183	-0.03072	-0.05996	0.09873	-0.05615	-0.02853	-0.03495	-0.02591	0.01779	(And (Past $e0) (Theme $e1 $e0))
p204556	-0.01261	-0.02305	-0.02625	-0.00610	-0.01909	-0.00181	0.01733	0.00561	0.01207	-0.01194	0.00432	-0.00953	0.00475	0.00193	-0.01025	-0.01785	0.00259	0.06106	0.01573	-0.01234	0.00586	0.01796	0.01044	-0.00612	-0.00285	-0.01323	0.00052	-0.03163	0.01852	-0.00107	-0.00154	-0.00631	(And (Past $e0) (TimeAtLeast $e0 (Year <num>)))
p204557	0.01392	0.00450	-0.00660	0.02679	-0.01731	-0.01670	-0.00387	0.00416	0.01835	-0.00370	-0.00771	0.00596	-0.01056	-0.00268	0.00177	-0.00611	-0.01274	0.00927	-0.00887	-0.00034	-0.00525	-0.00145	-0.02087	0.03851	0.02140	-0.01374	-0.00876	-0.00005	0.02185	-0.01870	0.00908	-0.00343	(And (Patient $e0 $x0) (SubsetOf $x0 $x1))
p204558	0.00751	-0.00776	0.00488	0.02282	0.04136	-0.04586	-0.01411	-0.00668	0.00870	0.00471	0.08283	0.03406	-0.00835	0.14607	-0.01594	-0.02529	0.02126	0.01798	0.02191	0.00433	-0.01987	-0.03699	0.03910	-0.05620	0.00557	-0.03520	0.11535	-0.03568	-0.01577	-0.02645	-0.04650	0.00309	(And (Patient $e0 $x0) (Time $e0 now))
p204559	0.10143	-0.01799	-0.07410	-0.03526	-0.07547	0.18625	-0.02145	0.00591	-0.06673	-0.08929	0.07258	-0.09373	0.02434	0.10484	0.06871	0.06156	0.02346	0.00904	0.05893	0.07342	-0.00661	0.06177	-0.07233	0.05432	-0.00432	-0.06546	-0.03774	0.02186	-0.01924	-0.05202	0.05202	0.06199	(And (Possession $x0 free_soil_party) (Theme $e0 $x0))
p204560	0.10143	-0.01799	-0.07410	-0.03526	-0.07547	0.18625	-0.02145	0.00591	-0.06673	-0.08929	0.07258	-0.09373	0.02434	0.10484	0.06871	0.06156	0.02346	0.00904	0.05893	0.07342	-0.00661	0.06177	-0.07233	0.05432	-0.00432	-0.06546	-0.03774	0.02186	-0.01924	-0.05202	0.05202	0.06199	(And (Possession $x0 republican_party) (Theme $e0 $x0))
p204561	-0.03516	0.00928	0.03895	0.01038	-0.01118	0.05442	0.05051	0.06729	0.01352	0.02491	-0.00989	0.00704	0.02110	0.02190	-0.01346	-0.00094	-0.06486	0.00816	-0.00383	-0.01495	-0.01055	0.03972	-0.03714	-0.00754	-0.00870	0.00166	0.02126	-0.03190	0.00862	-0.01179	-0.02762	0.00485	(And (Theme $e0 $e1) (Theme $e1 $x0))
p204683	-0.00299	-0.00399	-0.00455	0.00171	0.00741	0.00354	-0.00299	0.00217	-0.00534	-0.00839	-0.00604	-0.00064	-0.00501	-0.00210	-0.00204	-0.00306	-0.00507	-0.01047	0.00641	-0.00449	0.00029	0.00754	-0.00666	0.00615	-0.00249	0.00018	0.01257	0.00949	-0.00283	0.00311	-0.00067	-0.00522	(Agent $e0 jica)
p204684	0.00839	-0.00378	-0.00447	-0.00348	-0.00759	-0.01243	0.00835	0.01538	-0.01387	0.00192	-0.00866	0.00471	0.03380	-0.01733	-0.00160	-0.00834	-0.00115	-0.00329	-0.00140	0.02491	0.00815	0.00326	0.00673	-0.00393	-0.00180	0.00273	0.00554	-0.00779	0.00300	0.00695	-0.00262	-0.00761	(Also $x0 $e0)
p204685	-0.08908	-0.04921	-0.15359	0.01719	0.03737	-0.03108	-0.00210	-0.01545	0.11368	0.01782	0.07817	0.00931	0.07444	0.00342	0.01762	0.08900	0.04386	-0.03947	-0.00978	-0.04013	-0.00269	0.09941	-0.06213	-0.00619	-0.01826	0.07949	0.04022	-0.11317	-0.04968	0.12727	-0.04331	-0.01069	(Also appear $e0)
p204686	-0.00420	-0.00760	0.00402	0.00056	-0.00014	0.01112	-0.01400	-0.01057	0.00119	-0.00982	0.00335	-0.02292	-0.00483	-0.01548	-0.00327	-0.00990	-0.00090	-0.00419	-0.00620	0.00242	0.00749	-0.00677	0.01348	0.01124	0.01475	-0.01433	0.00926	0.01138	0.00336	-0.00967	0.02743	-0.00844	(Beneficiary $e0 $x0)
p204687	0.04784	0.11895	0.05374	-0.01258	-0.05865	-0.04694	0.02269	0.00755	-0.03831	-0.02458	-0.04836	0.01103	-0.03572	-0.02824	0.08626	0.02990	-0.02053	0.01757	-0.01555	-0.00607	0.00076	0.00843	0.07540	0.08733	0.00382	-0.00628	0.01261	-0.02472	-0.03652	-0.07228	-0.01729	-0.00982	(CoAgent $e0 $x0)
p204688	-0.00614	-0.01023	0.00096	0.00064	-0.00053	-0.00220	-0.00235	-0.00350	-0.00242	0.00309	-0.00365	0.00656	-0.00403	0.00871	-0.00064	0.01685	-0.00182	-0.00167	0.00033	-0.00396	-0.00111	-0.00609	0.00136	-0.00263	-0.00428	-0.00039	-0.00639	0.00157	0.01361	0.00058	-0.00139	-0.00307	(Degree $x0 quantity excessive)
p204690	0.00115	-0.00209	-0.00486	0.01552	-0.00401	0.00368	0.00822	-0.00464	-0.00062	-0.01169	-0.00888	-0.01068	-0.00263	-0.01403	0.00231	0.00110	0.00080	-0.00648	0.00294	-0.00402	-0.00323	0.00814	-0.00653	0.00183	0.00229	0.00143	-0.00297	0.00408	-0.00534	-0.00443	0.01126	-0.00453	(During $e0 $x0)
p204691	-0.00493	-0.00199	-0.00326	-0.00311	0.00236	0.01785	0.00105	-0.00369	-0.00208	-0.00148	0.00193	0.00616	-0.00184	-0.00056	-0.00469	-0.00610	0.00238	0.00372	0.00406	-0.00364	-0.00199	-0.00052	-0.00532	0.01234	-0.00366	0.00020	0.00359	-0.00793	0.00479	0.00517	-0.01107	-0.00290	(Every $e0 <num> day)
p204692	-0.00278	-0.00392	-0.00642	0.00010	0.00326	0.00290	-0.00121	0.01136	-0.00033	-0.00358	-0.00432	-0.00285	-0.00587	0.00323	-0.00313	-0.00271	-0.00042	-0.00795	0.00220	-0.00416	0.00159	0.00438	-0.00056	0.00067	-0.00196	0.00158	0.00371	0.00194	-0.00486	0.00432	-0.00385	-0.00441	(For $x0 $e0)
p204693	0.01656	0.03221	-0.02133	-0.01320	0.01482	0.04535	0.02364	-0.00232	-0.01068	-0.00458	-0.01817	0.02998	-0.01075	-0.02683	-0.00114	-0.01431	0.02077	-0.00899	-0.00376	-0.01021	-0.00898	-0.00835	-0.00291	0.04678	0.00519	0.00161	-0.02651	-0.02126	0.03456	0.03214	-0.00154	0.00350	(GroupOf $x0 day)
p204694	0.00076	0.00572	-0.00813	-0.00117	-0.00476	-0.00556	0.00041	0.00223	0.01216	-0.00102	0.00610	0.00251	-0.00412	-0.00119	-0.00357	-0.00862	-0.00462	0.01020	0.00856	-0.00108	-0.00087	0.00383	-0.00741	0.01011	-0.00294	-0.00568	-0.00472	-0.00603	0.00843	-0.00067	-0.00420	-0.00285	(GroupOf $x0 friend)
p204695	0.08600	-0.02408	-0.02751	0.01703	-0.03263	-0.02876	0.01054	0.00352	0.02385	0.03608	0.01104	0.00475	-0.03435	-0.02590	-0.01265	0.03262	0.00719	-0.01011	-0.02602	0.00267	0.04071	-0.03266	-0.01200	0.00242	-0.02274	-0.04018	-0.01046	0.03298	0.07774	0.03624	-0.00549	-0.01456	(GroupOf $x0 girl)
p204696	-0.01741	0.00129	-0.00726	-0.02231	0.04016	-0.00786	0.01510	-0.01324	-0.01933	0.00820	0.02964	-0.02341	-0.00030	-0.03118	0.00448	-0.00871	0.00025	-0.01615	0.02424	0.01737	0.00085	-0.00243	0.00931	0.00702	0.01154	-0.00214	-0.01389	-0.01233	0.00193	-0.00675	0.01673	0.00971	(GroupOf $x0 leaf)
p204697	0.00037	-0.00894	0.00384	0.00106	0.00828	-0.00672	-0.00261	0.00131	0.01575	0.00210	-0.00205	0.00793	-0.00230	0.00249	-0.00459	-0.00887	-0.00118	0.03281	0.00032	-0.00466	-0.00779	-0.01149	-0.02160	-0.00146	0.00130	-0.00755	-0.00146	-0.00828	0.01303	-0.01689	-0.00161	0.02525	(GroupOf $x0 man)
p204698	0.00262	-0.01914	-0.00199	-0.00591	0.00276	-0.00227	-0.00727	-0.00652	0.01036	0.00294	-0.00721	0.00229	-0.00580	-0.01020	-0.00271	0.02346	0.00381	-0.01139	-0.00007	-0.00056	0.00205	-0.00541	0.00939	0.01264	0.00531	0.00360	0.00865	-0.00609	0.01171	-0.00593	0.01010	0.00787	(GroupOf $x0 pupil)
p204699	-0.00123	-0.01151	0.00602	0.01049	0.02849	-0.01072	-0.00482	0.00342	-0.00585	0.00816	-0.01618	0.00721	-0.00322	-0.01317	-0.00979	0.00852	-0.00296	-0.00811	0.00131	-0.00054	-0.00306	-0.01322	-0.01707	0.00536	-0.00684	0.00528	0.00474	0.01344	-0.02326	-0.01278	0.00567	0.03424	(GroupOf $x0 scientist)
p204700	0.01602	-0.01232	0.00232	0.00662	0.00116	0.00056	-0.00673	0.00284	-0.01396	-0.00521	0.00461	-0.00845	-0.00533	-0.00291	-0.00296	-0.00842	-0.01082	0.00863	0.00335	-0.00876	0.00758	-0.00940	-0.01112	0.00636	0.00276	0.02918	-0.00187	-0.01284	0.01187	-0.00502	0.00860	0.01314	(GroupOf $x0 soldier)
p204701	0.16485	-0.03951	-0.13706	-0.06495	-0.14117	0.31461	-0.03749	0.01680	-0.12133	-0.15679	0.14255	-0.16401	0.03548	0.19518	0.13402	0.12106	0.03892	0.01503	0.10625	0.14143	-0.01325	0.11510	-0.12741	0.10351	-0.00433	-0.11503	-0.07278	0.03726	-0.03847	-0.09960	0.10085	0.11760	(GroupOf $x0 view)
p204702	0.08890	0.03160	-0.05129	-0.03369	-0.04521	-0.02268	-0.02978	-0.01060	0.28266	0.09480	0.05930	-0.00640	-0.03199	-0.06590	-0.03072	-0.02257	0.03095	-0.00029	-0.11724	0.11988	-0.01920	-0.08742	-0.05774	0.10677	0.01519	-0.05246	0.00650	-0.07530	0.05778	-0.11348	0.07184	-0.00116	(Holder $e0 kristoffer)
p204703	0.00013	-0.00391	-0.00492	0.00019	-0.00088	0.00512	-0.00404	-0.00402	0.00012	-0.00286	-0.00138	0.00145	-0.00391	0.00163	-0.00038	-0.00078	0.00219	-0.00489	-0.00026	-0.00085	0.00381	-0.00339	-0.00091	0.00303	-0.00268	-0.00111	0.00472	0.00180	-0.00316	0.00349	0.00196	-0.00398	(LocatedIn $x0 here)
p204704	0.07532	0.11896	0.03986	-0.00991	-0.07409	-0.06672	0.00085	0.05175	-0.03547	-0.00505	-0.04964	0.01177	0.02850	-0.00528	0.06447	0.01236	0.01161	0.01774	-0.02940	-0.01203	0.02706	-0.00486	0.11801	0.05751	0.00202	-0.00962	0.00592	-0.05516	-0.03183	-0.06501	-0.04328	-0.01022	(Location $e0 japan)
p204705	0.03155	-0.06149	-0.06448	0.03138	0.02691	0.03574	-0.01132	-0.00172	0.08334	0.08095	-0.07187	0.18980	-0.02988	-0.06927	0.06524	-0.01639	-0.03946	0.00416	0.07772	0.07774	0.01122	0.05088	0.09880	-0.04841	-0.01690	0.08032	-0.03099	0.06139	-0.05912	-0.05399	-0.08027	-0.00840	(Location $e0 kazakhstan)
p204706	0.11783	-0.03574	0.10102	0.02537	0.09143	-0.04434	-0.03206	0.01379	-0.10390	0.11753	-0.11728	-0.06068	-0.03268	0.15436	0.05690	-0.03395	-0.04197	-0.03205	-0.06861	-0.03054	0.04834	0.02021	-0.04156	0.02818	-0.00282	0.05206	-0.04652	-0.07818	0.00775	0.05877	0.09288	0.00724	(Manner $e0 directly)
p204707	-0.00969	-0.01656	-0.00673	0.00321	-0.00441	0.02170	0.01139	0.00340	0.00862	0.00648	-0.00771	-0.00742	-0.00144	-0.01367	-0.00763	0.00363	0.00465	-0.00120	-0.00484	0.00479	0.00273	-0.01105	0.00200	0.01320	-0.00661	0.00069	-0.00280	-0.01524	-0.01548	-0.00228	0.01009	-0.00397	(Manner $e0 immediately)
p204708	-0.03803	0.00512	0.01334	-0.02055	-0.00211	0.00215	0.01058	0.00504	-0.00024	0.04016	0.02429	-0.00726	0.00705	0.02781	0.00027	-0.00272	-0.01735	-0.00172	-0.02083	-0.00558	-0.00595	0.02536	0.01408	0.00053	0.00925	-0.00082	-0.00287	0.00038	-0.00659	-0.01409	-0.01683	0.01126	(Manner $e0 often)
p204709	-0.00112	-0.00899	-0.00744	-0.00537	0.00184	0.00018	-0.00143	-0.01113	0.00170	-0.00873	-0.00096	-0.01357	0.00043	-0.01244	-0.00543	-0.00768	0.00708	0.00708	0.01179	-0.00230	0.00165	0.01311	0.00745	0.01315	-0.00446	-0.00507	0.00337	-0.00670	-0.00413	-0.00559	-0.00640	-0.00522	(Member $e0 arrive)
p204710	-0.04924	-0.00026	0.05644	0.03239	0.00756	0.00836	-0.00795	0.03519	0.03895	-0.03128	0.03784	-0.01118	0.01554	-0.00007	0.03587	-0.01861	-0.05368	0.01886	-0.01109	-0.02053	-0.01385	-0.04416	0.03725	0.00390	-0.00824	-0.01883	-0.04648	0.01958	0.00655	0.03940	0.03314	0.00625	(Member $e0 avoid)
p204711	0.03607	0.01165	-0.00292	0.03794	0.10212	0.01208	-0.00345	-0.02132	-0.01567	-0.01833	0.08554	0.04807	-0.01764	0.17381	-0.03600	-0.04799	0.05672	-0.00171	0.04056	-0.00227	-0.01227	-0.06291	0.04771	-0.04108	-0.01327	-0.05693	0.11223	-0.05576	0.02932	0.00881	-0.07916	-0.00555	(Member $e0 bad)
p204712	0.00662	-0.01211	-0.01215	-0.00287	-0.00847	0.00859	-0.00430	0.00867	-0.00388	-0.00392	0.01431	-0.01131	-0.00367	-0.00667	-0.00891	-0.00913	0.01621	0.00525	0.00494	-0.00766	0.00761	0.00850	0.01862	-0.00143	-0.00678	0.01905	0.00884	-0.01838	0.00143	0.00184	-0.00665	-0.00540	(Member $e0 bring)
p204713	-0.00578	-0.04351	-0.04214	0.00206	-0.02571	0.01879	0.00521	0.06077	0.00935	0.01567	-0.00875	-0.00888	-0.01658	0.02230	-0.01388	0.02363	0.03926	-0.02171	-0.00298	-0.00439	0.03785	-0.01656	0.04723	-0.00743	-0.00357	0.01820	-0.01122	-0.05104	0.00376	0.03048	-0.00478	-0.01020	(Member $e0 buy)
p204714	-0.00084	-0.00783	-0.01457	0.01596	-0.01088	0.00828	-0.00270	0.01080	0.00315	0.00079	-0.00192	-0.00708	-0.00580	-0.00109	-0.00408	0.00096	0.01658	-0.01206	-0.00135	-0.00192	0.00610	-0.00399	0.00297	0.00054	0.00411	0.00060	-0.00229	-0.00494	-0.00802	0.00738	-0.00213	-0.00497	(Member $e0 conduct)
p204715	-0.00071	-0.00437	-0.00781	-0.00867	-0.00269	0.00709	-0.00433	-0.00045	0.00461	-0.00369	0.00102	-0.00794	-0.00200	0.00715	0.00477	-0.01458	-0.00108	0.01046	-0.00308	0.00098	0.01965	0.00219	0.00297	-0.01765	0.00934	-0.01338	0.00574	0.00208	0.00606	-0.00014	0.00401	-0.00436	(Member $e0 connect)
p204716	-0.00406	0.00449	-0.00460	0.00091	-0.00493	0.00146	0.00182	0.01159	0.00394	-0.00511	0.00337	0.00920	-0.00359	0.01182	-0.00004	-0.00434	-0.00738	0.00311	0.00217	-0.00361	0.00104	0.00463	-0.00444	0.00139	-0.00122	0.00058	-0.00266	-0.00357	-0.00147	0.00721	-0.00897	-0.00190	(Member $e0 consider)
p204717	-0.01079	0.00339	-0.00757	-0.01583	0.00318	-0.00252	-0.00742	-0.00556	-0.00516	0.01090	0.00341	-0.00438	-0.00301	-0.00806	-0.00125	0.00303	0.01056	0.00227	-0.01474	0.00108	-0.01979	-0.00358	0.00080	-0.00095	0.02258	0.00129	0.00479	0.01860	-0.01948	-0.00062	0.00613	-0.00560	(Member $e0 cover)
p204718	0.02298	0.02213	0.08821	0.04978	0.00022	0.12944	0.03920	-0.01217	0.02227	0.06587	0.00526	-0.01989	0.00056	0.00432	-0.03493	-0.00121	-0.02661	-0.01735	-0.01990	-0.01890	0.00661	0.04110	-0.08081	-0.05838	-0.05364	-0.07535	0.05746	0.01760	0.01186	0.03521	-0.04099	0.01231	(Member $e0 cry)
p204719	-0.01325	0.00408	0.02860	0.00380	0.00465	0.03667	0.01285	0.00844	0.01475	0.01017	-0.00091	-0.02312	0.00179	0.00882	-0.01108	0.00041	-0.01733	-0.00397	0.00223	-0.00851	-0.00244	0.02520	-0.00814	-0.00944	-0.01091	-0.01020	0.00109	-0.01314	-0.00436	-0.00962	-0.01790	0.00220	(Member $e0 decide)
p204720	0.01180	0.02611	0.01410	0.03623	-0.00048	0.00391	-0.01429	-0.00549	-0.01773	0.01520	-0.02956	0.01221	-0.00933	-0.01287	-0.00865	0.02909	-0.00514	-0.02736	-0.02446	0.00805	-0.02193	-0.01672	-0.03356	0.03206	0.02443	0.01360	-0.00320	0.01967	-0.03613	0.00879	0.02464	-0.00484	(Member $e0 die)
p204721	0.01502	-0.01270	-0.01691	-0.00526	0.00650	-0.01141	-0.00263	0.02747	-0.00866	0.03356	-0.02118	-0.00289	0.04161	0.00120	-0.01710	-0.00001	0.03669	0.00697	-0.02232	-0.00333	0.00074	-0.01871	0.02280	-0.02028	0.00061	0.00171	-0.00008	-0.00127	-0.01824	0.00102	0.00137	-0.00414	(Member $e0 discover)
p204722	-0.00567	-0.02147	0.00399	0.00291	0.00086	-0.01151	-0.00621	-0.01324	-0.00895	-0.00466	-0.01369	0.00593	-0.00106	-0.02964	-0.00316	-0.00668	0.00688	0.00006	0.01740	0.03132	-0.00071	-0.00467	-0.00890	0.03379	-0.00771	-0.00523	0.01496	-0.01075	-0.01414	-0.00055	-0.00752	0.01023	(Member $e0 fly)
p204723	0.00242	-0.00619	-0.00345	0.00152	0.00122	0.00273	0.02086	-0.00106	0.00198	-0.00559	-0.01258	0.00306	-0.00153	-0.01213	0.00875	0.00350	0.00109	-0.00028	-0.00056	0.00142	-0.00314	-0.00270	-0.00791	0.00238	-0.00254	0.00693	-0.00649	-0.00790	-0.01373	-0.00252	0.01562	-0.00186	(Member $e0 good)
p204724	-0.00752	0.00377	0.01782	-0.00073	0.00441	0.01595	0.00036	-0.00794	0.00867	0.01095	0.00086	-0.00889	0.00333	-0.01458	-0.00876	0.00128	0.00235	-0.00562	-0.00276	0.00353	-0.00768	0.01188	0.00037	-0.00762	-0.00328	-0.00230	0.00102	-0.00723	-0.01619	-0.00182	-0.00838	0.02533	(Member $e0 happen)
p204725	0.00163	0.01041	-0.01175	0.01585	-0.01028	-0.00822	-0.00912	0.00095	0.01236	-0.01037	0.00176	0.00515	-0.00760	-0.01202	-0.00263	-0.00396	-0.00315	-0.01027	-0.00545	-0.00646	-0.02058	0.01868	-0.02216	0.01436	0.02762	-0.00583	0.02332	0.02295	0.00386	-0.00658	0.00411	-0.00897	(Member $e0 hold)
p204726	-0.01155	-0.00835	0.00326	0.02045	-0.00801	-0.00885	-0.00404	-0.00242	-0.00331	0.00106	-0.00256	0.01174	-0.00137	-0.00971	-0.00369	0.02750	-0.00250	-0.00450	0.00406	0.00916	-0.00834	-0.01077	-0.00818	0.00222	0.00950	0.00203	-0.00215	0.01314	0.01574	-0.00130	0.00036	0.00742	(Member $e0 increase)
p204727	-0.00388	-0.01529	0.00011	0.01581	-0.00283	-0.02369	0.00136	-0.00730	0.01294	-0.00394	-0.00299	0.01661	0.00223	-0.01454	-0.00719	-0.01147	-0.00323	0.03970	0.01868	-0.00097	-0.00470	-0.01276	-0.01304	0.02730	-0.01520	-0.00433	-0.01077	-0.02227	-0.00337	-0.02772	-0.01535	0.04510	(Member $e0 jump)
p204728	0.00511	-0.00169	0.01009	0.01229	0.00585	0.01166	-0.00226	0.00243	0.00270	-0.01780	0.00044	-0.01047	-0.00394	-0.01044	-0.00803	-0.00761	-0.00086	-0.01363	0.01504	-0.00675	0.01342	0.01610	0.00378	0.00591	-0.01309	-0.00035	-0.00441	-0.00978	-0.00103	-0.00667	-0.00814	0.01270	(Member $e0 lose)
p204729	0.00369	-0.04298	-0.03061	0.00027	-0.02463	0.03209	-0.03868	-0.02115	-0.05586	-0.00892	-0.02954	-0.05463	-0.02810	-0.03299	-0.03450	0.03579	0.02006	-0.05438	0.01485	0.00332	0.07189	-0.02764	0.17363	0.06025	-0.01407	-0.00813	0.06264	-0.00106	-0.02754	-0.01093	0.06442	-0.01408	(Member $e0 move)
p204730	-0.00492	-0.02367	-0.01539	0.01385	0.01692	-0.00746	0.00616	-0.00119	-0.00952	0.01958	-0.02830	0.01044	-0.00241	-0.00925	-0.01020	0.01399	0.03162	0.01093	-0.00707	-0.00606	-0.01795	-0.02553	-0.01381	-0.00455	-0.00003	0.00700	0.00871	0.01789	-0.02804	0.00035	0.01834	0.01178	(Member $e0 pass)
p204731	0.00147	0.00221	-0.00060	0.00555	0.01733	0.01711	0.01692	-0.00488	0.00035	-0.01094	-0.01662	0.00665	-0.00331	-0.00565	0.00216	-0.00447	0.00705	-0.00505	0.00418	-0.00620	-0.00078	-0.00778	-0.00472	0.00706	-0.00783	0.00291	-0.01325	-0.01260	-0.00406	0.00499	0.00605	0.01200	(Member $e0 ready)
p204732	-0.00544	0.03102	-0.00682	0.00176	0.01178	0.00785	-0.00057	0.01381	0.00966	0.00044	0.00130	-0.01773	0.00389	0.00141	-0.02020	0.02554	0.00271	-0.00449	-0.01339	-0.00171	0.02612	0.01061	0.01212	-0.00480	-0.01226	0.00775	-0.02402	-0.01798	-0.02683	-0.00491	-0.01184	0.00008	(Member $e0 replace)
p204733	-0.01656	0.00604	-0.00761	0.00676	0.00102	-0.00362	0.01070	0.04964	-0.00537	-0.02455	-0.00238	0.01137	-0.01086	0.00738	-0.00291	-0.01044	-0.03764	-0.00559	0.02209	-0.01331	-0.00084	0.03147	-0.01779	0.01272	-0.00168	0.00853	0.00700	-0.00176	0.01350	0.00865	-0.02470	-0.00477	(Member $e0 require)
p204734	-0.00403	0.12020	0.05397	-0.02763	0.05060	-0.05480	-0.01945	-0.02952	-0.03603	0.04401	-0.00583	-0.00001	0.00060	0.00224	0.07168	0.05554	0.03382	0.00304	-0.05790	-0.00667	-0.00506	-0.01583	-0.02644	-0.04139	0.00956	-0.00143	0.00563	0.07187	-0.03355	-0.04546	-0.01919	0.00073	(Member $e0 spend)
p204735	-0.00239	0.03018	-0.00082	0.00521	0.00709	0.00287	-0.00013	0.01773	-0.00231	-0.01093	-0.00344	-0.00049	-0.00709	0.00586	-0.00310	0.01100	-0.01711	-0.01344	-0.00779	-0.00130	0.01528	0.00305	-0.01068	0.00016	-0.00481	0.00442	-0.00676	0.01267	-0.01581	0.00316	-0.00626	-0.00351	(Member $e0 tell)
p204736	0.00120	0.00365	0.01987	0.00460	0.00580	0.01963	0.00182	-0.00764	0.00722	-0.00029	-0.00408	-0.02451	-0.00056	-0.00127	-0.00742	-0.00161	-0.00221	-0.00723	0.00392	-0.00664	0.00038	0.01684	0.00405	-0.00488	-0.01135	-0.01003	-0.00337	-0.00343	-0.00602	-0.01092	-0.01039	-0.00055	(Member $e0 war)
p204737	-0.00586	-0.00981	-0.00569	-0.01241	0.01921	-0.00839	-0.00196	-0.00695	-0.00482	0.01433	-0.00841	-0.00105	-0.00242	-0.00634	-0.00946	0.00474	0.01610	0.01885	-0.00530	-0.00282	-0.02127	-0.00519	-0.00563	0.00018	0.00191	-0.00463	-0.00295	0.02048	-0.01443	-0.00368	-0.00058	-0.00380	(Member $e0 welcome)
p204738	0.00359	0.00188	0.01399	-0.00071	-0.00372	-0.01030	-0.00177	-0.00436	-0.00573	0.00048	-0.00217	0.00314	-0.00638	0.01006	0.03754	-0.01302	0.00115	0.00082	0.00104	-0.00569	-0.00343	-0.00277	-0.00859	-0.00328	-0.00007	-0.00616	0.00338	0.00406	0.01524	-0.00023	-0.00876	-0.00096	(Member $x0 beauty)
p204739	0.00163	-0.03465	-0.02588	0.01324	0.00403	0.01194	-0.00272	-0.01228	-0.02255	-0.01229	-0.02020	-0.01933	-0.00500	-0.03168	0.00365	-0.00376	0.00905	-0.03644	0.01026	0.00050	0.03358	-0.00452	0.00526	0.01953	-0.01288	0.00972	0.03570	-0.00060	-0.00739	0.00149	0.03277	0.00229	(Member $x0 bus)
p204740	0.01052	-0.02027	0.00783	0.00614	0.00386	-0.00849	-0.00240	-0.00674	0.02027	0.00683	-0.01262	0.00622	-0.00701	0.00009	-0.00723	0.04319	0.00042	-0.00566	-0.00010	0.00015	-0.00022	-0.00910	0.00203	0.00484	-0.00742	-0.00312	-0.00929	-0.00265	0.03503	-0.01427	0.00489	-0.00252	(Member $x0 class)
p204741	-0.05311	-0.00540	0.10007	-0.01921	0.01005	-0.00370	0.01844	-0.01654	0.10666	-0.10987	-0.06385	-0.02770	0.04806	0.11065	-0.01686	-0.02124	0.06153	-0.04092	0.08675	-0.03775	0.00835	-0.06038	-0.01097	0.04579	0.05734	0.07896	-0.05093	0.01895	-0.01993	-0.08257	0.00019	-0.03887	(Member $x0 community)
p204742	-0.01672	0.01172	-0.00203	0.01208	-0.00043	-0.00368	0.00192	0.01356	-0.00088	-0.00064	0.00390	0.00386	-0.00147	0.00758	-0.00639	-0.00650	-0.01594	0.00402	0.03757	-0.01257	-0.00114	0.00713	-0.00767	-0.00285	-0.00811	0.00315	-0.00685	-0.01166	0.00194	0.01225	-0.00523	0.01279	(Member $x0 computer)
p204743	-0.00409	-0.00649	0.01247	0.00303	-0.00517	-0.00989	0.00188	0.00868	-0.00589	0.00038	-0.00475	0.01108	-0.00705	0.01410	0.02254	0.00968	-0.00796	0.00115	0.00788	-0.00758	-0.00104	-0.00188	-0.00335	-0.00150	-0.00224	-0.00044	-0.00207	-0.00249	0.03219	0.00021	-0.01115	-0.00171	(Member $x0 country)
p204744	0.01118	0.00395	-0.08223	0.02272	-0.04936	-0.04716	0.03458	-0.00306	-0.08077	0.07235	0.08206	0.01079	-0.02755	-0.04291	-0.00462	-0.01346	-0.01996	-0.02972	-0.04909	0.01274	0.07144	-0.00738	0.00049	0.04989	-0.02239	-0.03255	-0.06330	0.11516	0.02665	0.05642	-0.02907	-0.01349	(Member $x0 crowd)
p204745	-0.01526	-0.01439	-0.00508	0.00108	-0.00555	0.01816	0.02484	0.01384	-0.00353	0.00965	-0.01107	-0.00748	-0.00196	-0.00818	-0.00251	-0.00308	-0.00553	0.00843	0.00168	-0.00584	-0.00061	0.01461	-0.00697	0.01339	-0.00642	0.00135	0.00363	-0.00901	0.00071	-0.00267	-0.00116	-0.00560	(Member $x0 doctor)
p204746	-0.04671	-0.01841	0.14439	-0.02114	-0.03397	-0.10226	-0.03538	-0.01313	-0.04650	-0.09363	0.13244	0.33761	-0.03500	-0.09725	-0.04789	-0.04325	0.08212	-0.02192	-0.03488	-0.03425	0.10898	0.12460	-0.04282	-0.02538	0.01668	-0.05958	0.01930	0.00415	0.00814	-0.08719	0.18537	-0.00195	(Member $x0 emmy)
p204747	-0.09058	-0.02228	0.09469	0.06370	0.03596	0.03556	-0.02664	0.01921	0.08172	-0.05136	0.06996	-0.03912	0.04564	-0.03547	0.02320	-0.01356	-0.07566	0.03330	-0.03299	-0.02475	-0.02869	-0.10532	0.08186	0.01420	-0.02083	-0.04219	-0.08889	0.05354	-0.02456	0.07104	0.10263	0.00561	(Member $x0 father)
p204748	-0.00248	-0.00395	-0.00337	-0.00207	0.00020	0.00245	-0.00405	-0.00327	-0.00016	-0.00031	0.00072	-0.00284	-0.00413	0.00828	-0.00375	0.00613	0.00124	-0.00244	-0.00102	-0.00050	0.00444	-0.00378	0.01014	-0.00118	-0.00233	-0.00134	-0.00485	0.00337	-0.00058	0.00283	0.00261	-0.00372	(Member $x0 former)
p204749	-0.00931	-0.01066	0.00448	0.00607	0.00193	-0.00901	0.01738	0.01821	-0.00627	-0.01170	-0.01496	0.00504	-0.00748	0.00432	0.01542	0.01116	-0.01657	-0.00394	0.01626	-0.01174	-0.00453	0.01571	-0.00669	0.00444	-0.00404	0.00864	0.00080	-0.00344	0.02482	-0.00358	-0.00648	-0.00455	(Member $x0 girl)
p204750	0.00960	-0.00091	-0.00310	-0.00149	0.00114	-0.00044	-0.00661	-0.00545	-0.00919	0.00057	0.00237	0.00217	0.01704	-0.00436	-0.00185	-0.00453	0.00017	-0.00466	-0.00349	-0.00243	-0.00032	-0.00381	0.00093	-0.00405	-0.00235	0.01641	0.00770	0.00602	0.00366	-0.00201	0.00367	-0.00298	(Member $x0 great)
p204751	0.00853	-0.00435	0.00818	-0.00289	-0.00162	0.00336	-0.01243	-0.00534	-0.00865	-0.00871	0.00598	-0.00275	-0.00447	-0.02422	-0.00163	-0.00049	0.00470	-0.01606	0.00094	0.01562	-0.00258	-0.01809	-0.00239	0.00758	0.00340	0.03492	0.01619	-0.00196	-0.01339	-0.00524	0.00723	0.01094	(Member $x0 ground)
p204752	0.01066	0.00215	-0.00185	-0.00430	-0.02675	-0.01401	-0.00018	0.03231	-0.00839	-0.00060	-0.01718	0.01081	-0.01721	-0.00962	-0.00438	-0.00156	0.01878	-0.00445	0.00475	0.02887	0.00283	-0.00138	0.03006	0.04848	0.00143	-0.00134	0.00096	-0.03427	-0.02927	0.00285	-0.02516	-0.01176	(Member $x0 group)
p204753	-0.01771	0.00542	-0.00831	-0.00959	-0.00377	-0.00166	-0.00345	-0.00306	-0.01007	0.00565	0.01056	-0.01359	-0.00067	-0.00031	-0.00107	-0.00826	-0.00557	0.01238	0.02519	-0.00646	0.00341	0.00137	0.00567	-0.00649	0.01153	-0.00616	-0.00423	-0.00714	0.00902	0.00972	0.01315	-0.00444	(Member $x0 ivy)
p204754	0.00121	-0.00783	0.00965	0.00296	-0.00296	-0.01279	0.00080	0.00653	-0.00766	0.00390	-0.00739	0.01287	0.01163	0.00987	0.01268	0.01103	-0.00878	0.00242	0.00561	-0.00768	-0.00141	-0.00091	0.00067	-0.00533	-0.00341	-0.00033	-0.00171	-0.00345	0.03065	-0.00270	-0.00833	-0.00124	(Member $x0 lady)
p204755	-0.00610	-0.01595	0.01884	0.00561	-0.00530	-0.02067	0.01210	0.00279	-0.01711	-0.01338	-0.01966	0.00507	-0.00565	-0.01783	0.04248	-0.02175	-0.00393	0.01195	0.02194	0.02149	-0.00564	0.00188	-0.02775	0.00868	0.00123	-0.00507	0.01771	-0.00666	0.02167	0.00686	-0.00972	0.00816	(Member $x0 little)
p204756	-0.01332	0.00083	-0.00861	-0.00428	-0.00946	-0.00327	0.00093	0.00846	0.00091	-0.00872	0.01032	0.00329	-0.00307	-0.00070	-0.00122	-0.00685	-0.00536	0.00708	0.00380	-0.00481	-0.00355	0.01528	-0.00305	0.00855	0.01137	-0.00118	-0.00133	-0.00440	0.00096	0.00197	-0.00651	-0.00428	(Member $x0 machine)
p204757	0.00949	-0.00798	0.00232	0.01197	0.03083	-0.01106	0.00285	0.00465	0.00382	-0.00833	0.02339	-0.00212	-0.00443	0.02856	-0.00550	-0.01107	-0.00252	-0.00412	0.01646	0.00998	0.00425	-0.01264	0.00741	-0.01545	-0.00696	-0.01182	0.01800	-0.01779	0.00035	-0.01049	-0.01928	0.01071	(Member $x0 matter)
p204758	-0.03260	-0.03522	0.01181	0.00107	-0.00657	-0.00308	0.00567	-0.00590	-0.01323	0.02435	-0.01406	0.00415	-0.00137	-0.00687	-0.01234	0.07787	-0.00018	-0.00727	-0.00120	0.03606	-0.00335	-0.02349	0.02422	-0.01490	-0.00858	0.01459	-0.00415	0.01128	0.05518	0.00266	0.00981	-0.00030	(Member $x0 middle)
p204759	-0.02507	-0.02901	0.01904	0.00447	-0.01037	-0.01009	0.02135	0.00333	-0.00593	0.00416	-0.01548	0.02293	0.00065	-0.01118	-0.00674	0.07161	-0.00411	0.00118	0.00167	0.04889	-0.00796	-0.03833	0.00267	-0.01098	-0.00508	0.02219	-0.00832	0.00360	0.03249	0.00443	0.01581	-0.01208	(Member $x0 northern)
p204760	-0.00101	0.00659	0.00136	-0.00273	-0.00616	-0.00289	-0.00477	-0.00536	-0.00219	0.00146	0.00004	0.00229	-0.00391	-0.00105	0.02168	-0.00735	0.00301	-0.00291	-0.00416	-0.00064	-0.00919	-0.00081	-0.00448	-0.00080	0.01260	-0.00109	0.00475	0.01161	-0.00348	-0.00050	-0.00358	-0.00377	(Member $x0 original)
p204761	-0.00874	-0.01128	0.02275	-0.00538	0.00685	-0.01066	-0.00439	-0.00033	-0.01550	-0.00060	-0.01166	0.00142	-0.00814	-0.00004	0.02084	0.01577	-0.00560	-0.00984	0.00909	0.00203	-0.00914	-0.00156	0.00066	0.00130	0.00521	0.00033	0.00556	0.01139	0.03210	-0.00205	-0.00457	-0.00651	(Member $x0 other)
p204762	0.02006	-0.00073	-0.00877	0.00214	-0.00048	-0.01043	-0.00616	-0.00298	-0.01350	0.00665	-0.00614	0.00381	0.03520	-0.01340	-0.00621	-0.00966	-0.00337	-0.00561	0.00776	-0.00097	0.00834	0.00346	0.00363	-0.00227	-0.00480	-0.00188	0.01998	-0.00121	0.00485	-0.00488	0.00577	-0.00313	(Member $x0 personality)
p204763	-0.00685	-0.00978	-0.01029	-0.00575	-0.00095	0.00021	-0.00236	0.01459	-0.00351	0.01333	-0.00364	-0.01086	-0.00564	-0.00413	-0.00645	0.00370	0.02165	-0.00228	-0.00944	0.01502	-0.00089	-0.00793	0.01028	-0.00589	0.00697	-0.00031	-0.00377	0.00569	-0.01403	0.01632	-0.00333	-0.00843	(Member $x0 picture)
p204764	-0.00839	-0.01304	-0.00206	-0.01435	0.00046	-0.01261	0.01111	-0.01026	-0.00266	-0.00682	-0.00448	-0.00169	0.00136	-0.02164	-0.00069	-0.00905	0.00557	0.02176	0.01344	0.01664	-0.01084	0.01492	-0.00092	0.02243	-0.00103	-0.00604	-0.00700	-0.01548	-0.00688	-0.00257	-0.00876	-0.00675	(Member $x0 plane)
p204765	0.00125	-0.02479	0.01332	0.00461	0.05626	-0.02243	0.02284	-0.00936	-0.00696	-0.00614	0.03527	0.01096	-0.00395	-0.00031	-0.00420	0.01068	0.00401	-0.01319	0.01907	0.04767	-0.00255	-0.03586	0.00443	0.00139	-0.00153	-0.01284	0.00898	-0.02586	0.00537	-0.02796	-0.01020	0.01193	(Member $x0 red)
p204766	-0.00786	-0.01310	-0.01190	-0.00521	0.01528	-0.00129	-0.00325	0.00885	-0.00908	0.01872	-0.01119	0.00599	-0.00898	0.00609	-0.00813	0.00624	0.03192	0.00236	-0.01303	-0.00568	-0.00999	-0.01273	-0.00358	-0.01065	0.00118	0.00097	-0.00484	0.02380	-0.01568	0.00850	0.00342	-0.00594	(Member $x0 region)
p204767	-0.01351	0.00048	0.02170	0.00442	-0.01176	0.02978	0.00884	0.01503	-0.00094	0.01419	0.00375	0.01139	-0.00205	0.00804	-0.00106	-0.00326	-0.01723	0.00466	-0.00485	-0.00417	-0.00315	-0.01480	-0.01993	0.00018	-0.00567	0.01734	0.02042	-0.00904	0.00834	-0.00648	-0.00957	0.01067	(Member $x0 river)
p204768	0.00066	-0.00973	0.00476	0.01332	0.00563	0.00082	0.00572	0.00237	0.00186	-0.01283	-0.01968	0.00435	-0.00457	-0.02157	-0.00175	0.00216	-0.00340	-0.01315	0.00783	0.01404	-0.00039	-0.00628	-0.01677	0.01119	-0.00743	0.00748	0.01278	-0.00135	-0.01925	-0.00260	0.01430	0.01348	(Member $x0 sea)
p204769	-0.00193	-0.00734	-0.00810	-0.00399	0.00004	-0.00016	-0.00230	-0.00636	-0.00001	-0.00423	0.00048	-0.00382	-0.00157	-0.00269	-0.00077	-0.00575	0.00360	0.00192	0.00523	-0.00116	0.00310	0.00467	0.00165	0.00683	-0.00247	-0.00410	0.00549	-0.00273	-0.00366	0.00068	-0.00308	-0.00448	(Member $x0 ship)
p204770	-0.01566	-0.00002	0.01439	-0.00409	-0.00784	0.02496	0.00369	-0.00222	-0.00215	0.01400	0.00132	-0.00212	0.00202	-0.00220	-0.00101	-0.00187	0.00018	0.00483	-0.00518	0.00690	-0.00829	-0.00160	-0.01061	-0.00189	0.00978	-0.00450	0.01585	0.00104	-0.00425	0.01711	-0.00510	0.00541	(Member $x0 snow)
p204771	-0.03819	-0.01472	0.04561	0.01375	-0.02449	-0.02648	0.03035	0.04206	-0.00918	0.00139	-0.00700	0.05163	0.06215	-0.03755	-0.01813	0.06435	-0.03971	0.01598	0.00061	0.10459	-0.00418	-0.05060	-0.01343	-0.01904	-0.01151	0.02135	-0.01838	-0.01370	0.05849	-0.00581	-0.01300	0.00459	(Member $x0 southern)
p204772	0.02643	-0.00603	0.02249	-0.01926	-0.00240	-0.00491	-0.01514	-0.00336	-0.01778	-0.01708	0.02680	-0.02333	-0.00950	-0.02760	0.02646	-0.01522	0.00013	-0.00613	0.00372	-0.00778	-0.00261	-0.01796	0.00849	-0.00746	0.01261	0.05826	0.00877	-0.00920	0.02414	-0.01066	0.00609	0.01508	(Member $x0 store)
p204773	-0.00047	-0.00675	-0.05418	0.02479	-0.02834	0.00570	0.00573	0.00022	-0.05739	0.02580	-0.00064	0.01437	-0.00320	-0.02586	0.00269	0.00482	0.00598	-0.01500	-0.02968	0.02736	0.01491	-0.00878	-0.01248	0.00589	-0.00167	0.00246	0.03355	0.01675	-0.02075	0.03745	0.01346	0.00575	(Member $x0 sun)
p204774	0.00682	0.01661	0.01287	0.00820	-0.01541	-0.01121	-0.00905	-0.00727	-0.01311	-0.00712	-0.00879	-0.00137	-0.00854	-0.01233	0.02017	-0.00545	0.00162	-0.00590	0.00282	0.01090	-0.00747	0.00327	0.01329	0.01319	0.00770	-0.00848	0.01495	0.01657	-0.00496	-0.00739	-0.00961	-0.00816	(Member $x0 system)
p204775	-0.02585	-0.02904	0.01866	0.00428	-0.01054	-0.01111	0.02162	0.00294	-0.00743	0.00526	-0.01492	0.02194	0.00029	-0.01150	-0.00436	0.07043	-0.00404	0.00069	0.00089	0.04933	-0.00727	-0.03846	0.00255	-0.01060	-0.00513	0.02184	-0.00957	0.00499	0.03441	0.00393	0.01569	-0.01211	(Member $x0 view)
p204776	0.01108	0.00535	0.00192	0.01006	-0.00447	0.00112	-0.00645	-0.00020	-0.00717	-0.00968	0.01243	0.00239	-0.00566	-0.01155	-0.00003	0.00135	-0.00451	-0.00666	-0.00247	0.00104	-0.00755	-0.01266	-0.01298	0.00106	0.00614	0.02718	-0.00227	0.00950	0.00026	-0.00302	0.00323	-0.00236	(Member $x0 war)
p204777	0.01377	-0.00949	-0.00392	-0.00938	0.02193	-0.01775	0.01663	-0.00596	-0.01419	0.01946	-0.02529	0.01013	0.03516	-0.02274	-0.00452	0.00621	0.01235	0.01643	-0.01321	-0.00019	-0.02246	-0.01079	-0.00688	-0.01064	0.00182	0.00242	-0.00029	0.01645	-0.01585	-0.01262	0.01998	-0.00265	(Member $x0 widespread)
p204778	0.01953	-0.01923	0.00366	-0.03546	-0.00440	-0.03165	0.02269	0.00263	0.00776	0.01200	0.01760	-0.00875	-0.00910	-0.02420	-0.00466	0.05140	-0.01552	0.00232	0.00814	-0.01558	-0.01708	0.04146	0.02934	-0.01706	0.02339	-0.00673	-0.00541	-0.00442	-0.01124	0.02651	-0.01041	0.00786	(Member $x0 windshield)
p204779	-0.00611	0.00783	-0.00676	-0.02052	-0.00105	-0.00596	-0.00293	0.01324	-0.00568	-0.00527	0.00491	-0.00274	0.01499	-0.00546	0.00159	-0.00852	-0.00878	-0.00305	-0.00140	-0.00555	-0.01018	0.01887	0.00316	-0.00235	0.02521	0.00417	0.01438	0.00561	-0.00428	0.00208	-0.00218	-0.00582	(Might $e0)
p204780	-0.01293	0.00748	-0.00006	-0.00019	-0.00619	0.00165	0.00295	0.01987	0.00049	-0.01196	0.00450	0.00148	-0.00525	0.00705	-0.00452	-0.00691	-0.01205	-0.00017	0.00742	0.00644	0.00354	0.01548	-0.00209	0.00153	-0.00279	0.00021	-0.00788	-0.00462	0.00371	0.01312	-0.01645	-0.00531	(Permitted $e0)
p204781	0.10143	-0.01799	-0.07410	-0.03526	-0.07547	0.18625	-0.02145	0.00591	-0.06673	-0.08929	0.07258	-0.09373	0.02434	0.10484	0.06871	0.06156	0.02346	0.00904	0.05893	0.07342	-0.00661	0.06177	-0.07233	0.05432	-0.00432	-0.06546	-0.03774	0.02186	-0.01924	-0.05202	0.05202	0.06199	(Possession $x0 free_soil_party)
p204782	0.10143	-0.01799	-0.07410	-0.03526	-0.07547	0.18625	-0.02145	0.00591	-0.06673	-0.08929	0.07258	-0.09373	0.02434	0.10484	0.06871	0.06156	0.02346	0.00904	0.05893	0.07342	-0.00661	0.06177	-0.07233	0.05432	-0.00432	-0.06546	-0.03774	0.02186	-0.01924	-0.05202	0.05202	0.06199	(Possession $x0 republican_party)
p204783	-0.00105	-0.01317	0.00596	0.01973	-0.01541	-0.01248	0.01883	0.00406	0.00343	-0.00139	-0.02391	0.01734	-0.00540	-0.01521	-0.00608	0.04410	-0.00619	0.00036	-0.00445	0.02550	-0.01395	-0.02153	0.00054	0.01918	0.00467	0.01524	-0.00412	-0.00521	-0.00016	-0.01104	0.02589	-0.00744	(ProportionOf $x0 $x1 some)
p204784	-0.01116	-0.00402	-0.00028	-0.00994	-0.00577	0.00153	-0.00278	0.00351	-0.00332	-0.00355	0.01152	-0.01517	-0.00108	-0.01037	-0.00327	-0.00886	0.00812	0.00061	0.00175	0.01256	0.00344	0.01166	0.01658	0.00174	0.00205	-0.00344	-0.00776	-0.00687	0.00196	0.00845	-0.01211	-0.00725	(Time $e0 $x0)
p204785	-0.00237	0.00097	-0.00053	0.00101	-0.00206	0.00396	-0.00546	-0.00795	0.00136	-0.00569	0.00072	-0.01241	-0.00245	-0.00627	-0.00160	-0.00301	0.00433	-0.00685	-0.00029	-0.00377	-0.00486	0.00633	0.00113	-0.00040	0.00592	-0.00365	-0.00154	0.00296	-0.00674	-0.00306	-0.00221	-0.00424	(Time $e0 later)
p204786	-0.02903	-0.01928	0.04781	-0.04583	0.00509	-0.03702	0.00962	-0.03773	-0.06539	0.00728	-0.04978	0.03930	-0.00241	-0.05486	0.00069	-0.04455	0.04476	0.02711	0.04026	0.06240	-0.07213	0.12515	-0.02168	0.09472	0.00685	-0.03786	0.01762	-0.03152	-0.01107	0.10006	-0.04948	-0.03630	(Time $e0 this_year)
p204787	-0.04270	-0.00055	0.09084	-0.03851	-0.03855	0.14313	-0.01033	0.00758	-0.01191	0.07761	0.05194	-0.00613	0.00687	0.02325	0.00097	-0.01272	-0.02374	0.04796	-0.04726	-0.01016	-0.03427	-0.06364	-0.02957	-0.05539	0.01824	0.06079	0.10845	-0.03637	0.05939	-0.02828	0.00645	0.01343	(Time $e0 tonight)
p204788	-0.01259	-0.02307	-0.02623	-0.00612	-0.01912	-0.00186	0.01732	0.00558	0.01206	-0.01195	0.00431	-0.00953	0.00472	0.00191	-0.01026	-0.01791	0.00258	0.06105	0.01572	-0.01235	0.00584	0.01794	0.01041	-0.00613	-0.00286	-0.01327	0.00054	-0.03165	0.01852	-0.00111	-0.00156	-0.00632	(TimeAtLeast $e0 (Year <num>))
p204824	0.12696	-0.04293	-0.12583	-0.05928	-0.13129	0.25681	-0.03196	0.02186	-0.10910	-0.13488	0.14006	-0.14048	0.02238	0.18077	0.13073	0.11908	0.03102	0.01206	0.09476	0.13614	-0.01317	0.10678	-0.11006	0.09849	0.00009	-0.09906	-0.06997	0.03088	-0.03836	-0.09507	0.09774	0.11132	(And (Agent $e0 $x0) (GroupOf $x1 view) (Theme $e0 $x1) (Theme $e0 $x2))
p204827	-0.00335	-0.02502	0.23239	-0.02860	-0.00748	-0.03777	0.08063	-0.02350	0.30211	-0.26389	-0.21092	-0.00837	0.08079	0.22479	-0.03368	-0.00375	0.17124	-0.05321	0.24554	-0.09582	0.01961	-0.14007	-0.08143	0.02173	0.10686	0.07658	-0.04850	0.02232	-0.06292	-0.09306	-0.05639	-0.08726	(And (Agent $e0 $x0) (Location $e0 $x1) (Past $e1) (Theme $e1 $e0))
p204829	0.01889	-0.04632	-0.04870	0.02370	0.02283	0.02780	-0.00820	-0.00167	0.06304	0.06102	-0.05318	0.14104	-0.02212	-0.05128	0.05012	-0.01312	-0.03016	0.00195	0.05864	0.05820	0.00829	0.04081	0.07361	-0.03625	-0.01296	0.06059	-0.02533	0.04781	-0.04352	-0.04020	-0.06036	-0.00615	(And (Agent $e0 $x0) (Location $e0 eskisehir) (Member $e0 build) (Member $x0 company))
p204830	0.01889	-0.04632	-0.04870	0.02370	0.02283	0.02780	-0.00820	-0.00167	0.06304	0.06102	-0.05318	0.14104	-0.02212	-0.05128	0.05012	-0.01312	-0.03016	0.00195	0.05864	0.05820	0.00829	0.04081	0.07361	-0.03625	-0.01296	0.06059	-0.02533	0.04781	-0.04352	-0.04020	-0.06036	-0.00615	(And (Agent $e0 $x0) (Location $e0 eskisehir) (Member $x0 company) (Past $e0))
p204831	0.01889	-0.04632	-0.04870	0.02370	0.02283	0.02780	-0.00820	-0.00167	0.06304	0.06102	-0.05318	0.14104	-0.02212	-0.05128	0.05012	-0.01312	-0.03016	0.00195	0.05864	0.05820	0.00829	0.04081	0.07361	-0.03625	-0.01296	0.06059	-0.02533	0.04781	-0.04352	-0.04020	-0.06036	-0.00615	(And (Agent $e0 $x0) (Location $e0 eskisehir) (Member $x0 company) (Patient $e0 $x1))
p204832	0.01889	-0.04632	-0.04870	0.02370	0.02283	0.02779	-0.00820	-0.00167	0.06304	0.06102	-0.05318	0.14103	-0.02213	-0.05128	0.05011	-0.01312	-0.03016	0.00195	0.05864	0.05819	0.00829	0.04081	0.07361	-0.03625	-0.01296	0.06059	-0.02533	0.04781	-0.04352	-0.04020	-0.06037	-0.00615	(And (Agent $e0 $x0) (Location $e0 eskisehir) (Member $x1 hotel) (Patient $e0 $x1))
p204833	-0.00335	-0.02502	0.23239	-0.02860	-0.00748	-0.03777	0.08063	-0.02350	0.30211	-0.26389	-0.21092	-0.00838	0.08079	0.22479	-0.03369	-0.00375	0.17124	-0.05321	0.24554	-0.09582	0.01961	-0.14007	-0.08143	0.02173	0.10686	0.07658	-0.04850	0.02232	-0.06292	-0.09306	-0.05639	-0.08726	(And (Agent $e0 $x0) (Location $e1 $x1) (Past $e0) (Theme $e0 $e1))
p204834	-0.00335	-0.02502	0.23239	-0.02860	-0.00748	-0.03777	0.08064	-0.02350	0.30211	-0.26389	-0.21092	-0.00837	0.08079	0.22479	-0.03368	-0.00374	0.17124	-0.05321	0.24554	-0.09582	0.01961	-0.14007	-0.08143	0.02173	0.10686	0.07658	-0.04850	0.02232	-0.06291	-0.09306	-0.05638	-0.08726	(And (Agent $e0 $x0) (Location $e1 $x1) (Patient $e1 $x2) (Theme $e0 $e1))
p204836	-0.00698	0.08995	-0.00392	0.00107	0.00793	0.05169	-0.00050	0.02326	0.03263	-0.04411	0.00826	-0.03519	0.00248	0.02222	-0.04877	0.03593	-0.02542	0.03174	-0.03099	0.01045	0.08966	-0.02454	-0.01911	-0.05123	0.00668	-0.02521	-0.04249	-0.00595	-0.02371	-0.00418	0.02208	0.00155	(And (Agent $e0 $x0) (Member $e0 write) (Member $x0 person) (Past $e0))
p204837	-0.00698	0.08995	-0.00392	0.00107	0.00793	0.05169	-0.00050	0.02326	0.03263	-0.04411	0.00826	-0.03519	0.00248	0.02222	-0.04877	0.03593	-0.02542	0.03174	-0.03099	0.01045	0.08966	-0.02454	-0.01911	-0.05123	0.00668	-0.02521	-0.04249	-0.00595	-0.02371	-0.00418	0.02208	0.00155	(And (Agent $e0 $x0) (Member $e0 write) (Member $x0 person) (Patient $e0 $x1))
p204838	0.06354	-0.02141	-0.06287	-0.02960	-0.06559	0.12845	-0.01593	0.01098	-0.05450	-0.06738	0.07009	-0.07020	0.01124	0.09043	0.06542	0.05957	0.01557	0.00607	0.04743	0.06812	-0.00653	0.05344	-0.05498	0.04930	0.00010	-0.04948	-0.03493	0.01549	-0.01913	-0.04748	0.04892	0.05571	(And (Agent $e0 $x0) (Member $x0 thing) (Theme $e0 $x1) (Theme $e0 $x2))
p204839	-0.00366	-0.01355	0.00043	-0.01487	0.03213	-0.01339	-0.00350	-0.00766	-0.01764	0.03526	-0.01781	-0.00466	-0.00476	-0.00667	0.00617	0.00592	0.02767	0.01281	-0.01873	-0.00070	-0.02697	-0.02059	-0.00966	-0.00831	0.00580	-0.00360	-0.00165	0.03668	-0.01461	-0.00457	0.00843	-0.00161	(And (Agent $e0 $x0) (Member $x1 new) (Past $e0) (Theme $e0 $x1))
p204840	-0.00335	-0.02502	0.23239	-0.02860	-0.00748	-0.03777	0.08063	-0.02350	0.30211	-0.26389	-0.21092	-0.00837	0.08079	0.22479	-0.03368	-0.00374	0.17124	-0.05321	0.24554	-0.09582	0.01961	-0.14007	-0.08143	0.02173	0.10686	0.07658	-0.04850	0.02232	-0.06291	-0.09306	-0.05638	-0.08726	(And (Agent $e0 $x0) (Ongoing $e1) (Patient $e1 $x1) (Theme $e0 $e1))
p204843	-0.18500	-0.02354	0.18431	0.11573	0.05319	0.08316	-0.05117	0.05569	0.15468	-0.10466	0.14889	-0.07711	0.08225	-0.05485	0.03983	-0.02400	-0.16202	0.07545	-0.07196	-0.05201	-0.07715	-0.20081	0.19791	0.04105	-0.03043	-0.08350	-0.17484	0.11869	-0.04420	0.14947	0.19709	-0.02197	(And (Agent $e0 $x0) (Past $e0) (Theme $e1 $x1) (To $e0 $e1))
p204845	-0.18500	-0.02353	0.18431	0.11573	0.05318	0.08316	-0.05117	0.05568	0.15468	-0.10466	0.14889	-0.07711	0.08225	-0.05485	0.03983	-0.02400	-0.16202	0.07545	-0.07196	-0.05201	-0.07715	-0.20081	0.19791	0.04105	-0.03043	-0.08350	-0.17484	0.11869	-0.04420	0.14947	0.19709	-0.02197	(And (Agent $e0 $x0) (Past $e1) (Theme $e0 $x1) (To $e1 $e0))
p204846	0.06354	-0.02141	-0.06287	-0.02960	-0.06559	0.12845	-0.01593	0.01098	-0.05450	-0.06738	0.07009	-0.07020	0.01124	0.09043	0.06542	0.05957	0.01557	0.00607	0.04743	0.06812	-0.00653	0.05344	-0.05498	0.04930	0.00010	-0.04948	-0.03493	0.01549	-0.01913	-0.04748	0.04892	0.05571	(And (Agent $e0 $x0) (Possession $x1 free_soil_party) (Theme $e0 $x1) (Theme $e0 $x2))
p204847	0.06354	-0.02141	-0.06287	-0.02960	-0.06559	0.12845	-0.01593	0.01098	-0.05450	-0.06738	0.07009	-0.07020	0.01124	0.09043	0.06542	0.05957	0.01557	0.00607	0.04743	0.06812	-0.00653	0.05344	-0.05498	0.04930	0.00010	-0.04948	-0.03493	0.01549	-0.01913	-0.04748	0.04892	0.05571	(And (Agent $e0 $x0) (Possession $x1 republican_party) (Theme $e0 $x1) (Theme $e0 $x2))
p204848	0.02550	0.05411	0.02119	0.05038	-0.05320	-0.06698	0.00489	0.03136	-0.01891	0.01931	-0.00513	0.08989	-0.02970	0.10378	-0.02289	0.01821	-0.03625	0.05182	-0.00026	-0.00752	-0.05378	-0.02799	0.07764	0.09428	0.01183	-0.02098	0.06341	-0.03885	-0.05881	-0.05370	-0.04814	-0.00934	(And (Before $e0 $e1) (Past $e0) (Past $e1) (Patient $e0 $x0))
p204849	0.01370	0.02834	-0.00889	-0.01030	0.00850	-0.02132	-0.02276	-0.04385	0.03181	0.07021	0.01511	-0.02736	-0.00308	-0.03187	-0.01078	-0.00719	0.02985	-0.00912	0.04649	0.00843	-0.01368	-0.02922	-0.00332	0.01163	-0.00106	-0.01825	0.00667	-0.01817	0.02989	-0.02271	0.05773	-0.00384	(And (Cardinality $x0 <num>) (Holder $e0 $x1) (Member $e0 have) (Theme $e0 $x0))
p204850	0.10246	-0.03309	0.06814	0.02648	0.10097	-0.02857	-0.03373	0.00704	-0.07917	0.10090	-0.10607	-0.04429	-0.02240	0.12413	-0.03466	-0.00609	-0.04844	-0.03976	-0.06324	-0.00817	0.02613	0.04035	-0.03696	0.05142	-0.00355	0.06388	-0.05058	-0.06667	-0.03972	0.06908	0.10012	0.00141	(And (Cardinality $x0 <num>) (Location $e0 $x1) (Past $e0) (Patient $e0 $x0))
p204852	0.02915	-0.01865	0.01126	0.04731	0.07553	-0.04764	-0.00758	-0.01279	0.00371	-0.00721	0.09629	0.02457	-0.01006	0.16263	-0.02390	-0.03166	0.02461	0.00916	0.04189	0.02124	-0.00750	-0.05505	0.04027	-0.06959	-0.01656	-0.05201	0.13007	-0.04284	-0.00315	-0.04019	-0.05700	-0.00920	(And (Experiencer $e0 $x0) (Member $e0 bad) (Past $e1) (Result $e1 $e0))
p204854	0.04252	0.16175	-0.07321	-0.05619	0.09632	0.26440	0.03870	-0.03665	-0.10515	-0.04904	-0.07373	0.17239	0.00664	-0.05394	-0.05293	-0.06870	0.14494	-0.05064	-0.02347	-0.10229	-0.03964	-0.03244	0.03529	0.18801	0.03909	-0.00969	-0.11396	-0.05798	0.16757	0.22065	-0.09829	0.03012	(And (Experiencer $e0 $x0) (Member $e1 get) (Ongoing $e1) (Result $e1 $e0))
p204859	0.02915	-0.01865	0.01126	0.04731	0.07553	-0.04764	-0.00758	-0.01279	0.00371	-0.00721	0.09629	0.02457	-0.01006	0.16263	-0.02390	-0.03166	0.02461	0.00916	0.04189	0.02124	-0.00750	-0.05505	0.04027	-0.06959	-0.01656	-0.05201	0.13007	-0.04284	-0.00315	-0.04019	-0.05700	-0.00920	(And (Experiencer $e0 $x0) (Member $x0 bad) (Past $e1) (Result $e1 $e0))
p204861	-0.03724	-0.01446	0.11450	-0.01841	-0.02213	-0.07992	-0.02900	-0.01326	-0.03749	-0.07230	0.10564	0.25845	-0.02727	-0.07665	-0.03833	-0.03390	0.06222	-0.01587	-0.02834	-0.02629	0.08332	0.09742	-0.03307	-0.01970	0.01383	-0.04741	0.01701	0.00644	0.00527	-0.07015	0.14980	-0.00133	(And (For $e0 $e1) (Member $e0 win) (Member $e1 portray) (Past $e0))
p204862	-0.03725	-0.01446	0.11450	-0.01841	-0.02213	-0.07993	-0.02900	-0.01326	-0.03750	-0.07231	0.10564	0.25845	-0.02727	-0.07666	-0.03834	-0.03391	0.06222	-0.01587	-0.02835	-0.02630	0.08332	0.09742	-0.03308	-0.01970	0.01383	-0.04741	0.01701	0.00644	0.00527	-0.07015	0.14980	-0.00134	(And (For $e0 $e1) (Member $e0 win) (Member $e1 portray) (Theme $e0 $x0))
p204863	-0.03724	-0.01446	0.11450	-0.01841	-0.02213	-0.07992	-0.02900	-0.01326	-0.03749	-0.07230	0.10564	0.25846	-0.02727	-0.07665	-0.03833	-0.03390	0.06222	-0.01587	-0.02834	-0.02629	0.08332	0.09742	-0.03307	-0.01970	0.01383	-0.04741	0.01701	0.00645	0.00527	-0.07014	0.14980	-0.00133	(And (For $e0 $e1) (Member $e1 portray) (Member $x0 emmy) (Theme $e0 $x0))
p204864	-0.03724	-0.01446	0.11450	-0.01841	-0.02213	-0.07992	-0.02900	-0.01326	-0.03749	-0.07230	0.10564	0.25846	-0.02726	-0.07665	-0.03833	-0.03390	0.06222	-0.01587	-0.02834	-0.02629	0.08332	0.09742	-0.03307	-0.01970	0.01383	-0.04741	0.01701	0.00645	0.00527	-0.07014	0.14980	-0.00133	(And (For $e0 $e1) (Member $e1 portray) (Past $e0) (Theme $e0 $x0))
p204865	0.09955	-0.02138	0.06408	0.03752	0.08924	-0.03808	-0.03486	0.01763	-0.08708	0.10592	-0.11559	-0.03352	-0.02585	0.15690	-0.04334	0.00472	-0.05921	-0.03193	-0.06340	-0.02963	0.02138	0.04233	0.00199	0.07405	-0.00571	0.07236	-0.04801	-0.07820	-0.06067	0.05214	0.09558	0.00351	(And (GroupOf $x0 person) (Member $e0 kill) (Past $e0) (Patient $e0 $x0))
p204875	0.12696	-0.04293	-0.12583	-0.05928	-0.13129	0.25681	-0.03196	0.02186	-0.10910	-0.13488	0.14006	-0.14048	0.02238	0.18077	0.13073	0.11908	0.03102	0.01206	0.09476	0.13614	-0.01317	0.10678	-0.11006	0.09849	0.00009	-0.09906	-0.06998	0.03088	-0.03836	-0.09507	0.09774	0.11132	(And (GroupOf $x0 view) (Past $e0) (Theme $e0 $x0) (Theme $e0 $x1))
p204876	0.06354	-0.02141	-0.06287	-0.02960	-0.06559	0.12845	-0.01593	0.01098	-0.05450	-0.06738	0.07009	-0.07020	0.01124	0.09043	0.06542	0.05957	0.01557	0.00607	0.04743	0.06812	-0.00653	0.05344	-0.05498	0.04930	0.00010	-0.04948	-0.03493	0.01549	-0.01913	-0.04748	0.04892	0.05571	(And (GroupOf $x0 view) (Possession $x0 free_soil_party) (Theme $e0 $x0) (Theme $e0 $x1))
p204877	0.06354	-0.02141	-0.06287	-0.02960	-0.06559	0.12845	-0.01593	0.01098	-0.05450	-0.06738	0.07009	-0.07020	0.01124	0.09043	0.06542	0.05957	0.01557	0.00607	0.04743	0.06812	-0.00653	0.05344	-0.05498	0.04930	0.00010	-0.04948	-0.03493	0.01549	-0.01913	-0.04748	0.04892	0.05571	(And (GroupOf $x0 view) (Possession $x0 republican_party) (Theme $e0 $x0) (Theme $e0 $x1))
p204878	0.06354	-0.02141	-0.06287	-0.02960	-0.06559	0.12845	-0.01593	0.01098	-0.05450	-0.06738	0.07009	-0.07020	0.01124	0.09043	0.06541	0.05957	0.01557	0.00607	0.04743	0.06812	-0.00653	0.05344	-0.05498	0.04930	0.00010	-0.04948	-0.03493	0.01549	-0.01913	-0.04748	0.04892	0.05571	(And (GroupOf $x0 view) (Possession $x1 free_soil_party) (Theme $e0 $x0) (Theme $e0 $x1))
p204879	0.06354	-0.02141	-0.06287	-0.02960	-0.06559	0.12845	-0.01593	0.01098	-0.05450	-0.06738	0.07009	-0.07020	0.01124	0.09043	0.06542	0.05957	0.01557	0.00607	0.04743	0.06812	-0.00653	0.05344	-0.05498	0.04930	0.00010	-0.04948	-0.03493	0.01549	-0.01913	-0.04748	0.04892	0.05571	(And (GroupOf $x0 view) (Possession $x1 republican_party) (Theme $e0 $x0) (Theme $e0 $x1))
p204882	-0.00335	-0.02502	0.23239	-0.02860	-0.00748	-0.03777	0.08063	-0.02350	0.30211	-0.26389	-0.21092	-0.00837	0.08079	0.22479	-0.03368	-0.00374	0.17124	-0.05321	0.24554	-0.09582	0.01961	-0.14007	-0.08143	0.02173	0.10686	0.07658	-0.04850	0.02232	-0.06291	-0.09306	-0.05639	-0.08726	(And (Location $e0 $x0) (Ongoing $e0) (Past $e1) (Theme $e1 $e0))
p204883	-0.00336	-0.02502	0.23238	-0.02859	-0.00749	-0.03777	0.08063	-0.02350	0.30210	-0.26389	-0.21092	-0.00838	0.08079	0.22479	-0.03369	-0.00375	0.17124	-0.05321	0.24553	-0.09582	0.01961	-0.14007	-0.08143	0.02173	0.10686	0.07658	-0.04851	0.02232	-0.06292	-0.09306	-0.05639	-0.08727	(And (Location $e0 $x0) (Past $e1) (Patient $e0 $x1) (Theme $e1 $e0))
p204889	0.01889	-0.04632	-0.04870	0.02370	0.02283	0.02780	-0.00820	-0.00167	0.06304	0.06102	-0.05318	0.14104	-0.02212	-0.05128	0.05012	-0.01312	-0.03016	0.00195	0.05864	0.05819	0.00829	0.04081	0.07361	-0.03625	-0.01296	0.06059	-0.02533	0.04781	-0.04352	-0.04020	-0.06037	-0.00615	(And (Location $e0 eskisehir) (Member $e0 build) (Member $x0 hotel) (Patient $e0 $x0))
p204890	0.01889	-0.04632	-0.04870	0.02370	0.02283	0.02780	-0.00820	-0.00167	0.06304	0.06102	-0.05318	0.14104	-0.02212	-0.05128	0.05012	-0.01312	-0.03016	0.00195	0.05864	0.05820	0.00829	0.04081	0.07361	-0.03625	-0.01296	0.06059	-0.02533	0.04781	-0.04352	-0.04020	-0.06036	-0.00615	(And (Location $e0 eskisehir) (Member $x0 hotel) (Past $e0) (Patient $e0 $x0))
p204893	0.02915	-0.01865	0.01126	0.04731	0.07553	-0.04764	-0.00758	-0.01279	0.00371	-0.00721	0.09629	0.02457	-0.01006	0.16263	-0.02390	-0.03166	0.02461	0.00916	0.04189	0.02124	-0.00750	-0.05505	0.04027	-0.06959	-0.01656	-0.05201	0.13007	-0.04284	-0.00315	-0.04019	-0.05700	-0.00920	(And (Member $e0 bad) (Past $e1) (Patient $e1 $x0) (Result $e1 $e0))
p204894	0.00992	0.03016	0.01196	0.04798	-0.00127	0.01613	-0.00972	-0.00310	-0.01490	0.00658	-0.02814	0.01638	-0.00659	-0.01442	-0.00950	0.03766	-0.00576	-0.02523	-0.01839	0.00001	-0.01425	-0.03043	-0.04057	0.02053	0.01600	0.01417	-0.00349	0.02100	-0.04210	0.00127	0.02296	-0.00015	(And (Member $e0 bear) (Member $x0 person) (Past $e0) (Patient $e0 $x0))
p204895	-0.15760	-0.02433	0.14539	-0.07647	0.02360	-0.07117	0.06688	-0.02587	0.20167	-0.13841	-0.10215	-0.04380	0.11745	0.23860	-0.02319	-0.02844	0.11753	-0.09615	0.16371	-0.08078	0.00862	-0.02221	-0.00081	0.09688	0.11888	0.13308	-0.12701	0.01985	-0.04156	-0.15653	-0.06173	-0.05295	(And (Member $e0 begin) (Ongoing $e1) (Patient $e1 $x0) (Theme $e0 $e1))
p204896	-0.15759	-0.02433	0.14539	-0.07647	0.02360	-0.07117	0.06688	-0.02587	0.20167	-0.13841	-0.10215	-0.04380	0.11745	0.23860	-0.02319	-0.02843	0.11753	-0.09615	0.16371	-0.08078	0.00862	-0.02221	-0.00081	0.09688	0.11888	0.13308	-0.12701	0.01985	-0.04156	-0.15653	-0.06173	-0.05295	(And (Member $e0 begin) (Past $e0) (Patient $e1 $x0) (Theme $e0 $e1))
p204901	0.15285	-0.02996	0.06910	-0.06924	-0.04324	-0.06415	0.04431	0.00838	0.08422	-0.04939	-0.00618	-0.01428	-0.03951	-0.07702	-0.02392	0.09486	0.00965	0.03784	0.07588	-0.04859	-0.02532	0.03104	0.03658	-0.09589	0.06472	-0.06695	0.05624	0.00419	-0.04343	0.10686	-0.04394	-0.00287	(And (Member $e0 start) (Past $e0) (Patient $e1 $x0) (Theme $e0 $e1))
p204902	-0.06808	0.01916	0.14027	0.03114	0.00717	0.19664	0.06041	0.00180	0.05359	0.09408	-0.02563	0.00015	0.03344	0.02778	-0.03675	0.01981	-0.05022	0.01083	-0.02534	-0.03412	-0.05829	0.06809	-0.10557	-0.04658	-0.02613	-0.05392	0.09510	-0.05132	-0.02534	-0.03089	-0.02083	0.01613	(And (Member $e0 stop) (Past $e0) (Past $e1) (Theme $e0 $e1))
p204903	0.02915	-0.01865	0.01126	0.04731	0.07553	-0.04764	-0.00758	-0.01279	0.00371	-0.00721	0.09629	0.02457	-0.01006	0.16263	-0.02390	-0.03166	0.02461	0.00916	0.04189	0.02124	-0.00750	-0.05505	0.04027	-0.06959	-0.01656	-0.05201	0.13007	-0.04284	-0.00315	-0.04019	-0.05700	-0.00920	(And (Member $x0 bad) (Past $e0) (Patient $e0 $x0) (Result $e0 $e1))
p204905	0.06354	-0.02141	-0.06287	-0.02960	-0.06559	0.12845	-0.01593	0.01098	-0.05450	-0.06738	0.07009	-0.07020	0.01124	0.09043	0.06542	0.05957	0.01557	0.00607	0.04743	0.06812	-0.00653	0.05344	-0.05498	0.04930	0.00010	-0.04948	-0.03493	0.01549	-0.01913	-0.04748	0.04892	0.05571	(And (Member free_soil_party party) (Possession $x0 free_soil_party) (Theme $e0 $x0) (Theme $e0 $x1))
p204906	0.06354	-0.02141	-0.06287	-0.02960	-0.06559	0.12845	-0.01593	0.01098	-0.05450	-0.06738	0.07009	-0.07020	0.01124	0.09043	0.06542	0.05957	0.01557	0.00607	0.04743	0.06812	-0.00653	0.05344	-0.05498	0.04930	0.00010	-0.04948	-0.03493	0.01549	-0.01913	-0.04748	0.04892	0.05571	(And (Member republican_party party) (Possession $x0 republican_party) (Theme $e0 $x0) (Theme $e0 $x1))
p204909	-0.00123	-0.02915	-0.01771	-0.11698	-0.01205	-0.09745	0.03068	0.00612	-0.01609	0.07616	0.10268	-0.04957	-0.00276	-0.06309	-0.01332	0.07028	-0.04392	-0.00494	-0.00582	-0.03344	-0.03619	0.14897	0.11729	-0.02063	0.07686	-0.01035	-0.02210	0.00184	-0.02194	0.04347	-0.04917	0.03154	(And (Ongoing $e0) (Past $e1) (Patient $e1 $x0) (Theme $e1 $e0))
p204911	0.06354	-0.02141	-0.06287	-0.02960	-0.06559	0.12845	-0.01593	0.01098	-0.05450	-0.06738	0.07009	-0.07020	0.01124	0.09043	0.06542	0.05957	0.01557	0.00607	0.04743	0.06812	-0.00653	0.05344	-0.05498	0.04930	0.00010	-0.04948	-0.03493	0.01549	-0.01913	-0.04748	0.04892	0.05571	(And (Past $e0) (Possession $x0 free_soil_party) (Theme $e0 $x0) (Theme $e0 $x1))
p204912	0.06354	-0.02141	-0.06287	-0.02960	-0.06559	0.12845	-0.01593	0.01098	-0.05450	-0.06738	0.07009	-0.07020	0.01124	0.09043	0.06542	0.05957	0.01557	0.00607	0.04743	0.06812	-0.00653	0.05344	-0.05498	0.04930	0.00010	-0.04948	-0.03493	0.01549	-0.01913	-0.04748	0.04892	0.05571	(And (Past $e0) (Possession $x0 republican_party) (Theme $e0 $x0) (Theme $e0 $x1))
p204913	0.06354	-0.02141	-0.06287	-0.02960	-0.06559	0.12845	-0.01593	0.01098	-0.05450	-0.06738	0.07009	-0.07020	0.01124	0.09043	0.06542	0.05957	0.01557	0.00607	0.04743	0.06812	-0.00653	0.05344	-0.05498	0.04930	0.00010	-0.04948	-0.03493	0.01549	-0.01913	-0.04748	0.04892	0.05571	(And (Possession $x0 free_soil_party) (Possession $x1 republican_party) (Theme $e0 $x0) (Theme $e0 $x1))
p205979	0.03361	0.08730	0.03966	0.01335	-0.05835	-0.05752	-0.01236	0.00627	-0.02522	-0.01846	-0.02827	0.03579	-0.02857	-0.01424	0.03694	0.02416	-0.01880	0.02845	-0.00174	-0.00501	-0.00881	-0.01143	0.07445	0.08302	0.00980	-0.01558	0.02361	-0.01467	-0.03618	-0.06491	-0.02818	0.01642	(And (Agent $e0 $x0) (Before $e0 $e1) (Past $e1))
p205980	0.08773	0.00418	-0.01488	0.00970	-0.03524	-0.02634	0.01169	-0.00336	0.00271	0.00102	0.03654	0.00687	-0.02924	-0.04090	-0.00634	-0.01337	-0.00775	0.01819	-0.01014	-0.00271	0.01878	-0.02728	-0.02476	0.00913	-0.01785	-0.00197	-0.00075	0.03870	0.04223	0.03241	-0.02184	-0.01062	(And (Agent $e0 $x0) (Cardinality $x0 <num>) (Past $e0))
p205981	0.11020	0.13646	0.00510	-0.05767	0.09929	-0.06957	-0.03457	0.02641	0.18464	-0.11603	-0.04154	-0.06772	-0.05814	-0.02997	-0.04976	-0.12430	-0.09112	-0.05248	-0.02898	-0.07905	-0.07373	0.29736	-0.08827	0.10659	0.01418	-0.07180	0.10905	0.11880	0.26110	-0.13881	-0.01965	-0.04910	(And (Agent $e0 $x0) (Cardinality $x1 <num>) (Theme $e0 $x1))
p205985	-0.00390	0.02090	-0.00616	-0.03383	0.05621	0.02552	0.03226	0.00061	-0.00627	-0.02991	0.03980	-0.07443	0.00091	-0.01517	0.00877	-0.01527	-0.00151	-0.01836	-0.00938	0.04476	0.07548	-0.01256	0.01118	-0.03674	0.01159	-0.03031	-0.01746	-0.02589	0.01462	-0.02521	0.01543	-0.00501	(And (Agent $e0 $x0) (Experiencer $e1 $x1) (Result $e0 $e1))
p205986	0.00444	-0.02598	0.01047	0.00636	0.01165	-0.00776	-0.01090	-0.00623	0.00460	-0.00328	-0.00794	-0.01524	0.00108	-0.01528	0.00741	-0.01029	0.00278	-0.00587	0.01047	-0.00065	0.02804	-0.01580	0.00719	-0.00092	-0.00412	-0.00367	0.01182	-0.02362	0.00167	-0.02227	0.01629	0.05849	(And (Agent $e0 $x0) (GroupOf $x0 boy) (Ongoing $e0))
p205987	-0.00155	-0.01990	0.02147	0.01200	-0.00189	-0.00783	-0.00953	-0.00879	0.00820	-0.00072	-0.01765	0.01695	-0.00209	-0.03762	-0.00749	0.00588	0.00974	-0.00958	0.00721	0.05659	-0.00125	-0.03065	-0.02288	0.02817	-0.00678	0.00052	0.01721	-0.01711	-0.03244	0.00414	0.00715	0.03104	(And (Agent $e0 $x0) (GroupOf $x0 child) (Location $e0 $x1))
p205988	0.00298	-0.01707	0.00694	0.02042	0.00367	-0.00087	-0.00661	0.00438	0.01213	-0.00484	-0.01541	0.01423	-0.00611	-0.02782	-0.00758	0.00799	-0.00267	-0.01991	0.00501	0.02612	0.01003	-0.02499	-0.02151	0.02295	-0.00813	0.00471	0.02203	-0.00731	-0.02272	-0.00974	0.01516	0.03317	(And (Agent $e0 $x0) (GroupOf $x0 child) (Member $e0 play))
p205989	-0.00849	0.04906	0.00953	0.03293	-0.03200	0.02432	0.00878	0.04183	0.00853	-0.00064	-0.01600	0.05232	0.00555	-0.04035	-0.03551	0.06869	-0.02199	-0.02421	-0.02048	0.10557	0.02230	-0.06407	-0.04043	0.03385	-0.01320	0.01959	0.02341	-0.01990	-0.07550	0.00639	-0.01657	0.00932	(And (Agent $e0 $x0) (Location $e0 $x1) (Member $x0 person))
p205990	0.01889	-0.04632	-0.04870	0.02370	0.02283	0.02780	-0.00820	-0.00167	0.06304	0.06102	-0.05318	0.14104	-0.02212	-0.05128	0.05012	-0.01312	-0.03016	0.00195	0.05864	0.05819	0.00829	0.04081	0.07361	-0.03625	-0.01296	0.06059	-0.02533	0.04781	-0.04352	-0.04020	-0.06037	-0.00615	(And (Agent $e0 $x0) (Location $e0 eskisehir) (Member $x0 company))
p205991	-0.00698	0.08995	-0.00392	0.00107	0.00793	0.05169	-0.00050	0.02326	0.03263	-0.04411	0.00826	-0.03519	0.00248	0.02222	-0.04877	0.03593	-0.02542	0.03174	-0.03099	0.01045	0.08966	-0.02454	-0.01911	-0.05123	0.00668	-0.02521	-0.04249	-0.00595	-0.02371	-0.00418	0.02208	0.00155	(And (Agent $e0 $x0) (Member $e0 write) (Member $x0 person))
p205992	-0.02725	-0.01519	0.09537	-0.02089	-0.03830	0.13288	-0.00397	0.00486	-0.02154	0.07403	0.01242	-0.01564	-0.00049	0.01363	0.02763	-0.01276	-0.01546	0.01216	-0.03244	-0.00643	-0.00734	-0.06441	-0.01858	-0.03576	0.00805	0.04004	0.12477	-0.03446	0.05128	-0.03506	0.00909	0.01460	(And (Agent $e0 $x0) (Member $e1 try) (Theme $e1 $e0))
p205993	-0.01041	0.00011	0.03682	0.01895	-0.01563	-0.05476	-0.00028	-0.00654	-0.01333	-0.00635	-0.00727	0.01457	-0.00685	-0.01325	0.10362	-0.02508	-0.00340	0.00001	0.01713	-0.02034	-0.02481	0.02838	0.00043	0.05668	0.00240	-0.00397	0.00117	-0.02838	0.01297	-0.02269	-0.03181	0.02371	(And (Agent $e0 $x0) (Member $x0 family) (Past $e0))
p205994	-0.17503	-0.03265	0.18420	0.11380	0.06596	0.07250	-0.04785	0.04316	0.15777	-0.09553	0.13977	-0.07822	0.09140	-0.05200	0.05327	-0.02443	-0.14526	0.06684	-0.06839	-0.05198	-0.07117	-0.19278	0.16292	0.01497	-0.03134	-0.07747	-0.16922	0.10663	-0.03721	0.14868	0.19345	-0.01668	(And (Agent $e0 $x0) (Member $x0 father) (Past $e0))
p205995	-0.05833	-0.01545	0.11009	-0.05084	0.00074	0.17298	-0.01301	0.00701	-0.02457	0.09488	0.03361	-0.01064	0.00492	0.02931	-0.01808	-0.00954	0.00380	0.09033	-0.05681	-0.01913	-0.05949	-0.09426	-0.05282	-0.08236	0.02241	0.05362	0.11041	-0.00278	0.07228	-0.03478	0.02634	0.00131	(And (Agent $e0 $x0) (Member $x0 man) (Past $e0))
p205996	-0.00786	-0.01011	0.00084	-0.01335	0.00119	-0.01153	0.00198	-0.01079	-0.00246	-0.00510	0.00006	-0.00391	0.00226	-0.01689	-0.00459	-0.01014	0.00616	0.02110	0.01452	0.01524	-0.00904	0.01679	0.00186	0.02141	-0.00112	-0.00879	-0.00542	-0.01184	-0.00189	-0.00095	-0.01546	-0.00552	(And (Agent $e0 $x0) (Member $x0 plane) (Past $e0))
p205997	-0.00722	0.00464	-0.00461	-0.01568	0.02889	0.01452	0.01242	0.00373	0.00105	-0.02501	0.02580	-0.04666	-0.00029	-0.00177	0.00068	-0.01347	-0.00842	0.01011	-0.00072	0.02212	0.05637	-0.00974	-0.00261	-0.03027	0.01016	-0.02677	-0.02016	-0.01691	0.02624	-0.01382	0.01171	-0.00280	(And (Agent $e0 $x0) (Member $x1 door) (Patient $e0 $x1))
p205998	-0.07483	-0.01780	0.09210	0.05311	0.04241	0.02769	-0.02661	0.02032	0.07119	-0.03483	0.06100	-0.03876	0.06126	-0.02882	0.02230	-0.01077	-0.06501	0.03538	-0.04199	-0.02643	-0.04166	-0.10152	0.08085	-0.00357	-0.01461	-0.03958	-0.07973	0.06425	-0.02233	0.07036	0.09904	-0.00846	(And (Agent $e0 $x0) (Member $x1 thing) (Theme $e0 $x1))
p205999	-0.01369	-0.02186	-0.00184	-0.00154	0.02336	-0.00670	-0.00201	0.01015	-0.01789	-0.00333	-0.01600	-0.00566	-0.00946	-0.00991	-0.01839	0.03217	-0.00947	-0.01144	0.01302	-0.00888	-0.00767	0.00885	0.00705	0.00319	-0.00286	0.00641	0.00508	0.02399	0.01926	-0.00463	0.00380	-0.00792	(And (Agent $e0 $x0) (PartOf $x1 $x2) (Theme $e0 $x1))
p206000	0.00627	0.00191	-0.00442	0.02512	0.00183	0.00148	-0.00973	-0.00878	-0.00649	-0.00249	-0.01130	-0.00105	0.00148	-0.02301	-0.01095	0.01297	0.00783	-0.01298	0.00362	0.02160	0.01957	-0.02207	-0.00820	0.00840	-0.01681	0.00400	0.02025	-0.00150	-0.02613	-0.00184	0.00324	0.02937	(And (Agent $e0 $x0) (Past $e1) (Stimulus $e1 $e0))
p206002	0.00482	-0.00331	0.04650	-0.00316	0.02003	-0.03186	-0.00187	0.00405	-0.03516	0.00305	-0.02172	-0.00840	-0.01576	-0.00325	0.07383	-0.02421	-0.00569	-0.00807	0.01275	-0.01522	-0.02007	0.00625	-0.02356	-0.00026	0.00343	-0.00958	0.02253	0.03251	0.05141	-0.01746	-0.01807	-0.00228	(And (Agent $e0 $x0) (Possession $x1 $x2) (Theme $e0 $x1))
p206004	-0.18500	-0.02354	0.18431	0.11573	0.05319	0.08316	-0.05117	0.05569	0.15468	-0.10466	0.14889	-0.07711	0.08225	-0.05485	0.03983	-0.02400	-0.16202	0.07545	-0.07196	-0.05201	-0.07715	-0.20081	0.19791	0.04105	-0.03043	-0.08350	-0.17484	0.11869	-0.04420	0.14947	0.19709	-0.02197	(And (Agent $e0 $x0) (Theme $e1 $x1) (To $e0 $e1))
p206006	0.01602	-0.00307	0.00267	0.00741	0.00430	0.01695	0.02127	-0.00874	0.01104	-0.02098	-0.01863	-0.02469	-0.00284	-0.02054	-0.00364	-0.00396	0.00694	-0.00865	0.00610	-0.01020	0.00233	0.02753	0.00393	-0.00137	-0.01347	-0.00123	-0.00585	-0.01389	-0.00641	-0.01348	0.01388	-0.00444	(And (Because $e0 $e1) (Past $e0) (Past $e1))
p206007	0.05686	0.13507	0.06183	-0.00939	-0.06587	-0.06646	-0.00279	0.00668	-0.04004	-0.02956	-0.03864	0.01983	-0.03951	-0.01863	0.08029	0.02871	-0.02140	0.02298	-0.00993	-0.00804	-0.00339	0.00623	0.09356	0.09423	0.01106	-0.01705	0.02110	-0.01546	-0.03347	-0.07745	-0.03870	-0.00903	(And (Before $e0 $e1) (Measure $e0 duration <num> year) (Past $e1))
p206008	0.02550	0.05411	0.02119	0.05038	-0.05320	-0.06698	0.00489	0.03136	-0.01891	0.01931	-0.00513	0.08989	-0.02970	0.10378	-0.02289	0.01821	-0.03625	0.05182	-0.00026	-0.00752	-0.05378	-0.02799	0.07764	0.09428	0.01183	-0.02098	0.06341	-0.03885	-0.05881	-0.05371	-0.04814	-0.00934	(And (Before $e0 $e1) (Past $e1) (Patient $e0 $x0))
p206009	0.01370	0.02834	-0.00889	-0.01030	0.00850	-0.02132	-0.02276	-0.04385	0.03181	0.07021	0.01511	-0.02736	-0.00308	-0.03187	-0.01078	-0.00719	0.02985	-0.00912	0.04649	0.00843	-0.01368	-0.02922	-0.00332	0.01163	-0.00106	-0.01825	0.00667	-0.01817	0.02989	-0.02271	0.05773	-0.00384	(And (Cardinality $x0 <num>) (Holder $e0 $x1) (Theme $e0 $x0))
p206010	0.10246	-0.03309	0.06814	0.02648	0.10097	-0.02857	-0.03373	0.00704	-0.07917	0.10090	-0.10607	-0.04429	-0.02240	0.12413	-0.03466	-0.00609	-0.04844	-0.03976	-0.06324	-0.00817	0.02613	0.04035	-0.03696	0.05142	-0.00355	0.06388	-0.05058	-0.06667	-0.03972	0.06908	0.10012	0.00141	(And (Cardinality $x0 <num>) (Location $e0 $x1) (Patient $e0 $x0))
p206011	0.00490	-0.01460	-0.01316	0.02125	0.02300	0.00335	0.00493	0.00978	-0.01118	0.00988	-0.01636	-0.00198	0.01978	-0.00189	-0.01351	-0.00100	0.02635	-0.01284	-0.00652	-0.01034	0.00526	-0.00486	-0.00321	-0.00931	-0.00035	0.00240	-0.00795	0.00082	0.00471	-0.00161	0.00886	0.01345	(And (During $e0 $e1) (Past $e0) (Past $e1))
p206013	0.04252	0.16175	-0.07321	-0.05619	0.09632	0.26440	0.03870	-0.03665	-0.10515	-0.04904	-0.07373	0.17239	0.00663	-0.05394	-0.05293	-0.06870	0.14494	-0.05064	-0.02347	-0.10229	-0.03964	-0.03244	0.03529	0.18801	0.03909	-0.00969	-0.11396	-0.05798	0.16757	0.22065	-0.09829	0.03012	(And (Experiencer $e0 $x0) (Member $e1 get) (Result $e1 $e0))
p206015	-0.00206	0.01512	-0.00045	-0.01329	0.06732	0.00227	0.03832	-0.00215	-0.00212	-0.02433	0.04428	-0.03879	0.00004	-0.02000	0.00078	-0.00905	-0.00752	-0.00696	0.00087	0.05180	0.03317	-0.02087	-0.01235	-0.01456	0.00675	-0.02632	-0.03823	-0.01827	0.00537	-0.02921	-0.00475	-0.00070	(And (Experiencer $e0 $x0) (Member $e1 leave) (Result $e1 $e0))
p206017	-0.00751	-0.02461	-0.00242	-0.02713	0.12435	-0.01828	0.07282	-0.01821	-0.01766	-0.02365	0.07075	-0.04537	-0.00065	-0.06402	0.01294	-0.01563	-0.00088	-0.03431	0.01924	0.07325	-0.00269	-0.01071	-0.00776	0.00982	0.01931	-0.02334	-0.05661	-0.02792	0.02473	-0.04335	-0.00720	-0.00417	(And (Experiencer $e0 $x0) (Member $e1 turn) (Result $e1 $e0))
p206018	0.03967	0.06817	0.03339	0.00080	-0.02419	-0.02679	0.02755	0.00405	-0.01920	-0.02790	-0.04040	-0.00813	-0.02134	-0.02333	0.05820	0.01222	-0.01288	0.00463	-0.00544	-0.00760	-0.00082	0.01159	0.03236	0.03768	-0.00226	0.00460	-0.00157	-0.01238	-0.02558	-0.04114	0.00474	-0.00560	(And (Experiencer $e0 $x0) (Member $x0 person) (Past $e0))
p206020	0.04252	0.16175	-0.07321	-0.05619	0.09632	0.26440	0.03870	-0.03665	-0.10515	-0.04904	-0.07373	0.17239	0.00664	-0.05394	-0.05293	-0.06870	0.14494	-0.05064	-0.02347	-0.10229	-0.03964	-0.03244	0.03529	0.18801	0.03909	-0.00969	-0.11396	-0.05798	0.16757	0.22065	-0.09829	0.03012	(And (Experiencer $e0 $x0) (Ongoing $e1) (Result $e1 $e0))
p206021	-0.00349	0.02132	0.03726	0.02232	-0.02979	-0.01825	0.06074	0.02629	0.00584	0.03539	-0.00526	0.05697	-0.00904	0.05187	-0.00953	0.02033	-0.03922	0.05016	-0.00736	-0.00122	-0.05043	-0.01118	0.01842	0.02532	0.00537	-0.02059	0.06576	-0.04444	-0.05033	-0.04764	-0.01589	0.00706	(And (Experiencer $e0 $x0) (Past $e1) (Theme $e1 $e0))
p206022	-0.03724	-0.01446	0.11450	-0.01841	-0.02213	-0.07992	-0.02900	-0.01326	-0.03749	-0.07230	0.10564	0.25846	-0.02726	-0.07665	-0.03833	-0.03390	0.06222	-0.01587	-0.02834	-0.02629	0.08332	0.09742	-0.03307	-0.01970	0.01383	-0.04741	0.01701	0.00645	0.00527	-0.07014	0.14980	-0.00133	(And (For $e0 $e1) (Member $e0 win) (Member $e1 portray))
p206023	-0.03724	-0.01446	0.11450	-0.01841	-0.02213	-0.07992	-0.02900	-0.01326	-0.03749	-0.07230	0.10564	0.25846	-0.02726	-0.07665	-0.03833	-0.03390	0.06222	-0.01587	-0.02834	-0.02629	0.08332	0.09742	-0.03307	-0.01970	0.01383	-0.04741	0.01701	0.00645	0.00527	-0.07014	0.14980	-0.00133	(And (For $e0 $e1) (Member $e1 portray) (Past $e0))
p206024	-0.03724	-0.01446	0.11450	-0.01841	-0.02213	-0.07992	-0.02900	-0.01326	-0.03749	-0.07230	0.10564	0.25846	-0.02726	-0.07665	-0.03833	-0.03390	0.06222	-0.01587	-0.02834	-0.02629	0.08332	0.09742	-0.03307	-0.01970	0.01383	-0.04741	0.01701	0.00645	0.00527	-0.07014	0.14980	-0.00133	(And (For $e0 $e1) (Member $e1 portray) (Theme $e0 $x0))
p206028	0.12696	-0.04293	-0.12583	-0.05928	-0.13129	0.25681	-0.03196	0.02186	-0.10910	-0.13488	0.14006	-0.14048	0.02238	0.18077	0.13073	0.11908	0.03102	0.01206	0.09476	0.13614	-0.01317	0.10678	-0.11006	0.09849	0.00009	-0.09906	-0.06997	0.03088	-0.03836	-0.09507	0.09774	0.11132	(And (GroupOf $x0 view) (Theme $e0 $x0) (Theme $e0 $x1))
p206032	-0.01876	-0.01573	0.01914	-0.01677	0.00210	-0.00445	-0.00951	-0.01050	-0.01103	0.00108	0.00143	-0.02580	-0.00202	-0.01648	-0.00695	0.03258	0.00550	-0.01262	0.00215	0.03831	0.00176	-0.00798	0.03170	-0.00607	0.00614	-0.00242	-0.00946	0.00869	0.01335	0.00286	0.00556	-0.01084	(And (Location $e0 $x0) (Member $e0 live) (Member $x0 house))
p206033	-0.01844	0.03618	0.00628	0.01966	-0.03687	0.02322	0.02518	0.04716	0.01306	-0.00179	-0.01352	0.05338	0.00507	-0.03299	-0.02893	0.06236	-0.02522	-0.01134	-0.01923	0.09643	0.01100	-0.05431	-0.03556	0.03022	-0.00510	0.02273	0.01498	-0.02173	-0.06204	0.00913	-0.00979	-0.00938	(And (Location $e0 $x0) (Member $e0 sleep) (Member $x0 couch))
p206034	-0.02203	-0.00731	0.00546	-0.01650	-0.00633	-0.00260	-0.00503	0.00500	-0.02592	-0.00198	0.03609	-0.01872	-0.00127	-0.03121	-0.01069	0.00455	0.00049	-0.00591	0.00541	0.04857	0.00338	0.02554	0.02454	0.00810	-0.00612	0.01177	-0.02221	-0.00434	0.03555	0.01703	-0.02407	-0.01232	(And (Location $e0 $x0) (Member $x0 bench) (Past $e0))
p206035	-0.00335	-0.02502	0.23238	-0.02860	-0.00748	-0.03777	0.08063	-0.02350	0.30210	-0.26389	-0.21092	-0.00838	0.08079	0.22479	-0.03369	-0.00375	0.17124	-0.05321	0.24554	-0.09582	0.01961	-0.14007	-0.08143	0.02173	0.10686	0.07658	-0.04850	0.02232	-0.06292	-0.09306	-0.05639	-0.08727	(And (Location $e0 $x0) (Past $e1) (Theme $e1 $e0))
p206037	0.01889	-0.04632	-0.04870	0.02370	0.02283	0.02780	-0.00820	-0.00167	0.06304	0.06102	-0.05318	0.14104	-0.02212	-0.05128	0.05012	-0.01312	-0.03016	0.00195	0.05864	0.05819	0.00829	0.04081	0.07361	-0.03625	-0.01296	0.06059	-0.02533	0.04781	-0.04352	-0.04020	-0.06037	-0.00615	(And (Location $e0 eskisehir) (Member $x0 hotel) (Patient $e0 $x0))
p206038	0.02915	-0.01865	0.01126	0.04731	0.07553	-0.04764	-0.00758	-0.01279	0.00371	-0.00721	0.09629	0.02457	-0.01006	0.16263	-0.02390	-0.03166	0.02461	0.00916	0.04189	0.02124	-0.00750	-0.05505	0.04027	-0.06959	-0.01656	-0.05201	0.13007	-0.04284	-0.00315	-0.04019	-0.05700	-0.00920	(And (Member $e0 bad) (Past $e1) (Result $e1 $e0))
p206039	0.00992	0.03016	0.01196	0.04798	-0.00127	0.01613	-0.00972	-0.00310	-0.01490	0.00658	-0.02814	0.01638	-0.00659	-0.01442	-0.00950	0.03766	-0.00576	-0.02523	-0.01839	0.00001	-0.01425	-0.03043	-0.04057	0.02053	0.01600	0.01417	-0.00349	0.02100	-0.04210	0.00127	0.02296	-0.00015	(And (Member $e0 bear) (Member $x0 person) (Patient $e0 $x0))
p206040	-0.15759	-0.02433	0.14539	-0.07647	0.02360	-0.07117	0.06688	-0.02587	0.20167	-0.13841	-0.10215	-0.04380	0.11745	0.23860	-0.02319	-0.02843	0.11753	-0.09615	0.16371	-0.08078	0.00862	-0.02221	-0.00081	0.09688	0.11888	0.13308	-0.12701	0.01985	-0.04156	-0.15653	-0.06173	-0.05295	(And (Member $e0 begin) (Patient $e1 $x0) (Theme $e0 $e1))
p206042	-0.06808	0.01916	0.14027	0.03114	0.00717	0.19664	0.06041	0.00180	0.05359	0.09408	-0.02563	0.00015	0.03344	0.02778	-0.03675	0.01981	-0.05022	0.01083	-0.02534	-0.03412	-0.05829	0.06809	-0.10557	-0.04658	-0.02613	-0.05392	0.09510	-0.05132	-0.02534	-0.03089	-0.02083	0.01613	(And (Member $e0 stop) (Past $e1) (Theme $e0 $e1))
p206043	0.02915	-0.01865	0.01126	0.04731	0.07553	-0.04764	-0.00758	-0.01279	0.00371	-0.00721	0.09629	0.02457	-0.01006	0.16263	-0.02390	-0.03166	0.02461	0.00916	0.04189	0.02124	-0.00750	-0.05505	0.04027	-0.06959	-0.01656	-0.05201	0.13007	-0.04284	-0.00315	-0.04019	-0.05700	-0.00920	(And (Member $x0 bad) (Past $e0) (Patient $e0 $x0))
p206044	0.00235	0.01044	0.00194	0.02817	-0.02960	-0.00104	-0.00274	0.00941	-0.00628	-0.01984	-0.01144	0.02322	-0.00904	-0.00054	0.00267	-0.01389	-0.00995	0.03325	0.01107	-0.00926	0.01176	-0.01830	-0.00254	0.02517	0.01104	-0.01904	0.00062	-0.01475	0.01877	-0.01289	-0.00588	0.01958	(And (Member $x0 fire) (Past $e0) (Patient $e0 $x0))
p206045	-0.00779	-0.02921	-0.01508	-0.00332	0.00302	0.00164	-0.00095	0.01881	-0.00560	0.01837	-0.01291	-0.00627	-0.00909	0.00655	-0.01035	0.02575	0.03001	-0.00863	-0.00456	-0.00355	0.00667	-0.01542	0.02180	-0.00952	-0.00129	0.00787	-0.00890	-0.00328	0.00529	0.00901	0.00285	-0.00687	(And (Member $x0 house) (Past $e0) (Theme $e0 $x0))
p206046	-0.00958	-0.01174	-0.00999	-0.01263	0.00169	-0.00181	-0.00154	0.01484	-0.00454	0.01609	-0.00315	-0.01203	-0.00503	-0.00142	-0.00599	0.00165	0.02047	-0.00161	-0.01049	0.01469	0.00021	-0.00543	0.01459	-0.00607	0.00296	0.00112	-0.00610	0.00156	-0.01191	0.01426	-0.00443	-0.00747	(And (Member $x0 picture) (Past $e0) (Theme $e0 $x0))
p206047	-0.01370	-0.01891	-0.03130	-0.00087	-0.00317	0.00296	0.00002	0.01839	0.00565	0.01737	0.00180	-0.00424	-0.00199	0.00109	-0.00975	0.00779	0.01939	-0.00742	-0.00897	-0.00596	-0.00395	0.01053	0.00665	-0.00232	0.00566	0.00884	0.00113	-0.00832	-0.01462	0.01667	-0.00569	-0.00583	(And (Member $x0 song) (Past $e0) (Theme $e0 $x0))
p206048	0.02521	0.01432	-0.00492	-0.00935	-0.00621	-0.02073	-0.01028	-0.01075	-0.01639	0.01793	-0.00307	0.01028	0.05871	-0.01553	-0.00349	-0.01149	0.00341	0.00558	-0.01697	-0.00319	-0.01284	0.00440	0.01374	-0.01109	0.01963	-0.00261	0.01766	0.01028	0.00132	-0.00897	0.00237	-0.00290	(And (Member $x0 thing) (Obligated $e0) (Patient $e0 $x0))
p206049	0.01937	-0.01897	0.04345	-0.04500	-0.01255	0.00751	0.00398	0.00186	0.00845	0.03978	-0.00622	-0.02224	-0.00613	-0.01580	0.03208	0.01400	-0.00723	-0.00705	-0.01040	-0.01419	-0.01368	0.01562	0.02656	-0.02377	0.04035	-0.00312	0.06748	-0.03927	-0.02516	-0.01518	0.00667	0.05407	(And (Ongoing $e0) (Patient $e1 $x0) (Theme $e0 $e1))
p206052	0.01343	0.00676	-0.05429	0.02086	-0.05148	-0.03116	0.04267	0.00547	-0.08184	0.07065	0.08843	0.00930	-0.02503	-0.02213	-0.00356	-0.02153	-0.03061	-0.01176	-0.03996	0.00040	0.05927	-0.01442	-0.01459	0.03154	-0.03157	0.00794	-0.05480	0.10073	0.04703	0.04967	-0.03932	-0.01113	(And (Past $e0) (Recipient $e1 $x0) (Theme $e0 $e1))
p206053	-0.03359	0.00360	0.03796	0.00649	-0.00214	0.05547	0.04132	0.03855	0.01137	0.02233	-0.01088	-0.00930	0.00110	0.01444	-0.00736	0.00331	-0.04466	-0.00032	-0.00492	-0.01214	-0.01165	0.03046	-0.03243	-0.00484	-0.00776	0.00002	0.01780	-0.01781	0.00091	-0.01175	-0.01235	0.00260	(And (Past $e0) (Theme $e0 $e1) (Theme $e1 $x0))
p206054	0.06354	-0.02141	-0.06287	-0.02960	-0.06559	0.12845	-0.01593	0.01098	-0.05450	-0.06738	0.07009	-0.07020	0.01124	0.09043	0.06542	0.05957	0.01557	0.00607	0.04743	0.06812	-0.00653	0.05344	-0.05498	0.04930	0.00010	-0.04948	-0.03493	0.01549	-0.01913	-0.04748	0.04892	0.05571	(And (Possession $x0 free_soil_party) (Theme $e0 $x0) (Theme $e0 $x1))
p206055	0.06354	-0.02141	-0.06287	-0.02960	-0.06559	0.12845	-0.01593	0.01098	-0.05450	-0.06738	0.07009	-0.07020	0.01124	0.09043	0.06542	0.05957	0.01557	0.00607	0.04743	0.06812	-0.00653	0.05344	-0.05498	0.04930	0.00010	-0.04948	-0.03493	0.01549	-0.01913	-0.04748	0.04892	0.05571	(And (Possession $x0 republican_party) (Theme $e0 $x0) (Theme $e0 $x1))
p206419	-0.00406	0.00086	-0.00435	-0.01251	0.01191	0.00372	0.00793	-0.00370	-0.00195	-0.00219	0.00952	-0.00382	-0.00215	-0.00341	0.00427	-0.00560	0.00281	-0.00274	-0.00361	0.00704	-0.00305	-0.00177	0.00229	0.00187	0.00690	-0.00282	-0.00520	-0.00459	-0.00248	-0.00136	0.00057	-0.00304	(And (Inheritance living_room room) (Member $x0 living_room))
p206538	-0.00077	0.00130	-0.00195	-0.00028	-0.00104	0.00192	-0.00205	-0.00198	0.00199	-0.00083	0.00054	0.00395	-0.00246	0.00646	0.00011	-0.00168	0.00035	0.00057	-0.00202	-0.00176	-0.00086	-0.00209	-0.00314	-0.00144	-0.00167	-0.00184	-0.00124	0.00186	-0.00418	0.00341	-0.00194	-0.00184	(And (Inheritance metropolitan_statistical_area area) (Inheritance metropolitan_statistical_area metropolitan))
p206589	-0.00283	-0.00440	-0.00405	0.00173	0.00757	0.00286	-0.00247	0.00274	-0.00601	-0.00814	-0.00620	-0.00190	-0.00430	-0.00420	-0.00219	-0.00260	-0.00523	-0.01067	0.00684	-0.00401	0.00048	0.00798	-0.00574	0.00648	-0.00204	0.00068	0.01285	0.00875	-0.00159	0.00198	-0.00020	-0.00471	(Inheritance border_section section)
p206590	-0.00582	-0.00816	0.00572	-0.00715	-0.00875	-0.01015	0.00021	-0.00352	-0.00924	-0.00081	-0.00067	0.00136	-0.00094	0.00068	0.02439	-0.01798	0.00160	0.02236	0.00709	0.01044	-0.00270	0.00338	-0.00925	-0.00262	0.00613	-0.01450	0.00397	-0.00606	0.02237	0.01438	-0.01049	-0.00521	(Inheritance dung_beetle beetle)
p206591	-0.00374	0.00105	-0.00401	-0.01227	0.01205	0.00387	0.00814	-0.00351	-0.00171	-0.00206	0.00965	-0.00353	-0.00202	-0.00319	0.00446	-0.00543	0.00301	-0.00242	-0.00340	0.00721	-0.00288	-0.00165	0.00240	0.00203	0.00707	-0.00269	-0.00489	-0.00440	-0.00229	-0.00127	0.00077	-0.00284	(Inheritance living_room room)
p206592	-0.00049	0.00159	-0.00167	0.00005	-0.00072	0.00224	-0.00174	-0.00167	0.00229	-0.00053	0.00083	0.00425	-0.00215	0.00676	0.00040	-0.00135	0.00064	0.00088	-0.00172	-0.00147	-0.00056	-0.00178	-0.00285	-0.00113	-0.00137	-0.00154	-0.00095	0.00217	-0.00390	0.00373	-0.00160	-0.00154	(Inheritance metropolitan_statistical_area metropolitan)
p206645	0.04378	0.00918	0.02241	-0.02149	-0.01233	-0.00877	-0.00950	0.00692	-0.00870	-0.02819	0.04540	0.00347	-0.01262	-0.03641	-0.00259	-0.01329	-0.01796	0.02571	0.00476	-0.00513	-0.03847	-0.02363	-0.00898	0.02271	0.00353	0.11699	0.00100	-0.02017	0.03067	-0.03660	-0.00824	-0.00019	(And (Agent $e0 $x0) (Goal $e0 $x1) (Member $e0 come) (Past $e0))
p206646	-0.00335	-0.02502	0.23239	-0.02860	-0.00748	-0.03777	0.08063	-0.02350	0.30211	-0.26389	-0.21092	-0.00837	0.08079	0.22479	-0.03369	-0.00375	0.17124	-0.05321	0.24554	-0.09582	0.01961	-0.14007	-0.08143	0.02173	0.10686	0.07658	-0.04850	0.02232	-0.06292	-0.09306	-0.05639	-0.08726	(And (Agent $e0 $x0) (Location $e0 $x1) (Ongoing $e0) (Patient $e0 $x2))
p206647	-0.00335	-0.02502	0.23239	-0.02860	-0.00748	-0.03777	0.08064	-0.02350	0.30211	-0.26389	-0.21092	-0.00837	0.08079	0.22479	-0.03368	-0.00374	0.17124	-0.05321	0.24554	-0.09582	0.01961	-0.14007	-0.08143	0.02173	0.10686	0.07658	-0.04850	0.02232	-0.06291	-0.09306	-0.05638	-0.08726	(And (Agent $e0 $x0) (Location $e0 $x1) (Patient $e0 $x2) (Theme $e1 $e0))
p206648	0.01889	-0.04632	-0.04870	0.02370	0.02283	0.02779	-0.00820	-0.00167	0.06304	0.06102	-0.05318	0.14103	-0.02212	-0.05128	0.05012	-0.01312	-0.03016	0.00195	0.05864	0.05819	0.00829	0.04081	0.07361	-0.03625	-0.01296	0.06059	-0.02533	0.04781	-0.04352	-0.04020	-0.06037	-0.00615	(And (Agent $e0 $x0) (Location $e0 eskisehir) (Member $e0 build) (Past $e0))
p206649	0.01889	-0.04632	-0.04870	0.02370	0.02283	0.02780	-0.00820	-0.00167	0.06304	0.06102	-0.05318	0.14104	-0.02212	-0.05128	0.05012	-0.01312	-0.03016	0.00195	0.05864	0.05820	0.00829	0.04081	0.07361	-0.03625	-0.01296	0.06059	-0.02533	0.04781	-0.04352	-0.04020	-0.06037	-0.00615	(And (Agent $e0 $x0) (Location $e0 eskisehir) (Member $e0 build) (Patient $e0 $x1))
p206650	0.01889	-0.04632	-0.04870	0.02370	0.02283	0.02780	-0.00820	-0.00167	0.06304	0.06102	-0.05318	0.14104	-0.02212	-0.05128	0.05012	-0.01312	-0.03016	0.00195	0.05864	0.05819	0.00829	0.04081	0.07361	-0.03625	-0.01296	0.06059	-0.02533	0.04781	-0.04352	-0.04020	-0.06037	-0.00615	(And (Agent $e0 $x0) (Location $e0 eskisehir) (Past $e0) (Patient $e0 $x1))
p206651	0.10712	-0.03929	0.07822	0.02415	0.09666	-0.03056	-0.03043	0.01253	-0.08640	0.10112	-0.10796	-0.05118	-0.02372	0.14507	-0.00445	-0.01772	-0.05239	-0.02418	-0.06076	-0.02668	0.04137	0.03362	-0.03604	0.03482	-0.00269	0.05763	-0.04811	-0.07896	-0.01942	0.06208	0.10032	0.00603	(And (Agent $e0 $x0) (Manner $e0 directly) (Past $e0) (Patient $e0 $x1))
p206652	-0.00729	-0.01298	-0.00722	-0.01555	0.03294	-0.00764	-0.00417	-0.00655	-0.01079	0.03219	-0.01597	-0.00327	-0.00305	-0.00673	-0.01466	0.01591	0.02533	0.01395	-0.01776	-0.00146	-0.02934	-0.01628	-0.00659	-0.00915	0.00548	-0.00085	-0.00183	0.03661	-0.02427	-0.00092	0.00946	-0.00371	(And (Agent $e0 $x0) (Member $e0 capture) (Past $e0) (Theme $e0 $x1))
p206653	-0.00082	0.11828	0.05549	-0.01996	0.05237	-0.05354	-0.01747	-0.02805	-0.03543	0.04133	-0.00865	0.00069	0.00095	0.00245	0.06867	0.05607	0.03161	0.00307	-0.05380	-0.00659	-0.00085	-0.01683	-0.02927	-0.04126	0.00092	-0.00235	0.00292	0.07053	-0.02976	-0.04596	-0.02048	0.00199	(And (Agent $e0 $x0) (Member $e0 spend) (Past $e0) (Theme $e0 $x1))
p206654	-0.00698	0.08995	-0.00392	0.00107	0.00793	0.05169	-0.00050	0.02326	0.03262	-0.04411	0.00826	-0.03519	0.00248	0.02222	-0.04877	0.03593	-0.02542	0.03174	-0.03100	0.01045	0.08966	-0.02454	-0.01911	-0.05123	0.00668	-0.02521	-0.04250	-0.00595	-0.02371	-0.00418	0.02207	0.00155	(And (Agent $e0 $x0) (Member $e0 write) (Past $e0) (Patient $e0 $x1))
p206655	-0.00229	-0.01881	0.02650	0.02523	0.04767	-0.02316	-0.00426	0.00682	0.00986	0.03021	-0.03034	0.02468	-0.00014	-0.00544	-0.01481	0.01654	0.00298	0.02369	-0.00174	-0.00079	-0.02763	-0.04537	-0.03523	0.00045	-0.01204	0.00629	-0.00856	0.00310	-0.03683	-0.03280	0.00554	0.08285	(And (Agent $e0 $x0) (Ongoing $e0) (Past $e0) (Theme $e0 $x1))
p206656	-0.00335	-0.02502	0.23239	-0.02860	-0.00748	-0.03777	0.08063	-0.02350	0.30211	-0.26389	-0.21092	-0.00837	0.08079	0.22479	-0.03369	-0.00375	0.17124	-0.05321	0.24554	-0.09582	0.01961	-0.14007	-0.08143	0.02173	0.10686	0.07658	-0.04850	0.02232	-0.06292	-0.09306	-0.05639	-0.08726	(And (Agent $e0 $x0) (Ongoing $e0) (Patient $e0 $x1) (Theme $e1 $e0))
p206657	0.06354	-0.02141	-0.06287	-0.02960	-0.06559	0.12845	-0.01593	0.01098	-0.05450	-0.06738	0.07009	-0.07020	0.01124	0.09043	0.06541	0.05957	0.01557	0.00607	0.04743	0.06812	-0.00653	0.05344	-0.05498	0.04930	0.00010	-0.04948	-0.03493	0.01549	-0.01913	-0.04748	0.04892	0.05571	(And (Agent $e0 $x0) (Past $e0) (Theme $e0 $x1) (Theme $e0 $x2))
p206658	-0.14606	0.17651	-0.19107	0.03927	-0.16634	-0.03544	-0.00203	-0.02135	0.06849	-0.03750	-0.03811	-0.07299	-0.01673	0.29667	-0.06113	-0.11239	0.05609	0.14619	-0.12860	-0.04271	-0.04831	0.10204	0.13873	-0.23563	-0.03674	0.08226	0.19873	0.22021	0.19421	0.15410	0.12184	0.01033	(And (Experiencer $e0 $x0) (Location $e0 $x1) (Ongoing $e0) (Past $e0))
p206659	-0.00335	-0.02502	0.23239	-0.02860	-0.00748	-0.03777	0.08063	-0.02350	0.30211	-0.26389	-0.21092	-0.00837	0.08079	0.22479	-0.03368	-0.00374	0.17124	-0.05321	0.24554	-0.09582	0.01961	-0.14007	-0.08143	0.02173	0.10686	0.07658	-0.04850	0.02232	-0.06291	-0.09306	-0.05638	-0.08726	(And (Location $e0 $x0) (Ongoing $e0) (Patient $e0 $x1) (Theme $e1 $e0))
p206660	0.01889	-0.04632	-0.04870	0.02370	0.02283	0.02779	-0.00820	-0.00167	0.06304	0.06102	-0.05318	0.14103	-0.02212	-0.05128	0.05012	-0.01312	-0.03016	0.00195	0.05864	0.05819	0.00829	0.04081	0.07361	-0.03625	-0.01296	0.06059	-0.02533	0.04781	-0.04352	-0.04020	-0.06037	-0.00615	(And (Location $e0 eskisehir) (Member $e0 build) (Past $e0) (Patient $e0 $x0))
p206661	0.04252	0.16175	-0.07321	-0.05619	0.09632	0.26440	0.03870	-0.03665	-0.10515	-0.04904	-0.07373	0.17239	0.00664	-0.05394	-0.05293	-0.06870	0.14494	-0.05064	-0.02347	-0.10229	-0.03964	-0.03244	0.03529	0.18801	0.03909	-0.00969	-0.11396	-0.05798	0.16757	0.22065	-0.09829	0.03012	(And (Member $e0 get) (Ongoing $e0) (Patient $e0 $x0) (Result $e0 $e1))
p206792	0.00312	0.00688	0.00494	-0.00336	0.01740	-0.01225	-0.00179	0.01776	0.00921	-0.02159	-0.01207	-0.00687	-0.00751	-0.01579	-0.01048	-0.00982	-0.02437	-0.01610	0.01282	0.00501	-0.01413	0.03844	-0.01691	0.01828	0.00237	-0.00131	0.02679	0.01830	0.00487	-0.00944	-0.00746	-0.00936	(And (Agent $e0 $x0) (Future $e0) (Theme $e0 $x1))
p206793	0.04378	0.00917	0.02240	-0.02149	-0.01233	-0.00877	-0.00950	0.00692	-0.00871	-0.02819	0.04540	0.00347	-0.01262	-0.03641	-0.00260	-0.01329	-0.01796	0.02571	0.00476	-0.00513	-0.03847	-0.02363	-0.00898	0.02271	0.00352	0.11699	0.00100	-0.02018	0.03067	-0.03660	-0.00824	-0.00019	(And (Agent $e0 $x0) (Goal $e0 $x1) (Member $e0 come))
p206794	0.02354	0.00969	0.01169	-0.02646	0.02441	0.00038	-0.01548	0.01225	-0.02770	-0.00753	0.04046	-0.00996	-0.01101	-0.03094	-0.01380	-0.00052	-0.00259	-0.00153	-0.01681	-0.00427	-0.03527	-0.02373	-0.00872	-0.00972	0.01514	0.09016	0.01153	0.02716	-0.00749	-0.01717	0.01451	-0.00334	(And (Agent $e0 $x0) (Goal $e0 $x1) (Theme $e0 $x2))
p206795	-0.01739	-0.01278	-0.00854	-0.00948	0.00331	-0.01560	0.00225	-0.01138	0.00418	0.00496	0.00916	0.00598	0.00965	-0.00584	-0.02060	-0.00568	0.00476	0.06314	0.01016	-0.00806	-0.02462	0.00640	0.00512	0.00472	-0.00475	-0.01412	0.00071	0.00278	-0.00296	-0.00748	-0.01227	-0.00297	(And (Agent $e0 $x0) (Goal $e0 home) (Past $e0))
p206796	0.01889	-0.04632	-0.04870	0.02370	0.02283	0.02779	-0.00820	-0.00167	0.06304	0.06102	-0.05318	0.14103	-0.02212	-0.05128	0.05012	-0.01312	-0.03016	0.00195	0.05864	0.05819	0.00829	0.04081	0.07361	-0.03625	-0.01296	0.06059	-0.02533	0.04781	-0.04352	-0.04020	-0.06037	-0.00615	(And (Agent $e0 $x0) (Location $e0 eskisehir) (Member $e0 build))
p206797	0.01889	-0.04632	-0.04870	0.02370	0.02283	0.02780	-0.00820	-0.00167	0.06304	0.06102	-0.05318	0.14104	-0.02212	-0.05128	0.05012	-0.01312	-0.03016	0.00195	0.05864	0.05820	0.00829	0.04081	0.07361	-0.03625	-0.01296	0.06059	-0.02533	0.04781	-0.04352	-0.04020	-0.06036	-0.00615	(And (Agent $e0 $x0) (Location $e0 eskisehir) (Past $e0))
p206798	0.01889	-0.04632	-0.04870	0.02370	0.02283	0.02780	-0.00820	-0.00167	0.06304	0.06102	-0.05318	0.14104	-0.02212	-0.05128	0.05012	-0.01312	-0.03016	0.00195	0.05864	0.05819	0.00829	0.04081	0.07361	-0.03625	-0.01296	0.06059	-0.02533	0.04781	-0.04352	-0.04020	-0.06037	-0.00615	(And (Agent $e0 $x0) (Location $e0 eskisehir) (Patient $e0 $x1))
p206799	0.10712	-0.03929	0.07822	0.02415	0.09666	-0.03056	-0.03043	0.01253	-0.08640	0.10112	-0.10796	-0.05118	-0.02372	0.14508	-0.00445	-0.01772	-0.05239	-0.02418	-0.06076	-0.02668	0.04137	0.03362	-0.03604	0.03482	-0.00269	0.05763	-0.04811	-0.07896	-0.01942	0.06208	0.10032	0.00603	(And (Agent $e0 $x0) (Manner $e0 directly) (Past $e0))
p206800	0.10712	-0.03929	0.07822	0.02415	0.09666	-0.03056	-0.03043	0.01253	-0.08640	0.10112	-0.10796	-0.05118	-0.02372	0.14508	-0.00445	-0.01772	-0.05239	-0.02418	-0.06076	-0.02667	0.04137	0.03362	-0.03604	0.03482	-0.00269	0.05763	-0.04811	-0.07896	-0.01942	0.06208	0.10032	0.00603	(And (Agent $e0 $x0) (Manner $e0 directly) (Patient $e0 $x1))
p206801	-0.00730	-0.01299	-0.00724	-0.01557	0.03293	-0.00766	-0.00418	-0.00657	-0.01080	0.03218	-0.01598	-0.00329	-0.00307	-0.00674	-0.01468	0.01589	0.02532	0.01393	-0.01777	-0.00147	-0.02935	-0.01629	-0.00660	-0.00916	0.00547	-0.00086	-0.00184	0.03660	-0.02428	-0.00093	0.00944	-0.00372	(And (Agent $e0 $x0) (Member $e0 capture) (Past $e0))
p206802	-0.00731	-0.01299	-0.00725	-0.01559	0.03292	-0.00767	-0.00419	-0.00657	-0.01081	0.03218	-0.01598	-0.00330	-0.00307	-0.00675	-0.01468	0.01588	0.02532	0.01392	-0.01778	-0.00147	-0.02935	-0.01629	-0.00660	-0.00916	0.00547	-0.00087	-0.00185	0.03660	-0.02428	-0.00094	0.00943	-0.00373	(And (Agent $e0 $x0) (Member $e0 capture) (Theme $e0 $x1))
p206803	-0.01305	-0.01601	-0.00623	-0.01249	0.00741	-0.00585	0.00228	0.00422	-0.01217	-0.00285	-0.00117	-0.01511	-0.00270	0.00208	-0.00278	-0.01794	-0.00355	0.03002	0.00519	0.01245	0.00834	0.01295	-0.01141	-0.00300	0.00970	-0.01652	-0.01903	-0.00097	0.02406	0.01120	-0.00003	-0.00630	(And (Agent $e0 $x0) (Member $e0 cause) (Past $e0))
p206804	-0.12120	-0.02260	0.17170	-0.02757	0.02430	-0.02751	0.06299	-0.02289	0.23321	-0.19759	-0.16151	-0.03078	0.10817	0.26683	-0.02357	-0.03972	0.12881	-0.07078	0.18780	-0.08312	0.02361	-0.08192	-0.05683	0.07839	0.09249	0.11722	-0.11191	0.01083	-0.02180	-0.14848	-0.04541	-0.06781	(And (Agent $e0 $x0) (Member $e0 create) (Patient $e0 $x1))
p206805	-0.00987	-0.00859	0.01350	-0.02180	0.01490	-0.01712	-0.00227	-0.01312	-0.01305	0.01383	-0.00869	-0.00386	-0.00027	-0.02399	0.00089	-0.00797	0.01487	0.01541	0.00116	0.03447	-0.02538	0.01186	-0.00571	0.02142	0.00491	-0.00890	-0.00441	0.00460	-0.01205	0.00739	-0.01223	-0.00727	(And (Agent $e0 $x0) (Member $e0 draw) (Past $e0))
p206806	-0.00754	-0.01804	-0.00770	0.00466	0.01778	-0.00993	-0.00267	0.00769	-0.00737	0.02043	-0.01479	0.00987	-0.00693	-0.00134	-0.00959	0.00472	0.03090	0.01087	-0.00746	-0.00497	-0.00911	-0.01971	-0.00825	-0.00459	-0.00405	0.00126	-0.00650	0.01912	-0.01500	-0.00212	0.00202	0.01629	(And (Agent $e0 $x0) (Member $e0 follow) (Past $e0))
p206807	0.00343	-0.01177	-0.00801	0.00601	0.02799	-0.01070	0.00664	-0.00079	-0.01898	0.00626	-0.03045	0.00796	0.01504	-0.01393	-0.01404	0.00847	0.01353	0.00212	-0.00318	-0.01104	-0.02591	-0.00033	-0.01845	-0.00224	0.00384	0.00387	0.00790	0.03202	-0.01266	-0.00783	0.01524	-0.00580	(And (Agent $e0 $x0) (Member $e0 lead) (Theme $e0 $x1))
p206808	0.00468	-0.03775	0.01946	-0.02030	0.03049	0.01364	-0.02021	-0.01179	-0.00288	-0.01071	-0.00255	-0.06280	0.00168	-0.01227	0.01826	-0.02181	0.01125	-0.02875	0.01121	-0.00646	0.05110	-0.00527	0.03684	-0.02889	0.00720	-0.01094	0.02279	-0.03339	0.02929	-0.01990	0.03018	0.05445	(And (Agent $e0 $x0) (Member $e0 make) (Ongoing $e0))
p206809	0.00593	-0.02301	0.00664	0.02384	0.00116	-0.00482	-0.00907	-0.00301	0.00955	0.00010	-0.01469	0.01472	-0.00449	-0.03025	-0.00396	0.00771	0.00340	-0.02148	0.00431	0.02795	0.02045	-0.03431	-0.01756	0.02246	-0.01144	0.00455	0.01840	-0.01535	-0.02643	-0.01080	0.01858	0.04886	(And (Agent $e0 $x0) (Member $e0 play) (Ongoing $e0))
p206810	-0.00082	0.11828	0.05549	-0.01996	0.05237	-0.05354	-0.01747	-0.02805	-0.03543	0.04133	-0.00865	0.00069	0.00095	0.00245	0.06867	0.05607	0.03161	0.00307	-0.05380	-0.00659	-0.00085	-0.01683	-0.02927	-0.04126	0.00092	-0.00235	0.00292	0.07053	-0.02976	-0.04596	-0.02048	0.00199	(And (Agent $e0 $x0) (Member $e0 spend) (Past $e0))
p206811	-0.00082	0.11828	0.05549	-0.01996	0.05237	-0.05354	-0.01747	-0.02805	-0.03543	0.04133	-0.00865	0.00069	0.00095	0.00245	0.06867	0.05607	0.03161	0.00307	-0.05380	-0.00659	-0.00085	-0.01683	-0.02927	-0.04126	0.00092	-0.00235	0.00292	0.07053	-0.02976	-0.04596	-0.02048	0.00199	(And (Agent $e0 $x0) (Member $e0 spend) (Theme $e0 $x1))
p206812	-0.02835	-0.00807	0.07715	-0.00519	-0.02794	0.10138	0.00216	0.00587	-0.00896	0.05639	0.02251	0.00384	0.00540	0.00840	-0.00155	-0.00824	-0.02221	0.03409	-0.02463	-0.00524	-0.01840	-0.05930	-0.03758	-0.02435	-0.00447	0.04421	0.07906	-0.02825	0.04409	-0.03435	-0.00031	0.02352	(And (Agent $e0 $x0) (Member $e0 try) (Past $e0))
p206813	-0.02725	-0.01519	0.09537	-0.02089	-0.03830	0.13288	-0.00397	0.00486	-0.02154	0.07403	0.01242	-0.01564	-0.00049	0.01363	0.02763	-0.01276	-0.01546	0.01216	-0.03244	-0.00643	-0.00734	-0.06440	-0.01858	-0.03576	0.00805	0.04004	0.12477	-0.03446	0.05128	-0.03506	0.00909	0.01460	(And (Agent $e0 $x0) (Member $e0 try) (Theme $e0 $e1))
p206814	-0.01638	-0.01402	-0.00223	0.00517	0.01915	-0.00259	0.00162	0.02080	-0.01646	-0.01924	-0.01408	-0.00020	-0.00981	-0.00705	-0.01418	0.01901	-0.02614	-0.01951	0.02329	-0.01431	-0.00488	0.02838	-0.00515	0.01039	-0.00446	0.00831	0.01382	0.01699	0.02579	0.00035	-0.00747	-0.00857	(And (Agent $e0 $x0) (Member $e0 use) (Theme $e0 $x1))
p206815	-0.01672	0.00176	0.01070	0.00615	0.00722	0.00172	-0.00435	0.01695	-0.00467	-0.01009	0.00042	0.00531	-0.01213	-0.01549	-0.02116	0.00183	-0.02294	0.02016	0.00324	-0.00331	-0.02073	-0.01438	0.02781	0.03730	-0.00243	-0.00826	-0.00713	0.02314	-0.01987	-0.01107	0.00305	0.01241	(And (Agent $e0 $x0) (Member $e0 watch) (Theme $e0 $x1))
p206816	-0.00562	-0.01015	-0.00515	-0.01226	0.01932	-0.00891	-0.00133	-0.00622	-0.00545	0.01441	-0.00854	-0.00226	-0.00173	-0.00837	-0.00949	0.00512	0.01591	0.01863	-0.00470	-0.00234	-0.02091	-0.00457	-0.00475	0.00058	0.00237	-0.00411	-0.00253	0.01972	-0.01304	-0.00467	-0.00007	-0.00326	(And (Agent $e0 $x0) (Member $e0 welcome) (Past $e0))
p206817	-0.00698	0.08995	-0.00392	0.00107	0.00793	0.05169	-0.00050	0.02326	0.03263	-0.04411	0.00826	-0.03519	0.00248	0.02222	-0.04877	0.03593	-0.02542	0.03174	-0.03099	0.01045	0.08966	-0.02454	-0.01911	-0.05123	0.00668	-0.02521	-0.04249	-0.00595	-0.02371	-0.00418	0.02208	0.00155	(And (Agent $e0 $x0) (Member $e0 write) (Past $e0))
p206818	-0.00698	0.08995	-0.00392	0.00107	0.00793	0.05169	-0.00050	0.02326	0.03263	-0.04411	0.00826	-0.03519	0.00248	0.02222	-0.04877	0.03593	-0.02542	0.03174	-0.03099	0.01045	0.08966	-0.02454	-0.01911	-0.05123	0.00668	-0.02521	-0.04249	-0.00595	-0.02370	-0.00418	0.02208	0.00155	(And (Agent $e0 $x0) (Member $e0 write) (Patient $e0 $x1))
p206819	0.00738	-0.00182	0.00103	-0.01085	-0.00840	-0.01330	-0.00023	-0.00116	0.00894	-0.01333	0.02008	0.00463	-0.00370	-0.01871	-0.00322	-0.01153	-0.00571	0.02842	0.00865	-0.00145	-0.01999	-0.00106	-0.00424	0.02630	0.00022	0.03731	-0.00465	-0.01548	0.01553	-0.02204	-0.01188	-0.00008	(And (Agent $e0 $x0) (Over $e0 $x1) (Past $e0))
p206820	-0.00390	0.02090	-0.00616	-0.03383	0.05621	0.02552	0.03226	0.00061	-0.00627	-0.02991	0.03980	-0.07443	0.00091	-0.01517	0.00877	-0.01527	-0.00151	-0.01836	-0.00938	0.04476	0.07548	-0.01256	0.01118	-0.03674	0.01159	-0.03031	-0.01745	-0.02589	0.01462	-0.02521	0.01543	-0.00501	(And (Agent $e0 $x0) (Patient $e0 $x1) (Result $e0 $e1))
p206821	0.06354	-0.02141	-0.06287	-0.02960	-0.06559	0.12845	-0.01593	0.01098	-0.05450	-0.06738	0.07009	-0.07020	0.01124	0.09043	0.06542	0.05957	0.01557	0.00607	0.04743	0.06812	-0.00653	0.05344	-0.05498	0.04930	0.00010	-0.04948	-0.03493	0.01549	-0.01913	-0.04748	0.04892	0.05571	(And (Agent $e0 $x0) (Theme $e0 $x1) (Theme $e0 $x2))
p206822	-0.18500	-0.02354	0.18431	0.11573	0.05319	0.08316	-0.05117	0.05569	0.15468	-0.10466	0.14889	-0.07711	0.08225	-0.05485	0.03983	-0.02400	-0.16202	0.07545	-0.07196	-0.05201	-0.07715	-0.20081	0.19791	0.04105	-0.03043	-0.08350	-0.17484	0.11869	-0.04420	0.14947	0.19709	-0.02197	(And (Agent $e0 $x0) (Theme $e0 $x1) (To $e1 $e0))
p206823	0.02550	0.05411	0.02119	0.05038	-0.05320	-0.06698	0.00489	0.03136	-0.01891	0.01931	-0.00513	0.08989	-0.02970	0.10378	-0.02289	0.01821	-0.03625	0.05182	-0.00026	-0.00752	-0.05378	-0.02799	0.07764	0.09428	0.01183	-0.02098	0.06341	-0.03885	-0.05881	-0.05370	-0.04814	-0.00934	(And (Before $e0 $e1) (Past $e0) (Patient $e0 $x0))
p206824	0.02263	0.03893	0.01517	0.03977	-0.05092	-0.04440	-0.01242	0.01061	-0.01195	-0.01202	-0.01702	0.05246	-0.02135	0.00576	-0.00055	0.01052	-0.01556	0.02514	0.00828	-0.00407	-0.02636	-0.02170	0.03872	0.06717	0.01648	-0.01609	0.03901	-0.00863	-0.03701	-0.04104	-0.02105	0.01639	(And (Before $e0 $e1) (Past $e1) (Patient $e1 $x0))
p206825	0.01122	-0.00262	0.00221	0.00664	-0.00158	-0.00482	0.03271	-0.00226	-0.00515	-0.01894	-0.02871	-0.02264	-0.00529	-0.02139	0.03185	-0.00320	-0.00232	-0.00447	0.00248	-0.00851	0.00075	0.01612	0.00008	-0.00365	-0.00701	0.01082	-0.00409	-0.00799	-0.00272	-0.01287	0.03155	-0.00484	(And (Experiencer $e0 $x0) (In $e0 $x1) (Past $e0))
p206826	-0.02844	-0.01786	-0.00149	-0.00181	-0.00730	0.04571	0.04343	0.01516	-0.00188	0.03151	-0.02404	0.00402	0.00035	-0.01867	-0.00053	0.01934	-0.01799	-0.01026	-0.02143	0.00347	-0.01561	0.00031	-0.02708	0.01114	0.00499	0.01554	0.02707	-0.01393	-0.02637	-0.00514	0.03172	-0.00458	(And (Experiencer $e0 $x0) (Member $e0 need) (Theme $e0 $e1))
p206827	0.03986	0.01112	0.01572	0.00233	-0.00796	0.00104	-0.01308	0.00396	-0.02179	-0.02526	0.03908	-0.00398	-0.01123	-0.03637	-0.00324	-0.00263	-0.01375	-0.00291	-0.00128	0.00030	-0.01840	-0.02907	-0.01496	0.00107	0.00596	0.08672	-0.00089	0.00450	0.01467	-0.01813	0.00480	-0.00153	(And (Goal $e0 $x0) (Manner $e0 quickly) (Past $e0))
p206828	0.04378	0.00917	0.02240	-0.02149	-0.01233	-0.00877	-0.00950	0.00692	-0.00871	-0.02819	0.04540	0.00347	-0.01262	-0.03641	-0.00259	-0.01329	-0.01796	0.02571	0.00476	-0.00513	-0.03847	-0.02363	-0.00898	0.02271	0.00353	0.11699	0.00100	-0.02017	0.03067	-0.03660	-0.00824	-0.00019	(And (Goal $e0 $x0) (Member $e0 come) (Past $e0))
p206829	-0.01158	0.11915	-0.00639	-0.07476	0.02869	0.05701	-0.03428	-0.01801	0.00192	0.01509	0.01230	-0.06695	0.00267	-0.03388	-0.02081	0.01145	0.00437	-0.02222	-0.07214	0.03701	-0.00905	-0.00453	0.04056	-0.03443	0.06627	0.02487	0.02358	0.06782	-0.08310	-0.03122	0.02955	-0.01801	(And (Instrument $e0 $x0) (Member $e0 build) (Patient $e0 $x1))
p206830	-0.01269	0.01352	0.02473	0.02402	-0.00721	-0.01389	-0.01749	-0.00865	-0.00255	-0.00941	-0.00522	0.00231	-0.00078	-0.00626	-0.00189	-0.01247	0.00562	-0.00213	0.00153	0.03398	-0.00219	-0.01609	-0.01296	-0.01219	-0.00747	0.00451	0.01117	0.02110	0.00359	0.00792	-0.00712	0.04209	(And (Location $e0 $x0) (Member $e0 walk) (Ongoing $e0))
p206831	-0.02104	0.01852	0.02585	-0.00044	-0.00228	-0.01765	-0.02001	-0.01268	-0.00717	-0.00709	0.00804	-0.02180	0.00109	-0.00636	0.00271	-0.02092	0.00777	-0.00112	-0.00391	0.02706	-0.00567	0.01305	0.00938	-0.02322	0.00516	-0.00039	0.00048	0.02331	0.01964	0.00957	-0.01193	0.03841	(And (Location $e0 $x0) (Member $e0 walk) (Past $e0))
p206832	-0.00335	-0.02502	0.23238	-0.02860	-0.00748	-0.03777	0.08063	-0.02350	0.30210	-0.26389	-0.21092	-0.00838	0.08079	0.22479	-0.03369	-0.00375	0.17124	-0.05321	0.24554	-0.09582	0.01961	-0.14007	-0.08143	0.02173	0.10686	0.07658	-0.04850	0.02232	-0.06292	-0.09306	-0.05639	-0.08727	(And (Location $e0 $x0) (Patient $e0 $x1) (Theme $e1 $e0))
p206833	0.01889	-0.04632	-0.04870	0.02370	0.02283	0.02780	-0.00820	-0.00167	0.06304	0.06102	-0.05318	0.14104	-0.02212	-0.05128	0.05012	-0.01312	-0.03016	0.00195	0.05864	0.05820	0.00829	0.04081	0.07361	-0.03625	-0.01296	0.06059	-0.02533	0.04781	-0.04352	-0.04020	-0.06036	-0.00615	(And (Location $e0 eskisehir) (Member $e0 build) (Past $e0))
p206834	0.01889	-0.04632	-0.04870	0.02370	0.02283	0.02780	-0.00820	-0.00167	0.06304	0.06102	-0.05318	0.14104	-0.02212	-0.05128	0.05012	-0.01312	-0.03016	0.00195	0.05864	0.05820	0.00829	0.04081	0.07361	-0.03625	-0.01296	0.06059	-0.02533	0.04781	-0.04352	-0.04020	-0.06036	-0.00615	(And (Location $e0 eskisehir) (Member $e0 build) (Patient $e0 $x0))
p206835	0.01889	-0.04632	-0.04870	0.02370	0.02283	0.02780	-0.00820	-0.00167	0.06304	0.06102	-0.05318	0.14104	-0.02212	-0.05128	0.05012	-0.01312	-0.03016	0.00195	0.05864	0.05820	0.00829	0.04081	0.07361	-0.03625	-0.01296	0.06059	-0.02533	0.04781	-0.04352	-0.04020	-0.06036	-0.00615	(And (Location $e0 eskisehir) (Past $e0) (Patient $e0 $x0))
p206836	0.10712	-0.03929	0.07822	0.02415	0.09666	-0.03056	-0.03043	0.01253	-0.08640	0.10112	-0.10796	-0.05118	-0.02372	0.14508	-0.00445	-0.01772	-0.05239	-0.02418	-0.06076	-0.02668	0.04137	0.03362	-0.03604	0.03482	-0.00269	0.05763	-0.04811	-0.07896	-0.01942	0.06208	0.10032	0.00603	(And (Manner $e0 directly) (Past $e0) (Patient $e0 $x0))
p206837	0.02411	0.00201	-0.01243	-0.00312	-0.00331	-0.01190	-0.01217	0.01502	-0.02240	0.01903	0.01479	-0.00099	0.03900	-0.01644	-0.01289	-0.00529	0.01070	-0.00139	-0.02335	-0.00580	-0.01498	-0.01246	0.01113	-0.01591	0.01879	0.03899	0.01118	0.00872	-0.00287	-0.00484	0.00759	-0.00399	(And (Member $e0 add) (Past $e0) (Theme $e0 $x0))
p206838	-0.00207	-0.04477	-0.03862	0.00065	-0.02191	0.01846	0.00213	0.04844	0.00741	0.01915	-0.01043	-0.01331	-0.01454	0.01717	-0.01267	0.02509	0.04620	-0.02319	-0.00621	-0.00248	0.03599	-0.02053	0.04893	-0.00929	-0.00328	0.01605	-0.00931	-0.04550	0.00230	0.02646	0.00093	-0.00981	(And (Member $e0 buy) (Past $e0) (Theme $e0 $x0))
p206839	-0.01886	-0.00275	0.00404	0.00369	-0.00607	-0.00881	-0.00320	0.00263	-0.01134	-0.01325	0.00420	-0.01313	-0.00080	0.00502	0.00136	-0.02690	-0.00856	0.02693	0.00808	0.01986	0.01287	0.01574	-0.01345	-0.00897	0.00997	-0.01492	-0.01601	0.00144	0.03682	0.01957	-0.00499	0.00913	(And (Member $e0 cause) (Past $e0) (Patient $e0 $x0))
p206840	-0.00848	-0.01053	-0.00694	0.00831	-0.01157	0.01504	-0.00143	0.00962	0.00240	-0.00296	0.00253	-0.00857	-0.00175	0.00390	-0.00115	-0.00647	0.00706	0.00654	0.00080	-0.00644	0.01053	0.00058	-0.00285	-0.00646	0.01412	-0.00464	0.00044	-0.00964	0.01566	0.00352	0.00327	-0.00313	(And (Member $e0 change) (Past $e0) (Patient $e0 $x0))
p206841	-0.01139	0.01015	-0.01216	0.03752	-0.01870	0.00769	-0.00591	-0.00071	-0.00449	-0.01005	0.00105	0.01294	-0.00465	-0.01050	-0.00955	0.01394	-0.00121	-0.00694	-0.00417	-0.00018	-0.00791	-0.01258	-0.02632	0.00734	0.01785	-0.00527	0.00039	0.02229	-0.00492	0.00347	0.00569	-0.00563	(And (Member $e0 compose) (Past $e0) (Patient $e0 $x0))
p206842	-0.01853	-0.00523	-0.01774	0.01783	-0.01654	0.00991	0.00640	0.02931	0.00129	-0.01569	0.00175	0.00159	-0.00223	0.01261	-0.00288	-0.01127	-0.01278	0.01200	0.00702	-0.00931	0.00895	0.00823	-0.01463	0.00177	0.00780	0.00084	-0.00904	-0.01410	0.01821	0.00553	-0.00811	-0.00347	(And (Member $e0 create) (Past $e0) (Patient $e0 $x0))
p206843	0.01444	0.03402	-0.02023	0.06829	-0.02701	-0.00156	-0.01706	-0.01643	-0.02129	0.00598	-0.01743	0.05507	0.05763	-0.02566	-0.01443	0.00112	0.01260	-0.00675	-0.01572	-0.00365	-0.03040	-0.02409	-0.04108	0.00026	0.02914	-0.00296	0.02429	0.05657	-0.01582	0.00100	0.00281	-0.00881	(And (Member $e0 design) (Past $e0) (Patient $e0 $x0))
p206844	0.01228	0.02421	0.01654	0.04345	0.00220	0.00763	-0.01198	-0.00527	-0.01548	0.00951	-0.02913	0.01045	-0.00778	-0.01457	-0.00860	0.02703	-0.00612	-0.02718	-0.01886	0.00881	-0.01610	-0.01780	-0.04133	0.02540	0.01549	0.01057	-0.00570	0.02141	-0.02681	0.00876	0.02179	-0.00339	(And (Member $e0 die) (Past $e0) (Patient $e0 $x0))
p206845	-0.00806	0.02656	-0.00623	0.00369	-0.00657	0.01071	0.00069	0.00772	0.00243	-0.01659	0.00841	-0.01601	-0.00117	0.00586	-0.00077	-0.00390	-0.01225	0.02196	-0.00876	0.00216	0.03436	-0.00557	-0.01576	-0.01693	0.01113	-0.01839	-0.01854	0.00182	0.01433	-0.00303	0.00419	-0.00144	(And (Member $e0 eat) (Past $e0) (Patient $e0 $x0))
p206846	0.00430	0.00794	0.00055	0.02095	-0.00310	-0.01314	-0.00517	-0.00730	0.00799	0.00415	0.00105	-0.00431	-0.00555	-0.00847	0.01329	-0.01070	-0.00111	-0.00683	-0.00940	0.00314	-0.00127	-0.00501	-0.01926	0.01233	0.00178	-0.00856	-0.01010	0.01778	0.01783	-0.01533	-0.00085	0.01365	(And (Member $e0 fall) (Past $e0) (Source $e0 $x0))
p206847	-0.00855	-0.00851	-0.00458	-0.00851	-0.01210	0.00148	0.00120	0.02652	0.00075	0.00397	0.00772	-0.01315	0.00083	-0.00285	-0.00154	-0.00650	0.01509	-0.00742	-0.00389	0.02432	0.01689	-0.00357	0.02069	-0.00541	0.00024	0.00153	-0.01060	-0.01755	0.00166	0.01320	-0.01393	-0.00645	(And (Member $e0 find) (Past $e0) (Theme $e0 $x0))
p206848	0.04252	0.16175	-0.07321	-0.05619	0.09632	0.26440	0.03870	-0.03665	-0.10515	-0.04904	-0.07373	0.17239	0.00664	-0.05394	-0.05293	-0.06870	0.14494	-0.05064	-0.02347	-0.10229	-0.03964	-0.03244	0.03529	0.18801	0.03909	-0.00969	-0.11396	-0.05798	0.16757	0.22065	-0.09829	0.03012	(And (Member $e0 get) (Patient $e0 $x0) (Result $e0 $e1))
p206849	-0.00925	-0.01280	-0.00137	0.01688	-0.00757	-0.00660	-0.00305	-0.00304	-0.00727	-0.00048	-0.00366	0.00644	-0.00305	-0.00879	-0.00334	0.02616	-0.00365	-0.00706	0.00474	-0.00259	-0.00837	-0.00511	-0.00602	0.00408	0.00978	-0.00043	-0.00363	0.00812	0.01825	-0.00379	0.00064	-0.00425	(And (Member $e0 increase) (Past $e0) (Patient $e0 $x0))
p206850	-0.00205	0.01512	-0.00045	-0.01329	0.06733	0.00227	0.03832	-0.00215	-0.00211	-0.02432	0.04429	-0.03878	0.00004	-0.02000	0.00078	-0.00905	-0.00752	-0.00695	0.00088	0.05180	0.03317	-0.02087	-0.01235	-0.01456	0.00675	-0.02631	-0.03823	-0.01827	0.00537	-0.02921	-0.00475	-0.00070	(And (Member $e0 leave) (Patient $e0 $x0) (Result $e0 $e1))
p206851	-0.00361	-0.02790	0.02705	-0.03639	0.02132	0.00512	-0.02299	-0.01346	-0.00400	-0.00756	0.00321	-0.06582	0.00292	-0.01780	0.02173	-0.02273	0.01411	-0.02357	0.00431	0.00352	0.03537	0.01007	0.04369	-0.03235	0.02106	-0.00736	0.02045	-0.02687	0.02726	-0.01447	0.02618	0.05009	(And (Member $e0 make) (Ongoing $e0) (Patient $e0 $x0))
p206852	0.00562	-0.01881	0.01252	0.01095	0.05138	0.01502	-0.00871	-0.00317	0.00130	-0.01211	0.00759	-0.04124	-0.00099	0.00440	-0.00846	-0.02034	0.01117	-0.02813	0.01741	-0.00337	0.04341	0.00048	0.01455	-0.01309	-0.02231	-0.01695	-0.01898	-0.02600	0.03219	-0.01580	-0.00984	0.05111	(And (Member $e0 make) (Ongoing $e0) (Result $e0 $e1))
p206853	-0.00082	0.11828	0.05549	-0.01996	0.05237	-0.05354	-0.01747	-0.02805	-0.03543	0.04133	-0.00865	0.00069	0.00095	0.00245	0.06867	0.05607	0.03161	0.00307	-0.05380	-0.00659	-0.00085	-0.01683	-0.02927	-0.04126	0.00092	-0.00235	0.00292	0.07053	-0.02976	-0.04596	-0.02048	0.00199	(And (Member $e0 spend) (Past $e0) (Theme $e0 $x0))
p206854	-0.01138	0.01705	0.01244	0.01523	-0.00012	-0.01144	-0.01565	-0.01093	0.01669	-0.00236	-0.00390	-0.01884	0.00050	0.01254	-0.00749	-0.01637	0.00363	0.00384	-0.00772	0.01554	0.00013	0.00847	0.00185	-0.02250	-0.01529	-0.00457	0.00265	0.02064	0.01809	-0.00198	-0.00711	0.03880	(And (Member $e0 stand) (Ongoing $e0) (Past $e0))
p206855	-0.00152	0.00908	0.01500	0.00886	-0.00230	-0.00300	-0.01013	-0.00337	-0.02102	-0.00747	0.00766	-0.00824	-0.00419	-0.01852	0.00061	-0.00268	-0.00309	-0.01341	-0.00349	0.02160	-0.01124	0.00055	-0.01589	0.00138	0.01166	0.02260	-0.00498	0.02047	0.00425	0.01661	0.00154	-0.00830	(And (Member $e0 stick) (Past $e0) (Patient $e0 $x0))
p206856	-0.06808	0.01916	0.14027	0.03114	0.00717	0.19664	0.06041	0.00180	0.05359	0.09408	-0.02563	0.00015	0.03344	0.02778	-0.03675	0.01981	-0.05022	0.01083	-0.02534	-0.03412	-0.05829	0.06809	-0.10557	-0.04658	-0.02613	-0.05392	0.09510	-0.05132	-0.02534	-0.03089	-0.02083	0.01613	(And (Member $e0 stop) (Past $e0) (Theme $e0 $e1))
p206857	-0.01649	-0.00231	0.03765	0.02140	0.00677	0.03209	-0.00008	0.00100	0.02509	0.02123	-0.00548	-0.00648	0.00615	0.01516	-0.00717	-0.00444	-0.01709	0.01353	-0.00405	-0.00756	-0.00485	-0.01091	-0.02373	-0.01485	-0.01820	-0.00298	0.01203	-0.02104	0.00123	-0.02873	-0.00786	0.06148	(And (Member $e0 try) (Ongoing $e0) (Past $e0))
p206858	0.00680	-0.02021	0.00800	0.01277	0.06542	-0.01577	0.03089	-0.01136	-0.00565	-0.02266	0.02995	-0.02658	-0.00082	-0.03134	-0.00299	-0.00366	-0.00230	-0.02334	0.02768	0.03465	0.00292	-0.00153	-0.00654	0.00169	-0.00068	-0.02010	-0.02791	-0.01303	0.01012	-0.02535	-0.01601	-0.00137	(And (Member $e0 turn) (Past $e0) (Result $e0 $e1))
p206859	-0.00751	-0.02461	-0.00242	-0.02713	0.12435	-0.01828	0.07282	-0.01821	-0.01766	-0.02365	0.07075	-0.04537	-0.00065	-0.06402	0.01294	-0.01563	-0.00088	-0.03431	0.01924	0.07325	-0.00269	-0.01071	-0.00776	0.00982	0.01931	-0.02334	-0.05661	-0.02792	0.02473	-0.04335	-0.00720	-0.00417	(And (Member $e0 turn) (Patient $e0 $x0) (Result $e0 $e1))
p206860	-0.00048	0.02541	0.02818	0.02078	-0.00494	-0.01207	-0.01974	-0.00681	-0.00620	-0.01399	0.01451	-0.01048	-0.00216	-0.00434	-0.00315	-0.01732	-0.00194	0.00302	-0.00316	0.01434	-0.00486	-0.00989	-0.00423	-0.02528	-0.00930	0.02379	-0.00048	0.02673	0.02083	0.00032	-0.00889	0.04267	(And (Member $e0 walk) (Ongoing $e0) (Past $e0))
p206861	-0.01376	-0.02592	0.01005	0.02417	0.00303	-0.01941	0.00338	-0.00118	0.00340	0.00247	-0.02109	0.00884	0.00112	-0.01098	-0.00728	0.05311	-0.00754	-0.00269	0.01186	-0.01718	-0.01317	0.00125	0.00470	-0.00266	0.00733	0.01383	-0.00905	-0.00897	0.02624	-0.01556	0.01218	0.04874	(And (Ongoing $e0) (Past $e0) (Patient $e0 $x0))
p206862	0.00522	-0.00221	0.01515	0.01891	0.05493	0.03027	-0.00638	-0.00442	0.00291	-0.01465	-0.00071	-0.02712	-0.00130	0.01066	-0.01563	-0.01989	0.01712	-0.02424	0.01622	-0.01190	0.03165	-0.00365	0.00987	-0.00697	-0.02547	-0.01445	-0.03018	-0.02397	0.03583	-0.00466	-0.01783	0.04880	(And (Ongoing $e0) (Past $e0) (Result $e0 $e1))
p206863	0.04252	0.16175	-0.07321	-0.05619	0.09632	0.26440	0.03870	-0.03665	-0.10515	-0.04904	-0.07373	0.17239	0.00664	-0.05394	-0.05293	-0.06870	0.14494	-0.05064	-0.02347	-0.10229	-0.03964	-0.03244	0.03529	0.18801	0.03909	-0.00969	-0.11396	-0.05798	0.16757	0.22065	-0.09829	0.03012	(And (Ongoing $e0) (Patient $e0 $x0) (Result $e0 $e1))
p206864	-0.00773	0.00329	-0.01135	0.03474	-0.01659	0.00137	-0.00639	-0.00386	-0.00712	-0.00786	0.00291	0.01346	-0.00402	-0.01223	-0.00069	0.00397	0.00257	-0.00942	-0.00097	-0.00242	-0.01226	-0.00631	-0.02813	0.00931	0.01886	-0.00473	0.00445	0.01936	-0.00108	0.00320	0.00156	-0.00528	(And (Past $e0) (Patient $e0 $x0) (Time $e0 night))
p206865	0.06354	-0.02141	-0.06287	-0.02960	-0.06559	0.12845	-0.01593	0.01098	-0.05450	-0.06738	0.07009	-0.07020	0.01124	0.09043	0.06542	0.05957	0.01557	0.00607	0.04743	0.06812	-0.00653	0.05344	-0.05498	0.04930	0.00010	-0.04948	-0.03493	0.01549	-0.01913	-0.04748	0.04892	0.05571	(And (Past $e0) (Theme $e0 $x0) (Theme $e0 $x1))
p207152	-0.01765	0.00974	-0.01192	-0.00355	-0.01776	-0.00575	0.01248	0.04985	0.00407	-0.01288	0.01069	0.01575	-0.00744	0.01582	0.00465	-0.01136	-0.02787	0.00710	0.01137	-0.00781	0.00106	0.02395	-0.00458	0.00912	0.01019	0.00950	-0.00172	-0.02058	0.00842	0.01281	-0.02452	-0.00165	(And (Agent $e0 $e1) (Theme $e1 $x0))
p207153	0.04458	0.11926	0.05540	-0.01367	-0.05762	-0.04686	0.01273	0.00840	-0.03731	-0.01871	-0.03980	0.01763	-0.03442	-0.02112	0.08207	0.02963	-0.02043	0.01802	-0.01593	-0.00394	0.00098	0.00300	0.07201	0.08738	0.00574	-0.01000	0.01373	-0.02222	-0.03256	-0.06819	-0.02804	-0.00793	(And (Agent $e0 $x0) (CoAgent $e0 $x1))
p207154	-0.01754	-0.01293	-0.00864	-0.00958	0.00316	-0.01571	0.00213	-0.01150	0.00406	0.00480	0.00898	0.00587	0.00952	-0.00595	-0.02074	-0.00578	0.00461	0.06303	0.01003	-0.00820	-0.02476	0.00626	0.00496	0.00457	-0.00490	-0.01425	0.00058	0.00266	-0.00312	-0.00761	-0.01237	-0.00310	(And (Agent $e0 $x0) (Goal $e0 home))
p207155	-0.00111	-0.01188	0.00633	0.01040	0.02843	-0.01134	-0.00426	0.00402	-0.00656	0.00824	-0.01628	0.00586	-0.00260	-0.01517	-0.00988	0.00874	-0.00312	-0.00829	0.00178	-0.00016	-0.00285	-0.01257	-0.01609	0.00567	-0.00637	0.00566	0.00509	0.01272	-0.02181	-0.01372	0.00601	0.03451	(And (Agent $e0 $x0) (GroupOf $x0 scientist))
p207156	0.01162	-0.00952	0.00244	-0.00094	-0.00404	0.00082	-0.00389	0.00237	-0.00755	-0.01355	0.01392	-0.00505	-0.00436	-0.01376	-0.00019	-0.01167	-0.00792	0.01488	0.00785	-0.00222	0.00957	-0.01171	-0.00766	0.00218	0.00033	0.02223	-0.00014	-0.01103	0.01916	-0.00976	0.00219	0.01285	(And (Agent $e0 $x0) (GroupOf $x0 soldier))
p207157	0.01485	0.04868	0.00661	-0.01225	0.02368	0.01142	-0.00916	0.00001	0.00515	-0.01100	-0.01248	-0.01804	-0.00185	-0.01616	-0.02319	0.01128	-0.00960	-0.00241	-0.01241	0.02930	0.01608	0.00998	-0.00286	-0.00049	0.00279	-0.00607	0.00843	0.01164	-0.02781	-0.01172	-0.00338	-0.00818	(And (Agent $e0 $x0) (Instrument $e0 $x1))
p207158	0.01889	-0.04632	-0.04870	0.02370	0.02283	0.02780	-0.00820	-0.00167	0.06304	0.06102	-0.05318	0.14104	-0.02212	-0.05128	0.05012	-0.01312	-0.03016	0.00195	0.05864	0.05819	0.00829	0.04081	0.07361	-0.03625	-0.01296	0.06059	-0.02533	0.04781	-0.04352	-0.04020	-0.06037	-0.00615	(And (Agent $e0 $x0) (Location $e0 eskisehir))
p207159	0.10712	-0.03929	0.07822	0.02415	0.09666	-0.03056	-0.03043	0.01253	-0.08640	0.10112	-0.10796	-0.05118	-0.02372	0.14507	-0.00445	-0.01772	-0.05239	-0.02418	-0.06076	-0.02668	0.04137	0.03362	-0.03604	0.03482	-0.00270	0.05763	-0.04811	-0.07896	-0.01942	0.06208	0.10032	0.00603	(And (Agent $e0 $x0) (Manner $e0 directly))
p207160	-0.00305	-0.01136	-0.01018	-0.00576	-0.00086	-0.00350	0.00009	-0.00790	-0.00003	-0.00566	-0.00050	-0.00604	0.00062	-0.00981	-0.00281	-0.00674	0.00500	0.00991	0.01070	-0.00206	0.00068	0.01009	0.00435	0.01380	-0.00239	-0.00449	0.00527	-0.00767	-0.00125	-0.00294	-0.00572	-0.00445	(And (Agent $e0 $x0) (Member $e0 arrive))
p207161	-0.00729	-0.01298	-0.00722	-0.01556	0.03294	-0.00764	-0.00417	-0.00655	-0.01078	0.03219	-0.01597	-0.00327	-0.00305	-0.00673	-0.01466	0.01591	0.02533	0.01395	-0.01776	-0.00146	-0.02934	-0.01628	-0.00658	-0.00915	0.00549	-0.00085	-0.00183	0.03662	-0.02426	-0.00092	0.00946	-0.00371	(And (Agent $e0 $x0) (Member $e0 capture))
p207162	-0.00468	-0.01858	-0.00258	-0.01180	-0.00371	0.00596	-0.00367	-0.00132	-0.00742	-0.01113	0.00335	-0.02768	-0.00418	-0.00144	0.02323	-0.01957	0.00173	0.00360	0.00605	-0.00145	0.02721	0.00122	0.00650	-0.00971	0.01163	-0.01247	0.01075	-0.00779	0.03511	-0.00100	0.01176	-0.00571	(And (Agent $e0 $x0) (Member $e0 close))
p207163	-0.12120	-0.02260	0.17170	-0.02757	0.02430	-0.02751	0.06299	-0.02289	0.23321	-0.19759	-0.16151	-0.03078	0.10817	0.26683	-0.02357	-0.03972	0.12881	-0.07078	0.18780	-0.08312	0.02361	-0.08192	-0.05683	0.07839	0.09249	0.11722	-0.11191	0.01083	-0.02180	-0.14848	-0.04541	-0.06781	(And (Agent $e0 $x0) (Member $e0 create))
p207164	-0.01030	-0.00900	0.01300	-0.02225	0.01454	-0.01755	-0.00255	-0.01352	-0.01344	0.01350	-0.00907	-0.00433	-0.00064	-0.02440	0.00049	-0.00846	0.01450	0.01493	0.00083	0.03411	-0.02576	0.01156	-0.00613	0.02107	0.00457	-0.00929	-0.00484	0.00428	-0.01251	0.00708	-0.01257	-0.00761	(And (Agent $e0 $x0) (Member $e0 draw))
p207165	-0.00997	-0.02819	-0.00648	0.00234	-0.00277	0.01434	0.01042	-0.00380	-0.00480	0.00725	-0.01361	0.00248	-0.00246	-0.01930	-0.00659	0.02514	-0.00083	-0.00589	0.00341	0.00440	0.00328	-0.01249	-0.00056	0.01787	-0.00660	0.00828	0.00715	-0.01355	0.01236	-0.00762	0.01389	-0.00481	(And (Agent $e0 $x0) (Member $e0 go))
p207166	0.00179	-0.04259	-0.03260	-0.00152	-0.02621	0.02925	-0.03743	-0.01831	-0.05684	-0.00614	-0.02810	-0.04813	-0.02761	-0.03153	-0.03256	0.03625	0.01797	-0.05166	0.01270	0.00456	0.07014	-0.03018	0.16997	0.06072	-0.01124	-0.00673	0.06425	-0.00089	-0.02652	-0.00919	0.06512	-0.01335	(And (Agent $e0 $x0) (Member $e0 move))
p207167	0.00218	-0.00436	0.01244	-0.00248	-0.00253	0.01751	0.01956	0.01071	-0.01041	-0.00135	0.00298	-0.00218	-0.00288	-0.01939	-0.00622	0.00126	-0.01920	0.01129	0.00315	-0.00682	-0.01738	0.00597	-0.01538	0.01273	-0.00403	0.03860	0.00961	-0.00608	0.00573	-0.01449	0.00220	-0.00274	(And (Agent $e0 $x0) (Member $e0 run))
p207168	0.00242	0.01673	-0.01137	0.00256	0.00807	0.01343	-0.00868	-0.00485	-0.00812	-0.00642	-0.00771	-0.01576	-0.00083	-0.01073	-0.00309	0.01764	0.00269	-0.02816	-0.00944	0.00535	0.03242	-0.00652	0.00017	0.00175	-0.00633	0.00434	0.01636	0.00515	-0.01935	0.00294	0.01147	-0.00645	(And (Agent $e0 $x0) (Member $e0 serve))
p207169	-0.00432	0.05009	0.01871	0.03611	-0.05011	0.00329	0.01055	0.04725	0.00835	-0.00547	-0.01903	0.07211	-0.00268	-0.03179	-0.02783	0.05588	-0.03140	0.00156	-0.01087	0.08189	0.00450	-0.05797	-0.01875	0.05846	-0.00370	0.01059	0.02220	-0.02724	-0.06851	-0.01515	-0.02629	0.01525	(And (Agent $e0 $x0) (Member $e0 sleep))
p207170	-0.00082	0.11828	0.05549	-0.01996	0.05237	-0.05354	-0.01747	-0.02805	-0.03543	0.04133	-0.00865	0.00069	0.00095	0.00245	0.06867	0.05607	0.03161	0.00307	-0.05380	-0.00659	-0.00085	-0.01683	-0.02927	-0.04126	0.00092	-0.00235	0.00292	0.07053	-0.02976	-0.04596	-0.02048	0.00199	(And (Agent $e0 $x0) (Member $e0 spend))
p207171	0.06026	-0.00237	-0.03239	0.01581	-0.04055	-0.02629	0.01867	-0.00150	-0.03648	0.00033	0.04493	0.01290	-0.02293	-0.03354	-0.00865	-0.01325	-0.00472	0.03007	0.00727	-0.00781	0.02747	-0.02626	-0.01240	-0.00135	-0.02236	0.00564	-0.01347	0.04363	0.02208	0.05756	-0.02617	-0.01161	(And (Agent $e0 $x0) (Member $e0 talk))
p207172	0.08079	0.00152	-0.00617	0.02257	-0.03993	-0.02487	0.00822	0.00225	-0.04377	-0.00631	0.04760	0.02185	-0.02764	-0.04920	-0.00704	-0.00819	-0.00938	0.01413	0.00562	0.00969	0.02046	-0.05757	-0.02735	-0.00484	-0.02328	0.04788	0.00228	0.04248	0.01341	0.04982	-0.01794	0.00668	(And (Agent $e0 $x0) (Member $e0 walk))
p207173	-0.00570	-0.01023	-0.00524	-0.01237	0.01924	-0.00901	-0.00142	-0.00631	-0.00554	0.01434	-0.00860	-0.00236	-0.00182	-0.00846	-0.00957	0.00500	0.01583	0.01853	-0.00478	-0.00242	-0.02098	-0.00464	-0.00483	0.00051	0.00229	-0.00419	-0.00261	0.01964	-0.01311	-0.00476	-0.00017	-0.00334	(And (Agent $e0 $x0) (Member $e0 welcome))
p207174	-0.01775	-0.01760	0.03818	-0.00805	0.01016	-0.03960	-0.01579	-0.00546	-0.02272	-0.01457	0.03426	0.09717	-0.01474	-0.03443	-0.02229	-0.01061	0.03636	-0.00589	-0.01614	-0.00991	0.03004	0.02838	-0.01454	-0.00271	0.00437	-0.01952	0.01079	0.01714	-0.01128	-0.03213	0.06501	0.01108	(And (Agent $e0 $x0) (Member $e0 win))
p207175	-0.01137	0.04329	0.01325	0.00144	-0.02041	0.02074	0.00751	-0.00245	0.00852	0.01666	0.00053	0.01287	0.00719	-0.00156	-0.01983	0.02665	-0.01173	0.02949	-0.01595	-0.00232	-0.00136	0.00568	-0.00338	0.01256	-0.00364	-0.01506	0.02557	-0.00624	-0.02248	-0.02206	-0.01585	-0.00337	(And (Agent $e0 $x0) (Member $e0 work))
p207176	-0.00094	-0.02388	-0.02213	0.00190	0.00205	0.01449	-0.00971	-0.01079	-0.01946	-0.00861	-0.00858	-0.01671	-0.00355	-0.02112	0.00121	-0.00458	0.00883	-0.02943	0.00806	0.00128	0.02668	-0.00086	0.00748	0.01525	-0.00616	0.00262	0.03172	0.00489	-0.00008	0.00887	0.01632	-0.01156	(And (Agent $e0 $x0) (Member $x0 bus))
p207177	-0.01570	-0.01046	-0.00032	0.00112	-0.00327	0.01524	0.02398	0.00620	-0.00616	0.00610	-0.01057	-0.00424	-0.00053	-0.01059	-0.00208	-0.00345	-0.01230	0.01073	0.00272	-0.00661	-0.00556	0.01615	-0.01340	0.01414	-0.00655	-0.00071	0.00476	-0.00333	0.00352	-0.00613	-0.00082	-0.00491	(And (Agent $e0 $x0) (Member $x0 doctor))
p207178	-0.00650	-0.01367	0.00046	0.00194	0.00508	-0.00221	-0.00283	0.00034	-0.00116	-0.00043	-0.00894	0.00178	-0.00093	-0.00819	-0.00592	-0.00298	0.00535	0.01421	0.00237	0.01434	0.00276	-0.01803	-0.01575	-0.00101	0.00262	-0.00581	0.00291	0.00301	-0.00332	-0.00105	0.00586	0.01246	(And (Agent $e0 $x0) (Member $x0 dog))
p207179	-0.00784	-0.01009	0.00088	-0.01332	0.00119	-0.01151	0.00200	-0.01077	-0.00243	-0.00510	0.00005	-0.00388	0.00227	-0.01687	-0.00458	-0.01011	0.00617	0.02114	0.01454	0.01525	-0.00903	0.01679	0.00186	0.02141	-0.00111	-0.00879	-0.00540	-0.01182	-0.00189	-0.00095	-0.01543	-0.00551	(And (Agent $e0 $x0) (Member $x0 plane))
p207180	0.01021	0.00855	-0.01111	-0.01341	0.01315	0.01134	0.00422	-0.00357	-0.01294	-0.00883	0.00351	-0.02541	0.01706	-0.01554	0.00133	-0.00910	0.00275	-0.01810	-0.00604	0.01215	0.03146	0.00161	0.01174	-0.00785	0.00366	-0.00664	0.01745	-0.00629	-0.00209	-0.00637	0.01071	-0.00671	(And (Agent $e0 $x0) (Obligated $e0))
p207181	0.00628	0.00192	-0.00440	0.02513	0.00183	0.00149	-0.00972	-0.00877	-0.00648	-0.00248	-0.01130	-0.00104	0.00149	-0.02300	-0.01094	0.01298	0.00784	-0.01297	0.00363	0.02161	0.01958	-0.02206	-0.00819	0.00841	-0.01680	0.00401	0.02026	-0.00149	-0.02611	-0.00184	0.00325	0.02938	(And (Agent $e0 $x0) (Stimulus $e1 $e0))
p207182	0.00300	-0.01087	0.01344	0.00149	-0.01210	0.01955	-0.01597	-0.01517	0.01325	-0.02162	0.00470	-0.02338	-0.00864	-0.02093	-0.01349	-0.01057	-0.00097	0.02219	-0.00322	0.00079	0.01384	-0.02658	0.04256	0.01769	-0.00846	-0.02840	0.01374	0.01170	0.01020	-0.01047	0.03220	-0.01196	(And (Agent $e0 $x0) (SubsetOf $x0 $x1))
p207183	0.00892	0.00033	0.01376	0.00855	0.01577	0.01351	-0.00240	-0.01086	0.00514	-0.01339	0.00082	-0.02292	-0.00071	-0.00487	-0.00836	-0.00564	0.00715	-0.01031	0.01173	-0.00234	0.00678	0.01041	0.00783	-0.00341	-0.01260	-0.00956	-0.00737	-0.00396	0.00071	-0.00941	-0.00760	-0.00011	(And (Agent $e0 baya) (Past $e0))
p207184	0.01537	0.01071	0.02209	0.00270	0.00720	0.01837	-0.01019	-0.00640	-0.00186	-0.01960	0.01313	-0.02685	-0.00447	-0.01586	-0.01073	-0.00297	-0.00170	-0.01043	0.00277	-0.00219	0.00351	-0.00671	0.01518	-0.00530	-0.00861	0.02131	-0.00997	0.00433	-0.00237	-0.01132	0.00539	-0.00142	(And (Agent $e0 daniel) (Past $e0))
p207185	-0.04287	-0.00271	0.01841	-0.00269	0.01116	0.01083	0.00957	0.00535	0.01821	0.03779	0.02276	-0.02808	0.01438	0.03384	-0.00873	-0.00884	-0.02505	-0.00360	-0.01299	-0.01424	0.00247	0.03960	0.00836	-0.01100	-0.00960	-0.00011	-0.00901	-0.01223	0.00534	-0.02533	-0.02052	0.04802	(And (Agent $e0 david) (Ongoing $e0))
p207186	-0.04301	-0.00282	0.01828	-0.00279	0.01107	0.01075	0.00947	0.00525	0.01810	0.03769	0.02265	-0.02820	0.01428	0.03373	-0.00884	-0.00892	-0.02516	-0.00372	-0.01310	-0.01435	0.00237	0.03951	0.00826	-0.01110	-0.00970	-0.00020	-0.00914	-0.01232	0.00522	-0.02541	-0.02061	0.04792	(And (Agent $e0 david) (Past $e0))
p207187	0.00060	0.01288	0.01596	0.01931	-0.00030	-0.00644	-0.01264	-0.00965	0.00139	0.00341	-0.00668	-0.00524	0.02119	0.00149	-0.00668	-0.01095	-0.00100	0.00314	-0.00561	0.00564	-0.00461	-0.00394	-0.00422	-0.01962	-0.00856	-0.00123	0.00556	0.01402	0.01036	-0.00936	-0.00574	0.02927	(And (Agent $e0 felix) (Past $e0))
p207188	-0.03659	0.03824	0.01094	0.00641	-0.02981	0.00717	0.02220	0.04787	0.00654	0.02000	0.01149	0.03550	0.01128	-0.01241	-0.03183	0.04979	-0.03913	-0.01842	-0.02507	0.07987	0.01868	-0.01809	-0.00904	0.03760	-0.00453	0.01737	-0.00244	-0.01734	-0.05313	-0.00989	-0.03105	0.00309	(And (Agent $e0 jessica) (Theme $e0 $e1))
p207189	-0.00271	-0.00429	-0.00394	0.00186	0.00770	0.00299	-0.00230	0.00288	-0.00587	-0.00800	-0.00609	-0.00179	-0.00417	-0.00406	-0.00205	-0.00249	-0.00511	-0.01053	0.00698	-0.00387	0.00060	0.00813	-0.00564	0.00660	-0.00190	0.00079	0.01298	0.00891	-0.00149	0.00213	-0.00004	-0.00457	(And (Agent $e0 jica) (Member $e0 fund))
p207190	-0.03573	0.00632	0.03902	-0.00666	0.00687	0.01557	0.01477	0.00960	0.00648	0.01694	0.02906	-0.03253	0.00659	0.01950	-0.01076	-0.01296	-0.02470	-0.01053	-0.00415	-0.01382	0.01006	0.05433	0.01955	-0.00368	-0.01045	-0.00950	-0.01649	-0.01019	0.00810	-0.03179	-0.02426	0.01383	(And (Agent $e0 mark) (Past $e0))
p207191	0.01166	-0.00422	-0.00223	-0.00628	-0.00351	0.00750	-0.00483	0.00264	-0.00306	-0.00871	0.01526	-0.00797	-0.00386	-0.00440	-0.01249	-0.00783	0.01084	0.01070	0.00520	-0.00826	-0.00177	0.00787	0.01175	-0.00284	-0.00627	0.02204	0.00295	-0.01685	0.00258	-0.00649	-0.01077	-0.00301	(And (Agent $e0 matthew) (Past $e0))
p207192	0.03754	0.00996	0.01812	0.01086	-0.00103	0.00654	-0.01089	0.00540	0.00453	-0.01603	0.00768	-0.01997	0.01340	-0.01405	-0.01289	-0.00800	-0.00143	-0.00225	-0.00233	-0.00360	0.01101	-0.02001	0.01564	-0.01871	-0.01213	0.01668	-0.00511	-0.00266	-0.00074	-0.00882	0.00325	0.01368	(And (Agent $e0 michael) (Past $e0))
p207193	0.00594	0.00429	0.01564	0.00048	0.00614	-0.00261	-0.00563	-0.01218	-0.00774	-0.00413	-0.00203	-0.02176	0.01764	-0.01246	-0.00186	-0.01112	0.00464	-0.00675	0.00293	0.00996	0.00410	0.01287	0.01001	-0.00802	-0.00853	-0.00908	-0.00779	0.00717	0.00985	-0.00332	-0.00833	-0.00407	(And (Agent $e0 pietro) (Past $e0))
p207194	-0.00841	0.00847	0.00990	0.01192	0.00267	-0.00890	-0.00904	-0.00557	0.00956	-0.00091	-0.00221	-0.00886	0.00107	0.00907	-0.00504	-0.00915	-0.00019	0.00273	-0.00183	0.00435	0.00125	0.00289	0.00229	-0.01411	-0.01138	-0.00023	-0.00340	0.00839	0.00327	-0.00352	-0.00750	0.03719	(And (Agent $e0 ziri) (Ongoing $e0))
p207195	-0.00253	-0.00795	-0.00072	-0.00546	0.01103	-0.00096	-0.00085	-0.00684	0.00034	0.00288	-0.00528	-0.00857	-0.00046	-0.00682	-0.00731	0.00042	0.01046	0.01163	0.00283	-0.00269	-0.00876	0.00200	0.00026	0.00146	-0.00230	-0.00507	-0.00341	0.00615	-0.00504	-0.00586	-0.00251	-0.00198	(And (At $e0 $x0) (Past $e0))
p207196	0.01607	-0.00302	0.00275	0.00752	0.00437	0.01706	0.02134	-0.00866	0.01112	-0.02092	-0.01859	-0.02460	-0.00276	-0.02046	-0.00358	-0.00383	0.00698	-0.00856	0.00617	-0.01014	0.00240	0.02759	0.00399	-0.00132	-0.01341	-0.00115	-0.00579	-0.01381	-0.00636	-0.01339	0.01398	-0.00438	(And (Because $e0 $e1) (Past $e0))
p207197	0.01613	-0.00296	0.00277	0.00751	0.00440	0.01705	0.02137	-0.00864	0.01114	-0.02086	-0.01852	-0.02459	-0.00274	-0.02044	-0.00353	-0.00386	0.00704	-0.00855	0.00621	-0.01009	0.00244	0.02765	0.00404	-0.00126	-0.01336	-0.00113	-0.00574	-0.01379	-0.00630	-0.01337	0.01399	-0.00434	(And (Because $e0 $e1) (Past $e1))
p207198	0.05686	0.13507	0.06183	-0.00939	-0.06587	-0.06646	-0.00279	0.00668	-0.04004	-0.02956	-0.03864	0.01983	-0.03951	-0.01863	0.08029	0.02871	-0.02140	0.02298	-0.00993	-0.00804	-0.00339	0.00623	0.09356	0.09423	0.01106	-0.01705	0.02110	-0.01546	-0.03347	-0.07745	-0.03870	-0.00903	(And (Before $e0 $e1) (Measure $e0 duration <num> year))
p207199	0.02550	0.05411	0.02119	0.05038	-0.05320	-0.06698	0.00489	0.03136	-0.01891	0.01931	-0.00513	0.08989	-0.02970	0.10378	-0.02289	0.01821	-0.03625	0.05182	-0.00026	-0.00752	-0.05378	-0.02799	0.07764	0.09428	0.01183	-0.02098	0.06341	-0.03885	-0.05881	-0.05371	-0.04814	-0.00934	(And (Before $e0 $e1) (Patient $e0 $x0))
p207200	0.02263	0.03893	0.01517	0.03977	-0.05092	-0.04440	-0.01242	0.01061	-0.01195	-0.01202	-0.01702	0.05246	-0.02135	0.00576	-0.00055	0.01052	-0.01556	0.02514	0.00828	-0.00407	-0.02636	-0.02170	0.03872	0.06717	0.01648	-0.01609	0.03901	-0.00863	-0.03701	-0.04104	-0.02105	0.01639	(And (Before $e0 $e1) (Patient $e1 $x0))
p207201	-0.00462	-0.00395	0.00708	-0.00029	-0.00067	0.00851	-0.01286	-0.00922	0.00299	-0.00911	0.00447	-0.02189	-0.00446	-0.01298	-0.00416	-0.00968	-0.00296	-0.00024	-0.00802	0.00159	0.00334	-0.00717	0.01237	0.00739	0.01509	-0.01455	0.00255	0.01027	0.00354	-0.01150	0.02484	-0.00691	(And (Beneficiary $e0 $x0) (Patient $e0 $x1))
p207202	0.00040	0.00168	-0.00751	-0.00149	-0.00562	0.00375	0.00127	0.01804	0.00773	-0.00460	-0.00119	-0.00840	-0.00484	0.00802	-0.00805	-0.00314	-0.00035	-0.00392	0.00134	-0.00361	0.00692	0.00934	0.01447	0.00357	-0.00175	0.00310	-0.00393	-0.01426	-0.00915	0.00142	-0.00887	-0.00357	(And (Can $e0) (Member $e0 help))
p207203	0.00596	-0.00096	-0.00232	-0.00108	-0.00014	0.00624	-0.00274	0.00300	0.00712	-0.00345	-0.00382	-0.01919	-0.00320	0.00163	-0.00834	-0.00211	0.00903	-0.00786	0.00047	-0.00291	0.00684	0.00744	0.01909	0.00071	-0.00424	-0.00006	-0.00427	-0.00933	-0.01115	-0.00328	-0.00378	-0.00361	(And (Can $e0) (Past $e0))
p207204	0.08095	-0.01116	-0.02234	0.01815	-0.03007	-0.02334	0.01259	0.00002	0.01191	0.02400	0.01349	0.00637	-0.02916	-0.02658	-0.00950	0.01689	0.00290	-0.00508	-0.01902	0.00121	0.03672	-0.02961	-0.01694	-0.00246	-0.02036	-0.03801	-0.00503	0.03909	0.04731	0.04190	-0.00943	-0.01152	(And (Cardinality $x0 <num>) (GroupOf $x0 girl))
p207205	0.01522	0.01336	-0.00756	-0.00254	-0.00828	-0.00921	0.00338	0.02405	0.03527	-0.01002	0.00433	0.00809	-0.01022	0.00566	-0.00248	-0.01360	-0.01875	0.00372	-0.00717	-0.00048	0.00158	0.02028	-0.01541	0.02011	0.00026	-0.00567	-0.00351	-0.01400	0.03042	-0.01246	-0.01175	-0.00241	(And (Cardinality $x0 <num>) (GroupOf $x0 way))
p207206	0.05251	0.12551	0.05847	-0.01425	-0.05372	-0.05862	0.01142	0.00515	-0.03416	-0.03126	-0.04140	0.00743	-0.03490	-0.02064	0.08272	0.02527	-0.01887	0.02220	-0.01075	-0.01003	-0.00071	0.01372	0.08130	0.07878	0.00460	-0.00941	0.00516	-0.01956	-0.02920	-0.07242	-0.02605	-0.00790	(And (CoAgent $e0 $x0) (Past $e0))
p207207	-0.00055	-0.00850	-0.00828	-0.00481	-0.00115	-0.00487	0.02809	0.00239	0.00029	-0.00490	-0.01270	0.00452	-0.00175	-0.01358	0.01309	0.00289	-0.00159	0.00213	-0.00126	0.00373	-0.00560	-0.00095	-0.00476	0.00230	0.00226	0.00905	-0.00071	-0.01183	-0.01673	-0.00463	0.02047	-0.00331	(And (Experiencer $e0 $x0) (Future $e0))
p207208	-0.01122	-0.00506	-0.01615	0.00677	-0.01423	0.00809	0.02763	0.00525	0.01664	0.01547	-0.01311	0.01623	-0.00136	-0.01852	0.00187	0.00823	-0.00368	0.00321	-0.02416	0.02394	-0.00442	-0.02255	-0.02251	0.00604	-0.00286	0.01842	0.01270	-0.00693	-0.00658	-0.00822	0.03434	0.02029	(And (Experiencer $e0 $x0) (GroupOf $x0 child))
p207209	0.01107	-0.00279	0.00211	0.00651	-0.00177	-0.00497	0.03256	-0.00242	-0.00529	-0.01915	-0.02893	-0.02276	-0.00546	-0.02154	0.03168	-0.00333	-0.00249	-0.00458	0.00232	-0.00869	0.00058	0.01592	-0.00012	-0.00384	-0.00719	0.01064	-0.00423	-0.00815	-0.00290	-0.01307	0.03141	-0.00500	(And (Experiencer $e0 $x0) (In $e0 $x1))
p207210	0.01806	-0.00498	-0.00474	0.00133	0.00235	-0.00936	0.02868	-0.00461	-0.00745	-0.00189	-0.02556	0.00476	0.03661	-0.02527	0.00320	-0.00022	-0.00261	0.00500	-0.00554	-0.00123	-0.00540	0.00182	-0.00155	-0.00842	-0.00443	0.00772	-0.00081	-0.00946	-0.00896	-0.01391	0.02761	-0.00244	(And (Experiencer $e0 $x0) (Location $e0 europe))
p207211	-0.00077	-0.01925	-0.01043	-0.01592	0.01292	0.01164	0.02907	-0.00296	-0.00647	-0.01483	-0.00185	-0.03587	-0.00228	-0.01763	0.01704	-0.01030	0.00631	-0.01154	0.00212	0.00863	0.02246	0.00548	0.01483	-0.01145	0.00406	-0.00202	0.00069	-0.01779	0.01172	-0.00925	0.02833	-0.00648	(And (Experiencer $e0 $x0) (Member $e0 beautiful))
p207212	-0.00066	-0.00940	-0.00791	-0.00030	-0.00159	-0.00318	0.03131	0.00285	-0.00095	-0.00285	-0.01437	0.00927	-0.00224	-0.01617	0.01618	0.00521	-0.00151	0.00230	-0.00386	0.00625	-0.00432	-0.00728	-0.01171	0.00438	0.00049	0.01057	-0.00581	-0.00939	-0.01444	-0.00476	0.02367	-0.00196	(And (Experiencer $e0 $x0) (Member $e0 look))
p207213	-0.01074	0.00037	0.02647	0.00808	-0.00160	0.02002	0.03858	0.00587	0.01592	0.00647	-0.02464	0.00064	0.00495	-0.00751	0.00327	0.01321	-0.01368	0.00848	-0.00590	-0.00690	-0.01902	0.00650	-0.01919	-0.01363	0.00338	0.00500	0.02044	-0.01868	-0.02425	-0.01714	0.02606	0.01252	(And (Experiencer $e0 $x0) (Member $e0 work))
p207214	0.01328	-0.01426	-0.00971	-0.00193	-0.00327	-0.00909	0.04050	0.00406	0.00071	-0.00806	-0.01788	0.00763	-0.00519	-0.02703	0.01593	0.01175	-0.00228	0.00477	-0.00012	0.00474	-0.00397	-0.00712	-0.00846	-0.00130	0.00087	0.00779	-0.00553	-0.01209	-0.02054	0.00548	0.02847	-0.00430	(And (Experiencer $e0 $x0) (Member $x0 bridge))
p207215	-0.01083	-0.00526	-0.00897	0.00285	-0.00785	-0.00438	0.02925	0.00617	0.00486	-0.00206	-0.01425	0.01190	-0.00097	-0.01361	0.00582	0.01147	-0.00488	0.00619	-0.00887	0.01479	-0.00677	-0.01603	-0.01273	-0.00193	-0.00120	0.01691	-0.00346	-0.00896	-0.01955	-0.00102	0.02521	0.00778	(And (Experiencer $e0 $x0) (Member $x0 cat))
p207216	0.00153	0.01161	0.00013	-0.00147	0.05394	-0.00059	0.03764	0.00071	0.00127	-0.02395	0.02869	-0.02953	-0.00027	-0.01489	0.00106	-0.00334	-0.00981	-0.00283	0.00218	0.04295	0.03310	-0.02270	-0.01876	-0.01673	-0.00087	-0.02137	-0.03300	-0.01684	-0.00011	-0.02668	0.00127	-0.00004	(And (Experiencer $e0 $x0) (Member $x0 door))
p207217	0.00925	0.02456	-0.02071	-0.00825	0.02755	0.06369	0.02667	-0.00844	-0.02036	-0.01833	-0.02536	0.02007	-0.00849	-0.00306	-0.00395	-0.01405	0.03314	-0.01170	-0.00140	-0.02450	-0.00624	-0.00394	0.00467	0.03012	0.00165	0.00455	-0.02225	-0.02020	0.02338	0.04716	-0.00085	0.00135	(And (Experiencer $e0 $x0) (Member $x0 weather))
p207218	-0.03724	-0.01446	0.11450	-0.01841	-0.02213	-0.07992	-0.02900	-0.01326	-0.03749	-0.07230	0.10564	0.25845	-0.02727	-0.07665	-0.03833	-0.03390	0.06222	-0.01587	-0.02834	-0.02629	0.08332	0.09742	-0.03307	-0.01970	0.01383	-0.04741	0.01701	0.00644	0.00527	-0.07015	0.14980	-0.00133	(And (For $e0 $e1) (Member $e1 portray))
p207219	0.00196	-0.01414	0.00126	0.02363	0.00607	-0.01183	0.00599	-0.00267	0.00428	-0.00190	-0.01470	0.00609	-0.00041	-0.01320	-0.00082	-0.00067	-0.00343	0.00281	0.00668	-0.00147	0.00861	-0.01272	-0.00983	0.00998	-0.01463	0.00755	-0.00160	-0.01178	-0.01441	-0.01845	0.01345	0.04840	(And (For $e0 $x0) (Ongoing $e0))
p207220	-0.00120	-0.00813	-0.01063	-0.01269	-0.00097	0.00034	-0.00645	-0.00569	-0.00363	-0.00407	0.00077	-0.01404	-0.00225	-0.00786	0.00280	-0.00544	0.00549	-0.01191	0.00217	-0.00050	0.00516	0.00843	0.01067	0.00253	0.00896	-0.00181	0.02093	-0.00109	-0.01034	0.00319	0.00509	-0.00742	(And (Future $e0) (Time $e0 tomorrow))
p207221	0.03986	0.01112	0.01572	0.00233	-0.00796	0.00104	-0.01308	0.00396	-0.02179	-0.02526	0.03908	-0.00399	-0.01123	-0.03637	-0.00324	-0.00263	-0.01375	-0.00291	-0.00128	0.00030	-0.01840	-0.02907	-0.01496	0.00108	0.00596	0.08672	-0.00089	0.00450	0.01467	-0.01813	0.00480	-0.00153	(And (Goal $e0 $x0) (Manner $e0 quickly))
p207222	0.04378	0.00918	0.02241	-0.02149	-0.01233	-0.00877	-0.00950	0.00692	-0.00870	-0.02819	0.04540	0.00347	-0.01262	-0.03641	-0.00259	-0.01329	-0.01796	0.02571	0.00476	-0.00513	-0.03847	-0.02363	-0.00898	0.02271	0.00353	0.11699	0.00100	-0.02017	0.03067	-0.03660	-0.00824	-0.00019	(And (Goal $e0 $x0) (Member $e0 come))
p207223	0.01189	-0.00875	-0.00261	0.04010	0.00389	0.05085	-0.00046	-0.01952	-0.00169	-0.01744	0.00235	-0.00698	-0.00555	-0.02097	-0.02338	0.00308	0.03197	-0.03584	0.00798	-0.00981	0.01761	0.00434	0.00293	0.00694	-0.03146	0.01154	-0.00011	-0.00834	-0.00463	-0.00087	0.00833	-0.00585	(And (Goal $e0 bed) (Member $e0 go))
p207224	-0.01746	-0.01287	-0.00860	-0.00958	0.00321	-0.01571	0.00216	-0.01147	0.00409	0.00486	0.00906	0.00591	0.00956	-0.00592	-0.02068	-0.00578	0.00467	0.06306	0.01007	-0.00815	-0.02472	0.00631	0.00503	0.00462	-0.00485	-0.01421	0.00064	0.00268	-0.00304	-0.00759	-0.01237	-0.00306	(And (Goal $e0 home) (Past $e0))
p207225	0.00296	0.00033	-0.00497	-0.00261	-0.00330	-0.00629	-0.00296	0.00003	-0.00231	0.00467	-0.00342	0.00441	-0.00539	0.00962	-0.00622	0.00535	-0.00173	0.00006	-0.00472	-0.00173	-0.00214	-0.00062	0.01599	0.01313	0.00003	0.00145	-0.00389	-0.00263	-0.01359	-0.00070	0.00121	-0.00332	(And (GroupOf $x0 person) (Past (LocatedIn $x0 $x1)))
p207226	0.03776	-0.00256	0.02991	-0.07599	-0.00906	-0.05118	0.00494	0.00311	0.04138	0.00336	0.02222	-0.01854	-0.00607	-0.04170	0.00210	0.02886	-0.00799	0.00873	0.00499	-0.01117	-0.04311	0.05601	0.04417	-0.02382	0.06943	-0.00852	0.03084	-0.02839	-0.05189	0.01523	-0.01986	0.03837	(And (GroupOf $x0 thing) (Patient $e0 $x0))
p207227	0.00559	0.01391	-0.00963	-0.00010	-0.01201	-0.00740	0.00805	0.03730	0.02720	-0.01385	0.00600	0.01300	-0.00997	0.01000	-0.00311	-0.01330	-0.02557	0.00542	-0.00007	-0.00322	0.00352	0.02389	-0.01387	0.01893	0.00043	-0.00088	-0.00506	-0.01841	0.02522	-0.00497	-0.01831	-0.00200	(And (In $e0 $x0) (Theme $e0 $x1))
p207228	-0.01158	0.11915	-0.00639	-0.07476	0.02869	0.05701	-0.03428	-0.01801	0.00192	0.01509	0.01230	-0.06695	0.00268	-0.03388	-0.02081	0.01145	0.00437	-0.02222	-0.07213	0.03701	-0.00905	-0.00453	0.04056	-0.03442	0.06627	0.02487	0.02358	0.06782	-0.08310	-0.03121	0.02955	-0.01801	(And (Instrument $e0 $x0) (Member $e0 build))
p207229	-0.00118	-0.00672	-0.00656	-0.00044	-0.00170	-0.00276	0.02138	0.00164	-0.00008	-0.00142	-0.00914	0.00774	-0.00228	-0.00877	0.01235	0.00268	-0.00110	0.00194	-0.00368	0.00403	-0.00342	-0.00547	-0.00933	0.00231	0.00004	0.00698	-0.00384	-0.00631	-0.01191	-0.00275	0.01584	-0.00177	(And (Like $e0 $x0) (Member $e0 look))
p207230	0.02117	-0.03071	0.02034	0.00558	0.01259	-0.02136	-0.00514	-0.01282	-0.01737	0.01721	-0.02559	0.00442	0.04990	-0.00726	-0.01836	0.05869	-0.00504	-0.00386	0.00956	-0.00828	-0.00056	-0.00379	0.02978	-0.01739	-0.01103	0.00031	-0.00550	-0.00293	0.05021	-0.01917	0.00461	-0.00069	(And (LocatedIn $x0 $x1) (Member $x0 thing))
p207231	-0.01264	-0.03496	0.01029	0.00988	0.00181	-0.01007	-0.00001	-0.00197	-0.00831	0.00848	-0.01255	0.01316	-0.00207	0.00365	-0.00789	0.06491	-0.00474	-0.00514	0.01419	-0.00584	-0.00288	-0.00907	0.01422	-0.00093	-0.00100	0.00593	-0.00975	-0.00075	0.05365	-0.00527	0.00384	-0.00294	(And (LocatedIn $x0 $x1) (Member $x1 city))
p207232	-0.01130	-0.03382	0.01132	0.00569	0.00415	-0.00698	-0.00013	-0.00208	-0.00671	0.00994	-0.01327	0.01321	-0.00203	0.00976	-0.00803	0.06289	-0.00369	-0.00374	0.01199	-0.00624	-0.00043	-0.01104	0.01645	-0.00322	-0.00606	0.00710	-0.00981	-0.00310	0.05140	-0.00399	0.00479	-0.00246	(And (LocatedIn $x0 $x1) (Member $x1 full))
p207233	-0.01302	-0.03220	0.00773	0.00506	0.00181	-0.00779	-0.00120	-0.00211	-0.00631	0.01135	-0.01213	0.01292	-0.00197	0.01323	-0.00934	0.06215	-0.00301	-0.00241	0.00921	-0.00683	-0.00056	-0.01027	0.01972	-0.00571	-0.00574	0.00721	-0.00747	-0.00035	0.05046	-0.00237	0.00503	-0.00322	(And (LocatedIn $x0 $x1) (Member $x1 table))
p207234	-0.01601	-0.03554	0.02490	0.00985	0.01213	-0.01449	0.00396	0.02121	-0.02075	-0.00148	-0.02380	0.01133	-0.01073	-0.00043	0.00866	0.06229	-0.02407	-0.01557	0.02874	-0.01181	-0.00525	0.00073	0.00817	0.00437	-0.00449	0.01301	0.00638	0.00468	0.05940	-0.01076	-0.00343	-0.00378	(And (LocatedIn $x0 $x1) (Theme $e0 $x0))
p207235	-0.02208	-0.00733	0.00542	-0.01653	-0.00636	-0.00262	-0.00507	0.00497	-0.02595	-0.00201	0.03607	-0.01876	-0.00129	-0.03123	-0.01072	0.00453	0.00046	-0.00594	0.00538	0.04854	0.00336	0.02551	0.02452	0.00807	-0.00615	0.01175	-0.02225	-0.00437	0.03552	0.01701	-0.02410	-0.01236	(And (Location $e0 $x0) (Member $x0 bench))
p207236	-0.03068	0.07198	0.01537	0.03776	-0.06905	0.04549	0.03912	0.09069	0.02401	-0.00266	-0.02282	0.10232	0.00958	-0.06065	-0.05792	0.11678	-0.04948	-0.02493	-0.03522	0.18013	0.02451	-0.10025	-0.06556	0.06092	-0.01052	0.03799	0.03003	-0.04247	-0.11643	0.01362	-0.02814	-0.01660	(And (Location $e0 $x0) (Member $x0 couch))
p207237	-0.01847	-0.01540	0.01935	-0.01644	0.00250	-0.00408	-0.00911	-0.01014	-0.01070	0.00151	0.00182	-0.02554	-0.00164	-0.01614	-0.00659	0.03288	0.00585	-0.01233	0.00251	0.03868	0.00211	-0.00754	0.03205	-0.00568	0.00652	-0.00205	-0.00916	0.00908	0.01364	0.00333	0.00597	-0.01046	(And (Location $e0 $x0) (Member $x0 house))
p207238	-0.01612	0.00201	0.00675	-0.01486	-0.00685	-0.01045	0.00063	0.00629	-0.00497	-0.00354	0.00238	0.00343	-0.00036	-0.01353	-0.00093	-0.00478	-0.00215	0.00619	0.00556	0.03568	-0.01123	0.00957	-0.00205	0.01481	0.00965	-0.00109	-0.00181	-0.00495	-0.00642	0.01129	-0.01535	-0.00800	(And (Location $e0 $x0) (Member $x0 village))
p207240	-0.01401	-0.00718	0.00555	0.00552	-0.00768	-0.00765	-0.00236	-0.00728	-0.00030	-0.00180	-0.00903	-0.00536	-0.00360	-0.01723	-0.00518	0.00725	0.00841	-0.01014	-0.00527	0.04059	0.00621	-0.02195	0.00635	-0.00208	-0.00675	0.00858	0.00659	0.01006	-0.00328	0.00456	0.01501	0.01817	(And (Location $e0 $x0) (PartOf $x0 $x1))
p207241	0.01889	-0.04632	-0.04870	0.02370	0.02283	0.02780	-0.00820	-0.00167	0.06304	0.06102	-0.05318	0.14104	-0.02212	-0.05128	0.05012	-0.01312	-0.03016	0.00195	0.05864	0.05819	0.00829	0.04081	0.07361	-0.03625	-0.01296	0.06059	-0.02533	0.04781	-0.04352	-0.04020	-0.06037	-0.00615	(And (Location $e0 eskisehir) (Member $e0 build))
p207242	0.01889	-0.04632	-0.04870	0.02370	0.02283	0.02780	-0.00820	-0.00167	0.06304	0.06102	-0.05318	0.14104	-0.02212	-0.05128	0.05012	-0.01312	-0.03016	0.00195	0.05864	0.05820	0.00829	0.04081	0.07361	-0.03625	-0.01296	0.06059	-0.02533	0.04781	-0.04352	-0.04020	-0.06036	-0.00615	(And (Location $e0 eskisehir) (Past $e0))
p207243	0.01889	-0.04632	-0.04870	0.02370	0.02283	0.02780	-0.00820	-0.00167	0.06304	0.06102	-0.05318	0.14104	-0.02212	-0.05128	0.05012	-0.01312	-0.03016	0.00195	0.05864	0.05820	0.00829	0.04081	0.07361	-0.03625	-0.01296	0.06059	-0.02533	0.04781	-0.04352	-0.04020	-0.06036	-0.00615	(And (Location $e0 eskisehir) (Patient $e0 $x0))
p207244	0.00165	-0.00551	-0.00504	0.01131	0.00230	-0.00209	-0.00276	-0.00300	-0.00619	0.00563	-0.00860	-0.00340	-0.00071	0.00550	-0.00456	0.00205	-0.00133	-0.00015	-0.00055	-0.00773	-0.00564	0.00578	-0.00677	0.01140	0.00520	0.00460	-0.00257	-0.00181	-0.00844	0.00318	0.00337	-0.00150	(And (Location $e0 here) (Past $e0))
p207245	-0.00075	-0.00169	-0.00532	0.00297	0.00012	-0.00323	-0.00633	-0.00163	-0.00757	0.01028	-0.00462	-0.00565	-0.00169	0.00836	0.00026	0.00231	-0.00094	-0.00800	-0.00848	-0.00731	-0.00929	0.00645	-0.00146	0.00546	0.01641	0.00722	0.00416	0.00138	-0.01391	0.00554	0.00800	-0.00256	(And (Location $e0 here) (Patient $e0 $x0))
p207246	0.10712	-0.03929	0.07822	0.02415	0.09666	-0.03056	-0.03043	0.01253	-0.08640	0.10112	-0.10796	-0.05118	-0.02372	0.14507	-0.00445	-0.01772	-0.05239	-0.02418	-0.06076	-0.02668	0.04137	0.03362	-0.03604	0.03482	-0.00269	0.05763	-0.04811	-0.07896	-0.01942	0.06208	0.10032	0.00603	(And (Manner $e0 directly) (Patient $e0 $x0))
p207247	-0.00297	-0.00702	-0.00092	0.00076	-0.00049	0.00523	-0.00059	0.00142	0.00747	-0.00338	0.00024	-0.01217	-0.00075	-0.00385	-0.00625	-0.00392	0.00608	0.00509	0.00287	-0.00156	0.00239	-0.00192	0.01166	0.00368	-0.00510	-0.00477	-0.01021	-0.00710	-0.00533	-0.00091	-0.00309	-0.00244	(And (Manner $e0 immediately) (Past $e0))
p207248	0.02806	-0.00701	0.03103	-0.00013	-0.03357	-0.03475	0.00009	0.01798	-0.03866	0.03042	-0.01824	-0.01295	-0.02551	0.01447	0.14542	-0.04676	0.04425	-0.01133	-0.01032	-0.00884	0.02519	-0.03179	0.00359	-0.01007	0.00078	-0.01537	0.01051	-0.01511	0.07374	-0.00350	-0.02909	-0.00279	(And (Manner $e0 well) (Past $e0))
p207249	0.03514	-0.00077	0.03304	0.00339	-0.03632	-0.03934	0.00103	0.03208	-0.04231	0.03235	-0.02008	-0.00441	-0.00864	0.01831	0.14341	-0.04767	0.03354	-0.01492	-0.01388	-0.00992	0.02797	-0.03161	0.00578	-0.01736	0.00090	-0.01216	0.01151	-0.01662	0.07967	-0.00319	-0.03108	-0.00150	(And (Manner $e0 well) (Theme $e0 $x0))
p207250	0.02411	0.00201	-0.01243	-0.00312	-0.00331	-0.01190	-0.01217	0.01502	-0.02240	0.01903	0.01479	-0.00099	0.03900	-0.01644	-0.01289	-0.00529	0.01070	-0.00139	-0.02335	-0.00580	-0.01498	-0.01246	0.01113	-0.01591	0.01879	0.03899	0.01118	0.00872	-0.00287	-0.00484	0.00759	-0.00399	(And (Member $e0 add) (Past $e0))
p207251	-0.00443	-0.00460	-0.01001	-0.00463	0.00177	-0.00205	0.00288	0.01975	0.00062	0.00489	-0.00141	0.00030	-0.00506	0.00404	-0.00461	0.00000	0.00539	0.00468	-0.00138	-0.00246	-0.00257	0.00039	0.00211	-0.00115	0.00182	0.00451	-0.00377	-0.00054	-0.00719	0.00592	-0.00657	-0.00273	(And (Member $e0 approve) (Theme $e0 $x0))
p207252	-0.00086	-0.00443	-0.00326	-0.00403	0.00155	-0.00045	0.00016	-0.00934	0.00388	-0.00713	0.00005	-0.00998	0.00108	-0.00925	-0.00641	-0.00592	0.00556	0.01214	0.00904	-0.00234	-0.00174	0.00995	0.00464	0.00924	-0.00457	-0.00489	-0.00426	-0.00611	-0.00262	-0.00659	-0.00787	-0.00293	(And (Member $e0 arrive) (Past $e0))
p207253	-0.04727	-0.00101	0.05351	0.03121	0.00636	0.00931	-0.00586	0.03506	0.03607	-0.03107	0.03635	-0.01034	0.01601	-0.00079	0.03773	-0.01836	-0.05145	0.01834	-0.00953	-0.01977	-0.01582	-0.04082	0.03198	0.00431	-0.00695	-0.01826	-0.04213	0.01896	0.01033	0.04064	0.03131	-0.00421	(And (Member $e0 avoid) (Theme $e0 $x0))
p207254	-0.05940	-0.00510	-0.03976	-0.05263	-0.00495	-0.04992	0.00353	-0.00012	-0.03796	0.06110	0.07004	-0.02058	0.01286	-0.02340	0.00299	-0.00031	-0.02040	-0.01414	-0.02825	-0.00453	-0.01274	0.07284	0.05971	0.02254	0.04025	0.01566	-0.03047	0.00877	-0.00602	-0.01133	-0.01886	0.02546	(And (Member $e0 begin) (Patient $e0 $x0))
p207255	0.00875	0.01531	0.01060	0.02568	-0.01955	-0.01707	-0.00578	0.00017	-0.00226	-0.00987	-0.01134	0.01843	-0.00886	-0.00880	-0.00114	0.00115	-0.00670	0.01113	0.00726	-0.00365	-0.01071	-0.01011	0.00883	0.02927	0.00211	-0.00777	0.00514	-0.00388	-0.01722	-0.02262	-0.00993	0.02093	(And (Member $e0 break_out) (Past $e0))
p207256	0.00689	-0.00757	-0.00801	-0.00162	-0.00862	0.00777	-0.00261	0.01040	-0.00161	-0.00230	0.01530	-0.00778	-0.00295	-0.00371	-0.00974	-0.00736	0.01474	0.01031	0.00243	-0.00761	0.00410	0.00573	0.01600	-0.00495	-0.00674	0.01911	0.00121	-0.01783	0.00281	0.00081	-0.00812	-0.00305	(And (Member $e0 bring) (Past $e0))
p207257	-0.00207	-0.04477	-0.03862	0.00065	-0.02191	0.01846	0.00213	0.04845	0.00741	0.01915	-0.01043	-0.01331	-0.01454	0.01718	-0.01267	0.02509	0.04620	-0.02319	-0.00621	-0.00248	0.03599	-0.02053	0.04894	-0.00928	-0.00327	0.01605	-0.00931	-0.04549	0.00230	0.02646	0.00093	-0.00980	(And (Member $e0 buy) (Past $e0))
p207258	-0.01884	-0.00272	0.00406	0.00371	-0.00605	-0.00880	-0.00317	0.00265	-0.01132	-0.01322	0.00423	-0.01311	-0.00078	0.00504	0.00139	-0.02688	-0.00854	0.02695	0.00810	0.01989	0.01289	0.01576	-0.01343	-0.00895	0.00999	-0.01490	-0.01599	0.00146	0.03684	0.01959	-0.00497	0.00915	(And (Member $e0 cause) (Patient $e0 $x0))
p207259	-0.00997	-0.01369	-0.00883	-0.02009	-0.00457	0.00922	-0.00456	-0.00011	-0.00180	-0.00841	0.00917	-0.02659	-0.00210	-0.00016	0.00819	-0.01459	0.00204	0.00758	-0.00149	-0.00046	0.02103	0.00244	0.01044	-0.01435	0.02012	-0.00953	0.00511	-0.00859	0.02144	0.00132	0.01466	-0.00578	(And (Member $e0 close) (Patient $e0 $x0))
p207260	-0.02344	0.00085	-0.01146	-0.01552	-0.01619	0.01584	0.00283	-0.00229	-0.00873	0.03497	0.01887	-0.00344	0.00299	-0.00233	0.00977	-0.00527	-0.00131	0.01038	-0.01841	-0.00122	-0.01692	0.00279	-0.00338	0.00286	0.02059	0.00171	0.01300	0.00253	0.00050	0.00316	-0.00797	0.00975	(And (Member $e0 come) (Patient $e0 $x0))
p207261	-0.00772	0.00006	-0.00531	-0.00434	-0.00553	-0.01034	0.00709	-0.00171	-0.00556	0.00455	0.00269	0.00118	-0.00318	-0.01339	0.01935	-0.00506	-0.00020	-0.00126	-0.00814	0.00123	-0.00821	-0.00269	-0.00487	0.00714	0.01339	0.00652	-0.00732	0.00266	0.00078	-0.00494	0.00460	0.01104	(And (Member $e0 come) (Source $e0 $x0))
p207262	-0.01122	0.01032	-0.01200	0.03770	-0.01852	0.00788	-0.00573	-0.00053	-0.00432	-0.00987	0.00124	0.01310	-0.00446	-0.01033	-0.00937	0.01412	-0.00103	-0.00676	-0.00400	-0.00000	-0.00774	-0.01239	-0.02613	0.00752	0.01802	-0.00509	0.00055	0.02247	-0.00474	0.00367	0.00587	-0.00545	(And (Member $e0 compose) (Past $e0))
p207263	-0.01140	0.01013	-0.01217	0.03751	-0.01872	0.00768	-0.00592	-0.00073	-0.00451	-0.01007	0.00104	0.01292	-0.00466	-0.01052	-0.00956	0.01393	-0.00122	-0.00695	-0.00418	-0.00020	-0.00793	-0.01259	-0.02634	0.00732	0.01783	-0.00528	0.00037	0.02228	-0.00493	0.00346	0.00567	-0.00564	(And (Member $e0 compose) (Patient $e0 $x0))
p207264	-0.00870	0.00701	-0.00622	-0.01074	-0.00563	0.00087	-0.00615	-0.00423	-0.00191	0.00419	0.00780	-0.00331	-0.00138	-0.00523	0.00236	0.00017	0.00418	-0.00281	-0.01071	0.00218	-0.01057	0.00009	0.00371	0.00140	0.02120	0.00255	0.00537	0.00828	-0.01311	0.00102	0.00483	-0.00422	(And (Member $e0 cover) (Patient $e0 $x0))
p207265	-0.01809	-0.00477	-0.01733	0.01829	-0.01605	0.01040	0.00686	0.02978	0.00174	-0.01517	0.00226	0.00202	-0.00174	0.01308	-0.00239	-0.01079	-0.01231	0.01245	0.00747	-0.00882	0.00942	0.00873	-0.01413	0.00226	0.00827	0.00133	-0.00860	-0.01363	0.01868	0.00605	-0.00763	-0.00300	(And (Member $e0 create) (Past $e0))
p207266	0.00617	0.01612	-0.00707	0.00146	-0.01829	-0.00900	0.01299	0.05290	0.02601	-0.00794	0.00424	0.02345	0.01113	0.01205	-0.00970	-0.01614	-0.03928	0.01091	-0.00319	-0.00514	0.00233	0.02721	-0.01673	0.01282	-0.00134	-0.00184	-0.00074	-0.02847	0.02976	-0.00874	-0.02861	-0.00041	(And (Member $e0 define) (Theme $e0 $x0))
p207267	0.01445	0.03402	-0.02023	0.06829	-0.02701	-0.00156	-0.01706	-0.01643	-0.02129	0.00598	-0.01743	0.05507	0.05763	-0.02566	-0.01443	0.00112	0.01261	-0.00675	-0.01572	-0.00365	-0.03040	-0.02409	-0.04108	0.00026	0.02914	-0.00296	0.02430	0.05657	-0.01582	0.00099	0.00281	-0.00881	(And (Member $e0 design) (Past $e0))
p207268	0.01445	0.03402	-0.02023	0.06829	-0.02701	-0.00156	-0.01706	-0.01643	-0.02129	0.00598	-0.01743	0.05507	0.05763	-0.02566	-0.01443	0.00112	0.01260	-0.00675	-0.01572	-0.00365	-0.03040	-0.02409	-0.04108	0.00026	0.02913	-0.00296	0.02429	0.05657	-0.01582	0.00100	0.00281	-0.00881	(And (Member $e0 design) (Patient $e0 $x0))
p207269	0.01227	0.02420	0.01654	0.04345	0.00219	0.00763	-0.01199	-0.00528	-0.01549	0.00950	-0.02913	0.01044	-0.00779	-0.01458	-0.00861	0.02702	-0.00613	-0.02718	-0.01887	0.00880	-0.01610	-0.01780	-0.04133	0.02540	0.01548	0.01056	-0.00571	0.02141	-0.02682	0.00875	0.02179	-0.00339	(And (Member $e0 die) (Past $e0))
p207270	-0.00807	0.02655	-0.00625	0.00368	-0.00658	0.01070	0.00068	0.00771	0.00242	-0.01660	0.00840	-0.01602	-0.00118	0.00585	-0.00078	-0.00390	-0.01226	0.02194	-0.00877	0.00215	0.03435	-0.00558	-0.01577	-0.01694	0.01112	-0.01840	-0.01855	0.00181	0.01432	-0.00304	0.00418	-0.00145	(And (Member $e0 eat) (Past $e0))
p207271	-0.00798	0.02661	-0.00617	0.00371	-0.00655	0.01071	0.00072	0.00775	0.00246	-0.01656	0.00845	-0.01595	-0.00115	0.00590	-0.00073	-0.00390	-0.01220	0.02201	-0.00873	0.00219	0.03439	-0.00555	-0.01573	-0.01690	0.01116	-0.01838	-0.01847	0.00184	0.01439	-0.00303	0.00420	-0.00140	(And (Member $e0 eat) (Patient $e0 $x0))
p207272	-0.00539	0.00204	0.00488	0.00048	0.00462	-0.01186	-0.00503	-0.00362	0.00792	0.00552	0.00185	-0.00260	-0.00031	-0.00204	0.00456	-0.00545	-0.00089	-0.00034	-0.00409	-0.00546	-0.00236	0.00020	0.00232	-0.00107	0.00227	0.00165	-0.00895	-0.00118	-0.00366	-0.00799	-0.00459	0.03881	(And (Member $e0 fall) (Ongoing $e0))
p207273	0.00413	0.00773	0.00037	0.02069	-0.00335	-0.01343	-0.00539	-0.00755	0.00777	0.00390	0.00081	-0.00452	-0.00582	-0.00870	0.01305	-0.01100	-0.00132	-0.00705	-0.00961	0.00291	-0.00151	-0.00526	-0.01953	0.01209	0.00155	-0.00883	-0.01028	0.01754	0.01761	-0.01562	-0.00110	0.01343	(And (Member $e0 fall) (Source $e0 $x0))
p207274	0.00084	-0.00431	0.00523	0.01039	-0.00040	0.01665	-0.00295	-0.00694	0.00342	-0.01891	0.00063	-0.02174	-0.00141	-0.00541	-0.00590	-0.01231	0.00346	0.00354	0.01106	-0.00954	0.01184	0.01580	-0.00083	-0.00587	-0.00143	-0.01469	-0.00877	-0.00464	0.01598	-0.00519	-0.00263	-0.00373	(And (Member $e0 form) (Past $e0))
p207275	-0.00864	-0.00412	-0.00694	-0.00308	-0.00785	0.00398	-0.00160	0.00100	-0.00003	-0.00570	0.00533	-0.00673	-0.00118	0.00053	0.00344	-0.00841	-0.00185	0.01121	-0.00011	-0.00263	0.00411	0.00215	-0.00419	-0.00317	0.01654	-0.00750	-0.00154	-0.00133	0.01131	0.00190	0.00369	-0.00350	(And (Member $e0 form) (Patient $e0 $x0))
p207276	-0.00443	-0.00040	-0.01389	0.00084	-0.00905	0.01993	0.00318	0.02564	-0.00157	0.00588	-0.00378	-0.00012	-0.00716	0.01004	0.00134	-0.00794	0.00942	-0.00620	-0.00406	-0.00544	0.01046	-0.00548	0.00536	0.00341	-0.00195	0.00608	-0.00821	-0.01563	0.00850	0.01852	-0.01229	-0.00343	(And (Member $e0 get) (Theme $e0 $x0))
p207277	0.00250	0.00396	0.01317	0.00252	0.00287	0.01610	-0.00814	-0.00485	0.00359	-0.01357	0.00375	-0.01640	-0.00407	-0.00351	-0.01063	0.00029	-0.00108	-0.00442	-0.00020	-0.00088	0.00761	-0.01181	0.02169	-0.00222	-0.00562	-0.00344	-0.00999	0.00650	-0.00759	-0.00164	0.01049	-0.00343	(And (Member $e0 go) (To $e0 $e1))
p207278	-0.01310	-0.00385	-0.01544	-0.01445	-0.01444	0.02788	0.00342	0.00521	-0.00183	0.03027	0.00879	-0.01560	0.00183	0.00829	-0.00972	-0.00143	0.00483	0.00598	-0.01463	-0.00272	-0.00417	0.00759	0.01377	-0.00209	0.00473	-0.00150	0.01490	-0.01167	-0.01324	0.00522	-0.00887	-0.00550	(And (Member $e0 help) (Past $e0))
p207279	-0.00972	0.00302	-0.01260	0.01854	-0.01590	-0.00118	-0.00709	-0.00360	-0.00509	-0.00277	0.00624	0.00885	-0.00284	-0.00878	0.00164	0.00252	0.00471	-0.00703	-0.00440	-0.00293	-0.01464	-0.00028	-0.01569	0.00709	0.02557	-0.00233	0.01015	0.01435	-0.00640	0.00402	0.00343	-0.00579	(And (Member $e0 hold) (Patient $e0 $x0))
p207280	-0.00917	-0.01042	0.00198	-0.01187	0.01821	0.01250	-0.00231	0.00147	-0.00176	0.01563	-0.00820	-0.00240	-0.00224	0.00139	-0.01178	0.00255	0.02477	0.02016	-0.00707	-0.00404	-0.01721	-0.01406	-0.00204	-0.00689	0.00267	0.00005	0.00088	0.01092	-0.00960	-0.00178	0.00455	-0.00274	(And (Member $e0 hold_up) (Past $e0))
p207281	-0.00859	-0.01212	-0.00075	0.01756	-0.00686	-0.00590	-0.00238	-0.00235	-0.00661	0.00025	-0.00294	0.00707	-0.00236	-0.00813	-0.00264	0.02684	-0.00295	-0.00639	0.00541	-0.00190	-0.00767	-0.00438	-0.00531	0.00479	0.01047	0.00027	-0.00297	0.00881	0.01892	-0.00306	0.00134	-0.00357	(And (Member $e0 increase) (Past $e0))
p207282	-0.00863	-0.01215	-0.00077	0.01756	-0.00688	-0.00591	-0.00240	-0.00236	-0.00662	0.00022	-0.00297	0.00705	-0.00238	-0.00815	-0.00267	0.02684	-0.00298	-0.00640	0.00538	-0.00192	-0.00770	-0.00441	-0.00534	0.00476	0.01044	0.00025	-0.00300	0.00879	0.01889	-0.00308	0.00133	-0.00359	(And (Member $e0 increase) (Patient $e0 $x0))
p207283	0.01633	-0.00428	0.03737	0.00111	-0.00969	-0.02525	-0.00208	0.00004	-0.02869	0.02095	-0.01395	-0.01799	-0.01062	0.02716	0.08823	-0.03361	0.00469	0.02025	-0.00618	-0.01695	0.01368	-0.01008	-0.01322	-0.01500	0.00067	-0.01595	0.00457	-0.01115	0.05571	-0.00451	-0.01012	0.00147	(And (Member $e0 influence) (Past $e0))
p207284	0.00344	-0.01176	-0.00800	0.00602	0.02800	-0.01069	0.00665	-0.00078	-0.01897	0.00626	-0.03045	0.00797	0.01505	-0.01392	-0.01403	0.00848	0.01353	0.00213	-0.00317	-0.01104	-0.02590	-0.00032	-0.01844	-0.00223	0.00385	0.00388	0.00790	0.03203	-0.01265	-0.00782	0.01524	-0.00579	(And (Member $e0 lead) (Theme $e0 $x0))
p207285	-0.00206	0.01512	-0.00045	-0.01329	0.06733	0.00227	0.03832	-0.00215	-0.00212	-0.02433	0.04428	-0.03879	0.00004	-0.02000	0.00078	-0.00905	-0.00752	-0.00696	0.00088	0.05180	0.03317	-0.02087	-0.01235	-0.01456	0.00675	-0.02631	-0.03823	-0.01827	0.00537	-0.02921	-0.00475	-0.00070	(And (Member $e0 leave) (Patient $e0 $x0))
p207286	-0.00206	0.01512	-0.00045	-0.01329	0.06732	0.00227	0.03832	-0.00215	-0.00212	-0.02433	0.04428	-0.03879	0.00004	-0.02000	0.00078	-0.00905	-0.00752	-0.00696	0.00087	0.05180	0.03317	-0.02087	-0.01235	-0.01456	0.00675	-0.02632	-0.03823	-0.01827	0.00537	-0.02921	-0.00475	-0.00070	(And (Member $e0 leave) (Result $e0 $e1))
p207287	-0.00753	-0.00938	0.00210	0.00160	0.00695	-0.00346	0.00030	0.02398	-0.00264	0.00094	-0.00219	-0.00922	-0.00508	-0.00654	-0.00325	-0.00271	0.00122	-0.01327	0.00310	0.01553	0.01229	-0.00050	0.00547	0.00035	-0.00301	0.00445	-0.00404	-0.00736	-0.00677	0.00546	-0.00664	0.01347	(And (Member $e0 leave) (Theme $e0 $x0))
p207288	0.00937	-0.00617	-0.00580	0.00108	0.00450	-0.00627	-0.00347	0.00348	-0.00478	0.01435	-0.00788	-0.00328	0.01430	-0.00515	-0.00687	0.00098	0.01333	0.00298	-0.00864	-0.00017	-0.00552	-0.00961	0.00314	-0.00801	0.00388	-0.00234	0.00074	0.00865	-0.00858	-0.00180	0.00159	-0.00243	(And (Member $e0 pick_up) (Past $e0))
p207289	0.00593	-0.02302	0.00663	0.02384	0.00115	-0.00483	-0.00907	-0.00301	0.00955	0.00010	-0.01470	0.01471	-0.00449	-0.03025	-0.00396	0.00770	0.00340	-0.02149	0.00431	0.02794	0.02045	-0.03431	-0.01757	0.02246	-0.01144	0.00455	0.01840	-0.01535	-0.02644	-0.01080	0.01858	0.04885	(And (Member $e0 play) (Ongoing $e0))
p207290	-0.01114	-0.00627	-0.01965	0.01321	-0.01723	0.00393	0.00436	0.03239	0.00302	-0.00533	0.00249	0.00221	-0.00677	0.00363	-0.00428	-0.00234	-0.00052	-0.00822	0.00228	-0.00332	0.00655	0.00432	-0.00206	0.00650	0.00693	0.00696	-0.00553	-0.01587	-0.00300	0.00812	-0.01084	-0.00410	(And (Member $e0 play) (Past $e0))
p207291	-0.01039	-0.00568	-0.00449	0.01485	0.00444	-0.00629	0.01764	0.03108	0.00837	-0.00941	-0.01324	0.00402	-0.00427	0.00193	-0.00268	-0.00199	-0.01579	-0.00237	0.01128	-0.00932	0.00106	0.01147	-0.01004	0.00354	-0.00758	0.01497	-0.00417	-0.01441	-0.00590	-0.00571	-0.00657	0.02710	(And (Member $e0 read) (Theme $e0 $x0))
p207292	0.03314	0.02339	0.01289	-0.00060	-0.01092	-0.01342	0.00533	-0.00418	0.01788	-0.01587	-0.01591	-0.00656	-0.01232	-0.01335	0.00494	-0.00766	-0.00358	0.01071	0.00216	-0.00413	-0.01097	0.01998	0.01425	0.03659	-0.00394	-0.01218	0.00317	-0.01268	0.00650	-0.03183	-0.00861	-0.00440	(And (Member $e0 return) (Past $e0))
p207293	-0.00567	-0.01393	-0.00873	-0.00311	0.01755	0.00017	-0.00292	0.00732	-0.00884	0.01649	-0.01276	-0.00230	-0.00779	0.00059	-0.00981	0.00619	0.03363	-0.00026	-0.00984	-0.00595	-0.00843	-0.00871	-0.00017	-0.01070	-0.00064	0.00062	-0.00575	0.02238	-0.01385	0.00477	0.00321	-0.00535	(And (Member $e0 rule) (Past $e0))
p207294	0.01673	-0.00496	0.00013	0.00259	0.00198	-0.01083	-0.00102	0.02212	-0.00854	0.00506	-0.01101	-0.00883	0.04047	-0.01061	-0.01390	-0.00794	-0.00292	-0.00853	0.00206	0.00980	0.00761	0.01262	0.01933	-0.00552	-0.00546	0.00018	0.00611	-0.01123	-0.00177	-0.00105	-0.01150	-0.00402	(And (Member $e0 say) (Theme $e0 $x0))
p207295	-0.01127	0.00742	-0.00801	-0.02624	-0.00608	0.00092	-0.00684	-0.00447	-0.00107	0.00743	0.01010	-0.00471	-0.00111	-0.00316	0.00538	-0.00329	0.00745	-0.00106	-0.01427	0.00064	-0.01317	0.00362	0.01236	0.00146	0.02759	0.00423	0.00770	0.00313	-0.01467	0.00330	0.00495	-0.00500	(And (Member $e0 solve) (Patient $e0 $x0))
p207296	-0.00082	0.11828	0.05549	-0.01996	0.05237	-0.05354	-0.01747	-0.02805	-0.03543	0.04133	-0.00865	0.00069	0.00095	0.00245	0.06867	0.05607	0.03161	0.00307	-0.05380	-0.00659	-0.00085	-0.01683	-0.02927	-0.04126	0.00092	-0.00235	0.00292	0.07053	-0.02976	-0.04596	-0.02048	0.00199	(And (Member $e0 spend) (Past $e0))
p207297	-0.00082	0.11828	0.05549	-0.01996	0.05237	-0.05354	-0.01747	-0.02805	-0.03543	0.04133	-0.00865	0.00069	0.00095	0.00245	0.06867	0.05607	0.03161	0.00307	-0.05380	-0.00659	-0.00085	-0.01683	-0.02927	-0.04126	0.00092	-0.00235	0.00292	0.07053	-0.02976	-0.04596	-0.02048	0.00199	(And (Member $e0 spend) (Theme $e0 $x0))
p207298	-0.01139	0.01705	0.01244	0.01522	-0.00013	-0.01145	-0.01565	-0.01093	0.01668	-0.00237	-0.00391	-0.01884	0.00049	0.01254	-0.00749	-0.01637	0.00362	0.00384	-0.00773	0.01554	0.00013	0.00847	0.00185	-0.02250	-0.01530	-0.00458	0.00264	0.02063	0.01809	-0.00198	-0.00711	0.03879	(And (Member $e0 stand) (Ongoing $e0))
p207299	-0.00173	0.00896	0.01483	0.00879	-0.00238	-0.00302	-0.01025	-0.00344	-0.02113	-0.00756	0.00756	-0.00838	-0.00424	-0.01862	0.00051	-0.00268	-0.00323	-0.01356	-0.00362	0.02150	-0.01133	0.00048	-0.01595	0.00127	0.01156	0.02255	-0.00517	0.02040	0.00413	0.01658	0.00146	-0.00842	(And (Member $e0 stick) (Past $e0))
p207300	-0.00187	0.00883	0.01472	0.00866	-0.00253	-0.00315	-0.01042	-0.00358	-0.02127	-0.00773	0.00741	-0.00849	-0.00439	-0.01876	0.00036	-0.00280	-0.00337	-0.01368	-0.00376	0.02135	-0.01147	0.00031	-0.01608	0.00112	0.01141	0.02241	-0.00531	0.02024	0.00401	0.01641	0.00130	-0.00857	(And (Member $e0 stick) (Patient $e0 $x0))
p207301	-0.06808	0.01916	0.14027	0.03114	0.00717	0.19664	0.06041	0.00180	0.05359	0.09408	-0.02563	0.00015	0.03344	0.02778	-0.03675	0.01981	-0.05022	0.01083	-0.02534	-0.03412	-0.05829	0.06809	-0.10557	-0.04658	-0.02613	-0.05392	0.09510	-0.05132	-0.02534	-0.03089	-0.02083	0.01613	(And (Member $e0 stop) (Theme $e0 $e1))
p207302	0.00103	0.01562	0.00232	0.00344	0.00918	0.00912	-0.00206	0.00208	0.00586	-0.00514	-0.00053	-0.01752	0.00199	-0.00283	-0.01219	0.01015	0.00515	-0.00687	-0.00267	-0.00476	0.01499	0.01387	0.01009	-0.00351	-0.01079	0.00076	-0.01439	-0.01084	-0.01261	-0.00581	-0.00875	-0.00067	(And (Member $e0 succeed) (Past $e0))
p207303	-0.01612	-0.01426	0.02984	0.00321	0.00417	-0.03414	0.00275	-0.01271	-0.00986	-0.00448	0.00179	-0.01422	0.00000	-0.01058	0.10319	-0.02832	0.00542	-0.01745	0.01492	-0.02000	-0.01453	0.04451	-0.00956	0.02869	-0.00195	-0.00056	-0.00779	-0.02166	0.02781	-0.00420	-0.02571	0.00098	(And (Member $e0 suggest) (Past $e0))
p207304	0.01217	0.00481	-0.01472	0.00224	-0.03123	-0.00339	0.00398	0.04308	0.00034	-0.00396	-0.00879	0.00507	-0.01740	0.01222	-0.00148	-0.00742	0.00944	0.00946	-0.00084	-0.00338	0.01929	-0.00454	0.02889	0.02468	0.00510	-0.00494	-0.00833	-0.03522	-0.00645	-0.00150	-0.01634	-0.00573	(And (Member $e0 take_over) (Past $e0))
p207305	-0.00071	-0.00502	-0.00681	0.00459	-0.00250	-0.00777	0.00081	-0.00672	0.00244	-0.00682	0.00294	-0.00553	-0.00041	-0.00646	-0.00560	-0.01004	0.00245	0.01624	0.00956	-0.00474	0.00476	0.00550	0.00285	0.00735	-0.00957	-0.00600	-0.01054	-0.00227	0.00580	-0.00399	-0.01053	0.01104	(And (Member $e0 talk) (Past $e0))
p207306	0.00253	0.00454	0.01229	0.00271	0.00211	0.01539	-0.00769	-0.00444	0.00415	-0.01275	0.00384	-0.01580	-0.00383	-0.00258	-0.01008	0.00001	-0.00095	-0.00312	-0.00046	-0.00072	0.00782	-0.01135	0.02183	-0.00222	-0.00526	-0.00469	-0.00968	0.00719	-0.00779	-0.00055	0.01012	-0.00337	(And (Member $e0 talk) (To $e1 $e0))
p207307	-0.00181	-0.00093	0.00067	-0.01344	-0.02830	-0.03195	-0.00117	-0.00691	-0.00030	-0.00782	-0.00391	0.01010	-0.00586	-0.01378	-0.02250	-0.00391	-0.00176	0.04483	0.01923	0.00663	-0.02762	0.02205	0.06370	0.06909	-0.00134	-0.01409	0.00016	-0.03035	-0.01702	-0.02594	-0.02810	-0.01033	(And (Member $e0 travel) (Past $e0))
p207308	-0.00127	-0.00812	-0.00353	-0.00319	0.01032	0.00039	-0.00343	-0.00794	-0.00404	0.00098	-0.00608	-0.00931	-0.00084	-0.00770	-0.00868	0.00073	0.01165	0.00894	0.00395	-0.00332	-0.00590	0.00160	0.00382	-0.00004	-0.00332	-0.00408	0.00601	0.01046	-0.00762	-0.00283	-0.00029	-0.00337	(And (Member $e0 watch) (Past $e0))
p207309	-0.01655	0.00193	0.01085	0.00632	0.00740	0.00189	-0.00418	0.01711	-0.00450	-0.00991	0.00061	0.00547	-0.01196	-0.01532	-0.02099	0.00198	-0.02277	0.02032	0.00341	-0.00313	-0.02056	-0.01419	0.02798	0.03748	-0.00225	-0.00809	-0.00695	0.02331	-0.01970	-0.01089	0.00322	0.01259	(And (Member $e0 watch) (Theme $e0 $x0))
p207310	-0.00543	-0.00996	-0.00498	-0.01209	0.01951	-0.00873	-0.00114	-0.00604	-0.00527	0.01462	-0.00833	-0.00209	-0.00154	-0.00818	-0.00930	0.00528	0.01611	0.01881	-0.00451	-0.00214	-0.02071	-0.00437	-0.00455	0.00078	0.00256	-0.00392	-0.00234	0.01991	-0.01285	-0.00448	0.00011	-0.00307	(And (Member $e0 welcome) (Past $e0))
p207311	-0.00533	0.00105	0.00491	0.00980	0.00267	-0.00502	0.00622	0.00162	0.01190	0.00266	-0.00607	0.00329	0.00155	0.00240	-0.00080	-0.00078	-0.00635	0.00580	-0.00391	-0.00419	-0.00156	-0.00354	-0.00455	-0.00746	-0.00689	0.00671	-0.00257	-0.00730	-0.01114	-0.01061	0.00629	0.03758	(And (Member $e0 work) (Ongoing $e0))
p207312	0.01288	-0.01958	0.00526	-0.01629	0.00928	0.01132	-0.01685	-0.01022	-0.01146	-0.00675	-0.00546	-0.04394	0.01741	-0.00972	0.01359	-0.02002	0.01235	-0.01858	0.00178	-0.00838	0.03514	0.00234	0.03181	-0.02329	0.01604	-0.01053	0.02403	-0.01507	0.03201	-0.00909	0.02430	0.01620	(And (Member $x0 big) (Patient $e0 $x0))
p207313	0.03101	-0.00205	0.01750	-0.03130	0.00069	-0.02591	0.00286	0.00116	0.01438	0.00460	0.01050	-0.00569	-0.00472	-0.01360	0.00124	0.01559	-0.00859	0.00431	0.00501	-0.01367	-0.01664	0.03352	0.01489	-0.01139	0.02463	-0.00717	0.01064	-0.01690	-0.02278	0.00242	-0.01379	0.02781	(And (Member $x0 blue) (Member $x0 sky))
p207314	-0.01124	-0.02192	-0.00162	-0.00317	0.00881	-0.00711	-0.00020	0.00837	-0.00775	0.00893	-0.00885	0.00156	-0.00507	0.00391	-0.01433	0.03696	-0.00054	0.00151	0.00536	-0.00301	-0.00252	-0.00628	0.01898	-0.00104	-0.00138	0.00478	-0.00922	0.00581	0.01553	-0.00178	0.00420	-0.00405	(And (Member $x0 bottom) (PartOf $x0 $x1))
p207315	0.00235	0.01044	0.00194	0.02817	-0.02960	-0.00104	-0.00274	0.00941	-0.00628	-0.01984	-0.01144	0.02322	-0.00904	-0.00054	0.00267	-0.01389	-0.00995	0.03325	0.01107	-0.00926	0.01176	-0.01830	-0.00254	0.02517	0.01104	-0.01904	0.00062	-0.01475	0.01877	-0.01289	-0.00588	0.01958	(And (Member $x0 fire) (Patient $e0 $x0))
p207316	-0.00750	-0.01045	0.00003	-0.00523	0.00090	-0.00004	-0.00615	-0.00471	-0.00602	-0.00032	0.00020	-0.01467	-0.00460	0.00014	-0.00963	0.01740	0.00175	-0.00764	0.00090	0.01334	0.00938	-0.00893	0.02551	-0.00104	-0.00244	-0.00082	-0.00939	0.00591	0.00413	0.00131	0.00713	-0.00682	(And (Member $x0 house) (Member $x0 large))
p207317	-0.01082	0.02994	0.00283	-0.00951	-0.00195	0.00822	-0.00681	0.00137	0.00173	-0.01161	0.01099	-0.02396	0.00025	-0.00335	-0.00732	0.00874	-0.00550	0.00480	-0.01319	0.01549	0.01978	-0.00660	0.00633	-0.01404	0.01719	-0.00898	-0.01015	0.00618	-0.00845	-0.00330	0.00784	-0.00467	(And (Member $x0 house) (Patient $e0 $x0))
p207318	-0.01748	0.00301	-0.01173	-0.03171	-0.01013	-0.00707	-0.01021	-0.00529	-0.00355	0.01490	0.01701	-0.00747	-0.00053	-0.01352	0.01162	-0.00173	0.00786	-0.00191	-0.01801	-0.00141	-0.02065	0.00805	0.01944	0.00155	0.04371	0.00602	0.01192	0.00116	-0.01769	0.00530	0.00708	0.00816	(And (Member $x0 light) (Patient $e0 $x0))
p207320	-0.00227	-0.00932	-0.01192	0.00096	0.00053	0.00472	0.00051	0.02020	0.00039	0.00030	-0.00582	-0.00795	-0.00646	0.00135	-0.00447	-0.00116	0.00643	-0.01164	0.00184	-0.00267	0.00699	0.00279	0.00695	0.00089	-0.00140	0.00493	0.00326	-0.00521	-0.00584	0.00664	-0.00349	-0.00460	(And (Member $x0 orchestra) (Theme $e0 $x0))
p207321	-0.01031	-0.01248	-0.01071	-0.01341	0.00093	-0.00259	-0.00229	0.01409	-0.00528	0.01533	-0.00392	-0.01276	-0.00579	-0.00217	-0.00674	0.00088	0.01973	-0.00237	-0.01123	0.01394	-0.00054	-0.00619	0.01384	-0.00682	0.00221	0.00036	-0.00684	0.00081	-0.01265	0.01348	-0.00520	-0.00822	(And (Member $x0 picture) (Theme $e0 $x0))
p207322	-0.01057	0.01648	-0.00863	-0.02669	-0.00082	0.01953	-0.00783	-0.00507	-0.00338	0.00350	0.00393	0.00278	-0.00202	-0.00379	0.00091	-0.00750	0.01377	-0.00348	-0.01319	-0.00783	-0.01482	0.00154	0.01287	0.01221	0.02721	0.00616	-0.00039	-0.00378	-0.00654	0.01434	-0.00285	0.00723	(And (Member $x0 problem) (Patient $e0 $x0))
p207323	-0.01350	-0.01868	-0.03105	-0.00057	-0.00293	0.00326	0.00026	0.01865	0.00591	0.01759	0.00201	-0.00399	-0.00173	0.00134	-0.00951	0.00810	0.01961	-0.00716	-0.00873	-0.00574	-0.00371	0.01076	0.00689	-0.00208	0.00588	0.00909	0.00135	-0.00807	-0.01440	0.01694	-0.00541	-0.00559	(And (Member $x0 song) (Theme $e0 $x0))
p207324	0.02974	0.00562	0.02722	-0.00010	-0.00167	-0.03177	-0.00487	-0.01189	-0.02236	0.01280	-0.01286	0.00823	0.04316	-0.00030	0.04941	-0.02384	-0.00000	0.00558	-0.00302	-0.00890	-0.00605	-0.00240	-0.00332	-0.01639	-0.00134	-0.01090	0.01279	0.00730	0.03835	-0.01523	-0.01069	0.00139	(And (Member $x0 thing) (Possession $x1 $x0))
p207325	0.03119	-0.01200	0.01150	0.00379	0.00776	-0.01403	-0.00642	-0.00263	-0.01224	0.01128	-0.01619	-0.01311	0.05374	-0.01045	-0.01841	0.01495	-0.00106	-0.00488	0.00114	-0.00726	0.00879	0.00796	0.03611	-0.01842	-0.01141	-0.00579	-0.00436	-0.00687	0.01939	-0.01444	-0.00089	-0.00108	(And (Member $x0 thing) (Stimulus $e0 $x0))
p207326	-0.00119	0.03260	-0.01771	-0.02613	0.02554	0.05906	0.00067	-0.00972	-0.01759	-0.00543	-0.00614	0.02343	-0.00740	0.00820	-0.00734	-0.01816	0.03680	-0.01070	-0.00766	-0.02779	-0.01407	-0.00343	0.01672	0.03143	0.02196	0.00013	-0.01661	-0.01769	0.02380	0.05411	-0.02161	0.01547	(And (Member $x0 weather) (Patient $e0 $x0))
p207327	0.05065	-0.00255	0.06028	0.00574	-0.07384	-0.06741	0.00526	0.06732	-0.07649	0.05612	-0.03267	-0.01492	-0.05553	0.04292	0.29067	-0.09162	0.06924	-0.03415	-0.02189	-0.01949	0.05488	-0.05932	0.00230	-0.02545	0.00435	-0.02132	0.01900	-0.03297	0.15183	0.00381	-0.06402	-0.00481	(And (Member $x0 work) (Theme $e0 $x0))
p207328	-0.01407	0.00496	-0.00925	-0.02291	-0.01062	-0.00464	-0.00174	0.00970	0.00054	0.00245	0.01272	0.00100	-0.00265	0.00045	0.00842	-0.00580	-0.00137	0.00180	-0.00776	-0.00159	-0.01099	0.01039	0.00734	0.00320	0.02740	0.00581	0.00677	-0.00367	-0.00659	0.00493	-0.00181	-0.00389	(And (Might $e0) (Patient $e0 $x0))
p207329	0.00864	-0.00341	-0.01020	-0.00153	0.01847	-0.00021	-0.01086	-0.01606	0.00885	0.02538	0.00986	-0.02600	-0.00289	-0.01175	-0.01033	-0.01515	0.02557	-0.00929	0.02027	0.00098	0.01612	-0.00905	0.00683	0.00332	-0.01190	-0.01601	-0.01229	-0.02131	0.02909	-0.01151	0.01267	0.01387	(And (Only $x0 $e0) (Past $e0))
p207332	-0.01381	-0.01564	-0.01072	-0.01435	-0.00712	0.00751	-0.00168	0.00332	-0.00093	-0.01019	0.00942	-0.02456	-0.00255	0.00529	-0.00138	-0.00979	-0.00478	0.02299	0.00215	-0.00154	0.02325	0.00059	0.01352	-0.01257	0.01703	-0.01371	-0.00983	-0.00993	0.03290	-0.00056	0.01298	-0.00551	(And (PartOf $x0 $x1) (Patient $e0 $x0))
p207334	0.00190	0.00080	0.00255	0.00952	0.00087	0.00548	-0.00286	-0.00606	0.00229	-0.00695	-0.00158	-0.01088	-0.00125	-0.00513	-0.00316	-0.00131	0.00303	-0.00604	0.00408	-0.00277	-0.00006	0.00566	-0.00113	0.00015	-0.00188	-0.00376	-0.00334	0.00331	-0.00241	-0.00333	-0.00263	-0.00205	(And (Past $e0) (Time $e0 later))
p207335	0.01222	-0.01638	-0.00271	0.03513	0.03845	-0.04154	-0.00705	0.00290	0.00801	0.00292	0.07677	0.03608	-0.00954	0.14501	-0.02152	-0.02480	0.02326	0.02329	0.02807	0.00878	-0.00786	-0.04361	0.03286	-0.05173	-0.01123	-0.03747	0.10892	-0.04204	-0.01008	-0.02440	-0.04981	-0.00919	(And (Past $e0) (Time $e0 now))
p207336	0.00160	-0.01188	-0.00885	-0.00174	0.01010	-0.00194	0.02144	-0.00397	-0.00548	-0.00095	-0.02413	-0.01322	-0.00313	-0.01976	0.00358	0.00633	0.00789	0.00231	-0.00474	-0.00430	-0.01123	0.00520	-0.00246	-0.00438	-0.00285	0.01001	-0.00406	0.00538	-0.01777	-0.00728	0.02824	-0.00474	(And (Past $e0) (Time $e0 today))
p207337	-0.00348	-0.00073	-0.00686	0.00358	-0.00196	-0.00158	0.00662	-0.00540	0.00810	-0.00899	-0.00762	-0.01492	0.00071	-0.00157	-0.00576	-0.00692	0.00101	0.00992	0.00153	-0.00922	-0.00037	0.01262	0.00703	-0.00507	-0.00817	0.00342	-0.00079	-0.00363	-0.00122	-0.00836	0.00788	0.00959	(And (Past $e0) (With $e0 $x0))
p207338	0.01459	-0.01918	0.05433	0.00047	0.00448	0.01311	0.00235	-0.00329	-0.02406	0.02015	-0.01199	-0.03068	-0.01248	0.01620	0.08265	-0.02969	-0.00115	-0.00995	-0.00135	0.00377	0.02112	-0.03007	-0.00732	-0.01722	0.01133	-0.01969	0.04485	-0.02575	0.04535	-0.02429	0.00326	0.01588	(And (Patient $e0 $x0) (Possession $x0 $x1))
p207339	-0.01131	0.01131	-0.00539	-0.02544	0.00126	0.01678	-0.00671	-0.00325	-0.00050	0.00478	0.00114	0.00641	-0.00088	-0.00441	0.00357	-0.00674	0.01279	-0.00205	-0.00996	-0.01266	-0.01605	0.00214	0.01211	0.01249	0.02707	0.00843	-0.00272	-0.01199	-0.00433	0.01520	-0.00511	0.02294	(And (Patient $e0 $x0) (Probably $e0))
p207340	-0.00741	0.00361	-0.01102	0.03511	-0.01625	0.00174	-0.00606	-0.00351	-0.00677	-0.00753	0.00322	0.01381	-0.00368	-0.01188	-0.00035	0.00435	0.00289	-0.00906	-0.00064	-0.00209	-0.01193	-0.00597	-0.02780	0.00964	0.01918	-0.00439	0.00478	0.01971	-0.00076	0.00356	0.00193	-0.00494	(And (Patient $e0 $x0) (Time $e0 night))
p207341	-0.01972	-0.00175	0.01210	-0.02974	-0.00395	0.01258	-0.01594	-0.00931	-0.00556	-0.00828	0.01263	-0.03227	-0.00331	-0.01430	-0.00448	-0.00668	0.00155	0.00297	-0.01213	0.01299	0.00179	-0.01291	0.04495	0.00169	0.02621	-0.01092	0.00328	0.01001	-0.01266	-0.00369	0.02873	-0.01126	(And (Patient $e0 $x0) (To $e1 $e0))
p207343	0.01345	0.00677	-0.05428	0.02087	-0.05147	-0.03115	0.04268	0.00549	-0.08183	0.07066	0.08845	0.00931	-0.02501	-0.02211	-0.00355	-0.02152	-0.03059	-0.01175	-0.03995	0.00041	0.05928	-0.01441	-0.01458	0.03156	-0.03155	0.00796	-0.05478	0.10074	0.04705	0.04969	-0.03930	-0.01111	(And (Recipient $e0 $x0) (Theme $e1 $e0))
p207344	0.06353	-0.02141	-0.06287	-0.02960	-0.06559	0.12845	-0.01593	0.01098	-0.05450	-0.06738	0.07009	-0.07020	0.01124	0.09043	0.06541	0.05957	0.01557	0.00607	0.04743	0.06812	-0.00653	0.05344	-0.05498	0.04930	0.00010	-0.04948	-0.03493	0.01549	-0.01913	-0.04748	0.04892	0.05571	(And (Theme $e0 $x0) (Theme $e0 $x1))
p207345	-0.01885	0.01333	-0.00728	0.00595	-0.00615	-0.00651	0.00801	0.02804	-0.00618	-0.00435	0.00770	0.00982	-0.00180	0.00570	-0.00459	-0.00709	-0.02383	0.00492	0.04074	-0.01096	-0.00114	0.01461	-0.00864	0.00352	-0.00223	0.00560	-0.00574	-0.01686	0.00732	0.01637	-0.00967	-0.00103	(And (Theme $e0 $x0) (To $e0 $x1))
p207568	0.00497	-0.01076	-0.00654	-0.00308	0.00977	-0.00880	0.02426	-0.00647	0.00020	-0.00999	-0.00579	-0.00874	-0.00084	-0.01778	-0.00135	-0.00393	0.00100	0.01763	0.01108	0.00701	-0.00542	0.00218	0.01078	0.01519	-0.00631	-0.00608	-0.00662	-0.01759	-0.00642	-0.01590	0.00381	-0.00388	(Against $e0 $x0)
p207569	0.01378	0.00477	0.00934	-0.00061	0.00235	0.00621	-0.00675	-0.00315	-0.00479	-0.01121	0.01296	-0.01533	-0.00402	-0.00910	-0.00410	-0.00209	-0.00007	-0.00731	0.00202	-0.00208	0.00273	-0.00252	0.01005	-0.00381	-0.00510	0.02305	-0.00587	0.00272	0.00504	-0.00597	0.00020	-0.00135	(Agent $e0 adriano)
p207570	0.00635	0.00151	0.00882	0.00514	0.00603	0.01152	-0.00410	-0.00957	0.00393	-0.00946	-0.00092	-0.01508	-0.00121	-0.00286	-0.00720	-0.00436	0.00781	-0.00779	0.00626	-0.00723	0.00318	0.01546	0.00766	-0.00304	-0.00937	-0.00604	-0.00319	-0.00226	-0.00253	-0.00545	-0.00552	-0.00187	(Agent $e0 alexander)
p207571	0.00897	0.00027	0.01388	0.00852	0.01563	0.01338	-0.00246	-0.01093	0.00512	-0.01354	0.00068	-0.02288	-0.00084	-0.00491	-0.00844	-0.00573	0.00708	-0.01026	0.01168	-0.00244	0.00669	0.01025	0.00770	-0.00353	-0.01269	-0.00970	-0.00733	-0.00404	0.00067	-0.00962	-0.00769	-0.00018	(Agent $e0 baya)
p207572	0.01731	0.01289	0.03028	0.00601	0.00882	0.02649	-0.01342	-0.00895	0.00078	-0.02646	0.01383	-0.03696	-0.00560	-0.01894	-0.01549	-0.00360	-0.00231	-0.01225	0.00373	-0.00287	0.00691	-0.01081	0.02426	-0.00669	-0.01231	0.01792	-0.01438	0.00677	-0.00518	-0.01338	0.00941	-0.00234	(Agent $e0 daniel)
p207573	-0.07966	-0.00182	0.03960	-0.01180	0.01746	0.02345	0.01942	0.01076	0.02686	0.07257	0.04378	-0.05285	0.02451	0.06239	-0.01514	-0.01695	-0.04976	-0.00607	-0.02772	-0.02448	0.00466	0.07106	0.01920	-0.01884	-0.01493	-0.00417	-0.01650	-0.01906	0.01133	-0.04988	-0.03784	0.08005	(Agent $e0 david)
p207574	-0.01047	-0.01664	0.01082	-0.01384	0.00539	-0.00204	-0.00740	-0.01081	-0.00669	0.00185	-0.00083	-0.02778	-0.00187	-0.00814	-0.00423	0.02480	0.00659	-0.01277	0.00430	0.01271	0.00173	0.00795	0.02913	-0.00631	0.00397	-0.00127	-0.00535	0.00066	0.01574	-0.00320	0.00244	-0.00698	(Agent $e0 elias)
p207575	0.00060	0.01289	0.01597	0.01932	-0.00029	-0.00643	-0.01263	-0.00964	0.00139	0.00342	-0.00668	-0.00523	0.02120	0.00150	-0.00667	-0.01095	-0.00099	0.00314	-0.00560	0.00564	-0.00460	-0.00394	-0.00422	-0.01961	-0.00856	-0.00123	0.00556	0.01403	0.01036	-0.00935	-0.00573	0.02928	(Agent $e0 felix)
p207576	0.01094	-0.00407	0.00256	0.00326	0.01228	0.00861	0.00052	0.00158	0.00535	-0.00951	0.00219	-0.01575	-0.00333	-0.00269	-0.00701	-0.00416	0.00860	-0.00949	0.00760	-0.00001	0.01055	0.00480	0.00900	-0.00586	-0.00806	-0.00698	-0.00676	-0.00891	-0.00271	0.00084	-0.00639	-0.00205	(Agent $e0 gustavo)
p207577	0.00595	0.02940	0.00972	0.03301	-0.01384	-0.02575	-0.01249	0.01247	-0.02173	0.01542	-0.03505	0.00860	-0.01395	0.06086	-0.01986	0.01763	-0.02431	-0.00204	-0.00957	-0.02596	-0.01653	0.01630	0.06118	0.06240	-0.00209	0.01465	-0.00554	-0.01233	-0.03624	-0.02006	-0.00384	-0.00338	(Agent $e0 ivan)
p207578	-0.06111	0.04049	0.01273	-0.00544	-0.02771	-0.00817	0.03021	0.05201	0.00197	0.04055	0.03199	0.02194	0.01780	0.00264	-0.03492	0.04501	-0.05423	-0.02340	-0.03435	0.07578	0.02363	0.00945	0.01167	0.04422	-0.00389	0.01926	-0.02009	-0.01418	-0.05206	-0.02461	-0.04401	0.01315	(Agent $e0 jessica)
p207579	-0.01013	0.00338	0.00863	0.00830	-0.00217	0.01439	0.00413	0.01198	0.01068	0.00680	0.00121	0.00589	-0.00090	0.01351	-0.00795	0.00086	-0.01283	0.00316	-0.00066	-0.00518	-0.00152	0.00202	-0.01009	-0.00602	-0.00729	-0.00011	0.00221	-0.00830	-0.00699	-0.00041	-0.01237	0.01609	(Agent $e0 linda)
p207580	-0.07205	0.01252	0.06063	-0.01825	0.00769	0.02075	0.03297	0.02724	0.01046	0.04550	0.05019	-0.05097	0.01395	0.04600	-0.01469	-0.01985	-0.05534	-0.01282	-0.01492	-0.02230	0.01161	0.09155	0.02972	-0.00335	-0.01221	-0.01079	-0.02747	-0.01785	0.01413	-0.05310	-0.04734	0.02736	(Agent $e0 mark)
p207581	-0.00234	0.00562	0.01789	-0.01345	0.00041	0.01243	-0.00527	-0.00431	-0.00383	0.00131	0.01222	-0.01715	-0.00085	-0.00995	-0.00212	-0.00169	0.00108	-0.00607	-0.00395	0.00947	-0.00973	0.00512	0.00560	-0.00737	0.00606	0.01825	0.00540	0.00004	-0.00368	-0.00073	-0.00357	-0.00303	(Agent $e0 martino)
p207582	-0.00320	-0.00524	0.00318	-0.00111	-0.00272	0.00059	-0.00325	0.00186	0.00052	-0.00313	0.00042	-0.00612	-0.00374	-0.00576	-0.00481	0.00059	0.00872	-0.00728	-0.00026	0.00991	0.00661	-0.00138	0.00764	-0.00388	-0.00369	-0.00267	-0.00555	-0.00291	-0.00596	0.00093	-0.00100	-0.00447	(Agent $e0 mary)
p207583	0.01147	-0.00439	-0.00245	-0.00644	-0.00365	0.00736	-0.00493	0.00249	-0.00322	-0.00882	0.01511	-0.00817	-0.00399	-0.00454	-0.01264	-0.00801	0.01068	0.01050	0.00506	-0.00840	-0.00192	0.00776	0.01160	-0.00296	-0.00641	0.02190	0.00277	-0.01696	0.00239	-0.00658	-0.01087	-0.00313	(Agent $e0 matthew)
p207584	0.01361	0.00628	0.01553	0.00222	0.00647	0.00956	-0.00785	-0.00444	-0.00283	-0.01354	0.01268	-0.01642	-0.00319	-0.01183	-0.00706	-0.00459	-0.00084	-0.00949	0.00379	-0.00600	0.00252	0.00263	0.00844	-0.00410	-0.00840	0.02267	-0.00819	-0.00217	0.00219	-0.01081	-0.00235	0.01016	(Agent $e0 mennad)
p207585	0.05903	0.01150	0.02334	0.01585	-0.00491	0.01053	-0.01438	0.01272	0.01053	-0.02182	0.00238	-0.02740	0.02928	-0.01833	-0.02098	-0.01106	0.00077	-0.00097	-0.00557	-0.00406	0.01998	-0.03445	0.02789	-0.03001	-0.01627	0.01165	-0.00517	-0.00785	-0.00597	-0.00757	0.00805	0.01226	(Agent $e0 michael)
p207586	0.00564	0.00409	0.01534	0.00026	0.00598	-0.00277	-0.00584	-0.01237	-0.00796	-0.00430	-0.00220	-0.02203	0.01749	-0.01268	-0.00206	-0.01128	0.00443	-0.00704	0.00273	0.00978	0.00393	0.01273	0.00988	-0.00820	-0.00871	-0.00922	-0.00808	0.00699	0.00966	-0.00344	-0.00853	-0.00427	(Agent $e0 pietro)
p207587	0.00474	0.00876	0.01310	-0.00788	0.00078	0.00397	-0.00849	-0.00360	-0.01077	-0.01054	0.01273	-0.00798	-0.00477	-0.01028	-0.00185	-0.00453	-0.00051	-0.00672	-0.00156	0.00934	-0.00569	-0.00342	0.00249	-0.00318	-0.00155	0.03161	-0.00543	0.00623	0.00223	-0.00014	-0.00197	-0.00467	(Agent $e0 roger)
p207588	-0.05506	0.00801	-0.00681	-0.02103	-0.00005	-0.03715	0.02081	0.02850	-0.01558	0.03861	0.04367	-0.01589	0.03452	0.04269	-0.00774	-0.02194	-0.04407	-0.00409	-0.01183	-0.01495	0.01359	0.06841	0.03703	0.01390	-0.00083	0.00163	-0.03964	-0.00588	0.01658	-0.02402	-0.04159	0.01921	(Agent $e0 william)
p207589	-0.00849	0.00841	0.00982	0.01186	0.00263	-0.00894	-0.00911	-0.00563	0.00950	-0.00097	-0.00226	-0.00892	0.00102	0.00901	-0.00510	-0.00918	-0.00025	0.00266	-0.00188	0.00430	0.00121	0.00285	0.00225	-0.01416	-0.01143	-0.00026	-0.00348	0.00833	0.00321	-0.00356	-0.00756	0.03713	(Agent $e0 ziri)
p207590	-0.00254	-0.00796	-0.00070	-0.00543	0.01102	-0.00095	-0.00085	-0.00683	0.00035	0.00285	-0.00532	-0.00855	-0.00047	-0.00682	-0.00733	0.00044	0.01044	0.01165	0.00282	-0.00270	-0.00877	0.00198	0.00024	0.00144	-0.00231	-0.00508	-0.00341	0.00615	-0.00506	-0.00587	-0.00249	-0.00198	(At $e0 $x0)
p207591	0.01645	-0.00262	0.00312	0.00793	0.00477	0.01747	0.02173	-0.00825	0.01151	-0.02052	-0.01819	-0.02422	-0.00236	-0.02007	-0.00318	-0.00342	0.00738	-0.00816	0.00656	-0.00974	0.00280	0.02800	0.00439	-0.00092	-0.01301	-0.00075	-0.00541	-0.01341	-0.00598	-0.01298	0.01439	-0.00399	(Because $e0 $e1)
p207592	-0.00134	-0.00837	-0.00544	0.00269	-0.00078	-0.00130	0.01613	-0.00034	-0.00144	-0.00550	-0.00622	-0.00144	-0.00174	-0.01077	0.00961	0.00082	-0.00039	-0.00206	-0.00081	0.00323	-0.00069	-0.00294	-0.00500	0.00047	0.00352	0.00313	-0.00242	-0.00461	-0.00472	-0.00472	0.01584	-0.00244	(But $e0 $x0)
p207593	0.00021	-0.00470	-0.00522	-0.00003	-0.00078	0.00034	0.01822	0.00107	0.00111	-0.00363	-0.00910	0.00709	-0.00203	-0.00661	0.00793	0.00298	-0.00032	0.00186	-0.00201	0.00253	-0.00278	-0.00502	-0.00724	0.00178	-0.00041	0.00567	-0.00302	-0.00573	-0.01058	-0.00109	0.01397	-0.00222	(Every $e0 <num> week)
p207594	0.00531	0.00082	-0.00626	-0.01466	-0.00175	-0.00960	-0.00598	-0.00175	-0.00919	0.01904	-0.00494	0.00560	-0.00385	0.00127	-0.00165	0.00628	0.00144	-0.00346	-0.01461	-0.00381	-0.01220	0.00319	0.01832	0.01620	0.01652	0.01064	0.00275	-0.00492	-0.02338	0.00453	0.00962	-0.00260	(Every $e0 <num> year)
p207595	-0.00905	0.00850	-0.00127	-0.00204	0.02141	-0.01311	0.00563	-0.00955	-0.00474	0.00418	0.02330	-0.01910	-0.00079	-0.01893	-0.00292	-0.00497	-0.00258	-0.00772	0.02767	0.01186	-0.00457	-0.00426	0.00445	0.00264	0.00653	-0.00664	-0.01002	-0.00908	0.00350	-0.00939	0.00560	0.00737	(Experiencer $e0 $e1)
p207596	0.01215	-0.00848	-0.00238	0.04036	0.00417	0.05111	-0.00019	-0.01926	-0.00143	-0.01715	0.00264	-0.00673	-0.00528	-0.02070	-0.02311	0.00334	0.03224	-0.03558	0.00825	-0.00954	0.01787	0.00463	0.00320	0.00721	-0.03119	0.01181	0.00015	-0.00807	-0.00436	-0.00058	0.00860	-0.00558	(Goal $e0 bed)
p207597	-0.01754	-0.01296	-0.00866	-0.00965	0.00312	-0.01579	0.00208	-0.01155	0.00402	0.00476	0.00896	0.00584	0.00947	-0.00600	-0.02077	-0.00586	0.00458	0.06299	0.00999	-0.00824	-0.02480	0.00621	0.00493	0.00453	-0.00493	-0.01431	0.00057	0.00260	-0.00313	-0.00769	-0.01245	-0.00314	(Goal $e0 home)
p207598	-0.00309	0.03133	-0.00291	-0.00181	-0.00060	0.00723	-0.00142	0.00368	0.00328	-0.00835	0.00635	-0.00869	-0.00152	0.01034	-0.00130	0.00274	-0.00665	0.01020	-0.01262	0.00237	0.02554	-0.00520	-0.00660	-0.01402	0.00258	-0.00990	-0.01341	0.00502	-0.00121	-0.00133	0.00123	-0.00082	(GroupOf $x0 cookie)
p207599	0.00318	-0.01115	0.00616	-0.00624	-0.00291	-0.01292	0.00807	-0.00432	0.00260	-0.00089	-0.01102	-0.00598	-0.00406	-0.00502	0.02267	0.01063	0.00037	-0.00256	-0.00045	-0.00579	-0.00605	0.00547	0.00363	-0.00110	0.00539	0.00165	0.00093	-0.00426	0.02890	-0.01051	0.00956	-0.00454	(GroupOf $x0 dish)
p207600	-0.00387	0.00541	0.00531	0.01310	-0.01138	-0.00894	0.00106	0.00893	-0.00753	-0.00402	0.00209	0.00628	-0.00607	0.00068	0.02536	-0.00812	-0.00729	-0.00157	0.00434	-0.00333	-0.00488	0.00147	-0.01548	0.00441	0.00854	-0.00268	0.00227	0.00619	0.01576	-0.00032	-0.01034	-0.00178	(GroupOf $x0 law)
p207601	-0.00114	-0.00114	-0.00536	0.00197	0.00129	0.00246	0.00291	0.02400	0.00314	-0.01332	-0.00437	-0.00980	-0.00604	0.00080	-0.00728	-0.00552	-0.00739	-0.00806	0.01182	-0.00677	0.00460	0.01550	0.00297	-0.00030	-0.00286	0.00248	0.00488	-0.00676	-0.00433	0.00367	-0.01137	-0.00465	(GroupOf $x0 measure)
p207602	0.01568	-0.00507	0.00635	-0.00882	-0.00106	-0.01528	0.01182	-0.00147	0.01056	0.00266	0.01382	-0.01197	-0.00444	-0.01177	-0.00713	0.00526	-0.00931	0.00794	0.00680	-0.00850	0.00561	0.02419	0.01033	-0.01045	-0.00394	-0.01632	-0.00938	0.00500	-0.00480	0.01342	-0.01569	0.00579	(GroupOf $x0 noise)
p207603	-0.00279	-0.00237	-0.00861	-0.00035	-0.00694	0.00123	0.00210	0.01796	0.00372	-0.00277	0.00111	0.00081	-0.00518	0.00689	-0.00243	-0.00316	-0.00166	-0.00184	0.00126	-0.00274	0.00521	0.00175	0.00269	-0.00076	-0.00152	0.00342	-0.00463	-0.01080	-0.00344	0.00658	-0.00805	-0.00265	(GroupOf $x0 question)
p207604	-0.00279	-0.00738	-0.00578	-0.00268	0.00866	-0.00317	-0.00105	0.00230	0.00510	0.00128	0.00212	-0.00422	-0.00352	0.00046	-0.00376	-0.00494	-0.00047	0.01559	-0.00430	-0.00235	-0.00184	0.00262	-0.01412	-0.00074	0.01022	-0.01000	-0.00721	0.00646	0.01777	-0.00574	0.00364	-0.00264	(GroupOf $x0 road)
p207605	-0.00315	-0.01351	0.00992	0.00068	-0.00020	-0.00791	-0.00180	-0.00337	-0.00659	0.00417	-0.00568	0.00296	-0.00448	0.00822	0.01388	0.01827	-0.00049	-0.00231	0.00495	-0.00455	0.00014	-0.00597	0.00736	-0.00253	-0.00237	-0.00044	-0.00318	0.00100	0.02720	-0.00220	-0.00084	-0.00214	(GroupOf $x0 rock)
p207606	0.01503	0.01331	-0.00736	-0.00252	-0.00815	-0.00911	0.00316	0.02388	0.03493	-0.00993	0.00430	0.00792	-0.01014	0.00583	-0.00267	-0.01344	-0.01864	0.00368	-0.00710	-0.00057	0.00158	0.02003	-0.01511	0.01969	0.00020	-0.00567	-0.00339	-0.01379	0.03011	-0.01236	-0.01181	-0.00244	(GroupOf $x0 sequence)
p207607	-0.07243	-0.07417	-0.12663	0.01622	0.02834	-0.03165	-0.00389	-0.01127	0.10484	0.01882	0.06700	0.01337	0.05907	0.00419	0.03685	0.05285	0.03562	-0.03690	-0.00724	-0.03288	-0.01221	0.07435	-0.05553	0.00349	-0.01096	0.06205	0.04422	-0.09812	-0.01754	0.11300	-0.02868	-0.01018	(GroupOf $x0 sister)
p207608	-0.04882	-0.01194	-0.03606	-0.04261	-0.00998	-0.03536	0.00668	0.00338	-0.03315	0.04599	0.06193	-0.02224	0.01050	-0.02029	0.00187	-0.00404	-0.02234	0.00313	-0.01839	-0.00416	-0.00087	0.06235	0.04320	0.01021	0.03603	0.00295	-0.02516	0.00154	0.01156	-0.00756	-0.01334	0.01287	(GroupOf $x0 tree)
p207609	0.01526	0.01339	-0.00748	-0.00249	-0.00827	-0.00919	0.00338	0.02408	0.03531	-0.01003	0.00433	0.00815	-0.01021	0.00569	-0.00247	-0.01355	-0.01872	0.00377	-0.00715	-0.00047	0.00160	0.02026	-0.01539	0.02011	0.00027	-0.00565	-0.00347	-0.01399	0.03046	-0.01248	-0.01174	-0.00240	(GroupOf $x0 way)
p207610	-0.01133	-0.02936	-0.00154	-0.00350	0.00195	-0.00183	-0.00435	-0.00511	-0.01146	0.00701	-0.00856	0.00051	-0.00160	-0.00178	-0.00384	0.04127	0.00207	-0.01176	0.00689	-0.00390	0.00499	-0.00498	0.01903	0.00254	0.00316	0.00643	0.00542	0.00022	0.03295	0.00084	0.00998	-0.00618	(GroupOf $x0 woman)
p207611	-0.01141	-0.00345	-0.01331	0.00848	-0.00171	0.00288	0.02033	0.03221	-0.00057	-0.02062	-0.00988	0.00618	-0.00660	0.00003	-0.00107	-0.00483	-0.02163	-0.00568	0.01726	-0.00878	0.00264	0.02398	-0.01272	0.01330	-0.00393	0.01187	0.00688	-0.00970	0.00050	0.00492	-0.00774	-0.00501	(In $e0 $e1)
p207612	0.01148	0.00251	-0.00201	-0.00247	-0.00095	-0.00267	0.00614	0.00083	0.00776	-0.00261	-0.00276	0.00453	-0.00450	-0.00410	0.00178	0.00018	-0.00219	0.00059	-0.00640	0.00143	-0.00448	-0.00379	-0.00448	0.00767	0.00032	0.01270	-0.00193	-0.00386	-0.00142	-0.00738	0.00942	-0.00184	(In $x0 $x1)
p207613	-0.04826	-0.05866	0.03852	0.00797	-0.02123	-0.02490	0.04370	0.00864	-0.01498	0.00950	-0.03351	0.04228	0.00217	-0.02762	-0.01570	0.14391	-0.00997	0.00166	0.00360	0.09777	-0.01702	-0.07409	0.01113	-0.01730	-0.00868	0.04599	-0.01595	0.00292	0.06405	0.00401	0.03262	-0.02323	(LocatedIn $x0 india)
p207614	0.01889	-0.04632	-0.04870	0.02370	0.02283	0.02780	-0.00820	-0.00167	0.06304	0.06102	-0.05318	0.14104	-0.02212	-0.05128	0.05012	-0.01312	-0.03016	0.00195	0.05864	0.05820	0.00829	0.04081	0.07361	-0.03625	-0.01296	0.06059	-0.02533	0.04781	-0.04352	-0.04020	-0.06036	-0.00615	(Location $e0 eskisehir)
p207615	0.01820	-0.00483	-0.00460	0.00150	0.00252	-0.00919	0.02883	-0.00445	-0.00730	-0.00172	-0.02540	0.00490	0.03677	-0.02512	0.00335	-0.00005	-0.00246	0.00515	-0.00539	-0.00107	-0.00524	0.00199	-0.00139	-0.00827	-0.00428	0.00789	-0.00066	-0.00929	-0.00882	-0.01374	0.02777	-0.00228	(Location $e0 europe)
p207616	-0.00567	-0.00459	-0.00752	-0.00364	0.00452	-0.00190	0.00034	0.00980	-0.00393	0.00008	-0.00412	0.00258	-0.00461	-0.00095	-0.00464	-0.00095	-0.00019	0.00331	0.00142	-0.00303	-0.00463	0.00161	-0.00329	0.00431	0.00055	0.00009	0.00417	0.00548	-0.00592	0.00237	-0.00365	-0.00364	(Manner $e0 carefully)
p207617	0.00764	0.00606	0.00384	-0.00549	-0.01364	-0.01116	0.01341	0.02974	0.00785	0.00770	0.00726	0.01690	0.01617	0.00335	-0.00628	-0.00063	-0.02454	0.01120	-0.00268	-0.00645	-0.00224	0.01312	-0.00330	-0.01040	0.00624	-0.00445	0.00423	-0.01201	-0.00285	0.00569	-0.02248	0.01055	(Manner $e0 really)
p207618	-0.00561	0.00379	0.00296	-0.00954	0.01414	0.00031	0.00727	-0.00515	0.00209	-0.00449	0.01134	-0.01087	0.00013	-0.01197	0.00129	-0.00610	0.00334	-0.00384	-0.00122	0.02056	-0.00146	-0.00276	0.00337	-0.00201	0.00432	-0.00252	-0.00611	-0.00247	-0.00505	-0.00575	-0.00188	0.00862	(Measure $e0 duration <num> day)
p207619	0.01884	-0.00299	-0.00024	0.00187	0.00406	-0.00919	0.01838	-0.00577	-0.00618	0.00137	-0.01786	0.00570	0.03698	-0.02001	0.00189	-0.00204	-0.00028	0.00353	-0.00363	0.00007	-0.00352	-0.00099	-0.00106	-0.00669	-0.00431	0.00360	-0.00211	-0.00692	-0.00474	-0.01198	0.01537	-0.00031	(Member $e0 active)
p207620	-0.00529	-0.00550	-0.01083	-0.00555	0.00083	-0.00299	0.00198	0.01883	-0.00026	0.00392	-0.00237	-0.00053	-0.00599	0.00316	-0.00553	-0.00091	0.00447	0.00379	-0.00227	-0.00339	-0.00349	-0.00057	0.00117	-0.00210	0.00090	0.00357	-0.00464	-0.00146	-0.00808	0.00494	-0.00749	-0.00364	(Member $e0 approve)
p207621	-0.00983	-0.01188	-0.00772	-0.00161	-0.00815	0.01283	0.00345	0.00025	-0.00023	-0.00049	0.00078	-0.00585	0.00035	0.00296	-0.00203	-0.00980	-0.00266	0.01663	0.00398	-0.00259	0.01139	0.00045	-0.00689	0.00209	0.00127	-0.01156	0.00493	-0.00828	0.01304	0.00149	-0.00363	-0.00432	(Member $e0 attack)
p207622	-0.00079	-0.03396	-0.03286	-0.00497	-0.02771	0.03488	-0.03601	-0.01569	-0.05682	-0.00999	-0.02405	-0.05196	-0.03009	-0.03034	-0.02967	0.03468	0.01614	-0.06219	0.00643	0.00455	0.06605	-0.02149	0.16573	0.06322	-0.00159	-0.00734	0.05327	0.00640	-0.02309	-0.00638	0.06471	-0.03180	(Member $e0 bake)
p207623	-0.00683	0.00732	0.00466	-0.00485	-0.01166	-0.00974	0.00455	0.02150	-0.00370	-0.00411	0.00432	0.00841	-0.00710	0.01131	0.02635	-0.01270	-0.01198	0.00390	0.00538	-0.00687	-0.00299	0.00918	-0.00592	0.00248	0.00925	0.00119	0.00283	-0.00663	0.01615	0.00468	-0.01620	-0.00162	(Member $e0 base)
p207624	-0.00086	-0.01935	-0.01052	-0.01604	0.01281	0.01152	0.02897	-0.00308	-0.00657	-0.01494	-0.00196	-0.03597	-0.00239	-0.01774	0.01693	-0.01042	0.00621	-0.01164	0.00202	0.00853	0.02235	0.00537	0.01472	-0.01156	0.00395	-0.00214	0.00060	-0.01790	0.01161	-0.00937	0.02822	-0.00658	(Member $e0 beautiful)
p207625	0.00874	0.01530	0.01059	0.02567	-0.01956	-0.01708	-0.00579	0.00016	-0.00226	-0.00987	-0.01135	0.01843	-0.00886	-0.00880	-0.00114	0.00114	-0.00671	0.01112	0.00725	-0.00366	-0.01072	-0.01012	0.00882	0.02926	0.00210	-0.00778	0.00513	-0.00389	-0.01723	-0.02262	-0.00993	0.02092	(Member $e0 break_out)
p207626	-0.01560	0.00798	-0.00314	-0.00639	-0.01285	-0.00436	0.00422	0.02426	0.00146	-0.00773	0.00732	0.00886	-0.00284	0.00085	-0.00078	-0.00396	-0.01328	0.00302	0.00319	0.01779	-0.00259	0.00585	-0.00394	0.00520	0.00847	0.00386	-0.00186	-0.00696	-0.00250	0.01180	-0.01525	-0.00505	(Member $e0 celebrate)
p207627	-0.00289	-0.01062	0.00838	-0.01844	-0.01220	-0.01115	-0.00097	-0.00219	-0.01891	0.00843	0.01590	-0.01306	-0.00091	-0.01489	0.02390	-0.01707	-0.00176	0.01404	0.00426	0.00774	-0.00402	0.00840	0.00597	-0.00306	0.01320	0.00702	0.01419	-0.01025	0.01987	0.01272	-0.01339	0.00652	(Member $e0 climb)
p207628	-0.01107	0.01046	-0.01184	0.03786	-0.01837	0.00803	-0.00558	-0.00038	-0.00417	-0.00972	0.00137	0.01326	-0.00432	-0.01017	-0.00922	0.01428	-0.00089	-0.00660	-0.00385	0.00014	-0.00759	-0.01224	-0.02599	0.00766	0.01817	-0.00494	0.00071	0.02262	-0.00460	0.00381	0.00603	-0.00531	(Member $e0 compose)
p207629	0.00617	0.01611	-0.00707	0.00146	-0.01829	-0.00901	0.01299	0.05289	0.02600	-0.00794	0.00423	0.02345	0.01112	0.01205	-0.00970	-0.01615	-0.03928	0.01091	-0.00319	-0.00514	0.00233	0.02721	-0.01673	0.01282	-0.00135	-0.00185	-0.00075	-0.02847	0.02976	-0.00875	-0.02862	-0.00041	(Member $e0 define)
p207630	0.01444	0.03402	-0.02023	0.06829	-0.02701	-0.00156	-0.01706	-0.01643	-0.02129	0.00598	-0.01743	0.05507	0.05763	-0.02566	-0.01443	0.00112	0.01261	-0.00675	-0.01572	-0.00365	-0.03040	-0.02409	-0.04108	0.00026	0.02914	-0.00296	0.02430	0.05657	-0.01582	0.00099	0.00281	-0.00881	(Member $e0 design)
p207631	-0.00710	0.00044	-0.00771	-0.00705	-0.00644	-0.00169	0.01066	0.01200	0.00241	-0.00344	0.00029	0.00674	-0.00303	-0.00015	0.00530	-0.00126	-0.00590	0.00266	-0.00133	-0.00060	-0.00455	0.00409	-0.00262	0.00316	0.00866	0.00583	-0.00027	-0.00847	-0.00718	0.00291	0.00222	-0.00264	(Member $e0 difficult)
p207632	0.00549	0.00194	0.01087	0.00019	0.00678	0.01472	-0.00564	-0.01277	0.00471	-0.01175	0.00015	-0.02314	-0.00092	-0.00834	-0.00648	-0.00528	0.01129	-0.01063	0.00691	-0.00859	0.00108	0.02128	0.01284	-0.00253	-0.00344	-0.00562	-0.00357	-0.00232	-0.00370	-0.00663	-0.00439	-0.00290	(Member $e0 drink)
p207633	-0.00231	-0.00387	-0.00353	0.00232	0.00813	0.00345	-0.00189	0.00331	-0.00545	-0.00757	-0.00567	-0.00137	-0.00374	-0.00364	-0.00163	-0.00203	-0.00469	-0.01009	0.00739	-0.00345	0.00102	0.00856	-0.00521	0.00703	-0.00148	0.00122	0.01339	0.00933	-0.00108	0.00257	0.00041	-0.00415	(Member $e0 fund)
p207634	0.01149	-0.00188	-0.00567	0.00921	-0.00742	0.00526	0.00105	0.01865	-0.00054	-0.00780	-0.00021	-0.01267	0.01735	0.00143	-0.01159	-0.01528	0.01171	-0.00824	0.00550	-0.01026	0.02097	0.01590	0.02206	-0.00527	-0.01230	-0.00511	-0.01173	-0.01723	0.00861	0.00132	-0.01535	-0.00497	(Member $e0 give)
p207635	0.00912	-0.01769	0.02155	0.00089	0.02731	-0.01387	0.00655	-0.00980	-0.00576	-0.01287	0.01131	-0.02725	-0.00534	-0.01018	0.04880	-0.02369	0.00670	-0.01628	0.01714	0.01049	0.00987	-0.01314	-0.00461	-0.00760	0.00425	-0.01481	0.00482	-0.01859	0.02859	-0.01666	-0.00866	0.01715	(Member $e0 grow)
p207636	-0.00924	-0.01049	0.00192	-0.01195	0.01812	0.01241	-0.00239	0.00139	-0.00184	0.01554	-0.00829	-0.00247	-0.00232	0.00131	-0.01186	0.00246	0.02469	0.02008	-0.00715	-0.00413	-0.01730	-0.01415	-0.00213	-0.00698	0.00258	-0.00004	0.00080	0.01083	-0.00968	-0.00187	0.00446	-0.00282	(Member $e0 hold_up)
p207637	-0.03216	-0.06707	-0.08574	0.03872	-0.04041	0.00521	-0.00618	0.01310	-0.00292	0.01856	0.00248	-0.02285	-0.01461	-0.01911	0.15933	-0.03165	0.03194	-0.06165	-0.01140	-0.02067	0.00311	-0.01986	-0.04730	0.00976	-0.00478	0.03634	0.07237	-0.01503	0.03361	0.19537	0.00003	-0.03333	(Member $e0 include)
p207638	0.01634	-0.00428	0.03737	0.00111	-0.00969	-0.02525	-0.00208	0.00004	-0.02869	0.02095	-0.01395	-0.01799	-0.01062	0.02716	0.08823	-0.03361	0.00469	0.02025	-0.00618	-0.01695	0.01368	-0.01008	-0.01322	-0.01500	0.00068	-0.01595	0.00457	-0.01115	0.05571	-0.00451	-0.01012	0.00147	(Member $e0 influence)
p207639	-0.00121	-0.00078	-0.00594	0.00192	-0.00302	0.00131	0.01235	0.00986	0.00235	-0.01028	-0.00677	-0.00307	-0.00279	-0.00096	0.00065	-0.00215	-0.00749	0.00046	0.00362	-0.00497	0.00153	0.01048	-0.00056	-0.00089	-0.00351	0.00440	-0.00427	-0.00752	-0.00348	0.00088	0.00447	-0.00291	(Member $e0 know)
p207640	-0.01130	0.00255	-0.00359	0.00094	-0.00694	0.00506	0.00241	0.02390	0.00488	-0.01192	0.00661	0.00037	-0.00599	0.01079	-0.00806	-0.00073	-0.01574	0.00159	0.00585	-0.00342	0.00852	0.00353	0.01489	0.00489	-0.00109	0.00157	-0.01001	-0.00752	0.00136	0.00694	-0.00478	-0.00307	(Member $e0 learn)
p207641	0.00624	0.00129	0.00919	0.00466	0.00634	0.01122	-0.00357	-0.00953	0.00357	-0.00963	-0.00110	-0.01555	-0.00076	-0.00400	-0.00618	-0.00447	0.00779	-0.00781	0.00739	-0.00742	0.00292	0.01715	0.00773	-0.00253	-0.00880	-0.00566	-0.00346	-0.00219	-0.00188	-0.00497	-0.00542	-0.00168	(Member $e0 marry)
p207642	0.01752	0.00365	0.00137	0.00296	-0.01021	-0.01023	0.00443	0.03069	-0.00359	0.01025	-0.00640	0.01254	0.05417	0.00334	-0.01340	-0.01004	-0.01667	0.00876	-0.00515	-0.00443	0.00693	0.00410	0.01505	-0.01427	-0.00463	-0.00209	0.00319	-0.01887	0.00863	-0.00588	-0.01489	0.00086	(Member $e0 mean)
p207643	-0.00930	-0.00393	0.00088	0.00134	-0.00643	0.01425	0.00620	-0.00560	0.00092	0.00533	-0.00353	-0.00230	0.00036	-0.01254	0.00149	0.00656	0.00815	-0.00623	-0.00511	-0.00224	-0.01500	0.00508	-0.00819	0.00161	0.01792	0.00090	0.01102	-0.00362	-0.01460	-0.00365	0.00961	-0.00356	(Member $e0 paint)
p207644	0.00933	-0.00621	-0.00584	0.00104	0.00445	-0.00632	-0.00351	0.00343	-0.00483	0.01430	-0.00793	-0.00332	0.01425	-0.00520	-0.00692	0.00093	0.01328	0.00293	-0.00868	-0.00022	-0.00557	-0.00966	0.00309	-0.00806	0.00384	-0.00239	0.00070	0.00860	-0.00863	-0.00185	0.00155	-0.00247	(Member $e0 pick_up)
p207645	-0.00780	-0.00818	0.03395	0.01040	0.00721	0.02509	0.00401	0.00057	-0.00446	0.02648	-0.00919	0.00292	-0.00012	-0.00367	-0.00242	0.00201	-0.00328	0.00653	-0.00773	-0.00184	-0.01129	-0.03094	-0.02352	-0.00225	-0.01011	0.01457	0.01971	0.00066	0.00127	-0.02213	-0.00066	0.02523	(Member $e0 pull)
p207646	-0.01998	-0.00087	0.01287	0.00457	-0.00370	0.03204	0.00845	0.01850	0.01588	0.00637	0.00439	-0.00875	0.00184	0.02166	-0.00394	-0.01052	-0.02267	0.01816	0.00016	-0.00887	0.00615	0.00961	-0.01762	-0.01499	-0.00169	-0.00819	0.00444	-0.01984	0.01721	-0.00496	-0.00921	0.02002	(Member $e0 reach)
p207647	-0.01021	-0.00552	-0.00434	0.01500	0.00460	-0.00615	0.01781	0.03123	0.00852	-0.00924	-0.01306	0.00417	-0.00412	0.00209	-0.00252	-0.00186	-0.01562	-0.00221	0.01145	-0.00915	0.00122	0.01163	-0.00988	0.00371	-0.00741	0.01513	-0.00399	-0.01426	-0.00573	-0.00555	-0.00641	0.02726	(Member $e0 read)
p207648	0.03315	0.02339	0.01290	-0.00060	-0.01092	-0.01342	0.00534	-0.00418	0.01789	-0.01586	-0.01591	-0.00655	-0.01232	-0.01334	0.00494	-0.00765	-0.00358	0.01071	0.00217	-0.00413	-0.01097	0.01999	0.01426	0.03659	-0.00393	-0.01218	0.00317	-0.01268	0.00650	-0.03183	-0.00860	-0.00440	(Member $e0 return)
p207649	-0.00580	-0.01406	-0.00885	-0.00325	0.01741	0.00003	-0.00305	0.00719	-0.00898	0.01636	-0.01289	-0.00243	-0.00792	0.00046	-0.00994	0.00605	0.03350	-0.00039	-0.00997	-0.00609	-0.00856	-0.00884	-0.00030	-0.01083	-0.00077	0.00048	-0.00588	0.02225	-0.01398	0.00463	0.00308	-0.00548	(Member $e0 rule)
p207650	-0.00020	0.00410	0.01224	0.00056	0.00187	0.00980	-0.00615	-0.00451	0.00327	-0.00831	0.00150	-0.01212	-0.00145	-0.00392	-0.00732	0.00034	-0.00059	-0.00371	-0.00052	0.00900	0.00281	-0.00698	0.01040	-0.00315	-0.00437	-0.00368	-0.00439	0.00435	-0.00739	-0.00084	0.00262	-0.00367	(Member $e0 see)
p207651	-0.00722	-0.01429	-0.05633	0.01187	-0.02572	0.00141	0.03416	0.00651	-0.05594	0.03814	-0.00853	0.00603	-0.00009	-0.02853	0.00430	0.00831	-0.00514	-0.00847	-0.03635	0.02351	0.01600	0.00652	-0.00348	-0.00210	-0.01114	0.00977	0.03047	0.00455	-0.02854	0.03146	0.02812	0.01721	(Member $e0 shine)
p207652	-0.00563	0.03064	-0.00646	-0.01399	0.00756	-0.00633	-0.00117	-0.00696	0.00884	-0.00470	0.01424	-0.00560	0.00766	-0.00328	-0.01253	0.01789	0.00380	0.01617	-0.00666	0.00337	0.01107	0.00604	0.00392	-0.00337	0.00233	-0.00246	-0.00312	-0.00925	-0.01458	-0.01253	-0.00982	-0.00118	(Member $e0 shoot)
p207653	-0.01110	0.00759	-0.00783	-0.02602	-0.00590	0.00112	-0.00667	-0.00428	-0.00088	0.00759	0.01025	-0.00452	-0.00092	-0.00297	0.00555	-0.00307	0.00762	-0.00085	-0.01409	0.00081	-0.01300	0.00379	0.01252	0.00162	0.02776	0.00441	0.00787	0.00333	-0.01452	0.00349	0.00515	-0.00483	(Member $e0 solve)
p207654	-0.00164	0.00896	0.01489	0.00875	-0.00242	-0.00311	-0.01025	-0.00348	-0.02114	-0.00759	0.00754	-0.00835	-0.00431	-0.01864	0.00049	-0.00278	-0.00321	-0.01353	-0.00361	0.02148	-0.01136	0.00043	-0.01601	0.00125	0.01154	0.02248	-0.00510	0.02036	0.00413	0.01649	0.00142	-0.00842	(Member $e0 stick)
p207655	0.00103	0.01562	0.00232	0.00344	0.00918	0.00912	-0.00206	0.00208	0.00586	-0.00514	-0.00053	-0.01752	0.00199	-0.00283	-0.01219	0.01015	0.00515	-0.00687	-0.00267	-0.00476	0.01499	0.01388	0.01009	-0.00351	-0.01079	0.00076	-0.01439	-0.01084	-0.01261	-0.00581	-0.00875	-0.00067	(Member $e0 succeed)
p207656	-0.01606	-0.01422	0.02989	0.00325	0.00420	-0.03412	0.00279	-0.01268	-0.00982	-0.00445	0.00183	-0.01417	0.00003	-0.01054	0.10323	-0.02830	0.00547	-0.01740	0.01497	-0.01996	-0.01450	0.04455	-0.00954	0.02873	-0.00191	-0.00053	-0.00773	-0.02162	0.02784	-0.00417	-0.02567	0.00103	(Member $e0 suggest)
p207657	-0.01286	-0.00121	0.01490	0.00497	-0.01123	0.03780	0.01053	0.00979	0.00878	-0.00218	0.00471	-0.00809	0.00234	-0.00109	-0.01203	-0.00516	-0.01094	0.01774	0.00613	-0.00277	0.00297	-0.00585	0.00045	0.00377	-0.00751	-0.01085	0.00983	-0.01046	0.00047	0.00290	-0.00649	-0.00427	(Member $e0 take_off)
p207658	0.01217	0.00481	-0.01472	0.00224	-0.03123	-0.00339	0.00398	0.04308	0.00034	-0.00396	-0.00879	0.00507	-0.01740	0.01222	-0.00148	-0.00742	0.00944	0.00946	-0.00084	-0.00338	0.01929	-0.00454	0.02889	0.02468	0.00510	-0.00494	-0.00833	-0.03522	-0.00645	-0.00150	-0.01634	-0.00573	(Member $e0 take_over)
p207659	-0.01692	-0.01049	0.00282	-0.01273	-0.00738	0.00775	-0.00076	-0.00120	-0.00277	0.02160	0.00264	0.01023	0.00129	-0.00388	0.00097	0.02582	0.00195	-0.00028	-0.00922	0.01394	-0.01231	-0.00889	0.00360	-0.00250	0.01499	0.00416	0.01091	-0.00092	0.00881	0.00404	0.00192	-0.00279	(Member $e0 task)
p207660	-0.00879	-0.00272	-0.00443	0.00123	-0.00526	0.01082	0.00419	0.01220	0.00204	0.00201	-0.00064	0.00598	-0.00210	0.00646	-0.00321	-0.00006	-0.00901	-0.00234	0.00118	-0.00221	0.00208	0.00454	-0.00706	0.00319	-0.00179	0.00054	0.00900	-0.00790	-0.00471	0.00579	-0.00694	-0.00202	(Member $e0 understand)
p207661	-0.00644	-0.01564	-0.00079	0.00340	-0.00055	-0.00095	0.01309	-0.00303	0.00069	0.00494	-0.01223	-0.00421	-0.00049	-0.01669	0.00414	0.00302	0.00053	-0.00709	-0.00584	-0.00313	0.00057	0.00227	0.00025	-0.00216	0.00055	0.01074	0.01248	-0.01332	-0.02013	-0.01398	0.02871	0.02494	(Member $e0 wait)
p207662	-0.01385	0.00026	0.00886	-0.00869	0.01655	0.01456	-0.00290	0.00879	-0.00110	0.00632	-0.00441	0.00423	-0.00399	0.00748	-0.01293	0.00198	0.00740	0.01689	-0.00806	-0.00600	-0.01793	-0.01487	-0.00381	-0.00869	0.00297	0.00007	-0.00219	0.01648	-0.00951	0.00033	0.00567	-0.00266	(Member $e0 wear)
p207663	-0.00238	-0.00286	-0.00419	-0.00292	-0.00116	-0.00089	-0.00100	-0.00496	0.00206	-0.00211	0.00035	0.00112	-0.00119	0.00070	-0.00220	-0.00359	0.00211	0.00759	0.00183	-0.00222	-0.00251	0.00085	-0.00174	0.00331	-0.00250	-0.00356	-0.00228	-0.00212	-0.00280	-0.00015	-0.00501	-0.00255	(Member $x0 accident)
p207664	0.00854	-0.02425	0.00301	0.01572	0.01490	-0.01552	0.01853	0.00194	-0.00032	-0.01249	0.01355	0.00327	-0.00515	0.02091	-0.00436	0.01522	-0.00651	0.01497	0.01975	0.00707	0.00461	-0.01261	0.00515	-0.01770	-0.00243	-0.01461	0.01554	-0.02165	0.02300	-0.01808	-0.00096	-0.00461	(Member $x0 army)
p207665	-0.01211	0.01609	-0.00338	0.00394	-0.00133	-0.00223	0.00122	0.00766	-0.00740	0.00461	0.00704	0.00354	-0.00080	0.00166	-0.00304	-0.00285	-0.01002	0.00313	0.02972	-0.00624	-0.00193	0.00387	-0.00280	0.00015	-0.00121	0.00269	-0.00199	-0.00457	-0.00160	0.01367	0.00518	-0.00104	(Member $x0 atmosphere)
p207666	-0.00816	-0.01234	-0.00751	-0.00313	-0.00663	0.00842	0.00157	0.00509	0.00189	-0.01264	0.00297	-0.01387	-0.00128	0.00899	-0.00057	-0.01324	-0.00763	0.02534	0.00613	-0.00496	0.02148	0.00062	-0.00259	-0.01164	0.00749	-0.01461	-0.01054	-0.01026	0.03078	0.00221	0.00528	-0.00323	(Member $x0 author)
p207667	-0.00219	-0.00531	-0.00976	0.00347	-0.00635	-0.00114	0.00045	0.00285	0.00043	0.00261	0.00144	-0.00449	-0.00237	-0.00377	0.00245	-0.00361	0.00915	0.00299	0.00044	0.00093	0.00260	-0.00106	0.00167	0.00628	0.00268	-0.00216	-0.00378	-0.00206	0.00050	0.00080	-0.00418	-0.00277	(Member $x0 ball)
p207668	-0.00054	0.00127	-0.00157	-0.00018	-0.00072	0.00192	-0.00180	-0.00179	0.00209	-0.00066	0.00064	0.00387	-0.00214	0.00632	0.00036	-0.00133	0.00044	0.00068	-0.00167	-0.00147	-0.00062	-0.00176	-0.00269	-0.00117	-0.00145	-0.00156	-0.00112	0.00192	-0.00376	0.00324	-0.00162	-0.00158	(Member $x0 beach)
p207669	-0.02207	-0.00732	0.00542	-0.01652	-0.00635	-0.00260	-0.00506	0.00498	-0.02594	-0.00199	0.03608	-0.01875	-0.00128	-0.03122	-0.01071	0.00454	0.00047	-0.00594	0.00539	0.04855	0.00337	0.02552	0.02453	0.00809	-0.00613	0.01176	-0.02225	-0.00436	0.03553	0.01703	-0.02409	-0.01234	(Member $x0 bench)
p207670	-0.01202	-0.02274	-0.00234	-0.00397	0.00795	-0.00795	-0.00100	0.00755	-0.00855	0.00804	-0.00975	0.00081	-0.00592	0.00310	-0.01516	0.03615	-0.00136	0.00073	0.00456	-0.00386	-0.00334	-0.00716	0.01812	-0.00190	-0.00222	0.00393	-0.01000	0.00499	0.01470	-0.00267	0.00337	-0.00487	(Member $x0 bottom)
p207671	0.01333	-0.01421	-0.00967	-0.00189	-0.00322	-0.00905	0.04055	0.00410	0.00075	-0.00802	-0.01784	0.00767	-0.00516	-0.02699	0.01597	0.01179	-0.00224	0.00481	-0.00007	0.00478	-0.00393	-0.00708	-0.00842	-0.00126	0.00091	0.00783	-0.00549	-0.01205	-0.02050	0.00552	0.02852	-0.00425	(Member $x0 bridge)
p207672	-0.01050	0.00272	0.00188	0.00356	-0.00431	0.00017	-0.00496	-0.00141	0.00468	-0.00736	0.00095	-0.01138	0.00029	0.01208	-0.00097	-0.01462	-0.00097	0.01532	0.00086	0.00618	0.00928	0.00377	-0.00145	-0.01529	-0.00094	-0.00797	-0.00238	0.00553	0.01991	0.00476	-0.00243	0.01086	(Member $x0 building)
p207673	0.00563	-0.01526	0.00316	-0.00271	0.01109	-0.01038	-0.00402	-0.00406	-0.00814	0.01573	-0.01120	0.00209	0.01498	0.00188	-0.01043	0.02418	0.00656	0.00550	-0.00322	-0.00249	-0.00557	-0.01066	0.01346	-0.00979	-0.00196	-0.00052	-0.00215	0.01190	0.01376	-0.00512	0.00558	-0.00222	(Member $x0 camera)
p207674	-0.01430	-0.02326	0.00061	0.00646	0.01962	-0.01718	0.01978	-0.00448	-0.00671	0.00101	0.00297	-0.00068	-0.00229	-0.00502	-0.00419	0.03772	-0.00214	-0.00657	0.00652	0.02555	-0.00019	-0.02447	0.01173	-0.00885	-0.00431	0.00716	-0.01405	0.00338	0.03723	-0.01332	0.00635	0.00413	(Member $x0 ceiling)
p207675	-0.01113	-0.03226	0.01188	0.00445	0.00440	-0.00760	-0.00123	-0.00216	-0.00677	0.00877	-0.01336	0.01195	-0.00275	0.01006	-0.01026	0.06331	-0.00326	-0.00457	0.01286	-0.00524	0.00087	-0.01191	0.02365	-0.00207	-0.00563	0.00780	-0.01045	-0.00350	0.04588	-0.00572	0.00595	-0.00293	(Member $x0 church)
p207676	0.00069	-0.00760	-0.00313	0.00885	-0.00195	-0.00393	-0.00386	-0.00435	-0.00003	0.00249	-0.00301	0.00696	0.00023	0.00066	-0.00301	0.00210	0.00223	0.00901	0.00510	-0.00085	0.00210	-0.01072	0.00003	-0.00097	-0.00667	-0.00094	0.01072	-0.00271	-0.00710	-0.00036	0.00005	0.01633	(Member $x0 clear)
p207677	0.00301	-0.00566	-0.00237	0.00343	0.01784	-0.00104	0.01958	-0.00234	-0.00139	-0.00897	0.00729	-0.00117	-0.00270	-0.00864	0.00438	-0.00148	0.00076	-0.00424	0.00504	0.01530	-0.00087	-0.01249	-0.00711	0.00185	0.00062	-0.00316	-0.00720	-0.00777	-0.00208	-0.00839	0.00230	-0.00257	(Member $x0 cold)
p207678	-0.00384	-0.00332	-0.00646	-0.00762	-0.00245	0.00225	-0.00410	-0.00367	-0.00186	0.00054	0.00160	-0.00137	-0.00204	-0.00119	0.00305	-0.00202	0.00404	-0.00437	-0.00259	-0.00056	-0.00034	0.00092	0.00307	0.00293	0.00733	-0.00002	0.00867	0.00144	-0.00481	0.00362	0.00287	-0.00412	(Member $x0 complex)
p207679	0.02116	-0.00184	0.00636	-0.00684	0.00358	-0.01419	-0.00231	0.00051	-0.01349	-0.00127	0.01421	-0.00048	-0.00836	-0.02178	0.00256	0.00111	0.00019	0.01336	0.00067	-0.00342	-0.02247	-0.00958	-0.00739	0.00350	0.00679	0.03393	-0.00218	0.01089	0.00315	-0.00400	-0.00399	-0.00181	(Member $x0 concert)
p207680	0.12247	-0.00523	0.06312	-0.00568	-0.01856	-0.00509	0.01403	0.01151	0.05517	-0.08070	-0.03806	0.01509	-0.03184	-0.04900	-0.01779	0.02702	0.03223	0.03199	0.05897	-0.02127	-0.01288	-0.06330	-0.03962	-0.06609	0.01847	-0.01029	0.06755	0.02364	-0.02777	0.04940	-0.00421	-0.02202	(Member $x0 cook)
p207681	-0.01844	0.03618	0.00628	0.01966	-0.03687	0.02322	0.02518	0.04716	0.01306	-0.00179	-0.01352	0.05338	0.00507	-0.03299	-0.02893	0.06236	-0.02522	-0.01134	-0.01923	0.09643	0.01100	-0.05431	-0.03556	0.03022	-0.00509	0.02273	0.01498	-0.02173	-0.06204	0.00913	-0.00979	-0.00938	(Member $x0 couch)
p207682	0.00753	0.00217	0.00915	-0.01258	0.01102	-0.01547	0.00654	-0.00697	-0.00041	0.00886	-0.01231	-0.01100	-0.00506	-0.00953	0.02753	-0.00213	0.01016	0.00275	-0.01104	-0.00335	-0.01559	0.00312	-0.00615	-0.00458	0.00969	-0.00112	0.00479	0.01158	0.00452	-0.01332	0.01099	-0.00270	(Member $x0 day)
p207683	0.00248	-0.00868	0.00311	0.00012	0.00141	-0.00406	-0.00260	-0.00321	0.00830	0.00325	-0.00398	0.00444	-0.00358	0.00514	-0.00214	0.01730	-0.00117	-0.00106	-0.00104	-0.00130	-0.00097	-0.00380	0.00105	0.00120	-0.00263	-0.00146	-0.00366	-0.00006	0.02193	-0.00544	0.00216	-0.00217	(Member $x0 desk)
p207684	0.00798	-0.01542	-0.00699	-0.02644	0.00088	0.00077	-0.01095	-0.00082	-0.00629	0.00446	0.00358	-0.03991	0.01527	-0.00022	0.00797	-0.01452	0.01445	-0.01199	-0.00604	-0.00114	0.02251	0.00878	0.03913	-0.01985	0.01654	-0.00582	0.01710	-0.01183	0.01174	-0.00554	0.01342	-0.00489	(Member $x0 difference)
p207685	-0.00095	0.00155	-0.00276	-0.00058	-0.00141	0.00276	-0.00291	-0.00261	0.00205	-0.00088	0.00062	0.00443	-0.00336	0.00873	-0.00030	-0.00146	0.00084	0.00041	-0.00240	-0.00216	-0.00040	-0.00265	-0.00151	-0.00126	-0.00195	-0.00212	-0.00142	0.00264	-0.00596	0.00456	-0.00162	-0.00267	(Member $x0 different)
p207686	-0.00079	-0.00402	-0.00709	-0.00142	-0.00378	0.00274	-0.00148	0.00537	0.00280	0.00219	-0.00079	-0.00196	-0.00390	0.00567	-0.00111	-0.00172	0.00615	-0.00316	-0.00321	-0.00114	0.00372	-0.00365	0.00395	-0.00269	-0.00177	0.00004	-0.00297	-0.00526	-0.00634	0.00478	-0.00253	-0.00275	(Member $x0 dress)
p207687	0.00861	-0.00406	0.00380	0.01299	0.01759	-0.01715	0.00435	-0.00141	0.00169	-0.00337	0.02422	0.01651	-0.00428	0.03094	-0.00500	-0.00384	0.00096	0.00459	0.01091	0.01140	-0.00451	-0.01757	0.00644	-0.00921	-0.00330	-0.01375	0.02137	-0.01029	-0.00858	-0.01213	-0.01645	-0.00262	(Member $x0 earth)
p207688	-0.00466	0.00745	0.00703	0.00259	-0.01003	-0.00745	0.00604	0.02345	-0.00195	-0.00780	0.00226	0.01023	-0.00697	0.01405	0.02393	-0.01295	-0.01510	0.00457	0.00833	-0.00744	0.00125	0.00764	-0.00881	0.00194	0.00032	0.00035	-0.00106	-0.00748	0.01874	0.00457	-0.01817	-0.00041	(Member $x0 easy)
p207689	-0.00030	0.00146	-0.00134	0.00002	-0.00055	0.00210	-0.00156	-0.00159	0.00229	-0.00044	0.00084	0.00407	-0.00195	0.00655	0.00058	-0.00118	0.00064	0.00091	-0.00147	-0.00127	-0.00043	-0.00155	-0.00250	-0.00095	-0.00124	-0.00140	-0.00088	0.00214	-0.00356	0.00343	-0.00139	-0.00135	(Member $x0 fact)
p207690	-0.00645	-0.00864	-0.00676	0.00277	-0.00681	0.00069	0.00236	0.00053	0.00111	-0.01011	0.00270	-0.00478	-0.00002	-0.00279	-0.00065	-0.00824	-0.00390	0.02034	0.00940	-0.00337	0.00530	0.00445	-0.00666	0.00369	0.00690	-0.00820	-0.00614	-0.00698	0.01641	-0.00263	-0.00234	-0.00223	(Member $x0 field)
p207691	-0.00521	-0.00292	0.00482	-0.00818	0.00093	-0.00584	-0.00190	-0.00666	-0.00398	-0.00136	-0.00241	0.00102	-0.00092	-0.00569	-0.00094	-0.00531	0.00304	0.00502	0.00446	0.01426	-0.00760	0.00800	-0.00200	0.01039	-0.00033	-0.00442	-0.00314	-0.00278	-0.00473	0.00471	-0.00871	-0.00500	(Member $x0 flower)
p207692	0.01251	-0.00766	0.01461	0.01075	0.01985	-0.00845	0.00453	-0.00343	-0.00857	-0.01086	0.02185	-0.00530	-0.00500	-0.01384	-0.00297	0.01241	-0.00709	-0.00751	0.00863	0.01159	-0.00022	-0.02323	-0.00166	-0.00625	-0.00724	0.01750	-0.01349	-0.00261	0.02639	-0.01955	-0.00478	0.01400	(Member $x0 forest)
p207693	0.01067	-0.00906	0.01031	0.00424	0.00802	-0.00737	-0.00040	0.00836	-0.01679	-0.00281	-0.01876	-0.01139	-0.00697	0.02130	0.01466	-0.01643	-0.01398	0.01075	0.00709	-0.01965	0.00503	0.01390	-0.01217	0.00641	0.00008	0.00390	0.00031	-0.00755	0.01909	0.00519	0.00184	-0.00125	(Member $x0 fox)
p207694	-0.00797	0.00439	-0.00662	-0.00034	-0.00862	-0.00102	0.00057	0.01041	0.00048	-0.00248	0.00594	0.00560	-0.00294	0.00225	0.00255	-0.00216	-0.00514	0.00074	-0.00019	-0.00202	-0.00485	0.00544	-0.00391	0.00400	0.01251	0.00192	0.00153	0.00004	-0.00230	0.00535	-0.00454	-0.00258	(Member $x0 game)
p207695	0.00028	-0.03405	-0.03182	-0.01067	-0.02547	0.03531	-0.03565	-0.01560	-0.05531	-0.00922	-0.02452	-0.05171	-0.03033	-0.02548	-0.02987	0.03327	0.01638	-0.06036	0.00612	0.00385	0.06800	-0.02132	0.16937	0.06107	-0.00597	-0.00714	0.05263	0.00348	-0.02390	-0.00525	0.06390	-0.03152	(Member $x0 headquarters)
p207696	-0.01095	-0.00138	-0.01356	0.00739	-0.01231	0.00285	0.00345	0.02411	0.00282	-0.00652	0.00295	0.00703	-0.00565	0.00950	-0.00311	-0.00394	-0.00632	-0.00279	0.00195	-0.00554	0.00316	0.00607	-0.00507	0.00419	0.00244	0.00456	-0.00486	-0.01132	-0.00085	0.00745	-0.01120	-0.00329	(Member $x0 important)
p207697	-0.00214	-0.00986	0.01416	-0.00562	0.00383	0.00039	-0.00613	-0.00475	-0.01228	-0.00208	0.00386	-0.00912	-0.00413	-0.01074	-0.00609	0.02870	0.00078	-0.01068	0.00430	0.01336	-0.00156	-0.00609	0.01442	-0.00328	-0.00254	0.02491	-0.00905	0.00450	0.01830	-0.00114	0.00298	-0.00508	(Member $x0 isolated)
p207698	0.00046	-0.00020	-0.00293	-0.00354	-0.00611	-0.00638	0.00042	-0.00153	0.00346	-0.00144	-0.00026	0.00653	-0.00190	0.00200	-0.00397	-0.00143	-0.00098	0.01412	0.00339	-0.00145	-0.00664	0.00272	0.00882	0.01198	-0.00030	-0.00334	-0.00042	-0.00551	-0.00740	-0.00339	-0.00647	-0.00214	(Member $x0 king)
p207699	-0.00417	-0.00461	-0.00393	-0.00069	-0.00351	0.00505	0.00043	0.00201	0.00223	-0.00646	0.00183	-0.00306	-0.00142	0.00768	0.00125	-0.00817	-0.00376	0.01336	0.00253	-0.00322	0.00933	-0.00037	-0.00539	-0.00567	0.00308	-0.00754	-0.00546	-0.00417	0.01233	0.00301	0.00077	-0.00186	(Member $x0 kitchen)
p207700	-0.00717	-0.00713	-0.00348	-0.00312	0.00630	0.00859	-0.00017	-0.00271	-0.00612	0.01731	-0.00758	0.00201	-0.00230	0.00175	-0.00425	0.00509	0.00786	0.00130	-0.00898	-0.00052	-0.00797	-0.00963	-0.00805	-0.00025	-0.00010	-0.00263	0.00985	0.01423	-0.01167	0.00252	0.00178	-0.00373	(Member $x0 law)
p207701	-0.00376	0.00103	-0.00402	-0.01232	0.01202	0.00382	0.00810	-0.00354	-0.00175	-0.00208	0.00963	-0.00356	-0.00205	-0.00322	0.00445	-0.00547	0.00298	-0.00245	-0.00344	0.00718	-0.00291	-0.00168	0.00239	0.00200	0.00704	-0.00272	-0.00491	-0.00444	-0.00228	-0.00132	0.00071	-0.00287	(Member $x0 living_room)
p207702	-0.00640	0.00284	-0.00988	0.02889	-0.01376	0.00240	-0.00532	-0.00279	-0.00419	-0.00574	0.00222	0.01374	-0.00346	-0.00646	-0.00135	0.00402	0.00255	-0.00651	-0.00138	-0.00285	-0.01011	-0.00574	-0.02331	0.00732	0.01489	-0.00373	0.00415	0.01526	-0.00222	0.00431	0.00154	-0.00431	(Member $x0 mass)
p207703	0.00327	0.00037	0.00386	0.00384	0.00333	0.00592	-0.00241	-0.00601	0.00386	-0.00598	-0.00226	-0.01067	-0.00132	-0.00063	-0.00311	-0.00251	0.00332	-0.00433	0.00364	-0.00323	0.00200	0.00535	0.00223	-0.00219	-0.00632	-0.00350	-0.00405	0.00025	-0.00277	-0.00240	-0.00331	-0.00156	(Member $x0 method)
p207704	-0.00550	-0.00060	-0.00466	-0.00348	0.00656	-0.00203	0.00186	0.01043	-0.00033	0.00518	-0.00170	0.00533	-0.00338	0.00483	-0.00407	0.00171	0.00097	0.00752	-0.00161	-0.00210	-0.00746	0.00025	-0.00502	-0.00032	0.00167	0.00100	-0.00232	0.00763	-0.00620	0.00430	-0.00401	-0.00160	(Member $x0 museum)
p207705	0.01754	-0.00491	-0.01302	0.01036	-0.01538	-0.00116	-0.00251	0.02732	-0.00116	0.00931	-0.01136	-0.00351	0.04094	0.00211	-0.01104	-0.00870	0.02489	-0.00745	-0.00979	-0.00561	0.01687	-0.00560	0.02406	-0.01295	0.00048	0.00038	0.00024	-0.02351	-0.00456	0.00204	-0.00439	-0.00421	(Member $x0 name)
p207706	0.00165	-0.00813	0.00645	0.00246	-0.00042	-0.00145	-0.00537	-0.00217	0.00221	-0.01057	0.00787	-0.01825	0.00017	0.01285	0.00065	-0.01076	-0.00131	0.01177	0.00955	-0.00351	0.01342	0.00503	0.01004	-0.01669	0.00539	-0.01813	0.00776	-0.00736	0.01741	-0.00991	-0.00071	-0.00193	(Member $x0 noise)
p207707	-0.02031	-0.01263	0.02197	0.00532	-0.00247	-0.00379	0.00112	-0.00608	-0.02139	0.02883	-0.00799	0.00891	-0.00080	-0.00472	0.01925	0.03765	-0.00692	-0.00192	0.02972	0.00415	-0.01052	-0.01776	-0.00402	-0.00921	-0.00477	0.00121	0.00498	-0.00438	0.04653	0.00560	0.00663	-0.00130	(Member $x0 ocean)
p207708	0.02938	0.00272	0.00663	0.00540	-0.00199	0.00465	-0.00624	0.00281	0.01760	-0.00902	-0.00698	-0.01445	0.01336	-0.00592	-0.01040	-0.00677	0.00341	-0.00115	-0.00528	-0.00108	0.00924	-0.01122	0.00995	-0.00948	-0.00765	-0.01004	-0.00242	-0.00603	-0.00002	-0.00512	0.00428	-0.00290	(Member $x0 opportunity)
p207709	-0.00227	-0.00933	-0.01193	0.00095	0.00052	0.00471	0.00051	0.02019	0.00039	0.00030	-0.00583	-0.00796	-0.00647	0.00134	-0.00447	-0.00117	0.00642	-0.01165	0.00184	-0.00267	0.00698	0.00279	0.00694	0.00089	-0.00140	0.00492	0.00325	-0.00521	-0.00585	0.00664	-0.00350	-0.00460	(Member $x0 orchestra)
p207710	-0.01311	-0.01785	0.00737	-0.00751	0.00262	-0.01046	0.00000	0.00349	-0.00906	0.00155	-0.00703	0.00164	-0.00226	-0.00442	-0.01048	0.02485	-0.00450	0.00158	0.01213	0.01368	-0.00435	0.00687	0.01649	0.01207	-0.00114	0.00250	-0.01009	-0.00762	0.01418	0.00341	-0.00656	-0.00642	(Member $x0 page)
p207711	-0.00239	-0.00658	-0.00273	-0.00633	0.00791	-0.00487	-0.00045	-0.00461	-0.00216	0.00533	-0.00432	-0.00062	-0.00181	-0.00333	-0.00137	-0.00109	0.00902	0.01320	0.00011	-0.00238	-0.00984	-0.00124	-0.00345	0.00241	-0.00018	-0.00439	-0.00107	0.00768	-0.00493	-0.00270	-0.00285	-0.00208	(Member $x0 patient)
p207712	-0.00091	-0.00090	-0.00179	-0.00067	0.00007	0.00211	-0.00228	-0.00183	0.00127	0.00001	0.00109	0.00100	-0.00236	0.00646	-0.00102	0.00202	0.00117	-0.00026	-0.00075	-0.00056	0.00193	-0.00201	0.00370	-0.00051	-0.00121	-0.00092	-0.00201	0.00228	-0.00145	0.00281	0.00074	-0.00191	(Member $x0 plant)
p207713	-0.00654	-0.00755	0.01245	-0.00197	0.00492	0.01535	0.00848	0.00422	0.00518	0.01107	0.00637	-0.01524	-0.00005	0.00678	-0.00383	-0.00631	0.00156	0.00415	0.00196	0.00028	0.00667	0.00280	0.00170	-0.00793	-0.00705	-0.01115	0.00138	-0.01299	0.00544	-0.00660	-0.01235	0.00052	(Member $x0 police)
p207714	0.00284	-0.00252	0.00866	0.00617	-0.00774	-0.01085	-0.00288	-0.00391	-0.01205	-0.00121	-0.00143	0.00087	-0.00647	0.00013	0.03714	-0.01116	0.00121	-0.00444	0.00317	-0.00442	-0.00223	-0.00225	-0.00994	0.00214	0.00425	-0.00281	0.01184	0.00699	0.01844	-0.00037	-0.00528	-0.00276	(Member $x0 population)
p207715	0.00587	0.01971	-0.00783	0.00077	0.00725	0.01086	-0.00805	-0.00392	-0.00311	-0.00900	-0.00780	-0.01589	-0.00168	-0.00858	-0.00371	0.01648	0.00190	-0.02507	-0.00838	0.00456	0.02892	-0.00547	-0.00116	-0.00232	-0.00528	0.00187	0.01523	0.00247	-0.02288	0.00153	0.00812	-0.00614	(Member $x0 president)
p207716	-0.00627	-0.00696	-0.00355	-0.00579	0.00610	-0.00581	-0.00370	0.00324	-0.00407	0.00907	0.00260	0.00593	-0.00541	0.00323	-0.00590	0.00004	0.01538	0.00112	-0.00929	-0.00300	-0.00042	-0.00067	-0.00050	-0.00783	0.00103	-0.00241	-0.00254	0.01122	-0.00938	0.00101	0.00755	-0.00311	(Member $x0 race)
p207717	0.00034	-0.00128	-0.00401	-0.00925	-0.00089	0.00205	-0.00517	-0.00277	-0.00503	-0.00203	0.00721	-0.00233	-0.00269	-0.00723	0.00274	-0.00190	0.00245	-0.00658	-0.00336	0.00079	-0.00227	-0.00258	0.00215	0.00312	0.00800	0.01503	0.00706	0.00189	-0.00419	0.00004	0.00469	-0.00346	(Member $x0 report)
p207718	-0.00503	0.00410	-0.00554	0.00101	-0.00324	-0.00133	0.01013	0.00712	0.00295	-0.00037	-0.00087	0.00647	-0.00243	-0.00205	0.00208	-0.00080	-0.00633	0.00307	0.00765	0.00031	-0.00249	-0.00175	-0.00738	0.00263	-0.00062	0.00324	-0.00287	-0.00785	-0.00555	0.00257	0.00663	-0.00140	(Member $x0 right)
p207719	-0.01628	-0.00440	0.00823	0.01120	0.00292	-0.01208	-0.00454	-0.00627	-0.01196	0.01140	-0.00616	0.00569	0.00180	-0.01537	-0.00647	0.02592	-0.00445	-0.00569	0.03564	0.00486	-0.00883	-0.00981	-0.00052	0.00565	0.00077	0.00596	0.00237	-0.00587	0.00599	0.00514	0.00976	0.01382	(Member $x0 roof)
p207720	-0.00759	-0.01506	-0.00227	-0.00577	-0.00091	-0.00084	-0.00364	-0.00387	-0.00501	0.00387	-0.00308	0.00168	-0.00215	-0.00019	0.00001	0.01924	0.00249	-0.00597	0.00199	-0.00230	-0.00041	-0.00231	0.00926	0.00208	0.00564	0.00291	0.00557	-0.00035	0.01344	0.00116	0.00487	-0.00450	(Member $x0 simple)
p207721	-0.00598	-0.00792	0.01965	0.00415	0.00349	-0.01507	-0.00219	0.00321	-0.00925	-0.00049	-0.01123	0.00577	-0.00631	-0.00288	0.01850	0.01614	-0.00790	-0.00688	0.00946	0.00479	-0.00647	-0.00553	-0.00334	-0.00167	-0.00176	0.00294	0.00881	0.00967	0.01634	-0.00526	-0.00546	0.00852	(Member $x0 small)
p207722	-0.00048	-0.00570	-0.00576	-0.00081	-0.00066	-0.00236	0.02016	0.00111	-0.00077	-0.00181	-0.00897	0.00607	-0.00148	-0.00905	0.01113	0.00255	-0.00122	0.00134	-0.00303	0.00367	-0.00249	-0.00422	-0.00735	0.00241	-0.00021	0.00622	-0.00509	-0.00520	-0.01017	-0.00248	0.01483	-0.00180	(Member $x0 spider)
p207723	0.00124	0.00470	0.00915	-0.00520	0.00166	-0.00240	-0.00451	-0.00548	0.00643	-0.00405	0.00336	-0.00882	-0.00087	-0.00410	-0.00025	-0.00732	0.00152	-0.00253	-0.00242	0.01319	0.00048	0.00780	-0.00048	0.00016	-0.00218	-0.00724	-0.00514	0.00457	0.01162	0.00067	-0.00491	-0.00468	(Member $x0 station)
p207724	-0.00866	-0.00594	-0.00079	-0.00353	-0.01123	-0.00385	0.02110	-0.00166	-0.01034	-0.01726	-0.01076	-0.02425	-0.00427	-0.00648	0.02889	-0.01979	0.00077	0.01388	0.00353	0.00266	0.00888	0.01421	0.00106	-0.01365	0.00234	-0.00318	-0.00387	0.00038	0.03025	0.00345	0.01799	-0.00979	(Member $x0 storm)
p207725	-0.00130	-0.00642	0.00611	-0.00941	0.01790	-0.01191	-0.00181	-0.00394	-0.00995	0.01640	-0.01029	-0.00070	-0.00402	-0.00190	0.01230	0.00138	0.01452	0.01113	-0.00653	-0.00356	-0.01976	-0.00798	-0.00883	-0.00559	0.00406	-0.00415	0.00189	0.02381	-0.00295	-0.00352	0.00020	-0.00185	(Member $x0 story)
p207726	0.01934	0.00268	0.00931	0.00322	-0.00256	-0.00727	-0.00809	-0.00479	-0.01613	-0.00412	0.00318	-0.00226	0.01067	-0.01367	0.01598	-0.00879	-0.00219	-0.00795	-0.00236	-0.00139	-0.00193	-0.01023	-0.00465	-0.00283	0.00230	0.02014	0.01001	0.00681	0.01448	-0.00961	0.00222	-0.00253	(Member $x0 strong)
p207727	0.06135	0.00298	-0.01933	0.02225	-0.02728	-0.01869	0.01586	0.00683	-0.03710	-0.00338	0.03558	0.00824	-0.02515	-0.03069	-0.00716	-0.00833	-0.01349	0.00659	0.00728	-0.01102	0.02326	-0.02025	-0.01955	-0.00922	-0.02180	0.01141	-0.00206	0.05266	0.01764	0.05571	-0.02113	-0.01053	(Member $x0 teacher)
p207728	0.00864	0.00611	-0.00488	-0.01596	0.01649	-0.00730	0.00551	0.00190	0.01213	-0.00734	0.00334	-0.01005	-0.00790	-0.00743	-0.00358	-0.00741	-0.00584	-0.00730	-0.00512	0.00404	-0.00771	0.01761	0.00679	0.01497	0.00959	-0.00481	0.00654	0.00262	0.00700	-0.01455	0.00381	-0.00680	(Member $x0 theater)
p207729	-0.01343	-0.01814	-0.00655	-0.00519	-0.00571	0.00447	-0.00170	0.00023	-0.00366	0.00164	-0.00282	-0.00285	-0.00357	0.00246	-0.00592	0.02677	-0.00073	0.00628	0.00295	-0.00127	0.00790	-0.00994	0.01158	-0.00263	0.01053	0.00045	-0.00779	-0.00469	0.02095	0.00154	0.01043	-0.00489	(Member $x0 top)
p207730	-0.00925	-0.00613	-0.00901	-0.01630	-0.01029	-0.00230	-0.00197	0.01524	-0.00126	0.00694	0.00655	-0.01323	-0.00353	-0.00058	0.00354	-0.00528	0.01441	-0.00663	-0.00658	0.01449	0.00451	0.00429	0.02020	-0.00365	0.01130	0.00442	0.00024	-0.00974	-0.00708	0.01475	-0.00557	-0.00744	(Member $x0 treaty)
p207731	0.00851	0.01711	0.00949	0.00190	0.00948	-0.00866	-0.00395	0.00124	-0.00924	-0.00258	-0.00899	-0.00138	0.01184	-0.00060	0.01104	0.00210	-0.00807	-0.00978	-0.00540	-0.00396	0.00524	0.00298	-0.00701	-0.00703	-0.00303	-0.00095	0.00549	0.01579	0.00293	-0.00700	-0.00410	-0.00223	(Member $x0 truth)
p207732	-0.01309	0.01434	-0.00390	0.00312	-0.00208	-0.00390	0.00087	0.00692	-0.00795	0.00491	0.00649	0.00340	-0.00123	0.00119	-0.00323	-0.00409	-0.01119	0.00277	0.02885	-0.00719	-0.00354	0.00316	-0.00590	-0.00095	-0.00217	0.00144	-0.00277	-0.00604	-0.00119	0.01262	0.00245	-0.00144	(Member $x0 valuable)
p207733	0.02738	0.00487	0.01228	-0.01159	-0.00539	0.00111	-0.00773	-0.00088	-0.01188	-0.01553	0.02980	-0.00155	-0.00699	-0.01951	-0.00357	-0.00838	-0.00633	0.01533	0.00257	-0.00272	-0.01523	-0.01587	-0.00431	0.00300	-0.00106	0.05292	0.00295	-0.00611	0.01162	-0.01471	-0.00486	-0.00114	(Member $x0 wood)
p207734	-0.00410	-0.01375	-0.01617	-0.01856	0.02977	0.00874	0.02196	0.01010	-0.00189	0.00041	0.02179	-0.01768	-0.00498	-0.01160	0.00254	-0.00684	0.01777	-0.01610	-0.00402	0.01882	0.01152	-0.00485	0.01401	0.00092	0.00597	-0.00042	-0.01990	-0.02340	0.00378	-0.00137	0.00149	-0.00434	(Member $x0 yellow)
p207735	-0.02385	-0.01286	0.04801	-0.02171	-0.01863	0.07845	0.00042	0.00449	-0.00704	0.03358	0.01687	-0.01362	0.00381	0.00198	0.00712	-0.00703	-0.00898	0.01929	-0.02154	0.00295	-0.00659	-0.04102	-0.01512	-0.03638	0.01097	0.03610	0.06407	-0.02856	0.03474	-0.01360	0.01929	0.01570	(Member $x0 young)
p207736	0.03408	0.00393	0.00579	0.00053	0.00737	-0.02306	-0.01057	-0.01582	-0.01565	0.01923	-0.01434	0.01300	0.07173	-0.00194	-0.01282	-0.00592	-0.00057	0.00743	-0.01173	-0.00466	-0.00235	-0.00434	0.01304	-0.02126	-0.00673	-0.00727	0.00645	0.00894	0.00785	-0.01534	0.00269	0.00077	(Ordinal $x0 <num> line)
p207737	-0.00015	0.00102	-0.00192	0.00006	-0.00110	0.00154	-0.00180	-0.00190	0.00179	-0.00079	0.00040	0.00398	-0.00233	0.00614	0.00018	-0.00131	0.00040	0.00069	-0.00161	-0.00161	-0.00057	-0.00220	-0.00295	-0.00144	-0.00170	-0.00193	-0.00121	0.00212	-0.00397	0.00377	-0.00181	-0.00171	(Past (LocatedIn $x0 there))
p207738	0.00045	-0.00634	-0.00586	-0.00076	-0.00078	-0.00018	0.02139	0.00133	0.00013	-0.00299	-0.01151	0.00860	-0.00148	-0.01091	0.01004	0.00413	-0.00075	0.00168	-0.00287	0.00250	-0.00444	-0.00579	-0.00957	0.00297	0.00011	0.00805	-0.00489	-0.00789	-0.01309	-0.00106	0.01663	-0.00160	(Probably (Member $x0 good))
p207739	-0.00767	-0.00512	-0.00388	-0.00210	-0.00287	0.00280	-0.00225	0.00935	0.00070	-0.00599	0.00304	-0.00707	-0.00576	0.00730	-0.00869	0.00635	-0.00707	-0.00286	0.00264	-0.00116	0.00900	-0.00204	0.02137	0.00210	-0.00205	0.00012	-0.00953	-0.00277	0.00249	0.00238	0.00211	-0.00431	(RestOf $x0 $x1)
p207740	0.00129	-0.00181	0.00294	0.00608	0.00307	0.00492	0.00683	-0.00409	0.00557	-0.00897	-0.00571	-0.01010	-0.00095	-0.00630	-0.00323	-0.00258	0.00196	-0.00286	0.00383	-0.00585	0.00194	0.00989	0.00365	-0.00326	-0.00838	0.00129	-0.00601	-0.00594	-0.00494	-0.00626	0.00365	0.00871	(Start $e0 (Year <num>))
p207741	-0.00044	-0.00237	-0.00403	0.00009	-0.00115	0.00117	0.00807	-0.00048	0.00139	-0.00238	-0.00499	0.00567	-0.00227	-0.00086	0.00362	0.00096	-0.00011	0.00059	-0.00210	0.00046	-0.00191	-0.00406	-0.00565	0.00056	-0.00125	0.00223	-0.00221	-0.00259	-0.00830	0.00091	0.00641	-0.00201	(Time $e0 (Weekday sunday))
p207742	-0.00514	-0.00414	-0.00964	-0.00242	-0.00693	-0.00154	0.00273	0.00948	0.00009	-0.00947	0.00338	0.00337	-0.00271	-0.00228	-0.00119	-0.00790	-0.00645	0.00652	0.00911	-0.00322	0.00126	0.00832	-0.00168	0.01208	-0.00151	0.00465	0.00282	-0.01073	0.00360	0.00088	-0.01031	-0.00361	(Time $e0 morning)
p207743	0.00293	-0.00840	-0.00629	-0.01324	0.00005	-0.00886	0.00648	-0.00152	0.00191	-0.00300	-0.00324	-0.00458	-0.00260	-0.01431	0.00664	0.00073	0.00132	-0.00377	0.00223	-0.00282	-0.00342	0.00746	0.00894	0.00319	0.01034	0.00302	0.00676	-0.00918	-0.01467	0.00298	0.00572	0.00844	(Time $e0 soon)
p207744	-0.00113	-0.00802	-0.01066	-0.01270	-0.00084	0.00039	-0.00636	-0.00562	-0.00357	-0.00388	0.00097	-0.01405	-0.00213	-0.00780	0.00292	-0.00545	0.00562	-0.01192	0.00226	-0.00036	0.00527	0.00859	0.01083	0.00267	0.00910	-0.00169	0.02099	-0.00100	-0.01022	0.00334	0.00514	-0.00732	(Time $e0 tomorrow)
p207745	-0.00315	-0.00040	-0.00652	0.00396	-0.00161	-0.00120	0.00696	-0.00504	0.00845	-0.00865	-0.00729	-0.01458	0.00107	-0.00123	-0.00542	-0.00653	0.00135	0.01028	0.00187	-0.00887	-0.00003	0.01296	0.00737	-0.00472	-0.00784	0.00377	-0.00046	-0.00327	-0.00089	-0.00799	0.00826	0.00993	(With $e0 $x0)
