pattern_id	w0	w1	w2	w3	w4	w5	w6	w7	w8	w9	w10	w11	w12	w13	w14	w15	w16	w17	w18	w19	w20	w21	w22	w23	w24	w25	w26	w27	w28	w29	w30	w31	query
p200004	0.01782	-0.00464	-0.05871	-0.01180	0.33402	-0.05052	0.03071	0.21334	0.56432	0.08294	0.09592	-0.20628	0.17748	-0.10641	0.92719	-0.24334	-0.09124	-0.19476	0.70968	0.10618	0.46401	-0.12397	-0.20213	-0.09700	0.21734	2.06502	-0.17936	-0.29851	0.03166	0.13251	0.68361	0.04714	(Past $e0)
p200009	0.01094	-0.01108	0.12884	0.00493	-0.00056	0.04511	0.16066	0.12784	0.06911	2.38510	0.07116	0.10528	-0.00568	-0.00476	0.12098	0.15575	0.06681	-0.02639	0.01082	0.01977	-0.08974	-0.11266	-0.00023	0.02333	-0.04716	-0.15628	-0.13720	0.17614	-0.03572	0.18913	-0.12330	-0.03816	(Agent $e0 $x0)
p200011	0.02294	0.00342	0.06511	-0.11295	0.18304	-0.09540	-0.00932	-0.10755	0.12220	-0.00415	0.12179	0.01494	-0.12355	0.03076	-0.00652	-0.16693	-0.16242	0.01318	0.02370	0.12311	-0.08245	-0.02707	2.37809	-0.03251	-0.02208	-0.08080	0.14407	-0.04281	0.07678	0.10240	0.11458	-0.02652	(Patient $e0 $x0)
p200012	2.32449	-0.19264	-0.03661	0.02499	0.10979	0.06794	0.00703	0.03041	-0.10533	0.01830	-0.20719	-0.20326	0.00357	-0.00128	-0.13973	0.46727	-0.20902	0.08838	-0.03882	-0.10029	0.22996	0.00073	0.02121	-0.10761	0.03073	-0.10306	-0.08469	-0.19387	-0.08578	0.10766	0.22473	0.12613	(Theme $e0 $x0)
p200021	-0.09517	-0.02437	0.01449	0.05068	-0.03381	0.04721	-0.04194	-0.18025	-0.05385	0.27472	0.03315	-0.16600	0.35242	0.05991	1.82906	0.14937	-0.01192	-0.06621	0.15120	-0.17193	0.23543	-0.16194	0.11151	-0.01161	0.05158	-0.70395	-0.29068	-0.24036	-0.10139	-0.14726	0.32056	-0.03095	(And (Agent $e0 $x0) (Past $e0))
p200027	-0.04535	-0.00983	-0.24639	0.09529	-0.31009	0.02597	0.04366	0.30478	-0.98529	-0.06279	0.13284	0.13466	0.54533	-0.11661	0.10457	0.74151	0.21777	0.19156	-0.40776	-0.37285	0.18662	-0.05996	0.79199	0.13329	-0.17486	0.84392	-0.57780	-0.02159	0.00504	-0.22760	-0.62892	-0.11592	(And (Past $e0) (Patient $e0 $x0))
p200029	0.06660	0.00810	-0.02860	-0.15015	0.04162	-0.01001	-0.12671	-0.12878	0.29733	-0.02822	-0.08361	0.13114	0.23896	0.02100	0.05705	0.01533	0.00688	0.01133	-0.02434	0.13514	-0.01284	1.91777	0.02945	0.00125	0.25669	-0.01141	-0.02012	-0.06092	0.12116	-0.11644	-0.08287	-0.01773	(Ongoing $e0)
p200036	0.02367	-0.01577	-0.09305	0.03151	0.00852	-0.02305	0.04710	-0.00271	-0.02000	-0.05904	-0.01410	0.04452	0.04422	2.20787	0.01228	0.03800	0.02923	0.08419	-0.01478	0.05803	0.10565	0.03477	0.00096	0.00000	-0.03954	-0.00197	-0.07817	-0.02037	0.11281	-0.04990	-0.00127	-0.05467	(Experiencer $e0 $x0)
p200040	0.32784	0.04083	-0.00870	-0.03751	-0.14355	-0.01132	0.04400	0.06912	-0.18243	-0.12960	-0.06021	0.11297	-0.06990	0.00758	-0.03726	0.01410	0.04775	0.07455	1.87551	-0.03123	-0.09687	0.03575	0.03595	0.08764	-0.02803	-0.13193	-0.09122	0.00253	0.06318	-0.00552	-0.29596	-0.16802	(And (Past $e0) (Theme $e0 $x0))
p200048	0.02854	0.72228	-0.05125	-0.12420	-0.20464	0.12021	0.83369	-0.07824	-0.04894	-0.01633	-0.13609	-0.06203	0.39324	-0.02141	-0.20364	-0.35005	0.14816	-0.01382	-0.00144	0.16088	0.29210	0.10997	-0.01580	0.84413	-0.76616	-0.02612	0.13225	-0.14122	0.15361	0.69599	0.29484	-0.84997	(Location $e0 $x0)
p200050	0.18535	-0.17038	-0.20589	-0.16196	0.03863	0.00912	-0.09606	-0.13415	0.03578	0.17415	0.33235	0.27208	-0.10569	0.02262	-0.05085	0.97483	-0.00569	-0.08981	-0.18512	-0.00467	-0.42612	-0.10989	-0.06199	-0.15605	0.09957	0.04830	-0.66640	0.45063	0.27474	1.34755	-0.34506	0.18489	(And (Agent $e0 $x0) (Theme $e0 $x1))
p200059	-0.04583	1.74912	0.03436	-0.05964	-0.20119	0.20675	0.02909	0.05765	-0.49890	0.03482	-0.06424	0.07330	-0.32337	0.05590	0.05498	0.15738	0.12841	-0.19635	0.08480	-0.00067	0.01684	-0.02206	0.01671	-0.58620	-0.27983	0.01346	-0.26102	-0.07532	-0.00439	-0.28686	-0.02756	1.50547	(Member $x0 thing)
p200072	0.03916	0.54645	-0.04824	0.01357	-0.41966	0.39084	-0.36788	0.35561	0.39893	0.06776	-0.06329	0.04383	-0.39454	0.01649	-0.02409	0.12719	0.19460	1.21295	-0.09883	0.00630	0.11312	-0.00947	-0.03263	0.16217	0.47589	0.06050	-0.09968	-0.32683	-0.08300	-0.00124	-0.17933	-0.50117	(Theme $e0 $e1)
p200079	-0.03109	-0.11014	0.21098	-0.31877	-0.00844	0.01099	-0.07030	1.39877	0.11729	0.11769	-0.18383	-0.05678	0.56566	0.05912	-0.07535	-0.02003	-0.05988	-0.22891	0.11593	-0.03269	-0.14609	-0.01028	0.13230	-0.07062	-0.17735	-0.21913	0.00262	0.04845	0.26591	-0.16468	-0.03329	0.08925	(And (Agent $e0 $x0) (Patient $e0 $x1))
p200081	-0.03116	-0.66846	-0.15390	-0.18640	0.16929	-0.12304	-0.48170	0.10480	-0.30985	0.02357	0.02440	-0.07934	-0.25614	0.02393	0.04931	0.04199	-0.15248	0.10372	0.02375	-0.05468	-0.16633	-0.08101	-0.01000	1.91825	0.55381	0.02694	-0.03930	0.08181	0.17962	-0.19806	0.02769	1.12846	(LocatedIn $x0 $x1)
p200084	0.10996	0.51051	0.00696	-0.13487	-0.29927	0.00299	0.53199	-0.20019	0.10022	-0.15742	-0.19779	-0.14935	0.58824	-0.08347	0.02751	-0.29782	0.18403	-0.10342	-0.13749	0.14909	0.14783	-0.08716	-0.05193	0.57783	-0.49770	0.04004	0.10387	0.04570	0.17990	0.54664	0.41610	-0.51946	(And (Location $e0 $x0) (Past $e0))
p200086	-0.12392	-0.09599	-0.13261	-0.06359	0.16107	-0.21956	0.01564	0.18753	-0.38971	0.42345	0.12411	-0.24388	-0.21716	0.00091	-0.30620	-0.10578	-0.17668	-0.05390	0.09658	-0.24196	-0.03867	0.96512	-0.03128	-0.07812	-0.08819	0.07025	0.05367	0.16134	0.04034	0.15099	0.32550	0.14521	(And (Agent $e0 $x0) (Ongoing $e0))
p200106	-0.01526	-0.26741	-0.16468	-0.08996	-0.11846	0.04367	1.13105	0.30978	-0.03075	-0.02133	0.08382	0.00276	-0.48088	0.01810	-0.05228	0.05623	0.02019	-0.20642	-0.03937	-0.00248	0.02324	-0.04851	0.03318	-0.20015	0.84851	-0.03207	-0.15413	-0.13147	0.16214	-0.08660	-0.03157	0.16378	(Goal $e0 $x0)
p200111	-0.21961	-0.00738	-0.09582	-0.27962	-0.19403	0.03148	-0.16153	-0.11870	-0.16586	-0.24831	0.35462	0.18217	-0.25410	0.05693	0.41682	0.59526	0.12140	0.00429	0.48493	-0.02033	-0.18601	-0.01103	0.06006	-0.05315	0.05331	-0.20297	-0.37637	0.10306	0.24898	0.75352	-0.22427	-0.08217	(And (Agent $e0 $x0) (Past $e0) (Theme $e0 $x1))
p200115	-0.14459	-0.41067	0.27925	0.12410	0.71711	-0.20224	0.70418	-0.44905	0.07803	-0.09470	-0.27090	0.34147	0.54271	-0.00363	0.06923	0.20564	-0.46820	1.18827	0.20061	-0.05066	0.04882	0.03184	-0.01568	-0.04912	-0.65288	-0.03112	-0.15566	0.03510	-0.10201	-0.22781	-0.41073	0.51658	(Cardinality $x0 <num>)
p200121	0.04065	0.38958	0.05595	0.12102	-0.14908	0.17931	-0.33184	0.28439	0.12798	-0.05311	0.06601	-0.11141	-0.17252	-0.04084	0.07147	0.00311	0.08640	0.81425	-0.14723	-0.06360	-0.10781	-0.02566	-0.09582	0.05637	0.49651	0.13472	0.07112	-0.02585	-0.11559	0.11698	0.07744	-0.34393	(And (Past $e0) (Theme $e0 $e1))
p200124	0.11512	0.00870	0.05929	-0.11918	-0.05985	-0.05982	0.02404	-0.08256	0.30805	0.07414	0.19731	-0.14693	0.12692	0.82196	0.04591	-0.09816	0.06055	-0.24655	-0.16387	0.07095	-0.70338	-0.09792	-0.11762	0.02986	-0.14535	0.43623	0.28509	0.18170	-0.01555	0.01725	0.06314	0.10392	(And (Experiencer $e0 $x0) (Past $e0))
p200128	0.02325	-0.05827	-0.05797	-0.08140	-0.03635	0.06473	-0.09639	0.99453	-0.14820	-0.08431	-0.05679	0.07182	0.75219	0.02830	0.18967	0.21769	-0.07688	-0.12319	-0.07538	0.00189	0.02863	-0.01726	-0.02769	-0.00550	-0.08841	-0.11175	-0.19834	-0.16427	-0.03752	-0.25762	-0.25076	-0.02378	(And (Agent $e0 $x0) (Past $e0) (Patient $e0 $x1))
p200132	-0.02483	0.12711	-0.01643	-0.05270	1.06759	1.76875	0.06636	-0.11852	-0.17635	-0.08399	0.52026	-0.04010	0.06508	0.02528	0.02528	0.09649	-0.66476	-0.34702	-0.02717	-0.05094	-0.18551	0.03008	-0.00378	0.12939	-0.08970	-0.02815	-0.12123	0.09316	0.04277	-0.15450	-0.05810	-0.27287	(PartOf $x0 $x1)
p200140	-0.02812	-0.23461	-0.08605	-0.07673	-0.07338	0.02357	0.99262	0.27517	-0.02934	-0.05369	0.08944	-0.05759	-0.37972	0.00387	-0.00265	0.05628	0.00175	-0.22083	-0.01990	0.01118	0.03964	-0.01959	-0.01649	-0.17367	0.73565	-0.00744	-0.13757	-0.12017	0.09153	-0.10260	-0.04436	0.18026	(And (Goal $e0 $x0) (Past $e0))
p200141	0.14226	-0.06583	-0.13036	-0.29586	-0.20317	0.02838	-0.00668	-0.16471	-0.01035	-0.27808	-0.03568	0.04303	0.06420	-0.16807	0.56785	0.01405	0.20180	0.12179	-0.23295	0.36859	-0.15696	0.59092	-0.14724	0.03015	-0.12513	0.20423	0.01998	0.34533	0.37206	-0.16300	-0.14686	0.13167	(And (Ongoing $e0) (Past $e0))
p200149	-0.00971	-0.06390	0.41224	0.03544	-0.10641	0.20986	-0.21739	-0.07632	-0.28283	-0.01616	-0.25702	0.11161	0.01607	0.07305	0.02206	-0.13578	0.02092	-0.02435	0.04527	0.13334	0.75140	0.02512	-0.01523	-0.05909	0.28850	0.02204	0.06412	0.72180	-0.05548	0.06245	-0.12840	-0.03413	(Result $e0 $e1)
p200158	-0.04195	-0.13260	0.32625	0.17872	0.01896	0.01397	-0.14975	-0.12535	0.66867	-0.00902	-0.23800	-0.05351	0.08917	0.03081	-0.12403	-0.19700	0.03677	-0.28630	0.18546	-0.00260	-0.08468	0.36030	0.39080	0.03157	0.22765	-0.20310	0.25142	-0.20225	-0.24690	0.20231	0.08333	0.18024	(And (Ongoing $e0) (Patient $e0 $x0))
p200159	0.02920	-0.06324	-0.08715	-0.15695	-0.08930	0.05618	0.05756	-0.03006	-0.04606	0.03761	-0.13877	-0.17168	0.00208	-0.00751	-0.06370	0.56631	-0.05272	0.04156	-0.02873	-0.04232	0.23186	-0.00528	-0.01504	-0.03562	-0.10027	0.01688	0.67725	-0.17546	0.07023	-0.32704	0.25459	0.01300	(Member $e0 have)
p200171	0.03490	-0.06863	-0.08437	-0.15067	-0.07516	0.04922	0.06358	-0.03598	-0.05240	0.03699	-0.12906	-0.17289	0.00615	-0.00311	-0.06240	0.55959	-0.05499	0.02282	-0.02917	-0.04185	0.22479	-0.00293	-0.00844	-0.03563	-0.10425	0.00929	0.66769	-0.16797	0.06876	-0.32439	0.26426	0.02229	(And (Member $e0 have) (Theme $e0 $x0))
p200178	-0.01669	0.00821	-0.05017	-0.09512	0.21091	-0.15134	-0.02206	0.02748	-0.07669	0.06830	-0.08575	-0.20686	-0.19453	0.01983	-0.06101	0.27388	-0.24533	0.16748	-0.04557	1.63277	0.05740	-0.09397	0.06162	0.00682	-0.01678	-0.08732	-0.30996	-0.26568	0.03231	-0.09013	0.16969	-0.02888	(Future $e0)
p200179	0.01621	-0.04216	-0.03252	-0.04068	-0.14648	-0.01275	-0.03269	0.05711	0.04178	0.04375	-0.09409	-0.15174	0.00008	0.06667	-0.05327	0.00540	0.09776	-0.06152	-0.03564	-0.12333	-0.10737	-0.01131	0.01500	0.04375	-0.01810	0.02676	0.05202	0.19005	-0.02321	0.10038	0.09323	0.08184	(Possession $x0 $x1)
p200187	-0.00253	0.06690	-0.01394	-0.14042	0.90869	-0.30268	-0.10290	-0.04771	-0.09129	-0.02141	-0.01726	-0.19649	-0.04561	0.06459	-0.08554	0.18607	1.12405	-0.14043	-0.01073	-0.10556	0.17834	0.01063	-0.00609	0.01145	0.07501	-0.09331	-0.25592	-0.22807	0.06108	-0.12389	0.14840	-0.15177	(Source $e0 $x0)
p200192	-0.04747	-0.04151	-0.84468	1.28646	0.05854	0.02102	-0.02437	-0.09561	-0.09394	0.04842	-0.21658	-0.16447	0.07952	0.05712	-0.07932	-0.01506	-0.11295	0.01365	0.06381	-0.03781	0.07410	-0.04846	0.03926	-0.09647	0.03285	-0.09883	-0.15659	-0.11446	1.29951	-0.09153	0.11999	0.03175	(GroupOf $x0 person)
p200219	-0.06894	0.31375	-0.05275	0.05105	0.03259	0.01050	0.30907	-0.00202	-0.03674	0.15365	-0.17040	-0.17165	0.10320	0.04141	-0.10147	-0.07915	-0.11448	-0.01805	-0.02671	-0.09828	0.49796	0.10309	-0.01338	0.34180	-0.30092	-0.17510	-0.09952	-0.33488	-0.14421	0.30719	0.21469	-0.25781	(And (Agent $e0 $x0) (Location $e0 $x1))
p200232	0.25071	0.11530	-0.00660	-0.02331	0.13112	-0.08348	0.01848	-0.00780	0.06731	-0.01399	0.24476	-0.05979	-0.13702	0.02282	0.04268	-0.21531	-0.12624	-0.03570	-0.10477	-0.02111	0.19244	0.00747	0.12833	-0.09662	-0.06253	-0.10553	0.07056	-0.14325	-0.09363	-0.06726	0.05062	0.16291	(Obligated $e0)
p200242	0.09886	0.24811	-0.17246	-0.02859	-0.04392	0.01049	0.31401	0.04179	0.00605	0.00923	0.34540	0.30744	-0.04662	-0.05262	0.06519	-0.11529	0.17848	0.02192	0.03937	0.19549	-0.06649	0.30610	-0.03177	0.23603	-0.31267	0.03002	0.24098	0.17621	0.13753	-0.10004	-0.35065	-0.29988	(And (Location $e0 $x0) (Ongoing $e0))
p200256	-0.00970	0.01305	0.00750	0.07495	-0.24701	0.16602	0.00763	0.00864	-0.11452	0.16471	0.26777	-0.14805	-0.17061	-0.01764	-0.02793	-0.14374	0.25018	0.44895	0.09293	0.02943	-0.14970	-0.02287	0.09701	-0.00482	-0.04353	-0.05874	0.07306	0.17742	-0.10957	-0.04762	0.30871	-0.01653	(And (Agent $e0 $x0) (Theme $e0 $e1))
p200278	-0.07064	-0.04896	-0.09573	-0.15312	-0.06141	0.05182	0.04440	-0.02574	-0.05553	0.02905	-0.08889	-0.14509	-0.01766	-0.00222	-0.05184	0.54344	-0.03672	-0.00586	-0.04144	-0.00109	0.17185	-0.00596	-0.01274	-0.03446	-0.07939	0.01456	0.55932	-0.11999	0.09865	-0.21637	0.24579	0.03425	(And (Holder $e0 $x0) (Member $e0 have) (Theme $e0 $x1))
p200283	-0.03229	-0.05165	0.11722	0.15921	-0.10128	0.07504	-0.13435	-0.03132	-0.24241	-0.00547	-0.14806	0.15896	-0.01045	0.18294	-0.01472	-0.10369	0.04376	0.00511	0.07623	0.10812	0.65943	0.00671	0.09806	-0.02890	0.22171	-0.08069	0.07341	0.51498	-0.17629	0.08607	-0.09990	0.00268	(And (Experiencer $e0 $x0) (Result $e1 $e0))
p200284	-0.07064	-0.04896	-0.09573	-0.15312	-0.06141	0.05182	0.04440	-0.02574	-0.05553	0.02905	-0.08889	-0.14509	-0.01766	-0.00222	-0.05184	0.54344	-0.03672	-0.00586	-0.04144	-0.00109	0.17185	-0.00596	-0.01274	-0.03446	-0.07939	0.01456	0.55932	-0.11999	0.09865	-0.21637	0.24579	0.03425	(And (Holder $e0 $x0) (Member $e0 have))
p200285	-0.07064	-0.04896	-0.09573	-0.15312	-0.06141	0.05182	0.04440	-0.02574	-0.05553	0.02905	-0.08889	-0.14509	-0.01766	-0.00222	-0.05184	0.54344	-0.03672	-0.00586	-0.04144	-0.00109	0.17185	-0.00596	-0.01274	-0.03446	-0.07939	0.01456	0.55932	-0.11999	0.09865	-0.21637	0.24579	0.03425	(And (Holder $e0 $x0) (Theme $e0 $x1))
p200286	-0.02462	0.05600	0.16224	-0.08762	0.00573	0.12371	-0.11948	-0.02525	-0.15683	-0.05892	-0.16370	-0.06559	-0.06369	-0.03592	0.06431	0.08125	-0.09145	0.00273	-0.01435	0.01159	0.45825	0.03298	-0.07329	-0.00879	0.09706	0.11231	-0.14575	0.70987	0.03008	-0.10514	-0.05350	-0.12581	(And (Past $e0) (Result $e0 $e1))
p200289	-0.07064	-0.04896	-0.09573	-0.15312	-0.06141	0.05182	0.04440	-0.02574	-0.05553	0.02905	-0.08889	-0.14509	-0.01766	-0.00222	-0.05184	0.54344	-0.03672	-0.00586	-0.04144	-0.00109	0.17185	-0.00596	-0.01274	-0.03446	-0.07939	0.01456	0.55932	-0.11999	0.09865	-0.21637	0.24579	0.03425	(Holder $e0 $x0)
p200322	-0.04948	0.25756	0.26106	0.21734	-0.01470	-0.09322	-0.13507	-0.05631	0.12748	-0.04504	0.25318	-0.08260	0.22327	0.02849	-0.11323	0.37768	-0.07485	0.06347	0.05684	0.02578	-0.09034	0.12691	-0.02032	0.10580	0.32482	-0.05605	-0.32168	-0.02534	-0.20230	-0.23474	0.17439	-0.22665	(And (Ongoing $e0) (Theme $e1 $e0))
p200323	-0.03029	-0.05191	0.11278	0.16193	-0.10172	0.07454	-0.13138	-0.03234	-0.24058	-0.00533	-0.13829	0.17003	-0.00815	0.15476	-0.01419	-0.10794	0.04885	0.00767	0.07744	0.11075	0.64497	0.00699	0.10484	-0.02830	0.21987	-0.08398	0.08155	0.50213	-0.17137	0.08846	-0.10585	0.00393	(And (Patient $e0 $x0) (Result $e0 $e1))
p200325	0.01197	0.05299	0.96836	-0.63626	0.10979	-0.05178	-0.07227	-0.01150	-0.07383	0.00841	-0.10949	-0.08134	-0.04432	-0.02245	-0.03707	-0.06011	-0.15250	0.11054	-0.04817	-0.05544	0.06487	-0.07424	-0.00709	-0.05478	0.08450	0.03031	-0.00973	-0.05404	0.82479	0.06397	-0.00418	-0.05668	(Member $e0 make)
p200343	-0.00461	-0.03558	-0.00765	0.05102	-0.26091	0.19019	0.00605	0.11124	-0.10416	0.16818	0.37567	-0.10339	-0.15606	0.02762	-0.12301	-0.11541	0.23084	0.48441	0.04128	-0.03029	-0.06430	-0.01971	0.02263	-0.01309	-0.05635	0.02122	0.04514	0.07057	-0.06690	0.00819	0.24337	-0.02230	(And (Agent $e0 $x0) (Theme $e1 $e0))
p200359	-0.01595	0.03055	0.01639	-0.07210	0.66202	-0.27479	-0.06946	-0.00407	-0.06414	-0.00930	-0.05321	-0.12440	-0.07168	-0.02236	-0.04681	0.15344	0.87813	-0.12402	-0.00452	-0.05038	0.16146	-0.00418	-0.02583	0.01115	0.00874	-0.01557	-0.18052	-0.16451	0.01813	-0.06978	0.05297	-0.08630	(And (Past $e0) (Source $e0 $x0))
p200361	0.03824	0.00697	-0.02778	0.06775	0.06476	0.03469	-0.00272	-0.03180	0.02135	0.05816	0.00734	0.08963	-0.03222	-0.02222	-0.05757	-0.05972	-0.05865	-0.02993	-0.00045	-0.03419	-0.03523	-0.04436	0.04130	-0.01682	0.00271	-0.01502	0.03582	0.01830	0.10503	0.00862	0.02410	-0.07558	(Can $e0)
p200362	-0.01083	0.10788	0.38274	0.43156	-0.05452	-0.02987	0.04507	0.10862	0.16803	-0.09240	0.07673	0.09309	-0.18007	-0.01864	0.03880	0.33711	-0.00714	-0.08768	-0.03457	-0.01650	-0.03483	0.09155	-0.00042	0.15963	-0.08617	0.04984	-0.22581	0.04426	-0.38016	-0.15793	0.05633	-0.19898	(Member $e0 start)
p200378	-0.00810	0.06272	-0.07717	-0.11491	0.11669	-0.05576	-0.08014	0.17380	-0.04356	-0.04717	-0.17463	1.02262	-0.19149	0.00931	-0.02887	0.10681	-0.17112	-0.00338	-0.02863	-0.04646	0.04887	-0.00672	-0.01737	0.01946	0.02762	-0.02330	-0.20801	-0.14840	0.07972	-0.04901	0.47670	-0.08938	(Stimulus $e0 $x0)
p200379	0.12719	0.05826	0.03312	0.02811	0.11333	0.05323	-0.03694	-0.05279	0.10579	0.05982	0.12488	0.04231	-0.05526	-0.02313	0.00196	-0.11018	-0.09465	-0.06145	-0.04005	-0.08520	0.14938	-0.02654	0.03077	-0.03382	-0.02418	-0.04930	0.04782	-0.13163	0.11435	-0.08680	-0.02142	-0.00351	(To $e0 $e1)
p200390	-0.03341	0.19128	0.24428	0.17872	-0.01720	-0.09965	-0.12457	-0.03597	-0.02476	-0.07794	0.31302	-0.07958	0.26494	0.02853	-0.07965	0.30362	-0.05121	0.06218	0.02251	-0.06548	-0.11306	0.08484	-0.05834	0.05790	0.30403	-0.02120	-0.25986	0.03185	-0.13612	-0.16771	0.21692	-0.15108	(And (Ongoing $e0) (Past $e1) (Theme $e1 $e0))
p200407	0.14773	-0.00401	0.07901	-0.01825	0.03980	0.07927	-0.03123	-0.04889	0.00411	0.04824	0.06826	0.01802	-0.02347	-0.01752	-0.00448	-0.08284	-0.03918	-0.02359	-0.08740	-0.05811	0.02660	-0.03948	0.02030	0.03223	0.01916	0.00561	0.04075	-0.03617	-0.02764	-0.04068	-0.03688	-0.05830	(Member $e0 use)
p200408	0.05478	-0.01067	0.04077	-0.03218	0.07790	0.10867	0.00630	0.03851	-0.04660	0.00593	0.02994	-0.03306	0.00021	-0.00658	-0.03616	-0.00425	-0.05709	-0.06341	-0.03070	-0.02054	-0.02873	-0.02795	0.00041	0.08091	0.03547	0.01280	0.02603	-0.00313	0.02837	0.01544	0.02029	-0.04463	(Member $x0 house)
p200423	0.01262	-0.03399	0.04937	0.08543	-0.18857	0.12921	-0.00767	0.06309	-0.13911	0.09242	0.36280	-0.13592	-0.09406	-0.00422	-0.04721	-0.11342	0.18907	0.38541	0.01194	-0.01162	-0.12947	-0.03935	0.01501	-0.02971	-0.00243	0.02245	0.06151	0.13156	-0.09070	0.02004	0.28886	-0.00567	(And (Agent $e0 $x0) (Past $e1) (Theme $e1 $e0))
p200436	0.02027	-0.03318	0.05232	0.10685	-0.11677	0.08687	0.00404	-0.01245	-0.11837	0.02610	0.32281	-0.17446	-0.08455	-0.00944	0.06971	-0.14784	0.15617	0.30874	0.03085	-0.02796	-0.16133	-0.02474	0.08282	-0.03802	-0.00266	-0.08430	0.07867	0.20209	-0.10673	-0.02567	0.38925	0.01558	(And (Agent $e0 $x0) (Past $e0) (Theme $e0 $e1))
p200442	0.02919	-0.10035	0.05129	-0.03705	-0.08740	0.07236	0.50725	0.01470	-0.09577	0.00821	-0.14818	-0.02733	-0.22625	0.03730	0.14342	0.00407	0.10502	0.00227	-0.04822	-0.03050	-0.13437	-0.04488	0.04597	-0.06590	0.33350	-0.06777	-0.03607	0.06898	-0.01167	-0.09521	0.06856	0.04753	(And (Agent $e0 $x0) (Goal $e0 $x1))
p200449	-0.02851	-0.06927	-0.06147	0.12482	0.06466	-0.10668	0.08448	-0.07883	-0.05081	0.01905	-0.02512	0.13168	0.04461	-0.00746	0.02045	0.03399	0.03633	0.26530	0.05283	-0.01230	0.14423	0.00551	0.00795	0.02765	-0.12291	0.00553	-0.07827	-0.18290	0.15671	-0.12817	-0.17445	0.04641	(SubsetOf $x0 $x1)
p200469	0.17548	0.14212	-0.11208	-0.12018	-0.05197	-0.02240	0.10005	-0.07162	0.16646	-0.07019	0.32781	0.37473	0.07543	0.16986	0.19490	-0.04830	0.16191	0.04076	-0.04131	0.06264	-0.14858	0.09584	-0.01673	0.09217	-0.10216	-0.03216	0.17448	0.10855	0.20594	-0.26615	-0.31674	-0.18134	(And (Experiencer $e0 $x0) (Ongoing $e0))
p200470	-0.00891	0.02971	0.69747	-0.45645	0.07764	-0.13706	-0.00636	0.03608	-0.04175	0.02921	-0.05575	-0.04218	-0.09936	0.02212	-0.04898	-0.07749	-0.09650	0.09011	-0.00659	-0.04691	0.01834	-0.08745	0.06763	-0.03017	-0.01109	-0.01814	0.04340	-0.08011	0.59808	0.08614	0.01430	-0.01002	(And (Member $e0 make) (Patient $e0 $x0))
p200472	-0.03762	0.01175	0.03477	-0.06305	0.10174	-0.02145	0.00328	0.07565	-0.04753	0.02048	-0.01031	-0.02169	-0.02960	0.01678	-0.05744	0.02336	0.08710	-0.04926	0.08228	-0.02818	-0.00393	-0.01562	-0.00661	0.09013	0.04547	-0.00577	0.03642	0.02007	0.08651	-0.06031	-0.02152	0.02422	(Member $x0 room)
p200493	-0.00676	0.20560	-0.00867	-0.01589	-0.01608	-0.02474	0.15028	-0.11563	0.07258	-0.02110	-0.21180	-0.19722	0.23680	0.03427	0.09774	-0.07999	-0.08004	-0.02956	-0.11652	-0.11028	0.37834	-0.03697	0.00786	0.20874	-0.15463	-0.19269	-0.10053	-0.23679	-0.05307	0.23619	0.30162	-0.11931	(And (Agent $e0 $x0) (Location $e0 $x1) (Past $e0))
p200498	-0.02310	0.05989	-0.00036	0.03544	-0.09074	-0.00712	0.15767	0.05386	-0.07597	-0.06894	0.02043	-0.09898	0.03386	0.00060	-0.05635	-0.02670	0.02660	0.03417	0.00911	-0.06469	-0.00809	0.02141	0.12815	0.08474	-0.15970	-0.02038	-0.00757	-0.03101	-0.05313	0.23030	0.11852	-0.08284	(And (Location $e0 $x0) (Patient $e0 $x1))
p200499	-0.00586	0.05570	0.35081	0.39028	-0.09140	-0.02651	0.06791	0.13858	-0.02159	-0.08234	0.14324	0.05145	-0.14781	-0.01569	0.03718	0.27320	0.03842	-0.03817	-0.05301	-0.05110	-0.03933	0.06073	-0.05208	0.13199	-0.11649	0.09474	-0.17316	0.08044	-0.31224	-0.09879	0.05366	-0.13162	(And (Member $e0 start) (Past $e0))
p200500	0.09920	-0.06473	-0.15413	-0.03573	-0.01009	-0.05968	-0.05947	0.08415	-0.11883	-0.05654	-0.06641	-0.06139	-0.04515	-0.00237	0.02104	0.10430	-0.04004	-0.00471	-0.13106	-0.03775	0.01820	0.28971	-0.03322	-0.05393	0.05184	0.00954	-0.13269	0.01879	0.08126	0.16508	0.05205	0.05717	(And (Ongoing $e0) (Theme $e0 $x0))
p200501	-0.02830	0.12136	-0.00266	0.07221	-0.14157	0.18031	-0.03024	0.00908	0.50737	-0.00117	-0.18697	-0.06175	-0.15427	0.02824	-0.01748	0.14991	0.10003	0.06004	0.08500	-0.00294	-0.06137	0.01418	0.18449	0.10196	0.04267	-0.12135	-0.13421	0.01644	-0.08218	-0.12009	0.05671	-0.10970	(And (Patient $e0 $x0) (Theme $e1 $e0))
p200505	0.01949	-0.03451	-0.06560	0.00694	0.00298	-0.04029	0.04900	-0.05865	0.05689	0.00992	0.15312	-0.00236	-0.05068	-0.01785	-0.02060	-0.06130	-0.05368	0.00856	-0.01409	-0.05710	0.12106	-0.02527	0.08600	-0.02586	-0.00760	-0.01600	0.02492	-0.03827	0.04004	0.03883	-0.01550	0.02110	(Instrument $e0 $x0)
p200506	-0.05614	-0.19479	-0.18587	-0.18120	-0.03754	-0.08532	0.03862	0.21604	0.52729	-0.02674	0.74870	0.00398	-0.15385	-0.05291	-0.14161	0.00687	-0.09959	-0.02782	-0.06702	-0.03718	0.67892	-0.02955	-0.05719	-0.07282	-0.02526	-0.07348	-0.09216	-0.40301	0.19605	0.12987	-0.19544	0.26816	(Member $e0 go)
p200507	-0.05165	-0.00404	-0.15280	0.03113	0.16620	0.04419	-0.00556	0.14118	-0.04033	-0.03765	-0.01842	-0.12344	-0.01741	-0.01283	-0.00995	0.03078	-0.13844	-0.07223	0.03971	0.37126	-0.03424	0.01287	0.03501	-0.03132	0.03246	-0.01970	-0.06369	0.22682	-0.03037	-0.02294	0.11190	-0.01440	(Member $x0 door)
p200508	0.01087	-0.05014	0.13400	0.02854	0.04794	-0.00542	-0.03020	-0.08449	-0.03692	0.05405	0.06960	-0.12070	0.11008	-0.02830	0.01018	-0.04868	0.09984	-0.08821	-0.00747	0.02168	-0.13045	-0.03442	-0.03539	-0.04477	0.04934	0.06113	0.03032	0.11431	-0.14042	-0.07041	0.17536	0.01482	(Recipient $e0 $x0)
p200530	-0.02805	0.06534	-0.05024	-0.00203	0.00592	-0.00033	-0.05082	0.01328	-0.13297	-0.03795	-0.07044	-0.01730	-0.08990	0.06192	0.02348	0.09831	-0.06732	0.03400	-0.00078	-0.02765	0.39474	0.01631	0.02451	0.01775	0.04994	0.01310	-0.13089	0.50351	-0.03541	-0.08091	-0.04021	-0.10106	(And (Experiencer $e0 $x0) (Past $e1) (Result $e1 $e0))
p200545	0.01824	-0.08572	0.07084	-0.02102	-0.04433	0.03569	0.45747	0.01232	-0.09688	-0.02627	-0.12269	-0.03270	-0.18820	0.03896	0.16147	0.00872	0.06791	-0.02813	-0.03615	-0.02659	-0.11566	-0.02700	0.03143	-0.05991	0.30164	-0.07159	-0.03499	0.05258	-0.02561	-0.09303	0.07204	0.05027	(And (Agent $e0 $x0) (Goal $e0 $x1) (Past $e0))
p200554	0.01420	-0.22509	0.11758	0.19040	-0.26096	0.29203	-0.03483	-0.02489	-0.00467	0.00960	-0.13864	0.10651	0.17621	-0.01922	-0.04887	-0.20243	0.37401	-0.03893	0.03848	0.11977	0.05065	0.02037	0.01855	-0.11006	0.13297	0.02128	0.17648	-0.12244	-0.16669	0.19542	-0.00381	0.28679	(Member $e0 get)
p200555	0.01429	0.00869	-0.02531	-0.03697	-0.00592	-0.04429	-0.02567	0.03639	-0.04511	0.03604	0.02142	0.02539	-0.02652	-0.00461	-0.02620	0.06889	0.09294	-0.01474	0.00543	0.02941	0.01364	-0.01142	0.00123	0.01072	0.03471	0.00004	-0.05245	-0.04966	0.03685	0.07438	-0.05759	-0.06294	(Member $x0 new)
p200556	-0.02541	0.07673	-0.07727	0.05279	0.15265	-0.10347	-0.03430	0.26173	-0.02694	0.07651	-0.08363	0.00242	0.04338	0.01304	-0.07997	0.02909	0.04679	-0.10917	0.05248	0.08495	0.06255	0.00931	-0.06260	0.01501	0.04018	-0.02159	-0.01059	0.10438	-0.05477	-0.06074	-0.06252	-0.05924	(Member $x0 person)
p200584	-0.00637	0.08832	0.33898	0.37440	-0.04092	-0.02581	0.04154	0.13188	0.15835	-0.09637	0.10193	0.01662	-0.13752	-0.00256	0.04077	0.29036	-0.00085	-0.04329	-0.02131	0.01418	-0.04355	0.09500	-0.02679	0.14023	-0.06427	-0.00394	-0.19801	-0.01436	-0.29198	-0.13225	0.04399	-0.14556	(And (Member $e0 start) (Ongoing $e1) (Theme $e0 $e1))
p200600	-0.02323	-0.06420	-0.11636	-0.07669	-0.01447	-0.04510	-0.04783	-0.06904	-0.09084	-0.06788	-0.11135	-0.08698	-0.06017	-0.02047	0.22622	0.02983	-0.05891	0.05891	-0.05881	0.00368	0.02879	0.30121	-0.00847	-0.05218	-0.04981	-0.00713	-0.06197	0.02849	0.05283	0.03212	0.08964	0.12742	(And (Agent $e0 $x0) (Ongoing $e0) (Past $e0))
p200601	-0.02605	0.06508	-0.05468	0.00068	0.00547	-0.00082	-0.04786	0.01226	-0.13114	-0.03780	-0.06067	-0.00624	-0.08760	0.03374	0.02400	0.09406	-0.06224	0.03657	0.00044	-0.02502	0.38028	0.01659	0.03129	0.01834	0.04809	0.00981	-0.12275	0.49065	-0.03048	-0.07851	-0.04617	-0.09982	(And (Past $e0) (Patient $e0 $x0) (Result $e0 $e1))
p200611	-0.00637	0.08832	0.33899	0.37440	-0.04092	-0.02581	0.04154	0.13188	0.15835	-0.09637	0.10193	0.01662	-0.13752	-0.00256	0.04077	0.29036	-0.00085	-0.04329	-0.02131	0.01418	-0.04355	0.09500	-0.02679	0.14023	-0.06427	-0.00394	-0.19801	-0.01436	-0.29198	-0.13225	0.04399	-0.14556	(And (Member $e0 start) (Theme $e0 $e1))
p200624	-0.01576	0.04719	-0.09143	-0.04715	0.02747	0.09283	0.05447	0.05675	-0.00917	0.09844	0.12251	0.18571	-0.05904	0.04801	-0.08076	0.02274	-0.06563	0.10870	0.01505	-0.08263	0.21448	0.09466	-0.02232	0.04959	-0.07958	-0.01587	-0.04010	-0.24133	0.01943	-0.03330	-0.19765	-0.10996	(GroupOf $x0 child)
p200625	0.03013	0.00777	0.09343	-0.05841	0.13565	-0.06324	0.14006	-0.09723	-0.03287	0.03330	-0.10397	0.01135	-0.06872	0.05263	0.10378	-0.01144	0.10192	0.01438	-0.03099	-0.04577	-0.00082	-0.02202	0.04578	-0.00195	0.10906	-0.04314	-0.00161	-0.07845	-0.07257	-0.12312	-0.02722	-0.04287	(Member $e0 come)
p200626	0.01074	-0.03314	0.01094	0.01086	-0.00243	-0.01125	-0.00603	-0.03028	0.04477	-0.01122	0.02955	-0.01324	0.00897	0.00600	0.00253	-0.07208	-0.00808	-0.01661	0.01918	-0.02097	-0.02578	-0.00073	0.03808	-0.02624	-0.00810	-0.02260	0.05970	-0.00046	-0.03934	0.02714	0.02066	0.01420	(Member $x0 problem)
p200627	-0.00697	-0.05458	0.02263	0.01877	-0.03236	0.01014	-0.01448	-0.02533	0.01192	-0.01275	-0.00806	-0.00877	0.03638	0.03497	-0.00214	-0.02209	0.01651	-0.01519	-0.01043	0.05685	-0.00090	0.00530	0.02032	-0.02852	0.01199	-0.01774	0.06517	-0.05213	-0.04349	0.05817	0.03640	0.02383	(Member $x0 weather)
p200628	-0.01716	-0.00499	-0.07324	0.10106	0.02369	0.03750	-0.00607	-0.00130	-0.00516	-0.01733	0.02038	-0.01934	0.00692	-0.01429	-0.00857	-0.01444	-0.01637	-0.01966	0.01142	-0.01715	-0.01825	-0.00602	0.00581	-0.01180	0.00533	-0.02772	0.00858	0.02961	0.09820	0.00718	0.00754	-0.02078	(Past (LocatedIn $x0 $x1))
p200629	0.03098	-0.01059	-0.01503	-0.00993	0.07392	-0.03631	-0.00181	-0.00707	0.01656	-0.02191	0.00168	0.00410	-0.02360	0.06856	0.02294	-0.02765	-0.03057	0.01079	0.00400	0.03698	0.01678	0.02062	0.02961	-0.01299	-0.01073	-0.05776	-0.01736	-0.06113	-0.01830	-0.02587	0.04645	-0.01803	(Time $e0 now)
p200667	0.16403	0.16285	-0.04445	-0.07198	-0.07999	-0.01170	0.13625	-0.07888	0.14433	-0.02152	0.32013	0.28064	0.10634	0.07703	0.12978	-0.10030	0.22817	-0.07428	-0.03744	0.09660	-0.24098	-0.04070	-0.02680	0.13580	-0.12135	0.02869	0.26086	0.25780	0.17669	-0.17632	-0.24972	-0.18633	(And (Experiencer $e0 $x0) (Location $e0 $x1))
p200668	-0.03265	0.04925	0.01152	-0.06816	0.13574	-0.06886	-0.01264	-0.03075	0.03094	-0.01538	-0.00705	-0.09382	-0.11694	0.00574	0.01505	0.04006	-0.13573	0.04367	0.03931	0.59912	-0.00953	-0.04504	0.12209	-0.01373	-0.00560	-0.09496	-0.09328	-0.05896	0.02126	-0.03162	0.10754	0.02047	(And (Future $e0) (Patient $e0 $x0))
p200678	-0.00484	-0.01739	-0.01084	-0.01701	-0.01130	-0.00225	-0.01689	-0.01753	0.02274	0.02220	-0.03661	-0.01521	-0.00837	0.02672	0.00862	0.00449	-0.01216	-0.00096	-0.02220	0.00212	-0.01129	0.04178	-0.00966	-0.01985	-0.00736	0.01592	-0.01122	-0.00907	-0.02758	0.00246	0.00896	0.00114	(For $e0 $x0)
p200679	0.08527	0.04365	0.03136	0.02514	0.03732	-0.01472	0.01802	-0.04411	0.09054	0.01399	-0.03915	0.00277	-0.01279	-0.00322	-0.00104	-0.01770	-0.04645	0.01038	-0.01231	0.02597	0.01064	-0.00076	0.05127	0.00469	-0.01433	-0.04019	0.00920	-0.03251	-0.06150	-0.05279	-0.01440	-0.03011	(GroupOf $x0 thing)
p200680	-0.00273	0.05084	0.02357	0.06868	-0.13644	0.02128	0.12252	0.00049	-0.05256	0.07265	-0.08480	0.09741	-0.00622	-0.02033	-0.07560	0.11707	0.07101	-0.05322	0.02269	-0.06072	-0.05916	-0.02761	0.02896	0.04566	0.11120	0.11602	-0.05264	-0.02584	-0.06889	-0.08225	-0.14799	-0.09813	(Manner $e0 quickly)
p200681	-0.01192	-0.08448	-0.16614	-0.12113	-0.25471	0.30897	0.00044	0.13046	0.16431	-0.04477	-0.28461	-0.10129	-0.11399	-0.04072	0.02628	0.02062	0.26227	0.24795	-0.03733	0.03333	-0.01405	0.05249	-0.00805	-0.02389	-0.03541	0.01085	-0.12475	0.09024	0.14954	-0.01128	0.14697	0.08585	(Member $e0 try)
p200682	-0.01734	-0.11574	-0.00951	-0.09942	-0.09228	0.08015	-0.02420	0.09419	0.16617	-0.00372	-0.12758	-0.14049	-0.04874	0.00741	-0.00120	-0.06114	0.11027	-0.06368	0.01410	-0.07090	-0.16584	-0.00883	0.05413	-0.01084	-0.00706	-0.02121	0.03225	0.20477	0.11388	0.10053	0.23243	0.17297	(Member $x0 man)
p200683	0.00826	-0.04129	-0.02486	-0.02889	-0.02405	-0.02462	0.01302	0.02903	0.03841	-0.02833	0.05562	-0.03535	-0.00734	0.02057	-0.00062	0.02047	-0.00259	-0.01099	-0.03936	-0.00847	0.05104	0.00706	-0.01643	0.01136	0.00843	-0.01143	0.00851	-0.04431	0.02992	0.01306	0.01479	0.04051	(Member $x0 place)
p200684	0.06757	0.01229	-0.02855	-0.02849	-0.05366	-0.05727	0.00742	-0.03464	0.05451	-0.01606	0.11733	0.08521	0.02554	-0.04116	0.06282	-0.08211	0.07592	-0.02402	0.00597	0.06416	-0.10487	-0.01210	0.00692	0.12245	-0.01004	0.01290	0.13525	0.14521	0.06941	-0.06153	-0.08281	-0.00233	(Member $x0 table)
p200729	-0.03021	-0.00640	0.01541	-0.02346	0.03987	-0.05353	-0.00397	0.02984	-0.04358	0.13224	-0.05668	-0.02808	-0.04911	-0.02026	-0.10945	0.11306	-0.05380	0.06540	-0.00386	0.59020	0.00143	-0.06027	-0.03278	0.02177	0.00354	0.03230	-0.12176	-0.09129	0.04948	-0.01396	-0.03097	-0.04231	(And (Agent $e0 $x0) (Future $e0))
p200730	0.00190	0.01558	-0.00957	0.02362	-0.12427	0.01339	0.13042	0.00203	-0.11076	0.06897	-0.05610	0.09113	-0.00224	-0.01683	-0.06762	0.06188	0.06458	-0.02334	0.02484	-0.04449	-0.05211	-0.02545	0.02800	0.02013	0.09285	0.10520	-0.02681	-0.02092	-0.03947	-0.05549	-0.11360	-0.06815	(And (Manner $e0 quickly) (Past $e0))
p200731	-0.05848	-0.17851	-0.15435	-0.14153	0.00016	-0.08925	0.03629	0.18506	0.45784	-0.05668	0.64084	-0.05292	-0.11583	-0.06248	-0.10394	-0.01320	-0.09910	-0.07658	-0.04918	-0.02357	0.55795	-0.01498	-0.04911	-0.07287	-0.01200	-0.05807	-0.06471	-0.29322	0.15801	0.11923	-0.11493	0.27191	(And (Member $e0 go) (Past $e0))
p200732	-0.10449	0.00616	-0.02800	-0.01936	-0.00743	0.07198	0.06520	-0.00082	0.01373	0.06634	-0.07489	-0.01085	0.04420	-0.01070	-0.11805	0.11823	-0.04622	0.05478	0.28633	-0.03238	0.02098	0.00001	-0.01655	0.00295	-0.06419	0.04218	0.23924	-0.01765	0.00529	-0.16839	-0.05069	-0.00678	(And (Member $e0 have) (Past $e0))
p200733	-0.04435	0.00838	-0.13668	0.03661	0.16103	0.03080	0.00235	0.14205	-0.05147	-0.02592	-0.00119	-0.10019	-0.01494	-0.01945	-0.03268	0.02413	-0.12971	-0.07464	0.04662	0.32936	-0.03314	-0.00264	0.04372	-0.02297	0.03896	-0.01799	-0.04509	0.21771	-0.02930	-0.01284	0.09144	-0.02624	(And (Member $x0 door) (Patient $e0 $x0))
p200744	-0.03479	0.14595	-0.07168	-0.15527	0.05323	-0.07919	-0.19124	-0.21788	-0.01925	0.01157	0.16790	-0.10507	0.40624	-0.00929	-0.12400	0.06164	-0.08389	0.04249	0.06563	-0.04432	-0.07061	0.01207	0.02455	-0.06231	0.41256	-0.06154	-0.09328	0.04121	0.10620	-0.08128	0.16269	-0.05612	(Member $e0 begin)
p200745	-0.01136	0.02407	-0.08635	0.04827	0.06018	-0.05132	-0.02242	0.10659	-0.03895	0.02719	-0.08116	-0.05752	0.00088	-0.00207	-0.05547	0.01471	-0.05047	-0.03652	0.06511	0.20033	0.07231	0.01415	-0.02521	0.01522	0.04078	-0.01847	-0.04538	0.17109	-0.03421	-0.02635	0.02157	-0.05272	(Member $e0 leave)
p200746	0.03116	0.04117	0.03346	0.07724	0.03689	-0.02576	0.02116	0.09186	-0.01338	0.00457	0.07969	-0.07471	-0.07405	-0.01011	-0.05388	-0.00572	0.05921	-0.05120	0.05970	0.11064	-0.01554	0.00309	0.00649	-0.01364	-0.09764	0.02264	-0.03367	0.01255	-0.08568	0.00545	0.07055	0.04898	(Member $e0 take)
p200747	0.03743	0.02541	-0.02353	-0.00524	-0.00886	0.01265	-0.00159	0.04720	0.02901	-0.01581	0.10365	0.08731	0.06318	-0.01069	0.04820	-0.01547	0.04418	-0.04495	-0.01044	0.03252	-0.07621	-0.02135	-0.02053	0.04517	-0.01011	-0.00046	0.06935	0.09749	0.03453	-0.07066	-0.09527	-0.03841	(Member $x0 book)
p200748	-0.00632	-0.02953	0.04035	-0.08823	-0.01928	-0.04871	-0.01527	0.00895	0.00204	-0.02573	0.05144	0.01183	-0.01032	0.04793	0.05221	0.02164	-0.02315	0.04840	-0.01391	-0.03139	0.08549	0.01869	-0.00937	0.06750	-0.01417	-0.04557	-0.03824	-0.10475	0.08968	0.00910	-0.03831	0.02861	(Member $x0 cat)
p200749	0.03491	-0.02459	0.00983	-0.00635	-0.01822	-0.01586	-0.02562	-0.01895	0.00317	0.01513	0.01659	0.00146	-0.00328	-0.01056	0.00281	-0.00615	0.00514	-0.01490	-0.04573	-0.01516	-0.01255	-0.02039	0.00257	0.02322	0.02081	-0.00209	0.00694	0.01188	-0.01179	0.02111	-0.00477	0.00098	(Member $x0 good)
p200750	0.00025	-0.02310	0.00895	-0.03145	0.06907	-0.06162	0.06082	-0.03229	-0.04908	0.00875	-0.02777	0.09846	-0.04162	-0.00338	0.03157	0.01377	0.06939	0.03419	-0.01032	-0.03080	0.01125	-0.01530	0.04208	0.02151	0.03152	-0.00728	-0.01665	-0.05358	-0.01005	-0.05533	-0.00881	-0.00844	(Member $x0 tree)
p200754	-0.00021	0.03376	0.30955	0.33482	-0.05791	-0.03021	0.06034	0.15190	0.00034	-0.08820	0.15734	0.01634	-0.12067	-0.00198	0.03959	0.21898	0.02598	-0.00981	-0.03531	-0.02500	-0.05602	0.07137	-0.05537	0.10999	-0.09510	0.03269	-0.14369	0.02033	-0.24164	-0.07712	0.07501	-0.08855	(And (Member $e0 start) (Ongoing $e1) (Past $e0) (Theme $e0 $e1))
p200800	-0.01231	-0.01955	0.11448	0.14494	0.00677	-0.08966	0.02629	-0.01800	-0.22726	0.01799	0.41151	-0.13558	0.06369	0.01197	-0.06989	-0.00024	0.01585	0.09173	0.06655	0.04166	-0.10191	0.06552	0.01995	-0.00761	-0.00388	-0.04702	-0.03389	0.10526	-0.12638	-0.03729	0.28653	-0.00607	(And (Agent $e0 $x0) (Ongoing $e1) (Theme $e0 $e1))
p200829	-0.05352	0.07863	-0.06360	0.06020	0.04792	0.02964	0.12415	0.11346	-0.08728	0.10104	0.06672	0.00994	-0.12773	0.00250	-0.12326	-0.02108	-0.03444	-0.00133	0.08124	-0.04890	0.10343	0.18307	-0.01072	0.09217	-0.13234	-0.00088	0.01660	-0.06107	-0.06854	0.05921	-0.04611	-0.08727	(And (Agent $e0 $x0) (Location $e0 $x1) (Ongoing $e0))
p200830	0.01959	-0.04177	-0.13005	-0.03591	-0.00998	-0.05249	-0.04928	0.06854	-0.10652	-0.01764	-0.02986	-0.03979	-0.05697	-0.00081	-0.00541	0.11528	-0.02522	-0.02203	-0.08682	-0.02686	-0.00772	0.20826	-0.02792	-0.04113	0.04054	0.02214	-0.09902	0.04155	0.08256	0.18187	0.03193	0.05177	(And (Agent $e0 $x0) (Ongoing $e0) (Theme $e0 $x1))
p200831	0.15553	0.13036	-0.06742	-0.07617	-0.15684	-0.06176	0.12224	-0.07482	0.08727	-0.07157	0.23111	0.23453	0.09021	-0.08461	0.20154	-0.08336	0.21062	0.00083	-0.08651	0.22286	-0.16463	0.06031	-0.04783	0.11293	-0.13063	0.07412	0.21182	0.26984	0.19140	-0.13269	-0.24259	-0.13455	(And (Location $e0 $x0) (Ongoing $e0) (Past $e0))
p200832	-0.01408	0.05051	-0.01809	-0.01149	-0.10028	0.00410	0.10505	0.01887	-0.10568	-0.03593	-0.04498	-0.05865	0.09579	-0.00376	-0.05047	0.01628	0.03382	0.04503	-0.03639	-0.04692	0.02347	-0.01264	0.05932	0.06491	-0.07707	0.03231	-0.04887	-0.05728	-0.00364	0.15010	0.05102	-0.05658	(And (Location $e0 $x0) (Past $e0) (Patient $e0 $x1))
p200833	-0.10082	0.00018	-0.02534	-0.01394	0.00393	0.06474	0.07115	-0.00709	0.00738	0.06547	-0.06564	-0.01318	0.04866	-0.00722	-0.11661	0.11420	-0.04743	0.03609	0.28560	-0.03328	0.01449	0.00198	-0.01080	0.00211	-0.06890	0.03415	0.23446	-0.01009	0.00385	-0.16701	-0.04106	0.00124	(And (Member $e0 have) (Past $e0) (Theme $e0 $x0))
p200834	-0.00021	0.03376	0.30955	0.33482	-0.05791	-0.03021	0.06034	0.15190	0.00034	-0.08820	0.15734	0.01634	-0.12068	-0.00199	0.03959	0.21898	0.02597	-0.00982	-0.03531	-0.02500	-0.05602	0.07137	-0.05537	0.10999	-0.09510	0.03269	-0.14369	0.02033	-0.24165	-0.07712	0.07500	-0.08855	(And (Member $e0 start) (Past $e0) (Theme $e0 $e1))
p200846	-0.01963	0.06694	-0.07215	0.06475	0.17049	-0.11107	-0.04638	0.24849	-0.00912	0.12905	-0.09263	0.02179	0.04174	-0.00584	-0.08248	0.00953	0.04049	-0.12488	0.05490	0.10373	0.06811	-0.00414	-0.06704	0.02870	0.05131	-0.00828	0.01693	0.10650	-0.07761	-0.08077	-0.08212	-0.09073	(And (Agent $e0 $x0) (Member $x0 person))
p200847	0.01182	-0.02717	0.10561	0.03287	0.02990	-0.02139	-0.00436	-0.08104	-0.07199	0.05431	0.10504	-0.07217	0.08929	-0.00639	0.02530	-0.03216	0.03697	-0.06152	-0.01361	0.00298	-0.09787	-0.02408	-0.00626	-0.02821	0.04615	0.00698	0.03182	0.08414	-0.10419	-0.06611	0.12217	0.00440	(And (Agent $e0 $x0) (Recipient $e0 $x1))
p200848	0.00536	-0.02150	-0.03224	-0.01682	-0.01609	-0.02129	0.02065	-0.01996	0.04512	-0.00895	0.11823	-0.01648	-0.02354	-0.01602	-0.00858	-0.02457	-0.02700	-0.00252	-0.01566	-0.03814	0.13048	-0.00819	0.02712	-0.01420	-0.01580	0.01171	-0.00700	-0.03877	-0.00521	0.02462	-0.01714	0.02173	(And (Instrument $e0 $x0) (Past $e0))
p200849	0.00802	-0.00479	0.42005	-0.25478	0.01120	0.05893	-0.03405	-0.05778	-0.08612	-0.03633	-0.04283	-0.00897	0.00599	-0.03559	0.04961	0.03605	-0.05082	0.09035	-0.06035	-0.02862	0.07506	-0.02918	-0.04526	-0.02116	0.00893	0.08011	-0.06851	-0.00465	0.31806	-0.01385	-0.05852	-0.03327	(And (Member $e0 make) (Past $e0))
p200850	-0.01395	0.12911	0.11042	0.15787	-0.00785	0.00899	-0.04072	-0.06008	0.26374	0.01186	-0.12743	0.07375	-0.06885	-0.01504	-0.01247	0.20279	-0.02486	-0.12884	0.00336	-0.02686	-0.00197	0.00633	0.07856	0.12219	0.06664	0.02112	-0.10794	0.02291	-0.16473	-0.12891	-0.08269	-0.14655	(And (Member $e0 start) (Patient $e0 $x0))
p200851	0.16783	0.26939	0.00248	-0.00088	-0.01688	0.02881	0.00544	0.04297	-0.07135	-0.02151	-0.02592	0.03058	-0.07834	0.01470	0.03825	-0.04226	-0.01262	0.01813	-0.00415	-0.03773	0.06978	0.01295	0.01253	-0.07124	-0.05721	-0.02041	-0.06359	-0.07240	-0.03402	-0.11094	0.01366	0.20780	(And (Member $x0 thing) (Theme $e0 $x0))
p200852	0.17824	0.01280	0.02045	0.01499	0.04335	-0.02561	-0.00593	0.00787	0.00738	-0.02758	0.04202	-0.04522	-0.02305	0.00247	0.03417	-0.09371	-0.03922	0.00155	-0.07251	0.02218	0.06979	0.00479	0.01922	-0.01995	-0.01946	-0.03489	-0.00058	-0.06621	-0.05790	-0.05076	0.04826	0.03616	(And (Obligated $e0) (Theme $e0 $x0))
p200853	0.00866	-0.03907	0.08892	0.00342	0.04874	-0.00119	-0.04008	-0.05432	0.03928	0.02874	-0.02215	-0.07232	0.07101	-0.02252	0.03252	-0.04601	0.04832	-0.09471	-0.00408	0.01808	-0.07261	-0.03008	-0.02595	-0.02665	-0.00372	0.05419	0.03435	0.05711	-0.10317	-0.03931	0.08445	0.02326	(And (Past $e0) (Recipient $e0 $x0))
p200864	0.00168	-0.00729	-0.01186	-0.04071	0.16224	-0.09453	0.00472	-0.07463	-0.04222	-0.02177	-0.01489	0.01767	-0.04832	-0.01040	0.02221	0.04914	0.22237	0.05892	-0.02997	-0.05090	0.10697	0.03948	0.05338	-0.00403	-0.03115	-0.00306	-0.06534	-0.05005	0.00095	-0.04645	-0.01707	-0.01924	(Member $e0 fall)
p200865	-0.02197	0.00670	-0.05545	-0.07972	0.12835	-0.05984	-0.05851	0.11875	-0.01132	-0.02808	-0.12912	0.79412	-0.15530	-0.02040	-0.03316	0.07232	-0.14464	-0.05049	-0.02432	-0.02158	-0.00207	-0.00994	0.00982	0.02652	0.04854	-0.00200	-0.13388	-0.07169	0.04561	-0.01782	0.42772	-0.08531	(Member $e0 hear)
p200866	0.00544	0.00259	-0.04090	-0.08244	-0.07170	0.05100	-0.01895	0.03325	0.07846	0.01121	0.03920	0.14402	-0.07236	0.07096	-0.01989	0.03885	-0.00721	0.14202	-0.02319	-0.02319	0.11375	-0.02233	0.01136	0.00462	-0.02361	-0.02288	-0.06886	-0.17005	0.04409	0.00176	-0.05713	-0.05812	(Member $e0 need)
p200867	0.05113	0.02450	-0.03132	-0.00296	0.04199	0.08385	0.01639	0.01269	-0.04178	0.07633	0.04336	0.07227	-0.04870	0.01694	-0.06028	-0.01815	-0.04590	0.00975	-0.01376	-0.05400	0.06131	0.05242	0.00214	0.02212	-0.01710	0.01881	-0.00119	-0.08990	-0.02413	-0.02628	-0.07906	-0.06869	(Member $e0 play)
p200868	-0.00236	-0.00454	-0.03851	-0.01190	-0.01966	-0.00492	-0.01818	0.03571	0.00135	0.01361	-0.03619	-0.00489	0.00023	-0.01534	-0.04014	0.02683	0.00149	-0.00463	-0.03400	-0.01082	0.01211	0.07071	-0.03274	-0.01338	0.01855	0.03418	-0.02802	-0.00513	0.00922	0.05707	-0.00586	-0.01552	(Member $e0 study)
p200869	0.01303	0.06663	-0.02216	0.05242	0.12389	-0.07088	-0.03034	0.03553	-0.02353	0.02781	-0.02208	-0.02206	-0.07626	0.03953	0.05353	-0.13004	-0.08463	0.04079	-0.02411	-0.02301	-0.05057	-0.00006	0.01631	0.01187	0.03575	0.02244	0.17971	0.00692	-0.06267	0.09417	-0.03360	-0.05354	(Member $e0 work)
p200870	-0.00627	-0.01285	0.06346	-0.05174	-0.00232	-0.03307	-0.01595	0.02539	-0.01688	0.00390	-0.01268	-0.01245	-0.02013	0.02493	-0.01078	0.01279	-0.00404	0.00052	-0.00533	-0.01900	0.02027	-0.01871	-0.00668	0.02766	0.01956	-0.01704	0.03380	0.00459	0.06620	-0.00019	0.01054	0.00098	(Member $x0 beautiful)
p200871	-0.00062	0.00446	-0.02170	-0.01071	0.06801	0.00725	-0.01225	0.01050	-0.01684	-0.01628	0.00235	-0.03277	-0.00661	-0.00908	-0.01137	0.01275	0.04124	-0.03218	0.01151	0.01372	-0.00751	0.02888	-0.00337	-0.00202	0.00652	-0.01107	-0.02335	0.01533	0.01296	0.04452	0.01908	-0.02841	(Member $x0 car)
p200872	-0.01486	-0.03645	-0.01895	-0.01922	-0.01279	0.02352	-0.02714	0.07087	-0.03685	-0.02053	0.01340	-0.01483	0.05206	0.00031	0.01570	0.03215	-0.02160	-0.01283	-0.00124	-0.00574	-0.01093	-0.00564	-0.00426	0.08736	0.01271	0.00771	-0.03099	-0.01583	0.00089	0.01586	-0.00636	0.05390	(Member $x0 city)
p200873	0.02104	0.01161	-0.00029	-0.02147	-0.02490	-0.01584	0.00328	-0.00371	-0.00649	0.00175	0.03145	0.05095	0.00871	0.00344	0.04679	0.01109	0.00773	0.00153	0.00092	-0.00312	0.00357	0.01329	-0.00505	0.01276	-0.01633	-0.01227	0.00447	-0.01431	-0.00764	-0.00463	-0.06229	-0.04146	(Member $x0 dog)
p200874	-0.01080	0.01185	0.00380	0.01778	0.04665	-0.03431	-0.00656	-0.00290	-0.01138	0.02075	-0.01001	-0.00824	-0.02766	0.00700	0.02428	-0.05716	-0.04629	0.04945	0.04491	-0.01877	-0.03011	-0.01389	0.00943	-0.00190	-0.00582	0.01451	0.13296	0.01140	-0.03308	0.00738	-0.01802	-0.01005	(Member $x0 old)
p200875	-0.00050	-0.00002	-0.00164	-0.00194	0.03410	0.03762	0.00040	-0.01373	-0.01904	-0.00789	-0.00255	0.00590	0.00240	0.01656	0.00094	0.02345	0.00087	0.00792	-0.01557	-0.01912	0.02527	0.00932	-0.00452	-0.00654	-0.00590	-0.00576	-0.02977	0.03001	-0.01056	-0.00342	-0.01315	-0.02649	(Member $x0 road)
p200876	-0.01541	-0.06037	0.10676	0.05678	0.02178	0.12345	0.01354	-0.08481	-0.03334	0.01906	-0.03006	0.01684	0.09327	0.01024	-0.01408	-0.05771	-0.00270	0.01392	0.06211	0.02405	0.00822	0.00365	0.01464	-0.03463	0.00276	0.00379	0.12610	-0.04185	-0.00940	0.01698	-0.02836	0.06577	(Only $x0 $e0)
p200877	0.01815	-0.01053	-0.01873	-0.02435	-0.01022	-0.00832	-0.00294	-0.02709	0.03461	-0.03474	0.01043	0.02129	-0.00467	0.07593	0.03321	-0.01902	-0.01844	0.02074	0.00397	-0.04885	0.01255	0.05051	0.04733	-0.03262	-0.01265	-0.05811	-0.00548	-0.07626	-0.00453	0.02093	0.01636	0.03401	(Probably $e0)
p200938	-0.00838	-0.02512	0.11665	0.15007	0.00913	-0.08878	0.03148	-0.00981	-0.24051	0.00429	0.42035	-0.13131	0.07280	0.01267	-0.06088	-0.00864	0.02059	0.07705	0.05816	-0.01060	-0.10350	0.06281	0.01028	-0.01213	-0.01026	-0.04259	-0.02285	0.11939	-0.11935	-0.02495	0.28975	0.00393	(And (Agent $e0 $x0) (Ongoing $e0) (Theme $e1 $e0))
p200961	-0.01393	0.04793	-0.06777	-0.03360	0.02653	0.09587	0.03112	0.03856	-0.00230	0.10988	0.09119	0.10904	-0.07568	0.01623	-0.09362	0.00489	-0.04557	0.04680	0.00508	-0.06033	0.16448	0.06680	-0.02073	0.04530	-0.04759	0.00822	-0.01581	-0.16570	-0.00355	0.00229	-0.13480	-0.08462	(And (Agent $e0 $x0) (GroupOf $x0 child))
p200962	0.01361	0.02784	-0.31849	0.53731	0.04308	0.00271	-0.05936	-0.12397	0.04746	0.10332	-0.10966	-0.03318	0.02481	-0.02477	0.03973	-0.03868	-0.04972	-0.04847	-0.02248	-0.04922	0.10190	-0.05367	-0.00788	-0.02653	0.03398	-0.06698	-0.02620	-0.06167	0.53285	-0.09507	0.03287	0.00298	(And (Agent $e0 $x0) (GroupOf $x0 person))
p200963	-0.01808	0.01891	0.41871	-0.26881	0.05456	-0.10527	-0.02388	0.12424	-0.00061	0.06745	-0.06491	-0.03376	-0.06052	0.01715	-0.08373	-0.06342	-0.05429	-0.00254	0.02908	-0.00370	-0.01174	-0.03356	0.00332	-0.02604	0.01676	-0.02000	0.05314	-0.02701	0.37710	0.04540	0.00700	0.02070	(And (Agent $e0 $x0) (Member $e0 make))
p200964	-0.04840	-0.19599	0.04193	0.11116	0.35194	-0.10887	0.28993	-0.15054	0.28377	0.02177	-0.18573	0.04966	0.37414	-0.03924	-0.10737	0.13694	-0.23152	0.32343	0.07500	-0.02220	-0.10860	-0.03079	-0.03780	-0.14241	-0.24990	0.01085	0.02927	0.23923	-0.08952	0.01971	-0.08061	0.34130	(And (Cardinality $x0 <num>) (Theme $e0 $x0))
p200965	0.05781	-0.03517	-0.03854	0.00188	0.03943	-0.03829	-0.00401	0.02971	-0.05275	0.00881	-0.02877	-0.06395	-0.02742	-0.01212	-0.01693	0.12305	-0.05352	0.05197	-0.10137	0.42647	0.05021	-0.02438	-0.02778	-0.00260	-0.01059	0.00625	-0.07574	-0.09049	0.02494	0.00152	0.06728	-0.00101	(And (Future $e0) (Theme $e0 $x0))
p200966	0.02495	-0.01396	-0.03256	-0.01493	-0.00436	-0.01909	0.01673	-0.06273	-0.00355	0.00311	0.10222	0.00604	-0.05384	-0.00590	0.00413	-0.03996	-0.02970	0.00484	-0.02546	-0.04305	0.03790	-0.01680	0.09563	-0.01812	0.00016	-0.00662	0.03355	0.01784	-0.00558	0.02969	-0.00185	-0.00006	(And (Instrument $e0 $x0) (Patient $e0 $x1))
p200967	-0.01985	0.05135	0.01550	0.06030	-0.11678	0.02303	0.08135	-0.00229	-0.03622	0.05900	-0.05669	0.08203	-0.00078	-0.02000	-0.06772	0.12468	0.06188	-0.04679	-0.00743	-0.05526	-0.05120	-0.02352	0.03348	0.04175	0.07563	0.10577	-0.05082	-0.01846	-0.05323	-0.04677	-0.12380	-0.08173	(And (Manner $e0 quickly) (Patient $e0 $x0))
p200968	-0.03432	0.14897	-0.06670	-0.14868	0.04390	-0.07208	-0.18425	-0.20422	-0.03636	0.01627	0.16709	-0.09709	0.39458	-0.00843	-0.12404	0.07168	-0.07330	0.04897	0.06055	-0.04023	-0.06413	0.00238	0.01121	-0.05568	0.39939	-0.04905	-0.09958	0.03883	0.10666	-0.08314	0.15191	-0.05581	(And (Member $e0 begin) (Past $e0))
p200969	-0.02133	-0.00279	-0.07413	-0.09208	0.12854	-0.05497	-0.04903	0.09466	-0.01733	-0.01670	-0.11724	0.72835	-0.14379	-0.01755	-0.03453	0.04143	-0.13404	-0.05280	-0.01418	-0.02031	-0.00757	-0.01773	0.02431	0.01750	0.04177	-0.00779	-0.10571	-0.05735	0.05834	-0.00728	0.40823	-0.06514	(And (Member $e0 hear) (Past $e0))
p200970	-0.00059	-0.07711	-0.11825	-0.09106	-0.18605	0.23468	0.00840	0.08553	0.13278	-0.05871	-0.22080	-0.09357	-0.07711	-0.03660	0.05374	0.01496	0.20372	0.17366	-0.05111	0.03634	-0.02112	0.04163	-0.01270	-0.05230	-0.02190	0.01208	-0.10135	0.08471	0.11112	-0.00825	0.14750	0.08355	(And (Member $e0 try) (Past $e0))
p200971	-0.00186	-0.05858	-0.13675	-0.10499	-0.22292	0.27455	0.01021	0.12537	0.14739	-0.02355	-0.23430	-0.06964	-0.10793	-0.02648	-0.00228	0.00974	0.24327	0.22944	-0.02275	0.00560	-0.00940	0.00996	0.00589	-0.00525	-0.01697	-0.00353	-0.09564	0.06554	0.12896	-0.00704	0.10975	0.04910	(And (Member $e0 try) (Theme $e0 $e1))
p200972	0.02185	0.08859	-0.01393	-0.02661	0.05357	-0.03565	0.00836	-0.03100	0.00339	0.00415	0.10635	-0.01422	-0.07858	0.01134	0.01435	-0.07731	-0.05173	-0.01355	0.00474	-0.01529	0.03768	-0.01296	0.10494	-0.04565	-0.04149	-0.04498	0.05889	-0.00774	-0.02738	0.00018	0.01910	0.08225	(And (Obligated $e0) (Patient $e0 $x0))
p200973	-0.01540	0.02422	-0.07108	-0.09236	0.11461	-0.04898	-0.06341	0.11225	-0.03508	-0.01813	-0.12581	0.73289	-0.13279	-0.01851	-0.03348	0.04689	-0.12705	-0.04184	-0.00255	-0.01820	0.00829	-0.01153	-0.00333	0.01351	0.02533	0.00228	-0.12015	-0.06515	0.06164	-0.02309	0.39198	-0.03455	(And (Past $e0) (Stimulus $e0 $x0))
p200974	0.05274	0.02319	-0.03923	0.07501	0.03965	-0.00808	-0.02794	-0.02126	0.09958	0.08107	0.07519	0.02033	-0.02830	-0.01877	-0.02648	-0.05994	-0.03374	-0.05043	0.01267	-0.03231	0.10817	-0.03146	0.00326	-0.01964	-0.01995	-0.00745	0.03827	-0.08491	0.06285	-0.07030	-0.03495	0.02150	(And (Past $e0) (To $e0 $e1))
p200975	0.00070	0.01453	-0.00587	-0.03984	0.30453	-0.13344	-0.00182	-0.01724	-0.05715	-0.00822	-0.01808	-0.03042	-0.03701	-0.00562	-0.01686	0.07577	0.40060	-0.00615	-0.02839	-0.04912	0.07864	0.00742	0.04813	0.00923	-0.01423	-0.01689	-0.07832	-0.09855	0.00905	-0.05460	-0.00475	-0.03899	(And (Patient $e0 $x0) (Source $e0 $x1))
p200995	0.01730	-0.00831	0.00031	-0.01125	0.03490	-0.02202	0.00043	-0.00078	0.01519	-0.00096	-0.02367	0.14006	-0.04679	0.00937	0.01903	0.00396	-0.02817	-0.02250	-0.03398	-0.02134	0.06935	-0.00924	-0.00467	-0.00424	0.01122	0.00214	-0.03861	-0.01074	-0.02426	-0.02749	0.08495	-0.02892	(Again $e0)
p200996	-0.01673	0.02635	0.05840	-0.03661	0.05093	0.08242	0.02191	-0.01206	-0.02073	0.00533	0.00945	-0.03118	-0.01137	-0.00398	-0.02811	-0.02430	-0.03597	-0.02495	-0.00070	-0.00890	-0.00913	-0.02398	-0.00050	0.06668	-0.01891	0.00595	0.01347	-0.01226	0.03343	0.05535	0.02198	-0.05626	(Member $e0 live)
p200997	-0.00090	-0.01888	0.06557	0.00747	0.01107	0.03602	0.17891	0.03638	-0.14510	-0.05109	0.02365	-0.08938	-0.06713	-0.01443	0.03652	0.01169	-0.01523	-0.01856	-0.05490	0.07874	-0.04637	0.09247	-0.01337	-0.01142	0.02899	0.03554	-0.03368	0.01621	0.02049	0.03214	0.06849	-0.00333	(Member $e0 walk)
p200998	-0.00250	-0.05302	-0.01834	-0.02220	0.02852	-0.04439	-0.03821	0.00150	-0.01461	-0.00544	-0.00597	-0.03548	-0.02459	-0.00027	0.00485	0.01028	0.03250	-0.00922	-0.00672	-0.01858	-0.00539	0.00430	0.00972	0.11241	0.04674	-0.01623	0.03584	0.00581	0.02002	-0.01402	0.03142	0.07853	(Member $x0 garden)
p200999	-0.00461	0.01967	0.00802	0.00432	0.03739	-0.01259	-0.02254	-0.02899	0.09528	-0.00686	-0.04625	-0.01951	-0.00912	-0.00837	0.01623	0.05531	0.04541	-0.04125	-0.01255	-0.02061	0.02393	0.02571	0.00799	0.00467	0.01327	-0.02322	-0.00291	-0.01913	-0.02360	-0.04455	0.00767	-0.02965	(Member $x0 sky)
p201000	0.01194	-0.01435	-0.01252	-0.01750	0.05942	-0.02979	-0.00682	-0.04556	0.01930	0.00706	0.01361	-0.04794	-0.02995	0.03255	0.01421	-0.03459	-0.05588	-0.00278	0.00104	0.14700	-0.03588	-0.02343	0.06377	-0.01334	-0.00477	-0.03617	0.01021	-0.00451	-0.02204	-0.00218	0.07521	-0.00326	(Time $e0 (Hour <num>))
p201001	0.04762	0.05106	-0.01481	-0.03621	-0.01060	-0.00428	-0.03059	-0.01406	-0.01254	-0.03216	-0.03149	-0.01192	0.05350	0.02901	0.01766	0.05260	-0.02090	0.01804	-0.05492	-0.01615	0.02402	0.02343	-0.01479	-0.03041	0.05362	-0.01517	-0.03755	-0.04079	0.02433	-0.04036	0.04212	0.01636	(To $e0 $x0)
p201003	-0.00240	-0.03126	0.12714	0.14591	0.02126	-0.09169	0.01799	-0.01768	-0.22149	-0.02307	0.41595	-0.13228	0.08852	0.01144	-0.03512	-0.00292	0.01268	0.05697	0.04622	-0.01042	-0.11216	0.04709	0.01051	-0.02526	0.00617	-0.04880	-0.02639	0.12775	-0.11054	-0.02539	0.29806	0.01249	(And (Agent $e0 $x0) (Ongoing $e0) (Past $e1) (Theme $e1 $e0))
p201004	-0.00240	-0.03126	0.12714	0.14591	0.02126	-0.09168	0.01799	-0.01768	-0.22149	-0.02307	0.41595	-0.13228	0.08852	0.01144	-0.03512	-0.00292	0.01268	0.05697	0.04622	-0.01042	-0.11216	0.04709	0.01051	-0.02526	0.00617	-0.04880	-0.02638	0.12776	-0.11053	-0.02539	0.29806	0.01249	(And (Agent $e0 $x0) (Ongoing $e1) (Past $e0) (Theme $e0 $e1))
p201005	-0.03303	0.14810	-0.06246	-0.14440	0.04593	-0.07107	-0.17897	-0.19179	-0.03044	0.01558	0.15913	-0.09489	0.38061	-0.00600	-0.11983	0.06759	-0.07085	0.05050	0.06174	-0.03659	-0.05888	0.00481	0.00386	-0.05316	0.38943	-0.05575	-0.09644	0.03858	0.10376	-0.08259	0.15069	-0.05406	(And (Member $e0 begin) (Ongoing $e1) (Past $e0) (Theme $e0 $e1))
p201054	0.00283	0.03060	-0.26225	0.43980	0.02996	0.00684	-0.05640	-0.10282	0.03921	0.06690	-0.09826	-0.04790	0.02331	-0.01923	0.05430	-0.03493	-0.03761	-0.05356	-0.01470	-0.03713	0.08084	-0.04050	-0.00651	-0.02308	0.03018	-0.06192	-0.02214	-0.04430	0.43242	-0.07831	0.05073	0.00787	(And (Agent $e0 $x0) (GroupOf $x0 person) (Past $e0))
p201055	-0.03303	0.14810	-0.06246	-0.14440	0.04593	-0.07107	-0.17897	-0.19179	-0.03044	0.01558	0.15913	-0.09489	0.38061	-0.00600	-0.11983	0.06759	-0.07085	0.05050	0.06174	-0.03659	-0.05888	0.00481	0.00386	-0.05316	0.38943	-0.05575	-0.09644	0.03858	0.10376	-0.08259	0.15069	-0.05406	(And (Member $e0 begin) (Ongoing $e1) (Theme $e0 $e1))
p201056	-0.01633	0.06512	0.03616	0.09327	-0.10976	0.12123	-0.00770	0.03151	0.26792	-0.02518	-0.08575	-0.06983	-0.07559	-0.00758	0.00925	0.09361	0.10783	-0.00755	0.03799	-0.07428	-0.08905	-0.01878	0.08652	0.07284	0.03285	-0.04593	-0.06374	0.09134	-0.06773	-0.04642	0.08000	-0.03791	(And (Past $e0) (Patient $e1 $x0) (Theme $e0 $e1))
p201108	-0.01435	0.01829	0.37698	-0.24166	0.05277	-0.10231	-0.01767	0.12328	0.00995	0.05483	-0.05239	-0.03223	-0.05711	0.02133	-0.07300	-0.06088	-0.05065	-0.00257	0.02908	0.00332	-0.01992	-0.04214	0.01279	-0.02401	0.00621	-0.02507	0.05113	-0.02840	0.33398	0.04247	0.01479	0.02474	(And (Agent $e0 $x0) (Member $e0 make) (Patient $e0 $x1))
p201109	-0.03126	-0.04955	0.12976	-0.04439	0.04230	-0.07289	0.01244	0.17054	0.11395	0.03258	-0.00739	-0.10158	-0.07073	0.01094	-0.10481	-0.10402	-0.02614	-0.08771	0.08965	-0.08102	-0.09635	0.09544	0.05783	-0.02979	-0.06316	-0.04509	0.09950	0.09294	0.07416	0.10198	0.13608	0.07103	(And (Agent $e0 $x0) (Ongoing $e0) (Patient $e0 $x1))
p201110	-0.01523	0.01607	-0.01765	0.01522	-0.10462	0.01514	0.08924	-0.00076	-0.09443	0.05531	-0.02802	0.07574	0.00319	-0.01652	-0.05976	0.06948	0.05543	-0.01692	-0.00530	-0.03904	-0.04416	-0.02138	0.03250	0.01622	0.05726	0.09494	-0.02501	-0.01355	-0.02383	-0.02003	-0.08943	-0.05176	(And (Manner $e0 quickly) (Past $e0) (Patient $e0 $x0))
p201111	-0.03303	0.14810	-0.06246	-0.14440	0.04593	-0.07107	-0.17897	-0.19179	-0.03044	0.01558	0.15913	-0.09489	0.38061	-0.00600	-0.11983	0.06759	-0.07085	0.05050	0.06174	-0.03659	-0.05888	0.00481	0.00386	-0.05316	0.38943	-0.05575	-0.09644	0.03858	0.10376	-0.08259	0.15069	-0.05406	(And (Member $e0 begin) (Past $e0) (Theme $e0 $e1))
p201112	-0.02957	0.14067	0.10551	0.15304	-0.00841	0.00865	-0.04529	-0.01783	0.32033	-0.00195	-0.06671	-0.03620	-0.02927	-0.00201	-0.03947	0.20178	-0.02233	-0.09813	0.05797	0.03745	-0.03983	0.02263	0.07526	0.12449	0.08483	-0.04622	-0.11944	-0.01937	-0.14084	-0.09993	-0.04933	-0.13182	(And (Ongoing $e0) (Patient $e0 $x0) (Theme $e1 $e0))
p201138	0.01812	-0.00769	0.00113	-0.01058	0.03373	-0.02048	-0.00116	-0.00186	0.01680	0.00063	-0.02168	0.13936	-0.04608	-0.00647	0.01884	0.00149	-0.02613	-0.02452	-0.03420	-0.01828	0.06927	-0.00934	-0.00482	-0.00388	0.01229	0.00621	-0.03406	-0.00426	-0.02446	-0.02672	0.08204	-0.02721	(And (Again $e0) (Past $e0))
p201140	0.01641	0.18845	0.06749	-0.04512	-0.03614	0.02200	-0.00342	0.00858	-0.04455	0.08607	-0.00249	0.00821	-0.06297	0.00012	-0.03885	0.01956	0.03398	-0.03619	-0.02778	-0.01329	-0.01873	-0.03928	-0.00490	-0.05101	-0.02448	0.03318	-0.00624	0.00372	0.02890	0.00157	-0.04616	0.11447	(And (Agent $e0 $x0) (Member $x0 thing))
p201141	-0.01060	-0.00978	-0.05721	-0.00714	-0.02000	-0.01212	0.14954	0.01850	-0.06923	0.01258	-0.00131	0.08291	-0.07960	-0.00553	-0.04579	0.02624	-0.00927	-0.03903	0.00271	-0.00890	-0.04560	-0.01230	0.06707	-0.01479	0.13137	0.02664	-0.01198	0.00350	0.01704	-0.00608	-0.00010	-0.02754	(And (Goal $e0 $x0) (Patient $e0 $x1))
p201142	0.04725	0.04296	0.00388	0.01941	-0.03624	-0.01877	0.05501	0.02918	-0.02686	0.01029	-0.07219	-0.04589	0.05386	-0.01078	-0.08292	-0.05120	0.01678	0.01019	0.10587	0.09254	0.01633	-0.01748	-0.00928	0.07180	-0.03280	-0.00260	-0.01782	-0.01334	-0.00973	0.01824	0.02781	-0.07548	(And (Location $e0 $x0) (Theme $e0 $x1))
p201143	-0.03303	0.14810	-0.06246	-0.14440	0.04593	-0.07107	-0.17897	-0.19180	-0.03044	0.01558	0.15913	-0.09489	0.38061	-0.00600	-0.11983	0.06759	-0.07085	0.05050	0.06174	-0.03659	-0.05888	0.00481	0.00386	-0.05316	0.38943	-0.05574	-0.09644	0.03858	0.10376	-0.08259	0.15069	-0.05406	(And (Member $e0 begin) (Theme $e0 $e1))
p201144	0.02357	-0.00098	0.08805	-0.03955	0.09170	-0.05273	0.14111	-0.06615	-0.05506	0.01869	-0.07792	0.02431	-0.03962	0.01769	0.09598	0.00229	0.03442	0.00274	-0.03489	-0.02181	0.00160	-0.01922	0.01500	-0.00486	0.10227	-0.01462	-0.00467	-0.05472	-0.05803	-0.09971	-0.04216	-0.02115	(And (Member $e0 come) (Past $e0))
p201145	0.00367	-0.00392	-0.00496	-0.03062	0.11939	-0.07700	0.01177	-0.07306	-0.04368	-0.00981	-0.00120	0.02717	-0.04637	-0.00523	0.01500	0.03581	0.17445	0.06077	-0.02185	-0.04969	0.08994	0.01070	0.06195	0.00120	-0.03197	-0.00062	-0.04577	-0.03823	-0.00505	-0.03691	-0.02141	-0.01876	(And (Member $e0 fall) (Patient $e0 $x0))
p201146	-0.02072	0.01159	-0.04579	-0.07075	0.10069	-0.04840	-0.06610	0.11865	-0.02472	-0.02938	-0.11812	0.70908	-0.12512	-0.01796	-0.02561	0.07957	-0.11945	-0.03278	-0.02765	-0.01874	0.01000	-0.00415	-0.01466	0.03122	0.03631	0.00046	-0.13214	-0.06829	0.04872	-0.01686	0.36705	-0.07275	(And (Member $e0 hear) (Stimulus $e0 $x0))
p201147	-0.00374	-0.02415	-0.08518	0.09611	-0.03151	0.00254	-0.00724	0.01994	-0.03557	-0.00648	0.01621	-0.00456	0.03472	-0.01209	-0.00333	0.00098	-0.01271	0.00047	-0.00612	-0.01429	-0.02440	-0.00432	0.04566	-0.02040	-0.01303	0.01872	-0.00415	-0.00910	0.08878	0.00381	0.00488	0.01243	(And (Member $e0 kill) (Patient $e0 $x0))
p201148	-0.00495	0.01169	0.32739	-0.22789	0.05908	0.03124	-0.04733	0.00102	0.00463	-0.01044	-0.08296	-0.08010	0.03514	-0.02699	-0.03084	-0.02956	-0.07094	-0.00146	-0.00488	-0.03391	-0.01043	0.05092	-0.03504	-0.03631	0.07830	0.01811	-0.00430	0.02171	0.30135	0.03703	0.03727	-0.01279	(And (Member $e0 make) (Ongoing $e0))
p201149	0.02868	0.01328	0.33427	-0.20014	0.02797	0.07032	-0.04766	-0.01975	-0.06418	-0.00406	-0.06249	-0.02421	-0.02031	-0.02120	0.01285	-0.00464	-0.04840	0.02634	-0.03983	-0.02496	0.10022	-0.00441	-0.05503	-0.01041	0.05275	0.03275	-0.03216	0.06566	0.27011	-0.01657	-0.03771	-0.05368	(And (Member $e0 make) (Result $e0 $e1))
p201150	0.01052	0.01614	0.03183	0.07759	0.02388	-0.01916	0.02602	0.07718	0.00175	-0.01738	0.07191	-0.05754	-0.05179	-0.00533	-0.03720	-0.02095	0.06452	-0.04035	0.08356	-0.00001	-0.02008	0.01518	0.01599	-0.00388	-0.08975	0.01011	-0.00749	0.02679	-0.07114	0.00530	0.06187	0.03318	(And (Member $e0 take) (Past $e0))
p201151	0.00474	-0.02826	0.07570	0.00532	0.00835	0.03787	0.16415	0.02654	-0.12950	-0.06397	0.02818	-0.08636	-0.05628	-0.01453	0.05196	0.01425	-0.01189	-0.01746	-0.05989	0.08037	-0.05470	0.07102	-0.01094	-0.01966	0.03635	0.03268	-0.03586	0.02202	0.02316	0.02390	0.07615	0.00561	(And (Member $e0 walk) (Past $e0))
p201152	-0.01094	0.09639	0.01960	0.03234	-0.02251	0.04910	-0.00582	-0.05346	-0.07062	-0.00343	0.05035	0.01375	-0.01538	0.00956	0.01505	-0.04812	0.02432	-0.01242	0.01335	0.13670	0.02958	-0.00171	0.07729	-0.07713	-0.01460	-0.01421	0.03964	-0.08581	-0.05781	0.03924	0.00207	0.21014	(And (Member $x0 thing) (Patient $e0 $x0))
p201153	-0.00221	-0.16008	0.29177	0.09648	-0.14319	0.25989	-0.09558	-0.08137	-0.11651	0.00373	-0.07653	0.13018	0.19873	-0.02161	-0.01448	-0.12928	0.16169	-0.04512	-0.00217	0.13790	0.10845	0.05659	-0.04928	-0.07572	0.14808	0.05365	0.13975	-0.13680	-0.03342	0.17050	-0.10548	0.16276	(And (Ongoing $e0) (Result $e0 $e1))
p201154	0.00513	-0.04964	-0.00063	-0.04094	0.00830	-0.02854	-0.04682	-0.07737	0.05618	0.04114	0.06333	0.00338	-0.02776	-0.01292	0.06553	-0.02484	-0.03274	0.00368	-0.02533	-0.00803	0.08450	0.01394	0.01460	0.06443	-0.00314	0.00089	0.01561	-0.07658	-0.03353	-0.05332	-0.03984	0.06834	(And (Past $e0) (Through $e0 $x0))
p201155	0.05754	-0.02508	-0.00533	-0.02474	-0.04194	-0.01316	-0.03485	-0.00224	-0.01074	0.00373	0.01413	-0.02170	-0.01967	0.00368	0.01150	0.04531	0.02007	-0.02288	-0.05663	-0.02730	-0.00496	-0.01407	0.00180	0.02985	0.02515	-0.00081	0.00550	0.01259	0.00975	0.04860	0.01960	0.01744	(And (Possession $x0 $x1) (Theme $e0 $x0))
p201171	-0.00830	-0.01419	-0.02430	0.04221	-0.01351	0.00253	-0.00648	0.00711	0.00601	0.00277	-0.01282	-0.03028	0.03143	0.03386	0.00172	0.00112	-0.00535	-0.02048	-0.00888	-0.01118	-0.02695	-0.00930	-0.00139	-0.01059	-0.01136	0.01671	-0.00437	-0.00720	0.02923	0.00327	0.02095	0.00750	(In $e0 $x0)
p201172	-0.00597	-0.03679	-0.02451	-0.00967	-0.00426	-0.00039	-0.01009	-0.00420	0.05329	-0.00068	-0.00676	-0.03370	0.01289	-0.00827	-0.00543	-0.04451	-0.00995	-0.02889	0.00729	-0.02294	-0.04576	0.02271	0.04978	-0.03097	-0.01502	0.00047	0.03574	0.03694	-0.01370	0.02739	0.06269	0.03966	(Member $e0 change)
p201173	-0.00374	-0.02415	-0.08518	0.09611	-0.03151	0.00254	-0.00723	0.01994	-0.03557	-0.00648	0.01621	-0.00456	0.03472	-0.01209	-0.00333	0.00098	-0.01270	0.00047	-0.00612	-0.01429	-0.02440	-0.00432	0.04566	-0.02040	-0.01303	0.01872	-0.00415	-0.00910	0.08878	0.00381	0.00488	0.01243	(Member $e0 kill)
p201174	-0.02251	-0.00643	-0.07775	0.01184	0.08693	-0.01183	0.00164	0.01443	-0.02591	-0.02169	0.01268	-0.06978	-0.04891	-0.01484	-0.00550	-0.00535	-0.07469	-0.02260	0.02110	0.22592	-0.02953	-0.00702	0.06325	-0.01814	0.01206	-0.01146	-0.01522	0.11363	-0.01743	0.01322	0.09092	-0.00359	(Member $e0 open)
p201175	0.01378	-0.00120	-0.02847	-0.03529	-0.01108	-0.01475	0.01657	-0.02008	-0.00953	-0.02385	0.01891	0.06026	-0.00558	0.06632	0.05289	0.00672	-0.01775	0.04591	-0.01547	-0.02331	0.02463	0.06968	0.00236	0.00028	-0.03195	-0.00996	-0.01340	-0.04177	0.02696	-0.03855	-0.03665	-0.01979	(Member $e0 sleep)
p201176	-0.01128	0.03775	-0.02354	0.02651	-0.05299	-0.01726	0.02583	-0.03795	-0.06589	0.01526	-0.03995	0.06190	-0.07819	0.00003	0.00226	0.02727	-0.00252	-0.02485	0.02237	-0.07952	0.07191	-0.01538	0.04777	0.01290	0.07288	0.03263	0.00227	0.22935	-0.04854	-0.01326	-0.03332	-0.06762	(Member $e0 turn)
p201177	-0.01129	0.00873	0.12151	-0.07491	0.02736	0.01059	-0.01025	0.02795	-0.00888	0.01802	-0.00038	-0.01952	-0.01919	-0.00100	-0.02869	-0.03140	-0.01675	-0.01997	0.01073	-0.03023	-0.03540	-0.00859	0.01071	0.00600	0.00237	0.00398	0.03217	-0.00191	0.09836	0.02059	0.00300	0.04165	(Member $x0 big)
p201178	-0.00277	-0.01972	-0.02311	-0.02561	-0.01743	0.09465	-0.00666	0.01259	0.02030	0.00576	-0.02063	0.00205	0.00842	-0.00159	0.01466	0.00917	0.00583	0.02786	0.02785	-0.01340	-0.02428	0.02015	0.01209	-0.01580	-0.03356	-0.01327	-0.02172	0.02310	0.00590	0.00221	-0.00085	0.00050	(Member $x0 company)
p201179	0.00748	-0.00440	-0.00681	-0.00606	-0.00242	-0.01157	0.00050	0.00501	0.00116	-0.00463	-0.01281	0.03221	-0.01077	-0.00564	-0.00790	-0.00072	-0.00886	-0.00551	0.00901	-0.00979	0.00390	-0.00355	0.01006	0.00062	-0.00571	-0.00666	0.03095	-0.00519	-0.00189	-0.00355	0.04555	-0.01730	(Member $x0 food)
p201180	-0.00176	-0.02690	-0.00740	-0.02827	0.00867	-0.02106	0.07325	-0.01561	-0.00412	-0.00074	-0.02857	-0.03310	-0.01993	0.02285	0.01901	0.02976	-0.01490	-0.00852	-0.01757	-0.01164	-0.00995	-0.00186	0.01438	0.05020	0.04429	-0.01544	0.06445	-0.00987	0.00278	-0.02322	0.03515	0.03399	(Member $x0 town)
p201181	-0.00859	0.00003	-0.00620	-0.00816	0.02152	0.03198	0.00599	-0.02800	-0.00858	0.01613	0.01490	-0.01635	-0.00106	-0.00626	-0.00751	-0.02171	-0.02287	-0.01404	-0.00067	-0.01309	0.00076	0.00736	0.01588	0.03880	-0.01227	0.00645	0.01489	-0.00628	-0.01493	0.01619	0.01051	-0.00190	(Member $x0 water)
p201182	0.00514	-0.04963	-0.00062	-0.04093	0.00831	-0.02853	-0.04682	-0.07736	0.05619	0.04114	0.06334	0.00339	-0.02775	-0.01291	0.06553	-0.02483	-0.03273	0.00369	-0.02532	-0.00802	0.08451	0.01395	0.01461	0.06444	-0.00313	0.00089	0.01562	-0.07657	-0.03352	-0.05331	-0.03983	0.06836	(Through $e0 $x0)
p201253	-0.03169	0.01378	-0.10122	0.03844	0.09641	0.03618	0.00537	0.12587	-0.06033	-0.02682	-0.01045	-0.06104	0.01095	-0.01090	-0.01947	0.04528	-0.07948	-0.05333	0.02412	0.18251	0.00997	0.00769	0.00291	-0.01100	0.04020	0.00129	-0.05336	0.17226	-0.02242	-0.02229	0.03060	-0.02663	(And (Member $x0 door) (Past $e0) (Patient $e0 $x0))
p201309	0.16601	0.13884	-0.05432	-0.05871	-0.05613	-0.01311	0.09872	-0.07558	0.13280	-0.02306	0.32149	0.31206	0.08125	-0.00162	0.15067	-0.08905	0.20596	-0.05182	-0.03646	0.10686	-0.18712	-0.01444	-0.02231	0.10704	-0.09239	0.01770	0.24210	0.24611	0.16831	-0.21122	-0.27569	-0.15378	(And (Experiencer $e0 $x0) (Location $e0 $x1) (Ongoing $e0))
p201310	0.16167	0.12844	-0.02123	-0.05363	-0.12846	-0.05358	0.08171	-0.07458	0.15942	-0.01136	0.27459	0.22448	0.10263	0.00926	0.12881	-0.10662	0.21219	-0.09780	-0.05744	0.11877	-0.24469	-0.06377	-0.02956	0.10352	-0.08200	0.06194	0.26559	0.29494	0.14201	-0.14000	-0.20055	-0.12614	(And (Experiencer $e0 $x0) (Location $e0 $x1) (Past $e0))
p201311	0.04338	0.03703	0.00780	0.02338	-0.03809	-0.01675	0.05124	0.02248	-0.01262	0.00032	-0.06517	-0.04181	0.06099	-0.01067	-0.07040	-0.07616	0.02123	0.00509	0.11901	0.02635	0.00704	-0.01173	-0.00270	0.06240	-0.03140	-0.00673	0.00749	0.00481	-0.01103	0.00975	0.02772	-0.06250	(And (Location $e0 $x0) (Past $e0) (Theme $e0 $x1))
p201312	-0.02008	0.00209	-0.06448	-0.08311	0.10088	-0.04354	-0.05663	0.09457	-0.03073	-0.01799	-0.10624	0.64331	-0.11361	-0.01511	-0.02698	0.04868	-0.10885	-0.03509	-0.01751	-0.01747	0.00450	-0.01195	-0.00016	0.02219	0.02954	-0.00533	-0.10397	-0.05395	0.06145	-0.00633	0.34756	-0.05259	(And (Member $e0 hear) (Past $e0) (Stimulus $e0 $x0))
p201313	-0.00354	0.01439	-0.00495	-0.02785	0.24656	-0.10800	0.00175	-0.00070	-0.06997	-0.00454	-0.01486	-0.01483	-0.02303	-0.00829	-0.01735	0.08632	0.34758	0.00657	-0.03064	-0.03545	0.07737	-0.00139	0.02208	0.01020	-0.02010	0.00496	-0.08307	-0.08876	0.00980	-0.05116	-0.02312	-0.03398	(And (Past $e0) (Patient $e0 $x0) (Source $e0 $x1))
p201341	0.02250	-0.00024	0.08672	-0.03134	0.04944	-0.03809	0.14300	-0.06026	-0.04616	0.03688	-0.07734	0.04033	-0.03211	0.01970	0.08669	-0.01011	-0.01601	0.00515	-0.02242	-0.01657	-0.00970	-0.02281	0.01016	-0.00186	0.10403	-0.01887	0.01208	-0.04109	-0.05918	-0.09962	-0.05545	-0.02154	(And (Agent $e0 $x0) (Member $e0 come))
p201342	-0.02989	-0.16529	-0.11604	-0.14888	-0.21866	0.25245	0.03573	0.19883	0.31321	-0.05442	-0.24550	-0.19548	-0.13739	-0.01849	0.01149	-0.07244	0.27957	-0.01477	0.04120	-0.09555	-0.22760	-0.02104	0.09826	-0.07719	-0.02809	-0.08706	-0.00212	0.35111	0.21620	0.16005	0.38983	0.25260	(And (Agent $e0 $x0) (Member $x0 man))
p201343	-0.01988	0.03461	-0.01661	-0.04863	0.22906	-0.11110	-0.07278	-0.01336	-0.04616	0.01239	0.05634	-0.05472	0.04832	0.00298	-0.02090	0.05683	0.26628	-0.06256	0.02748	-0.01547	0.02691	-0.01492	-0.01048	-0.00205	0.08196	-0.05454	-0.05642	-0.02318	0.02350	-0.00730	0.05631	-0.04927	(And (Agent $e0 $x0) (Source $e0 $x1))
p201344	-0.01088	-0.03692	0.02836	-0.00188	0.08418	-0.07514	0.08971	-0.07320	-0.04003	-0.02230	-0.04808	0.08321	0.03619	-0.01114	0.04183	0.02066	0.03475	0.21342	0.03903	0.01027	0.07768	0.02226	0.00541	0.00405	-0.10126	-0.00229	-0.05525	-0.09181	0.00762	-0.08001	-0.09773	0.02929	(And (Cardinality $x0 <num>) (SubsetOf $x0 $x1))
p201345	-0.00741	-0.01572	-0.11444	0.16647	0.01274	-0.00347	0.00489	0.02137	-0.01626	-0.01051	-0.04614	-0.05095	0.01596	0.09956	-0.03050	0.00312	-0.02208	0.00057	0.02885	-0.01589	-0.00796	0.00329	-0.00582	-0.01422	0.00282	-0.02140	-0.04148	-0.03849	0.16617	-0.00748	0.04452	0.00753	(And (Experiencer $e0 $x0) (GroupOf $x0 person))
p201346	0.01151	0.01779	-0.04472	-0.08235	-0.07499	0.06288	-0.01537	0.02407	0.07513	0.02549	0.04117	0.06857	-0.05882	0.12825	-0.02668	0.04691	-0.00122	0.15724	-0.01971	-0.02793	0.10043	-0.00193	0.01139	0.01057	-0.01476	-0.01818	-0.07240	-0.18337	0.03880	-0.01429	-0.08921	-0.05272	(And (Experiencer $e0 $x0) (Theme $e0 $e1))
p201347	-0.01385	-0.07854	-0.08314	-0.05962	-0.01177	-0.04572	0.10716	0.12259	0.16880	-0.02369	0.25653	-0.01774	-0.06837	-0.01909	-0.07218	0.01396	-0.03568	-0.05155	-0.03591	-0.01135	0.21702	-0.00542	-0.02388	-0.05180	0.07069	-0.03748	-0.04539	-0.15095	0.09269	0.05880	-0.06638	0.11034	(And (Goal $e0 $x0) (Member $e0 go))
p201348	0.03255	-0.01800	-0.01646	-0.01244	-0.02076	-0.01962	0.14750	0.02172	-0.03471	0.00955	-0.00164	0.01494	-0.05757	0.01276	-0.00363	-0.00461	-0.01184	-0.03508	0.05321	-0.00856	-0.02113	-0.01356	0.01917	-0.01205	0.13936	-0.02055	-0.00911	-0.01266	0.01691	-0.00055	-0.04350	-0.00873	(And (Goal $e0 $x0) (Theme $e0 $x1))
p201349	-0.00920	0.03032	0.05098	-0.03535	0.04612	0.07602	0.02633	-0.01201	-0.02870	0.00618	0.00834	-0.02510	-0.01337	0.00193	-0.02458	-0.02023	-0.03178	-0.01527	-0.00229	-0.01138	-0.00421	-0.02127	0.00732	0.07007	-0.01747	-0.00567	0.01007	-0.01670	0.03769	0.04830	0.01590	-0.05457	(And (Location $e0 $x0) (Member $e0 live))
p201350	-0.00216	-0.00252	0.00240	-0.02138	-0.03602	-0.01435	-0.02121	-0.00515	-0.00513	-0.01000	0.03042	0.04908	-0.00667	-0.00294	0.01080	0.01651	-0.00588	0.01415	0.10249	0.00961	0.00446	-0.00888	-0.00093	0.00571	0.00587	-0.00908	-0.02100	-0.01971	0.00952	0.01957	-0.04861	-0.02976	(And (Member $e0 capture) (Past $e0))
p201351	-0.00146	-0.00044	-0.00469	-0.03013	0.13936	-0.07636	0.00532	-0.05697	-0.06000	-0.01270	-0.01370	0.01493	-0.03861	-0.00954	0.01375	0.06448	0.21925	0.05437	-0.03327	-0.03827	0.10163	0.01616	0.02653	0.00333	-0.02951	0.01774	-0.07273	-0.03949	0.00518	-0.04611	-0.02696	-0.01888	(And (Member $e0 fall) (Past $e0))
p201352	0.00801	-0.07294	-0.02080	-0.00856	-0.07018	0.10685	0.03614	0.04680	0.06571	-0.01669	-0.09683	-0.05365	-0.01131	-0.02814	-0.01184	-0.04379	0.16070	-0.00044	0.02415	0.00659	-0.03621	0.00017	0.00690	-0.03692	0.01191	0.01225	-0.00605	0.06681	0.00807	0.00728	0.08851	0.08193	(And (Member $e0 get) (Past $e0))
p201353	0.04507	0.04945	0.03552	0.07127	0.03801	-0.02141	0.02294	0.09140	-0.00322	-0.01366	0.06651	-0.06232	-0.06542	0.00217	-0.03289	-0.01465	0.05726	-0.04342	0.05556	0.04357	-0.00447	0.01183	0.00339	-0.00840	-0.08189	-0.01481	-0.02524	0.01676	-0.06645	0.00313	0.06775	0.04204	(And (Member $e0 take) (Theme $e0 $x0))
p201354	-0.00594	0.03681	-0.02970	0.02535	-0.05196	-0.01942	0.03258	-0.03618	-0.07148	0.01354	-0.02897	0.06651	-0.07751	0.01216	0.00375	0.03013	-0.00074	-0.01393	0.01898	-0.07829	0.06927	-0.01390	0.05694	0.01539	0.06812	0.01712	-0.00134	0.18954	-0.04010	-0.01297	-0.03882	-0.06555	(And (Member $e0 turn) (Patient $e0 $x0))
p201355	0.13691	-0.01293	0.05032	-0.01257	0.03883	0.06181	-0.02011	-0.02225	-0.02009	0.00175	0.03406	-0.01023	-0.00913	-0.00281	0.01449	-0.04765	-0.03305	-0.01177	-0.08083	-0.03459	0.02320	-0.01255	0.01567	0.03076	0.01812	0.00099	0.00046	-0.02665	-0.00757	-0.02745	0.00491	-0.01760	(And (Member $e0 use) (Theme $e0 $x0))
p201356	0.05244	0.03617	-0.01934	-0.01117	0.01931	-0.01967	0.02163	0.01211	0.03562	-0.01171	0.11198	-0.01164	-0.04392	-0.00864	-0.00175	-0.05005	-0.03508	-0.01321	-0.00557	-0.02120	0.09472	0.00139	0.02505	-0.03754	-0.02215	-0.00778	-0.00014	-0.07326	-0.01204	-0.02250	-0.00561	0.08519	(And (Obligated $e0) (Past $e0))
p201357	-0.00794	-0.01713	-0.00348	0.04773	0.00826	0.00016	-0.00598	0.01344	0.03109	0.00080	-0.02363	-0.01864	0.01017	0.00071	-0.02331	-0.01214	-0.01194	-0.02896	0.01749	0.01440	-0.00405	-0.00193	-0.02704	-0.00935	-0.01333	0.04422	-0.00911	-0.00200	-0.00005	0.00446	0.03940	0.00596	(And (Past $e0) (Patient $e0 $e1))
p201358	-0.00881	-0.02898	0.01903	-0.01268	0.00168	0.00287	-0.01277	-0.02180	0.02039	0.00308	-0.00737	-0.04319	0.01343	0.04645	0.01148	-0.00137	-0.01303	-0.02535	-0.01942	0.01649	-0.04465	0.00521	-0.01104	-0.01832	-0.01494	0.05129	-0.00043	-0.00412	-0.03064	0.00814	0.04017	0.03248	(And (Past $e0) (Time $e0 yesterday))
p201359	-0.00853	0.16775	0.06558	0.12855	0.04881	-0.01401	-0.07369	-0.03595	0.28341	0.00064	-0.12285	-0.01328	-0.01741	0.01077	-0.01154	0.14522	-0.06442	-0.07807	0.00749	-0.02199	-0.04363	0.00388	0.06731	0.11501	0.15967	-0.01307	-0.04166	-0.03456	-0.11048	-0.06996	-0.11165	-0.13880	(And (Patient $e0 $x0) (Theme $e0 $e1))
p201399	0.08544	-0.01724	-0.02632	0.02873	0.00233	-0.00856	0.00688	0.00254	-0.02977	-0.02921	-0.02183	-0.04228	-0.00510	0.00838	0.01620	-0.02438	-0.01236	0.01961	-0.04788	0.05763	0.01286	0.03087	0.01764	-0.00250	-0.00741	0.00041	-0.02884	-0.03277	0.02234	-0.00367	0.04522	-0.00666	(Agent $e0 $e1)
p201400	0.00020	0.00422	-0.00445	0.00113	-0.02519	0.00236	0.02031	-0.03018	-0.03247	-0.00441	0.02284	0.02888	-0.00612	0.00935	-0.00191	0.02087	0.00852	0.01679	-0.01603	-0.02900	-0.00092	0.00575	0.04175	0.00611	-0.02812	0.02663	-0.01604	-0.03417	-0.01841	0.00867	-0.01388	-0.02483	(Already $e0)
p201401	0.00601	-0.01173	0.00519	-0.00511	-0.00001	-0.01216	0.00079	-0.00677	-0.00969	-0.01585	0.00116	0.00623	0.00365	-0.00350	0.01791	0.01620	-0.00923	0.02854	-0.00012	0.04252	0.00438	-0.00339	-0.00448	-0.00475	-0.00786	-0.01196	-0.02284	-0.01093	-0.00172	0.00609	-0.00977	-0.00590	(For $x0 $x1)
p201402	-0.01004	0.03098	-0.00072	-0.00383	0.00349	0.06525	-0.00556	0.00222	-0.00625	0.00897	0.02041	-0.00013	-0.01060	-0.00746	-0.00872	0.00099	-0.00154	0.00353	-0.00074	-0.00172	-0.00798	-0.00874	-0.00914	-0.00805	-0.00648	0.01059	-0.00004	0.00401	-0.00478	-0.00300	-0.01703	-0.00301	(From $x0 $x1)
p201403	0.00982	-0.00227	0.02099	-0.01479	0.05276	0.04066	0.03881	-0.02978	-0.01094	0.03432	-0.00677	-0.00802	-0.01810	0.04103	0.00801	0.00239	-0.03255	-0.03648	-0.02477	-0.00606	-0.02413	0.00309	-0.00441	-0.00458	0.03361	0.00938	-0.00257	-0.01285	-0.03029	-0.02007	-0.00462	-0.01293	(GroupOf $x0 student)
p201404	-0.00357	0.00855	-0.00659	-0.02184	0.02372	-0.01538	0.00039	0.00134	0.00091	-0.01554	-0.00534	-0.01335	-0.00308	0.09442	0.00160	0.02556	0.00675	0.03084	-0.00278	-0.01788	0.00704	0.00925	0.00518	-0.00152	0.00463	-0.02437	-0.03937	-0.06339	0.00762	-0.00990	0.00562	-0.01776	(Like $e0 $x0)
p201405	-0.00216	-0.00252	0.00240	-0.02138	-0.03602	-0.01435	-0.02121	-0.00515	-0.00513	-0.01000	0.03042	0.04908	-0.00667	-0.00294	0.01080	0.01651	-0.00588	0.01415	0.10249	0.00961	0.00446	-0.00888	-0.00093	0.00571	0.00587	-0.00908	-0.02100	-0.01971	0.00952	0.01957	-0.04861	-0.02976	(Member $e0 capture)
p201406	-0.00844	0.01557	-0.01048	-0.01535	-0.06189	0.01118	0.01915	0.05713	-0.04713	0.00170	-0.01646	-0.01144	0.02942	-0.00713	-0.00718	0.02609	0.02623	0.01688	-0.00721	0.02540	0.00042	0.00654	-0.00263	0.01936	-0.02808	0.01642	-0.02582	-0.01683	0.00164	0.04723	-0.01630	-0.02811	(Member $e0 cause)
p201407	-0.01449	0.00381	-0.02121	0.01216	0.05710	0.06102	-0.00486	0.04170	0.01366	0.01875	0.01945	-0.01821	0.01564	-0.01181	-0.02472	-0.01791	-0.04316	-0.05532	0.01892	0.04914	-0.05541	-0.01306	0.01071	-0.01265	-0.00264	-0.00211	0.02401	0.06039	-0.02011	-0.00352	0.01281	-0.02185	(Member $e0 close)
p201408	0.04710	0.09154	-0.00124	-0.01063	0.00828	-0.00028	0.01128	-0.01050	-0.00912	-0.00702	0.02231	-0.02171	-0.01470	0.00632	0.03404	-0.03540	-0.02393	-0.01073	-0.03157	-0.02687	0.01976	-0.00713	0.04864	-0.02467	-0.03585	-0.02722	0.00828	-0.02780	-0.02677	-0.01152	0.02148	0.05876	(Member $e0 do)
p201409	0.06947	0.02562	-0.02404	0.03804	-0.02522	0.03063	-0.01173	-0.00414	0.01555	0.00873	-0.02711	-0.00806	-0.02256	-0.00406	0.00967	-0.04259	0.00816	0.03200	-0.01595	-0.01535	0.01349	-0.01047	0.01626	-0.00815	-0.00339	-0.00850	-0.00012	-0.01464	0.01486	-0.03601	0.01382	0.00940	(Member $e0 help)
p201410	0.06545	0.00656	-0.01649	-0.00210	-0.00493	-0.01460	-0.01892	0.02146	-0.02379	0.00657	-0.00613	-0.01634	-0.01610	0.00099	-0.01244	-0.00154	0.00108	-0.01432	-0.04228	-0.02044	0.00686	0.02964	-0.00446	0.01811	0.02025	0.00550	-0.01891	-0.00245	-0.00265	0.01365	0.00749	0.03474	(Member $e0 sell)
p201411	0.01116	-0.03745	0.07085	0.05050	0.00538	-0.00680	0.03424	-0.01750	-0.03405	-0.01468	0.05916	-0.03625	-0.01388	-0.00856	0.05908	-0.00957	0.00159	-0.01827	-0.03365	0.01516	-0.02502	0.01731	-0.01627	-0.02166	-0.01595	0.01195	0.00380	0.02368	-0.06224	-0.02547	0.05728	0.01677	(Member $e0 talk)
p201412	0.01233	0.00062	-0.05321	0.07229	-0.00292	-0.00362	-0.03281	-0.02579	0.01251	0.07275	-0.00743	0.02007	-0.01559	-0.01189	-0.02279	0.01128	-0.00278	-0.04669	-0.01878	-0.01526	0.00407	-0.00747	-0.01185	-0.00424	0.02604	0.01911	0.00021	0.00144	0.06619	0.01292	-0.02200	-0.01967	(Member $e0 watch)
p201413	-0.00210	-0.01698	0.02141	-0.02685	-0.00433	-0.00764	-0.02124	-0.02411	0.01789	0.01097	0.00066	-0.00781	0.01803	0.03860	0.04615	0.00581	-0.02073	-0.01272	-0.01138	-0.00487	0.01130	-0.01767	-0.00523	0.03488	-0.01123	-0.00003	-0.01040	-0.04167	-0.02830	0.00095	0.01272	0.01070	(Member $x0 boy)
p201414	-0.00354	0.03000	-0.00812	-0.01993	-0.02366	0.00861	0.00725	0.01168	0.00087	0.00526	-0.00531	0.01530	0.01288	0.03743	0.01013	0.01182	-0.00131	0.02828	-0.00557	-0.02599	0.03723	0.00592	-0.00196	0.00320	-0.02425	-0.01933	-0.02431	-0.05768	-0.00282	-0.01237	-0.02255	-0.00179	(Member $x0 child)
p201415	-0.00854	0.00237	-0.02623	-0.00290	0.04871	0.04019	0.00603	0.02832	-0.03322	0.01129	0.03090	0.01231	-0.01636	0.00183	-0.01096	-0.01398	-0.04006	-0.00614	0.01000	-0.02105	0.01133	0.01943	0.01063	0.06921	-0.00021	-0.01180	0.01551	-0.02143	-0.00194	0.00364	-0.02712	-0.00237	(Member $x0 floor)
p201416	0.00035	-0.00900	-0.00526	-0.01494	-0.02717	-0.00757	0.02233	-0.01026	-0.02931	-0.00635	-0.00045	-0.00117	-0.01252	0.00214	0.01474	0.01364	0.00510	-0.00279	0.02652	-0.00545	-0.01164	-0.01055	0.01041	0.03067	0.03353	-0.00528	-0.01486	-0.00410	0.00818	0.02702	-0.00632	0.00178	(Member $x0 horse)
p201417	-0.02413	-0.00393	-0.03371	-0.01582	0.02200	-0.02788	0.02602	0.04413	0.02158	0.00369	0.05101	-0.00094	-0.02734	0.01231	-0.03302	0.01888	0.00969	-0.01834	0.01790	-0.00816	0.06175	0.01809	-0.01555	-0.00317	0.00619	-0.01225	-0.02332	-0.05085	0.01896	0.02842	-0.02645	0.00244	(Member $x0 huge)
p201418	-0.00161	0.00035	-0.01211	-0.01507	0.05302	0.07839	-0.00497	-0.04314	0.01678	-0.01408	0.05263	-0.00498	-0.01537	-0.00107	0.01748	-0.01686	-0.04444	-0.02448	0.01051	-0.01532	-0.03050	0.00362	0.05226	-0.01241	-0.00869	-0.02153	0.01551	0.01104	-0.00679	0.02037	0.01516	-0.01649	(Member $x0 light)
p201419	0.00003	-0.02180	-0.00935	-0.01268	-0.01972	-0.00751	-0.00357	-0.02452	0.00934	-0.00838	0.00314	-0.02621	0.00339	0.00865	0.00661	-0.01643	0.00708	-0.00484	-0.00805	-0.01293	-0.03668	0.00445	0.02862	0.02496	-0.00579	0.01388	0.01808	0.01911	-0.00435	0.01747	0.02212	0.02754	(Member $x0 rain)
p201420	-0.01010	-0.00803	-0.01060	-0.00707	0.00031	-0.01876	-0.00223	-0.02367	-0.01910	0.04385	-0.00676	-0.00296	-0.01255	0.01309	-0.00553	-0.01327	-0.01004	-0.00127	0.00473	-0.01935	0.01788	0.02812	0.00333	0.03879	-0.00548	0.01166	0.01073	-0.02755	-0.02258	-0.01030	-0.01394	0.01280	(Member $x0 school)
p201421	-0.00509	0.02872	0.03237	-0.04977	0.01261	-0.01870	0.01665	-0.02592	-0.05065	-0.02191	-0.00866	-0.05061	-0.03052	-0.00977	0.00357	0.01882	0.06508	0.00793	-0.03215	0.00292	0.03680	0.02304	0.02943	-0.00633	-0.02654	0.03240	-0.03095	0.01461	0.03812	0.03173	0.02057	0.00759	(Member $x0 sound)
p201422	-0.00112	-0.02152	-0.01564	-0.00767	0.05206	0.08213	0.00921	-0.00455	-0.03071	-0.00316	0.01748	0.00368	-0.01325	0.00498	-0.00298	0.02047	-0.04385	-0.00296	-0.01326	-0.00893	0.01673	0.00858	-0.00423	0.04785	0.02750	0.00749	-0.02832	0.03263	0.00303	-0.01296	-0.01482	0.01965	(Member $x0 street)
p201423	0.00156	-0.02553	0.00362	0.00123	0.04412	-0.03579	-0.00938	-0.00130	-0.01023	0.00036	-0.01287	-0.01168	-0.00570	0.01532	0.00488	-0.00668	0.03630	0.01529	0.02352	-0.00335	0.00702	-0.00387	-0.00485	0.05601	0.00117	-0.01257	-0.00891	-0.01224	-0.00619	-0.02862	0.00264	0.03218	(Member $x0 wall)
p201424	0.01655	-0.00177	0.04464	0.04879	-0.00017	-0.01588	0.00730	0.01354	-0.04863	-0.02149	0.07060	-0.03569	-0.02704	-0.00265	0.01885	-0.00042	-0.00035	0.01282	-0.02060	0.05784	-0.01145	0.00846	0.00120	-0.01357	-0.05006	-0.00168	-0.01464	0.00479	-0.04194	-0.00535	0.05851	0.02897	(Member $x0 whole)
p201425	0.03408	-0.01774	0.00028	-0.01094	0.00791	-0.01278	-0.01197	-0.01145	0.00054	-0.00650	0.00018	-0.02736	-0.01217	-0.00585	0.02293	0.01665	-0.01685	0.00368	-0.04231	0.09382	0.02029	-0.00878	0.00568	-0.00779	-0.00309	-0.00740	0.00743	-0.02981	-0.01058	-0.01552	0.04216	-0.00120	(On $e0 $x0)
p201426	-0.00793	-0.01712	-0.00348	0.04774	0.00827	0.00017	-0.00598	0.01344	0.03110	0.00080	-0.02362	-0.01863	0.01017	0.00072	-0.02330	-0.01214	-0.01193	-0.02895	0.01749	0.01441	-0.00405	-0.00193	-0.02704	-0.00935	-0.01333	0.04422	-0.00911	-0.00200	-0.00004	0.00446	0.03940	0.00596	(Patient $e0 $e1)
p201427	-0.00882	-0.02899	0.01902	-0.01269	0.00167	0.00285	-0.01278	-0.02181	0.02038	0.00307	-0.00738	-0.04320	0.01342	0.04644	0.01147	-0.00138	-0.01305	-0.02537	-0.01943	0.01648	-0.04466	0.00519	-0.01105	-0.01834	-0.01495	0.05128	-0.00045	-0.00414	-0.03065	0.00813	0.04016	0.03247	(Time $e0 yesterday)
p201435	-0.02287	0.10418	0.11737	0.16935	-0.00793	0.01294	-0.01755	0.02279	0.27179	-0.01395	-0.04978	-0.02317	-0.06523	-0.00065	-0.01982	0.17185	-0.00237	-0.11163	0.04142	-0.00037	-0.03290	0.02062	0.04821	0.11613	0.01866	-0.03190	-0.09231	-0.00189	-0.13581	-0.07069	-0.04110	-0.10212	(And (Member $e0 start) (Ongoing $e1) (Patient $e1 $x0) (Theme $e0 $e1))
p201561	0.00037	-0.00988	0.01373	-0.02335	-0.00878	-0.00880	-0.02059	-0.02337	0.01171	0.00674	0.00235	0.00992	0.01409	0.00231	0.05073	0.00502	-0.01518	-0.00150	-0.00812	-0.00607	0.03345	-0.01497	-0.00050	0.03843	-0.00676	-0.01825	-0.01100	-0.03813	-0.01948	-0.00460	-0.00494	-0.00202	(And (Agent $e0 $x0) (Member $x0 boy) (Past $e0))
p201562	-0.01166	0.03194	-0.05461	0.04277	0.13350	-0.07393	-0.04688	0.18536	-0.00583	0.01375	-0.06260	-0.01429	0.07065	-0.00481	0.01840	0.02403	0.03562	-0.06900	0.02461	0.08062	0.05183	-0.00045	-0.04680	0.00723	0.03632	-0.03492	-0.01763	0.06295	-0.04771	-0.07168	-0.03415	-0.04395	(And (Agent $e0 $x0) (Member $x0 person) (Past $e0))
p201563	-0.01192	0.02491	-0.05269	0.02102	0.11250	-0.06939	-0.02965	0.21146	-0.02097	-0.00497	-0.04459	-0.01276	0.06323	0.01051	-0.02768	0.03322	0.03658	-0.05268	0.03234	0.06863	0.06385	0.00633	-0.03150	0.00383	0.03006	-0.04223	-0.03187	0.07609	-0.01899	-0.04599	-0.02712	-0.03674	(And (Agent $e0 $x0) (Member $x0 person) (Patient $e0 $x1))
p201564	-0.01286	-0.03917	-0.04890	0.00514	-0.12205	0.14803	0.03907	0.08941	0.14476	-0.00998	-0.05267	-0.08079	-0.12704	-0.00380	0.00709	-0.04769	0.14569	0.07551	0.04964	-0.03529	-0.07623	0.00087	0.07821	-0.01533	-0.09085	-0.05578	0.00307	0.12880	0.00355	0.02340	0.16981	0.05023	(And (Agent $e0 $x0) (Patient $e1 $x1) (Theme $e0 $e1))
p201565	-0.01236	-0.02460	0.06051	-0.04322	0.06287	-0.05614	0.06824	-0.07901	-0.06817	-0.01842	-0.02161	0.05518	0.01702	-0.00666	0.01802	0.03643	0.04969	0.17197	-0.00489	-0.02551	0.05513	-0.00347	0.03594	0.00374	-0.07709	0.02348	-0.05512	-0.08990	0.04581	-0.02573	-0.06403	0.01398	(And (Cardinality $x0 <num>) (Past $e0) (Patient $e0 $x0))
p201567	-0.02287	0.10418	0.11737	0.16935	-0.00793	0.01294	-0.01755	0.02279	0.27179	-0.01395	-0.04978	-0.02317	-0.06523	-0.00065	-0.01982	0.17185	-0.00237	-0.11163	0.04142	-0.00037	-0.03290	0.02062	0.04821	0.11613	0.01866	-0.03190	-0.09231	-0.00189	-0.13581	-0.07069	-0.04110	-0.10212	(And (Member $e0 start) (Patient $e1 $x0) (Theme $e0 $e1))
p201568	0.03466	0.14228	-0.00442	-0.00039	0.00727	0.00156	0.00433	0.02974	-0.03290	-0.00024	-0.00367	0.04859	-0.04483	0.00351	-0.00249	-0.02388	-0.01677	-0.01394	0.07868	-0.00786	0.02045	0.00505	0.00380	-0.03702	-0.03613	-0.00341	-0.02361	-0.02212	-0.01525	-0.05312	0.00881	0.10638	(And (Member $x0 thing) (Past $e0) (Theme $e0 $x0))
p201570	-0.01588	0.14150	0.07619	0.10760	0.00519	0.01100	-0.06171	-0.06198	0.29711	0.00469	-0.11533	-0.00600	0.01610	-0.00549	-0.02588	0.18476	-0.03288	-0.10034	0.02107	-0.00791	-0.01957	0.00656	0.05683	0.11090	0.13474	-0.02524	-0.10430	-0.03661	-0.09702	-0.11854	-0.09117	-0.12297	(And (Ongoing $e0) (Patient $e1 $x0) (Theme $e1 $e0))
p201653	-0.12741	0.00022	-0.02436	-0.01976	0.01552	0.06197	0.06269	-0.01218	0.00012	0.04630	-0.04376	-0.00811	0.03914	-0.00422	-0.08452	0.11876	-0.03969	0.03316	0.20919	-0.01808	-0.00369	0.00096	-0.01061	-0.00378	-0.05757	0.02699	0.17735	0.00502	0.01652	-0.10110	-0.03413	0.01417	(And (Holder $e0 $x0) (Member $e0 have) (Past $e0) (Theme $e0 $x1))
p201668	0.02341	-0.00354	0.07957	-0.03122	0.05069	-0.03584	0.14036	-0.05456	-0.04546	0.01822	-0.07217	0.03231	-0.03004	0.02062	0.09599	-0.00820	-0.02130	0.00938	-0.02557	-0.01536	-0.00588	-0.01719	0.01154	-0.00471	0.10101	-0.02415	0.00549	-0.04236	-0.05251	-0.09208	-0.04440	-0.01424	(And (Agent $e0 $x0) (Member $e0 come) (Past $e0))
p201669	0.00848	-0.01837	0.05281	-0.00121	0.00718	0.00842	-0.02126	-0.04063	0.01465	0.02201	-0.00845	-0.03018	0.04552	-0.00538	0.04860	-0.02424	0.00601	-0.04536	-0.01679	0.00425	-0.04002	-0.02095	-0.00335	-0.01277	-0.00490	0.00783	0.02371	0.02827	-0.05957	-0.03262	0.03854	0.01062	(And (Agent $e0 $x0) (Past $e0) (Recipient $e0 $x1))
p201670	-0.01552	0.02311	-0.00339	-0.02817	0.19809	-0.08830	-0.04293	0.02599	-0.01627	-0.00213	-0.00356	-0.03097	-0.01355	0.00292	0.00880	0.06187	0.25365	-0.06170	0.01145	-0.00926	0.04671	-0.01219	-0.01607	0.00755	0.02564	-0.04178	-0.05290	-0.04605	0.01571	0.00598	0.00213	-0.04534	(And (Agent $e0 $x0) (Past $e0) (Source $e0 $x1))
p201671	0.00286	-0.02819	0.00820	-0.03107	0.01730	-0.02202	-0.03539	-0.05942	0.06268	0.04607	0.05683	0.00774	-0.02612	-0.00695	0.05280	-0.02591	-0.03043	-0.00566	-0.01612	-0.00427	0.08587	-0.00050	-0.00208	0.03875	-0.00711	-0.01347	0.01705	-0.06803	-0.03042	-0.04851	-0.03467	0.03791	(And (Agent $e0 $x0) (Past $e0) (Through $e0 $x1))
p201672	-0.02221	-0.07140	-0.07533	-0.05294	-0.00595	-0.04317	0.09914	0.11190	0.15848	-0.03028	0.22945	-0.02197	-0.05935	-0.01816	-0.05897	0.00482	-0.03602	-0.04292	-0.01944	-0.00896	0.20199	-0.00112	-0.02183	-0.04761	0.06023	-0.03754	-0.03745	-0.13710	0.08254	0.04254	-0.05601	0.10561	(And (Goal $e0 $x0) (Member $e0 go) (Past $e0))
p201673	0.01941	-0.01461	-0.01088	-0.00754	-0.01952	-0.01682	0.13113	0.02592	-0.03187	0.00072	-0.01010	0.01130	-0.04440	0.01110	0.00496	-0.00422	-0.00956	-0.02643	0.06596	-0.00378	-0.01365	-0.00737	0.00516	-0.00905	0.11861	-0.01810	-0.01025	-0.01465	0.01179	-0.01267	-0.04378	-0.00647	(And (Goal $e0 $x0) (Past $e0) (Theme $e0 $x1))
p201674	-0.12741	0.00022	-0.02436	-0.01976	0.01552	0.06197	0.06269	-0.01218	0.00012	0.04630	-0.04376	-0.00811	0.03914	-0.00422	-0.08452	0.11876	-0.03969	0.03316	0.20919	-0.01808	-0.00369	0.00096	-0.01061	-0.00378	-0.05757	0.02699	0.17735	0.00502	0.01652	-0.10110	-0.03413	0.01417	(And (Holder $e0 $x0) (Member $e0 have) (Past $e0))
p201675	-0.12741	0.00022	-0.02436	-0.01976	0.01552	0.06197	0.06269	-0.01218	0.00012	0.04630	-0.04376	-0.00811	0.03914	-0.00422	-0.08452	0.11876	-0.03969	0.03316	0.20919	-0.01808	-0.00369	0.00096	-0.01061	-0.00378	-0.05757	0.02699	0.17735	0.00502	0.01652	-0.10110	-0.03413	0.01417	(And (Holder $e0 $x0) (Past $e0) (Theme $e0 $x1))
p201676	0.00174	-0.00014	0.00101	-0.02117	-0.03507	-0.01387	-0.01883	-0.00592	-0.00960	-0.01015	0.02983	0.04915	-0.00807	-0.00001	0.01270	0.01733	-0.00519	0.01682	0.09965	0.00712	0.00500	-0.00812	0.00308	0.00764	0.00638	-0.01560	-0.02139	-0.02009	0.01159	0.01788	-0.04918	-0.03043	(And (Member $e0 capture) (Past $e0) (Theme $e0 $x0))
p201677	-0.00055	0.00103	-0.00155	-0.02185	0.09931	-0.06190	0.01142	-0.05481	-0.06087	-0.00494	-0.00413	0.02497	-0.03497	-0.00553	0.00845	0.05325	0.17329	0.05827	-0.02543	-0.03935	0.08858	0.00024	0.03335	0.00609	-0.02985	0.01777	-0.05728	-0.03058	-0.00060	-0.03832	-0.03252	-0.01887	(And (Member $e0 fall) (Past $e0) (Patient $e0 $x0))
p201678	-0.00469	-0.02121	-0.05415	0.06154	-0.03875	0.00627	-0.00789	0.03160	-0.03735	-0.00290	0.00948	0.00005	0.04282	-0.01122	-0.00267	0.01824	-0.00219	0.00023	-0.01244	-0.00861	-0.01618	-0.00100	0.01838	-0.01398	-0.01249	0.03526	-0.01559	-0.01293	0.05005	-0.00241	-0.01075	0.01366	(And (Member $e0 kill) (Past $e0) (Patient $e0 $x0))
p201679	0.00202	-0.00371	0.24030	-0.15324	-0.01407	-0.02833	-0.00368	-0.03172	-0.06168	-0.01547	-0.00744	0.01873	-0.00347	-0.00013	0.02621	0.02953	-0.01875	0.08870	-0.03718	-0.03904	0.05408	-0.03732	0.00556	-0.00621	-0.01184	0.02955	-0.03996	-0.04492	0.19175	-0.00328	-0.04887	-0.01462	(And (Member $e0 make) (Past $e0) (Patient $e0 $x0))
p201680	-0.01007	0.08595	0.08817	0.12531	-0.05085	0.01418	-0.02001	-0.02291	0.08335	0.01579	-0.06810	0.03947	-0.03722	-0.01291	-0.01161	0.15868	0.02082	-0.07276	-0.01768	-0.06053	0.00218	-0.01409	0.01836	0.09880	0.03798	0.06551	-0.07241	0.04849	-0.10640	-0.07978	-0.09952	-0.09234	(And (Member $e0 start) (Past $e0) (Patient $e0 $x0))
p201681	0.00946	-0.05122	-0.08887	-0.07493	-0.15427	0.20025	0.01817	0.08043	0.11586	-0.03750	-0.17049	-0.06193	-0.07106	-0.02236	0.02518	0.00407	0.18471	0.15515	-0.03653	0.00861	-0.01648	-0.00090	0.00124	-0.03367	-0.00347	-0.00229	-0.07226	0.06001	0.09054	-0.00400	0.11027	0.04680	(And (Member $e0 try) (Past $e0) (Theme $e0 $e1))
p201728	0.01195	0.00238	-0.02196	0.04645	0.00153	-0.00573	0.00225	-0.00536	-0.00234	0.07043	-0.01106	0.03962	-0.00305	-0.00914	-0.05336	0.00678	0.00197	-0.00789	-0.01128	-0.00444	-0.00916	-0.02287	-0.00886	0.00185	0.00775	0.01911	0.00390	0.01190	0.03793	0.00348	-0.03824	-0.02514	(And (Agent $e0 $x0) (Can $e0))
p201729	0.00357	-0.05776	0.12947	0.13381	0.04340	-0.07383	0.14332	-0.02676	-0.12027	-0.00818	0.07608	0.02739	-0.02366	0.01202	0.05819	-0.00555	-0.04816	0.17893	0.00809	0.00084	0.02380	0.02236	-0.01089	0.00776	-0.11542	-0.01465	-0.01990	-0.04297	-0.05351	-0.06977	-0.01824	0.02174	(And (Agent $e0 $x0) (Cardinality $x0 <num>))
p201730	-0.00851	0.01481	-0.00285	-0.00927	-0.04689	0.00888	0.00746	0.05696	-0.02271	0.01204	-0.01230	0.00165	0.03332	0.00210	-0.01186	0.02090	0.01783	0.00817	0.00588	0.00129	0.00409	-0.01114	-0.00589	0.01615	-0.01609	-0.00272	-0.01728	-0.01823	-0.00702	0.03089	-0.02035	-0.02691	(And (Agent $e0 $x0) (Member $e0 cause))
p201731	-0.01547	0.00997	-0.04681	0.01985	0.04173	-0.03087	-0.02183	0.07224	-0.01930	0.03670	-0.04354	-0.02397	0.00720	-0.00665	-0.03215	0.03249	-0.02761	-0.03144	0.01226	0.13452	0.02412	0.01086	-0.03010	0.00285	0.02859	-0.00071	-0.03132	0.07982	-0.01784	-0.01554	-0.00225	-0.02351	(And (Agent $e0 $x0) (Member $e0 leave))
p201732	-0.00325	0.02889	-0.03735	-0.01183	0.04327	0.07503	0.01770	0.01893	-0.03228	0.07656	0.03671	0.06617	-0.04833	0.01961	-0.06270	0.00524	-0.03966	0.00621	0.00383	-0.03801	0.05354	0.05306	-0.00969	0.02036	-0.01609	0.01272	-0.00458	-0.07363	-0.00669	-0.00937	-0.07640	-0.05286	(And (Agent $e0 $x0) (Member $e0 play))
p201733	0.01536	0.00308	-0.05389	0.07052	-0.00317	-0.00382	-0.02983	-0.02631	0.00704	0.07183	-0.00675	0.02202	-0.01714	-0.00848	-0.02035	0.01246	-0.00223	-0.04162	-0.01898	-0.01728	0.00568	-0.00656	-0.00750	-0.00180	0.02589	0.01139	-0.00097	-0.00100	0.06833	0.01054	-0.02450	-0.02081	(And (Agent $e0 $x0) (Member $e0 watch))
p201734	0.00036	-0.00989	0.01372	-0.02336	-0.00879	-0.00881	-0.02060	-0.02338	0.01170	0.00673	0.00234	0.00991	0.01408	0.00230	0.05072	0.00501	-0.01519	-0.00151	-0.00813	-0.00608	0.03344	-0.01498	-0.00051	0.03842	-0.00676	-0.01825	-0.01102	-0.03814	-0.01949	-0.00461	-0.00495	-0.00203	(And (Agent $e0 $x0) (Member $x0 boy))
p201736	-0.01466	0.02462	0.08658	-0.05506	0.05496	-0.05168	-0.03089	0.09827	-0.01979	0.03431	-0.05718	-0.01375	-0.00998	0.01366	-0.03363	-0.01382	-0.03971	-0.02417	0.03389	0.04506	0.08746	-0.00662	-0.02636	0.00213	0.04451	-0.02778	0.00639	0.11305	0.07597	-0.02075	-0.01650	-0.03673	(And (Agent $e0 $x0) (Result $e0 $e1))
p201737	0.00286	-0.02819	0.00820	-0.03107	0.01730	-0.02202	-0.03539	-0.05942	0.06268	0.04607	0.05683	0.00774	-0.02612	-0.00695	0.05280	-0.02591	-0.03043	-0.00566	-0.01612	-0.00427	0.08587	-0.00050	-0.00208	0.03875	-0.00711	-0.01347	0.01705	-0.06803	-0.03042	-0.04851	-0.03467	0.03791	(And (Agent $e0 $x0) (Through $e0 $x1))
p201738	-0.00026	0.00593	0.00406	0.00894	-0.02608	0.00382	0.01699	-0.03097	-0.03290	0.00150	0.01696	0.01048	-0.00414	-0.00972	-0.00688	0.01512	0.01606	0.00246	-0.01640	-0.01866	-0.01434	-0.00932	0.04108	0.00812	-0.02252	0.03548	-0.00558	-0.00924	-0.02475	0.01620	-0.00532	-0.02024	(And (Already $e0) (Patient $e0 $x0))
p201739	-0.01236	-0.02460	0.06051	-0.04322	0.06287	-0.05614	0.06824	-0.07901	-0.06817	-0.01842	-0.02161	0.05518	0.01702	-0.00666	0.01802	0.03643	0.04969	0.17197	-0.00489	-0.02551	0.05513	-0.00347	0.03594	0.00374	-0.07709	0.02348	-0.05512	-0.08991	0.04581	-0.02573	-0.06403	0.01398	(And (Cardinality $x0 <num>) (Patient $e0 $x0))
p201741	0.01413	0.00553	-0.02560	-0.03108	-0.01008	-0.01242	0.02532	-0.00314	0.00555	-0.02372	0.03033	0.06794	0.00273	0.07663	0.02942	0.01095	-0.00728	0.04112	-0.00256	-0.02163	0.01771	0.04522	-0.00026	0.00718	-0.02719	-0.02857	-0.01645	-0.05986	0.03238	-0.03507	-0.04212	-0.03133	(And (Experiencer $e0 $x0) (Member $e0 sleep))
p201742	-0.00181	0.02177	-0.00877	-0.01798	0.13085	0.01530	0.01504	-0.00112	-0.02265	-0.01002	0.00696	-0.01445	-0.01335	0.08746	-0.00666	0.03057	0.09038	-0.01902	-0.00058	-0.02941	0.01036	0.01039	-0.00098	0.01227	-0.00637	-0.03677	-0.04269	-0.05402	0.01823	-0.03041	0.00950	-0.03825	(And (Experiencer $e0 $x0) (Source $e0 $x1))
p201743	-0.01690	-0.02747	-0.19955	0.28229	-0.02648	-0.00419	0.00111	-0.03335	-0.07192	-0.00429	-0.00538	-0.02698	0.00151	-0.02165	-0.03555	0.00543	-0.00479	0.02719	0.00582	-0.02745	-0.00987	-0.00565	0.06792	-0.02522	-0.00976	0.03034	-0.02380	-0.01769	0.29551	0.01011	0.01886	0.01964	(And (GroupOf $x0 person) (Patient $e0 $x0))
p201744	0.11467	0.02305	0.01653	0.01300	-0.00676	0.00229	0.00035	-0.00196	-0.00323	0.01246	-0.01808	-0.01203	-0.00046	0.00005	-0.00478	-0.02929	-0.00515	-0.00508	-0.02654	-0.02437	0.01796	-0.00429	0.00753	-0.00519	-0.00234	-0.00227	0.02889	-0.01800	-0.03380	-0.04594	0.00735	-0.00511	(And (GroupOf $x0 thing) (Theme $e0 $x0))
p201745	-0.12741	0.00022	-0.02436	-0.01976	0.01551	0.06197	0.06269	-0.01218	0.00012	0.04630	-0.04376	-0.00811	0.03914	-0.00422	-0.08452	0.11876	-0.03969	0.03316	0.20919	-0.01808	-0.00369	0.00096	-0.01061	-0.00378	-0.05757	0.02699	0.17735	0.00502	0.01652	-0.10110	-0.03413	0.01417	(And (Holder $e0 $x0) (Past $e0))
p201746	-0.00533	-0.01629	-0.02496	0.03991	-0.00828	0.00163	-0.01063	0.00637	0.00793	0.00520	-0.01084	-0.02721	0.02830	0.03541	0.00421	0.00309	-0.00808	-0.02003	-0.00920	-0.01061	-0.02578	-0.00784	0.00025	-0.01264	-0.00727	0.01870	-0.00598	-0.00818	0.03024	-0.00468	0.02068	0.01579	(And (In $e0 $x0) (Past $e0))
p201747	0.00174	-0.00014	0.00101	-0.02117	-0.03507	-0.01387	-0.01883	-0.00592	-0.00960	-0.01015	0.02983	0.04915	-0.00807	-0.00000	0.01270	0.01733	-0.00519	0.01682	0.09965	0.00712	0.00500	-0.00812	0.00308	0.00765	0.00638	-0.01560	-0.02139	-0.02009	0.01159	0.01788	-0.04918	-0.03043	(And (Member $e0 capture) (Theme $e0 $x0))
p201748	0.00062	-0.03244	-0.01905	-0.01068	-0.00699	0.00303	-0.00749	-0.00666	0.05008	-0.01434	-0.00128	-0.02981	0.01354	-0.00448	0.00764	-0.03890	-0.00668	-0.01866	0.00283	-0.01915	-0.04108	0.00810	0.05500	-0.02628	-0.01449	-0.01032	0.02941	0.02932	-0.00806	0.02554	0.05972	0.03601	(And (Member $e0 change) (Patient $e0 $x0))
p201749	0.04028	-0.17217	0.05218	0.10826	0.29671	-0.13922	0.19126	-0.11544	0.35310	0.02011	-0.13931	0.03331	0.33945	-0.04708	-0.09055	0.06675	-0.15867	0.14414	-0.08444	-0.09718	-0.16285	-0.04593	-0.03557	-0.14454	-0.16058	0.01871	-0.05570	0.33340	-0.13123	0.13325	-0.01624	0.31059	(And (Member $e0 contain) (Theme $e0 $x0))
p201750	-0.00924	-0.17667	0.14153	0.19311	-0.17621	0.18592	-0.07629	-0.07338	-0.06640	0.00712	-0.04181	0.15493	0.20412	0.00188	-0.02481	-0.14938	0.19863	-0.05247	0.01606	0.13280	0.08622	0.03931	0.00307	-0.07317	0.12957	0.01595	0.17747	-0.17492	-0.16924	0.19842	-0.08272	0.19571	(And (Member $e0 get) (Ongoing $e0))
p201751	-0.00741	-0.17025	0.12905	0.19370	-0.17014	0.16854	-0.06723	-0.07537	-0.06646	0.01366	-0.02747	0.15529	0.19366	0.01277	-0.03394	-0.15062	0.19329	-0.04936	0.01923	0.10904	0.07445	0.02614	0.02410	-0.06932	0.11983	0.01287	0.18014	-0.18802	-0.16464	0.19875	-0.07682	0.19090	(And (Member $e0 get) (Patient $e0 $x0))
p201752	-0.01094	-0.16538	0.14522	0.19041	-0.17837	0.18844	-0.07453	-0.06456	-0.08348	0.00983	-0.04343	0.15457	0.19803	0.00001	-0.02524	-0.13430	0.20095	-0.04807	0.01310	0.13709	0.09501	0.02798	-0.01267	-0.06639	0.12733	0.02310	0.16393	-0.16191	-0.16198	0.18593	-0.09125	0.18277	(And (Member $e0 get) (Result $e0 $e1))
p201753	-0.00469	-0.02122	-0.05415	0.06153	-0.03876	0.00627	-0.00790	0.03159	-0.03735	-0.00290	0.00948	0.00004	0.04281	-0.01123	-0.00267	0.01823	-0.00219	0.00022	-0.01245	-0.00861	-0.01618	-0.00100	0.01838	-0.01398	-0.01249	0.03527	-0.01560	-0.01293	0.05005	-0.00241	-0.01075	0.01365	(And (Member $e0 kill) (Past $e0))
p201754	-0.00448	0.02277	-0.05762	0.03881	0.04859	-0.02886	-0.01232	0.08730	-0.01865	-0.00938	-0.05844	-0.04897	0.02095	-0.00350	-0.02010	-0.00089	-0.03784	-0.02526	0.06267	0.11112	0.05793	0.00561	-0.01904	0.01333	0.02280	-0.02090	-0.03017	0.13840	-0.02705	-0.03246	0.02355	-0.03517	(And (Member $e0 leave) (Past $e0))
p201755	0.01148	0.00620	-0.03597	-0.07020	-0.06937	0.05326	-0.01508	0.02350	0.07385	0.01610	0.04302	0.08845	-0.06216	0.05717	-0.01881	0.02839	0.00199	0.13069	-0.02166	-0.01828	0.09991	-0.02086	0.01626	0.00725	-0.02000	-0.01941	-0.05070	-0.14240	0.03765	0.00339	-0.06821	-0.04529	(And (Member $e0 need) (Theme $e0 $e1))
p201756	-0.01325	-0.01130	-0.04926	0.00060	0.07483	-0.00651	-0.00331	-0.00774	-0.01090	-0.01436	0.02397	-0.05305	-0.03583	-0.01411	0.00064	-0.01582	-0.06180	-0.01416	0.01338	0.18742	-0.05250	-0.00963	0.06392	-0.01643	-0.00582	-0.00769	-0.00007	0.04964	-0.01373	0.01717	0.08267	0.00585	(And (Member $e0 open) (Patient $e0 $x0))
p201757	0.06404	0.00804	-0.01222	-0.00036	-0.00824	-0.01174	-0.01782	0.02007	-0.02681	0.01118	-0.00842	-0.01489	-0.01623	0.00190	-0.01493	0.00065	0.00541	-0.01459	-0.04036	-0.01793	0.00110	0.01693	-0.00390	0.02184	0.02058	0.00924	-0.01756	0.00216	-0.00124	0.01444	0.00800	0.03205	(And (Member $e0 sell) (Theme $e0 $x0))
p201758	0.01609	-0.00701	-0.03520	-0.03174	-0.01176	-0.01402	0.01362	-0.02231	-0.00525	-0.02098	0.02165	0.05939	-0.00353	0.05782	0.05131	0.00820	-0.01464	0.04336	-0.01600	-0.02046	0.01401	0.07076	0.00873	-0.00441	-0.03005	-0.01191	-0.01397	-0.05256	0.02621	-0.04155	-0.03235	-0.00777	(And (Member $e0 sleep) (Ongoing $e0))
p201759	-0.01643	-0.00974	-0.01068	-0.02905	-0.01802	-0.00538	0.01585	-0.01861	-0.02024	-0.00915	-0.03187	-0.00366	0.00553	0.01753	0.02670	0.02594	-0.00839	0.03720	-0.00124	0.04913	-0.02239	0.05657	-0.01658	0.00157	-0.03311	0.04878	-0.02210	-0.00738	0.01334	0.01372	-0.02004	0.00622	(And (Member $e0 stand) (Past $e0))
p201760	-0.00384	-0.01025	-0.03772	-0.00605	0.00328	-0.01440	-0.01054	0.02328	-0.01177	0.00667	-0.02038	-0.00103	-0.00235	-0.00450	-0.02141	0.01883	-0.00717	-0.01041	-0.01445	-0.01696	0.00939	0.07832	-0.01493	-0.01468	0.01376	0.00616	-0.01946	-0.00284	0.00963	0.02268	-0.00485	0.00069	(And (Member $e0 study) (Ongoing $e0))
p201761	-0.01421	0.03004	-0.01479	0.01906	-0.05249	-0.00323	0.01458	-0.02739	-0.05695	0.01453	-0.03051	0.04500	-0.05128	-0.01850	-0.00149	0.04688	0.00823	-0.02213	0.00911	-0.05375	0.04370	-0.01061	0.02234	0.01170	0.04879	0.05582	-0.01646	0.16946	-0.03733	-0.00964	-0.03725	-0.04874	(And (Member $e0 turn) (Past $e0))
p201762	0.01240	0.06161	-0.01020	0.05097	0.11656	-0.06370	-0.03461	0.03982	-0.01769	0.01859	-0.02113	-0.02677	-0.06889	0.02711	0.05764	-0.11840	-0.07521	0.03734	-0.02281	-0.01111	-0.04685	-0.01935	0.00749	0.01225	0.04125	0.01876	0.16672	0.01608	-0.05423	0.08985	-0.02334	-0.04161	(And (Member $e0 work) (Past $e0))
p201763	-0.00908	0.00389	-0.02254	-0.02864	0.02801	-0.03958	-0.03230	0.01405	-0.03369	-0.00896	0.02146	0.00693	-0.02909	0.00304	-0.00148	0.06015	0.07512	-0.01986	0.03030	-0.00479	0.00719	0.01419	-0.00779	0.00109	0.02836	-0.01158	-0.04450	-0.01618	0.03697	0.07276	-0.02129	-0.02744	(And (Member $x0 new) (Theme $e0 $x0))
p201764	-0.00144	0.00655	0.03200	-0.04809	0.01596	-0.02184	0.01508	-0.02679	-0.04429	-0.02106	-0.00796	-0.04789	-0.02648	-0.00966	0.00230	0.01479	0.06171	0.01043	-0.03332	0.00443	0.03758	0.02281	0.03048	0.00144	-0.02137	0.03204	-0.02692	0.01260	0.03786	0.03513	0.02210	-0.01161	(And (Member $x0 sound) (Patient $e0 $x0))
p201765	0.05166	0.01227	0.06601	-0.04407	0.14343	0.25967	-0.02689	-0.03748	-0.03325	0.00144	0.07197	-0.01165	-0.00663	-0.00655	0.00948	0.01142	-0.09106	-0.06690	-0.04548	-0.00724	-0.03197	-0.00509	-0.01281	0.02297	0.01836	0.01751	-0.02910	0.02466	0.03850	0.00387	-0.01175	-0.04506	(And (PartOf $x0 $x1) (Theme $e0 $x0))
p201766	-0.01943	0.00777	-0.02567	0.00101	0.04842	-0.02340	0.01170	0.00896	0.01324	0.06751	-0.03171	0.10481	-0.04762	-0.01022	-0.05257	-0.02103	-0.03454	-0.04734	0.02549	-0.00344	-0.00411	0.02157	0.00924	0.00475	0.00804	0.02905	0.01827	-0.00566	-0.02644	-0.00940	0.04569	-0.02752	(And (Past $e0) (Stimulus $e0 $e1))
p201767	-0.01681	-0.02816	0.00168	0.00543	-0.01105	0.00813	-0.01255	-0.01701	0.01352	0.00755	0.01572	-0.02402	0.00792	-0.02282	-0.01843	-0.00879	-0.00138	-0.02771	-0.00698	0.00920	-0.03203	-0.00540	0.00678	-0.02153	-0.01985	0.07921	0.01017	0.01625	-0.03191	0.02708	0.03217	0.02955	(And (Past $e0) (Time $e0 (Year <num>)))
p201768	0.01037	-0.01622	0.04326	-0.00508	0.00356	-0.01153	-0.02256	-0.03996	0.04135	0.03589	-0.01615	0.01113	0.02586	0.01325	0.04883	-0.02942	-0.02126	-0.01057	0.01303	0.00484	0.01183	-0.01879	-0.01065	-0.00302	-0.01925	0.01778	0.01666	-0.03841	-0.05693	-0.06336	-0.01271	0.00638	(And (Past $e0) (TimeAtMost $e0 (Year <num>)))
p201769	0.02375	0.01049	-0.00908	-0.02758	0.13269	-0.04151	-0.03476	0.02590	0.00099	-0.01888	-0.02490	-0.03871	-0.03309	0.00025	-0.01553	0.03211	0.22745	-0.01394	0.02780	-0.00781	0.04546	-0.00559	-0.01157	0.00624	0.02193	-0.02807	-0.05965	-0.04669	0.02843	0.01514	0.02071	-0.03832	(And (Source $e0 $x0) (Theme $e0 $x1))
p201816	0.00457	0.01073	0.06833	-0.04656	0.02345	0.06945	-0.00471	-0.03275	-0.01886	-0.01564	-0.00551	-0.02869	0.00782	-0.00029	0.01721	-0.00614	-0.03206	-0.01594	-0.00171	0.01030	-0.03593	0.00679	-0.00177	0.00143	-0.00832	0.03818	0.00393	0.02640	0.03927	0.03594	0.01073	-0.02499	(During $e0 $e1)
p201817	-0.00910	-0.00300	0.00453	-0.01166	0.03890	-0.02614	0.00177	-0.01884	-0.01614	-0.00879	0.00544	0.01132	-0.00563	-0.00479	0.00962	0.02927	0.06836	0.02009	0.00557	-0.00982	0.01485	-0.00353	0.00345	-0.00094	-0.01266	-0.00485	-0.02438	-0.01626	0.00309	0.00091	-0.02093	-0.00926	(GroupOf $x0 book)
p201818	-0.00647	-0.00397	0.06035	-0.05091	0.04872	-0.04622	-0.01422	0.02989	0.01211	0.04051	-0.03671	-0.01558	-0.03188	0.01045	-0.01091	-0.05019	-0.03757	-0.02201	0.01675	-0.01926	0.01142	0.04394	0.00509	-0.01293	0.00119	-0.01253	0.04412	0.02129	0.04094	-0.00050	0.01723	0.01421	(GroupOf $x0 boy)
p201819	-0.00341	0.00901	-0.01613	-0.00134	-0.03479	0.02036	0.00815	-0.01230	-0.00685	0.02827	0.00242	-0.00019	-0.03289	-0.00364	-0.01006	-0.01676	0.02558	0.04692	0.01010	-0.00849	0.00357	0.00609	0.02373	0.01166	-0.02304	0.00417	0.01036	-0.00745	-0.01786	-0.00473	-0.00435	-0.01829	(GroupOf $x0 cloud)
p201820	-0.00628	-0.02606	-0.00496	-0.00728	-0.00098	-0.02140	-0.01690	0.01732	-0.00411	0.01133	0.00106	-0.00638	-0.00913	-0.00213	-0.01157	-0.01225	0.00095	-0.00453	0.01082	-0.00288	-0.01685	-0.00837	0.00463	0.05775	0.02034	-0.00390	0.01706	0.01633	0.00989	-0.00182	0.00047	0.03816	(GroupOf $x0 flower)
p201821	-0.00507	-0.01222	-0.01154	-0.00281	0.00128	-0.00502	-0.00545	-0.02653	-0.01034	0.00009	0.00893	-0.00776	-0.00358	-0.00832	0.01377	0.00499	-0.01513	0.01039	-0.00690	0.06145	-0.00603	0.00364	0.02338	-0.00853	-0.00894	0.01043	-0.01061	-0.01504	-0.00816	-0.00453	0.00877	0.00261	(Location $e0 here)
p201822	-0.01335	-0.01077	-0.00019	0.00404	-0.00030	0.00060	-0.01074	-0.00419	0.01318	0.01750	-0.00504	-0.00412	0.00384	-0.01467	-0.01686	-0.00554	-0.00406	-0.01777	0.00051	0.00535	-0.01056	0.00666	-0.01000	-0.00997	-0.00160	0.04355	0.00856	0.00533	-0.01645	0.00911	0.00219	0.00416	(Measure $e0 duration <num> year)
p201823	0.00122	0.02296	-0.00671	-0.01041	0.00915	-0.01243	-0.00915	-0.01823	-0.03294	-0.00725	-0.01480	-0.02312	-0.03422	0.00305	0.00968	-0.00096	-0.03102	0.01859	0.01896	0.10938	0.04459	-0.00667	0.02916	-0.00839	-0.00057	-0.00102	-0.02559	0.06926	-0.02019	-0.01946	0.02236	0.01139	(Member $e0 become)
p201824	0.04028	-0.17217	0.05218	0.10826	0.29671	-0.13922	0.19126	-0.11544	0.35309	0.02011	-0.13931	0.03330	0.33945	-0.04708	-0.09055	0.06675	-0.15867	0.14414	-0.08444	-0.09718	-0.16285	-0.04594	-0.03557	-0.14454	-0.16058	0.01871	-0.05571	0.33340	-0.13123	0.13325	-0.01624	0.31059	(Member $e0 contain)
p201825	-0.00757	0.00807	-0.02389	-0.00570	0.02403	-0.01646	-0.01643	0.08200	-0.02248	0.02711	-0.00056	0.01559	0.02026	-0.00745	-0.03199	0.03025	0.08854	0.00271	-0.00086	-0.00640	0.02674	0.01022	-0.01575	0.00357	0.00020	0.01805	-0.02046	-0.03880	-0.00779	-0.02123	-0.05161	-0.02525	(Member $e0 eat)
p201826	-0.00772	-0.00556	0.00334	-0.00644	0.03288	-0.01938	0.01511	-0.00213	-0.00916	-0.01181	-0.01263	-0.00430	0.00413	0.05674	0.00216	0.01591	0.01010	0.02857	0.00401	-0.01308	0.01009	0.00340	-0.00164	-0.00241	-0.01392	-0.02155	-0.02826	-0.03866	0.00249	-0.00980	0.00156	-0.00339	(Member $e0 look)
p201827	0.00471	-0.00433	0.02161	-0.00302	-0.01330	0.00209	-0.01471	-0.02840	0.00063	0.02996	0.00992	0.00360	0.00677	-0.00533	0.00071	0.00874	0.01231	-0.02705	-0.00392	0.00036	-0.02551	-0.01933	-0.00481	-0.00341	0.00765	0.01048	0.00575	0.02162	-0.02010	0.01533	-0.00896	-0.01245	(Member $e0 provide)
p201828	0.01920	0.05601	-0.00243	-0.00883	0.01629	-0.00665	0.00235	0.02586	-0.01566	0.01272	-0.01957	0.03642	-0.02559	0.01658	-0.02247	0.00868	-0.02468	-0.00918	0.01717	0.06862	0.01075	-0.00484	-0.01253	-0.01042	-0.01956	0.01999	-0.03817	-0.03563	-0.01492	-0.02175	0.03334	0.03992	(Member $e0 say)
p201829	-0.01643	-0.00974	-0.01068	-0.02905	-0.01802	-0.00538	0.01585	-0.01861	-0.02024	-0.00915	-0.03187	-0.00366	0.00553	0.01752	0.02670	0.02594	-0.00839	0.03720	-0.00124	0.04913	-0.02239	0.05657	-0.01658	0.00157	-0.03311	0.04878	-0.02210	-0.00739	0.01334	0.01372	-0.02004	0.00622	(Member $e0 stand)
p201830	0.02641	0.17924	-0.05717	0.11679	0.32846	-0.15579	-0.07622	0.18925	-0.07313	-0.04730	-0.02821	-0.03631	-0.18967	-0.01247	0.11213	-0.26562	-0.19345	0.12377	-0.06054	-0.03917	-0.07752	-0.01054	0.01366	0.01789	0.15074	0.01810	0.39462	0.04389	-0.05674	0.30400	-0.09054	-0.10634	(Member $e0 stop)
p201831	-0.01693	0.02467	-0.03785	-0.00916	0.01446	-0.01313	0.01710	0.00132	-0.00917	0.08139	0.01354	0.04027	-0.05113	-0.00356	-0.03399	-0.01964	-0.02755	0.01283	0.02169	-0.03313	0.08879	0.07554	-0.00991	0.02857	-0.02311	0.00726	0.02020	-0.07296	-0.02805	-0.02067	-0.07827	-0.02891	(Member $e0 swim)
p201832	-0.00866	0.00114	-0.11057	0.18822	-0.01322	0.01883	-0.03161	-0.04960	0.02619	0.04311	-0.04477	-0.02516	0.00736	-0.01925	0.01900	-0.03279	0.00129	0.00289	0.00160	-0.00591	0.02953	-0.02910	-0.00921	-0.00664	0.00776	-0.00912	0.00615	-0.01314	0.18466	-0.03190	0.02592	-0.01016	(Member $e0 travel)
p201833	-0.01703	-0.01613	0.00594	-0.00027	0.00301	-0.00207	-0.01024	0.00572	0.02250	-0.00400	-0.00249	-0.01366	0.00796	0.00375	-0.00717	-0.00286	-0.00668	-0.01485	0.00427	0.00775	-0.00477	-0.00213	-0.01931	-0.01086	-0.00466	0.02621	-0.00269	-0.00171	-0.01067	0.01109	0.01776	0.01018	(Member $e0 want)
p201834	0.00049	-0.04449	0.07128	-0.00437	-0.04830	0.02465	-0.02792	-0.03077	-0.02018	-0.00645	-0.01932	0.02165	0.03088	-0.00011	0.00347	-0.00242	0.03159	0.00538	-0.01966	0.05201	0.05748	0.00066	0.00717	-0.02049	0.03496	-0.00135	0.04595	-0.03082	0.00851	0.04090	-0.00328	0.02258	(Member $x0 bad)
p201835	0.00337	-0.00840	-0.01149	-0.01181	0.00212	-0.00668	-0.00155	-0.02227	-0.00120	-0.00515	0.01491	-0.01538	-0.01523	-0.00337	0.00658	0.00629	-0.01000	-0.00389	-0.01372	0.00798	-0.00769	-0.00629	0.03549	-0.00877	-0.00685	-0.00697	0.03739	0.00159	-0.00138	0.00360	0.03390	-0.00000	(Member $x0 bank)
p201836	-0.00409	-0.00537	-0.01604	0.00083	0.01555	0.02315	-0.01947	-0.01247	-0.02720	-0.00320	0.00077	0.00283	-0.02775	0.01061	0.00876	-0.00346	-0.02181	-0.00364	0.00690	-0.02323	0.03589	-0.00444	0.01443	0.05649	0.02770	-0.01018	0.00090	0.08478	-0.00960	-0.01516	-0.00078	0.00834	(Member $x0 black)
p201837	-0.00277	0.02439	0.00642	0.02761	0.00275	-0.00046	-0.00119	-0.00614	0.09005	0.01465	-0.05054	-0.00295	0.00307	-0.00273	-0.03102	0.01748	-0.01239	-0.02795	0.08789	-0.01945	0.00198	0.01493	0.01775	0.02122	0.01089	-0.01544	0.03255	-0.00610	-0.03206	-0.06719	-0.02015	-0.03267	(Member $x0 blue)
p201838	-0.00765	-0.00771	-0.00033	-0.00013	0.02114	0.03708	-0.00836	-0.00070	-0.00677	-0.00664	0.01684	-0.00518	0.00058	-0.00477	0.00210	-0.00130	-0.01319	-0.01172	0.00079	-0.00489	-0.01390	-0.00346	-0.00485	0.02349	0.00660	-0.00442	0.00263	0.01536	-0.00017	-0.00202	-0.00285	0.00315	(Member $x0 box)
p201839	-0.00789	-0.02770	-0.00898	-0.01297	-0.01565	-0.01425	0.01659	0.00412	-0.03179	-0.00788	0.00644	-0.00207	-0.01946	0.00100	0.00731	0.01249	0.00174	-0.00021	0.00799	-0.00467	-0.02036	-0.00602	0.00757	0.04683	0.04561	0.00152	-0.00562	0.00671	0.01386	0.01505	-0.01016	0.03378	(Member $x0 corner)
p201840	0.00094	-0.02505	-0.00210	-0.01173	-0.03269	-0.00103	0.00815	-0.00420	-0.03631	-0.00050	-0.01409	-0.00520	0.04463	0.01358	0.02629	0.00399	-0.00426	0.03234	-0.02139	-0.01396	-0.01064	0.01937	0.02574	-0.00631	-0.03361	0.03211	-0.00761	-0.03362	-0.01421	0.00013	-0.00630	0.02779	(Member $x0 fire)
p201841	-0.00351	-0.01802	-0.00452	-0.00303	0.00236	-0.01288	-0.00988	-0.00474	0.01191	-0.00652	-0.00059	-0.00638	-0.00233	-0.00358	0.00359	-0.01360	-0.00482	-0.00173	0.00575	-0.00681	-0.00839	0.00908	0.01058	0.02040	0.00988	-0.01183	0.01200	0.00659	-0.00341	0.00324	0.00521	0.01742	(Member $x0 fridge)
p201842	-0.00679	-0.03628	-0.00833	-0.00633	-0.00428	-0.02186	-0.02320	0.00823	-0.01652	-0.00202	0.00264	-0.01040	-0.00941	-0.00207	0.00240	-0.00307	0.00129	0.00569	0.00461	-0.00159	-0.01017	-0.00462	-0.00417	0.08251	0.02785	-0.00181	0.00540	0.01147	0.00875	-0.00448	-0.00021	0.05702	(Member $x0 full)
p201843	0.01069	-0.01344	-0.01557	-0.00802	-0.01826	-0.00945	-0.01233	0.02591	-0.02117	-0.02509	-0.00516	-0.00754	0.01125	-0.00196	0.02915	0.01727	-0.00285	0.00577	-0.01377	-0.00737	-0.00163	0.03038	-0.00344	-0.00970	-0.00140	-0.00847	-0.01883	0.00284	0.00836	0.01737	-0.00128	0.00810	(Member $x0 language)
p201844	-0.00333	-0.00239	0.02027	-0.00825	0.00123	-0.00691	-0.00260	-0.02486	0.00485	0.02310	-0.01916	-0.02282	-0.00665	0.04375	0.00254	-0.00199	-0.00186	-0.01667	-0.00721	-0.00846	0.00051	-0.01193	-0.00151	-0.00289	0.00159	0.02186	0.00279	0.03541	-0.03151	-0.01080	0.01073	-0.00191	(Member $x0 train)
p201845	0.00198	-0.00852	-0.00531	-0.00762	0.01885	-0.01410	0.00229	0.01296	0.01410	0.00340	0.02696	-0.00543	-0.00994	-0.00680	-0.01907	0.01255	0.03890	-0.02169	-0.01871	-0.00555	0.01792	-0.00699	-0.01049	-0.00800	0.01105	0.00068	-0.01268	-0.01408	0.00788	0.01792	-0.00584	-0.00163	(Member $x0 way)
p201846	0.00732	-0.01713	-0.00909	-0.01302	-0.01240	-0.01050	-0.01011	0.02828	-0.00409	-0.00426	0.01168	0.01215	0.04717	-0.00334	0.02155	0.00674	-0.00051	0.00451	-0.01143	-0.01746	0.00377	0.00932	0.03281	-0.00836	-0.01306	0.00118	-0.00384	-0.03215	-0.01530	-0.01991	-0.02417	0.00660	(Member $x0 wind)
p201847	-0.00724	0.01998	-0.00221	-0.01637	0.01411	-0.01945	0.01503	-0.03070	0.01000	-0.00880	-0.02538	-0.03771	0.01886	0.00374	0.01262	-0.01331	-0.02500	0.00360	-0.01188	0.03417	0.05471	-0.01368	0.01203	0.04561	-0.01425	-0.03969	-0.02064	-0.03329	-0.01069	0.03623	0.06955	0.00614	(Member $x0 world)
p201848	0.00381	0.00560	0.00204	-0.00508	-0.02734	-0.00598	-0.00159	-0.00192	-0.01024	-0.00721	-0.00049	0.00684	0.00860	-0.00154	-0.00141	0.00343	0.00469	0.00476	0.06300	0.00618	-0.00417	-0.00669	-0.00062	0.01167	-0.00153	-0.00887	-0.01318	-0.00054	0.00223	0.02172	-0.01539	-0.02564	(Of $x0 $x1)
p201849	0.00965	-0.00542	0.04666	-0.01265	0.02774	-0.02449	0.04874	-0.06792	-0.01753	0.02581	-0.03042	0.02164	-0.01611	0.00125	0.05265	-0.01018	-0.00312	0.02144	-0.01670	-0.01083	0.00442	-0.01340	0.01092	-0.00112	0.02275	0.00126	0.00985	-0.02074	-0.03889	-0.05109	-0.02962	-0.00486	(Over $e0 $x0)
p201850	0.03268	-0.01249	0.00198	-0.00337	-0.00400	0.00473	-0.00567	-0.00442	-0.00277	-0.00071	-0.00251	-0.01781	-0.00172	0.01079	-0.00162	0.00427	-0.00556	-0.00854	-0.01743	-0.01468	0.00626	-0.00142	0.00611	-0.00210	-0.00359	0.01731	0.02536	-0.01432	-0.01155	-0.01335	0.02835	-0.00078	(Still $e0)
p201851	-0.01943	0.00777	-0.02567	0.00101	0.04842	-0.02340	0.01170	0.00896	0.01324	0.06751	-0.03171	0.10481	-0.04762	-0.01022	-0.05257	-0.02103	-0.03454	-0.04734	0.02549	-0.00344	-0.00411	0.02157	0.00924	0.00475	0.00804	0.02905	0.01827	-0.00566	-0.02644	-0.00940	0.04569	-0.02752	(Stimulus $e0 $e1)
p201852	-0.01684	-0.02819	0.00165	0.00540	-0.01108	0.00810	-0.01258	-0.01703	0.01350	0.00753	0.01569	-0.02405	0.00789	-0.02284	-0.01845	-0.00882	-0.00141	-0.02774	-0.00700	0.00918	-0.03206	-0.00543	0.00675	-0.02156	-0.01988	0.07919	0.01014	0.01622	-0.03194	0.02705	0.03215	0.02952	(Time $e0 (Year <num>))
p201853	0.02925	-0.01579	0.00737	-0.01697	0.00889	-0.01159	-0.00654	-0.01928	0.00990	-0.01217	0.01414	-0.02619	-0.01074	0.06450	0.01478	-0.00961	-0.01359	-0.00889	-0.01371	-0.01267	-0.02817	-0.00844	0.02641	-0.01048	-0.00389	-0.01132	-0.00242	-0.02419	-0.01050	0.02614	0.03741	0.00254	(Time $e0 today)
p201854	0.01040	-0.01619	0.04329	-0.00505	0.00359	-0.01151	-0.02253	-0.03993	0.04137	0.03592	-0.01612	0.01116	0.02589	0.01328	0.04886	-0.02939	-0.02124	-0.01054	0.01306	0.00487	0.01186	-0.01876	-0.01062	-0.00299	-0.01922	0.01780	0.01669	-0.03839	-0.05690	-0.06333	-0.01269	0.00641	(TimeAtMost $e0 (Year <num>))
p201855	-0.01062	0.01451	0.00614	0.00256	-0.00019	-0.00818	0.01349	-0.00565	-0.00792	-0.00748	-0.00647	0.01259	0.00653	-0.00350	0.00608	0.00512	-0.00158	0.02743	0.00819	-0.00227	0.00461	0.00064	-0.00487	-0.01169	-0.01887	-0.00535	-0.00822	-0.00332	-0.00209	-0.01086	-0.01726	0.02105	(Yet $e0)
p201863	0.01142	-0.06378	0.17599	0.20398	-0.02146	-0.03772	0.10483	0.09550	-0.13613	-0.06512	0.23474	-0.07108	-0.09150	0.01150	0.04814	0.01769	0.02666	0.04261	-0.00341	0.00431	-0.05727	0.05221	-0.00841	0.00369	-0.15697	-0.01381	-0.02021	0.06318	-0.13868	0.00834	0.14580	0.02008	(And (Agent $e0 $x0) (Member $e0 start) (Ongoing $e1) (Theme $e0 $e1))
p201864	0.01142	-0.06378	0.17599	0.20398	-0.02145	-0.03772	0.10483	0.09550	-0.13613	-0.06512	0.23474	-0.07108	-0.09150	0.01151	0.04814	0.01769	0.02666	0.04261	-0.00341	0.00432	-0.05727	0.05221	-0.00841	0.00369	-0.15697	-0.01381	-0.02020	0.06319	-0.13867	0.00834	0.14580	0.02009	(And (Agent $e0 $x0) (Member $e1 start) (Ongoing $e0) (Theme $e1 $e0))
p201865	0.01142	-0.06378	0.17599	0.20398	-0.02146	-0.03772	0.10483	0.09550	-0.13613	-0.06512	0.23474	-0.07108	-0.09150	0.01150	0.04814	0.01769	0.02666	0.04261	-0.00341	0.00431	-0.05727	0.05221	-0.00841	0.00369	-0.15697	-0.01381	-0.02021	0.06318	-0.13868	0.00834	0.14580	0.02008	(And (Agent $e0 $x0) (Member $e1 start) (Past $e1) (Theme $e1 $e0))
p201866	-0.01214	0.01801	-0.05433	0.02301	0.09677	-0.05290	-0.02686	0.18647	-0.02295	-0.01864	-0.03957	-0.01644	0.07311	0.00001	-0.01259	0.04605	0.04476	-0.04428	0.02054	0.06155	0.04369	0.00962	-0.03501	0.00287	0.02513	-0.03240	-0.04355	0.05649	-0.01401	-0.04224	-0.02427	-0.03043	(And (Agent $e0 $x0) (Member $x0 person) (Past $e0) (Patient $e0 $x1))
p201867	-0.00539	-0.03070	-0.02013	0.01667	-0.09169	0.11293	0.03748	0.06639	0.11974	-0.03177	-0.01850	-0.07076	-0.10777	-0.00171	0.03398	-0.03943	0.11391	0.05289	0.03366	-0.02799	-0.06551	-0.01196	0.06693	-0.01194	-0.07258	-0.05668	0.00350	0.10398	-0.01130	0.02713	0.15446	0.04133	(And (Agent $e0 $x0) (Past $e0) (Patient $e1 $x1) (Theme $e0 $e1))
p201869	-0.01313	0.11056	0.08586	0.11876	0.00330	0.01439	-0.03918	-0.02956	0.26180	0.00638	-0.10725	0.00274	-0.02899	-0.00486	-0.01525	0.16322	-0.01767	-0.09917	0.01289	0.00651	-0.01108	0.00724	0.03944	0.10704	0.07494	-0.01537	-0.08823	-0.03328	-0.09905	-0.10166	-0.08618	-0.10328	(And (Member $e0 start) (Ongoing $e1) (Patient $e0 $x0) (Theme $e0 $e1))
p201871	-0.02056	0.08956	0.08792	0.12730	-0.02917	0.00696	-0.02345	0.01759	0.15830	-0.01362	-0.00965	-0.02485	-0.00394	-0.00155	-0.02918	0.14179	0.00934	-0.07278	0.03298	-0.05306	-0.04524	0.00668	0.02848	0.09399	0.04927	-0.00567	-0.07120	0.01885	-0.09307	-0.04247	-0.02926	-0.07796	(And (Ongoing $e0) (Past $e1) (Patient $e0 $x0) (Theme $e1 $e0))
p202094	-0.01938	0.03570	-0.04879	-0.00212	0.06037	0.05668	0.03365	0.02413	-0.03961	0.06708	0.03467	0.05689	-0.04866	0.00271	-0.06080	-0.00595	-0.04966	-0.00688	0.02420	-0.04090	0.06828	0.08340	-0.00959	0.02726	-0.02473	0.00719	0.00612	-0.06790	-0.01337	-0.01174	-0.07373	-0.04729	(And (Agent $e0 $x0) (GroupOf $x0 child) (Ongoing $e0))
p202095	0.01142	-0.06378	0.17599	0.20398	-0.02145	-0.03772	0.10483	0.09550	-0.13613	-0.06512	0.23474	-0.07108	-0.09150	0.01151	0.04814	0.01769	0.02666	0.04261	-0.00341	0.00432	-0.05727	0.05221	-0.00841	0.00369	-0.15697	-0.01381	-0.02021	0.06319	-0.13868	0.00834	0.14580	0.02009	(And (Agent $e0 $x0) (Member $e1 start) (Theme $e1 $e0))
p202096	-0.00215	-0.01782	0.04632	-0.06978	-0.01319	-0.03301	-0.01837	0.00377	0.01288	-0.01316	0.04299	-0.00181	-0.00655	-0.00202	0.04491	0.01122	-0.01761	0.02324	-0.01560	-0.01386	0.07246	0.00788	-0.00720	0.03586	-0.01231	-0.02536	-0.02106	-0.06565	0.07007	0.01540	-0.02659	0.02531	(And (Agent $e0 $x0) (Member $x0 cat) (Past $e0))
p202097	-0.01634	-0.06684	-0.00511	-0.06979	-0.05474	0.06571	0.01908	0.11098	0.13511	-0.01028	-0.10816	-0.09019	-0.03142	-0.00505	-0.02403	-0.06473	0.07783	-0.01975	0.02288	-0.05110	-0.09121	0.01499	0.04334	-0.04767	-0.02110	-0.03621	0.02782	0.12899	0.10117	0.04470	0.16350	0.10586	(And (Agent $e0 $x0) (Member $x0 man) (Patient $e0 $x1))
p202098	-0.01722	0.00463	-0.02273	-0.03082	0.02919	-0.03543	-0.03110	0.00897	-0.03240	-0.00929	0.02462	0.00726	-0.02984	0.00380	0.00433	0.06725	0.07262	-0.02001	0.01592	-0.00498	0.00567	0.01334	-0.00671	-0.00095	0.02664	-0.01293	-0.04405	-0.01354	0.03877	0.07767	-0.01940	-0.02417	(And (Agent $e0 $x0) (Member $x1 new) (Theme $e0 $x1))
p202099	-0.05972	-0.02358	0.00319	-0.01254	0.05970	0.03871	0.07319	-0.03760	0.00575	0.00752	-0.03685	-0.00721	0.05962	0.00203	-0.02616	0.07689	-0.05796	0.08394	0.09295	-0.01634	0.01350	0.00598	-0.00361	-0.01630	-0.06659	0.00049	0.10074	-0.01471	-0.00448	-0.07361	-0.02416	0.03963	(And (Cardinality $x0 <num>) (Member $e0 have) (Theme $e0 $x0))
p202100	-0.06943	-0.02613	0.00642	-0.00310	0.05500	0.02663	0.07546	-0.03775	0.00987	0.00279	-0.03699	0.02166	0.06105	0.00043	-0.02329	0.04995	-0.06031	0.10725	0.14525	-0.00611	0.00169	0.00582	-0.00355	-0.01341	-0.07492	-0.00212	0.05492	-0.00573	-0.00613	-0.05713	-0.05490	0.04152	(And (Cardinality $x0 <num>) (Past $e0) (Theme $e0 $x0))
p202102	0.15842	0.12102	-0.02739	-0.03666	-0.11114	-0.05653	0.06159	-0.06210	0.13708	-0.01276	0.25086	0.23271	0.08915	-0.05592	0.12254	-0.10971	0.19187	-0.07429	-0.02907	0.12164	-0.18787	-0.04356	-0.02604	0.09534	-0.06275	0.04567	0.24606	0.27585	0.13545	-0.14980	-0.21153	-0.11785	(And (Location $e0 $x0) (Member $x0 table) (Past $e0))
p202103	-0.01626	-0.00913	-0.04273	0.00546	0.05966	-0.00048	-0.00417	0.00672	-0.01809	-0.01184	0.01335	-0.04596	-0.02316	-0.01490	-0.00390	0.00126	-0.04865	-0.01383	0.00941	0.17239	-0.04216	-0.00570	0.03512	-0.01257	-0.00314	0.00628	-0.01320	0.04451	-0.01213	0.01156	0.06321	0.00512	(And (Member $e0 open) (Member $x0 door) (Patient $e0 $x0))
p202104	-0.01355	0.00756	-0.00777	-0.02532	0.02775	-0.03264	-0.02682	0.00156	-0.02224	-0.01356	0.02420	0.00931	-0.02285	0.00293	0.01023	0.04532	0.07408	-0.01272	0.04648	0.00055	0.00633	-0.00713	-0.00272	0.00497	0.02013	-0.01788	-0.03297	-0.01750	0.02853	0.05038	-0.02317	-0.02906	(And (Member $x0 new) (Past $e0) (Theme $e0 $x0))
p202105	-0.00030	0.00375	-0.01091	-0.01899	0.00843	-0.01555	0.00772	-0.01821	-0.04757	-0.01277	0.00358	-0.02985	-0.02435	-0.00845	0.00332	0.02479	0.06936	0.00953	-0.02971	0.00447	0.03974	0.01667	0.02250	0.00284	-0.01607	0.03318	-0.02932	0.02105	0.00389	0.01375	0.00223	-0.00793	(And (Member $x0 sound) (Past $e0) (Patient $e0 $x0))
p202106	0.00509	0.00605	0.00159	-0.00570	-0.02545	-0.00535	-0.00132	-0.00214	-0.01034	-0.00623	-0.00076	0.00647	0.00769	-0.00040	-0.00142	0.00362	0.00372	0.00474	0.06242	0.00668	-0.00332	-0.00621	0.00035	0.01235	-0.00134	-0.00815	-0.01369	-0.00205	0.00284	0.02107	-0.01413	-0.02394	(And (Of $x0 $x1) (Past $e0) (Theme $e0 $x0))
p202107	0.02720	0.17439	-0.05872	0.11331	0.31809	-0.15160	-0.09648	0.20020	-0.06310	-0.04521	-0.03568	-0.02281	-0.19205	-0.01526	0.11834	-0.24972	-0.18905	0.14418	-0.06479	-0.03333	-0.06802	-0.00823	-0.00574	0.00808	0.16747	0.03345	0.37874	0.03542	-0.05478	0.28049	-0.11263	-0.09853	(And (Past $e0) (Past $e1) (Theme $e0 $e1))
p202108	-0.00905	-0.02278	-0.04309	0.06307	0.04490	-0.04263	0.02965	-0.02370	-0.05734	-0.00762	-0.01250	0.03908	0.01583	-0.00879	0.00582	0.03805	0.06600	0.09560	-0.00157	-0.02217	0.04587	0.00112	0.02897	-0.00391	-0.04476	0.01525	-0.04793	-0.07027	0.09039	-0.03850	-0.05053	0.01353	(And (Past $e0) (Patient $e0 $x0) (SubsetOf $x0 $x1))
p202265	0.01142	-0.06378	0.17599	0.20398	-0.02145	-0.03772	0.10483	0.09550	-0.13613	-0.06512	0.23474	-0.07108	-0.09150	0.01151	0.04814	0.01769	0.02666	0.04261	-0.00341	0.00432	-0.05726	0.05221	-0.00841	0.00369	-0.15697	-0.01381	-0.02020	0.06319	-0.13867	0.00834	0.14580	0.02009	(And (Agent $e0 $x0) (Member $e0 start) (Past $e0) (Theme $e0 $e1))
p202296	0.02393	-0.16543	0.04886	0.10240	0.28938	-0.13475	0.18845	-0.11237	0.34269	0.02467	-0.13381	0.03930	0.32852	-0.04583	-0.09320	0.07322	-0.15366	0.14233	-0.07348	-0.09122	-0.15933	-0.04590	-0.03604	-0.13954	-0.15702	0.02140	-0.05552	0.32468	-0.12311	0.13392	-0.02273	0.30369	(And (Agent $e0 $x0) (Member $e0 contain) (Theme $e0 $x1))
p202297	0.00642	-0.01290	0.01039	-0.01683	0.01899	-0.01706	-0.01365	-0.05302	0.00052	0.00564	-0.03407	-0.01218	-0.01014	-0.00442	0.07690	-0.01951	-0.02419	0.00711	-0.02390	-0.00050	0.01058	0.04301	-0.00110	-0.01120	-0.01041	-0.00484	0.00857	-0.00277	-0.02393	-0.03393	0.01901	0.02310	(And (Agent $e0 $x0) (Member $e0 jump) (Past $e0))
p202298	0.01142	-0.06378	0.17599	0.20398	-0.02145	-0.03772	0.10483	0.09550	-0.13613	-0.06512	0.23474	-0.07108	-0.09150	0.01151	0.04814	0.01769	0.02666	0.04261	-0.00341	0.00432	-0.05726	0.05221	-0.00841	0.00369	-0.15697	-0.01381	-0.02020	0.06319	-0.13867	0.00834	0.14580	0.02009	(And (Agent $e0 $x0) (Member $e0 start) (Past $e0))
p202299	0.01142	-0.06378	0.17599	0.20398	-0.02145	-0.03772	0.10483	0.09550	-0.13613	-0.06512	0.23474	-0.07108	-0.09150	0.01151	0.04814	0.01769	0.02666	0.04261	-0.00341	0.00432	-0.05726	0.05221	-0.00841	0.00369	-0.15697	-0.01381	-0.02020	0.06319	-0.13867	0.00834	0.14580	0.02009	(And (Agent $e0 $x0) (Member $e0 start) (Theme $e0 $e1))
p202300	-0.01631	0.02497	-0.03175	-0.00104	0.02406	-0.01420	0.02044	-0.00589	-0.02343	0.08437	-0.00161	0.03133	-0.04460	-0.00125	-0.03388	-0.02268	-0.02773	-0.00515	0.02411	-0.03198	0.06388	0.07615	-0.00775	0.02833	-0.02087	0.01236	0.02574	-0.05252	-0.03436	-0.02204	-0.06202	-0.02471	(And (Agent $e0 $x0) (Member $e0 swim) (Ongoing $e0))
p202301	-0.00193	0.00593	0.00618	0.01058	-0.03275	0.00413	0.01563	-0.02347	-0.03596	0.00270	0.00984	0.01184	0.00187	-0.00979	-0.00887	0.02474	0.02212	0.00437	-0.01802	-0.01770	-0.00807	-0.00722	0.02683	0.01062	-0.02097	0.04231	-0.01418	-0.01270	-0.02265	0.01300	-0.01240	-0.01837	(And (Already $e0) (Past $e0) (Patient $e0 $x0))
p202302	0.01447	0.00084	-0.02522	-0.02747	-0.00777	-0.01153	0.01712	-0.00383	0.00969	-0.02236	0.02810	0.06362	0.00319	0.05994	0.03018	0.00914	-0.00779	0.03515	-0.00426	-0.01716	0.01475	0.04637	-0.00100	0.00076	-0.02183	-0.02309	-0.01338	-0.04872	0.02713	-0.03563	-0.03824	-0.02244	(And (Experiencer $e0 $x0) (Member $e0 sleep) (Ongoing $e0))
p202303	0.16509	0.10809	-0.03564	-0.05205	-0.11231	-0.05586	0.05732	-0.07183	0.14853	-0.02145	0.28149	0.25714	0.07937	-0.02446	0.15841	-0.09276	0.19316	-0.06895	-0.05895	0.12599	-0.20094	-0.02939	-0.02743	0.08159	-0.06696	0.04663	0.24400	0.27152	0.14562	-0.17722	-0.23152	-0.10448	(And (Experiencer $e0 $x0) (Ongoing $e0) (Past $e0))
p202304	0.00735	-0.03453	0.04505	0.04481	0.02546	0.03860	0.13467	0.03206	-0.09586	-0.03339	0.05215	-0.04408	-0.05217	0.00463	0.03984	0.01619	-0.01799	-0.03245	-0.03601	0.03186	-0.04517	0.03067	-0.01523	-0.02446	0.06276	0.00720	-0.02431	0.02168	-0.02904	-0.02354	0.05002	0.01438	(And (Goal $e0 $x0) (Member $e0 walk) (Past $e0))
p202305	-0.01124	-0.00321	-0.03711	0.00452	-0.03736	0.00217	0.11060	0.02190	-0.06886	0.01373	-0.00335	0.03288	-0.04210	-0.00637	-0.03862	0.04318	0.01156	-0.02554	-0.00439	-0.00115	-0.02910	-0.00607	0.02636	-0.00547	0.09785	0.04317	-0.02244	0.00105	0.00856	-0.00932	-0.03805	-0.01829	(And (Goal $e0 $x0) (Past $e0) (Patient $e0 $x1))
p202306	0.00546	-0.00502	-0.01842	-0.00514	-0.01591	-0.00593	-0.00206	-0.03145	-0.01790	-0.00252	0.05829	0.00336	-0.02220	-0.00571	0.00509	-0.00473	-0.01096	0.01301	-0.01815	-0.02714	0.05319	-0.00299	0.03615	-0.00790	-0.01463	0.01906	-0.00060	0.01137	-0.01149	0.00527	-0.01642	0.00218	(And (Instrument $e0 $x0) (Past $e0) (Patient $e0 $x1))
p202307	-0.00734	-0.16186	0.12602	0.19149	-0.15456	0.16102	-0.06658	-0.06942	-0.05977	0.01226	-0.02840	0.15492	0.18684	0.01675	-0.03140	-0.14860	0.18102	-0.05041	0.02253	0.11160	0.07981	0.02791	0.01812	-0.06588	0.12273	0.00059	0.17766	-0.18406	-0.15927	0.19293	-0.07443	0.18217	(And (Member $e0 get) (Ongoing $e0) (Patient $e0 $x0))
p202308	-0.01043	-0.16044	0.13699	0.18576	-0.16721	0.18081	-0.07138	-0.06289	-0.08075	0.00924	-0.03970	0.15080	0.19246	0.00534	-0.02501	-0.13057	0.19086	-0.04665	0.01357	0.13493	0.09051	0.03014	-0.00837	-0.06463	0.12409	0.02069	0.15946	-0.16595	-0.15534	0.18251	-0.08564	0.18183	(And (Member $e0 get) (Ongoing $e0) (Result $e0 $e1))
p202309	0.01009	0.00664	0.19792	-0.11924	0.01413	0.08601	-0.03196	-0.03424	-0.04480	-0.02489	-0.04053	-0.02349	-0.00138	-0.02734	0.02962	0.01590	-0.03241	0.02023	-0.02983	-0.00429	0.05731	0.00480	-0.04291	-0.01084	0.02725	0.03962	-0.04094	0.06389	0.15702	-0.01678	-0.02283	-0.03129	(And (Member $e0 make) (Past $e0) (Result $e0 $e1))
p202310	-0.01313	0.11056	0.08586	0.11876	0.00329	0.01438	-0.03918	-0.02956	0.26180	0.00638	-0.10725	0.00274	-0.02899	-0.00486	-0.01525	0.16322	-0.01767	-0.09917	0.01289	0.00651	-0.01108	0.00724	0.03944	0.10704	0.07494	-0.01537	-0.08824	-0.03328	-0.09905	-0.10166	-0.08618	-0.10328	(And (Member $e0 start) (Patient $e0 $x0) (Theme $e0 $e1))
p202311	0.01768	0.02441	0.03397	0.07084	0.02774	-0.01916	0.02717	0.08035	0.00572	-0.01944	0.05624	-0.04795	-0.04898	0.00426	-0.02787	-0.01966	0.06036	-0.03130	0.08305	-0.00617	-0.01012	0.01733	0.00743	0.00385	-0.07503	-0.02181	-0.00848	0.02434	-0.05540	-0.00295	0.05466	0.02267	(And (Member $e0 take) (Past $e0) (Theme $e0 $x0))
p202312	-0.00886	0.02911	-0.02094	0.01791	-0.05145	-0.00538	0.02134	-0.02560	-0.06253	0.01282	-0.01952	0.04962	-0.05059	-0.00636	0.00001	0.04976	0.01002	-0.01119	0.00574	-0.05251	0.04107	-0.00912	0.03153	0.01420	0.04404	0.04033	-0.02006	0.12966	-0.02887	-0.00933	-0.04275	-0.04665	(And (Member $e0 turn) (Past $e0) (Patient $e0 $x0))
p202313	-0.00973	-0.02363	-0.05583	-0.02983	-0.02035	-0.02325	-0.02425	0.01363	-0.05326	-0.05924	-0.02265	-0.02235	-0.02420	-0.00319	0.06453	0.04766	-0.01652	0.02690	0.01322	0.00596	-0.00220	0.10980	-0.00755	-0.02015	0.00128	-0.01090	-0.05128	0.01818	0.04921	0.06011	0.01249	0.03828	(And (Ongoing $e0) (Past $e0) (Theme $e0 $x0))
p202314	-0.00343	0.12223	0.04584	0.09770	0.02571	-0.01655	-0.05700	-0.00869	0.13466	0.00271	-0.07460	-0.00617	-0.00117	0.01055	-0.01022	0.09365	-0.03746	-0.03801	-0.00908	-0.06022	-0.04743	-0.00933	0.03023	0.08905	0.13052	0.02307	-0.00444	-0.01044	-0.06972	-0.02481	-0.09477	-0.09490	(And (Past $e0) (Patient $e0 $x0) (Theme $e0 $e1))
p202315	0.00575	0.01117	0.00072	-0.01365	0.14482	-0.06497	-0.02457	0.01193	-0.01471	-0.00912	-0.00033	-0.03174	-0.02662	0.00282	-0.01665	0.02355	0.19476	-0.04069	0.04872	-0.00844	0.02686	-0.00538	-0.00498	0.00774	0.01562	-0.02989	-0.03627	-0.02982	0.01343	0.01784	0.01171	-0.03090	(And (Past $e0) (Source $e0 $x0) (Theme $e0 $x1))
p202401	0.00451	-0.01236	-0.00110	-0.00936	0.00234	-0.00375	-0.01138	-0.02058	0.00102	0.03460	-0.02110	-0.01469	-0.00637	0.01671	0.00539	0.00031	-0.01056	-0.01978	-0.02293	-0.00266	-0.01585	0.03039	-0.01003	-0.00983	-0.00342	0.02466	0.00100	0.00371	-0.02123	-0.00001	0.01085	0.01348	(And (Agent $e0 $x0) (For $e0 $x1))
p202402	-0.00663	-0.01083	0.05875	-0.04888	0.03303	-0.02969	-0.01139	0.00494	0.01018	0.02688	-0.03165	-0.01922	-0.02196	-0.00001	0.00422	-0.03732	-0.02935	-0.01358	0.00499	-0.02630	-0.00870	0.04727	0.00162	-0.01385	-0.00371	-0.00265	0.03248	0.00174	0.04597	0.00330	0.02013	0.02057	(And (Agent $e0 $x0) (GroupOf $x0 boy))
p202403	0.01171	-0.00115	0.01948	-0.01403	0.05143	0.04159	0.03668	-0.02981	-0.00850	0.03661	-0.00508	-0.00595	-0.01865	0.02535	0.00751	0.00024	-0.03092	-0.03830	-0.02506	-0.00249	-0.02202	0.00352	-0.00363	-0.00400	0.03453	0.01385	0.00110	-0.00744	-0.02928	-0.01943	-0.00547	-0.01013	(And (Agent $e0 $x0) (GroupOf $x0 student))
p202404	0.02393	-0.16543	0.04887	0.10240	0.28938	-0.13475	0.18845	-0.11236	0.34269	0.02467	-0.13381	0.03930	0.32853	-0.04582	-0.09320	0.07323	-0.15366	0.14233	-0.07348	-0.09122	-0.15933	-0.04590	-0.03604	-0.13954	-0.15702	0.02140	-0.05551	0.32468	-0.12311	0.13392	-0.02273	0.30370	(And (Agent $e0 $x0) (Member $e0 contain))
p202405	-0.00697	0.00933	-0.02159	-0.00614	0.03002	-0.01612	-0.01687	0.08524	-0.01393	0.02606	-0.00566	0.01234	0.01945	-0.00480	-0.02961	0.02465	0.08125	0.00079	0.00284	-0.00312	0.02773	0.01101	-0.02176	0.00407	0.00348	0.00775	-0.01730	-0.03432	-0.00460	-0.02196	-0.04614	-0.02346	(And (Agent $e0 $x0) (Member $e0 eat))
p202406	-0.00559	0.01511	0.00333	-0.00337	-0.00578	-0.00394	0.00997	-0.02594	0.00102	0.03336	-0.02922	-0.00987	0.00436	-0.00241	0.00112	-0.01110	-0.00253	-0.00508	-0.00562	-0.00496	0.02250	0.01038	-0.00512	0.01689	-0.01517	0.00040	0.00463	-0.01253	-0.01788	0.00343	0.00209	-0.01519	(And (Agent $e0 $x0) (Member $e0 fly))
p202407	0.00591	-0.01340	0.00993	-0.01729	0.01848	-0.01752	-0.01413	-0.05350	-0.00003	0.00514	-0.03463	-0.01271	-0.01060	-0.00492	0.07639	-0.02000	-0.02463	0.00660	-0.02436	-0.00097	0.00999	0.04253	-0.00160	-0.01169	-0.01089	-0.00531	0.00807	-0.00318	-0.02445	-0.03443	0.01855	0.02262	(And (Agent $e0 $x0) (Member $e0 jump))
p202408	0.00585	-0.00365	0.02125	-0.00433	-0.01143	0.00239	-0.01424	-0.02832	0.00026	0.03080	0.00973	0.00406	0.00540	-0.00429	0.00078	0.00900	0.01124	-0.02614	-0.00395	0.00118	-0.02387	-0.01869	-0.00381	-0.00243	0.00774	0.01095	0.00497	0.01952	-0.01941	0.01449	-0.00831	-0.01103	(And (Agent $e0 $x0) (Member $e0 provide))
p202409	0.01142	-0.06378	0.17599	0.20398	-0.02145	-0.03772	0.10483	0.09550	-0.13613	-0.06512	0.23474	-0.07108	-0.09150	0.01151	0.04814	0.01769	0.02666	0.04261	-0.00341	0.00432	-0.05726	0.05221	-0.00841	0.00369	-0.15697	-0.01381	-0.02020	0.06319	-0.13867	0.00834	0.14580	0.02009	(And (Agent $e0 $x0) (Member $e0 start))
p202410	-0.01631	0.02497	-0.03175	-0.00104	0.02407	-0.01420	0.02044	-0.00589	-0.02343	0.08437	-0.00161	0.03133	-0.04460	-0.00124	-0.03388	-0.02268	-0.02773	-0.00515	0.02411	-0.03198	0.06388	0.07615	-0.00775	0.02833	-0.02087	0.01236	0.02574	-0.05252	-0.03436	-0.02204	-0.06201	-0.02470	(And (Agent $e0 $x0) (Member $e0 swim))
p202411	-0.01530	-0.06467	-0.09687	-0.05338	-0.13181	0.16482	0.04260	0.06367	0.11101	0.01331	-0.15006	-0.06524	-0.08050	-0.01391	0.00153	-0.03420	0.14968	0.09799	0.01135	-0.01692	-0.05609	0.02044	0.03385	-0.03555	-0.04237	-0.01620	-0.01894	0.11716	0.06613	-0.00982	0.12753	0.08308	(And (Agent $e0 $x0) (Member $e0 try))
p202412	0.01421	0.00190	0.01269	-0.00422	0.02478	0.05155	-0.01203	-0.01665	-0.00321	0.06060	0.03006	0.01626	-0.01336	-0.00407	-0.03322	-0.00805	-0.01141	-0.03391	-0.01387	-0.00846	-0.01479	-0.02223	-0.00289	0.03430	0.01323	0.01822	0.01785	0.00752	-0.01261	-0.00826	-0.02986	-0.01060	(And (Agent $e0 $x0) (Member $e0 use))
p202413	-0.00214	-0.01781	0.04633	-0.06977	-0.01318	-0.03300	-0.01836	0.00378	0.01288	-0.01316	0.04299	-0.00180	-0.00655	-0.00201	0.04490	0.01123	-0.01760	0.02325	-0.01560	-0.01385	0.07246	0.00789	-0.00720	0.03586	-0.01231	-0.02537	-0.02105	-0.06563	0.07008	0.01540	-0.02658	0.02532	(And (Agent $e0 $x0) (Member $x0 cat))
p202414	-0.02679	-0.01998	-0.06044	-0.03818	-0.05111	0.12376	0.00124	0.04933	0.04228	0.02961	-0.04627	0.00191	-0.02230	-0.00122	-0.02790	0.00990	0.04045	0.05680	0.05740	-0.01688	-0.03167	0.02290	0.02575	-0.01263	-0.05241	-0.01004	-0.02250	0.04561	0.03547	0.00858	0.00317	0.00899	(And (Agent $e0 $x0) (Member $x0 company))
p202415	0.00854	-0.00427	0.04641	-0.01000	0.02442	-0.01948	0.04734	-0.05659	-0.00773	0.02580	-0.03580	0.01807	-0.01255	0.00379	0.05005	-0.01496	-0.01626	0.01452	-0.01115	-0.00573	-0.00041	-0.01279	0.00265	-0.00093	0.02746	-0.00606	0.01412	-0.01328	-0.03621	-0.04800	-0.02490	-0.00325	(And (Agent $e0 $x0) (Over $e0 $x1))
p202416	-0.00203	0.00583	0.00608	0.01048	-0.03285	0.00404	0.01554	-0.02357	-0.03605	0.00259	0.00975	0.01174	0.00178	-0.00989	-0.00898	0.02465	0.02202	0.00427	-0.01812	-0.01779	-0.00816	-0.00732	0.02673	0.01053	-0.02106	0.04221	-0.01428	-0.01280	-0.02274	0.01291	-0.01250	-0.01847	(And (Already $e0) (Past $e0))
p202417	-0.00490	-0.01824	-0.03587	0.04510	-0.01221	-0.00036	-0.00958	-0.04324	-0.02754	0.03333	-0.01126	-0.01597	-0.00594	0.00972	0.00710	-0.00675	-0.01167	-0.00538	-0.01622	-0.00842	-0.02580	0.01453	0.02067	-0.01152	-0.01431	0.05241	0.00833	-0.00723	0.02421	-0.00607	0.01439	0.02621	(And (Before $e0 $e1) (Past $e1))
p202418	0.00776	0.00792	0.02214	-0.02494	0.05431	0.03375	0.00116	-0.03906	0.01348	-0.00648	0.03676	-0.00004	-0.02611	0.00109	0.00988	-0.03907	-0.04332	-0.00880	0.00300	-0.01461	-0.02257	-0.01544	0.05556	-0.01053	-0.00615	-0.03163	0.03064	0.00243	0.03219	0.00812	0.02559	-0.01930	(And (Can $e0) (Patient $e0 $x0))
p202419	0.04907	-0.00179	-0.02345	0.04440	0.00133	0.00021	-0.00941	0.01112	-0.00277	0.02198	-0.00891	0.00863	-0.00069	-0.00511	-0.02676	-0.00637	0.00071	-0.01839	-0.02023	-0.00695	-0.00568	-0.00917	-0.00328	-0.00064	0.01654	0.00671	-0.00534	0.01016	0.02762	0.00857	0.00035	-0.02032	(And (Can $e0) (Theme $e0 $x0))
p202420	-0.01250	-0.05884	0.01198	-0.01122	0.03775	-0.04392	0.00637	-0.01658	-0.02889	-0.00968	-0.01957	0.02398	0.00612	0.00359	0.01825	0.00090	-0.03205	0.10005	0.02325	0.00233	0.00749	0.00021	-0.00252	0.11290	-0.01220	-0.00863	-0.01198	-0.01373	0.00198	-0.03453	-0.03167	0.08292	(And (Cardinality $x0 <num>) (LocatedIn $x0 $x1))
p202421	-0.00572	-0.01175	0.00042	0.00024	-0.00988	0.00269	-0.00237	-0.01186	-0.00273	0.00310	0.00856	-0.01142	0.00526	0.01159	-0.00673	0.00312	-0.00067	-0.00767	-0.00809	-0.00402	-0.02112	-0.00456	0.00804	-0.00784	-0.00917	0.03486	-0.00044	-0.00248	-0.01208	0.00894	0.00834	0.00865	(And (During $e0 $x0) (Past $e0))
p202422	-0.00396	0.00965	-0.00546	-0.01894	0.01897	-0.01061	-0.00052	0.00830	-0.00254	-0.01237	-0.01001	-0.01285	0.00172	0.09276	-0.00112	0.03277	0.01024	0.02847	-0.00440	-0.01599	0.00964	0.01089	-0.00727	0.00110	0.00672	-0.01540	-0.04413	-0.06167	0.00812	-0.01224	0.00033	-0.01482	(And (Experiencer $e0 $x0) (Like $e0 $x1))
p202423	0.00943	-0.00271	-0.02884	-0.05815	-0.05147	0.04147	-0.00953	0.02512	0.05233	0.01801	0.04803	0.07214	-0.04925	0.07331	-0.02302	0.02948	-0.00122	0.09679	-0.02214	-0.01974	0.08457	-0.01673	0.00568	0.00474	-0.02116	-0.01330	-0.04925	-0.12910	0.03246	0.00544	-0.04946	-0.03027	(And (Experiencer $e0 $x0) (Member $e0 need))
p202424	-0.00692	-0.00335	0.00769	-0.00649	-0.01200	-0.00749	0.01356	-0.00999	0.00294	-0.00269	-0.02368	-0.03744	0.01092	0.05827	-0.00644	0.00156	0.00472	0.00350	-0.00084	-0.02174	-0.00953	-0.00727	0.00046	0.00326	-0.01708	0.01525	-0.00310	0.05075	-0.01394	0.01165	0.02061	0.00674	(And (Experiencer $e0 $x0) (Possession $x0 $x1))
p202425	-0.00071	-0.00698	-0.01650	-0.01639	0.00231	-0.00720	0.00941	0.00194	-0.00051	-0.01668	0.00374	0.02705	-0.00116	0.07405	0.01140	0.01489	-0.01808	0.03119	0.00077	-0.02714	0.02168	0.03081	0.00241	-0.00650	-0.01291	-0.02664	-0.02911	-0.06343	0.01092	-0.01355	-0.00767	-0.00796	(And (Experiencer $e0 $x0) (Probably $e0))
p202426	-0.00007	0.00135	-0.01285	-0.00544	0.04090	-0.01688	0.00493	0.00738	-0.00685	-0.01232	-0.00330	-0.01192	-0.00760	0.06893	0.00403	0.00748	-0.00017	0.00555	0.00003	-0.00496	0.00533	0.01488	0.00228	-0.00405	-0.00374	-0.02594	-0.02059	-0.03428	0.00131	-0.00805	0.01387	-0.00839	(And (Experiencer $e0 $x0) (Time $e0 now))
p202427	0.00735	-0.03453	0.04505	0.04481	0.02546	0.03860	0.13467	0.03206	-0.09586	-0.03339	0.05215	-0.04408	-0.05217	0.00463	0.03984	0.01619	-0.01799	-0.03245	-0.03601	0.03186	-0.04517	0.03067	-0.01523	-0.02446	0.06276	0.00721	-0.02432	0.02168	-0.02904	-0.02354	0.05001	0.01438	(And (Goal $e0 $x0) (Member $e0 walk))
p202428	-0.00598	-0.04594	-0.01239	-0.01007	0.00041	-0.02831	-0.03065	0.01037	-0.02326	0.00019	0.00033	-0.01542	-0.01513	0.00009	0.00268	-0.00350	0.00136	0.00623	0.00563	-0.00148	-0.01262	-0.00498	-0.00285	0.11226	0.03907	-0.00068	0.00639	0.01292	0.01383	-0.00793	0.00414	0.07992	(And (LocatedIn $x0 $x1) (Member $x1 garden))
p202429	0.01185	-0.02182	-0.00905	-0.01578	0.11621	0.18346	-0.02381	0.00987	-0.03538	-0.01063	0.05316	-0.02977	0.00831	0.00697	0.00740	0.00228	-0.07462	-0.04631	-0.01979	-0.00387	-0.03187	-0.00686	-0.00099	0.11566	0.01839	0.00021	-0.01648	0.00375	0.00970	-0.01965	0.01827	0.03038	(And (LocatedIn $x0 $x1) (PartOf $x1 $x2))
p202430	-0.00787	0.01452	0.05166	0.07049	-0.01884	-0.00937	-0.05365	-0.01948	0.09835	0.01088	-0.06174	-0.01590	-0.03127	0.01387	-0.00576	0.11181	-0.00247	-0.05618	-0.00737	-0.03581	-0.04568	0.00094	0.02966	0.19263	0.07772	0.04216	-0.04796	-0.01040	-0.05844	-0.06587	-0.05825	0.01856	(And (LocatedIn $x0 $x1) (Patient $e0 $x0))
p202431	-0.00808	0.01582	0.02069	-0.03718	-0.01421	-0.00241	0.04440	0.00449	-0.04906	-0.01753	-0.02832	-0.04513	-0.01480	-0.01889	-0.00314	-0.00433	0.00293	0.01407	-0.01873	0.04703	-0.00102	0.06197	0.00203	0.01321	-0.03362	0.02850	-0.00919	-0.00533	0.04970	0.05584	0.01863	-0.01754	(And (Location $e0 $x0) (Member $e0 walk))
p202432	0.15842	0.12102	-0.02739	-0.03666	-0.11114	-0.05653	0.06159	-0.06210	0.13708	-0.01276	0.25086	0.23271	0.08915	-0.05592	0.12254	-0.10971	0.19187	-0.07429	-0.02907	0.12164	-0.18787	-0.04356	-0.02604	0.09534	-0.06275	0.04567	0.24606	0.27585	0.13545	-0.14980	-0.21153	-0.11785	(And (Location $e0 $x0) (Member $x0 table))
p202433	-0.02137	0.00280	0.01052	0.04394	-0.05664	0.02875	0.03504	0.07524	-0.01794	0.01782	0.04314	-0.02324	-0.07156	0.00427	-0.04280	0.00724	0.04741	0.04877	0.04433	-0.00113	-0.00233	0.02324	0.00480	0.06201	-0.07961	-0.00643	-0.00919	0.00933	-0.03359	0.03753	0.02060	-0.01539	(And (Location $e0 $x0) (Theme $e1 $e0))
p202434	-0.00793	0.02365	-0.01491	-0.01238	0.00827	-0.01420	-0.00478	-0.01856	-0.03446	-0.00747	-0.00398	-0.01646	-0.03610	0.01095	0.01201	0.01107	-0.02711	0.02327	0.00559	0.10470	0.04425	-0.00621	0.03378	-0.00831	-0.00365	-0.00935	-0.02859	0.04113	-0.01184	-0.01156	0.01775	0.01432	(And (Member $e0 become) (Patient $e0 $x0))
p202435	0.08745	-0.02167	0.00764	0.03839	0.00856	-0.03171	-0.00337	0.02324	0.00463	0.01611	-0.04067	-0.00713	0.01444	-0.00023	-0.03326	-0.09619	-0.01504	0.00813	0.10842	-0.00952	-0.00034	0.00321	0.00686	0.05438	0.01573	-0.00377	0.03047	-0.00327	-0.03944	-0.08065	-0.00476	0.00272	(And (Member $e0 buy) (Theme $e0 $x0))
p202436	-0.00383	0.00448	-0.01107	-0.01609	-0.04215	0.00165	0.01458	0.05477	-0.04358	-0.02951	-0.00888	-0.02364	0.04005	-0.00411	0.01493	0.02875	0.01159	0.00259	-0.01390	0.02212	-0.00136	0.01678	0.00050	0.00748	-0.02089	0.00731	-0.03267	-0.01197	0.00535	0.04727	0.00703	-0.00892	(And (Member $e0 cause) (Past $e0))
p202437	0.01254	0.00429	0.00051	-0.00982	-0.02557	0.01823	-0.02042	0.01924	0.02342	-0.00561	-0.02251	-0.00038	-0.00748	-0.01227	-0.00037	-0.00138	0.00387	0.03424	-0.02181	0.00721	0.01647	-0.00460	-0.02088	-0.00342	0.01284	0.02900	-0.00941	-0.02070	-0.00379	0.00847	-0.01177	-0.01634	(And (Member $e0 decide) (Past $e0))
p202438	0.01190	0.03865	-0.00540	-0.01203	0.01067	-0.00735	0.00862	-0.01264	0.00553	-0.00206	0.02607	-0.01395	-0.00440	0.00290	0.02252	-0.03163	-0.02484	-0.00750	-0.01050	-0.01696	0.01048	-0.00912	0.04560	-0.00915	-0.02680	-0.02244	0.01859	-0.01984	-0.01897	0.00654	0.01718	0.02294	(And (Member $e0 do) (Patient $e0 $x0))
p202439	0.02095	0.00716	0.00742	0.01319	-0.01434	-0.00624	0.01714	0.01174	0.00217	0.00089	-0.03207	-0.01961	0.02669	-0.00548	-0.03248	-0.03740	0.00433	-0.00038	0.05602	0.00623	0.00195	-0.00243	-0.00535	0.01765	-0.01324	0.00621	0.00343	-0.00061	-0.01344	-0.00152	0.01522	-0.02130	(And (Member $e0 find) (Past $e0))
p202440	0.00685	-0.01249	0.01081	-0.01643	0.01943	-0.01667	-0.01324	-0.05261	0.00097	0.00606	-0.03361	-0.01174	-0.00974	-0.00400	0.07733	-0.01911	-0.02377	0.00753	-0.02350	-0.00011	0.01105	0.04343	-0.00067	-0.01079	-0.01002	-0.00445	0.00899	-0.00242	-0.02348	-0.03352	0.01941	0.02352	(And (Member $e0 jump) (Past $e0))
p202441	-0.00792	-0.00209	-0.00137	-0.01817	-0.00838	-0.00600	-0.01487	-0.02358	-0.01834	0.02007	0.00782	0.00907	-0.01687	0.02174	0.01251	0.01861	-0.00579	-0.00591	0.03434	-0.00344	-0.01399	0.01012	0.00571	0.00080	-0.00053	0.01925	-0.00749	-0.01748	-0.00557	0.01789	-0.02059	-0.00631	(And (Member $e0 pass) (Past $e0))
p202442	0.00862	0.01491	0.00246	0.00448	0.04085	-0.03212	-0.00738	-0.01106	0.00418	0.02713	-0.00330	0.00176	-0.00442	-0.00362	-0.02018	-0.01120	0.06785	-0.01463	0.05153	-0.00415	0.02830	-0.01456	-0.00302	0.01813	0.00191	-0.01032	-0.00258	-0.02947	0.00808	-0.00546	-0.02087	-0.03509	(And (Member $e0 receive) (Past $e0))
p202443	0.08206	-0.00928	0.00857	0.00443	-0.00681	0.00287	-0.01083	-0.00198	-0.00653	0.01070	0.00218	-0.00347	-0.00159	-0.00059	-0.00464	-0.00411	0.00246	-0.01216	-0.07123	-0.01130	0.00320	-0.00860	-0.00019	-0.00116	0.01354	0.00359	-0.01232	-0.00717	-0.01179	0.01258	0.00749	-0.01474	(And (Member $e0 require) (Theme $e0 $x0))
p202444	0.01528	0.05005	0.00145	-0.00490	0.01440	-0.00468	-0.00146	0.01912	-0.00147	0.00270	-0.01260	0.04046	-0.01850	0.01665	-0.00999	-0.01632	-0.02027	-0.01433	0.03027	0.00239	0.00141	0.00086	-0.00599	-0.01986	-0.01819	0.01582	-0.01290	-0.01751	-0.01627	-0.03027	0.03321	0.05287	(And (Member $e0 say) (Past $e0))
p202445	0.02603	0.17314	-0.05555	0.11612	0.31919	-0.15358	-0.08283	0.19276	-0.06986	-0.04503	-0.03250	-0.03167	-0.18095	-0.01321	0.11202	-0.25020	-0.18528	0.12194	-0.06291	-0.03552	-0.07272	-0.00880	-0.00142	0.01410	0.15534	0.02582	0.37845	0.04322	-0.05484	0.28676	-0.09646	-0.09840	(And (Member $e0 stop) (Past $e0))
p202446	-0.01631	0.02497	-0.03175	-0.00104	0.02406	-0.01420	0.02044	-0.00589	-0.02343	0.08437	-0.00161	0.03133	-0.04460	-0.00125	-0.03388	-0.02268	-0.02773	-0.00515	0.02411	-0.03198	0.06388	0.07615	-0.00775	0.02833	-0.02087	0.01236	0.02574	-0.05252	-0.03436	-0.02205	-0.06202	-0.02471	(And (Member $e0 swim) (Ongoing $e0))
p202447	-0.01607	-0.03137	-0.07232	-0.04336	-0.08300	0.09429	-0.01506	0.03740	0.04006	-0.01457	-0.10691	-0.04206	-0.03000	-0.01966	0.01623	0.01866	0.06450	0.08136	-0.00862	0.03240	-0.00347	0.07242	-0.00857	-0.02299	-0.03058	0.01418	-0.05169	0.03902	0.05911	-0.01277	0.04288	0.04121	(And (Member $e0 try) (Ongoing $e0))
p202448	-0.00350	0.04168	-0.00631	0.03845	-0.02765	-0.02218	-0.01973	-0.03259	-0.03961	0.00796	-0.05640	0.04140	-0.06350	0.02344	0.01336	-0.00591	-0.01461	-0.01400	0.02241	-0.08086	0.12584	-0.00946	0.02768	0.01849	0.04173	0.00333	0.01638	0.26483	-0.06326	-0.02993	-0.00972	-0.06213	(And (Member $e0 turn) (Result $e0 $e1))
p202449	0.03206	0.00276	0.04009	-0.02012	0.01618	0.01019	-0.00783	-0.02006	0.00731	-0.00396	0.02246	0.00405	-0.00960	-0.00546	0.01211	-0.02724	-0.01672	-0.00087	-0.02145	-0.02257	0.01945	-0.01112	0.01250	-0.00345	0.00345	-0.01600	0.01392	-0.01219	0.01935	-0.00722	-0.00375	-0.01936	(And (Member $e0 use) (To $e0 $e1))
p202450	-0.00868	0.00450	-0.03001	-0.01197	-0.02279	0.00580	0.06245	0.02457	-0.06656	-0.02109	-0.02400	-0.03788	-0.02110	-0.02046	0.00453	0.01308	0.00674	0.00956	-0.02239	0.06438	-0.00304	0.07496	-0.01247	0.00689	-0.00770	0.03512	-0.02301	0.00433	0.02367	0.03266	0.00105	-0.00331	(And (Member $e0 walk) (Ongoing $e0))
p202451	0.04970	-0.01590	0.00562	0.00784	0.00234	-0.00323	-0.01068	0.01011	-0.00789	0.01230	-0.00696	-0.00500	0.00058	-0.00086	-0.01679	-0.02505	-0.00503	-0.00659	0.00947	-0.00539	-0.00656	-0.00467	-0.00115	0.03505	0.01765	0.00632	0.00423	0.00132	-0.01093	-0.01346	-0.00046	0.00579	(And (Member $x0 house) (Theme $e0 $x0))
p202452	0.00672	-0.00581	-0.00052	-0.01917	0.02336	-0.01991	0.01518	-0.01089	-0.00950	0.00849	-0.00399	0.06412	-0.02050	-0.00005	0.01833	-0.01022	-0.01207	-0.00306	-0.00619	-0.01205	-0.00698	-0.00912	0.03962	-0.00445	0.00926	-0.00375	0.00658	-0.02075	-0.01269	-0.01812	0.02475	-0.01165	(And (Member $x0 tree) (Patient $e0 $x0))
p202453	0.00509	0.00605	0.00159	-0.00570	-0.02545	-0.00535	-0.00132	-0.00214	-0.01034	-0.00623	-0.00076	0.00647	0.00769	-0.00040	-0.00142	0.00362	0.00372	0.00474	0.06242	0.00668	-0.00332	-0.00621	0.00035	0.01235	-0.00134	-0.00815	-0.01369	-0.00205	0.00284	0.02107	-0.01413	-0.02394	(And (Of $x0 $x1) (Theme $e0 $x0))
p202454	0.00401	-0.02746	-0.01460	-0.00937	-0.00098	-0.00361	-0.00100	-0.01766	0.03560	-0.01841	0.00411	0.03042	0.01004	0.03514	0.01362	-0.02282	-0.01309	0.01582	0.00668	-0.02733	0.01361	0.05126	0.02842	-0.01939	-0.00312	-0.03195	0.00987	-0.05447	-0.00810	0.00844	0.00091	0.01352	(And (Ongoing $e0) (Probably $e0))
p202455	-0.00113	0.02275	-0.02521	-0.04093	0.15153	-0.00669	-0.02791	-0.05423	-0.02353	0.00196	0.06496	-0.03248	0.05002	0.01096	-0.02465	0.00385	0.10294	-0.02644	0.01272	-0.02314	-0.00942	0.03253	0.01271	-0.00365	0.05469	-0.03393	-0.01975	0.00206	0.02074	-0.04027	0.06020	-0.02586	(And (Ongoing $e0) (Source $e0 $x0))
p202456	-0.00948	0.01823	-0.05005	-0.02523	-0.05742	0.08031	-0.01576	0.01746	0.12711	-0.00279	-0.09984	-0.00687	-0.04118	0.00998	-0.00894	0.03519	0.03886	0.06370	0.01728	-0.00708	0.01156	0.05564	0.03392	0.00357	-0.00314	-0.02530	-0.05233	-0.01341	0.02695	-0.03698	-0.00274	-0.02075	(And (Ongoing $e0) (Theme $e0 $e1))
p202457	0.01159	-0.00722	0.04570	-0.01610	0.03097	-0.02511	0.04927	-0.06481	-0.01948	0.00853	-0.02659	0.01927	-0.01521	0.00318	0.06326	-0.00754	-0.00690	0.02921	-0.01925	-0.00921	0.01110	-0.00826	0.01243	-0.00293	0.02062	-0.00420	0.00249	-0.02891	-0.03503	-0.04798	-0.02288	-0.00025	(And (Over $e0 $x0) (Past $e0))
p202458	0.02720	0.17439	-0.05872	0.11331	0.31809	-0.15160	-0.09648	0.20020	-0.06310	-0.04521	-0.03568	-0.02281	-0.19205	-0.01526	0.11834	-0.24972	-0.18905	0.14418	-0.06479	-0.03333	-0.06802	-0.00823	-0.00574	0.00808	0.16747	0.03345	0.37874	0.03542	-0.05478	0.28049	-0.11263	-0.09853	(And (Past $e0) (Theme $e1 $e0))
p202459	0.01500	-0.01114	0.03998	-0.00635	0.00044	-0.01168	-0.01833	-0.03936	0.03091	0.03449	-0.01361	0.01519	0.02316	0.01731	0.05166	-0.02637	-0.01810	-0.00339	0.01082	-0.00013	0.01321	-0.01786	-0.00412	0.00092	-0.01727	0.00481	0.01551	-0.03928	-0.05068	-0.06466	-0.01960	0.00151	(And (Past $e0) (TimeAtLeast $e0 (Year <num>)))
p202460	-0.00905	-0.02278	-0.04309	0.06307	0.04490	-0.04263	0.02965	-0.02370	-0.05734	-0.00762	-0.01250	0.03909	0.01583	-0.00879	0.00582	0.03805	0.06600	0.09560	-0.00157	-0.02217	0.04587	0.00112	0.02897	-0.00391	-0.04476	0.01525	-0.04792	-0.07027	0.09039	-0.03850	-0.05053	0.01353	(And (Patient $e0 $x0) (SubsetOf $x0 $x1))
p202462	0.08940	0.02538	-0.01186	-0.03677	-0.05956	0.06389	-0.02658	0.03622	0.01963	-0.00869	-0.03330	-0.00234	-0.03319	0.01974	0.00474	0.01203	0.04579	0.09524	-0.08468	-0.00842	0.05483	-0.00802	-0.01495	-0.00491	0.01061	0.01823	-0.05520	-0.07955	0.01510	-0.00502	-0.01219	-0.00211	(And (Theme $e0 $e1) (Theme $e1 $x0))
p202464	0.05569	0.03723	0.03430	-0.00503	0.04167	0.05826	0.00063	-0.00132	-0.00422	-0.00041	0.01962	-0.01064	-0.00788	-0.00185	-0.00283	-0.02705	-0.02858	-0.01552	0.01015	-0.02134	0.02924	-0.00309	0.00071	-0.00772	-0.01064	-0.00924	0.00878	-0.01873	0.00972	-0.04768	-0.00363	0.00044	(And (Theme $e0 $x0) (To $e0 $e1))
p202554	-0.00484	-0.01817	-0.03580	0.04517	-0.01214	-0.00029	-0.00951	-0.04318	-0.02747	0.03340	-0.01120	-0.01590	-0.00587	0.00978	0.00717	-0.00668	-0.01160	-0.00531	-0.01615	-0.00835	-0.02574	0.01459	0.02074	-0.01145	-0.01425	0.05247	0.00840	-0.00717	0.02428	-0.00601	0.01446	0.02628	(Before $e0 $e1)
p202555	-0.01216	0.00729	-0.02973	-0.02890	-0.07259	0.05104	-0.00546	0.02479	0.03662	0.03694	-0.04502	-0.00793	-0.02624	0.01041	-0.03426	-0.00057	0.05409	0.04938	0.02355	-0.00516	-0.02476	-0.00447	0.00303	0.00799	-0.01648	0.01955	0.00145	0.02493	0.01980	0.01899	-0.00611	-0.01576	(Before $x0 $e0)
p202556	-0.00455	-0.01130	-0.00164	-0.00314	0.00930	-0.01425	-0.00979	0.00303	-0.00521	-0.00350	0.00101	-0.00687	-0.00221	-0.00256	-0.00063	0.00256	0.02198	-0.00194	-0.00005	-0.00402	-0.00069	-0.00263	-0.00454	0.02483	0.01014	-0.00474	-0.00205	0.00224	0.00348	-0.00209	-0.00065	0.01158	(Degree $x0 quantity excessive)
p202558	-0.00555	-0.01157	0.00059	0.00042	-0.00970	0.00287	-0.00220	-0.01168	-0.00255	0.00327	0.00874	-0.01124	0.00544	0.01178	-0.00655	0.00330	-0.00049	-0.00750	-0.00792	-0.00384	-0.02095	-0.00438	0.00821	-0.00766	-0.00899	0.03504	-0.00026	-0.00230	-0.01190	0.00912	0.00852	0.00883	(During $e0 $x0)
p202559	-0.00026	-0.00267	0.01778	-0.00644	-0.01788	0.00418	-0.00474	-0.01359	0.01388	0.01972	0.00240	0.02091	-0.00422	-0.00897	0.00503	-0.00684	0.01244	0.01114	-0.00475	-0.00117	0.02857	-0.01187	-0.00858	0.00021	0.00490	0.00023	0.00762	-0.02005	-0.01552	-0.01170	-0.03442	-0.01245	(Every $e0 <num> day)
p202560	0.02007	-0.00243	0.00880	0.00289	-0.00279	0.00095	-0.00213	0.00347	0.01520	-0.00143	-0.01825	-0.01858	0.02043	-0.00801	-0.01538	-0.01876	0.00407	-0.00918	0.00751	0.00600	0.00729	-0.00331	-0.01134	0.00430	0.00029	0.01567	-0.00413	-0.00588	-0.00888	0.00268	0.01950	-0.00959	(For $e0 $e1)
p202561	0.01677	-0.00334	0.00405	0.00348	-0.00837	-0.00235	-0.00349	0.00334	0.00074	0.00897	-0.00044	0.00360	0.00222	-0.00425	-0.01324	-0.00391	0.00378	-0.00579	0.00156	-0.00270	-0.00526	-0.00508	-0.00416	-0.00101	0.00345	0.00566	-0.00036	0.00556	-0.00497	0.00536	-0.00678	-0.00901	(For $x0 $e0)
p202562	0.00671	-0.03747	0.02901	0.03299	-0.01473	0.01741	0.00597	-0.01962	-0.01335	-0.00404	-0.01764	0.02365	0.04837	0.03535	0.00007	-0.01678	0.01481	0.02231	-0.00030	0.00783	0.01834	0.00421	0.00107	-0.01484	0.00591	-0.00983	0.03069	-0.04940	-0.03454	0.01918	-0.01660	0.02727	(GroupOf $x0 day)
p202563	0.00789	-0.07007	0.07035	0.06281	0.03041	-0.06350	0.06343	-0.00307	-0.06215	-0.02736	0.03306	0.01853	0.01319	0.00472	0.02341	-0.01550	-0.03856	0.15256	0.05711	0.00748	0.01477	0.02166	-0.00798	0.05569	-0.09112	-0.00821	-0.01877	-0.02281	-0.04587	-0.06022	-0.01982	0.07362	(GroupOf $x0 girl)
p202564	0.00287	0.01114	-0.01667	0.00033	0.02878	0.03098	-0.00381	-0.01796	-0.01057	0.01218	0.00237	0.00498	-0.02894	0.01867	-0.00220	-0.00315	-0.03022	-0.02133	0.00121	-0.03500	0.03166	0.00986	0.02521	-0.00218	0.00880	-0.02126	0.04706	0.05720	-0.01064	-0.01237	0.02211	-0.02511	(GroupOf $x0 leaf)
p202565	-0.00593	-0.01204	-0.00106	-0.01544	0.00520	-0.01940	0.00287	0.00210	-0.02128	-0.01429	-0.01742	0.01165	0.00557	0.00105	0.04424	0.01716	-0.01506	0.02645	0.00068	-0.00295	0.00279	0.02784	0.00024	-0.00800	-0.00799	-0.01081	-0.01545	-0.00670	0.00063	-0.00074	-0.01266	0.01268	(GroupOf $x0 man)
p202566	-0.00833	-0.02977	-0.00659	-0.01611	0.00844	-0.03333	-0.00116	-0.01545	0.03741	0.02336	0.04082	0.03435	-0.01167	-0.00620	-0.01478	-0.01042	-0.00580	0.03543	0.01270	-0.01124	0.05231	0.00159	0.00930	0.02811	-0.01513	-0.01571	0.00432	-0.05013	0.00732	-0.01664	-0.04426	0.02548	(GroupOf $x0 pupil)
p202567	-0.00825	-0.00367	-0.02605	-0.01069	-0.00612	-0.01663	-0.01383	0.01593	-0.02259	0.01254	0.00141	0.00578	-0.01476	-0.00126	-0.01655	0.03086	0.00714	-0.01306	-0.00293	-0.00958	-0.00099	0.03562	-0.00962	-0.00602	0.01476	0.00642	-0.01844	0.00277	0.01619	0.04226	-0.01180	-0.00609	(GroupOf $x0 scientist)
p202568	-0.00295	-0.01078	-0.01300	0.00143	-0.01248	-0.00417	0.02678	0.01776	-0.02090	0.01447	-0.00929	0.00352	0.00659	-0.00047	0.00210	0.00658	-0.00401	-0.01133	-0.00476	-0.00703	-0.00868	0.01238	0.00481	-0.00666	0.02294	0.00940	-0.00315	-0.00675	-0.00327	-0.01606	-0.01372	0.00503	(GroupOf $x0 soldier)
p202569	-0.00614	-0.00658	-0.00233	-0.00255	-0.01012	-0.00903	-0.00140	-0.00062	0.01518	0.01233	0.02518	0.01645	-0.00309	-0.00651	-0.01095	-0.00123	0.00392	0.00518	0.00251	-0.00460	0.02265	-0.00657	-0.00446	-0.00012	-0.00673	-0.00341	0.00267	-0.01715	0.00348	-0.00313	-0.02379	-0.00275	(LocatedIn $x0 here)
p202570	0.00408	-0.00961	-0.00300	-0.02153	-0.01795	0.01028	-0.00954	0.00119	0.04814	0.01815	0.04078	0.03078	-0.01423	0.01024	-0.00630	-0.00795	-0.00764	0.03024	0.01210	-0.00667	0.06445	-0.00980	-0.00717	-0.00036	-0.02069	-0.00360	-0.00924	-0.06392	-0.00070	-0.01877	-0.03704	-0.00858	(Manner $e0 immediately)
p202571	-0.00561	0.02672	-0.02252	-0.03397	-0.00525	0.00757	-0.03113	-0.01102	0.02812	-0.01473	-0.01496	-0.00834	0.04065	-0.00452	-0.00895	0.02260	0.01788	0.03655	-0.00003	-0.00339	0.01158	0.00027	-0.00155	-0.00758	0.06159	-0.01614	-0.03098	-0.01931	0.02898	-0.00823	-0.00223	-0.02757	(Manner $e0 often)
p202572	0.02054	0.02594	0.00546	-0.00143	0.00286	0.00293	-0.00291	-0.01809	0.00269	0.00212	0.00212	-0.00045	-0.01080	0.00075	0.01978	-0.01501	-0.00599	-0.00453	-0.01331	-0.00933	0.00314	-0.00406	0.01383	-0.01125	-0.00687	-0.00968	0.00589	-0.00582	-0.01197	-0.01255	0.00775	0.01269	(Manner $e0 well)
p202573	-0.00816	-0.00654	0.01219	-0.00341	0.00502	-0.00413	-0.01120	-0.02338	0.01536	0.02884	-0.00155	-0.00394	-0.00146	-0.00729	0.01037	0.00071	-0.00888	-0.00736	-0.00233	0.06369	0.00594	-0.01422	-0.00967	-0.00204	-0.00364	0.01226	-0.00148	-0.01288	-0.02004	-0.01696	-0.00032	-0.00105	(Member $e0 arrive)
p202574	0.08745	-0.02167	0.00764	0.03839	0.00856	-0.03171	-0.00337	0.02324	0.00463	0.01610	-0.04067	-0.00713	0.01444	-0.00023	-0.03326	-0.09619	-0.01503	0.00813	0.10842	-0.00952	-0.00034	0.00321	0.00686	0.05438	0.01573	-0.00377	0.03047	-0.00327	-0.03944	-0.08065	-0.00476	0.00272	(Member $e0 buy)
p202575	-0.00056	-0.00486	-0.00876	-0.01289	-0.00270	-0.00587	-0.00429	-0.02873	0.00010	-0.00680	0.03689	0.00638	-0.01800	-0.00288	0.01361	-0.00677	-0.01081	0.00341	0.00799	-0.00833	-0.00640	-0.00805	0.03723	-0.00674	-0.00627	-0.01109	0.00880	-0.00263	0.00169	0.02196	-0.00013	-0.00481	(Member $e0 cover)
p202576	0.01525	0.09909	0.01973	0.12261	0.22272	-0.11791	-0.03383	0.16503	-0.08191	-0.06804	0.02980	-0.03083	-0.11931	-0.03620	0.08735	-0.15262	-0.12583	0.09875	-0.04653	-0.00587	-0.03725	0.02453	-0.03446	0.00524	0.06203	0.02744	0.23115	0.06389	-0.05958	0.18891	-0.04542	-0.06097	(Member $e0 cry)
p202577	0.01270	0.00445	0.00066	-0.00967	-0.02540	0.01838	-0.02027	0.01940	0.02359	-0.00545	-0.02233	-0.00022	-0.00732	-0.01211	-0.00020	-0.00122	0.00402	0.03439	-0.02166	0.00736	0.01664	-0.00444	-0.02072	-0.00326	0.01300	0.02915	-0.00925	-0.02056	-0.00363	0.00863	-0.01162	-0.01618	(Member $e0 decide)
p202578	-0.00158	0.00251	-0.01814	0.03364	-0.01695	0.00752	0.00933	0.00215	0.00313	0.02782	-0.01795	0.00789	0.00564	-0.00959	-0.03430	-0.01622	0.00388	0.03684	0.02333	0.00321	0.00997	-0.01217	-0.01023	0.00621	-0.01108	0.01850	0.00237	-0.01276	0.03515	-0.00262	-0.01607	-0.01489	(Member $e0 enter)
p202579	0.02095	0.00716	0.00743	0.01319	-0.01434	-0.00624	0.01714	0.01174	0.00217	0.00089	-0.03206	-0.01960	0.02669	-0.00548	-0.03248	-0.03740	0.00433	-0.00038	0.05602	0.00624	0.00195	-0.00243	-0.00535	0.01765	-0.01324	0.00621	0.00343	-0.00061	-0.01344	-0.00152	0.01522	-0.02130	(Member $e0 find)
p202580	-0.00800	0.01680	0.00588	-0.00266	-0.00983	-0.00478	0.00969	-0.02989	0.00174	0.04946	-0.03218	-0.00555	0.00300	-0.00433	-0.00896	-0.01306	0.00066	-0.00952	-0.00336	-0.00566	0.01977	0.00549	-0.00718	0.01848	-0.01517	0.00478	0.00945	-0.01084	-0.02252	-0.00055	-0.00669	-0.02051	(Member $e0 fly)
p202581	0.00738	-0.00707	-0.01074	-0.00904	0.02051	-0.01116	-0.00800	-0.00573	-0.00777	0.00235	-0.01377	-0.00980	-0.00477	0.01451	0.00983	0.01217	0.01315	-0.00474	-0.02121	-0.00606	0.00411	0.03143	-0.00582	-0.00753	0.00167	-0.00309	-0.01788	-0.00756	0.00121	0.00249	0.00920	0.00201	(Member $e0 follow)
p202582	-0.00551	-0.00641	0.00129	-0.00074	-0.00029	-0.00320	0.00167	0.00203	0.00345	-0.00552	-0.00331	-0.00573	0.00341	0.03315	-0.00019	0.00352	-0.00424	0.00264	0.00086	-0.00659	-0.00123	0.00065	-0.00347	-0.00496	-0.00434	-0.00332	-0.00859	-0.01708	-0.00358	0.00366	0.00803	-0.00013	(Member $e0 good)
p202583	-0.00656	0.00719	-0.00948	-0.00126	0.01818	-0.00779	-0.00604	0.00966	0.02892	-0.01025	-0.01363	-0.00779	-0.01354	-0.01116	0.00300	-0.02620	-0.02182	0.01265	0.00393	0.00494	0.00183	0.02269	0.00141	-0.00512	0.00102	0.01117	0.02378	-0.00676	-0.01398	0.02712	0.00122	-0.01075	(Member $e0 happen)
p202584	-0.00397	-0.01383	-0.01506	-0.00384	-0.02056	-0.00183	-0.00087	-0.01415	-0.03156	0.00093	0.01420	0.00423	-0.00527	-0.00893	-0.00209	0.00988	0.00460	0.01216	-0.00654	-0.00676	-0.00769	0.00864	0.02070	0.03519	-0.00334	0.02919	-0.00429	-0.00810	-0.00280	0.00160	-0.01577	0.01821	(Member $e0 increase)
p202585	0.00656	-0.01278	0.01052	-0.01671	0.01914	-0.01695	-0.01353	-0.05290	0.00067	0.00577	-0.03391	-0.01203	-0.01002	-0.00429	0.07703	-0.01939	-0.02406	0.00724	-0.02378	-0.00039	0.01075	0.04315	-0.00096	-0.01107	-0.01029	-0.00473	0.00870	-0.00269	-0.02377	-0.03380	0.01913	0.02323	(Member $e0 jump)
p202586	-0.01214	-0.00572	-0.01623	0.00595	-0.01442	0.00270	0.00079	-0.01508	-0.01933	-0.00734	0.01094	0.00126	-0.01211	0.03748	0.01717	0.03317	-0.00765	-0.00114	0.01384	-0.00370	-0.02016	-0.00655	0.00853	-0.00597	0.00722	0.00377	-0.02252	-0.01614	0.03074	0.03040	-0.00817	-0.00382	(Member $e0 lead)
p202587	-0.00792	-0.00209	-0.00137	-0.01817	-0.00838	-0.00600	-0.01487	-0.02358	-0.01834	0.02007	0.00782	0.00907	-0.01687	0.02174	0.01251	0.01861	-0.00579	-0.00591	0.03434	-0.00344	-0.01399	0.01012	0.00571	0.00080	-0.00053	0.01925	-0.00749	-0.01748	-0.00557	0.01789	-0.02059	-0.00631	(Member $e0 pass)
p202588	0.01249	-0.00062	0.00926	-0.00015	0.02530	0.04695	0.00567	-0.02186	-0.00097	-0.00250	0.00937	0.01616	0.00751	0.00192	0.01638	-0.01538	-0.02938	0.01568	0.04753	-0.00322	-0.00296	-0.00285	0.00549	0.00035	-0.01673	-0.01443	-0.00323	-0.00718	-0.01350	-0.01759	-0.02114	-0.01725	(Member $e0 present)
p202589	-0.01257	-0.02251	0.01121	-0.00449	-0.01684	0.01803	-0.00839	0.00455	-0.01975	-0.01325	-0.02434	-0.01685	0.01479	0.01508	0.00831	0.02302	0.00610	0.01555	-0.00623	0.10876	0.00797	0.01020	-0.02234	-0.00939	0.00268	0.00675	-0.03379	-0.01691	-0.01029	0.00182	0.00223	0.01088	(Member $e0 ready)
p202590	0.00862	0.01491	0.00246	0.00448	0.04085	-0.03212	-0.00738	-0.01106	0.00418	0.02713	-0.00330	0.00176	-0.00442	-0.00362	-0.02018	-0.01120	0.06785	-0.01463	0.05153	-0.00415	0.02830	-0.01456	-0.00302	0.01813	0.00191	-0.01032	-0.00258	-0.02947	0.00808	-0.00546	-0.02087	-0.03509	(Member $e0 receive)
p202591	0.08259	-0.00876	0.00909	0.00494	-0.00627	0.00338	-0.01031	-0.00146	-0.00598	0.01123	0.00274	-0.00293	-0.00107	-0.00006	-0.00410	-0.00360	0.00298	-0.01163	-0.07072	-0.01080	0.00378	-0.00808	0.00034	-0.00064	0.01406	0.00410	-0.01178	-0.00669	-0.01125	0.01310	0.00799	-0.01422	(Member $e0 require)
p202592	0.01155	-0.01048	0.00398	-0.02483	-0.03500	0.02009	0.04492	0.00094	0.00439	0.02422	0.00012	0.01597	-0.03191	0.02189	0.00238	0.01552	0.01113	0.01347	-0.02950	-0.00417	0.01238	-0.01672	-0.01113	-0.00259	0.04921	0.01970	-0.01678	-0.04792	-0.00531	-0.01064	-0.03313	-0.00939	(Member $e0 run)
p202593	0.00423	0.00800	0.00535	0.00185	-0.01867	0.00325	-0.00658	0.00508	0.00946	0.03065	-0.01459	0.01364	-0.00406	-0.00754	-0.02261	-0.01074	0.00833	0.01281	0.01841	0.00316	0.00083	-0.01013	-0.00959	0.00633	0.00746	0.01835	0.00997	-0.00295	-0.00958	-0.01176	-0.02772	-0.01931	(Member $e0 serve)
p202594	-0.00994	-0.00346	0.00225	-0.00113	-0.01021	0.00651	-0.01407	0.00944	0.02200	-0.00117	-0.01085	-0.00516	0.00093	-0.01260	-0.00555	-0.00202	-0.00027	0.00636	-0.00272	0.01011	0.00048	-0.00349	-0.01896	-0.00755	0.00349	0.03024	-0.00044	-0.00196	-0.00792	0.01025	0.00055	-0.00174	(Member $e0 war)
p202595	-0.00258	-0.00070	-0.01411	0.00313	0.01286	-0.01428	-0.00439	0.03414	-0.00261	0.00909	-0.00274	0.00444	0.01350	-0.00307	-0.00841	-0.00592	-0.00643	-0.01198	0.00776	-0.00111	-0.00533	0.01384	0.00454	-0.00368	0.00103	-0.00700	0.00816	0.00715	-0.00846	-0.00720	-0.00944	-0.00738	(Member $e0 write)
p202596	-0.00470	-0.00374	0.00087	0.00297	-0.01097	-0.00293	-0.00194	0.00218	0.00337	-0.00397	-0.00308	-0.00663	0.00418	-0.00421	-0.00061	-0.00235	0.00799	-0.00397	0.00008	-0.00676	-0.00882	-0.00155	-0.00358	-0.00322	-0.00071	-0.00140	0.00506	0.01530	-0.00416	0.00611	0.00080	-0.00205	(Member $x0 beauty)
p202597	-0.01576	0.01329	0.01836	0.00535	-0.01131	-0.00632	0.00303	-0.01946	0.00153	0.13223	-0.03058	0.02909	-0.01136	0.01139	-0.08154	-0.00950	0.01853	-0.04157	0.02443	0.00434	-0.03557	-0.01578	-0.01531	0.01403	0.00874	0.05296	0.03905	0.01802	-0.03782	-0.03337	-0.05206	-0.02709	(Member $x0 bus)
p202598	-0.00876	-0.03227	0.01420	-0.00714	0.04758	-0.03387	-0.00066	-0.01067	-0.01309	-0.00521	-0.01318	0.00171	0.00430	-0.00113	0.00540	0.00242	0.02104	0.03974	0.01044	0.00082	0.00385	-0.00192	-0.00706	0.05613	-0.00601	-0.00082	-0.00989	-0.00720	-0.00547	-0.02016	-0.00674	0.04028	(Member $x0 class)
p202599	0.03986	-0.01294	-0.00259	-0.00585	-0.00974	-0.00668	-0.00984	-0.00105	-0.00254	-0.01461	-0.01102	-0.01505	0.00066	-0.00703	0.01840	0.01009	0.00097	0.00027	-0.04232	-0.00507	0.01505	0.01450	-0.00489	-0.00662	0.00195	-0.00078	0.02147	-0.00980	-0.00342	-0.01464	0.02040	-0.00128	(Member $x0 computer)
p202600	-0.00046	-0.00147	0.00338	0.05896	0.02825	0.01172	-0.01826	-0.03330	-0.08542	-0.00199	0.13977	-0.03821	0.04272	-0.00181	-0.01719	0.00210	-0.00648	0.01526	0.00197	-0.00747	-0.02745	0.01030	0.00843	-0.01229	0.00943	-0.00587	-0.01706	0.02866	0.00610	-0.01893	0.08742	-0.00623	(Member $x0 crowd)
p202601	0.02353	-0.00922	0.01583	-0.01791	-0.02669	0.02392	-0.01737	-0.01596	0.02233	0.02421	0.00012	-0.00124	-0.00453	0.01889	0.00580	-0.00888	0.00994	0.01724	-0.01429	-0.00275	0.00068	-0.01691	-0.00697	-0.00170	-0.00251	0.01826	-0.00332	-0.02625	-0.01975	-0.00697	-0.00278	-0.00747	(Member $x0 doctor)
p202602	0.02681	-0.01850	0.00225	0.00053	-0.00516	-0.00461	-0.01260	0.00365	-0.00078	0.01058	-0.00305	-0.01564	-0.00159	0.01845	-0.00903	-0.00060	0.00156	-0.01349	-0.02851	-0.00874	-0.01811	-0.00763	-0.00503	0.02339	0.01290	0.01315	-0.00162	0.00527	-0.00408	0.01065	0.01139	0.01773	(Member $x0 girl)
p202603	-0.00935	0.00533	-0.01921	-0.00535	0.01068	-0.01114	0.03976	0.01262	-0.01359	0.02944	-0.01272	0.05565	-0.03282	-0.00177	-0.03286	-0.00821	-0.01129	-0.01647	0.01174	-0.00960	-0.00206	0.01162	0.00959	0.00446	0.02101	0.00221	0.00719	-0.00710	-0.00055	0.00138	0.01036	-0.02132	(Member $x0 ground)
p202604	0.00815	0.00032	-0.00140	-0.00819	-0.01678	0.00200	0.00042	0.00030	-0.00138	0.00644	-0.00514	-0.01144	0.00281	-0.00493	-0.01330	0.02809	0.00803	-0.01449	-0.02976	-0.00369	0.00651	-0.00752	-0.00685	0.00112	-0.00277	0.01001	0.01845	-0.00104	0.00394	0.02108	0.02158	-0.01099	(Member $x0 hotel)
p202605	0.00419	0.00113	-0.00839	-0.01009	0.02210	0.04639	-0.00321	0.00740	-0.00292	-0.00586	0.02045	-0.00385	0.00772	0.00042	0.01013	0.01878	-0.02280	-0.01854	-0.01564	-0.01081	-0.00160	-0.00315	0.01419	-0.00689	-0.00689	-0.01092	0.02647	-0.00468	0.00252	-0.01272	0.01525	-0.01186	(Member $x0 ivy)
p202606	0.01217	0.00989	-0.00066	-0.00029	-0.00678	-0.00621	-0.00785	0.00454	-0.01202	-0.00419	-0.00360	-0.01114	-0.00649	-0.00063	0.00546	-0.00401	0.00470	-0.00141	-0.00827	-0.00858	-0.00430	-0.00152	-0.00147	0.02011	0.00560	-0.00293	0.00046	0.00727	-0.00234	-0.00707	0.00226	0.03458	(Member $x0 lady)
p202607	0.00646	0.01259	-0.00586	-0.00277	-0.00906	-0.00222	0.01544	0.02412	-0.00858	0.02762	-0.01814	-0.02161	0.01275	0.02191	-0.01720	-0.00069	-0.00531	-0.02018	-0.01965	-0.01260	-0.00041	0.01172	-0.00451	0.01489	-0.01370	0.00999	-0.00101	-0.01142	-0.01772	0.03001	0.00566	-0.01060	(Member $x0 little)
p202608	0.01574	-0.00036	0.04566	-0.03463	-0.00961	-0.00477	-0.00944	-0.00811	-0.01740	-0.01425	-0.01407	-0.00359	-0.00649	0.00206	0.01161	0.00677	-0.00566	0.01991	-0.02207	-0.01876	0.04249	0.00669	-0.00334	-0.00406	0.00982	-0.00252	-0.02007	0.01708	0.04530	-0.00354	-0.00603	-0.01383	(Member $x0 matter)
p202609	-0.00658	-0.00246	-0.01876	-0.02309	0.06432	0.11127	-0.00153	0.00741	-0.02783	-0.00836	0.01554	-0.00732	-0.01641	0.01392	-0.00676	0.00891	0.00736	-0.00320	0.00117	-0.00440	-0.00969	0.00252	-0.00606	0.10301	0.00308	-0.00399	-0.01794	-0.00784	0.03384	-0.00837	0.00237	-0.00445	(Member $x0 middle)
p202610	0.00442	-0.00630	-0.02108	-0.01130	-0.01368	-0.00587	-0.01304	0.00402	-0.01530	0.00025	0.00351	-0.00342	-0.01165	-0.00074	-0.00032	0.04596	0.00056	-0.01181	-0.02080	-0.01029	0.00627	0.01633	-0.00420	-0.00716	0.00891	0.00058	0.00629	-0.00157	0.01954	0.02794	0.01054	-0.00285	(Member $x0 movie)
p202611	-0.00098	-0.00445	-0.00268	-0.00070	-0.00709	-0.00373	-0.00021	-0.01204	-0.00081	-0.00168	0.00972	-0.00172	-0.00304	-0.00486	0.00042	-0.00864	0.00087	0.00003	-0.00082	-0.00755	-0.01173	-0.00420	0.01931	-0.00447	-0.00469	0.00212	0.01039	0.00735	-0.00513	0.00710	0.00305	-0.00222	(Member $x0 original)
p202612	-0.00429	-0.00517	-0.00402	0.00119	-0.01110	-0.00133	0.01056	-0.00098	-0.00835	-0.00319	0.00593	0.00228	-0.00206	-0.00530	-0.00280	0.00271	0.00353	-0.00107	-0.00296	-0.00465	-0.00531	-0.00228	0.00452	-0.00520	0.00501	0.00572	-0.00127	0.00085	-0.00133	0.00231	-0.00713	-0.00389	(Member $x0 party)
p202613	0.00900	0.00456	0.00062	0.00292	-0.01920	-0.00143	0.00631	-0.00198	-0.01299	-0.00236	-0.00054	-0.00012	0.00930	-0.00312	-0.01104	-0.00927	0.00290	0.00608	0.05210	0.00413	-0.00345	-0.00405	0.00817	0.01106	-0.01027	0.00352	-0.00619	-0.00379	-0.00640	0.00762	-0.00833	-0.01840	(Member $x0 picture)
p202614	-0.00160	0.00721	0.00926	-0.00048	0.00888	-0.00522	-0.00066	-0.03220	0.01696	0.01055	-0.02008	-0.01639	0.01079	0.01460	0.02856	-0.01123	-0.01304	-0.00668	-0.00703	0.00982	0.01965	-0.01034	-0.00172	0.00773	-0.01042	-0.01477	-0.00206	-0.01646	-0.02379	-0.00687	0.02079	-0.01146	(Member $x0 plane)
p202615	-0.00550	0.01443	-0.02319	0.00993	-0.00255	-0.02178	-0.00082	-0.00249	-0.03494	0.01646	-0.02079	0.01534	-0.04139	0.02176	-0.00775	-0.01421	-0.01579	0.00834	0.02026	-0.03343	0.07913	0.01836	0.01370	0.04173	0.01699	-0.01353	0.01146	0.08431	-0.02241	-0.00977	-0.01730	-0.01719	(Member $x0 red)
p202616	0.01520	-0.01673	-0.01787	-0.00938	-0.04024	0.03933	0.01496	0.00751	0.00628	0.00127	-0.03579	-0.00800	-0.01464	-0.00539	0.00779	-0.00683	0.03498	0.05002	-0.01453	-0.00363	-0.00124	0.00742	-0.00086	-0.00748	-0.00215	-0.00180	-0.01102	0.01000	0.00656	-0.01093	0.00752	0.00087	(Member $x0 river)
p202617	0.00057	0.00758	-0.01062	-0.00135	0.00269	0.00113	0.01029	0.00988	-0.00839	0.02907	0.00741	0.00902	-0.01562	0.01682	-0.03005	0.00315	-0.00819	-0.01043	-0.00742	-0.01533	0.01040	0.01680	-0.00885	0.00825	-0.00840	0.01397	0.00075	-0.02006	-0.01147	0.01628	-0.02114	-0.01542	(Member $x0 sea)
p202618	-0.01038	-0.00128	0.00242	0.00064	0.00234	-0.00683	-0.00590	-0.00543	-0.00119	0.02064	-0.00805	-0.00162	-0.00259	-0.00680	-0.00140	0.00837	-0.00426	-0.00103	0.00341	0.06898	-0.00051	-0.01067	-0.00960	0.00105	0.00048	0.00405	-0.00734	-0.00362	-0.01049	-0.01312	-0.00641	-0.00894	(Member $x0 ship)
p202619	0.00113	0.00070	-0.00443	-0.00783	-0.02897	0.01307	0.00241	-0.02023	0.00171	0.01215	0.00088	-0.00840	-0.00788	-0.00492	-0.00206	-0.02249	0.01552	0.02952	-0.00225	-0.00779	-0.00297	-0.00153	0.02388	0.00482	-0.01100	0.00215	0.01500	-0.00729	-0.00965	0.01689	0.01106	-0.01075	(Member $x0 snow)
p202620	-0.00026	-0.00082	-0.00043	-0.00060	0.04824	0.07855	0.00044	-0.01761	0.01989	-0.00341	0.02934	0.00322	0.01689	-0.00294	0.00093	0.02232	-0.03252	-0.02337	-0.00738	-0.00955	-0.02423	-0.00779	-0.00324	-0.01201	-0.00873	-0.00268	-0.01653	0.02615	-0.00708	0.02272	-0.00684	-0.00909	(Member $x0 song)
p202621	-0.00200	-0.01163	-0.00267	-0.00809	0.04500	0.03434	0.06229	0.01878	-0.00547	0.00348	0.00520	-0.02620	-0.02929	0.00558	-0.00675	-0.02303	-0.03473	-0.04610	0.00142	-0.00128	-0.03649	0.01449	0.02045	-0.01700	0.04724	-0.00942	0.01760	0.01802	-0.00425	0.00226	0.02708	0.00703	(Member $x0 store)
p202622	-0.00896	-0.00123	-0.01162	0.00258	-0.02192	0.00504	0.01429	-0.00314	-0.02722	0.03106	0.01360	-0.00551	-0.01463	0.01546	-0.03103	-0.00158	0.00828	0.01947	0.00552	-0.00557	-0.00708	0.01235	0.01189	0.00904	-0.02582	0.03303	0.00222	-0.01495	-0.01834	0.00582	-0.00610	-0.00363	(Member $x0 sun)
p202623	-0.00495	0.00263	0.00007	0.00436	-0.01744	0.00095	0.00518	-0.01336	-0.00950	0.01890	0.00015	-0.00332	0.00525	-0.00917	-0.01746	-0.00439	0.00823	-0.00576	-0.00426	-0.00450	-0.01306	-0.00869	0.01093	0.00486	-0.00976	0.03153	0.01128	0.00625	-0.01047	0.01706	-0.00116	-0.00849	(Member $x0 system)
p202624	-0.00383	-0.00330	0.00308	-0.00271	-0.00545	-0.00634	-0.00138	-0.00925	-0.00019	-0.00114	-0.00953	-0.01090	0.00850	-0.00153	0.00746	-0.00532	-0.00039	0.00097	-0.00420	-0.00518	0.01213	-0.00586	-0.00355	0.03372	0.00026	-0.00861	-0.00103	-0.00566	-0.00500	0.00805	0.00846	0.00596	(Member $x0 village)
p202625	-0.00601	0.00012	-0.00942	0.00485	-0.02596	0.00071	0.03264	-0.00383	-0.02747	0.00713	-0.00140	0.02164	-0.01003	-0.00755	-0.01264	0.01749	0.01184	-0.00575	-0.00262	-0.01327	-0.01422	-0.00479	0.01195	-0.00212	0.02627	0.02351	-0.00499	0.00650	-0.00495	-0.00392	-0.02171	-0.01401	(Member $x0 war)
p202626	-0.00668	0.02875	0.03375	0.04416	-0.01049	0.00176	-0.01337	0.00023	0.05562	0.00117	-0.03298	0.00322	-0.00699	0.01399	-0.00552	0.06030	0.00275	-0.02727	-0.00074	-0.02187	-0.00877	-0.00431	-0.00062	0.05461	0.02601	0.00407	-0.03020	-0.01066	-0.03072	-0.03047	-0.03641	-0.03459	(Member $x0 windshield)
p202627	0.03519	0.02807	-0.00086	-0.00657	0.01764	-0.00631	0.00206	-0.02059	-0.00264	0.00466	0.02069	-0.00337	-0.02998	0.00168	0.00377	-0.02310	-0.00317	-0.00972	-0.02166	-0.00678	-0.01208	-0.00972	0.04290	-0.01416	-0.00687	-0.01695	0.01437	0.00392	-0.00929	0.01301	0.02028	0.00758	(Might $e0)
p202628	0.03359	-0.00072	0.00903	0.00460	-0.00444	0.00350	0.00344	0.00019	0.00074	-0.00818	-0.00710	-0.01334	0.01052	-0.00382	0.00091	-0.01441	0.00043	-0.00356	-0.02523	-0.00524	0.00583	-0.00300	-0.00289	0.00431	-0.00306	-0.00049	-0.00076	-0.00465	-0.00865	0.00790	0.01590	-0.01390	(Permitted $e0)
p202629	-0.00491	-0.02114	-0.00928	-0.00402	-0.01222	-0.02070	-0.00647	0.01866	0.00263	0.01334	0.02294	0.02988	0.00613	-0.00342	-0.00298	0.00694	0.00126	0.02496	0.00394	-0.00454	0.03606	-0.00599	-0.00429	0.02880	-0.00695	-0.00502	-0.00799	-0.04044	0.01383	-0.02166	-0.04213	0.01952	(ProportionOf $x0 $x1 most)
p202630	-0.03382	-0.07752	-0.05163	-0.05866	0.00572	-0.02475	-0.03685	0.05672	0.21794	-0.02323	0.28485	-0.03490	-0.02563	-0.02461	-0.04895	-0.01050	-0.03859	-0.03397	-0.02078	-0.00289	0.20716	-0.00896	-0.02040	-0.04902	-0.06722	0.00695	-0.02002	-0.12604	0.04874	0.07683	-0.02166	0.11292	(Time $e0 night)
p202631	0.00971	0.09770	0.01327	-0.02828	0.01794	-0.01617	0.06681	-0.08395	0.05429	-0.01339	-0.09232	-0.09747	0.09288	0.05371	0.02529	-0.03892	-0.04738	-0.02578	-0.06061	-0.05568	0.17075	-0.02680	0.00682	0.06219	-0.05871	-0.08750	-0.05381	-0.10360	-0.04492	0.11292	0.19410	-0.02879	(Time $e0 this_year)
p202632	-0.01124	-0.07634	-0.09501	-0.05156	-0.10142	0.15547	0.05312	0.07763	0.16474	-0.03671	-0.13608	-0.05878	-0.08284	-0.01197	0.01819	-0.05722	0.14540	0.03641	0.00984	-0.03888	-0.08766	-0.00888	0.06153	-0.05226	-0.02327	-0.05484	-0.00401	0.14945	0.07104	0.02319	0.20886	0.10485	(Time $e0 tonight)
p202633	0.01524	-0.01091	0.04022	-0.00612	0.00069	-0.01146	-0.01810	-0.03913	0.03117	0.03473	-0.01335	0.01544	0.02339	0.01755	0.05190	-0.02613	-0.01787	-0.00315	0.01105	0.00010	0.01348	-0.01762	-0.00388	0.00116	-0.01704	0.00504	0.01575	-0.03907	-0.05043	-0.06442	-0.01937	0.00175	(TimeAtLeast $e0 (Year <num>))
p202634	-0.00284	-0.00588	0.00098	-0.00037	-0.01166	-0.00140	-0.00370	0.02179	-0.00345	-0.00566	0.00092	0.00445	0.02068	-0.00310	0.00609	0.00544	0.00104	-0.00047	-0.00208	-0.00271	-0.00211	-0.00136	-0.00394	-0.00272	-0.00257	-0.00310	-0.00292	-0.00156	-0.00370	-0.00373	-0.01131	-0.00275	(To $x0 $x1)
p202662	-0.01370	0.03263	-0.04873	-0.05796	0.04284	-0.05386	-0.08673	-0.11306	-0.08523	0.04216	0.18132	-0.06109	0.18014	0.00004	-0.08314	-0.02051	-0.01386	0.01447	0.04975	-0.01464	-0.05476	-0.00500	0.01903	-0.02884	0.16325	-0.03487	-0.00605	0.06468	0.02825	-0.03362	0.15237	-0.00749	(And (Agent $e0 $x0) (Member $e0 begin) (Ongoing $e1) (Theme $e0 $e1))
p202663	-0.01369	0.03263	-0.04873	-0.05796	0.04284	-0.05386	-0.08673	-0.11306	-0.08522	0.04216	0.18133	-0.06109	0.18014	0.00005	-0.08314	-0.02051	-0.01386	0.01447	0.04975	-0.01463	-0.05476	-0.00500	0.01904	-0.02884	0.16325	-0.03487	-0.00605	0.06468	0.02825	-0.03361	0.15237	-0.00748	(And (Agent $e0 $x0) (Member $e1 begin) (Ongoing $e0) (Theme $e1 $e0))
p202664	-0.01369	0.03263	-0.04873	-0.05796	0.04284	-0.05386	-0.08673	-0.11306	-0.08523	0.04216	0.18133	-0.06109	0.18014	0.00005	-0.08314	-0.02051	-0.01386	0.01447	0.04975	-0.01463	-0.05476	-0.00500	0.01904	-0.02884	0.16325	-0.03487	-0.00605	0.06468	0.02825	-0.03361	0.15237	-0.00748	(And (Agent $e0 $x0) (Member $e1 begin) (Past $e1) (Theme $e1 $e0))
p202665	-0.02170	0.00830	-0.00796	-0.02750	0.02894	-0.02850	-0.02563	-0.00352	-0.02096	-0.01389	0.02735	0.00964	-0.02361	0.00369	0.01604	0.05241	0.07158	-0.01287	0.03209	0.00035	0.00481	-0.00798	-0.00164	0.00293	0.01840	-0.01923	-0.03252	-0.01486	0.03033	0.05529	-0.02129	-0.02580	(And (Agent $e0 $x0) (Member $x1 new) (Past $e0) (Theme $e0 $x1))
p202666	-0.06876	-0.01431	-0.00496	-0.01437	0.04845	0.04336	0.05925	-0.02743	0.00383	0.01091	-0.02893	-0.00710	0.04512	0.00148	-0.03127	0.07526	-0.04687	0.05968	0.09652	-0.01143	0.00741	0.00476	-0.00415	-0.01194	-0.05347	0.00388	0.08980	-0.00760	0.00293	-0.06173	-0.01870	0.02980	(And (Cardinality $x0 <num>) (Holder $e0 $x1) (Member $e0 have) (Theme $e0 $x0))
p202668	-0.00853	-0.14563	0.12148	0.18413	-0.14556	0.15591	-0.06167	-0.05893	-0.07411	0.01438	-0.02629	0.15079	0.17518	0.02021	-0.03160	-0.12979	0.17325	-0.04460	0.02004	0.11373	0.08409	0.01875	0.00667	-0.05735	0.11725	0.00532	0.15964	-0.17510	-0.14537	0.17702	-0.07735	0.16828	(And (Experiencer $e0 $x0) (Member $e1 get) (Ongoing $e1) (Result $e1 $e0))
p202674	-0.01779	0.05864	0.09762	0.13848	-0.03105	0.01037	-0.00089	0.05003	0.12301	-0.01191	-0.00154	-0.01609	-0.04901	-0.00088	-0.01852	0.12027	0.02458	-0.07159	0.02483	-0.03863	-0.03672	0.00739	0.01111	0.09014	-0.01051	0.00422	-0.05511	0.02221	-0.09507	-0.02556	-0.02424	-0.05825	(And (Member $e0 start) (Past $e0) (Patient $e1 $x0) (Theme $e0 $e1))
p202675	0.02831	0.16420	-0.05630	0.11266	0.31050	-0.14820	-0.08673	0.18746	-0.06807	-0.04233	-0.02713	-0.02289	-0.18094	-0.01007	0.11454	-0.23918	-0.17939	0.12506	-0.06072	-0.03592	-0.06993	-0.00709	0.00094	0.00904	0.15838	0.02145	0.36492	0.03897	-0.05194	0.26514	-0.10373	-0.09035	(And (Member $e0 stop) (Past $e0) (Past $e1) (Theme $e0 $e1))
p202677	-0.01080	0.09596	0.05643	0.07674	-0.01793	0.00843	-0.04505	-0.03474	0.14834	0.00673	-0.06709	0.00108	0.03232	-0.00573	-0.02459	0.13318	-0.00594	-0.06029	0.00447	-0.04616	-0.02339	-0.00667	0.01973	0.08492	0.10557	0.01089	-0.06710	-0.01252	-0.05628	-0.07342	-0.07432	-0.07910	(And (Ongoing $e0) (Past $e1) (Patient $e1 $x0) (Theme $e1 $e0))
p203242	0.00781	-0.03400	0.08961	0.04639	0.02963	-0.04385	0.09104	-0.02590	-0.06509	-0.01624	0.03343	0.01705	-0.01895	0.00961	0.06095	-0.00331	-0.02775	0.09646	-0.00285	0.00116	0.01090	0.01209	-0.00313	-0.00118	-0.04345	-0.01241	-0.01038	-0.02771	-0.05310	-0.04995	-0.01285	0.01835	(And (Agent $e0 $x0) (Cardinality $x0 <num>) (Past $e0))
p203243	0.00787	-0.16157	0.03072	0.11644	0.28284	-0.13471	0.19686	-0.10545	0.27828	0.01752	-0.13686	0.04476	0.29962	-0.04129	-0.08068	0.06779	-0.16213	0.20045	-0.04445	-0.00676	-0.13063	-0.03997	-0.03347	-0.12568	-0.16362	0.01288	-0.06645	0.26501	-0.07818	0.11377	-0.03908	0.28960	(And (Agent $e0 $x0) (Cardinality $x1 <num>) (Theme $e0 $x1))
p203247	-0.01051	0.02155	0.03341	-0.02506	0.05268	-0.05055	-0.01770	0.10770	-0.01209	0.01604	-0.03621	-0.01016	-0.00615	0.02465	-0.03443	-0.00752	-0.03376	-0.01960	0.03506	0.05102	0.06871	-0.01140	-0.01220	0.00421	0.03060	-0.03333	0.00153	0.09062	0.03970	-0.01482	-0.00739	-0.02787	(And (Agent $e0 $x0) (Experiencer $e1 $x1) (Result $e0 $e1))
p203248	-0.00578	-0.00839	0.05293	-0.04617	0.03109	-0.02813	-0.00687	0.01417	0.00152	0.02208	-0.02678	-0.01579	-0.02099	0.00083	-0.00651	-0.02995	-0.02739	-0.00875	0.00573	-0.02452	-0.00592	0.05047	0.00135	-0.01222	-0.00243	-0.00165	0.02591	-0.00208	0.05072	0.00657	0.01320	0.01741	(And (Agent $e0 $x0) (GroupOf $x0 boy) (Ongoing $e0))
p203249	-0.01244	0.04028	-0.02849	-0.00306	0.05117	0.05318	0.03701	0.00404	-0.02081	0.03617	0.02263	0.02583	-0.02512	0.00408	-0.03014	-0.00857	-0.03919	-0.00570	0.00995	-0.03280	0.06851	0.04498	-0.00448	0.03668	-0.02930	-0.00858	-0.00123	-0.06123	-0.01543	0.00555	-0.03912	-0.04554	(And (Agent $e0 $x0) (GroupOf $x0 child) (Location $e0 $x1))
p203250	0.00127	0.02237	-0.02879	-0.00402	0.04830	0.06537	0.01618	0.01238	-0.02509	0.04530	0.03950	0.04917	-0.03284	0.00241	-0.04064	0.00507	-0.03775	-0.01190	-0.00342	-0.02742	0.04108	0.03991	-0.00652	0.01582	-0.01257	0.00759	-0.00472	-0.04892	-0.00690	-0.00049	-0.05087	-0.03954	(And (Agent $e0 $x0) (GroupOf $x0 child) (Member $e0 play))
p203251	-0.01867	0.00833	0.02011	0.05278	-0.03972	0.01071	0.03961	0.06482	-0.01372	0.02155	0.05670	-0.02015	-0.06125	0.00435	-0.04179	0.00193	0.03543	0.02619	0.04458	-0.00370	-0.00849	0.02401	0.00716	0.03251	-0.08050	-0.00583	0.00128	0.01639	-0.04681	0.03492	0.02252	-0.01964	(And (Agent $e0 $x0) (Location $e1 $x1) (Theme $e0 $e1))
p203252	-0.01369	0.03263	-0.04873	-0.05796	0.04284	-0.05386	-0.08673	-0.11306	-0.08523	0.04216	0.18133	-0.06109	0.18014	0.00005	-0.08314	-0.02051	-0.01386	0.01447	0.04975	-0.01463	-0.05476	-0.00500	0.01904	-0.02884	0.16325	-0.03487	-0.00605	0.06468	0.02825	-0.03361	0.15237	-0.00748	(And (Agent $e0 $x0) (Member $e1 begin) (Theme $e1 $e0))
p203253	-0.01273	-0.05403	-0.08274	-0.04560	-0.11945	0.15308	0.04613	0.06683	0.10812	0.01903	-0.12666	-0.05235	-0.07445	-0.01019	-0.01741	-0.03561	0.14285	0.08761	0.01849	-0.01954	-0.05594	-0.00403	0.03610	-0.02808	-0.03277	-0.01682	-0.00972	0.10691	0.05706	-0.00465	0.11064	0.06453	(And (Agent $e0 $x0) (Member $e1 try) (Theme $e1 $e0))
p203254	-0.01202	-0.00320	-0.00308	-0.01528	0.00946	0.05341	-0.00207	0.00314	-0.00792	-0.01411	0.02190	0.02183	0.01607	0.00280	0.02573	0.02626	-0.02327	0.01141	0.02528	-0.00243	-0.01039	-0.00292	0.00305	-0.00600	-0.01603	-0.01198	-0.02181	-0.00418	0.00562	0.01589	-0.02770	-0.00897	(And (Agent $e0 $x0) (Member $x0 company) (Past $e0))
p203255	-0.02427	-0.09676	-0.11267	-0.07700	-0.16976	0.19413	0.02474	0.10586	0.19242	-0.06049	-0.14533	-0.11130	-0.07716	-0.01347	0.04905	-0.01343	0.20201	0.00517	0.03121	-0.04680	-0.14097	-0.03013	0.05904	-0.06538	-0.02573	-0.06001	-0.02897	0.22528	0.11289	0.10421	0.23728	0.14863	(And (Agent $e0 $x0) (Member $x0 man) (Past $e0))
p203256	-0.00065	0.00813	0.00997	0.00014	0.00685	-0.00354	-0.00220	-0.03232	0.01837	0.01227	-0.01839	-0.01298	0.01102	-0.00156	0.02812	-0.01284	-0.01021	-0.00867	-0.00754	0.00984	0.02082	-0.01021	-0.00233	0.00832	-0.00907	-0.01037	0.00188	-0.01038	-0.02341	-0.00645	0.01727	-0.01047	(And (Agent $e0 $x0) (Member $x0 plane) (Past $e0))
p203257	0.02820	0.09013	0.00561	-0.00547	-0.01568	0.01457	-0.00450	0.00628	-0.02533	0.03452	0.00853	0.00451	-0.02733	-0.00080	-0.02294	0.02563	0.01660	-0.03325	-0.03967	-0.00586	-0.01288	-0.01484	-0.00460	-0.02483	-0.00396	0.02087	-0.01596	0.01457	-0.00441	0.02621	-0.01694	0.03571	(And (Agent $e0 $x0) (Member $x0 thing) (Theme $e0 $x1))
p203258	-0.01623	0.01397	-0.04895	0.01813	0.07557	0.03557	-0.01266	0.10993	-0.00813	-0.00435	-0.00911	-0.02840	0.03424	-0.00109	-0.01807	0.01417	-0.05289	-0.04447	0.02673	0.09186	0.00129	0.00181	-0.01013	-0.00449	0.01347	-0.02167	-0.01744	0.09506	-0.01200	-0.02247	0.00841	-0.02213	(And (Agent $e0 $x0) (Member $x1 door) (Patient $e0 $x1))
p203259	0.01997	0.00513	0.00026	-0.01470	0.08410	0.14423	-0.01808	-0.01911	-0.01692	0.01366	0.06431	0.00426	-0.01339	0.00296	-0.00399	0.02006	-0.05056	-0.04913	-0.02746	-0.00620	-0.02851	-0.01382	0.00053	0.02762	0.01443	0.00493	-0.01621	0.01217	0.00425	0.02509	-0.01002	-0.02098	(And (Agent $e0 $x0) (PartOf $x1 $x2) (Theme $e0 $x1))
p203260	-0.01804	0.01278	-0.01588	0.01011	0.02090	-0.01183	0.00424	0.00900	-0.00002	0.06635	-0.02056	0.01990	-0.01730	-0.00764	-0.04488	-0.01364	-0.00922	-0.02949	0.02229	-0.00047	0.00811	0.02748	-0.01510	0.00958	-0.00405	0.03164	0.02015	-0.00214	-0.02318	-0.00831	-0.01485	-0.01483	(And (Agent $e0 $x0) (Past $e1) (Stimulus $e1 $e0))
p203261	0.02018	0.00687	-0.03123	0.06862	0.01772	-0.00652	-0.02271	-0.03753	0.04469	0.07887	0.00937	0.02787	-0.01305	-0.00774	-0.00913	-0.02770	-0.01101	-0.02885	-0.00810	-0.01708	0.03537	-0.03042	0.00807	0.00119	0.00625	-0.00633	0.02461	-0.03621	0.06413	-0.03899	-0.03372	-0.01888	(And (Agent $e0 $x0) (Past $e1) (To $e1 $e0))
p203264	-0.00446	-0.01948	-0.03504	0.04140	-0.00818	0.00029	-0.00922	-0.03377	-0.02042	0.01382	-0.01363	-0.02122	-0.00179	0.01271	0.01659	-0.00357	-0.01308	-0.00302	-0.01500	-0.00606	-0.01824	0.01955	0.01312	-0.01323	-0.01297	0.03635	-0.00103	-0.00827	0.03097	-0.00536	0.02450	0.02937	(And (Before $e0 $e1) (Past $e0) (Past $e1))
p203265	-0.06876	-0.01431	-0.00496	-0.01437	0.04845	0.04336	0.05925	-0.02743	0.00383	0.01091	-0.02893	-0.00710	0.04512	0.00148	-0.03127	0.07526	-0.04687	0.05968	0.09652	-0.01143	0.00741	0.00476	-0.00415	-0.01194	-0.05347	0.00388	0.08980	-0.00760	0.00293	-0.06173	-0.01870	0.02980	(And (Cardinality $x0 <num>) (Holder $e0 $x1) (Theme $e0 $x0))
p203267	-0.00853	-0.14563	0.12148	0.18413	-0.14556	0.15591	-0.06167	-0.05893	-0.07411	0.01438	-0.02629	0.15079	0.17518	0.02021	-0.03160	-0.12979	0.17325	-0.04460	0.02004	0.11373	0.08409	0.01875	0.00667	-0.05735	0.11725	0.00532	0.15964	-0.17510	-0.14537	0.17702	-0.07735	0.16829	(And (Experiencer $e0 $x0) (Member $e1 get) (Result $e1 $e0))
p203269	-0.01719	0.01856	-0.06379	0.02980	0.04897	-0.02709	-0.01844	0.08080	-0.02371	-0.01699	-0.03748	-0.03486	-0.00139	0.01060	-0.00863	0.01698	-0.04054	-0.01678	0.03003	0.09598	0.07715	0.00796	-0.00529	0.00166	0.03132	-0.03113	-0.03068	0.14639	-0.01683	-0.01933	0.01628	-0.02610	(And (Experiencer $e0 $x0) (Member $e1 leave) (Result $e1 $e0))
p203271	0.00184	0.04074	-0.01248	0.03729	-0.02662	-0.02434	-0.01299	-0.03081	-0.04520	0.00623	-0.04542	0.04600	-0.06282	0.03557	0.01485	-0.00304	-0.01283	-0.00308	0.01902	-0.07964	0.12320	-0.00798	0.03685	0.02098	0.03697	-0.01217	0.01277	0.22502	-0.05481	-0.02964	-0.01523	-0.06006	(And (Experiencer $e0 $x0) (Member $e1 turn) (Result $e1 $e0))
p203273	-0.00853	-0.14563	0.12148	0.18413	-0.14556	0.15591	-0.06167	-0.05893	-0.07411	0.01438	-0.02629	0.15079	0.17518	0.02021	-0.03160	-0.12979	0.17325	-0.04460	0.02004	0.11373	0.08409	0.01875	0.00667	-0.05735	0.11725	0.00532	0.15964	-0.17510	-0.14537	0.17702	-0.07735	0.16829	(And (Experiencer $e0 $x0) (Ongoing $e1) (Result $e1 $e0))
p203274	-0.01588	-0.02362	-0.14965	0.21985	-0.03246	0.00070	0.00055	-0.02397	-0.06992	0.00049	-0.00556	-0.01628	0.00794	-0.02064	-0.03166	0.02100	0.00476	0.02606	-0.00259	-0.02203	-0.00360	-0.00332	0.04168	-0.01774	-0.01085	0.04920	-0.03032	-0.02077	0.22996	0.00462	0.00118	0.01893	(And (GroupOf $x0 person) (Past $e0) (Patient $e0 $x0))
p203275	-0.00513	-0.00424	0.02294	0.03227	-0.01540	-0.00510	-0.03240	-0.01287	0.04542	0.00580	-0.03492	-0.01552	-0.01329	0.01444	-0.00194	0.06308	-0.00065	-0.02831	-0.00879	-0.01870	-0.03123	0.00793	0.01552	0.11044	0.04191	0.03782	-0.02957	-0.00876	-0.03164	-0.03467	-0.02890	0.02925	(And (LocatedIn $x0 $x1) (Past $e0) (Patient $e0 $x0))
p203276	-0.00222	0.01180	0.04373	-0.03355	0.04963	0.06403	0.00821	-0.01214	-0.01839	-0.00619	0.01552	-0.02040	-0.01116	0.00232	-0.00636	-0.01501	-0.03294	-0.01296	-0.00543	-0.00778	-0.01057	-0.01490	0.00940	0.04950	-0.00590	-0.00484	0.00600	-0.00892	0.03928	0.02792	0.02141	-0.02607	(And (Location $e0 $x0) (Member $e0 live) (Member $x0 house))
p203277	0.02831	0.16420	-0.05630	0.11266	0.31050	-0.14820	-0.08673	0.18746	-0.06807	-0.04233	-0.02713	-0.02289	-0.18094	-0.01007	0.11454	-0.23918	-0.17939	0.12506	-0.06072	-0.03592	-0.06993	-0.00709	0.00094	0.00904	0.15838	0.02145	0.36492	0.03897	-0.05194	0.26514	-0.10373	-0.09035	(And (Member $e0 stop) (Past $e1) (Theme $e0 $e1))
p203278	0.00559	-0.02141	-0.00905	-0.00541	-0.02917	0.00443	-0.00918	0.00799	-0.02653	0.00343	-0.00528	0.00207	0.03405	-0.00423	0.02991	0.00252	0.00034	0.00807	-0.01854	-0.00909	-0.00660	0.02185	0.01961	-0.01107	-0.01559	0.01979	-0.00027	-0.01896	-0.01040	-0.01373	-0.00990	0.02650	(And (Member $x0 fire) (Past $e0) (Patient $e0 $x0))
p203279	0.00978	0.00615	0.00282	0.00082	-0.01549	-0.00138	0.00522	0.00088	-0.00659	-0.00287	-0.00758	0.00114	0.01091	-0.00062	-0.00880	-0.01027	0.00036	0.00598	0.05315	0.00448	-0.00017	-0.00333	0.00068	0.01250	-0.00509	-0.00539	-0.00585	-0.00328	-0.00216	0.00575	-0.00751	-0.01992	(And (Member $x0 picture) (Past $e0) (Theme $e0 $x0))
p203280	0.00466	0.07850	-0.00731	-0.01273	0.01232	-0.00226	0.00737	-0.02277	-0.01530	-0.00361	0.04615	-0.01123	-0.03764	0.00177	0.01496	-0.02063	-0.01615	-0.00686	-0.00108	-0.00756	0.00637	-0.00356	0.04260	-0.03214	-0.02840	-0.01184	0.01250	-0.01313	-0.01116	-0.00634	0.00633	0.07408	(And (Member $x0 thing) (Obligated $e0) (Patient $e0 $x0))
p203281	-0.00729	0.02100	-0.03261	-0.00718	-0.02783	0.04714	-0.00653	0.00510	0.12052	0.01525	-0.06811	-0.00058	-0.03641	0.01695	-0.02251	0.01763	0.01854	0.02301	0.02889	-0.02237	0.00147	0.03831	0.04446	0.00845	-0.00578	-0.03105	-0.02484	-0.00677	0.00102	-0.03415	-0.00138	-0.02150	(And (Ongoing $e0) (Patient $e1 $x0) (Theme $e0 $e1))
p203282	0.00458	-0.01137	0.03018	0.02150	0.00334	-0.00489	0.01123	-0.01683	-0.07577	-0.00751	0.09128	-0.04908	0.03386	-0.00130	-0.00320	0.00514	0.04124	0.02339	-0.00777	0.00337	-0.04181	0.00775	-0.00614	-0.01908	0.05084	-0.00414	-0.01977	0.04252	-0.02141	-0.02293	0.10067	-0.00118	(And (Past $e0) (Recipient $e1 $x0) (Theme $e0 $e1))
p203283	0.04947	0.00143	-0.01262	-0.03575	-0.04961	0.05516	-0.02558	0.03119	0.02760	-0.00205	-0.02533	0.00089	-0.02456	0.01679	-0.00706	0.01818	0.04435	0.07663	-0.05968	-0.00160	0.03724	-0.01040	-0.01714	0.00050	0.01450	0.02284	-0.04331	-0.06102	0.01858	0.01035	-0.01138	-0.02655	(And (Past $e0) (Theme $e0 $e1) (Theme $e1 $x0))
p203527	-0.00038	-0.00050	0.00011	0.00241	-0.00086	-0.00589	-0.00182	-0.00599	-0.00224	-0.00351	-0.00104	0.00282	-0.00723	0.00877	0.00422	-0.00966	-0.00439	0.00412	0.00438	-0.00256	0.01608	-0.00232	0.00996	-0.00180	0.00327	-0.01323	0.00657	0.01791	-0.00533	0.00279	0.00245	-0.00800	(And (Inheritance living_room room) (Member $x0 living_room))
p203575	0.00099	0.00856	0.00339	-0.00296	-0.00890	-0.00218	0.00424	0.01345	0.00241	-0.00011	-0.01185	-0.00794	0.02392	0.00128	0.01105	-0.00615	-0.00365	-0.00500	-0.00678	-0.00909	0.00636	-0.00498	0.00147	0.00709	-0.00904	-0.01037	0.00153	-0.00747	-0.00947	0.00775	0.00523	-0.00824	(Inheritance dung_beetle beetle)
p203576	-0.00052	-0.00065	-0.00002	0.00226	-0.00101	-0.00603	-0.00197	-0.00614	-0.00238	-0.00366	-0.00120	0.00267	-0.00737	0.00863	0.00407	-0.00981	-0.00453	0.00397	0.00423	-0.00272	0.01593	-0.00247	0.00981	-0.00195	0.00313	-0.01337	0.00643	0.01776	-0.00548	0.00264	0.00230	-0.00814	(Inheritance living_room room)
p203608	0.01550	-0.00526	0.05675	-0.02137	0.03825	-0.02635	0.13689	-0.04311	-0.04310	0.00341	-0.05610	0.01903	-0.03475	0.01742	0.06091	-0.00322	-0.01667	0.01219	-0.01686	-0.01130	-0.00986	-0.00949	0.00792	-0.00614	0.09522	-0.01971	-0.00104	-0.02618	-0.02968	-0.06011	-0.03269	-0.00713	(And (Agent $e0 $x0) (Goal $e0 $x1) (Member $e0 come) (Past $e0))
p203609	-0.01369	0.03263	-0.04873	-0.05796	0.04284	-0.05386	-0.08673	-0.11306	-0.08523	0.04216	0.18133	-0.06109	0.18014	0.00005	-0.08314	-0.02051	-0.01386	0.01447	0.04975	-0.01463	-0.05476	-0.00500	0.01904	-0.02884	0.16325	-0.03487	-0.00605	0.06468	0.02825	-0.03361	0.15237	-0.00748	(And (Agent $e0 $x0) (Member $e0 begin) (Past $e0) (Theme $e0 $e1))
p203610	-0.02491	0.00257	-0.00613	-0.02721	-0.03034	-0.00606	-0.01902	-0.01082	-0.01407	-0.01343	0.03838	0.04233	-0.01436	0.00104	0.02421	0.04576	0.00007	0.00927	0.04751	0.00513	-0.00025	-0.00900	0.00160	0.00147	0.00744	-0.01558	-0.02583	-0.01105	0.02395	0.04526	-0.03917	-0.02092	(And (Agent $e0 $x0) (Member $e0 capture) (Past $e0) (Theme $e0 $x1))
p203611	-0.01976	-0.01799	-0.04944	-0.02864	-0.01647	-0.02066	-0.02197	0.00963	-0.04950	-0.05015	-0.01124	-0.01793	-0.02680	-0.00053	0.05829	0.05156	-0.01419	0.01976	0.00571	0.00121	-0.00403	0.09004	-0.00473	-0.01816	0.00116	-0.01220	-0.04452	0.01851	0.04610	0.06786	0.01172	0.03392	(And (Agent $e0 $x0) (Ongoing $e0) (Past $e0) (Theme $e0 $x1))
p203612	0.16231	0.11366	-0.03289	-0.04503	-0.10958	-0.05445	0.06028	-0.06923	0.14151	-0.01522	0.27660	0.25902	0.07716	-0.03786	0.14655	-0.09370	0.19345	-0.06807	-0.05250	0.12110	-0.19075	-0.04072	-0.02353	0.08578	-0.06344	0.04110	0.24305	0.26935	0.14184	-0.17189	-0.22970	-0.11036	(And (Experiencer $e0 $x0) (Location $e0 $x1) (Ongoing $e0) (Past $e0))
p203613	-0.00853	-0.14563	0.12148	0.18413	-0.14556	0.15591	-0.06167	-0.05893	-0.07411	0.01438	-0.02629	0.15079	0.17518	0.02021	-0.03160	-0.12979	0.17326	-0.04460	0.02004	0.11373	0.08409	0.01875	0.00667	-0.05735	0.11725	0.00532	0.15964	-0.17510	-0.14537	0.17702	-0.07735	0.16829	(And (Member $e0 get) (Ongoing $e0) (Patient $e0 $x0) (Result $e0 $e1))
p203676	0.00990	-0.01209	-0.02460	0.02111	0.01793	-0.01715	0.00874	0.01164	-0.02572	0.02540	-0.02064	-0.01211	-0.00357	-0.00640	-0.03232	0.05514	-0.02358	0.03383	-0.03406	0.19470	0.00717	-0.01729	-0.01750	0.00326	-0.00617	0.01263	-0.06171	-0.03048	0.02693	0.03034	-0.00352	-0.00556	(And (Agent $e0 $x0) (Future $e0) (Theme $e0 $x1))
p203677	0.01550	-0.00527	0.05674	-0.02137	0.03824	-0.02636	0.13689	-0.04311	-0.04310	0.00340	-0.05611	0.01903	-0.03475	0.01742	0.06090	-0.00322	-0.01667	0.01219	-0.01686	-0.01130	-0.00987	-0.00949	0.00792	-0.00614	0.09522	-0.01971	-0.00104	-0.02618	-0.02969	-0.06011	-0.03269	-0.00714	(And (Agent $e0 $x0) (Goal $e0 $x1) (Member $e0 come))
p203678	0.00658	-0.00950	-0.01420	-0.01846	-0.01848	-0.00832	0.07720	0.00756	-0.03035	-0.00554	0.01078	0.01137	-0.04012	0.00965	0.00338	0.02327	-0.00060	-0.01923	0.00494	-0.00817	-0.02521	-0.01017	0.01885	-0.01047	0.08111	-0.01690	-0.01471	0.00408	0.02455	0.04368	-0.01771	-0.00589	(And (Agent $e0 $x0) (Goal $e0 $x1) (Theme $e0 $x2))
p203679	0.00422	0.00051	0.03855	-0.02098	0.00411	-0.00001	-0.02951	-0.08400	0.03201	0.03283	0.01100	0.02321	-0.00753	-0.00373	0.07773	-0.01144	-0.01637	-0.01032	-0.00496	0.00095	0.02340	-0.02340	0.00247	-0.00017	-0.00605	-0.00860	0.01440	-0.02694	-0.04065	-0.03442	-0.01721	-0.01050	(And (Agent $e0 $x0) (Goal $e0 home) (Past $e0))
p203680	-0.01049	0.01012	0.02196	0.04695	-0.03119	-0.00302	0.04245	0.11306	-0.00599	-0.04128	0.03628	-0.04767	0.01252	0.01137	-0.00860	0.01534	0.01245	-0.01411	0.01691	-0.01861	0.00066	0.01547	0.00907	0.02392	-0.07280	-0.03502	-0.02562	0.00752	-0.03848	0.06807	0.06735	-0.01121	(And (Agent $e0 $x0) (Location $e0 $x1) (Patient $e0 $x2))
p203681	-0.01369	0.03263	-0.04873	-0.05796	0.04284	-0.05386	-0.08673	-0.11306	-0.08522	0.04216	0.18133	-0.06109	0.18014	0.00005	-0.08314	-0.02051	-0.01386	0.01447	0.04975	-0.01463	-0.05476	-0.00500	0.01904	-0.02884	0.16325	-0.03487	-0.00605	0.06468	0.02825	-0.03361	0.15237	-0.00748	(And (Agent $e0 $x0) (Member $e0 begin) (Past $e0))
p203682	-0.01369	0.03263	-0.04873	-0.05796	0.04284	-0.05386	-0.08673	-0.11306	-0.08522	0.04216	0.18133	-0.06109	0.18014	0.00005	-0.08314	-0.02051	-0.01386	0.01447	0.04975	-0.01463	-0.05476	-0.00500	0.01904	-0.02884	0.16325	-0.03487	-0.00605	0.06468	0.02825	-0.03361	0.15237	-0.00748	(And (Agent $e0 $x0) (Member $e0 begin) (Theme $e0 $e1))
p203683	-0.02491	0.00257	-0.00613	-0.02721	-0.03034	-0.00606	-0.01902	-0.01082	-0.01407	-0.01343	0.03838	0.04234	-0.01436	0.00104	0.02421	0.04576	0.00007	0.00927	0.04751	0.00514	-0.00025	-0.00900	0.00160	0.00147	0.00744	-0.01558	-0.02583	-0.01105	0.02396	0.04526	-0.03917	-0.02092	(And (Agent $e0 $x0) (Member $e0 capture) (Past $e0))
p203684	-0.02491	0.00257	-0.00613	-0.02721	-0.03034	-0.00606	-0.01902	-0.01082	-0.01407	-0.01343	0.03838	0.04233	-0.01436	0.00104	0.02421	0.04576	0.00007	0.00927	0.04751	0.00513	-0.00025	-0.00900	0.00160	0.00147	0.00744	-0.01558	-0.02583	-0.01105	0.02395	0.04526	-0.03917	-0.02092	(And (Agent $e0 $x0) (Member $e0 capture) (Theme $e0 $x1))
p203685	-0.00390	0.00372	-0.00344	-0.01002	-0.02714	-0.00065	0.00289	0.05460	-0.01917	-0.01918	-0.00473	-0.01055	0.04395	0.00512	0.01025	0.02357	0.00319	-0.00613	-0.00082	-0.00200	0.00231	-0.00089	-0.00276	0.00427	-0.00890	-0.01183	-0.02413	-0.01337	-0.00331	0.03092	0.00298	-0.00772	(And (Agent $e0 $x0) (Member $e0 cause) (Past $e0))
p203686	-0.00521	0.02298	0.00425	-0.01632	0.04220	-0.01586	0.00346	-0.02756	0.01068	-0.00311	-0.00478	-0.02158	0.00727	0.00466	0.01479	0.00670	0.04487	-0.01293	-0.00424	-0.01926	0.04724	-0.01032	0.00012	0.02147	-0.01101	-0.02945	-0.01999	-0.03831	-0.00347	0.03514	0.01762	-0.02925	(And (Agent $e0 $x0) (Member $e0 draw) (Past $e0))
p203687	-0.01115	-0.01334	0.15446	-0.10136	0.02850	-0.03951	-0.01254	0.04561	0.02022	0.02548	-0.04089	-0.03449	-0.02339	-0.00076	-0.04356	-0.04567	-0.02277	-0.01956	0.01583	-0.04122	-0.01980	0.02559	0.00098	-0.01824	0.01162	-0.00555	0.04057	0.01290	0.14998	0.03926	0.02853	0.02082	(And (Agent $e0 $x0) (Member $e0 make) (Ongoing $e0))
p203688	-0.01328	0.02241	-0.03162	-0.00318	0.05680	0.05443	0.01870	0.01462	-0.02740	0.04868	0.02515	0.03701	-0.03227	0.00237	-0.04316	-0.00586	-0.04192	-0.01374	0.01567	-0.02982	0.03621	0.06003	-0.00681	0.01402	-0.01404	0.00659	0.00564	-0.03978	-0.00820	-0.01165	-0.04548	-0.03161	(And (Agent $e0 $x0) (Member $e0 play) (Ongoing $e0))
p203689	-0.00785	-0.05621	-0.06813	-0.04187	-0.10147	0.12970	0.04100	0.04064	0.08597	-0.00849	-0.11591	-0.05522	-0.06125	-0.01184	0.02841	-0.02596	0.11789	0.07536	-0.00465	-0.00964	-0.04538	0.00759	0.02256	-0.03217	-0.02412	-0.01711	-0.01853	0.09232	0.05127	-0.00610	0.11216	0.07417	(And (Agent $e0 $x0) (Member $e0 try) (Past $e0))
p203690	-0.01273	-0.05404	-0.08274	-0.04560	-0.11945	0.15308	0.04613	0.06683	0.10812	0.01903	-0.12666	-0.05235	-0.07445	-0.01019	-0.01741	-0.03561	0.14285	0.08761	0.01849	-0.01955	-0.05594	-0.00403	0.03610	-0.02808	-0.03277	-0.01682	-0.00972	0.10691	0.05706	-0.00465	0.11064	0.06453	(And (Agent $e0 $x0) (Member $e0 try) (Theme $e0 $e1))
p203691	0.01912	-0.00196	-0.05809	0.06346	-0.00091	-0.00368	-0.02508	-0.01017	-0.00124	0.02659	0.00236	0.00815	-0.01233	-0.00450	-0.00696	0.02051	-0.00608	-0.02387	-0.02398	-0.01636	0.01302	0.00627	-0.00429	-0.00645	0.02203	-0.00134	-0.01813	-0.00850	0.08110	0.02507	-0.01022	-0.00999	(And (Agent $e0 $x0) (Member $e0 watch) (Theme $e0 $x1))
p203692	0.01041	-0.00615	0.04538	-0.01352	0.02758	-0.02017	0.04780	-0.05355	-0.00975	0.00846	-0.03205	0.01562	-0.01171	0.00564	0.06059	-0.01240	-0.02009	0.02222	-0.01376	-0.00418	0.00619	-0.00773	0.00408	-0.00281	0.02526	-0.01158	0.00671	-0.02152	-0.03243	-0.04496	-0.01824	0.00129	(And (Agent $e0 $x0) (Over $e0 $x1) (Past $e0))
p203693	0.02018	0.00687	-0.03123	0.06862	0.01772	-0.00652	-0.02270	-0.03753	0.04469	0.07887	0.00937	0.02788	-0.01305	-0.00774	-0.00913	-0.02770	-0.01100	-0.02885	-0.00810	-0.01707	0.03537	-0.03042	0.00807	0.00119	0.00625	-0.00633	0.02461	-0.03620	0.06413	-0.03898	-0.03372	-0.01888	(And (Agent $e0 $x0) (Past $e0) (To $e0 $e1))
p203694	-0.01051	0.02155	0.03341	-0.02506	0.05269	-0.05054	-0.01769	0.10771	-0.01208	0.01604	-0.03621	-0.01016	-0.00615	0.02465	-0.03443	-0.00752	-0.03376	-0.01960	0.03507	0.05102	0.06871	-0.01140	-0.01220	0.00421	0.03060	-0.03333	0.00154	0.09062	0.03970	-0.01482	-0.00739	-0.02787	(And (Agent $e0 $x0) (Patient $e0 $x1) (Result $e0 $e1))
p203695	-0.02229	-0.04933	-0.03759	0.01598	-0.09391	0.11183	0.05082	0.11482	0.11005	-0.01229	-0.04060	-0.07419	-0.09242	-0.00268	-0.02409	-0.02205	0.12312	0.02888	0.04858	-0.02822	-0.07190	0.01667	0.04322	-0.01594	-0.08509	-0.03635	-0.00921	0.12617	0.01143	0.03563	0.15103	0.06202	(And (Agent $e0 $x0) (Patient $e0 $x1) (Theme $e1 $e0))
p203696	0.01060	-0.00249	-0.02541	-0.05226	-0.05214	0.04273	-0.00997	0.02037	0.05422	0.01999	0.05134	0.04719	-0.04358	0.05633	-0.02299	0.02278	0.00408	0.08949	-0.02176	-0.01555	0.07863	-0.01680	0.00525	0.00425	-0.01979	-0.00768	-0.03861	-0.11308	0.02760	0.00751	-0.05610	-0.02485	(And (Experiencer $e0 $x0) (Member $e0 need) (Theme $e0 $e1))
p203697	-0.00546	0.00189	-0.01194	0.00272	-0.03874	0.00161	0.09795	0.00291	-0.05043	0.02069	-0.02423	0.04110	-0.03222	-0.00167	-0.01644	0.03415	0.02060	-0.01987	-0.00361	-0.01780	-0.02112	-0.00887	0.01126	-0.00087	0.08694	0.02920	-0.01460	-0.00440	-0.00335	-0.02550	-0.04242	-0.02254	(And (Goal $e0 $x0) (Manner $e0 quickly) (Past $e0))
p203698	0.01550	-0.00526	0.05675	-0.02137	0.03825	-0.02635	0.13689	-0.04311	-0.04310	0.00341	-0.05610	0.01903	-0.03475	0.01742	0.06091	-0.00322	-0.01667	0.01219	-0.01686	-0.01130	-0.00986	-0.00949	0.00792	-0.00614	0.09522	-0.01971	-0.00104	-0.02618	-0.02968	-0.06011	-0.03269	-0.00713	(And (Goal $e0 $x0) (Member $e0 come) (Past $e0))
p203699	-0.00694	0.01302	-0.02221	-0.00808	-0.02174	0.00388	0.03704	0.01307	-0.05233	-0.00923	-0.01677	-0.02709	-0.01267	-0.01767	-0.00211	0.00567	0.01058	0.01318	-0.01511	0.04708	0.00116	0.05583	-0.00594	0.01461	-0.02832	0.02965	-0.01158	0.00313	0.01574	0.03447	-0.00123	-0.01385	(And (Location $e0 $x0) (Member $e0 walk) (Ongoing $e0))
p203700	-0.00245	0.00642	0.03081	-0.03934	-0.01695	-0.00057	0.02963	-0.00536	-0.03348	-0.03042	-0.02380	-0.04212	-0.00396	-0.01900	0.01229	-0.00179	0.00626	0.01515	-0.02373	0.04865	-0.00936	0.04050	0.00445	0.00495	-0.02627	0.02562	-0.01137	0.00047	0.05235	0.04759	0.02629	-0.00861	(And (Location $e0 $x0) (Member $e0 walk) (Past $e0))
p203701	-0.00946	-0.00029	0.02133	0.04855	-0.00072	-0.00707	0.03886	0.04388	0.03387	-0.02797	0.05896	-0.03199	-0.04721	0.00294	-0.00508	-0.01787	0.00410	-0.01435	0.04121	-0.01178	-0.02402	0.03776	0.03974	0.01345	-0.07195	-0.03715	0.01815	0.02627	-0.04726	0.05141	0.05281	-0.01150	(And (Location $e0 $x0) (Ongoing $e0) (Patient $e0 $x1))
p203702	0.06827	-0.01904	0.00516	0.03459	0.00841	-0.02986	-0.00260	0.02318	0.00518	0.01827	-0.03820	-0.00424	0.01294	-0.00033	-0.03659	-0.08839	-0.01425	0.00700	0.11816	-0.00621	-0.00289	0.00290	0.00564	0.05345	0.01432	-0.00087	0.02956	-0.00066	-0.03443	-0.07563	-0.00784	0.00478	(And (Member $e0 buy) (Past $e0) (Theme $e0 $x0))
p203703	0.00112	0.00433	-0.00903	-0.00966	-0.03339	0.00216	0.01954	0.05554	-0.03898	-0.02469	-0.01661	-0.02889	0.04274	-0.00506	0.00691	0.01444	0.00980	0.00186	-0.02334	0.02030	-0.00033	0.01851	0.00124	0.00792	-0.02248	0.01095	-0.02364	-0.01014	0.00023	0.03216	0.01511	-0.00489	(And (Member $e0 cause) (Past $e0) (Patient $e0 $x0))
p203704	0.03865	-0.00901	0.00096	0.00250	-0.01363	0.00484	-0.00326	0.00905	-0.01885	0.00082	0.00993	0.00679	0.01774	-0.00360	0.00437	-0.00939	-0.00364	0.00497	-0.01213	-0.01205	0.00143	-0.00107	0.01897	0.00038	-0.00682	0.01836	-0.00278	-0.01991	-0.01717	-0.01849	-0.01155	-0.00554	(And (Member $e0 create) (Past $e0) (Patient $e0 $x0))
p203705	-0.00156	0.00309	-0.01338	-0.00064	0.04050	-0.02695	-0.01030	0.06771	-0.02036	-0.00438	-0.00356	0.00279	0.03414	-0.00256	-0.00563	0.03222	0.07684	-0.01549	-0.00560	-0.00338	0.01506	0.00112	-0.00571	0.00068	-0.00058	-0.00031	-0.02526	-0.02418	-0.00514	-0.01884	-0.02407	-0.01374	(And (Member $e0 eat) (Past $e0) (Patient $e0 $x0))
p203706	-0.00355	-0.00223	0.00029	-0.02219	0.13402	-0.05909	0.00678	-0.02951	-0.03034	-0.01076	-0.01702	-0.00044	-0.01989	-0.00813	0.00531	0.04601	0.18285	0.03309	-0.01878	-0.01721	0.05430	0.01606	0.00578	0.00148	-0.02187	0.00239	-0.05226	-0.05438	0.01492	-0.03291	-0.01361	-0.00698	(And (Member $e0 fall) (Past $e0) (Source $e0 $x0))
p203707	0.02501	0.00279	0.00514	0.01343	-0.00982	-0.00684	0.01100	0.01080	-0.00005	0.00253	-0.02386	-0.01052	0.01799	-0.00258	-0.02486	-0.03531	0.00072	0.00341	0.05534	0.00310	0.00124	-0.00011	-0.00114	0.01331	-0.00702	0.00099	0.00477	-0.00172	-0.01266	-0.01487	0.00438	-0.01564	(And (Member $e0 find) (Past $e0) (Theme $e0 $x0))
p203708	-0.00853	-0.14563	0.12148	0.18413	-0.14556	0.15591	-0.06167	-0.05893	-0.07411	0.01438	-0.02629	0.15079	0.17518	0.02021	-0.03160	-0.12979	0.17325	-0.04460	0.02004	0.11373	0.08409	0.01875	0.00667	-0.05735	0.11725	0.00532	0.15964	-0.17510	-0.14537	0.17702	-0.07735	0.16829	(And (Member $e0 get) (Patient $e0 $x0) (Result $e0 $e1))
p203709	-0.00201	-0.01854	-0.00917	-0.00326	-0.01870	-0.00277	-0.00786	-0.01734	-0.02739	0.00419	0.01544	0.00038	-0.00525	-0.00626	-0.00113	0.00992	0.00433	0.00876	-0.00911	-0.00724	-0.01173	-0.00379	0.02251	0.03122	0.00226	0.03130	-0.00345	-0.00510	-0.00396	0.00017	-0.00865	0.02684	(And (Member $e0 increase) (Past $e0) (Patient $e0 $x0))
p203710	-0.01719	0.01856	-0.06379	0.02980	0.04897	-0.02709	-0.01844	0.08080	-0.02371	-0.01699	-0.03748	-0.03486	-0.00139	0.01060	-0.00862	0.01698	-0.04054	-0.01678	0.03003	0.09598	0.07715	0.00796	-0.00529	0.00166	0.03132	-0.03113	-0.03068	0.14638	-0.01684	-0.01933	0.01628	-0.02610	(And (Member $e0 leave) (Patient $e0 $x0) (Result $e0 $e1))
p203711	-0.00855	-0.01115	0.15564	-0.10330	0.03424	-0.04284	0.00104	0.03607	0.03406	0.00457	-0.03991	-0.05100	-0.02210	0.00221	-0.03384	-0.05313	-0.02678	-0.01869	0.01222	-0.03424	-0.03014	0.02316	0.01843	-0.01761	-0.00422	-0.01175	0.04096	0.00304	0.14083	0.05771	0.05619	0.02117	(And (Member $e0 make) (Ongoing $e0) (Patient $e0 $x0))
p203712	0.00832	0.00045	0.15488	-0.08919	0.02411	0.07917	-0.02410	-0.01838	-0.03566	-0.00542	-0.03673	-0.02052	0.00635	-0.02686	0.01063	0.00138	-0.02908	0.00163	-0.01565	0.00305	0.01806	0.02655	-0.04081	-0.01099	0.02407	0.03305	-0.01961	0.02923	0.12203	-0.01193	-0.01975	-0.01898	(And (Member $e0 make) (Ongoing $e0) (Result $e0 $e1))
p203713	0.01330	-0.00011	0.00853	-0.00080	0.02636	0.04661	0.00583	-0.02156	-0.00125	-0.00154	0.00878	0.01587	0.00660	0.00290	0.01602	-0.01476	-0.02963	0.01577	0.04731	-0.00230	-0.00213	-0.00241	0.00623	0.00113	-0.01624	-0.01362	-0.00412	-0.00844	-0.01238	-0.01776	-0.02013	-0.01555	(And (Member $e0 present) (Past $e0) (Theme $e0 $x0))
p203714	0.00743	0.01142	0.00054	-0.00348	0.03662	-0.02838	-0.00289	0.00777	-0.00949	-0.00287	-0.00858	-0.01355	0.00012	-0.00056	-0.01864	-0.00256	0.06775	-0.01072	0.04830	-0.00019	0.01203	-0.00475	-0.00225	0.01483	0.00425	-0.01204	-0.01250	-0.01381	0.00844	0.01428	0.00011	-0.02775	(And (Member $e0 receive) (Past $e0) (Theme $e0 $x0))
p203715	-0.00583	-0.00268	-0.01138	-0.01495	-0.01666	-0.00809	0.02047	-0.00486	-0.00870	-0.02827	-0.02811	0.00863	0.01323	-0.02347	0.03186	0.00947	0.00269	0.04949	-0.00621	0.05182	0.01062	0.04547	-0.01944	0.00636	-0.02811	0.01598	-0.01756	-0.00029	0.02120	-0.00421	-0.02384	-0.00313	(And (Member $e0 stand) (Ongoing $e0) (Past $e0))
p203716	-0.00503	0.00691	-0.01339	-0.00349	-0.03316	0.00291	0.04670	-0.00515	-0.03996	-0.00422	-0.00076	-0.01354	0.00343	-0.00338	-0.02214	0.00841	0.01388	0.00171	-0.01179	-0.01296	-0.00600	-0.00502	0.02522	0.01120	0.00605	0.02258	-0.01121	-0.01101	0.00652	0.03849	0.00992	-0.01209	(And (Member $e0 stick) (Past $e0) (Patient $e0 $x0))
p203717	0.02831	0.16420	-0.05630	0.11266	0.31050	-0.14820	-0.08673	0.18746	-0.06807	-0.04233	-0.02713	-0.02289	-0.18094	-0.01007	0.11454	-0.23918	-0.17938	0.12506	-0.06072	-0.03592	-0.06993	-0.00709	0.00094	0.00904	0.15838	0.02145	0.36492	0.03897	-0.05193	0.26514	-0.10373	-0.09035	(And (Member $e0 stop) (Past $e0) (Theme $e0 $e1))
p203718	-0.00867	-0.02295	-0.04362	-0.03189	-0.05270	0.05913	-0.01670	0.01432	0.01498	-0.03641	-0.07280	-0.03208	-0.01080	-0.01763	0.04306	0.02687	0.03265	0.05869	-0.02467	0.03965	0.00719	0.05954	-0.01990	-0.01966	-0.01236	0.01323	-0.05133	0.01414	0.04420	-0.00909	0.02747	0.03225	(And (Member $e0 try) (Ongoing $e0) (Past $e0))
p203719	-0.00793	0.02579	-0.00091	0.02075	-0.02490	-0.00194	-0.01313	-0.01818	-0.02519	0.00583	-0.03258	0.01614	-0.03060	-0.01328	0.00402	0.02144	-0.00047	-0.01511	0.00186	-0.03873	0.05803	-0.00402	0.00451	0.01121	0.01697	0.03618	-0.00896	0.15731	-0.03736	-0.02115	-0.01190	-0.03138	(And (Member $e0 turn) (Past $e0) (Result $e0 $e1))
p203720	0.00184	0.04074	-0.01248	0.03729	-0.02662	-0.02434	-0.01299	-0.03081	-0.04520	0.00623	-0.04542	0.04600	-0.06282	0.03557	0.01485	-0.00304	-0.01283	-0.00308	0.01902	-0.07964	0.12320	-0.00798	0.03685	0.02098	0.03697	-0.01217	0.01278	0.22502	-0.05481	-0.02964	-0.01522	-0.06006	(And (Member $e0 turn) (Patient $e0 $x0) (Result $e0 $e1))
p203721	-0.00305	-0.00489	-0.01990	-0.01413	-0.02553	0.00763	0.04768	0.01472	-0.05098	-0.03397	-0.01948	-0.03486	-0.01026	-0.02058	0.01996	0.01563	0.01007	0.01065	-0.02740	0.06601	-0.01138	0.05349	-0.01005	-0.00136	-0.00036	0.03225	-0.02520	0.01014	0.02633	0.02442	0.00871	0.00562	(And (Member $e0 walk) (Ongoing $e0) (Past $e0))
p203722	0.00225	-0.04709	-0.01730	-0.01938	-0.01127	-0.01118	-0.02332	-0.02625	0.00300	-0.01278	-0.01456	-0.02623	0.00174	0.00946	0.02364	0.00211	-0.00649	0.00689	-0.01485	-0.00154	-0.02325	0.04515	0.02361	0.04642	0.01231	0.02950	-0.00534	-0.00772	-0.00496	-0.00695	0.00790	0.07146	(And (Ongoing $e0) (Past $e0) (Patient $e0 $x0))
p203723	0.01021	-0.01493	0.12871	-0.06037	0.00072	0.10708	-0.02756	-0.02326	-0.03168	-0.02313	-0.03757	-0.01893	0.02710	-0.03750	0.02801	0.00319	-0.00778	-0.00041	-0.02208	0.03132	0.01635	0.02941	-0.04634	-0.01619	0.02041	0.04340	-0.02175	0.03702	0.06899	-0.00933	-0.02020	-0.00134	(And (Ongoing $e0) (Past $e0) (Result $e0 $e1))
p203724	-0.00853	-0.14563	0.12148	0.18413	-0.14556	0.15591	-0.06167	-0.05893	-0.07411	0.01438	-0.02629	0.15079	0.17518	0.02021	-0.03160	-0.12979	0.17325	-0.04460	0.02004	0.11373	0.08409	0.01875	0.00667	-0.05735	0.11725	0.00532	0.15964	-0.17510	-0.14537	0.17702	-0.07735	0.16829	(And (Ongoing $e0) (Patient $e0 $x0) (Result $e0 $e1))
p203901	0.07860	-0.01084	0.00426	0.00385	0.01187	-0.00776	-0.00377	-0.00561	-0.00647	-0.01376	-0.00151	-0.01837	-0.00717	0.00271	0.01907	-0.02245	-0.01217	0.01038	-0.05003	0.03393	0.01310	-0.00089	0.01805	-0.00121	0.00343	-0.01715	-0.00998	-0.02332	-0.01238	-0.01203	0.02983	-0.00723	(And (Agent $e0 $e1) (Theme $e1 $x0))
p203902	0.00421	0.00051	0.03855	-0.02098	0.00411	-0.00001	-0.02951	-0.08401	0.03201	0.03283	0.01100	0.02321	-0.00753	-0.00373	0.07773	-0.01144	-0.01637	-0.01032	-0.00496	0.00095	0.02340	-0.02340	0.00246	-0.00017	-0.00605	-0.00861	0.01440	-0.02694	-0.04065	-0.03443	-0.01721	-0.01050	(And (Agent $e0 $x0) (Goal $e0 home))
p203903	-0.00690	-0.00316	-0.02601	-0.01127	-0.00444	-0.01584	-0.01338	0.01541	-0.02249	0.01362	0.00111	0.00553	-0.01534	-0.00009	-0.01645	0.03081	0.00615	-0.01275	-0.00295	-0.00884	-0.00020	0.03588	-0.00853	-0.00516	0.01477	0.00707	-0.01877	0.00127	0.01658	0.04124	-0.01075	-0.00456	(And (Agent $e0 $x0) (GroupOf $x0 scientist))
p203904	-0.00224	-0.00743	-0.00632	-0.00385	-0.00489	-0.00559	0.02664	0.02239	-0.01262	0.01435	-0.01496	0.00283	0.00449	0.00240	0.00345	0.00347	-0.00480	-0.01382	-0.00152	-0.00625	-0.00508	0.01289	-0.00241	-0.00471	0.02590	-0.00037	-0.00131	-0.00480	-0.00545	-0.01789	-0.01156	0.00362	(And (Agent $e0 $x0) (GroupOf $x0 soldier))
p203905	-0.00641	-0.00339	0.01133	-0.00373	0.00403	-0.00371	-0.00951	-0.02314	0.00704	0.02835	-0.00789	-0.00220	-0.00237	-0.00451	0.01117	0.00253	-0.00737	-0.00451	-0.00216	0.06187	0.00168	-0.01385	-0.00707	0.00048	-0.00241	0.00606	-0.00320	-0.01172	-0.01815	-0.02010	-0.00235	-0.00419	(And (Agent $e0 $x0) (Member $e0 arrive))
p203906	-0.01369	0.03263	-0.04873	-0.05796	0.04284	-0.05386	-0.08673	-0.11306	-0.08523	0.04216	0.18133	-0.06109	0.18014	0.00004	-0.08314	-0.02051	-0.01386	0.01447	0.04975	-0.01463	-0.05476	-0.00500	0.01904	-0.02884	0.16325	-0.03487	-0.00605	0.06468	0.02825	-0.03362	0.15237	-0.00748	(And (Agent $e0 $x0) (Member $e0 begin))
p203907	-0.02491	0.00257	-0.00613	-0.02721	-0.03034	-0.00606	-0.01902	-0.01082	-0.01407	-0.01343	0.03838	0.04233	-0.01436	0.00104	0.02421	0.04576	0.00007	0.00927	0.04751	0.00513	-0.00025	-0.00900	0.00160	0.00147	0.00744	-0.01558	-0.02583	-0.01105	0.02395	0.04526	-0.03917	-0.02092	(And (Agent $e0 $x0) (Member $e0 capture))
p203908	-0.00831	0.00594	-0.01752	0.00677	0.04323	0.05157	-0.00255	0.04360	0.00255	0.02188	0.00849	-0.00985	0.01611	-0.00410	-0.02207	-0.00283	-0.03054	-0.03794	0.01313	0.04199	-0.03474	-0.00814	0.00335	-0.00340	-0.00082	-0.00051	0.00793	0.03773	-0.00920	-0.01132	0.00113	-0.01438	(And (Agent $e0 $x0) (Member $e0 close))
p203909	-0.00521	0.02298	0.00425	-0.01632	0.04220	-0.01586	0.00346	-0.02756	0.01068	-0.00311	-0.00478	-0.02159	0.00727	0.00466	0.01479	0.00670	0.04487	-0.01293	-0.00424	-0.01926	0.04724	-0.01032	0.00013	0.02147	-0.01102	-0.02945	-0.01999	-0.03831	-0.00347	0.03514	0.01762	-0.02925	(And (Agent $e0 $x0) (Member $e0 draw))
p203910	-0.00550	-0.02797	-0.02250	-0.04184	-0.02135	-0.00725	-0.01776	0.00829	0.07461	0.02950	0.10718	0.04347	-0.03504	0.01006	-0.01364	0.00362	-0.00970	0.04275	-0.00513	-0.01382	0.12397	-0.01508	-0.00450	0.03317	-0.02177	-0.02145	-0.01509	-0.10629	0.02938	-0.01402	-0.06813	0.02580	(And (Agent $e0 $x0) (Member $e0 go))
p203911	0.01458	-0.00538	0.00695	-0.02349	-0.03315	0.02100	0.02378	-0.00824	0.00435	0.02493	0.00064	0.01750	-0.02604	0.02276	0.00828	0.01319	0.01210	0.02138	-0.02920	-0.00613	0.01270	-0.01637	-0.00697	0.00176	0.03049	0.01481	-0.01347	-0.04479	-0.00778	-0.01053	-0.03096	-0.01223	(And (Agent $e0 $x0) (Member $e0 run))
p203912	0.00942	-0.00564	-0.02347	-0.00384	-0.00339	-0.01105	-0.00955	0.01803	-0.01744	0.02829	-0.00648	0.00162	-0.01135	-0.00189	-0.03314	0.02189	0.00294	-0.01844	-0.02763	-0.01127	-0.00281	0.03421	-0.01042	-0.00603	0.01443	0.01734	-0.01353	0.00686	0.00801	0.03626	-0.00527	-0.00199	(And (Agent $e0 $x0) (Member $e0 study))
p203913	-0.00755	0.02440	0.03341	0.04941	-0.01284	-0.00153	0.02001	0.06049	-0.00527	0.00677	0.06046	-0.02994	-0.05233	0.00122	-0.02459	0.02754	0.02003	-0.02400	0.01932	0.05454	-0.02798	0.00191	0.00165	0.00273	-0.06025	-0.00390	-0.01881	0.03106	-0.04306	0.03545	0.03639	0.01091	(And (Agent $e0 $x0) (Member $e0 take))
p203914	0.01347	-0.02608	0.07119	0.05273	0.00319	-0.00716	0.04115	-0.01613	-0.04910	-0.00488	0.05268	-0.02717	-0.01699	0.00099	0.04999	-0.00708	0.00609	-0.01250	-0.02534	0.00695	-0.02962	0.00331	-0.00637	-0.01103	-0.01089	0.00186	0.00600	0.02389	-0.05981	-0.02640	0.05242	0.00713	(And (Agent $e0 $x0) (Member $e0 talk))
p203915	0.00596	-0.01557	0.04529	0.05193	0.00119	-0.00723	0.09924	0.02304	-0.08601	-0.00336	0.04102	-0.02790	-0.04700	0.00674	0.02102	0.00279	0.00118	-0.01000	-0.01891	0.00652	-0.02222	0.03175	-0.00749	-0.00334	0.01313	0.00037	-0.00429	0.01322	-0.04203	-0.01202	0.03584	-0.00162	(And (Agent $e0 $x0) (Member $e0 walk))
p203916	0.00821	0.03212	-0.00782	0.03328	0.05999	-0.03731	-0.02665	0.00256	-0.01477	0.04242	-0.00369	0.00528	-0.04344	-0.00887	0.03878	-0.07076	-0.03360	0.02307	-0.00656	0.00089	-0.01399	-0.01756	0.00944	0.00729	0.02078	0.00920	0.10015	0.01202	-0.03862	0.01709	-0.02985	-0.02518	(And (Agent $e0 $x0) (Member $e0 work))
p203917	-0.01062	0.01718	0.01990	0.00810	-0.01625	-0.00457	0.00234	-0.01949	0.00262	0.11278	-0.02003	0.03845	-0.00947	-0.00866	-0.06587	-0.00851	0.02471	-0.03074	0.02270	0.00732	-0.02176	-0.03058	-0.00998	0.01681	0.01076	0.03614	0.03627	0.01927	-0.02850	-0.03253	-0.05605	-0.03317	(And (Agent $e0 $x0) (Member $x0 bus))
p203918	0.01471	-0.00731	0.01407	-0.02023	-0.02462	0.02542	-0.01711	-0.01792	0.02023	0.02357	0.00344	-0.00117	-0.00657	0.01998	0.01067	0.00102	0.01127	0.01589	-0.02906	-0.00231	-0.00089	-0.01700	-0.00630	-0.00260	-0.00125	0.01740	-0.00429	-0.02322	-0.01500	0.00158	-0.00044	-0.00468	(And (Agent $e0 $x0) (Member $x0 doctor))
p203919	-0.00733	0.00871	-0.01083	-0.00769	-0.00776	-0.00622	0.00306	0.02406	-0.01665	0.00983	0.00736	0.01947	0.00490	0.00048	-0.00021	0.01548	-0.00037	-0.00114	0.01328	-0.00755	0.01284	0.01595	-0.00294	0.00778	-0.00753	-0.00390	-0.00785	-0.01892	-0.00370	0.00972	-0.03249	-0.01785	(And (Agent $e0 $x0) (Member $x0 dog))
p203920	-0.00054	0.00824	0.01008	0.00025	0.00697	-0.00343	-0.00210	-0.03221	0.01848	0.01238	-0.01828	-0.01286	0.01113	-0.00144	0.02824	-0.01273	-0.01010	-0.00856	-0.00743	0.00994	0.02094	-0.01010	-0.00221	0.00843	-0.00895	-0.01027	0.00199	-0.01029	-0.02330	-0.00633	0.01738	-0.01037	(And (Agent $e0 $x0) (Member $x0 plane))
p203921	0.00017	0.03733	0.00922	-0.00377	0.01453	-0.01533	-0.00134	0.01876	0.00039	0.04662	0.00441	0.01078	-0.02157	0.00898	-0.03109	-0.02004	-0.00564	-0.02185	0.01458	0.00278	0.02049	-0.01278	0.00317	-0.00439	-0.00058	-0.00262	0.02337	0.01899	-0.01514	-0.01617	-0.02098	0.00886	(And (Agent $e0 $x0) (Obligated $e0))
p203922	-0.01806	0.01277	-0.01590	0.01009	0.02088	-0.01185	0.00423	0.00898	-0.00004	0.06633	-0.02058	0.01989	-0.01732	-0.00766	-0.04490	-0.01366	-0.00923	-0.02951	0.02227	-0.00049	0.00809	0.02747	-0.01511	0.00956	-0.00407	0.03162	0.02013	-0.00215	-0.02320	-0.00833	-0.01486	-0.01484	(And (Agent $e0 $x0) (Stimulus $e1 $e0))
p203923	-0.00270	-0.00485	0.01257	0.01423	0.01328	-0.02421	0.00331	-0.05835	0.04129	0.07786	0.02742	0.05923	-0.00768	-0.00879	0.00263	-0.01986	-0.00834	0.03053	0.01407	-0.00882	0.07054	-0.02558	-0.00400	0.00793	-0.02763	-0.00112	0.01757	-0.06808	-0.00257	-0.06225	-0.07944	-0.00556	(And (Agent $e0 $x0) (SubsetOf $x0 $x1))
p203924	0.02018	0.00687	-0.03123	0.06862	0.01772	-0.00652	-0.02270	-0.03753	0.04469	0.07887	0.00937	0.02788	-0.01305	-0.00774	-0.00913	-0.02770	-0.01100	-0.02885	-0.00810	-0.01708	0.03537	-0.03042	0.00807	0.00119	0.00625	-0.00633	0.02461	-0.03621	0.06413	-0.03898	-0.03372	-0.01888	(And (Agent $e0 $x0) (To $e0 $e1))
p203925	0.02018	0.00687	-0.03123	0.06862	0.01772	-0.00652	-0.02270	-0.03753	0.04469	0.07887	0.00937	0.02788	-0.01305	-0.00774	-0.00913	-0.02770	-0.01100	-0.02885	-0.00810	-0.01708	0.03537	-0.03042	0.00807	0.00119	0.00625	-0.00633	0.02461	-0.03621	0.06413	-0.03898	-0.03372	-0.01888	(And (Agent $e0 $x0) (To $e1 $e0))
p203926	-0.01011	-0.00645	0.00988	0.00193	0.00681	0.00050	-0.01256	0.00304	0.01598	0.00009	-0.00564	-0.01047	0.00161	-0.01618	-0.00338	-0.00737	-0.00722	-0.01625	0.00058	0.00869	0.00512	-0.00150	-0.01776	-0.00855	0.00246	0.02794	0.00628	0.02645	-0.01124	0.00905	0.00974	0.00364	(And (Agent $e0 baya) (Past $e0))
p203927	-0.00827	-0.02272	-0.01587	-0.01079	0.00307	-0.01038	0.01481	0.02513	0.05446	-0.00701	0.06528	-0.00993	-0.01186	-0.01042	-0.01610	-0.00398	-0.01275	-0.01839	-0.00685	-0.00018	0.05453	-0.00204	-0.01140	-0.01700	0.00881	0.00138	-0.00581	-0.03593	0.01719	0.01459	-0.00817	0.02991	(And (Agent $e0 daniel) (Past $e0))
p203928	-0.00849	0.01456	-0.00468	-0.06130	-0.03390	0.03022	-0.03955	-0.00579	0.01608	-0.03756	-0.04874	-0.01961	0.05290	-0.01434	0.01630	0.04707	0.00401	0.06220	-0.01969	0.02217	0.01443	0.03467	-0.03053	-0.01810	0.06386	0.00810	-0.06430	-0.01826	0.07275	-0.01414	0.00117	-0.00879	(And (Agent $e0 david) (Ongoing $e0))
p203929	-0.00849	0.01456	-0.00468	-0.06130	-0.03390	0.03022	-0.03955	-0.00579	0.01608	-0.03756	-0.04874	-0.01961	0.05290	-0.01434	0.01630	0.04707	0.00401	0.06220	-0.01969	0.02217	0.01443	0.03467	-0.03053	-0.01810	0.06386	0.00810	-0.06430	-0.01826	0.07275	-0.01414	0.00117	-0.00879	(And (Agent $e0 david) (Past $e0))
p203930	-0.00852	0.01507	-0.01980	-0.01201	-0.02794	0.02230	0.00859	0.00302	-0.01958	-0.02431	-0.02172	-0.02597	-0.00384	-0.01733	0.02072	0.01699	0.01398	0.01308	-0.01487	0.04634	-0.00863	0.03429	-0.00633	-0.01310	-0.02311	0.02416	-0.02515	0.01607	0.01686	0.00601	0.01155	0.03234	(And (Agent $e0 felix) (Past $e0))
p203931	0.00399	0.01285	-0.02066	-0.04039	-0.01061	0.02306	-0.04844	0.00047	0.05158	-0.01745	-0.03872	-0.02548	0.06001	-0.01400	-0.01827	0.03271	0.01926	0.02579	-0.02038	0.01033	0.02431	0.00191	-0.03277	-0.01730	0.07207	0.02199	-0.05673	-0.02578	0.03404	-0.00815	0.02692	-0.01563	(And (Agent $e0 mark) (Past $e0))
p203932	0.00244	-0.01786	-0.00847	-0.00235	0.00134	-0.00924	0.01299	0.00078	0.04726	0.01092	0.04581	-0.00247	-0.01108	-0.00860	0.00359	-0.01823	-0.01431	-0.01359	0.01264	0.00065	0.04768	-0.00679	-0.00729	-0.01000	0.00563	0.00048	0.00498	-0.03473	0.00247	-0.01402	-0.02018	0.02179	(And (Agent $e0 matthew) (Past $e0))
p203933	0.00668	0.01950	-0.00964	0.00918	0.00645	0.00491	0.02815	0.02235	-0.01215	-0.01030	-0.00511	-0.01865	-0.01509	-0.00505	-0.00084	-0.00786	-0.00710	-0.01477	0.01401	0.01741	-0.00013	0.02077	-0.00901	-0.01892	0.00879	0.01016	-0.01070	0.00032	0.00169	-0.01775	0.00647	0.03702	(And (Agent $e0 michael) (Past $e0))
p203934	-0.01233	0.02575	0.00531	-0.00361	0.02188	-0.00711	0.00142	0.00440	0.00242	-0.00095	-0.01366	-0.02298	0.00308	-0.00672	-0.01390	0.00538	0.04153	-0.02076	0.00116	0.00407	0.00454	-0.00306	-0.01384	-0.00600	-0.01058	0.01658	-0.01145	-0.00110	-0.00328	0.01017	0.02085	0.01459	(And (Agent $e0 pietro) (Past $e0))
p203935	-0.00347	-0.00406	-0.01317	-0.00876	-0.01112	0.00034	0.00224	0.00208	0.00329	-0.02039	-0.01633	-0.00617	0.01056	-0.01598	0.01719	0.00477	0.00278	0.00749	-0.00809	0.02267	0.00233	0.04135	-0.01427	-0.00374	-0.00882	0.01026	-0.00978	0.00728	0.00944	0.00236	-0.00240	0.00014	(And (Agent $e0 ziri) (Ongoing $e0))
p203936	-0.00681	-0.00527	0.00829	-0.01053	-0.00459	-0.00239	-0.01292	-0.01472	0.01315	0.00098	0.00485	0.00281	-0.00272	-0.00255	0.02023	0.00349	-0.00318	-0.00683	0.00869	0.00066	-0.00276	-0.00641	-0.00282	-0.00358	-0.00100	0.00110	-0.00000	0.00127	-0.00470	0.01140	0.00059	0.00109	(And (At $e0 $x0) (Past $e0))
p203937	-0.00446	-0.01948	-0.03505	0.04139	-0.00818	0.00029	-0.00922	-0.03378	-0.02042	0.01382	-0.01364	-0.02123	-0.00179	0.01270	0.01658	-0.00357	-0.01309	-0.00302	-0.01501	-0.00606	-0.01824	0.01954	0.01312	-0.01324	-0.01298	0.03634	-0.00103	-0.00828	0.03096	-0.00537	0.02450	0.02937	(And (Before $e0 $e1) (Past $e0))
p203938	-0.00466	0.01580	-0.00094	-0.01734	-0.04219	0.01597	-0.00701	0.00181	0.01163	0.01519	-0.01082	0.00214	-0.00695	0.01253	-0.00732	0.00772	0.02234	0.02680	0.00760	0.00218	-0.01400	-0.01727	-0.00820	0.01142	0.00182	0.01870	0.00191	0.00014	0.00499	0.02276	-0.02143	-0.02463	(And (Before $x0 $e0) (Past $e0))
p203939	0.02606	-0.00512	-0.01992	0.04152	0.00330	0.00236	-0.00427	0.00486	0.00474	-0.00138	-0.01243	-0.00701	0.00452	-0.00469	-0.00800	-0.02165	-0.00652	-0.00590	0.00642	-0.00491	0.00043	-0.00054	-0.00165	-0.00438	0.00341	0.00113	0.00071	0.00003	0.02485	-0.01157	0.01309	-0.00481	(And (Can $e0) (Member $e0 help))
p203940	0.00438	-0.00532	-0.01998	0.03848	0.00519	0.00330	-0.00503	0.00601	0.01038	0.00161	-0.01058	-0.00608	0.00534	-0.00739	-0.01344	-0.01657	-0.00715	-0.01053	0.01898	0.00084	-0.00347	-0.00102	-0.00659	-0.00652	0.00187	0.01083	0.00212	0.00449	0.02576	-0.00601	0.01257	-0.00093	(And (Can $e0) (Past $e0))
p203941	0.00570	-0.04811	0.06394	0.05753	0.02046	-0.04395	0.04945	0.00264	-0.05603	-0.02354	0.04472	0.00912	0.00133	0.00429	0.02243	-0.00705	-0.02600	0.10903	0.02891	0.00566	0.00759	0.01925	-0.00671	0.02997	-0.07806	-0.00513	-0.01402	-0.01281	-0.04116	-0.03734	-0.00303	0.04289	(And (Cardinality $x0 <num>) (GroupOf $x0 girl))
p203942	0.00360	0.00513	0.06842	-0.04209	0.02126	0.07217	-0.00875	-0.02567	-0.02577	-0.01048	-0.00955	-0.02458	0.00562	0.00765	0.01483	0.00886	-0.02877	-0.01110	-0.00216	0.00683	-0.02525	0.00297	-0.01039	-0.00131	-0.00249	0.03884	-0.01229	0.01390	0.03698	0.02301	0.00459	-0.01597	(And (During $e0 $e1) (Past $e0))
p203943	0.00619	0.00508	0.06461	-0.04331	0.01824	0.06941	-0.00996	-0.02552	-0.02166	-0.01236	-0.00427	-0.01814	0.00789	0.00222	0.01914	0.00789	-0.02513	-0.01199	-0.00142	0.00957	-0.02830	0.01129	-0.01165	-0.00150	-0.00194	0.03874	-0.00833	0.02141	0.04132	0.01630	-0.00447	-0.01676	(And (During $e0 $e1) (Past $e1))
p203944	-0.01156	-0.00711	-0.00829	-0.00917	0.01451	-0.01081	0.00316	0.01181	-0.01946	-0.00818	-0.01129	-0.02149	-0.00798	0.04669	0.00100	0.03109	-0.01983	0.02341	0.00156	0.11779	0.00421	-0.00257	-0.00617	0.00033	-0.00465	-0.01242	-0.04503	-0.04010	0.00418	-0.00727	0.01618	-0.00176	(And (Experiencer $e0 $x0) (Future $e0))
p203945	-0.00225	-0.00296	-0.02868	-0.03426	-0.00889	0.00659	0.01859	0.01052	0.02974	0.00064	0.05988	0.07212	-0.01352	0.04704	-0.00484	0.01413	-0.01686	0.07439	0.00735	-0.02202	0.07843	0.02023	-0.00113	0.00511	-0.03628	-0.02779	-0.02637	-0.09502	0.03070	-0.02401	-0.06432	-0.02129	(And (Experiencer $e0 $x0) (GroupOf $x0 child))
p203946	-0.00429	-0.00204	0.07096	-0.04395	0.00964	-0.02188	-0.00400	0.02043	-0.00173	0.01099	-0.01412	-0.01229	-0.01079	0.04986	-0.01629	-0.00809	-0.01177	-0.00185	0.00519	-0.00729	0.00533	-0.01586	-0.00417	-0.00110	0.00578	-0.00347	0.00502	-0.00393	0.04814	0.00808	0.00792	-0.00373	(And (Experiencer $e0 $x0) (Member $e0 beautiful))
p203947	-0.00400	0.00041	-0.00236	-0.00648	0.02456	-0.01243	0.00546	0.00349	-0.00894	-0.00654	-0.00777	-0.01130	-0.00345	0.05551	-0.00188	0.01474	0.01647	0.00663	0.00007	-0.01236	0.00659	0.00201	-0.00046	0.00022	-0.00334	-0.01696	-0.02354	-0.03334	0.00502	-0.00490	0.00867	-0.00682	(And (Experiencer $e0 $x0) (Member $e0 look))
p203948	0.01008	0.02569	-0.01339	0.01865	0.06259	-0.03388	-0.01216	0.02870	-0.00850	-0.00730	-0.00407	-0.01442	-0.03788	0.05278	0.01879	-0.04829	-0.04749	0.01998	-0.01660	-0.02203	-0.03335	0.00825	0.01083	-0.00078	0.02258	0.01121	0.07053	-0.01066	-0.02107	0.05143	-0.01486	-0.01451	(And (Experiencer $e0 $x0) (Member $e0 work))
p203949	-0.00150	0.00121	-0.00700	-0.01292	-0.00163	-0.00664	0.01127	0.00258	-0.00643	-0.00967	0.00331	0.01394	-0.00125	0.05082	0.00451	0.00994	-0.00683	0.01979	0.00185	-0.01476	0.01173	0.01262	0.00031	0.00521	-0.00995	-0.01765	-0.01751	-0.03791	0.01393	-0.00641	-0.00806	-0.01254	(And (Experiencer $e0 $x0) (Member $x0 cat))
p203950	-0.01890	0.01652	-0.05956	0.02753	0.04974	-0.02040	-0.01428	0.08445	-0.02299	-0.01744	-0.03611	-0.03833	0.00768	0.01736	-0.01016	0.02583	-0.03751	-0.01901	0.02559	0.09024	0.05173	0.00905	-0.01475	0.00044	0.02484	-0.02275	-0.03671	0.12736	-0.01317	-0.01943	0.01684	-0.02142	(And (Experiencer $e0 $x0) (Member $x0 door))
p203951	-0.01187	-0.00478	0.04070	0.05687	-0.04900	0.05965	-0.01380	-0.01517	-0.03651	0.00590	-0.01255	0.03342	0.04788	0.04488	-0.01121	-0.03217	0.05791	-0.02326	0.01119	0.03393	0.01673	0.00647	-0.00023	-0.03534	0.02338	0.00806	0.04022	-0.06716	-0.04973	0.05027	-0.01669	0.10885	(And (Experiencer $e0 $x0) (Member $x0 thing))
p203952	-0.00267	-0.03529	0.03063	0.02809	-0.02589	0.02312	-0.01152	-0.01167	-0.00638	0.00179	-0.00875	0.01394	0.03852	0.04125	-0.00760	-0.02319	0.02513	-0.01218	-0.00097	0.01655	0.00049	0.00044	-0.00184	-0.01479	0.01875	0.00528	0.02665	-0.04288	-0.03420	0.04023	0.00016	0.02708	(And (Experiencer $e0 $x0) (Member $x0 weather))
p203953	-0.00463	-0.01154	0.00777	-0.00580	0.00413	-0.00190	0.00058	-0.00065	0.01085	-0.00041	-0.00347	-0.02438	0.00526	0.05843	-0.00485	0.00066	-0.00867	-0.01098	-0.00407	-0.00602	-0.02480	-0.00340	-0.00449	-0.00755	-0.00755	0.01047	-0.00395	-0.01412	-0.01121	0.00870	0.02376	0.01138	(And (Experiencer $e0 $x0) (Time $e0 today))
p203954	-0.00052	-0.00057	0.00386	0.00109	-0.00427	-0.00138	-0.00088	0.00501	0.01562	0.00080	-0.01910	-0.01620	0.01939	-0.00816	-0.01983	-0.01170	0.00556	-0.00925	0.02051	0.01024	0.00372	-0.00299	-0.01278	0.00375	-0.00130	0.01808	-0.00453	-0.00184	-0.00427	0.00655	0.01657	-0.00605	(And (For $e0 $e1) (Past $e0))
p203955	-0.00703	-0.01159	-0.01252	-0.00790	0.00766	-0.00642	-0.00480	-0.00545	-0.00345	0.01493	-0.02653	-0.01688	-0.00175	0.01771	0.00370	-0.00070	-0.01386	-0.00788	-0.00465	-0.00321	-0.01000	0.05245	-0.00934	-0.01043	-0.00395	0.01702	-0.00187	0.00042	-0.01106	-0.00576	0.01220	0.01734	(And (For $e0 $x0) (Ongoing $e0))
p203956	-0.00272	-0.01041	0.00081	-0.00563	0.00244	-0.00347	-0.01147	-0.02025	0.00663	0.00406	-0.01411	-0.01134	-0.00172	-0.00532	0.02867	-0.00737	-0.00909	-0.00524	-0.01121	0.00448	0.00100	0.01955	-0.00699	-0.00937	-0.00699	0.00818	0.00154	0.00134	-0.01402	-0.00976	0.01393	0.01315	(And (For $e0 $x0) (Past $e0))
p203957	-0.01672	-0.00210	-0.00723	-0.00733	0.01878	-0.01593	-0.00272	0.00384	-0.01536	0.03056	-0.00579	-0.01288	-0.01991	-0.00672	-0.02117	0.02376	-0.01795	0.01078	0.01062	0.18524	-0.00382	-0.01657	-0.00049	0.00468	-0.00089	0.00355	-0.02753	-0.01858	-0.00510	-0.01392	0.00208	-0.00913	(And (Future $e0) (Time $e0 tomorrow))
p203958	-0.00546	0.00189	-0.01194	0.00273	-0.03873	0.00161	0.09795	0.00292	-0.05043	0.02069	-0.02423	0.04110	-0.03222	-0.00167	-0.01644	0.03416	0.02061	-0.01987	-0.00361	-0.01779	-0.02112	-0.00887	0.01126	-0.00086	0.08694	0.02920	-0.01460	-0.00440	-0.00335	-0.02550	-0.04242	-0.02254	(And (Goal $e0 $x0) (Manner $e0 quickly))
p203959	0.01550	-0.00526	0.05675	-0.02137	0.03825	-0.02635	0.13689	-0.04311	-0.04310	0.00341	-0.05610	0.01903	-0.03475	0.01742	0.06091	-0.00322	-0.01667	0.01219	-0.01686	-0.01130	-0.00986	-0.00949	0.00792	-0.00614	0.09522	-0.01971	-0.00104	-0.02618	-0.02968	-0.06011	-0.03269	-0.00713	(And (Goal $e0 $x0) (Member $e0 come))
p203960	-0.03558	-0.08247	-0.06959	-0.08127	-0.00911	-0.01501	-0.04051	0.08241	0.26970	-0.01197	0.34100	-0.00038	-0.04549	-0.02360	-0.06410	-0.00712	-0.04461	-0.00224	-0.01861	-0.00811	0.28643	-0.01305	-0.03093	-0.04587	-0.08011	-0.01343	-0.03146	-0.18469	0.07248	0.07307	-0.06358	0.11536	(And (Goal $e0 bed) (Member $e0 go))
p203961	0.00420	0.00050	0.03854	-0.02099	0.00410	-0.00002	-0.02952	-0.08401	0.03200	0.03282	0.01099	0.02321	-0.00754	-0.00374	0.07772	-0.01145	-0.01638	-0.01033	-0.00497	0.00094	0.02339	-0.02341	0.00245	-0.00018	-0.00606	-0.00861	0.01439	-0.02695	-0.04066	-0.03444	-0.01722	-0.01051	(And (Goal $e0 home) (Past $e0))
p203962	-0.00884	0.00196	-0.06058	0.08567	0.02530	0.04403	-0.00187	0.00285	-0.01059	-0.00788	0.00286	-0.01528	0.00814	-0.00333	-0.00967	0.00180	-0.01764	-0.01295	0.00550	-0.00469	-0.00510	0.00041	-0.00255	-0.00786	0.00411	-0.01193	-0.01133	0.00764	0.08758	-0.00202	0.00824	-0.01002	(And (GroupOf $x0 person) (Past (LocatedIn $x0 $x1)))
p203963	-0.00318	0.04892	0.01457	0.02584	0.04592	-0.00979	-0.00820	-0.03965	0.16315	-0.00491	-0.03679	-0.01649	-0.03248	-0.00181	0.00193	0.03282	-0.04887	-0.03586	0.02222	0.09243	-0.00236	0.00506	0.06661	0.02828	0.02087	-0.05509	-0.02390	-0.02901	-0.04614	-0.03457	-0.00174	-0.05363	(And (GroupOf $x0 thing) (Patient $e0 $x0))
p203964	-0.00368	0.00065	-0.00134	-0.00609	0.02425	-0.01222	0.00362	0.00277	-0.00652	-0.00667	-0.00574	-0.00900	-0.00290	0.03957	-0.00131	0.01246	0.01818	0.00493	-0.00069	-0.00957	0.00720	0.00165	-0.00114	-0.00068	-0.00254	-0.01488	-0.02009	-0.02751	0.00433	-0.00421	0.00683	-0.00764	(And (Like $e0 $x0) (Member $e0 look))
p203965	-0.00596	-0.00805	-0.00468	-0.02026	0.01633	0.06714	-0.00548	-0.00240	-0.01605	-0.00319	-0.01494	-0.02426	-0.00624	0.00300	0.00109	0.00001	-0.01196	0.01023	-0.00788	0.00096	0.01262	-0.00941	-0.00526	0.10307	-0.00014	-0.00188	-0.01728	-0.01742	0.01651	0.01651	0.02302	-0.00022	(And (LocatedIn $x0 $x1) (Location $e0 $x0))
p203966	-0.00440	-0.03562	-0.01058	-0.00769	-0.00776	-0.01538	-0.02242	0.00138	-0.02446	0.00226	0.00511	-0.00879	-0.01065	-0.00085	0.00104	0.00475	0.00049	0.00668	-0.00029	-0.00271	-0.01156	-0.00408	0.00498	0.08504	0.02583	0.01200	-0.00068	0.00340	0.00604	-0.00615	-0.00232	0.06233	(And (LocatedIn $x0 $x1) (Member $x1 city))
p203967	-0.00451	-0.03406	-0.00879	-0.00755	-0.00113	-0.01961	-0.02199	0.00763	-0.01672	-0.00002	0.00196	-0.01011	-0.01077	0.00021	0.00205	-0.00206	-0.00053	0.00585	0.00410	-0.00030	-0.00812	-0.00373	-0.00238	0.08218	0.02748	-0.00036	0.00362	0.00781	0.00985	-0.00578	0.00145	0.05813	(And (LocatedIn $x0 $x1) (Member $x1 full))
p203968	-0.00349	-0.03261	-0.00885	-0.00688	-0.00272	-0.01969	-0.02232	0.00568	-0.01538	0.00112	0.00651	-0.00598	-0.01060	-0.00301	0.00321	-0.00529	0.00134	0.00371	0.00539	0.00044	-0.01257	-0.00570	-0.00168	0.08057	0.02697	0.00038	0.00946	0.01527	0.01029	-0.00757	-0.00185	0.05615	(And (LocatedIn $x0 $x1) (Member $x1 table))
p203969	0.03836	-0.03080	-0.01141	-0.01059	0.01850	0.04425	-0.03103	0.00769	-0.01586	0.01627	0.01188	-0.01937	-0.01812	0.00203	-0.01283	0.00764	-0.00597	-0.02689	-0.04183	-0.00998	-0.02474	-0.01197	-0.00107	0.08703	0.03642	0.01023	-0.00935	0.02556	0.01101	0.01599	0.01491	0.04037	(And (LocatedIn $x0 $x1) (Theme $e0 $x0))
p203970	-0.00222	0.01180	0.04373	-0.03355	0.04963	0.06403	0.00821	-0.01214	-0.01839	-0.00619	0.01552	-0.02040	-0.01116	0.00232	-0.00636	-0.01501	-0.03294	-0.01296	-0.00543	-0.00778	-0.01057	-0.01490	0.00940	0.04950	-0.00590	-0.00484	0.00600	-0.00892	0.03928	0.02792	0.02141	-0.02607	(And (Location $e0 $x0) (Member $x0 house))
p203971	-0.00856	0.04043	-0.02341	-0.00664	0.11090	0.13723	0.03370	-0.00032	-0.02277	0.01055	0.04990	0.01836	-0.01165	0.01398	-0.02379	0.00179	-0.02621	-0.03457	0.00715	-0.02036	0.01366	0.03080	-0.00488	0.02909	-0.02618	-0.00511	-0.00770	-0.02706	0.00491	-0.01035	-0.02239	-0.05361	(And (Location $e0 $x0) (PartOf $x0 $x1))
p203972	-0.00159	-0.00797	-0.00348	0.00388	-0.01169	0.00212	-0.00437	-0.02385	-0.00939	0.00615	0.00894	-0.00039	0.00281	-0.00664	0.00914	0.00170	-0.00150	0.00095	-0.00998	0.00308	-0.00644	-0.00547	0.01350	-0.00493	-0.00824	0.01942	-0.00080	-0.00646	-0.00897	-0.00363	-0.00192	0.00234	(And (Location $e0 here) (Past $e0))
p203973	-0.00355	-0.00805	-0.01334	-0.00095	-0.00056	-0.00417	-0.00012	-0.01544	-0.01742	-0.00197	0.01435	-0.00602	-0.00732	-0.00622	0.00121	0.00725	-0.01033	0.01276	-0.00408	0.05698	-0.00804	-0.00512	0.02620	-0.00444	-0.00803	0.01124	-0.01053	-0.01168	0.00064	0.00242	0.00704	0.00179	(And (Location $e0 here) (Patient $e0 $x0))
p203974	0.00696	-0.00516	0.01147	-0.00067	-0.00062	-0.00138	-0.00731	-0.01291	0.01732	0.00707	-0.00160	0.00159	0.00340	-0.00520	0.00726	-0.01586	-0.00538	-0.00357	0.01320	0.00147	0.00756	-0.00488	-0.00472	-0.00213	-0.00486	0.00596	0.00541	-0.00873	-0.01675	-0.01628	-0.00292	-0.00233	(And (Manner $e0 immediately) (Past $e0))
p203975	-0.01131	-0.00996	0.00550	0.00105	0.00368	0.00229	-0.00913	0.00273	0.01924	0.00178	-0.00300	-0.00956	0.00512	-0.01040	-0.00818	-0.00448	-0.00395	-0.01613	0.00177	0.00920	-0.00527	-0.00180	-0.01518	-0.00887	-0.00187	0.02862	0.00255	0.00539	-0.01005	0.00958	0.01315	0.00743	(And (Measure $e0 duration <num> year) (Past $e0))
p203976	0.02704	-0.00104	0.00425	0.00103	-0.00895	-0.00388	-0.00345	-0.00255	-0.00484	-0.00359	0.00556	0.00556	-0.00187	0.00001	0.00715	-0.00522	-0.00105	0.00144	0.01264	-0.00364	0.00368	-0.00207	0.00176	0.00093	0.00376	-0.00443	-0.00539	-0.00865	-0.00773	-0.00162	-0.00971	-0.00953	(And (Member $e0 approve) (Theme $e0 $x0))
p203977	-0.00278	-0.00683	0.01095	-0.00161	0.00274	-0.00087	-0.01046	-0.02429	0.01953	0.01181	0.00219	-0.00407	0.00231	-0.00535	0.02031	-0.00910	-0.00659	-0.01035	-0.00577	0.00860	0.00568	-0.00816	-0.00529	-0.00537	-0.00474	0.00653	0.00639	-0.00592	-0.01812	-0.01058	0.00493	0.00322	(And (Member $e0 arrive) (Past $e0))
p203978	-0.00822	-0.00718	0.00437	-0.00307	-0.00816	0.00477	0.00307	-0.00446	0.00839	0.00087	-0.00692	-0.02463	0.01094	0.01273	-0.01328	-0.00340	0.00082	-0.01534	-0.00556	0.00117	-0.02209	-0.00536	-0.00010	-0.00265	-0.01274	0.03165	0.00075	0.00468	-0.00891	0.02471	0.03071	0.00797	(And (Member $e0 bear) (Past $e0))
p203979	0.00772	0.00283	0.00039	0.00116	-0.00888	-0.00012	-0.00829	-0.01016	-0.01622	-0.00148	-0.01314	-0.00516	-0.00864	-0.00699	0.00101	-0.00464	-0.00752	0.00397	0.01039	0.00285	0.03016	-0.00060	0.00760	0.00050	0.00358	0.01823	-0.00705	0.06504	-0.01646	-0.01301	0.00104	-0.00994	(And (Member $e0 become) (Past $e0))
p203980	0.00641	0.00312	0.00007	-0.00169	0.00400	-0.00849	-0.01034	-0.00840	-0.01680	-0.00474	-0.02164	-0.01497	-0.01917	0.00546	0.00517	-0.00761	-0.02018	0.01082	0.01794	0.05412	0.04758	-0.00293	0.00982	0.00147	0.00926	-0.00239	-0.01338	0.07619	-0.01851	-0.01563	0.01231	-0.01250	(And (Member $e0 become) (Result $e0 $e1))
p203981	-0.00314	0.02851	-0.01814	-0.02036	0.00813	-0.00964	-0.03206	-0.05534	0.04616	-0.00440	-0.00126	-0.01635	0.06507	-0.00306	-0.01414	0.01564	-0.02641	-0.00762	0.01146	-0.02334	-0.01774	0.00770	0.03845	-0.00364	0.07824	-0.01353	-0.01251	-0.00335	0.00337	-0.01550	0.00493	-0.01979	(And (Member $e0 begin) (Patient $e0 $x0))
p203982	-0.00183	-0.01365	-0.01140	-0.00274	-0.00940	-0.00150	-0.00606	-0.02438	-0.01650	0.00167	-0.00363	-0.00664	-0.00517	-0.00788	0.01870	-0.00042	-0.00697	0.00603	-0.01543	-0.00300	-0.00578	0.02324	0.01279	-0.00952	-0.01281	0.02803	-0.00124	-0.00368	-0.00650	-0.00232	0.00816	0.01770	(And (Member $e0 break_out) (Past $e0))
p203983	0.00472	-0.00278	0.00189	-0.00890	-0.00144	-0.00824	-0.00801	0.01988	0.02002	0.04008	0.00993	0.01488	0.01005	-0.00152	-0.01284	-0.02202	-0.00932	-0.01802	0.00795	-0.01002	-0.00953	-0.01683	0.02708	-0.00221	-0.00754	0.00109	0.02547	-0.01014	0.00058	-0.01763	-0.01619	-0.00355	(And (Member $e0 build) (Patient $e0 $x0))
p203984	0.06827	-0.01904	0.00516	0.03459	0.00841	-0.02986	-0.00260	0.02318	0.00518	0.01827	-0.03820	-0.00425	0.01294	-0.00033	-0.03659	-0.08839	-0.01425	0.00700	0.11815	-0.00621	-0.00289	0.00290	0.00564	0.05345	0.01432	-0.00087	0.02956	-0.00066	-0.03443	-0.07563	-0.00784	0.00478	(And (Member $e0 buy) (Past $e0))
p203985	0.00112	0.00433	-0.00903	-0.00966	-0.03339	0.00216	0.01954	0.05554	-0.03898	-0.02469	-0.01661	-0.02890	0.04274	-0.00506	0.00691	0.01444	0.00980	0.00186	-0.02334	0.02030	-0.00033	0.01851	0.00124	0.00792	-0.02248	0.01095	-0.02364	-0.01014	0.00023	0.03216	0.01511	-0.00489	(And (Member $e0 cause) (Patient $e0 $x0))
p203986	-0.00656	-0.02143	-0.00822	-0.00247	-0.01748	0.01190	-0.00846	0.01798	0.01988	-0.00581	-0.00855	-0.02140	0.02418	-0.00860	-0.00138	-0.00469	0.00668	-0.01824	-0.00387	-0.00523	-0.02795	-0.00170	0.00607	-0.01564	-0.01176	0.02217	0.00185	0.02603	-0.00356	0.01152	0.03174	0.02723	(And (Member $e0 change) (Past $e0))
p203987	-0.00472	0.00411	-0.02062	0.00166	0.05311	0.05062	-0.00069	0.03919	0.00361	0.00339	0.01939	-0.01362	0.01097	-0.00214	-0.00949	-0.00984	-0.04040	-0.03211	0.01219	0.04262	-0.03439	-0.00512	0.01907	-0.00774	-0.00453	-0.01281	0.00915	0.03301	-0.00748	-0.00505	0.01492	-0.01167	(And (Member $e0 close) (Patient $e0 $x0))
p203988	0.00914	0.00718	-0.00149	-0.02099	0.05651	-0.01256	-0.00782	-0.03321	0.01757	-0.00097	-0.01515	-0.02024	-0.03292	0.00028	0.01559	-0.00784	0.09666	0.01129	-0.00682	-0.02067	0.00790	0.00166	0.03847	0.00074	0.00259	-0.01910	-0.00194	-0.01814	-0.00842	-0.01562	0.02101	-0.01398	(And (Member $e0 come) (Patient $e0 $x0))
p203989	0.00415	0.00432	0.00438	-0.01765	0.09311	-0.03783	-0.00062	-0.02005	-0.00391	-0.00378	-0.01268	-0.02345	-0.01855	0.01862	-0.00133	0.01049	0.10466	-0.01442	-0.00821	-0.02247	0.01264	0.00979	0.02083	0.00107	0.00605	-0.01618	-0.01659	-0.03007	-0.00309	-0.01322	0.01648	-0.01264	(And (Member $e0 come) (Source $e0 $x0))
p203990	0.00307	-0.00502	-0.00749	-0.00670	0.00329	-0.00556	0.00109	-0.02413	0.00307	-0.00302	0.02865	0.00039	-0.01441	-0.00359	0.00464	-0.01854	-0.01097	0.00334	-0.00138	-0.00893	-0.00413	-0.00567	0.03644	-0.00624	-0.00824	-0.00704	0.01586	-0.00270	-0.00277	0.00868	0.00666	-0.00106	(And (Member $e0 cover) (Patient $e0 $x0))
p203991	0.03864	-0.00901	0.00096	0.00250	-0.01362	0.00484	-0.00326	0.00905	-0.01885	0.00082	0.00994	0.00680	0.01774	-0.00360	0.00437	-0.00939	-0.00365	0.00496	-0.01212	-0.01205	0.00143	-0.00106	0.01897	0.00037	-0.00682	0.01836	-0.00278	-0.01991	-0.01717	-0.01848	-0.01155	-0.00555	(And (Member $e0 create) (Past $e0))
p203992	0.03878	-0.00888	0.00109	0.00263	-0.01349	0.00497	-0.00313	0.00918	-0.01871	0.00096	0.01007	0.00693	0.01787	-0.00346	0.00451	-0.00925	-0.00351	0.00510	-0.01200	-0.01191	0.00157	-0.00093	0.01910	0.00051	-0.00669	0.01850	-0.00266	-0.01978	-0.01703	-0.01835	-0.01142	-0.00540	(And (Member $e0 create) (Patient $e0 $x0))
p203993	-0.00521	0.02298	0.00425	-0.01632	0.04220	-0.01586	0.00346	-0.02756	0.01068	-0.00311	-0.00478	-0.02159	0.00727	0.00466	0.01479	0.00670	0.04487	-0.01293	-0.00424	-0.01926	0.04724	-0.01032	0.00013	0.02147	-0.01101	-0.02945	-0.01999	-0.03831	-0.00347	0.03514	0.01762	-0.02925	(And (Member $e0 draw) (Past $e0))
p203994	-0.00156	0.00309	-0.01338	-0.00064	0.04050	-0.02695	-0.01030	0.06771	-0.02036	-0.00438	-0.00356	0.00279	0.03414	-0.00256	-0.00563	0.03222	0.07684	-0.01549	-0.00560	-0.00338	0.01506	0.00112	-0.00571	0.00068	-0.00058	-0.00031	-0.02526	-0.02418	-0.00514	-0.01884	-0.02407	-0.01374	(And (Member $e0 eat) (Past $e0))
p203995	-0.00156	0.00309	-0.01338	-0.00064	0.04050	-0.02695	-0.01030	0.06771	-0.02036	-0.00438	-0.00356	0.00279	0.03414	-0.00256	-0.00563	0.03222	0.07684	-0.01549	-0.00560	-0.00338	0.01506	0.00112	-0.00571	0.00068	-0.00058	-0.00031	-0.02526	-0.02418	-0.00514	-0.01884	-0.02407	-0.01374	(And (Member $e0 eat) (Patient $e0 $x0))
p203996	-0.00051	-0.00831	-0.00976	-0.01471	0.05366	-0.02570	-0.00841	-0.01033	0.01702	-0.01566	-0.01549	-0.01130	-0.00546	-0.00533	0.01001	0.00344	0.04721	-0.00259	-0.00529	-0.00767	0.01882	0.04083	0.00543	-0.00906	0.00059	-0.01292	-0.01386	-0.01728	0.00225	-0.00848	0.01004	0.00190	(And (Member $e0 fall) (Ongoing $e0))
p203997	-0.00355	-0.00223	0.00029	-0.02219	0.13402	-0.05909	0.00678	-0.02951	-0.03034	-0.01076	-0.01702	-0.00044	-0.01989	-0.00813	0.00531	0.04601	0.18285	0.03309	-0.01878	-0.01721	0.05430	0.01606	0.00578	0.00148	-0.02187	0.00239	-0.05226	-0.05438	0.01492	-0.03291	-0.01361	-0.00698	(And (Member $e0 fall) (Source $e0 $x0))
p203998	0.02503	0.00281	0.00516	0.01345	-0.00980	-0.00683	0.01102	0.01082	-0.00003	0.00255	-0.02384	-0.01051	0.01801	-0.00256	-0.02485	-0.03529	0.00074	0.00342	0.05536	0.00312	0.00126	-0.00010	-0.00112	0.01333	-0.00701	0.00101	0.00479	-0.00171	-0.01264	-0.01485	0.00439	-0.01563	(And (Member $e0 find) (Theme $e0 $x0))
p203999	0.03682	-0.01171	0.00745	0.01416	0.02235	-0.00464	-0.00345	0.00705	0.00210	-0.00087	-0.01875	-0.01511	0.00896	-0.00311	-0.01301	-0.02603	0.05313	-0.00914	0.01809	-0.00328	0.00672	0.00048	-0.00221	0.00014	0.00331	-0.00215	-0.00057	-0.01073	-0.01600	-0.01581	0.01145	0.00103	(And (Member $e0 get) (Theme $e0 $x0))
p204000	0.01165	0.00196	-0.02717	0.03238	-0.01177	0.02110	-0.00897	-0.00585	0.02294	0.00199	-0.01536	-0.00853	-0.01286	-0.00515	0.00430	-0.02742	0.00474	0.01761	0.01919	-0.00354	-0.00352	-0.00769	0.01440	-0.00373	-0.00156	-0.00537	0.00702	0.00463	0.02344	-0.01329	0.01853	-0.00661	(And (Member $e0 help) (Past $e0))
p204001	0.00163	-0.01098	-0.00674	-0.01078	-0.02727	0.01332	-0.01741	-0.00607	0.02258	-0.00719	-0.00863	-0.01251	-0.00890	-0.00329	0.02152	0.00288	0.01952	-0.01486	0.02609	-0.00590	-0.02259	-0.00810	0.00420	-0.00725	-0.00067	-0.00675	-0.00387	0.03289	0.01048	0.03080	0.02100	0.01268	(And (Member $e0 hold_up) (Past $e0))
p204002	-0.00172	-0.01826	-0.00889	-0.00299	-0.01842	-0.00250	-0.00758	-0.01707	-0.02711	0.00447	0.01571	0.00066	-0.00497	-0.00598	-0.00084	0.01019	0.00462	0.00904	-0.00884	-0.00698	-0.01144	-0.00352	0.02278	0.03150	0.00252	0.03157	-0.00317	-0.00483	-0.00369	0.00044	-0.00838	0.02712	(And (Member $e0 increase) (Past $e0))
p204003	-0.00190	-0.01844	-0.00907	-0.00317	-0.01860	-0.00268	-0.00777	-0.01725	-0.02729	0.00429	0.01554	0.00048	-0.00516	-0.00616	-0.00102	0.01001	0.00443	0.00886	-0.00901	-0.00716	-0.01162	-0.00370	0.02260	0.03131	0.00235	0.03139	-0.00335	-0.00501	-0.00387	0.00026	-0.00856	0.02694	(And (Member $e0 increase) (Patient $e0 $x0))
p204004	-0.01719	0.01856	-0.06379	0.02980	0.04897	-0.02709	-0.01844	0.08080	-0.02371	-0.01699	-0.03748	-0.03486	-0.00139	0.01060	-0.00863	0.01698	-0.04054	-0.01678	0.03003	0.09598	0.07715	0.00796	-0.00529	0.00166	0.03132	-0.03113	-0.03068	0.14639	-0.01683	-0.01933	0.01628	-0.02610	(And (Member $e0 leave) (Patient $e0 $x0))
p204005	-0.01719	0.01856	-0.06379	0.02980	0.04897	-0.02709	-0.01844	0.08080	-0.02371	-0.01699	-0.03748	-0.03486	-0.00139	0.01060	-0.00863	0.01698	-0.04054	-0.01678	0.03003	0.09598	0.07715	0.00796	-0.00529	0.00166	0.03132	-0.03113	-0.03068	0.14639	-0.01683	-0.01933	0.01628	-0.02610	(And (Member $e0 leave) (Result $e0 $e1))
p204006	0.01989	0.00267	-0.01770	0.01045	0.00383	-0.01296	0.00378	0.02751	-0.01332	0.00535	-0.02509	-0.01898	0.00699	-0.00330	-0.03130	-0.00980	-0.00378	-0.00921	0.02428	0.01599	0.00049	0.02064	-0.00728	0.00899	0.00423	0.00433	-0.00998	0.01436	-0.00163	0.01264	0.01354	-0.01115	(And (Member $e0 leave) (Theme $e0 $x0))
p204007	0.00396	0.02950	-0.00207	-0.00380	-0.01244	0.00191	-0.00325	-0.00487	-0.01740	-0.00135	0.00957	0.00692	-0.01041	-0.00141	0.00527	0.00184	-0.00023	0.00095	0.02518	-0.00519	-0.00476	-0.00216	0.00959	-0.00838	-0.00768	0.00661	-0.00480	-0.00236	-0.00298	0.00614	-0.01288	0.01488	(And (Member $e0 pick_up) (Past $e0))
p204008	-0.01327	0.02241	-0.03162	-0.00318	0.05680	0.05444	0.01870	0.01462	-0.02740	0.04868	0.02515	0.03701	-0.03227	0.00237	-0.04316	-0.00586	-0.04192	-0.01373	0.01567	-0.02981	0.03621	0.06003	-0.00681	0.01403	-0.01404	0.00659	0.00564	-0.03978	-0.00820	-0.01165	-0.04548	-0.03161	(And (Member $e0 play) (Ongoing $e0))
p204009	0.06585	-0.00423	0.00350	0.00371	-0.00248	0.01517	-0.00340	-0.00550	-0.01265	0.01215	0.01436	0.01675	-0.00697	-0.00117	-0.00762	-0.01509	-0.00751	0.00106	-0.03237	-0.01753	0.01393	-0.00325	0.01075	0.00377	0.00052	0.01222	-0.00449	-0.02779	-0.01715	-0.00885	-0.01114	-0.02029	(And (Member $e0 play) (Theme $e0 $x0))
p204010	0.01330	-0.00011	0.00853	-0.00080	0.02636	0.04660	0.00583	-0.02157	-0.00125	-0.00154	0.00878	0.01587	0.00660	0.00289	0.01602	-0.01476	-0.02964	0.01577	0.04730	-0.00230	-0.00214	-0.00241	0.00623	0.00113	-0.01624	-0.01362	-0.00413	-0.00844	-0.01238	-0.01776	-0.02013	-0.01555	(And (Member $e0 present) (Past $e0))
p204011	0.01330	-0.00010	0.00853	-0.00080	0.02636	0.04661	0.00583	-0.02156	-0.00125	-0.00154	0.00878	0.01587	0.00661	0.00290	0.01602	-0.01476	-0.02963	0.01577	0.04731	-0.00230	-0.00213	-0.00241	0.00623	0.00114	-0.01623	-0.01362	-0.00412	-0.00843	-0.01237	-0.01776	-0.02013	-0.01555	(And (Member $e0 present) (Theme $e0 $x0))
p204012	0.03761	-0.01503	-0.00747	-0.00336	-0.00464	-0.00267	-0.00789	0.00723	-0.00194	-0.00300	-0.01743	-0.01647	0.00527	0.01686	-0.00075	0.00198	-0.00552	-0.00333	-0.02304	-0.00023	-0.00602	0.02985	-0.00818	-0.00645	0.00526	0.01373	-0.01838	-0.00687	-0.00306	0.00308	0.01081	0.00841	(And (Member $e0 read) (Theme $e0 $x0))
p204013	0.00743	0.01142	0.00054	-0.00348	0.03662	-0.02838	-0.00288	0.00777	-0.00949	-0.00287	-0.00858	-0.01355	0.00013	-0.00056	-0.01864	-0.00255	0.06775	-0.01072	0.04831	-0.00019	0.01203	-0.00475	-0.00225	0.01483	0.00425	-0.01204	-0.01250	-0.01380	0.00844	0.01428	0.00012	-0.02775	(And (Member $e0 receive) (Theme $e0 $x0))
p204014	-0.00049	-0.00847	0.00677	-0.00694	-0.00868	-0.00218	0.05275	-0.00737	-0.00091	0.01277	-0.00919	0.00930	-0.01864	0.00045	0.01442	0.00404	0.00151	-0.01526	-0.00739	-0.00143	0.00605	-0.00753	-0.00530	-0.00350	0.04883	0.00486	-0.00278	-0.01751	-0.00933	-0.02363	-0.01783	0.00010	(And (Member $e0 run) (Past $e0))
p204015	0.02428	0.06047	-0.00681	-0.00730	0.01304	-0.00641	0.00474	0.02364	-0.02511	0.01093	-0.01674	0.04554	-0.02808	0.00027	-0.01719	0.00944	-0.02001	0.00106	0.01714	0.06445	0.02303	-0.00257	-0.00539	-0.00488	-0.01547	0.00523	-0.03729	-0.03409	-0.00715	-0.02502	0.02023	0.03155	(And (Member $e0 say) (Theme $e0 $x0))
p204016	-0.00608	0.00387	-0.00180	-0.01614	-0.01243	0.00334	-0.00543	-0.01771	0.00589	-0.01363	-0.01304	-0.00809	0.01334	-0.00359	0.02614	0.01561	-0.00415	0.00490	-0.00316	0.00671	0.01601	0.01027	-0.00747	0.00279	-0.00330	-0.00591	-0.02232	-0.01157	0.00695	0.01996	0.00556	-0.00676	(And (Member $e0 sing) (Past $e0))
p204017	0.00561	-0.00518	-0.00416	-0.00603	0.01401	-0.00948	0.00222	-0.02655	0.01634	-0.00352	0.02567	-0.00296	-0.01649	-0.00037	0.00769	-0.03419	-0.01599	0.00018	0.00611	-0.00905	-0.01195	-0.00692	0.04437	-0.00791	-0.00605	-0.02254	0.03158	0.00485	-0.00385	0.01208	0.01804	-0.00016	(And (Member $e0 solve) (Patient $e0 $x0))
p204018	-0.00583	-0.00268	-0.01138	-0.01495	-0.01666	-0.00809	0.02047	-0.00486	-0.00870	-0.02827	-0.02811	0.00863	0.01323	-0.02347	0.03186	0.00947	0.00269	0.04949	-0.00621	0.05182	0.01062	0.04547	-0.01944	0.00636	-0.02811	0.01598	-0.01756	-0.00029	0.02120	-0.00421	-0.02384	-0.00313	(And (Member $e0 stand) (Ongoing $e0))
p204019	-0.00502	0.00691	-0.01338	-0.00349	-0.03315	0.00291	0.04670	-0.00514	-0.03996	-0.00422	-0.00076	-0.01353	0.00344	-0.00338	-0.02214	0.00841	0.01388	0.00172	-0.01178	-0.01295	-0.00600	-0.00501	0.02522	0.01120	0.00605	0.02258	-0.01121	-0.01100	0.00652	0.03849	0.00992	-0.01209	(And (Member $e0 stick) (Past $e0))
p204020	-0.00503	0.00691	-0.01339	-0.00349	-0.03316	0.00291	0.04670	-0.00515	-0.03996	-0.00422	-0.00076	-0.01353	0.00344	-0.00338	-0.02214	0.00841	0.01388	0.00172	-0.01178	-0.01295	-0.00600	-0.00502	0.02522	0.01120	0.00605	0.02258	-0.01121	-0.01100	0.00652	0.03849	0.00992	-0.01209	(And (Member $e0 stick) (Patient $e0 $x0))
p204021	0.02831	0.16420	-0.05630	0.11266	0.31050	-0.14820	-0.08673	0.18746	-0.06807	-0.04233	-0.02713	-0.02289	-0.18094	-0.01007	0.11454	-0.23918	-0.17939	0.12506	-0.06072	-0.03592	-0.06993	-0.00709	0.00094	0.00904	0.15838	0.02145	0.36492	0.03897	-0.05194	0.26514	-0.10373	-0.09035	(And (Member $e0 stop) (Theme $e0 $e1))
p204022	0.00240	-0.01279	0.01787	-0.00270	0.00649	0.00113	-0.01132	-0.02996	0.01020	0.00137	-0.00638	-0.01505	0.00885	-0.00749	0.03439	-0.01021	-0.00365	-0.01363	-0.01459	0.01120	-0.00946	0.00709	-0.00714	-0.01001	-0.00554	0.00753	0.00499	0.00829	-0.02403	-0.01532	0.01740	0.00935	(And (Member $e0 talk) (Past $e0))
p204023	-0.00979	0.00042	-0.10645	0.18572	0.00886	0.00345	-0.02353	-0.04214	0.02725	0.02495	-0.04850	-0.02762	0.01974	-0.01538	0.01685	-0.02093	-0.01425	-0.02450	0.00254	-0.00760	0.02880	-0.01824	-0.00999	-0.00854	0.01112	-0.01261	-0.00348	-0.01152	0.18611	-0.02603	0.02957	-0.00228	(And (Member $e0 travel) (Past $e0))
p204024	-0.00849	0.00154	-0.00149	0.00347	-0.00525	-0.00110	-0.01426	-0.01711	0.00905	0.02638	0.00154	0.01704	-0.00644	-0.00548	0.00245	0.00575	-0.00007	-0.01684	0.01147	0.00209	-0.00398	-0.01138	-0.00573	0.00010	0.00626	0.01119	0.00372	0.00165	-0.00084	0.00406	-0.01290	-0.01055	(And (Member $e0 watch) (Past $e0))
p204025	0.01912	-0.00196	-0.05809	0.06346	-0.00091	-0.00368	-0.02509	-0.01017	-0.00124	0.02659	0.00236	0.00815	-0.01233	-0.00450	-0.00696	0.02051	-0.00608	-0.02387	-0.02398	-0.01636	0.01302	0.00627	-0.00429	-0.00645	0.02203	-0.00134	-0.01813	-0.00850	0.08110	0.02507	-0.01022	-0.00999	(And (Member $e0 watch) (Theme $e0 $x0))
p204026	0.00149	-0.03832	0.07574	0.00509	-0.04365	0.02834	-0.02404	-0.03277	-0.01219	-0.00374	-0.01597	0.03267	0.03576	0.00272	0.00080	-0.03387	0.03397	0.00287	-0.00472	0.00470	0.04613	0.00353	0.01111	-0.01826	0.03590	-0.00054	0.03391	-0.01866	0.00437	0.04734	-0.02031	0.02303	(And (Member $x0 bad) (Patient $e0 $x0))
p204027	-0.00575	0.01523	0.11729	-0.06922	0.00523	-0.02271	-0.00280	0.02794	-0.00155	0.02238	-0.01478	-0.01364	-0.01746	0.00099	-0.02977	-0.02989	-0.00343	-0.01002	0.01030	-0.02555	-0.02342	-0.00538	0.01394	-0.01796	-0.00451	0.00682	0.03011	-0.01110	0.09325	0.02223	0.00399	0.03432	(And (Member $x0 big) (Patient $e0 $x0))
p204028	-0.00424	0.02473	0.01044	0.01907	0.00637	0.00383	-0.00884	-0.01558	0.08601	-0.00248	-0.03012	-0.00047	-0.00383	-0.00139	-0.00133	0.02340	-0.00736	-0.02673	0.01158	-0.01307	0.00167	0.01429	0.01747	0.01053	0.01420	-0.02081	-0.01393	-0.00729	-0.02526	-0.02514	-0.01389	-0.02706	(And (Member $x0 blue) (Member $x0 sky))
p204029	0.01270	0.00433	-0.00374	-0.00899	0.08922	0.14249	-0.01283	-0.01656	-0.01554	-0.01255	0.05545	-0.00795	-0.00676	0.00480	0.01614	0.00782	-0.05496	-0.03584	-0.00893	-0.00501	-0.02082	-0.00351	0.00337	0.02747	0.00584	-0.00997	-0.01459	0.00541	0.00188	-0.00045	0.00239	-0.01181	(And (Member $x0 bottom) (PartOf $x0 $x1))
p204030	0.00558	-0.02142	-0.00906	-0.00542	-0.02918	0.00441	-0.00919	0.00798	-0.02654	0.00342	-0.00530	0.00206	0.03404	-0.00425	0.02990	0.00251	0.00033	0.00806	-0.01856	-0.00910	-0.00661	0.02184	0.01959	-0.01108	-0.01560	0.01978	-0.00028	-0.01897	-0.01042	-0.01374	-0.00991	0.02649	(And (Member $x0 fire) (Patient $e0 $x0))
p204031	0.00259	0.00728	0.02935	-0.02160	0.02086	-0.00259	-0.00014	0.02307	-0.01368	-0.00483	0.00753	-0.00117	0.00904	-0.00085	0.00132	-0.00480	-0.01375	-0.00238	-0.00331	-0.00491	-0.00328	-0.00850	0.01483	0.00503	-0.00332	-0.00338	0.00493	-0.01069	0.02498	0.00627	-0.00458	-0.01609	(And (Member $x0 house) (Patient $e0 $x0))
p204032	0.00839	-0.00931	-0.01368	-0.01478	0.02714	-0.00979	0.00053	-0.04699	0.02953	-0.00748	0.02946	-0.00732	-0.02598	-0.00106	0.01105	-0.04804	-0.03024	-0.00303	0.00727	-0.01386	-0.02265	0.00280	0.07926	-0.01394	-0.00889	-0.02887	0.03974	0.00245	-0.00904	0.01562	0.03272	0.00142	(And (Member $x0 light) (Patient $e0 $x0))
p204033	0.00978	0.00615	0.00282	0.00082	-0.01549	-0.00138	0.00522	0.00088	-0.00660	-0.00287	-0.00758	0.00114	0.01091	-0.00062	-0.00881	-0.01027	0.00036	0.00598	0.05315	0.00448	-0.00017	-0.00333	0.00068	0.01250	-0.00509	-0.00539	-0.00585	-0.00328	-0.00217	0.00575	-0.00751	-0.01992	(And (Member $x0 picture) (Theme $e0 $x0))
p204034	0.00562	-0.02026	0.00224	0.00393	0.00109	-0.00093	-0.00300	-0.02902	0.02683	-0.00403	0.01789	0.00222	0.00096	-0.00353	0.00585	-0.04342	-0.00338	-0.00567	0.00700	-0.00909	-0.01175	0.00462	0.04234	-0.01409	0.00131	-0.01991	0.04177	-0.00565	-0.01679	0.02528	0.01533	0.01486	(And (Member $x0 problem) (Patient $e0 $x0))
p204035	-0.00174	0.00074	0.06140	-0.04257	0.00055	-0.02034	-0.00723	0.03561	-0.01580	0.01060	-0.00574	0.00642	0.00248	0.01089	-0.01021	-0.00192	-0.00617	0.00282	0.00412	-0.00908	0.01610	-0.01490	0.00544	0.00173	0.00536	-0.00064	0.00329	-0.00155	0.05112	-0.00329	-0.01607	-0.00900	(And (Member $x0 room) (Patient $e0 $x0))
p204036	-0.00008	0.06198	-0.01958	-0.02563	0.02713	-0.00959	-0.01726	0.03507	-0.02923	-0.00092	-0.03347	0.18434	-0.04906	-0.00157	-0.00569	0.01307	-0.03300	-0.01150	0.01649	-0.00883	0.00590	-0.00125	-0.00138	0.00651	0.00043	0.00182	-0.03762	-0.02135	0.01522	-0.03322	0.08306	0.05314	(And (Member $x0 thing) (Stimulus $e0 $x0))
p204037	0.00284	-0.03744	0.01801	0.02755	-0.01853	0.01747	-0.01465	-0.02790	0.01468	-0.00326	-0.00195	0.02104	0.03067	0.00277	-0.00046	-0.04861	0.01894	-0.01237	0.00653	0.01169	0.00481	0.01251	0.02987	-0.01962	0.02264	-0.01598	0.04972	-0.02960	-0.03522	0.04511	0.00457	0.02721	(And (Member $x0 weather) (Patient $e0 $x0))
p204038	0.02586	-0.00310	-0.00304	-0.00653	0.02160	-0.01094	0.00266	-0.02548	0.00604	-0.00668	0.01479	-0.00253	-0.02007	0.00160	0.01174	-0.03217	-0.01047	0.00270	-0.00919	-0.00767	-0.00745	-0.00522	0.04418	-0.00568	-0.00431	-0.02441	0.01930	-0.00275	-0.00688	0.00221	0.02420	-0.00611	(And (Might $e0) (Patient $e0 $x0))
p204039	-0.01904	-0.00603	0.07380	-0.03398	0.04255	0.07765	0.00968	-0.03726	-0.00757	0.00635	-0.02532	-0.01856	0.03263	-0.01246	0.00177	0.01383	-0.03625	0.00877	0.04701	0.00263	-0.01019	0.00550	-0.01822	-0.00998	-0.01493	0.02208	0.03233	0.02200	0.02581	-0.04478	-0.00963	0.00141	(And (Only $x0 $e0) (Past $e0))
p204041	-0.00078	0.01149	-0.01777	-0.00109	0.08711	0.13538	-0.00270	0.03526	-0.00844	-0.01295	0.04864	-0.00376	0.02876	0.00139	0.01210	0.00492	-0.06365	-0.04131	-0.00293	0.01650	-0.02935	-0.00184	0.01322	-0.00741	-0.01120	-0.01420	-0.00742	0.01266	-0.00598	-0.01986	0.00127	-0.02530	(And (PartOf $x0 $x1) (Patient $e0 $x0))
p204043	-0.03240	-0.07543	-0.04981	-0.05704	0.00515	-0.02312	-0.03802	0.05479	0.21610	-0.02103	0.28053	-0.03212	-0.02517	-0.04047	-0.04841	-0.01269	-0.03628	-0.03593	-0.02080	0.00002	0.20382	-0.00907	-0.02051	-0.04774	-0.06456	0.01180	-0.01551	-0.11664	0.04717	0.07571	-0.02289	0.11208	(And (Past $e0) (Time $e0 night))
p204044	-0.01069	-0.00756	0.00597	-0.01333	-0.00184	-0.00409	-0.00825	-0.00353	0.00581	-0.00240	0.00831	-0.01429	-0.00128	0.04154	0.00289	0.01595	-0.00007	-0.01410	0.00697	-0.00086	-0.02572	-0.00640	-0.00511	-0.00552	-0.00106	0.01126	-0.00885	-0.00684	-0.00218	0.02503	0.01080	0.00482	(And (Past $e0) (Time $e0 today))
p204045	0.00066	-0.00829	0.00018	-0.00300	0.00011	0.00012	-0.00907	-0.01227	0.01879	-0.00048	0.00117	-0.00296	0.00354	0.00930	0.02046	-0.00555	-0.00445	-0.00938	-0.00776	0.00707	-0.01084	0.00738	-0.00844	-0.00862	-0.00531	0.01152	0.00480	0.00278	-0.00312	-0.01136	0.00431	0.00716	(And (Past $e0) (With $e0 $x0))
p204046	0.00411	-0.02798	-0.00342	0.00185	-0.00117	-0.00080	-0.00617	-0.02636	0.04426	-0.00930	-0.00031	-0.00517	0.00661	-0.00227	0.00543	-0.04476	-0.00252	-0.01036	0.00777	-0.01310	-0.01480	0.02038	0.04266	-0.01906	0.00288	-0.02322	0.03790	-0.00482	-0.01981	0.02799	0.02754	0.02475	(And (Patient $e0 $x0) (Probably $e0))
p204047	0.01009	0.01040	0.04271	-0.03165	0.02871	-0.00322	-0.00198	-0.02454	0.02310	0.02294	0.02383	0.00678	-0.02277	0.00073	0.00035	-0.03993	-0.02461	-0.00838	0.00289	-0.01705	0.00307	-0.02296	0.03621	0.00318	-0.00666	-0.02158	0.03453	-0.02167	0.03475	0.00018	0.00145	-0.01951	(And (Patient $e0 $x0) (To $e1 $e0))
p204049	0.00458	-0.01137	0.03018	0.02150	0.00334	-0.00490	0.01123	-0.01683	-0.07577	-0.00751	0.09128	-0.04909	0.03386	-0.00130	-0.00320	0.00514	0.04123	0.02339	-0.00777	0.00337	-0.04181	0.00774	-0.00614	-0.01908	0.05084	-0.00413	-0.01977	0.04252	-0.02141	-0.02293	0.10067	-0.00119	(And (Recipient $e0 $x0) (Theme $e1 $e0))
p204050	0.06082	-0.00746	0.00242	-0.00311	-0.00635	-0.00121	-0.00614	-0.00306	-0.00594	-0.00998	-0.00626	-0.01503	-0.00007	0.00137	0.01353	0.00832	-0.00128	-0.00179	-0.05307	-0.01432	0.02033	0.00045	0.00303	-0.00310	0.00402	-0.00851	0.01710	-0.01885	-0.00541	-0.01756	0.02779	-0.00498	(And (Theme $e0 $x0) (To $e0 $x1))
p204051	0.06054	-0.00280	-0.03463	0.06833	0.02062	-0.00137	-0.01853	-0.01733	0.02645	0.01757	0.01667	0.00016	-0.00937	-0.00601	0.00536	-0.02631	-0.01670	-0.01981	-0.04685	-0.02059	0.04163	-0.01075	0.00319	-0.00825	0.00718	-0.01057	0.00059	-0.03269	0.05323	-0.01579	0.00826	-0.00362	(And (Theme $e0 $x0) (To $e1 $e0))
p204215	-0.00353	-0.00136	-0.01650	0.03766	0.00631	-0.00056	-0.01304	-0.01921	0.00783	0.00940	-0.02156	-0.01633	0.00102	0.02574	0.01767	-0.00272	-0.00969	-0.00966	-0.00249	-0.00437	0.02345	-0.00641	-0.00821	-0.00387	0.00454	-0.00417	-0.00778	0.00774	0.02996	-0.01808	0.01435	-0.00076	(Against $e0 $x0)
p204216	-0.00379	-0.00273	-0.00182	0.00146	0.03276	0.04253	0.02277	0.00794	-0.00428	-0.00603	0.01991	-0.01024	-0.00746	-0.00277	-0.00434	-0.00198	-0.02269	-0.02586	-0.00540	0.00673	-0.01045	0.00020	-0.00657	-0.00967	0.02048	0.00869	-0.00245	0.00270	-0.00042	0.00123	0.00789	-0.00244	(Agent $e0 adriano)
p204217	-0.01022	-0.00657	0.00977	0.00182	0.00671	0.00038	-0.01268	0.00293	0.01588	-0.00002	-0.00574	-0.01057	0.00149	-0.01629	-0.00349	-0.00748	-0.00732	-0.01636	0.00047	0.00858	0.00503	-0.00161	-0.01787	-0.00866	0.00235	0.02782	0.00617	0.02632	-0.01135	0.00894	0.00962	0.00353	(Agent $e0 baya)
p204218	-0.00919	-0.02616	-0.01565	-0.00996	0.00695	-0.01037	0.01187	0.02517	0.06635	-0.00708	0.07624	-0.01196	-0.01240	-0.01409	-0.01794	-0.00793	-0.01665	-0.02439	-0.00868	-0.00087	0.06189	-0.00345	-0.01478	-0.02112	0.00626	0.00531	-0.00412	-0.04112	0.01686	0.01561	-0.00747	0.03305	(Agent $e0 daniel)
p204219	-0.01538	0.03419	-0.00522	-0.11474	-0.06275	0.05832	-0.07302	-0.01008	0.02892	-0.06518	-0.08677	-0.03445	0.09903	-0.02362	0.02226	0.08684	0.00927	0.11852	-0.03273	0.03475	0.02621	0.05324	-0.05371	-0.03067	0.12495	0.01067	-0.11741	-0.03546	0.13720	-0.02571	0.00065	-0.02299	(Agent $e0 david)
p204220	-0.00378	-0.00227	0.03641	-0.02942	0.04249	0.04769	-0.00434	-0.01189	-0.00490	-0.00439	0.01209	-0.01500	-0.00652	-0.00158	-0.00348	-0.01186	-0.02871	-0.01249	-0.00416	-0.00192	-0.01384	-0.01246	0.00482	0.03261	0.00100	0.00520	0.00403	-0.00221	0.03392	0.01597	0.02227	-0.00830	(Agent $e0 elias)
p204221	-0.00852	0.01507	-0.01980	-0.01201	-0.02794	0.02230	0.00859	0.00302	-0.01958	-0.02431	-0.02172	-0.02597	-0.00384	-0.01733	0.02072	0.01699	0.01398	0.01308	-0.01487	0.04634	-0.00863	0.03429	-0.00633	-0.01310	-0.02311	0.02416	-0.02515	0.01607	0.01686	0.00601	0.01155	0.03234	(Agent $e0 felix)
p204222	0.00222	-0.00033	0.00811	0.00985	-0.00059	-0.00164	-0.00497	0.00699	0.00721	0.00096	-0.01140	-0.00964	0.00021	-0.01382	-0.00842	-0.01472	0.00084	-0.01412	0.02179	0.00090	0.00048	-0.00061	-0.01033	-0.00303	-0.00016	0.01573	0.00675	0.04398	-0.01696	-0.00617	0.00793	-0.00253	(Agent $e0 gustavo)
p204223	-0.01316	-0.01782	-0.06031	0.09531	-0.01684	0.00445	-0.00771	-0.00532	-0.02177	0.00151	-0.00725	-0.01955	0.00966	-0.01520	-0.01885	0.00198	-0.00151	-0.00890	-0.00163	0.00055	-0.01731	-0.00117	0.00480	-0.01446	-0.00349	0.04094	-0.00686	0.00781	0.07801	0.01168	0.01922	0.01597	(Agent $e0 ivan)
p204224	0.01577	-0.00956	-0.01432	-0.02189	-0.01791	0.00111	-0.01320	0.01619	0.02972	-0.01818	0.02014	0.03292	-0.01389	-0.00926	0.01339	0.00593	-0.00552	0.03873	-0.02343	0.00289	0.05348	0.01467	-0.00891	-0.00511	-0.00479	-0.00760	-0.02197	-0.04585	0.01091	-0.00261	-0.01645	-0.00691	(Agent $e0 linda)
p204225	0.01715	0.03371	-0.04202	-0.07482	-0.02238	0.04193	-0.08264	0.00019	0.07921	-0.03508	-0.06560	-0.03979	0.10536	-0.01891	-0.02713	0.06211	0.03925	0.06393	-0.04006	0.00949	0.04576	0.00554	-0.04917	-0.02569	0.13526	0.01914	-0.10367	-0.04981	0.06779	-0.02049	0.03797	-0.03687	(Agent $e0 mark)
p204226	-0.00472	0.00275	-0.00811	-0.01167	-0.01330	0.00609	0.02413	0.00565	0.02058	-0.00527	-0.01066	0.00378	-0.00969	-0.00297	-0.00931	-0.00138	-0.00127	0.00878	-0.00063	0.00235	0.01123	-0.00569	0.00492	0.00020	0.01020	-0.00021	-0.00818	-0.01637	0.00622	0.01160	0.00603	-0.01287	(Agent $e0 martino)
p204227	0.00465	0.00148	0.00775	0.00200	0.00277	0.00930	0.00351	0.00440	0.00227	0.00001	-0.00478	-0.00682	0.00429	-0.00318	-0.00956	-0.01285	-0.00371	-0.00505	0.01640	0.00090	-0.00214	-0.00143	-0.00445	0.00635	-0.00392	0.00726	0.00366	0.00004	-0.00490	0.00240	0.00412	-0.01029	(Agent $e0 mary)
p204228	0.00244	-0.01786	-0.00847	-0.00235	0.00134	-0.00924	0.01298	0.00078	0.04726	0.01092	0.04581	-0.00247	-0.01108	-0.00860	0.00359	-0.01823	-0.01431	-0.01359	0.01264	0.00065	0.04768	-0.00679	-0.00729	-0.01000	0.00563	0.00048	0.00498	-0.03473	0.00247	-0.01402	-0.02018	0.02179	(Agent $e0 matthew)
p204229	-0.00850	-0.02040	-0.01665	-0.01167	0.00532	-0.01044	0.01469	0.02503	0.04417	-0.00949	0.04629	-0.01030	-0.00939	-0.00891	-0.01259	-0.00299	-0.01369	-0.01584	-0.00352	0.00172	0.04350	0.01203	-0.01146	-0.01711	0.01114	0.00266	-0.00751	-0.02864	0.01059	0.01198	-0.00391	0.02849	(Agent $e0 mennad)
p204230	0.01684	0.04899	-0.01010	0.01765	0.01200	0.00598	0.03277	0.03223	-0.01609	-0.00941	-0.00152	-0.02456	-0.02272	-0.00447	-0.00631	-0.02014	-0.00849	-0.02105	0.03404	0.01579	0.00601	0.02283	-0.00833	-0.02696	-0.00259	0.00831	-0.01157	-0.00338	-0.00458	-0.03444	0.00572	0.06155	(Agent $e0 michael)
p204231	-0.01231	0.02578	0.00533	-0.00359	0.02191	-0.00709	0.00144	0.00443	0.00245	-0.00093	-0.01363	-0.02295	0.00310	-0.00670	-0.01387	0.00541	0.04155	-0.02073	0.00118	0.00410	0.00457	-0.00304	-0.01381	-0.00598	-0.01056	0.01661	-0.01143	-0.00108	-0.00325	0.01019	0.02088	0.01461	(Agent $e0 pietro)
p204232	0.02097	0.07947	-0.01401	-0.03639	-0.00234	-0.01029	-0.04799	-0.03398	0.00140	-0.02225	-0.01482	-0.02502	0.11559	-0.00224	-0.00986	0.04026	-0.02935	0.02161	-0.01612	-0.01388	0.00469	0.01053	-0.02059	-0.02949	0.11093	-0.01255	-0.05546	-0.01511	0.02724	-0.03458	0.00636	-0.00292	(Agent $e0 william)
p204233	-0.00351	-0.00411	-0.01321	-0.00881	-0.01116	0.00031	0.00221	0.00205	0.00325	-0.02043	-0.01636	-0.00621	0.01053	-0.01601	0.01715	0.00473	0.00274	0.00746	-0.00813	0.02263	0.00230	0.04131	-0.01430	-0.00378	-0.00886	0.01022	-0.00982	0.00723	0.00941	0.00232	-0.00243	0.00010	(Agent $e0 ziri)
p204234	-0.00754	-0.00598	0.00759	-0.01122	-0.00532	-0.00308	-0.01363	-0.01544	0.01240	0.00026	0.00409	0.00207	-0.00342	-0.00327	0.01949	0.00279	-0.00387	-0.00755	0.00800	-0.00002	-0.00354	-0.00712	-0.00354	-0.00429	-0.00169	0.00040	-0.00073	0.00063	-0.00543	0.01069	-0.00011	0.00038	(At $e0 $x0)
p204235	-0.00089	-0.00195	0.05313	-0.03200	0.00819	-0.01413	0.00384	-0.02612	0.00719	0.03756	0.00265	0.02593	-0.00481	-0.00365	-0.00709	-0.01178	-0.01061	0.02296	0.00362	-0.01094	0.00944	-0.02140	0.01239	-0.00088	-0.01402	0.00731	0.01159	-0.02771	0.03692	-0.01998	-0.03130	-0.00612	(Beneficiary $e0 $x0)
p204236	-0.00195	-0.00261	-0.00146	-0.00238	0.00439	-0.00295	0.00729	0.00282	-0.00772	-0.00506	-0.00606	-0.00785	-0.00046	0.06577	0.00040	0.00841	-0.00800	0.00970	0.00133	-0.01169	-0.00080	0.00072	0.00148	-0.00047	-0.00475	-0.01471	-0.01621	-0.02859	0.00141	-0.00229	0.00788	-0.00355	(But $e0 $e1)
p204237	-0.00114	-0.00151	0.04366	-0.02904	-0.00171	-0.00545	0.00288	-0.00918	-0.01610	-0.00435	-0.00084	-0.00286	-0.00347	0.03067	0.00284	0.00847	-0.00512	0.01627	-0.00738	-0.01245	-0.00058	-0.00740	0.00411	-0.00229	-0.00435	0.00242	-0.01252	-0.02519	0.03215	0.00205	-0.00255	-0.00566	(But $e0 $x0)
p204238	-0.00352	-0.00312	-0.00198	-0.00090	-0.00016	-0.00327	0.00287	0.00349	0.00064	-0.00463	0.00300	-0.00487	0.00064	0.03099	-0.00032	0.00430	-0.00282	0.00398	0.00117	-0.00617	0.00184	0.00003	-0.00061	-0.00238	-0.00400	-0.00923	-0.00771	-0.01331	0.00131	0.00158	0.00261	-0.00142	(Every $e0 <num> week)
p204239	-0.00218	-0.00444	-0.05049	0.06410	0.00463	-0.00552	0.00031	-0.00915	-0.00173	-0.00590	0.00062	-0.01077	-0.00568	-0.00206	-0.00384	-0.01608	-0.00888	0.00096	0.00869	-0.00624	-0.00709	-0.00271	0.02549	-0.00843	0.00089	-0.01986	0.00723	0.00467	0.06586	0.00627	0.01701	-0.00065	(Every $e0 <num> year)
p204240	-0.00356	-0.00318	-0.01733	-0.00977	0.04146	0.04205	-0.00026	-0.01530	-0.01310	-0.01221	-0.00098	-0.01281	-0.01095	0.00367	0.00978	0.02459	-0.03878	0.00293	-0.00922	0.01959	0.02613	0.01295	0.01504	-0.00585	-0.00813	-0.00178	0.00937	0.03498	-0.00522	-0.01544	0.03053	-0.00439	(Experiencer $e0 $e1)
p204241	-0.03558	-0.08248	-0.06959	-0.08128	-0.00912	-0.01501	-0.04051	0.08241	0.26970	-0.01197	0.34100	-0.00039	-0.04549	-0.02361	-0.06409	-0.00712	-0.04461	-0.00224	-0.01861	-0.00812	0.28643	-0.01305	-0.03093	-0.04587	-0.08011	-0.01343	-0.03146	-0.18469	0.07247	0.07307	-0.06358	0.11536	(Goal $e0 bed)
p204242	0.00422	0.00051	0.03855	-0.02098	0.00411	-0.00001	-0.02951	-0.08400	0.03201	0.03283	0.01100	0.02321	-0.00753	-0.00373	0.07773	-0.01144	-0.01637	-0.01032	-0.00496	0.00095	0.02340	-0.02340	0.00247	-0.00017	-0.00605	-0.00860	0.01440	-0.02694	-0.04065	-0.03442	-0.01721	-0.01050	(Goal $e0 home)
p204243	-0.00311	-0.00113	0.01011	0.00372	-0.00529	0.00019	-0.00126	-0.00735	0.00025	0.01534	0.00104	0.00063	0.00532	-0.00468	-0.00937	-0.00521	0.00744	-0.00942	0.00283	-0.00129	-0.01075	-0.00741	-0.00348	-0.00086	0.00104	0.00489	0.01076	0.01133	-0.01031	-0.00285	-0.00738	-0.00638	(GroupOf $x0 city)
p204244	-0.00331	0.00536	-0.00846	0.00198	0.04793	-0.02678	-0.00890	0.04727	-0.00708	-0.00505	-0.00703	-0.00502	0.01677	-0.00320	-0.00692	0.01757	0.07016	-0.01759	0.00070	0.00029	0.01085	0.00008	-0.01155	0.00175	0.00497	-0.01061	-0.01340	-0.00642	-0.00107	-0.01199	-0.01078	-0.01359	(GroupOf $x0 cookie)
p204245	-0.00132	-0.01891	0.00385	-0.00779	0.01612	-0.01630	0.00281	-0.01216	0.00699	-0.00314	0.00616	-0.01487	-0.00256	0.02135	0.00498	-0.01477	-0.01702	0.01352	0.00439	-0.00686	-0.01451	-0.00347	0.01290	0.01997	-0.00755	-0.00298	0.01016	0.00006	-0.00754	-0.00050	0.01090	0.03786	(GroupOf $x0 dish)
p204246	0.01224	-0.00952	0.01343	0.00033	0.00721	-0.00643	0.00577	-0.01920	0.00255	-0.00019	-0.00751	0.00098	0.00735	-0.00090	0.01946	-0.00184	-0.00975	0.01754	-0.01133	-0.00388	0.00810	-0.00216	-0.00019	-0.00385	-0.01241	-0.00462	0.01064	-0.00847	-0.01413	-0.01746	0.00170	0.00393	(GroupOf $x0 friend)
p204247	0.03708	-0.00809	0.00179	0.00372	0.00887	-0.00770	-0.00592	0.01009	0.00008	0.00568	0.00410	-0.00978	-0.00509	-0.00344	-0.00997	-0.00615	-0.00785	-0.00368	-0.01186	0.05053	0.00798	-0.00429	-0.00439	-0.00212	-0.00001	0.00680	-0.01388	-0.01196	-0.01215	0.00013	0.01254	-0.00021	(GroupOf $x0 measure)
p204248	-0.00183	0.00811	0.02390	0.01265	-0.00053	-0.00559	-0.01382	0.01402	0.01230	-0.00706	-0.01385	0.06842	-0.01025	-0.00499	0.01247	0.02776	-0.01199	-0.00121	-0.01246	-0.00119	0.00657	0.00406	-0.01670	0.00731	0.00550	0.00482	-0.02549	-0.01513	-0.02030	-0.01674	0.02003	-0.02244	(GroupOf $x0 noise)
p204249	0.02560	-0.00169	0.00308	0.00490	-0.00527	-0.00266	0.00041	0.00654	-0.00388	-0.00060	-0.01109	0.02665	0.00050	-0.00176	-0.00323	-0.00843	-0.00108	0.00258	0.00443	-0.00579	0.00320	0.00003	-0.00109	0.00220	0.00425	0.00030	-0.00440	-0.00725	-0.00726	-0.01426	0.00456	-0.01291	(GroupOf $x0 question)
p204250	-0.00539	-0.00750	-0.00158	-0.00633	-0.01017	-0.00702	0.00214	0.00440	-0.01471	-0.00509	0.00447	0.02062	0.01578	-0.00226	0.01512	0.01651	-0.00859	0.01996	0.00917	-0.00723	-0.00317	-0.00258	0.01017	-0.00277	-0.00937	0.00124	-0.00942	-0.00075	-0.00294	0.00734	-0.02362	-0.00001	(GroupOf $x0 road)
p204251	-0.00104	0.02539	-0.01244	-0.01512	-0.00841	-0.00404	-0.02650	-0.02034	0.02885	-0.00308	0.00055	-0.00286	0.06250	-0.00290	-0.00374	0.02839	-0.01743	0.00114	0.00195	-0.01902	-0.00691	-0.00166	0.02512	0.00271	0.05503	-0.00330	-0.02065	-0.01464	-0.00305	-0.02388	-0.01734	-0.01772	(GroupOf $x0 tree)
p204252	-0.00347	-0.01856	-0.00238	-0.00536	-0.00160	-0.01484	-0.01395	-0.00851	-0.00603	0.03239	0.00089	0.00315	-0.01562	-0.00098	-0.01535	-0.01074	0.00169	-0.00377	0.00992	-0.00037	-0.01414	-0.01267	0.00982	0.05932	0.01953	0.00442	0.01774	0.00963	-0.00037	-0.01068	-0.00882	0.03115	(GroupOf $x0 woman)
p204253	0.04734	-0.00636	0.01075	0.00296	-0.00623	0.00519	-0.00562	-0.00371	0.00210	0.02546	-0.00169	-0.00180	-0.00138	0.01802	-0.01489	-0.00520	0.00095	-0.01472	-0.04099	-0.01083	-0.00735	-0.01024	-0.00491	0.00005	0.00433	0.01578	-0.00225	-0.01140	-0.01782	0.00060	-0.00158	-0.01065	(In $e0 $e1)
p204254	0.01573	0.00053	0.00029	0.00004	-0.00659	-0.00388	-0.00829	-0.00888	-0.00101	0.00942	0.01119	0.00864	-0.00699	-0.00144	0.00335	0.00067	-0.00006	-0.00507	-0.00266	-0.00468	0.00291	-0.00745	0.00109	-0.00054	0.00377	-0.00454	-0.00151	-0.00561	0.00135	0.00562	-0.01234	-0.00981	(Manner $e0 carefully)
p204255	0.04019	0.03239	0.00891	0.00525	-0.01306	0.00765	-0.00268	0.00496	0.00453	-0.01436	-0.01066	0.00354	-0.01469	0.00200	0.01640	0.00558	-0.00249	0.02593	-0.02633	-0.00747	0.02269	0.01075	0.00638	-0.00319	-0.00402	-0.01200	-0.02280	-0.02851	-0.01383	-0.02339	-0.01015	0.01012	(Manner $e0 really)
p204256	-0.00723	0.00269	-0.01574	0.00128	0.00962	-0.01013	0.00151	0.00793	-0.00663	-0.00667	-0.00792	-0.00595	-0.01178	0.00391	-0.00087	-0.00022	-0.01433	0.00749	0.00912	0.05476	0.02893	0.01085	0.00183	0.00281	0.00000	-0.00954	-0.01048	0.00936	-0.00389	0.00104	0.00538	-0.01258	(Measure $e0 duration <num> day)
p204257	0.02724	-0.00084	0.00445	0.00123	-0.00875	-0.00368	-0.00324	-0.00234	-0.00463	-0.00338	0.00578	0.00577	-0.00167	0.00022	0.00735	-0.00501	-0.00086	0.00165	0.01285	-0.00343	0.00390	-0.00186	0.00197	0.00113	0.00396	-0.00423	-0.00519	-0.00846	-0.00751	-0.00141	-0.00951	-0.00932	(Member $e0 approve)
p204258	-0.00054	0.00117	0.00301	-0.00449	-0.01900	0.00623	-0.00789	0.00973	0.00281	0.01919	-0.00555	0.01207	0.01128	-0.00260	0.00785	0.00109	0.00582	0.01271	-0.00096	0.00169	0.00477	-0.00892	-0.00283	0.00155	-0.00412	0.00316	0.00154	-0.01192	-0.00930	-0.01742	-0.02288	-0.00900	(Member $e0 attack)
p204259	0.04027	-0.00649	0.00110	0.00275	0.00305	-0.00381	-0.00414	-0.00004	0.00401	-0.01078	0.00118	-0.00949	0.00142	-0.00058	0.01046	-0.01658	-0.00556	-0.00012	-0.02732	-0.01239	0.01193	0.01247	0.00239	-0.00486	0.00102	-0.01011	-0.00081	-0.01025	-0.00878	-0.00668	0.00934	-0.00006	(Member $e0 avoid)
p204260	0.03913	-0.00662	0.00397	0.00270	0.00161	-0.00460	-0.00157	-0.00658	0.00257	-0.00767	0.00312	-0.01109	-0.00317	0.00104	0.01080	-0.01872	-0.00271	0.00117	-0.02337	-0.00463	-0.00020	-0.00111	0.01615	-0.00176	0.00081	-0.01089	0.00665	-0.00055	-0.00856	-0.00020	0.01842	-0.00153	(Member $e0 base)
p204261	-0.00828	-0.00724	0.00432	-0.00313	-0.00822	0.00471	0.00301	-0.00452	0.00832	0.00080	-0.00699	-0.02470	0.01088	0.01266	-0.01335	-0.00346	0.00077	-0.01540	-0.00561	0.00112	-0.02217	-0.00542	-0.00017	-0.00271	-0.01280	0.03159	0.00069	0.00463	-0.00898	0.02464	0.03066	0.00790	(Member $e0 bear)
p204262	-0.00429	-0.00204	0.07096	-0.04395	0.00964	-0.02188	-0.00400	0.02043	-0.00173	0.01099	-0.01412	-0.01229	-0.01079	0.04986	-0.01629	-0.00809	-0.01177	-0.00185	0.00519	-0.00729	0.00533	-0.01586	-0.00417	-0.00110	0.00578	-0.00347	0.00502	-0.00393	0.04814	0.00808	0.00792	-0.00373	(Member $e0 beautiful)
p204263	-0.00183	-0.01365	-0.01140	-0.00273	-0.00940	-0.00150	-0.00606	-0.02438	-0.01650	0.00167	-0.00364	-0.00664	-0.00517	-0.00788	0.01871	-0.00041	-0.00696	0.00604	-0.01543	-0.00300	-0.00578	0.02324	0.01279	-0.00952	-0.01281	0.02803	-0.00123	-0.00367	-0.00650	-0.00232	0.00816	0.01771	(Member $e0 break_out)
p204264	0.00681	-0.00866	0.00004	0.00198	0.00166	-0.00938	0.01998	0.01530	0.00245	0.01742	-0.01122	-0.00213	-0.00686	-0.00486	-0.02619	-0.00933	-0.00918	-0.00356	0.03893	0.05866	0.00210	-0.00525	-0.00895	0.00045	0.01604	0.01433	-0.00814	-0.01336	-0.00664	-0.02135	-0.00641	-0.00337	(Member $e0 bring)
p204265	0.00462	-0.00286	0.00180	-0.00898	-0.00154	-0.00832	-0.00809	0.01980	0.01992	0.03999	0.00983	0.01478	0.00997	-0.00161	-0.01294	-0.02210	-0.00940	-0.01811	0.00787	-0.01010	-0.00964	-0.01691	0.02699	-0.00230	-0.00763	0.00100	0.02538	-0.01020	0.00049	-0.01771	-0.01627	-0.00364	(Member $e0 build)
p204266	-0.00476	0.01025	-0.00467	-0.00966	-0.00829	-0.00381	0.02044	0.01554	0.01483	0.01510	-0.02213	-0.01450	0.00707	0.00191	-0.00528	0.00554	-0.01007	0.00185	0.00313	0.04785	0.00916	-0.00138	0.00881	0.00956	0.01613	-0.00887	-0.01430	-0.02669	-0.01217	-0.00655	0.00234	-0.01246	(Member $e0 climb)
p204267	0.03864	-0.00901	0.00095	0.00249	-0.01363	0.00483	-0.00327	0.00905	-0.01886	0.00081	0.00992	0.00678	0.01773	-0.00360	0.00436	-0.00939	-0.00365	0.00496	-0.01213	-0.01204	0.00142	-0.00107	0.01896	0.00037	-0.00682	0.01836	-0.00280	-0.01991	-0.01718	-0.01849	-0.01156	-0.00555	(Member $e0 create)
p204268	0.01950	-0.00328	0.00138	-0.00071	0.00452	-0.00520	0.00151	-0.00799	0.00141	-0.00596	0.00126	-0.00584	-0.00467	0.01623	0.00613	-0.01270	-0.00731	0.00367	-0.01014	-0.00793	-0.00160	-0.00221	0.01431	-0.00303	-0.00238	-0.01403	0.00217	-0.00937	-0.00530	-0.00258	0.01026	-0.00539	(Member $e0 difficult)
p204269	-0.00520	0.02299	0.00425	-0.01632	0.04220	-0.01586	0.00346	-0.02756	0.01068	-0.00311	-0.00478	-0.02158	0.00727	0.00466	0.01479	0.00670	0.04487	-0.01293	-0.00424	-0.01925	0.04724	-0.01032	0.00012	0.02147	-0.01101	-0.02945	-0.01998	-0.03831	-0.00347	0.03514	0.01762	-0.02925	(Member $e0 draw)
p204270	-0.01156	-0.01503	0.00534	-0.00202	0.01150	-0.00177	-0.01102	-0.00575	0.03086	0.00022	0.00497	-0.01562	0.00041	-0.01173	-0.00613	-0.01607	-0.01134	-0.02075	0.00385	0.01135	-0.00943	-0.00412	-0.00344	-0.01325	-0.00465	0.02691	0.01152	0.00845	-0.01435	0.01455	0.02620	0.01366	(Member $e0 drink)
p204271	-0.00672	-0.00325	0.00118	-0.00741	-0.00303	-0.00915	-0.00921	0.01269	0.00813	0.00851	-0.02262	-0.02263	-0.01047	-0.00187	-0.01498	-0.01326	-0.00400	-0.01609	0.00834	-0.01889	0.02300	0.01664	0.00672	-0.00582	0.00416	0.00736	0.01022	0.07366	-0.01136	0.00669	0.01229	0.00317	(Member $e0 grow)
p204272	0.00163	-0.01098	-0.00674	-0.01078	-0.02727	0.01332	-0.01741	-0.00607	0.02257	-0.00719	-0.00863	-0.01251	-0.00890	-0.00329	0.02152	0.00288	0.01952	-0.01487	0.02609	-0.00590	-0.02260	-0.00810	0.00420	-0.00725	-0.00067	-0.00675	-0.00388	0.03289	0.01048	0.03080	0.02100	0.01268	(Member $e0 hold_up)
p204273	0.01494	-0.00554	0.00155	-0.00527	0.00513	-0.00282	-0.00441	0.00702	0.00231	-0.00379	-0.00875	0.03698	-0.00448	0.01808	0.00078	0.00043	-0.01058	-0.00374	-0.01435	-0.00636	-0.00525	-0.00203	-0.00239	-0.00296	-0.00001	0.00177	-0.00978	-0.01206	-0.00399	-0.00279	0.02741	-0.00612	(Member $e0 know)
p204274	0.03978	0.00322	0.00869	0.00283	0.03500	0.05189	-0.00284	-0.00873	-0.00018	-0.00786	0.02244	-0.00480	0.00061	-0.00010	0.00988	-0.01451	-0.02236	-0.01321	-0.02874	-0.01300	0.00463	-0.00166	0.00288	-0.00231	-0.00131	-0.00927	-0.00138	-0.00988	-0.00706	-0.01276	0.00383	-0.01792	(Member $e0 learn)
p204275	0.04573	0.07346	-0.00121	-0.00363	-0.01102	0.01151	0.00114	0.01350	-0.02098	-0.00699	-0.01579	0.02149	-0.02203	0.00374	0.01073	-0.00811	-0.00289	0.01581	-0.00794	-0.01369	0.02321	0.00412	0.00215	-0.01930	-0.01489	-0.00598	-0.02298	-0.02597	-0.00385	-0.03681	0.00444	0.06356	(Member $e0 mean)
p204276	0.00396	0.02950	-0.00207	-0.00380	-0.01244	0.00191	-0.00325	-0.00487	-0.01740	-0.00135	0.00957	0.00692	-0.01041	-0.00141	0.00527	0.00184	-0.00023	0.00095	0.02518	-0.00519	-0.00476	-0.00216	0.00959	-0.00838	-0.00768	0.00661	-0.00480	-0.00236	-0.00298	0.00614	-0.01288	0.01488	(Member $e0 pick_up)
p204277	-0.00096	-0.00673	-0.00313	-0.00649	0.02571	0.04207	-0.00836	0.00731	-0.00493	0.01166	0.01918	0.00120	0.00903	0.00119	-0.00086	-0.00337	-0.02106	-0.01516	0.00149	-0.00243	-0.01619	-0.00744	0.01177	0.02412	0.00254	-0.00323	0.00590	0.00195	-0.00201	-0.01260	-0.00685	0.00785	(Member $e0 produce)
p204278	-0.01023	-0.01648	-0.02843	-0.02363	-0.01411	0.02319	0.00543	0.00991	-0.00683	-0.00532	-0.03659	-0.01897	-0.03042	-0.00535	0.01579	0.01717	0.06694	0.04278	0.00031	0.00145	-0.00263	0.02198	-0.00520	-0.00908	-0.00171	0.00206	-0.02578	0.01489	0.02586	0.01151	0.01580	0.01312	(Member $e0 pull)
p204279	0.01675	-0.00853	-0.01686	-0.01831	-0.03674	0.03306	-0.01275	0.03306	0.00372	-0.02368	-0.03293	-0.00642	0.01307	-0.00644	0.02297	0.01837	0.01855	0.04163	-0.02628	0.01153	0.01442	0.01781	-0.01021	-0.00697	0.00088	0.00169	-0.03358	-0.01649	0.02181	-0.01179	-0.00511	0.00008	(Member $e0 reach)
p204280	0.03757	-0.01507	-0.00752	-0.00340	-0.00468	-0.00272	-0.00794	0.00719	-0.00198	-0.00305	-0.01747	-0.01651	0.00523	0.01681	-0.00080	0.00194	-0.00557	-0.00338	-0.02308	-0.00027	-0.00606	0.02981	-0.00822	-0.00650	0.00522	0.01369	-0.01843	-0.00691	-0.00310	0.00304	0.01076	0.00837	(Member $e0 read)
p204281	-0.00498	-0.00498	-0.01467	-0.01066	0.00434	-0.00219	-0.00326	0.01442	0.02792	-0.00590	0.03124	0.04782	-0.01395	-0.00741	-0.00848	-0.00187	-0.01292	-0.00416	-0.00367	-0.00872	0.03533	-0.00337	-0.00212	-0.00365	-0.00959	-0.00924	-0.00852	-0.02487	0.01830	0.01050	0.01553	-0.00258	(Member $e0 see)
p204282	-0.00828	0.01188	-0.01004	-0.00897	-0.01639	0.00489	0.00757	0.01227	-0.00872	0.02410	0.00001	-0.00924	-0.00855	0.05691	-0.02861	0.01168	-0.00068	0.03595	0.00718	-0.00464	-0.00048	0.02276	-0.01002	0.01196	-0.00951	0.01656	-0.01610	-0.03784	-0.01174	-0.00469	-0.00945	-0.01214	(Member $e0 shine)
p204283	0.00382	0.01057	0.00984	0.00393	0.02721	-0.01357	-0.01636	-0.01936	0.01724	0.02016	-0.00733	-0.00310	-0.00973	-0.00895	0.03083	-0.02755	-0.01440	-0.01756	0.00109	0.00802	0.01421	-0.01087	0.00476	-0.00139	0.00558	-0.00989	0.02612	0.02313	-0.02657	-0.02137	-0.00026	-0.00962	(Member $e0 shoot)
p204284	-0.00611	0.00383	-0.00183	-0.01617	-0.01246	0.00331	-0.00547	-0.01774	0.00585	-0.01367	-0.01307	-0.00812	0.01331	-0.00363	0.02610	0.01558	-0.00419	0.00486	-0.00319	0.00668	0.01598	0.01024	-0.00751	0.00276	-0.00333	-0.00594	-0.02236	-0.01160	0.00691	0.01993	0.00553	-0.00680	(Member $e0 sing)
p204285	0.00528	-0.00551	-0.00448	-0.00635	0.01368	-0.00980	0.00190	-0.02688	0.01600	-0.00385	0.02532	-0.00330	-0.01681	-0.00070	0.00736	-0.03451	-0.01631	-0.00015	0.00579	-0.00937	-0.01230	-0.00725	0.04404	-0.00823	-0.00637	-0.02287	0.03126	0.00455	-0.00419	0.01175	0.01772	-0.00049	(Member $e0 solve)
p204286	-0.01072	-0.00812	-0.01671	-0.00794	-0.01106	-0.00982	-0.00839	0.00492	-0.01721	-0.02170	-0.00330	-0.00615	-0.00683	-0.00351	0.02117	0.01760	-0.00247	0.00755	0.00181	-0.00127	-0.00360	0.03033	-0.00456	-0.00904	-0.00039	-0.00659	-0.01428	0.01136	0.01484	0.02656	0.00180	0.00833	(Member $e0 speak)
p204287	-0.00502	0.00691	-0.01338	-0.00349	-0.03315	0.00291	0.04670	-0.00514	-0.03996	-0.00422	-0.00076	-0.01353	0.00344	-0.00338	-0.02214	0.00841	0.01388	0.00172	-0.01178	-0.01295	-0.00600	-0.00501	0.02522	0.01120	0.00605	0.02258	-0.01121	-0.01100	0.00652	0.03849	0.00992	-0.01209	(Member $e0 stick)
p204288	0.02540	-0.00335	0.00571	-0.00354	-0.00918	0.01308	-0.01600	-0.02170	0.01718	0.02148	0.01418	0.00255	-0.01779	-0.00575	0.01788	-0.02957	0.00404	0.02038	-0.02109	-0.00278	0.02138	-0.01490	0.00188	-0.00258	-0.00833	0.00156	0.01269	-0.02004	-0.01816	-0.01799	0.00797	-0.00411	(Member $e0 take_off)
p204289	0.01731	0.00420	-0.00020	-0.00545	-0.01349	0.00553	-0.00489	0.00375	0.00166	0.01144	-0.00830	0.03798	-0.01017	-0.00188	-0.00513	-0.00061	0.00076	0.01804	-0.01267	-0.00673	0.01463	-0.00604	-0.00303	0.00374	0.00234	-0.00098	-0.00646	-0.02140	-0.00204	-0.01113	-0.01404	-0.02155	(Member $e0 understand)
p204290	-0.00624	-0.00105	-0.01338	-0.01456	-0.00015	0.00566	-0.00194	-0.00257	0.02169	0.01499	-0.01919	-0.00225	-0.01076	0.03538	-0.01301	0.00058	-0.01014	0.00881	0.00596	-0.00626	-0.00580	0.02436	0.00429	-0.00513	-0.00407	0.01029	-0.00611	-0.02093	-0.00465	-0.00674	0.00126	-0.00123	(Member $e0 wait)
p204291	0.01468	-0.00965	-0.00991	-0.01023	-0.02248	0.01338	-0.01513	0.00017	0.01835	-0.01668	0.00544	-0.01395	-0.01309	-0.00224	0.02066	0.00531	0.01805	-0.01253	-0.00170	-0.01265	-0.01465	-0.00575	0.00738	-0.00974	-0.00005	-0.01358	-0.00597	0.02716	0.01687	0.04004	0.02201	0.01298	(Member $e0 wear)
p204292	0.00694	0.00058	-0.00768	-0.00147	-0.00312	-0.00427	-0.00308	0.00153	-0.00109	0.01889	-0.00375	0.00543	-0.00334	-0.00023	-0.01768	-0.00135	-0.00692	-0.00440	0.04911	-0.00867	0.00599	0.01346	-0.00012	0.00192	0.00080	0.00125	0.01290	-0.00629	0.00000	-0.01262	-0.01368	-0.00821	(Member $e0 win)
p204293	-0.00311	-0.00266	0.00484	0.00047	-0.00314	-0.00137	-0.00489	-0.01062	0.00659	0.00267	-0.00166	-0.00028	0.00209	-0.00371	0.01102	-0.00441	0.00015	-0.00379	-0.00149	-0.00049	-0.00087	-0.00455	-0.00290	-0.00313	-0.00196	-0.00232	0.00370	0.00204	-0.00789	-0.00459	-0.00032	-0.00296	(Member $x0 accident)
p204294	0.01892	-0.00493	-0.00323	-0.00289	-0.00788	-0.00036	-0.00329	-0.00079	-0.00366	-0.00509	-0.00285	-0.01071	-0.00189	-0.00148	0.00465	0.01743	0.00156	-0.00466	-0.02561	-0.00869	0.01064	-0.00091	-0.00036	-0.00363	-0.00000	-0.00413	0.02220	-0.00696	0.00169	-0.00795	0.01812	-0.00408	(Member $x0 atmosphere)
p204295	0.00041	0.00028	-0.00583	-0.00618	0.01877	0.04236	-0.00597	0.04336	-0.00857	-0.00746	0.01287	0.03177	0.02965	0.00061	0.01133	0.01358	-0.02401	-0.01282	-0.00629	-0.00419	-0.00544	-0.00083	-0.00096	-0.00348	-0.00633	-0.00599	-0.01355	-0.01131	-0.00209	-0.01716	-0.00777	-0.01243	(Member $x0 author)
p204296	0.00821	0.00003	0.00411	0.00003	0.03449	-0.01565	-0.00572	-0.01330	-0.00306	0.00683	-0.00456	-0.00671	-0.00338	-0.00324	0.00139	-0.00278	0.04380	-0.00755	0.00799	-0.00531	0.00974	-0.00368	0.00473	0.00196	-0.00255	0.00431	-0.00565	-0.01342	-0.00968	-0.01873	0.00164	-0.00754	(Member $x0 ball)
p204297	-0.00332	-0.00151	0.00132	0.00219	-0.00464	-0.00162	-0.00078	0.00057	0.00082	-0.00300	0.00102	0.00058	0.00257	-0.00346	0.00043	-0.00086	0.00270	-0.00052	0.00048	-0.00196	-0.00261	-0.00134	-0.00285	-0.00247	-0.00065	-0.00209	0.00202	0.00494	-0.00214	0.00189	-0.00303	-0.00436	(Member $x0 beach)
p204298	0.01270	0.00433	-0.00374	-0.00899	0.08922	0.14249	-0.01283	-0.01656	-0.01554	-0.01255	0.05545	-0.00795	-0.00676	0.00480	0.01614	0.00782	-0.05496	-0.03584	-0.00893	-0.00501	-0.02082	-0.00351	0.00337	0.02747	0.00584	-0.00997	-0.01459	0.00541	0.00188	-0.00045	0.00239	-0.01181	(Member $x0 bottom)
p204299	-0.00137	0.00042	-0.00563	-0.00530	-0.01752	-0.00011	0.00536	0.02136	-0.00566	-0.01177	-0.00742	0.00222	0.02243	-0.01003	0.01352	0.00694	0.00451	0.00648	-0.00576	0.01739	-0.00036	0.01336	-0.00801	0.00171	-0.01215	0.00435	-0.00638	0.00065	0.00515	-0.00134	-0.01339	-0.00678	(Member $x0 building)
p204300	-0.00701	0.02498	-0.00518	-0.00967	0.01461	0.03642	-0.01090	-0.00354	-0.01823	-0.00483	0.02342	0.00244	-0.01461	0.00082	0.01198	0.00988	-0.01330	-0.01149	0.01216	-0.00345	-0.01152	-0.00414	0.00099	0.01806	0.00268	-0.00501	-0.00633	0.00796	0.00598	0.00667	-0.00949	0.02751	(Member $x0 camera)
p204301	-0.00171	0.00733	-0.02394	-0.00488	0.04185	0.03424	-0.00657	-0.00510	-0.02985	-0.00001	0.01046	0.01466	-0.02363	0.01441	0.00242	0.00941	0.01237	-0.01062	0.00782	-0.02723	0.02195	0.00580	0.00432	0.06825	0.01937	-0.00557	-0.00628	0.05827	0.00724	-0.03066	-0.01590	-0.00403	(Member $x0 ceiling)
p204302	-0.00434	-0.02459	-0.00918	-0.00732	0.02938	0.03256	-0.02014	0.00233	-0.01864	-0.00142	0.01570	-0.01026	-0.01058	0.00122	0.00267	0.00036	-0.01839	-0.00772	0.00176	-0.00145	-0.01376	-0.00406	-0.00184	0.08051	0.02560	-0.00153	0.00027	0.01006	0.00815	-0.01049	0.00153	0.04052	(Member $x0 church)
p204303	-0.00446	-0.00470	-0.01286	-0.00540	-0.00777	-0.00697	-0.00429	0.00287	-0.00130	-0.00797	0.02868	-0.00431	-0.01147	0.01672	-0.00070	0.00493	-0.00652	0.00483	-0.00305	-0.01184	0.04804	-0.00017	0.00334	-0.00279	-0.00340	-0.00850	-0.01171	0.01953	0.00010	0.00228	-0.00790	-0.00041	(Member $x0 cold)
p204304	0.00079	0.00834	0.02654	-0.00520	0.04038	-0.02079	0.03618	-0.02098	-0.02481	0.00012	-0.01068	0.00603	-0.02627	0.00460	0.02102	0.03004	0.05383	-0.02011	-0.00544	-0.01306	-0.00258	-0.00966	0.00611	0.00381	0.03526	-0.00223	-0.01869	-0.01573	-0.01570	-0.00583	-0.01663	-0.02469	(Member $x0 concert)
p204305	-0.00337	-0.01085	0.02849	0.04340	-0.02473	-0.00296	0.04898	0.05839	-0.00416	-0.01744	0.06212	-0.01973	-0.05160	0.00734	-0.00712	0.02778	0.01981	-0.02559	0.02301	-0.00962	-0.03558	0.00706	0.00930	0.00444	-0.02250	-0.01737	-0.01529	0.03754	-0.02917	0.05957	0.03339	-0.00411	(Member $x0 cook)
p204306	0.01584	-0.01457	-0.00004	0.00053	-0.00482	-0.00760	-0.00914	0.00295	-0.00532	-0.00412	-0.00207	-0.00925	-0.00138	-0.00099	0.00409	-0.00661	0.00301	0.00024	-0.01132	-0.00609	-0.00381	-0.00168	-0.00068	0.02546	0.01013	-0.00260	0.00221	0.00574	-0.00201	-0.00199	0.00582	0.01612	(Member $x0 country)
p204307	-0.00684	-0.01037	0.00572	-0.01028	0.00513	-0.00817	0.00439	-0.01763	0.00775	-0.00607	0.00428	-0.00329	0.00105	0.02137	0.01096	0.00318	-0.01239	0.01261	0.01448	-0.00377	-0.01801	-0.00468	0.01136	-0.00580	-0.01188	-0.00387	-0.00188	0.00095	-0.00369	0.01496	0.00244	0.01020	(Member $x0 day)
p204308	-0.00618	-0.01648	0.00367	-0.00215	0.00710	-0.01259	0.00207	-0.00272	-0.00637	-0.00433	-0.00462	0.00456	0.00417	-0.00130	0.00362	0.00023	-0.00475	0.02224	0.00644	-0.00148	-0.00105	-0.00069	-0.00286	0.02440	-0.00113	-0.00338	-0.00166	0.00118	0.00111	-0.00714	-0.00872	0.02163	(Member $x0 desk)
p204309	0.00809	0.02812	0.08737	-0.05335	0.01181	-0.01787	0.00008	0.00579	-0.00381	0.01132	-0.00372	-0.00240	-0.01998	0.00236	-0.01321	-0.02666	-0.01239	0.00210	0.02037	-0.01296	-0.01154	-0.01964	0.01521	-0.00939	-0.00302	-0.00705	0.01696	-0.01055	0.07159	-0.00143	0.00074	0.01121	(Member $x0 difference)
p204310	-0.00444	-0.00205	0.00022	0.00489	-0.00602	-0.00152	-0.00120	0.00098	0.00121	-0.00415	0.00178	0.00012	0.00373	-0.00488	0.00046	-0.00145	0.00356	-0.00142	0.00072	-0.00324	-0.00391	-0.00175	-0.00367	-0.00361	-0.00059	-0.00295	0.00334	0.00773	-0.00140	0.00294	-0.00360	-0.00618	(Member $x0 different)
p204311	0.00685	-0.00216	0.00269	0.00536	-0.00373	-0.00255	0.00004	0.00358	0.00194	-0.00103	-0.00325	-0.00007	0.00453	-0.00292	-0.00446	-0.01030	0.00086	0.00066	0.01624	-0.00105	-0.00138	-0.00003	-0.00205	-0.00021	-0.00062	0.00001	0.00327	0.00261	-0.00547	-0.00634	-0.00269	-0.00513	(Member $x0 dress)
p204312	-0.00332	0.00376	-0.00447	0.00104	-0.00901	-0.00374	-0.00466	-0.00435	-0.01043	-0.00392	-0.00628	-0.00093	-0.00787	0.00134	0.00336	0.00418	-0.00155	0.00522	0.00014	-0.00467	0.02973	-0.00036	0.00258	0.00030	0.00329	-0.00023	-0.00666	0.04165	-0.00708	-0.00460	-0.00465	-0.01015	(Member $x0 earth)
p204313	0.03955	-0.00698	0.00466	0.00399	-0.00199	-0.00452	-0.00305	0.00006	0.00260	-0.00878	0.00343	-0.01180	0.00062	-0.00026	0.00917	-0.01706	-0.00097	-0.00030	-0.02734	-0.01010	0.00770	0.00034	0.00303	-0.00302	-0.00015	-0.00838	0.00205	-0.00589	-0.01059	-0.00339	0.01071	0.00048	(Member $x0 easy)
p204314	-0.00339	-0.00159	0.00124	0.00212	-0.00471	-0.00171	-0.00087	0.00050	0.00076	-0.00308	0.00096	0.00051	0.00249	-0.00354	0.00036	-0.00095	0.00262	-0.00060	0.00041	-0.00204	-0.00266	-0.00141	-0.00292	-0.00255	-0.00073	-0.00218	0.00195	0.00483	-0.00221	0.00182	-0.00311	-0.00444	(Member $x0 fact)
p204315	0.00260	-0.00769	0.00252	-0.00472	-0.01014	-0.00056	-0.00717	0.00008	0.00142	0.00531	0.00963	0.00629	0.01580	-0.00299	0.01830	0.00292	-0.00400	-0.00017	-0.01001	-0.00422	0.00744	-0.00478	0.00691	-0.00108	-0.00648	0.00637	-0.00146	-0.01704	-0.01152	-0.01445	-0.01414	0.00288	(Member $x0 field)
p204316	-0.00058	-0.01379	-0.00561	-0.00393	-0.00219	-0.00791	-0.00679	-0.01181	-0.00786	0.00015	0.00945	-0.00289	-0.00827	-0.00234	0.00184	-0.00613	-0.00267	0.00315	0.00009	-0.00456	-0.01067	-0.00449	0.01975	0.02527	0.00547	0.00313	0.00725	0.00294	-0.00095	0.00103	0.00294	0.01838	(Member $x0 film)
p204317	-0.00277	0.00745	0.00532	-0.00120	-0.00483	-0.00229	0.00539	-0.01115	0.00535	-0.00127	-0.00991	-0.00891	0.01066	-0.00155	0.00618	-0.00558	-0.00087	-0.00152	-0.00534	-0.00604	0.01391	-0.00507	-0.00272	0.00775	-0.00842	-0.00904	-0.00156	-0.00788	-0.00718	0.00974	0.00834	-0.01149	(Member $x0 flower)
p204318	-0.00274	-0.01452	-0.01478	-0.00905	0.00050	-0.00949	0.01515	0.00651	-0.03164	-0.01410	-0.01362	-0.00540	-0.02412	0.00116	0.01207	0.01581	0.00531	0.00618	-0.00998	0.00636	0.03063	0.01917	-0.00262	0.02083	0.03125	0.00572	-0.02284	0.03359	0.00611	-0.01231	-0.00090	0.01883	(Member $x0 forest)
p204319	0.01336	-0.00638	0.00388	-0.00060	-0.01129	-0.00218	-0.00878	0.00660	-0.00030	0.01268	-0.00335	0.00504	0.01552	-0.00139	0.01279	0.00749	0.00007	-0.00835	-0.02236	-0.00500	-0.00357	-0.00683	-0.00204	-0.00274	0.00109	0.00450	-0.00300	-0.00159	-0.00794	-0.00225	-0.00920	-0.00020	(Member $x0 fox)
p204320	0.01991	-0.00589	-0.00066	0.00011	-0.00131	-0.00328	-0.00021	-0.01413	-0.00406	-0.00461	0.01027	-0.00419	-0.00480	-0.00244	0.00635	-0.01256	-0.00393	0.00342	-0.01416	-0.00466	-0.00441	-0.00276	0.02223	-0.00365	-0.00437	-0.00060	0.00580	-0.00302	-0.00756	0.00150	0.00901	-0.00180	(Member $x0 game)
p204321	-0.00819	-0.00561	-0.03245	0.03337	0.00603	-0.01056	-0.01381	0.00243	0.01700	0.01277	-0.00827	-0.00408	-0.00439	-0.00068	-0.00129	-0.00747	-0.01147	-0.01806	0.02071	-0.01124	-0.00405	0.01051	0.00892	-0.00805	0.00654	-0.01468	0.00646	0.00322	0.05009	0.01109	0.00705	0.00267	(Member $x0 government)
p204322	-0.00333	-0.00153	0.00131	0.00217	-0.00466	-0.00164	-0.00080	0.00056	0.00082	-0.00302	0.00101	0.00056	0.00255	-0.00348	0.00042	-0.00088	0.00269	-0.00053	0.00047	-0.00198	-0.00261	-0.00135	-0.00286	-0.00249	-0.00068	-0.00211	0.00200	0.00491	-0.00215	0.00187	-0.00304	-0.00437	(Member $x0 great)
p204323	-0.00387	-0.00193	-0.02539	0.04243	0.00025	-0.00128	-0.00720	-0.00967	0.00458	0.00166	-0.00944	-0.00513	0.00435	-0.00438	0.00751	-0.00425	-0.00234	-0.00482	0.00023	-0.00386	0.00465	-0.00413	-0.00272	-0.00508	0.00301	-0.00858	-0.00131	0.00011	0.04035	-0.00790	0.00507	-0.00271	(Member $x0 king)
p204324	-0.00109	-0.00446	-0.00032	-0.00058	-0.00865	-0.00184	-0.00305	0.02144	-0.00145	-0.00404	0.00198	0.00338	0.01870	-0.00165	0.00580	0.00483	0.00037	-0.00117	-0.00210	-0.00246	-0.00063	-0.00073	-0.00215	-0.00279	-0.00273	-0.00276	-0.00260	-0.00301	-0.00241	-0.00452	-0.00919	-0.00119	(Member $x0 kitchen)
p204325	0.00230	0.01642	0.00941	-0.00628	0.05591	0.05643	0.01198	-0.01923	-0.00853	0.00226	0.02107	0.00079	0.00264	0.01197	0.00859	-0.00481	0.01346	-0.02553	-0.00154	-0.00903	-0.01307	0.00153	-0.00056	0.01471	-0.01161	-0.00843	0.00426	0.00055	-0.00227	-0.01682	0.00110	-0.02887	(Member $x0 large)
p204326	-0.00999	0.00545	-0.00257	-0.01179	-0.02257	0.00070	-0.00978	-0.00246	-0.00721	0.00967	0.00755	0.01612	-0.01233	-0.00145	-0.00060	0.01706	0.01805	0.01609	0.01345	0.00325	0.00124	-0.00881	-0.00273	0.00369	0.00425	-0.00034	-0.00726	-0.00767	0.00725	0.01451	-0.02715	-0.01775	(Member $x0 law)
p204327	-0.00917	-0.00101	-0.01709	-0.00929	0.02291	0.04059	-0.00739	-0.00113	-0.01855	-0.02099	0.01335	-0.00841	-0.00785	-0.00092	0.02108	0.01835	-0.02115	-0.00570	-0.00018	-0.00144	-0.00843	0.02968	-0.00247	-0.00716	-0.00234	-0.00679	-0.01706	0.01110	0.01377	0.02039	0.00384	0.00061	(Member $x0 line)
p204328	-0.00126	-0.00136	-0.00073	0.00158	-0.00174	-0.00672	-0.00268	-0.00684	-0.00316	-0.00439	-0.00198	0.00191	-0.00807	0.00790	0.00333	-0.01051	-0.00522	0.00324	0.00354	-0.00339	0.01513	-0.00317	0.00908	-0.00267	0.00244	-0.01407	0.00570	0.01713	-0.00622	0.00192	0.00161	-0.00887	(Member $x0 living_room)
p204329	0.01143	-0.00194	0.00148	-0.00325	-0.01032	-0.00170	-0.00623	-0.00411	-0.00479	-0.00747	0.00639	0.00456	-0.00084	-0.00037	0.01132	0.00743	0.00139	0.00180	0.00199	-0.00222	-0.00056	-0.00282	0.00033	-0.00088	0.00276	-0.00745	-0.00809	-0.00167	0.00035	0.01030	-0.00680	-0.00932	(Member $x0 museum)
p204330	-0.00155	-0.00706	0.04880	-0.05093	0.01024	-0.01804	-0.01478	0.02753	-0.01932	-0.00802	-0.01420	0.11608	-0.00868	-0.00460	0.00517	0.01746	-0.02404	0.00872	-0.01486	-0.00871	0.00632	-0.01156	0.00139	-0.00334	0.00019	0.00649	-0.02713	-0.03137	0.05583	-0.00409	0.04375	-0.01396	(Member $x0 noise)
p204331	-0.00131	-0.01861	-0.01672	-0.01872	-0.02569	0.01225	-0.01431	0.01269	-0.01107	-0.00415	-0.01708	-0.01469	-0.01741	0.00025	0.00087	0.02873	0.01659	0.01871	-0.01357	-0.00411	0.01139	-0.00238	-0.00319	0.05458	0.00936	-0.00047	0.01338	-0.00831	0.02103	-0.00424	0.01551	0.02341	(Member $x0 ocean)
p204332	0.00455	0.02171	0.00702	0.00900	0.01279	-0.00372	0.01186	0.00444	0.00255	-0.00222	-0.00005	-0.00015	0.00118	-0.00229	-0.00319	-0.01317	-0.00912	0.01119	0.02538	0.00029	0.00927	0.00267	-0.00374	-0.01231	-0.02278	0.00246	-0.00303	-0.00642	-0.01170	-0.02018	-0.00628	0.03223	(Member $x0 opportunity)
p204333	-0.00354	-0.00075	-0.00534	-0.00083	0.03718	0.04116	-0.00059	-0.00483	-0.01008	-0.00610	0.02322	-0.01093	-0.01128	-0.00010	0.00184	-0.01572	-0.02438	-0.01024	0.00155	-0.00623	-0.01494	-0.00366	0.01360	0.02974	0.00219	-0.01025	0.01627	0.00892	-0.00045	0.01396	0.00661	0.00135	(Member $x0 other)
p204334	0.01649	0.00733	0.00020	-0.00493	0.06225	0.09289	-0.00109	-0.02075	-0.00122	-0.00674	0.02693	-0.02075	0.00639	0.00411	0.01317	-0.00771	-0.03809	-0.02481	-0.02188	-0.01215	0.00782	-0.00504	0.00235	0.03705	-0.00318	-0.01446	-0.00984	-0.01055	-0.00815	-0.00353	0.01716	-0.00737	(Member $x0 page)
p204335	-0.00308	-0.01094	-0.00020	-0.00531	-0.00028	-0.00982	-0.00650	0.01346	0.00288	0.01241	0.00094	0.00068	-0.00462	-0.00089	-0.01178	-0.00954	-0.00107	-0.00486	0.00887	-0.00051	-0.01122	-0.00617	0.00612	0.02494	0.00755	-0.00236	0.01275	0.00938	0.00349	-0.00088	-0.00138	0.01438	(Member $x0 park)
p204336	-0.00397	-0.00131	0.00506	-0.00686	-0.00753	0.00021	-0.00994	-0.01632	0.00401	0.00128	0.00568	0.00608	-0.00207	-0.00086	0.02096	0.00825	-0.00030	-0.00297	0.00587	0.00066	-0.00137	-0.00588	-0.00096	-0.00238	0.00054	-0.00407	-0.00362	-0.00067	-0.00412	0.00778	-0.00615	-0.00502	(Member $x0 patient)
p204337	-0.00318	0.00412	0.00084	0.00198	0.02114	0.04091	0.00039	-0.00311	-0.00054	-0.00411	0.01502	-0.00059	0.00320	-0.00190	0.00161	0.00081	-0.01304	-0.01071	-0.00087	-0.00236	-0.00700	-0.00081	-0.00179	-0.00227	-0.00247	-0.00264	-0.00010	0.00663	-0.00253	-0.00151	-0.00167	-0.01147	(Member $x0 plant)
p204338	0.00853	-0.00220	0.00911	-0.00793	-0.02256	0.02650	-0.01451	-0.00008	0.01477	-0.00011	-0.03504	-0.01281	0.00039	-0.01277	0.00816	-0.00963	0.01929	0.01518	0.00659	0.00665	0.00590	-0.00523	-0.01147	-0.00230	0.00560	0.01099	-0.00598	0.02635	-0.00752	-0.01475	0.00987	-0.00825	(Member $x0 police)
p204339	-0.00525	0.00094	0.00100	0.00503	-0.02360	0.00131	0.00329	-0.00714	-0.00864	0.02234	-0.00634	0.00863	0.00087	-0.00574	-0.01693	0.00571	0.01647	-0.00753	0.00112	-0.00993	-0.01526	-0.00764	0.00279	0.00264	0.00230	0.02105	0.00610	0.01042	-0.01021	-0.00270	-0.01640	-0.00806	(Member $x0 population)
p204340	-0.00264	0.00103	-0.00330	0.00040	-0.00408	-0.00507	0.01458	-0.00590	-0.00060	0.01431	0.00146	0.00985	-0.01085	-0.00265	-0.01028	-0.00769	0.00047	-0.00734	0.00597	-0.00560	-0.00948	-0.00707	0.01131	-0.00188	0.01200	-0.00303	0.01181	0.01043	-0.00230	-0.00196	-0.00644	-0.00930	(Member $x0 report)
p204341	0.01196	-0.00338	0.00047	-0.00075	-0.00381	-0.00201	0.00074	0.00010	-0.00292	-0.00433	-0.00356	-0.00669	0.00071	0.01523	0.00350	0.00579	-0.00054	0.00226	-0.01175	-0.00779	0.00427	-0.00019	-0.00012	-0.00184	-0.00157	-0.00650	0.00461	-0.01000	-0.00232	-0.00591	0.00730	-0.00442	(Member $x0 right)
p204342	0.00133	-0.01197	-0.01004	-0.01395	-0.01331	-0.00511	-0.00423	-0.01128	-0.00784	0.00928	-0.00901	-0.01260	-0.00730	-0.00281	-0.00036	0.02063	0.00177	0.00040	-0.01620	-0.00640	0.01300	0.01173	0.00759	0.03342	0.00210	0.00825	0.02402	-0.01509	0.00115	-0.00496	0.00835	0.01860	(Member $x0 roof)
p204343	0.00627	-0.00863	-0.01105	-0.00571	-0.00426	-0.00715	-0.00598	0.01063	-0.01517	0.00617	-0.00164	-0.00481	-0.00956	-0.00390	-0.00907	0.01218	0.00050	0.00118	-0.01255	0.03567	-0.00207	0.00545	-0.00622	0.03525	0.00992	0.00400	-0.01212	0.00157	0.00512	0.01261	-0.00466	0.00557	(Member $x0 small)
p204344	-0.00343	0.00188	-0.00342	-0.00738	0.02337	-0.01132	0.00124	0.00575	-0.00739	-0.00589	-0.00850	0.01462	-0.00587	0.03600	-0.00163	0.01401	0.01470	0.00296	-0.00126	-0.01028	0.00644	0.00099	-0.00105	-0.00031	-0.00006	-0.01394	-0.02098	-0.02489	0.00653	-0.00470	0.01453	-0.01010	(Member $x0 spider)
p204345	-0.00818	-0.00198	0.00830	0.00087	0.00020	-0.00527	0.01563	-0.00417	0.00183	-0.00614	-0.01268	-0.00145	0.01747	-0.00404	-0.00391	-0.00122	-0.00207	0.01735	0.00524	0.00251	0.00233	-0.00139	-0.00585	0.00234	-0.01597	0.00254	-0.00388	0.00013	-0.00348	0.00964	0.00244	-0.00125	(Member $x0 station)
p204346	-0.00076	-0.00360	0.01069	-0.00615	-0.01433	0.00107	0.00374	0.02263	0.00710	0.00070	-0.00579	-0.02863	0.03063	0.03564	-0.00608	-0.00065	0.00870	-0.02434	-0.00703	-0.00296	-0.04021	-0.01033	-0.00624	0.00084	-0.01094	0.01713	0.00607	0.01208	-0.01298	0.01225	0.02012	0.00275	(Member $x0 storm)
p204347	-0.00947	0.02243	-0.01313	0.00423	-0.00530	0.00371	0.02577	0.01156	-0.01960	0.01530	-0.00118	-0.00045	-0.01639	-0.00381	-0.01835	0.00909	0.00156	-0.01784	0.00423	0.01243	-0.01570	-0.00505	0.00391	-0.00975	0.01739	0.01253	-0.00276	0.01533	0.00088	-0.00522	-0.00847	0.01344	(Member $x0 strong)
p204348	0.01755	-0.02515	0.05387	0.05159	-0.00817	-0.00703	0.04345	0.01295	-0.05441	-0.00577	0.05681	-0.01851	-0.02414	-0.00060	0.01596	0.01013	0.01044	-0.00890	-0.03213	0.00594	-0.02773	0.00656	-0.01128	-0.01009	-0.00481	0.01361	-0.00707	0.02353	-0.04067	0.00185	0.03908	0.00332	(Member $x0 teacher)
p204349	-0.00143	-0.01000	-0.04006	0.05842	0.04096	0.02616	0.00797	-0.00823	-0.01166	-0.00004	-0.00514	-0.00885	0.00435	0.00650	-0.01004	0.00652	-0.03676	0.01967	-0.00204	0.06303	0.01071	-0.00642	0.00519	-0.00987	-0.00560	-0.01403	-0.02144	0.01332	0.04946	0.00847	0.00441	-0.00174	(Member $x0 theater)
p204350	-0.00019	-0.00426	-0.00723	-0.00703	0.05204	0.08098	-0.00777	0.00583	-0.00708	-0.00646	0.03497	-0.00441	0.01050	0.00265	0.00953	-0.00176	-0.03887	-0.02083	-0.00242	-0.00426	-0.01813	-0.00328	0.01368	0.02158	-0.00069	-0.00995	-0.00055	0.00155	-0.00059	-0.01246	0.00075	0.00395	(Member $x0 top)
p204351	0.01412	0.00354	0.00033	0.00262	0.00049	-0.00885	0.01129	0.00124	-0.00593	0.00044	-0.01518	-0.01190	0.00370	-0.00226	-0.01543	-0.01907	-0.00802	0.00869	0.03750	0.05495	-0.00184	-0.00492	0.01036	0.01088	-0.00508	-0.00484	-0.00483	-0.00899	-0.00759	-0.00799	0.01204	-0.01551	(Member $x0 treaty)
p204352	0.00540	0.02443	-0.00461	0.00556	-0.00440	-0.00050	-0.00320	0.00953	-0.00656	0.01110	-0.00364	0.00206	-0.00549	-0.00337	-0.01164	0.00911	0.00873	-0.01587	-0.01036	-0.00276	-0.00945	-0.00492	-0.00571	-0.00802	0.00279	0.00628	-0.00380	0.01698	-0.00120	0.00810	-0.00537	0.00973	(Member $x0 truth)
p204353	0.01947	-0.00469	-0.00146	-0.00439	-0.00755	-0.00092	-0.00283	-0.00091	-0.00328	-0.00470	-0.00254	-0.00990	-0.00196	-0.00091	0.00545	0.01770	0.00182	-0.00356	-0.02543	-0.00786	0.01133	-0.00058	0.00018	-0.00312	0.00001	-0.00381	0.02251	-0.00752	0.00051	-0.00790	0.01839	-0.00329	(Member $x0 valuable)
p204354	0.00030	-0.00699	0.00299	-0.00459	-0.00359	-0.00257	0.05593	-0.00298	-0.00959	0.00335	-0.01780	-0.00140	-0.02032	0.00367	0.01943	-0.00016	-0.00009	-0.01637	-0.00665	-0.00174	-0.00745	-0.00572	0.00006	-0.00672	0.05280	-0.00815	-0.00141	-0.00210	-0.00320	-0.01843	-0.00160	0.00131	(Member $x0 wood)
p204355	0.03826	-0.00615	0.00364	0.00466	0.00000	-0.00280	-0.00100	-0.00009	-0.00455	-0.00885	-0.00443	-0.00908	0.00125	0.01587	0.00801	-0.01024	-0.00305	0.00331	-0.02631	-0.00828	0.00540	0.00009	0.00185	-0.00166	0.00067	-0.01009	-0.00697	-0.01389	-0.00795	-0.00714	0.01076	-0.00625	(Member $x0 work)
p204356	0.02478	0.00477	-0.00004	0.02257	0.00005	-0.01975	-0.00194	-0.00047	-0.00233	0.00620	-0.02460	0.01265	-0.01030	0.01720	-0.00699	-0.04375	-0.01080	0.00246	0.04930	-0.02453	0.03382	-0.00175	0.01336	0.01207	0.01421	-0.01846	0.02348	0.05529	-0.02641	-0.02878	-0.00271	-0.02137	(Member $x0 yellow)
p204357	-0.01118	-0.04109	-0.04969	-0.03102	-0.05328	0.07462	0.03439	0.06419	0.09894	-0.00780	-0.08033	-0.05774	-0.04216	0.00998	-0.01320	-0.04194	0.07962	0.00258	0.01821	-0.03020	-0.06011	0.00482	0.03521	-0.02539	-0.01944	-0.03063	0.01112	0.09317	0.04409	0.02471	0.11916	0.06430	(Member $x0 young)
p204358	-0.00223	-0.00099	0.00205	0.00407	-0.00356	-0.00133	0.00020	0.00126	0.00087	-0.00224	0.00273	0.00063	0.00303	-0.00247	0.00160	-0.00035	0.00335	0.00052	0.00115	-0.00043	-0.00146	-0.00025	-0.00182	-0.00145	-0.00051	-0.00129	0.00293	0.00535	-0.00159	0.00267	-0.00168	-0.00273	(Past (LocatedIn $x0 there))
p204359	-0.00366	-0.00472	-0.00112	-0.00220	-0.00163	-0.00423	0.00287	0.00030	-0.00232	-0.00640	-0.00378	-0.00446	0.00079	0.03479	0.00037	0.00360	-0.00458	0.00534	-0.00040	-0.00961	-0.00103	0.00020	-0.00042	-0.00349	-0.00468	-0.01115	-0.01002	-0.01925	-0.00196	0.00057	0.00404	-0.00283	(Probably (Member $x0 good))
p204360	-0.00906	-0.01154	-0.05073	0.07210	-0.00984	-0.00316	0.00438	-0.00800	-0.02098	0.00101	0.00239	0.00356	0.00171	0.01216	-0.01253	0.01221	-0.00099	0.02143	0.00093	-0.01198	0.00647	-0.00178	0.00998	-0.00587	-0.01244	0.01771	-0.01699	-0.02910	0.08287	-0.00361	-0.01047	0.00539	(ProportionOf $x0 $x1 some)
p204361	0.01724	0.01423	0.00319	0.00144	0.08082	0.13063	0.00053	-0.01407	-0.00440	-0.00902	0.04482	-0.00642	0.00224	0.00125	0.00687	-0.00426	-0.04853	-0.03291	-0.01772	-0.00834	-0.01127	-0.00099	0.00149	-0.00254	-0.00643	-0.00778	-0.00668	0.00130	-0.00628	-0.01493	0.00279	-0.02938	(RestOf $x0 $x1)
p204362	-0.00640	-0.00897	0.00025	-0.00230	0.00595	-0.00039	-0.00616	0.00007	0.01606	-0.00251	-0.00270	-0.00097	0.00531	0.00810	-0.00160	-0.00182	-0.00803	-0.00761	0.00185	0.00144	-0.00037	0.00981	-0.01125	-0.00811	-0.00330	0.01439	-0.00347	-0.00799	-0.00686	-0.00235	0.00634	0.00292	(Start $e0 (Year <num>))
p204363	-0.00159	-0.00528	0.00354	-0.00190	0.00688	-0.00407	-0.00603	-0.01713	0.01564	0.00386	0.00112	0.00158	-0.00450	-0.00405	0.01062	-0.01350	-0.00833	-0.00801	-0.00098	0.00079	-0.00259	-0.00612	0.00815	-0.00596	-0.00369	-0.00087	0.00921	0.00056	-0.01050	-0.00212	0.01396	-0.00036	(Time $e0 $x0)
p204364	-0.00342	-0.00275	-0.00243	0.00061	-0.00171	-0.00146	0.00081	0.00238	0.00171	-0.00393	0.00611	-0.00097	0.00023	0.01386	-0.00069	0.00129	-0.00178	0.00185	0.00021	-0.00539	0.00290	-0.00053	-0.00164	-0.00280	-0.00340	-0.00665	-0.00338	-0.00839	0.00081	0.00184	-0.00199	-0.00332	(Time $e0 (Weekday sunday))
p204365	0.02309	0.00145	0.01907	-0.00076	0.00711	-0.00666	0.00142	-0.01984	0.00380	0.01903	-0.00396	0.00433	-0.00426	-0.00043	0.01126	-0.01592	-0.00089	-0.00436	-0.01520	-0.00534	0.00689	-0.00829	0.00102	0.00060	0.00350	-0.00162	0.01029	-0.01021	-0.02087	-0.02015	-0.00770	-0.00822	(Time $e0 morning)
p204366	-0.00834	-0.00460	0.00124	-0.00242	0.01329	-0.01087	-0.00089	-0.00313	0.00835	0.01105	-0.01329	-0.00729	-0.00960	0.01286	-0.00753	0.01486	-0.01615	0.00424	0.00674	0.09241	-0.00101	0.00314	0.00500	0.00122	-0.00104	-0.00709	-0.02076	-0.02271	-0.01196	-0.01166	0.00406	-0.00780	(Time $e0 soon)
p204367	-0.01672	-0.00210	-0.00723	-0.00733	0.01878	-0.01593	-0.00272	0.00384	-0.01536	0.03056	-0.00579	-0.01288	-0.01991	-0.00672	-0.02117	0.02376	-0.01795	0.01078	0.01062	0.18524	-0.00382	-0.01657	-0.00049	0.00468	-0.00089	0.00355	-0.02753	-0.01858	-0.00510	-0.01392	0.00208	-0.00913	(Time $e0 tomorrow)
p204368	0.00046	-0.00850	-0.00005	-0.00324	-0.00008	-0.00013	-0.00930	-0.01249	0.01863	-0.00069	0.00103	-0.00314	0.00329	0.00910	0.02025	-0.00577	-0.00470	-0.00958	-0.00799	0.00684	-0.01097	0.00718	-0.00864	-0.00884	-0.00554	0.01128	0.00459	0.00249	-0.00330	-0.01156	0.00407	0.00694	(With $e0 $x0)
