pattern_id	w0	w1	w2	w3	w4	w5	w6	w7	w8	w9	w10	w11	w12	w13	w14	w15	w16	w17	w18	w19	w20	w21	w22	w23	w24	w25	w26	w27	w28	w29	w30	w31	query
p200004	0.72269	0.02230	0.01494	0.01640	-0.23512	0.52044	-0.13534	-0.15302	-0.26443	-0.08449	0.45264	0.34799	0.08944	-0.14528	0.33278	0.19237	0.56401	0.00340	0.15998	-0.02713	0.23755	0.55392	0.13628	0.67991	-0.19583	-0.00117	0.31782	1.09265	-0.09434	-0.13490	0.53193	-0.20070	(Past $e0)
p200009	-0.10822	-0.07385	0.01053	0.17918	0.42845	0.69737	0.05155	-0.23001	-0.24870	0.73981	-0.29364	0.03792	0.66960	0.44477	0.00716	-0.11832	-0.16891	0.11661	0.07065	-0.15400	0.15038	-0.01936	-0.31853	-0.21882	0.45769	0.32173	-0.21942	0.30763	-0.30014	-0.12062	0.21432	0.90679	(Agent $e0 $x0)
p200011	-0.27065	0.16372	0.56650	0.92998	0.06982	-0.23182	-0.03503	-0.08121	0.29884	0.03452	-0.64004	0.92472	0.24540	-0.36827	-0.16954	0.14539	0.12308	-0.14691	0.05573	-0.14195	-0.01273	0.01436	0.61763	-0.12642	-0.08221	0.07045	-0.15665	0.07544	-0.18627	0.42278	0.21834	-0.23502	(Patient $e0 $x0)
p200012	-0.26575	0.32068	0.00810	-0.40992	-0.04086	0.02375	-0.07166	0.06023	0.12332	0.19010	-0.02995	0.16706	-0.17536	0.17981	-0.14349	0.01210	0.40582	1.44768	0.45866	-0.25801	-0.14385	0.06533	-0.13107	-0.19498	-0.23782	0.72657	-0.05571	0.05301	0.38520	0.35886	0.01924	-0.12378	(Theme $e0 $x0)
p200021	-0.73058	0.01272	0.11699	0.02307	-0.46161	-0.02834	-0.26613	-0.15534	-0.19373	0.53551	0.12155	0.17534	0.30999	0.26318	0.80771	0.07796	0.02407	-0.27507	-0.23820	-0.00404	-0.09452	0.19259	-0.20137	0.61282	0.55478	0.44808	0.29041	-0.16472	-0.23131	0.00783	-0.06768	-0.03937	(And (Agent $e0 $x0) (Past $e0))
p200027	0.40869	-0.14272	0.28797	0.35679	-0.14443	-0.49416	-0.08092	-0.06654	0.40814	-0.18116	-0.52805	-0.16362	-0.16679	0.17170	-0.13772	-0.29111	0.91077	-0.12451	-0.14006	-0.11156	-0.17664	-0.11523	0.02458	0.13711	0.35348	0.37887	-0.18417	0.33216	-0.20823	-0.11050	0.04087	0.05453	(And (Past $e0) (Patient $e0 $x0))
p200029	0.12568	0.55997	-0.10934	-0.30064	0.61916	-0.02649	0.27508	-0.12837	-0.00210	0.02694	-0.26644	-0.11878	0.17142	-0.04584	0.10836	0.15428	-0.08871	0.04752	-0.73490	0.15701	-0.01802	-0.07123	0.15433	0.83733	-0.20853	0.00394	-0.53562	-0.06139	0.31778	0.44858	0.12888	-0.05795	(Ongoing $e0)
p200036	-0.05431	-0.24213	-0.02983	-0.41900	-0.32870	-0.49820	-0.06694	0.60700	-0.47569	-0.20176	-0.18189	-0.17477	0.49185	0.85361	0.04569	0.01168	-0.12531	-0.00751	0.05854	0.26738	-0.10105	0.03693	0.97625	-0.14070	-0.11152	-0.05391	-0.18065	0.00237	0.04783	-0.07566	0.60526	-0.20353	(Experiencer $e0 $x0)
p200040	-0.27737	-0.21201	-0.19144	0.05537	0.04349	-0.12383	-0.03970	-0.02768	-0.55536	-0.20300	-0.26746	-0.26253	-0.24031	-0.26914	0.29035	-0.42281	-0.10873	0.15909	0.21893	0.05677	-0.06512	0.53344	-0.10620	-0.00590	-0.15457	0.08218	0.45313	0.36147	0.17330	1.01380	-0.03563	-0.03877	(And (Past $e0) (Theme $e0 $x0))
p200048	0.53814	0.32247	0.43111	-0.25079	-0.00452	0.07727	-0.08211	0.10854	-0.06026	0.04231	-0.45115	0.15152	-0.15039	0.11656	0.17159	0.26325	-0.37518	-0.07236	0.28723	0.79863	-0.43278	0.20838	-0.11481	-0.09985	0.01559	-0.01686	0.09258	0.11483	-0.14758	-0.00314	-0.47896	0.09807	(Location $e0 $x0)
p200050	0.19333	-0.23583	0.02842	0.24600	0.02347	0.50085	0.12714	-0.15431	0.20375	0.37641	-0.57158	-0.43090	-0.51372	0.55102	0.02370	0.11572	-0.00590	0.27702	0.26997	-0.19981	0.37923	0.25830	-0.05003	0.04926	0.02621	0.01195	-0.14843	-0.47184	-0.13362	0.03029	0.30182	-0.28487	(And (Agent $e0 $x0) (Theme $e0 $x1))
p200059	0.08479	0.63553	0.18844	-0.30664	-0.15631	-0.19853	1.23448	0.44401	-0.21609	-0.26250	-0.12255	0.05587	0.19047	-0.01888	-0.04102	-0.46953	0.24968	-0.17643	0.17729	0.05433	0.93648	-0.16233	-0.36523	-0.15270	0.31027	0.11242	0.32368	-0.19743	-0.55474	0.12961	0.03727	-0.22635	(Member $x0 thing)
p200072	0.05700	-0.18273	-0.23527	0.12218	-0.03419	0.37294	0.94690	-0.01300	-0.17894	-0.22228	0.05123	0.22457	-0.04140	0.33266	-0.04342	0.25337	0.26830	-0.14329	-0.09922	-0.27017	-0.59400	-0.00050	0.17588	-0.02361	-0.18355	0.06666	0.08355	-0.10273	0.14549	0.07416	-0.29096	0.19089	(Theme $e0 $e1)
p200079	-0.27112	-0.27098	0.38579	0.05223	0.08184	-0.24039	0.06832	0.15199	0.14935	-0.54119	-0.04328	0.20840	0.30544	0.20916	0.45031	-0.31096	0.05743	0.00779	0.11447	-0.01917	0.22204	0.42012	-0.23406	0.11195	-0.25879	-0.04142	-0.41345	0.03577	0.25157	-0.08821	-0.25428	0.51272	(And (Agent $e0 $x0) (Patient $e0 $x1))
p200081	-0.43431	-0.34785	-0.28465	-0.16015	0.18339	-0.15652	-0.17064	-0.18809	0.00458	-0.12225	-0.64382	0.13696	-0.08331	-0.00350	-0.09995	0.62891	0.53021	0.27051	-0.28722	0.65661	0.55311	-0.36977	0.04714	0.11120	-0.27987	-0.19699	0.97897	-0.02792	0.21698	-0.36275	-0.00779	0.51043	(LocatedIn $x0 $x1)
p200084	0.38395	0.32896	0.49507	-0.14344	-0.21002	-0.04513	-0.03586	-0.01897	0.08636	0.20361	-0.20007	0.09460	-0.08808	0.02384	0.12567	0.21431	-0.34109	0.05677	0.33119	0.56642	-0.27542	0.18354	-0.02397	0.15816	-0.00499	0.02405	0.21964	-0.01979	0.02287	-0.25109	-0.31992	0.03966	(And (Location $e0 $x0) (Past $e0))
p200086	0.01292	0.46154	-0.21089	0.10202	0.63223	0.02409	-0.21762	-0.13021	-0.26826	-0.03079	-0.16756	-0.07211	0.09865	0.34568	-0.24666	-0.34344	0.05348	-0.12454	-0.14779	0.28878	0.08705	-0.18014	-0.17947	0.20099	-0.06337	-0.08063	-0.22323	0.25027	0.19407	0.11623	0.08640	-0.01507	(And (Agent $e0 $x0) (Ongoing $e0))
p200106	0.06575	-0.16216	0.35480	-0.10026	0.71676	0.01512	-0.02612	-0.00369	-0.13146	-0.07462	0.19954	-0.05654	-0.02795	-0.15553	0.66084	0.08961	0.24723	-0.02538	0.37050	-0.06325	-0.19519	-0.42170	0.04628	-0.10459	-0.09726	-0.01983	0.08202	-0.26169	-0.19116	-0.01926	0.31883	-0.11273	(Goal $e0 $x0)
p200111	-0.10100	-0.21889	-0.08567	0.30057	-0.16585	0.18549	-0.03573	-0.01716	-0.24687	0.21152	-0.41617	-0.30548	-0.39012	0.21172	0.31498	-0.11081	0.00431	-0.15592	0.03971	-0.02782	0.12700	0.30799	-0.01726	0.23406	-0.02880	-0.07809	0.11074	-0.36364	-0.14783	0.36452	0.00161	-0.33147	(And (Agent $e0 $x0) (Past $e0) (Theme $e0 $x1))
p200115	-0.40432	-0.42542	0.61221	-0.27099	0.29951	0.00395	0.36588	-0.02678	0.03222	-0.02029	-0.10555	-0.28829	-0.18440	0.00661	-0.25328	0.42626	-0.21448	-0.22504	-0.27069	-0.01763	0.10467	0.10341	-0.13205	-0.27621	0.44279	0.21003	-0.01128	0.70327	0.40779	-0.03654	0.02638	-0.54993	(Cardinality $x0 <num>)
p200121	0.06178	-0.03979	-0.16255	0.26815	-0.09065	0.20914	0.67642	-0.08780	-0.07055	-0.08722	0.20356	0.10525	-0.04844	0.30740	0.05305	0.18332	0.24604	-0.03277	-0.08169	-0.04830	-0.38908	-0.00009	0.03736	-0.00333	-0.06113	-0.05889	0.07780	-0.07976	0.29782	-0.04555	-0.12042	0.05812	(And (Past $e0) (Theme $e0 $e1))
p200124	0.12729	0.09776	0.04436	0.05060	-0.12486	-0.42113	0.06441	0.10880	-0.12680	0.23617	0.06478	-0.34646	0.34034	0.30088	-0.08500	0.15240	-0.12055	0.29872	0.08953	-0.00884	0.15508	0.22036	0.41116	-0.05212	-0.29573	-0.33167	0.00644	0.19233	-0.18856	-0.30318	0.31174	0.04421	(And (Experiencer $e0 $x0) (Past $e0))
p200128	-0.20572	-0.22124	0.14953	-0.12313	-0.13990	-0.29452	0.04052	0.11455	0.34285	-0.44816	-0.04060	0.00271	0.17464	0.21194	0.44695	-0.11811	0.27173	-0.07231	-0.01459	0.01115	0.00111	0.31485	-0.29126	0.15258	-0.04957	0.17370	-0.36003	0.03097	0.06758	-0.07757	-0.14431	0.33374	(And (Agent $e0 $x0) (Past $e0) (Patient $e0 $x1))
p200132	0.25106	-0.14422	-0.07286	0.50579	0.11810	-0.09865	-0.21668	0.54776	0.17433	-0.19768	0.57839	-0.19595	-0.09986	0.38528	0.14909	0.84209	-0.14449	0.08263	-0.29407	0.33265	0.49110	-0.22072	-0.09799	-0.15321	-0.11426	0.57431	-0.14635	0.13298	-0.45809	0.55975	-0.35033	-0.01747	(PartOf $x0 $x1)
p200140	0.07804	-0.14245	0.28787	-0.10556	0.61219	-0.02404	-0.04247	-0.00162	-0.11726	-0.07616	0.17667	-0.08111	0.02437	-0.15672	0.61323	0.09934	0.22583	-0.01150	0.30869	-0.05737	-0.14233	-0.36641	-0.00852	-0.06527	-0.04979	-0.02641	0.07452	-0.20434	-0.14922	-0.02540	0.26452	-0.14066	(And (Goal $e0 $x0) (Past $e0))
p200141	-0.09377	0.26732	0.17695	-0.07005	-0.09220	0.04519	0.19584	0.22495	0.05563	0.15482	-0.16792	-0.23193	-0.25476	-0.19242	0.19804	-0.00237	-0.10707	0.15567	-0.40338	-0.11931	-0.01071	-0.19999	0.02523	0.65944	-0.26730	0.05041	-0.05168	0.12014	0.04200	-0.22917	0.05848	-0.01511	(And (Ongoing $e0) (Past $e0))
p200149	0.34057	-0.26406	-0.21235	0.09487	-0.10704	0.07690	0.00225	0.32545	-0.13604	-0.05719	-0.07795	0.21811	-0.01670	-0.26244	0.10283	-0.22136	-0.22701	0.03027	-0.06253	0.16703	0.10377	-0.22675	0.06778	0.05561	0.23059	0.43957	-0.02992	-0.12912	0.47656	-0.09457	0.15645	0.00792	(Result $e0 $e1)
p200158	0.09630	0.00419	-0.08562	-0.06418	0.22415	-0.11631	0.11243	-0.38059	0.15584	0.17946	-0.08993	0.33184	0.38604	-0.18905	0.10994	0.16302	-0.24987	0.03392	-0.08797	-0.03202	0.20613	0.19704	0.25815	0.04140	-0.11512	-0.14396	0.00739	-0.19087	0.17529	0.30020	-0.02170	-0.14212	(And (Ongoing $e0) (Patient $e0 $x0))
p200159	0.02900	0.00082	-0.00044	-0.15317	0.12950	-0.10850	-0.10322	0.47546	0.06593	0.52679	0.08457	0.15780	0.01452	0.01300	-0.09084	-0.03452	0.30899	-0.12061	-0.01483	-0.14169	-0.03243	0.13056	-0.06827	-0.06006	-0.10565	-0.09432	0.02237	-0.00836	0.17830	0.03708	-0.21796	-0.02914	(Member $e0 have)
p200171	0.02041	0.00749	0.00371	-0.15182	0.13046	-0.11287	-0.11541	0.47008	0.06795	0.52361	0.08352	0.15530	0.01987	0.01067	-0.09071	-0.03498	0.30242	-0.10988	-0.01056	-0.12928	-0.02450	0.12349	-0.06605	-0.05814	-0.09886	-0.09323	0.02126	-0.00617	0.17316	0.03744	-0.21065	-0.03470	(And (Member $e0 have) (Theme $e0 $x0))
p200178	-0.24540	0.00404	-0.05934	-0.08429	-0.24262	0.74409	-0.01595	0.69010	0.49986	-0.27273	-0.37658	-0.17311	0.63388	-0.22017	0.05377	0.10430	-0.10397	0.07681	0.03970	-0.12319	-0.29384	-0.30793	-0.15316	-0.06198	-0.25292	-0.15581	0.17594	0.21081	-0.15948	0.12760	0.15034	-0.20333	(Future $e0)
p200179	0.01303	0.02488	-0.02583	0.02950	0.07520	-0.18656	-0.00901	-0.12099	-0.09335	0.12358	-0.03949	0.10059	-0.07499	0.13647	-0.08535	-0.04350	-0.05035	0.01813	0.18589	-0.03619	0.12370	0.02430	0.10033	0.10767	-0.04246	-0.02566	0.01237	-0.03146	0.05550	-0.16343	-0.07463	0.03033	(Possession $x0 $x1)
p200187	-0.05197	0.24995	-0.05779	-0.12823	-0.15222	0.35141	-0.18631	-0.06979	0.08969	-0.06503	0.02758	-0.16641	-0.16600	-0.00997	0.40284	0.03781	0.23189	0.02512	0.08178	-0.06989	0.28412	-0.18465	0.73121	-0.19295	0.44804	-0.30317	-0.20240	0.16500	0.18803	0.16650	-0.48447	0.11145	(Source $e0 $x0)
p200192	0.13022	-0.22345	0.55067	-0.33524	-0.15565	0.05870	-0.09451	0.04267	0.28557	-0.05841	0.26421	0.42942	-0.30871	0.49822	-0.16059	-0.28810	-0.16487	0.15972	-0.32135	-0.05541	-0.11353	-0.37790	-0.08180	0.14037	0.28407	-0.47002	0.33174	-0.00657	-0.07652	0.64116	0.43295	0.29416	(GroupOf $x0 person)
p200219	0.21136	0.13384	-0.02219	-0.32944	0.06042	0.06476	-0.19725	-0.03715	-0.11982	-0.07467	-0.27013	0.22836	0.18701	0.22829	-0.03966	0.17285	-0.06218	-0.22418	0.14531	0.19171	-0.19611	-0.01693	-0.14791	-0.06185	0.19903	0.16866	0.05227	0.05828	-0.09176	0.06448	-0.32850	-0.08677	(And (Agent $e0 $x0) (Location $e0 $x1))
p200232	-0.27859	0.23588	-0.02457	-0.08323	-0.07141	-0.11630	-0.00157	-0.05430	-0.25358	-0.02237	0.07918	0.43163	-0.07920	-0.10346	-0.06179	0.21067	0.00992	0.12297	0.12541	-0.00542	0.07795	-0.10149	-0.04449	-0.02974	0.04254	0.06453	-0.23406	-0.00563	-0.07962	-0.07905	0.07758	-0.11139	(Obligated $e0)
p200242	0.07580	0.05347	0.02874	-0.09937	0.06362	-0.01583	0.20801	0.27785	-0.15251	0.06044	-0.27743	-0.10307	-0.28871	-0.24815	0.20740	0.08289	-0.09064	0.09276	-0.23609	0.14415	-0.19293	0.04289	-0.07489	-0.04608	-0.03097	-0.14223	-0.26436	0.21077	-0.26561	0.09352	0.01605	0.24454	(And (Location $e0 $x0) (Ongoing $e0))
p200256	-0.19743	-0.07011	-0.07240	0.25055	0.00590	0.06683	0.29974	-0.03499	-0.15457	0.19129	0.07887	0.05233	-0.02782	0.04619	-0.06260	-0.11999	-0.01101	-0.02531	0.11503	0.23108	-0.16374	-0.24282	0.05782	-0.00705	-0.08337	-0.04359	-0.00373	0.21725	-0.00373	0.02048	-0.11858	0.04627	(And (Agent $e0 $x0) (Theme $e0 $e1))
p200278	0.03982	-0.00334	0.00071	-0.10502	0.11140	-0.05516	-0.09674	0.43693	0.08381	0.47015	0.04224	0.11111	0.00979	0.03875	-0.05905	-0.02801	0.26520	-0.15041	-0.00698	-0.10453	0.01114	0.10235	-0.05648	-0.02898	-0.09121	-0.12220	0.02370	-0.04215	0.12719	0.01685	-0.17895	-0.05096	(And (Holder $e0 $x0) (Member $e0 have) (Theme $e0 $x1))
p200283	0.14838	-0.19375	-0.25150	0.01207	-0.05029	-0.00994	0.03092	0.23830	-0.05495	-0.02971	-0.14624	0.25027	-0.07168	-0.15125	0.11087	-0.19480	-0.16402	-0.09278	0.03751	0.21285	0.01766	-0.14967	0.12232	-0.02943	0.22125	0.33039	-0.02584	-0.08938	0.33491	-0.04739	0.23187	-0.00559	(And (Experiencer $e0 $x0) (Result $e1 $e0))
p200284	0.03982	-0.00334	0.00071	-0.10502	0.11140	-0.05516	-0.09674	0.43693	0.08381	0.47015	0.04224	0.11111	0.00979	0.03875	-0.05905	-0.02801	0.26520	-0.15041	-0.00698	-0.10453	0.01114	0.10235	-0.05648	-0.02898	-0.09121	-0.12220	0.02370	-0.04215	0.12719	0.01685	-0.17895	-0.05096	(And (Holder $e0 $x0) (Member $e0 have))
p200285	0.03982	-0.00334	0.00071	-0.10502	0.11140	-0.05516	-0.09674	0.43693	0.08381	0.47015	0.04224	0.11111	0.00979	0.03875	-0.05905	-0.02801	0.26520	-0.15041	-0.00698	-0.10453	0.01114	0.10235	-0.05648	-0.02898	-0.09121	-0.12220	0.02370	-0.04215	0.12719	0.01685	-0.17895	-0.05096	(And (Holder $e0 $x0) (Theme $e0 $x1))
p200286	0.22007	-0.11931	-0.12720	0.16335	0.00522	0.05643	-0.06726	0.37847	-0.13667	-0.14847	-0.02123	0.05635	-0.13847	-0.11659	-0.04878	-0.08686	-0.12802	0.05567	-0.00264	-0.01573	0.04898	-0.14919	0.00780	0.22777	0.26329	0.28464	0.02585	-0.03378	0.23565	-0.15121	0.02767	0.01303	(And (Past $e0) (Result $e0 $e1))
p200289	0.03982	-0.00334	0.00071	-0.10502	0.11140	-0.05516	-0.09674	0.43693	0.08381	0.47015	0.04224	0.11111	0.00979	0.03875	-0.05905	-0.02801	0.26520	-0.15041	-0.00698	-0.10453	0.01114	0.10235	-0.05648	-0.02898	-0.09121	-0.12220	0.02370	-0.04215	0.12719	0.01685	-0.17895	-0.05096	(Holder $e0 $x0)
p200322	0.01515	-0.12625	-0.12186	0.06105	0.07699	-0.00921	0.20935	0.00694	0.07200	-0.08239	0.08130	-0.09182	0.26548	-0.01803	-0.12235	0.14492	0.14731	0.13901	0.09538	0.20240	-0.15302	0.09042	-0.01225	0.25648	0.31943	-0.21952	-0.04701	-0.16685	0.04098	0.17690	-0.04585	-0.07870	(And (Ongoing $e0) (Theme $e1 $e0))
p200323	0.14350	-0.18923	-0.24622	0.01256	-0.05096	-0.00363	0.03752	0.22304	-0.04632	-0.02215	-0.14775	0.25259	-0.07996	-0.16388	0.11587	-0.19111	-0.15656	-0.09434	0.03017	0.21106	0.01437	-0.14833	0.11018	-0.03527	0.21453	0.32548	-0.03010	-0.08891	0.32715	-0.03923	0.22577	-0.00147	(And (Patient $e0 $x0) (Result $e0 $e1))
p200325	0.26518	-0.10157	0.55607	0.28564	-0.13728	0.24875	-0.11990	0.12641	-0.43069	-0.13141	0.01052	-0.07241	0.30824	-0.10682	-0.08046	-0.02932	-0.00141	0.25650	-0.16562	-0.10559	0.23314	-0.03900	-0.10608	0.00058	-0.08548	-0.13012	-0.02640	-0.28150	0.41851	-0.02977	-0.20841	-0.02178	(Member $e0 make)
p200343	-0.12917	-0.14119	-0.07837	0.18766	-0.00492	0.09617	0.28401	-0.05085	-0.20063	0.12689	0.07050	0.05152	-0.04891	0.11686	-0.08681	-0.10906	0.09013	-0.02649	0.10920	0.24153	-0.16550	-0.25690	0.03963	-0.04612	-0.14322	-0.04889	-0.11011	0.22308	0.00177	0.00292	-0.12133	0.05786	(And (Agent $e0 $x0) (Theme $e1 $e0))
p200359	0.00645	0.17171	-0.06241	-0.10944	-0.10358	0.28618	-0.13841	-0.07233	0.08560	-0.03527	-0.02051	-0.10871	-0.13569	-0.05238	0.32360	-0.03429	0.16768	0.04385	0.03072	-0.10373	0.23904	-0.11455	0.51864	-0.16258	0.34642	-0.24842	-0.12868	0.15706	0.13072	0.07439	-0.37455	0.07224	(And (Past $e0) (Source $e0 $x0))
p200361	0.01262	-0.00096	0.06341	0.04858	0.01817	0.04411	-0.03384	-0.00086	0.02001	0.00844	0.09274	0.06883	-0.05241	0.00385	-0.05839	0.00069	-0.06551	0.06646	-0.02615	0.02605	0.01059	0.01416	0.01686	-0.06432	0.00990	-0.01723	-0.01495	-0.01197	-0.02936	0.05788	0.04928	0.06734	(Can $e0)
p200362	0.07482	-0.18890	-0.17706	0.04361	0.20123	0.00115	0.08228	0.04166	0.07037	-0.05662	0.03387	0.14101	0.12487	-0.01805	-0.01961	-0.09518	0.00914	0.32717	-0.16127	0.11385	-0.07843	0.18312	0.04859	0.11623	0.27808	-0.14927	0.01116	-0.06570	-0.17803	-0.09176	-0.16039	-0.25451	(Member $e0 start)
p200378	-0.22322	0.04007	0.13233	-0.08826	0.13758	0.41100	-0.00480	0.09977	0.10742	-0.21323	0.23193	0.07042	-0.12064	-0.05911	-0.19722	-0.20920	0.17776	-0.09751	-0.15238	0.48791	0.02187	0.41801	0.21773	-0.08043	-0.08706	0.19471	-0.04559	-0.26574	-0.12440	-0.07069	0.12172	0.03739	(Stimulus $e0 $x0)
p200379	-0.00088	0.02687	0.07787	-0.02680	-0.05475	-0.00605	-0.06023	-0.01590	-0.15967	0.02298	0.17139	0.24718	-0.06077	-0.06813	-0.10173	0.10537	-0.01605	0.15460	-0.06450	-0.00309	0.09448	-0.02360	-0.01379	-0.04605	0.06437	0.01930	-0.12582	-0.06333	-0.07740	0.06779	0.01273	0.08336	(To $e0 $e1)
p200390	0.00561	-0.11017	-0.05989	0.09065	0.01755	-0.04962	0.17236	-0.03302	0.03849	-0.04047	0.12136	-0.12513	0.17974	0.02300	-0.10100	0.08336	0.19336	0.12027	0.10697	0.27243	-0.10154	0.05029	-0.04821	0.23669	0.28627	-0.19943	-0.07203	-0.16124	0.09442	0.11300	-0.00942	-0.07752	(And (Ongoing $e0) (Past $e1) (Theme $e1 $e0))
p200407	0.01544	0.02825	-0.00718	0.03574	-0.04344	-0.03253	-0.05491	-0.04311	-0.07094	0.02689	0.08991	0.07408	0.00796	-0.04274	-0.06406	0.10447	0.01402	0.14858	-0.04016	-0.00593	0.00184	-0.05367	0.00928	-0.06089	0.00294	0.10833	-0.07147	-0.01573	-0.03704	-0.02323	-0.02782	0.04629	(Member $e0 use)
p200408	0.05582	0.00157	-0.00010	0.06518	0.02944	-0.02406	-0.05699	0.02614	0.03158	-0.01409	0.04846	0.01820	-0.01153	0.03990	0.03657	0.07537	0.01347	0.07654	0.02306	0.05945	0.05913	-0.01514	-0.02254	-0.04299	-0.03478	-0.00039	0.00692	-0.02042	0.00961	0.01669	-0.02894	0.05979	(Member $x0 house)
p200423	-0.13305	-0.08823	-0.05623	0.23253	-0.04009	0.06395	0.23860	-0.05842	-0.12944	0.15075	0.12027	0.02185	-0.03215	0.08934	-0.03525	-0.09498	0.07700	0.02739	0.09146	0.26846	-0.12949	-0.22954	0.01136	-0.02390	-0.08599	-0.07792	-0.06510	0.17929	0.04920	-0.02986	-0.07510	0.00073	(And (Agent $e0 $x0) (Past $e1) (Theme $e1 $e0))
p200436	-0.22185	-0.02933	-0.03342	0.25298	-0.03292	0.00268	0.19152	-0.05540	-0.11657	0.18916	0.14963	0.05017	-0.02822	0.05027	-0.01240	-0.07591	0.01003	0.02648	0.09000	0.27684	-0.11443	-0.21188	0.03189	0.03384	-0.01845	-0.06777	-0.01336	0.15796	0.04827	-0.02410	-0.06849	-0.04802	(And (Agent $e0 $x0) (Past $e0) (Theme $e0 $e1))
p200442	-0.06980	0.00247	0.20948	0.03789	0.28966	-0.01980	0.01538	-0.01935	-0.07963	0.07714	0.14394	-0.09487	0.05212	-0.05893	0.27923	-0.03107	0.05225	0.04052	0.05636	-0.00932	-0.12618	-0.20840	0.14246	-0.06733	0.00428	0.11707	0.17748	-0.08292	-0.06057	-0.08176	0.04829	-0.07194	(And (Agent $e0 $x0) (Goal $e0 $x1))
p200449	-0.06601	-0.11696	0.16381	-0.16372	-0.03935	0.03649	0.02239	-0.04177	-0.04082	-0.03343	-0.05383	0.00326	-0.05991	-0.01575	-0.06515	-0.00576	0.03279	-0.02087	-0.16205	-0.04553	-0.04604	-0.07935	0.00405	-0.05893	0.13056	-0.03506	0.01265	0.16806	0.02621	0.10063	0.00889	-0.00282	(SubsetOf $x0 $x1)
p200469	-0.09842	0.01393	0.12169	-0.06882	-0.12039	-0.15017	0.20221	0.20263	-0.17916	0.10991	-0.05345	-0.14514	-0.18698	-0.18193	0.13276	0.17555	-0.00952	0.15381	-0.23169	0.00843	-0.13845	0.10476	0.13557	0.00667	-0.04469	-0.06231	-0.22659	0.00346	-0.19083	0.00280	0.13367	0.22056	(And (Experiencer $e0 $x0) (Ongoing $e0))
p200470	0.12706	-0.06225	0.43814	0.21535	-0.07544	0.17693	-0.09402	0.07305	-0.34013	-0.08624	-0.04993	-0.00447	0.22297	-0.06225	-0.05094	-0.06523	-0.00415	0.16533	-0.09658	-0.06180	0.16705	0.01129	-0.05974	-0.07091	-0.08139	-0.17425	-0.01099	-0.19294	0.28619	-0.03689	-0.13687	-0.02967	(And (Member $e0 make) (Patient $e0 $x0))
p200472	0.00878	-0.01508	-0.00078	0.01324	0.04537	-0.01117	-0.01972	0.05495	-0.03965	-0.04151	-0.02355	0.00594	-0.03627	-0.01221	0.08597	0.01035	0.03333	0.01111	0.01747	0.01668	0.10415	0.00470	0.04220	-0.04748	0.02854	-0.10269	0.02176	0.01022	0.06175	0.03219	-0.05511	0.09609	(Member $x0 room)
p200493	0.07684	0.14145	0.10828	-0.23856	-0.11102	-0.01119	-0.16171	-0.09419	-0.03660	0.02277	-0.09662	0.20794	0.15622	0.17235	-0.01630	0.20116	-0.06561	-0.14749	0.15355	0.10416	-0.11677	-0.00022	-0.04473	0.10084	0.15587	0.18237	0.12899	-0.08984	0.02384	-0.06695	-0.24641	-0.12706	(And (Agent $e0 $x0) (Location $e0 $x1) (Past $e0))
p200498	0.05644	0.02317	0.08454	0.03787	0.01786	-0.05125	-0.01837	-0.07837	0.02661	0.02453	-0.11932	0.05370	-0.02124	0.10102	0.02199	-0.05756	-0.00237	-0.04693	0.09563	0.17423	-0.08440	0.02850	-0.04372	-0.02374	-0.00571	-0.03926	0.00694	0.01970	-0.01129	0.00852	-0.09401	-0.12914	(And (Location $e0 $x0) (Patient $e0 $x1))
p200499	0.08208	-0.18923	-0.13733	0.05893	0.13624	-0.02213	0.06821	0.02304	0.02628	-0.02566	0.02575	0.08476	0.06433	0.02547	0.00092	-0.15550	0.06017	0.29294	-0.13482	0.16761	-0.06013	0.09474	-0.01420	0.08120	0.23328	-0.14004	-0.01627	-0.01919	-0.13094	-0.12533	-0.13801	-0.22745	(And (Member $e0 start) (Past $e0))
p200500	-0.00832	0.19408	-0.02778	-0.01407	0.09690	0.02005	-0.07173	-0.05303	0.06751	-0.03794	-0.05807	-0.01783	-0.08661	0.20908	-0.00081	-0.08120	0.05500	0.04561	-0.05284	-0.01221	-0.00198	-0.06141	-0.02106	0.16674	-0.06585	0.06105	-0.03550	-0.07766	0.08609	-0.02682	0.06718	-0.07878	(And (Ongoing $e0) (Theme $e0 $x0))
p200501	-0.03148	-0.10023	-0.06225	0.00576	0.16690	-0.00831	0.19547	0.01330	0.00823	-0.00690	-0.01632	0.15047	0.09600	-0.03334	-0.07841	0.10642	-0.13311	0.03055	0.06484	-0.20537	-0.08944	0.09303	0.25504	0.14509	0.01502	0.01332	0.13265	-0.04802	-0.13393	0.08445	-0.19232	0.01978	(And (Patient $e0 $x0) (Theme $e1 $e0))
p200505	-0.04255	-0.01247	0.01996	-0.01060	-0.00280	-0.01414	-0.04518	-0.04691	-0.11664	0.05061	-0.01316	0.16540	-0.10023	-0.04922	-0.06060	0.09025	-0.00005	-0.02242	0.06769	-0.01236	-0.00817	-0.05427	-0.01215	0.00439	0.02259	-0.00554	-0.09111	-0.00620	-0.04919	0.00314	0.05666	-0.04670	(Instrument $e0 $x0)
p200506	0.00789	-0.33667	-0.08435	-0.32682	-0.01612	0.15941	-0.02580	-0.00235	-0.27152	-0.08095	-0.15781	0.35845	-0.14719	-0.12907	0.01356	0.29381	0.15994	-0.12380	0.22870	-0.13435	0.08676	-0.11236	-0.17495	0.11610	-0.10060	-0.15566	-0.43264	-0.08344	-0.16512	-0.00149	0.03912	-0.04361	(Member $e0 go)
p200507	-0.08233	0.07696	-0.13616	0.15040	0.09847	-0.00279	-0.00667	0.23831	0.24136	-0.11150	0.02385	0.04552	-0.06152	0.05652	0.13703	0.04544	-0.19065	-0.04248	0.18514	0.01040	0.05553	-0.04988	-0.04352	0.10974	-0.02074	-0.04939	0.03942	0.12154	0.01437	0.00998	0.11199	0.02187	(Member $x0 door)
p200508	-0.02948	0.00729	-0.07753	0.08332	-0.06484	0.02881	-0.02848	-0.02258	0.06682	0.09686	0.10905	-0.07516	0.10835	-0.08052	0.00140	0.01234	-0.00366	0.06369	0.07826	0.10194	0.05230	-0.07828	0.02489	0.03806	0.01385	-0.03055	-0.06068	0.11005	-0.00314	-0.04103	-0.02881	-0.01177	(Recipient $e0 $x0)
p200530	0.06976	-0.05813	-0.13954	0.09724	0.04965	-0.01856	-0.05102	0.28913	-0.09075	-0.12060	-0.07608	0.08688	-0.17001	-0.02509	-0.04553	-0.07162	-0.06792	-0.02665	0.07010	0.02487	-0.02107	-0.08986	0.05276	0.13566	0.25558	0.19163	0.01879	-0.01851	0.13454	-0.11245	0.08413	0.01178	(And (Experiencer $e0 $x0) (Past $e1) (Result $e1 $e0))
p200545	-0.06431	0.00846	0.18656	0.02438	0.25210	-0.03351	-0.00854	-0.01275	-0.07011	0.05578	0.13172	-0.09861	0.07081	-0.06002	0.27326	-0.01818	0.05571	0.04136	0.02972	0.00439	-0.10737	-0.17084	0.10366	-0.05747	0.03590	0.09026	0.16244	-0.08146	-0.04378	-0.06809	0.05294	-0.09455	(And (Agent $e0 $x0) (Goal $e0 $x1) (Past $e0))
p200554	0.17420	-0.16492	-0.05765	-0.14303	-0.08598	-0.02630	0.20271	-0.26413	0.18705	0.23207	0.02961	0.05968	0.11833	-0.10347	0.20085	-0.16792	-0.06080	-0.05251	-0.03058	0.13110	0.11421	-0.14542	0.12895	-0.11765	-0.23264	0.16986	-0.03472	0.03390	0.08594	0.10999	-0.01633	-0.00500	(Member $e0 get)
p200555	0.04347	0.01218	-0.01496	0.01892	-0.01806	0.06017	-0.02355	-0.01842	0.02313	0.00708	-0.05455	-0.04121	-0.01968	0.02204	0.05170	-0.04903	0.04154	0.02638	0.01562	-0.02003	-0.01144	0.01953	0.02714	-0.03346	0.00722	-0.03197	-0.01351	-0.04519	-0.00105	0.02796	-0.00606	0.04664	(Member $x0 new)
p200556	0.00550	0.07646	-0.15836	0.00291	0.11414	-0.04892	0.01589	0.08843	0.13615	-0.12669	-0.00252	0.08629	-0.08236	0.03712	0.19648	-0.05119	-0.08813	0.00185	0.14574	-0.02620	0.10210	0.10348	-0.00462	-0.03215	0.13929	-0.14213	-0.04650	0.05480	0.11256	-0.03696	0.05952	0.21114	(Member $x0 person)
p200584	0.03635	-0.17373	-0.14287	0.02208	0.15396	-0.00925	0.10455	0.03170	0.05976	-0.05993	0.02508	0.11397	0.13634	0.02310	0.03659	-0.05683	0.00321	0.28901	-0.12931	0.09085	-0.06724	0.12124	0.00571	0.10638	0.21467	-0.17395	0.00459	-0.04534	-0.12664	-0.04992	-0.16317	-0.22780	(And (Member $e0 start) (Ongoing $e1) (Theme $e0 $e1))
p200600	-0.12167	0.19995	-0.01841	-0.02587	0.04413	0.02053	-0.06343	-0.00012	-0.01146	0.01861	-0.07189	-0.02073	-0.03843	0.10422	-0.00702	-0.07041	-0.00544	-0.08859	-0.12923	-0.04032	-0.00725	-0.07952	-0.02614	0.26388	-0.06052	0.09602	0.04644	0.02245	0.05176	-0.06116	0.02446	-0.14939	(And (Agent $e0 $x0) (Ongoing $e0) (Past $e0))
p200601	0.06492	-0.05357	-0.13422	0.09775	0.04901	-0.01222	-0.04439	0.27390	-0.08209	-0.11301	-0.07756	0.08923	-0.17826	-0.03769	-0.04050	-0.06790	-0.06044	-0.02817	0.06279	0.02310	-0.02433	-0.08849	0.04065	0.12985	0.24890	0.18676	0.01456	-0.01802	0.12681	-0.10427	0.07806	0.01593	(And (Past $e0) (Patient $e0 $x0) (Result $e0 $e1))
p200611	0.03635	-0.17373	-0.14287	0.02208	0.15396	-0.00925	0.10455	0.03170	0.05976	-0.05993	0.02508	0.11397	0.13634	0.02310	0.03659	-0.05683	0.00321	0.28901	-0.12931	0.09085	-0.06724	0.12124	0.00571	0.10638	0.21467	-0.17395	0.00459	-0.04534	-0.12664	-0.04992	-0.16317	-0.22780	(And (Member $e0 start) (Theme $e0 $e1))
p200624	0.08340	-0.07404	-0.06465	-0.14595	0.05824	0.04192	-0.00396	0.02866	-0.16477	-0.10254	-0.10201	-0.00172	-0.01354	0.03418	-0.05481	0.07468	0.11066	-0.11312	-0.11567	-0.02852	-0.09801	-0.00699	-0.04400	-0.14000	-0.00198	0.12164	-0.15363	0.06087	-0.13714	0.14625	-0.05910	0.08089	(GroupOf $x0 child)
p200625	-0.07139	0.10010	0.07983	-0.02050	0.04958	0.01429	-0.04366	-0.03868	-0.06214	0.02133	0.06455	-0.07587	0.08513	-0.08162	0.09694	0.06332	0.06616	0.00655	-0.07619	-0.05478	-0.06332	-0.03498	0.16419	-0.12256	0.12679	0.09515	0.06354	-0.00948	0.01579	-0.02690	-0.02385	-0.02966	(Member $e0 come)
p200626	-0.03910	0.01546	-0.00859	0.01492	-0.01428	-0.03219	-0.01267	-0.04766	-0.02135	0.03693	0.02019	0.04305	0.00205	-0.02144	-0.00530	0.02424	-0.03191	-0.00530	0.01185	0.01040	0.00334	0.00766	0.01336	-0.01405	-0.02824	-0.00272	-0.02869	0.00738	-0.00008	0.01111	0.01642	-0.03091	(Member $x0 problem)
p200627	0.00892	-0.01833	-0.01554	-0.02852	-0.03909	0.00258	-0.01216	-0.03173	0.04905	0.06324	-0.00608	0.01384	0.07056	0.00290	0.02590	-0.00770	-0.00800	-0.02754	-0.00294	0.03245	-0.00294	-0.00929	0.01948	-0.02641	-0.06516	0.00059	-0.02031	-0.01253	0.02391	0.02307	0.01178	-0.05258	(Member $x0 weather)
p200628	0.00820	-0.02392	0.03293	0.01137	-0.01012	-0.01001	-0.01273	0.00882	0.02254	-0.00168	0.03912	0.02879	-0.05064	0.03696	0.00532	-0.00701	-0.03119	0.00947	-0.02633	0.00713	-0.00358	-0.02639	-0.01506	0.00883	0.01727	-0.04014	0.01276	-0.01020	-0.00929	0.06030	0.01944	0.02592	(Past (LocatedIn $x0 $x1))
p200629	-0.09596	0.04172	-0.00464	-0.02910	-0.02142	0.01643	-0.03895	0.01786	-0.01011	-0.03937	0.01192	0.03503	0.02675	0.01532	0.01152	0.03470	-0.00865	-0.00032	-0.00189	0.01256	-0.02608	-0.00247	0.04086	-0.00568	-0.00599	0.00372	-0.02851	0.00676	-0.00187	0.01846	0.01638	-0.04487	(Time $e0 now)
p200667	0.00802	0.00984	0.12496	0.02750	-0.10904	-0.15644	0.19333	0.17610	-0.10951	0.19169	-0.04201	-0.15475	-0.18996	-0.22263	0.13319	0.11473	-0.08558	0.20594	-0.11274	0.07250	-0.07977	0.11660	0.10952	-0.04681	-0.03199	-0.12311	-0.14106	0.03912	-0.18266	-0.06297	0.10494	0.27030	(And (Experiencer $e0 $x0) (Location $e0 $x1))
p200668	-0.14770	0.03753	-0.00417	0.04565	-0.08063	0.26347	0.00931	0.27355	0.14001	-0.11192	-0.13741	-0.01147	0.22712	-0.11907	0.02376	0.06734	-0.09364	0.00271	0.02557	-0.04258	-0.07195	-0.08669	-0.03852	-0.01856	-0.09180	-0.07935	0.09577	0.05839	-0.07252	0.07393	0.06460	-0.11481	(And (Future $e0) (Patient $e0 $x0))
p200678	-0.00154	0.03535	-0.02949	-0.00522	0.01771	0.00345	-0.01648	-0.00948	0.00936	0.00887	-0.00314	-0.01835	0.03414	0.02861	-0.02485	-0.00570	-0.01479	-0.01266	-0.00839	-0.03221	-0.00576	0.00217	0.01839	0.02819	-0.02239	0.01782	-0.00117	0.00958	-0.00369	-0.02484	0.01234	-0.01760	(For $e0 $x0)
p200679	-0.03020	0.02809	0.00223	-0.02318	0.02437	-0.00272	0.02000	0.01525	0.01540	-0.01342	0.00273	0.04104	0.04526	-0.04016	-0.02755	0.05496	-0.03569	0.05815	-0.00606	-0.04269	-0.02889	0.01726	0.01493	-0.02862	0.03206	0.02896	0.01135	0.01376	-0.02063	0.02452	-0.00833	-0.01691	(GroupOf $x0 thing)
p200680	0.21372	-0.01945	-0.00208	0.03827	0.14229	-0.10393	0.03592	-0.06009	0.05216	0.02082	-0.02869	-0.17263	0.09141	-0.06759	0.00280	-0.09038	0.09547	0.04563	-0.00854	-0.06122	-0.12325	0.04459	0.02975	-0.08880	0.07872	0.05057	0.12998	-0.03219	-0.06019	0.02299	0.04582	0.09963	(Manner $e0 quickly)
p200681	-0.05897	-0.05017	0.07409	-0.03994	0.09487	0.08793	0.19654	0.01063	0.04758	-0.02006	0.04776	0.04221	-0.12651	0.10326	-0.02792	-0.10534	-0.08438	-0.09418	0.08331	-0.12147	-0.01539	-0.14415	0.23679	0.21556	-0.22973	0.17181	0.11448	0.08384	0.01193	-0.05538	-0.20991	0.10309	(Member $e0 try)
p200682	-0.03195	-0.03474	0.09685	0.07744	0.08561	-0.02136	0.01339	-0.04763	-0.02416	0.06334	0.03762	0.01951	-0.00213	0.05873	-0.02390	-0.07497	-0.08577	0.01136	0.08242	-0.01332	0.12847	-0.01810	0.13726	0.10483	-0.15039	0.00966	0.08619	0.00381	0.03285	-0.05110	-0.09705	0.05374	(Member $x0 man)
p200683	-0.01046	-0.02364	0.00222	-0.04790	-0.00230	-0.01179	-0.01894	0.00680	-0.01965	0.01391	-0.01662	0.03698	-0.01153	0.01148	0.01569	0.03188	0.03350	0.00058	0.03181	-0.00374	0.00269	-0.01938	-0.01119	0.03487	-0.02909	-0.03656	-0.03472	-0.02716	0.00268	-0.02840	0.00006	-0.01666	(Member $x0 place)
p200684	-0.03597	0.01587	0.03064	0.03326	-0.03929	-0.05552	0.07380	0.03489	-0.02159	0.09017	-0.04543	-0.02651	-0.09593	-0.15056	0.04638	0.04640	-0.03738	0.10846	-0.05014	0.04729	-0.01740	0.02334	0.01811	0.01494	-0.03959	-0.07218	0.01347	0.01840	-0.02437	-0.06045	0.06583	0.14046	(Member $x0 table)
p200729	-0.01166	-0.05309	-0.00277	-0.03591	-0.06951	0.31248	0.00837	0.22269	0.19024	-0.09967	-0.15632	-0.11769	0.24529	-0.08824	-0.00651	0.01078	-0.04384	0.05230	0.00847	-0.06558	-0.09621	-0.10665	-0.07340	-0.05950	-0.08325	-0.07145	0.05631	0.09113	-0.04756	0.04104	0.05960	0.00425	(And (Agent $e0 $x0) (Future $e0))
p200730	0.17401	-0.00219	0.01911	0.04065	0.11449	-0.08554	0.01789	-0.05622	0.03738	0.02527	-0.02898	-0.17571	0.06636	-0.05738	0.01204	-0.10311	0.09768	0.01407	0.00216	-0.02660	-0.11370	0.00650	0.00986	-0.10225	0.03571	0.05654	0.10822	-0.00416	-0.03897	0.02030	0.06624	0.09624	(And (Manner $e0 quickly) (Past $e0))
p200731	-0.00077	-0.26451	-0.07155	-0.25728	-0.00419	0.11611	-0.04133	-0.00182	-0.21143	-0.06352	-0.10698	0.31554	-0.12764	-0.11963	0.02971	0.25471	0.11600	-0.10058	0.21551	-0.09263	0.10942	-0.09240	-0.15898	0.13272	-0.07909	-0.15371	-0.35493	-0.06904	-0.12204	-0.01444	0.04735	-0.06438	(And (Member $e0 go) (Past $e0))
p200732	0.01816	-0.06893	-0.01824	-0.03205	0.12019	-0.08346	0.01536	0.13480	-0.06047	0.10314	0.03434	0.00947	-0.01639	-0.05301	-0.05233	-0.01651	0.02355	-0.11259	-0.00770	-0.04420	0.01948	0.12965	-0.03409	-0.07357	-0.02274	-0.02876	0.04767	0.12255	0.05957	0.13839	-0.06842	0.04714	(And (Member $e0 have) (Past $e0))
p200733	-0.06127	0.06481	-0.12047	0.15362	0.09320	-0.00647	-0.00750	0.21607	0.21398	-0.10335	0.01799	0.04506	-0.06097	0.04511	0.12818	0.03889	-0.16421	-0.03090	0.17318	0.02261	0.04907	-0.03631	-0.05035	0.06961	-0.00864	-0.05553	0.03044	0.10358	0.01504	0.01866	0.10913	0.03058	(And (Member $x0 door) (Patient $e0 $x0))
p200744	-0.02935	0.07203	0.04820	0.06967	-0.08755	-0.03637	0.07988	-0.06329	0.02870	0.01245	0.09231	-0.19774	0.09392	-0.06422	-0.15611	0.20719	0.13626	-0.14678	0.23708	0.11952	-0.04766	-0.01864	-0.02213	0.17344	0.12341	-0.03649	-0.04575	-0.14910	0.19336	0.20752	0.13608	0.13669	(Member $e0 begin)
p200745	-0.01060	0.04698	-0.11311	0.05050	0.06892	0.01257	-0.00987	0.13847	0.12901	-0.09155	-0.02472	0.02242	-0.02610	0.01274	0.07449	-0.04916	-0.12455	0.00702	0.11786	0.01053	-0.00594	-0.00865	-0.02486	0.04765	0.05017	-0.02824	0.05691	0.06256	0.08581	-0.01698	0.08369	0.07373	(Member $e0 leave)
p200746	-0.02423	-0.00594	-0.06672	-0.02125	-0.01691	0.05108	0.03183	0.04766	0.00866	-0.04555	-0.05541	0.04255	0.05096	-0.03604	0.03481	-0.06508	-0.00444	0.07828	0.04921	0.03008	0.03703	-0.04775	-0.03591	-0.03225	0.00742	-0.09736	-0.02988	0.11807	-0.06567	0.02677	-0.03577	-0.06190	(Member $e0 take)
p200747	-0.01446	-0.01842	0.00501	0.02337	-0.02550	-0.06523	0.05804	0.05175	0.02229	0.02206	0.00140	-0.03945	-0.05512	-0.05692	0.07487	0.02701	-0.01714	0.05796	-0.02952	0.01426	-0.00042	0.04595	-0.00472	0.00131	-0.00752	-0.03386	-0.04134	0.01092	-0.03058	-0.02705	0.03181	0.11150	(Member $x0 book)
p200748	-0.04279	-0.04481	0.03523	-0.06172	-0.05037	0.01138	-0.03416	-0.00059	-0.11176	-0.02259	-0.08804	0.02315	0.00961	0.01335	0.00098	0.03943	0.06204	-0.01752	-0.04082	0.00041	-0.00620	-0.00555	-0.02586	0.04180	-0.01942	-0.01166	-0.02476	-0.05469	0.01211	-0.02007	-0.02894	-0.02496	(Member $x0 cat)
p200749	0.00207	-0.00110	-0.01270	0.00708	-0.01696	0.00195	-0.01345	-0.02845	0.00617	0.02755	-0.01368	0.00082	0.00002	-0.00795	-0.01577	0.01582	0.01221	0.03477	0.00116	-0.00502	-0.00414	-0.00833	-0.00183	-0.00457	-0.00283	0.00479	-0.00144	-0.02658	0.00049	-0.03374	0.00935	0.01662	(Member $x0 good)
p200750	-0.04525	0.02640	0.05231	-0.01348	0.02426	0.03689	-0.02760	-0.03363	-0.01120	0.00470	0.00384	-0.03827	-0.00349	-0.05349	0.02366	-0.00397	0.07245	-0.01148	-0.05239	0.01555	-0.02403	-0.00393	0.08189	-0.07136	0.05636	0.02517	0.01909	0.00225	0.00153	-0.01207	0.00109	-0.00120	(Member $x0 tree)
p200754	0.03041	-0.16391	-0.10460	0.04395	0.10920	-0.01768	0.08167	0.01003	0.02456	-0.02875	0.03129	0.07668	0.07654	0.05072	0.04308	-0.11511	0.04563	0.25703	-0.11197	0.15888	-0.04400	0.06534	-0.03537	0.06966	0.17096	-0.16378	-0.02400	-0.01298	-0.09137	-0.08294	-0.13092	-0.20824	(And (Member $e0 start) (Ongoing $e1) (Past $e0) (Theme $e0 $e1))
p200800	-0.13036	-0.04015	-0.06716	0.14723	-0.00579	-0.00793	0.03839	-0.01014	-0.04495	0.07365	0.03985	-0.04894	0.07487	0.00548	-0.03675	-0.05583	0.07045	0.06940	0.10415	0.34742	-0.05606	-0.13888	-0.09966	0.03900	0.09729	-0.18712	-0.11314	0.11278	0.03393	0.06330	0.01801	-0.10037	(And (Agent $e0 $x0) (Ongoing $e1) (Theme $e0 $e1))
p200829	0.09137	0.01251	-0.12600	-0.07265	0.16061	0.02813	-0.02897	0.04175	-0.10643	-0.08234	-0.13883	0.03837	-0.01607	0.05378	-0.00129	-0.03617	0.01409	-0.07601	-0.03711	0.07854	-0.05754	-0.01028	-0.09250	-0.09532	0.03291	-0.01759	-0.08503	0.12471	-0.09636	0.11613	-0.06968	0.02217	(And (Agent $e0 $x0) (Location $e0 $x1) (Ongoing $e0))
p200830	0.01669	0.13998	-0.03092	0.01923	0.08798	0.03459	-0.05842	-0.03496	0.04542	-0.00724	-0.07109	-0.02780	-0.08397	0.18240	-0.00620	-0.07814	0.04089	0.00709	-0.02971	-0.00338	0.02410	-0.03466	-0.02206	0.11561	-0.05020	0.01546	-0.02048	-0.06983	0.05232	-0.02342	0.06404	-0.06110	(And (Agent $e0 $x0) (Ongoing $e0) (Theme $e0 $x1))
p200831	-0.00470	0.04428	0.14526	-0.00632	-0.12051	-0.04926	0.21951	0.18153	-0.02912	0.17699	-0.10998	-0.12623	-0.22036	-0.28102	0.14616	0.05695	-0.09213	0.18750	-0.14765	0.02540	-0.10338	0.03128	0.00462	0.10345	-0.06695	-0.10602	-0.11158	0.06668	-0.12189	-0.12187	0.08939	0.19740	(And (Location $e0 $x0) (Ongoing $e0) (Past $e0))
p200832	0.08582	0.02665	0.09761	0.00955	-0.01330	-0.04359	-0.01939	-0.07022	0.04770	0.01485	-0.07942	-0.01634	-0.00415	0.08927	-0.01705	-0.04451	0.03699	-0.05040	0.07830	0.10441	-0.07216	0.00664	-0.02371	-0.00427	-0.00432	0.03326	0.03063	-0.00038	0.00957	-0.02551	-0.06766	-0.06265	(And (Location $e0 $x0) (Past $e0) (Patient $e0 $x1))
p200833	0.01071	-0.06321	-0.01476	-0.03063	0.12144	-0.08915	0.00252	0.13148	-0.05841	0.10453	0.03367	0.00704	-0.01189	-0.05573	-0.05226	-0.01861	0.01819	-0.10409	-0.00389	-0.03341	0.02652	0.12422	-0.03275	-0.07139	-0.01611	-0.02962	0.04619	0.12322	0.05530	0.13789	-0.06307	0.04163	(And (Member $e0 have) (Past $e0) (Theme $e0 $x0))
p200834	0.03041	-0.16391	-0.10460	0.04395	0.10920	-0.01768	0.08168	0.01004	0.02456	-0.02875	0.03129	0.07668	0.07654	0.05072	0.04309	-0.11511	0.04564	0.25703	-0.11197	0.15888	-0.04400	0.06534	-0.03537	0.06966	0.17096	-0.16378	-0.02400	-0.01298	-0.09136	-0.08294	-0.13092	-0.20824	(And (Member $e0 start) (Past $e0) (Theme $e0 $e1))
p200846	0.01133	0.08769	-0.18643	0.01261	0.12228	-0.03603	-0.00030	0.08302	0.15411	-0.10828	0.00851	0.09688	-0.07393	0.01239	0.20286	-0.03497	-0.10587	0.01275	0.13893	-0.03941	0.09804	0.11711	-0.00738	-0.05279	0.15415	-0.14479	-0.04504	0.07137	0.11604	-0.04654	0.08090	0.24687	(And (Agent $e0 $x0) (Member $x0 person))
p200847	-0.04715	0.00676	-0.04373	0.07642	-0.05054	-0.00581	-0.02835	-0.01377	0.02897	0.09195	0.07209	-0.05872	0.08964	-0.05286	0.00067	0.01105	0.01299	0.04963	0.04469	0.10949	0.01696	-0.06432	-0.01402	0.02095	0.03777	-0.02599	-0.05330	0.05324	-0.00882	-0.02521	0.00625	-0.01603	(And (Agent $e0 $x0) (Recipient $e0 $x1))
p200848	-0.01013	-0.01667	-0.01824	-0.02806	-0.01197	-0.01420	-0.03395	-0.02839	-0.09347	0.01831	-0.02167	0.11014	-0.06204	-0.03834	-0.04014	0.06463	0.02175	-0.03057	0.06356	-0.01013	-0.00103	-0.03432	-0.02087	0.02909	0.01557	0.01204	-0.08035	-0.00174	-0.03420	-0.01720	0.01798	-0.04249	(And (Instrument $e0 $x0) (Past $e0))
p200849	0.15506	-0.08633	0.20730	0.11433	-0.10001	0.09885	-0.05023	0.07341	-0.17230	-0.04132	0.00908	-0.07826	0.10278	-0.05243	-0.04141	-0.00868	0.03258	0.11406	-0.12915	-0.05983	0.08329	-0.05988	-0.05730	0.03861	-0.01315	0.02932	-0.01276	-0.08706	0.14314	-0.03795	-0.11256	-0.05482	(And (Member $e0 make) (Past $e0))
p200850	0.09175	-0.04414	-0.10536	0.00170	0.13434	-0.03026	0.03081	0.01800	0.06194	-0.02375	-0.01486	0.06826	0.09371	-0.08889	-0.08193	0.07014	-0.03468	0.11807	-0.05905	-0.11419	-0.04062	0.16338	0.12611	0.06650	0.17339	0.00701	0.09747	-0.10108	-0.11202	-0.00010	-0.05499	-0.02356	(And (Member $e0 start) (Patient $e0 $x0))
p200851	-0.05369	0.14194	0.02624	-0.09326	-0.03371	-0.04577	0.18113	0.05722	-0.07380	-0.10786	0.01993	0.07193	0.01925	-0.01126	-0.02395	-0.06007	0.06818	0.06328	0.02332	0.01325	0.09500	-0.03202	-0.04502	-0.03101	0.03662	0.10184	0.03495	-0.00498	-0.08652	0.02688	-0.00966	-0.02859	(And (Member $x0 thing) (Theme $e0 $x0))
p200852	-0.11087	0.09455	-0.01495	-0.05605	-0.05213	-0.04018	-0.01838	-0.03019	-0.05929	-0.03092	0.04710	0.13907	0.01065	-0.03627	-0.02467	0.07058	0.01430	0.11074	0.03626	0.00051	-0.01524	-0.05913	-0.01697	-0.00427	0.00121	0.06685	-0.07287	0.02105	-0.00897	-0.04088	0.00778	-0.04315	(And (Obligated $e0) (Theme $e0 $x0))
p200853	-0.00004	0.00944	-0.05920	0.02441	-0.05188	0.02087	-0.03898	-0.01288	0.05742	0.05115	0.06385	-0.03613	0.08424	-0.07246	0.00505	0.02540	-0.02786	0.03553	0.02813	0.00689	0.05848	-0.00757	0.02385	0.01855	-0.00540	0.00892	-0.02994	0.07651	-0.01900	-0.03802	-0.02847	-0.00517	(And (Past $e0) (Recipient $e0 $x0))
p200864	-0.03835	0.06863	0.02432	-0.03178	-0.02856	0.08307	-0.04720	-0.02992	-0.02159	0.00582	-0.03234	-0.01723	-0.06891	-0.03921	0.02293	-0.00060	0.07540	-0.01144	-0.05571	-0.02894	0.02496	-0.07012	0.17074	-0.03969	0.12505	-0.00318	-0.04485	0.05528	0.03709	0.00919	-0.08747	-0.03968	(Member $e0 fall)
p200865	-0.16147	0.03240	0.09159	-0.03002	0.13847	0.33234	-0.03520	0.06434	0.10873	-0.13460	0.18451	0.06012	-0.09650	-0.07304	-0.14567	-0.14341	0.12440	-0.06520	-0.11558	0.38283	0.02497	0.33658	0.17810	-0.06436	-0.06482	0.11830	-0.02466	-0.20729	-0.08909	-0.06912	0.11735	0.03014	(Member $e0 hear)
p200866	-0.03181	-0.07098	0.00442	-0.07003	-0.02868	0.08990	0.03742	0.01411	-0.07082	-0.04847	-0.03240	0.03871	-0.01212	0.02857	-0.05756	0.02661	0.06591	-0.05705	-0.01508	-0.02437	-0.07074	0.02354	0.05997	-0.03319	-0.07392	0.05616	-0.06804	-0.03908	-0.06414	0.01312	-0.02646	0.00903	(Member $e0 need)
p200867	0.07076	0.00627	-0.05409	-0.02740	0.05619	-0.00095	-0.02679	0.00015	-0.05991	-0.04532	-0.01035	-0.01476	0.01323	0.02542	-0.05265	0.02633	0.04796	-0.00052	-0.05506	-0.00881	-0.03729	-0.02065	-0.01136	-0.09106	-0.01003	0.09475	-0.05967	0.04464	-0.06795	0.07323	-0.01945	0.05914	(Member $e0 play)
p200868	0.05147	0.03790	-0.01852	-0.00802	0.03956	0.02009	-0.00614	-0.02898	0.02425	-0.00855	-0.00509	-0.00491	-0.01989	0.04894	-0.01163	-0.01679	0.00872	-0.00385	-0.00741	-0.01350	0.00205	0.00708	-0.00539	0.02514	-0.01862	0.00528	-0.02330	-0.02300	0.02326	-0.01066	0.00999	0.00929	(Member $e0 study)
p200869	0.00282	0.14466	-0.06819	0.07675	-0.00788	-0.02928	0.00766	-0.02306	-0.00945	-0.00008	0.01827	0.06532	-0.01177	0.09717	0.09399	0.06709	-0.01369	-0.00853	-0.07180	-0.03143	-0.03153	0.05354	-0.02965	-0.12680	0.00940	-0.04118	0.04319	0.01210	0.07690	-0.05078	0.07692	-0.01555	(Member $e0 work)
p200870	0.00582	-0.02013	0.02507	0.01297	-0.00389	0.00350	-0.02377	0.03011	-0.03516	0.00225	-0.01394	0.01270	0.01604	0.00585	0.00715	-0.01462	0.01114	0.01797	-0.00278	0.00211	0.01900	0.00376	-0.00189	-0.00758	-0.00550	-0.04094	0.01253	-0.03802	0.05790	-0.02341	-0.01397	0.01783	(Member $x0 beautiful)
p200871	0.01251	0.03898	-0.01863	0.02464	0.01009	0.02474	-0.02589	0.00472	0.03711	-0.01229	0.00209	-0.01957	-0.02878	0.02859	0.04473	-0.00551	-0.01827	0.01070	0.01870	0.00605	0.02616	-0.00587	0.03146	0.01238	0.00684	-0.01914	-0.00257	0.00143	0.02007	0.02438	-0.02684	0.00266	(Member $x0 car)
p200872	-0.01369	-0.04319	-0.00661	-0.01093	-0.01724	-0.02533	-0.01546	-0.01002	0.02750	-0.03050	-0.04747	-0.00650	0.01052	0.03342	0.02210	0.02675	0.05598	-0.00779	-0.00767	0.04411	0.02249	0.00419	-0.03510	0.02668	-0.03514	0.01310	0.02200	-0.00471	-0.00263	-0.01424	-0.01984	0.02017	(Member $x0 city)
p200873	-0.01292	0.00320	-0.00864	-0.00707	-0.02560	-0.00917	0.00344	0.00798	-0.03665	0.01977	-0.03585	-0.02786	-0.01858	-0.03367	0.01969	0.00486	0.01340	0.00421	-0.03851	-0.00580	-0.03486	0.03831	-0.01113	-0.00159	0.00688	0.01730	-0.03089	-0.01070	-0.03377	0.00161	0.00881	0.02174	(Member $x0 dog)
p200874	-0.01247	0.03949	-0.02640	0.04107	0.00017	-0.02631	0.01084	0.00134	-0.02961	0.03388	0.01396	0.01865	-0.00274	0.01744	0.02415	0.01180	-0.00289	-0.02335	-0.04465	-0.02154	-0.01734	0.03692	-0.02192	-0.07205	-0.00603	-0.01631	0.03635	0.04143	0.04507	-0.00701	0.02044	-0.01064	(Member $x0 old)
p200875	0.01182	-0.00984	-0.00809	0.01073	0.00280	0.00207	-0.01229	0.02429	0.00191	-0.01233	0.00827	-0.01667	-0.02046	0.02183	0.00093	0.01717	-0.00710	-0.00235	-0.00846	0.00102	0.00653	-0.01595	0.01825	0.00127	0.03027	0.03439	-0.01791	0.00002	0.00566	0.00443	-0.01367	-0.01176	(Member $x0 road)
p200876	0.04661	-0.06509	0.02352	-0.01231	-0.02905	-0.01944	0.03126	-0.01229	0.02461	0.08822	0.03662	0.01054	0.05105	-0.03311	0.02566	0.01812	-0.04393	-0.02041	-0.05950	0.04199	0.05675	-0.02299	-0.01416	-0.06263	-0.04002	0.05244	-0.01407	0.04193	0.05043	0.07941	-0.00638	-0.04135	(Only $x0 $e0)
p200877	-0.06621	0.01799	0.01863	-0.04255	-0.02420	-0.02657	-0.00326	-0.03032	-0.05200	0.00639	-0.01278	0.03318	0.00953	0.03318	0.00134	0.03008	0.01693	-0.03535	-0.02648	0.00912	-0.00485	0.00693	0.03449	0.00861	-0.03454	0.02930	-0.04488	-0.03857	-0.01683	0.04126	0.01195	-0.06676	(Probably $e0)
p200938	-0.12276	-0.03744	-0.05868	0.14956	-0.00487	-0.03215	0.03034	-0.02583	-0.05937	0.07992	0.05408	-0.04567	0.04755	0.02150	-0.03232	-0.06830	0.07961	0.07090	0.10029	0.36027	-0.04168	-0.13208	-0.10332	0.03807	0.10650	-0.18104	-0.11994	0.10575	0.04153	0.04785	0.01606	-0.10294	(And (Agent $e0 $x0) (Ongoing $e0) (Theme $e1 $e0))
p200961	0.10419	-0.03581	-0.08187	-0.09022	0.06620	0.04990	-0.01436	0.01601	-0.11572	-0.06707	-0.07464	0.00768	0.00181	0.03240	-0.05769	0.05430	0.07353	-0.08181	-0.05965	-0.02261	-0.05593	-0.01910	-0.03376	-0.11693	-0.00870	0.09259	-0.09872	0.04910	-0.10691	0.10505	-0.05400	0.07419	(And (Agent $e0 $x0) (GroupOf $x0 child))
p200962	0.08110	-0.06072	0.22069	-0.16290	-0.08973	0.03715	-0.05297	-0.01289	0.08793	0.06401	0.16800	0.27265	-0.14442	0.15138	-0.09341	-0.08206	-0.10118	0.11352	-0.15981	-0.05808	0.00283	-0.13756	-0.03588	0.07096	0.20513	-0.18989	0.14089	-0.06445	-0.05312	0.23041	0.18926	0.19769	(And (Agent $e0 $x0) (GroupOf $x0 person))
p200963	0.07501	-0.03837	0.24983	0.11139	-0.00538	0.11224	-0.04264	0.05610	-0.19813	-0.08958	-0.03407	-0.00638	0.17644	-0.03783	-0.00892	-0.08176	-0.01892	0.10695	-0.04699	-0.04904	0.12812	0.03783	-0.05094	-0.05115	-0.07118	-0.13564	-0.01200	-0.11540	0.20290	-0.02329	-0.07409	0.04547	(And (Agent $e0 $x0) (Member $e0 make))
p200964	-0.12238	-0.17068	0.22775	-0.13826	0.18890	0.02595	0.22951	0.00147	0.16546	0.06348	-0.02999	-0.09676	-0.08847	0.01468	-0.14244	0.20356	-0.15432	-0.09784	0.05528	-0.08860	0.10949	0.17773	-0.08165	-0.09589	0.14759	0.04803	-0.06256	0.25335	0.22391	-0.07483	0.10199	-0.18633	(And (Cardinality $x0 <num>) (Theme $e0 $x0))
p200965	-0.03810	-0.00351	-0.00086	-0.07442	-0.07979	0.20842	-0.02127	0.17992	0.17530	-0.04345	-0.08664	-0.03847	0.15272	-0.01920	0.00510	0.02631	0.02394	0.06122	0.01121	-0.03336	-0.08707	-0.10849	-0.05952	-0.01267	-0.06719	-0.02193	0.01925	0.04821	-0.02161	0.00270	0.02883	-0.06113	(And (Future $e0) (Theme $e0 $x0))
p200966	-0.04273	0.02139	0.00426	0.04478	-0.00622	-0.02086	-0.02843	-0.02475	-0.07257	0.05331	-0.01403	0.09359	-0.07148	-0.03703	-0.04978	0.04908	0.00503	-0.00805	0.03478	-0.00013	-0.00887	-0.03552	0.01485	-0.00561	0.00716	0.01650	-0.05327	-0.01046	-0.03599	-0.01311	0.04460	-0.03671	(And (Instrument $e0 $x0) (Patient $e0 $x1))
p200967	0.19312	-0.02195	-0.00557	0.04120	0.10975	-0.08399	0.03544	-0.04740	0.05674	0.02695	-0.03731	-0.13687	0.06645	-0.03990	-0.01516	-0.07046	0.08363	0.03069	-0.01010	-0.05322	-0.09136	0.04367	0.02525	-0.06281	0.07068	0.03195	0.09504	-0.03634	-0.06237	0.01066	0.02814	0.07666	(And (Manner $e0 quickly) (Patient $e0 $x0))
p200968	-0.02088	0.06162	0.04578	0.06565	-0.08947	-0.03122	0.08252	-0.05430	0.02554	0.00784	0.08899	-0.19888	0.08887	-0.05681	-0.15167	0.19221	0.14232	-0.13810	0.22928	0.11999	-0.04823	-0.02321	-0.02577	0.16545	0.12294	-0.03334	-0.04352	-0.14035	0.18467	0.19497	0.12672	0.13752	(And (Member $e0 begin) (Past $e0))
p200969	-0.16324	0.04612	0.09170	-0.01985	0.12525	0.30367	-0.04408	0.05648	0.09285	-0.11231	0.16805	0.05529	-0.09424	-0.07565	-0.13941	-0.12623	0.10643	-0.07639	-0.09213	0.35794	0.03315	0.29900	0.16812	-0.07224	-0.07405	0.11552	-0.01718	-0.17864	-0.08078	-0.05933	0.12202	0.03775	(And (Member $e0 hear) (Past $e0))
p200970	-0.04711	-0.02359	0.07034	-0.02631	0.06101	0.07200	0.14345	0.01021	0.05683	-0.00181	0.06701	0.01806	-0.08893	0.07288	-0.00596	-0.08753	-0.07151	-0.06096	0.06494	-0.09798	-0.00504	-0.12373	0.19007	0.18763	-0.17028	0.13885	0.08604	0.06532	0.01354	-0.05480	-0.15897	0.05417	(And (Member $e0 try) (Past $e0))
p200971	-0.04025	-0.06533	0.07033	-0.02764	0.07779	0.07367	0.18196	0.00052	0.01940	-0.01566	0.04028	0.04384	-0.10944	0.08640	-0.02353	-0.08219	-0.05830	-0.07584	0.08129	-0.09928	-0.02659	-0.11578	0.21244	0.14105	-0.19270	0.14435	0.09710	0.05769	0.00572	-0.03662	-0.18894	0.11270	(And (Member $e0 try) (Theme $e0 $e1))
p200972	-0.10998	0.10062	-0.00204	0.02498	-0.01423	-0.04887	0.02797	0.00041	-0.10249	0.01502	-0.00002	0.16601	-0.05724	-0.04075	-0.02512	0.06002	-0.02006	-0.01550	0.06289	0.00775	0.06831	-0.01603	-0.00875	-0.02374	0.02580	-0.01233	-0.06009	-0.00393	-0.03739	-0.01645	0.04490	-0.04845	(And (Obligated $e0) (Patient $e0 $x0))
p200973	-0.16122	0.04933	0.08933	-0.04135	0.10779	0.29877	-0.01813	0.06601	0.08731	-0.13115	0.16572	0.04603	-0.08700	-0.07086	-0.14462	-0.14325	0.11543	-0.07719	-0.09298	0.36207	0.04932	0.29520	0.15055	-0.06367	-0.07537	0.12873	-0.01224	-0.16591	-0.07985	-0.05476	0.11132	0.04018	(And (Past $e0) (Stimulus $e0 $x0))
p200974	0.00198	-0.01026	0.02332	-0.05835	-0.02689	0.00252	-0.02346	-0.01679	-0.08247	0.02778	0.08149	0.16679	-0.04391	-0.05367	-0.07015	0.03455	-0.01340	0.07510	-0.01984	-0.02500	0.05544	-0.00361	-0.01496	-0.02534	0.05125	-0.03417	-0.06314	-0.00558	-0.06008	0.04910	0.04134	0.08374	(And (Past $e0) (To $e0 $e1))
p200975	-0.02717	0.10195	0.00901	-0.04076	-0.03522	0.10869	-0.06176	-0.04721	0.03324	-0.01399	-0.02698	-0.03526	-0.07588	-0.01977	0.12992	-0.00260	0.10285	0.00659	-0.01096	-0.04624	0.08668	-0.06586	0.25064	-0.10300	0.17503	-0.10063	-0.06692	0.07910	0.06228	0.03267	-0.15960	0.01800	(And (Patient $e0 $x0) (Source $e0 $x1))
p200995	-0.03740	0.00817	0.00556	-0.02458	0.02204	0.06805	-0.04060	0.01668	-0.01467	-0.02304	0.05865	0.05248	-0.02761	-0.03555	-0.03898	-0.01191	0.02590	0.00022	-0.01724	0.07223	-0.00062	0.05275	0.05303	-0.00521	0.02566	0.05532	-0.03044	-0.04581	-0.02571	-0.04306	0.03155	-0.00732	(Again $e0)
p200996	0.06102	-0.00449	0.02319	0.04604	0.00912	0.01852	-0.04287	0.01499	-0.01219	-0.01220	0.01839	0.01536	-0.00168	0.03100	0.00145	0.05678	-0.02365	0.00861	0.01496	0.06555	0.04222	-0.00259	-0.01458	-0.03267	-0.01830	-0.00751	0.01388	-0.01574	-0.00600	0.02288	-0.04944	0.00974	(Member $e0 live)
p200997	0.01982	0.00869	0.07028	0.02354	0.05611	0.05573	-0.02668	0.06188	0.01685	-0.02343	-0.00283	-0.00205	-0.00130	0.03232	0.14304	-0.01762	0.01368	0.05969	-0.00600	0.07779	0.00031	-0.13021	-0.06703	0.05750	-0.04208	-0.07200	-0.03098	0.00727	-0.01111	-0.02808	-0.02096	-0.12541	(Member $e0 walk)
p200998	-0.03741	0.00264	-0.01961	-0.01253	0.01120	-0.00818	-0.03039	-0.01004	0.00327	0.02176	-0.03919	0.02224	-0.01372	-0.00274	0.01375	0.03561	0.04733	0.01322	-0.01786	0.03182	0.04007	-0.02715	0.02708	0.00232	-0.00842	-0.04490	0.06059	-0.01517	0.04118	-0.02181	-0.01457	0.03392	(Member $x0 garden)
p200999	0.00432	0.02155	-0.02837	-0.02554	0.02221	-0.00069	-0.00768	-0.00042	0.01982	0.02789	0.01054	0.02639	0.01214	-0.02141	0.00842	0.03040	-0.01258	0.00925	-0.00642	-0.06212	0.01308	0.02877	0.06203	0.03330	0.04482	-0.01846	0.00258	-0.01886	0.00391	0.00190	-0.05079	-0.00448	(Member $x0 sky)
p201000	-0.06987	0.04145	-0.01289	0.03675	-0.02597	0.04396	-0.02919	0.05287	0.04423	0.00102	-0.01414	0.00410	0.06935	-0.01950	-0.01036	0.03868	-0.04814	0.00190	0.03542	-0.00386	-0.02516	-0.02503	0.01196	-0.01064	-0.03490	-0.02248	0.02309	0.03271	-0.02026	0.00869	0.04673	-0.03588	(Time $e0 (Hour <num>))
p201001	-0.00979	0.04080	0.02676	-0.04529	-0.02401	-0.00664	0.02926	0.02615	0.02157	-0.01998	0.02501	-0.01712	0.02716	0.02623	-0.02218	0.01344	0.05725	-0.00503	0.02167	-0.00033	-0.00862	-0.00527	-0.00005	0.05018	0.00997	0.03116	-0.00691	-0.05887	0.02782	0.00745	0.00741	-0.00509	(To $e0 $x0)
p201003	-0.13403	-0.03393	-0.04352	0.15493	-0.02051	-0.03997	0.02422	-0.02849	-0.04331	0.08431	0.07366	-0.04502	0.04886	0.01882	-0.02196	-0.05917	0.07395	0.08258	0.09835	0.34937	-0.02788	-0.12318	-0.09460	0.05588	0.10777	-0.17726	-0.10958	0.08597	0.05205	0.03234	0.02214	-0.11881	(And (Agent $e0 $x0) (Ongoing $e0) (Past $e1) (Theme $e1 $e0))
p201004	-0.13403	-0.03393	-0.04352	0.15493	-0.02051	-0.03997	0.02422	-0.02849	-0.04331	0.08431	0.07366	-0.04502	0.04886	0.01882	-0.02196	-0.05917	0.07395	0.08258	0.09835	0.34937	-0.02788	-0.12318	-0.09460	0.05588	0.10777	-0.17726	-0.10958	0.08597	0.05205	0.03234	0.02214	-0.11881	(And (Agent $e0 $x0) (Ongoing $e1) (Past $e0) (Theme $e0 $e1))
p201005	-0.02425	0.05898	0.04296	0.06004	-0.08539	-0.02680	0.08355	-0.04859	0.02239	0.00353	0.08962	-0.19094	0.08766	-0.05292	-0.14146	0.18629	0.13391	-0.13207	0.22164	0.11894	-0.04608	-0.02191	-0.02557	0.16180	0.12011	-0.03471	-0.04192	-0.13846	0.18394	0.18941	0.11952	0.13509	(And (Member $e0 begin) (Ongoing $e1) (Past $e0) (Theme $e0 $e1))
p201054	0.06387	-0.04162	0.17534	-0.13590	-0.08205	0.02748	-0.04423	-0.00397	0.07910	0.04795	0.13497	0.22025	-0.10677	0.12929	-0.06254	-0.07396	-0.08272	0.07980	-0.12651	-0.04697	-0.00026	-0.11524	-0.03147	0.07663	0.16264	-0.15763	0.13116	-0.05607	-0.04236	0.19057	0.14841	0.15347	(And (Agent $e0 $x0) (GroupOf $x0 person) (Past $e0))
p201055	-0.02425	0.05898	0.04296	0.06004	-0.08539	-0.02680	0.08355	-0.04859	0.02239	0.00353	0.08962	-0.19094	0.08766	-0.05292	-0.14146	0.18629	0.13391	-0.13207	0.22164	0.11894	-0.04608	-0.02191	-0.02557	0.16180	0.12011	-0.03471	-0.04192	-0.13846	0.18394	0.18941	0.11952	0.13509	(And (Member $e0 begin) (Ongoing $e1) (Theme $e0 $e1))
p201056	0.01610	-0.07744	-0.03107	0.03749	0.10150	-0.05299	0.12715	-0.02780	0.00508	0.03785	0.02098	0.07459	0.03483	-0.01281	-0.02670	0.02682	-0.06063	0.05304	0.05386	-0.08097	-0.02878	0.05324	0.13878	0.10036	0.04888	-0.01105	0.10044	-0.03848	-0.06527	0.01339	-0.12994	0.00953	(And (Past $e0) (Patient $e1 $x0) (Theme $e0 $e1))
p201108	0.05020	-0.03702	0.23270	0.09963	-0.00949	0.10190	-0.03461	0.05400	-0.17736	-0.08539	-0.03386	0.00304	0.15994	-0.03322	-0.00457	-0.07033	-0.01733	0.09393	-0.03262	-0.04390	0.11491	0.04212	-0.04344	-0.04977	-0.07049	-0.13293	-0.01058	-0.10364	0.17673	-0.02097	-0.06625	0.03824	(And (Agent $e0 $x0) (Member $e0 make) (Patient $e0 $x1))
p201109	-0.01169	0.00873	0.06471	0.06891	0.13358	-0.01766	-0.02518	-0.04398	-0.08915	-0.02817	-0.01509	0.08270	0.06019	0.03426	0.00745	-0.09242	-0.07689	0.03800	0.02738	0.03015	0.10684	0.06977	-0.00609	0.00236	-0.06429	-0.14344	-0.03396	0.00009	0.10066	0.01601	-0.04384	-0.00245	(And (Agent $e0 $x0) (Ongoing $e0) (Patient $e0 $x1))
p201110	0.15340	-0.00469	0.01563	0.04358	0.08194	-0.06561	0.01740	-0.04354	0.04196	0.03140	-0.03759	-0.13995	0.04141	-0.02969	-0.00591	-0.08318	0.08583	-0.00087	0.00060	-0.01860	-0.08180	0.00559	0.00537	-0.07626	0.02767	0.03791	0.07328	-0.00831	-0.04115	0.00797	0.04855	0.07328	(And (Manner $e0 quickly) (Past $e0) (Patient $e0 $x0))
p201111	-0.02425	0.05898	0.04296	0.06004	-0.08539	-0.02680	0.08355	-0.04859	0.02239	0.00353	0.08962	-0.19094	0.08766	-0.05292	-0.14146	0.18629	0.13391	-0.13207	0.22164	0.11894	-0.04608	-0.02191	-0.02557	0.16180	0.12011	-0.03471	-0.04192	-0.13846	0.18394	0.18941	0.11952	0.13509	(And (Member $e0 begin) (Past $e0) (Theme $e0 $e1))
p201112	0.05701	-0.06789	-0.11111	-0.01163	0.11181	-0.02727	0.08380	0.01717	0.07208	-0.03786	-0.04517	0.06154	0.15208	-0.06572	-0.02807	0.11703	-0.05689	0.10015	0.01160	-0.11803	-0.05010	0.13658	0.07772	0.08831	0.14404	-0.08492	0.08492	-0.08323	-0.08447	0.07730	-0.07960	-0.02966	(And (Ongoing $e0) (Patient $e0 $x0) (Theme $e1 $e0))
p201138	-0.03277	0.00942	0.00409	-0.02032	0.02317	0.06986	-0.03710	0.01468	-0.01130	-0.01911	0.05839	0.05364	-0.03135	-0.04408	-0.03760	-0.01081	0.02454	0.00260	-0.01789	0.06943	0.00200	0.05104	0.04687	-0.00454	0.02591	0.05482	-0.02918	-0.04339	-0.02529	-0.04302	0.03001	-0.00308	(And (Again $e0) (Past $e0))
p201140	0.06057	0.04926	0.03527	-0.00500	-0.01464	0.01435	0.11996	0.04126	-0.04392	0.00053	-0.03196	-0.00471	0.04342	-0.00426	-0.02503	-0.04752	0.02424	0.03154	0.02250	-0.03828	0.11154	-0.02159	-0.03613	-0.05035	0.02577	-0.00524	0.01550	-0.03473	-0.05531	-0.01800	-0.00966	0.01932	(And (Agent $e0 $x0) (Member $x0 thing))
p201141	0.05204	0.01408	0.04116	0.04391	0.12902	-0.01632	-0.00560	-0.00503	0.02356	-0.00174	0.00356	-0.05275	-0.01632	-0.03135	0.05123	-0.02770	0.05900	-0.02125	0.04525	0.01252	-0.05830	-0.02237	0.01858	-0.06020	-0.00281	0.00228	0.04435	-0.04333	-0.04174	0.01778	0.09474	0.01823	(And (Goal $e0 $x0) (Patient $e0 $x1))
p201142	0.01917	0.02846	0.01983	-0.01835	0.00121	0.01749	-0.01186	0.00320	0.03922	-0.05924	-0.02958	-0.00972	0.03477	-0.02060	0.01637	-0.03988	-0.05673	0.04342	0.08371	0.06728	-0.07175	0.01508	-0.01249	-0.02169	-0.02093	0.00320	0.06804	0.05168	0.04831	0.03849	-0.02360	0.03386	(And (Location $e0 $x0) (Theme $e0 $x1))
p201143	-0.02425	0.05898	0.04296	0.06004	-0.08539	-0.02680	0.08355	-0.04859	0.02239	0.00353	0.08962	-0.19094	0.08766	-0.05292	-0.14146	0.18629	0.13391	-0.13207	0.22164	0.11894	-0.04608	-0.02191	-0.02557	0.16180	0.12011	-0.03471	-0.04192	-0.13846	0.18394	0.18941	0.11952	0.13509	(And (Member $e0 begin) (Theme $e0 $e1))
p201144	-0.04192	0.06860	0.07744	-0.02040	0.05145	0.00254	-0.03528	-0.02549	-0.04052	0.00986	0.05425	-0.07776	0.07634	-0.07925	0.08556	0.04296	0.06624	0.01213	-0.06857	-0.03370	-0.05756	-0.02699	0.08271	-0.09303	0.10164	0.08934	0.05839	-0.01407	0.01003	-0.03596	0.00731	-0.03096	(And (Member $e0 come) (Past $e0))
p201145	-0.03241	0.04749	0.02555	-0.01546	-0.02590	0.06154	-0.03842	-0.02655	-0.02831	0.01130	-0.03231	-0.00895	-0.05696	-0.03551	0.00343	-0.00259	0.06556	-0.01141	-0.04238	-0.01673	0.01189	-0.05652	0.13754	-0.05085	0.10648	0.00469	-0.03111	0.04831	0.02286	0.00651	-0.06376	-0.03534	(And (Member $e0 fall) (Patient $e0 $x0))
p201146	-0.13977	0.02125	0.08134	-0.03953	0.10857	0.29595	-0.02226	0.06098	0.09938	-0.12678	0.15842	0.04312	-0.08537	-0.05297	-0.12901	-0.13466	0.11837	-0.05810	-0.11066	0.34335	0.02293	0.29667	0.14981	-0.04654	-0.05626	0.11185	-0.02257	-0.18625	-0.07078	-0.06528	0.09143	0.03027	(And (Member $e0 hear) (Stimulus $e0 $x0))
p201147	-0.00311	-0.02650	0.05731	-0.00356	-0.02992	-0.01063	-0.00513	-0.00963	0.04832	-0.00460	0.00285	0.03347	-0.03114	0.04151	-0.01817	-0.04489	0.02311	-0.00310	-0.03298	0.00445	-0.02662	-0.02569	-0.02865	0.01579	-0.01576	-0.03035	-0.00228	0.01447	-0.02729	0.05097	0.04967	0.01939	(And (Member $e0 kill) (Patient $e0 $x0))
p201148	0.12707	-0.01024	0.19119	0.09731	-0.00944	0.07591	-0.04259	0.02452	-0.12259	-0.05747	0.03907	-0.05055	0.11829	-0.01550	-0.01960	0.00806	-0.02444	0.08049	-0.05263	-0.03776	0.11054	-0.01556	-0.03571	0.06713	-0.04859	-0.03337	-0.00587	-0.11405	0.19752	0.02276	-0.08512	0.00536	(And (Member $e0 make) (Ongoing $e0))
p201149	0.14258	-0.05509	0.13253	0.10064	-0.05634	0.07859	-0.05222	0.09362	-0.14633	-0.05116	0.03388	-0.03278	0.08090	-0.05094	-0.01459	-0.01258	-0.02153	0.12843	-0.09400	-0.03874	0.08103	-0.06263	-0.03765	0.03386	0.00777	0.04583	-0.01183	-0.09004	0.15239	-0.02943	-0.08482	0.00224	(And (Member $e0 make) (Result $e0 $e1))
p201150	-0.01731	-0.01768	-0.05122	-0.00397	0.00679	-0.00311	0.01993	0.00215	-0.02438	-0.02472	-0.02710	0.04791	0.00240	-0.01783	0.03455	-0.06586	-0.00627	0.04915	0.03542	0.04165	0.03636	-0.01142	-0.01449	-0.01898	0.02045	-0.08720	-0.02863	0.09450	-0.03753	0.03252	-0.04663	-0.05030	(And (Member $e0 take) (Past $e0))
p201151	0.00885	0.00220	0.07700	0.03344	0.03976	0.04941	-0.02096	0.05692	0.02338	-0.01344	0.01399	-0.00279	0.00017	0.02406	0.14072	-0.01169	0.01153	0.06856	-0.00243	0.07344	0.00678	-0.12384	-0.05707	0.06450	-0.04223	-0.06965	-0.02395	-0.00287	-0.00631	-0.03688	-0.01602	-0.12662	(And (Member $e0 walk) (Past $e0))
p201152	-0.02256	0.05618	-0.00910	-0.03109	-0.07184	0.00082	0.13156	0.01089	0.01903	0.04081	-0.04803	0.06787	0.05623	-0.05482	0.03205	-0.01632	0.00192	-0.04654	0.01243	0.04300	0.09415	-0.06792	-0.03553	-0.05780	-0.03598	0.02074	-0.00073	0.00843	-0.05895	0.04345	0.04952	-0.08750	(And (Member $x0 thing) (Patient $e0 $x0))
p201153	0.23740	-0.15232	-0.02928	-0.07806	-0.13588	0.01426	0.10401	-0.15808	0.10777	0.15737	0.01297	0.00720	0.16452	-0.10183	0.15551	-0.08677	-0.04098	0.00804	-0.14253	0.11836	0.13039	-0.11076	-0.00799	-0.08314	-0.15382	0.14590	-0.06855	-0.04450	0.14998	0.09631	0.00707	-0.04686	(And (Ongoing $e0) (Result $e0 $e1))
p201154	-0.03259	0.00015	-0.05923	-0.04291	-0.01562	-0.00068	-0.03340	-0.02864	-0.04518	0.04292	-0.05023	0.03579	0.03427	-0.06195	-0.04357	0.07774	0.03593	-0.01724	-0.03468	-0.02735	0.01961	-0.02444	-0.01600	0.02507	0.00049	0.02047	0.00706	0.01610	-0.03362	-0.03084	0.02222	0.01104	(And (Past $e0) (Through $e0 $x0))
p201155	-0.00351	0.01064	-0.01518	0.00213	-0.01060	-0.02497	-0.02273	-0.03338	-0.02138	0.06222	-0.02486	0.03896	-0.03464	0.03314	-0.01550	0.01305	0.03058	0.04606	0.03646	-0.01260	0.02673	-0.00354	0.00949	0.02575	-0.01439	-0.00203	-0.00875	-0.05303	0.01182	-0.04965	-0.01131	-0.00245	(And (Possession $x0 $x1) (Theme $e0 $x0))
p201171	0.01462	-0.01123	0.01982	-0.00996	-0.01422	-0.02961	-0.01447	-0.01206	0.01721	0.00727	0.01633	0.00613	0.01617	0.04526	-0.01283	-0.01757	-0.00555	0.00587	0.00347	-0.00270	0.00578	0.00299	0.00485	0.01298	-0.00272	-0.02698	0.00749	0.00768	-0.01041	0.00559	0.01804	0.00789	(In $e0 $x0)
p201172	-0.02467	0.01823	0.00862	0.02588	0.02014	-0.01382	-0.01129	-0.03218	0.00670	0.02418	0.01313	0.02654	-0.00181	-0.00061	-0.02264	-0.00090	-0.02122	-0.02180	0.01496	0.00267	0.02355	0.01067	0.02305	0.02020	-0.04429	0.00565	-0.01641	0.01479	-0.00446	0.00147	0.00353	-0.01203	(Member $e0 change)
p201173	-0.00296	-0.02633	0.05746	-0.00340	-0.02976	-0.01047	-0.00498	-0.00948	0.04850	-0.00446	0.00302	0.03363	-0.03099	0.04168	-0.01802	-0.04472	0.02325	-0.00296	-0.03283	0.00460	-0.02647	-0.02554	-0.02849	0.01594	-0.01560	-0.03019	-0.00211	0.01461	-0.02714	0.05111	0.04983	0.01953	(Member $e0 kill)
p201174	-0.05534	0.05696	-0.06324	0.10193	0.03365	0.02565	-0.01433	0.11636	0.11209	-0.02867	-0.00812	0.03016	-0.02593	0.00314	0.04087	0.02956	-0.09858	-0.02286	0.09781	0.01178	0.00896	-0.04546	-0.01488	0.03580	-0.02183	-0.04157	0.03599	0.06623	-0.00737	0.01273	0.07582	-0.02529	(Member $e0 open)
p201175	-0.04381	0.01196	0.02360	-0.04498	-0.02946	-0.01632	-0.00206	0.03122	-0.07122	-0.00769	-0.02708	-0.01423	-0.02298	0.00533	-0.00117	0.02354	0.03326	-0.01468	-0.07695	0.00242	-0.04969	0.00231	0.01495	0.02857	-0.01490	0.02898	-0.05877	-0.00899	-0.03278	0.00446	0.02348	-0.02084	(Member $e0 sleep)
p201176	0.06445	-0.01925	-0.04023	0.04589	0.05937	-0.01188	-0.01498	0.06061	-0.07278	-0.00598	-0.04292	-0.00770	-0.06377	-0.07043	-0.04627	-0.06269	0.02765	-0.01379	-0.00772	0.00501	-0.07384	0.00102	0.04152	-0.00489	0.11571	0.10595	0.05425	-0.05053	0.00630	-0.03391	0.07139	0.02720	(Member $e0 turn)
p201177	0.03424	-0.00772	0.07105	0.05023	0.00691	0.00891	-0.00529	0.00001	-0.05465	-0.01491	-0.00222	-0.00724	0.04677	-0.00033	-0.00427	-0.01304	0.00040	0.02992	-0.02094	0.00274	0.07131	0.00291	-0.01685	-0.02569	-0.03571	-0.03777	0.00936	-0.02935	0.04599	0.00352	-0.03047	0.01436	(Member $x0 big)
p201178	-0.02824	-0.02335	0.00354	0.01945	0.01824	-0.00891	0.01945	0.00438	-0.00358	0.00139	0.01346	-0.00696	-0.02261	0.02889	-0.00782	0.00531	-0.03261	-0.02230	0.00191	-0.01520	0.01855	0.00518	0.02191	0.03608	-0.04157	0.06329	-0.01201	0.02642	-0.02411	0.02662	-0.04168	0.00732	(Member $x0 company)
p201179	-0.01514	0.00785	0.00287	-0.00188	0.01059	0.00902	-0.01310	0.00839	0.00377	0.01130	0.01341	0.01635	-0.00767	-0.01277	-0.01366	-0.01989	0.00938	-0.00753	0.00237	0.02594	-0.01395	0.02943	0.00696	-0.01048	-0.01427	0.00127	0.00138	-0.00689	0.00607	0.00063	0.00042	0.00293	(Member $x0 food)
p201180	-0.01660	0.00455	0.03204	-0.02020	0.05628	-0.02781	-0.01854	0.02392	-0.00016	0.05304	-0.00433	0.00744	0.00944	-0.00259	0.03760	0.03816	0.03077	-0.00904	0.00733	0.01473	-0.00013	-0.00900	0.00929	-0.01524	-0.00750	-0.02196	0.04706	-0.02024	0.01813	-0.02066	0.00835	-0.00917	(Member $x0 town)
p201181	0.01617	0.01681	-0.01262	0.01883	0.01359	-0.00685	-0.02495	-0.00862	-0.00236	0.01230	-0.00553	0.00441	0.00228	0.00594	-0.01815	0.02961	-0.00390	-0.01136	-0.00102	0.03012	0.01059	-0.00602	-0.00432	-0.01055	-0.00806	0.01647	0.01445	0.01064	-0.01651	0.00421	-0.00940	0.00322	(Member $x0 water)
p201182	-0.03279	-0.00006	-0.05944	-0.04313	-0.01583	-0.00089	-0.03362	-0.02885	-0.04542	0.04270	-0.05044	0.03557	0.03406	-0.06218	-0.04378	0.07753	0.03573	-0.01744	-0.03490	-0.02755	0.01940	-0.02463	-0.01622	0.02484	0.00029	0.02025	0.00684	0.01588	-0.03381	-0.03103	0.02201	0.01086	(Through $e0 $x0)
p201253	-0.01387	0.03360	-0.09252	0.09755	0.07651	-0.03374	-0.00123	0.15124	0.14794	-0.08297	0.01711	0.02226	-0.06716	0.04904	0.10314	0.01162	-0.09634	-0.02161	0.11974	0.01748	0.03562	-0.02525	-0.03788	0.06342	0.02534	-0.01824	0.01844	0.06249	0.02521	0.00155	0.07261	0.03753	(And (Member $x0 door) (Past $e0) (Patient $e0 $x0))
p201309	-0.01620	0.00533	0.09790	0.02526	-0.09964	-0.11421	0.19976	0.17274	-0.09054	0.17111	-0.03842	-0.13506	-0.20436	-0.26411	0.13348	0.11005	-0.06140	0.19256	-0.15451	0.03447	-0.07486	0.08803	0.07131	-0.03270	-0.01572	-0.09307	-0.14750	0.04140	-0.16921	-0.04202	0.10963	0.26546	(And (Experiencer $e0 $x0) (Location $e0 $x1) (Ongoing $e0))
p201310	0.01933	0.02461	0.10244	0.05542	-0.10571	-0.14137	0.18781	0.12765	-0.06144	0.21609	-0.02859	-0.13012	-0.14873	-0.23782	0.09745	0.06616	-0.09339	0.21640	-0.07107	0.03930	-0.05453	0.10407	0.07982	-0.00658	-0.04844	-0.12752	-0.08779	0.03040	-0.13915	-0.11765	0.12085	0.25050	(And (Experiencer $e0 $x0) (Location $e0 $x1) (Past $e0))
p201311	0.01276	0.02971	0.02264	-0.00742	0.01083	-0.02112	-0.00801	-0.02040	0.01233	-0.04525	-0.00697	0.00191	0.00890	-0.02149	0.01652	-0.04321	-0.05707	0.03562	0.07483	0.06788	-0.05681	0.03040	-0.00406	-0.01444	-0.01158	0.00356	0.06401	0.04645	0.05808	0.03586	-0.02443	0.03854	(And (Location $e0 $x0) (Past $e0) (Theme $e0 $x1))
p201312	-0.14154	0.03498	0.08146	-0.02935	0.09536	0.26729	-0.03113	0.05312	0.08351	-0.10448	0.14197	0.03829	-0.08311	-0.05557	-0.12275	-0.11748	0.10041	-0.06929	-0.08721	0.31847	0.03111	0.25910	0.13983	-0.05442	-0.06548	0.10908	-0.01509	-0.15759	-0.06246	-0.05548	0.09611	0.03789	(And (Member $e0 hear) (Past $e0) (Stimulus $e0 $x0))
p201313	-0.00967	0.07307	0.00706	-0.04294	-0.03554	0.09431	-0.04530	-0.03544	0.03393	-0.01843	-0.02939	-0.04408	-0.06722	-0.01158	0.10921	-0.01781	0.10092	0.00682	-0.01137	-0.04056	0.06943	-0.05933	0.20315	-0.08834	0.15440	-0.08206	-0.05834	0.07826	0.04998	0.01840	-0.13872	0.01993	(And (Past $e0) (Patient $e0 $x0) (Source $e0 $x1))
p201341	-0.03892	0.05108	0.07360	-0.01642	0.06227	-0.01477	-0.02387	-0.01833	-0.04453	0.01284	0.05307	-0.07323	0.08829	-0.07924	0.06616	0.04099	0.04668	0.01157	-0.06713	-0.02982	-0.07046	-0.01384	0.04660	-0.08720	0.08273	0.10025	0.06611	-0.02219	0.00160	-0.03625	0.03244	-0.01846	(And (Agent $e0 $x0) (Member $e0 come))
p201342	-0.07012	-0.08594	0.18873	0.10592	0.16230	-0.00545	0.10410	-0.04373	-0.03002	0.10118	0.09050	0.04919	-0.08679	0.10057	0.00074	-0.16104	-0.17135	-0.02278	0.16807	-0.04872	0.14443	-0.07917	0.27164	0.19726	-0.26399	0.08497	0.14772	0.01436	0.01207	-0.04598	-0.20738	0.08782	(And (Agent $e0 $x0) (Member $x0 man))
p201343	-0.02587	0.06622	-0.03924	0.00109	-0.05696	0.07720	-0.04274	-0.02193	0.03386	0.01025	0.00819	-0.06576	-0.03697	-0.01505	0.11331	0.01357	0.06206	-0.01431	0.07471	0.01654	0.07724	-0.01827	0.14750	-0.02217	0.14028	-0.10890	-0.05490	0.00317	0.07609	0.06218	-0.08347	0.07393	(And (Agent $e0 $x0) (Source $e0 $x1))
p201344	-0.07194	-0.03803	0.09817	-0.07708	-0.00512	0.03137	0.03306	-0.02287	-0.02600	-0.02212	-0.04025	-0.04473	-0.03091	-0.03563	-0.01712	0.01723	0.00436	-0.03042	-0.08284	-0.01987	-0.01826	-0.02881	0.02154	-0.04267	0.08622	0.01646	0.00105	0.13346	0.05419	0.02175	-0.03417	-0.06827	(And (Cardinality $x0 <num>) (SubsetOf $x0 $x1))
p201345	0.00142	-0.03746	0.07073	-0.06362	-0.01687	-0.01453	-0.02651	0.01653	0.02283	-0.04500	0.03459	0.03648	-0.00607	0.12033	-0.01631	-0.05132	-0.01926	0.01466	-0.02007	0.00776	-0.02051	-0.03924	0.01947	0.01931	0.01182	-0.07013	0.04415	0.00444	0.00283	0.08875	0.05795	0.01512	(And (Experiencer $e0 $x0) (GroupOf $x0 person))
p201346	-0.01313	-0.06855	-0.00365	-0.07930	-0.03283	0.04183	0.04784	0.01879	-0.09172	-0.05030	-0.04873	0.01913	0.02071	0.06978	-0.04771	0.05593	0.06630	-0.04732	-0.00979	-0.06340	-0.07713	-0.00576	0.06535	-0.02636	-0.06695	0.04245	-0.06470	-0.02289	-0.05516	0.03312	-0.02869	0.01150	(And (Experiencer $e0 $x0) (Theme $e0 $e1))
p201347	0.01076	-0.11535	0.00558	-0.11738	0.05355	0.03734	-0.01388	-0.00841	-0.09013	-0.03757	-0.03813	0.12221	-0.06483	-0.04043	0.07409	0.11115	0.06941	-0.03638	0.13089	-0.04690	0.02592	-0.06511	-0.07482	0.03596	-0.03944	-0.08235	-0.16215	-0.06710	-0.05933	0.00131	0.04436	-0.03066	(And (Goal $e0 $x0) (Member $e0 go))
p201348	-0.01018	-0.00839	0.04568	-0.00541	0.08789	-0.00584	-0.01702	-0.00722	-0.03409	-0.01782	0.00742	-0.01970	-0.00434	-0.02677	0.09952	0.00901	0.03061	0.01529	0.05271	-0.00963	-0.04308	-0.02988	-0.00163	-0.02656	-0.00612	0.00499	0.03462	-0.05135	-0.01357	0.03444	0.06599	-0.01026	(And (Goal $e0 $x0) (Theme $e0 $x1))
p201349	0.04871	-0.00106	0.02853	0.03941	0.00816	0.01406	-0.03808	0.01678	-0.01542	-0.01255	0.00910	0.01565	-0.00285	0.03207	0.00358	0.05364	-0.01802	0.00930	0.01112	0.06402	0.03150	-0.00672	-0.01137	-0.03371	-0.01260	-0.00205	0.01559	-0.01952	-0.00522	0.02473	-0.04771	0.01064	(And (Location $e0 $x0) (Member $e0 live))
p201350	-0.01445	-0.03790	-0.02292	0.00692	-0.02592	0.01453	-0.00121	-0.00831	-0.04590	-0.00702	-0.04677	-0.03058	-0.00985	-0.03420	0.00793	-0.02340	0.00303	-0.01274	-0.00089	-0.00534	-0.02502	0.05226	-0.02266	0.00184	-0.01682	-0.00319	0.01432	-0.00507	-0.00439	0.05601	0.01675	-0.00506	(And (Member $e0 capture) (Past $e0))
p201351	-0.01584	0.04588	0.01836	-0.03205	-0.03290	0.07805	-0.03738	-0.01556	-0.01408	-0.00106	-0.03143	-0.03077	-0.06223	-0.02850	0.02272	-0.01293	0.07802	-0.00440	-0.04413	-0.02471	0.02413	-0.06941	0.14751	-0.03991	0.12009	-0.00258	-0.03587	0.05905	0.03057	-0.00088	-0.08528	-0.02609	(And (Member $e0 fall) (Past $e0))
p201352	0.02103	-0.04038	0.03277	-0.01067	0.03312	0.00911	0.05121	-0.04223	0.03502	0.03620	0.04468	-0.00318	-0.00997	-0.01505	0.04378	-0.07375	-0.03705	0.00190	0.04383	-0.01323	0.03185	-0.07238	0.10217	0.03487	-0.08737	0.05048	0.03192	0.05115	0.01178	0.00215	-0.07444	0.03031	(And (Member $e0 get) (Past $e0))
p201353	-0.03457	0.00107	-0.04826	-0.02618	-0.00592	0.01809	0.03336	0.02933	-0.01781	-0.04302	-0.03205	0.05551	0.02368	-0.01432	0.04451	-0.05457	-0.00608	0.07531	0.04138	0.03693	0.03785	-0.02964	-0.02422	-0.02414	0.02435	-0.07750	-0.02919	0.07720	-0.04129	0.02688	-0.04487	-0.05314	(And (Member $e0 take) (Theme $e0 $x0))
p201354	0.04923	-0.01497	-0.03178	0.04131	0.05588	-0.01877	-0.01351	0.05244	-0.06838	-0.00341	-0.04741	-0.00862	-0.05967	-0.05794	-0.03865	-0.05785	0.03260	-0.01558	-0.00754	0.00829	-0.07736	-0.00108	0.04250	-0.01201	0.10735	0.09788	0.05067	-0.05150	0.00162	-0.02496	0.06922	0.02244	(And (Member $e0 turn) (Patient $e0 $x0))
p201355	0.00350	0.02485	0.00458	0.01417	-0.03087	-0.02321	-0.03952	-0.01853	-0.02445	-0.00312	0.05206	0.03748	0.01278	-0.00698	-0.02977	0.06573	0.02595	0.11513	-0.02261	0.01121	0.00193	-0.05158	0.00450	-0.02417	-0.00714	0.08302	-0.03186	-0.00814	-0.00865	-0.01286	-0.02097	0.01466	(And (Member $e0 use) (Theme $e0 $x0))
p201356	-0.06332	0.04213	-0.00359	-0.04532	-0.01279	-0.03491	0.01373	-0.02286	-0.09824	-0.01369	0.01610	0.12934	-0.03974	-0.04443	-0.02526	0.05942	0.02907	0.01351	0.05099	-0.00174	0.03960	-0.03096	-0.03185	0.00003	0.00538	0.01167	-0.07892	0.00647	-0.04872	-0.00718	0.02613	-0.03968	(And (Obligated $e0) (Past $e0))
p201357	0.02472	-0.01815	-0.00673	-0.01921	0.00564	0.02046	-0.01491	-0.00335	0.01983	-0.01922	0.02775	0.01729	0.01045	0.00375	-0.01974	-0.02020	-0.01712	0.01060	0.00810	0.00868	0.01328	0.01574	-0.00226	0.01340	-0.01114	-0.02573	0.00576	0.02939	-0.00523	0.00518	0.01336	-0.00441	(And (Past $e0) (Patient $e0 $e1))
p201358	0.01054	0.01061	-0.01327	0.00300	-0.00739	-0.01527	-0.02011	-0.00591	0.01222	0.01673	0.01497	-0.02479	0.05422	0.02514	-0.02259	0.00780	-0.01006	0.00506	0.01345	-0.00943	0.02767	0.00443	0.02430	0.01969	-0.03035	-0.01378	0.00448	0.02905	-0.01164	-0.02680	0.01549	-0.03042	(And (Past $e0) (Time $e0 yesterday))
p201359	0.09008	0.00912	-0.09532	0.00875	0.09372	-0.05545	0.07576	-0.00946	0.06515	-0.04428	-0.01404	0.05076	0.12042	-0.01853	-0.01802	0.16422	-0.02561	0.07637	-0.03626	-0.16605	-0.05314	0.15735	0.08106	0.03398	0.13839	-0.03943	0.11557	-0.11979	-0.02815	0.04266	-0.02884	-0.00009	(And (Patient $e0 $x0) (Theme $e0 $e1))
p201399	-0.02441	0.02707	0.02856	-0.03189	-0.03299	0.02863	-0.01708	0.01673	0.03949	-0.03182	-0.00353	0.02109	0.01257	0.01247	0.00717	-0.00518	0.00780	0.05552	-0.00776	0.00294	-0.04247	-0.05592	-0.00698	0.02848	-0.02987	0.00715	-0.00632	0.01851	0.00676	0.00668	0.01065	-0.02332	(Agent $e0 $e1)
p201400	0.01203	0.00824	0.00896	0.01426	-0.00293	-0.01513	-0.01371	-0.02206	-0.00845	0.01906	-0.01836	-0.00565	-0.01369	0.00484	-0.02998	-0.00702	0.03397	-0.00828	-0.01564	0.01281	-0.02593	0.00429	0.02029	-0.01147	0.00226	0.01817	-0.01743	0.00153	-0.03871	-0.00055	-0.00346	-0.02851	(Already $e0)
p201401	-0.01785	-0.00986	0.00337	-0.00312	-0.01746	0.01993	0.00090	0.00967	0.01170	-0.00661	-0.01578	-0.01875	0.00713	-0.00477	0.00720	0.00148	-0.00437	0.00202	-0.00587	-0.00630	-0.01889	-0.00260	-0.01200	0.00218	-0.00120	0.00428	0.00303	0.00387	0.00339	0.00450	0.00299	-0.02093	(For $x0 $x1)
p201402	0.02097	-0.00520	-0.00939	0.02065	-0.00490	0.00157	0.02531	0.01656	-0.00309	-0.00295	0.01707	-0.00941	-0.00700	0.01184	0.00068	0.01106	-0.00198	-0.00728	-0.00746	0.00005	0.01404	-0.01203	-0.00908	-0.01332	-0.00940	0.01865	-0.00320	0.00498	-0.02298	0.01309	-0.01880	0.00610	(From $x0 $x1)
p201403	0.01207	0.02998	-0.00320	0.01410	0.03470	-0.01309	-0.03176	0.00831	-0.00465	0.00908	0.03473	-0.03998	0.05073	0.01431	0.00709	0.04147	0.00267	0.01543	-0.01383	-0.00848	0.00468	-0.01652	0.02623	-0.02965	0.00859	0.04328	0.01468	-0.00199	-0.02539	-0.00587	0.01490	-0.00833	(GroupOf $x0 student)
p201404	-0.02662	-0.00230	0.01047	-0.03010	-0.01717	-0.00474	-0.01278	0.00934	-0.02286	-0.03221	-0.00346	-0.01192	0.02542	0.06084	0.00522	0.01722	0.02219	-0.01835	0.00487	-0.00354	-0.01730	0.00388	0.04915	-0.00061	0.00102	-0.01194	-0.01787	-0.01636	0.00502	0.01646	-0.00793	-0.02768	(Like $e0 $x0)
p201405	-0.01445	-0.03789	-0.02291	0.00693	-0.02591	0.01453	-0.00120	-0.00831	-0.04590	-0.00702	-0.04676	-0.03057	-0.00984	-0.03420	0.00794	-0.02340	0.00303	-0.01273	-0.00088	-0.00533	-0.02502	0.05226	-0.02265	0.00184	-0.01682	-0.00318	0.01433	-0.00507	-0.00438	0.05602	0.01675	-0.00506	(Member $e0 capture)
p201406	0.01157	-0.02351	0.02164	-0.01861	-0.03277	0.02196	0.00980	0.01060	0.02551	-0.01660	-0.05227	-0.00897	0.00167	0.02283	0.03083	-0.02094	0.01957	-0.01398	0.01291	0.01425	-0.03114	-0.00481	-0.03636	0.02536	-0.02956	0.00690	-0.02866	0.00285	-0.01172	-0.00701	-0.03326	-0.00660	(Member $e0 cause)
p201407	-0.00808	0.00926	-0.02844	0.06048	0.02939	-0.01881	-0.00601	0.04116	0.05293	-0.01568	0.04143	0.01141	-0.00803	0.01671	0.02695	0.03038	-0.05730	-0.00126	0.03534	0.00840	0.03717	0.01510	-0.01649	-0.00315	-0.02041	-0.00517	-0.01848	0.02975	-0.02075	0.01638	0.00984	0.02783	(Member $e0 close)
p201408	-0.04348	0.07231	0.02165	-0.01635	-0.02482	-0.04042	0.03337	-0.00189	-0.03673	-0.00413	0.00257	0.07196	0.00406	0.00204	-0.01540	0.02399	0.01116	0.00240	0.03067	0.00385	0.03523	-0.01551	-0.01619	-0.00070	0.02199	0.03276	-0.01186	-0.00951	-0.03412	-0.01422	-0.00740	-0.03687	(Member $e0 do)
p201409	-0.01230	0.01864	0.01295	-0.01413	-0.01393	-0.00338	0.03432	-0.00450	-0.00605	-0.01030	0.03379	0.04705	-0.00782	0.00296	-0.02272	-0.00777	-0.00887	0.03878	-0.00435	-0.02101	-0.01972	-0.02395	0.01265	-0.00708	-0.00366	0.03050	0.01726	0.01114	-0.01281	0.01489	-0.00254	0.02935	(Member $e0 help)
p201410	-0.00383	0.04351	-0.01150	-0.01929	0.01056	-0.01468	-0.00057	-0.02514	0.00077	-0.01006	-0.01189	0.01985	-0.00766	0.02692	-0.01171	-0.00125	0.02852	0.04724	0.00753	0.00328	0.01876	-0.02569	-0.00363	0.00977	-0.00686	0.01767	-0.00271	-0.01606	0.01040	-0.02295	0.00912	0.00537	(Member $e0 sell)
p201411	-0.02472	-0.00631	-0.02424	0.02597	-0.00685	0.00225	-0.01778	-0.00055	0.00264	0.03755	0.03745	0.01560	0.02021	-0.01004	0.02823	-0.01635	-0.00253	0.05549	-0.01492	0.04945	0.01244	-0.04355	-0.02227	0.02574	0.00970	-0.03210	-0.02940	0.03140	-0.02437	-0.04357	-0.00377	-0.06238	(Member $e0 talk)
p201412	0.04725	0.00677	0.00521	-0.00314	0.00621	0.01902	-0.02852	-0.02316	0.00912	0.04278	0.02884	0.04438	-0.03800	0.02675	-0.04062	-0.01664	-0.01452	0.04108	-0.02189	-0.01925	0.02248	0.00062	0.00167	-0.00033	0.03457	-0.02753	0.00207	-0.03541	-0.02368	0.02098	0.05376	0.06184	(Member $e0 watch)
p201413	-0.01772	-0.00364	-0.01424	-0.02172	-0.02767	-0.01361	-0.02855	-0.01354	-0.01733	0.01595	-0.01512	0.00111	0.04813	0.01168	-0.01173	0.03636	0.01126	-0.00985	0.00300	0.00516	0.01328	0.02510	0.00722	0.01465	-0.00207	0.01532	0.01784	-0.00850	-0.01566	-0.02500	-0.00056	-0.00998	(Member $x0 boy)
p201414	-0.01127	-0.00182	0.00935	-0.04332	-0.01832	-0.01416	0.01130	-0.00002	-0.03883	-0.01766	-0.01883	0.01312	0.01321	0.02730	-0.00544	0.01294	0.02428	-0.03076	-0.00274	-0.00731	-0.01563	0.00404	0.00062	0.00255	0.00487	0.03163	-0.02204	-0.01386	-0.02031	0.00353	-0.02310	-0.00733	(Member $x0 child)
p201415	0.00930	-0.00917	-0.02293	-0.00151	0.02530	-0.01051	-0.01837	0.01046	-0.01431	-0.03196	-0.02688	0.00573	-0.00786	0.02240	0.00868	0.03786	0.02450	-0.01810	-0.03073	0.03473	0.00549	-0.00687	-0.02374	-0.03665	-0.01159	0.01872	0.00216	0.01585	-0.02074	0.03379	-0.01575	0.03005	(Member $x0 floor)
p201416	-0.00071	-0.00686	0.00847	0.01283	0.00671	-0.00475	-0.01194	-0.01721	-0.01185	0.01190	-0.02631	-0.01957	-0.01029	0.00204	0.02555	-0.00413	0.01525	-0.00276	0.01289	0.01698	-0.01069	-0.00091	-0.00375	0.00218	-0.00710	0.00144	0.03802	-0.02028	-0.00082	0.00759	0.00954	-0.01071	(Member $x0 horse)
p201417	0.00947	-0.02062	-0.02320	-0.04066	0.02496	0.01946	-0.01814	0.00120	-0.02968	-0.02629	-0.03106	0.02469	-0.02804	0.01083	0.03248	0.01583	0.01659	-0.03150	0.03748	-0.00754	0.00903	0.00199	-0.00951	-0.00109	0.00572	-0.03896	-0.05104	-0.00804	-0.01352	0.02230	0.00112	-0.00199	(Member $x0 huge)
p201418	-0.01051	0.01386	-0.00362	0.06082	0.00175	-0.01141	-0.02088	0.00516	-0.00228	0.02155	0.02465	0.01013	-0.01911	0.01080	-0.00186	0.05495	-0.02369	-0.00885	-0.00520	0.01234	0.02787	0.00145	0.01029	-0.00419	-0.01815	0.02097	-0.01224	-0.00616	-0.03426	0.04175	-0.00348	-0.02555	(Member $x0 light)
p201419	-0.00662	0.01129	0.00333	0.01543	-0.00000	-0.02796	-0.00605	-0.02476	-0.00078	0.03093	-0.01611	0.00493	-0.00503	0.00150	-0.01798	0.01180	-0.00290	0.00203	0.01102	0.00903	0.01282	-0.00575	0.02111	0.01745	-0.02539	-0.01041	0.01488	0.00680	-0.00417	-0.01941	0.00361	-0.00562	(Member $x0 rain)
p201420	0.00699	0.02071	-0.02715	-0.01403	0.02393	-0.00742	-0.02680	-0.01797	-0.02049	0.00778	-0.03069	-0.00480	0.02366	0.00509	-0.02995	0.00144	0.01728	-0.01899	-0.01705	0.01177	-0.00289	-0.00369	-0.00262	-0.01134	0.00313	0.01179	0.01766	0.01681	-0.00699	-0.00557	0.01035	0.01323	(Member $x0 school)
p201421	0.02972	0.03054	0.04293	0.01186	-0.02704	0.04320	-0.01079	0.01971	-0.01671	-0.00331	-0.04012	0.00635	-0.02541	-0.00272	0.01869	-0.01469	0.02167	0.00674	0.00624	-0.00353	0.03006	-0.05493	0.02751	0.02864	0.01805	-0.02038	-0.01524	-0.00356	0.02293	-0.02081	-0.04581	-0.04534	(Member $x0 sound)
p201422	0.01229	-0.02704	-0.01140	0.01738	0.02989	-0.00397	-0.01653	0.03368	0.00654	-0.02235	0.00582	-0.00937	-0.02258	0.01865	0.00628	0.06017	0.00928	0.00936	-0.01711	0.02953	0.03396	-0.03999	-0.00348	-0.00046	0.00555	0.03930	0.01603	0.00196	-0.00557	0.00909	0.00153	0.00696	(Member $x0 street)
p201423	-0.03262	-0.01026	-0.01042	-0.02529	-0.00293	0.00293	-0.01225	-0.01031	-0.00656	-0.01413	-0.02256	-0.00290	0.00099	-0.00515	0.01466	0.01091	0.01229	0.00812	-0.00709	0.01237	0.02089	-0.01631	0.02512	-0.01026	0.01737	-0.02355	0.02713	0.02945	0.02245	-0.00136	-0.01729	0.00987	(Member $x0 wall)
p201424	-0.03139	-0.00166	-0.01057	0.02118	-0.01670	0.01514	0.01212	0.02259	0.00684	0.00054	0.00198	0.01075	0.02886	0.00376	0.00341	-0.03336	0.00292	0.04482	-0.00906	0.05062	-0.00324	-0.03841	-0.03126	0.00423	0.00110	-0.02851	-0.01136	0.03109	-0.02150	-0.02013	-0.00880	-0.06480	(Member $x0 whole)
p201425	-0.02233	0.01378	-0.00679	-0.01365	-0.03252	0.04246	-0.02010	0.04118	0.03828	0.01303	-0.00545	0.00799	0.04467	-0.01782	0.00082	0.01052	0.01217	0.02039	-0.00081	-0.01218	-0.02759	-0.02634	-0.01061	0.00248	-0.02326	0.00015	0.00032	0.00517	-0.00377	-0.01069	0.00265	-0.02289	(On $e0 $x0)
p201426	0.02472	-0.01815	-0.00673	-0.01921	0.00564	0.02046	-0.01491	-0.00335	0.01983	-0.01922	0.02775	0.01729	0.01045	0.00375	-0.01974	-0.02020	-0.01711	0.01060	0.00810	0.00868	0.01328	0.01574	-0.00226	0.01340	-0.01114	-0.02573	0.00576	0.02939	-0.00523	0.00518	0.01337	-0.00441	(Patient $e0 $e1)
p201427	0.01054	0.01061	-0.01327	0.00300	-0.00739	-0.01527	-0.02011	-0.00591	0.01222	0.01673	0.01497	-0.02479	0.05422	0.02514	-0.02259	0.00780	-0.01006	0.00506	0.01345	-0.00943	0.02767	0.00443	0.02430	0.01969	-0.03035	-0.01378	0.00448	0.02905	-0.01164	-0.02680	0.01549	-0.03042	(Time $e0 yesterday)
p201435	0.05335	-0.07057	-0.10390	-0.01053	0.11064	-0.03718	0.05814	0.01299	0.04614	-0.02931	-0.03517	0.07861	0.10681	-0.03778	-0.00460	0.06220	-0.05665	0.11667	-0.01914	-0.08381	-0.02457	0.12466	0.06183	0.06250	0.12890	-0.07939	0.06961	-0.05687	-0.09072	0.03356	-0.09119	-0.05161	(And (Member $e0 start) (Ongoing $e1) (Patient $e1 $x0) (Theme $e0 $e1))
p201561	-0.02206	-0.00595	-0.01146	-0.02100	-0.02859	0.00011	-0.02000	-0.01367	-0.01597	0.01446	-0.02247	0.01236	0.02170	-0.01036	-0.00242	0.03239	0.01499	-0.01437	-0.00924	0.00451	0.00037	0.01870	-0.00998	0.01562	0.00910	0.02547	0.01392	-0.01823	-0.01135	-0.01684	-0.00796	-0.00054	(And (Agent $e0 $x0) (Member $x0 boy) (Past $e0))
p201562	-0.02764	0.06077	-0.11410	0.00997	0.04747	-0.03934	0.00091	0.06472	0.13242	-0.08500	0.02205	0.05547	-0.05176	0.02117	0.18018	-0.01441	-0.05967	-0.00025	0.08478	-0.02798	0.06562	0.07848	-0.00278	0.00506	0.11046	-0.09102	-0.02086	0.04340	0.09394	-0.03612	0.03680	0.13779	(And (Agent $e0 $x0) (Member $x0 person) (Past $e0))
p201563	-0.03348	0.02696	-0.07839	0.00457	0.04929	-0.03482	0.00779	0.07547	0.09691	-0.10822	-0.00016	0.06038	-0.06143	0.02560	0.15310	-0.03358	-0.04549	0.00011	0.09625	-0.00635	0.05649	0.05900	0.00272	0.01035	0.08238	-0.07854	-0.04392	0.02826	0.09764	-0.02538	0.02199	0.12280	(And (Agent $e0 $x0) (Member $x0 person) (Patient $e0 $x1))
p201564	-0.07218	-0.05255	0.01599	0.04690	0.07503	-0.00137	0.10138	-0.01010	-0.04283	0.05105	0.02624	0.09164	-0.05066	0.03194	-0.00825	-0.07504	-0.09326	-0.01646	0.07041	-0.01138	-0.00101	-0.04290	0.11622	0.05995	-0.09197	0.02073	0.03828	0.07368	-0.04596	-0.01150	-0.12307	0.00866	(And (Agent $e0 $x0) (Patient $e1 $x1) (Theme $e0 $e1))
p201565	-0.01827	-0.02284	0.10981	-0.02257	-0.01917	0.03149	0.00470	-0.03612	-0.03470	-0.00181	-0.04264	-0.04860	-0.01740	-0.00870	-0.03400	0.00644	0.04206	-0.02177	-0.06007	-0.01091	-0.00316	-0.03549	0.03526	-0.05198	0.06590	0.00951	-0.00357	0.08011	0.04381	0.00844	-0.04984	-0.07289	(And (Cardinality $x0 <num>) (Past $e0) (Patient $e0 $x0))
p201567	0.05335	-0.07057	-0.10390	-0.01053	0.11064	-0.03718	0.05814	0.01299	0.04614	-0.02931	-0.03517	0.07861	0.10681	-0.03778	-0.00460	0.06220	-0.05665	0.11667	-0.01914	-0.08381	-0.02457	0.12466	0.06183	0.06250	0.12890	-0.07939	0.06961	-0.05687	-0.09072	0.03356	-0.09119	-0.05161	(And (Member $e0 start) (Patient $e1 $x0) (Theme $e0 $e1))
p201568	-0.03632	0.05789	0.00385	-0.03834	-0.00327	-0.01514	0.08696	0.03431	-0.05553	-0.05780	0.00691	0.03283	0.00216	-0.02997	-0.01483	-0.04486	0.01967	0.00710	0.01773	0.02874	0.07193	0.01526	-0.02712	-0.01952	0.01545	0.02781	0.02277	0.01623	-0.05457	0.03958	0.00884	-0.01436	(And (Member $x0 thing) (Past $e0) (Theme $e0 $x0))
p201570	0.07926	-0.03368	-0.07739	-0.02084	0.09750	-0.04621	0.06521	-0.00228	0.07018	-0.03343	-0.01150	0.03449	0.12469	-0.06266	-0.04855	0.13943	-0.03573	0.07811	-0.00308	-0.14709	-0.03695	0.13637	0.09511	0.08453	0.14210	-0.02485	0.09659	-0.11372	-0.05772	0.05742	-0.05609	0.01237	(And (Ongoing $e0) (Patient $e1 $x0) (Theme $e1 $e0))
p201653	0.01460	-0.05960	-0.00304	-0.01389	0.10006	-0.05414	0.00953	0.11652	-0.02916	0.09085	0.01494	-0.01176	-0.01603	-0.02341	-0.03392	-0.00371	0.01153	-0.11278	-0.00684	-0.02430	0.03834	0.09636	-0.02667	-0.04904	-0.00816	-0.03410	0.03552	0.08566	0.03828	0.09751	-0.05163	0.01313	(And (Holder $e0 $x0) (Member $e0 have) (Past $e0) (Theme $e0 $x1))
p201668	-0.04433	0.04877	0.07562	-0.01789	0.05759	-0.01620	-0.02306	-0.01603	-0.04181	0.00788	0.05285	-0.06576	0.08008	-0.07035	0.07082	0.04217	0.04712	0.00846	-0.06328	-0.02493	-0.06719	-0.01546	0.04258	-0.07498	0.07686	0.09591	0.06307	-0.02477	0.00384	-0.03369	0.03073	-0.02793	(And (Agent $e0 $x0) (Member $e0 come) (Past $e0))
p201669	-0.01571	0.00202	-0.02401	0.01569	-0.03903	-0.00253	-0.02021	-0.00301	0.02700	0.04155	0.03225	-0.01901	0.05639	-0.03620	0.00270	0.01929	-0.01380	0.01428	0.00006	0.00327	0.01830	-0.00235	-0.00067	0.01544	0.00161	0.02564	-0.01626	0.02505	-0.02137	-0.02687	-0.01032	-0.00311	(And (Agent $e0 $x0) (Past $e0) (Recipient $e0 $x1))
p201670	-0.00286	0.04631	-0.03870	-0.02535	-0.03598	0.07962	-0.04155	-0.01035	0.03351	-0.00851	-0.01385	-0.02981	-0.04740	-0.00123	0.13707	-0.01023	0.03945	0.00401	0.02792	-0.03406	0.07917	0.00317	0.14365	-0.03853	0.11664	-0.09189	-0.03729	0.00512	0.04307	0.03076	-0.10369	0.05063	(And (Agent $e0 $x0) (Past $e0) (Source $e0 $x1))
p201671	-0.02611	-0.00334	-0.05288	-0.04106	-0.01468	0.00794	-0.02988	-0.01402	-0.04880	0.03184	-0.02797	0.03314	0.03526	-0.05311	-0.03112	0.06365	0.01773	-0.01677	-0.02411	-0.02661	0.01218	-0.00962	-0.01824	0.00877	0.01255	0.01878	-0.00390	0.00925	-0.03214	-0.02279	0.01570	0.01341	(And (Agent $e0 $x0) (Past $e0) (Through $e0 $x1))
p201672	0.00262	-0.10400	0.00532	-0.10771	0.04854	0.02848	-0.01269	-0.00568	-0.08723	-0.03858	-0.02999	0.11475	-0.05739	-0.04140	0.06965	0.10152	0.05964	-0.04265	0.11660	-0.03998	0.02411	-0.05656	-0.06963	0.03837	-0.03559	-0.07692	-0.14303	-0.05519	-0.05098	0.00461	0.03837	-0.03328	(And (Goal $e0 $x0) (Member $e0 go) (Past $e0))
p201673	-0.00870	-0.01353	0.03712	-0.01267	0.07686	-0.00951	-0.01248	-0.00245	-0.03117	-0.02618	0.00825	-0.02659	0.00205	-0.02626	0.09646	0.00106	0.02720	0.00623	0.04157	-0.00762	-0.03992	-0.02045	-0.00735	-0.01714	-0.00269	0.00437	0.03878	-0.03913	-0.00670	0.03735	0.05417	-0.00846	(And (Goal $e0 $x0) (Past $e0) (Theme $e0 $x1))
p201674	0.01460	-0.05960	-0.00304	-0.01389	0.10006	-0.05414	0.00953	0.11652	-0.02916	0.09085	0.01494	-0.01176	-0.01603	-0.02341	-0.03392	-0.00371	0.01153	-0.11278	-0.00684	-0.02430	0.03834	0.09636	-0.02667	-0.04904	-0.00816	-0.03410	0.03552	0.08566	0.03828	0.09751	-0.05163	0.01313	(And (Holder $e0 $x0) (Member $e0 have) (Past $e0))
p201675	0.01460	-0.05960	-0.00304	-0.01389	0.10006	-0.05414	0.00953	0.11652	-0.02916	0.09085	0.01494	-0.01176	-0.01603	-0.02341	-0.03392	-0.00371	0.01153	-0.11278	-0.00684	-0.02430	0.03834	0.09636	-0.02667	-0.04904	-0.00816	-0.03410	0.03552	0.08566	0.03828	0.09751	-0.05163	0.01313	(And (Holder $e0 $x0) (Past $e0) (Theme $e0 $x1))
p201676	-0.01740	-0.03524	-0.01992	0.00703	-0.02533	0.01175	-0.00084	-0.00707	-0.04612	-0.00671	-0.04760	-0.02978	-0.01073	-0.03062	0.00960	-0.02248	0.00415	-0.01070	-0.00192	-0.00433	-0.02657	0.04908	-0.02066	0.00049	-0.01422	-0.00052	0.01501	-0.00784	-0.00409	0.05686	0.01528	-0.00447	(And (Member $e0 capture) (Past $e0) (Theme $e0 $x0))
p201677	-0.01194	0.02949	0.01937	-0.02026	-0.02771	0.05729	-0.02989	-0.01452	-0.02043	0.00218	-0.03163	-0.02389	-0.05245	-0.02436	0.00538	-0.01447	0.06952	-0.00685	-0.03657	-0.01466	0.01041	-0.05672	0.11697	-0.04553	0.10347	0.00691	-0.02595	0.05079	0.02001	-0.00120	-0.06337	-0.02409	(And (Member $e0 fall) (Past $e0) (Patient $e0 $x0))
p201678	0.00857	-0.02717	0.03583	-0.01012	-0.02481	-0.01251	0.00079	-0.00854	0.04314	-0.00920	-0.00499	0.00910	-0.01399	0.03297	-0.01096	-0.04009	0.03487	-0.00463	-0.02566	0.00107	-0.01984	-0.01563	-0.02986	0.01710	-0.01478	-0.01218	-0.00882	0.01762	-0.02158	0.02674	0.03151	0.01626	(And (Member $e0 kill) (Past $e0) (Patient $e0 $x0))
p201679	0.06310	-0.05172	0.14316	0.05986	-0.06086	0.04700	-0.02751	0.02145	-0.12093	-0.01776	-0.02931	-0.03892	0.05566	-0.02276	-0.03582	-0.02229	0.04904	0.04805	-0.06844	-0.03072	0.02580	-0.02011	-0.02752	-0.00709	0.00426	-0.00505	-0.00999	-0.05741	0.08177	-0.03071	-0.05388	-0.03755	(And (Member $e0 make) (Past $e0) (Patient $e0 $x0))
p201680	0.10473	-0.05196	-0.07012	0.00888	0.07400	-0.05066	0.02444	0.00287	0.02211	-0.00339	-0.02300	0.01316	0.03704	-0.04198	-0.05850	0.00946	0.02018	0.09100	-0.04389	-0.06606	-0.03118	0.08263	0.06259	0.04095	0.13744	0.01605	0.06759	-0.06318	-0.06737	-0.03244	-0.04088	-0.00191	(And (Member $e0 start) (Past $e0) (Patient $e0 $x0))
p201681	-0.02837	-0.03873	0.06660	-0.01398	0.04395	0.05776	0.12889	0.00012	0.02866	0.00262	0.05956	0.01972	-0.07184	0.05605	-0.00155	-0.06435	-0.04541	-0.04259	0.06295	-0.07577	-0.01621	-0.09533	0.16575	0.11315	-0.13323	0.11142	0.06867	0.03920	0.00735	-0.03602	-0.13797	0.06379	(And (Member $e0 try) (Past $e0) (Theme $e0 $e1))
p201728	0.03434	-0.01365	0.01063	-0.00204	0.01689	0.01727	0.00161	-0.00834	0.02299	0.01650	0.00950	0.01045	-0.01852	0.00921	-0.02414	-0.01080	-0.02050	0.03546	-0.00430	-0.01516	0.00497	-0.00264	-0.00302	-0.03595	0.02697	-0.01939	-0.00604	0.00437	-0.00792	0.00819	0.03210	0.05246	(And (Agent $e0 $x0) (Can $e0))
p201729	-0.07062	-0.05586	0.06366	-0.00081	0.04632	-0.01089	0.02061	-0.01901	-0.05162	0.01256	0.02787	0.00139	0.01874	0.01067	-0.00009	-0.03851	-0.00362	0.06502	-0.10246	0.09246	-0.03968	-0.05223	-0.04415	-0.06814	0.10431	-0.01868	0.00254	0.11206	0.01792	-0.03105	-0.00820	-0.12209	(And (Agent $e0 $x0) (Cardinality $x0 <num>))
p201730	0.00760	-0.02834	0.00725	-0.01506	-0.02227	0.00534	0.00673	-0.00154	0.01369	-0.01450	-0.03471	-0.00708	0.01357	0.02282	0.01914	-0.01582	0.01472	-0.01654	0.01719	0.01004	-0.02471	0.01475	-0.02655	0.00348	-0.01545	0.01323	-0.02138	-0.00452	-0.00894	0.00004	-0.02729	0.00799	(And (Agent $e0 $x0) (Member $e0 cause))
p201731	0.00058	0.02741	-0.06950	0.02153	0.03998	0.02307	-0.00433	0.07872	0.09064	-0.04510	-0.01850	-0.00185	0.00436	0.01058	0.04419	-0.02167	-0.05923	0.00608	0.05371	-0.01255	0.00541	-0.00291	-0.02317	0.02337	0.02408	-0.02469	0.01926	0.03171	0.03529	-0.02011	0.05049	0.05228	(And (Agent $e0 $x0) (Member $e0 leave))
p201732	0.06867	-0.00383	-0.04987	-0.02500	0.06256	0.01320	-0.01671	0.01531	-0.05427	-0.03978	-0.02444	-0.02093	0.00765	0.03321	-0.03675	0.02205	0.03514	-0.03178	-0.04873	-0.00813	-0.01780	-0.01083	-0.01376	-0.07679	-0.00553	0.06163	-0.04880	0.03241	-0.06052	0.06809	-0.01768	0.05136	(And (Agent $e0 $x0) (Member $e0 play))
p201733	0.04234	0.00804	0.00818	-0.00381	0.00586	0.01656	-0.02734	-0.02157	0.00714	0.04177	0.02513	0.04310	-0.03772	0.02903	-0.03815	-0.01612	-0.01223	0.04099	-0.02335	-0.01806	0.01864	-0.00192	0.00264	-0.00212	0.03602	-0.02428	0.00289	-0.03764	-0.02317	0.02291	0.05183	0.06105	(And (Agent $e0 $x0) (Member $e0 watch))
p201734	-0.02268	-0.00659	-0.01213	-0.02164	-0.02923	-0.00053	-0.02069	-0.01426	-0.01659	0.01376	-0.02311	0.01167	0.02105	-0.01099	-0.00307	0.03174	0.01433	-0.01499	-0.00987	0.00389	-0.00025	0.01806	-0.01061	0.01496	0.00846	0.02478	0.01326	-0.01890	-0.01197	-0.01744	-0.00863	-0.00113	(And (Agent $e0 $x0) (Member $x0 boy))
p201736	0.01877	-0.00236	-0.01133	0.05059	0.03432	0.00842	-0.01571	0.08974	-0.02438	-0.06984	-0.00182	0.05118	-0.00188	-0.01325	0.05734	-0.03607	-0.07362	0.03069	0.04394	-0.00802	0.05434	0.01969	-0.02036	0.01064	0.05142	-0.03778	-0.00670	-0.02213	0.12461	-0.03752	0.02342	0.07556	(And (Agent $e0 $x0) (Result $e0 $e1))
p201737	-0.02611	-0.00334	-0.05288	-0.04106	-0.01468	0.00794	-0.02988	-0.01402	-0.04880	0.03184	-0.02798	0.03314	0.03526	-0.05311	-0.03112	0.06365	0.01773	-0.01677	-0.02411	-0.02661	0.01218	-0.00962	-0.01825	0.00877	0.01255	0.01878	-0.00390	0.00925	-0.03215	-0.02279	0.01570	0.01341	(And (Agent $e0 $x0) (Through $e0 $x1))
p201738	0.02403	0.01120	0.00543	0.03104	0.00076	-0.01266	-0.01113	-0.02482	0.00969	0.02831	-0.01348	-0.00502	-0.01215	-0.00220	-0.02814	-0.01538	0.02168	0.00146	0.00033	0.01357	-0.01399	0.00290	0.01619	-0.01183	0.00500	0.00828	-0.00108	0.00683	-0.03040	-0.01089	-0.00487	-0.02125	(And (Already $e0) (Patient $e0 $x0))
p201739	-0.01826	-0.02284	0.10981	-0.02256	-0.01916	0.03150	0.00470	-0.03612	-0.03470	-0.00180	-0.04263	-0.04860	-0.01740	-0.00870	-0.03399	0.00644	0.04206	-0.02176	-0.06007	-0.01090	-0.00315	-0.03549	0.03526	-0.05198	0.06591	0.00951	-0.00357	0.08012	0.04382	0.00844	-0.04984	-0.07288	(And (Cardinality $x0 <num>) (Patient $e0 $x0))
p201741	-0.04369	-0.00433	0.02903	-0.04963	-0.02885	-0.02058	0.00538	0.02769	-0.06896	-0.01155	-0.02401	-0.01537	-0.01984	0.00511	0.00820	0.03079	0.03023	-0.00982	-0.05719	0.00797	-0.04917	0.01490	0.02267	0.00825	-0.01249	0.01379	-0.06007	-0.01928	-0.03620	0.01730	0.01461	-0.00562	(And (Experiencer $e0 $x0) (Member $e0 sleep))
p201742	-0.01855	0.01886	0.00257	-0.02683	-0.01470	0.01537	-0.03658	0.03133	-0.01500	-0.03602	0.01305	-0.02459	-0.01043	0.05316	0.05548	0.03609	0.02473	-0.00396	-0.00798	0.01119	0.02270	-0.01904	0.09556	-0.03477	0.04510	-0.01759	-0.03863	0.00524	-0.00748	0.04452	-0.05504	-0.00287	(And (Experiencer $e0 $x0) (Source $e0 $x1))
p201743	0.03690	-0.04227	0.12505	-0.03393	-0.03513	0.00583	-0.01649	-0.01410	0.06816	0.00341	0.01778	0.08520	-0.09807	0.09992	-0.05860	-0.08342	0.00782	0.01433	-0.07591	-0.00662	-0.04161	-0.10631	-0.01994	0.02146	0.03141	-0.10627	0.06480	0.02831	-0.03555	0.14923	0.10452	0.04300	(And (GroupOf $x0 person) (Patient $e0 $x0))
p201744	-0.00442	0.03391	-0.00239	-0.02571	-0.00178	-0.02848	0.00466	0.00051	-0.00089	0.00006	0.02206	0.02014	0.02117	-0.01294	-0.01994	-0.00280	0.01875	0.06727	0.00885	-0.01451	-0.01636	-0.00914	-0.00130	-0.02282	0.00412	0.04184	-0.00027	0.01161	0.00601	0.00061	-0.00716	0.01627	(And (GroupOf $x0 thing) (Theme $e0 $x0))
p201745	0.01460	-0.05960	-0.00304	-0.01389	0.10006	-0.05414	0.00953	0.11652	-0.02916	0.09085	0.01494	-0.01176	-0.01603	-0.02341	-0.03392	-0.00371	0.01153	-0.11278	-0.00684	-0.02430	0.03834	0.09636	-0.02667	-0.04904	-0.00816	-0.03410	0.03552	0.08566	0.03828	0.09751	-0.05163	0.01313	(And (Holder $e0 $x0) (Past $e0))
p201746	0.00968	-0.01009	0.01849	-0.01019	-0.01349	-0.02899	-0.01293	-0.00997	0.01495	0.00653	0.01795	0.00709	0.01747	0.04234	-0.01470	-0.01488	-0.00183	0.00849	-0.00002	-0.00776	0.01006	0.00102	0.00714	0.01446	-0.00254	-0.02474	0.00717	0.00937	-0.01091	0.00476	0.02187	0.00854	(And (In $e0 $x0) (Past $e0))
p201747	-0.01740	-0.03524	-0.01991	0.00703	-0.02533	0.01175	-0.00084	-0.00707	-0.04612	-0.00671	-0.04760	-0.02978	-0.01073	-0.03062	0.00960	-0.02248	0.00415	-0.01070	-0.00192	-0.00433	-0.02657	0.04908	-0.02066	0.00049	-0.01422	-0.00052	0.01501	-0.00784	-0.00409	0.05686	0.01528	-0.00447	(And (Member $e0 capture) (Theme $e0 $x0))
p201748	-0.03075	0.01009	0.01663	0.02520	0.00563	-0.01477	-0.00616	-0.02676	0.00746	0.02349	0.01143	0.02833	-0.00421	-0.00182	-0.01413	0.00530	-0.01825	-0.01691	0.01666	0.00270	0.01810	0.00846	0.02481	0.01840	-0.04052	0.00621	-0.01268	0.00703	-0.00673	0.00197	-0.00175	-0.01588	(And (Member $e0 change) (Patient $e0 $x0))
p201749	-0.06847	-0.08581	0.16378	-0.08123	0.13868	0.02989	0.21324	-0.11872	0.18743	0.05181	-0.02170	-0.06407	-0.10385	0.03062	-0.11591	0.18121	-0.15750	-0.00024	0.13791	-0.07579	0.12161	0.16560	-0.03621	-0.04305	0.13554	0.04792	-0.11729	0.11526	0.18396	-0.19325	0.14433	-0.13488	(And (Member $e0 contain) (Theme $e0 $x0))
p201750	0.15504	-0.13123	-0.08959	-0.13004	-0.11813	-0.02774	0.12862	-0.21963	0.16438	0.19603	-0.01254	0.05735	0.12570	-0.08946	0.16457	-0.08633	-0.03184	-0.05748	-0.08589	0.14717	0.08629	-0.07209	0.02462	-0.12381	-0.15230	0.11510	-0.07229	-0.01733	0.08900	0.10561	0.06223	-0.05039	(And (Member $e0 get) (Ongoing $e0))
p201751	0.14268	-0.12364	-0.08225	-0.12014	-0.11309	-0.03731	0.12177	-0.22476	0.15442	0.19618	-0.01658	0.05874	0.12342	-0.08096	0.15145	-0.08262	-0.02043	-0.06193	-0.07516	0.14954	0.08019	-0.06312	0.02905	-0.14097	-0.14824	0.10419	-0.07000	-0.01384	0.07517	0.10869	0.06615	-0.05099	(And (Member $e0 get) (Patient $e0 $x0))
p201752	0.16526	-0.13995	-0.09107	-0.12744	-0.11915	-0.02449	0.12976	-0.20503	0.15882	0.18584	-0.01471	0.04644	0.12011	-0.08907	0.16114	-0.09771	-0.02860	-0.05042	-0.08217	0.14296	0.08105	-0.07496	0.01850	-0.12039	-0.13975	0.11739	-0.06562	-0.01601	0.08994	0.09238	0.05619	-0.03926	(And (Member $e0 get) (Result $e0 $e1))
p201753	0.00834	-0.02737	0.03561	-0.01035	-0.02501	-0.01272	0.00055	-0.00873	0.04290	-0.00944	-0.00522	0.00887	-0.01421	0.03275	-0.01118	-0.04029	0.03466	-0.00486	-0.02587	0.00084	-0.02007	-0.01581	-0.03009	0.01686	-0.01498	-0.01240	-0.00904	0.01739	-0.02180	0.02655	0.03130	0.01606	(And (Member $e0 kill) (Past $e0))
p201754	-0.01479	0.02934	-0.07631	0.03790	0.04704	-0.02238	-0.00278	0.09427	0.08047	-0.07112	0.00129	0.03190	-0.04074	0.00981	0.06743	-0.02783	-0.09404	0.00116	0.09464	0.01454	0.00481	0.00693	-0.01712	0.04932	0.04833	-0.01463	0.04162	0.04655	0.07182	-0.01146	0.04575	0.05252	(And (Member $e0 leave) (Past $e0))
p201755	-0.01492	-0.06206	-0.00151	-0.05561	-0.02908	0.06466	0.04285	0.00961	-0.06740	-0.03252	-0.04120	0.03592	-0.00838	0.02565	-0.04312	0.03626	0.05328	-0.04181	-0.00668	-0.04481	-0.06218	0.00045	0.04391	-0.02965	-0.06223	0.04340	-0.05475	-0.02469	-0.05328	0.01580	-0.03039	0.01351	(And (Member $e0 need) (Theme $e0 $e1))
p201756	-0.05524	0.05094	-0.03937	0.08064	0.01192	0.02845	-0.01296	0.07437	0.08735	-0.00977	-0.00567	0.02248	-0.00196	-0.00228	0.01910	0.03740	-0.07125	-0.01671	0.06499	0.00774	0.00981	-0.03110	-0.01194	0.01620	-0.03937	-0.03990	0.02317	0.05917	-0.02346	0.01975	0.05260	-0.03092	(And (Member $e0 open) (Patient $e0 $x0))
p201757	0.00337	0.03613	-0.00968	-0.01368	0.00875	-0.01082	0.00104	-0.02101	0.00589	-0.00802	-0.01357	0.01101	-0.00368	0.02722	-0.01194	-0.00770	0.02818	0.04831	0.00968	0.00469	0.01787	-0.02412	-0.00177	0.00284	-0.00739	0.01540	0.00642	-0.01365	0.00867	-0.02274	0.00757	0.01001	(And (Member $e0 sell) (Theme $e0 $x0))
p201758	-0.04913	0.01753	0.02301	-0.04369	-0.02414	-0.01905	0.00124	0.02045	-0.05804	-0.00061	-0.02390	-0.01650	-0.01857	0.00317	-0.00316	0.02279	0.03544	-0.01386	-0.07353	-0.00164	-0.04423	0.00020	0.01638	0.02871	-0.01898	0.02619	-0.05438	-0.00514	-0.03661	0.00909	0.02444	-0.01788	(And (Member $e0 sleep) (Ongoing $e0))
p201759	0.00793	0.01597	0.01923	-0.01160	0.00704	0.00901	0.00876	0.01197	0.01045	0.00469	-0.03158	-0.04420	0.00318	0.01170	-0.00542	-0.00396	-0.01777	-0.00659	-0.02027	-0.00916	0.00463	-0.00655	0.00088	0.04756	-0.03060	-0.00343	0.00659	0.04117	0.00388	-0.01109	0.00773	-0.03033	(And (Member $e0 stand) (Past $e0))
p201760	0.01939	0.03988	-0.01404	-0.00935	0.04122	0.00086	-0.01585	-0.01951	0.01087	-0.00869	-0.00573	-0.00653	-0.01258	0.03626	-0.00622	-0.01718	0.00966	-0.00582	-0.01981	-0.00625	0.00479	-0.00106	-0.00378	0.02515	-0.00541	0.00509	-0.02114	-0.01643	0.01838	0.00372	0.01499	0.00181	(And (Member $e0 study) (Ongoing $e0))
p201761	0.07539	-0.01901	-0.03568	0.03972	0.04561	-0.01181	-0.00770	0.03919	-0.04039	0.00212	-0.03340	-0.02795	-0.04691	-0.05054	-0.04143	-0.05310	0.03298	-0.00359	-0.00979	-0.00679	-0.04879	0.00282	0.02294	0.00610	0.08675	0.07792	0.04389	-0.03004	-0.00938	-0.02842	0.04479	0.02373	(And (Member $e0 turn) (Past $e0))
p201762	0.00749	0.11977	-0.06395	0.07579	-0.01426	-0.01823	0.01442	-0.01515	-0.00128	-0.00009	0.02028	0.05711	-0.00669	0.08312	0.09393	0.05834	-0.01474	-0.00250	-0.05962	-0.03056	-0.02250	0.05133	-0.03301	-0.11752	0.00903	-0.04385	0.05223	0.00979	0.07585	-0.05167	0.06617	-0.01052	(And (Member $e0 work) (Past $e0))
p201763	0.01804	0.01578	-0.02453	0.01364	-0.00993	0.04171	-0.02392	-0.01545	-0.00025	0.00437	-0.04077	-0.03335	-0.04113	0.03045	0.04866	-0.03129	0.02412	0.00175	0.01051	-0.00969	0.02258	0.01990	0.03449	-0.00051	0.01634	-0.03726	-0.00421	-0.03621	0.01418	0.03420	-0.01500	0.00323	(And (Member $x0 new) (Theme $e0 $x0))
p201764	0.02693	0.02331	0.04066	0.01434	-0.02535	0.04652	-0.02594	0.01307	-0.01342	-0.00009	-0.03766	0.00814	-0.02628	-0.00377	0.01791	-0.00806	0.01919	0.01033	0.00425	-0.00236	0.01812	-0.05189	0.03282	0.02915	0.01297	-0.02042	-0.01957	-0.00119	0.02996	-0.02161	-0.04341	-0.04135	(And (Member $x0 sound) (Patient $e0 $x0))
p201765	0.07172	-0.01889	0.00022	0.09332	-0.01730	0.01085	-0.04538	0.06835	0.00787	-0.01135	0.08813	-0.03780	0.00778	0.04307	0.00566	0.12703	-0.01293	0.08511	-0.05795	0.02724	0.08681	-0.05609	-0.01244	-0.00939	-0.03010	0.10597	-0.02390	-0.01782	-0.05406	0.06067	-0.05986	0.00118	(And (PartOf $x0 $x1) (Theme $e0 $x0))
p201766	0.00841	0.03391	-0.02806	-0.00099	0.07973	0.04959	-0.02815	0.00094	0.00754	-0.01357	0.02096	0.02474	-0.00713	-0.02643	-0.03288	-0.02158	-0.00356	-0.02215	-0.00632	0.04092	0.01307	0.06063	0.02125	-0.04192	0.00288	-0.00348	-0.01001	0.00525	-0.02683	0.00401	0.04627	0.03971	(And (Past $e0) (Stimulus $e0 $e1))
p201767	0.03377	-0.00357	-0.02185	0.02078	-0.00136	0.00854	-0.00765	-0.02024	0.02149	0.02221	0.00727	-0.00167	0.00489	-0.01609	-0.03568	-0.00516	0.00266	-0.00725	0.01993	-0.00363	0.02870	0.00033	-0.00175	0.00996	-0.02954	-0.01119	-0.01191	0.04473	-0.02415	-0.01648	0.01088	-0.01720	(And (Past $e0) (Time $e0 (Year <num>)))
p201768	-0.02059	-0.01202	-0.01799	-0.03269	-0.03236	-0.00381	-0.01618	-0.01128	-0.01091	0.00922	0.01520	-0.01399	0.08199	-0.04945	-0.03111	0.01479	-0.00188	0.00184	-0.02459	-0.02384	-0.00970	0.03059	-0.00287	-0.00226	0.00499	0.03218	0.00603	0.04158	-0.01763	-0.01091	0.01410	0.00774	(And (Past $e0) (TimeAtMost $e0 (Year <num>)))
p201769	0.00143	0.02480	-0.02258	-0.03599	-0.03447	0.08570	-0.01327	-0.01741	0.02021	-0.02677	-0.01100	-0.02603	-0.04534	0.00256	0.09981	-0.02529	0.03346	0.02080	0.03373	-0.03405	0.04647	-0.02625	0.14589	-0.02409	0.05438	-0.04884	-0.01532	0.02146	0.04093	0.04772	-0.11628	0.03727	(And (Source $e0 $x0) (Theme $e0 $x1))
p201816	0.05109	0.00721	0.02876	0.05483	-0.02010	0.00994	-0.01979	0.01936	-0.01145	0.00458	0.01961	-0.02531	0.01678	0.00734	0.00477	0.02835	-0.02510	0.03141	-0.01788	0.00846	0.03193	-0.00598	-0.00678	0.01597	-0.02859	0.01704	0.01026	-0.00516	0.01432	0.01167	-0.02240	-0.02247	(During $e0 $e1)
p201817	-0.00923	0.00271	0.00573	-0.00314	-0.01348	0.02250	-0.00554	-0.01153	-0.00456	0.00589	-0.01526	-0.02182	-0.02518	-0.00540	0.01955	-0.00216	0.01536	-0.00666	-0.00998	-0.01070	0.01029	-0.00423	0.03686	-0.01602	0.03564	-0.01169	-0.00957	0.01338	0.00905	0.00879	-0.02804	-0.01228	(GroupOf $x0 book)
p201818	-0.00655	0.04365	0.01420	0.02265	0.04700	-0.00064	-0.02911	0.00012	-0.05695	-0.01976	-0.00000	0.03267	0.02681	-0.00117	-0.00321	-0.02307	-0.03074	0.00532	-0.01030	-0.01380	0.04185	0.02220	-0.00593	-0.00019	-0.00027	-0.02386	-0.00640	-0.00741	0.06846	-0.01756	0.01176	0.02294	(GroupOf $x0 boy)
p201819	0.00087	-0.00135	-0.01765	0.01124	0.00942	0.00679	0.01976	-0.00651	-0.02748	0.01422	-0.01710	0.00924	-0.01126	-0.00584	-0.02213	-0.00460	0.00078	-0.02127	0.00074	-0.00415	-0.02913	-0.01371	0.01148	-0.01983	-0.00694	0.00956	-0.00345	0.02859	-0.02178	0.01363	-0.01832	0.01677	(GroupOf $x0 cloud)
p201820	-0.01978	-0.01355	-0.00704	0.00102	0.00791	-0.00600	-0.00621	-0.00942	-0.00264	-0.00350	-0.02494	0.00979	-0.00301	-0.00591	0.00083	0.00864	0.01029	0.00823	-0.00349	0.01866	0.01667	-0.00531	-0.00150	-0.00289	-0.01398	-0.02274	0.02847	-0.00156	0.01577	-0.01424	0.00373	0.02990	(GroupOf $x0 flower)
p201821	-0.01257	0.00721	-0.00373	0.00871	-0.01939	0.02690	-0.00793	0.01572	0.02723	0.00522	-0.01895	-0.01192	0.02520	-0.01690	-0.01203	0.00381	0.00248	-0.00861	-0.01042	-0.00849	-0.01957	-0.01914	-0.00846	0.00541	-0.01782	0.00030	0.00563	0.01979	-0.02162	0.00797	0.01897	-0.01981	(Location $e0 here)
p201822	0.02637	0.00570	-0.01686	0.00717	0.00836	0.00756	-0.00603	-0.01277	0.01214	0.00724	0.00832	-0.00199	0.00451	-0.00591	-0.01512	-0.00213	-0.00276	-0.00424	0.00031	-0.00861	0.01358	0.00694	-0.00447	0.00200	-0.01079	-0.00699	-0.00454	0.01804	-0.00324	-0.00825	0.01200	0.00186	(Measure $e0 duration <num> year)
p201823	-0.01969	0.00304	-0.02304	0.01437	-0.02338	0.05427	0.00493	0.08968	0.00679	-0.03921	-0.04328	0.00304	0.02616	-0.04334	-0.01199	-0.01635	-0.01552	-0.00761	0.01080	0.00499	-0.02150	-0.03904	-0.00943	0.00796	0.00628	0.02737	0.02873	0.02360	-0.00016	0.00297	0.03194	-0.02621	(Member $e0 become)
p201824	-0.06847	-0.08581	0.16378	-0.08123	0.13868	0.02989	0.21324	-0.11872	0.18743	0.05181	-0.02170	-0.06407	-0.10385	0.03062	-0.11591	0.18121	-0.15750	-0.00024	0.13791	-0.07579	0.12161	0.16560	-0.03621	-0.04305	0.13554	0.04792	-0.11729	0.11526	0.18396	-0.19325	0.14433	-0.13488	(Member $e0 contain)
p201825	0.01339	0.00472	-0.02808	-0.01782	0.00729	0.01223	0.01006	-0.00815	0.02312	-0.03273	-0.01707	-0.00709	-0.01873	0.01104	0.04632	-0.02659	0.04127	-0.01281	0.00220	-0.01861	0.00822	0.01291	0.02255	-0.02999	0.02164	-0.02339	-0.04453	0.02992	0.01559	0.00463	-0.02784	0.06143	(Member $e0 eat)
p201826	-0.02622	-0.00619	0.01403	-0.02630	-0.00643	-0.00106	-0.01240	0.00353	-0.01330	-0.02248	-0.00457	-0.01241	0.00954	0.03677	0.00661	0.00506	0.00690	-0.01737	0.00031	0.00096	-0.00576	-0.00122	0.03069	-0.00768	0.01496	-0.00495	-0.00960	0.00527	0.01092	0.00778	-0.01241	-0.02792	(Member $e0 look)
p201827	0.01357	-0.00424	-0.01913	0.02078	-0.01457	0.01087	-0.00895	-0.00799	0.00866	0.03444	-0.00232	-0.02240	0.01293	-0.01266	-0.00572	0.00156	-0.00864	0.01567	0.00592	-0.00514	0.00742	0.00561	-0.00029	-0.00649	0.00228	0.00421	-0.00555	-0.00475	-0.01545	-0.00688	0.00587	0.00562	(Member $e0 provide)
p201828	-0.01710	0.03084	-0.00322	-0.03343	-0.00505	0.03892	0.02514	0.03857	0.00784	-0.04817	-0.00127	0.00508	0.04292	-0.01016	-0.02455	-0.01585	0.00998	0.01022	0.02330	0.02808	0.02311	0.00645	-0.00711	-0.01772	-0.01798	0.01441	0.01060	0.02018	-0.03656	0.00600	0.01653	-0.01564	(Member $e0 say)
p201829	0.00792	0.01597	0.01921	-0.01161	0.00703	0.00899	0.00874	0.01195	0.01046	0.00467	-0.03157	-0.04422	0.00316	0.01169	-0.00544	-0.00398	-0.01779	-0.00660	-0.02028	-0.00917	0.00463	-0.00657	0.00087	0.04754	-0.03062	-0.00344	0.00659	0.04115	0.00387	-0.01111	0.00771	-0.03033	(Member $e0 stand)
p201830	0.03310	0.22186	-0.08504	0.15972	-0.03729	0.03518	0.07859	-0.02792	-0.03112	-0.06440	-0.00275	0.14268	-0.07919	0.18791	0.21683	0.12753	0.01690	-0.03147	-0.18718	-0.06572	-0.08862	0.09800	-0.14150	-0.27950	-0.03225	-0.08632	0.08378	-0.01738	0.19732	-0.07922	0.12975	-0.07123	(Member $e0 stop)
p201831	0.04023	0.02013	-0.06534	-0.05290	0.06448	0.01555	-0.02117	-0.00200	-0.06499	-0.02344	-0.05499	0.00720	0.01438	-0.00857	-0.03817	0.00619	0.02517	-0.05290	-0.04175	-0.01832	-0.02870	0.00311	-0.02853	-0.04903	0.01498	0.03268	-0.03121	0.04084	-0.03964	0.03974	0.00016	0.04327	(Member $e0 swim)
p201832	0.02887	-0.03274	0.07257	-0.04981	-0.04377	0.02876	-0.00766	-0.00457	0.03513	0.02861	0.06210	0.10113	-0.05484	0.05328	-0.02938	-0.04207	-0.04617	0.02533	-0.05148	-0.01900	-0.01586	-0.05868	-0.01365	0.03650	0.05013	-0.07688	0.06200	-0.00378	-0.01081	0.07909	0.05898	0.07813	(Member $e0 travel)
p201833	0.01295	-0.01130	-0.01251	-0.00620	-0.00305	0.00926	-0.00755	-0.00521	0.00448	-0.00499	0.00910	-0.00115	0.01088	0.00063	-0.00804	-0.00041	-0.00396	-0.00761	0.00964	-0.00241	0.01361	0.01004	-0.00238	0.01035	-0.01472	-0.01279	-0.00536	0.01258	0.00011	-0.01083	0.00427	-0.01032	(Member $e0 want)
p201834	0.04781	-0.03824	-0.00135	-0.01763	-0.04759	0.02538	-0.00033	-0.00718	0.02621	0.05698	-0.01398	0.01263	0.05801	-0.03117	0.02828	-0.02181	0.00814	-0.00492	-0.03452	0.02448	0.00828	-0.03416	0.00374	-0.02401	-0.03852	0.02865	-0.01648	-0.02837	0.04963	0.01783	0.00132	-0.03353	(Member $x0 bad)
p201835	-0.01367	0.01736	0.00006	0.02166	-0.00239	-0.00269	-0.01350	0.01507	0.00978	0.03643	-0.00070	0.01673	-0.00290	-0.00371	-0.01030	0.00575	0.00494	-0.00749	0.00873	-0.00322	-0.00423	-0.00315	0.00397	-0.00184	-0.01449	-0.01118	-0.00024	-0.00154	-0.00471	-0.00238	0.00377	-0.01603	(Member $x0 bank)
p201836	-0.00495	-0.01650	-0.02944	0.02091	0.01042	-0.00911	-0.01674	0.03595	-0.02411	-0.01340	-0.01790	0.01229	-0.02737	-0.00931	-0.01298	0.01671	0.00514	-0.00017	-0.01280	0.03407	0.00514	-0.02211	0.01421	0.00424	0.02641	0.03904	0.03410	-0.01183	0.01168	-0.01108	0.01168	0.01936	(Member $x0 black)
p201837	0.00028	-0.00544	-0.03385	-0.02043	0.05240	-0.03826	0.00753	0.00494	-0.00674	-0.00131	0.00653	0.02572	0.02703	-0.04196	-0.01413	0.01155	-0.02768	0.00562	0.00516	-0.04228	-0.01140	0.06166	0.02432	0.00372	0.01998	-0.00902	0.03337	0.01732	0.00859	0.04720	-0.02147	0.02357	(Member $x0 blue)
p201838	0.00240	-0.00993	-0.01040	0.01736	0.00235	-0.00859	-0.00793	0.00642	0.00526	-0.00271	0.00817	-0.00864	-0.00672	0.00698	0.00588	0.02157	-0.00211	0.00334	-0.01023	0.01509	0.01542	-0.00811	-0.00435	-0.00089	-0.00571	0.00594	0.00952	-0.00137	-0.00580	0.00527	-0.01073	0.00755	(Member $x0 box)
p201839	-0.01043	-0.01358	0.00428	0.00701	0.01866	-0.00828	-0.00847	-0.01139	-0.00728	0.00283	-0.02748	-0.01363	-0.00958	-0.00157	0.02062	0.00887	0.02789	0.00207	0.00091	0.01596	0.00357	-0.01707	-0.00022	0.00073	-0.01111	-0.01063	0.03953	-0.01803	0.00271	-0.00596	0.01520	0.00349	(Member $x0 corner)
p201840	-0.00846	0.00111	0.03223	-0.00932	-0.01302	-0.02654	-0.00073	-0.02398	0.02123	0.00320	-0.01746	-0.01692	0.02075	0.03054	-0.01073	-0.02166	0.02506	-0.01951	-0.01656	0.00901	-0.00564	-0.00342	-0.00803	0.01751	-0.02420	0.02772	-0.01053	0.03613	-0.00082	-0.01600	-0.00052	-0.03074	(Member $x0 fire)
p201841	-0.01431	0.00152	-0.00593	0.00180	0.00579	-0.00836	-0.00508	-0.01435	0.00002	0.00452	-0.00957	0.00795	-0.00263	-0.00647	0.00066	0.01130	-0.00256	-0.00195	-0.00503	0.00555	0.00611	-0.00008	0.00298	0.00581	-0.00687	-0.00959	0.01204	-0.00581	0.01003	-0.00148	0.00361	0.00281	(Member $x0 fridge)
p201842	-0.02291	-0.01704	-0.01624	-0.00732	0.00460	-0.01010	-0.00810	-0.01363	-0.00214	-0.00248	-0.03439	0.00460	-0.00652	-0.00407	-0.00050	0.01837	0.02254	0.00867	-0.00997	0.02759	0.01860	-0.01752	-0.00257	0.00686	-0.01303	-0.01918	0.04544	-0.00267	0.01721	-0.02110	0.00311	0.02497	(Member $x0 full)
p201843	-0.01953	0.01504	0.00159	-0.00010	-0.00471	-0.01124	-0.00677	-0.00840	0.00530	-0.00824	-0.01189	-0.00374	-0.01292	0.02782	0.01356	-0.01855	0.01273	-0.00086	-0.01008	-0.00311	-0.00808	0.00196	-0.01177	0.03332	-0.01309	0.01451	-0.00887	-0.01217	0.01209	-0.00947	0.00007	-0.01462	(Member $x0 language)
p201844	0.00929	0.00772	-0.01487	0.00938	0.00036	-0.01488	-0.01918	0.01059	-0.01966	0.01052	0.00388	-0.01317	0.03032	0.00596	-0.02113	-0.00082	-0.00935	0.00467	0.01066	-0.00790	0.00479	-0.00131	0.03105	-0.00243	0.01736	0.01529	0.01245	0.00946	0.00280	-0.02977	0.01243	-0.00764	(Member $x0 train)
p201845	0.01398	-0.00763	-0.00701	-0.01174	0.00064	0.02075	-0.00781	-0.00740	0.00287	0.00025	-0.00423	0.00186	-0.01490	-0.00233	0.01920	0.00765	0.01149	0.00692	0.01884	-0.01246	0.01358	-0.01119	0.01327	-0.00745	0.00913	-0.02055	-0.02797	-0.00749	-0.00276	-0.00400	-0.01179	0.00585	(Member $x0 way)
p201846	-0.02264	-0.00535	0.01537	-0.00789	-0.01561	-0.02323	-0.00075	-0.01689	0.01724	-0.01191	-0.01385	0.00566	0.00999	0.00012	0.00881	-0.00280	0.03259	-0.01284	-0.01386	-0.00938	-0.00647	0.01648	-0.00683	0.01261	-0.00777	0.01972	-0.03382	0.00824	-0.00534	-0.00173	-0.00315	0.00402	(Member $x0 wind)
p201847	-0.01247	0.02148	0.00656	-0.02315	-0.02254	0.01999	-0.02636	0.00264	0.00732	0.00188	-0.02945	0.02398	0.04120	0.00797	-0.00335	0.04716	-0.01645	-0.01706	0.02151	0.01706	-0.01792	-0.01534	-0.00534	0.01053	0.00794	0.01525	0.04208	-0.00396	0.00589	-0.01281	-0.02449	-0.02705	(Member $x0 world)
p201848	-0.00342	-0.00813	-0.00500	0.01087	-0.01002	0.00004	-0.00421	-0.00975	-0.01279	-0.00485	-0.02052	-0.01671	-0.00789	-0.00642	0.01221	-0.01975	-0.01345	0.00106	0.01694	0.01060	-0.01768	0.02761	-0.00849	0.00307	-0.00711	0.00020	0.02153	-0.00152	0.00948	0.03096	0.00082	-0.00076	(Of $x0 $x1)
p201849	-0.02493	0.03291	0.02710	-0.00168	0.01703	-0.00767	-0.01608	-0.02181	-0.03015	0.03109	0.02273	-0.02733	0.03340	-0.04458	-0.00220	0.02280	0.01223	0.00294	-0.04270	-0.02025	-0.02687	-0.01036	0.02769	-0.03773	0.05189	0.05361	0.03032	0.01070	-0.00319	-0.02799	0.01326	-0.02234	(Over $e0 $x0)
p201850	0.00638	0.00895	-0.00710	-0.00496	-0.00235	-0.01609	-0.01872	0.00223	-0.00241	0.01849	0.01502	0.01459	0.00828	0.00566	-0.01792	0.00106	0.02025	0.01605	0.00687	-0.00407	-0.00192	-0.00198	0.00654	-0.00109	-0.01542	0.00856	-0.00608	0.00839	0.00313	-0.00705	-0.00636	-0.00412	(Still $e0)
p201851	0.00841	0.03391	-0.02806	-0.00099	0.07973	0.04959	-0.02815	0.00094	0.00754	-0.01357	0.02096	0.02474	-0.00713	-0.02643	-0.03288	-0.02158	-0.00356	-0.02215	-0.00632	0.04092	0.01307	0.06063	0.02125	-0.04192	0.00288	-0.00348	-0.01001	0.00525	-0.02683	0.00401	0.04627	0.03971	(Stimulus $e0 $e1)
p201852	0.03375	-0.00360	-0.02188	0.02075	-0.00139	0.00851	-0.00768	-0.02027	0.02146	0.02218	0.00724	-0.00171	0.00486	-0.01613	-0.03571	-0.00519	0.00263	-0.00728	0.01989	-0.00366	0.02866	0.00030	-0.00178	0.00992	-0.02956	-0.01122	-0.01194	0.04469	-0.02418	-0.01650	0.01085	-0.01723	(Time $e0 (Year <num>))
p201853	-0.02128	0.01572	0.00232	0.01058	-0.01848	-0.01575	-0.02690	-0.01110	-0.01289	0.01010	0.00158	-0.00206	0.02824	0.03750	-0.00837	0.01019	-0.00125	0.01498	0.02000	0.00307	0.00186	0.00857	0.03301	-0.00553	-0.02281	-0.00786	-0.00220	-0.00897	-0.00621	-0.00114	0.01230	-0.03363	(Time $e0 today)
p201854	-0.02055	-0.01193	-0.01793	-0.03263	-0.03229	-0.00376	-0.01613	-0.01120	-0.01079	0.00925	0.01530	-0.01395	0.08206	-0.04935	-0.03106	0.01487	-0.00185	0.00189	-0.02450	-0.02377	-0.00962	0.03064	-0.00280	-0.00219	0.00505	0.03226	0.00612	0.04163	-0.01757	-0.01085	0.01415	0.00779	(TimeAtMost $e0 (Year <num>))
p201855	-0.00776	-0.00464	0.01347	-0.01062	-0.00080	-0.00584	0.02352	0.00198	-0.00631	-0.00601	-0.00568	-0.01038	-0.00343	-0.00414	-0.00252	-0.00654	-0.00403	-0.01220	-0.00786	-0.00567	0.00429	-0.00047	-0.01090	-0.00478	0.01648	0.00234	0.00487	0.01088	0.00160	0.00203	-0.00344	-0.01340	(Yet $e0)
p201863	-0.06885	-0.08106	-0.04729	0.07755	0.03171	-0.01942	0.01637	0.00509	-0.03628	0.03268	0.01373	0.05598	0.01689	0.05417	0.06148	-0.12666	0.00908	0.14322	-0.03383	0.19995	-0.00866	-0.06886	-0.07840	0.00227	0.05143	-0.13807	-0.06576	0.09957	-0.04030	-0.05905	-0.05941	-0.18562	(And (Agent $e0 $x0) (Member $e0 start) (Ongoing $e1) (Theme $e0 $e1))
p201864	-0.06885	-0.08106	-0.04729	0.07755	0.03171	-0.01942	0.01637	0.00509	-0.03628	0.03268	0.01373	0.05598	0.01689	0.05417	0.06148	-0.12666	0.00908	0.14322	-0.03383	0.19995	-0.00866	-0.06886	-0.07840	0.00227	0.05143	-0.13807	-0.06576	0.09957	-0.04030	-0.05905	-0.05941	-0.18562	(And (Agent $e0 $x0) (Member $e1 start) (Ongoing $e0) (Theme $e1 $e0))
p201865	-0.06885	-0.08106	-0.04729	0.07755	0.03171	-0.01942	0.01637	0.00509	-0.03628	0.03268	0.01373	0.05598	0.01689	0.05417	0.06148	-0.12666	0.00908	0.14322	-0.03383	0.19995	-0.00866	-0.06886	-0.07840	0.00227	0.05143	-0.13807	-0.06576	0.09957	-0.04030	-0.05905	-0.05941	-0.18562	(And (Agent $e0 $x0) (Member $e1 start) (Past $e1) (Theme $e1 $e0))
p201866	-0.02146	0.02140	-0.06549	0.00166	0.03681	-0.02920	0.00833	0.06195	0.10482	-0.09225	0.00084	0.02925	-0.05093	0.02938	0.13938	-0.03031	-0.02789	-0.00174	0.07539	-0.00949	0.04537	0.04837	0.00091	0.01816	0.06995	-0.06604	-0.03349	0.02904	0.07679	-0.01738	0.00784	0.10300	(And (Agent $e0 $x0) (Member $x0 person) (Past $e0) (Patient $e0 $x1))
p201867	-0.06291	-0.04610	0.01255	0.04460	0.04411	-0.00121	0.07715	-0.00736	-0.03424	0.05073	0.02626	0.07628	-0.03395	0.01881	0.01249	-0.05397	-0.07109	-0.00026	0.05088	0.00371	-0.00623	-0.03485	0.08546	0.04306	-0.05833	0.00383	0.03485	0.05149	-0.04037	-0.01222	-0.09780	-0.01698	(And (Agent $e0 $x0) (Past $e0) (Patient $e1 $x1) (Theme $e0 $e1))
p201869	0.06804	-0.03903	-0.07861	-0.02203	0.09546	-0.03186	0.04765	0.00928	0.05871	-0.03109	-0.01568	0.04834	0.10680	-0.05070	-0.02945	0.09711	-0.04460	0.09317	-0.02992	-0.12567	-0.02577	0.11771	0.08293	0.05969	0.11781	-0.02534	0.08813	-0.08028	-0.07153	0.02917	-0.06568	-0.00697	(And (Member $e0 start) (Ongoing $e1) (Patient $e0 $x0) (Theme $e0 $e1))
p201871	0.06427	-0.06297	-0.06898	0.00430	0.07250	-0.05716	0.06044	-0.01679	0.02664	-0.01113	-0.02488	0.02855	0.06873	-0.01879	-0.01438	0.04583	-0.00161	0.07674	0.01367	-0.04290	-0.02145	0.09499	0.03213	0.06004	0.11825	-0.06898	0.04698	-0.06661	-0.04417	0.02996	-0.05770	-0.01820	(And (Ongoing $e0) (Past $e1) (Patient $e0 $x0) (Theme $e1 $e0))
p202094	0.06905	0.01007	-0.05929	-0.03440	0.08208	0.00746	-0.02643	0.01835	-0.05840	-0.04946	-0.03457	-0.01516	0.00292	0.02189	-0.02857	0.01933	0.03067	-0.05081	-0.05437	0.00518	-0.01813	-0.00620	-0.02984	-0.07533	0.00686	0.05494	-0.04651	0.04905	-0.05991	0.08372	-0.01942	0.04695	(And (Agent $e0 $x0) (GroupOf $x0 child) (Ongoing $e0))
p202095	-0.06885	-0.08106	-0.04729	0.07755	0.03171	-0.01942	0.01637	0.00509	-0.03628	0.03268	0.01373	0.05598	0.01689	0.05417	0.06148	-0.12666	0.00908	0.14322	-0.03383	0.19995	-0.00866	-0.06886	-0.07840	0.00227	0.05143	-0.13807	-0.06576	0.09957	-0.04030	-0.05905	-0.05941	-0.18562	(And (Agent $e0 $x0) (Member $e1 start) (Theme $e1 $e0))
p202096	-0.01560	-0.02853	0.02606	-0.03150	-0.03616	0.02126	-0.02219	-0.00264	-0.07605	-0.00621	-0.06100	0.02470	0.00809	-0.00843	0.00090	0.02565	0.03735	-0.00731	-0.02317	-0.01277	0.01068	-0.00408	-0.03483	0.03671	-0.01174	-0.00816	-0.01807	-0.03719	0.01162	-0.01948	-0.02834	-0.01563	(And (Agent $e0 $x0) (Member $x0 cat) (Past $e0))
p202097	-0.02387	-0.01699	0.09892	0.04184	0.08474	-0.01212	0.02972	-0.02408	-0.02511	0.01300	0.04708	0.03475	-0.00025	0.03506	-0.00560	-0.07246	-0.07172	-0.00564	0.05770	-0.02155	0.06904	-0.01078	0.09389	0.06249	-0.10582	0.01138	0.03455	0.00894	0.04068	-0.02118	-0.08257	0.04486	(And (Agent $e0 $x0) (Member $x0 man) (Patient $e0 $x1))
p202098	0.01888	0.01446	-0.02081	0.01573	-0.01015	0.04363	-0.02253	-0.01171	0.00233	0.01099	-0.04037	-0.03268	-0.04188	0.03444	0.04669	-0.02526	0.02351	-0.00410	0.00792	-0.01001	0.02578	0.01758	0.03421	0.00201	0.01852	-0.03715	-0.00706	-0.04204	0.00954	0.02806	-0.01497	-0.00097	(And (Agent $e0 $x0) (Member $x1 new) (Theme $e0 $x1))
p202099	-0.02098	-0.04985	0.03739	-0.02704	0.06733	-0.03388	0.02069	0.07200	-0.00065	0.05581	0.01796	-0.01510	-0.01265	-0.00217	-0.03160	0.03626	-0.00161	-0.07291	-0.02031	-0.01757	0.02542	0.05133	-0.02435	-0.03553	0.01314	0.00851	0.01055	0.07789	0.04646	0.04552	-0.03365	-0.03480	(And (Cardinality $x0 <num>) (Member $e0 have) (Theme $e0 $x0))
p202100	-0.03528	-0.06655	0.03888	-0.02381	0.06210	-0.02660	0.03298	0.04411	-0.01892	0.02103	-0.00024	-0.03212	-0.02032	-0.01276	-0.02865	0.03142	-0.02458	-0.07254	-0.02200	-0.01252	0.02431	0.06026	-0.02776	-0.03718	0.02165	0.00979	0.01889	0.09869	0.04373	0.06436	-0.01881	-0.03804	(And (Cardinality $x0 <num>) (Past $e0) (Theme $e0 $x0))
p202102	0.00762	0.02528	0.08525	0.04895	-0.08839	-0.10202	0.18144	0.11168	-0.03869	0.17629	-0.02621	-0.10184	-0.15519	-0.25596	0.10222	0.05111	-0.08327	0.19844	-0.08554	0.02885	-0.06225	0.08543	0.04182	-0.00483	-0.03197	-0.09881	-0.07328	0.03163	-0.10043	-0.08607	0.11250	0.24288	(And (Location $e0 $x0) (Member $x0 table) (Past $e0))
p202103	-0.03602	0.03801	-0.04097	0.06302	0.01273	0.02511	-0.00749	0.07006	0.08517	-0.01646	-0.00490	0.00958	-0.00123	0.00372	0.02214	0.02653	-0.05875	-0.01408	0.05712	0.00532	0.01061	-0.02821	-0.01711	0.01999	-0.03161	-0.03407	0.02107	0.05545	-0.01860	0.01457	0.04324	-0.02185	(And (Member $e0 open) (Member $x0 door) (Patient $e0 $x0))
p202104	0.00638	-0.00019	-0.01915	0.01240	-0.02318	0.03630	-0.01588	-0.00817	-0.00863	0.00534	-0.03374	-0.02970	-0.03286	0.00787	0.05144	-0.02111	0.01603	-0.00252	0.01132	-0.00889	0.01872	0.02334	0.03499	-0.00561	0.02046	-0.03601	0.00251	-0.02558	0.00853	0.03889	-0.02211	0.00353	(And (Member $x0 new) (Past $e0) (Theme $e0 $x0))
p202105	0.01466	0.01538	0.00767	0.00215	-0.02165	0.03127	-0.01368	0.01572	-0.00081	0.00102	-0.03654	0.00025	-0.03884	-0.00592	0.01328	-0.01336	0.02799	0.00074	0.00324	-0.00556	0.00447	-0.04956	0.03411	0.02222	0.02299	-0.00309	-0.02120	0.01588	0.00662	-0.02080	-0.02929	-0.02434	(And (Member $x0 sound) (Past $e0) (Patient $e0 $x0))
p202106	-0.00383	-0.00741	-0.00464	0.00981	-0.00980	0.00063	-0.00459	-0.00907	-0.01302	-0.00547	-0.02068	-0.01569	-0.00737	-0.00593	0.01152	-0.01854	-0.01258	0.00161	0.01668	0.01078	-0.01650	0.02642	-0.00790	0.00259	-0.00762	0.00064	0.02148	-0.00116	0.00872	0.03105	0.00094	-0.00109	(And (Of $x0 $x1) (Past $e0) (Theme $e0 $x0))
p202107	0.03674	0.20572	-0.09862	0.14779	-0.04079	0.04358	0.09697	-0.02407	-0.03222	-0.07280	0.00242	0.13395	-0.07660	0.18206	0.21167	0.12614	0.03221	-0.03122	-0.19950	-0.09385	-0.08828	0.09648	-0.13908	-0.26932	-0.03613	-0.07933	0.07895	-0.01496	0.19545	-0.08268	0.13247	-0.05878	(And (Past $e0) (Past $e1) (Theme $e0 $e1))
p202108	-0.01629	-0.02782	0.07922	-0.05256	-0.02899	0.02225	-0.00115	-0.02344	0.00817	-0.01410	-0.02423	-0.00747	-0.03540	0.01463	-0.01525	-0.02464	0.04782	-0.00948	-0.06731	-0.01982	-0.01782	-0.05100	0.02978	-0.02859	0.06338	-0.02034	0.00031	0.06590	0.00798	0.05252	-0.00890	-0.00797	(And (Past $e0) (Patient $e0 $x0) (SubsetOf $x0 $x1))
p202265	-0.06885	-0.08106	-0.04729	0.07755	0.03171	-0.01942	0.01637	0.00509	-0.03628	0.03268	0.01373	0.05598	0.01689	0.05417	0.06148	-0.12666	0.00908	0.14322	-0.03383	0.19995	-0.00866	-0.06886	-0.07840	0.00227	0.05143	-0.13807	-0.06576	0.09957	-0.04030	-0.05905	-0.05941	-0.18562	(And (Agent $e0 $x0) (Member $e0 start) (Past $e0) (Theme $e0 $e1))
p202296	-0.06310	-0.08883	0.15960	-0.07654	0.13718	0.03367	0.20971	-0.11185	0.17988	0.05238	-0.02640	-0.06667	-0.10269	0.02999	-0.11286	0.17605	-0.15412	-0.00899	0.13198	-0.07370	0.12275	0.16364	-0.03613	-0.04373	0.13211	0.04180	-0.11216	0.11328	0.17591	-0.18404	0.14125	-0.13121	(And (Agent $e0 $x0) (Member $e0 contain) (Theme $e0 $x1))
p202297	-0.03902	0.05658	-0.00822	-0.00528	-0.00080	-0.00194	-0.02183	-0.00770	-0.01383	0.02366	0.00818	-0.00529	0.02585	-0.01433	-0.01425	0.00421	-0.00827	-0.01116	-0.04502	-0.02047	-0.00786	-0.00877	0.00066	0.03943	0.01198	0.04190	0.02070	0.01091	0.00908	-0.03383	0.01222	-0.03013	(And (Agent $e0 $x0) (Member $e0 jump) (Past $e0))
p202298	-0.06885	-0.08106	-0.04729	0.07755	0.03171	-0.01942	0.01637	0.00509	-0.03628	0.03268	0.01373	0.05598	0.01689	0.05417	0.06148	-0.12666	0.00908	0.14322	-0.03383	0.19995	-0.00866	-0.06886	-0.07840	0.00227	0.05143	-0.13807	-0.06576	0.09957	-0.04030	-0.05905	-0.05941	-0.18562	(And (Agent $e0 $x0) (Member $e0 start) (Past $e0))
p202299	-0.06885	-0.08106	-0.04729	0.07755	0.03171	-0.01942	0.01637	0.00509	-0.03628	0.03268	0.01373	0.05598	0.01689	0.05417	0.06148	-0.12666	0.00908	0.14322	-0.03383	0.19995	-0.00866	-0.06886	-0.07840	0.00227	0.05143	-0.13807	-0.06576	0.09957	-0.04030	-0.05905	-0.05941	-0.18562	(And (Agent $e0 $x0) (Member $e0 start) (Theme $e0 $e1))
p202300	0.03973	0.03275	-0.06133	-0.04109	0.06917	0.00803	-0.02904	-0.00225	-0.05459	-0.01709	-0.04635	-0.00210	0.02158	-0.00653	-0.03769	-0.00123	0.01795	-0.04472	-0.04152	-0.00775	-0.02063	0.00402	-0.02382	-0.04974	0.01986	0.03148	-0.01923	0.04557	-0.03528	0.03760	0.00509	0.04058	(And (Agent $e0 $x0) (Member $e0 swim) (Ongoing $e0))
p202301	0.03216	0.00539	0.00438	0.02114	0.00034	-0.01145	-0.00777	-0.02406	0.01094	0.02376	-0.01565	-0.01162	-0.00907	0.00044	-0.02622	-0.02034	0.02757	0.00270	-0.00218	0.01162	-0.01432	0.00295	0.01295	-0.00824	0.00864	0.00962	0.00061	0.00691	-0.02629	-0.01314	-0.00751	-0.01686	(And (Already $e0) (Past $e0) (Patient $e0 $x0))
p202302	-0.04077	-0.00102	0.02305	-0.04288	-0.02450	-0.01816	0.00792	0.02420	-0.05885	-0.00767	-0.01829	-0.01448	-0.01934	-0.00273	0.00699	0.02882	0.02724	-0.00652	-0.05676	0.00169	-0.04112	0.01221	0.01876	0.01211	-0.01215	0.01454	-0.05585	-0.01536	-0.03280	0.01495	0.01650	-0.00315	(And (Experiencer $e0 $x0) (Member $e0 sleep) (Ongoing $e0))
p202303	-0.01259	0.01942	0.08796	0.03933	-0.10559	-0.11323	0.19269	0.13561	-0.05891	0.19319	-0.03233	-0.12128	-0.15974	-0.25963	0.10162	0.06676	-0.06915	0.20383	-0.11671	0.00858	-0.05985	0.08034	0.05858	0.01241	-0.04185	-0.10383	-0.10426	0.03035	-0.13423	-0.09926	0.12814	0.24022	(And (Experiencer $e0 $x0) (Ongoing $e0) (Past $e0))
p202304	-0.01035	-0.01466	0.01942	0.03052	0.05856	0.00413	-0.01747	0.03387	0.01377	-0.00655	0.04464	-0.00608	0.00999	0.02370	0.10961	-0.00822	0.02142	0.05405	0.00437	0.06384	0.00425	-0.08975	-0.03563	0.01436	-0.00747	-0.03848	-0.01522	0.00400	-0.02830	-0.02259	0.00957	-0.08638	(And (Goal $e0 $x0) (Member $e0 walk) (Past $e0))
p202305	0.07262	0.00079	0.02013	0.02774	0.09137	-0.03313	0.00486	-0.00512	0.02720	-0.00011	-0.01036	-0.06635	-0.00165	-0.01116	0.04597	-0.02755	0.05201	-0.00946	0.03501	-0.00979	-0.04592	-0.03312	-0.00213	-0.03701	0.00703	0.00206	0.04074	-0.01944	-0.02748	0.01191	0.06077	0.01976	(And (Goal $e0 $x0) (Past $e0) (Patient $e0 $x1))
p202306	-0.01033	0.00374	-0.01203	0.01508	-0.01192	-0.01896	-0.01465	-0.00873	-0.04763	0.02143	-0.01541	0.05000	-0.04641	-0.01930	-0.04054	0.01871	0.01598	-0.01249	0.01557	-0.00109	-0.00453	-0.02368	0.00105	0.01115	0.01710	0.02238	-0.03639	0.00453	-0.01920	-0.01648	0.01965	-0.02242	(And (Instrument $e0 $x0) (Past $e0) (Patient $e0 $x1))
p202307	0.13365	-0.11884	-0.08459	-0.12289	-0.10821	-0.03445	0.11829	-0.21347	0.14730	0.18596	-0.01437	0.06337	0.12059	-0.07916	0.15348	-0.07413	-0.02605	-0.06044	-0.07313	0.14684	0.07803	-0.05680	0.02677	-0.13765	-0.13779	0.09984	-0.06847	-0.02002	0.07788	0.10803	0.06719	-0.04825	(And (Member $e0 get) (Ongoing $e0) (Patient $e0 $x0))
p202308	0.15632	-0.13171	-0.08710	-0.12630	-0.11454	-0.02461	0.12546	-0.20002	0.15482	0.17971	-0.01531	0.04739	0.11887	-0.08215	0.15622	-0.09076	-0.02577	-0.05107	-0.07955	0.14002	0.08037	-0.07126	0.01896	-0.11785	-0.13749	0.11138	-0.06417	-0.01545	0.08559	0.09289	0.05769	-0.04178	(And (Member $e0 get) (Ongoing $e0) (Result $e0 $e1))
p202309	0.09986	-0.04205	0.07483	0.06666	-0.04594	0.05256	-0.02752	0.07264	-0.07526	-0.02869	0.02630	-0.03966	0.04198	-0.03189	-0.00975	0.00348	-0.01310	0.07194	-0.06935	-0.02834	0.05012	-0.05369	-0.02663	0.04951	0.00223	0.05300	-0.00006	-0.04753	0.07911	-0.01403	-0.06260	-0.01991	(And (Member $e0 make) (Past $e0) (Result $e0 $e1))
p202310	0.06804	-0.03903	-0.07861	-0.02203	0.09546	-0.03186	0.04765	0.00928	0.05871	-0.03109	-0.01568	0.04834	0.10680	-0.05070	-0.02945	0.09711	-0.04460	0.09317	-0.02992	-0.12567	-0.02577	0.11771	0.08293	0.05969	0.11781	-0.02534	0.08813	-0.08028	-0.07153	0.02917	-0.06568	-0.00697	(And (Member $e0 start) (Patient $e0 $x0) (Theme $e0 $e1))
p202311	-0.02903	-0.01575	-0.04071	-0.01218	0.01057	-0.00628	0.02212	0.00805	-0.03201	-0.03104	-0.02049	0.04715	0.00108	-0.00922	0.04567	-0.05807	-0.01221	0.04988	0.02812	0.04292	0.02756	-0.00505	-0.01132	-0.01841	0.02898	-0.07591	-0.02199	0.06833	-0.02253	0.03569	-0.04977	-0.03956	(And (Member $e0 take) (Past $e0) (Theme $e0 $x0))
p202312	0.06015	-0.01476	-0.02726	0.03512	0.04209	-0.01874	-0.00627	0.03099	-0.03604	0.00466	-0.03793	-0.02890	-0.04285	-0.03808	-0.03384	-0.04830	0.03789	-0.00543	-0.00965	-0.00355	-0.05234	0.00068	0.02389	-0.00106	0.07835	0.06981	0.04028	-0.03105	-0.01410	-0.01950	0.04259	0.01894	(And (Member $e0 turn) (Past $e0) (Patient $e0 $x0))
p202313	-0.04329	0.05861	-0.00512	0.00649	0.01321	0.01097	-0.01716	0.00046	-0.00078	-0.01345	-0.04365	-0.01913	-0.04794	0.06396	0.02325	-0.03978	0.00751	-0.02274	-0.03470	-0.00531	-0.00302	-0.01302	-0.01575	0.09611	-0.03527	0.01689	0.01678	-0.01845	0.03201	0.00685	0.01752	-0.06291	(And (Ongoing $e0) (Past $e0) (Theme $e0 $x0))
p202314	0.08979	0.01137	-0.06161	0.02239	0.05354	-0.06108	0.06051	-0.02769	0.03418	-0.02376	-0.00793	0.01455	0.06445	0.01243	-0.00869	0.10552	0.02056	0.05151	-0.03029	-0.10372	-0.03884	0.10902	0.03918	0.00669	0.10345	-0.02951	0.08449	-0.09608	0.00460	0.01081	-0.00493	0.01399	(And (Past $e0) (Patient $e0 $x0) (Theme $e0 $e1))
p202315	0.00023	0.02446	-0.02721	-0.02091	-0.02848	0.06417	-0.02963	-0.01611	0.00663	-0.01279	-0.01889	-0.02856	-0.03439	-0.00971	0.09517	-0.02338	0.02576	0.01847	0.02588	-0.01743	0.05159	-0.01117	0.11406	-0.03584	0.06539	-0.06434	-0.01673	0.02006	0.03150	0.05061	-0.08900	0.02329	(And (Past $e0) (Source $e0 $x0) (Theme $e0 $x1))
p202401	0.00532	0.03407	-0.01866	0.00005	0.01602	-0.00104	-0.01949	-0.00850	0.00426	0.01782	0.00041	-0.01698	0.02974	0.01874	-0.02222	-0.00422	-0.00588	0.00410	-0.00985	-0.01470	0.01041	-0.00436	0.00816	0.01555	-0.00905	0.01390	0.00227	0.01176	-0.00396	-0.02266	0.01589	-0.00752	(And (Agent $e0 $x0) (For $e0 $x1))
p202402	0.00547	0.03810	0.02711	0.01974	0.03452	0.00498	-0.02857	-0.01340	-0.04903	-0.00378	0.00100	0.00154	0.03732	0.00261	-0.01692	-0.01980	-0.01314	0.00347	-0.03115	-0.01693	0.03074	0.01157	-0.00775	0.00762	-0.01270	-0.01135	0.00403	-0.00662	0.04762	-0.00955	-0.00239	0.00315	(And (Agent $e0 $x0) (GroupOf $x0 boy))
p202403	0.01500	0.03120	-0.00411	0.01645	0.03613	-0.00889	-0.02783	0.00713	-0.00138	0.01213	0.03441	-0.03508	0.04488	0.00545	0.00727	0.04164	0.00237	0.01746	-0.01391	-0.00925	0.00781	-0.01682	0.02069	-0.02803	0.00825	0.04280	0.01446	-0.00034	-0.02568	-0.00575	0.01483	-0.00339	(And (Agent $e0 $x0) (GroupOf $x0 student))
p202404	-0.06310	-0.08883	0.15960	-0.07654	0.13718	0.03367	0.20971	-0.11185	0.17988	0.05238	-0.02640	-0.06667	-0.10269	0.02999	-0.11286	0.17605	-0.15412	-0.00899	0.13198	-0.07370	0.12275	0.16364	-0.03613	-0.04373	0.13211	0.04180	-0.11216	0.11328	0.17591	-0.18404	0.14125	-0.13121	(And (Agent $e0 $x0) (Member $e0 contain))
p202405	0.00804	0.00331	-0.02678	-0.02191	0.00855	0.01431	0.01098	-0.00260	0.02006	-0.03701	-0.01299	-0.00371	-0.01477	0.01163	0.05028	-0.02211	0.03274	-0.01123	0.00267	-0.01806	0.00961	0.01410	0.01939	-0.02709	0.02110	-0.02368	-0.04133	0.02563	0.02058	0.00575	-0.02797	0.06214	(And (Agent $e0 $x0) (Member $e0 eat))
p202406	0.01198	0.02558	-0.00721	-0.01776	0.00621	0.00606	-0.01767	-0.00796	-0.00592	0.01090	-0.01440	0.00463	0.02239	0.00494	-0.01494	0.00430	-0.01219	-0.01586	0.00220	-0.00274	-0.01206	-0.00456	-0.00440	0.00664	0.01390	0.02141	0.01342	0.00583	-0.00185	-0.01152	-0.01337	-0.00262	(And (Agent $e0 $x0) (Member $e0 fly))
p202407	-0.03895	0.05664	-0.00815	-0.00525	-0.00074	-0.00185	-0.02174	-0.00763	-0.01380	0.02374	0.00821	-0.00518	0.02595	-0.01426	-0.01415	0.00431	-0.00816	-0.01110	-0.04497	-0.02041	-0.00782	-0.00868	0.00071	0.03950	0.01206	0.04199	0.02075	0.01100	0.00915	-0.03375	0.01230	-0.03008	(And (Agent $e0 $x0) (Member $e0 jump))
p202408	0.01251	-0.00340	-0.01863	0.01970	-0.01399	0.01197	-0.00891	-0.00693	0.00784	0.03320	-0.00299	-0.02120	0.01316	-0.01256	-0.00592	0.00281	-0.00750	0.01567	0.00568	-0.00467	0.00814	0.00489	0.00025	-0.00700	0.00189	0.00505	-0.00534	-0.00421	-0.01563	-0.00646	0.00605	0.00532	(And (Agent $e0 $x0) (Member $e0 provide))
p202409	-0.06885	-0.08106	-0.04729	0.07755	0.03171	-0.01942	0.01637	0.00509	-0.03628	0.03268	0.01373	0.05598	0.01689	0.05417	0.06148	-0.12666	0.00908	0.14322	-0.03383	0.19995	-0.00866	-0.06886	-0.07840	0.00227	0.05143	-0.13807	-0.06576	0.09957	-0.04030	-0.05905	-0.05941	-0.18562	(And (Agent $e0 $x0) (Member $e0 start))
p202410	0.03963	0.03265	-0.06143	-0.04120	0.06907	0.00793	-0.02915	-0.00235	-0.05470	-0.01719	-0.04646	-0.00220	0.02148	-0.00664	-0.03779	-0.00133	0.01786	-0.04482	-0.04162	-0.00785	-0.02074	0.00394	-0.02392	-0.04985	0.01977	0.03138	-0.01934	0.04547	-0.03537	0.03752	0.00499	0.04049	(And (Agent $e0 $x0) (Member $e0 swim))
p202411	-0.05221	-0.02077	0.05527	0.01488	0.09090	0.01144	0.09253	-0.00793	-0.00801	0.03800	0.04704	0.03413	-0.05810	0.04381	-0.02830	-0.08538	-0.07986	-0.04921	0.06634	-0.04792	0.01017	-0.08055	0.14510	0.09713	-0.13347	0.09535	0.06497	0.06550	-0.01776	-0.03342	-0.10674	0.05834	(And (Agent $e0 $x0) (Member $e0 try))
p202412	0.02267	-0.00296	-0.01992	0.02162	0.00544	0.00008	-0.01620	-0.00086	-0.00780	0.01868	0.01458	0.00295	0.00724	-0.00502	-0.02215	0.04290	0.00119	0.03685	-0.01150	0.00518	0.02576	-0.01755	0.00146	-0.03268	-0.00051	0.02583	-0.01077	0.00110	-0.03021	-0.00508	-0.00387	0.03540	(And (Agent $e0 $x0) (Member $e0 use))
p202413	-0.01560	-0.02853	0.02606	-0.03150	-0.03616	0.02126	-0.02219	-0.00264	-0.07605	-0.00621	-0.06100	0.02470	0.00809	-0.00843	0.00090	0.02565	0.03735	-0.00731	-0.02317	-0.01277	0.01068	-0.00408	-0.03483	0.03671	-0.01174	-0.00816	-0.01807	-0.03719	0.01162	-0.01948	-0.02834	-0.01563	(And (Agent $e0 $x0) (Member $x0 cat))
p202414	-0.03148	-0.04027	0.01260	0.02274	0.05448	-0.00501	0.05096	0.00694	-0.02055	-0.00506	-0.00033	0.01046	-0.04897	0.04487	-0.02725	-0.02287	-0.05032	-0.04763	0.02712	-0.02849	0.02404	0.00307	0.05086	0.04181	-0.07422	0.06291	-0.00244	0.04563	-0.02996	0.03183	-0.06385	0.03766	(And (Agent $e0 $x0) (Member $x0 company))
p202415	-0.02434	0.02722	0.02400	-0.00417	0.02149	-0.01008	-0.01192	-0.01566	-0.02702	0.02556	0.02600	-0.02327	0.03750	-0.04013	0.00364	0.02388	0.00097	0.00364	-0.03638	-0.01917	-0.02462	-0.00338	0.01742	-0.03178	0.04447	0.04934	0.03277	0.00444	0.00018	-0.02684	0.01696	-0.01683	(And (Agent $e0 $x0) (Over $e0 $x1))
p202416	0.03206	0.00528	0.00426	0.02104	0.00023	-0.01159	-0.00789	-0.02420	0.01076	0.02367	-0.01576	-0.01172	-0.00921	0.00028	-0.02635	-0.02047	0.02746	0.00259	-0.00231	0.01151	-0.01444	0.00285	0.01284	-0.00841	0.00853	0.00949	0.00048	0.00679	-0.02639	-0.01325	-0.00762	-0.01693	(And (Already $e0) (Past $e0))
p202417	0.01286	0.01975	0.00947	0.00020	-0.00710	-0.00537	-0.01821	-0.01401	0.01790	0.02540	0.00268	0.00342	0.00696	0.03011	-0.03958	-0.02142	0.01079	-0.00299	-0.02941	-0.01047	-0.00159	-0.02794	-0.00088	0.01350	-0.00999	-0.00739	0.01844	0.03304	-0.02297	0.00554	0.04209	-0.00748	(And (Before $e0 $e1) (Past $e1))
p202418	-0.01822	0.01418	0.03092	0.05433	-0.00629	0.00747	-0.02131	0.01309	-0.02035	0.01046	0.02837	0.02794	-0.00506	-0.00551	-0.01190	0.03709	-0.02501	0.01007	-0.01016	0.01009	0.01615	-0.00342	0.00949	-0.01987	-0.01343	-0.00015	-0.00742	-0.01201	-0.01440	0.02721	-0.00088	-0.01369	(And (Can $e0) (Patient $e0 $x0))
p202419	0.01994	0.00464	0.00414	-0.00281	0.00404	0.00486	-0.00564	-0.00976	0.02713	-0.00224	0.01859	0.01829	-0.01705	0.01596	-0.00884	-0.01145	-0.00973	0.04992	0.00785	-0.00577	-0.00270	-0.00596	0.00144	-0.01347	0.00788	-0.00763	-0.00305	-0.00438	0.00242	0.01052	0.02315	0.03807	(And (Can $e0) (Theme $e0 $x0))
p202420	-0.06283	-0.04484	0.01993	-0.03202	0.02077	-0.01203	0.01249	-0.01807	-0.01144	-0.01705	-0.05044	-0.00965	-0.01206	-0.00759	-0.01540	0.04631	0.01678	-0.00806	-0.03585	0.03536	0.02643	-0.02023	-0.01055	-0.00823	0.00884	-0.00488	0.06085	0.04544	0.04436	-0.02169	0.00252	-0.00593	(And (Cardinality $x0 <num>) (LocatedIn $x0 $x1))
p202421	0.01495	0.00100	-0.00320	0.01150	-0.00303	-0.01148	-0.00712	-0.01121	0.00529	0.01196	0.00053	-0.01106	0.01089	0.00854	-0.01989	-0.00375	0.00738	-0.00148	0.00768	-0.00239	0.00638	0.00028	0.00857	0.00029	-0.01195	-0.00538	-0.00024	0.01633	-0.01259	-0.00769	0.00927	-0.01086	(And (During $e0 $x0) (Past $e0))
p202422	-0.01623	-0.00636	0.00739	-0.03504	-0.01510	-0.00531	-0.00905	0.01131	-0.01981	-0.03402	-0.00347	-0.01770	0.02689	0.06208	0.00653	0.01345	0.02544	-0.01497	0.00334	-0.00373	-0.01430	0.00323	0.04476	0.00131	0.00260	-0.01005	-0.01573	-0.01473	0.00592	0.01398	-0.00873	-0.02150	(And (Experiencer $e0 $x0) (Like $e0 $x1))
p202423	-0.01296	-0.05632	-0.00029	-0.05697	-0.02667	0.05010	0.02341	0.00997	-0.06113	-0.02997	-0.03524	0.02376	0.00358	0.03568	-0.03906	0.02686	0.05179	-0.03216	-0.00188	-0.02621	-0.04583	-0.00255	0.03973	-0.02714	-0.05223	0.03235	-0.05436	-0.01923	-0.04702	0.01094	-0.01966	0.00489	(And (Experiencer $e0 $x0) (Member $e0 need))
p202424	0.00886	-0.00463	0.00384	0.00567	0.00638	-0.03854	-0.00708	0.00346	-0.02605	0.00943	-0.00599	-0.00243	0.00009	0.03498	-0.02202	-0.00529	-0.02068	-0.00131	0.03571	0.00695	0.01488	0.00369	0.03525	0.01427	0.00960	-0.00030	0.00771	0.01086	0.01614	-0.03377	0.00012	-0.01707	(And (Experiencer $e0 $x0) (Possession $x0 $x1))
p202425	-0.03615	-0.00612	0.01263	-0.04254	-0.01319	-0.01193	-0.01289	0.00606	-0.04077	-0.02401	-0.00951	-0.00310	0.01063	0.03781	-0.00344	0.01618	0.02610	-0.02449	-0.02749	0.00327	-0.02760	0.00437	0.02114	0.00378	-0.00891	0.01836	-0.03299	-0.01599	-0.01296	0.02017	0.00571	-0.03074	(And (Experiencer $e0 $x0) (Probably $e0))
p202426	-0.03609	0.01691	-0.00134	-0.02138	-0.00668	-0.00755	-0.01964	0.01322	-0.01288	-0.02549	0.00203	0.00488	0.00748	0.04300	0.01592	0.01408	0.00383	-0.00986	0.00303	0.00453	-0.00507	-0.00344	0.03302	-0.00147	0.00730	-0.00781	-0.01661	-0.00176	0.00534	0.00763	0.00236	-0.02370	(And (Experiencer $e0 $x0) (Time $e0 now))
p202427	-0.01035	-0.01466	0.01942	0.03052	0.05856	0.00413	-0.01747	0.03387	0.01377	-0.00655	0.04464	-0.00608	0.00999	0.02370	0.10961	-0.00822	0.02142	0.05405	0.00437	0.06384	0.00425	-0.08975	-0.03563	0.01436	-0.00747	-0.03848	-0.01522	0.00400	-0.02830	-0.02259	0.00957	-0.08638	(And (Goal $e0 $x0) (Member $e0 walk))
p202428	-0.03039	-0.01830	-0.01983	-0.01036	0.00772	-0.01043	-0.01158	-0.01541	-0.00200	-0.00433	-0.04521	0.00832	-0.00700	-0.00335	-0.00010	0.02653	0.03318	0.01394	-0.01432	0.03868	0.02875	-0.02479	0.00074	0.00696	-0.01680	-0.02481	0.06336	-0.00247	0.02328	-0.02603	0.00446	0.03470	(And (LocatedIn $x0 $x1) (Member $x1 garden))
p202429	0.00299	-0.02132	-0.01917	0.04361	0.01051	-0.02175	-0.03688	0.04192	0.03237	-0.03419	0.03373	-0.00271	-0.00294	0.05030	0.01892	0.11915	0.01949	0.03283	-0.03231	0.08397	0.08032	-0.04304	-0.01108	-0.00780	-0.03899	0.05100	0.03581	0.00640	-0.03439	0.02896	-0.04031	0.03244	(And (LocatedIn $x0 $x1) (PartOf $x1 $x2))
p202430	0.03739	-0.04045	-0.06140	-0.01248	0.06226	-0.05897	0.01466	-0.03226	0.03042	-0.00140	-0.06176	0.02190	0.06124	-0.01728	-0.04192	0.08120	0.03767	0.08677	-0.03871	-0.03920	0.02579	0.03952	0.06121	0.05427	0.05394	-0.03660	0.12295	-0.04870	-0.03136	-0.03309	-0.02947	0.01697	(And (LocatedIn $x0 $x1) (Patient $e0 $x0))
p202431	0.03009	0.02328	0.05079	-0.00704	-0.00252	0.05153	-0.00928	0.02791	0.00295	-0.01694	-0.04755	0.00398	-0.01138	0.00852	0.03335	-0.00948	-0.00780	0.00556	-0.01044	0.01389	-0.00402	-0.04052	-0.03147	0.04305	-0.03468	-0.03359	-0.01584	0.00319	0.01713	-0.00556	-0.03061	-0.03909	(And (Location $e0 $x0) (Member $e0 walk))
p202432	0.00762	0.02528	0.08525	0.04895	-0.08839	-0.10202	0.18144	0.11168	-0.03869	0.17629	-0.02621	-0.10184	-0.15519	-0.25596	0.10222	0.05111	-0.08327	0.19844	-0.08554	0.02885	-0.06225	0.08543	0.04182	-0.00483	-0.03197	-0.09881	-0.07328	0.03163	-0.10043	-0.08607	0.11250	0.24288	(And (Location $e0 $x0) (Member $x0 table))
p202433	0.00083	-0.05326	-0.04459	-0.00431	0.03612	0.01650	0.03623	0.00842	-0.03252	-0.01266	-0.06469	0.03673	-0.01489	0.02609	0.01193	-0.04461	-0.00076	-0.00012	0.01572	0.05893	-0.02558	-0.01329	-0.02472	-0.01993	-0.00972	-0.05301	-0.00842	0.04795	-0.03105	0.01932	-0.05127	-0.00435	(And (Location $e0 $x0) (Theme $e1 $e0))
p202434	-0.02513	0.00639	-0.01565	0.01263	-0.02399	0.05055	0.00633	0.08180	0.01150	-0.02917	-0.04627	0.00121	0.02483	-0.03038	-0.00919	-0.01056	-0.00874	-0.01592	0.00810	0.00609	-0.02098	-0.03815	-0.00569	0.00302	0.00501	0.01911	0.02350	0.01361	-0.00868	0.00169	0.03101	-0.03053	(And (Member $e0 become) (Patient $e0 $x0))
p202435	-0.04548	0.00725	-0.02852	-0.03001	0.02053	-0.04892	-0.00781	-0.03567	-0.03143	-0.05530	0.00297	0.01228	0.02627	-0.05967	-0.01430	-0.02132	-0.00486	0.05713	0.00780	0.01781	-0.04150	0.01295	-0.00217	-0.02867	-0.01307	0.02775	0.05042	0.07523	0.04430	0.03825	0.01880	0.05991	(And (Member $e0 buy) (Theme $e0 $x0))
p202436	-0.00242	-0.01361	0.02647	-0.01796	-0.03617	0.01032	-0.00063	0.00942	0.02947	-0.01933	-0.04246	-0.00887	0.00123	0.02546	0.03792	-0.01389	0.02313	-0.01121	0.01129	0.01747	-0.01881	-0.00428	-0.03444	0.04292	-0.02608	0.00572	-0.02752	-0.00441	-0.00324	-0.00954	-0.02810	-0.02678	(And (Member $e0 cause) (Past $e0))
p202437	0.01990	-0.00817	-0.01027	-0.00716	-0.01159	0.02117	0.02492	-0.00663	0.00468	-0.01507	0.00968	0.00889	-0.00571	0.00679	-0.00276	0.00736	0.00942	-0.00074	-0.00345	-0.02447	-0.01447	0.00392	-0.00030	0.00236	-0.02213	0.01146	-0.00325	0.00065	0.00871	-0.01105	-0.00951	0.00887	(And (Member $e0 decide) (Past $e0))
p202438	-0.03814	0.04196	0.01427	-0.00091	-0.01670	-0.02600	0.00248	-0.01098	-0.03038	0.00868	-0.00101	0.06203	-0.00288	-0.00146	-0.01276	0.03229	-0.00120	-0.01312	0.02526	0.00526	0.01735	-0.00130	-0.00687	0.00235	0.01040	0.01514	-0.01712	-0.00393	-0.02076	-0.01001	-0.00395	-0.02804	(And (Member $e0 do) (Patient $e0 $x0))
p202439	0.00502	0.00871	0.00314	-0.00740	0.00654	-0.01051	-0.00484	-0.01484	0.00064	-0.02350	0.00260	0.00215	0.00926	-0.01231	0.00081	-0.02020	-0.02257	0.01473	0.03011	0.02217	-0.02026	0.01457	-0.00380	-0.00544	-0.00891	0.00401	0.02459	0.02934	0.02491	0.01713	-0.00877	0.01230	(And (Member $e0 find) (Past $e0))
p202440	-0.03897	0.05667	-0.00813	-0.00522	-0.00072	-0.00185	-0.02174	-0.00763	-0.01376	0.02374	0.00825	-0.00518	0.02595	-0.01424	-0.01417	0.00430	-0.00819	-0.01110	-0.04493	-0.02038	-0.00778	-0.00871	0.00074	0.03953	0.01205	0.04199	0.02079	0.01099	0.00917	-0.03375	0.01229	-0.03009	(And (Member $e0 jump) (Past $e0))
p202441	0.01285	0.00428	-0.02118	0.01356	0.00142	0.00163	-0.01832	-0.00956	-0.02178	0.01193	-0.02277	-0.02780	0.01252	0.01123	-0.00964	-0.01022	0.00702	-0.00829	-0.00329	-0.00892	0.00796	0.01967	0.00458	-0.00190	-0.00947	0.00111	0.01099	0.00467	-0.01418	0.02312	0.01301	-0.00620	(And (Member $e0 pass) (Past $e0))
p202442	0.00727	0.00915	-0.00500	-0.01272	-0.01298	0.02397	-0.02013	-0.01559	-0.01393	-0.00183	-0.00058	0.00310	-0.01198	-0.02248	0.02246	-0.01258	-0.00386	0.02022	0.00999	-0.00365	0.00866	0.01091	0.03999	-0.02638	0.03720	-0.02447	0.00441	0.01052	0.01338	0.03456	-0.02532	0.03887	(And (Member $e0 receive) (Past $e0))
p202443	0.01097	0.01777	0.00099	-0.00469	-0.01291	0.00511	-0.01068	-0.01537	0.02195	0.00637	0.00992	0.00628	0.00647	0.01315	-0.01097	0.00869	0.01540	0.06261	0.00780	-0.00675	-0.01239	-0.02008	0.00431	-0.00957	-0.00274	0.02767	-0.01964	-0.01790	0.00063	-0.02408	0.00405	0.00921	(And (Member $e0 require) (Theme $e0 $x0))
p202444	-0.02350	0.03209	-0.00041	-0.02250	0.00457	0.00032	0.02900	0.01498	-0.01905	-0.03418	0.02134	0.01671	0.01705	-0.01104	-0.02439	-0.01918	0.00965	0.00242	0.01441	0.02869	0.03805	0.02178	0.00132	-0.01047	-0.00863	0.01477	0.00657	0.01497	-0.02680	0.00338	0.01570	-0.01097	(And (Member $e0 say) (Past $e0))
p202445	0.03567	0.21370	-0.08887	0.14986	-0.03755	0.03547	0.08193	-0.02569	-0.02876	-0.06619	0.00061	0.13317	-0.07455	0.18281	0.21249	0.12199	0.02239	-0.02697	-0.18822	-0.07448	-0.08480	0.09594	-0.13889	-0.26846	-0.02882	-0.08276	0.08179	-0.01652	0.19540	-0.08361	0.12937	-0.06402	(And (Member $e0 stop) (Past $e0))
p202446	0.03979	0.03282	-0.06125	-0.04102	0.06924	0.00809	-0.02897	-0.00219	-0.05452	-0.01701	-0.04627	-0.00203	0.02165	-0.00646	-0.03763	-0.00116	0.01802	-0.04465	-0.04145	-0.00768	-0.02056	0.00409	-0.02374	-0.04967	0.01993	0.03155	-0.01916	0.04564	-0.03521	0.03767	0.00516	0.04064	(And (Member $e0 swim) (Ongoing $e0))
p202447	-0.03192	0.00692	0.01794	-0.02327	0.04597	0.02624	0.06338	0.01448	0.02705	-0.01781	0.00405	0.01062	-0.04657	0.04275	-0.02343	-0.04532	-0.04529	-0.04596	0.01430	-0.05705	0.00403	-0.04728	0.06521	0.12097	-0.08261	0.06320	0.02678	0.04216	0.01091	-0.01813	-0.06139	0.01971	(And (Member $e0 try) (Ongoing $e0))
p202448	0.02414	-0.02202	-0.05812	0.01986	0.02602	0.00247	-0.02047	0.09041	-0.09063	-0.03101	-0.03451	0.04497	-0.06280	-0.06573	-0.05978	-0.05323	-0.00782	-0.01305	-0.01428	0.02346	-0.05983	0.00008	0.04910	0.01154	0.13132	0.11989	0.03437	-0.04026	0.04648	-0.05267	0.05470	0.02025	(And (Member $e0 turn) (Result $e0 $e1))
p202449	0.00169	0.00626	0.02020	0.01786	-0.02052	-0.00575	-0.02004	-0.00797	-0.04088	0.01012	0.03359	0.03449	-0.00369	-0.02026	-0.01645	0.02743	-0.00382	0.04175	-0.01827	-0.00254	0.00599	-0.01137	0.00315	-0.01187	0.00939	0.01985	-0.02573	-0.02158	-0.00017	-0.00267	-0.01148	0.00507	(And (Member $e0 use) (To $e0 $e1))
p202450	0.01742	0.01690	0.02836	-0.02589	0.01658	0.04311	0.00320	0.04051	0.02420	-0.02704	-0.04516	-0.00735	-0.02752	0.00897	0.05520	-0.01458	0.00584	-0.00225	-0.00962	0.00872	-0.01717	-0.05686	-0.03830	0.05322	-0.03431	-0.02309	-0.02014	0.01570	-0.00422	-0.00768	-0.00950	-0.03571	(And (Member $e0 walk) (Ongoing $e0))
p202451	-0.00454	0.00238	-0.01326	-0.00379	0.00460	-0.01240	-0.00972	-0.01613	0.00139	-0.01301	-0.00026	0.00430	0.00590	-0.00817	-0.00555	0.00511	0.00753	0.04320	0.00552	0.01121	-0.00253	-0.00688	-0.00114	-0.01334	-0.01084	0.01078	0.01514	0.01329	0.01362	0.00175	0.00607	0.02854	(And (Member $x0 house) (Theme $e0 $x0))
p202452	-0.03173	0.02133	0.02256	0.00994	0.00931	0.01756	-0.01579	-0.00984	-0.00132	0.00365	0.01584	0.00324	0.00241	-0.02643	-0.00566	-0.00129	0.02733	-0.01022	-0.02044	0.02006	-0.01302	0.02369	0.02853	-0.02778	0.00413	0.02573	-0.00470	-0.01000	-0.01564	-0.00774	0.01903	-0.00256	(And (Member $x0 tree) (Patient $e0 $x0))
p202453	-0.00375	-0.00734	-0.00456	0.00990	-0.00971	0.00069	-0.00450	-0.00904	-0.01302	-0.00537	-0.02061	-0.01560	-0.00732	-0.00590	0.01158	-0.01847	-0.01249	0.00168	0.01673	0.01085	-0.01644	0.02652	-0.00783	0.00262	-0.00754	0.00071	0.02153	-0.00108	0.00880	0.03112	0.00102	-0.00099	(And (Of $x0 $x1) (Theme $e0 $x0))
p202454	-0.03690	0.00693	0.00752	-0.03268	-0.00709	-0.01202	-0.00521	-0.02485	-0.02234	0.00635	-0.00249	0.02071	0.00685	0.00498	0.00600	0.02958	0.00799	-0.02876	-0.03632	0.00668	-0.01181	0.00620	0.02143	0.00151	-0.02690	0.02028	-0.04173	-0.01669	-0.00582	0.03781	0.01283	-0.03287	(And (Ongoing $e0) (Probably $e0))
p202455	-0.03404	0.05798	-0.00184	0.01640	-0.02284	0.02490	-0.02385	0.00130	0.00158	0.00875	0.03636	-0.04745	-0.01827	-0.01513	0.02708	0.06687	0.03460	-0.01386	0.02106	0.04859	0.03253	-0.04103	0.08035	-0.00018	0.06190	-0.03018	-0.05185	0.00972	0.03261	0.06997	-0.02911	0.03100	(And (Ongoing $e0) (Source $e0 $x0))
p202456	-0.02036	-0.01047	0.00109	-0.03105	0.05916	0.00660	0.06810	0.00351	0.00334	-0.02702	-0.00172	0.04335	-0.01243	0.02216	-0.03270	0.01392	-0.04814	-0.02984	0.00940	-0.08523	-0.01751	0.01176	0.09008	0.07910	-0.04070	0.04505	0.02034	0.00150	-0.01307	0.02320	-0.06455	0.02462	(And (Ongoing $e0) (Theme $e0 $e1))
p202457	-0.03184	0.03125	0.03063	-0.00600	0.01074	-0.00417	-0.01522	-0.01767	-0.02870	0.02277	0.02000	-0.02817	0.03261	-0.04269	0.00397	0.02414	0.01737	-0.00064	-0.04533	-0.01645	-0.03055	-0.01252	0.02498	-0.03233	0.04818	0.05401	0.02937	0.00905	-0.00093	-0.02434	0.01094	-0.03289	(And (Over $e0 $x0) (Past $e0))
p202458	0.03674	0.20572	-0.09862	0.14779	-0.04079	0.04358	0.09697	-0.02407	-0.03222	-0.07280	0.00242	0.13395	-0.07660	0.18206	0.21167	0.12614	0.03221	-0.03122	-0.19950	-0.09385	-0.08828	0.09648	-0.13908	-0.26932	-0.03613	-0.07933	0.07895	-0.01496	0.19545	-0.08268	0.13247	-0.05878	(And (Past $e0) (Theme $e1 $e0))
p202459	-0.02680	-0.00934	-0.01245	-0.03054	-0.03238	-0.00926	-0.01405	-0.00912	-0.01459	0.00985	0.00989	-0.01454	0.07625	-0.04370	-0.02543	0.01425	0.00108	0.00238	-0.02717	-0.02199	-0.01598	0.02668	-0.00137	-0.00492	0.01003	0.03537	0.00687	0.03346	-0.01611	-0.00738	0.01162	0.00917	(And (Past $e0) (TimeAtLeast $e0 (Year <num>)))
p202460	-0.01635	-0.02790	0.07916	-0.05262	-0.02905	0.02217	-0.00122	-0.02351	0.00809	-0.01416	-0.02431	-0.00755	-0.03547	0.01455	-0.01531	-0.02472	0.04776	-0.00954	-0.06738	-0.01989	-0.01789	-0.05106	0.02971	-0.02867	0.06332	-0.02041	0.00024	0.06585	0.00792	0.05245	-0.00896	-0.00802	(And (Patient $e0 $x0) (SubsetOf $x0 $x1))
p202462	0.01052	0.00692	0.00718	-0.04314	-0.03466	0.03910	0.06577	-0.00229	0.00051	-0.03712	0.00893	0.01744	-0.00439	0.04098	-0.01070	0.00744	0.04802	0.03041	0.00608	-0.04574	-0.03098	-0.03691	0.04632	-0.00460	-0.03863	0.06106	-0.01063	-0.01110	-0.00116	-0.01894	-0.04588	0.02348	(And (Theme $e0 $e1) (Theme $e1 $x0))
p202464	0.00724	0.01123	0.01049	0.00394	-0.01125	-0.02299	-0.00313	0.02156	-0.04558	-0.01435	0.05031	0.03747	0.00316	-0.01729	-0.01281	0.02434	-0.00070	0.05504	-0.01478	0.00424	0.03055	-0.01764	-0.01261	-0.02198	0.00901	0.03457	-0.01975	0.00749	-0.01612	0.03246	-0.02550	0.01090	(And (Theme $e0 $x0) (To $e0 $e1))
p202554	0.01286	0.01975	0.00947	0.00020	-0.00710	-0.00537	-0.01821	-0.01401	0.01790	0.02540	0.00268	0.00342	0.00696	0.03011	-0.03958	-0.02142	0.01079	-0.00299	-0.02941	-0.01047	-0.00159	-0.02794	-0.00088	0.01350	-0.00999	-0.00739	0.01844	0.03304	-0.02297	0.00554	0.04209	-0.00748	(Before $e0 $e1)
p202555	0.01153	-0.01822	-0.00099	0.01279	0.02276	0.00207	0.04783	-0.00778	-0.02147	0.01268	-0.01088	0.00721	-0.02635	0.03009	-0.02383	-0.02333	-0.02812	-0.02174	0.03315	-0.02625	-0.00290	0.00836	0.04282	0.01306	-0.05365	0.01348	0.01145	0.01720	-0.01062	-0.00424	-0.03321	0.04067	(Before $x0 $e0)
p202556	-0.00670	-0.00365	-0.00681	-0.00435	-0.00215	0.00202	-0.00560	-0.00691	0.00148	-0.00112	-0.00971	-0.00206	-0.00702	-0.00212	0.00866	0.00470	0.00948	0.00242	-0.00088	0.00553	0.00854	-0.00728	0.01017	0.00071	0.00477	-0.01264	0.00882	-0.00143	0.00977	-0.00555	-0.00936	0.01063	(Degree $x0 quantity excessive)
p202558	0.01501	0.00107	-0.00311	0.01159	-0.00296	-0.01141	-0.00704	-0.01113	0.00540	0.01205	0.00062	-0.01100	0.01096	0.00863	-0.01983	-0.00370	0.00743	-0.00140	0.00778	-0.00230	0.00649	0.00031	0.00866	0.00040	-0.01189	-0.00532	-0.00014	0.01642	-0.01251	-0.00764	0.00934	-0.01080	(During $e0 $x0)
p202559	0.01001	-0.01388	-0.00988	-0.01315	-0.00902	0.00993	0.00764	-0.00965	-0.01359	0.01116	-0.00236	0.00015	0.01022	-0.02560	-0.00010	0.00537	0.00472	-0.00445	-0.01431	-0.01629	-0.01355	-0.00120	0.00135	-0.01601	0.00619	0.02068	-0.00741	-0.00368	-0.00402	-0.00576	-0.00364	0.01263	(Every $e0 <num> day)
p202560	0.01346	0.00668	-0.00129	-0.00875	-0.00263	0.00482	-0.00800	-0.01286	0.01170	-0.01231	0.01557	0.00405	0.00980	-0.00823	-0.00541	-0.00077	-0.00864	0.01629	0.02212	0.00607	-0.00310	0.00410	0.00465	0.00472	-0.00768	0.00593	0.00398	0.01347	0.01422	-0.00019	-0.00785	0.00961	(For $e0 $e1)
p202561	0.00730	-0.00158	-0.00440	0.00213	-0.00054	0.00090	-0.00089	-0.00783	0.00181	0.00042	-0.00064	-0.00480	0.00001	-0.00324	-0.00425	-0.00602	-0.00128	0.01590	0.00547	-0.00414	-0.00442	0.00291	-0.00217	-0.00638	-0.00247	0.00298	-0.00310	0.00066	0.00220	-0.00043	0.00288	0.00817	(For $x0 $e0)
p202562	0.00936	-0.03455	-0.00064	-0.04185	-0.01786	-0.01392	0.01381	-0.03352	0.02467	0.02734	-0.00081	0.00364	0.03342	0.00626	0.01855	-0.00822	-0.00289	-0.01685	-0.01682	0.02535	0.00189	-0.00732	0.01290	-0.03065	-0.01933	0.02701	-0.01579	0.00669	0.03174	0.01868	0.01044	-0.02768	(GroupOf $x0 day)
p202563	-0.08593	-0.06396	0.02743	-0.02111	0.02720	-0.02039	0.02928	-0.02109	-0.03150	-0.02474	-0.02416	-0.00415	-0.00278	-0.00465	-0.01636	-0.00713	-0.00107	0.03167	-0.05652	0.06967	-0.00210	-0.02295	-0.03837	-0.02803	0.03629	-0.01878	0.02556	0.11510	0.05059	-0.01419	-0.00992	-0.06785	(GroupOf $x0 girl)
p202564	-0.00319	0.01267	-0.01527	0.01832	0.02031	-0.00270	-0.02407	0.04798	-0.02361	0.01249	0.01149	0.02741	-0.01585	-0.00046	-0.01625	0.00558	-0.00234	-0.01244	-0.01225	0.01745	-0.00557	-0.00194	0.01499	-0.01173	0.01856	0.03776	-0.00262	-0.01679	0.00993	0.00654	0.00995	0.00273	(GroupOf $x0 leaf)
p202565	-0.03266	0.01407	0.01416	-0.00478	-0.00034	-0.00184	-0.00362	-0.00414	-0.00284	-0.00628	-0.01041	-0.01771	-0.00265	0.01190	0.01243	-0.00597	0.01014	-0.01677	-0.03115	-0.00602	-0.00979	0.00968	-0.00829	0.01856	0.00607	0.02511	0.00315	-0.00076	0.01425	-0.00757	0.00489	-0.02565	(GroupOf $x0 man)
p202566	-0.02297	-0.03388	0.00184	-0.03875	0.00397	0.01125	0.00001	-0.02050	-0.03396	0.00346	-0.03556	0.02472	-0.00885	-0.03047	-0.01899	0.03201	0.00895	-0.01203	-0.01368	-0.01306	0.00654	-0.00989	-0.00358	-0.01214	0.00873	-0.01472	-0.01724	0.01472	0.00060	0.00600	0.00151	0.00963	(GroupOf $x0 pupil)
p202567	0.02104	0.02171	-0.01598	0.00864	0.02238	0.01217	-0.01480	-0.01337	0.00426	0.00358	-0.02100	-0.01600	-0.01747	0.03340	0.00132	-0.02455	0.01139	-0.00438	-0.00406	-0.00281	0.00714	0.00702	-0.00266	0.00805	-0.00363	-0.00799	-0.00779	-0.02117	0.00808	0.00463	0.01322	0.00224	(GroupOf $x0 scientist)
p202568	0.00081	0.00248	0.01244	-0.00446	0.02285	-0.01145	-0.00628	-0.00644	0.00651	-0.00415	-0.00067	-0.01265	0.01198	0.00179	0.01610	-0.01179	0.02201	-0.00766	-0.00704	-0.00333	-0.01332	-0.00835	-0.01004	-0.00134	-0.00334	0.01002	-0.00148	-0.00039	-0.00653	-0.00120	0.01815	0.00651	(GroupOf $x0 soldier)
p202569	0.00144	-0.01875	-0.00389	-0.01378	-0.00349	0.00544	0.00070	-0.00582	-0.01411	0.00303	-0.01061	0.00692	-0.00474	-0.01362	-0.00699	0.00265	0.00239	-0.00464	-0.00068	-0.01010	-0.00459	-0.00091	-0.00724	-0.00504	0.00385	-0.00715	-0.01588	0.00127	-0.00640	0.00086	-0.00055	0.00918	(LocatedIn $x0 here)
p202570	-0.00423	-0.03395	-0.01835	-0.03792	-0.01717	0.02051	0.00325	-0.00148	-0.04145	-0.01059	-0.01627	0.01907	0.00820	-0.01780	-0.02077	0.01998	0.01705	-0.01608	-0.00272	-0.02236	-0.01764	0.00085	-0.00301	-0.00959	-0.01610	0.01581	-0.03173	0.01060	-0.02692	0.01230	-0.00768	0.00930	(Manner $e0 immediately)
p202571	0.00045	-0.00223	0.00910	-0.00992	-0.01546	0.01953	0.02924	-0.00699	0.01173	-0.01816	0.00739	-0.01728	-0.00525	0.00245	-0.00830	0.03096	0.02021	-0.03339	0.02616	-0.01708	-0.02059	0.00110	0.02218	0.02956	0.00338	0.00815	-0.00498	-0.03139	0.02903	0.02946	-0.00907	0.02704	(Manner $e0 often)
p202572	-0.01049	0.02239	0.00140	-0.00081	-0.00885	-0.00713	0.00880	-0.00071	-0.00765	0.00560	0.00814	0.01217	0.00772	-0.00607	-0.00792	0.00278	0.00032	0.00639	-0.00197	-0.00402	0.00694	-0.00466	-0.00043	-0.00427	0.00640	0.01533	0.00250	-0.00336	-0.01435	-0.00368	0.00207	-0.00655	(Manner $e0 well)
p202573	-0.00344	-0.00287	-0.01822	-0.00508	-0.01760	0.03249	-0.00865	0.01675	0.01438	0.00985	-0.00565	-0.00859	0.03837	-0.02908	-0.00903	0.01058	-0.01143	-0.00054	-0.00392	-0.01608	-0.00649	-0.00639	-0.01002	-0.00124	-0.00337	0.00029	0.00562	0.01777	-0.01829	-0.00766	0.01202	0.00027	(Member $e0 arrive)
p202574	-0.04548	0.00725	-0.02852	-0.03001	0.02053	-0.04892	-0.00781	-0.03567	-0.03143	-0.05530	0.00297	0.01228	0.02627	-0.05967	-0.01430	-0.02132	-0.00486	0.05713	0.00780	0.01781	-0.04150	0.01295	-0.00217	-0.02867	-0.01307	0.02774	0.05042	0.07523	0.04430	0.03825	0.01880	0.05991	(Member $e0 buy)
p202575	-0.01872	0.00453	0.00162	0.02546	-0.01100	-0.00099	-0.00916	-0.01091	-0.01874	0.02264	-0.01148	0.01513	-0.02041	-0.00905	-0.01041	0.01200	-0.00227	-0.00949	0.00577	-0.00076	-0.00163	0.00403	0.00397	-0.00076	-0.00661	-0.00210	-0.00811	-0.00768	-0.01589	0.00994	0.01051	-0.01786	(Member $e0 cover)
p202576	0.02506	0.10411	-0.05750	0.11086	-0.01151	0.03765	0.06782	-0.00592	-0.02534	-0.05259	0.00852	0.09409	-0.06086	0.11159	0.14564	0.04579	0.00692	0.02410	-0.14582	0.00201	-0.04690	0.05022	-0.12825	-0.15927	-0.00201	-0.08173	0.02514	0.01993	0.14090	-0.07828	0.06888	-0.08550	(Member $e0 cry)
p202577	0.02004	-0.00802	-0.01013	-0.00700	-0.01144	0.02130	0.02506	-0.00649	0.00483	-0.01493	0.00984	0.00902	-0.00557	0.00693	-0.00262	0.00751	0.00956	-0.00061	-0.00331	-0.02434	-0.01434	0.00407	-0.00016	0.00250	-0.02199	0.01160	-0.00310	0.00079	0.00884	-0.01092	-0.00936	0.00901	(Member $e0 decide)
p202578	0.01525	-0.01949	0.01899	-0.01130	0.00099	0.01239	0.01549	-0.01012	-0.00271	-0.00332	0.00911	0.01674	-0.01556	0.00488	-0.01707	-0.01111	-0.01509	0.00447	-0.00540	-0.00049	-0.01582	-0.00631	-0.00696	-0.01739	0.00180	-0.00860	0.01107	0.02641	0.00829	0.01900	0.00568	0.02451	(Member $e0 enter)
p202579	0.00502	0.00871	0.00314	-0.00740	0.00654	-0.01051	-0.00484	-0.01484	0.00063	-0.02350	0.00260	0.00215	0.00926	-0.01231	0.00081	-0.02020	-0.02257	0.01473	0.03011	0.02217	-0.02026	0.01457	-0.00380	-0.00544	-0.00891	0.00401	0.02459	0.02934	0.02491	0.01713	-0.00877	0.01229	(Member $e0 find)
p202580	0.01755	0.02499	-0.01093	-0.01719	0.00903	0.00772	-0.01810	-0.00955	-0.00707	0.01527	-0.01642	0.00162	0.02715	0.00058	-0.02032	0.00213	-0.01451	-0.01501	0.00211	-0.00674	-0.01298	-0.00403	-0.00437	0.00009	0.01611	0.02229	0.01382	0.00840	-0.00464	-0.01357	-0.01238	0.00499	(Member $e0 fly)
p202581	-0.00838	0.02442	-0.00473	-0.01182	0.00232	0.00942	-0.01481	-0.00225	0.00549	-0.00185	-0.00337	-0.00843	0.00038	0.02146	0.00447	-0.00074	0.00568	0.00091	-0.01068	-0.00892	0.00402	-0.01183	0.01673	0.01753	0.00512	0.00556	-0.01112	-0.00360	0.00750	-0.00585	-0.00292	-0.01123	(Member $e0 follow)
p202582	-0.00820	-0.00571	0.00098	-0.01184	-0.00661	-0.00482	-0.00921	-0.00174	-0.00772	-0.00726	0.00067	-0.00315	0.01264	0.02036	-0.00310	-0.00046	0.00241	-0.00956	0.00250	0.00254	-0.00506	0.00381	0.01015	0.00135	-0.00610	-0.00139	-0.00560	-0.00279	-0.00070	0.00000	0.00169	-0.01713	(Member $e0 good)
p202583	0.01016	0.01428	-0.01271	0.00054	0.00772	0.01393	0.00994	-0.00795	0.00286	-0.00973	-0.00014	0.01945	-0.00696	0.00152	0.01216	0.01783	-0.00676	-0.01501	-0.01072	-0.00996	-0.00381	0.01616	-0.00848	-0.00383	-0.01706	-0.01109	-0.00355	0.00457	0.01167	0.00529	0.00741	-0.00818	(Member $e0 happen)
p202584	0.00809	-0.00231	-0.00708	0.00550	0.00149	-0.01016	-0.00429	-0.01435	0.00340	0.00950	-0.03349	-0.00743	-0.01183	-0.00585	-0.01723	0.00465	0.02988	-0.00448	-0.01211	0.01090	-0.00253	-0.01565	-0.00193	0.00087	-0.01067	-0.00021	0.01246	0.01272	-0.01429	-0.00316	0.00512	0.00432	(Member $e0 increase)
p202585	-0.03898	0.05666	-0.00814	-0.00522	-0.00073	-0.00186	-0.02175	-0.00764	-0.01377	0.02373	0.00825	-0.00519	0.02594	-0.01425	-0.01417	0.00429	-0.00820	-0.01111	-0.04494	-0.02039	-0.00778	-0.00871	0.00074	0.03952	0.01204	0.04198	0.02078	0.01098	0.00916	-0.03376	0.01228	-0.03009	(Member $e0 jump)
p202586	0.00642	-0.01563	0.01071	0.00809	-0.01067	-0.00206	-0.01266	0.00023	-0.01053	0.00913	-0.01218	-0.01885	-0.00178	0.03206	0.00214	-0.00589	0.00531	-0.00525	0.00143	-0.00486	0.00044	0.00552	0.00832	0.00851	-0.00662	-0.01233	0.01315	-0.01734	-0.01686	0.02505	0.01846	-0.01802	(Member $e0 lead)
p202587	0.01281	0.00421	-0.02125	0.01351	0.00136	0.00154	-0.01839	-0.00965	-0.02190	0.01188	-0.02284	-0.02787	0.01243	0.01112	-0.00971	-0.01030	0.00697	-0.00834	-0.00339	-0.00899	0.00787	0.01963	0.00451	-0.00201	-0.00952	0.00103	0.01091	0.00461	-0.01424	0.02305	0.01296	-0.00621	(Member $e0 pass)
p202588	-0.01865	-0.01188	-0.00311	0.01255	-0.00208	-0.01186	-0.00433	0.00639	-0.01543	-0.00977	0.01475	-0.01490	-0.00084	-0.00414	0.00273	0.02296	-0.01879	0.00121	-0.01378	0.00392	-0.00027	0.01028	-0.00613	-0.00811	0.00115	0.03637	0.00657	0.02463	-0.00979	0.04032	-0.00879	-0.00921	(Member $e0 present)
p202589	0.00299	-0.01960	-0.00981	-0.02230	-0.02995	0.03984	0.00306	0.02998	0.04356	-0.01406	-0.02066	-0.03071	0.05003	-0.00083	0.01767	-0.01504	-0.00882	-0.00354	-0.01086	-0.00383	-0.01672	-0.03353	-0.00297	0.01761	-0.03393	0.00928	0.00617	0.01416	0.00530	0.00180	0.00218	-0.02650	(Member $e0 ready)
p202590	0.00727	0.00915	-0.00500	-0.01272	-0.01298	0.02397	-0.02013	-0.01559	-0.01393	-0.00183	-0.00058	0.00310	-0.01198	-0.02248	0.02246	-0.01258	-0.00386	0.02022	0.00999	-0.00365	0.00865	0.01091	0.03999	-0.02638	0.03720	-0.02448	0.00440	0.01052	0.01338	0.03456	-0.02532	0.03887	(Member $e0 receive)
p202591	0.01099	0.01779	0.00101	-0.00467	-0.01289	0.00513	-0.01066	-0.01535	0.02197	0.00639	0.00994	0.00629	0.00649	0.01316	-0.01096	0.00871	0.01541	0.06263	0.00781	-0.00674	-0.01237	-0.02007	0.00433	-0.00956	-0.00272	0.02769	-0.01962	-0.01789	0.00065	-0.02407	0.00407	0.00922	(Member $e0 require)
p202592	0.02315	-0.01322	0.00738	-0.01595	0.01964	0.01037	0.00624	-0.00984	-0.01814	0.00868	0.00430	-0.02266	0.02700	-0.00831	0.01587	0.01440	0.03448	0.00373	0.00637	-0.02613	-0.02922	-0.01971	0.01708	-0.02616	-0.01190	0.02137	0.00687	-0.02011	-0.02148	-0.01678	0.01608	0.00947	(Member $e0 run)
p202593	0.01411	-0.00815	-0.01313	-0.00110	0.00235	0.00772	0.01263	-0.00588	-0.00616	-0.00460	-0.00176	-0.00432	0.00477	-0.01191	-0.00890	-0.00637	-0.00239	0.00272	-0.00212	-0.01618	-0.01302	0.00699	-0.00237	-0.01701	-0.00623	0.00435	0.00357	0.01145	0.00178	0.00209	0.00044	0.02559	(Member $e0 serve)
p202594	0.01760	-0.00836	-0.01185	-0.00056	-0.00306	0.01590	0.01065	-0.00456	0.00699	-0.00505	0.00933	0.00288	-0.00072	-0.00200	-0.00485	0.00134	-0.00187	-0.00746	0.00245	-0.01211	0.00229	0.00912	-0.00418	0.00587	-0.01433	-0.00439	-0.00133	0.00916	0.00325	-0.00787	0.00010	0.00132	(Member $e0 war)
p202595	-0.00781	0.01342	-0.01304	0.00577	0.01798	-0.01485	-0.00193	-0.00122	0.01431	-0.01244	0.00051	0.00889	-0.00581	0.00275	0.01645	-0.00795	-0.00624	-0.00319	0.00691	-0.00258	0.00511	0.01676	-0.00693	-0.00176	0.00474	-0.01083	-0.01516	0.00733	0.01060	-0.00105	0.01036	0.02521	(Member $e0 write)
p202596	0.00207	-0.00095	-0.00384	0.00459	0.00217	-0.01228	0.00004	-0.01082	-0.00311	0.00785	0.00110	0.00067	-0.00711	0.00245	-0.00164	-0.00644	-0.00712	-0.00201	0.00812	-0.00453	0.00148	0.00375	0.00139	0.00719	0.00044	-0.00406	-0.00123	-0.00341	0.00445	-0.00972	-0.00535	0.00002	(Member $x0 beauty)
p202597	0.04745	0.01243	-0.03275	0.01032	0.04339	0.00359	-0.00794	-0.00534	-0.00211	0.02498	-0.00678	-0.03923	0.05296	-0.02052	-0.04164	-0.01883	-0.01740	0.01431	-0.00038	-0.02579	0.00499	0.00957	0.01550	-0.05401	0.00954	0.00087	0.01169	0.03413	-0.01757	-0.01259	0.02385	0.06484	(Member $x0 bus)
p202598	-0.02990	-0.01713	0.00325	-0.01813	0.00579	0.00588	-0.00113	-0.01292	0.00103	-0.00790	-0.02084	-0.01222	-0.00673	-0.01019	0.00390	0.02456	0.01043	0.00017	-0.01451	0.01562	0.02713	-0.01611	0.01493	-0.01022	0.01653	-0.01412	0.02421	0.03420	0.02783	-0.01266	-0.01565	-0.00208	(Member $x0 class)
p202599	-0.00413	0.02126	-0.00130	-0.01204	-0.00544	-0.00543	-0.00937	0.00895	0.01527	0.01833	0.01064	0.01004	0.00174	0.00212	0.00173	-0.00374	0.01815	0.02004	-0.00829	-0.01081	-0.01405	-0.00851	-0.00155	0.01335	-0.00940	0.00923	-0.00584	-0.00842	0.01778	-0.01657	-0.00666	-0.00416	(Member $x0 computer)
p202600	-0.02811	-0.00484	0.00609	0.05673	-0.02080	-0.01170	-0.00313	-0.00288	-0.00335	0.02549	0.04772	-0.02362	0.00249	0.01893	-0.03119	-0.00006	0.03086	0.02125	0.00998	0.10805	-0.00585	-0.05689	-0.02250	0.01744	0.03865	-0.03151	-0.03093	0.02307	0.00524	0.03877	0.01297	-0.02071	(Member $x0 crowd)
p202601	0.00218	-0.00810	-0.01457	-0.00540	-0.02274	0.01285	0.00390	-0.01080	-0.01259	0.01471	0.00646	-0.00552	0.02604	-0.00305	-0.02025	0.01018	0.00739	0.01256	0.00206	-0.01668	-0.01038	-0.00351	0.01850	-0.00836	-0.02193	0.02457	-0.00794	0.01045	-0.01534	-0.01373	-0.00727	0.00704	(Member $x0 doctor)
p202602	0.00432	0.00276	-0.00538	-0.00245	0.00027	-0.01090	-0.01147	-0.01546	0.00587	0.00654	-0.00168	0.00168	0.00971	0.01996	-0.01284	0.00735	0.00784	0.03123	0.01060	0.00385	0.01179	-0.00837	0.01325	-0.00110	-0.01143	-0.00284	0.00841	-0.00529	0.00421	-0.02327	0.00530	0.01047	(Member $x0 girl)
p202603	0.00435	0.01187	0.00329	-0.00442	0.04975	0.02250	-0.01130	0.00144	-0.00803	-0.01094	0.00029	0.00055	-0.00670	-0.01214	-0.00038	-0.01223	0.00975	-0.01701	-0.00164	0.02273	-0.01442	0.01391	0.00837	-0.03290	-0.00254	0.00548	-0.00489	-0.00656	-0.01699	0.00848	0.02037	0.01583	(Member $x0 ground)
p202604	0.02249	0.00530	0.00153	-0.00147	0.00029	0.00613	-0.00911	0.00976	0.01515	0.02974	-0.00007	0.00609	-0.00279	0.01057	-0.00535	-0.00352	0.01066	0.00656	0.01314	-0.00007	-0.00059	0.00442	-0.00241	-0.00125	-0.00618	-0.00658	-0.00384	-0.01618	0.00469	-0.01507	-0.01020	0.00056	(Member $x0 hotel)
p202605	-0.00406	0.00057	0.00378	0.01691	-0.00159	-0.01068	-0.01301	0.03058	0.01306	0.01501	0.02279	0.01065	-0.00198	0.01315	0.00647	0.01819	0.01132	-0.00349	-0.00863	0.00484	0.00814	0.00580	-0.00640	-0.00256	-0.01210	0.01320	-0.01688	-0.00823	-0.01230	0.01057	-0.01461	-0.00004	(Member $x0 ivy)
p202606	-0.00814	0.00808	-0.00397	-0.00707	-0.00097	-0.01586	0.01117	-0.00574	-0.00476	-0.00265	-0.01051	0.00562	-0.00207	0.00240	-0.00105	-0.00062	0.01100	0.00953	0.00172	0.00633	0.01517	-0.01081	-0.00426	0.00245	0.00103	-0.00131	0.01877	-0.00485	0.00355	-0.01339	-0.00284	0.00516	(Member $x0 lady)
p202607	0.02108	0.01400	-0.00269	-0.02144	0.00978	-0.01034	-0.01827	-0.01006	-0.00234	-0.00461	-0.01987	0.00823	0.02108	0.03944	-0.00433	0.00211	0.00374	-0.00254	0.02199	0.00310	0.00086	0.00170	-0.00434	0.00131	-0.00187	0.00743	-0.01275	0.00313	-0.00574	-0.01585	-0.01667	-0.00173	(Member $x0 little)
p202608	0.01921	-0.00373	0.02091	0.01241	-0.01244	0.00719	-0.01327	0.01522	-0.02910	-0.01148	-0.00317	-0.00309	0.00356	-0.00273	-0.00852	-0.01167	0.00592	0.02038	-0.01747	-0.00726	-0.00422	-0.01774	-0.00247	0.01544	0.01336	0.02075	-0.00346	-0.02592	0.03302	-0.01564	-0.00979	-0.01055	(Member $x0 matter)
p202609	0.00493	-0.01587	-0.00851	0.00745	0.01258	0.00341	-0.01144	0.03299	0.00421	-0.02805	-0.00360	-0.00032	-0.03289	0.03363	0.02555	0.07618	0.01434	0.00605	-0.01931	0.05847	0.04199	-0.03027	0.02229	-0.01190	-0.02001	0.01114	0.02999	0.00385	-0.01982	0.02846	-0.04311	0.04067	(Member $x0 middle)
p202610	0.01272	0.01267	-0.00581	0.00314	0.00716	0.00521	-0.01528	0.00765	0.00794	0.02937	-0.00842	0.00185	-0.01717	0.02761	-0.00238	-0.01319	0.01983	0.00144	-0.00211	-0.00636	0.00311	0.00541	-0.00502	0.01184	-0.00660	-0.00731	-0.00554	-0.02866	0.00557	-0.00120	0.00423	-0.00584	(Member $x0 movie)
p202611	-0.00331	0.00421	0.00101	0.01478	-0.00159	-0.00890	-0.00329	-0.01174	-0.00367	0.01328	-0.00218	0.00587	-0.00845	-0.00489	-0.01029	-0.00126	-0.00217	-0.00371	0.00521	-0.00220	-0.00152	0.00052	0.00444	-0.00058	-0.00397	-0.00258	-0.00358	0.00131	-0.00506	-0.00360	0.00236	-0.00496	(Member $x0 original)
p202612	0.00533	-0.00296	0.00276	0.00546	0.00478	-0.00511	-0.00072	-0.00586	0.00146	0.00329	-0.00146	-0.00590	-0.00540	-0.00330	0.00284	-0.00435	0.00558	-0.00404	0.00341	-0.00279	-0.00732	-0.00431	-0.00180	-0.00152	-0.00124	-0.00130	-0.00200	-0.00171	-0.00470	-0.00131	0.00449	-0.00286	(Member $x0 party)
p202613	-0.00118	-0.00212	-0.00253	0.00849	-0.00490	-0.00627	-0.00379	-0.00993	-0.00756	-0.00833	-0.01458	-0.00975	-0.00220	-0.00916	0.00200	-0.01736	-0.00862	0.00372	0.01542	0.01221	-0.01683	0.01426	-0.00596	-0.00329	-0.00790	0.00323	0.01692	0.01717	0.00472	0.02625	-0.00109	-0.00074	(Member $x0 picture)
p202614	-0.00689	0.01695	-0.00981	-0.01218	-0.01286	0.00013	-0.01832	0.00028	0.00302	0.01111	0.00318	0.00925	0.02852	0.00306	-0.00273	0.01712	-0.01934	-0.01131	0.01069	-0.00274	-0.00885	0.00385	0.00322	0.00874	0.01734	0.01381	0.01709	0.00176	-0.00303	-0.01227	-0.00270	-0.00967	(Member $x0 plane)
p202615	0.00323	-0.00547	-0.03972	-0.00885	0.02576	0.00316	-0.01645	0.04178	-0.05085	-0.02878	-0.04685	0.02421	-0.02497	-0.01862	-0.02219	-0.01623	0.00303	-0.02168	-0.01016	0.02542	-0.02895	-0.01417	0.00998	-0.00991	0.04775	0.04721	0.01870	-0.00211	0.02361	-0.00894	0.02341	0.02052	(Member $x0 red)
p202616	-0.01321	-0.00039	0.01070	0.00069	0.01413	0.00473	0.02607	-0.00720	0.00080	0.00722	0.01656	0.00348	-0.01807	0.01277	-0.00189	-0.02007	-0.00685	-0.00406	0.00806	-0.01146	-0.01873	-0.02894	0.03219	0.01927	-0.03125	0.03615	0.01127	0.00974	0.00025	-0.01234	-0.02412	0.01433	(Member $x0 river)
p202617	0.03202	0.00224	-0.02253	-0.01459	0.02212	0.00106	-0.01131	-0.00115	-0.01628	-0.00815	-0.01951	-0.01067	0.01051	0.01713	-0.01630	0.00110	0.00948	-0.00538	-0.00306	-0.00357	-0.00664	0.00343	-0.00284	-0.02960	-0.00115	0.00641	-0.01725	0.01296	-0.02168	0.01081	-0.00076	0.01337	(Member $x0 sea)
p202618	-0.00263	-0.00313	-0.01466	-0.00112	-0.00967	0.03047	-0.00161	0.02479	0.02482	-0.00388	-0.01269	-0.01735	0.03051	-0.01940	0.00258	-0.00191	-0.01212	0.00037	-0.00073	-0.01123	-0.01313	-0.00756	-0.01085	-0.00434	-0.00315	-0.00611	0.01103	0.01520	-0.00866	-0.00156	0.01049	0.00601	(Member $x0 ship)
p202619	0.00082	0.00908	0.00423	0.01956	-0.00568	0.00019	0.01024	-0.02044	-0.00629	0.02503	-0.00467	0.01058	-0.00702	0.00298	-0.01035	-0.00161	-0.00389	-0.01237	0.00494	0.00857	-0.01772	-0.00836	0.00703	-0.00685	-0.01542	0.00713	0.00397	0.00609	0.00012	-0.00155	-0.00676	-0.00172	(Member $x0 snow)
p202620	0.01467	-0.01175	-0.00349	0.03229	0.00550	0.00263	0.00028	0.01214	0.02252	0.00677	0.02315	-0.01950	-0.01804	0.02459	0.00305	0.04476	-0.01994	0.00571	0.00479	0.00622	0.03229	0.00953	-0.00597	-0.00369	0.00002	0.02637	-0.01847	-0.00622	-0.01889	0.01423	-0.00407	-0.01197	(Member $x0 song)
p202621	-0.00296	0.01310	0.02049	0.02747	0.05711	-0.00872	-0.02059	0.01005	0.00214	-0.00755	0.03064	0.00872	0.00601	0.01206	0.04893	0.02133	-0.01093	0.00329	0.01839	0.01240	0.02152	-0.02296	-0.00314	-0.00751	-0.02059	-0.00890	-0.00362	-0.00907	-0.00882	0.00997	0.01364	-0.01974	(Member $x0 store)
p202622	0.02116	-0.00233	-0.01695	0.00390	0.01265	-0.00349	0.00046	-0.00525	-0.01565	0.00437	-0.02396	-0.01057	0.00698	0.01119	-0.02770	-0.01189	0.01560	-0.01452	0.00684	0.00906	-0.01240	-0.01060	0.00022	-0.02133	-0.01059	-0.00601	-0.01181	0.03370	-0.02353	0.01166	0.00089	0.00687	(Member $x0 sun)
p202623	0.02239	0.00886	-0.00075	0.01599	0.00170	-0.00641	-0.00487	-0.01688	0.00471	0.01850	-0.00580	0.00074	-0.00443	-0.00011	-0.01735	-0.00610	0.00027	-0.00229	0.01033	0.00228	-0.00061	0.00158	0.00093	-0.00778	-0.00308	-0.00251	0.00269	0.01062	-0.00647	-0.01081	0.00260	0.00265	(Member $x0 system)
p202624	-0.00071	0.00047	-0.00236	-0.01095	-0.00556	-0.00287	-0.01087	-0.01024	-0.00184	0.00343	-0.01298	0.00680	0.00623	0.00313	-0.00121	0.01294	0.00056	-0.00509	0.00372	0.01257	-0.00205	-0.00422	-0.00260	0.00519	0.00473	0.00368	0.02027	-0.00651	0.00617	-0.01102	-0.01251	0.00028	(Member $x0 village)
p202625	0.03706	-0.00163	0.00423	0.01522	0.02754	-0.01740	0.00276	-0.01120	0.00489	0.00940	-0.00800	-0.03502	-0.00039	-0.01150	0.00095	-0.02038	0.02420	-0.00385	0.00203	-0.00743	-0.02476	-0.00503	0.00201	-0.01755	0.00882	0.00865	0.01774	-0.00719	-0.01307	0.00093	0.01991	0.01223	(Member $x0 war)
p202626	0.02444	-0.02339	-0.02336	-0.01121	0.02512	-0.02472	0.01104	-0.00584	0.00827	-0.00961	-0.01063	0.00580	0.03031	-0.00016	-0.01154	0.02468	0.00425	0.03295	-0.01326	-0.02989	-0.00744	0.03460	0.02635	0.02001	0.04140	-0.00966	0.03394	-0.03328	-0.01785	-0.00551	-0.02240	-0.00229	(Member $x0 windshield)
p202627	-0.01963	0.03284	0.00899	0.01619	-0.00829	0.00665	0.00444	0.00002	-0.00325	0.01250	-0.00239	0.02162	-0.00223	-0.00682	-0.00966	0.00740	-0.00095	0.01948	0.01037	-0.00020	0.01072	-0.01448	0.01272	-0.01912	-0.00012	0.00236	-0.00656	-0.00543	-0.01874	-0.00213	0.00524	-0.01413	(Might $e0)
p202628	0.00556	0.01161	0.00438	-0.00307	-0.00659	-0.00540	-0.00854	-0.01097	0.00784	-0.00136	0.01213	0.00990	0.00159	0.00305	-0.00128	0.00432	-0.00304	0.02369	0.00957	0.00802	-0.01043	-0.00482	-0.00038	-0.00072	-0.00178	0.01203	-0.00341	-0.00325	0.00738	-0.01103	-0.00792	0.00105	(Permitted $e0)
p202629	-0.01653	-0.03783	0.00635	-0.03654	-0.01140	0.00124	0.00168	-0.00883	-0.01470	-0.01144	-0.02832	0.00751	0.00230	-0.01576	-0.00665	0.00670	0.02456	-0.00280	-0.02106	-0.00576	-0.00635	-0.00738	-0.01413	-0.00585	0.00451	-0.00459	-0.00845	0.01270	-0.00267	0.00269	-0.00114	0.02337	(ProportionOf $x0 $x1 most)
p202630	0.00947	-0.10054	-0.04454	-0.09416	-0.03615	0.06682	-0.01920	-0.00565	-0.05823	-0.01749	-0.03783	0.11918	-0.03589	-0.03292	-0.02800	0.09510	0.03432	-0.04404	0.07792	-0.03804	0.06425	-0.01462	-0.05499	0.06188	-0.04995	-0.06621	-0.15415	0.00498	-0.05543	-0.00747	0.00165	-0.04046	(Time $e0 night)
p202631	0.02988	0.07756	0.03566	-0.08443	-0.04662	-0.01214	-0.07364	-0.04007	-0.01915	0.02411	-0.01487	0.07533	0.09776	0.08111	-0.02151	0.10998	-0.04543	-0.04252	0.07966	0.03098	-0.03779	-0.00163	0.01424	0.03008	0.05969	0.08148	0.06257	-0.03297	0.01807	-0.04175	-0.09068	-0.07643	(Time $e0 this_year)
p202632	-0.05927	-0.02475	0.08691	0.03100	0.08684	0.00382	0.07191	-0.01574	0.00122	0.05084	0.08188	0.04507	-0.05471	0.02848	-0.00788	-0.07129	-0.08870	-0.03265	0.07624	-0.01898	0.02788	-0.05873	0.16051	0.08336	-0.12364	0.08064	0.06864	0.03007	-0.01968	-0.02928	-0.09833	0.03972	(Time $e0 tonight)
p202633	-0.02688	-0.00946	-0.01255	-0.03066	-0.03249	-0.00933	-0.01414	-0.00919	-0.01471	0.00976	0.00974	-0.01462	0.07617	-0.04380	-0.02550	0.01417	0.00103	0.00230	-0.02728	-0.02210	-0.01611	0.02661	-0.00149	-0.00501	0.00995	0.03527	0.00676	0.03338	-0.01622	-0.00746	0.01154	0.00909	(TimeAtLeast $e0 (Year <num>))
p202634	-0.00421	-0.01062	0.00281	-0.00221	-0.00702	-0.00863	0.00216	-0.00220	0.00727	-0.00722	-0.00246	-0.00522	0.00341	0.00213	0.00993	-0.00706	0.00725	-0.00391	-0.00377	-0.00100	-0.00556	0.00879	-0.01053	0.00480	-0.00268	0.00413	-0.00990	-0.00247	0.00217	-0.00417	-0.00387	0.00533	(To $x0 $x1)
p202662	-0.06524	0.04707	0.00370	0.07731	-0.05230	-0.02061	0.00778	-0.03363	-0.00709	0.05156	0.05986	-0.10107	0.03191	-0.03541	-0.08351	0.06743	0.06480	-0.06071	0.13212	0.14935	-0.01927	-0.05439	-0.01627	0.05354	0.05627	-0.03926	-0.04390	-0.01367	0.09228	0.09133	0.08147	0.06674	(And (Agent $e0 $x0) (Member $e0 begin) (Ongoing $e1) (Theme $e0 $e1))
p202663	-0.06524	0.04707	0.00370	0.07731	-0.05230	-0.02061	0.00778	-0.03363	-0.00709	0.05156	0.05986	-0.10107	0.03191	-0.03541	-0.08351	0.06743	0.06480	-0.06071	0.13212	0.14935	-0.01927	-0.05439	-0.01627	0.05354	0.05627	-0.03926	-0.04390	-0.01367	0.09228	0.09133	0.08147	0.06674	(And (Agent $e0 $x0) (Member $e1 begin) (Ongoing $e0) (Theme $e1 $e0))
p202664	-0.06524	0.04707	0.00370	0.07731	-0.05230	-0.02061	0.00778	-0.03363	-0.00709	0.05156	0.05986	-0.10107	0.03191	-0.03541	-0.08351	0.06743	0.06480	-0.06071	0.13212	0.14935	-0.01927	-0.05440	-0.01627	0.05354	0.05627	-0.03926	-0.04390	-0.01367	0.09228	0.09133	0.08147	0.06674	(And (Agent $e0 $x0) (Member $e1 begin) (Past $e1) (Theme $e1 $e0))
p202665	0.00725	-0.00150	-0.01541	0.01452	-0.02338	0.03825	-0.01446	-0.00440	-0.00603	0.01198	-0.03332	-0.02900	-0.03359	0.01189	0.04950	-0.01505	0.01544	-0.00834	0.00876	-0.00918	0.02195	0.02103	0.03474	-0.00306	0.02267	-0.03588	-0.00030	-0.03138	0.00392	0.03276	-0.02206	-0.00064	(And (Agent $e0 $x0) (Member $x1 new) (Past $e0) (Theme $e0 $x1))
p202666	-0.01082	-0.04427	0.02483	-0.01670	0.06269	-0.02907	0.01490	0.06915	-0.00406	0.05120	0.01477	-0.01426	-0.01247	-0.00235	-0.02609	0.02774	-0.00069	-0.07087	-0.01525	-0.01400	0.02727	0.04932	-0.02030	-0.03059	0.00690	0.00033	0.01258	0.06527	0.03383	0.04699	-0.03096	-0.02301	(And (Cardinality $x0 <num>) (Holder $e0 $x1) (Member $e0 have) (Theme $e0 $x0))
p202668	0.13493	-0.11932	-0.08210	-0.11914	-0.10461	-0.03133	0.11513	-0.19386	0.13774	0.16964	-0.01713	0.05342	0.11375	-0.07184	0.14513	-0.07856	-0.01998	-0.05403	-0.06678	0.13969	0.07212	-0.05597	0.02110	-0.13169	-0.12298	0.09612	-0.06035	-0.01814	0.07447	0.09532	0.06265	-0.03964	(And (Experiencer $e0 $x0) (Member $e1 get) (Ongoing $e1) (Result $e1 $e0))
p202674	0.05308	-0.06827	-0.07018	0.00315	0.07050	-0.04279	0.04290	-0.00520	0.01525	-0.00880	-0.02899	0.04241	0.05086	-0.00678	0.00474	0.00354	-0.01048	0.09181	-0.01313	-0.02145	-0.01022	0.07635	0.01998	0.03521	0.09399	-0.06944	0.03857	-0.03317	-0.05794	0.00175	-0.06727	-0.03751	(And (Member $e0 start) (Past $e0) (Patient $e1 $x0) (Theme $e0 $e1))
p202675	0.02730	0.20180	-0.09060	0.14380	-0.03698	0.03311	0.08377	-0.02253	-0.03196	-0.06427	0.00082	0.12663	-0.07108	0.17388	0.20349	0.11887	0.02799	-0.02540	-0.19071	-0.08224	-0.08215	0.08955	-0.13189	-0.26000	-0.02759	-0.07644	0.07546	-0.01496	0.18489	-0.07762	0.12874	-0.05925	(And (Member $e0 stop) (Past $e0) (Past $e1) (Theme $e0 $e1))
p202677	0.07896	-0.03143	-0.04369	-0.00720	0.05732	-0.05184	0.04995	-0.02051	0.03920	-0.01293	-0.00539	-0.00172	0.06872	-0.03171	-0.03923	0.08073	0.01044	0.05323	0.00289	-0.08476	-0.02265	0.08804	0.05323	0.05723	0.10716	-0.01494	0.06550	-0.09002	-0.02497	0.02556	-0.03220	0.02645	(And (Ongoing $e0) (Past $e1) (Patient $e1 $x0) (Theme $e1 $e0))
p203242	-0.05139	-0.01742	0.03831	0.00137	0.02872	-0.00974	0.00844	-0.01183	-0.03590	0.00871	0.02135	-0.01572	0.02510	-0.01197	0.01519	-0.00853	0.00873	0.03243	-0.06074	0.04167	-0.02764	-0.02719	-0.01352	-0.03950	0.05899	0.01064	0.00921	0.05299	0.01231	-0.02938	-0.00288	-0.07936	(And (Agent $e0 $x0) (Cardinality $x0 <num>) (Past $e0))
p203243	-0.08159	-0.10701	0.17549	-0.09644	0.11482	0.06422	0.19862	-0.06532	0.17368	0.01991	-0.04398	-0.07601	-0.07453	0.02532	-0.10307	0.16467	-0.14496	-0.02180	0.08445	-0.07068	0.08918	0.12304	-0.05084	-0.05075	0.12495	0.03383	-0.07788	0.14287	0.16171	-0.12952	0.13447	-0.14055	(And (Agent $e0 $x0) (Cardinality $x1 <num>) (Theme $e0 $x1))
p203247	-0.01051	0.00017	-0.02218	0.03451	0.03376	-0.00460	-0.00487	0.08049	0.00078	-0.06984	-0.00571	0.05730	-0.01973	0.00244	0.06192	-0.02526	-0.06326	0.01484	0.06152	0.00281	0.03877	0.02476	-0.01066	0.00588	0.04099	-0.04335	-0.00851	-0.00865	0.09365	-0.02738	0.03106	0.06344	(And (Agent $e0 $x0) (Experiencer $e1 $x1) (Result $e0 $e1))
p203248	0.00775	0.03508	0.02857	0.01716	0.03600	0.00605	-0.02505	-0.01010	-0.04526	-0.01160	-0.00373	-0.00033	0.03255	0.00637	-0.01470	-0.02083	-0.00764	0.00452	-0.02843	-0.01293	0.02694	0.00818	-0.00922	0.00604	-0.01435	-0.01326	-0.00029	-0.00710	0.04740	-0.00402	-0.00252	0.00243	(And (Agent $e0 $x0) (GroupOf $x0 boy) (Ongoing $e0))
p203249	0.05610	0.00700	-0.03805	-0.03709	0.04232	0.00862	-0.02706	0.01630	-0.04674	-0.03637	-0.02956	0.00199	0.00529	0.02094	-0.01496	0.03668	0.01770	-0.04466	-0.02763	0.01164	-0.02135	-0.00549	-0.02216	-0.05621	0.01730	0.05071	-0.02792	0.02895	-0.05174	0.06286	-0.03799	0.02251	(And (Agent $e0 $x0) (GroupOf $x0 child) (Location $e0 $x1))
p203250	0.05731	-0.00245	-0.03906	-0.01566	0.04602	0.00977	-0.01774	0.01564	-0.03218	-0.02961	-0.01481	-0.01483	-0.00035	0.02064	-0.02095	0.02714	0.02576	-0.01959	-0.03675	0.00035	-0.00681	-0.00830	-0.01784	-0.05751	0.00134	0.04883	-0.03941	0.02334	-0.05264	0.05716	-0.01573	0.03470	(And (Agent $e0 $x0) (GroupOf $x0 child) (Member $e0 play))
p203251	0.00442	-0.04265	-0.04354	0.00456	0.03151	0.01068	0.02681	0.00783	-0.03319	-0.00340	-0.04905	0.03068	-0.00423	0.01685	0.01212	-0.04897	-0.00707	0.00604	0.01514	0.05238	-0.02401	-0.00391	-0.03154	-0.02518	0.00430	-0.05651	-0.02895	0.04802	-0.03439	0.02225	-0.03913	-0.01832	(And (Agent $e0 $x0) (Location $e1 $x1) (Theme $e0 $e1))
p203252	-0.06524	0.04707	0.00370	0.07731	-0.05230	-0.02061	0.00778	-0.03363	-0.00709	0.05156	0.05986	-0.10107	0.03191	-0.03541	-0.08351	0.06743	0.06480	-0.06071	0.13212	0.14935	-0.01927	-0.05440	-0.01627	0.05354	0.05627	-0.03926	-0.04390	-0.01367	0.09228	0.09133	0.08147	0.06674	(And (Agent $e0 $x0) (Member $e1 begin) (Theme $e1 $e0))
p203253	-0.03840	-0.03412	0.05278	0.02020	0.08180	0.00842	0.09011	-0.00923	-0.01368	0.03594	0.04543	0.03447	-0.05277	0.03399	-0.02399	-0.07295	-0.07057	-0.03947	0.07153	-0.03940	0.00757	-0.06633	0.13353	0.06491	-0.11891	0.07827	0.05535	0.05495	-0.02095	-0.02396	-0.09805	0.06464	(And (Agent $e0 $x0) (Member $e1 try) (Theme $e1 $e0))
p203254	-0.01313	-0.02755	0.00553	0.01798	-0.00754	-0.00488	0.00228	0.01224	-0.00352	-0.00594	-0.00046	-0.02048	-0.01575	0.01844	0.01401	0.01904	-0.00621	-0.01540	-0.01210	0.00151	0.01346	0.01895	-0.01083	0.00786	-0.00715	0.02888	-0.00947	0.00103	-0.01896	0.03020	-0.01354	-0.01382	(And (Agent $e0 $x0) (Member $x0 company) (Past $e0))
p203255	-0.05558	-0.07167	0.10252	0.06423	0.07466	-0.00557	0.08013	-0.01508	-0.00378	0.07872	0.05827	0.01580	-0.08286	0.06724	0.01740	-0.10330	-0.10716	-0.03449	0.11194	-0.03276	0.06847	-0.05333	0.17498	0.14598	-0.16114	0.08173	0.09686	0.01257	-0.02968	-0.01735	-0.13482	0.03689	(And (Agent $e0 $x0) (Member $x0 man) (Past $e0))
p203256	-0.00182	0.01740	-0.01029	-0.00874	-0.01061	0.00238	-0.01474	-0.00267	0.00502	0.01478	0.00427	0.01149	0.02239	-0.00560	-0.00216	0.01699	-0.01895	-0.00893	0.00876	-0.00390	-0.00573	0.00415	-0.00181	0.00908	0.01847	0.01463	0.01684	0.00227	-0.00289	-0.01273	-0.00447	-0.00431	(And (Agent $e0 $x0) (Member $x0 plane) (Past $e0))
p203257	0.03654	0.02658	0.00219	-0.00593	-0.00468	0.00905	0.05009	0.01646	0.00652	0.00552	-0.01934	-0.00926	0.00816	0.01313	-0.01211	-0.01753	0.01765	0.02881	0.01988	-0.01509	0.04912	-0.01643	-0.01300	-0.01886	0.01520	0.00339	0.00049	-0.02002	-0.03637	-0.01362	0.00316	0.00330	(And (Agent $e0 $x0) (Member $x0 thing) (Theme $e0 $x1))
p203258	-0.01934	0.00866	-0.05025	0.04785	0.04122	-0.02358	0.00285	0.09012	0.08250	-0.06506	0.02347	0.02375	-0.02738	0.03293	0.07299	0.01246	-0.06679	-0.00535	0.06139	0.01092	0.03676	0.01565	-0.02772	0.02774	0.01138	-0.01171	-0.00976	0.03134	0.02429	0.00532	0.02458	0.05013	(And (Agent $e0 $x0) (Member $x1 door) (Patient $e0 $x1))
p203259	0.03626	-0.01168	-0.01848	0.05598	-0.00191	0.00454	-0.02552	0.03199	0.01830	0.00659	0.03689	-0.02327	-0.00853	0.03965	0.00293	0.08194	-0.00026	0.03945	-0.02088	0.02369	0.05281	-0.02444	-0.00157	-0.01843	-0.01692	0.05369	-0.01113	-0.01478	-0.05347	0.03373	-0.02263	0.00757	(And (Agent $e0 $x0) (PartOf $x1 $x2) (Theme $e0 $x1))
p203260	0.03007	0.02272	-0.03835	-0.01054	0.04980	0.01316	-0.01526	-0.00246	-0.00184	-0.00580	-0.00516	0.00769	0.00396	-0.00640	-0.01627	-0.01288	-0.00964	-0.01509	-0.00143	0.00140	0.01099	0.02069	-0.00707	-0.02414	0.01141	-0.00998	-0.00797	0.02624	-0.00855	0.00782	0.02031	0.03982	(And (Agent $e0 $x0) (Past $e1) (Stimulus $e1 $e0))
p203261	0.01646	-0.00951	0.03060	-0.01998	-0.01754	0.01479	-0.02419	-0.01396	-0.01995	0.03491	0.04698	0.07847	-0.02167	-0.01337	-0.04240	0.00910	-0.01820	0.04764	-0.03449	-0.02096	0.01772	-0.00392	0.00511	-0.01968	0.04555	-0.02672	-0.01130	-0.02031	-0.03011	0.02979	0.03979	0.07550	(And (Agent $e0 $x0) (Past $e1) (To $e1 $e0))
p203264	0.00396	0.01449	0.01350	-0.00858	-0.00906	-0.00389	-0.01657	-0.00862	0.01641	0.01605	0.00630	0.00533	0.00531	0.03219	-0.03021	-0.01925	0.00744	-0.00390	-0.02670	-0.00655	-0.00058	-0.02628	-0.00105	0.02459	-0.01029	-0.00778	0.01707	0.02516	-0.01702	0.00789	0.03489	-0.01314	(And (Before $e0 $e1) (Past $e0) (Past $e1))
p203265	-0.01082	-0.04427	0.02483	-0.01670	0.06269	-0.02907	0.01490	0.06915	-0.00406	0.05120	0.01477	-0.01426	-0.01247	-0.00235	-0.02609	0.02774	-0.00069	-0.07087	-0.01525	-0.01400	0.02727	0.04932	-0.02030	-0.03059	0.00690	0.00033	0.01258	0.06527	0.03383	0.04699	-0.03096	-0.02301	(And (Cardinality $x0 <num>) (Holder $e0 $x1) (Theme $e0 $x0))
p203267	0.13493	-0.11932	-0.08210	-0.11914	-0.10461	-0.03133	0.11513	-0.19386	0.13774	0.16964	-0.01713	0.05342	0.11375	-0.07184	0.14513	-0.07856	-0.01998	-0.05403	-0.06678	0.13969	0.07212	-0.05597	0.02110	-0.13169	-0.12298	0.09612	-0.06035	-0.01814	0.07447	0.09532	0.06265	-0.03964	(And (Experiencer $e0 $x0) (Member $e1 get) (Result $e1 $e0))
p203269	-0.01851	0.01626	-0.07177	0.04282	0.04196	-0.01586	0.00017	0.10564	0.06476	-0.06120	-0.00636	0.04177	-0.05530	0.01790	0.06193	-0.02164	-0.07969	-0.01251	0.07902	0.01348	0.01193	-0.00367	-0.00734	0.04788	0.05424	-0.01056	0.02075	0.02028	0.06518	-0.02122	0.05338	0.03751	(And (Experiencer $e0 $x0) (Member $e1 leave) (Result $e1 $e0))
p203271	0.00888	-0.01778	-0.04971	0.01524	0.02249	-0.00447	-0.01905	0.08219	-0.08629	-0.02848	-0.03905	0.04400	-0.05875	-0.05329	-0.05220	-0.04844	-0.00292	-0.01489	-0.01415	0.02670	-0.06340	-0.00207	0.05004	0.00438	0.12291	0.11177	0.03075	-0.04128	0.04175	-0.04376	0.05249	0.01544	(And (Experiencer $e0 $x0) (Member $e1 turn) (Result $e1 $e0))
p203273	0.13493	-0.11932	-0.08210	-0.11914	-0.10461	-0.03133	0.11513	-0.19386	0.13774	0.16964	-0.01713	0.05342	0.11375	-0.07184	0.14513	-0.07856	-0.01998	-0.05403	-0.06678	0.13969	0.07212	-0.05597	0.02110	-0.13169	-0.12298	0.09612	-0.06035	-0.01814	0.07447	0.09532	0.06265	-0.03964	(And (Experiencer $e0 $x0) (Ongoing $e1) (Result $e1 $e0))
p203274	0.04532	-0.03879	0.09390	-0.03297	-0.02856	0.00332	-0.01070	-0.01434	0.05669	0.00182	0.00779	0.05409	-0.07441	0.08082	-0.05141	-0.07116	0.02146	0.01050	-0.06379	-0.00838	-0.03209	-0.08828	-0.01901	0.01823	0.02643	-0.07778	0.05002	0.03190	-0.03136	0.11295	0.07946	0.03391	(And (GroupOf $x0 person) (Past $e0) (Patient $e0 $x0))
p203275	0.02221	-0.02048	-0.03458	-0.00999	0.03253	-0.03691	0.00494	-0.02247	0.02005	0.00187	-0.04024	0.00516	0.03705	-0.00306	-0.02717	0.04424	0.02935	0.04679	-0.02348	-0.01910	0.02086	0.01395	0.03577	0.03624	0.01996	-0.02056	0.07139	-0.01898	-0.01585	-0.02360	-0.01155	0.00743	(And (LocatedIn $x0 $x1) (Past $e0) (Patient $e0 $x0))
p203276	0.02639	-0.00082	0.02557	0.03927	0.00126	0.00815	-0.02896	0.01574	-0.01206	-0.00873	0.01728	0.01324	-0.00284	0.02188	0.00410	0.04961	-0.01009	0.01678	0.00003	0.04680	0.03733	-0.00989	-0.00550	-0.01756	-0.01606	-0.00224	0.01336	-0.01720	-0.00081	0.01727	-0.03115	0.00497	(And (Location $e0 $x0) (Member $e0 live) (Member $x0 house))
p203277	0.02730	0.20180	-0.09060	0.14380	-0.03698	0.03311	0.08377	-0.02253	-0.03196	-0.06427	0.00082	0.12663	-0.07108	0.17388	0.20349	0.11887	0.02799	-0.02540	-0.19071	-0.08224	-0.08215	0.08955	-0.13189	-0.26000	-0.02759	-0.07644	0.07546	-0.01496	0.18489	-0.07762	0.12874	-0.05925	(And (Member $e0 stop) (Past $e1) (Theme $e0 $e1))
p203278	-0.01150	0.00209	0.01160	-0.00775	-0.01299	-0.01722	0.00080	-0.01400	0.02102	0.00043	-0.01076	-0.00508	0.01275	0.01208	0.00212	-0.02201	0.02594	-0.01231	-0.02344	-0.00253	-0.00421	-0.00487	-0.01404	0.02281	-0.02331	0.02686	-0.01671	0.01869	-0.00606	-0.00951	0.00357	-0.00789	(And (Member $x0 fire) (Past $e0) (Patient $e0 $x0))
p203279	-0.00368	-0.00228	-0.00113	0.00412	-0.00293	-0.00490	-0.00332	-0.00746	-0.00936	-0.01145	-0.00954	-0.00899	-0.00112	-0.00714	0.00626	-0.01391	-0.01319	0.00433	0.01436	0.01243	-0.01651	0.01799	-0.00560	-0.00189	-0.00639	0.00510	0.01886	0.00954	0.01073	0.02591	-0.00211	0.00303	(And (Member $x0 picture) (Past $e0) (Theme $e0 $x0))
p203280	-0.03842	0.05661	0.00884	0.00292	-0.01442	-0.02343	0.04237	0.00789	-0.04347	0.00627	-0.00518	0.05544	-0.01409	-0.01377	-0.01516	0.01545	0.00594	-0.01365	0.02116	0.00253	0.04801	-0.01740	-0.01517	-0.00975	0.01276	0.00128	-0.01079	-0.00237	-0.03800	-0.00078	0.01287	-0.03670	(And (Member $x0 thing) (Obligated $e0) (Patient $e0 $x0))
p203281	-0.01791	-0.00594	-0.01013	-0.01605	0.05867	-0.00980	0.04011	-0.00333	-0.00938	-0.01267	-0.00256	0.04597	0.00328	0.00786	-0.03137	0.01967	-0.04600	-0.01535	0.01183	-0.06154	-0.00888	0.02501	0.07334	0.03976	-0.02065	0.02268	0.01131	0.00183	-0.02304	0.02699	-0.04354	0.02011	(And (Ongoing $e0) (Patient $e1 $x0) (Theme $e0 $e1))
p203282	-0.03955	-0.00032	-0.00830	0.04943	-0.01318	0.00482	0.01328	-0.00712	0.00491	0.02935	0.04216	-0.02734	0.00943	0.00640	0.00523	-0.01151	0.03125	0.01979	0.04681	0.09501	-0.01024	-0.06729	-0.00004	0.03310	0.01698	-0.03954	-0.02656	0.02308	0.02293	0.00142	-0.00207	-0.02050	(And (Past $e0) (Recipient $e1 $x0) (Theme $e0 $e1))
p203283	0.01491	-0.01199	0.00156	-0.02763	-0.02562	0.04344	0.04148	-0.00760	0.00470	-0.02182	0.00508	0.00561	-0.00777	0.03484	-0.00825	0.00881	0.03361	0.01410	0.00701	-0.03883	-0.02919	-0.02420	0.04848	-0.00111	-0.04093	0.03756	-0.01290	-0.00515	0.00492	-0.01601	-0.03915	0.02369	(And (Past $e0) (Theme $e0 $e1) (Theme $e1 $x0))
p203527	-0.00791	-0.00303	-0.00411	0.00520	-0.00319	0.00039	-0.00384	0.00861	-0.00837	-0.00169	-0.00322	0.00990	-0.00517	-0.00425	0.00047	-0.00450	-0.00966	-0.00494	0.00224	0.00597	-0.00712	-0.00132	0.00564	-0.00168	0.00718	0.00531	-0.00014	-0.00564	0.00851	-0.00106	0.00770	-0.00392	(And (Inheritance living_room room) (Member $x0 living_room))
p203575	-0.00094	0.00358	0.00789	-0.01118	-0.00851	-0.01242	-0.00642	-0.00829	0.00003	-0.00248	-0.00321	0.01151	0.01139	0.01165	0.00486	0.00525	0.00015	-0.00833	0.01154	0.00289	-0.00339	0.00868	-0.00751	0.01056	0.00630	0.01199	-0.00266	-0.00578	0.00394	-0.01072	-0.01721	-0.00257	(Inheritance dung_beetle beetle)
p203576	-0.00790	-0.00301	-0.00409	0.00521	-0.00318	0.00041	-0.00382	0.00861	-0.00838	-0.00166	-0.00321	0.00994	-0.00515	-0.00425	0.00049	-0.00448	-0.00964	-0.00493	0.00226	0.00599	-0.00711	-0.00130	0.00566	-0.00167	0.00720	0.00533	-0.00012	-0.00562	0.00853	-0.00104	0.00772	-0.00390	(Inheritance living_room room)
p203608	-0.02787	0.03647	0.06699	-0.01150	0.06562	-0.01252	-0.01532	-0.01074	-0.03605	0.00347	0.04075	-0.05415	0.05228	-0.05036	0.06270	0.03317	0.03312	0.00787	-0.03721	-0.01586	-0.05441	-0.02764	0.03561	-0.06192	0.05658	0.06521	0.05784	-0.02325	0.00550	-0.02075	0.02920	-0.03170	(And (Agent $e0 $x0) (Goal $e0 $x1) (Member $e0 come) (Past $e0))
p203609	-0.06524	0.04707	0.00370	0.07731	-0.05230	-0.02061	0.00778	-0.03363	-0.00709	0.05156	0.05986	-0.10107	0.03191	-0.03541	-0.08351	0.06743	0.06480	-0.06071	0.13212	0.14935	-0.01927	-0.05440	-0.01627	0.05354	0.05627	-0.03926	-0.04390	-0.01367	0.09228	0.09133	0.08147	0.06674	(And (Agent $e0 $x0) (Member $e0 begin) (Past $e0) (Theme $e0 $e1))
p203610	-0.00629	-0.02966	-0.01014	0.01719	-0.02410	0.01935	-0.00033	0.00018	-0.02952	0.01355	-0.04422	-0.02564	-0.02342	-0.00396	0.01446	-0.01040	0.00609	-0.02329	-0.00445	-0.00447	-0.00808	0.03619	-0.01418	0.00902	-0.00581	-0.00973	0.00557	-0.03384	-0.01289	0.03294	0.01031	-0.01478	(And (Agent $e0 $x0) (Member $e0 capture) (Past $e0) (Theme $e0 $x1))
p203611	-0.03481	0.04839	-0.00524	0.01295	0.01075	0.01274	-0.01745	0.00090	-0.00371	-0.00385	-0.04250	-0.01745	-0.04576	0.06312	0.01962	-0.03387	0.00808	-0.02768	-0.02866	-0.00206	0.00225	-0.00850	-0.01428	0.07936	-0.02840	0.00938	0.01391	-0.02487	0.02228	0.00365	0.01580	-0.05900	(And (Agent $e0 $x0) (Ongoing $e0) (Past $e0) (Theme $e0 $x1))
p203612	-0.00778	0.01515	0.08607	0.04343	-0.10131	-0.10535	0.19038	0.13099	-0.05685	0.18953	-0.03310	-0.11328	-0.16395	-0.26291	0.10062	0.06268	-0.06815	0.19781	-0.10946	0.01410	-0.06236	0.08088	0.05180	0.00024	-0.03329	-0.09993	-0.09890	0.02735	-0.13136	-0.09268	0.12139	0.24342	(And (Experiencer $e0 $x0) (Location $e0 $x1) (Ongoing $e0) (Past $e0))
p203613	0.13493	-0.11932	-0.08210	-0.11914	-0.10461	-0.03133	0.11513	-0.19386	0.13774	0.16964	-0.01713	0.05342	0.11375	-0.07184	0.14513	-0.07856	-0.01998	-0.05403	-0.06678	0.13969	0.07212	-0.05597	0.02110	-0.13169	-0.12298	0.09612	-0.06035	-0.01814	0.07447	0.09532	0.06265	-0.03964	(And (Member $e0 get) (Ongoing $e0) (Patient $e0 $x0) (Result $e0 $e1))
p203676	0.00231	-0.02161	0.01372	-0.03245	-0.02662	0.11169	0.00432	0.06816	0.08974	-0.03523	-0.05431	-0.03778	0.06017	0.00338	-0.00605	0.01074	-0.00786	0.02629	0.00705	-0.01539	-0.03396	-0.04609	-0.02842	-0.01575	-0.01843	-0.01214	0.01337	0.02615	-0.01517	0.01100	0.02679	-0.01676	(And (Agent $e0 $x0) (Future $e0) (Theme $e0 $x1))
p203677	-0.02787	0.03647	0.06699	-0.01150	0.06562	-0.01252	-0.01532	-0.01074	-0.03605	0.00347	0.04075	-0.05415	0.05228	-0.05036	0.06270	0.03317	0.03312	0.00787	-0.03721	-0.01586	-0.05441	-0.02764	0.03561	-0.06192	0.05658	0.06521	0.05784	-0.02325	0.00550	-0.02075	0.02920	-0.03170	(And (Agent $e0 $x0) (Goal $e0 $x1) (Member $e0 come))
p203678	-0.00405	-0.00424	0.03268	0.01517	0.04437	0.00402	-0.00859	-0.00390	-0.01912	0.00760	-0.00866	-0.01630	-0.01919	0.00107	0.05675	0.00567	0.01961	0.00470	0.02651	-0.00353	-0.01912	-0.01708	0.00604	-0.01432	-0.00369	-0.00119	0.01659	-0.05147	-0.01402	0.01233	0.03468	-0.01834	(And (Agent $e0 $x0) (Goal $e0 $x1) (Theme $e0 $x2))
p203679	-0.01737	0.00824	-0.02463	0.00414	-0.03700	0.01206	-0.02077	-0.00683	-0.02483	0.05217	0.01149	-0.00089	0.03254	-0.04640	-0.01775	0.03465	-0.01008	-0.00750	-0.02929	-0.02370	0.00093	0.02501	0.00162	0.00561	0.02676	0.03394	0.01096	-0.01115	-0.02817	-0.01294	0.01187	-0.00601	(And (Agent $e0 $x0) (Goal $e0 home) (Past $e0))
p203680	-0.01139	-0.03415	-0.00017	-0.01475	0.00240	-0.02070	0.00348	-0.00564	0.00258	-0.02285	-0.04030	0.04241	0.01510	0.05104	0.04223	-0.03905	0.00162	0.00531	0.03448	0.06483	-0.01927	0.01865	-0.04235	0.01687	0.00927	-0.03673	-0.02778	0.01225	-0.01037	-0.00361	-0.05727	-0.05652	(And (Agent $e0 $x0) (Location $e0 $x1) (Patient $e0 $x2))
p203681	-0.06524	0.04707	0.00370	0.07731	-0.05230	-0.02061	0.00778	-0.03363	-0.00709	0.05156	0.05986	-0.10107	0.03191	-0.03541	-0.08351	0.06743	0.06480	-0.06071	0.13212	0.14935	-0.01927	-0.05439	-0.01627	0.05354	0.05627	-0.03926	-0.04390	-0.01367	0.09228	0.09133	0.08147	0.06674	(And (Agent $e0 $x0) (Member $e0 begin) (Past $e0))
p203682	-0.06524	0.04707	0.00370	0.07731	-0.05230	-0.02061	0.00778	-0.03363	-0.00709	0.05156	0.05986	-0.10107	0.03191	-0.03541	-0.08351	0.06743	0.06480	-0.06071	0.13212	0.14935	-0.01927	-0.05439	-0.01627	0.05354	0.05627	-0.03926	-0.04390	-0.01367	0.09228	0.09133	0.08147	0.06674	(And (Agent $e0 $x0) (Member $e0 begin) (Theme $e0 $e1))
p203683	-0.00629	-0.02966	-0.01014	0.01719	-0.02410	0.01935	-0.00033	0.00018	-0.02952	0.01355	-0.04422	-0.02564	-0.02342	-0.00396	0.01446	-0.01040	0.00609	-0.02329	-0.00445	-0.00447	-0.00808	0.03619	-0.01418	0.00902	-0.00581	-0.00973	0.00557	-0.03384	-0.01289	0.03294	0.01031	-0.01478	(And (Agent $e0 $x0) (Member $e0 capture) (Past $e0))
p203684	-0.00629	-0.02966	-0.01014	0.01719	-0.02410	0.01936	-0.00033	0.00018	-0.02952	0.01355	-0.04422	-0.02564	-0.02342	-0.00396	0.01446	-0.01040	0.00609	-0.02329	-0.00445	-0.00447	-0.00808	0.03619	-0.01418	0.00902	-0.00580	-0.00973	0.00557	-0.03384	-0.01289	0.03294	0.01031	-0.01478	(And (Agent $e0 $x0) (Member $e0 capture) (Theme $e0 $x1))
p203685	-0.00616	-0.01814	0.01233	-0.01414	-0.02540	-0.00609	-0.00343	-0.00255	0.01786	-0.01697	-0.02459	-0.00670	0.01335	0.02569	0.02644	-0.00853	0.01848	-0.01355	0.01585	0.01355	-0.01210	0.01550	-0.02435	0.02125	-0.01174	0.01231	-0.01998	-0.01157	-0.00017	-0.00226	-0.02189	-0.01196	(And (Agent $e0 $x0) (Member $e0 cause) (Past $e0))
p203686	0.01254	0.01790	-0.00325	-0.03103	-0.02344	0.02426	-0.02923	-0.01426	-0.02103	0.00631	-0.01935	0.01352	-0.00167	0.01085	0.02059	0.02920	0.00775	-0.02090	0.02072	-0.00110	0.00264	-0.00081	0.03108	-0.00560	0.04394	0.00762	-0.00343	-0.01607	-0.00240	0.01302	-0.05539	-0.01173	(And (Agent $e0 $x0) (Member $e0 draw) (Past $e0))
p203687	0.04533	0.00490	0.09455	0.05068	0.03470	0.02393	-0.03046	-0.01122	-0.08368	-0.02232	0.00252	0.00028	0.06063	-0.00044	-0.01363	-0.03932	-0.02126	0.03979	-0.02139	-0.01789	0.06690	0.01846	-0.00748	-0.00621	-0.03235	-0.05287	-0.00158	-0.04467	0.10123	-0.00443	-0.03283	0.01931	(And (Agent $e0 $x0) (Member $e0 make) (Ongoing $e0))
p203688	0.05010	0.01195	-0.04009	-0.01239	0.06184	0.00136	-0.02208	0.01391	-0.03749	-0.03386	-0.01168	-0.01537	0.00448	0.02059	-0.02100	0.01645	0.01770	-0.03099	-0.04162	0.00497	-0.00271	-0.00565	-0.01901	-0.05168	0.00180	0.04224	-0.03100	0.03304	-0.03931	0.05965	-0.01223	0.03368	(And (Agent $e0 $x0) (Member $e0 play) (Ongoing $e0))
p203689	-0.04292	-0.01428	0.05186	0.01262	0.06002	0.01163	0.06833	-0.00516	0.00062	0.03771	0.04710	0.01881	-0.04136	0.03072	-0.00754	-0.06428	-0.05765	-0.03298	0.04685	-0.03281	0.00499	-0.07246	0.11437	0.08028	-0.09980	0.07849	0.06157	0.04334	-0.01214	-0.03411	-0.08144	0.03273	(And (Agent $e0 $x0) (Member $e0 try) (Past $e0))
p203690	-0.03840	-0.03412	0.05278	0.02020	0.08180	0.00842	0.09011	-0.00923	-0.01368	0.03594	0.04543	0.03447	-0.05277	0.03399	-0.02399	-0.07295	-0.07057	-0.03947	0.07153	-0.03940	0.00757	-0.06633	0.13353	0.06491	-0.11891	0.07827	0.05535	0.05495	-0.02095	-0.02396	-0.09805	0.06464	(And (Agent $e0 $x0) (Member $e0 try) (Theme $e0 $e1))
p203691	0.02975	0.00422	0.01970	-0.00828	-0.00441	0.01495	-0.02185	-0.01553	0.00995	0.02393	0.01810	0.04024	-0.04436	0.04034	-0.02328	-0.01392	-0.00252	0.03676	-0.02180	-0.00979	0.01228	-0.01060	-0.00183	0.01216	0.02529	-0.02504	-0.00000	-0.04115	-0.01322	0.02926	0.04196	0.03544	(And (Agent $e0 $x0) (Member $e0 watch) (Theme $e0 $x1))
p203692	-0.03129	0.02555	0.02747	-0.00852	0.01517	-0.00663	-0.01111	-0.01156	-0.02557	0.01719	0.02326	-0.02416	0.03666	-0.03827	0.00976	0.02518	0.00605	0.00002	-0.03905	-0.01540	-0.02833	-0.00557	0.01467	-0.02644	0.04072	0.04971	0.03179	0.00275	0.00240	-0.02322	0.01461	-0.02739	(And (Agent $e0 $x0) (Over $e0 $x1) (Past $e0))
p203693	0.01641	-0.00956	0.03054	-0.02004	-0.01758	0.01475	-0.02424	-0.01401	-0.02001	0.03485	0.04693	0.07843	-0.02172	-0.01342	-0.04245	0.00906	-0.01824	0.04759	-0.03456	-0.02102	0.01766	-0.00395	0.00506	-0.01975	0.04551	-0.02677	-0.01135	-0.02038	-0.03016	0.02975	0.03974	0.07546	(And (Agent $e0 $x0) (Past $e0) (To $e0 $e1))
p203694	-0.01051	0.00017	-0.02218	0.03451	0.03376	-0.00460	-0.00487	0.08049	0.00078	-0.06984	-0.00571	0.05730	-0.01973	0.00244	0.06192	-0.02526	-0.06326	0.01484	0.06152	0.00281	0.03877	0.02476	-0.01066	0.00588	0.04099	-0.04335	-0.00851	-0.00865	0.09365	-0.02738	0.03106	0.06344	(And (Agent $e0 $x0) (Patient $e0 $x1) (Result $e0 $e1))
p203695	-0.04379	-0.05582	0.01693	0.02575	0.08423	-0.00617	0.07194	-0.00425	-0.02152	0.02638	0.01434	0.06218	-0.03741	0.04015	0.00379	-0.08984	-0.07437	-0.00487	0.07011	0.01133	0.01983	-0.03569	0.08133	0.05849	-0.07865	-0.00138	0.02072	0.06447	-0.03394	-0.01025	-0.10124	0.00268	(And (Agent $e0 $x0) (Patient $e0 $x1) (Theme $e1 $e0))
p203696	-0.00259	-0.05289	-0.00531	-0.04850	-0.02702	0.04135	0.02699	0.00571	-0.05783	-0.02087	-0.03782	0.02344	0.00269	0.02780	-0.03271	0.03157	0.04443	-0.02526	0.00186	-0.03774	-0.04097	-0.01223	0.02878	-0.02422	-0.04766	0.02582	-0.04952	-0.01102	-0.04227	0.01068	-0.02243	0.00837	(And (Experiencer $e0 $x0) (Member $e0 need) (Theme $e0 $e1))
p203697	0.06761	0.00004	0.02259	0.01257	0.07627	-0.02898	0.00437	-0.01354	0.00701	0.00927	-0.00154	-0.07246	0.02016	-0.02561	0.03683	-0.02890	0.04821	-0.00019	0.00744	-0.01587	-0.05024	-0.01840	0.00870	-0.04399	0.02137	0.01911	0.05007	-0.02767	-0.01990	0.00412	0.04539	0.02861	(And (Goal $e0 $x0) (Manner $e0 quickly) (Past $e0))
p203698	-0.02787	0.03647	0.06699	-0.01150	0.06562	-0.01252	-0.01532	-0.01074	-0.03605	0.00347	0.04075	-0.05415	0.05228	-0.05036	0.06270	0.03317	0.03312	0.00787	-0.03721	-0.01586	-0.05441	-0.02764	0.03561	-0.06192	0.05658	0.06521	0.05784	-0.02325	0.00550	-0.02075	0.02920	-0.03170	(And (Goal $e0 $x0) (Member $e0 come) (Past $e0))
p203699	0.01796	0.01544	0.01791	-0.01913	0.00130	0.03639	0.00309	0.03069	0.01568	-0.01572	-0.04634	-0.00380	-0.02382	0.00647	0.02885	-0.01465	0.00114	-0.00390	-0.01138	0.01078	-0.01759	-0.03804	-0.03009	0.03621	-0.02453	-0.01614	-0.01739	0.02039	-0.00612	-0.00464	-0.01635	-0.02194	(And (Location $e0 $x0) (Member $e0 walk) (Ongoing $e0))
p203700	0.01908	0.01670	0.05744	0.00279	-0.01895	0.04515	-0.00363	0.02291	0.00942	-0.00700	-0.03083	0.00316	-0.00996	0.00019	0.03097	-0.00362	-0.00999	0.01440	-0.00695	0.00946	0.00237	-0.03421	-0.02159	0.04999	-0.03490	-0.03132	-0.00890	-0.00700	0.02184	-0.01442	-0.02572	-0.04035	(And (Location $e0 $x0) (Member $e0 walk) (Past $e0))
p203701	-0.02307	-0.01648	-0.02199	0.01242	0.03015	-0.00799	0.00806	-0.00372	-0.01651	0.00533	-0.03263	0.05291	-0.00860	0.00564	0.03567	-0.01990	-0.02865	0.01234	0.01061	0.05267	-0.00414	0.01798	-0.01881	-0.00345	0.00492	-0.06612	-0.02631	0.02233	-0.02129	0.02642	-0.02499	-0.05387	(And (Location $e0 $x0) (Ongoing $e0) (Patient $e0 $x1))
p203702	-0.04119	0.00246	-0.02834	-0.02610	0.02264	-0.04442	-0.00577	-0.03134	-0.03270	-0.05280	-0.00050	0.00905	0.02349	-0.05794	-0.01294	-0.02148	-0.00665	0.04557	0.00779	0.01811	-0.03448	0.01662	-0.00270	-0.02705	-0.01316	0.02061	0.05123	0.07399	0.04070	0.04118	0.01858	0.05749	(And (Member $e0 buy) (Past $e0) (Theme $e0 $x0))
p203703	-0.00094	-0.00582	0.02906	-0.02074	-0.02865	0.00476	0.00023	0.00955	0.03351	-0.02204	-0.03096	-0.00264	0.00792	0.02175	0.03111	-0.01140	0.02117	-0.00663	0.00975	0.01891	-0.01843	-0.01125	-0.03036	0.03748	-0.02358	0.00777	-0.02680	0.00493	0.00030	-0.01661	-0.02841	-0.02029	(And (Member $e0 cause) (Past $e0) (Patient $e0 $x0))
p203704	-0.00265	0.00257	0.00259	0.00054	-0.01250	-0.01948	-0.00583	-0.01523	0.00254	-0.00786	0.00173	0.00107	0.00829	-0.00576	-0.01115	-0.00389	0.02625	0.01797	-0.00664	-0.00034	-0.01664	-0.00270	-0.00455	-0.00585	-0.01051	0.02975	-0.01602	0.01736	-0.00982	0.00188	0.00057	0.00727	(And (Member $e0 create) (Past $e0) (Patient $e0 $x0))
p203705	-0.00315	0.00821	-0.01284	-0.01357	-0.00435	-0.00071	-0.00185	-0.00341	0.03529	-0.02783	-0.00969	-0.00502	-0.01641	0.00769	0.05562	-0.01948	0.03067	-0.00206	0.01153	-0.00970	0.01757	0.01630	0.02420	-0.01285	0.03130	-0.02897	-0.03346	0.01591	0.01729	-0.00125	-0.02445	0.03875	(And (Member $e0 eat) (Past $e0) (Patient $e0 $x0))
p203706	-0.01668	0.03735	0.02019	-0.03780	-0.02340	0.06604	-0.02356	-0.01943	0.00309	-0.00522	-0.01701	-0.02999	-0.03682	-0.01424	0.04037	-0.00164	0.05140	0.00069	-0.03136	-0.02608	0.03190	-0.04706	0.11209	-0.03420	0.08316	-0.02902	-0.02836	0.04891	0.02921	0.01077	-0.07827	-0.01443	(And (Member $e0 fall) (Past $e0) (Source $e0 $x0))
p203707	-0.00413	0.00564	-0.00093	-0.00691	0.00604	-0.01309	-0.00285	-0.01194	-0.00435	-0.02309	0.00250	0.00048	0.00943	-0.01466	0.00027	-0.01866	-0.01540	0.01638	0.01943	0.01385	-0.02029	0.01091	-0.00310	-0.00703	-0.00770	0.00731	0.02017	0.02834	0.02074	0.02072	-0.00287	0.01366	(And (Member $e0 find) (Past $e0) (Theme $e0 $x0))
p203708	0.13493	-0.11932	-0.08210	-0.11914	-0.10461	-0.03133	0.11513	-0.19386	0.13774	0.16964	-0.01713	0.05342	0.11375	-0.07184	0.14513	-0.07856	-0.01998	-0.05403	-0.06678	0.13969	0.07212	-0.05597	0.02110	-0.13169	-0.12298	0.09612	-0.06035	-0.01814	0.07447	0.09532	0.06265	-0.03964	(And (Member $e0 get) (Patient $e0 $x0) (Result $e0 $e1))
p203709	0.00551	-0.00398	-0.00651	0.01118	-0.00278	-0.01097	-0.00539	-0.01682	0.00453	0.01430	-0.02675	-0.00610	-0.00482	-0.00472	-0.02217	0.00432	0.03070	0.00027	-0.00695	0.00732	0.00385	-0.01662	0.00254	0.00037	-0.01036	0.00038	0.01777	0.01228	-0.01240	-0.00943	0.00747	0.00254	(And (Member $e0 increase) (Past $e0) (Patient $e0 $x0))
p203710	-0.01851	0.01626	-0.07177	0.04282	0.04196	-0.01586	0.00017	0.10564	0.06476	-0.06120	-0.00636	0.04177	-0.05530	0.01790	0.06193	-0.02164	-0.07969	-0.01251	0.07902	0.01348	0.01193	-0.00367	-0.00734	0.04788	0.05424	-0.01056	0.02075	0.02028	0.06518	-0.02122	0.05338	0.03751	(And (Member $e0 leave) (Patient $e0 $x0) (Result $e0 $e1))
p203711	0.03273	0.01415	0.11034	0.05105	0.02684	0.02879	-0.03476	-0.01602	-0.07555	-0.01931	0.00158	0.01753	0.05665	0.00629	-0.00470	-0.02265	-0.02853	0.03629	-0.00605	-0.00961	0.06729	0.02036	-0.00133	0.00205	-0.04174	-0.06754	0.00144	-0.05006	0.09834	-0.00296	-0.03916	-0.00500	(And (Member $e0 make) (Ongoing $e0) (Patient $e0 $x0))
p203712	0.08115	-0.02057	0.05789	0.04828	-0.02128	0.03895	-0.02135	0.04200	-0.04703	-0.02224	0.02829	-0.04009	0.04572	-0.01963	-0.00062	0.00407	-0.01510	0.05918	-0.06292	-0.02162	0.05005	-0.03940	-0.02690	0.03478	-0.01625	0.03460	-0.00435	-0.02894	0.06444	0.00349	-0.05052	-0.00501	(And (Member $e0 make) (Ongoing $e0) (Result $e0 $e1))
p203713	-0.01861	-0.01104	-0.00236	0.01168	-0.00154	-0.01051	-0.00405	0.00725	-0.01511	-0.01028	0.01402	-0.01381	-0.00027	-0.00349	0.00274	0.02348	-0.01760	0.00174	-0.01335	0.00437	0.00089	0.00980	-0.00545	-0.00812	0.00099	0.03609	0.00724	0.02484	-0.00970	0.04057	-0.00791	-0.00893	(And (Member $e0 present) (Past $e0) (Theme $e0 $x0))
p203714	0.00418	0.01219	-0.00645	-0.00543	-0.00835	0.01931	-0.01391	-0.01098	0.00028	-0.01383	-0.01026	-0.01188	-0.01295	-0.00677	0.03657	-0.01906	-0.00041	0.01151	0.02230	0.00487	0.00530	0.00977	0.03706	-0.01507	0.02088	-0.02390	0.00879	0.00878	0.02367	0.03035	-0.03143	0.01838	(And (Member $e0 receive) (Past $e0) (Theme $e0 $x0))
p203715	-0.00717	0.00558	0.02694	-0.02356	-0.00267	0.01981	0.02463	0.01729	0.01713	-0.00527	-0.02448	-0.01731	-0.02382	-0.01878	0.01340	-0.00081	-0.01939	-0.00515	-0.02562	-0.00425	-0.01220	-0.01312	-0.01583	0.04542	-0.01227	0.00035	-0.00101	0.02951	0.01450	-0.01194	-0.00533	-0.01616	(And (Member $e0 stand) (Ongoing $e0) (Past $e0))
p203716	0.03403	0.01008	0.02792	0.01610	0.01446	-0.01289	-0.00671	-0.02122	0.01255	0.01247	-0.01901	-0.01131	-0.01056	0.01871	0.00346	-0.01522	0.01983	-0.01293	0.02962	0.02513	-0.02142	-0.01417	-0.00278	-0.00729	-0.00771	-0.00042	0.01308	-0.00658	-0.00609	-0.00435	0.00127	-0.01851	(And (Member $e0 stick) (Past $e0) (Patient $e0 $x0))
p203717	0.02730	0.20180	-0.09060	0.14380	-0.03698	0.03311	0.08377	-0.02253	-0.03196	-0.06427	0.00082	0.12663	-0.07108	0.17388	0.20349	0.11887	0.02799	-0.02540	-0.19071	-0.08224	-0.08215	0.08955	-0.13189	-0.26000	-0.02759	-0.07644	0.07546	-0.01496	0.18489	-0.07762	0.12874	-0.05925	(And (Member $e0 stop) (Past $e0) (Theme $e0 $e1))
p203718	-0.02262	0.01342	0.01453	-0.02552	0.01508	0.02643	0.03917	0.01725	0.03568	-0.01811	0.00411	-0.00472	-0.02983	0.02965	-0.00267	-0.02422	-0.02309	-0.02972	-0.00520	-0.04193	-0.00115	-0.03920	0.03448	0.10411	-0.04894	0.04633	0.02339	0.02000	0.01653	-0.01883	-0.03609	-0.00589	(And (Member $e0 try) (Ongoing $e0) (Past $e0))
p203719	0.03906	-0.01482	-0.03788	0.02021	0.02027	-0.00017	-0.00957	0.04722	-0.03545	-0.01101	-0.01557	0.00989	-0.03836	-0.03884	-0.04332	-0.03215	0.00451	0.00183	-0.00924	0.00056	-0.02411	-0.00033	0.01983	0.02159	0.07415	0.06369	0.02032	-0.01291	0.00815	-0.03654	0.02010	0.01319	(And (Member $e0 turn) (Past $e0) (Result $e0 $e1))
p203720	0.00888	-0.01778	-0.04971	0.01524	0.02249	-0.00446	-0.01905	0.08219	-0.08629	-0.02848	-0.03905	0.04400	-0.05875	-0.05329	-0.05220	-0.04844	-0.00292	-0.01489	-0.01415	0.02670	-0.06340	-0.00207	0.05004	0.00438	0.12291	0.11177	0.03075	-0.04128	0.04175	-0.04376	0.05249	0.01544	(And (Member $e0 turn) (Patient $e0 $x0) (Result $e0 $e1))
p203721	0.00643	0.01039	0.03510	-0.01599	0.00021	0.03678	0.00894	0.03552	0.03066	-0.01703	-0.02836	-0.00807	-0.02605	0.00068	0.05287	-0.00867	0.00369	0.00661	-0.00606	0.00436	-0.01070	-0.05051	-0.02835	0.06022	-0.03448	-0.02074	-0.01313	0.00556	0.00058	-0.01649	-0.00457	-0.03695	(And (Member $e0 walk) (Ongoing $e0) (Past $e0))
p203722	-0.01285	0.01382	-0.00878	-0.00980	0.00717	-0.02115	-0.00722	-0.02597	0.01586	0.01526	-0.03550	0.00017	0.01087	0.00124	-0.01409	0.02458	0.02111	0.00682	-0.02223	-0.00341	0.02689	-0.02451	0.01733	0.04480	-0.03115	-0.00733	0.03027	0.01160	0.00911	-0.01826	0.01311	-0.01065	(And (Ongoing $e0) (Past $e0) (Patient $e0 $x0))
p203723	0.07761	-0.03173	0.03565	0.02926	-0.03543	0.03520	-0.00312	0.03362	-0.00931	-0.00809	0.03023	-0.03682	0.03422	-0.02545	0.01469	0.00316	-0.01943	0.04902	-0.06143	-0.01625	0.04500	-0.05053	-0.02164	0.04989	-0.03019	0.05243	-0.00686	-0.01462	0.04928	0.00327	-0.04777	-0.01450	(And (Ongoing $e0) (Past $e0) (Result $e0 $e1))
p203724	0.13493	-0.11932	-0.08210	-0.11914	-0.10461	-0.03133	0.11513	-0.19386	0.13774	0.16964	-0.01713	0.05342	0.11375	-0.07184	0.14513	-0.07856	-0.01998	-0.05403	-0.06678	0.13969	0.07212	-0.05597	0.02110	-0.13169	-0.12298	0.09612	-0.06035	-0.01814	0.07447	0.09532	0.06265	-0.03964	(And (Ongoing $e0) (Patient $e0 $x0) (Result $e0 $e1))
p203901	-0.02614	0.02520	0.00553	-0.00997	-0.02361	0.01316	-0.01366	0.00466	0.02239	-0.01179	0.00586	0.01488	0.02355	-0.00422	-0.00140	0.01153	0.00770	0.04810	0.00184	-0.00162	-0.03011	-0.03038	0.00211	-0.00348	-0.01217	0.02303	-0.00592	0.00206	0.00320	-0.00896	0.00425	-0.01066	(And (Agent $e0 $e1) (Theme $e1 $x0))
p203902	-0.01723	0.00840	-0.02448	0.00428	-0.03684	0.01224	-0.02060	-0.00665	-0.02465	0.05234	0.01162	-0.00071	0.03271	-0.04624	-0.01758	0.03484	-0.00989	-0.00735	-0.02912	-0.02356	0.00105	0.02519	0.00177	0.00579	0.02693	0.03414	0.01112	-0.01096	-0.02805	-0.01278	0.01205	-0.00587	(And (Agent $e0 $x0) (Goal $e0 home))
p203903	0.02056	0.02237	-0.01505	0.00797	0.02270	0.01303	-0.01452	-0.01222	0.00411	0.00334	-0.02089	-0.01468	-0.01624	0.03357	0.00101	-0.02283	0.01229	-0.00349	-0.00386	-0.00220	0.00828	0.00638	-0.00182	0.00793	-0.00377	-0.00701	-0.00723	-0.02003	0.00773	0.00543	0.01370	0.00235	(And (Agent $e0 $x0) (GroupOf $x0 scientist))
p203904	-0.00241	0.00407	0.00960	-0.00744	0.02683	-0.01074	-0.00563	-0.00349	0.00122	-0.00762	0.00327	-0.01073	0.01455	0.00055	0.02270	-0.00678	0.01496	-0.00580	-0.00393	-0.00358	-0.00857	-0.00300	-0.00763	-0.00178	0.00048	0.01010	-0.00089	-0.00507	0.00009	-0.00396	0.01275	0.00875	(And (Agent $e0 $x0) (GroupOf $x0 soldier))
p203905	-0.00440	-0.00109	-0.01471	-0.00368	-0.01636	0.03073	-0.00667	0.01950	0.01745	0.00781	-0.00769	-0.01426	0.04008	-0.02469	-0.00510	0.00669	-0.00991	0.00106	-0.00736	-0.01421	-0.00944	-0.00699	-0.00782	-0.00397	-0.00170	0.00259	0.01057	0.01507	-0.01620	-0.00506	0.01018	0.00274	(And (Agent $e0 $x0) (Member $e0 arrive))
p203906	-0.06524	0.04707	0.00370	0.07731	-0.05230	-0.02061	0.00778	-0.03363	-0.00709	0.05156	0.05986	-0.10107	0.03191	-0.03541	-0.08351	0.06743	0.06480	-0.06071	0.13212	0.14935	-0.01927	-0.05439	-0.01627	0.05354	0.05627	-0.03926	-0.04390	-0.01367	0.09228	0.09133	0.08147	0.06674	(And (Agent $e0 $x0) (Member $e0 begin))
p203907	-0.00629	-0.02966	-0.01014	0.01719	-0.02410	0.01935	-0.00033	0.00018	-0.02952	0.01355	-0.04422	-0.02564	-0.02342	-0.00396	0.01446	-0.01040	0.00609	-0.02329	-0.00445	-0.00447	-0.00808	0.03619	-0.01418	0.00902	-0.00581	-0.00973	0.00557	-0.03384	-0.01289	0.03294	0.01031	-0.01478	(And (Agent $e0 $x0) (Member $e0 capture))
p203908	-0.00434	0.00328	-0.01778	0.03650	0.02331	-0.01397	-0.00185	0.03698	0.04015	-0.01979	0.02535	0.00580	-0.00083	0.01828	0.02331	0.02122	-0.03476	0.00146	0.02313	0.00501	0.02806	0.00862	-0.01467	-0.00267	-0.01203	0.00123	-0.01307	0.02210	-0.01391	0.01339	0.00503	0.02925	(And (Agent $e0 $x0) (Member $e0 close))
p203909	0.01237	0.01774	-0.00343	-0.03119	-0.02360	0.02406	-0.02942	-0.01443	-0.02117	0.00612	-0.01948	0.01331	-0.00186	0.01068	0.02039	0.02900	0.00753	-0.02107	0.02056	-0.00125	0.00249	-0.00100	0.03092	-0.00578	0.04376	0.00742	-0.00359	-0.01626	-0.00256	0.01285	-0.05557	-0.01188	(And (Agent $e0 $x0) (Member $e0 draw))
p203910	-0.01490	-0.06781	-0.02121	-0.07204	-0.02341	0.03277	0.00126	-0.00346	-0.07060	-0.00907	-0.05709	0.04943	-0.00582	-0.02405	-0.02641	0.05112	0.04396	-0.02592	-0.00201	-0.02777	-0.00592	-0.02136	-0.01653	-0.00517	-0.01714	-0.00531	-0.05379	-0.00289	-0.03815	0.00539	-0.00876	0.01905	(And (Agent $e0 $x0) (Member $e0 go))
p203911	0.01671	-0.00947	0.00228	-0.01242	0.00506	0.00935	0.00721	-0.00975	-0.01841	0.01318	0.00013	-0.01984	0.02604	-0.00504	0.00265	0.01204	0.02943	0.00525	-0.00271	-0.02384	-0.02746	-0.01376	0.01904	-0.02447	-0.00904	0.02533	0.00610	-0.01513	-0.01966	-0.01630	0.00823	0.01108	(And (Agent $e0 $x0) (Member $e0 run))
p203912	0.02837	0.02705	-0.01295	0.00343	0.02934	0.01122	-0.01310	-0.01506	0.01405	0.00388	-0.01243	-0.00952	-0.00859	0.03427	-0.01229	-0.01826	0.01204	0.01119	-0.00115	-0.00423	0.00766	-0.00386	-0.00151	0.00084	-0.00514	0.00071	-0.01442	-0.01441	0.00704	-0.00910	0.01606	0.01027	(And (Agent $e0 $x0) (Member $e0 study))
p203913	-0.00473	-0.02836	-0.03416	0.00569	0.00554	0.02897	0.02809	0.03500	0.00883	-0.00611	-0.04475	0.01446	0.02920	0.00386	0.02387	-0.04489	-0.01092	0.03749	0.01923	0.03184	0.00922	-0.01212	-0.03515	-0.01140	0.00714	-0.06477	-0.01356	0.03358	-0.04214	0.00300	-0.01938	-0.04334	(And (Agent $e0 $x0) (Member $e0 take))
p203914	-0.02497	-0.00814	-0.02037	0.03004	-0.00371	-0.00259	-0.01419	0.00142	0.00080	0.03502	0.02816	0.00682	0.02493	-0.00327	0.02960	-0.02143	0.00301	0.05098	-0.01042	0.05481	0.00232	-0.03922	-0.01802	0.00616	0.01671	-0.02758	-0.01622	0.02691	-0.02288	-0.03659	-0.00482	-0.05466	(And (Agent $e0 $x0) (Member $e0 talk))
p203915	-0.00943	-0.00471	-0.00286	0.01607	0.04261	0.00207	-0.01589	0.01237	-0.00932	0.00550	0.00769	0.00384	0.01299	0.01893	0.06105	-0.03379	0.01811	0.04035	-0.00552	0.06117	-0.01450	-0.06033	-0.02985	-0.00689	0.01116	-0.03718	-0.01484	0.02115	-0.02177	-0.02150	-0.00206	-0.06059	(And (Agent $e0 $x0) (Member $e0 walk))
p203916	-0.00612	0.06688	-0.04877	0.04582	-0.00820	-0.00261	0.01011	-0.00950	0.00242	0.01916	0.01304	0.03905	-0.01150	0.01630	0.04948	0.02524	-0.01117	-0.00206	-0.03851	-0.02282	-0.01247	0.01921	-0.02149	-0.06910	0.01916	-0.01763	0.02553	0.02014	0.03193	-0.02844	0.04299	0.01722	(And (Agent $e0 $x0) (Member $e0 work))
p203917	0.04019	-0.00071	-0.02523	0.01053	0.02720	0.01139	0.00115	-0.00233	-0.00009	0.02447	-0.00799	-0.02764	0.03354	-0.03567	-0.02919	-0.01492	-0.01456	0.01484	-0.00120	-0.02372	-0.00275	0.00787	0.00667	-0.05202	0.01702	0.00234	0.00959	0.02249	-0.01706	-0.00907	0.01559	0.06525	(And (Agent $e0 $x0) (Member $x0 bus))
p203918	0.00516	-0.00709	-0.01121	-0.00222	-0.02260	0.01591	0.00463	-0.00760	-0.00801	0.02082	0.00553	-0.00578	0.02339	0.00395	-0.01858	0.01354	0.00875	0.00753	0.00027	-0.01635	-0.00562	-0.00588	0.01969	-0.00607	-0.01859	0.02113	-0.00966	0.00205	-0.01788	-0.02010	-0.00739	0.00394	(And (Agent $e0 $x0) (Member $x0 doctor))
p203919	0.00402	-0.00397	-0.01187	-0.00982	0.00497	0.00144	-0.00414	0.00121	-0.01029	-0.01130	-0.02682	-0.00830	-0.00440	0.00408	0.01153	-0.00843	0.01398	-0.01658	-0.00981	-0.00005	-0.01019	0.01984	-0.01490	-0.00723	0.00384	0.00568	-0.01720	-0.00026	-0.01064	0.01550	-0.00386	0.01174	(And (Agent $e0 $x0) (Member $x0 dog))
p203920	-0.00182	0.01740	-0.01029	-0.00875	-0.01062	0.00238	-0.01474	-0.00267	0.00502	0.01478	0.00426	0.01149	0.02238	-0.00561	-0.00217	0.01698	-0.01896	-0.00893	0.00876	-0.00391	-0.00574	0.00415	-0.00182	0.00908	0.01847	0.01463	0.01684	0.00226	-0.00290	-0.01273	-0.00447	-0.00431	(And (Agent $e0 $x0) (Member $x0 plane))
p203921	-0.01044	0.02063	-0.01855	0.00031	0.01391	-0.01165	0.01267	0.01429	-0.02841	-0.00918	0.00036	0.04679	-0.00660	-0.01579	0.00144	0.00115	-0.01854	0.00784	0.02626	-0.00374	0.02916	0.00673	-0.00392	-0.02356	0.02467	-0.00865	-0.01842	0.00092	0.00402	-0.01478	0.01777	0.02970	(And (Agent $e0 $x0) (Obligated $e0))
p203922	0.03007	0.02273	-0.03835	-0.01053	0.04980	0.01316	-0.01526	-0.00246	-0.00184	-0.00580	-0.00516	0.00769	0.00396	-0.00640	-0.01627	-0.01288	-0.00964	-0.01509	-0.00143	0.00140	0.01099	0.02069	-0.00707	-0.02414	0.01141	-0.00998	-0.00797	0.02624	-0.00855	0.00782	0.02031	0.03982	(And (Agent $e0 $x0) (Stimulus $e1 $e0))
p203923	-0.00668	-0.02959	0.01247	-0.04055	-0.01360	0.01769	-0.00905	-0.01631	-0.05014	0.02795	0.00872	0.03612	0.00359	-0.05048	-0.04233	0.02589	-0.00660	0.00982	-0.04176	-0.03008	0.00242	-0.00166	-0.00251	-0.03491	0.05021	0.00136	-0.01977	0.02408	-0.02386	0.01021	0.01347	0.03813	(And (Agent $e0 $x0) (SubsetOf $x0 $x1))
p203924	0.01641	-0.00956	0.03054	-0.02004	-0.01758	0.01475	-0.02424	-0.01401	-0.02001	0.03485	0.04693	0.07843	-0.02172	-0.01342	-0.04245	0.00906	-0.01824	0.04759	-0.03456	-0.02102	0.01766	-0.00395	0.00506	-0.01975	0.04551	-0.02677	-0.01135	-0.02038	-0.03016	0.02975	0.03974	0.07546	(And (Agent $e0 $x0) (To $e0 $e1))
p203925	0.01641	-0.00956	0.03054	-0.02004	-0.01758	0.01475	-0.02424	-0.01401	-0.02001	0.03485	0.04693	0.07843	-0.02172	-0.01342	-0.04245	0.00906	-0.01824	0.04759	-0.03455	-0.02102	0.01766	-0.00395	0.00506	-0.01975	0.04551	-0.02677	-0.01135	-0.02038	-0.03016	0.02975	0.03974	0.07546	(And (Agent $e0 $x0) (To $e1 $e0))
p203926	0.02041	-0.00538	-0.01387	0.00610	0.00030	0.01339	-0.00358	0.00401	0.00228	-0.00192	0.01163	0.00704	-0.00165	-0.01200	-0.00507	0.00003	-0.01025	0.00179	0.00313	-0.00497	0.01492	0.00550	-0.00819	0.00927	-0.00212	-0.00436	-0.00294	0.00921	0.00615	-0.01284	0.00550	-0.00133	(And (Agent $e0 baya) (Past $e0))
p203927	0.00454	-0.02926	-0.00407	-0.02759	0.00605	0.01060	-0.00852	-0.00622	-0.02641	-0.00513	0.00191	0.04180	-0.01811	-0.01725	0.00739	0.03067	0.01003	-0.00752	0.03002	-0.01135	0.01562	-0.01069	-0.02031	0.01353	-0.01048	-0.02550	-0.04655	-0.00943	-0.01703	-0.00189	0.01055	-0.00877	(And (Agent $e0 daniel) (Past $e0))
p203928	0.00953	-0.00504	0.03830	-0.02481	-0.01622	0.03112	0.04568	0.00849	0.02025	-0.03482	0.00954	-0.03545	-0.00065	0.01237	-0.01495	0.02184	0.01735	-0.03321	0.00924	-0.03826	-0.01463	-0.01460	0.00804	0.09363	-0.01715	0.02646	0.00491	-0.03651	0.05118	0.01604	-0.01708	0.01487	(And (Agent $e0 david) (Ongoing $e0))
p203929	0.00953	-0.00504	0.03830	-0.02481	-0.01622	0.03112	0.04568	0.00849	0.02025	-0.03482	0.00954	-0.03545	-0.00065	0.01237	-0.01495	0.02184	0.01735	-0.03321	0.00924	-0.03826	-0.01463	-0.01460	0.00804	0.09363	-0.01715	0.02646	0.00491	-0.03651	0.05118	0.01604	-0.01708	0.01487	(And (Agent $e0 david) (Past $e0))
p203930	0.00088	0.01846	0.01429	-0.00981	-0.00246	0.01610	0.03131	0.02746	0.02785	-0.00889	-0.01688	-0.00600	-0.01881	0.00386	0.01326	-0.01717	-0.00925	-0.00827	0.00155	-0.00840	0.01263	-0.03090	-0.00947	0.05377	-0.02287	0.00135	0.00631	0.01617	-0.00719	-0.01107	-0.01017	-0.02027	(And (Agent $e0 felix) (Past $e0))
p203931	0.02650	-0.00532	0.00454	-0.03104	-0.01659	0.04190	0.03133	-0.00961	0.04191	-0.03450	0.02966	-0.02478	0.00628	0.00444	-0.01603	0.03060	0.02484	-0.02372	0.04715	-0.02594	-0.00174	-0.00374	0.03285	0.05595	-0.00852	0.01347	-0.00533	-0.01822	0.04037	0.01715	-0.01588	0.03882	(And (Agent $e0 mark) (Past $e0))
p203932	-0.00132	-0.02391	-0.00662	-0.03188	0.00234	0.01374	-0.00923	-0.00297	-0.01677	-0.00465	0.00490	0.02945	0.00246	-0.02496	0.00587	0.02311	0.00519	-0.00466	0.01936	-0.01551	0.00547	-0.00590	-0.01669	0.01285	-0.00450	-0.01102	-0.02130	0.00177	-0.01613	0.00581	0.01618	0.00126	(And (Agent $e0 matthew) (Past $e0))
p203933	-0.00355	0.01090	0.00888	-0.01724	0.01425	-0.00052	0.01724	0.01640	-0.00586	-0.02514	0.01093	0.01550	-0.00427	-0.00806	0.02288	-0.00881	0.00024	0.01231	0.00734	-0.00077	0.02180	-0.02298	-0.01779	0.01176	-0.00485	-0.01096	-0.00303	0.01150	-0.01278	0.00989	0.00702	-0.01296	(And (Agent $e0 michael) (Past $e0))
p203934	0.01941	0.01665	-0.00062	-0.00825	-0.00265	0.01553	0.00720	0.00057	0.00952	-0.00594	0.00347	-0.00190	-0.00141	-0.00048	0.01202	-0.00800	-0.00135	-0.00340	0.01945	0.00294	0.02974	-0.00040	0.01413	-0.00268	0.01396	-0.01783	0.00294	0.00950	0.00236	-0.00353	-0.02133	-0.00218	(And (Agent $e0 pietro) (Past $e0))
p203935	0.00114	0.01313	0.00492	-0.01324	0.00168	0.01002	0.00849	0.00748	0.01407	-0.00423	-0.00798	-0.00614	-0.01332	-0.00734	0.01150	-0.00123	-0.00828	-0.00287	-0.01565	-0.00495	-0.00474	-0.00606	-0.00786	0.03911	-0.01284	0.00161	-0.00683	0.00433	0.00781	-0.00570	-0.00139	-0.00675	(And (Agent $e0 ziri) (Ongoing $e0))
p203936	-0.00198	-0.00403	-0.00797	0.00682	-0.00922	0.00523	-0.00555	-0.00592	-0.01062	0.01402	-0.00273	-0.00307	0.00050	-0.00681	-0.00078	0.00241	-0.00529	-0.00572	-0.00202	-0.00699	0.00697	0.01505	-0.00188	0.00727	-0.00066	0.00098	0.00461	-0.00592	-0.00471	-0.00114	0.00261	-0.00560	(And (At $e0 $x0) (Past $e0))
p203937	0.00395	0.01446	0.01347	-0.00860	-0.00908	-0.00393	-0.01661	-0.00865	0.01638	0.01602	0.00628	0.00528	0.00527	0.03215	-0.03024	-0.01928	0.00741	-0.00392	-0.02674	-0.00658	-0.00062	-0.02630	-0.00109	0.02454	-0.01031	-0.00781	0.01704	0.02513	-0.01705	0.00787	0.03487	-0.01314	(And (Before $e0 $e1) (Past $e0))
p203938	0.02097	-0.01161	-0.00425	0.01067	-0.00799	0.00239	0.02378	-0.00491	-0.01275	0.01253	-0.01068	-0.00797	-0.00948	0.01712	-0.00295	-0.00211	-0.00578	-0.00538	0.01378	-0.01100	-0.00794	0.01657	0.01223	-0.00367	-0.01985	-0.00326	0.00818	-0.00483	-0.00486	-0.00481	-0.00778	0.01519	(And (Before $x0 $e0) (Past $e0))
p203939	0.00073	0.00069	0.01095	-0.00963	-0.00234	-0.00273	-0.00533	-0.00567	0.00881	-0.01085	0.02449	0.02129	-0.00755	0.00414	-0.00835	-0.01072	-0.01073	0.02594	-0.00359	0.00042	-0.00703	-0.00793	-0.00115	0.00100	0.00061	-0.00409	0.00714	0.01036	0.00308	0.01980	0.01296	0.01742	(And (Can $e0) (Member $e0 help))
p203940	0.00627	-0.00536	0.00730	-0.00620	0.00073	0.00260	-0.00436	-0.00311	0.00788	-0.00969	0.02281	0.01726	-0.00827	0.00116	-0.00855	-0.01126	-0.01432	0.01315	-0.00239	0.00041	0.00126	-0.00176	-0.00356	0.00304	-0.00173	-0.01296	0.00806	0.01426	0.00040	0.02106	0.01416	0.01492	(And (Can $e0) (Past $e0))
p203941	-0.05773	-0.04516	0.01639	-0.00329	0.01900	-0.01365	0.02149	-0.01251	-0.02307	-0.01074	-0.00944	-0.00015	-0.00086	0.00473	-0.00794	-0.01628	-0.00026	0.03182	-0.04363	0.06074	-0.00258	-0.02008	-0.03107	-0.01982	0.03034	-0.01989	0.00615	0.08124	0.02944	-0.01740	-0.01175	-0.06267	(And (Cardinality $x0 <num>) (GroupOf $x0 girl))
p203942	0.04836	-0.00520	0.02173	0.04256	-0.01947	0.01022	-0.02032	0.02115	-0.01317	-0.00340	0.01812	-0.03085	0.02426	0.01549	0.00034	0.02165	-0.01296	0.02721	-0.01763	0.00107	0.03314	-0.01161	-0.00589	0.01608	-0.02351	0.02292	0.00942	-0.00300	0.01029	0.01385	-0.02516	-0.02354	(And (During $e0 $e1) (Past $e0))
p203943	0.04724	-0.00493	0.02332	0.04129	-0.01884	0.00893	-0.01413	0.02266	-0.01354	-0.00018	0.01699	-0.03358	0.01828	0.00416	0.00287	0.02139	-0.01346	0.03227	-0.02550	-0.00023	0.03149	-0.01014	-0.00667	0.02095	-0.02429	0.02151	0.00471	-0.00394	0.00996	0.01404	-0.02047	-0.01555	(And (During $e0 $e1) (Past $e1))
p203944	-0.02738	-0.00893	-0.00258	-0.02198	-0.02566	0.04506	-0.01019	0.05216	0.02979	-0.03506	-0.03010	-0.02733	0.05873	0.01402	0.00870	0.00140	-0.00034	-0.00682	0.00321	-0.00146	-0.03002	-0.02412	0.00109	0.00026	-0.02317	-0.01077	0.01313	0.01508	-0.00894	0.01034	0.01292	-0.02985	(And (Experiencer $e0 $x0) (Future $e0))
p203945	-0.02176	-0.04560	0.00651	-0.06406	-0.01145	0.01335	0.01528	0.01692	-0.06843	-0.02981	-0.03791	0.00891	-0.01756	0.00453	-0.01059	0.03683	0.03677	-0.03593	-0.03441	-0.01268	-0.03982	0.00078	0.00311	-0.02091	-0.01128	0.02202	-0.06508	0.00350	-0.03911	0.03518	-0.00702	0.00170	(And (Experiencer $e0 $x0) (GroupOf $x0 child))
p203946	0.01002	-0.01394	0.02878	0.01334	-0.00583	0.00498	-0.01664	0.01907	-0.03667	-0.01878	-0.00289	-0.00111	0.03861	0.01526	0.00085	-0.01260	-0.01009	0.01760	0.00810	-0.00058	0.02087	0.00922	0.01123	-0.01254	-0.00699	-0.02672	-0.00060	-0.01661	0.03901	-0.01269	-0.00092	0.00157	(And (Experiencer $e0 $x0) (Member $e0 beautiful))
p203947	-0.01521	-0.00023	0.00504	-0.02071	-0.00796	-0.00044	-0.01601	0.00560	-0.01101	-0.01829	-0.00374	-0.00778	0.01166	0.03596	0.00853	0.00037	0.01097	-0.01014	0.00519	0.00213	-0.00289	-0.00325	0.03234	-0.00517	0.00813	-0.00820	-0.00809	-0.00363	0.00407	0.00753	-0.01036	-0.01634	(And (Experiencer $e0 $x0) (Member $e0 look))
p203948	-0.00267	0.06050	-0.02206	0.02541	-0.00515	-0.02478	0.00190	-0.00777	-0.01803	-0.01685	0.00327	0.02188	0.00551	0.06771	0.03465	0.03936	0.01022	-0.00132	-0.03731	-0.01951	-0.01526	0.02722	-0.00397	-0.05643	-0.00753	-0.02060	0.01133	-0.00516	0.03262	-0.01888	0.04002	-0.02692	(And (Experiencer $e0 $x0) (Member $e0 work))
p203949	-0.01893	-0.00723	0.01271	-0.02545	-0.01102	-0.00769	-0.00827	0.00830	-0.02884	-0.01567	-0.01269	-0.00358	0.00396	0.02423	0.00075	0.00721	0.01410	-0.01183	-0.01210	0.00655	-0.01965	0.00373	0.01232	0.00096	-0.00350	0.00268	-0.01712	-0.01220	-0.00564	0.00810	0.00090	-0.01453	(And (Experiencer $e0 $x0) (Member $x0 cat))
p203950	-0.01761	0.01572	-0.06433	0.03455	0.03921	-0.01882	-0.00092	0.09666	0.06659	-0.06088	-0.00200	0.02857	-0.04505	0.03063	0.05929	-0.01628	-0.06971	-0.01173	0.07444	0.00900	0.01339	-0.00226	-0.00795	0.04829	0.04468	-0.01450	0.01668	0.02344	0.05374	-0.01852	0.04438	0.03164	(And (Experiencer $e0 $x0) (Member $x0 door))
p203951	0.04407	-0.02056	-0.02036	-0.04867	-0.03591	-0.02825	0.06928	-0.04310	0.03272	0.04493	-0.00901	0.00891	0.05295	-0.00035	0.04406	-0.03685	-0.00066	-0.02514	-0.00809	0.04535	0.05531	-0.01880	0.00757	-0.04507	-0.03521	0.02373	-0.00634	-0.00535	0.00271	0.02870	0.02395	-0.02813	(And (Experiencer $e0 $x0) (Member $x0 thing))
p203952	0.02543	-0.02729	-0.01539	-0.02889	-0.02618	-0.01342	0.00341	-0.04284	0.02420	0.03147	0.00083	0.00057	0.05059	0.01028	0.02117	-0.01408	-0.00399	-0.01124	-0.00680	0.03080	0.01332	-0.00766	0.02058	-0.02708	-0.03696	0.01397	-0.01406	-0.00192	0.01812	0.01561	0.01498	-0.02374	(And (Experiencer $e0 $x0) (Member $x0 weather))
p203953	-0.00222	0.00055	-0.00090	-0.00515	-0.00471	-0.01809	-0.01438	-0.00171	-0.00687	-0.00098	0.00632	-0.01320	0.03366	0.03597	-0.00955	0.00279	-0.00229	-0.00048	0.01376	0.00317	0.00863	0.00719	0.02273	-0.00173	-0.01592	-0.01144	0.00047	0.00586	-0.00397	-0.00813	0.00741	-0.02099	(And (Experiencer $e0 $x0) (Time $e0 today))
p203954	0.01550	0.00123	-0.00186	-0.00710	0.00174	0.00886	-0.00402	-0.00840	0.01186	-0.01208	0.00839	-0.00103	0.00745	-0.00759	-0.00313	-0.00562	-0.01127	0.00180	0.02318	0.00624	0.00146	0.00954	0.00322	0.00643	-0.00782	-0.00421	0.00856	0.01491	0.01328	0.00368	-0.00575	0.00873	(And (For $e0 $e1) (Past $e0))
p203955	-0.00197	0.03585	-0.01309	-0.00639	0.02535	-0.00907	-0.01584	-0.00582	0.00142	0.00063	-0.00001	-0.01531	0.02170	0.02294	-0.01382	-0.00857	-0.00501	-0.00931	-0.01471	-0.00899	0.00724	-0.00408	0.00648	0.02546	-0.01161	0.00900	0.00288	0.01416	0.00744	-0.00950	0.01249	-0.01233	(And (For $e0 $x0) (Ongoing $e0))
p203956	-0.00884	0.02016	-0.01147	-0.00269	-0.00037	0.00370	-0.01034	-0.00321	0.00235	0.01077	0.00494	-0.00173	0.01229	-0.00224	-0.00703	-0.00105	-0.00669	-0.00687	-0.01324	-0.00986	0.00362	-0.00360	-0.00256	0.02434	-0.00318	0.01186	0.00489	0.00973	-0.00014	-0.01556	0.00545	-0.01300	(And (For $e0 $x0) (Past $e0))
p203957	-0.01838	-0.00483	-0.01888	-0.00067	-0.02207	0.08603	-0.00119	0.07381	0.05887	-0.02720	-0.04609	-0.03337	0.07078	-0.03671	0.00607	0.00078	-0.01809	0.00475	0.00478	-0.01389	-0.03170	-0.03337	-0.02147	-0.01599	-0.02841	-0.02327	0.02248	0.03859	-0.02311	0.01242	0.02332	-0.00382	(And (Future $e0) (Time $e0 tomorrow))
p203958	0.06761	0.00004	0.02259	0.01257	0.07627	-0.02898	0.00437	-0.01354	0.00701	0.00927	-0.00154	-0.07246	0.02016	-0.02561	0.03683	-0.02890	0.04821	-0.00019	0.00744	-0.01587	-0.05024	-0.01840	0.00870	-0.04399	0.02137	0.01911	0.05007	-0.02767	-0.01990	0.00412	0.04539	0.02861	(And (Goal $e0 $x0) (Manner $e0 quickly))
p203959	-0.02787	0.03647	0.06699	-0.01150	0.06562	-0.01252	-0.01532	-0.01074	-0.03605	0.00347	0.04075	-0.05415	0.05228	-0.05036	0.06270	0.03317	0.03312	0.00787	-0.03721	-0.01586	-0.05441	-0.02764	0.03561	-0.06192	0.05658	0.06521	0.05784	-0.02325	0.00550	-0.02075	0.02920	-0.03170	(And (Goal $e0 $x0) (Member $e0 come))
p203960	0.00672	-0.14208	-0.05565	-0.13817	-0.04304	0.09193	-0.00618	0.00061	-0.09773	-0.03433	-0.06118	0.14928	-0.04481	-0.04356	-0.03473	0.12147	0.05379	-0.06242	0.08056	-0.05696	0.05187	-0.01955	-0.06761	0.05447	-0.06508	-0.06173	-0.19578	-0.00157	-0.07907	0.00706	-0.00863	-0.02410	(And (Goal $e0 bed) (Member $e0 go))
p203961	-0.01711	0.00853	-0.02435	0.00441	-0.03672	0.01236	-0.02047	-0.00654	-0.02453	0.05247	0.01175	-0.00058	0.03284	-0.04611	-0.01745	0.03497	-0.00977	-0.00724	-0.02900	-0.02343	0.00117	0.02531	0.00190	0.00592	0.02705	0.03427	0.01125	-0.01083	-0.02793	-0.01266	0.01218	-0.00577	(And (Goal $e0 home) (Past $e0))
p203962	0.01516	-0.01846	0.03072	-0.00309	-0.00550	-0.00034	-0.00777	0.01631	0.02636	-0.01154	0.03357	0.01826	-0.02762	0.04076	0.00123	-0.00503	-0.01726	0.01087	-0.02451	0.00717	0.00123	-0.02627	-0.01132	0.00834	0.01319	-0.02110	0.01469	-0.00291	-0.01152	0.05428	0.01568	0.01946	(And (GroupOf $x0 person) (Past (LocatedIn $x0 $x1)))
p203963	-0.02305	0.00906	-0.02937	-0.00066	0.03555	0.03053	0.00793	0.04356	0.03405	-0.02595	-0.01916	0.05077	0.06267	-0.04542	-0.00477	0.07688	-0.05932	0.02267	-0.00664	-0.05325	-0.02877	0.04296	0.03757	0.01062	0.02511	-0.02010	0.03421	-0.01827	-0.04939	0.04757	-0.01465	-0.02824	(And (GroupOf $x0 thing) (Patient $e0 $x0))
p203964	-0.01400	0.00122	0.00418	-0.01698	-0.00769	0.00291	-0.01389	0.00352	-0.00782	-0.01567	-0.00191	-0.00561	0.00661	0.02735	0.01004	0.00142	0.00940	-0.00872	0.00411	0.00068	-0.00189	-0.00313	0.02737	-0.00399	0.00895	-0.00799	-0.00923	-0.00320	0.00448	0.00687	-0.01225	-0.01388	(And (Like $e0 $x0) (Member $e0 look))
p203965	0.00629	-0.01026	-0.00377	-0.00690	0.00576	0.00518	-0.01366	0.00464	0.00633	-0.01455	-0.01909	0.01884	-0.00546	0.03067	0.00089	0.05786	0.00796	-0.00397	0.00427	0.04985	0.02634	-0.02383	0.00423	0.00660	-0.02194	0.01727	0.05612	-0.00508	-0.00035	-0.00402	-0.03792	0.02095	(And (LocatedIn $x0 $x1) (Location $e0 $x0))
p203966	-0.01513	-0.01563	-0.01660	-0.00461	0.00390	-0.01132	-0.00881	-0.01514	0.00152	0.00102	-0.04008	0.00106	-0.00271	-0.00272	-0.00940	0.02067	0.03398	0.00946	-0.01240	0.02713	0.01967	-0.02177	-0.00025	0.00564	-0.01582	-0.01245	0.04742	0.00223	0.00758	-0.01990	0.00476	0.02292	(And (LocatedIn $x0 $x1) (Member $x1 city))
p203967	-0.02223	-0.01502	-0.01441	-0.00816	0.00552	-0.00799	-0.00779	-0.01115	-0.00206	-0.00323	-0.03336	0.00637	-0.00459	-0.00254	-0.00113	0.02031	0.02399	0.00973	-0.00953	0.02804	0.02041	-0.01811	-0.00094	0.00623	-0.01312	-0.01696	0.04499	-0.00123	0.01579	-0.01900	0.00382	0.02439	(And (LocatedIn $x0 $x1) (Member $x1 full))
p203968	-0.02272	-0.01448	-0.01433	-0.00403	0.00370	-0.00968	-0.00471	-0.00969	-0.00238	0.00054	-0.03191	0.00410	-0.00838	-0.01037	-0.00016	0.01914	0.02085	0.01368	-0.01228	0.02794	0.01886	-0.01629	-0.00101	0.00400	-0.01262	-0.01837	0.04415	-0.00084	0.01357	-0.02012	0.00658	0.02975	(And (LocatedIn $x0 $x1) (Member $x1 table))
p203969	0.00178	-0.00829	-0.01426	0.01209	0.01053	-0.00548	-0.01645	-0.00763	0.01673	0.00621	-0.01061	0.00496	-0.00865	0.02723	-0.01188	0.04419	0.02186	0.04836	0.00059	0.02944	0.04586	-0.03609	0.01173	0.00151	-0.02626	0.01449	0.03099	-0.01119	-0.00371	-0.02291	-0.00884	0.03182	(And (LocatedIn $x0 $x1) (Theme $e0 $x0))
p203970	0.02639	-0.00082	0.02557	0.03927	0.00126	0.00815	-0.02896	0.01574	-0.01206	-0.00873	0.01728	0.01324	-0.00284	0.02188	0.00410	0.04961	-0.01009	0.01678	0.00003	0.04680	0.03733	-0.00989	-0.00550	-0.01756	-0.01606	-0.00224	0.01336	-0.01720	-0.00081	0.01727	-0.03115	0.00497	(And (Location $e0 $x0) (Member $x0 house))
p203971	0.04728	0.00394	-0.02028	0.01117	0.02827	0.00290	-0.02323	0.05149	-0.01297	-0.03428	0.02401	-0.01754	-0.02057	0.03383	0.02075	0.07141	0.00007	-0.01395	-0.03206	0.03577	0.02124	-0.01164	0.00397	-0.04776	0.00691	0.04222	-0.03700	0.02462	-0.06026	0.07802	-0.04459	0.02366	(And (Location $e0 $x0) (PartOf $x0 $x1))
p203972	0.00412	0.00089	-0.00158	0.00784	-0.01191	0.00049	-0.00530	-0.00642	0.00907	0.01542	-0.00491	-0.00567	0.00583	-0.00653	-0.01564	-0.00276	0.00917	-0.00430	-0.00701	-0.00477	-0.00676	-0.00792	-0.00279	0.00163	-0.00420	0.00530	0.00113	0.01189	-0.01679	-0.00155	0.01000	-0.00664	(And (Location $e0 here) (Past $e0))
p203973	-0.00970	0.00204	0.00199	0.01218	-0.01708	0.02520	-0.00420	0.01748	0.02412	-0.00003	-0.02148	-0.00930	0.01639	-0.01182	-0.01096	-0.00057	0.00609	-0.00516	-0.00259	-0.00264	-0.01848	-0.02000	-0.00670	-0.00260	-0.01885	-0.00494	0.00596	0.01866	-0.01987	0.00932	0.01599	-0.01674	(And (Location $e0 here) (Patient $e0 $x0))
p203974	-0.00320	-0.00151	-0.01134	-0.00481	-0.00710	0.00083	-0.00492	-0.00637	-0.00867	0.00314	0.00670	0.00220	0.01123	-0.02037	-0.00827	0.00397	-0.00505	0.00256	-0.00247	-0.00682	-0.00251	0.00802	-0.00237	-0.00019	-0.00067	0.00849	0.00095	0.01180	-0.00398	0.00076	0.00236	0.00213	(And (Manner $e0 immediately) (Past $e0))
p203975	0.01689	-0.00354	-0.01129	0.00186	0.00215	0.01041	-0.00366	-0.00478	0.00848	0.00056	0.01183	0.00150	0.00449	-0.00627	-0.00688	0.00079	-0.00611	-0.00219	0.00767	-0.00275	0.01547	0.00802	-0.00369	0.00650	-0.01019	-0.00881	-0.00257	0.01276	-0.00061	-0.00782	0.00410	-0.00234	(And (Measure $e0 duration <num> year) (Past $e0))
p203976	-0.00793	0.00547	-0.00712	-0.00015	-0.00674	-0.01001	-0.00434	-0.01199	-0.01272	-0.00116	-0.00132	0.00062	-0.00098	-0.00877	0.00134	-0.00143	0.00263	0.01728	0.00356	-0.00269	-0.01270	0.00574	-0.00317	-0.00364	0.00078	0.01289	0.00156	-0.00151	0.00083	0.00826	0.00535	0.00032	(And (Member $e0 approve) (Theme $e0 $x0))
p203977	-0.00285	0.00102	-0.01223	-0.00249	-0.01135	0.00577	-0.00866	-0.00411	-0.00231	0.01642	0.00784	0.00475	0.01420	-0.01680	-0.00827	0.01106	-0.00787	-0.00326	-0.00323	-0.01007	0.00333	0.00286	-0.00351	0.00551	0.00366	0.00475	-0.00061	0.00650	-0.01052	-0.01014	0.00567	-0.00306	(And (Member $e0 arrive) (Past $e0))
p203978	0.01968	0.00358	0.00129	0.00725	0.00102	-0.00433	-0.00825	-0.00909	0.00840	0.00818	0.00464	-0.00431	0.01198	0.01341	-0.01430	-0.00224	-0.00649	-0.00126	0.02100	0.00772	0.01278	0.00560	0.01020	0.00473	-0.01571	-0.00929	0.00543	0.01361	-0.00392	-0.01246	-0.00043	-0.01016	(And (Member $e0 bear) (Past $e0))
p203979	0.01113	-0.00740	-0.01799	0.01252	-0.00205	0.00703	-0.00553	0.02873	-0.01149	-0.01526	-0.01149	0.00363	-0.00990	-0.02225	-0.01723	-0.01656	-0.00310	0.00225	0.00393	0.00158	-0.01086	-0.01363	-0.00021	0.01314	0.01634	0.02941	0.00867	0.01332	0.01088	-0.00767	0.01122	0.00004	(And (Member $e0 become) (Past $e0))
p203980	-0.00671	-0.01015	-0.02545	0.00854	-0.01009	0.03128	-0.00845	0.06124	-0.00606	-0.03104	-0.02348	0.00795	0.00722	-0.03054	-0.00722	-0.01421	-0.01818	-0.00004	0.00773	0.00601	-0.02164	-0.02307	-0.00015	0.01146	0.01509	0.02948	0.01671	0.01321	0.01875	-0.00381	0.02130	-0.00771	(And (Member $e0 become) (Result $e0 $e1))
p203981	0.00765	0.01741	0.00628	0.00920	0.00208	-0.02297	0.01443	-0.02566	0.01585	0.00626	0.00559	-0.01628	0.02238	-0.02089	-0.03194	0.06021	0.01181	-0.02693	0.03789	-0.02166	-0.01096	0.02166	0.01691	0.03415	0.02610	-0.00021	0.00487	-0.04158	0.02063	0.04404	0.02330	0.01947	(And (Member $e0 begin) (Patient $e0 $x0))
p203982	-0.00181	0.01826	-0.00253	0.00384	-0.00113	-0.00006	-0.00881	-0.00912	0.00557	0.01148	-0.00577	-0.00346	0.00010	0.00328	-0.01942	-0.00918	0.01156	-0.00994	-0.01590	-0.00488	-0.00160	-0.01290	-0.00305	0.01899	-0.01173	0.01121	-0.00017	0.01844	-0.00932	-0.00896	0.01141	-0.01929	(And (Member $e0 break_out) (Past $e0))
p203983	-0.00930	-0.00692	0.01445	0.00733	-0.00063	-0.00984	-0.00575	-0.00978	-0.01013	0.00404	0.00658	0.03145	0.00570	-0.01340	-0.01130	-0.00190	0.00027	0.00748	0.00163	-0.00752	0.01225	0.02197	-0.00290	-0.01335	-0.00658	-0.00588	-0.02625	0.00177	-0.01096	-0.00217	0.00792	0.03594	(And (Member $e0 build) (Patient $e0 $x0))
p203984	-0.04119	0.00246	-0.02834	-0.02610	0.02264	-0.04442	-0.00577	-0.03134	-0.03270	-0.05279	-0.00050	0.00905	0.02349	-0.05794	-0.01294	-0.02148	-0.00665	0.04557	0.00779	0.01811	-0.03448	0.01662	-0.00270	-0.02705	-0.01316	0.02061	0.05123	0.07399	0.04070	0.04118	0.01858	0.05749	(And (Member $e0 buy) (Past $e0))
p203985	-0.00099	-0.00586	0.02901	-0.02080	-0.02870	0.00472	0.00017	0.00951	0.03347	-0.02210	-0.03102	-0.00268	0.00788	0.02170	0.03108	-0.01143	0.02114	-0.00669	0.00970	0.01886	-0.01849	-0.01128	-0.03042	0.03744	-0.02362	0.00773	-0.02685	0.00488	0.00025	-0.01664	-0.02845	-0.02034	(And (Member $e0 cause) (Patient $e0 $x0))
p203986	0.00200	-0.00870	0.00593	0.01003	0.00314	-0.00814	0.00104	-0.01015	0.01361	0.00477	0.00932	0.00157	-0.00053	0.00463	-0.00880	-0.01219	-0.00213	-0.00630	0.01351	-0.00125	0.01770	0.00638	0.00617	0.01910	-0.02507	0.00497	-0.00685	0.01523	-0.00603	-0.01175	-0.00826	0.00173	(And (Member $e0 change) (Past $e0))
p203987	-0.01899	0.00791	-0.01274	0.04255	0.01790	-0.01124	-0.00390	0.04080	0.04091	-0.02313	0.02530	0.01199	-0.00425	0.01804	0.02798	0.02798	-0.03513	-0.00296	0.02350	0.01121	0.02520	0.00682	-0.01366	-0.00035	-0.01896	0.00075	-0.01521	0.02081	-0.01534	0.01969	0.00579	0.01469	(And (Member $e0 close) (Patient $e0 $x0))
p203988	-0.02395	0.03929	0.00276	0.00715	-0.00867	0.02581	-0.00600	-0.01995	-0.00963	0.01744	0.00559	0.00944	-0.01548	-0.01392	0.02186	0.01882	0.01075	-0.00313	-0.00638	-0.02267	0.00838	-0.01944	0.08465	-0.02263	0.02949	-0.00453	-0.00176	0.01176	0.00852	0.00922	-0.04639	-0.00139	(And (Member $e0 come) (Patient $e0 $x0))
p203989	-0.01465	0.04247	0.00460	-0.01035	-0.00776	0.02679	-0.02813	-0.01564	-0.00099	-0.00061	0.00103	-0.00907	-0.00699	0.00027	0.03631	0.01257	0.02520	0.00234	-0.00523	-0.01190	0.02179	-0.01961	0.08726	-0.02850	0.04563	-0.02062	-0.01399	0.00743	0.01803	0.01338	-0.04486	-0.00700	(And (Member $e0 come) (Source $e0 $x0))
p203990	-0.01628	0.00988	0.00488	0.02007	-0.00447	-0.00415	-0.00712	-0.00941	-0.01281	0.01801	-0.00259	0.02139	-0.01275	-0.01045	-0.01440	0.01389	-0.00158	-0.00588	0.00603	0.00104	-0.00194	-0.00303	0.00658	-0.00375	-0.00542	-0.00035	-0.00938	0.00160	-0.01195	0.00348	0.00915	-0.01223	(And (Member $e0 cover) (Patient $e0 $x0))
p203991	-0.00308	0.00216	0.00214	0.00009	-0.01293	-0.01991	-0.00628	-0.01564	0.00214	-0.00832	0.00130	0.00063	0.00786	-0.00618	-0.01157	-0.00433	0.02580	0.01754	-0.00705	-0.00074	-0.01705	-0.00314	-0.00498	-0.00628	-0.01094	0.02930	-0.01645	0.01691	-0.01023	0.00149	0.00012	0.00686	(And (Member $e0 create) (Past $e0))
p203992	-0.00273	0.00252	0.00253	0.00046	-0.01256	-0.01954	-0.00590	-0.01528	0.00250	-0.00794	0.00168	0.00101	0.00823	-0.00580	-0.01120	-0.00395	0.02617	0.01789	-0.00668	-0.00039	-0.01670	-0.00277	-0.00461	-0.00590	-0.01057	0.02970	-0.01607	0.01729	-0.00988	0.00182	0.00050	0.00719	(And (Member $e0 create) (Patient $e0 $x0))
p203993	0.01243	0.01780	-0.00336	-0.03111	-0.02353	0.02414	-0.02934	-0.01436	-0.02110	0.00620	-0.01942	0.01339	-0.00179	0.01075	0.02046	0.02907	0.00761	-0.02099	0.02063	-0.00118	0.00256	-0.00094	0.03100	-0.00571	0.04382	0.00749	-0.00352	-0.01618	-0.00249	0.01291	-0.05551	-0.01182	(And (Member $e0 draw) (Past $e0))
p203994	-0.00313	0.00824	-0.01282	-0.01354	-0.00433	-0.00070	-0.00183	-0.00339	0.03532	-0.02781	-0.00966	-0.00500	-0.01639	0.00771	0.05564	-0.01946	0.03068	-0.00204	0.01155	-0.00968	0.01759	0.01632	0.02422	-0.01283	0.03132	-0.02895	-0.03344	0.01593	0.01731	-0.00123	-0.02443	0.03877	(And (Member $e0 eat) (Past $e0))
p203995	-0.00315	0.00821	-0.01284	-0.01357	-0.00435	-0.00071	-0.00185	-0.00341	0.03529	-0.02783	-0.00969	-0.00502	-0.01641	0.00769	0.05562	-0.01948	0.03067	-0.00206	0.01153	-0.00970	0.01757	0.01630	0.02420	-0.01285	0.03130	-0.02897	-0.03346	0.01591	0.01729	-0.00125	-0.02445	0.03875	(And (Member $e0 eat) (Patient $e0 $x0))
p203996	-0.01536	0.03104	0.00045	-0.01690	0.00086	0.02175	-0.01304	-0.01223	0.00387	-0.00133	-0.00093	0.00080	-0.01276	-0.00895	0.01985	0.01026	0.00575	-0.00356	-0.01720	-0.01561	0.01600	-0.01240	0.04336	0.01205	0.01916	-0.01031	-0.01754	0.00470	0.01827	0.00917	-0.02391	-0.01089	(And (Member $e0 fall) (Ongoing $e0))
p203997	-0.01668	0.03735	0.02020	-0.03779	-0.02340	0.06604	-0.02356	-0.01943	0.00309	-0.00522	-0.01700	-0.02999	-0.03682	-0.01424	0.04037	-0.00164	0.05140	0.00069	-0.03136	-0.02608	0.03190	-0.04705	0.11209	-0.03419	0.08316	-0.02902	-0.02835	0.04892	0.02921	0.01077	-0.07827	-0.01443	(And (Member $e0 fall) (Source $e0 $x0))
p203998	-0.00425	0.00550	-0.00106	-0.00704	0.00590	-0.01321	-0.00300	-0.01207	-0.00448	-0.02324	0.00237	0.00033	0.00929	-0.01479	0.00014	-0.01880	-0.01554	0.01625	0.01930	0.01372	-0.02041	0.01077	-0.00323	-0.00716	-0.00784	0.00715	0.02004	0.02819	0.02062	0.02060	-0.00302	0.01353	(And (Member $e0 find) (Theme $e0 $x0))
p203999	0.00223	0.00329	-0.00845	-0.01774	-0.00797	0.00230	-0.00135	-0.02247	0.01204	-0.00539	0.00999	-0.00366	0.00474	-0.01422	0.02182	-0.01921	0.00207	0.02539	0.00907	0.00040	0.00348	-0.01346	0.03172	-0.01505	-0.00222	0.00501	-0.00191	0.02637	0.01626	0.01665	-0.02511	0.01543	(And (Member $e0 get) (Theme $e0 $x0))
p204000	-0.01112	-0.00399	0.00810	0.00290	-0.00481	0.00185	0.01258	-0.00476	-0.00404	0.00238	0.02311	0.03159	-0.01495	-0.00029	-0.01310	-0.00472	-0.02182	0.00694	-0.00226	-0.01089	-0.01231	-0.00755	0.01272	0.00467	-0.00783	-0.00021	0.01760	0.01613	-0.00501	0.02124	0.00210	0.01780	(And (Member $e0 help) (Past $e0))
p204001	-0.00888	-0.01377	0.00072	0.01691	-0.00579	-0.00026	-0.00266	-0.00579	-0.00976	0.01762	-0.00261	-0.00900	-0.01417	0.00445	0.00498	-0.01443	-0.01794	-0.00031	0.01193	-0.00400	0.01386	0.00971	0.01198	0.02777	-0.01766	0.00722	0.01924	-0.00529	-0.00621	0.01285	-0.00994	-0.00375	(And (Member $e0 hold_up) (Past $e0))
p204002	0.00552	-0.00399	-0.00651	0.01118	-0.00279	-0.01096	-0.00537	-0.01681	0.00452	0.01433	-0.02677	-0.00608	-0.00481	-0.00473	-0.02215	0.00434	0.03073	0.00028	-0.00695	0.00732	0.00384	-0.01660	0.00253	0.00038	-0.01035	0.00041	0.01775	0.01231	-0.01241	-0.00941	0.00749	0.00255	(And (Member $e0 increase) (Past $e0))
p204003	0.00546	-0.00404	-0.00656	0.01112	-0.00284	-0.01101	-0.00544	-0.01686	0.00446	0.01425	-0.02681	-0.00615	-0.00487	-0.00477	-0.02222	0.00427	0.03066	0.00022	-0.00701	0.00727	0.00379	-0.01667	0.00249	0.00033	-0.01041	0.00033	0.01771	0.01224	-0.01246	-0.00947	0.00742	0.00249	(And (Member $e0 increase) (Patient $e0 $x0))
p204004	-0.01851	0.01626	-0.07177	0.04282	0.04196	-0.01586	0.00017	0.10564	0.06476	-0.06120	-0.00636	0.04177	-0.05530	0.01790	0.06193	-0.02164	-0.07969	-0.01251	0.07902	0.01348	0.01193	-0.00367	-0.00734	0.04788	0.05424	-0.01056	0.02075	0.02028	0.06518	-0.02122	0.05338	0.03751	(And (Member $e0 leave) (Patient $e0 $x0))
p204005	-0.01851	0.01626	-0.07177	0.04282	0.04196	-0.01586	0.00017	0.10564	0.06476	-0.06120	-0.00636	0.04177	-0.05530	0.01790	0.06193	-0.02164	-0.07969	-0.01251	0.07902	0.01348	0.01193	-0.00367	-0.00734	0.04788	0.05424	-0.01056	0.02075	0.02028	0.06518	-0.02122	0.05338	0.03751	(And (Member $e0 leave) (Result $e0 $e1))
p204006	0.00614	0.02688	-0.01296	0.00286	0.02506	-0.00371	-0.00859	-0.00121	0.02328	-0.02419	-0.00436	-0.00065	-0.00529	0.01608	0.00838	-0.02136	-0.01808	0.01626	0.02745	0.01181	-0.00625	0.00243	-0.00521	0.00712	-0.00538	-0.00426	0.01590	0.01626	0.02655	0.00779	0.00921	0.01439	(And (Member $e0 leave) (Theme $e0 $x0))
p204007	-0.00085	0.00793	-0.00206	0.00479	-0.00708	-0.00795	0.01755	0.00034	-0.01362	-0.00181	-0.01256	-0.00719	-0.00494	-0.00436	-0.00153	-0.01347	0.00814	-0.00291	0.00297	-0.00181	0.00979	0.00577	-0.00771	-0.00221	0.00179	0.00602	0.01122	0.00315	-0.01347	0.01563	0.00414	-0.00800	(And (Member $e0 pick_up) (Past $e0))
p204008	0.05009	0.01197	-0.04008	-0.01238	0.06185	0.00136	-0.02208	0.01389	-0.03751	-0.03386	-0.01166	-0.01536	0.00448	0.02058	-0.02100	0.01645	0.01769	-0.03101	-0.04161	0.00498	-0.00269	-0.00565	-0.01900	-0.05169	0.00180	0.04224	-0.03098	0.03303	-0.03929	0.05966	-0.01223	0.03369	(And (Member $e0 play) (Ongoing $e0))
p204009	0.01437	0.00631	-0.00872	-0.00794	-0.00525	-0.00587	-0.01056	-0.01533	-0.00702	-0.00531	0.00509	0.00368	0.00624	-0.00353	-0.02225	0.01012	0.02339	0.03824	-0.00685	-0.00627	-0.01947	-0.01340	0.00149	-0.02362	-0.00621	0.04092	-0.02065	0.00888	-0.01717	0.00575	-0.00155	0.01373	(And (Member $e0 play) (Theme $e0 $x0))
p204010	-0.01869	-0.01109	-0.00239	0.01162	-0.00159	-0.01058	-0.00412	0.00721	-0.01515	-0.01037	0.01398	-0.01389	-0.00032	-0.00352	0.00268	0.02341	-0.01770	0.00167	-0.01338	0.00432	0.00087	0.00972	-0.00550	-0.00815	0.00092	0.03602	0.00721	0.02477	-0.00974	0.04052	-0.00800	-0.00902	(And (Member $e0 present) (Past $e0))
p204011	-0.01859	-0.01102	-0.00231	0.01172	-0.00151	-0.01050	-0.00402	0.00728	-0.01508	-0.01025	0.01406	-0.01380	-0.00024	-0.00346	0.00276	0.02348	-0.01760	0.00177	-0.01332	0.00440	0.00094	0.00981	-0.00542	-0.00808	0.00101	0.03610	0.00727	0.02488	-0.00967	0.04059	-0.00790	-0.00892	(And (Member $e0 present) (Theme $e0 $x0))
p204012	-0.00157	0.02396	-0.00159	-0.01314	0.00351	-0.00578	-0.00924	-0.00917	0.01333	-0.00948	0.00307	-0.00617	0.01125	0.02450	-0.00535	-0.00267	0.00512	0.02793	-0.00045	-0.00836	-0.00290	-0.01017	0.00933	0.02090	-0.01671	0.01495	-0.00504	0.00089	0.01121	-0.00994	0.00847	-0.00836	(And (Member $e0 read) (Theme $e0 $x0))
p204013	0.00418	0.01219	-0.00645	-0.00543	-0.00835	0.01931	-0.01391	-0.01098	0.00028	-0.01383	-0.01026	-0.01188	-0.01295	-0.00677	0.03657	-0.01906	-0.00041	0.01151	0.02230	0.00487	0.00530	0.00977	0.03706	-0.01507	0.02088	-0.02390	0.00879	0.00878	0.02367	0.03035	-0.03143	0.01838	(And (Member $e0 receive) (Theme $e0 $x0))
p204014	0.01382	-0.00085	0.00912	-0.00934	0.03177	-0.00392	-0.00646	-0.00618	-0.00776	0.00811	0.01107	-0.01932	0.02202	-0.02550	0.02871	0.00887	0.01731	-0.00116	0.00388	-0.01457	-0.01743	-0.01331	0.00244	-0.01432	0.00991	0.01116	0.01929	-0.01592	-0.01188	-0.00815	0.02239	0.00490	(And (Member $e0 run) (Past $e0))
p204015	-0.02019	0.02988	0.00090	-0.03201	-0.00525	0.04182	0.02898	0.03814	0.00691	-0.04631	-0.00790	0.01004	0.02827	-0.01803	-0.01744	-0.01581	0.01324	0.00966	0.01549	0.02667	0.01363	0.00040	-0.01369	-0.01806	-0.00938	0.02108	0.00975	0.01219	-0.03266	0.01227	0.01137	-0.00936	(And (Member $e0 say) (Theme $e0 $x0))
p204016	0.00200	0.00561	0.00495	-0.01152	-0.01337	0.01139	-0.00550	-0.00213	0.00133	0.00337	-0.01174	-0.00363	0.00029	0.00830	0.00349	0.00902	-0.00568	-0.01443	0.00373	-0.00521	-0.00382	0.00330	-0.00438	0.03224	0.00072	0.01268	0.00779	-0.01515	0.00322	0.00063	-0.01124	-0.01787	(And (Member $e0 sing) (Past $e0))
p204017	-0.02924	0.01387	0.00712	0.02320	-0.00456	-0.00388	-0.00911	-0.01032	-0.01538	0.02000	0.00287	0.02883	-0.01086	-0.01436	-0.01025	0.01831	-0.01552	-0.00589	0.00656	0.00345	-0.00121	-0.00012	0.00947	-0.00914	-0.00898	-0.00468	-0.00836	-0.00158	-0.00750	0.00659	0.00995	-0.01482	(And (Member $e0 solve) (Patient $e0 $x0))
p204018	-0.00707	0.00568	0.02703	-0.02346	-0.00256	0.01991	0.02474	0.01738	0.01723	-0.00516	-0.02438	-0.01721	-0.02372	-0.01869	0.01350	-0.00070	-0.01929	-0.00505	-0.02552	-0.00415	-0.01211	-0.01301	-0.01573	0.04552	-0.01217	0.00046	-0.00092	0.02962	0.01458	-0.01185	-0.00521	-0.01606	(And (Member $e0 stand) (Ongoing $e0))
p204019	0.03406	0.01009	0.02798	0.01613	0.01449	-0.01281	-0.00663	-0.02117	0.01257	0.01254	-0.01901	-0.01122	-0.01049	0.01876	0.00352	-0.01517	0.01991	-0.01287	0.02967	0.02518	-0.02139	-0.01413	-0.00274	-0.00721	-0.00767	-0.00036	0.01311	-0.00650	-0.00605	-0.00430	0.00132	-0.01850	(And (Member $e0 stick) (Past $e0))
p204020	0.03406	0.01009	0.02797	0.01612	0.01448	-0.01282	-0.00664	-0.02117	0.01257	0.01253	-0.01901	-0.01123	-0.01050	0.01876	0.00352	-0.01517	0.01990	-0.01288	0.02967	0.02517	-0.02139	-0.01414	-0.00274	-0.00721	-0.00768	-0.00036	0.01311	-0.00650	-0.00606	-0.00431	0.00131	-0.01851	(And (Member $e0 stick) (Patient $e0 $x0))
p204021	0.02730	0.20180	-0.09060	0.14380	-0.03698	0.03311	0.08377	-0.02253	-0.03196	-0.06427	0.00082	0.12663	-0.07108	0.17388	0.20349	0.11887	0.02799	-0.02540	-0.19071	-0.08224	-0.08215	0.08955	-0.13189	-0.26000	-0.02759	-0.07644	0.07546	-0.01496	0.18489	-0.07762	0.12874	-0.05925	(And (Member $e0 stop) (Theme $e0 $e1))
p204022	-0.00795	0.01068	-0.01269	0.00211	-0.01308	0.00570	-0.00962	-0.00027	0.01088	0.01932	0.01432	-0.00355	0.01679	-0.01581	0.00133	0.00944	-0.01070	0.00640	-0.01064	-0.00542	0.00952	-0.00689	-0.00057	0.02085	-0.00061	0.00811	-0.00363	0.01147	-0.00652	-0.01612	0.00065	-0.01170	(And (Member $e0 talk) (Past $e0))
p204023	0.03173	-0.02614	0.07635	-0.05813	-0.03332	0.02109	-0.02286	-0.00150	0.04421	0.01533	0.05763	0.09470	-0.04804	0.05377	-0.02279	-0.03688	-0.04444	0.02825	-0.04601	-0.01597	-0.00259	-0.04689	-0.01535	0.04374	0.05703	-0.08129	0.05953	-0.01316	-0.00795	0.08067	0.06209	0.06386	(And (Member $e0 travel) (Past $e0))
p204024	0.01288	-0.00337	-0.01176	0.00704	-0.00078	0.01185	-0.00808	-0.00508	-0.00336	0.01786	0.00314	0.00206	-0.00486	-0.00705	-0.00792	-0.00390	-0.00699	0.00059	-0.00365	-0.00670	0.00915	0.01754	-0.00019	-0.00281	0.00790	-0.00592	0.00404	-0.00766	-0.01205	0.00511	0.01505	0.01584	(And (Member $e0 watch) (Past $e0))
p204025	0.02975	0.00422	0.01970	-0.00828	-0.00441	0.01495	-0.02185	-0.01553	0.00995	0.02393	0.01810	0.04024	-0.04436	0.04034	-0.02328	-0.01392	-0.00252	0.03676	-0.02180	-0.00979	0.01228	-0.01060	-0.00183	0.01216	0.02529	-0.02504	-0.00000	-0.04115	-0.01322	0.02926	0.04196	0.03544	(And (Member $e0 watch) (Theme $e0 $x0))
p204026	0.04941	-0.03805	0.00133	-0.00917	-0.03666	0.00490	0.00712	-0.03949	0.00562	0.04230	-0.00578	0.01487	0.03900	-0.02845	0.02491	-0.02030	-0.00609	-0.00343	-0.03243	0.03039	0.01923	-0.02467	0.01116	-0.02514	-0.02617	0.03618	-0.01891	-0.02548	0.04761	0.02011	0.00706	-0.02285	(And (Member $x0 bad) (Patient $e0 $x0))
p204027	0.03076	0.00058	0.07538	0.03457	0.00424	0.01483	0.00232	-0.00608	-0.05601	-0.01121	-0.00832	-0.00042	0.04908	-0.00802	-0.00908	-0.03317	-0.00034	0.02443	-0.01118	-0.01166	0.05266	0.01113	-0.01323	-0.02324	-0.02842	-0.04077	-0.00120	-0.02706	0.04867	-0.00149	-0.02014	0.00749	(And (Member $x0 big) (Patient $e0 $x0))
p204028	0.00579	-0.00010	-0.02019	-0.00946	0.02846	-0.01405	0.00939	-0.00743	0.01171	-0.00326	0.00374	0.02182	0.02165	-0.01623	-0.00585	0.02912	-0.02916	0.01033	-0.00060	-0.03895	-0.00282	0.03542	0.02820	0.02025	0.02556	-0.00416	0.01255	-0.01625	-0.01026	0.01525	-0.01769	-0.00206	(And (Member $x0 blue) (Member $x0 sky))
p204029	0.01234	-0.00943	-0.01687	0.04768	-0.00216	-0.00852	-0.02392	0.03706	0.01387	-0.00934	0.04238	-0.01560	-0.00896	0.03608	0.01406	0.07817	-0.00399	0.02047	-0.02428	0.03392	0.04552	-0.02327	-0.00429	-0.00680	-0.01749	0.05138	0.00037	-0.00314	-0.04327	0.04377	-0.02827	-0.00205	(And (Member $x0 bottom) (PartOf $x0 $x1))
p204030	-0.01155	0.00210	0.01158	-0.00776	-0.01299	-0.01726	0.00075	-0.01403	0.02101	0.00038	-0.01075	-0.00512	0.01271	0.01206	0.00209	-0.02204	0.02588	-0.01237	-0.02344	-0.00255	-0.00423	-0.00490	-0.01406	0.02278	-0.02333	0.02683	-0.01671	0.01863	-0.00608	-0.00953	0.00354	-0.00792	(And (Member $x0 fire) (Patient $e0 $x0))
p204031	0.00715	0.00465	0.01708	0.02591	-0.00070	-0.00684	-0.01019	0.00461	-0.00051	-0.01251	0.00511	0.01503	-0.00433	0.00609	0.01638	0.00555	-0.00053	0.00975	0.00688	0.00567	0.01646	0.01277	-0.00934	-0.01062	0.00030	-0.01889	-0.01242	-0.00717	0.01362	0.00218	-0.00460	0.01630	(And (Member $x0 house) (Patient $e0 $x0))
p204032	-0.03707	0.03127	0.01092	0.04119	0.00174	-0.00560	-0.01510	-0.01537	-0.00993	0.02736	0.00150	0.03666	-0.00967	-0.01657	-0.01711	0.03029	-0.01923	-0.01054	0.00497	0.00275	0.00284	0.00149	0.02061	-0.00934	-0.01692	-0.00473	-0.00613	-0.00118	-0.01264	0.01810	0.01761	-0.02461	(And (Member $x0 light) (Patient $e0 $x0))
p204033	-0.00374	-0.00235	-0.00117	0.00406	-0.00299	-0.00493	-0.00337	-0.00748	-0.00941	-0.01150	-0.00963	-0.00904	-0.00115	-0.00719	0.00622	-0.01395	-0.01322	0.00428	0.01431	0.01237	-0.01657	0.01795	-0.00567	-0.00191	-0.00644	0.00506	0.01881	0.00952	0.01067	0.02587	-0.00216	0.00297	(And (Member $x0 picture) (Theme $e0 $x0))
p204034	-0.02220	0.01001	0.00231	0.01225	-0.00720	-0.00664	-0.00346	-0.02797	-0.00264	0.03169	0.00559	0.03182	-0.00159	-0.01769	0.00082	0.01875	-0.01714	-0.01065	-0.00147	0.01002	0.00569	-0.00123	0.01193	-0.01243	-0.02116	0.00086	-0.01549	-0.00272	-0.00204	0.01740	0.01188	-0.01960	(And (Member $x0 problem) (Patient $e0 $x0))
p204035	0.00886	-0.01831	0.03215	0.01857	-0.00752	0.00569	-0.00778	0.01600	-0.02700	-0.02299	-0.01099	0.00520	0.01777	-0.00491	0.00941	-0.01771	0.00564	0.01379	-0.00253	-0.00402	0.01577	0.01082	-0.00795	-0.01063	-0.00102	-0.01648	-0.01170	-0.01530	0.03533	-0.00932	-0.00639	0.01961	(And (Member $x0 room) (Patient $e0 $x0))
p204036	-0.04671	0.03186	0.02393	-0.02490	0.02623	0.05932	0.03589	0.03204	0.00528	-0.04861	0.03454	0.01799	-0.01675	-0.02186	-0.04024	-0.04639	0.04342	-0.01868	-0.02183	0.09758	0.05076	0.06328	0.02320	-0.02040	-0.01044	0.03625	0.01931	-0.03764	-0.03841	-0.00583	0.02937	0.01064	(And (Member $x0 thing) (Stimulus $e0 $x0))
p204037	0.00961	-0.01286	-0.01251	-0.01490	-0.01874	-0.00674	0.00721	-0.05541	0.02719	0.04532	0.00110	0.02681	0.02799	-0.01990	0.02266	-0.00121	-0.01547	-0.01786	-0.01278	0.02918	0.01253	-0.00662	0.01726	-0.02432	-0.03764	0.01875	-0.01914	-0.00868	0.02047	0.02944	0.01759	-0.02136	(And (Member $x0 weather) (Patient $e0 $x0))
p204038	-0.03089	0.02468	0.00994	0.01880	-0.00578	0.00221	-0.01245	-0.00701	-0.00571	0.01162	0.00625	0.02374	-0.00544	-0.01084	-0.00722	0.01473	-0.00634	0.00925	0.00250	0.00430	-0.00686	-0.00708	0.01830	-0.01245	-0.00450	0.00457	-0.00551	-0.00089	-0.00512	0.00238	0.00516	-0.01334	(And (Might $e0) (Patient $e0 $x0))
p204039	0.02490	-0.02888	0.02144	0.02183	0.00511	0.00079	-0.00647	0.04745	-0.01571	0.01571	0.03457	-0.02894	0.02457	-0.02234	-0.01006	0.02775	-0.01869	0.00112	-0.03437	-0.01024	0.03716	0.00101	-0.01737	0.00314	-0.00697	0.03087	0.00508	0.03211	0.02398	0.03129	-0.03773	-0.01200	(And (Only $x0 $e0) (Past $e0))
p204041	-0.00571	-0.00560	-0.00689	0.05019	0.00534	-0.02042	-0.01193	0.05514	0.04147	-0.03176	0.05301	-0.00304	-0.00355	0.03551	0.03306	0.06000	-0.01799	-0.00040	-0.00811	0.02343	0.03638	0.00083	-0.01901	-0.00143	-0.01824	0.04182	-0.02979	0.01545	-0.03997	0.04145	-0.01733	0.00995	(And (PartOf $x0 $x1) (Patient $e0 $x0))
p204043	0.01343	-0.09650	-0.04497	-0.08799	-0.03350	0.06884	-0.01601	-0.00747	-0.05353	-0.01363	-0.03556	0.11866	-0.03954	-0.04191	-0.02720	0.09403	0.03284	-0.04067	0.07503	-0.03848	0.06579	-0.01446	-0.05882	0.06092	-0.04837	-0.06418	-0.14998	0.00658	-0.05430	-0.00827	0.00107	-0.03515	(And (Past $e0) (Time $e0 night))
p204044	0.00563	-0.00194	-0.00705	0.00853	-0.00772	-0.00800	-0.01242	-0.00227	-0.00755	0.00777	-0.00436	-0.02078	0.01853	0.02861	-0.00070	-0.00162	-0.00191	-0.00068	0.01404	-0.00123	0.01425	0.01655	0.01734	0.00128	-0.01258	-0.01800	0.00526	-0.00387	-0.00631	-0.00054	0.00720	-0.01610	(And (Past $e0) (Time $e0 today))
p204045	-0.00416	0.00506	-0.00168	-0.00484	-0.00768	-0.00440	-0.00121	0.00273	-0.00059	0.00962	0.01201	-0.00253	0.00831	-0.00354	-0.00316	0.00631	-0.00768	0.00726	-0.01048	-0.00908	0.00706	0.00295	0.00625	0.01545	-0.00662	-0.00301	-0.00443	0.00730	-0.00798	-0.00985	0.01100	-0.00099	(And (Past $e0) (With $e0 $x0))
p204046	-0.02312	0.01438	0.00321	0.00537	0.00083	-0.00794	-0.00258	-0.03439	0.00611	0.02972	0.00743	0.03054	0.00464	-0.01229	0.00344	0.01764	-0.01987	-0.01528	-0.00379	0.00900	0.01035	0.00300	0.01952	-0.00241	-0.02847	0.00400	-0.01348	-0.00587	0.00373	0.02155	0.00922	-0.02288	(And (Patient $e0 $x0) (Probably $e0))
p204047	-0.00405	0.00603	0.03519	0.02910	-0.01047	0.00844	-0.02347	-0.00372	-0.04377	0.01428	0.02303	0.04699	0.00089	-0.01959	-0.01741	0.02622	-0.01543	0.02364	-0.00784	0.00354	0.01971	0.00828	0.00424	-0.02513	0.00005	-0.01328	-0.01857	-0.02088	-0.00456	0.01108	-0.00186	0.01714	(And (Patient $e0 $x0) (To $e1 $e0))
p204049	-0.03955	-0.00032	-0.00830	0.04943	-0.01318	0.00482	0.01328	-0.00712	0.00491	0.02935	0.04216	-0.02734	0.00943	0.00640	0.00523	-0.01151	0.03125	0.01979	0.04681	0.09501	-0.01024	-0.06729	-0.00004	0.03309	0.01698	-0.03954	-0.02656	0.02308	0.02293	0.00142	-0.00207	-0.02050	(And (Recipient $e0 $x0) (Theme $e1 $e0))
p204050	-0.00572	0.02067	0.00438	-0.01414	-0.00972	-0.00883	-0.01293	0.00803	0.01309	0.01698	0.01623	0.01752	0.00724	0.00803	-0.00483	0.00326	0.02495	0.03194	0.00188	-0.00434	-0.01596	-0.01222	0.00202	0.00258	-0.00430	0.01861	-0.00893	-0.01518	0.01222	-0.01534	-0.00908	-0.00291	(And (Theme $e0 $x0) (To $e0 $x1))
p204051	-0.00268	0.01227	0.02582	-0.02716	-0.02258	0.00022	-0.02401	-0.02045	-0.01337	0.01645	0.05259	0.08781	-0.03525	0.00569	-0.03445	0.02056	-0.00350	0.06078	-0.01603	-0.00553	0.00825	-0.02212	0.00266	0.00117	0.03077	-0.00473	-0.02509	-0.02497	-0.01824	0.01243	0.03134	0.03229	(And (Theme $e0 $x0) (To $e1 $e0))
p204215	0.00700	-0.00841	0.00661	-0.01338	-0.01120	-0.00339	-0.01457	0.01326	-0.00150	0.00365	0.01824	0.01721	0.00451	0.01842	-0.01043	-0.00835	-0.01825	0.00733	-0.00994	-0.00692	0.00260	-0.01026	0.00959	0.01474	0.02596	-0.00732	0.01968	-0.00241	0.00203	0.00670	0.02219	0.01098	(Against $e0 $x0)
p204216	0.00837	-0.00277	0.00228	0.01224	0.01600	0.00131	-0.01030	0.01343	0.00469	-0.00981	0.02727	0.00446	-0.00486	0.00709	0.02193	0.02486	-0.00341	0.00451	0.00744	0.00940	0.01642	-0.01569	-0.00971	-0.00155	-0.00929	0.00107	-0.01167	-0.00022	-0.01532	0.00787	0.00244	-0.01317	(Agent $e0 adriano)
p204217	0.02038	-0.00540	-0.01387	0.00609	0.00027	0.01339	-0.00357	0.00401	0.00229	-0.00191	0.01161	0.00704	-0.00166	-0.01199	-0.00508	0.00000	-0.01026	0.00179	0.00315	-0.00496	0.01493	0.00546	-0.00818	0.00930	-0.00215	-0.00438	-0.00295	0.00922	0.00615	-0.01286	0.00547	-0.00137	(Agent $e0 baya)
p204218	0.00672	-0.03216	-0.00543	-0.02961	0.00403	0.01223	-0.01185	-0.00899	-0.03212	-0.00294	0.00962	0.05393	-0.02204	-0.02234	0.00316	0.03674	0.00846	-0.00397	0.03155	-0.01208	0.02278	-0.00992	-0.02263	0.01540	-0.01045	-0.02990	-0.05598	-0.00876	-0.02134	-0.00250	0.01231	-0.00809	(Agent $e0 daniel)
p204219	0.02025	-0.01345	0.07247	-0.04188	-0.03077	0.05570	0.08722	0.01383	0.03286	-0.06505	0.01947	-0.06602	-0.00046	0.02447	-0.03054	0.04272	0.03445	-0.06269	0.02311	-0.06853	-0.03012	-0.02435	0.01725	0.16327	-0.02781	0.04841	0.01091	-0.07184	0.09586	0.03447	-0.03352	0.03471	(Agent $e0 david)
p204220	0.01679	-0.00356	0.01759	0.03265	-0.00156	0.01085	-0.02072	0.01150	-0.00708	-0.00530	0.01606	0.00651	0.00396	0.00997	-0.00162	0.03821	-0.00695	0.01489	-0.00505	0.02753	0.03527	-0.00853	-0.00275	-0.00764	-0.01896	-0.00289	0.01412	-0.00830	0.00164	0.00728	-0.01894	0.00143	(Agent $e0 elias)
p204221	0.00101	0.01855	0.01439	-0.00970	-0.00235	0.01620	0.03142	0.02759	0.02797	-0.00878	-0.01679	-0.00591	-0.01869	0.00396	0.01338	-0.01704	-0.00912	-0.00815	0.00163	-0.00832	0.01271	-0.03077	-0.00938	0.05388	-0.02274	0.00146	0.00640	0.01630	-0.00710	-0.01096	-0.01004	-0.02015	(Agent $e0 felix)
p204222	0.01090	-0.00637	-0.01549	0.00123	0.00330	0.00354	-0.00145	0.00657	-0.00808	-0.01083	0.00297	0.00303	-0.00199	-0.01995	-0.00460	-0.01332	-0.00946	0.00845	0.00460	-0.00249	0.00100	0.00243	-0.00490	0.00408	0.00646	0.00368	0.00361	0.01469	0.00653	-0.00230	-0.00019	0.00516	(Agent $e0 gustavo)
p204223	0.02755	-0.01641	0.02873	-0.01063	-0.01008	0.00651	-0.00538	-0.00581	0.03976	0.00100	0.01269	0.02178	-0.02778	0.03505	-0.02407	-0.03652	0.00066	0.00332	-0.01856	-0.00156	-0.00606	-0.03222	-0.01674	0.01770	-0.00225	-0.04042	0.02177	0.02085	-0.01325	0.03856	0.04252	0.01295	(Agent $e0 ivan)
p204224	-0.00953	-0.01488	-0.00519	-0.03162	-0.00933	0.02660	0.01306	0.00142	-0.00894	-0.01949	-0.00732	0.02057	-0.01589	-0.00601	-0.00384	0.01133	0.01852	-0.00749	-0.00998	-0.01500	-0.01821	-0.00096	-0.00433	0.01653	-0.01937	0.01535	-0.03120	-0.01253	-0.00624	-0.00510	-0.00747	-0.00044	(Agent $e0 linda)
p204225	0.03532	-0.00507	0.01543	-0.05369	-0.03246	0.06678	0.06281	-0.01541	0.06723	-0.06243	0.04686	-0.04627	0.00475	0.01464	-0.02376	0.05665	0.05135	-0.04143	0.07820	-0.04436	-0.01715	-0.01276	0.06173	0.09580	-0.00749	0.03101	-0.00862	-0.04446	0.07558	0.03760	-0.03240	0.07216	(Agent $e0 mark)
p204226	0.00543	-0.00393	0.01131	-0.00480	0.01356	0.01410	0.00374	-0.00136	-0.00286	-0.00741	0.00252	0.01249	-0.00675	-0.00358	0.00596	0.00907	-0.00126	-0.01122	0.01730	-0.00071	-0.01255	0.00264	0.00737	-0.00128	-0.01201	0.00173	0.00141	-0.01100	-0.00602	-0.00046	-0.00205	-0.00265	(Agent $e0 martino)
p204227	0.00853	-0.00057	-0.00314	0.00335	0.00336	-0.00066	-0.00599	-0.00218	-0.00065	-0.00869	0.00700	0.00111	0.00116	-0.00178	0.00090	0.00055	-0.00741	0.00456	0.00785	0.00893	0.00106	0.00569	-0.00366	-0.00461	-0.00584	-0.00021	0.00306	0.00931	0.00322	0.00901	-0.00483	0.00423	(Agent $e0 mary)
p204228	-0.00142	-0.02397	-0.00670	-0.03195	0.00226	0.01364	-0.00932	-0.00305	-0.01686	-0.00473	0.00483	0.02936	0.00235	-0.02506	0.00578	0.02304	0.00510	-0.00476	0.01928	-0.01559	0.00539	-0.00597	-0.01678	0.01276	-0.00457	-0.01110	-0.02139	0.00167	-0.01621	0.00572	0.01612	0.00120	(Agent $e0 matthew)
p204229	0.00234	-0.01603	-0.00620	-0.02655	0.01287	0.00826	-0.00544	-0.00629	-0.01653	-0.01014	0.00071	0.03062	-0.01165	-0.01218	0.01123	0.02617	0.00903	-0.01057	0.02473	-0.01111	0.01353	-0.00904	-0.01734	0.01794	-0.01222	-0.01786	-0.03738	-0.00643	-0.00852	-0.00290	0.01134	-0.01214	(Agent $e0 mennad)
p204230	-0.00892	0.02102	0.00815	-0.02760	0.01290	-0.00960	0.03520	0.02377	-0.02198	-0.03824	0.01394	0.03040	-0.00341	-0.01648	0.02232	-0.01688	0.00022	0.02119	0.01248	0.00125	0.03960	-0.02774	-0.02658	0.00516	0.00202	-0.01195	-0.00251	0.02376	-0.02553	0.02264	0.00481	-0.01367	(Agent $e0 michael)
p204231	0.01941	0.01665	-0.00062	-0.00825	-0.00265	0.01553	0.00720	0.00057	0.00952	-0.00593	0.00347	-0.00190	-0.00141	-0.00048	0.01202	-0.00800	-0.00135	-0.00340	0.01945	0.00294	0.02974	-0.00040	0.01413	-0.00268	0.01396	-0.01783	0.00294	0.00950	0.00236	-0.00353	-0.02133	-0.00218	(Agent $e0 pietro)
p204232	0.01471	0.02991	0.02017	-0.02512	-0.02956	-0.01429	0.05720	-0.00260	0.01834	-0.03578	0.02214	-0.04716	0.03021	-0.00330	-0.02770	0.04894	0.05147	-0.02341	0.05063	-0.00434	-0.00911	0.00176	-0.02365	0.05306	0.03958	0.01849	-0.00293	-0.06607	0.04216	0.04341	0.02696	0.03191	(Agent $e0 william)
p204233	0.00110	0.01311	0.00489	-0.01326	0.00165	0.00998	0.00845	0.00745	0.01405	-0.00428	-0.00800	-0.00618	-0.01336	-0.00737	0.01146	-0.00127	-0.00833	-0.00291	-0.01568	-0.00498	-0.00476	-0.00609	-0.00789	0.03908	-0.01286	0.00157	-0.00685	0.00428	0.00779	-0.00574	-0.00143	-0.00678	(Agent $e0 ziri)
p204234	-0.00189	-0.00396	-0.00789	0.00690	-0.00914	0.00531	-0.00549	-0.00585	-0.01055	0.01407	-0.00264	-0.00301	0.00058	-0.00672	-0.00072	0.00248	-0.00522	-0.00565	-0.00196	-0.00693	0.00706	0.01512	-0.00180	0.00733	-0.00058	0.00103	0.00470	-0.00588	-0.00463	-0.00108	0.00267	-0.00553	(At $e0 $x0)
p204235	0.00780	-0.01419	0.04038	0.01173	-0.00832	0.01351	-0.00782	-0.00708	-0.03809	0.01127	0.00380	0.00729	0.01475	-0.02246	-0.02620	0.00614	-0.00054	0.01543	-0.02305	-0.01504	0.01316	0.00547	-0.00313	-0.02582	0.01009	-0.00588	-0.01145	0.00082	0.00661	-0.00121	-0.00290	0.01228	(Beneficiary $e0 $x0)
p204236	-0.01411	-0.00573	0.00590	-0.01623	-0.00731	-0.01015	-0.01324	0.00713	-0.01425	-0.01411	-0.00210	-0.00590	0.01948	0.03786	-0.00314	-0.00033	0.00519	-0.00746	0.00330	0.00639	-0.00913	0.00011	0.02219	-0.00360	-0.00319	0.00027	-0.00350	-0.00551	-0.00036	0.00300	0.00391	-0.01798	(But $e0 $e1)
p204237	0.00773	-0.00821	0.02833	0.00713	-0.01474	0.00198	-0.01268	0.00305	-0.02650	-0.00530	-0.00542	-0.01340	0.02090	0.01512	-0.00998	-0.00477	0.01219	0.00578	-0.00947	-0.00369	-0.00022	-0.00451	0.00672	-0.00442	-0.00466	-0.00535	-0.00145	-0.01296	0.00984	-0.00282	-0.00729	-0.01687	(But $e0 $x0)
p204238	-0.00737	-0.00673	0.00087	-0.00976	-0.00476	-0.00590	-0.00616	0.00289	-0.00795	-0.00735	-0.00315	-0.00260	0.00749	0.01768	-0.00099	-0.00121	0.00119	-0.00641	0.00415	0.00101	-0.00534	0.00084	0.00819	0.00086	-0.00182	-0.00337	-0.00526	-0.00348	-0.00067	0.00079	0.00102	-0.00976	(Every $e0 <num> week)
p204239	-0.00826	-0.00431	0.03127	-0.00036	-0.00702	0.00195	-0.00569	-0.00044	0.01181	0.00212	0.01052	0.03088	-0.02479	0.01921	-0.00670	-0.01347	-0.01461	0.00340	-0.01224	0.00147	-0.01069	-0.01753	-0.00159	0.00382	0.00555	-0.02943	0.01462	-0.00410	-0.00372	0.03648	0.02519	0.00931	(Every $e0 <num> year)
p204240	-0.00265	0.00675	-0.01390	0.02373	0.01706	-0.00134	-0.01441	0.05805	0.01742	0.00631	0.01487	0.01500	-0.01828	0.01256	-0.00179	0.02853	-0.01230	-0.01243	0.00371	0.00640	0.01650	-0.01450	-0.00079	0.01314	0.00615	0.01968	-0.00067	0.01219	0.00690	0.00709	0.00163	-0.01735	(Experiencer $e0 $e1)
p204241	0.00672	-0.14208	-0.05565	-0.13817	-0.04304	0.09193	-0.00618	0.00061	-0.09773	-0.03433	-0.06118	0.14928	-0.04481	-0.04356	-0.03473	0.12147	0.05379	-0.06242	0.08056	-0.05696	0.05187	-0.01955	-0.06761	0.05447	-0.06508	-0.06173	-0.19578	-0.00157	-0.07907	0.00706	-0.00863	-0.02410	(Goal $e0 bed)
p204242	-0.01730	0.00832	-0.02459	0.00419	-0.03692	0.01216	-0.02067	-0.00675	-0.02476	0.05229	0.01151	-0.00075	0.03262	-0.04635	-0.01766	0.03477	-0.00994	-0.00742	-0.02922	-0.02363	0.00094	0.02512	0.00169	0.00567	0.02685	0.03407	0.01100	-0.01102	-0.02813	-0.01285	0.01200	-0.00592	(Goal $e0 home)
p204243	0.00662	-0.00286	-0.00658	0.00702	-0.00119	-0.00028	-0.00119	-0.00339	0.00302	0.01069	0.00253	-0.00854	0.00682	-0.00925	-0.00376	-0.00249	-0.00585	0.00385	0.00132	-0.00068	0.00052	-0.00059	-0.00073	-0.00697	0.00165	-0.00053	-0.00294	0.00468	-0.00295	-0.00325	-0.00014	0.00731	(GroupOf $x0 city)
p204244	-0.00426	0.01194	-0.01491	-0.00966	0.00010	0.00502	-0.00238	0.00015	0.02593	-0.01952	-0.00204	-0.00191	-0.01838	0.00208	0.05054	-0.01164	0.00916	0.00260	0.01437	-0.00836	0.01930	0.01027	0.02652	-0.01097	0.03282	-0.03482	-0.01917	0.01007	0.02286	-0.00069	-0.02132	0.03278	(GroupOf $x0 cookie)
p204245	-0.03091	0.00270	0.00374	-0.00079	0.00396	-0.01978	-0.00516	-0.01323	-0.01919	0.00558	-0.00650	0.01638	0.00011	0.00659	-0.01463	0.02519	-0.00421	-0.00072	0.00796	0.00923	0.01900	-0.00254	0.00982	-0.00091	-0.00482	-0.00929	0.00944	0.01248	0.00711	-0.01534	0.00660	-0.01425	(GroupOf $x0 dish)
p204246	-0.01219	0.00081	0.00477	-0.00667	-0.00346	-0.00488	-0.00189	-0.00014	-0.00058	0.01342	0.00762	0.00257	0.00492	-0.00562	-0.00463	0.00782	-0.00142	0.00234	-0.01003	-0.00585	-0.00458	0.00098	-0.00384	-0.00290	0.00876	0.01004	-0.00068	0.00919	0.00636	-0.00909	-0.00227	-0.01097	(GroupOf $x0 friend)
p204247	-0.01178	0.00825	-0.01121	-0.01143	-0.01436	0.02278	-0.00696	0.00858	0.01413	-0.01447	-0.00563	0.00711	0.02106	-0.01168	-0.00326	0.00667	0.00079	0.03084	0.01142	-0.00425	-0.01132	-0.01597	-0.00888	-0.00556	-0.01300	0.00445	-0.00801	0.01594	-0.00412	-0.00285	0.00900	-0.00560	(GroupOf $x0 measure)
p204248	0.00027	-0.01319	-0.00324	-0.01034	0.00922	0.03020	0.00628	0.00613	0.01603	-0.01538	0.02152	0.00524	0.00250	-0.00274	-0.00727	-0.01557	0.01518	0.01025	-0.02767	0.02200	-0.00844	0.04193	0.00983	0.01011	0.01362	0.00652	-0.00638	-0.02938	-0.01133	-0.01402	-0.00316	-0.00685	(GroupOf $x0 noise)
p204249	-0.00360	0.00404	0.00030	-0.00521	0.00487	-0.00048	-0.00190	-0.00653	0.00336	-0.01091	0.01018	-0.00503	0.00380	-0.00987	-0.00592	-0.01396	0.00649	0.01429	-0.00339	0.00951	-0.01563	0.01109	0.00501	-0.00872	-0.00234	0.01670	0.00348	-0.00030	0.00289	0.00221	0.00467	0.01039	(GroupOf $x0 question)
p204250	-0.00774	-0.01683	0.00969	0.00356	-0.00550	-0.00725	0.00608	-0.00432	-0.00296	-0.00111	-0.01659	-0.01541	-0.00835	-0.00035	-0.00007	-0.00547	0.01341	-0.01211	-0.01097	-0.00325	-0.00782	0.01678	-0.01045	0.00181	0.00607	0.01522	-0.00349	0.00215	-0.00293	0.00307	0.00412	-0.00616	(GroupOf $x0 road)
p204251	0.00746	-0.00048	0.00415	-0.00013	-0.00579	-0.02421	0.01827	-0.01637	0.01694	-0.00547	-0.00262	-0.01568	0.02232	-0.01327	-0.01979	0.04129	0.02495	-0.01954	0.02378	-0.02477	-0.01561	0.02386	0.00484	0.02892	0.02073	0.00867	-0.00286	-0.02996	0.00815	0.02518	0.01048	0.02332	(GroupOf $x0 tree)
p204252	-0.00996	-0.00773	-0.01393	0.00281	0.01031	-0.00094	-0.00668	-0.00948	-0.00494	0.00917	-0.02623	0.00483	0.00466	-0.01401	-0.01348	0.01439	0.00948	0.01016	-0.00591	0.01231	0.01418	-0.01054	0.00474	-0.01264	-0.00722	-0.01218	0.03223	0.00404	0.00162	-0.01264	0.00877	0.03229	(GroupOf $x0 woman)
p204253	0.01591	0.00956	-0.00636	-0.00607	-0.00325	-0.00448	-0.01118	-0.01276	0.00591	0.00592	0.00939	-0.00444	0.02286	0.01327	-0.01924	0.00464	0.00832	0.04024	0.00619	-0.00878	-0.00594	-0.00798	0.01305	-0.01768	-0.00657	0.01945	-0.01191	-0.00057	-0.00871	-0.01718	0.00447	0.01179	(In $e0 $e1)
p204254	-0.00368	0.00363	-0.00401	0.00219	-0.00871	0.00011	-0.00674	-0.00922	-0.01191	0.01062	0.00013	0.01131	-0.00835	-0.00201	-0.00440	0.00396	-0.00026	0.01440	0.00061	-0.00493	-0.00142	0.00293	-0.00189	-0.00324	0.00533	0.00393	-0.00776	-0.01135	-0.00617	0.00159	0.00710	0.00400	(Manner $e0 carefully)
p204255	-0.00604	0.01529	0.00341	-0.01754	-0.00538	-0.00175	0.03001	0.00722	-0.00243	-0.02249	0.00354	0.01896	0.00538	0.00594	-0.00207	0.00138	0.01437	0.02208	-0.01112	-0.01256	-0.01203	-0.00508	0.00005	0.00346	0.00883	0.02194	-0.00078	-0.01566	-0.01064	0.00002	-0.01308	-0.00912	(Manner $e0 really)
p204256	-0.00868	0.00260	-0.01555	-0.00129	0.00195	0.02210	-0.00220	0.03440	0.01558	-0.02081	-0.01650	0.00637	0.00021	-0.00802	0.01441	-0.00226	-0.01796	-0.00935	0.00839	0.00873	-0.01252	-0.00660	-0.00506	0.00543	0.00021	-0.00527	0.00348	0.00868	0.00824	0.00575	0.01527	-0.00285	(Measure $e0 duration <num> day)
p204257	-0.00794	0.00547	-0.00712	-0.00015	-0.00674	-0.01001	-0.00434	-0.01200	-0.01272	-0.00116	-0.00132	0.00062	-0.00099	-0.00877	0.00135	-0.00143	0.00263	0.01727	0.00357	-0.00269	-0.01270	0.00574	-0.00318	-0.00364	0.00077	0.01289	0.00157	-0.00151	0.00083	0.00826	0.00535	0.00032	(Member $e0 approve)
p204258	-0.00324	-0.01084	-0.00296	-0.00373	-0.00898	0.00023	0.00982	-0.00098	0.00050	0.00035	-0.00231	-0.00079	0.00927	-0.00462	0.00166	-0.00389	0.00589	-0.00588	-0.00784	-0.01145	-0.01016	0.00736	-0.00647	-0.00315	-0.00321	0.01226	-0.00713	0.00482	-0.00628	-0.00545	-0.00354	0.01826	(Member $e0 attack)
p204259	-0.01536	0.01966	0.00023	-0.01110	-0.00525	-0.01598	-0.00874	-0.01668	-0.00944	-0.00004	0.01443	0.02682	-0.00548	0.00115	-0.00548	0.01337	0.00330	0.02517	0.00148	-0.00305	-0.00478	-0.01033	0.00192	0.00857	0.00186	0.01636	-0.01942	-0.00716	0.00607	-0.01139	-0.00214	-0.00472	(Member $e0 avoid)
p204260	-0.01434	0.01486	0.00267	0.00198	-0.00760	-0.00842	-0.00766	-0.01090	0.00074	0.00547	0.00670	0.01640	0.00103	-0.00064	-0.00516	0.00531	-0.00017	0.02245	0.00665	-0.00085	-0.00883	-0.00983	0.00570	0.00068	-0.00466	0.00989	-0.00580	-0.00321	0.00383	-0.01050	-0.00080	-0.00572	(Member $e0 base)
p204261	0.01968	0.00358	0.00130	0.00726	0.00103	-0.00433	-0.00825	-0.00908	0.00840	0.00818	0.00464	-0.00431	0.01198	0.01341	-0.01430	-0.00224	-0.00649	-0.00126	0.02100	0.00772	0.01278	0.00560	0.01020	0.00473	-0.01571	-0.00929	0.00544	0.01362	-0.00392	-0.01246	-0.00043	-0.01015	(Member $e0 bear)
p204262	0.01001	-0.01393	0.02874	0.01331	-0.00585	0.00496	-0.01667	0.01905	-0.03667	-0.01882	-0.00290	-0.00113	0.03858	0.01524	0.00082	-0.01261	-0.01011	0.01757	0.00806	-0.00061	0.02084	0.00922	0.01120	-0.01260	-0.00700	-0.02674	-0.00062	-0.01666	0.03899	-0.01270	-0.00092	0.00157	(Member $e0 beautiful)
p204263	-0.00167	0.01840	-0.00238	0.00399	-0.00099	0.00008	-0.00865	-0.00899	0.00571	0.01164	-0.00561	-0.00330	0.00024	0.00344	-0.01930	-0.00903	0.01170	-0.00979	-0.01575	-0.00472	-0.00144	-0.01278	-0.00289	0.01914	-0.01160	0.01136	-0.00003	0.01858	-0.00917	-0.00883	0.01155	-0.01916	(Member $e0 break_out)
p204264	0.00243	-0.01056	-0.00836	-0.01248	0.01031	0.02451	-0.00214	0.01533	0.00803	-0.02637	-0.00843	-0.01492	0.02985	-0.02983	0.00891	-0.00664	-0.00086	0.00953	0.01373	-0.00725	-0.01665	-0.00648	-0.01299	-0.01164	-0.01764	-0.00690	0.01259	0.02616	-0.00249	0.01612	0.01798	0.00809	(Member $e0 bring)
p204265	-0.00911	-0.00670	0.01467	0.00753	-0.00042	-0.00962	-0.00551	-0.00957	-0.00989	0.00427	0.00680	0.03170	0.00593	-0.01317	-0.01106	-0.00166	0.00049	0.00768	0.00186	-0.00731	0.01246	0.02218	-0.00269	-0.01311	-0.00637	-0.00562	-0.02603	0.00202	-0.01076	-0.00195	0.00816	0.03613	(Member $e0 build)
p204266	-0.00369	-0.00145	0.00396	-0.01858	0.00651	0.01479	0.00054	0.01032	0.01553	-0.01521	-0.01436	0.00828	0.03906	-0.00649	0.01425	0.02239	-0.00294	-0.01084	0.02555	-0.01085	-0.01616	-0.00539	-0.00406	0.00935	-0.00573	0.00054	0.00563	-0.00105	-0.00599	0.00660	-0.00660	-0.00022	(Member $e0 climb)
p204267	-0.00273	0.00253	0.00254	0.00047	-0.01255	-0.01953	-0.00589	-0.01528	0.00251	-0.00793	0.00168	0.00102	0.00823	-0.00580	-0.01119	-0.00394	0.02618	0.01789	-0.00668	-0.00038	-0.01669	-0.00277	-0.00461	-0.00589	-0.01057	0.02970	-0.01606	0.01729	-0.00987	0.00183	0.00050	0.00719	(Member $e0 create)
p204268	-0.01424	0.00791	0.00475	-0.00058	-0.00561	-0.00632	-0.00738	-0.00290	-0.00415	-0.00122	0.00350	0.00771	0.00612	0.00550	-0.00435	0.00470	-0.00107	0.00842	0.00262	0.00032	-0.00963	-0.00347	0.00939	-0.00402	-0.00222	0.00567	-0.00320	-0.00268	0.00039	-0.00079	0.00249	-0.00790	(Member $e0 difficult)
p204269	0.01241	0.01778	-0.00338	-0.03113	-0.02356	0.02411	-0.02937	-0.01438	-0.02113	0.00618	-0.01944	0.01337	-0.00181	0.01073	0.02044	0.02905	0.00759	-0.02102	0.02061	-0.00120	0.00254	-0.00095	0.03098	-0.00573	0.04380	0.00747	-0.00355	-0.01620	-0.00251	0.01289	-0.05553	-0.01184	(Member $e0 draw)
p204270	0.01111	-0.00043	-0.01309	0.00792	0.00093	0.01272	-0.00751	-0.00740	0.00715	0.00618	0.01362	0.01040	0.00607	-0.01363	-0.01236	0.00760	-0.01239	-0.00325	0.01378	-0.00376	0.02055	0.00871	-0.00143	0.00714	-0.01652	-0.01351	-0.00511	0.01672	-0.00389	-0.00977	0.00814	-0.00861	(Member $e0 drink)
p204271	0.01214	0.00204	-0.01321	0.01582	0.02340	-0.00914	-0.00969	0.01012	-0.01936	-0.00690	-0.00648	0.02098	-0.01409	-0.00289	-0.01201	-0.01819	-0.02001	-0.00328	0.01585	-0.00241	0.01701	-0.00140	0.00788	0.01984	0.01210	0.00740	-0.00320	-0.00074	0.02788	-0.01736	0.00302	0.00614	(Member $e0 grow)
p204272	-0.00873	-0.01363	0.00089	0.01706	-0.00565	-0.00010	-0.00251	-0.00564	-0.00963	0.01776	-0.00246	-0.00885	-0.01401	0.00460	0.00513	-0.01428	-0.01778	-0.00017	0.01206	-0.00387	0.01401	0.00986	0.01212	0.02792	-0.01751	0.00737	0.01940	-0.00515	-0.00606	0.01299	-0.00980	-0.00361	(Member $e0 hold_up)
p204273	-0.01346	0.00534	0.00615	-0.00606	0.00265	0.00936	-0.00839	0.00064	0.00651	-0.01039	0.01878	-0.00101	0.00660	0.00806	-0.01339	-0.00879	0.00798	0.00683	-0.00278	0.02264	-0.00214	0.01974	0.01839	-0.00493	-0.01036	0.01193	-0.00605	-0.01014	-0.00500	-0.01060	0.00833	-0.00232	(Member $e0 know)
p204274	0.00243	0.00837	0.00119	0.01164	-0.00901	-0.01161	-0.01521	0.00467	-0.00242	-0.00334	0.03821	0.01348	-0.00221	0.00762	-0.00346	0.03379	-0.00126	0.03360	-0.01194	0.00714	0.00655	-0.01582	0.00048	-0.00766	0.00003	0.03380	-0.01997	-0.00477	-0.01578	0.00950	-0.01377	0.00110	(Member $e0 learn)
p204275	-0.01293	0.03916	0.01351	-0.02820	-0.00704	-0.00682	0.05632	0.01920	-0.01714	-0.03519	0.01090	0.01883	0.00292	-0.00103	-0.01019	-0.02046	0.02403	0.01427	-0.00091	0.00662	0.02207	-0.00481	-0.00827	-0.01155	0.01023	0.03618	0.01108	-0.00914	-0.02405	0.00615	-0.00436	-0.00150	(Member $e0 mean)
p204276	-0.00076	0.00805	-0.00191	0.00493	-0.00696	-0.00783	0.01765	0.00048	-0.01348	-0.00172	-0.01241	-0.00710	-0.00481	-0.00420	-0.00141	-0.01336	0.00822	-0.00281	0.00311	-0.00170	0.00994	0.00587	-0.00758	-0.00205	0.00191	0.00613	0.01138	0.00325	-0.01334	0.01574	0.00423	-0.00792	(Member $e0 pick_up)
p204277	-0.00771	-0.00874	-0.00313	0.01684	0.00141	-0.00859	-0.00791	0.00958	0.00761	-0.00598	0.00429	-0.00019	0.00509	0.00528	0.00344	0.02695	0.00562	0.00412	-0.01116	0.01461	0.01780	-0.00358	-0.00526	-0.00829	-0.01202	0.01379	0.00070	0.00453	-0.01414	0.00743	-0.00570	0.01719	(Member $e0 produce)
p204278	-0.01696	0.01246	0.00429	0.00689	0.01449	0.02684	0.01683	-0.00245	-0.00152	0.00748	0.00045	-0.00649	-0.03624	0.02628	0.01681	-0.02993	-0.00156	-0.01864	0.00659	-0.01349	0.00411	-0.03081	0.04749	0.03040	-0.02735	0.01569	0.01589	0.01265	0.00691	-0.00666	-0.03339	0.00220	(Member $e0 pull)
p204279	-0.01163	-0.00708	0.01659	-0.02313	-0.00777	0.00732	0.02793	0.00404	0.02053	-0.02456	0.00236	0.00105	-0.01031	0.01866	0.00550	-0.00847	0.00854	-0.00597	-0.00389	-0.02593	-0.01609	-0.01095	0.00992	0.04462	-0.02394	0.03371	-0.00343	-0.00184	0.01247	-0.01027	-0.02456	0.00983	(Member $e0 reach)
p204280	-0.00157	0.02396	-0.00160	-0.01314	0.00350	-0.00578	-0.00925	-0.00917	0.01332	-0.00948	0.00307	-0.00617	0.01125	0.02449	-0.00536	-0.00267	0.00511	0.02793	-0.00045	-0.00837	-0.00291	-0.01018	0.00932	0.02089	-0.01671	0.01494	-0.00504	0.00088	0.01120	-0.00994	0.00846	-0.00837	(Member $e0 read)
p204281	-0.00888	-0.01384	0.00839	-0.01496	0.00401	0.02662	-0.00695	0.00092	-0.00941	-0.00960	0.01418	0.02966	-0.02333	-0.00939	-0.01473	0.00282	0.00450	-0.00914	0.00327	0.02346	0.00566	0.02058	0.00405	0.00097	-0.00757	0.00071	-0.02806	-0.01751	-0.01585	0.00101	0.00275	0.00526	(Member $e0 see)
p204282	0.01336	-0.00872	-0.01535	-0.01929	0.00924	-0.00428	0.00930	0.00804	-0.02618	-0.01936	-0.01646	-0.01758	0.02651	0.03904	-0.01749	0.00379	0.01796	-0.01519	0.00504	0.00548	-0.02031	0.00109	0.01144	-0.01375	-0.01210	-0.01045	-0.01542	0.01481	-0.01113	0.01838	-0.00082	0.00700	(Member $e0 shine)
p204283	-0.01426	0.02874	-0.02977	0.01458	-0.00038	-0.00603	-0.00973	0.00490	-0.00123	0.01335	0.01711	0.03512	-0.00545	-0.02113	0.01655	0.01988	-0.02955	0.00332	0.00637	-0.01418	0.01455	0.01356	-0.00181	-0.00284	0.03139	-0.00558	0.00232	0.00470	0.01013	-0.01807	0.01922	0.01567	(Member $e0 shoot)
p204284	0.00232	0.00595	0.00531	-0.01117	-0.01303	0.01174	-0.00514	-0.00180	0.00173	0.00373	-0.01137	-0.00328	0.00064	0.00868	0.00383	0.00936	-0.00537	-0.01409	0.00410	-0.00485	-0.00345	0.00360	-0.00402	0.03263	0.00104	0.01304	0.00816	-0.01479	0.00356	0.00094	-0.01090	-0.01757	(Member $e0 sing)
p204285	-0.02911	0.01404	0.00726	0.02336	-0.00441	-0.00377	-0.00898	-0.01019	-0.01520	0.02014	0.00306	0.02894	-0.01073	-0.01422	-0.01013	0.01846	-0.01541	-0.00576	0.00671	0.00359	-0.00105	0.00001	0.00962	-0.00901	-0.00884	-0.00453	-0.00820	-0.00146	-0.00736	0.00671	0.01011	-0.01467	(Member $e0 solve)
p204286	-0.01277	0.01528	-0.00288	0.00658	0.00206	0.00208	-0.00582	-0.00222	-0.00065	-0.00051	-0.01477	-0.00869	-0.01892	0.02208	0.00860	-0.01604	0.00047	-0.01238	-0.01055	-0.00190	-0.00337	-0.00089	-0.00775	0.02963	-0.00915	0.00161	0.00401	-0.01118	0.01006	-0.00165	0.00450	-0.02259	(Member $e0 speak)
p204287	0.03409	0.01013	0.02798	0.01616	0.01452	-0.01282	-0.00665	-0.02116	0.01261	0.01253	-0.01895	-0.01124	-0.01049	0.01877	0.00353	-0.01516	0.01990	-0.01287	0.02968	0.02518	-0.02136	-0.01411	-0.00273	-0.00723	-0.00765	-0.00035	0.01314	-0.00651	-0.00604	-0.00429	0.00134	-0.01846	(Member $e0 stick)
p204288	-0.01763	0.00753	-0.00939	0.00106	-0.01943	0.00706	0.00422	-0.01230	-0.02465	0.02076	0.02338	0.03469	-0.00416	-0.01550	-0.01913	0.01640	-0.00015	0.01134	-0.00570	-0.00328	-0.00820	-0.01097	0.00460	-0.00815	-0.00236	0.02132	-0.01455	0.00903	-0.01141	-0.01485	0.00049	0.01085	(Member $e0 take_off)
p204289	-0.00049	-0.00305	-0.00087	-0.00990	-0.00093	0.01501	0.00499	-0.00230	-0.00280	-0.00748	0.00499	0.00332	-0.00032	-0.00403	-0.01277	-0.00322	0.01140	0.00538	-0.01057	-0.00130	-0.01819	0.00631	0.00811	-0.01396	-0.00569	0.02221	-0.00908	-0.00799	-0.00839	-0.00346	-0.00282	0.01493	(Member $e0 understand)
p204290	-0.00215	0.01216	-0.00709	-0.00911	0.01847	-0.00494	-0.00327	0.00010	-0.01166	-0.00799	0.00004	-0.00312	0.01914	0.02073	-0.01884	0.00784	-0.00448	-0.01133	-0.00233	-0.01615	-0.00179	0.00671	0.02515	0.00436	-0.01761	0.00548	-0.00212	0.01019	-0.00670	0.00548	0.00548	-0.00178	(Member $e0 wait)
p204291	-0.01338	-0.00640	0.00791	0.01493	-0.00891	-0.00413	-0.00438	-0.00851	-0.01368	0.01766	0.00303	0.00875	-0.02589	0.01243	0.00295	-0.00337	-0.01179	0.01053	0.01343	-0.00141	0.01446	0.00001	0.01274	0.02677	-0.01448	0.00864	0.00184	-0.01815	-0.00720	0.00490	-0.01149	-0.00833	(Member $e0 wear)
p204292	-0.00107	0.00187	-0.01187	-0.00162	0.01397	-0.00866	-0.00867	-0.00307	-0.02375	0.00260	-0.00242	0.00162	-0.00378	-0.00962	-0.00887	-0.01243	0.00040	0.00154	-0.00322	-0.00221	-0.00052	0.01595	-0.00629	-0.00589	-0.00449	0.00227	0.00270	0.01286	0.00469	0.02782	0.00462	0.01257	(Member $e0 win)
p204293	-0.00150	-0.00060	-0.00403	0.00139	-0.00514	-0.00034	-0.00251	-0.00286	-0.00035	0.00810	0.00405	-0.00143	0.00380	-0.00597	-0.00034	0.00061	-0.00509	-0.00240	-0.00323	-0.00444	-0.00139	0.00342	-0.00132	0.00300	0.00398	0.00264	0.00154	-0.00050	-0.00235	-0.00426	0.00032	0.00018	(Member $x0 accident)
p204294	0.00128	0.00676	0.00048	-0.00604	-0.00253	-0.00553	-0.00828	0.01254	0.00768	0.02207	0.00735	0.01055	-0.00051	0.00497	-0.00145	-0.00288	0.01549	0.00834	0.00007	-0.00522	-0.00687	-0.00212	-0.00147	0.00158	-0.00371	-0.00021	-0.00408	-0.01077	0.00713	-0.00765	-0.00816	-0.00163	(Member $x0 atmosphere)
p204295	-0.01178	-0.01387	0.00852	0.00555	-0.00423	-0.00681	-0.00131	0.01672	0.02068	-0.02547	0.01966	-0.00594	0.00336	0.01268	0.01558	0.00625	0.01453	-0.00462	-0.01547	0.01721	0.00584	0.02147	-0.01145	0.00131	-0.01033	0.02811	-0.02561	-0.00380	-0.01523	0.00723	-0.00850	0.01352	(Member $x0 author)
p204296	-0.00165	0.01272	-0.00763	-0.00519	-0.00924	0.01074	-0.01176	-0.01065	0.00092	0.00173	0.00129	-0.00482	-0.00174	-0.01239	0.01072	-0.00353	0.01025	0.00640	-0.00088	-0.00830	0.00762	-0.00629	0.02893	-0.01231	0.01941	-0.00648	-0.00242	0.01909	0.00379	0.00643	-0.01739	0.00647	(Member $x0 ball)
p204297	0.00078	-0.00232	-0.00173	0.00215	-0.00130	-0.00241	0.00026	-0.00257	0.00052	0.00150	0.00082	-0.00305	-0.00233	-0.00170	0.00120	-0.00337	-0.00296	-0.00163	-0.00012	-0.00157	-0.00326	0.00209	-0.00205	0.00090	0.00117	-0.00158	-0.00130	-0.00185	0.00118	-0.00183	-0.00139	0.00004	(Member $x0 beach)
p204298	0.01234	-0.00943	-0.01687	0.04768	-0.00216	-0.00852	-0.02392	0.03706	0.01387	-0.00934	0.04238	-0.01560	-0.00896	0.03608	0.01406	0.07817	-0.00399	0.02047	-0.02428	0.03392	0.04552	-0.02327	-0.00429	-0.00680	-0.01749	0.05138	0.00037	-0.00314	-0.04327	0.04377	-0.02827	-0.00205	(Member $x0 bottom)
p204299	-0.00266	-0.00262	0.01024	-0.00890	-0.00775	0.00019	0.00963	0.00796	0.01383	-0.00842	-0.01119	-0.00640	-0.00585	-0.00438	0.01553	-0.00753	-0.00004	-0.00246	-0.00739	-0.00016	-0.00959	0.00438	-0.01427	0.02082	-0.00963	0.00242	-0.01061	0.00434	0.00168	-0.00817	-0.00559	0.00464	(Member $x0 building)
p204300	-0.00267	-0.00099	-0.00729	0.01220	-0.00354	-0.00687	0.01245	0.01520	-0.00684	-0.00292	-0.00627	-0.00882	-0.00934	0.00722	0.00790	0.01604	0.00682	-0.00017	-0.00753	0.01454	0.03164	-0.00490	-0.00846	0.00013	-0.00110	0.00813	0.01919	-0.00816	-0.02000	0.01454	-0.00483	0.00064	(Member $x0 camera)
p204301	-0.00019	-0.01034	-0.02304	0.00561	0.01148	-0.00642	-0.01387	0.03963	-0.02543	-0.01936	-0.01766	-0.00223	-0.03864	-0.00517	0.00611	0.03290	0.02031	0.00460	-0.02539	0.03233	0.01127	-0.01972	0.02595	-0.00769	0.03166	0.02396	0.01475	-0.00405	-0.00510	0.00827	-0.00476	0.03539	(Member $x0 ceiling)
p204302	-0.01283	-0.01588	-0.01674	0.00682	0.00850	-0.00944	-0.01291	0.00427	0.00443	-0.00809	-0.01309	0.00048	-0.00562	0.00848	0.00297	0.04143	0.01847	0.01140	-0.01702	0.03513	0.03277	-0.02242	-0.00189	0.00038	-0.01585	0.00028	0.03819	0.00065	0.00010	-0.00283	-0.00588	0.02212	(Member $x0 church)
p204303	-0.00046	-0.01999	-0.01273	-0.01113	-0.00659	-0.00045	-0.00721	0.01652	-0.02298	-0.00977	-0.01713	0.01856	-0.01383	0.00087	-0.00616	0.00148	0.00375	-0.01093	0.01281	-0.00160	-0.00486	-0.01148	0.00087	0.01385	0.01261	0.00707	-0.01859	-0.00731	0.00307	-0.00717	0.00611	-0.00844	(Member $x0 cold)
p204304	0.00711	0.01681	0.00748	0.00138	0.01467	0.01230	-0.01865	-0.00987	-0.00805	0.01030	0.00413	-0.03075	0.00513	-0.01860	0.04013	0.00262	0.02807	0.01301	-0.01056	-0.01383	-0.00456	-0.00320	0.05063	-0.02591	0.04753	0.00672	0.01467	-0.01877	-0.00852	-0.00084	-0.01875	-0.00964	(Member $x0 concert)
p204305	-0.00667	-0.03586	-0.01626	0.01882	0.03172	0.00040	0.00715	0.00094	-0.01434	0.00805	-0.02654	0.01507	-0.00649	0.01794	0.04722	-0.03636	-0.00258	0.03248	0.02252	0.03761	-0.00496	0.00184	-0.02055	-0.00411	0.00974	-0.05371	-0.01376	-0.00193	-0.02677	0.00520	-0.01126	-0.05018	(Member $x0 cook)
p204306	-0.00879	0.00034	-0.00531	-0.00344	-0.00041	-0.01113	-0.00506	-0.01228	-0.00078	0.00221	-0.00614	0.00742	-0.00322	0.00147	-0.00229	0.00579	0.00774	0.01457	0.00170	0.00692	0.00374	-0.00890	0.00224	0.00505	-0.00426	-0.00037	0.01115	-0.00340	0.00930	-0.01460	-0.00228	0.00804	(Member $x0 country)
p204307	-0.01455	-0.00478	0.00709	0.00923	-0.00127	-0.00843	-0.00253	-0.00735	-0.01298	0.01062	-0.00630	-0.00600	0.00017	0.01174	-0.00706	0.00796	-0.01141	-0.00755	0.00797	-0.00200	0.00953	0.01355	0.00953	0.00081	-0.00307	-0.00572	0.00436	0.00496	0.00102	0.00163	0.00586	-0.02195	(Member $x0 day)
p204308	-0.01420	-0.01194	0.00346	-0.00566	0.00489	-0.00423	0.00289	-0.00539	-0.00272	-0.00374	-0.01165	-0.00429	-0.00561	-0.00267	-0.00124	0.00969	0.00243	-0.00290	-0.00827	0.00716	0.00611	-0.00307	-0.00266	-0.00210	0.00390	-0.00406	0.01419	0.00917	0.01250	-0.00578	-0.00134	0.00040	(Member $x0 desk)
p204309	0.00836	0.00128	0.05521	0.02766	-0.01031	0.01462	0.00316	0.00988	-0.05175	-0.01520	-0.00152	0.00405	0.03018	-0.01762	-0.00862	-0.01404	-0.00443	0.02608	-0.00591	-0.00949	0.02802	0.00685	-0.01191	-0.02172	-0.01229	-0.02548	0.00466	-0.01913	0.02546	0.00605	-0.01384	0.00339	(Member $x0 difference)
p204310	0.00161	-0.00350	-0.00165	0.00322	-0.00193	-0.00362	0.00018	-0.00330	0.00128	0.00236	0.00203	-0.00332	-0.00431	-0.00127	0.00201	-0.00493	-0.00447	-0.00173	-0.00055	-0.00203	-0.00446	0.00248	-0.00306	0.00167	0.00194	-0.00302	-0.00165	-0.00279	0.00166	-0.00143	-0.00141	0.00068	(Member $x0 different)
p204311	-0.00233	-0.00163	-0.00408	-0.00071	0.00006	-0.00537	-0.00050	-0.00471	-0.00306	-0.00555	0.00210	-0.00198	0.00065	-0.00706	0.00025	-0.00648	-0.00408	0.00423	0.00219	-0.00051	-0.00641	0.00402	-0.00273	-0.00153	-0.00203	0.00147	0.00211	0.00738	0.00458	0.00548	-0.00021	0.00335	(Member $x0 dress)
p204312	0.00489	-0.00652	-0.01206	0.00754	-0.00099	0.00045	-0.00320	0.02010	-0.00924	-0.00657	-0.01001	0.00265	-0.01207	-0.00750	-0.00678	-0.01094	-0.00383	-0.00472	0.00242	0.00152	-0.00948	-0.00861	0.00190	0.00943	0.01827	0.01695	0.00336	-0.00237	0.00936	-0.00987	0.00652	-0.00046	(Member $x0 earth)
p204313	-0.01547	0.01498	-0.00079	-0.00781	-0.00868	-0.01526	-0.00716	-0.01592	-0.00744	0.00245	0.01094	0.02419	-0.00385	0.00104	-0.00458	0.01000	0.00260	0.02445	0.00861	-0.00249	-0.00640	-0.01041	0.00166	0.00474	-0.00005	0.01346	-0.01520	-0.00463	0.00531	-0.01633	-0.00328	-0.00541	(Member $x0 easy)
p204314	0.00058	-0.00255	-0.00194	0.00192	-0.00153	-0.00263	0.00002	-0.00279	0.00028	0.00124	0.00060	-0.00330	-0.00254	-0.00192	0.00096	-0.00361	-0.00319	-0.00184	-0.00036	-0.00179	-0.00346	0.00186	-0.00228	0.00066	0.00094	-0.00183	-0.00153	-0.00211	0.00098	-0.00204	-0.00165	-0.00017	(Member $x0 fact)
p204315	-0.00473	-0.00498	-0.00153	-0.00324	-0.01202	-0.00885	-0.00320	-0.00672	0.00200	0.00510	-0.00437	0.00002	0.01181	-0.00816	-0.00334	0.00323	0.01481	-0.00428	-0.00800	-0.00801	-0.00441	0.00538	-0.00773	0.00368	0.00015	0.01211	-0.00871	0.00470	-0.01091	-0.00744	0.00315	0.00480	(Member $x0 field)
p204316	-0.00915	-0.00021	-0.00341	0.00980	0.00030	-0.00621	-0.00564	-0.00985	-0.00081	0.00849	-0.01476	0.00481	-0.00386	-0.00626	-0.01005	0.00887	0.00940	0.00128	-0.00214	0.00766	0.00479	-0.00752	0.00461	-0.00112	-0.00742	-0.00555	0.01528	0.00264	-0.00251	-0.00552	0.00529	0.00316	(Member $x0 film)
p204317	0.00566	0.00600	0.00297	-0.00789	-0.00608	-0.00063	-0.00816	-0.00652	-0.00235	0.00452	-0.00271	0.00636	0.00716	0.00424	-0.00084	0.00641	-0.00688	-0.00752	0.00813	0.00362	-0.00767	0.00249	-0.00212	0.00386	0.00932	0.00696	0.00679	-0.00601	0.00222	-0.00551	-0.01267	-0.00634	(Member $x0 flower)
p204318	-0.00628	-0.00461	-0.00132	-0.00708	0.01644	0.01128	-0.00924	0.02309	-0.00402	-0.01914	-0.01509	0.00382	-0.02207	-0.00445	0.01948	-0.00109	0.01671	0.00169	-0.00401	0.01175	0.00297	-0.03468	0.00761	0.02300	0.01008	0.00837	0.00975	-0.00727	0.01407	-0.01772	0.00780	-0.00781	(Member $x0 forest)
p204319	-0.00332	0.00055	0.00279	-0.00296	-0.00986	-0.00602	-0.00316	-0.00994	0.00631	0.00898	0.00026	-0.00097	0.00831	0.00230	-0.00309	-0.00147	0.00941	0.00932	-0.00715	-0.00925	-0.00367	0.00637	-0.00529	0.00246	0.00263	0.01523	-0.00918	-0.00638	-0.00467	-0.01720	0.00463	0.00759	(Member $x0 fox)
p204320	-0.00857	0.01023	0.00326	0.00965	-0.00701	-0.00443	-0.00595	-0.00844	0.00186	0.00811	0.00027	0.00813	-0.00111	-0.00460	-0.00950	0.00302	0.00358	0.00886	0.00164	-0.00010	-0.00800	-0.00782	0.00413	-0.00289	-0.00535	0.00635	-0.00430	0.00303	-0.00489	-0.00339	0.00375	-0.00823	(Member $x0 game)
p204321	0.00176	-0.00122	0.01542	-0.00224	0.00673	0.00107	-0.01124	-0.00995	0.00050	0.00735	0.00693	0.02655	-0.01456	0.01739	-0.00269	-0.01629	-0.01788	0.00256	-0.01198	-0.00592	0.01088	0.00892	-0.00398	0.00968	0.00740	-0.02957	0.01009	-0.01345	0.00305	0.03243	0.02457	0.02073	(Member $x0 government)
p204322	0.00025	-0.00287	-0.00230	0.00158	-0.00185	-0.00295	-0.00032	-0.00310	-0.00003	0.00091	0.00026	-0.00362	-0.00287	-0.00225	0.00064	-0.00395	-0.00352	-0.00215	-0.00066	-0.00209	-0.00380	0.00154	-0.00259	0.00033	0.00061	-0.00217	-0.00187	-0.00242	0.00065	-0.00233	-0.00197	-0.00047	(Member $x0 great)
p204323	0.00492	-0.00693	0.01449	-0.01042	-0.00879	0.00029	-0.00464	-0.00195	0.00888	0.00596	0.01441	0.01697	-0.01090	0.00998	-0.00386	-0.01009	-0.01061	0.00576	-0.01412	-0.00632	-0.00390	-0.00917	-0.00446	0.00870	0.01592	-0.01644	0.01261	-0.00458	-0.00243	0.01734	0.01453	0.01453	(Member $x0 king)
p204324	-0.00563	-0.00850	0.00293	-0.00325	-0.00596	-0.00834	0.00166	-0.00154	0.00577	-0.00760	-0.00195	-0.00191	0.00261	0.00208	0.00877	-0.00592	0.00683	-0.00310	-0.00208	-0.00197	-0.00418	0.00829	-0.00928	0.00480	-0.00242	0.00254	-0.01090	-0.00175	0.00103	-0.00407	-0.00301	0.00572	(Member $x0 kitchen)
p204325	0.00724	0.00615	-0.00608	0.01321	-0.00550	0.00141	-0.01574	0.02540	-0.00092	0.00026	0.02236	-0.01104	-0.00830	0.00412	0.02414	0.04110	-0.00572	0.00747	-0.01354	0.02274	0.01753	-0.00613	0.01659	-0.01830	0.01205	0.00767	-0.02100	0.00748	-0.02664	0.02681	-0.02322	0.01089	(Member $x0 large)
p204326	0.00744	-0.01091	-0.00911	0.00928	-0.00791	0.01320	0.00764	-0.00217	-0.00904	0.00847	-0.01664	-0.01177	-0.00998	0.00160	0.00462	-0.00924	0.00288	-0.00816	-0.00079	-0.00950	-0.00720	0.00838	0.00185	-0.00625	-0.00388	-0.00403	0.00193	-0.01006	-0.00553	0.00888	-0.00326	0.00800	(Member $x0 law)
p204327	-0.00402	0.01375	-0.00635	0.02145	0.00470	0.00083	-0.01151	0.01382	0.00473	-0.00436	0.00489	-0.01225	-0.01858	0.03228	0.01119	0.00946	-0.00386	-0.00842	-0.01653	0.00727	0.01276	-0.00886	-0.00681	0.02380	-0.01346	0.01884	-0.00045	-0.00695	-0.00752	0.01546	-0.00582	-0.02222	(Member $x0 line)
p204328	-0.00792	-0.00305	-0.00412	0.00518	-0.00321	0.00039	-0.00384	0.00861	-0.00839	-0.00170	-0.00324	0.00990	-0.00517	-0.00427	0.00046	-0.00451	-0.00966	-0.00495	0.00223	0.00596	-0.00713	-0.00133	0.00563	-0.00168	0.00718	0.00530	-0.00015	-0.00564	0.00850	-0.00107	0.00769	-0.00393	(Member $x0 living_room)
p204329	-0.00422	-0.00211	-0.00267	0.00446	-0.00924	-0.00008	-0.00288	-0.00502	-0.00332	0.00337	-0.00592	-0.00542	-0.00565	0.00135	0.00481	-0.00353	0.00026	0.00597	0.00128	-0.00174	-0.00717	0.00606	-0.00276	0.00337	-0.00070	0.00421	0.00094	-0.00992	0.00050	0.00506	0.00118	-0.00414	(Member $x0 museum)
p204330	-0.01555	-0.01071	0.05077	0.00713	-0.00433	0.05810	-0.01303	0.01296	-0.01093	-0.02841	0.01369	-0.00298	0.00737	-0.01530	-0.02327	-0.02913	0.03935	-0.00144	-0.03319	0.04290	0.00741	0.04896	0.01048	-0.00870	-0.02009	0.01433	-0.01645	-0.04225	0.00600	-0.01747	0.00308	0.00276	(Member $x0 noise)
p204331	-0.00709	-0.01097	-0.00705	-0.01542	0.00917	-0.00309	0.00050	0.00895	0.00263	0.01533	-0.02387	0.01888	-0.01558	0.01449	-0.00349	0.00775	0.02708	-0.00501	0.00171	0.00947	0.00742	-0.01323	0.00846	0.01171	-0.02249	-0.00835	0.03357	-0.01085	0.01409	-0.01779	-0.02093	0.01987	(Member $x0 ocean)
p204332	-0.01041	0.00200	0.00454	-0.01529	0.00096	-0.00802	0.02303	0.00448	-0.01792	-0.01524	0.00408	0.01137	-0.00018	-0.01325	-0.00598	-0.00299	-0.00592	0.00226	0.00172	-0.00067	0.01987	-0.00071	-0.01310	-0.00801	0.01089	0.00096	-0.00108	0.02565	-0.00797	0.01108	-0.00213	-0.01034	(Member $x0 opportunity)
p204333	-0.00183	0.00026	-0.00597	0.02401	0.00390	-0.00594	-0.01193	0.00724	0.00333	-0.00298	0.00420	0.00565	-0.00974	0.01484	0.00972	0.03384	-0.00369	0.00011	-0.00915	0.02667	0.01547	-0.00913	-0.00529	-0.01379	-0.01099	0.00488	0.01163	0.00001	-0.00700	0.01241	-0.00874	-0.00027	(Member $x0 other)
p204334	0.00801	0.00460	-0.00824	0.01261	-0.00476	-0.00926	-0.02672	0.01609	0.00369	-0.00644	0.02687	0.01046	0.00263	0.02753	0.00288	0.06979	-0.00218	0.00999	-0.00612	0.03081	0.02538	-0.02450	-0.00139	-0.00247	-0.00152	0.04436	0.00455	-0.00318	-0.02592	0.01837	-0.03387	-0.00491	(Member $x0 page)
p204335	-0.01062	-0.00745	-0.00164	0.00319	0.00609	-0.00232	-0.00177	-0.00377	-0.00174	-0.00305	-0.01099	0.00639	0.00121	-0.00525	-0.00091	0.00246	0.00077	0.00351	0.00105	0.00712	0.00802	0.00206	-0.00141	-0.00535	-0.00973	-0.01083	0.00830	0.00071	0.00583	-0.00604	0.00216	0.01775	(Member $x0 park)
p204336	-0.00310	-0.00285	-0.00763	0.00623	-0.01089	0.00406	-0.00459	-0.00359	-0.00582	0.01349	-0.00434	-0.00676	-0.00012	-0.00360	0.00216	0.00104	-0.00356	-0.00436	-0.00351	-0.00634	0.00010	0.01013	-0.00197	0.00589	0.00263	0.00416	0.00366	-0.00823	-0.00697	0.00149	0.00254	-0.00551	(Member $x0 patient)
p204337	0.00711	-0.00347	-0.00425	0.01505	0.00076	-0.00401	-0.00442	0.01040	0.00541	-0.00185	0.01696	-0.00674	-0.00320	0.00773	0.00442	0.01608	-0.00682	0.00024	-0.00587	0.00581	0.00820	-0.00277	-0.00298	-0.00260	-0.00196	0.01227	-0.00563	0.00066	-0.01180	0.01154	-0.00916	-0.00136	(Member $x0 plant)
p204338	0.00347	-0.00753	-0.00997	0.00254	-0.00612	0.01064	0.01407	0.00538	0.00274	-0.00417	0.01317	0.00167	-0.00255	-0.01107	-0.00265	-0.00717	-0.01501	0.00319	0.00667	-0.01523	-0.00453	-0.00891	0.01249	0.01899	-0.00936	0.02365	0.01097	0.01465	0.01087	-0.00758	-0.01779	0.01369	(Member $x0 police)
p204339	0.02648	-0.00051	-0.00601	0.01151	0.01224	-0.01673	0.00248	-0.01603	0.00059	0.01740	-0.00588	-0.01765	0.00385	-0.00595	-0.01402	-0.01576	0.00427	0.00170	0.00465	-0.00965	-0.00431	0.00375	0.00517	-0.01007	0.00471	0.00237	0.00911	0.00329	-0.00571	-0.00744	0.00266	0.01728	(Member $x0 population)
p204340	0.00181	0.00111	0.00218	0.00820	0.01339	-0.00047	-0.00137	-0.00223	-0.00591	0.00650	-0.00132	-0.00126	-0.00201	-0.01152	-0.00068	-0.00260	-0.00231	-0.00228	0.00421	-0.00349	-0.00876	-0.00038	0.00297	-0.01263	0.00275	-0.00079	0.00269	-0.00515	-0.00590	0.00058	0.01064	0.00798	(Member $x0 report)
p204341	-0.00449	0.00172	0.00109	-0.00745	-0.00366	-0.00756	-0.00656	0.00398	-0.00104	0.00394	0.00327	0.00225	0.00508	0.00974	-0.00163	-0.00228	0.00636	0.00401	0.00079	-0.00174	-0.00833	-0.00086	0.00464	-0.00047	-0.00147	0.00214	-0.00329	-0.00503	0.00381	-0.00388	-0.00304	-0.00456	(Member $x0 right)
p204342	0.00464	0.00631	-0.00793	-0.01412	0.00747	-0.00430	-0.01160	0.00524	0.00561	0.02808	-0.02282	0.01219	0.00393	0.00039	-0.01055	0.00998	0.02342	-0.00463	-0.00530	-0.00069	0.00389	-0.01076	-0.00111	0.00792	-0.01139	-0.00459	0.01282	-0.00305	0.00488	-0.00982	-0.00900	0.00300	(Member $x0 roof)
p204343	0.00018	-0.00183	-0.00969	-0.00806	0.00086	0.01747	-0.00285	0.00763	0.01504	-0.00538	-0.02878	-0.00446	0.00202	0.00147	0.00275	0.00886	0.00825	0.01183	0.00011	0.00693	-0.00063	-0.01517	-0.00669	0.00231	-0.01221	-0.00767	0.00833	-0.00155	-0.00113	-0.00802	0.00305	0.00926	(Member $x0 small)
p204344	-0.01574	0.00196	0.00647	-0.01534	-0.00326	0.01029	-0.01232	0.00555	-0.00323	-0.01662	0.00424	-0.00531	0.00244	0.02248	0.00459	-0.00500	0.01189	-0.00929	0.00050	0.01191	-0.00106	0.00679	0.03010	-0.00545	0.00682	-0.00212	-0.00897	-0.00943	0.00162	0.00423	-0.00716	-0.00859	(Member $x0 spider)
p204345	0.00147	-0.00445	0.01237	-0.00397	0.00311	0.00036	0.00373	-0.00561	0.00356	-0.00229	-0.00147	-0.00443	-0.00324	0.00080	-0.00171	0.00149	-0.01201	-0.00799	0.00573	0.00714	-0.00234	0.00637	-0.00459	-0.00088	0.00512	-0.00025	0.00463	0.00988	0.01111	-0.00447	-0.00669	-0.01018	(Member $x0 station)
p204346	0.00659	-0.00388	0.00503	0.00270	-0.01047	-0.02755	-0.00393	-0.00242	0.00845	0.00611	0.00341	-0.01608	0.02762	0.02294	0.00253	-0.00243	-0.00386	0.00853	0.02455	0.01030	0.00997	0.01504	0.01075	0.00639	-0.01869	-0.01013	-0.00852	0.00944	-0.00534	-0.01991	-0.00437	-0.00001	(Member $x0 storm)
p204347	0.01532	0.01066	-0.00126	0.01089	0.02677	-0.01101	0.01535	0.01107	0.01195	-0.00166	-0.00002	-0.00571	-0.00549	0.00228	0.01259	-0.00858	-0.00145	-0.00476	0.02450	-0.00402	0.01254	-0.01182	-0.00779	-0.00620	0.00425	-0.00910	0.01004	0.00131	-0.01495	0.00133	0.01724	0.00730	(Member $x0 strong)
p204348	-0.00684	-0.01450	-0.01332	0.02803	0.00863	0.00384	-0.00610	-0.00097	0.00488	0.02137	0.01506	0.00549	0.00769	0.01407	0.02563	-0.03102	0.01202	0.05671	-0.00068	0.05264	0.00136	-0.03770	-0.01945	-0.00017	0.00729	-0.03614	-0.02176	0.01698	-0.01669	-0.03418	-0.00151	-0.04811	(Member $x0 teacher)
p204349	-0.00506	-0.02611	0.02632	-0.00711	-0.00901	0.03825	-0.00030	0.04605	0.04019	-0.02269	0.00277	0.00192	-0.00043	0.02261	-0.00416	0.01315	-0.02545	0.00769	-0.01429	0.00565	-0.00619	-0.03158	-0.01088	-0.00606	0.01065	-0.00207	0.01049	0.01436	-0.00182	0.03696	0.02666	-0.00802	(Member $x0 theater)
p204350	-0.00840	-0.00916	-0.00363	0.02773	0.00017	-0.01312	-0.01241	0.02126	0.01210	-0.01256	0.02037	-0.00080	-0.00149	0.01699	0.01063	0.04661	0.00315	0.00307	-0.01615	0.02434	0.02713	-0.00839	-0.00661	-0.00499	-0.01619	0.02614	-0.00414	0.00418	-0.02390	0.02082	-0.01438	0.00749	(Member $x0 top)
p204351	-0.00921	0.00888	0.00011	0.00191	-0.00310	0.01348	-0.00421	0.01219	0.01388	-0.01984	-0.01220	-0.01058	0.02695	-0.02055	0.00227	-0.00840	-0.01498	0.01020	0.01489	0.00861	-0.02843	-0.00162	-0.00504	-0.01117	-0.01447	0.00076	0.02572	0.02319	0.00562	0.01965	0.00553	0.00146	(Member $x0 treaty)
p204352	0.01570	0.01129	-0.00678	0.00292	0.00756	-0.00580	0.01627	0.00076	0.00978	0.00226	-0.00075	0.00231	-0.00960	0.00808	0.00210	-0.01021	-0.00434	0.00953	0.01635	-0.00631	0.02013	0.00303	-0.00352	-0.00489	0.01076	-0.00926	-0.00060	-0.00738	-0.00417	-0.00764	0.00543	0.01296	(Member $x0 truth)
p204353	0.00022	0.00749	-0.00022	-0.00605	-0.00252	-0.00534	-0.00823	0.01245	0.00704	0.02221	0.00659	0.01010	0.00052	0.00390	-0.00180	-0.00236	0.01588	0.00789	0.00045	-0.00525	-0.00698	-0.00186	-0.00116	0.00127	-0.00415	0.00063	-0.00422	-0.01035	0.00708	-0.00872	-0.00843	-0.00253	(Member $x0 valuable)
p204354	-0.00140	0.00330	0.02077	-0.00327	0.03246	-0.00581	-0.00703	-0.00169	-0.00645	0.00521	0.01711	-0.01235	0.01206	-0.01325	0.04009	0.00649	0.00892	-0.00066	0.00691	-0.00750	-0.01538	-0.01910	0.00478	-0.00795	0.00878	0.00865	0.01882	-0.01936	-0.00576	-0.00745	0.01784	-0.00582	(Member $x0 wood)
p204355	-0.00961	0.00867	0.00319	-0.01033	-0.00978	-0.00726	-0.00836	-0.00431	0.00292	-0.00687	0.00755	0.00499	0.00945	0.01112	-0.00168	0.00176	0.00605	0.02230	0.00147	0.00046	-0.01447	-0.01020	0.00642	-0.00062	-0.00158	0.01360	-0.00612	-0.00367	0.00458	-0.00735	-0.00027	-0.00512	(Member $x0 work)
p204356	-0.01971	-0.00204	-0.01884	-0.00821	0.00966	-0.01388	-0.00634	0.01120	-0.03953	-0.02709	-0.00686	0.01929	-0.00511	-0.03405	-0.01260	-0.02150	-0.01190	0.00548	0.00072	0.01337	-0.03374	0.00887	0.01331	-0.01424	0.02693	0.03628	0.01959	0.01003	0.03205	0.00635	0.02300	0.02022	(Member $x0 yellow)
p204357	-0.02504	-0.01237	0.05182	0.01624	0.06360	-0.01160	0.03450	-0.01131	-0.00727	0.02117	0.03573	0.02581	-0.01922	0.03020	-0.00225	-0.04651	-0.05831	-0.01736	0.05413	-0.00856	0.02709	-0.02333	0.08945	0.04217	-0.07368	0.02613	0.03537	0.02114	0.00084	-0.01177	-0.05730	0.03091	(Member $x0 young)
p204358	0.00038	-0.00207	-0.00193	0.00205	-0.00160	-0.00227	-0.00012	-0.00240	0.00061	0.00163	0.00044	-0.00272	-0.00173	-0.00149	0.00092	-0.00404	-0.00274	-0.00103	-0.00075	-0.00083	-0.00350	0.00118	-0.00262	0.00074	0.00118	-0.00201	-0.00082	-0.00110	0.00080	-0.00195	-0.00099	-0.00070	(Past (LocatedIn $x0 there))
p204359	-0.01124	-0.00441	0.00361	-0.01168	-0.00648	-0.00698	-0.00822	-0.00020	-0.00924	-0.00710	-0.00194	-0.00319	0.01177	0.02228	-0.00139	-0.00019	0.00398	-0.00853	0.00099	0.00349	-0.00781	0.00190	0.01124	-0.00036	-0.00375	0.00089	-0.00468	-0.00565	-0.00056	0.00218	0.00091	-0.01590	(Probably (Member $x0 good))
p204360	0.01648	-0.02370	0.03385	-0.02551	-0.01200	-0.00308	-0.00581	-0.00560	0.00495	-0.00518	-0.00198	0.01214	-0.01621	0.03491	-0.02378	-0.02080	0.01289	-0.00047	-0.02850	-0.00815	-0.01486	-0.02971	-0.00037	-0.00377	0.01032	-0.02716	0.01262	0.01973	-0.01660	0.04526	0.02506	0.00940	(ProportionOf $x0 $x1 some)
p204361	0.01780	-0.00060	-0.00679	0.03862	0.00008	-0.01098	-0.01890	0.03348	0.01158	-0.01055	0.05869	-0.00566	-0.00409	0.02628	0.00665	0.06252	-0.01271	0.02027	-0.02018	0.02066	0.03045	-0.01992	-0.00345	-0.01218	-0.00723	0.04959	-0.02033	0.00324	-0.03955	0.03740	-0.02743	-0.00304	(RestOf $x0 $x1)
p204362	0.00375	-0.00182	-0.00622	-0.00936	-0.00032	0.00288	-0.00522	-0.00131	-0.00122	-0.00496	0.00955	-0.00065	0.00852	-0.00120	-0.00671	0.00597	-0.00115	-0.00189	-0.00366	-0.00285	0.00541	0.00675	0.00338	0.00772	-0.00775	-0.00106	-0.00942	0.00805	-0.00282	-0.00115	0.00598	-0.00470	(Start $e0 (Year <num>))
p204363	-0.00810	0.00436	-0.00278	0.00548	-0.00325	0.00619	-0.00731	-0.00439	-0.00142	0.01028	0.00934	0.01012	0.00295	-0.01206	-0.00798	0.00538	-0.00805	-0.00320	-0.00071	-0.00025	0.00314	0.00768	0.00409	0.00058	-0.00061	0.00103	-0.00116	0.00136	-0.00631	-0.00453	0.00638	-0.00354	(Time $e0 $x0)
p204364	-0.00239	-0.00610	-0.00109	-0.00554	-0.00304	-0.00366	-0.00358	0.00029	-0.00551	-0.00380	-0.00143	-0.00120	0.00194	0.00857	-0.00081	-0.00061	0.00049	-0.00481	0.00138	-0.00067	-0.00459	0.00071	0.00228	-0.00009	-0.00078	-0.00172	-0.00580	-0.00233	-0.00206	0.00175	-0.00044	-0.00429	(Time $e0 (Weekday sunday))
p204365	-0.01063	0.01694	-0.00251	-0.00542	-0.00540	-0.00377	-0.00874	-0.01097	-0.01314	0.01046	0.01217	0.00672	0.01523	-0.01891	-0.00730	0.01362	0.00236	0.01621	-0.00922	-0.00912	-0.01011	-0.00297	0.00614	-0.01484	0.01472	0.02206	-0.00358	0.00051	-0.00343	-0.01412	0.00295	0.00348	(Time $e0 morning)
p204366	-0.01365	-0.00127	-0.00972	-0.00899	-0.00675	0.03990	-0.00612	0.03343	0.03016	-0.01580	-0.02268	-0.01423	0.04906	-0.01370	0.00096	0.00637	-0.01212	0.00286	-0.00419	-0.01064	-0.01853	-0.00910	0.00089	-0.00286	-0.01287	-0.01054	0.01074	0.01133	-0.01234	0.01019	0.01165	-0.01344	(Time $e0 soon)
p204367	-0.01841	-0.00484	-0.01889	-0.00068	-0.02208	0.08602	-0.00122	0.07381	0.05888	-0.02723	-0.04610	-0.03339	0.07077	-0.03671	0.00606	0.00076	-0.01812	0.00473	0.00478	-0.01391	-0.03172	-0.03338	-0.02149	-0.01599	-0.02842	-0.02328	0.02249	0.03857	-0.02312	0.01241	0.02330	-0.00384	(Time $e0 tomorrow)
p204368	-0.00429	0.00497	-0.00182	-0.00496	-0.00779	-0.00454	-0.00134	0.00259	-0.00073	0.00951	0.01188	-0.00264	0.00817	-0.00370	-0.00328	0.00619	-0.00779	0.00713	-0.01059	-0.00919	0.00692	0.00284	0.00612	0.01529	-0.00674	-0.00312	-0.00456	0.00717	-0.00810	-0.00995	0.01091	-0.00108	(With $e0 $x0)
