pattern_id	w0	w1	w2	w3	w4	w5	w6	w7	w8	w9	w10	w11	w12	w13	w14	w15	w16	w17	w18	w19	w20	w21	w22	w23	w24	w25	w26	w27	w28	w29	w30	w31	query
p200004	-0.29168	-0.83083	-1.02013	1.16917	-0.06839	0.99955	0.07988	0.53284	-0.13616	-0.08310	-1.06368	0.51217	0.46971	0.29450	0.24721	0.15178	-0.19376	0.92496	0.37293	-0.14568	-0.02860	0.25900	0.48819	0.03890	-0.07487	0.07054	-0.06346	-0.62681	-0.33395	0.26260	-0.07866	0.50286	(Agent $e0 $x0)
p200008	-0.50081	-0.20382	0.55919	-0.12272	0.24774	0.62295	0.78872	1.09582	0.68011	-0.09753	-0.25338	-0.09407	0.00214	-0.22445	-0.64987	0.31696	-0.31325	-0.10218	-0.14861	0.83487	0.83237	-0.21421	0.05751	-0.37577	-0.45686	-0.00171	0.11105	-0.22070	-1.59714	0.05826	-0.13262	0.14706	(Theme $e0 $x0)
p200013	-0.46297	0.11395	-0.08643	-0.43599	-1.17688	-0.23284	0.15875	-0.09672	-0.44191	0.30547	-0.05631	0.42348	-0.44662	0.28987	-0.07872	-0.35737	-0.25945	-0.06247	-0.51419	1.34595	-0.17365	0.50761	-0.11588	0.74770	-1.14405	1.10004	-0.22135	0.37601	0.13538	0.44613	0.71659	0.26650	(Past $e0)
p200015	-0.23400	-0.11894	0.18755	0.07231	0.01090	0.65989	-0.13804	0.57063	0.56669	-0.02073	-0.34268	0.54311	-0.16108	-0.25441	-0.37958	0.33979	-0.46937	0.45431	-0.09821	-0.39189	0.83737	-0.04820	0.08069	-0.27775	-0.41400	0.05263	-0.27445	-0.42709	-0.91664	0.23785	0.13164	-0.10104	(And (Agent $e0 $x0) (Theme $e0 $x1))
p200022	-0.44661	-0.56647	0.19632	-0.09502	-0.88033	-0.22256	0.24965	-0.20228	-0.17228	0.77952	0.00472	0.30341	0.71168	-0.25682	0.18685	-0.16191	0.57557	-0.16065	0.13017	-0.43743	0.30154	-0.29490	-0.29385	0.18021	-0.02701	0.02347	-0.39177	0.64351	-0.68850	0.67047	0.28175	0.71521	(Patient $e0 $x0)
p200033	0.27124	0.22634	-0.36239	0.35510	-0.00337	0.45523	0.10967	-0.12251	-0.20383	-0.10619	-0.26600	0.35911	-0.14250	0.07401	0.29536	-0.20555	0.38956	0.39333	-0.21315	0.41957	-0.30664	0.05854	-0.06367	0.41473	-0.49413	0.11768	-0.11001	-0.53444	0.52424	0.04935	0.21950	0.44324	(And (Agent $e0 $x0) (Past $e0))
p200039	-0.09358	0.41477	-0.01632	0.11555	0.19726	0.06416	-0.26688	0.26215	-0.13547	0.98481	-0.15675	-0.24468	-0.19628	-0.11168	0.23123	-0.04485	-0.11491	-0.43780	0.52675	0.01741	-0.25928	0.13800	0.05113	0.70153	-0.15869	-0.09251	0.64668	-0.59070	-0.34421	-0.40002	-0.25616	0.12345	(Location $e0 $x0)
p200041	0.12129	0.22651	0.36360	-0.24538	-0.12592	-0.05136	0.16307	-0.04503	0.13920	-0.13809	-0.05805	0.10627	-0.12270	-0.04111	-0.04192	-0.02966	-0.14283	0.15741	-0.20390	0.99400	0.28673	-0.49965	-0.11277	0.19943	-0.02264	0.36752	0.12437	0.09366	-0.55831	-0.14559	-0.19668	0.16502	(And (Past $e0) (Theme $e0 $x0))
p200049	-0.59390	-0.17209	-0.13988	-0.17439	-0.44726	-0.22207	0.23009	-0.21795	-0.00017	0.68844	0.12944	-0.04446	-0.01217	0.12240	-0.31450	0.01111	-0.04538	0.08937	-0.12667	-0.26654	0.29669	0.01900	-0.12581	0.18402	-0.53781	-0.22921	-0.19224	0.42081	-0.01262	0.76284	0.75882	0.21687	(And (Past $e0) (Patient $e0 $x0))
p200051	-0.03907	0.14142	0.13181	0.09223	-0.06353	0.18909	0.73374	-0.14376	-0.15708	0.11885	-0.06935	-0.02762	-0.13940	0.09761	-0.33761	0.16481	0.22958	-0.16390	-0.24297	-0.11878	0.09923	0.00206	-0.15351	-0.15836	0.04848	-0.05379	0.89923	-0.13676	0.22541	0.25800	-0.16823	0.00809	(Cardinality $x0 <num>)
p200053	-0.28239	-0.14033	-0.15774	0.31644	0.07194	0.02616	0.03442	-0.12337	0.11311	0.11014	-0.05133	0.11124	0.13629	-0.25702	0.21995	-0.08574	0.19462	-0.07265	-0.09372	0.02111	-0.14308	-0.12297	-0.10410	-0.04328	0.22105	-0.03077	0.12316	-0.36932	0.11392	0.12484	-0.03783	1.06760	(And (Agent $e0 $x0) (Patient $e0 $x1))
p200070	0.06228	-0.10624	-0.22744	0.13486	-0.12631	0.03103	0.14409	0.12782	-0.27772	-0.15792	-0.20881	0.07042	-0.16104	0.09014	0.11218	-0.07686	0.13170	0.05886	0.31193	0.03728	-0.14636	0.10293	0.02512	0.06847	-0.12423	0.08702	-0.18523	0.06983	0.07316	0.01561	0.05465	-0.06629	(Member $x0 person)
p200071	0.26699	-0.02234	0.08400	0.08096	-0.13336	-0.28270	-0.01602	-0.05988	0.07755	0.02585	0.06689	0.05909	0.03457	0.26480	0.10497	0.68071	-0.27818	-0.18590	-0.02647	-0.08913	-0.01676	0.01504	0.14407	-0.16023	-0.18863	0.24637	-0.06988	-0.14723	-0.17696	-0.10923	0.17495	0.12142	(Recipient $e0 $x0)
p200073	0.20895	0.31052	0.15497	-0.01853	0.03309	0.14795	-0.06078	-0.27112	0.11404	-0.04201	-0.14008	0.25610	-0.05305	0.05499	-0.00648	0.02913	0.01547	0.43976	-0.18826	0.19170	0.11543	-0.28510	-0.06947	0.10537	-0.01861	-0.02025	-0.04286	0.13436	-0.14632	0.01578	-0.21462	0.03662	(And (Agent $e0 $x0) (Past $e0) (Theme $e0 $x1))
p200076	0.01191	0.78085	-0.00236	0.02218	-0.03264	0.07770	-0.00793	0.13088	-0.10392	0.32405	0.00151	-0.05066	-0.08433	0.02596	-0.29009	0.00658	-0.01228	-0.40108	0.84872	0.14209	-0.22482	0.00534	-0.08521	-0.20641	-0.15475	-0.26336	-0.05581	-0.13158	0.03790	-0.00176	0.07250	0.17700	(Experiencer $e0 $x0)
p200089	-0.01533	-0.23439	-0.21181	0.12724	0.20012	-0.17416	0.03122	0.05539	-0.01284	-0.22959	-0.21147	0.32014	-0.30325	-0.03094	0.20110	-0.18861	0.03487	0.04346	0.38101	0.11535	0.02176	0.08294	0.05307	-0.12906	-0.01265	0.17370	0.01538	0.38305	-0.12462	-0.39863	0.20453	-0.00331	(Possession $x0 $x1)
p200091	0.20215	0.07097	0.14130	0.20873	-0.04367	-0.29496	0.03453	0.09547	-0.12118	-0.01405	0.10816	0.10410	-0.11771	0.12493	0.16566	0.60128	-0.14037	-0.26457	-0.16973	-0.01593	0.02728	0.08849	0.15296	-0.06999	-0.14833	0.04302	-0.18550	-0.06246	-0.33187	-0.08444	0.08151	0.12320	(And (Recipient $e0 $x0) (Theme $e0 $x1))
p200099	0.25405	-0.01700	0.06739	0.11043	-0.14954	-0.22019	-0.01888	-0.03604	0.08788	0.05796	0.07098	0.06976	0.07221	0.23790	0.06169	0.64845	-0.27554	-0.14269	-0.01121	-0.14216	-0.06744	0.03607	0.13148	-0.17173	-0.14618	0.19390	-0.06627	-0.16287	-0.14174	-0.07754	0.20989	0.08526	(And (Agent $e0 $x0) (Recipient $e0 $x1))
p200103	-0.11296	-0.08413	0.08990	-0.15423	0.01490	0.00877	-0.14189	0.00343	0.16671	0.02684	0.18324	0.27388	-0.03052	0.04830	-0.02244	-0.12832	0.00543	-0.11262	0.12783	-0.17001	0.07352	0.10074	0.14776	-0.12527	0.27036	0.28407	0.00214	-0.11650	-0.13355	0.05456	0.01537	-0.01548	(Might $e0)
p200125	-0.14454	-0.19246	0.01190	0.05529	0.07950	0.02729	-0.19984	0.05318	-0.03452	0.54983	-0.15179	-0.10079	-0.05979	-0.03042	0.32227	-0.01948	-0.13533	-0.05866	-0.08010	-0.12939	-0.07692	0.17840	0.10242	0.64438	0.01952	0.08955	0.47818	-0.29005	-0.24713	-0.16545	-0.23647	0.01358	(And (Agent $e0 $x0) (Location $e0 $x1))
p200136	0.20094	0.07778	0.11794	0.23562	-0.05956	-0.23993	0.02522	0.10349	-0.11323	0.01083	0.11741	0.11580	-0.08800	0.09853	0.13580	0.57948	-0.14524	-0.22153	-0.16002	-0.07466	-0.02890	0.11334	0.14059	-0.08048	-0.10634	-0.01320	-0.18565	-0.07537	-0.27025	-0.05650	0.11534	0.07991	(And (Agent $e0 $x0) (Recipient $e0 $x1) (Theme $e0 $x2))
p200147	0.00278	0.12569	-0.04111	0.01999	0.07469	0.02191	0.42181	-0.26517	0.01281	-0.07794	-0.07459	-0.04988	-0.13487	0.13339	-0.14666	0.16599	0.37819	-0.07027	-0.18118	0.00060	0.06965	0.09490	0.00475	-0.18771	0.02131	0.00091	0.53825	-0.04948	-0.27551	0.13084	-0.01600	-0.05556	(And (Cardinality $x0 <num>) (Theme $e0 $x0))
p200159	-0.26222	-0.01552	-0.20378	0.14323	0.29583	-0.09018	0.09779	-0.11897	0.16064	0.13200	0.18303	-0.15090	-0.04950	-0.13499	-0.02203	-0.01999	0.14983	0.08480	-0.13781	0.03482	0.18082	-0.12424	-0.06218	0.12070	-0.28896	-0.17376	0.05405	-0.47679	0.38942	0.06256	0.32702	0.44446	(And (Agent $e0 $x0) (Past $e0) (Patient $e0 $x1))
p200170	-0.11850	-0.06991	0.01387	-0.13220	0.01178	0.02753	-0.15075	0.03554	0.13699	-0.01996	0.14462	0.22650	-0.04753	0.02443	-0.01382	-0.08360	-0.13662	-0.05525	0.08468	-0.14060	0.03282	0.08476	0.16644	-0.14041	0.23691	0.26042	0.04625	-0.09406	-0.05077	0.11568	0.02081	0.00447	(And (Agent $e0 $x0) (Might $e0))
p200191	0.38975	-0.00565	-0.22702	-0.02697	-0.27442	0.36502	0.08527	0.47228	-0.39884	-0.25644	-0.31530	-0.01913	-0.08255	0.18346	0.12987	-0.14750	0.33413	-0.09235	0.18481	0.01074	-0.47294	0.10300	0.15511	0.10306	-0.14726	0.13524	-0.16716	-0.21577	0.14961	0.21436	0.22719	-0.07489	(And (Agent $e0 $x0) (Member $x0 person))
p200205	0.10760	0.10039	-0.22998	0.04078	-0.02657	-0.10438	0.49851	-0.00272	-0.04616	-0.02952	0.28629	-0.05224	0.02951	0.04153	0.34678	0.07043	-0.24584	-0.10847	-0.19076	-0.00252	0.04705	-0.17934	-0.04795	-0.11217	0.05574	-0.00816	0.27098	-0.18760	-0.08117	0.21654	0.02345	-0.15776	(GroupOf $x0 child)
p200219	-0.00965	0.08412	-0.04581	0.20599	-0.00621	0.20370	-0.16264	0.01922	-0.07178	0.14178	-0.05689	0.04411	0.51473	-0.10325	0.19914	-0.02578	-0.04660	-0.19631	-0.20997	0.18783	-0.26348	0.30906	-0.01637	0.02905	-0.09430	-0.16447	0.22685	0.15081	-0.01557	-0.21402	-0.13293	0.06603	(Theme $e0 $e1)
p200237	-0.07996	0.02097	0.16752	0.06535	0.07169	0.04727	0.17431	-0.09596	0.29012	0.03108	-0.03067	0.00342	-0.07821	0.30686	-0.27030	-0.10523	0.31589	-0.13302	-0.11738	0.04440	-0.15344	0.30469	-0.11611	-0.12604	0.07477	-0.17745	0.00968	-0.01049	-0.15242	-0.06898	0.00063	0.02940	(Holder $e0 $x0)
p200249	0.01612	0.36443	0.02131	-0.07489	-0.09839	0.07823	-0.02806	-0.12332	0.08377	-0.13813	-0.10760	0.08387	-0.01210	0.00529	0.04549	0.03374	0.05789	0.20235	-0.16827	-0.09886	0.06141	-0.13685	0.12555	0.14709	-0.05592	-0.01374	0.04638	0.23228	0.04023	-0.02580	-0.11111	0.03850	(And (Agent $e0 $x0) (Member $e0 buy) (Past $e0) (Theme $e0 $x1))
p200250	0.01612	0.36443	0.02131	-0.07489	-0.09839	0.07823	-0.02806	-0.12332	0.08377	-0.13813	-0.10760	0.08387	-0.01210	0.00529	0.04549	0.03374	0.05789	0.20235	-0.16827	-0.09886	0.06141	-0.13685	0.12555	0.14709	-0.05592	-0.01374	0.04638	0.23228	0.04023	-0.02580	-0.11111	0.03850	(And (Agent $e0 $x0) (Member $e0 buy) (Past $e0))
p200251	0.01612	0.36443	0.02131	-0.07489	-0.09839	0.07823	-0.02806	-0.12332	0.08377	-0.13813	-0.10760	0.08387	-0.01210	0.00529	0.04549	0.03374	0.05789	0.20235	-0.16827	-0.09886	0.06141	-0.13685	0.12555	0.14709	-0.05592	-0.01374	0.04638	0.23228	0.04023	-0.02580	-0.11111	0.03850	(And (Agent $e0 $x0) (Member $e0 buy) (Theme $e0 $x1))
p200252	0.01612	0.36443	0.02131	-0.07489	-0.09839	0.07823	-0.02806	-0.12332	0.08377	-0.13813	-0.10760	0.08387	-0.01210	0.00529	0.04549	0.03374	0.05789	0.20235	-0.16827	-0.09886	0.06141	-0.13685	0.12555	0.14709	-0.05592	-0.01374	0.04638	0.23228	0.04023	-0.02580	-0.11111	0.03850	(And (Member $e0 buy) (Past $e0) (Theme $e0 $x0))
p200255	0.01612	0.36443	0.02131	-0.07489	-0.09839	0.07823	-0.02806	-0.12332	0.08377	-0.13813	-0.10760	0.08387	-0.01210	0.00529	0.04549	0.03374	0.05789	0.20235	-0.16827	-0.09886	0.06141	-0.13685	0.12555	0.14709	-0.05592	-0.01374	0.04638	0.23228	0.04023	-0.02580	-0.11111	0.03850	(And (Agent $e0 $x0) (Member $e0 buy))
p200256	0.01612	0.36443	0.02131	-0.07489	-0.09839	0.07823	-0.02806	-0.12332	0.08377	-0.13813	-0.10760	0.08387	-0.01210	0.00529	0.04549	0.03374	0.05789	0.20235	-0.16827	-0.09886	0.06141	-0.13685	0.12555	0.14709	-0.05592	-0.01374	0.04638	0.23228	0.04023	-0.02580	-0.11111	0.03850	(And (Member $e0 buy) (Past $e0))
p200257	0.01612	0.36443	0.02131	-0.07489	-0.09839	0.07823	-0.02806	-0.12332	0.08377	-0.13813	-0.10760	0.08387	-0.01210	0.00529	0.04549	0.03374	0.05789	0.20235	-0.16827	-0.09886	0.06141	-0.13685	0.12555	0.14709	-0.05592	-0.01374	0.04638	0.23228	0.04023	-0.02580	-0.11111	0.03850	(And (Member $e0 buy) (Theme $e0 $x0))
p200259	0.01612	0.36443	0.02131	-0.07489	-0.09839	0.07823	-0.02806	-0.12332	0.08377	-0.13813	-0.10760	0.08387	-0.01210	0.00529	0.04549	0.03374	0.05789	0.20235	-0.16827	-0.09886	0.06141	-0.13685	0.12555	0.14709	-0.05592	-0.01374	0.04638	0.23228	0.04023	-0.02580	-0.11111	0.03850	(Member $e0 buy)
p200266	0.36301	0.03200	-0.15657	-0.04194	-0.23359	0.27437	0.02094	0.41674	-0.32013	-0.23395	-0.22746	-0.03418	-0.06856	0.16617	0.07136	-0.12136	0.28934	-0.09753	0.08998	0.04049	-0.42635	0.08996	0.13011	0.07895	-0.10497	0.11445	-0.12467	-0.15846	0.16495	0.19528	0.19194	-0.05024	(And (Agent $e0 $x0) (Member $x0 person) (Past $e0))
p200281	-0.10410	-0.04824	0.16361	-0.08275	0.09538	-0.06337	-0.11588	0.10663	0.11785	-0.04175	-0.02579	-0.19686	-0.07270	-0.19878	0.19473	0.05960	-0.04442	0.03159	0.16781	0.03098	-0.07090	0.10084	-0.02551	0.21045	-0.12394	-0.04442	0.14169	-0.03841	-0.07127	0.14038	-0.12871	-0.01085	(And (Location $e0 $x0) (Theme $e0 $x1))
p200282	-0.07694	-0.13503	-0.15983	0.19775	0.01032	-0.12459	0.17928	-0.06606	-0.14245	-0.11678	-0.05037	0.10899	-0.13436	0.05491	0.07489	-0.03945	0.01815	0.13996	0.31073	0.07764	0.04707	0.09631	0.00980	0.00743	-0.01111	0.08010	-0.13661	0.14416	0.03199	-0.08411	-0.05826	-0.06357	(And (Member $x0 person) (Possession $x1 $x0))
p200283	-0.13480	0.00539	0.05702	-0.06053	0.06801	0.05472	-0.07305	0.05452	0.12966	-0.02314	0.19152	0.20944	-0.05488	-0.01441	-0.03598	-0.08975	-0.04058	-0.10304	0.02260	-0.08301	0.04766	0.19150	0.05966	-0.10903	0.06782	0.09818	0.00519	-0.07037	-0.06585	0.07158	0.05401	-0.06405	(And (Might $e0) (Theme $e0 $x0))
p200288	0.00909	0.03060	-0.05469	0.02663	-0.02032	-0.01084	0.05890	-0.04837	-0.02965	-0.00592	-0.00013	-0.03750	-0.00079	0.00568	0.01889	-0.00316	-0.07642	0.00471	-0.04407	0.00377	-0.02778	0.01384	-0.00284	-0.01157	0.00025	0.00385	0.08355	-0.04567	0.08260	0.04028	0.00062	-0.04477	(Goal $e0 $x0)
p200289	-0.07690	-0.04639	-0.12211	-0.01427	0.17221	-0.20550	-0.05587	0.17076	-0.15719	0.29262	-0.03720	-0.13131	-0.16124	0.30307	-0.03037	-0.04663	0.05918	0.03496	0.02223	-0.01360	0.15027	-0.15777	0.28877	0.29713	0.14902	0.05673	0.04683	-0.07358	-0.22179	-0.19021	-0.12185	-0.07416	(Member $e0 work)
p200326	0.01784	0.05970	0.33371	0.29656	-0.00876	-0.05657	-0.00373	-0.07620	-0.09469	-0.02660	-0.08346	0.00013	-0.03444	-0.07629	-0.06225	0.16145	-0.06480	-0.07815	-0.06697	-0.10257	-0.15074	-0.04885	0.20814	-0.08296	-0.02406	0.13920	-0.00503	-0.13790	-0.19432	-0.01740	0.25944	-0.06169	(And (Agent $e0 $x0) (Member $e0 give) (Recipient $e0 $x1) (Theme $e0 $x2))
p200329	0.01784	0.05970	0.33371	0.29656	-0.00876	-0.05657	-0.00374	-0.07620	-0.09469	-0.02660	-0.08346	0.00013	-0.03444	-0.07629	-0.06225	0.16145	-0.06480	-0.07815	-0.06697	-0.10257	-0.15074	-0.04885	0.20814	-0.08296	-0.02406	0.13920	-0.00503	-0.13790	-0.19432	-0.01740	0.25944	-0.06169	(And (Agent $e0 $x0) (Member $e0 give) (Recipient $e0 $x1))
p200330	0.01784	0.05970	0.33371	0.29656	-0.00876	-0.05657	-0.00373	-0.07620	-0.09469	-0.02660	-0.08346	0.00013	-0.03444	-0.07629	-0.06225	0.16145	-0.06480	-0.07815	-0.06697	-0.10257	-0.15074	-0.04885	0.20814	-0.08296	-0.02406	0.13920	-0.00503	-0.13790	-0.19432	-0.01740	0.25944	-0.06169	(And (Agent $e0 $x0) (Member $e0 give) (Theme $e0 $x1))
p200331	-0.12005	0.00369	0.03315	-0.06903	0.05852	0.04533	-0.09800	0.07203	0.08499	-0.03061	0.19558	0.20510	-0.04389	-0.06571	0.00659	-0.07534	-0.09332	-0.08396	0.03859	-0.08590	0.06988	0.13877	0.07644	-0.08984	0.05617	0.12206	0.00460	-0.06926	-0.04436	0.08218	0.05363	-0.06857	(And (Agent $e0 $x0) (Might $e0) (Theme $e0 $x1))
p200332	0.01784	0.05970	0.33371	0.29656	-0.00876	-0.05657	-0.00374	-0.07620	-0.09469	-0.02660	-0.08346	0.00013	-0.03444	-0.07629	-0.06225	0.16145	-0.06480	-0.07815	-0.06697	-0.10257	-0.15074	-0.04885	0.20814	-0.08296	-0.02406	0.13920	-0.00503	-0.13790	-0.19432	-0.01740	0.25944	-0.06169	(And (Member $e0 give) (Recipient $e0 $x0) (Theme $e0 $x1))
p200338	0.01784	0.05970	0.33371	0.29656	-0.00876	-0.05657	-0.00374	-0.07620	-0.09469	-0.02660	-0.08346	0.00013	-0.03444	-0.07629	-0.06225	0.16145	-0.06480	-0.07815	-0.06697	-0.10257	-0.15074	-0.04885	0.20814	-0.08296	-0.02406	0.13920	-0.00503	-0.13790	-0.19432	-0.01740	0.25944	-0.06169	(And (Agent $e0 $x0) (Member $e0 give))
p200339	-0.06635	0.01170	0.13914	0.05553	0.06564	0.04318	0.20918	-0.07772	0.24571	0.02821	-0.03323	-0.01676	-0.05937	0.26094	-0.22885	-0.09274	0.27311	-0.12166	-0.09487	0.04025	-0.12183	0.24161	-0.09713	-0.11456	0.05324	-0.15236	0.03008	-0.02300	-0.16297	-0.05068	0.00313	0.02646	(And (Holder $e0 $x0) (Theme $e0 $x1))
p200340	0.01784	0.05970	0.33371	0.29656	-0.00876	-0.05657	-0.00374	-0.07620	-0.09469	-0.02660	-0.08346	0.00013	-0.03444	-0.07629	-0.06225	0.16145	-0.06480	-0.07815	-0.06697	-0.10257	-0.15074	-0.04885	0.20814	-0.08296	-0.02406	0.13920	-0.00503	-0.13790	-0.19432	-0.01740	0.25944	-0.06169	(And (Member $e0 give) (Recipient $e0 $x0))
p200341	0.01784	0.05970	0.33371	0.29656	-0.00876	-0.05657	-0.00373	-0.07620	-0.09469	-0.02660	-0.08346	0.00013	-0.03444	-0.07629	-0.06225	0.16145	-0.06480	-0.07815	-0.06697	-0.10257	-0.15074	-0.04885	0.20814	-0.08296	-0.02406	0.13920	-0.00503	-0.13790	-0.19432	-0.01740	0.25944	-0.06169	(And (Member $e0 give) (Theme $e0 $x0))
p200350	0.14620	-0.14672	0.14847	-0.08308	-0.01910	-0.06488	0.02124	-0.05440	-0.07515	0.02736	0.08122	0.06320	0.20997	-0.13304	0.12930	-0.07449	0.23540	-0.02135	0.15512	-0.11259	0.24417	-0.16937	-0.04756	0.10431	-0.03270	0.18065	-0.12767	-0.08917	-0.14606	-0.11289	0.01802	-0.09290	(Future $e0)
p200351	-0.16461	0.29944	0.12042	-0.04665	0.12180	-0.15169	-0.09092	0.16732	0.05298	-0.00534	0.05543	-0.16888	0.06316	-0.21081	0.06523	-0.00504	-0.10874	0.03809	0.15678	0.03951	0.01521	0.29595	-0.06968	0.02390	0.05679	0.09984	-0.00818	-0.18228	-0.04808	0.19938	0.01763	-0.05400	(Member $e0 discover)
p200352	0.01784	0.05970	0.33371	0.29656	-0.00876	-0.05657	-0.00374	-0.07620	-0.09469	-0.02660	-0.08346	0.00013	-0.03444	-0.07629	-0.06225	0.16145	-0.06480	-0.07815	-0.06697	-0.10257	-0.15074	-0.04885	0.20814	-0.08296	-0.02406	0.13920	-0.00503	-0.13790	-0.19432	-0.01740	0.25944	-0.06169	(Member $e0 give)
p200353	-0.09759	0.07990	-0.15827	-0.12534	0.01943	-0.02525	-0.11824	-0.05732	-0.14249	-0.06811	-0.13023	0.11452	-0.10357	-0.02928	-0.07401	0.33732	0.29128	0.08577	-0.04292	0.03177	0.11362	0.04006	0.04068	0.02017	-0.08193	0.01929	0.13888	0.09440	-0.01420	0.03544	-0.14938	0.03824	(Member $x0 depot)
p200354	-0.04154	-0.05523	-0.03819	0.02894	-0.02929	0.06341	0.02619	0.05865	0.03531	0.00586	-0.08003	-0.03538	0.03596	-0.01439	-0.03850	0.00964	0.01253	0.05056	0.01238	-0.03676	0.01783	-0.06733	-0.03703	-0.01567	0.00078	-0.02866	-0.04159	-0.03393	-0.05166	0.04088	-0.03141	0.02194	(Member $x0 physician)
p200355	-0.05424	-0.06296	-0.04906	0.00128	-0.02008	0.05139	0.02842	0.08159	0.05350	0.01873	-0.08247	-0.02268	0.00003	-0.02072	-0.04274	0.01422	-0.01207	0.03735	-0.00257	-0.00312	0.04914	-0.06742	-0.04060	-0.00571	-0.06790	0.03027	-0.04413	-0.06475	-0.06871	-0.00036	-0.01102	-0.00260	(Source $e0 $x0)
p200377	-0.04869	0.11563	-0.08237	0.02020	0.04328	0.02147	-0.05512	-0.11620	-0.10127	-0.07471	-0.10722	0.06063	-0.10290	-0.02086	-0.10569	0.25297	0.26306	0.05819	-0.07256	-0.01875	0.05577	0.02378	0.04202	-0.02139	-0.04385	0.04886	0.21770	0.06230	-0.06544	0.06227	-0.06751	-0.01614	(And (Agent $e0 $x0) (Cardinality $x1 <num>) (Theme $e0 $x1))
p200400	-0.00497	0.06978	-0.03782	0.19543	-0.00742	0.19269	-0.14065	0.01551	-0.06370	0.12093	-0.04888	0.04896	0.51596	-0.08290	0.16207	-0.02097	-0.03473	-0.16918	-0.19714	0.17200	-0.24290	0.27555	-0.00924	0.00344	-0.06432	-0.16189	0.20388	0.15192	-0.01679	-0.17913	-0.12820	0.07674	(And (Agent $e0 $x0) (Theme $e0 $e1))
p200401	0.03459	0.15452	-0.00761	0.00865	0.00580	0.02332	-0.00456	0.00691	-0.01447	0.12147	0.00602	-0.01798	-0.03986	-0.02443	-0.04390	-0.00401	-0.01178	-0.08439	0.18082	0.01526	-0.03988	-0.00619	-0.02563	-0.02089	-0.03681	-0.04224	0.04155	-0.08882	0.01692	-0.04592	0.01525	0.01300	(And (Experiencer $e0 $x0) (Location $e0 $x1))
p200402	0.00502	-0.02346	-0.01466	0.11713	-0.07068	-0.00275	-0.02517	0.10064	-0.03870	-0.04314	-0.10740	-0.06332	0.25497	0.00018	0.04540	0.01747	0.11916	0.03256	-0.03177	0.03789	-0.11658	-0.03440	-0.04113	-0.02951	0.09008	-0.12220	-0.02462	0.17083	-0.06793	0.01434	-0.12109	0.10690	(And (Member $e0 destroy) (Patient $e0 $x0))
p200403	0.04843	-0.10295	-0.01846	-0.10315	0.16770	-0.07950	-0.12617	0.20344	0.14869	-0.09664	-0.15800	0.19812	-0.16070	-0.10276	0.11177	-0.17017	0.01509	-0.13803	0.08371	0.13300	0.00970	-0.05192	0.05824	-0.15660	-0.02021	0.16461	0.16489	0.22799	-0.25257	-0.34740	0.24652	0.07378	(And (Possession $x0 $x1) (Theme $e0 $x0))
p200409	-0.05767	0.04376	0.02052	-0.03858	-0.05877	-0.05336	0.01271	0.05928	-0.02625	0.00463	-0.01342	-0.01388	-0.01787	0.01983	-0.05341	-0.01793	0.00745	-0.07838	0.06796	0.11926	-0.02223	0.00604	0.01362	-0.02033	-0.05413	0.06916	-0.00233	0.03809	-0.02832	0.01464	-0.02703	0.04976	(Before $e0 $e1)
p200410	-0.13667	-0.07031	0.03035	-0.11673	0.02368	0.25451	-0.03656	-0.21746	0.02250	-0.00068	0.42674	0.16222	-0.05603	-0.04892	-0.12318	-0.07427	-0.11393	-0.08706	0.08284	-0.08185	0.08310	0.14952	0.27712	-0.09886	-0.05113	0.08118	-0.01427	-0.09440	0.01522	0.11469	-0.03917	-0.03465	(Member $e0 decide)
p200411	0.00502	-0.02346	-0.01466	0.11713	-0.07068	-0.00275	-0.02517	0.10064	-0.03870	-0.04314	-0.10740	-0.06332	0.25497	0.00018	0.04540	0.01747	0.11916	0.03256	-0.03177	0.03789	-0.11658	-0.03440	-0.04113	-0.02951	0.09008	-0.12220	-0.02462	0.17083	-0.06793	0.01434	-0.12109	0.10690	(Member $e0 destroy)
p200412	-0.11163	-0.05424	0.00052	-0.08106	0.05608	0.19411	-0.02819	-0.11211	-0.01370	-0.04807	0.27113	0.04204	0.05112	-0.00141	-0.10513	-0.04275	-0.07553	-0.06041	0.07657	0.01323	0.02734	0.08058	0.27618	-0.08930	-0.07341	-0.01246	0.01688	0.02036	-0.00452	0.09958	-0.07113	0.00077	(Member $x0 board)
p200413	0.14159	0.06293	-0.06645	0.28446	0.10941	0.04595	-0.08179	-0.04619	0.10363	-0.08314	0.08354	-0.12922	-0.08695	0.04026	-0.05673	-0.05436	-0.00738	-0.06179	-0.03120	-0.01226	0.06484	-0.09059	-0.11694	0.14470	-0.02411	0.09472	0.02162	0.13089	-0.06266	0.05977	-0.15724	0.01997	(Member $x0 hall)
p200414	0.13366	0.09165	0.03456	0.35354	0.10874	0.03807	-0.06103	-0.06386	0.08649	-0.11647	0.07069	-0.12517	-0.08404	0.02948	-0.09369	-0.01541	-0.02250	-0.08457	-0.05375	-0.03477	0.03476	-0.10443	-0.05923	0.08171	-0.03188	0.14022	-0.00472	0.09483	-0.12378	0.08561	-0.07785	0.01579	(Member $x0 school)
p200470	-0.06703	-0.05890	-0.04023	-0.00353	-0.00721	0.09802	0.01298	0.07337	0.05929	0.03282	-0.08243	0.01123	-0.00590	-0.03340	-0.05465	-0.01261	-0.00485	0.02577	0.01328	-0.06438	0.06220	-0.04912	-0.02313	-0.02207	-0.04975	0.02949	-0.05561	-0.08431	-0.07634	0.01588	0.01947	-0.02592	(And (Agent $e0 $x0) (Member $e0 answer) (Theme $e0 $x1))
p200471	0.00323	-0.00915	-0.20172	-0.07257	-0.10250	-0.08918	0.00156	0.02504	0.26962	0.07819	0.20779	0.09740	0.17143	0.27406	0.15524	0.28418	-0.16502	-0.03746	0.02699	-0.05381	-0.10391	-0.15339	-0.12392	-0.09104	-0.04571	0.16211	-0.02952	-0.13969	0.04254	0.04473	0.01507	-0.04121	(And (Agent $e0 $x0) (Member $e0 teach) (Recipient $e0 $x1))
p200480	-0.04277	-0.00552	0.13154	0.11325	-0.15860	-0.01604	0.00589	0.11490	-0.10012	-0.06102	0.00212	0.09733	0.06747	0.12799	-0.20485	-0.06693	-0.09506	-0.02970	0.01387	0.00683	0.15319	-0.05863	-0.06581	0.01833	0.03763	-0.16554	0.17594	0.01428	0.26048	0.13711	-0.08843	-0.02820	(And (Agent $e0 $x0) (Cardinality $x0 <num>))
p200481	-0.06703	-0.05890	-0.04023	-0.00353	-0.00721	0.09802	0.01298	0.07337	0.05929	0.03282	-0.08243	0.01123	-0.00590	-0.03340	-0.05465	-0.01261	-0.00485	0.02577	0.01328	-0.06438	0.06220	-0.04912	-0.02313	-0.02207	-0.04975	0.02949	-0.05561	-0.08431	-0.07634	0.01588	0.01947	-0.02592	(And (Agent $e0 $x0) (Member $e0 answer))
p200482	-0.13784	-0.07040	0.03052	-0.11600	0.02301	0.25501	-0.03463	-0.21321	0.02283	0.00113	0.42210	0.16107	-0.05361	-0.04770	-0.12430	-0.07319	-0.11273	-0.08700	0.08428	-0.08024	0.08404	0.14751	0.27559	-0.09866	-0.05230	0.08138	-0.01421	-0.09453	0.00999	0.11496	-0.03867	-0.03255	(And (Agent $e0 $x0) (Member $e0 decide))
p200483	0.00323	-0.00915	-0.20172	-0.07257	-0.10250	-0.08918	0.00156	0.02505	0.26962	0.07819	0.20779	0.09740	0.17143	0.27406	0.15524	0.28418	-0.16502	-0.03746	0.02699	-0.05381	-0.10391	-0.15339	-0.12392	-0.09104	-0.04571	0.16211	-0.02952	-0.13969	0.04254	0.04473	0.01507	-0.04121	(And (Agent $e0 $x0) (Member $e0 teach))
p200484	0.15307	0.01840	-0.12681	0.00705	-0.01513	-0.02099	0.44866	-0.11803	-0.08633	-0.04425	0.06762	-0.15707	0.04018	-0.04564	0.17428	-0.03680	-0.20045	-0.01559	-0.08095	-0.02758	0.08991	-0.14271	0.02934	-0.11057	0.05906	0.00983	0.36754	-0.14397	-0.03403	0.16480	0.07201	-0.10992	(And (Cardinality $x0 <num>) (GroupOf $x0 child))
p200486	-0.06703	-0.05890	-0.04023	-0.00353	-0.00721	0.09802	0.01298	0.07337	0.05929	0.03282	-0.08243	0.01123	-0.00590	-0.03340	-0.05465	-0.01261	-0.00485	0.02577	0.01328	-0.06438	0.06220	-0.04912	-0.02313	-0.02207	-0.04975	0.02949	-0.05561	-0.08431	-0.07634	0.01588	0.01947	-0.02592	(And (Member $e0 answer) (Theme $e0 $x0))
p200487	-0.15838	-0.01793	-0.15914	0.08421	-0.04045	-0.09397	-0.03905	-0.10269	0.29908	0.18131	-0.08640	-0.10210	-0.07592	-0.18874	0.23270	-0.01368	0.14249	-0.01071	-0.04614	0.12124	0.24886	-0.06087	0.18262	-0.14602	-0.02468	-0.12228	-0.07773	-0.02927	0.28588	0.07021	0.05824	0.02617	(And (Member $e0 build) (Patient $e0 $x0))
p200488	0.32249	-0.10524	-0.07815	-0.15539	-0.06625	-0.06016	-0.01124	0.03045	-0.09613	0.01534	-0.07969	-0.05987	-0.09162	0.03419	-0.05537	0.22968	-0.06814	-0.02203	0.04385	0.01356	0.24922	0.32059	0.05963	-0.01529	-0.10759	-0.14608	-0.01250	0.15150	0.00271	-0.15528	-0.07425	0.25952	(And (Member $e0 lend) (Theme $e0 $x0))
p200489	0.00323	-0.00915	-0.20172	-0.07257	-0.10250	-0.08918	0.00156	0.02505	0.26962	0.07819	0.20779	0.09740	0.17143	0.27406	0.15524	0.28418	-0.16502	-0.03746	0.02699	-0.05381	-0.10391	-0.15339	-0.12392	-0.09104	-0.04571	0.16211	-0.02952	-0.13969	0.04254	0.04473	0.01507	-0.04121	(And (Member $e0 teach) (Recipient $e0 $x0))
p200490	-0.05688	-0.05578	-0.04298	0.00364	-0.01612	0.04812	0.03225	0.09202	0.04583	0.01928	-0.07572	-0.01827	-0.00688	-0.02488	-0.04003	0.01290	-0.00446	0.02622	-0.00569	0.00334	0.05315	-0.06320	-0.03876	-0.00225	-0.06729	0.02695	-0.04771	-0.06058	-0.08351	-0.00053	-0.01286	0.00141	(And (Source $e0 $x0) (Theme $e0 $x1))
p200498	-0.03776	-0.03332	0.07681	-0.05296	0.11455	0.09484	0.14340	0.12285	-0.02897	0.10726	0.01156	-0.09224	-0.02854	-0.13626	0.03931	0.07536	0.04178	0.02933	-0.03421	-0.02867	-0.05530	-0.03182	-0.03448	-0.04352	0.02554	0.09376	-0.06056	0.12665	0.19660	-0.09415	-0.12121	0.05026	(Can $e0)
p200499	-0.06703	-0.05890	-0.04023	-0.00353	-0.00721	0.09802	0.01298	0.07337	0.05929	0.03282	-0.08243	0.01123	-0.00590	-0.03340	-0.05465	-0.01261	-0.00485	0.02577	0.01328	-0.06438	0.06220	-0.04912	-0.02313	-0.02207	-0.04975	0.02949	-0.05561	-0.08431	-0.07634	0.01588	0.01947	-0.02592	(Member $e0 answer)
p200500	-0.15838	-0.01793	-0.15914	0.08421	-0.04045	-0.09397	-0.03905	-0.10269	0.29908	0.18131	-0.08640	-0.10210	-0.07592	-0.18874	0.23270	-0.01368	0.14249	-0.01071	-0.04614	0.12124	0.24886	-0.06087	0.18262	-0.14602	-0.02468	-0.12228	-0.07772	-0.02927	0.28588	0.07021	0.05824	0.02617	(Member $e0 build)
p200501	0.32249	-0.10524	-0.07815	-0.15539	-0.06625	-0.06016	-0.01124	0.03045	-0.09613	0.01534	-0.07969	-0.05987	-0.09162	0.03419	-0.05538	0.22968	-0.06814	-0.02203	0.04385	0.01356	0.24922	0.32059	0.05963	-0.01529	-0.10759	-0.14608	-0.01250	0.15150	0.00271	-0.15528	-0.07425	0.25952	(Member $e0 lend)
p200502	-0.08545	0.02200	0.14641	0.05560	0.05322	0.05369	0.09860	-0.08845	0.24298	0.03366	-0.03192	0.02621	-0.06981	0.28551	-0.24896	-0.07777	0.29092	-0.10784	-0.08950	0.02672	-0.13769	0.29258	-0.10126	-0.10334	0.06316	-0.15062	-0.01332	0.00324	-0.10735	-0.06135	-0.00560	0.03040	(Member $e0 require)
p200503	0.00323	-0.00915	-0.20172	-0.07257	-0.10250	-0.08918	0.00156	0.02504	0.26962	0.07819	0.20779	0.09740	0.17143	0.27406	0.15524	0.28418	-0.16502	-0.03746	0.02699	-0.05381	-0.10391	-0.15339	-0.12392	-0.09104	-0.04571	0.16211	-0.02952	-0.13969	0.04254	0.04473	0.01507	-0.04121	(Member $e0 teach)
p200504	-0.01623	0.13098	0.19259	-0.15384	0.01691	0.13369	-0.06044	-0.15851	-0.10015	-0.05633	-0.08920	-0.06146	-0.02718	0.24075	0.32130	-0.06516	-0.14102	0.09932	-0.08124	-0.00537	0.10293	-0.07640	-0.00161	-0.10198	-0.04604	-0.04208	-0.01581	0.05417	-0.07703	-0.10247	0.11342	0.07144	(Member $x0 crate)
p200525	-0.06416	0.12938	-0.16044	-0.03618	0.05509	-0.00403	0.05660	-0.11754	-0.11610	-0.09262	-0.04113	0.03773	-0.07099	-0.05900	0.00920	0.18342	0.23472	0.05663	-0.07827	0.02122	0.08391	-0.11864	0.01453	-0.01991	-0.02047	0.11936	0.31257	0.01466	-0.07419	0.12927	-0.08316	-0.08022	(And (Cardinality $x0 <num>) (Past $e0) (Theme $e0 $x0))
p200550	-0.13444	-0.06712	0.03427	-0.11727	0.02209	0.25068	-0.03212	-0.20594	0.02376	0.00338	0.41871	0.15939	-0.05356	-0.04826	-0.12253	-0.07264	-0.10885	-0.08992	0.08387	-0.07725	0.08565	0.14327	0.26990	-0.09642	-0.05284	0.08180	-0.01398	-0.09395	0.00301	0.11232	-0.03631	-0.03021	(And (Agent $e0 $x0) (Member $e0 decide) (Theme $e0 $x1))
p200551	0.31532	-0.09992	-0.07593	-0.14821	-0.06622	-0.05298	-0.01228	0.03161	-0.09341	0.01559	-0.07917	-0.05679	-0.08580	0.03477	-0.05562	0.21926	-0.06451	-0.01937	0.04286	0.01079	0.23265	0.30731	0.05634	-0.01663	-0.10012	-0.13968	-0.00950	0.14329	0.00414	-0.14730	-0.06978	0.25112	(And (Agent $e0 $x0) (Member $e0 lend) (Theme $e0 $x1))
p200558	0.01412	-0.05161	0.06454	-0.07240	-0.10193	0.01372	-0.02971	0.03024	0.02272	-0.09948	-0.09382	0.08335	-0.08973	-0.00722	0.02816	-0.03535	-0.01516	-0.06774	0.05882	-0.04362	-0.13046	-0.10616	0.09658	-0.15723	0.37528	0.16158	0.01208	0.00884	-0.13522	0.18858	-0.14032	0.31195	(And (Agent $e0 $x0) (Member $e0 cancel))
p200559	0.31532	-0.09992	-0.07593	-0.14821	-0.06622	-0.05298	-0.01228	0.03161	-0.09341	0.01559	-0.07917	-0.05679	-0.08580	0.03477	-0.05562	0.21926	-0.06451	-0.01937	0.04286	0.01079	0.23265	0.30731	0.05634	-0.01663	-0.10012	-0.13968	-0.00950	0.14329	0.00414	-0.14730	-0.06978	0.25112	(And (Agent $e0 $x0) (Member $e0 lend))
p200560	-0.11226	-0.05364	0.00135	-0.07740	0.05411	0.19365	-0.02352	-0.10304	-0.01135	-0.04190	0.26333	0.04118	0.05423	-0.00030	-0.10634	-0.04034	-0.07270	-0.05967	0.07731	0.01520	0.03059	0.07591	0.26468	-0.08721	-0.07310	-0.01064	0.01494	0.01557	-0.01500	0.09883	-0.06794	0.00309	(And (Agent $e0 $x0) (Member $x0 board))
p200561	-0.05246	-0.05551	-0.04890	0.00732	-0.02228	0.06324	0.02405	0.06961	0.05087	0.02407	-0.07561	-0.02028	0.00975	-0.01361	-0.04578	0.02129	-0.01360	0.04428	-0.00415	-0.01501	0.04494	-0.05912	-0.04087	-0.00375	-0.05875	0.01302	-0.04320	-0.06635	-0.05415	0.01071	-0.00900	-0.00580	(And (Agent $e0 $x0) (Source $e0 $x1))
p200562	-0.06652	-0.04586	-0.12258	-0.01028	0.16911	-0.18507	-0.06865	0.13085	-0.15376	0.29076	-0.03848	-0.11264	-0.14868	0.29953	-0.02211	-0.03853	0.05488	0.04762	0.03268	-0.04185	0.14165	-0.14773	0.28285	0.28320	0.15932	0.06235	0.04723	-0.07233	-0.20069	-0.17547	-0.11251	-0.07471	(And (Location $e0 $x0) (Member $e0 work))
p200563	-0.13444	-0.06712	0.03427	-0.11727	0.02209	0.25068	-0.03212	-0.20594	0.02376	0.00338	0.41871	0.15939	-0.05356	-0.04826	-0.12253	-0.07264	-0.10885	-0.08992	0.08387	-0.07725	0.08565	0.14327	0.26990	-0.09642	-0.05284	0.08180	-0.01398	-0.09395	0.00301	0.11232	-0.03631	-0.03021	(And (Member $e0 decide) (Theme $e0 $x0))
p200564	-0.16541	0.11189	0.11156	-0.06285	0.08860	-0.16941	-0.08733	0.10174	0.07779	-0.06915	0.04448	-0.14860	0.07308	-0.20690	0.12757	-0.00803	-0.12619	0.13075	-0.03882	-0.00877	0.06032	0.31139	-0.04830	0.06584	0.09260	0.15436	0.01032	-0.12873	-0.02320	0.21931	0.01755	-0.13282	(And (Member $e0 discover) (Theme $e0 $x0))
p200573	0.09006	-0.05096	0.13236	0.02633	-0.09891	0.13061	-0.09812	-0.08355	-0.01988	0.21746	0.04738	0.23661	0.27318	-0.21103	0.24244	-0.09368	0.10807	-0.21011	-0.04422	-0.04878	0.02854	0.10610	-0.12405	0.11141	-0.03746	0.14139	0.05488	-0.08824	-0.12782	-0.27889	-0.02198	0.02571	(Member $e0 begin)
p200574	0.01412	-0.05161	0.06454	-0.07240	-0.10193	0.01372	-0.02971	0.03024	0.02272	-0.09948	-0.09382	0.08335	-0.08973	-0.00722	0.02816	-0.03535	-0.01516	-0.06774	0.05882	-0.04362	-0.13046	-0.10616	0.09658	-0.15723	0.37528	0.16158	0.01208	0.00884	-0.13522	0.18858	-0.14032	0.31195	(Member $e0 cancel)
p200575	0.00757	0.31962	-0.00089	0.02567	0.07314	0.01227	-0.01476	0.11596	-0.05840	0.13736	0.01699	-0.04295	-0.04027	0.01334	-0.09888	-0.00066	0.03913	-0.16291	0.32780	0.07292	-0.07187	-0.04354	-0.00912	-0.03550	-0.05011	-0.09318	-0.01412	-0.10343	-0.05463	-0.05548	-0.00811	0.11202	(Member $x0 ledger)
p200620	0.12917	0.09465	0.03684	0.32677	0.09637	0.04786	-0.05786	-0.07101	0.06979	-0.10983	0.06963	-0.11152	-0.07492	0.02939	-0.08428	-0.01270	-0.02034	-0.07749	-0.04882	-0.04855	0.01856	-0.08892	-0.04321	0.07241	-0.02102	0.12797	0.00383	0.09756	-0.10761	0.08798	-0.06295	0.01210	(And (Agent $e0 $x0) (Member $x0 school) (Theme $e0 $x1))
p200621	-0.11431	-0.36275	-0.39844	0.60953	0.02193	-0.21967	0.55850	-0.25173	-0.36898	-0.25042	-0.06315	0.25197	-0.26355	0.14214	0.21407	-0.06192	0.06395	0.46359	0.77435	0.03240	0.15516	0.24572	-0.01637	0.02254	0.08524	-0.03036	-0.34283	0.38412	0.04752	-0.11519	-0.13560	-0.25310	(And (Agent $e0 $x0) (Member $x1 person) (Possession $x0 $x1))
p200661	0.04276	-0.06619	0.07608	0.01072	0.04822	-0.04361	-0.15141	0.15627	0.04260	-0.09178	-0.08495	0.25710	-0.06344	0.01668	-0.03413	-0.14631	-0.02810	-0.10691	0.07447	-0.01002	0.09188	-0.02519	-0.00764	-0.08609	0.04785	-0.05570	0.19577	0.19539	0.04807	-0.15836	0.15504	0.00468	(And (Agent $e0 $x0) (Member $e0 abandon) (Theme $e0 $x1))
p200662	-0.00350	-0.03119	-0.00615	0.06906	-0.04100	-0.00830	-0.01204	0.06002	-0.02464	-0.04456	-0.07313	-0.03554	0.09903	0.00760	0.02120	0.01198	0.08166	0.02523	0.00311	0.01147	-0.07377	-0.05462	-0.02142	-0.02171	0.08463	-0.05868	-0.02254	0.09300	-0.05648	0.03104	-0.09246	0.11064	(And (Agent $e0 $x0) (Member $e0 destroy) (Patient $e0 $x1))
p200663	-0.04686	-0.04864	-0.04334	0.01423	-0.01429	0.07491	0.03096	0.06383	0.04310	0.02609	-0.06579	-0.03590	0.01660	-0.01703	-0.04624	0.00645	-0.00617	0.05172	0.00570	-0.03658	0.05232	-0.04787	-0.03549	-0.00577	-0.04515	-0.01980	-0.03696	-0.05273	-0.04970	0.01608	0.00524	-0.02316	(And (Agent $e0 $x0) (Member $e0 reject) (Theme $e0 $x1))
p200664	-0.05928	-0.02740	-0.01601	0.03476	0.22364	-0.05787	0.01140	0.01680	-0.07002	-0.10313	0.19819	-0.06573	0.04845	0.04476	-0.12206	-0.00352	0.05278	0.12063	-0.01662	-0.01764	-0.00216	-0.05555	-0.09679	0.08401	-0.10083	-0.04039	0.00497	-0.10704	0.01589	-0.02142	0.12234	0.19335	(And (Agent $e0 $x0) (Member $e0 repair) (Patient $e0 $x1))
p200665	-0.05311	-0.04777	-0.04361	0.00991	-0.01748	0.05889	0.02633	0.07754	0.04292	0.02291	-0.06793	-0.01581	0.00118	-0.01865	-0.04142	0.01967	-0.00620	0.03361	-0.00917	-0.00974	0.04761	-0.05455	-0.03983	0.00025	-0.05695	0.00835	-0.04722	-0.06183	-0.06412	0.00978	-0.01112	-0.00387	(And (Agent $e0 $x0) (Source $e0 $x1) (Theme $e0 $x2))
p200675	0.04276	-0.06619	0.07608	0.01072	0.04822	-0.04361	-0.15141	0.15627	0.04260	-0.09178	-0.08495	0.25710	-0.06344	0.01668	-0.03413	-0.14631	-0.02809	-0.10691	0.07447	-0.01002	0.09188	-0.02519	-0.00764	-0.08609	0.04785	-0.05570	0.19577	0.19539	0.04808	-0.15836	0.15504	0.00468	(And (Agent $e0 $x0) (Member $e0 abandon))
p200676	-0.00350	-0.03119	-0.00615	0.06906	-0.04100	-0.00830	-0.01204	0.06002	-0.02464	-0.04456	-0.07312	-0.03554	0.09903	0.00760	0.02120	0.01198	0.08166	0.02523	0.00311	0.01147	-0.07377	-0.05462	-0.02142	-0.02171	0.08463	-0.05868	-0.02254	0.09300	-0.05648	0.03104	-0.09246	0.11064	(And (Agent $e0 $x0) (Member $e0 destroy))
p200677	-0.04686	-0.04864	-0.04334	0.01423	-0.01429	0.07491	0.03096	0.06383	0.04310	0.02609	-0.06579	-0.03590	0.01660	-0.01703	-0.04624	0.00645	-0.00617	0.05172	0.00570	-0.03658	0.05232	-0.04787	-0.03549	-0.00577	-0.04515	-0.01980	-0.03696	-0.05273	-0.04970	0.01608	0.00524	-0.02316	(And (Agent $e0 $x0) (Member $e0 reject))
p200678	-0.05928	-0.02740	-0.01601	0.03476	0.22364	-0.05787	0.01140	0.01680	-0.07002	-0.10313	0.19820	-0.06573	0.04845	0.04476	-0.12206	-0.00352	0.05278	0.12063	-0.01662	-0.01764	-0.00216	-0.05555	-0.09679	0.08401	-0.10083	-0.04039	0.00497	-0.10704	0.01589	-0.02142	0.12234	0.19335	(And (Agent $e0 $x0) (Member $e0 repair))
p200679	-0.03840	-0.04626	-0.03128	0.02102	-0.02400	0.05605	0.02561	0.05235	0.03245	0.00989	-0.06590	-0.02982	0.02867	-0.01107	-0.03579	0.00852	0.00738	0.04198	0.01339	-0.02932	0.02218	-0.05536	-0.02927	-0.01288	-0.00592	-0.01943	-0.03346	-0.03233	-0.04984	0.03414	-0.02145	0.01560	(And (Agent $e0 $x0) (Member $x0 physician))
p200680	0.12917	0.09465	0.03684	0.32677	0.09637	0.04786	-0.05786	-0.07101	0.06979	-0.10983	0.06963	-0.11152	-0.07492	0.02939	-0.08428	-0.01270	-0.02034	-0.07749	-0.04882	-0.04855	0.01856	-0.08892	-0.04321	0.07241	-0.02102	0.12797	0.00383	0.09756	-0.10762	0.08798	-0.06296	0.01210	(And (Agent $e0 $x0) (Member $x0 school))
p200681	-0.11431	-0.36275	-0.39844	0.60953	0.02193	-0.21967	0.55850	-0.25173	-0.36898	-0.25042	-0.06315	0.25197	-0.26355	0.14214	0.21407	-0.06192	0.06395	0.46359	0.77435	0.03240	0.15516	0.24572	-0.01637	0.02254	0.08524	-0.03036	-0.34283	0.38412	0.04752	-0.11519	-0.13560	-0.25310	(And (Agent $e0 $x0) (Possession $x0 $x1))
p200682	-0.04228	-0.03363	0.07648	-0.05314	0.11152	0.09727	0.14593	0.12700	-0.02705	0.11085	0.00901	-0.09194	-0.02487	-0.13411	0.03513	0.07617	0.04120	0.02853	-0.03006	-0.02645	-0.05190	-0.03248	-0.03343	-0.04398	0.02256	0.09565	-0.05957	0.12357	0.18910	-0.09181	-0.11960	0.05324	(And (Can $e0) (Theme $e0 $x0))
p200683	-0.07260	0.01615	0.13524	0.04926	0.04990	0.04067	0.09344	-0.07743	0.21764	0.02875	-0.02472	0.01870	-0.05853	0.25807	-0.21680	-0.07244	0.26000	-0.09469	-0.08525	0.02763	-0.12287	0.25918	-0.08976	-0.08943	0.05769	-0.13260	-0.01442	0.00600	-0.09944	-0.05663	-0.00527	0.02791	(And (Holder $e0 $x0) (Member $e0 require))
p200684	0.00667	0.33606	-0.00598	0.02643	0.08590	0.00681	-0.01627	0.13132	-0.06902	0.15258	0.01392	-0.05092	-0.04723	0.02718	-0.10502	-0.00210	0.04467	-0.17381	0.34566	0.07753	-0.07262	-0.05365	0.00354	-0.02414	-0.05195	-0.09760	-0.00675	-0.11124	-0.07194	-0.06331	-0.01162	0.11593	(And (Location $e0 $x0) (Member $x0 ledger))
p200685	0.04276	-0.06619	0.07608	0.01072	0.04822	-0.04361	-0.15141	0.15627	0.04260	-0.09178	-0.08495	0.25710	-0.06344	0.01668	-0.03413	-0.14631	-0.02810	-0.10691	0.07447	-0.01002	0.09188	-0.02519	-0.00764	-0.08609	0.04785	-0.05570	0.19577	0.19539	0.04807	-0.15836	0.15504	0.00468	(And (Member $e0 abandon) (Theme $e0 $x0))
p200686	0.13106	0.01217	-0.07080	-0.02271	0.00574	-0.02601	0.39492	-0.07820	-0.03384	-0.02770	0.06483	-0.12858	0.01380	-0.04556	0.13423	-0.05673	-0.13604	-0.04777	-0.05321	-0.00092	0.09146	-0.11752	0.02524	-0.09980	0.03480	0.02094	0.29590	-0.12416	-0.11004	0.09968	0.07743	-0.07009	(And (Member $e0 have) (Theme $e0 $x0))
p200687	-0.04686	-0.04864	-0.04334	0.01423	-0.01429	0.07491	0.03096	0.06383	0.04310	0.02609	-0.06579	-0.03590	0.01660	-0.01703	-0.04624	0.00645	-0.00617	0.05172	0.00570	-0.03658	0.05232	-0.04787	-0.03549	-0.00577	-0.04515	-0.01980	-0.03696	-0.05273	-0.04970	0.01608	0.00524	-0.02316	(And (Member $e0 reject) (Theme $e0 $x0))
p200688	-0.05928	-0.02740	-0.01601	0.03476	0.22364	-0.05787	0.01140	0.01680	-0.07002	-0.10313	0.19820	-0.06573	0.04845	0.04476	-0.12206	-0.00352	0.05278	0.12063	-0.01662	-0.01764	-0.00216	-0.05555	-0.09679	0.08401	-0.10083	-0.04039	0.00497	-0.10704	0.01589	-0.02142	0.12234	0.19335	(And (Member $e0 repair) (Patient $e0 $x0))
p200696	0.04276	-0.06619	0.07608	0.01072	0.04822	-0.04361	-0.15141	0.15627	0.04260	-0.09178	-0.08495	0.25710	-0.06344	0.01668	-0.03413	-0.14631	-0.02810	-0.10691	0.07447	-0.01002	0.09188	-0.02519	-0.00764	-0.08609	0.04785	-0.05570	0.19577	0.19539	0.04807	-0.15836	0.15504	0.00468	(Member $e0 abandon)
p200697	-0.08321	0.01995	-0.07894	0.05707	0.19020	-0.01248	-0.02517	0.06709	-0.13488	-0.17551	0.04315	-0.17823	0.34220	0.12464	-0.06389	0.05129	-0.00368	-0.00274	0.00890	0.25894	-0.11840	0.02731	0.23481	-0.07071	-0.07531	-0.23834	0.07200	0.27597	-0.00228	0.12990	-0.17034	0.04173	(Member $e0 decision)
p200698	0.13106	0.01217	-0.07080	-0.02271	0.00574	-0.02601	0.39492	-0.07820	-0.03384	-0.02770	0.06483	-0.12858	0.01380	-0.04556	0.13423	-0.05673	-0.13604	-0.04777	-0.05321	-0.00092	0.09146	-0.11752	0.02524	-0.09980	0.03480	0.02094	0.29590	-0.12416	-0.11004	0.09968	0.07743	-0.07009	(Member $e0 have)
p200699	-0.04686	-0.04864	-0.04334	0.01423	-0.01429	0.07491	0.03096	0.06383	0.04310	0.02609	-0.06579	-0.03590	0.01660	-0.01703	-0.04624	0.00645	-0.00617	0.05172	0.00570	-0.03658	0.05232	-0.04787	-0.03549	-0.00577	-0.04515	-0.01980	-0.03696	-0.05273	-0.04970	0.01608	0.00524	-0.02316	(Member $e0 reject)
p200700	-0.05928	-0.02740	-0.01601	0.03476	0.22364	-0.05787	0.01140	0.01680	-0.07002	-0.10313	0.19819	-0.06573	0.04845	0.04476	-0.12206	-0.00352	0.05278	0.12063	-0.01662	-0.01764	-0.00216	-0.05555	-0.09679	0.08401	-0.10083	-0.04039	0.00496	-0.10705	0.01589	-0.02142	0.12234	0.19335	(Member $e0 repair)
p200701	0.02503	0.00630	-0.05840	0.06585	-0.00847	0.02951	0.05104	-0.02252	-0.02605	0.02454	-0.03202	-0.05178	0.03858	-0.00794	0.03249	0.00281	-0.05012	0.00896	-0.02769	-0.01153	-0.03029	-0.00287	-0.01224	0.00776	0.01094	-0.04621	0.10566	-0.03501	0.02934	0.01650	-0.00667	-0.04408	(Member $e0 walk)
p200702	-0.01823	-0.00822	-0.02607	0.01135	-0.00393	0.04253	0.01167	0.03516	0.02265	0.02159	-0.03623	-0.01839	-0.00075	-0.01551	-0.02711	0.00087	-0.00546	0.01663	0.01677	-0.01941	0.01903	-0.02444	-0.01906	-0.00839	-0.02484	-0.01937	-0.01530	-0.03627	-0.02067	0.00209	0.00273	-0.01258	(Member $x0 automobile)
p200703	0.01831	0.02249	-0.00277	0.00268	0.00968	-0.00639	-0.01210	-0.02048	-0.00730	-0.01294	0.01198	0.00068	-0.01330	-0.00252	0.01398	-0.00313	-0.00492	-0.00438	-0.00227	-0.00494	-0.01446	0.00662	-0.00362	-0.00240	0.01073	-0.01667	-0.00080	0.00431	0.03694	-0.00514	0.00143	-0.01208	(Member $x0 big)
p200704	0.07659	-0.04282	-0.04589	-0.03675	-0.00367	-0.03288	-0.02709	0.02725	-0.04723	-0.01610	-0.03534	-0.02102	-0.01457	0.01862	-0.02636	0.12027	0.00764	0.00922	0.01282	0.00572	0.06120	0.08275	0.00633	0.01025	-0.04147	-0.06792	-0.03620	0.05539	0.00567	-0.03597	-0.05623	0.11276	(Member $x0 crew)
p200705	-0.05265	-0.00552	-0.05297	0.02313	0.03350	-0.05270	-0.01228	-0.00832	-0.04807	-0.06394	-0.02166	-0.00045	0.01128	0.03864	0.00308	-0.00085	-0.01106	0.00096	0.04292	0.07881	-0.02986	0.04380	0.05204	-0.00408	-0.03836	0.02896	-0.01245	0.06692	0.06444	-0.01801	-0.04165	0.00811	(Member $x0 family)
p200706	-0.04193	0.00377	-0.02433	0.00327	0.07162	0.02224	-0.01360	-0.00526	-0.04075	-0.06149	0.07221	-0.03006	0.10552	0.02999	-0.03565	0.00725	-0.01731	-0.01385	0.00078	0.06540	-0.02818	0.02896	0.09958	-0.03388	-0.02649	-0.06857	0.01192	0.06094	0.00945	0.06958	-0.05951	-0.00312	(Member $x0 new)
p200707	-0.06913	0.05263	-0.08395	0.01110	-0.05314	-0.09250	0.06591	0.12409	0.03684	0.05493	0.20961	0.11955	-0.00736	0.09611	0.15283	0.10649	-0.04061	-0.09614	-0.10295	0.00220	-0.02138	-0.05276	-0.08205	0.00935	-0.02058	-0.00506	-0.12170	0.00348	-0.10906	0.08421	-0.03103	-0.04322	(Member $x0 song)
p200758	-0.05522	-0.00670	0.16473	0.08736	-0.15157	-0.02027	-0.05879	0.13746	-0.08342	-0.04977	0.00710	0.12553	0.04892	0.12241	-0.21856	-0.07087	-0.05945	-0.04208	0.03509	0.01627	0.15646	-0.03962	-0.06383	0.03436	0.02167	-0.14701	0.12399	0.03451	0.23472	0.09378	-0.08632	-0.00301	(And (Agent $e0 $x0) (Cardinality $x0 <num>) (Theme $e0 $x1))
p200759	-0.08679	-0.05608	0.01621	-0.08311	0.00678	0.17933	-0.01649	-0.11002	0.02576	0.00686	0.21956	0.08961	-0.04048	-0.03652	-0.07938	-0.04992	-0.06516	-0.05283	0.06506	-0.05910	0.06360	0.06317	0.17865	-0.06251	-0.05012	0.05506	-0.00848	-0.06274	-0.01375	0.05625	-0.01783	-0.01180	(And (Agent $e0 $x0) (Member $x0 board) (Theme $e0 $x1))
p200760	-0.09190	0.08415	-0.13265	-0.09054	0.02625	-0.01285	-0.11029	-0.05842	-0.11767	-0.05434	-0.09555	0.10897	-0.07675	-0.03254	-0.05687	0.26925	0.26025	0.08221	-0.03933	0.01841	0.06746	0.02415	0.02777	0.01122	-0.04683	0.02106	0.13038	0.06942	-0.00261	0.04629	-0.11128	0.00267	(And (Agent $e0 $x0) (Member $x0 depot) (Theme $e0 $x1))
p200762	-0.05169	0.05705	0.01413	-0.03802	-0.04333	-0.04817	-0.01773	0.06082	-0.02279	0.00279	-0.01083	-0.00691	-0.02345	0.02683	-0.05203	-0.01714	-0.02420	-0.06998	0.06310	0.12388	-0.03156	0.02461	0.01792	-0.01883	-0.05645	0.07823	-0.01260	0.02466	-0.00296	0.00528	-0.01137	0.04961	(And (Before $e0 $e1) (Past $e0) (Past $e1))
p200793	0.11288	0.13922	0.09337	-0.13630	-0.22819	-0.07998	0.15742	0.07513	0.17211	-0.00590	-0.05988	0.11245	0.09639	-0.13187	-0.04810	-0.06394	-0.06944	0.07125	-0.08243	-0.03467	-0.07673	-0.06259	0.19602	0.16616	-0.02833	-0.05044	-0.07331	0.03567	0.08370	-0.11487	-0.04798	0.07160	(And (Inheritance pottery_studio studio) (Member $x0 pottery_studio))
p200801	0.11288	0.13922	0.09337	-0.13630	-0.22819	-0.07998	0.15742	0.07513	0.17211	-0.00590	-0.05988	0.11245	0.09639	-0.13187	-0.04810	-0.06393	-0.06944	0.07125	-0.08242	-0.03467	-0.07673	-0.06259	0.19602	0.16616	-0.02833	-0.05044	-0.07331	0.03567	0.08370	-0.11487	-0.04798	0.07160	(Inheritance pottery_studio studio)
p200805	0.02537	-0.03805	0.07113	-0.07161	-0.09468	-0.00280	-0.03465	0.01830	0.00761	-0.10063	-0.07637	0.08642	-0.08658	-0.00276	0.03854	-0.03580	-0.01185	-0.07557	0.05472	-0.03445	-0.13671	-0.09188	0.09774	-0.14968	0.37120	0.15942	0.01879	0.01956	-0.12060	0.17635	-0.13496	0.30693	(And (Agent $e0 $x0) (Member $e0 cancel) (Patient $e0 $x1))
p200806	-0.14667	0.10705	0.09458	-0.05193	0.09337	-0.14695	-0.07770	0.08415	0.07915	-0.06334	0.03583	-0.14129	0.07888	-0.19893	0.13439	0.00108	-0.11869	0.14431	-0.02923	-0.05402	0.06140	0.29494	-0.05058	0.06193	0.10702	0.11823	0.01144	-0.12447	-0.00916	0.22273	0.02644	-0.14093	(And (Agent $e0 $x0) (Member $e0 discover) (Theme $e0 $x1))
p200807	-0.04843	-0.04518	-0.02299	-0.02983	0.01989	0.07037	-0.01071	0.04446	0.04775	0.01357	-0.05429	0.04442	-0.02817	-0.02944	-0.03418	-0.02959	0.00044	-0.01552	0.04027	-0.04830	0.04034	-0.02719	0.01488	-0.03068	-0.04167	0.05108	-0.03306	-0.05442	-0.06545	-0.01171	0.02513	-0.00101	(And (Agent $e0 $x0) (Member $e0 postpone) (Theme $e0 $x1))
p200808	-0.15299	-0.00223	-0.15930	0.09650	-0.02591	-0.09751	-0.04636	-0.09879	0.29785	0.17939	-0.07429	-0.10713	-0.08534	-0.18128	0.21812	-0.01224	0.12915	-0.01268	-0.05423	0.13679	0.23529	-0.04375	0.17992	-0.14176	-0.02294	-0.12349	-0.06426	-0.03233	0.30601	0.06140	0.05991	0.02453	(And (Member $e0 build) (Past $e0) (Patient $e0 $x0))
p200809	0.23984	-0.07297	-0.06695	-0.12089	-0.03840	-0.08170	-0.01587	0.01394	-0.09007	0.00594	-0.05407	-0.03109	-0.07077	0.03934	-0.03126	0.21311	-0.04946	-0.02981	0.02962	0.01692	0.20360	0.25155	0.05028	0.00353	-0.08399	-0.11406	-0.03487	0.12289	0.00852	-0.11304	-0.06932	0.19645	(And (Member $e0 lend) (Recipient $e0 $x0) (Theme $e0 $x1))
p200822	-0.05568	-0.05057	-0.07005	-0.01793	0.07619	-0.11300	-0.05732	0.08395	-0.08065	0.09717	-0.04118	-0.04008	-0.08600	0.16145	-0.02519	-0.02824	0.03731	0.02177	-0.00188	0.00862	0.05509	-0.04888	0.16175	0.13047	0.08587	0.08842	0.00711	-0.01933	-0.06851	-0.08655	-0.06476	-0.01857	(And (Agent $e0 $x0) (CoAgent $e0 $x1))
p200823	-0.14667	0.10705	0.09458	-0.05193	0.09337	-0.14695	-0.07770	0.08415	0.07915	-0.06334	0.03583	-0.14129	0.07888	-0.19893	0.13439	0.00108	-0.11869	0.14431	-0.02923	-0.05402	0.06140	0.29494	-0.05058	0.06193	0.10702	0.11823	0.01144	-0.12447	-0.00916	0.22273	0.02644	-0.14093	(And (Agent $e0 $x0) (Member $e0 discover))
p200824	-0.04843	-0.04518	-0.02299	-0.02983	0.01989	0.07037	-0.01071	0.04446	0.04775	0.01357	-0.05429	0.04442	-0.02817	-0.02944	-0.03418	-0.02959	0.00044	-0.01552	0.04027	-0.04830	0.04034	-0.02719	0.01488	-0.03068	-0.04167	0.05108	-0.03306	-0.05442	-0.06545	-0.01171	0.02513	-0.00101	(And (Agent $e0 $x0) (Member $e0 postpone))
p200825	-0.09190	0.08415	-0.13265	-0.09054	0.02625	-0.01285	-0.11029	-0.05842	-0.11767	-0.05434	-0.09555	0.10897	-0.07675	-0.03254	-0.05687	0.26925	0.26025	0.08221	-0.03933	0.01841	0.06746	0.02415	0.02777	0.01122	-0.04683	0.02106	0.13038	0.06942	-0.00261	0.04629	-0.11128	0.00267	(And (Agent $e0 $x0) (Member $x0 depot))
p200827	-0.05169	0.05705	0.01413	-0.03802	-0.04333	-0.04817	-0.01773	0.06082	-0.02279	0.00279	-0.01083	-0.00691	-0.02345	0.02683	-0.05203	-0.01714	-0.02420	-0.06998	0.06310	0.12387	-0.03156	0.02461	0.01792	-0.01883	-0.05645	0.07823	-0.01260	0.02466	-0.00296	0.00528	-0.01137	0.04961	(And (Before $e0 $e1) (Past $e0))
p200828	-0.05169	0.05705	0.01413	-0.03802	-0.04333	-0.04817	-0.01773	0.06082	-0.02279	0.00279	-0.01083	-0.00691	-0.02345	0.02683	-0.05203	-0.01714	-0.02420	-0.06998	0.06310	0.12387	-0.03156	0.02461	0.01792	-0.01883	-0.05645	0.07823	-0.01260	0.02466	-0.00296	0.00528	-0.01137	0.04961	(And (Before $e0 $e1) (Past $e1))
p200829	0.12263	0.07005	-0.04704	0.24867	0.09626	0.04283	-0.06768	-0.04520	0.10705	-0.09793	0.09568	-0.10794	-0.07200	0.05091	-0.07104	-0.05461	-0.00451	-0.06641	-0.03589	-0.01086	0.07637	-0.08307	-0.10981	0.10959	-0.02952	0.11442	-0.01483	0.13764	-0.07156	0.09068	-0.14238	0.03357	(And (Beneficiary $e0 $x0) (Past $e0))
p200830	-0.17831	0.11437	-0.11675	-0.07561	0.03576	0.00129	-0.09292	-0.08357	-0.10422	-0.06512	-0.09001	0.12572	-0.07038	-0.04621	-0.05246	0.22058	0.29745	0.09121	-0.05589	0.02391	0.04504	-0.05365	0.02294	0.01255	-0.03647	0.07648	0.16660	0.03837	-0.01892	0.07528	-0.10465	-0.05110	(And (Cardinality $x0 <num>) (GroupOf $x0 forklift))
p200831	0.14136	-0.12327	0.17163	-0.10424	-0.01984	-0.06688	0.02695	-0.03607	-0.06767	0.03567	0.10733	0.07097	0.18175	-0.13200	0.12021	-0.07759	0.23914	-0.06246	0.16258	-0.09540	0.24633	-0.16044	-0.04108	0.10234	-0.04719	0.18882	-0.11942	-0.08572	-0.17052	-0.11782	0.02223	-0.06759	(And (Future $e0) (Patient $e0 $x0))
p200832	0.07125	-0.08545	0.11343	-0.06257	-0.02669	-0.04406	0.00309	-0.02734	-0.03781	0.02951	0.07477	0.06862	0.11889	-0.08969	0.08929	-0.04899	0.16984	-0.04418	0.09175	-0.06272	0.14992	-0.09810	-0.03074	0.06591	-0.00782	0.10446	-0.08986	-0.02844	-0.11531	-0.08056	0.00072	-0.04865	(And (Member $e0 begin) (Patient $e0 $x0))
p200833	-0.15299	-0.00223	-0.15930	0.09650	-0.02591	-0.09751	-0.04636	-0.09879	0.29785	0.17939	-0.07429	-0.10713	-0.08534	-0.18128	0.21812	-0.01224	0.12915	-0.01268	-0.05423	0.13679	0.23529	-0.04375	0.17992	-0.14176	-0.02294	-0.12349	-0.06426	-0.03233	0.30601	0.06140	0.05991	0.02453	(And (Member $e0 build) (Past $e0))
p200834	0.02537	-0.03805	0.07113	-0.07161	-0.09468	-0.00280	-0.03465	0.01830	0.00761	-0.10063	-0.07637	0.08642	-0.08658	-0.00276	0.03854	-0.03580	-0.01185	-0.07557	0.05472	-0.03445	-0.13671	-0.09188	0.09774	-0.14968	0.37120	0.15942	0.01879	0.01956	-0.12060	0.17635	-0.13496	0.30693	(And (Member $e0 cancel) (Patient $e0 $x0))
p200835	0.23984	-0.07297	-0.06695	-0.12089	-0.03840	-0.08170	-0.01587	0.01394	-0.09007	0.00594	-0.05407	-0.03109	-0.07077	0.03934	-0.03126	0.21311	-0.04946	-0.02981	0.02962	0.01692	0.20360	0.25155	0.05028	0.00353	-0.08399	-0.11406	-0.03487	0.12289	0.00852	-0.11304	-0.06932	0.19645	(And (Member $e0 lend) (Recipient $e0 $x0))
p200836	-0.04843	-0.04518	-0.02299	-0.02983	0.01989	0.07037	-0.01071	0.04446	0.04775	0.01357	-0.05429	0.04442	-0.02817	-0.02944	-0.03418	-0.02959	0.00044	-0.01552	0.04027	-0.04830	0.04034	-0.02719	0.01488	-0.03068	-0.04167	0.05108	-0.03306	-0.05442	-0.06545	-0.01171	0.02513	-0.00101	(And (Member $e0 postpone) (Theme $e0 $x0))
p200837	-0.07168	0.00623	0.11961	0.04682	0.04794	0.04859	0.13198	-0.07144	0.20112	0.02880	-0.03563	0.00521	-0.05096	0.24330	-0.20734	-0.06573	0.25074	-0.09294	-0.07690	0.02252	-0.10691	0.23293	-0.08344	-0.09032	0.04202	-0.12639	0.00722	-0.00571	-0.11801	-0.04402	-0.00423	0.02634	(And (Member $e0 require) (Theme $e0 $x0))
p200850	0.12263	0.07005	-0.04704	0.24867	0.09626	0.04283	-0.06768	-0.04520	0.10705	-0.09793	0.09568	-0.10794	-0.07200	0.05091	-0.07104	-0.05461	-0.00451	-0.06641	-0.03589	-0.01086	0.07637	-0.08307	-0.10981	0.10959	-0.02951	0.11442	-0.01483	0.13764	-0.07156	0.09068	-0.14238	0.03357	(Beneficiary $e0 $x0)
p200851	-0.05568	-0.05057	-0.07005	-0.01793	0.07619	-0.11300	-0.05732	0.08395	-0.08065	0.09717	-0.04118	-0.04008	-0.08600	0.16145	-0.02519	-0.02824	0.03731	0.02177	-0.00188	0.00862	0.05509	-0.04888	0.16175	0.13047	0.08587	0.08842	0.00711	-0.01933	-0.06851	-0.08655	-0.06476	-0.01857	(CoAgent $e0 $x0)
p200852	-0.17831	0.11436	-0.11675	-0.07561	0.03576	0.00129	-0.09292	-0.08357	-0.10422	-0.06512	-0.09002	0.12572	-0.07038	-0.04621	-0.05246	0.22058	0.29745	0.09121	-0.05589	0.02391	0.04504	-0.05365	0.02294	0.01255	-0.03647	0.07648	0.16660	0.03837	-0.01892	0.07528	-0.10465	-0.05110	(GroupOf $x0 forklift)
p200853	0.01910	0.06299	-0.00409	0.00454	0.00768	0.00482	-0.00949	-0.00465	-0.00652	0.03765	0.00787	-0.00543	-0.01900	-0.01275	-0.00706	-0.00267	-0.00480	-0.03053	0.06130	0.00176	-0.01915	-0.00020	-0.01054	-0.00675	-0.00711	-0.02204	0.01088	-0.02929	0.02021	-0.02021	0.00540	-0.00124	(Member $e0 locate)
p200854	-0.04843	-0.04518	-0.02299	-0.02983	0.01989	0.07037	-0.01071	0.04446	0.04775	0.01357	-0.05429	0.04442	-0.02817	-0.02944	-0.03418	-0.02959	0.00044	-0.01552	0.04027	-0.04830	0.04034	-0.02719	0.01488	-0.03068	-0.04168	0.05108	-0.03306	-0.05442	-0.06545	-0.01171	0.02513	-0.00101	(Member $e0 postpone)
p200855	-0.02238	0.12633	0.19088	-0.15152	0.01253	0.13661	-0.05432	-0.14677	-0.09615	-0.04869	-0.09089	-0.06095	-0.02177	0.23821	0.30644	-0.06256	-0.13591	0.09738	-0.07261	-0.00167	0.10604	-0.07766	-0.00081	-0.10056	-0.05048	-0.03682	-0.01552	0.04920	-0.09101	-0.09826	0.11146	0.07689	(Member $x0 chef)
p200856	0.11288	0.13922	0.09337	-0.13630	-0.22819	-0.07998	0.15742	0.07513	0.17211	-0.00590	-0.05988	0.11245	0.09639	-0.13187	-0.04810	-0.06393	-0.06944	0.07125	-0.08243	-0.03467	-0.07673	-0.06259	0.19602	0.16616	-0.02833	-0.05044	-0.07331	0.03567	0.08370	-0.11487	-0.04798	0.07160	(Member $x0 kiln)
p200857	0.11288	0.13922	0.09337	-0.13630	-0.22819	-0.07998	0.15742	0.07513	0.17211	-0.00590	-0.05988	0.11245	0.09639	-0.13187	-0.04810	-0.06394	-0.06944	0.07125	-0.08243	-0.03467	-0.07673	-0.06259	0.19602	0.16616	-0.02833	-0.05044	-0.07331	0.03567	0.08370	-0.11487	-0.04798	0.07160	(Member $x0 pottery_studio)
p200863	-0.12978	0.12495	-0.12780	-0.01091	0.06119	0.02161	-0.10637	-0.08509	-0.07785	-0.07537	-0.06898	0.08884	-0.07049	-0.03509	-0.05681	0.19185	0.27723	0.08667	-0.05641	0.00113	0.04080	-0.05436	-0.00378	0.02299	-0.02430	0.07006	0.16004	0.06692	-0.01659	0.09038	-0.10878	-0.05689	(And (Agent $e0 $x0) (Cardinality $x1 <num>) (Past $e0) (Theme $e0 $x1))
p200864	-0.02804	-0.16266	-0.18089	0.21967	-0.02075	-0.08452	0.27615	-0.07886	-0.20030	-0.14022	-0.03491	0.14994	-0.13169	0.07679	0.11217	-0.04997	0.05601	0.14280	0.33282	0.06285	0.03554	0.12783	0.01681	0.04644	-0.00434	0.08649	-0.17296	0.10908	0.02461	-0.04394	-0.05160	-0.09745	(And (Agent $e0 $x0) (Member $x1 person) (Past $e0) (Possession $x0 $x1))
p200865	0.12738	0.07149	-0.04643	0.25124	0.10403	0.04476	-0.06911	-0.04196	0.10746	-0.10558	0.09309	-0.10903	-0.07202	0.05054	-0.06917	-0.05419	-0.00203	-0.06669	-0.03185	-0.00481	0.07382	-0.08360	-0.10703	0.10763	-0.02420	0.11004	-0.01043	0.13839	-0.07024	0.08166	-0.14635	0.03881	(And (Beneficiary $e0 $x0) (Member $x0 hall) (Past $e0) (Theme $e0 $x1))
p200866	-0.16548	0.10021	-0.11216	-0.06775	0.04355	-0.00429	-0.09168	-0.07695	-0.10154	-0.05946	-0.08066	0.11991	-0.06561	-0.04444	-0.04723	0.21378	0.29323	0.07754	-0.04917	0.02278	0.03767	-0.04778	0.01650	0.00934	-0.03113	0.07920	0.15448	0.03061	-0.02200	0.07367	-0.09705	-0.05358	(And (Cardinality $x0 <num>) (GroupOf $x0 forklift) (Past $e0) (Theme $e0 $x0))
p200965	-0.03612	-0.03854	-0.03056	0.00931	-0.01425	0.05387	0.02393	0.04434	0.03581	0.01583	-0.05000	-0.02553	0.01066	-0.01218	-0.03520	0.00626	-0.00558	0.03785	0.00803	-0.02726	0.03601	-0.03991	-0.02316	-0.00707	-0.02501	-0.01211	-0.02702	-0.03790	-0.03803	0.02089	-0.00281	-0.01106	(And (Agent $e0 $x0) (Member $x0 physician) (Theme $e0 $x1))
p200966	-0.02804	-0.16266	-0.18089	0.21967	-0.02075	-0.08452	0.27615	-0.07886	-0.20030	-0.14022	-0.03491	0.14994	-0.13169	0.07679	0.11217	-0.04997	0.05601	0.14280	0.33282	0.06285	0.03554	0.12783	0.01681	0.04644	-0.00434	0.08649	-0.17296	0.10908	0.02461	-0.04393	-0.05160	-0.09745	(And (Agent $e0 $x0) (Past $e0) (Possession $x0 $x1))
p200968	0.12738	0.07149	-0.04643	0.25124	0.10403	0.04476	-0.06911	-0.04196	0.10746	-0.10558	0.09309	-0.10903	-0.07202	0.05054	-0.06917	-0.05419	-0.00203	-0.06669	-0.03185	-0.00481	0.07382	-0.08360	-0.10703	0.10763	-0.02420	0.11004	-0.01043	0.13839	-0.07024	0.08166	-0.14635	0.03881	(And (Beneficiary $e0 $x0) (Member $x0 hall) (Past $e0))
p200969	0.12738	0.07149	-0.04643	0.25124	0.10403	0.04476	-0.06911	-0.04196	0.10746	-0.10558	0.09309	-0.10903	-0.07202	0.05054	-0.06917	-0.05419	-0.00203	-0.06669	-0.03185	-0.00481	0.07382	-0.08360	-0.10703	0.10763	-0.02420	0.11004	-0.01043	0.13839	-0.07024	0.08166	-0.14635	0.03881	(And (Beneficiary $e0 $x0) (Member $x0 hall) (Theme $e0 $x1))
p200970	-0.16548	0.10021	-0.11216	-0.06775	0.04355	-0.00429	-0.09168	-0.07695	-0.10154	-0.05946	-0.08066	0.11991	-0.06561	-0.04444	-0.04723	0.21378	0.29323	0.07754	-0.04917	0.02278	0.03767	-0.04778	0.01650	0.00934	-0.03113	0.07920	0.15448	0.03061	-0.02200	0.07367	-0.09705	-0.05358	(And (GroupOf $x0 forklift) (Past $e0) (Theme $e0 $x0))
p200971	0.11053	0.12283	0.08836	-0.12316	-0.20947	-0.08662	0.15031	0.07556	0.15963	-0.00476	-0.04945	0.10067	0.09563	-0.12373	-0.04523	-0.05962	-0.06314	0.05858	-0.07420	-0.03091	-0.07271	-0.05668	0.18270	0.15931	-0.02435	-0.04625	-0.06816	0.02842	0.08024	-0.10453	-0.04487	0.06347	(And (Member $x0 kiln) (Past $e0) (Theme $e0 $x0))
p201014	-0.13104	0.03924	-0.04652	-0.05486	0.42786	-0.04823	0.11137	-0.14945	-0.10963	-0.16270	-0.02080	0.11326	0.08631	0.07214	-0.03531	0.05864	-0.00368	-0.10548	-0.02055	-0.05707	0.10572	-0.06981	-0.10657	0.16136	-0.15252	-0.03507	-0.13364	-0.22070	0.07811	0.08432	0.13978	0.10683	(And (Inheritance yard_floodlight floodlight) (Member $x0 yard_floodlight))
p201038	0.00258	-0.00615	-0.00558	0.01422	0.01618	-0.00978	-0.00657	-0.00679	-0.01029	-0.01886	0.00969	-0.00918	0.01434	-0.00009	0.00148	0.00280	0.01382	0.01655	-0.00627	-0.00475	-0.01139	-0.00836	-0.01243	0.00422	0.00948	-0.01495	-0.00872	0.00272	0.01581	0.00198	-0.01226	0.01772	(Inheritance feed_pipe pipe)
p201039	-0.13104	0.03924	-0.04652	-0.05486	0.42786	-0.04823	0.11137	-0.14945	-0.10963	-0.16270	-0.02080	0.11326	0.08631	0.07214	-0.03531	0.05864	-0.00368	-0.10548	-0.02055	-0.05707	0.10572	-0.06981	-0.10657	0.16136	-0.15252	-0.03507	-0.13364	-0.22070	0.07811	0.08432	0.13978	0.10683	(Inheritance yard_floodlight floodlight)
p201048	0.23267	-0.06765	-0.06472	-0.11372	-0.03837	-0.07452	-0.01691	0.01509	-0.08735	0.00619	-0.05355	-0.02801	-0.06495	0.03992	-0.03150	0.20269	-0.04583	-0.02714	0.02864	0.01415	0.18704	0.23828	0.04699	0.00220	-0.07653	-0.10766	-0.03186	0.11467	0.00996	-0.10506	-0.06484	0.18806	(And (Agent $e0 $x0) (Member $e0 lend) (Recipient $e0 $x1) (Theme $e0 $x2))
p201049	-0.05291	-0.01906	-0.01261	0.02227	0.21258	-0.05315	0.01112	0.01345	-0.06220	-0.09259	0.19462	-0.05635	0.02871	0.04272	-0.11578	-0.00656	0.03964	0.10691	-0.01851	-0.01610	0.00368	-0.04381	-0.08624	0.08227	-0.10361	-0.03227	0.01259	-0.10458	0.02006	-0.02608	0.13245	0.16868	(And (Agent $e0 $x0) (Member $e0 repair) (Past $e0) (Patient $e0 $x1))
p201050	-0.04953	0.08577	-0.15087	0.05274	-0.01237	-0.10874	0.04585	0.16481	0.06869	0.03131	0.25438	0.14367	0.01140	0.13488	0.22962	0.21541	-0.03455	-0.11614	-0.12159	0.01384	-0.06510	-0.07596	-0.11440	0.00035	-0.00569	-0.04456	-0.14868	-0.05205	-0.08581	0.06589	-0.07901	-0.04633	(And (Agent $e0 $x0) (Member $e0 teach) (Recipient $e0 $x1) (Theme $e0 $x2))
p201058	-0.14268	0.00922	-0.16845	0.09661	0.00579	-0.08286	-0.03430	-0.10449	0.31077	0.17047	-0.08144	-0.10590	-0.07782	-0.20068	0.24408	-0.01551	0.12813	-0.01428	-0.04494	0.14159	0.25307	-0.05697	0.18063	-0.16169	-0.01732	-0.11384	-0.06148	-0.10653	0.32279	0.02952	0.05639	0.03170	(And (Agent $e0 $x0) (Member $e0 build) (Patient $e0 $x1))
p201059	0.23267	-0.06765	-0.06472	-0.11372	-0.03837	-0.07452	-0.01691	0.01509	-0.08735	0.00619	-0.05355	-0.02801	-0.06495	0.03992	-0.03150	0.20269	-0.04583	-0.02714	0.02864	0.01415	0.18704	0.23828	0.04699	0.00220	-0.07653	-0.10766	-0.03186	0.11467	0.00996	-0.10506	-0.06484	0.18806	(And (Agent $e0 $x0) (Member $e0 lend) (Recipient $e0 $x1))
p201060	-0.05291	-0.01906	-0.01261	0.02227	0.21258	-0.05315	0.01112	0.01345	-0.06220	-0.09259	0.19462	-0.05635	0.02871	0.04272	-0.11578	-0.00656	0.03964	0.10691	-0.01851	-0.01610	0.00368	-0.04381	-0.08624	0.08227	-0.10361	-0.03227	0.01259	-0.10458	0.02006	-0.02607	0.13245	0.16868	(And (Agent $e0 $x0) (Member $e0 repair) (Past $e0))
p201061	-0.04953	0.08577	-0.15087	0.05274	-0.01237	-0.10874	0.04585	0.16481	0.06869	0.03131	0.25437	0.14367	0.01139	0.13488	0.22962	0.21540	-0.03456	-0.11614	-0.12160	0.01384	-0.06510	-0.07596	-0.11440	0.00035	-0.00570	-0.04456	-0.14868	-0.05205	-0.08581	0.06589	-0.07901	-0.04633	(And (Agent $e0 $x0) (Member $e0 teach) (Theme $e0 $x1))
p201062	0.12738	0.07149	-0.04643	0.25124	0.10403	0.04476	-0.06911	-0.04196	0.10746	-0.10558	0.09309	-0.10903	-0.07202	0.05054	-0.06917	-0.05419	-0.00203	-0.06669	-0.03185	-0.00481	0.07382	-0.08360	-0.10703	0.10763	-0.02420	0.11004	-0.01043	0.13839	-0.07024	0.08166	-0.14635	0.03881	(And (Beneficiary $e0 $x0) (Past $e0) (Theme $e0 $x1))
p201063	-0.16548	0.10021	-0.11216	-0.06775	0.04355	-0.00429	-0.09168	-0.07695	-0.10154	-0.05946	-0.08067	0.11991	-0.06561	-0.04444	-0.04723	0.21378	0.29323	0.07754	-0.04918	0.02278	0.03767	-0.04778	0.01650	0.00934	-0.03113	0.07920	0.15448	0.03061	-0.02200	0.07367	-0.09705	-0.05358	(And (Cardinality $x0 <num>) (GroupOf $x0 forklift) (Theme $e0 $x0))
p201064	-0.06226	0.00978	0.11312	0.04251	0.04596	0.03717	0.11839	-0.06408	0.18308	0.02594	-0.02643	0.00401	-0.04527	0.22300	-0.18570	-0.06295	0.22862	-0.08609	-0.06950	0.02451	-0.09980	0.21416	-0.07563	-0.08067	0.04215	-0.11463	0.00041	-0.00237	-0.10568	-0.04332	-0.00370	0.02502	(And (Holder $e0 $x0) (Member $e0 require) (Theme $e0 $x1))
p201065	-0.05291	-0.01906	-0.01261	0.02227	0.21258	-0.05315	0.01112	0.01345	-0.06220	-0.09259	0.19462	-0.05635	0.02871	0.04272	-0.11578	-0.00656	0.03964	0.10691	-0.01851	-0.01610	0.00368	-0.04381	-0.08624	0.08227	-0.10361	-0.03227	0.01259	-0.10458	0.02006	-0.02607	0.13245	0.16868	(And (Member $e0 repair) (Past $e0) (Patient $e0 $x0))
p201066	-0.04953	0.08577	-0.15087	0.05274	-0.01237	-0.10874	0.04585	0.16481	0.06869	0.03131	0.25437	0.14367	0.01140	0.13488	0.22962	0.21541	-0.03456	-0.11614	-0.12160	0.01384	-0.06510	-0.07596	-0.11440	0.00035	-0.00569	-0.04456	-0.14868	-0.05205	-0.08581	0.06589	-0.07901	-0.04633	(And (Member $e0 teach) (Recipient $e0 $x0) (Theme $e0 $x1))
p201067	-0.03634	-0.03660	0.00304	-0.03620	-0.07884	-0.00434	0.01317	-0.00656	-0.02300	0.04039	-0.02411	0.02001	-0.00195	0.02980	-0.02714	0.00442	-0.00159	0.00362	-0.01202	-0.05284	0.00472	0.00416	-0.01610	0.04170	-0.04346	-0.00226	-0.03910	0.07151	-0.03072	0.06136	0.04891	0.00116	(And (Member $e0 write) (Past $e0) (Patient $e0 $x0))
p201083	-0.00200	-0.02606	-0.02758	0.02101	-0.00088	0.00468	-0.01286	-0.02634	-0.00287	-0.01022	-0.02785	-0.00015	0.02133	0.00309	0.00657	0.00070	-0.01211	0.04485	-0.01163	-0.02210	-0.00800	0.00038	0.00054	-0.00654	0.02877	-0.00180	-0.00593	-0.00425	0.03181	0.01003	-0.00463	-0.02695	(And (Agent $e0 $x0) (Member $e0 arrive))
p201084	-0.14268	0.00922	-0.16845	0.09661	0.00579	-0.08286	-0.03430	-0.10449	0.31077	0.17047	-0.08144	-0.10590	-0.07782	-0.20068	0.24408	-0.01551	0.12813	-0.01428	-0.04494	0.14159	0.25307	-0.05697	0.18063	-0.16169	-0.01732	-0.11384	-0.06148	-0.10653	0.32279	0.02952	0.05639	0.03170	(And (Agent $e0 $x0) (Member $e0 build))
p201085	0.12738	0.07149	-0.04643	0.25124	0.10403	0.04476	-0.06911	-0.04196	0.10746	-0.10558	0.09309	-0.10903	-0.07202	0.05054	-0.06917	-0.05419	-0.00203	-0.06669	-0.03185	-0.00481	0.07382	-0.08360	-0.10703	0.10763	-0.02420	0.11004	-0.01043	0.13839	-0.07024	0.08166	-0.14635	0.03881	(And (Beneficiary $e0 $x0) (Member $x0 hall))
p201086	0.12738	0.07149	-0.04643	0.25124	0.10403	0.04476	-0.06911	-0.04196	0.10746	-0.10558	0.09309	-0.10903	-0.07202	0.05054	-0.06917	-0.05419	-0.00203	-0.06669	-0.03185	-0.00481	0.07382	-0.08360	-0.10703	0.10763	-0.02420	0.11004	-0.01043	0.13839	-0.07024	0.08166	-0.14635	0.03881	(And (Beneficiary $e0 $x0) (Theme $e0 $x1))
p201087	0.01490	-0.02648	0.00453	-0.00390	-0.08981	0.14310	0.00585	-0.06772	0.05046	-0.03116	0.06459	-0.02087	0.03219	-0.04907	-0.05939	0.13141	-0.03043	-0.02734	0.07808	0.17866	0.04036	-0.02094	-0.12414	0.17733	0.28832	-0.24437	-0.01129	0.04644	0.07297	-0.09173	0.14744	-0.10996	(And (For $e0 $e1) (Past $e0))
p201088	-0.16548	0.10021	-0.11216	-0.06775	0.04355	-0.00429	-0.09168	-0.07695	-0.10154	-0.05946	-0.08066	0.11991	-0.06561	-0.04444	-0.04723	0.21378	0.29323	0.07754	-0.04917	0.02278	0.03767	-0.04778	0.01650	0.00934	-0.03113	0.07920	0.15448	0.03061	-0.02200	0.07367	-0.09705	-0.05358	(And (GroupOf $x0 forklift) (Theme $e0 $x0))
p201089	-0.02428	0.12487	0.19038	-0.15075	0.01116	0.13757	-0.05235	-0.14293	-0.09491	-0.04623	-0.09139	-0.06074	-0.02004	0.23745	0.30166	-0.06174	-0.13432	0.09671	-0.06985	-0.00044	0.10703	-0.07802	-0.00056	-0.10013	-0.05189	-0.03512	-0.01540	0.04762	-0.09569	-0.09687	0.11090	0.07869	(And (GroupOf $x0 lemon) (Member $x0 crate))
p201090	0.02452	0.05100	-0.00035	0.12453	-0.06222	0.21175	-0.11258	-0.04794	0.00768	0.22250	-0.05361	0.14932	0.17749	-0.14533	0.19064	-0.04622	-0.07111	-0.19265	-0.13652	0.02017	-0.14800	0.22404	-0.10838	0.06796	-0.05045	0.00781	0.18730	-0.07596	-0.02280	-0.23016	-0.02672	0.05987	(And (Location $e0 $x0) (Theme $e1 $e0))
p201091	-0.07067	0.01838	-0.05964	0.03961	0.15744	-0.00386	-0.01359	0.06315	-0.11300	-0.14459	0.05138	-0.15052	0.29568	0.10448	-0.06422	0.04249	-0.00403	-0.01080	0.01363	0.22479	-0.09842	0.01738	0.20155	-0.06115	-0.06558	-0.19908	0.05937	0.22306	-0.01509	0.12014	-0.14365	0.03796	(And (Member $e0 decision) (Theme $e0 $x0))
p201092	-0.05461	-0.05725	0.01192	-0.05541	-0.14614	-0.01782	0.04382	-0.02491	-0.02658	0.12622	-0.01557	0.01608	0.03589	0.05282	-0.06388	0.00795	-0.02780	0.01881	-0.00634	-0.07411	0.05500	0.03279	-0.02135	0.00132	-0.02566	-0.04473	-0.04984	0.18860	-0.09439	0.14788	0.09435	-0.06660	(And (Member $e0 produce) (Patient $e0 $x0))
p201093	-0.05291	-0.01906	-0.01261	0.02227	0.21258	-0.05315	0.01112	0.01345	-0.06220	-0.09259	0.19462	-0.05635	0.02871	0.04272	-0.11578	-0.00656	0.03964	0.10691	-0.01851	-0.01610	0.00368	-0.04381	-0.08624	0.08227	-0.10361	-0.03227	0.01259	-0.10458	0.02006	-0.02608	0.13245	0.16868	(And (Member $e0 repair) (Past $e0))
p201094	-0.04953	0.08577	-0.15087	0.05274	-0.01237	-0.10874	0.04585	0.16481	0.06869	0.03131	0.25438	0.14367	0.01140	0.13488	0.22962	0.21541	-0.03455	-0.11614	-0.12159	0.01384	-0.06510	-0.07596	-0.11439	0.00035	-0.00569	-0.04456	-0.14868	-0.05205	-0.08581	0.06589	-0.07901	-0.04633	(And (Member $e0 teach) (Theme $e0 $x0))
p201095	-0.03634	-0.03659	0.00304	-0.03620	-0.07884	-0.00434	0.01317	-0.00656	-0.02299	0.04039	-0.02410	0.02002	-0.00195	0.02980	-0.02714	0.00442	-0.00159	0.00362	-0.01202	-0.05284	0.00472	0.00417	-0.01610	0.04170	-0.04346	-0.00226	-0.03910	0.07151	-0.03071	0.06136	0.04891	0.00116	(And (Member $e0 write) (Past $e0))
p201096	-0.03634	-0.03660	0.00304	-0.03620	-0.07884	-0.00434	0.01317	-0.00656	-0.02300	0.04039	-0.02411	0.02002	-0.00195	0.02980	-0.02714	0.00442	-0.00159	0.00362	-0.01202	-0.05284	0.00472	0.00417	-0.01610	0.04170	-0.04346	-0.00226	-0.03910	0.07151	-0.03072	0.06136	0.04891	0.00116	(And (Member $e0 write) (Patient $e0 $x0))
p201097	-0.08261	-0.03011	0.01191	-0.06532	0.05425	0.14508	-0.03049	-0.11631	-0.02793	-0.04977	0.27979	0.03699	0.05553	0.00835	-0.08101	-0.03495	-0.06504	-0.06027	0.06238	0.03466	0.00514	0.08926	0.24838	-0.07589	-0.04638	-0.01682	0.03013	0.04337	0.01438	0.08557	-0.06769	0.00493	(And (Member $x0 budget) (Possession $x0 next_year))
p201098	0.11053	0.12283	0.08836	-0.12316	-0.20947	-0.08662	0.15031	0.07556	0.15963	-0.00476	-0.04945	0.10067	0.09563	-0.12373	-0.04523	-0.05962	-0.06314	0.05858	-0.07420	-0.03091	-0.07271	-0.05668	0.18270	0.15931	-0.02435	-0.04625	-0.06816	0.02842	0.08024	-0.10453	-0.04487	0.06347	(And (Member $x0 kiln) (Theme $e0 $x0))
p201099	-0.05442	0.06741	-0.08636	0.02606	-0.02190	-0.08478	0.06203	0.12887	0.04386	0.03571	0.20972	0.11076	-0.00621	0.08567	0.16061	0.10433	-0.03704	-0.09678	-0.09784	0.01868	-0.02831	-0.05649	-0.07921	-0.00262	-0.00838	-0.00309	-0.10902	-0.04022	-0.09236	0.06081	-0.04732	-0.03667	(And (Member $x0 song) (Theme $e0 $x0))
p201100	0.03250	-0.05389	0.07645	-0.05529	-0.04730	-0.02170	-0.01640	-0.01320	-0.00733	-0.01712	0.01503	0.07040	0.01717	-0.04343	0.05619	-0.03651	0.07174	-0.04675	0.06171	-0.04106	0.02650	-0.07003	0.02269	-0.02246	0.13268	0.09754	-0.03612	0.00108	-0.09093	0.01703	-0.04285	0.07326	(And (Might $e0) (Patient $e0 $x0))
p201131	0.07864	-0.07100	0.10260	-0.06734	-0.01604	-0.04547	0.01715	-0.02905	-0.04365	0.01998	0.06928	0.05174	0.10387	-0.08127	0.06922	-0.04962	0.15288	-0.04543	0.08682	-0.05756	0.14675	-0.08940	-0.02558	0.06363	-0.03395	0.12664	-0.06542	-0.05753	-0.09168	-0.07193	0.01180	-0.04633	(Before $x0 $e0)
p201132	0.01490	-0.02649	0.00453	-0.00390	-0.08981	0.14310	0.00585	-0.06772	0.05046	-0.03116	0.06459	-0.02087	0.03219	-0.04907	-0.05939	0.13141	-0.03044	-0.02734	0.07808	0.17866	0.04036	-0.02094	-0.12414	0.17733	0.28832	-0.24437	-0.01129	0.04644	0.07297	-0.09173	0.14744	-0.10996	(For $e0 $e1)
p201133	-0.02428	0.12487	0.19038	-0.15075	0.01116	0.13757	-0.05235	-0.14294	-0.09491	-0.04623	-0.09140	-0.06074	-0.02005	0.23745	0.30166	-0.06174	-0.13432	0.09671	-0.06985	-0.00044	0.10703	-0.07802	-0.00056	-0.10013	-0.05190	-0.03512	-0.01540	0.04762	-0.09569	-0.09687	0.11090	0.07869	(GroupOf $x0 lemon)
p201134	-0.00201	-0.02606	-0.02759	0.02101	-0.00088	0.00468	-0.01286	-0.02634	-0.00287	-0.01022	-0.02785	-0.00016	0.02133	0.00309	0.00656	0.00070	-0.01212	0.04485	-0.01163	-0.02210	-0.00801	0.00038	0.00053	-0.00654	0.02877	-0.00180	-0.00594	-0.00425	0.03180	0.01002	-0.00464	-0.02695	(Member $e0 arrive)
p201135	-0.02126	0.09277	0.00289	-0.00810	-0.06575	0.01709	0.05037	0.04566	-0.01479	0.07053	-0.02656	-0.02933	0.02081	0.02928	-0.05882	0.00877	-0.01578	-0.04636	0.11165	0.01490	-0.02116	-0.00884	-0.01190	-0.05410	-0.02847	-0.08114	-0.01780	0.06702	-0.04981	0.06486	0.02171	0.01566	(Member $e0 become)
p201136	-0.01370	0.02789	0.00675	-0.01078	0.00305	-0.01574	-0.01468	0.03368	0.00770	0.03340	0.00096	-0.01833	-0.02311	-0.02030	-0.00090	-0.00999	-0.00949	-0.03333	0.00694	0.03645	-0.01549	0.01552	-0.00464	0.02164	-0.03868	0.01958	0.02807	-0.02952	-0.01538	-0.03179	-0.00239	0.00483	(Member $e0 find)
p201137	0.02173	-0.02626	0.00372	-0.00009	-0.08205	0.14718	0.00928	-0.06992	0.05176	-0.03276	0.06152	-0.02155	0.03536	-0.05248	-0.05602	0.13190	-0.02611	-0.02479	0.08244	0.16826	0.03914	-0.02674	-0.12430	0.16815	0.29488	-0.24862	-0.01024	0.04509	0.07240	-0.08672	0.14401	-0.10859	(Member $e0 portray)
p201138	-0.05461	-0.05725	0.01192	-0.05541	-0.14614	-0.01782	0.04382	-0.02491	-0.02658	0.12622	-0.01557	0.01608	0.03589	0.05282	-0.06388	0.00795	-0.02780	0.01881	-0.00634	-0.07411	0.05500	0.03279	-0.02135	0.00132	-0.02566	-0.04473	-0.04984	0.18860	-0.09439	0.14788	0.09435	-0.06660	(Member $e0 produce)
p201139	-0.00808	-0.00816	0.02804	-0.02045	0.00812	-0.05229	0.00876	-0.00949	-0.00791	-0.02444	-0.00677	-0.00630	-0.02042	0.02286	0.03573	0.01094	0.01936	-0.04161	-0.00691	0.05181	0.04187	-0.04382	0.00665	0.01167	-0.03146	0.05981	-0.00477	0.01581	-0.06422	-0.02039	-0.03674	0.03343	(Member $e0 sell)
p201140	0.04815	0.00085	0.05959	-0.03075	-0.01223	-0.02008	0.00714	-0.01019	-0.02832	0.02457	0.04230	0.02514	0.06571	-0.05324	0.03869	-0.02431	0.09648	-0.04236	0.09310	-0.03041	0.06746	-0.06025	-0.02439	0.02761	-0.01647	0.03856	-0.05717	-0.03116	-0.05098	-0.04205	0.00464	-0.02344	(Member $e0 start)
p201141	-0.03634	-0.03660	0.00304	-0.03620	-0.07884	-0.00434	0.01317	-0.00656	-0.02300	0.04039	-0.02411	0.02001	-0.00195	0.02980	-0.02714	0.00442	-0.00159	0.00362	-0.01202	-0.05284	0.00472	0.00416	-0.01610	0.04170	-0.04346	-0.00226	-0.03910	0.07151	-0.03072	0.06136	0.04891	0.00116	(Member $e0 write)
p201142	-0.00353	0.01444	-0.00153	-0.00950	-0.00342	-0.01664	-0.02268	-0.01352	-0.00495	0.00181	0.01605	0.00045	-0.01591	-0.00180	0.00174	-0.00803	-0.01700	-0.00988	-0.02230	0.01592	-0.01477	0.02915	0.00231	0.00803	-0.01102	0.02230	0.01034	-0.00596	0.03100	-0.01435	0.00065	-0.00921	(Member $x0 bench)
p201143	-0.01066	0.01662	-0.01338	0.00729	-0.00034	0.02565	0.00437	0.02100	0.01091	0.01199	-0.01855	-0.00751	-0.00156	-0.01072	-0.02151	0.00125	0.00007	-0.00195	0.03107	-0.00823	0.00527	-0.01362	-0.01263	-0.00976	-0.01663	-0.01917	-0.01731	-0.02405	-0.00625	0.00084	0.00247	-0.00329	(Member $x0 bridge)
p201144	-0.08261	-0.03011	0.01191	-0.06532	0.05425	0.14508	-0.03049	-0.11631	-0.02793	-0.04977	0.27979	0.03699	0.05553	0.00835	-0.08101	-0.03495	-0.06504	-0.06027	0.06238	0.03466	0.00514	0.08926	0.24838	-0.07589	-0.04638	-0.01682	0.03013	0.04337	0.01438	0.08557	-0.06769	0.00493	(Member $x0 budget)
p201145	-0.07316	-0.01903	-0.01555	-0.01711	0.06122	0.07561	-0.01171	-0.03742	-0.02586	-0.04336	0.13122	0.00253	0.07545	0.01663	-0.06201	-0.00519	-0.03402	-0.02571	0.02582	0.04485	0.00160	0.05145	0.13472	-0.04879	-0.04086	-0.03961	0.00597	0.03525	-0.01062	0.07698	-0.05727	-0.00191	(Member $x0 case)
p201146	-0.13104	0.03924	-0.04652	-0.05486	0.42786	-0.04823	0.11137	-0.14945	-0.10963	-0.16270	-0.02080	0.11326	0.08631	0.07214	-0.03531	0.05864	-0.00368	-0.10548	-0.02055	-0.05707	0.10572	-0.06981	-0.10657	0.16136	-0.15252	-0.03507	-0.13364	-0.22070	0.07811	0.08432	0.13978	0.10683	(Member $x0 electrician)
p201147	-0.07316	-0.01903	-0.01555	-0.01711	0.06122	0.07561	-0.01171	-0.03742	-0.02586	-0.04336	0.13122	0.00253	0.07545	0.01663	-0.06201	-0.00519	-0.03402	-0.02571	0.02582	0.04485	0.00160	0.05145	0.13472	-0.04879	-0.04086	-0.03961	0.00597	0.03525	-0.01062	0.07698	-0.05727	-0.00191	(Member $x0 judge)
p201148	0.03545	-0.06560	0.01503	0.07896	-0.03725	-0.04976	-0.08399	0.16365	-0.00688	-0.00415	0.33277	-0.18669	-0.03323	-0.00194	-0.15314	-0.06335	0.06906	0.27280	-0.01883	0.02061	-0.09248	-0.00617	-0.04884	0.00025	-0.03669	-0.02718	0.14421	0.03154	-0.01551	-0.13305	0.09774	0.18158	(Member $x0 mechanic)
p201149	0.25410	-0.02677	0.08719	0.02267	0.15662	-0.00657	-0.06084	-0.07395	0.02203	0.20302	0.03058	0.12337	0.02108	-0.00140	-0.07840	-0.01876	-0.05048	0.12393	-0.03114	0.10978	-0.08067	-0.01917	-0.10597	-0.12551	0.04988	-0.06783	-0.03692	-0.15832	-0.04151	0.11417	-0.02206	-0.07118	(Member $x0 view)
p201150	-0.13104	0.03924	-0.04652	-0.05486	0.42786	-0.04823	0.11137	-0.14945	-0.10963	-0.16270	-0.02080	0.11326	0.08631	0.07214	-0.03531	0.05864	-0.00369	-0.10548	-0.02056	-0.05707	0.10572	-0.06981	-0.10657	0.16136	-0.15252	-0.03507	-0.13364	-0.22070	0.07811	0.08432	0.13978	0.10683	(Member $x0 yard_floodlight)
p201151	-0.04137	0.01432	-0.05236	0.02725	0.08652	-0.00507	0.01466	0.03066	-0.07986	-0.09022	0.01719	-0.10761	0.16674	0.07650	-0.03821	0.03348	-0.01646	-0.00025	0.02574	0.13309	-0.06296	-0.01000	0.12400	-0.03958	-0.04005	-0.13214	0.05437	0.13303	0.00748	0.09800	-0.09555	0.02018	(Patient $e0 $e1)
p201152	-0.08260	-0.03011	0.01191	-0.06532	0.05425	0.14508	-0.03049	-0.11631	-0.02793	-0.04977	0.27979	0.03699	0.05553	0.00835	-0.08101	-0.03495	-0.06504	-0.06027	0.06238	0.03466	0.00514	0.08926	0.24838	-0.07589	-0.04638	-0.01682	0.03013	0.04337	0.01438	0.08557	-0.06769	0.00493	(Possession $x0 next_year)
p201153	-0.08176	-0.10612	-0.07231	0.14999	0.01942	-0.11069	0.14905	-0.09480	-0.06682	-0.04759	0.00869	0.09393	-0.06580	-0.01581	0.04245	-0.00384	0.01099	0.09758	0.19595	0.03984	0.10864	0.03206	-0.04197	0.00946	0.01339	-0.01421	-0.09411	0.13360	-0.04176	-0.06208	-0.08957	-0.01273	(To $e0 $e1)
p201162	0.12014	0.07034	-0.04925	0.23291	0.09247	0.06090	-0.06497	-0.04275	0.09619	-0.09922	0.08648	-0.10041	-0.06496	0.04677	-0.06422	-0.05193	-0.00015	-0.05569	-0.02966	-0.02371	0.06059	-0.07482	-0.09659	0.09870	-0.01805	0.09671	-0.00651	0.13623	-0.05675	0.08520	-0.13290	0.03115	(And (Agent $e0 $x0) (Beneficiary $e0 $x1) (Member $x0 school) (Member $x1 hall))
p201163	0.12014	0.07034	-0.04925	0.23291	0.09247	0.06090	-0.06497	-0.04275	0.09619	-0.09922	0.08648	-0.10041	-0.06496	0.04677	-0.06422	-0.05193	-0.00015	-0.05569	-0.02966	-0.02371	0.06059	-0.07482	-0.09659	0.09870	-0.01805	0.09671	-0.00651	0.13623	-0.05675	0.08520	-0.13290	0.03115	(And (Agent $e0 $x0) (Beneficiary $e0 $x1) (Member $x0 school) (Past $e0))
p201164	0.12014	0.07034	-0.04925	0.23291	0.09247	0.06090	-0.06497	-0.04275	0.09619	-0.09922	0.08648	-0.10041	-0.06496	0.04677	-0.06422	-0.05193	-0.00015	-0.05569	-0.02966	-0.02371	0.06059	-0.07482	-0.09659	0.09870	-0.01805	0.09671	-0.00651	0.13623	-0.05675	0.08520	-0.13290	0.03115	(And (Agent $e0 $x0) (Beneficiary $e0 $x1) (Member $x0 school) (Theme $e0 $x2))
p201165	0.12014	0.07034	-0.04925	0.23291	0.09247	0.06090	-0.06497	-0.04275	0.09619	-0.09922	0.08648	-0.10041	-0.06496	0.04677	-0.06422	-0.05193	-0.00015	-0.05569	-0.02966	-0.02371	0.06059	-0.07482	-0.09659	0.09870	-0.01805	0.09671	-0.00651	0.13623	-0.05675	0.08520	-0.13290	0.03115	(And (Agent $e0 $x0) (Beneficiary $e0 $x1) (Member $x1 hall) (Past $e0))
p201166	0.12014	0.07034	-0.04925	0.23291	0.09247	0.06090	-0.06497	-0.04275	0.09619	-0.09922	0.08648	-0.10041	-0.06497	0.04677	-0.06422	-0.05193	-0.00015	-0.05569	-0.02966	-0.02371	0.06059	-0.07482	-0.09659	0.09870	-0.01806	0.09671	-0.00651	0.13623	-0.05675	0.08520	-0.13290	0.03116	(And (Agent $e0 $x0) (Beneficiary $e0 $x1) (Member $x1 hall) (Theme $e0 $x2))
p201167	-0.03752	-0.01576	0.17413	0.09066	-0.13918	-0.03408	-0.06756	0.13783	-0.08283	-0.04626	0.02307	0.12489	0.05239	0.12524	-0.20558	-0.07742	-0.06064	-0.05920	0.04256	0.01897	0.14012	-0.02711	-0.06629	0.03328	0.03021	-0.13962	0.10589	0.03367	0.23726	0.08610	-0.07811	-0.00210	(And (Agent $e0 $x0) (Cardinality $x0 <num>) (GroupOf $x0 climber) (Theme $e0 $x1))
p201168	-0.03752	-0.01576	0.17413	0.09066	-0.13919	-0.03408	-0.06756	0.13783	-0.08283	-0.04626	0.02307	0.12489	0.05239	0.12524	-0.20558	-0.07743	-0.06064	-0.05920	0.04256	0.01897	0.14012	-0.02711	-0.06629	0.03328	0.03021	-0.13962	0.10589	0.03367	0.23726	0.08610	-0.07811	-0.00210	(And (Agent $e0 $x0) (Cardinality $x0 <num>) (Member $x1 north_route) (Theme $e0 $x1))
p201169	-0.15211	0.10248	-0.11083	-0.05866	0.03804	0.00816	-0.09393	-0.07383	-0.09151	-0.05269	-0.07451	0.11370	-0.05661	-0.04497	-0.04549	0.19772	0.26581	0.08960	-0.04757	0.01081	0.02977	-0.03875	0.01399	0.00813	-0.02198	0.05496	0.14416	0.03165	-0.00548	0.07254	-0.08492	-0.05690	(And (Agent $e0 $x0) (Cardinality $x1 <num>) (GroupOf $x1 forklift) (Theme $e0 $x1))
p201170	-0.15211	0.10248	-0.11083	-0.05866	0.03804	0.00816	-0.09393	-0.07383	-0.09151	-0.05269	-0.07451	0.11370	-0.05661	-0.04497	-0.04549	0.19772	0.26581	0.08960	-0.04757	0.01081	0.02977	-0.03875	0.01399	0.00813	-0.02198	0.05496	0.14416	0.03165	-0.00548	0.07254	-0.08492	-0.05690	(And (Agent $e0 $x0) (Cardinality $x1 <num>) (Member $x0 depot) (Theme $e0 $x1))
p201171	-0.03752	-0.01576	0.17413	0.09066	-0.13919	-0.03408	-0.06756	0.13783	-0.08283	-0.04626	0.02307	0.12489	0.05239	0.12524	-0.20558	-0.07743	-0.06064	-0.05920	0.04256	0.01897	0.14012	-0.02711	-0.06629	0.03328	0.03021	-0.13962	0.10589	0.03367	0.23726	0.08610	-0.07811	-0.00210	(And (Agent $e0 $x0) (GroupOf $x0 climber) (Member $x1 north_route) (Theme $e0 $x1))
p201172	-0.15211	0.10248	-0.11083	-0.05866	0.03804	0.00816	-0.09393	-0.07383	-0.09151	-0.05269	-0.07451	0.11370	-0.05661	-0.04497	-0.04549	0.19772	0.26581	0.08960	-0.04757	0.01081	0.02977	-0.03875	0.01399	0.00813	-0.02198	0.05496	0.14416	0.03165	-0.00548	0.07254	-0.08492	-0.05690	(And (Agent $e0 $x0) (GroupOf $x1 forklift) (Member $x0 depot) (Theme $e0 $x1))
p201173	-0.15211	0.10248	-0.11083	-0.05866	0.03804	0.00816	-0.09393	-0.07383	-0.09151	-0.05269	-0.07451	0.11370	-0.05661	-0.04497	-0.04549	0.19772	0.26581	0.08960	-0.04757	0.01081	0.02977	-0.03875	0.01399	0.00813	-0.02198	0.05496	0.14416	0.03165	-0.00548	0.07254	-0.08492	-0.05690	(And (Agent $e0 $x0) (GroupOf $x1 forklift) (Past $e0) (Theme $e0 $x1))
p201174	-0.03752	-0.01576	0.17413	0.09066	-0.13919	-0.03408	-0.06756	0.13783	-0.08283	-0.04626	0.02307	0.12489	0.05239	0.12524	-0.20558	-0.07743	-0.06064	-0.05920	0.04256	0.01897	0.14012	-0.02711	-0.06629	0.03328	0.03021	-0.13962	0.10589	0.03367	0.23726	0.08610	-0.07811	-0.00210	(And (Agent $e0 $x0) (Inheritance north_route north) (Member $x1 north_route) (Theme $e0 $x1))
p201175	-0.03752	-0.01576	0.17413	0.09066	-0.13918	-0.03408	-0.06756	0.13783	-0.08283	-0.04626	0.02307	0.12489	0.05239	0.12524	-0.20558	-0.07742	-0.06064	-0.05920	0.04256	0.01897	0.14012	-0.02711	-0.06629	0.03328	0.03021	-0.13962	0.10589	0.03367	0.23726	0.08610	-0.07811	-0.00210	(And (Agent $e0 $x0) (Inheritance north_route route) (Member $x1 north_route) (Theme $e0 $x1))
p201176	0.10682	0.12341	0.08336	-0.11112	-0.20066	-0.07460	0.13969	0.06896	0.15379	-0.00197	-0.04764	0.10035	0.09778	-0.11827	-0.04871	-0.05959	-0.05852	0.06909	-0.07160	-0.04270	-0.07288	-0.04822	0.16835	0.15313	-0.01606	-0.06116	-0.06630	0.02919	0.08958	-0.09729	-0.03723	0.05311	(And (Agent $e0 $x0) (Inheritance pottery_studio studio) (Member $x0 pottery_studio) (Past $e0))
p201177	0.10682	0.12341	0.08336	-0.11112	-0.20066	-0.07460	0.13969	0.06896	0.15379	-0.00197	-0.04764	0.10035	0.09778	-0.11827	-0.04871	-0.05959	-0.05852	0.06909	-0.07160	-0.04270	-0.07288	-0.04822	0.16835	0.15313	-0.01606	-0.06116	-0.06630	0.02919	0.08958	-0.09729	-0.03723	0.05311	(And (Agent $e0 $x0) (Inheritance pottery_studio studio) (Member $x0 pottery_studio) (Theme $e0 $x1))
p201178	-0.11428	0.03910	-0.04121	-0.05782	0.37513	-0.04057	0.10326	-0.13752	-0.09646	-0.14409	-0.03549	0.11518	0.08100	0.06336	-0.02468	0.05402	-0.00707	-0.10891	-0.01740	-0.05337	0.09926	-0.06227	-0.09294	0.14838	-0.13292	-0.03184	-0.12188	-0.19765	0.07408	0.07303	0.13008	0.08487	(And (Agent $e0 $x0) (Inheritance yard_floodlight floodlight) (Member $x1 yard_floodlight) (Patient $e0 $x1))
p201179	-0.09532	-0.08830	0.16515	-0.09689	0.06000	-0.07361	-0.11560	0.03339	0.11161	-0.10753	0.00344	-0.14648	-0.04711	-0.14386	0.15904	0.06362	-0.05215	0.09417	0.11437	-0.00355	-0.04766	0.11606	-0.00724	0.16068	-0.06264	-0.01261	0.08222	0.01151	-0.00630	0.19532	-0.11231	-0.01498	(And (Agent $e0 $x0) (Location $e0 $x1) (Member $x1 point) (Theme $e0 $x2))
p201180	-0.03291	-0.02993	-0.01932	-0.00919	0.00162	0.04950	0.00235	0.03710	0.03048	0.01424	-0.04221	0.01295	-0.00820	-0.01662	-0.02617	-0.01009	-0.00005	0.00405	0.01422	-0.03135	0.03039	-0.02388	-0.00665	-0.01297	-0.02770	0.01897	-0.02713	-0.04030	-0.04057	0.00263	0.00942	-0.00653	(And (Agent $e0 $x0) (Member $x0 club) (Member $x1 tournament) (Theme $e0 $x1))
p201181	-0.15211	0.10248	-0.11083	-0.05866	0.03804	0.00816	-0.09393	-0.07383	-0.09151	-0.05269	-0.07451	0.11370	-0.05661	-0.04497	-0.04549	0.19772	0.26581	0.08960	-0.04757	0.01081	0.02977	-0.03875	0.01399	0.00813	-0.02198	0.05496	0.14416	0.03165	-0.00548	0.07254	-0.08492	-0.05690	(And (Agent $e0 $x0) (Member $x0 depot) (Past $e0) (Theme $e0 $x1))
p201182	-0.11428	0.03910	-0.04121	-0.05782	0.37513	-0.04057	0.10326	-0.13752	-0.09646	-0.14409	-0.03549	0.11518	0.08100	0.06336	-0.02468	0.05402	-0.00707	-0.10891	-0.01740	-0.05337	0.09926	-0.06227	-0.09294	0.14838	-0.13292	-0.03184	-0.12188	-0.19765	0.07408	0.07303	0.13008	0.08487	(And (Agent $e0 $x0) (Member $x0 electrician) (Member $x1 yard_floodlight) (Patient $e0 $x1))
p201183	-0.11428	0.03910	-0.04121	-0.05782	0.37513	-0.04057	0.10326	-0.13752	-0.09646	-0.14409	-0.03549	0.11518	0.08100	0.06336	-0.02468	0.05402	-0.00707	-0.10891	-0.01740	-0.05337	0.09926	-0.06227	-0.09294	0.14838	-0.13292	-0.03184	-0.12188	-0.19765	0.07408	0.07303	0.13008	0.08487	(And (Agent $e0 $x0) (Member $x0 electrician) (Past $e0) (Patient $e0 $x1))
p201184	0.10682	0.12341	0.08336	-0.11112	-0.20066	-0.07460	0.13969	0.06896	0.15379	-0.00197	-0.04764	0.10035	0.09778	-0.11827	-0.04871	-0.05959	-0.05852	0.06909	-0.07160	-0.04270	-0.07288	-0.04822	0.16835	0.15313	-0.01606	-0.06116	-0.06630	0.02919	0.08958	-0.09729	-0.03723	0.05311	(And (Agent $e0 $x0) (Member $x0 pottery_studio) (Member $x1 kiln) (Theme $e0 $x1))
p201185	0.10682	0.12342	0.08336	-0.11112	-0.20066	-0.07460	0.13969	0.06896	0.15380	-0.00197	-0.04764	0.10035	0.09778	-0.11827	-0.04871	-0.05959	-0.05852	0.06909	-0.07159	-0.04270	-0.07288	-0.04822	0.16835	0.15313	-0.01605	-0.06116	-0.06630	0.02919	0.08958	-0.09729	-0.03723	0.05311	(And (Agent $e0 $x0) (Member $x0 pottery_studio) (Past $e0) (Theme $e0 $x1))
p201186	0.12014	0.07034	-0.04925	0.23291	0.09247	0.06090	-0.06497	-0.04275	0.09619	-0.09922	0.08648	-0.10041	-0.06496	0.04677	-0.06422	-0.05193	-0.00015	-0.05569	-0.02966	-0.02371	0.06059	-0.07482	-0.09659	0.09870	-0.01805	0.09671	-0.00651	0.13623	-0.05675	0.08520	-0.13290	0.03115	(And (Agent $e0 $x0) (Member $x0 school) (Past $e0) (Theme $e0 $x1))
p201187	0.10682	0.12341	0.08336	-0.11112	-0.20066	-0.07460	0.13969	0.06896	0.15379	-0.00197	-0.04764	0.10035	0.09778	-0.11827	-0.04871	-0.05959	-0.05852	0.06909	-0.07160	-0.04270	-0.07288	-0.04822	0.16835	0.15313	-0.01606	-0.06116	-0.06630	0.02919	0.08958	-0.09729	-0.03723	0.05311	(And (Agent $e0 $x0) (Member $x1 kiln) (Past $e0) (Theme $e0 $x1))
p201188	-0.11428	0.03910	-0.04121	-0.05782	0.37513	-0.04057	0.10326	-0.13752	-0.09646	-0.14409	-0.03549	0.11518	0.08100	0.06336	-0.02468	0.05402	-0.00707	-0.10891	-0.01740	-0.05337	0.09926	-0.06227	-0.09294	0.14838	-0.13292	-0.03184	-0.12188	-0.19765	0.07408	0.07303	0.13008	0.08487	(And (Agent $e0 $x0) (Member $x1 yard_floodlight) (Past $e0) (Patient $e0 $x1))
p201189	0.10513	0.04907	-0.02941	0.20354	0.08097	0.03136	-0.05661	-0.03065	0.09386	-0.08285	0.08762	-0.08411	-0.05809	0.04072	-0.05778	-0.04827	-0.01339	-0.06372	-0.02294	0.00491	0.06283	-0.06793	-0.08920	0.09282	-0.02184	0.09501	-0.02624	0.10316	-0.05907	0.06386	-0.12244	0.03885	(And (Beneficiary $e0 $x0) (Member $x0 hall) (Member $x1 projector) (Theme $e0 $x1))
p201190	0.10513	0.04907	-0.02940	0.20354	0.08097	0.03136	-0.05661	-0.03065	0.09386	-0.08285	0.08762	-0.08411	-0.05809	0.04072	-0.05778	-0.04827	-0.01339	-0.06372	-0.02294	0.00491	0.06283	-0.06793	-0.08920	0.09282	-0.02184	0.09501	-0.02624	0.10316	-0.05907	0.06386	-0.12244	0.03885	(And (Beneficiary $e0 $x0) (Member $x1 projector) (Past $e0) (Theme $e0 $x1))
p201191	-0.01653	0.10839	0.18294	-0.13523	0.01664	0.12882	-0.04584	-0.13096	-0.09279	-0.04139	-0.07961	-0.06804	-0.01548	0.22967	0.28144	-0.05895	-0.12443	0.08359	-0.06052	0.00152	0.09560	-0.07129	-0.00678	-0.09978	-0.04548	-0.03545	-0.01041	0.03808	-0.09275	-0.08607	0.10978	0.07193	(And (GroupOf $x0 lemon) (Member $x0 crate) (Past $e0) (Theme $e0 $x0))
p201192	0.08257	-0.08057	0.10749	-0.06758	-0.01811	-0.04280	0.01677	-0.02939	-0.04002	0.02434	0.06889	0.04610	0.10670	-0.08304	0.08182	-0.05013	0.13218	-0.03684	0.10118	-0.06241	0.15961	-0.09969	-0.02355	0.06076	-0.02323	0.11912	-0.07389	-0.04914	-0.10617	-0.07363	0.01455	-0.04266	(And (Inheritance apple_harvest harvest) (Member $x0 apple_harvest) (Patient $e0 $x0) (Time $e0 (Month september)))
p201193	-0.03752	-0.01576	0.17413	0.09066	-0.13919	-0.03408	-0.06756	0.13783	-0.08283	-0.04626	0.02307	0.12489	0.05239	0.12524	-0.20558	-0.07743	-0.06064	-0.05920	0.04256	0.01897	0.14012	-0.02711	-0.06629	0.03328	0.03021	-0.13962	0.10589	0.03367	0.23726	0.08610	-0.07811	-0.00210	(And (Inheritance north_route north) (Inheritance north_route route) (Member $x0 north_route) (Theme $e0 $x0))
p201194	0.01187	-0.02885	0.03369	-0.01032	-0.02403	-0.01413	-0.00464	-0.00369	-0.00977	0.01035	0.02325	0.02245	0.04383	-0.02872	0.04120	-0.01044	0.06791	-0.00906	0.00546	-0.01792	0.02149	-0.02866	-0.01370	0.02047	0.01362	0.00621	-0.03635	0.02157	-0.03806	-0.01939	-0.01419	-0.02011	(And (Inheritance shoreline_survey survey) (Member $x0 shoreline_survey) (Patient $e0 $x0) (Time $e0 dawn))
p201195	-0.11428	0.03910	-0.04121	-0.05782	0.37513	-0.04057	0.10326	-0.13752	-0.09646	-0.14409	-0.03549	0.11517	0.08100	0.06336	-0.02468	0.05402	-0.00707	-0.10891	-0.01740	-0.05337	0.09926	-0.06227	-0.09294	0.14838	-0.13292	-0.03184	-0.12188	-0.19765	0.07408	0.07303	0.13008	0.08487	(And (Inheritance yard_floodlight floodlight) (Member $x0 yard_floodlight) (Past $e0) (Patient $e0 $x0))
p201404	0.12014	0.07034	-0.04925	0.23291	0.09247	0.06090	-0.06497	-0.04275	0.09619	-0.09922	0.08648	-0.10041	-0.06496	0.04677	-0.06422	-0.05193	-0.00015	-0.05569	-0.02966	-0.02371	0.06059	-0.07482	-0.09659	0.09870	-0.01805	0.09671	-0.00651	0.13623	-0.05675	0.08520	-0.13290	0.03115	(And (Agent $e0 $x0) (Beneficiary $e0 $x1) (Member $x0 school))
p201405	0.12014	0.07034	-0.04925	0.23291	0.09247	0.06090	-0.06497	-0.04275	0.09619	-0.09922	0.08648	-0.10041	-0.06496	0.04677	-0.06422	-0.05193	-0.00015	-0.05569	-0.02966	-0.02371	0.06059	-0.07482	-0.09659	0.09870	-0.01805	0.09671	-0.00651	0.13623	-0.05675	0.08520	-0.13290	0.03115	(And (Agent $e0 $x0) (Beneficiary $e0 $x1) (Member $x1 hall))
p201406	-0.03752	-0.01576	0.17413	0.09066	-0.13918	-0.03408	-0.06756	0.13783	-0.08283	-0.04626	0.02307	0.12489	0.05239	0.12524	-0.20558	-0.07742	-0.06064	-0.05920	0.04256	0.01897	0.14012	-0.02711	-0.06629	0.03328	0.03021	-0.13962	0.10589	0.03367	0.23726	0.08610	-0.07811	-0.00210	(And (Agent $e0 $x0) (GroupOf $x0 climber) (Theme $e0 $x1))
p201407	-0.15211	0.10248	-0.11083	-0.05866	0.03804	0.00816	-0.09393	-0.07383	-0.09151	-0.05269	-0.07451	0.11370	-0.05661	-0.04497	-0.04549	0.19772	0.26581	0.08960	-0.04757	0.01081	0.02977	-0.03875	0.01399	0.00813	-0.02198	0.05496	0.14416	0.03165	-0.00548	0.07254	-0.08492	-0.05690	(And (Agent $e0 $x0) (GroupOf $x1 forklift) (Theme $e0 $x1))
p201408	0.10682	0.12341	0.08336	-0.11112	-0.20066	-0.07460	0.13969	0.06896	0.15379	-0.00197	-0.04764	0.10035	0.09778	-0.11827	-0.04871	-0.05959	-0.05852	0.06909	-0.07160	-0.04270	-0.07288	-0.04822	0.16835	0.15313	-0.01606	-0.06116	-0.06630	0.02919	0.08958	-0.09729	-0.03723	0.05311	(And (Agent $e0 $x0) (Inheritance pottery_studio studio) (Member $x0 pottery_studio))
p201409	-0.09532	-0.08830	0.16515	-0.09689	0.06000	-0.07361	-0.11560	0.03339	0.11161	-0.10753	0.00345	-0.14648	-0.04711	-0.14386	0.15904	0.06362	-0.05215	0.09417	0.11437	-0.00355	-0.04766	0.11606	-0.00724	0.16068	-0.06264	-0.01261	0.08222	0.01152	-0.00630	0.19532	-0.11231	-0.01498	(And (Agent $e0 $x0) (Location $e0 $x1) (Member $x1 point))
p201410	-0.02552	-0.02603	-0.02349	0.00950	-0.00643	0.04179	0.01503	0.03898	0.02421	0.01213	-0.03875	-0.01654	0.00564	-0.01110	-0.02601	0.00198	-0.00378	0.02382	0.00301	-0.01822	0.02566	-0.02429	-0.01486	-0.00644	-0.02400	-0.01168	-0.01810	-0.02784	-0.03133	0.00803	0.00120	-0.00943	(And (Agent $e0 $x0) (Member $x0 automobile) (Theme $e0 $x1))
p201411	-0.03291	-0.02993	-0.01932	-0.00919	0.00162	0.04950	0.00235	0.03710	0.03048	0.01424	-0.04221	0.01295	-0.00820	-0.01662	-0.02617	-0.01009	-0.00005	0.00405	0.01422	-0.03135	0.03039	-0.02388	-0.00665	-0.01297	-0.02770	0.01897	-0.02713	-0.04030	-0.04057	0.00263	0.00942	-0.00653	(And (Agent $e0 $x0) (Member $x0 club) (Theme $e0 $x1))
p201412	-0.15211	0.10248	-0.11083	-0.05866	0.03804	0.00816	-0.09393	-0.07383	-0.09151	-0.05269	-0.07451	0.11370	-0.05661	-0.04497	-0.04549	0.19772	0.26581	0.08960	-0.04757	0.01081	0.02977	-0.03875	0.01399	0.00813	-0.02198	0.05496	0.14416	0.03165	-0.00548	0.07254	-0.08492	-0.05690	(And (Agent $e0 $x0) (Member $x0 depot) (Past $e0))
p201413	-0.11428	0.03910	-0.04121	-0.05782	0.37513	-0.04057	0.10326	-0.13752	-0.09646	-0.14409	-0.03549	0.11518	0.08100	0.06336	-0.02468	0.05402	-0.00707	-0.10891	-0.01740	-0.05337	0.09926	-0.06227	-0.09294	0.14838	-0.13292	-0.03184	-0.12188	-0.19765	0.07408	0.07303	0.13008	0.08487	(And (Agent $e0 $x0) (Member $x0 electrician) (Past $e0))
p201414	-0.11428	0.03910	-0.04121	-0.05782	0.37513	-0.04057	0.10326	-0.13752	-0.09646	-0.14409	-0.03549	0.11518	0.08100	0.06336	-0.02468	0.05402	-0.00707	-0.10891	-0.01740	-0.05337	0.09926	-0.06227	-0.09294	0.14838	-0.13292	-0.03184	-0.12188	-0.19765	0.07408	0.07303	0.13008	0.08487	(And (Agent $e0 $x0) (Member $x0 electrician) (Patient $e0 $x1))
p201415	0.10682	0.12341	0.08336	-0.11112	-0.20066	-0.07460	0.13969	0.06896	0.15379	-0.00197	-0.04764	0.10035	0.09778	-0.11827	-0.04871	-0.05959	-0.05852	0.06909	-0.07160	-0.04270	-0.07288	-0.04822	0.16835	0.15313	-0.01606	-0.06116	-0.06630	0.02919	0.08958	-0.09729	-0.03723	0.05311	(And (Agent $e0 $x0) (Member $x0 pottery_studio) (Past $e0))
p201416	0.10682	0.12341	0.08336	-0.11112	-0.20066	-0.07460	0.13969	0.06896	0.15379	-0.00197	-0.04764	0.10035	0.09778	-0.11827	-0.04871	-0.05959	-0.05852	0.06909	-0.07160	-0.04270	-0.07288	-0.04822	0.16835	0.15313	-0.01606	-0.06116	-0.06630	0.02919	0.08958	-0.09729	-0.03723	0.05311	(And (Agent $e0 $x0) (Member $x0 pottery_studio) (Theme $e0 $x1))
p201417	0.12014	0.07034	-0.04925	0.23291	0.09247	0.06090	-0.06497	-0.04275	0.09619	-0.09922	0.08648	-0.10041	-0.06496	0.04677	-0.06422	-0.05193	-0.00015	-0.05569	-0.02966	-0.02371	0.06059	-0.07482	-0.09659	0.09870	-0.01806	0.09671	-0.00651	0.13623	-0.05675	0.08520	-0.13290	0.03116	(And (Agent $e0 $x0) (Member $x0 school) (Past $e0))
p201418	0.10682	0.12341	0.08336	-0.11112	-0.20066	-0.07460	0.13969	0.06896	0.15379	-0.00197	-0.04764	0.10035	0.09778	-0.11827	-0.04871	-0.05959	-0.05852	0.06909	-0.07160	-0.04270	-0.07288	-0.04822	0.16835	0.15313	-0.01606	-0.06116	-0.06630	0.02919	0.08958	-0.09729	-0.03723	0.05311	(And (Agent $e0 $x0) (Member $x1 kiln) (Theme $e0 $x1))
p201419	-0.03752	-0.01576	0.17413	0.09066	-0.13919	-0.03408	-0.06756	0.13783	-0.08283	-0.04626	0.02307	0.12489	0.05239	0.12524	-0.20558	-0.07742	-0.06064	-0.05920	0.04256	0.01897	0.14012	-0.02711	-0.06629	0.03328	0.03021	-0.13962	0.10589	0.03367	0.23726	0.08610	-0.07811	-0.00210	(And (Agent $e0 $x0) (Member $x1 north_route) (Theme $e0 $x1))
p201420	-0.03291	-0.02993	-0.01932	-0.00919	0.00162	0.04950	0.00235	0.03710	0.03048	0.01424	-0.04221	0.01295	-0.00820	-0.01662	-0.02617	-0.01009	-0.00005	0.00405	0.01422	-0.03135	0.03039	-0.02388	-0.00665	-0.01297	-0.02770	0.01897	-0.02713	-0.04030	-0.04057	0.00263	0.00942	-0.00653	(And (Agent $e0 $x0) (Member $x1 tournament) (Theme $e0 $x1))
p201421	-0.11428	0.03910	-0.04121	-0.05782	0.37513	-0.04057	0.10326	-0.13752	-0.09646	-0.14409	-0.03549	0.11517	0.08100	0.06336	-0.02468	0.05402	-0.00707	-0.10891	-0.01740	-0.05337	0.09926	-0.06227	-0.09294	0.14838	-0.13292	-0.03184	-0.12188	-0.19765	0.07408	0.07303	0.13008	0.08487	(And (Agent $e0 $x0) (Member $x1 yard_floodlight) (Patient $e0 $x1))
p201423	0.02738	0.04230	0.01044	0.13710	-0.10182	0.18029	-0.11427	-0.01551	0.00394	0.18943	-0.06159	0.14025	0.31030	-0.12867	0.17746	-0.03912	-0.02417	-0.15854	-0.17080	0.04048	-0.16404	0.22452	-0.11296	0.03777	-0.02411	-0.02682	0.14274	0.01813	-0.02390	-0.21496	-0.05130	0.07068	(And (Agent $e0 $x0) (Patient $e1 $x1) (Theme $e0 $e1))
p201424	0.10513	0.04907	-0.02941	0.20354	0.08097	0.03136	-0.05661	-0.03065	0.09386	-0.08285	0.08762	-0.08411	-0.05809	0.04072	-0.05778	-0.04827	-0.01339	-0.06372	-0.02294	0.00491	0.06283	-0.06793	-0.08920	0.09282	-0.02184	0.09501	-0.02624	0.10316	-0.05907	0.06386	-0.12244	0.03885	(And (Beneficiary $e0 $x0) (Member $x1 projector) (Theme $e0 $x1))
p201425	-0.05530	0.00756	0.11079	0.03695	0.03895	0.03881	0.11376	-0.07174	0.18402	0.02832	-0.02218	0.00320	-0.04349	0.20473	-0.17375	-0.06170	0.20759	-0.07865	-0.06622	0.01780	-0.09435	0.20365	-0.06959	-0.08112	0.04492	-0.10172	0.02079	-0.00645	-0.09476	-0.04124	0.00202	0.02215	(And (Cardinality $x0 <num>) (Holder $e0 $x1) (Theme $e0 $x0))
p201426	-0.05770	0.00314	0.09728	0.03685	0.03613	0.04383	0.10758	-0.06712	0.17409	0.02729	-0.02840	0.00579	-0.04284	0.19728	-0.17005	-0.05408	0.20327	-0.07339	-0.06346	0.01296	-0.08723	0.19489	-0.06733	-0.07764	0.03850	-0.09888	0.01942	-0.00687	-0.09169	-0.03680	0.00011	0.01987	(And (Cardinality $x0 <num>) (Member $e0 require) (Theme $e0 $x0))
p201427	-0.01653	0.10839	0.18294	-0.13523	0.01664	0.12882	-0.04584	-0.13096	-0.09279	-0.04139	-0.07962	-0.06804	-0.01548	0.22967	0.28144	-0.05895	-0.12443	0.08359	-0.06052	0.00152	0.09560	-0.07129	-0.00678	-0.09978	-0.04548	-0.03545	-0.01041	0.03808	-0.09275	-0.08607	0.10978	0.07193	(And (GroupOf $x0 lemon) (Past $e0) (Theme $e0 $x0))
p201428	0.08257	-0.08057	0.10749	-0.06758	-0.01811	-0.04280	0.01677	-0.02939	-0.04002	0.02434	0.06889	0.04610	0.10670	-0.08304	0.08181	-0.05013	0.13218	-0.03684	0.10118	-0.06241	0.15961	-0.09969	-0.02355	0.06076	-0.02323	0.11912	-0.07389	-0.04914	-0.10617	-0.07363	0.01455	-0.04266	(And (Inheritance apple_harvest harvest) (Member $x0 apple_harvest) (Patient $e0 $x0))
p201429	-0.03752	-0.01576	0.17413	0.09066	-0.13918	-0.03408	-0.06756	0.13783	-0.08283	-0.04626	0.02307	0.12489	0.05239	0.12524	-0.20558	-0.07742	-0.06064	-0.05920	0.04256	0.01897	0.14012	-0.02711	-0.06629	0.03328	0.03021	-0.13962	0.10589	0.03367	0.23726	0.08610	-0.07811	-0.00210	(And (Inheritance north_route north) (Inheritance north_route route) (Member $x0 north_route))
p201430	-0.03752	-0.01576	0.17413	0.09066	-0.13918	-0.03408	-0.06756	0.13783	-0.08283	-0.04626	0.02307	0.12489	0.05239	0.12524	-0.20558	-0.07742	-0.06064	-0.05920	0.04256	0.01897	0.14012	-0.02711	-0.06629	0.03328	0.03021	-0.13962	0.10589	0.03367	0.23726	0.08610	-0.07811	-0.00210	(And (Inheritance north_route north) (Member $x0 north_route) (Theme $e0 $x0))
p201431	-0.03752	-0.01576	0.17413	0.09066	-0.13919	-0.03408	-0.06756	0.13783	-0.08283	-0.04626	0.02307	0.12489	0.05239	0.12524	-0.20558	-0.07743	-0.06064	-0.05920	0.04256	0.01897	0.14012	-0.02711	-0.06629	0.03328	0.03021	-0.13962	0.10589	0.03367	0.23726	0.08610	-0.07811	-0.00210	(And (Inheritance north_route route) (Member $x0 north_route) (Theme $e0 $x0))
p201432	0.01187	-0.02885	0.03369	-0.01032	-0.02403	-0.01413	-0.00464	-0.00369	-0.00977	0.01035	0.02325	0.02245	0.04382	-0.02872	0.04119	-0.01044	0.06791	-0.00906	0.00546	-0.01792	0.02149	-0.02866	-0.01370	0.02047	0.01362	0.00621	-0.03635	0.02157	-0.03806	-0.01939	-0.01419	-0.02011	(And (Inheritance shoreline_survey survey) (Member $x0 shoreline_survey) (Patient $e0 $x0))
p201433	-0.11428	0.03910	-0.04121	-0.05782	0.37513	-0.04057	0.10326	-0.13752	-0.09646	-0.14409	-0.03549	0.11517	0.08100	0.06336	-0.02468	0.05402	-0.00707	-0.10891	-0.01740	-0.05337	0.09926	-0.06227	-0.09294	0.14838	-0.13292	-0.03184	-0.12188	-0.19765	0.07408	0.07303	0.13008	0.08487	(And (Inheritance yard_floodlight floodlight) (Member $x0 yard_floodlight) (Patient $e0 $x0))
p201434	-0.09532	-0.08830	0.16515	-0.09689	0.06000	-0.07361	-0.11560	0.03339	0.11161	-0.10753	0.00344	-0.14648	-0.04711	-0.14386	0.15904	0.06362	-0.05215	0.09417	0.11437	-0.00355	-0.04766	0.11606	-0.00724	0.16068	-0.06264	-0.01261	0.08222	0.01151	-0.00630	0.19532	-0.11231	-0.01498	(And (Location $e0 $x0) (Member $x0 point) (Theme $e0 $x1))
p201436	0.08257	-0.08057	0.10749	-0.06758	-0.01811	-0.04280	0.01677	-0.02939	-0.04002	0.02434	0.06888	0.04610	0.10670	-0.08304	0.08182	-0.05013	0.13217	-0.03684	0.10118	-0.06241	0.15961	-0.09969	-0.02355	0.06076	-0.02323	0.11912	-0.07390	-0.04914	-0.10617	-0.07363	0.01455	-0.04266	(And (Member $x0 apple_harvest) (Patient $e0 $x0) (Time $e0 (Month september)))
p201437	-0.01653	0.10839	0.18294	-0.13523	0.01664	0.12882	-0.04584	-0.13096	-0.09279	-0.04139	-0.07961	-0.06804	-0.01547	0.22967	0.28144	-0.05895	-0.12443	0.08359	-0.06052	0.00152	0.09560	-0.07128	-0.00678	-0.09978	-0.04547	-0.03545	-0.01041	0.03808	-0.09275	-0.08607	0.10978	0.07193	(And (Member $x0 crate) (Past $e0) (Theme $e0 $x0))
p201438	0.09665	-0.05680	-0.04605	-0.05634	0.16566	-0.03633	-0.12296	0.07277	0.09958	-0.08321	-0.11179	0.17378	-0.11239	-0.06292	0.14012	-0.10709	0.01444	-0.07389	0.04921	-0.01487	-0.02563	-0.00415	0.05154	-0.12819	0.03665	0.03435	0.15971	0.23272	-0.12212	-0.25557	0.24179	0.01320	(And (Member $x0 firm) (Member $x1 tender) (Possession $x1 $x0))
p201439	0.10513	0.04907	-0.02941	0.20354	0.08097	0.03136	-0.05661	-0.03065	0.09386	-0.08285	0.08762	-0.08411	-0.05809	0.04072	-0.05778	-0.04827	-0.01339	-0.06372	-0.02294	0.00491	0.06283	-0.06793	-0.08920	0.09282	-0.02184	0.09501	-0.02624	0.10316	-0.05907	0.06386	-0.12244	0.03885	(And (Member $x0 projector) (Past $e0) (Theme $e0 $x0))
p201440	0.01187	-0.02885	0.03369	-0.01032	-0.02403	-0.01413	-0.00464	-0.00369	-0.00977	0.01035	0.02325	0.02245	0.04383	-0.02872	0.04120	-0.01044	0.06791	-0.00906	0.00546	-0.01792	0.02149	-0.02866	-0.01370	0.02047	0.01362	0.00621	-0.03635	0.02157	-0.03806	-0.01939	-0.01419	-0.02011	(And (Member $x0 shoreline_survey) (Patient $e0 $x0) (Time $e0 dawn))
p201441	-0.11428	0.03910	-0.04121	-0.05782	0.37513	-0.04057	0.10326	-0.13752	-0.09646	-0.14409	-0.03549	0.11518	0.08100	0.06336	-0.02468	0.05402	-0.00707	-0.10891	-0.01740	-0.05337	0.09926	-0.06227	-0.09294	0.14838	-0.13292	-0.03184	-0.12188	-0.19765	0.07408	0.07303	0.13008	0.08487	(And (Member $x0 yard_floodlight) (Past $e0) (Patient $e0 $x0))
p201533	0.00775	-0.02651	0.03687	-0.04125	-0.05477	0.00475	-0.01729	0.01621	0.00902	-0.05785	-0.05162	0.04766	-0.04986	-0.00321	0.01793	-0.01948	-0.00862	-0.04124	0.03133	-0.02361	-0.07600	-0.05807	0.05621	-0.08810	0.20432	0.09244	0.00724	0.00421	-0.07582	0.10904	-0.08028	0.17618	(And (Inheritance afternoon_session session) (Member $x0 afternoon_session))
p201534	0.08257	-0.08057	0.10749	-0.06758	-0.01811	-0.04280	0.01677	-0.02939	-0.04002	0.02434	0.06889	0.04610	0.10670	-0.08304	0.08182	-0.05013	0.13218	-0.03684	0.10118	-0.06241	0.15961	-0.09969	-0.02355	0.06076	-0.02323	0.11912	-0.07389	-0.04914	-0.10617	-0.07363	0.01455	-0.04266	(And (Inheritance apple_harvest harvest) (Member $x0 apple_harvest))
p201535	0.08413	-0.07543	0.10452	-0.06407	-0.00592	-0.04327	0.01096	-0.02461	-0.04186	0.02002	0.06851	0.05334	0.11126	-0.08518	0.07552	-0.04777	0.16311	-0.04285	0.09870	-0.06024	0.15259	-0.09853	-0.02741	0.06510	-0.02618	0.11730	-0.07935	-0.05531	-0.10287	-0.07617	0.01130	-0.04566	(And (Inheritance dress_rehearsal rehearsal) (Member $x0 dress_rehearsal))
p201536	-0.01516	-0.02142	-0.00931	0.00069	-0.01437	0.02472	0.00474	0.02037	0.01798	-0.00608	-0.03333	-0.00199	-0.00402	-0.00691	-0.01142	-0.00008	-0.00221	0.00898	0.00483	-0.01648	-0.00300	-0.02672	-0.00100	-0.01783	0.02112	0.00415	-0.01195	-0.01492	-0.02544	0.03017	-0.01809	0.02261	(And (Inheritance evening_flight flight) (Member $x0 evening_flight))
p201537	-0.02164	-0.02415	-0.02280	0.00764	-0.00677	0.03681	0.01453	0.02983	0.02139	0.01169	-0.03238	-0.01852	0.00733	-0.00933	-0.02193	0.00320	-0.00316	0.02726	0.00089	-0.01969	0.02501	-0.02396	-0.01904	-0.00202	-0.02148	-0.01171	-0.01913	-0.02624	-0.01983	0.00772	0.00245	-0.01413	(And (Inheritance loan_application application) (Member $x0 loan_application))
p201538	-0.03752	-0.01576	0.17413	0.09066	-0.13918	-0.03408	-0.06756	0.13783	-0.08283	-0.04626	0.02307	0.12489	0.05239	0.12524	-0.20558	-0.07742	-0.06064	-0.05920	0.04256	0.01897	0.14012	-0.02711	-0.06629	0.03328	0.03021	-0.13962	0.10589	0.03367	0.23726	0.08610	-0.07811	-0.00210	(And (Inheritance north_route north) (Member $x0 north_route))
p201539	-0.03752	-0.01576	0.17413	0.09066	-0.13919	-0.03408	-0.06756	0.13783	-0.08283	-0.04626	0.02307	0.12489	0.05239	0.12524	-0.20558	-0.07743	-0.06064	-0.05920	0.04256	0.01897	0.14012	-0.02711	-0.06629	0.03328	0.03021	-0.13962	0.10589	0.03367	0.23726	0.08610	-0.07811	-0.00210	(And (Inheritance north_route route) (Member $x0 north_route))
p201540	-0.01267	-0.02623	-0.01474	0.00217	0.00919	0.02809	-0.01145	0.02636	0.02999	0.00410	-0.03849	0.02483	-0.01455	-0.01329	-0.01506	-0.01800	0.00093	-0.00046	0.00584	-0.01945	0.02567	-0.01729	-0.01313	-0.01287	-0.01454	-0.00172	-0.00285	-0.01241	-0.02949	-0.02542	0.02275	-0.00735	(And (Inheritance rescue_team team) (Member $x0 rescue_team))
p201541	0.01187	-0.02885	0.03369	-0.01032	-0.02403	-0.01413	-0.00464	-0.00369	-0.00977	0.01035	0.02325	0.02245	0.04382	-0.02872	0.04119	-0.01044	0.06791	-0.00906	0.00546	-0.01792	0.02149	-0.02866	-0.01370	0.02047	0.01362	0.00621	-0.03635	0.02157	-0.03806	-0.01939	-0.01419	-0.02011	(And (Inheritance shoreline_survey survey) (Member $x0 shoreline_survey))
p201542	0.01372	-0.02023	0.03949	-0.04127	-0.05250	-0.00367	-0.02042	0.00665	0.00148	-0.06101	-0.04282	0.04865	-0.05017	-0.00135	0.02531	-0.01963	-0.00818	-0.04328	0.02763	-0.02152	-0.07942	-0.05235	0.05581	-0.08474	0.20576	0.09096	0.00984	0.00993	-0.06380	0.10630	-0.07935	0.17161	(And (Inheritance summer_fair fair) (Member $x0 summer_fair))
p201571	-0.01570	0.02023	0.03385	0.01297	0.00887	0.00502	-0.04664	-0.02464	0.05281	0.00352	0.00613	0.02813	-0.02676	0.05419	-0.05194	-0.01559	0.05352	-0.01759	-0.02209	0.00483	-0.04191	0.08183	-0.02363	-0.01564	0.03000	-0.03353	-0.02727	0.01495	0.02003	-0.02367	-0.00245	0.00265	(And (Inheritance monthly_servicing monthly) (Inheritance monthly_servicing servicing))
p201572	-0.03752	-0.01576	0.17413	0.09066	-0.13919	-0.03408	-0.06756	0.13783	-0.08283	-0.04626	0.02307	0.12489	0.05239	0.12524	-0.20558	-0.07743	-0.06064	-0.05920	0.04256	0.01897	0.14012	-0.02711	-0.06629	0.03328	0.03021	-0.13962	0.10589	0.03367	0.23726	0.08610	-0.07811	-0.00210	(And (Inheritance north_route north) (Inheritance north_route route))
p201586	0.00775	-0.02651	0.03687	-0.04125	-0.05477	0.00475	-0.01729	0.01621	0.00902	-0.05785	-0.05162	0.04766	-0.04986	-0.00321	0.01793	-0.01948	-0.00862	-0.04124	0.03133	-0.02361	-0.07600	-0.05807	0.05621	-0.08810	0.20432	0.09244	0.00724	0.00421	-0.07582	0.10904	-0.08028	0.17618	(Inheritance afternoon_session session)
p201587	0.08257	-0.08057	0.10749	-0.06758	-0.01811	-0.04280	0.01677	-0.02939	-0.04002	0.02434	0.06889	0.04610	0.10670	-0.08304	0.08181	-0.05013	0.13218	-0.03684	0.10118	-0.06241	0.15961	-0.09969	-0.02355	0.06076	-0.02323	0.11912	-0.07389	-0.04914	-0.10617	-0.07363	0.01455	-0.04266	(Inheritance apple_harvest harvest)
p201588	0.08413	-0.07543	0.10452	-0.06407	-0.00592	-0.04327	0.01096	-0.02461	-0.04186	0.02002	0.06851	0.05334	0.11126	-0.08518	0.07552	-0.04777	0.16311	-0.04285	0.09870	-0.06024	0.15259	-0.09853	-0.02741	0.06510	-0.02618	0.11731	-0.07935	-0.05531	-0.10287	-0.07617	0.01130	-0.04566	(Inheritance dress_rehearsal rehearsal)
p201589	-0.01516	-0.02142	-0.00931	0.00069	-0.01437	0.02472	0.00474	0.02037	0.01798	-0.00608	-0.03333	-0.00199	-0.00402	-0.00691	-0.01142	-0.00008	-0.00221	0.00898	0.00483	-0.01648	-0.00300	-0.02672	-0.00100	-0.01783	0.02113	0.00416	-0.01195	-0.01492	-0.02544	0.03017	-0.01809	0.02261	(Inheritance evening_flight flight)
p201590	-0.02164	-0.02415	-0.02280	0.00764	-0.00677	0.03681	0.01453	0.02983	0.02139	0.01169	-0.03238	-0.01852	0.00734	-0.00933	-0.02193	0.00320	-0.00316	0.02726	0.00089	-0.01969	0.02501	-0.02396	-0.01904	-0.00202	-0.02148	-0.01171	-0.01913	-0.02624	-0.01983	0.00772	0.00245	-0.01413	(Inheritance loan_application application)
p201591	-0.01570	0.02023	0.03385	0.01297	0.00887	0.00501	-0.04664	-0.02464	0.05281	0.00352	0.00612	0.02813	-0.02676	0.05419	-0.05195	-0.01559	0.05352	-0.01759	-0.02210	0.00483	-0.04191	0.08183	-0.02363	-0.01564	0.02999	-0.03353	-0.02727	0.01495	0.02003	-0.02367	-0.00245	0.00265	(Inheritance monthly_servicing monthly)
p201592	-0.01570	0.02023	0.03385	0.01297	0.00887	0.00501	-0.04664	-0.02464	0.05281	0.00352	0.00612	0.02813	-0.02676	0.05419	-0.05195	-0.01560	0.05352	-0.01759	-0.02210	0.00483	-0.04191	0.08183	-0.02364	-0.01564	0.02999	-0.03353	-0.02727	0.01495	0.02003	-0.02367	-0.00245	0.00265	(Inheritance monthly_servicing servicing)
p201593	-0.03752	-0.01576	0.17413	0.09066	-0.13919	-0.03408	-0.06756	0.13783	-0.08283	-0.04626	0.02307	0.12489	0.05239	0.12524	-0.20558	-0.07742	-0.06064	-0.05920	0.04256	0.01897	0.14012	-0.02711	-0.06629	0.03328	0.03021	-0.13962	0.10589	0.03367	0.23726	0.08610	-0.07811	-0.00210	(Inheritance north_route north)
p201594	-0.03752	-0.01576	0.17413	0.09065	-0.13918	-0.03408	-0.06756	0.13783	-0.08283	-0.04626	0.02307	0.12489	0.05239	0.12524	-0.20558	-0.07742	-0.06064	-0.05920	0.04256	0.01897	0.14012	-0.02711	-0.06629	0.03328	0.03021	-0.13962	0.10589	0.03367	0.23726	0.08610	-0.07811	-0.00210	(Inheritance north_route route)
p201595	-0.01267	-0.02623	-0.01474	0.00217	0.00919	0.02809	-0.01145	0.02636	0.03000	0.00410	-0.03849	0.02483	-0.01456	-0.01329	-0.01506	-0.01800	0.00093	-0.00046	0.00583	-0.01945	0.02567	-0.01729	-0.01313	-0.01286	-0.01454	-0.00172	-0.00285	-0.01241	-0.02949	-0.02542	0.02275	-0.00735	(Inheritance rescue_team team)
p201596	0.01187	-0.02885	0.03369	-0.01032	-0.02403	-0.01413	-0.00464	-0.00369	-0.00977	0.01035	0.02325	0.02245	0.04382	-0.02872	0.04119	-0.01044	0.06791	-0.00906	0.00545	-0.01792	0.02149	-0.02866	-0.01370	0.02047	0.01362	0.00621	-0.03635	0.02157	-0.03806	-0.01939	-0.01419	-0.02011	(Inheritance shoreline_survey survey)
p201597	0.01372	-0.02023	0.03949	-0.04127	-0.05250	-0.00367	-0.02042	0.00665	0.00148	-0.06101	-0.04282	0.04865	-0.05017	-0.00135	0.02531	-0.01963	-0.00818	-0.04328	0.02763	-0.02152	-0.07942	-0.05235	0.05581	-0.08474	0.20576	0.09096	0.00984	0.00993	-0.06380	0.10630	-0.07935	0.17161	(Inheritance summer_fair fair)
p201622	0.12014	0.07034	-0.04925	0.23291	0.09247	0.06090	-0.06497	-0.04275	0.09619	-0.09922	0.08648	-0.10041	-0.06496	0.04677	-0.06422	-0.05193	-0.00015	-0.05569	-0.02966	-0.02371	0.06059	-0.07482	-0.09659	0.09870	-0.01805	0.09671	-0.00651	0.13623	-0.05675	0.08520	-0.13290	0.03115	(And (Agent $e0 $x0) (Beneficiary $e0 $x1) (Past $e0) (Theme $e0 $x2))
p201623	-0.13665	0.01789	-0.16405	0.10913	0.01030	-0.08892	-0.04258	-0.10067	0.30797	0.16946	-0.06799	-0.10989	-0.08216	-0.19491	0.23066	-0.01561	0.12726	-0.01666	-0.05136	0.15317	0.23964	-0.04577	0.17600	-0.15644	-0.01141	-0.11989	-0.05422	-0.09789	0.33364	0.02383	0.05275	0.02864	(And (Agent $e0 $x0) (Member $e0 build) (Past $e0) (Patient $e0 $x1))
p201633	0.12014	0.07034	-0.04925	0.23291	0.09247	0.06090	-0.06497	-0.04275	0.09619	-0.09922	0.08648	-0.10041	-0.06496	0.04677	-0.06422	-0.05193	-0.00015	-0.05569	-0.02966	-0.02371	0.06059	-0.07482	-0.09659	0.09870	-0.01805	0.09671	-0.00651	0.13623	-0.05675	0.08520	-0.13290	0.03115	(And (Agent $e0 $x0) (Beneficiary $e0 $x1) (Past $e0))
p201634	0.12014	0.07034	-0.04925	0.23291	0.09247	0.06090	-0.06497	-0.04275	0.09619	-0.09922	0.08648	-0.10041	-0.06496	0.04677	-0.06422	-0.05193	-0.00015	-0.05569	-0.02966	-0.02371	0.06059	-0.07482	-0.09659	0.09870	-0.01805	0.09671	-0.00651	0.13623	-0.05675	0.08520	-0.13290	0.03115	(And (Agent $e0 $x0) (Beneficiary $e0 $x1) (Theme $e0 $x2))
p201635	-0.03752	-0.01576	0.17413	0.09066	-0.13918	-0.03408	-0.06756	0.13783	-0.08283	-0.04626	0.02307	0.12489	0.05239	0.12524	-0.20558	-0.07742	-0.06064	-0.05920	0.04256	0.01897	0.14012	-0.02711	-0.06629	0.03328	0.03021	-0.13962	0.10589	0.03367	0.23726	0.08610	-0.07811	-0.00210	(And (Agent $e0 $x0) (Cardinality $x0 <num>) (GroupOf $x0 climber))
p201636	-0.03945	-0.06492	-0.06174	-0.00860	0.08195	-0.09792	-0.03567	0.06200	-0.06899	0.11173	-0.02822	-0.04725	-0.06997	0.15010	-0.00910	-0.02395	0.03290	0.04525	-0.03515	-0.02778	0.07518	-0.06370	0.14817	0.12750	0.10731	0.05603	0.01674	-0.01891	-0.09821	-0.07380	-0.05631	-0.04120	(And (Agent $e0 $x0) (CoAgent $e0 $x1) (Location $e0 $x2))
p201637	-0.06944	-0.11618	-0.10403	-0.01248	0.12697	-0.16196	-0.05512	0.09081	-0.11692	0.22650	-0.03986	-0.08965	-0.11185	0.26251	-0.00573	-0.03064	0.03368	0.09064	-0.03396	-0.05144	0.14809	-0.11554	0.24257	0.24139	0.15480	0.08027	0.02749	-0.03619	-0.15941	-0.13845	-0.09852	-0.07777	(And (Agent $e0 $x0) (Location $e0 $x1) (Member $e0 work))
p201638	-0.09532	-0.08830	0.16515	-0.09689	0.06000	-0.07361	-0.11560	0.03339	0.11161	-0.10753	0.00344	-0.14648	-0.04711	-0.14386	0.15904	0.06362	-0.05215	0.09417	0.11437	-0.00355	-0.04766	0.11606	-0.00724	0.16068	-0.06264	-0.01261	0.08222	0.01151	-0.00630	0.19532	-0.11231	-0.01498	(And (Agent $e0 $x0) (Location $e0 $x1) (Theme $e0 $x2))
p201639	-0.13665	0.01789	-0.16405	0.10913	0.01030	-0.08892	-0.04258	-0.10067	0.30797	0.16946	-0.06799	-0.10989	-0.08216	-0.19491	0.23066	-0.01561	0.12726	-0.01666	-0.05136	0.15317	0.23964	-0.04577	0.17600	-0.15644	-0.01141	-0.11989	-0.05422	-0.09789	0.33364	0.02383	0.05275	0.02864	(And (Agent $e0 $x0) (Member $e0 build) (Past $e0))
p201641	-0.05787	0.00277	0.10055	0.03706	0.03669	0.04490	0.11041	-0.06866	0.17560	0.02777	-0.02875	0.00602	-0.04323	0.20125	-0.17263	-0.05550	0.20772	-0.07465	-0.06400	0.01227	-0.08848	0.19671	-0.06835	-0.07875	0.03967	-0.10007	0.01967	-0.00737	-0.09385	-0.03739	0.00047	0.02025	(And (Cardinality $x0 <num>) (GroupOf $x0 egg) (Theme $e0 $x0))
p201642	-0.01653	0.10839	0.18294	-0.13523	0.01665	0.12882	-0.04583	-0.13096	-0.09279	-0.04139	-0.07961	-0.06804	-0.01547	0.22967	0.28144	-0.05895	-0.12443	0.08359	-0.06052	0.00152	0.09560	-0.07128	-0.00678	-0.09978	-0.04547	-0.03545	-0.01041	0.03808	-0.09275	-0.08607	0.10978	0.07193	(And (GroupOf $x0 lemon) (Member $x0 crate) (Theme $e0 $x0))
p201643	-0.08217	-0.02941	0.01222	-0.06218	0.05333	0.14401	-0.02768	-0.11088	-0.02620	-0.04589	0.27558	0.03638	0.05701	0.00869	-0.08116	-0.03328	-0.06309	-0.05935	0.06183	0.03557	0.00713	0.08595	0.23850	-0.07389	-0.04539	-0.01615	0.02830	0.03967	0.00911	0.08470	-0.06542	0.00545	(And (Member $x0 budget) (Possession $x0 next_year) (Theme $e0 $x0))
p201675	0.12014	0.07034	-0.04925	0.23291	0.09247	0.06090	-0.06497	-0.04275	0.09619	-0.09922	0.08648	-0.10041	-0.06496	0.04677	-0.06422	-0.05193	-0.00015	-0.05569	-0.02966	-0.02371	0.06059	-0.07482	-0.09659	0.09870	-0.01806	0.09671	-0.00651	0.13623	-0.05675	0.08520	-0.13290	0.03116	(And (Agent $e0 $x0) (Beneficiary $e0 $x1))
p201676	0.00500	-0.02330	-0.02298	0.02131	0.00089	0.00215	-0.00556	-0.01818	-0.00732	-0.00816	-0.02596	-0.00758	0.02837	-0.00086	0.00926	0.00325	-0.00358	0.04126	-0.00729	-0.01704	-0.00199	-0.00876	-0.00630	0.00213	0.01465	-0.00797	-0.00808	-0.00326	0.02460	0.00507	-0.00404	-0.02514	(And (Agent $e0 $x0) (Future $e0))
p201677	0.00497	-0.00420	-0.04038	0.02542	-0.01376	0.00127	0.05725	-0.02906	-0.01709	-0.01256	-0.01214	-0.02553	0.01095	0.00771	0.01566	0.00301	-0.04432	0.02016	-0.03278	-0.01022	-0.00719	-0.00632	-0.00087	-0.01258	0.00837	-0.00650	0.05167	-0.02170	0.03995	0.04090	-0.00262	-0.02843	(And (Agent $e0 $x0) (Goal $e0 $x1))
p201678	-0.03752	-0.01576	0.17413	0.09066	-0.13919	-0.03408	-0.06756	0.13783	-0.08283	-0.04626	0.02307	0.12489	0.05239	0.12524	-0.20558	-0.07743	-0.06064	-0.05920	0.04256	0.01897	0.14012	-0.02711	-0.06629	0.03328	0.03021	-0.13962	0.10589	0.03367	0.23726	0.08610	-0.07811	-0.00210	(And (Agent $e0 $x0) (GroupOf $x0 climber))
p201679	0.00560	0.00241	-0.02248	0.00583	-0.02540	0.05503	0.02816	0.02547	-0.01676	0.01247	-0.04158	-0.01170	0.03955	-0.00713	-0.00499	-0.00670	-0.01101	-0.00318	-0.00135	-0.01907	-0.01879	-0.00903	-0.00953	-0.01383	-0.01591	-0.01934	0.02800	-0.03686	-0.01851	0.02028	0.02201	0.00526	(And (Agent $e0 $x0) (Member $e0 take))
p201680	0.01448	-0.00461	-0.03685	0.03709	-0.00416	0.01003	0.03592	-0.01454	-0.01501	0.01622	-0.01826	-0.03299	0.00640	-0.00237	0.01955	0.00351	-0.02971	0.01271	-0.01010	-0.01122	-0.01031	-0.01149	-0.00391	0.01251	0.01061	-0.02116	0.06519	-0.02357	0.01574	0.01155	-0.00485	-0.02724	(And (Agent $e0 $x0) (Member $e0 walk))
p201681	-0.06944	-0.11618	-0.10403	-0.01248	0.12697	-0.16196	-0.05512	0.09081	-0.11692	0.22650	-0.03986	-0.08965	-0.11185	0.26251	-0.00573	-0.03064	0.03368	0.09064	-0.03396	-0.05144	0.14809	-0.11554	0.24257	0.24139	0.15480	0.08027	0.02749	-0.03619	-0.15941	-0.13845	-0.09852	-0.07777	(And (Agent $e0 $x0) (Member $e0 work))
p201682	-0.02552	-0.02603	-0.02349	0.00950	-0.00643	0.04179	0.01503	0.03898	0.02421	0.01213	-0.03875	-0.01654	0.00564	-0.01110	-0.02601	0.00198	-0.00378	0.02382	0.00301	-0.01822	0.02566	-0.02429	-0.01486	-0.00644	-0.02400	-0.01168	-0.01810	-0.02784	-0.03133	0.00803	0.00120	-0.00943	(And (Agent $e0 $x0) (Member $x0 automobile))
p201683	-0.03291	-0.02993	-0.01932	-0.00919	0.00162	0.04950	0.00235	0.03710	0.03048	0.01425	-0.04221	0.01295	-0.00820	-0.01662	-0.02617	-0.01009	-0.00005	0.00406	0.01422	-0.03135	0.03039	-0.02388	-0.00665	-0.01297	-0.02770	0.01897	-0.02713	-0.04030	-0.04057	0.00263	0.00942	-0.00653	(And (Agent $e0 $x0) (Member $x0 club))
p201684	-0.11428	0.03910	-0.04121	-0.05782	0.37513	-0.04057	0.10326	-0.13752	-0.09646	-0.14409	-0.03549	0.11518	0.08100	0.06336	-0.02468	0.05402	-0.00707	-0.10891	-0.01740	-0.05337	0.09926	-0.06227	-0.09294	0.14838	-0.13292	-0.03184	-0.12188	-0.19765	0.07408	0.07303	0.13008	0.08487	(And (Agent $e0 $x0) (Member $x0 electrician))
p201685	-0.03807	-0.02047	-0.04392	0.03221	0.03792	-0.03613	0.01128	-0.02752	-0.03555	-0.04699	-0.00997	-0.00764	0.02893	0.02764	0.01735	0.00379	-0.01519	0.02412	0.01155	0.04318	-0.00821	0.02799	0.03858	-0.00729	-0.01818	-0.00187	-0.00262	0.06580	0.03000	-0.00445	-0.03256	-0.01268	(And (Agent $e0 $x0) (Member $x0 family))
p201686	-0.06332	-0.01302	-0.01516	-0.01203	0.06056	0.05976	-0.01196	-0.02913	-0.02837	-0.04419	0.11317	-0.00333	0.07789	0.01956	-0.05340	-0.00217	-0.02754	-0.02361	0.02218	0.05038	-0.00538	0.04639	0.12206	-0.04382	-0.03514	-0.04225	0.00870	0.04279	-0.00800	0.06965	-0.05490	0.00062	(And (Agent $e0 $x0) (Member $x0 judge))
p201687	0.10682	0.12341	0.08336	-0.11112	-0.20066	-0.07460	0.13969	0.06896	0.15379	-0.00197	-0.04764	0.10035	0.09778	-0.11827	-0.04871	-0.05959	-0.05852	0.06909	-0.07160	-0.04270	-0.07288	-0.04822	0.16835	0.15313	-0.01606	-0.06116	-0.06630	0.02919	0.08958	-0.09729	-0.03723	0.05311	(And (Agent $e0 $x0) (Member $x0 pottery_studio))
p201688	0.00775	-0.02651	0.03687	-0.04125	-0.05477	0.00475	-0.01729	0.01621	0.00902	-0.05785	-0.05162	0.04766	-0.04986	-0.00321	0.01793	-0.01948	-0.00862	-0.04124	0.03133	-0.02361	-0.07600	-0.05807	0.05621	-0.08810	0.20432	0.09244	0.00724	0.00421	-0.07582	0.10904	-0.08028	0.17618	(And (Agent $e0 $x0) (Member $x0 tutor))
p201689	-0.03949	0.00413	-0.05139	0.02823	0.09235	-0.00460	0.01710	0.02884	-0.07749	-0.09789	0.01747	-0.10491	0.16951	0.07415	-0.03472	0.03326	-0.01275	0.00494	0.01848	0.12781	-0.05866	-0.01431	0.12362	-0.04031	-0.03396	-0.12759	0.05212	0.13159	0.00498	0.09978	-0.09445	0.01963	(And (Agent $e0 $x0) (Patient $e0 $e1))
p201690	0.05327	-0.10288	-0.05625	-0.12814	-0.09505	0.02380	-0.04677	-0.14789	0.20869	0.04800	-0.05443	-0.05093	0.16850	0.14398	-0.07887	0.07031	-0.13798	0.08931	0.15353	-0.07304	-0.04161	-0.08211	-0.01067	-0.09553	-0.04193	0.21131	0.12314	-0.09230	0.13839	-0.02044	0.09628	0.00307	(And (Agent $e0 $x0) (Theme $e0 glazing))
p201692	0.27522	0.02905	-0.06497	-0.01256	-0.11932	0.10200	0.03044	0.25048	-0.14752	-0.09651	-0.07222	-0.04820	-0.00952	0.03853	0.04859	-0.06722	0.17644	-0.04449	0.02539	0.00280	-0.19791	0.02121	0.08060	0.02406	-0.00221	0.01409	-0.03162	-0.05724	0.03368	0.11284	0.11001	-0.09129	(And (Also appear $e0) (Past $e0))
p201693	-0.03752	-0.01576	0.17413	0.09066	-0.13919	-0.03408	-0.06756	0.13783	-0.08283	-0.04626	0.02307	0.12489	0.05239	0.12524	-0.20558	-0.07743	-0.06064	-0.05920	0.04256	0.01897	0.14012	-0.02711	-0.06629	0.03328	0.03021	-0.13962	0.10589	0.03367	0.23726	0.08610	-0.07811	-0.00210	(And (Cardinality $x0 <num>) (GroupOf $x0 climber))
p201694	-0.05787	0.00277	0.10055	0.03706	0.03669	0.04490	0.11041	-0.06866	0.17560	0.02777	-0.02875	0.00602	-0.04323	0.20125	-0.17263	-0.05550	0.20772	-0.07465	-0.06400	0.01227	-0.08848	0.19671	-0.06835	-0.07875	0.03967	-0.10007	0.01967	-0.00737	-0.09385	-0.03739	0.00047	0.02025	(And (Cardinality $x0 <num>) (GroupOf $x0 egg))
p201695	-0.03945	-0.06492	-0.06174	-0.00860	0.08195	-0.09792	-0.03567	0.06200	-0.06900	0.11172	-0.02822	-0.04725	-0.06997	0.15010	-0.00910	-0.02395	0.03290	0.04525	-0.03515	-0.02778	0.07518	-0.06370	0.14817	0.12750	0.10731	0.05603	0.01674	-0.01891	-0.09821	-0.07380	-0.05631	-0.04120	(And (CoAgent $e0 $x0) (Location $e0 $x1))
p201697	-0.02171	0.04213	-0.00795	-0.01620	-0.01644	-0.01963	-0.03162	0.02460	-0.01773	-0.00465	-0.01119	0.00901	-0.02946	0.01309	-0.02712	-0.00786	-0.00214	-0.04341	0.05873	0.04871	-0.03017	0.02711	0.01251	0.00456	-0.04185	0.04065	-0.01262	-0.00840	0.03921	-0.02210	-0.00570	0.02811	(And (Experiencer $e0 $x0) (Past $e0))
p201698	-0.05787	0.00277	0.10055	0.03706	0.03669	0.04490	0.11041	-0.06866	0.17560	0.02777	-0.02875	0.00602	-0.04323	0.20125	-0.17263	-0.05550	0.20772	-0.07465	-0.06400	0.01227	-0.08848	0.19671	-0.06835	-0.07875	0.03967	-0.10007	0.01967	-0.00737	-0.09385	-0.03739	0.00047	0.02025	(And (GroupOf $x0 egg) (Theme $e0 $x0))
p201699	-0.01653	0.10839	0.18294	-0.13523	0.01664	0.12882	-0.04584	-0.13096	-0.09279	-0.04139	-0.07961	-0.06804	-0.01548	0.22967	0.28144	-0.05895	-0.12443	0.08359	-0.06052	0.00152	0.09560	-0.07129	-0.00678	-0.09978	-0.04548	-0.03545	-0.01041	0.03808	-0.09275	-0.08607	0.10978	0.07193	(And (GroupOf $x0 lemon) (Theme $e0 $x0))
p201700	-0.01439	0.03591	0.00808	-0.01157	0.00646	-0.01692	-0.01991	0.04412	0.00725	0.04541	-0.00092	-0.02280	-0.02709	-0.02624	0.00196	-0.00896	-0.00831	-0.04005	0.02069	0.03973	-0.01843	0.01357	-0.00639	0.03170	-0.04640	0.01792	0.03399	-0.03616	-0.01992	-0.03933	-0.00412	0.00696	(And (Location $e0 $x0) (Member $e0 find))
p201701	0.01205	0.00513	-0.02510	0.04052	-0.00239	0.02505	-0.01295	0.00016	-0.00982	0.03527	-0.02670	-0.02324	0.02069	-0.01210	0.01675	-0.00111	-0.01509	-0.00357	-0.00621	-0.00201	-0.02625	0.01558	-0.01050	0.02397	-0.00464	-0.02846	0.05381	-0.01502	0.00476	-0.02469	-0.00526	-0.01900	(And (Location $e0 $x0) (Member $e0 walk))
p201702	-0.09532	-0.08830	0.16515	-0.09689	0.06000	-0.07361	-0.11560	0.03339	0.11161	-0.10753	0.00345	-0.14648	-0.04711	-0.14386	0.15904	0.06362	-0.05215	0.09417	0.11437	-0.00355	-0.04766	0.11606	-0.00724	0.16068	-0.06264	-0.01261	0.08222	0.01152	-0.00630	0.19532	-0.11231	-0.01498	(And (Location $e0 $x0) (Member $x0 point))
p201703	-0.01117	0.02997	0.00148	-0.01152	-0.09564	0.07073	0.08819	-0.03576	-0.01311	0.15991	-0.01991	0.03321	-0.03545	-0.03126	-0.04496	-0.01277	-0.06343	-0.10087	-0.03231	-0.05050	-0.05635	0.02116	-0.05647	0.08722	-0.07418	0.04622	0.13605	-0.18100	-0.01149	0.03845	0.03695	0.08225	(And (Location $e0 $x0) (Past $e0))
p201704	0.42634	0.06254	-0.07869	-0.04509	-0.18009	0.18317	0.01295	0.39886	-0.20517	-0.13675	-0.11870	-0.09312	0.00028	0.05038	0.06358	-0.09557	0.27227	-0.09325	0.00659	0.00224	-0.30790	0.01300	0.10905	0.02997	-0.00679	0.00334	-0.03123	-0.09176	0.04412	0.17398	0.17245	-0.11368	(And (Member $e0 appear) (Past $e0))
p201705	-0.01938	0.08256	0.00385	-0.00713	-0.05991	0.01754	0.05281	0.04382	-0.01242	0.06286	-0.02629	-0.02663	0.02358	0.02692	-0.05534	0.00854	-0.01208	-0.04117	0.10438	0.00961	-0.01687	-0.01317	-0.01230	-0.05484	-0.02239	-0.07660	-0.02006	0.06557	-0.05231	0.06663	0.02280	0.01510	(And (Member $e0 become) (Patient $e0 $x0))
p201706	-0.01435	-0.02160	-0.00712	-0.00340	-0.01137	0.01346	0.03043	0.06168	0.01287	0.00976	-0.02903	-0.02654	0.00664	-0.01161	-0.02372	0.01020	0.01927	-0.00155	0.01228	0.00884	0.02309	-0.02389	-0.01350	0.00157	-0.02835	-0.02589	-0.01935	0.00631	-0.04162	-0.00372	-0.02046	0.01723	(And (Member $e0 borrow) (Theme $e0 $x0))
p201707	-0.01469	-0.02469	0.00824	-0.01717	-0.04483	-0.01229	0.00344	-0.00897	-0.00859	0.02377	0.00317	0.01413	0.00847	-0.00014	0.00190	-0.00015	0.01638	0.00042	-0.00422	-0.02414	0.00788	-0.00262	-0.00676	0.01346	0.00023	-0.00016	-0.02479	0.04989	-0.02185	0.02734	0.00738	-0.01438	(And (Member $e0 die) (Patient $e0 $x0))
p201708	-0.02994	-0.03739	0.00335	-0.02125	-0.07327	-0.00634	0.02039	-0.01046	-0.01500	0.05463	-0.01902	0.00791	0.02707	0.02166	-0.02300	0.00495	-0.00494	0.01674	-0.00294	-0.04184	0.02206	0.00321	-0.00943	0.00554	-0.01260	-0.01703	-0.02976	0.08507	-0.04682	0.06868	0.03077	-0.02404	(And (Member $e0 direct) (Patient $e0 $x0))
p201709	-0.02725	-0.02444	0.00689	-0.00335	-0.00902	-0.00414	0.01207	0.06427	0.02674	-0.00075	-0.02970	-0.01397	-0.00782	-0.01801	-0.02312	-0.01645	-0.00489	-0.01328	0.00137	0.05728	0.02316	-0.03170	-0.00938	-0.00869	-0.03074	0.03303	-0.00122	-0.01052	-0.05925	-0.02692	0.00101	0.01464	(And (Member $e0 receive) (Theme $e0 $x0))
p201710	0.08257	-0.08057	0.10749	-0.06758	-0.01811	-0.04280	0.01677	-0.02939	-0.04002	0.02434	0.06889	0.04610	0.10670	-0.08304	0.08182	-0.05013	0.13217	-0.03684	0.10118	-0.06241	0.15961	-0.09969	-0.02355	0.06076	-0.02323	0.11912	-0.07389	-0.04914	-0.10617	-0.07363	0.01455	-0.04266	(And (Member $x0 apple_harvest) (Patient $e0 $x0))
p201711	-0.08217	-0.02941	0.01222	-0.06218	0.05333	0.14401	-0.02768	-0.11088	-0.02620	-0.04589	0.27558	0.03638	0.05701	0.00869	-0.08117	-0.03328	-0.06309	-0.05935	0.06183	0.03557	0.00713	0.08595	0.23850	-0.07389	-0.04539	-0.01615	0.02830	0.03967	0.00911	0.08470	-0.06542	0.00545	(And (Member $x0 budget) (Theme $e0 $x0))
p201712	-0.06332	-0.01302	-0.01516	-0.01203	0.06056	0.05976	-0.01196	-0.02913	-0.02837	-0.04419	0.11317	-0.00333	0.07789	0.01956	-0.05340	-0.00217	-0.02754	-0.02361	0.02218	0.05038	-0.00538	0.04639	0.12206	-0.04382	-0.03514	-0.04225	0.00870	0.04279	-0.00800	0.06965	-0.05490	0.00062	(And (Member $x0 case) (Theme $e0 $x0))
p201713	-0.01653	0.10839	0.18294	-0.13523	0.01664	0.12882	-0.04584	-0.13096	-0.09279	-0.04139	-0.07961	-0.06804	-0.01547	0.22967	0.28144	-0.05895	-0.12443	0.08359	-0.06052	0.00152	0.09560	-0.07128	-0.00678	-0.09978	-0.04547	-0.03545	-0.01041	0.03808	-0.09275	-0.08607	0.10978	0.07193	(And (Member $x0 crate) (Theme $e0 $x0))
p201714	-0.08135	0.23298	-0.06786	0.04174	0.05921	-0.10227	0.02863	0.07205	-0.01863	0.03845	0.03192	-0.02213	0.14710	-0.09785	0.00283	-0.06733	-0.09357	0.08369	-0.16741	-0.06747	0.12239	0.23650	-0.05651	-0.09890	0.19699	0.16540	-0.07165	-0.17448	-0.00668	0.05754	0.15939	-0.16186	(And (Member $x0 file) (Member $x0 missing))
p201715	0.09665	-0.05680	-0.04605	-0.05634	0.16566	-0.03633	-0.12296	0.07277	0.09958	-0.08321	-0.11179	0.17378	-0.11239	-0.06292	0.14012	-0.10709	0.01444	-0.07389	0.04921	-0.01487	-0.02563	-0.00415	0.05154	-0.12819	0.03665	0.03435	0.15971	0.23272	-0.12212	-0.25557	0.24179	0.01320	(And (Member $x0 firm) (Possession $x1 $x0))
p201716	0.03294	-0.06541	0.01561	0.07823	-0.03748	-0.04827	-0.08154	0.16534	-0.00669	-0.00236	0.32881	-0.18540	-0.03118	-0.00086	-0.15405	-0.06244	0.06879	0.27047	-0.01660	0.02136	-0.09042	-0.00709	-0.04845	-0.00002	-0.03805	-0.02560	0.14305	0.03002	-0.02060	-0.13129	0.09797	0.18310	(And (Member $x0 gearbox) (Member $x0 seized))
p201717	-0.03752	-0.01576	0.17413	0.09066	-0.13918	-0.03408	-0.06756	0.13783	-0.08283	-0.04626	0.02307	0.12489	0.05239	0.12524	-0.20558	-0.07742	-0.06064	-0.05920	0.04256	0.01897	0.14012	-0.02711	-0.06629	0.03328	0.03021	-0.13962	0.10589	0.03367	0.23726	0.08610	-0.07811	-0.00210	(And (Member $x0 north_route) (Theme $e0 $x0))
p201718	0.10513	0.04907	-0.02940	0.20354	0.08097	0.03136	-0.05661	-0.03065	0.09386	-0.08285	0.08762	-0.08411	-0.05809	0.04072	-0.05778	-0.04826	-0.01339	-0.06372	-0.02294	0.00491	0.06283	-0.06793	-0.08920	0.09282	-0.02183	0.09501	-0.02624	0.10316	-0.05907	0.06386	-0.12243	0.03885	(And (Member $x0 projector) (Theme $e0 $x0))
p201720	0.01187	-0.02885	0.03369	-0.01032	-0.02403	-0.01413	-0.00464	-0.00369	-0.00977	0.01035	0.02325	0.02245	0.04383	-0.02872	0.04120	-0.01044	0.06791	-0.00906	0.00546	-0.01792	0.02149	-0.02866	-0.01370	0.02047	0.01362	0.00621	-0.03635	0.02157	-0.03806	-0.01939	-0.01419	-0.02011	(And (Member $x0 shoreline_survey) (Patient $e0 $x0))
p201721	0.09665	-0.05680	-0.04605	-0.05634	0.16566	-0.03633	-0.12296	0.07277	0.09958	-0.08321	-0.11179	0.17378	-0.11239	-0.06292	0.14012	-0.10709	0.01444	-0.07389	0.04921	-0.01487	-0.02563	-0.00415	0.05154	-0.12819	0.03665	0.03435	0.15971	0.23272	-0.12212	-0.25557	0.24179	0.01320	(And (Member $x0 tender) (Possession $x0 $x1))
p201722	-0.03291	-0.02993	-0.01932	-0.00919	0.00162	0.04950	0.00235	0.03710	0.03048	0.01424	-0.04221	0.01295	-0.00820	-0.01662	-0.02617	-0.01009	-0.00005	0.00406	0.01422	-0.03135	0.03039	-0.02388	-0.00665	-0.01297	-0.02770	0.01897	-0.02713	-0.04030	-0.04057	0.00263	0.00942	-0.00653	(And (Member $x0 tournament) (Theme $e0 $x0))
p201723	-0.11428	0.03910	-0.04121	-0.05782	0.37513	-0.04057	0.10326	-0.13752	-0.09646	-0.14409	-0.03549	0.11518	0.08100	0.06336	-0.02468	0.05402	-0.00707	-0.10891	-0.01740	-0.05337	0.09926	-0.06227	-0.09294	0.14838	-0.13292	-0.03184	-0.12188	-0.19765	0.07408	0.07303	0.13008	0.08487	(And (Member $x0 yard_floodlight) (Patient $e0 $x0))
p201724	0.01577	0.04246	0.02043	0.08390	-0.08342	0.16686	-0.11826	-0.06129	0.01569	0.18758	-0.02073	0.17406	0.15336	-0.12533	0.16162	-0.05036	-0.07239	-0.17409	-0.15860	0.02588	-0.13293	0.23340	-0.09367	0.04966	-0.04271	0.04607	0.14877	-0.04991	0.00309	-0.21236	-0.02324	0.06996	(And (Past $e0) (Theme $e0 $e1))
p201725	0.02738	0.04230	0.01044	0.13710	-0.10182	0.18029	-0.11427	-0.01551	0.00394	0.18943	-0.06159	0.14025	0.31030	-0.12867	0.17746	-0.03912	-0.02417	-0.15854	-0.17080	0.04048	-0.16404	0.22452	-0.11296	0.03777	-0.02411	-0.02682	0.14274	0.01813	-0.02390	-0.21496	-0.05130	0.07068	(And (Patient $e0 $x0) (Theme $e1 $e0))
p201726	0.08257	-0.08057	0.10749	-0.06758	-0.01811	-0.04280	0.01677	-0.02939	-0.04002	0.02434	0.06888	0.04610	0.10670	-0.08304	0.08182	-0.05013	0.13217	-0.03684	0.10118	-0.06241	0.15961	-0.09969	-0.02355	0.06076	-0.02323	0.11912	-0.07390	-0.04914	-0.10617	-0.07363	0.01455	-0.04266	(And (Patient $e0 $x0) (Time $e0 (Month september)))
p201727	0.01187	-0.02885	0.03369	-0.01032	-0.02403	-0.01413	-0.00464	-0.00369	-0.00977	0.01035	0.02325	0.02245	0.04383	-0.02872	0.04120	-0.01044	0.06791	-0.00906	0.00546	-0.01792	0.02149	-0.02866	-0.01370	0.02047	0.01362	0.00621	-0.03635	0.02157	-0.03806	-0.01939	-0.01419	-0.02011	(And (Patient $e0 $x0) (Time $e0 dawn))
p201728	-0.08217	-0.02941	0.01222	-0.06218	0.05333	0.14401	-0.02768	-0.11088	-0.02620	-0.04589	0.27558	0.03638	0.05701	0.00869	-0.08116	-0.03328	-0.06309	-0.05935	0.06183	0.03557	0.00713	0.08595	0.23850	-0.07389	-0.04539	-0.01615	0.02830	0.03967	0.00911	0.08470	-0.06542	0.00545	(And (Possession $x0 next_year) (Theme $e0 $x0))
p201757	0.27522	0.02905	-0.06497	-0.01256	-0.11932	0.10200	0.03044	0.25048	-0.14752	-0.09651	-0.07222	-0.04820	-0.00952	0.03853	0.04859	-0.06722	0.17644	-0.04449	0.02539	0.00280	-0.19791	0.02121	0.08060	0.02406	-0.00221	0.01409	-0.03162	-0.05724	0.03368	0.11284	0.11001	-0.09129	(Also appear $e0)
p201758	-0.03752	-0.01576	0.17413	0.09066	-0.13919	-0.03408	-0.06756	0.13783	-0.08283	-0.04626	0.02307	0.12489	0.05239	0.12524	-0.20558	-0.07743	-0.06064	-0.05920	0.04256	0.01897	0.14012	-0.02711	-0.06629	0.03328	0.03021	-0.13962	0.10589	0.03367	0.23726	0.08610	-0.07811	-0.00210	(GroupOf $x0 climber)
p201759	-0.05787	0.00277	0.10055	0.03706	0.03669	0.04490	0.11041	-0.06866	0.17560	0.02777	-0.02875	0.00602	-0.04323	0.20125	-0.17263	-0.05550	0.20772	-0.07465	-0.06400	0.01227	-0.08848	0.19671	-0.06835	-0.07875	0.03967	-0.10007	0.01967	-0.00737	-0.09385	-0.03739	0.00047	0.02025	(GroupOf $x0 egg)
p201760	-0.02074	-0.02315	-0.02065	0.00817	-0.00621	0.03352	0.01151	0.02920	0.02129	0.00842	-0.03171	-0.01592	0.00595	-0.00919	-0.02070	0.00307	-0.00243	0.02429	0.00078	-0.01705	0.02051	-0.02238	-0.01525	-0.00350	-0.01777	-0.01147	-0.01752	-0.02226	-0.01996	0.00849	-0.00100	-0.01024	(GroupOf $x0 sample)
p201761	0.42634	0.06254	-0.07869	-0.04509	-0.18009	0.18317	0.01295	0.39886	-0.20517	-0.13675	-0.11870	-0.09312	0.00028	0.05038	0.06359	-0.09557	0.27227	-0.09325	0.00659	0.00224	-0.30790	0.01300	0.10905	0.02997	-0.00679	0.00334	-0.03123	-0.09176	0.04412	0.17398	0.17245	-0.11368	(Member $e0 appear)
p201762	0.01418	0.02313	-0.00399	0.00226	0.00667	-0.00507	-0.01130	-0.01446	-0.00504	-0.00252	0.00857	-0.00061	-0.01353	-0.00799	0.00687	-0.00256	-0.00163	-0.00862	0.00743	-0.00472	-0.01323	0.00298	-0.00646	0.00114	0.00470	-0.01505	-0.00101	-0.00462	0.03027	-0.00880	-0.00034	-0.01051	(Member $e0 be)
p201763	-0.01434	-0.02160	-0.00712	-0.00340	-0.01137	0.01346	0.03043	0.06168	0.01287	0.00976	-0.02902	-0.02654	0.00664	-0.01161	-0.02372	0.01020	0.01927	-0.00155	0.01228	0.00884	0.02309	-0.02389	-0.01350	0.00157	-0.02835	-0.02589	-0.01935	0.00631	-0.04162	-0.00372	-0.02046	0.01723	(Member $e0 borrow)
p201764	-0.01469	-0.02469	0.00824	-0.01717	-0.04483	-0.01229	0.00344	-0.00897	-0.00859	0.02377	0.00317	0.01413	0.00847	-0.00014	0.00190	-0.00015	0.01638	0.00042	-0.00423	-0.02414	0.00788	-0.00262	-0.00676	0.01346	0.00022	-0.00016	-0.02479	0.04989	-0.02185	0.02734	0.00738	-0.01438	(Member $e0 die)
p201765	-0.02994	-0.03739	0.00335	-0.02125	-0.07327	-0.00634	0.02039	-0.01046	-0.01500	0.05463	-0.01902	0.00791	0.02707	0.02166	-0.02300	0.00495	-0.00494	0.01674	-0.00294	-0.04184	0.02206	0.00321	-0.00943	0.00554	-0.01260	-0.01703	-0.02976	0.08507	-0.04682	0.06868	0.03077	-0.02404	(Member $e0 direct)
p201766	-0.02725	-0.02444	0.00689	-0.00335	-0.00902	-0.00414	0.01207	0.06427	0.02674	-0.00075	-0.02970	-0.01397	-0.00782	-0.01801	-0.02312	-0.01645	-0.00489	-0.01328	0.00137	0.05728	0.02316	-0.03170	-0.00938	-0.00869	-0.03074	0.03303	-0.00122	-0.01052	-0.05925	-0.02692	0.00101	0.01464	(Member $e0 receive)
p201767	0.00561	0.00241	-0.02248	0.00583	-0.02539	0.05503	0.02816	0.02547	-0.01675	0.01247	-0.04158	-0.01170	0.03956	-0.00713	-0.00499	-0.00670	-0.01101	-0.00318	-0.00134	-0.01907	-0.01879	-0.00903	-0.00953	-0.01383	-0.01591	-0.01934	0.02801	-0.03685	-0.01851	0.02028	0.02201	0.00526	(Member $e0 take)
p201768	0.00775	-0.02651	0.03687	-0.04125	-0.05477	0.00474	-0.01729	0.01621	0.00902	-0.05785	-0.05162	0.04766	-0.04986	-0.00321	0.01793	-0.01948	-0.00862	-0.04124	0.03133	-0.02361	-0.07600	-0.05807	0.05621	-0.08810	0.20432	0.09244	0.00724	0.00421	-0.07582	0.10904	-0.08028	0.17618	(Member $x0 afternoon_session)
p201769	-0.01516	-0.02142	-0.00931	0.00069	-0.01438	0.02472	0.00474	0.02037	0.01798	-0.00608	-0.03333	-0.00199	-0.00403	-0.00691	-0.01142	-0.00008	-0.00221	0.00898	0.00483	-0.01648	-0.00300	-0.02672	-0.00100	-0.01783	0.02112	0.00415	-0.01195	-0.01492	-0.02544	0.03017	-0.01809	0.02261	(Member $x0 airline)
p201770	0.08257	-0.08057	0.10749	-0.06758	-0.01811	-0.04280	0.01677	-0.02939	-0.04002	0.02434	0.06888	0.04610	0.10670	-0.08304	0.08182	-0.05013	0.13217	-0.03684	0.10118	-0.06241	0.15961	-0.09969	-0.02355	0.06076	-0.02323	0.11912	-0.07389	-0.04914	-0.10617	-0.07363	0.01455	-0.04266	(Member $x0 apple_harvest)
p201771	0.05328	-0.10288	-0.05625	-0.12814	-0.09505	0.02380	-0.04677	-0.14789	0.20869	0.04800	-0.05442	-0.05093	0.16850	0.14398	-0.07887	0.07031	-0.13798	0.08931	0.15353	-0.07304	-0.04161	-0.08211	-0.01067	-0.09553	-0.04193	0.21131	0.12314	-0.09230	0.13839	-0.02044	0.09628	0.00307	(Member $x0 apprentice)
p201772	-0.00306	-0.01363	-0.00896	0.04478	-0.02573	0.00522	-0.00674	0.04401	-0.00911	-0.01458	-0.04615	-0.02532	0.09194	-0.00149	0.01219	0.00737	0.04314	0.01694	-0.01051	0.01111	-0.03790	-0.01765	-0.01636	-0.01187	0.03034	-0.04557	-0.01234	0.05729	-0.03088	0.00789	-0.04489	0.03949	(Member $x0 archive)
p201773	-0.02164	-0.02415	-0.02280	0.00764	-0.00677	0.03681	0.01453	0.02983	0.02139	0.01169	-0.03238	-0.01852	0.00733	-0.00933	-0.02193	0.00320	-0.00316	0.02726	0.00089	-0.01969	0.02501	-0.02396	-0.01904	-0.00202	-0.02148	-0.01171	-0.01913	-0.02624	-0.01983	0.00772	0.00245	-0.01413	(Member $x0 bank)
p201774	-0.01486	-0.01377	0.01161	0.02236	-0.00482	0.02195	0.00190	0.01622	0.01010	0.00593	-0.03257	-0.00234	-0.00329	-0.01635	-0.01800	0.01206	-0.00650	0.00665	-0.00523	-0.02576	0.00467	-0.01917	0.00659	-0.00984	-0.01765	0.01106	-0.01868	-0.03154	-0.03149	-0.00107	0.02486	-0.01375	(Member $x0 caller)
p201775	-0.00235	-0.01459	-0.00179	0.02350	-0.01806	0.00325	0.00152	0.01280	-0.00673	-0.01331	-0.02975	-0.00706	0.03408	0.00168	0.00124	0.00426	0.02537	0.00837	0.00849	-0.00503	-0.02825	-0.02894	-0.01208	-0.01048	0.03879	-0.01552	-0.01260	0.01238	-0.01743	0.02478	-0.03660	0.05066	(Member $x0 chart)
p201776	-0.02713	-0.02124	0.00899	0.01599	-0.00464	0.03513	0.00113	0.02589	0.01794	0.01234	-0.04122	0.00952	-0.00613	-0.02068	-0.02633	0.00673	-0.00659	0.00280	0.00121	-0.03636	0.01452	-0.02365	0.00686	-0.01549	-0.02290	0.02786	-0.02714	-0.04662	-0.04717	0.00310	0.02954	-0.01523	(Member $x0 clerk)
p201777	-0.03291	-0.02993	-0.01932	-0.00919	0.00162	0.04950	0.00235	0.03710	0.03048	0.01424	-0.04221	0.01295	-0.00820	-0.01662	-0.02617	-0.01009	-0.00005	0.00405	0.01422	-0.03135	0.03039	-0.02388	-0.00665	-0.01297	-0.02770	0.01897	-0.02713	-0.04030	-0.04057	0.00263	0.00942	-0.00653	(Member $x0 club)
p201778	-0.04763	0.00096	-0.02232	0.00240	0.06684	0.02637	-0.00756	0.00331	-0.03760	-0.05388	0.06559	-0.02976	0.10921	0.03096	-0.04130	0.00855	-0.01556	-0.01476	0.00828	0.06709	-0.02272	0.02471	0.09887	-0.03419	-0.03037	-0.06301	0.01155	0.05628	-0.00505	0.07086	-0.05756	0.00279	(Member $x0 committee)
p201779	0.01372	-0.02023	0.03949	-0.04127	-0.05250	-0.00367	-0.02042	0.00665	0.00148	-0.06101	-0.04283	0.04865	-0.05017	-0.00135	0.02531	-0.01963	-0.00818	-0.04328	0.02763	-0.02152	-0.07942	-0.05235	0.05581	-0.08474	0.20576	0.09096	0.00984	0.00993	-0.06380	0.10630	-0.07935	0.17161	(Member $x0 council)
p201780	-0.09532	-0.08830	0.16515	-0.09689	0.06000	-0.07361	-0.11560	0.03339	0.11161	-0.10753	0.00345	-0.14648	-0.04711	-0.14386	0.15904	0.06362	-0.05215	0.09417	0.11437	-0.00355	-0.04766	0.11606	-0.00724	0.16068	-0.06264	-0.01261	0.08222	0.01152	-0.00630	0.19532	-0.11231	-0.01498	(Member $x0 diver)
p201781	0.08413	-0.07543	0.10452	-0.06407	-0.00592	-0.04327	0.01096	-0.02461	-0.04186	0.02002	0.06851	0.05334	0.11126	-0.08518	0.07552	-0.04777	0.16311	-0.04285	0.09870	-0.06024	0.15259	-0.09853	-0.02741	0.06510	-0.02618	0.11730	-0.07935	-0.05531	-0.10287	-0.07617	0.01130	-0.04566	(Member $x0 dress_rehearsal)
p201782	-0.02797	-0.02902	-0.02546	0.00881	-0.00787	0.04490	0.01689	0.04007	0.02609	0.01457	-0.04032	-0.02003	0.00879	-0.01071	-0.02769	0.00328	-0.00348	0.02953	0.00296	-0.02102	0.02971	-0.02750	-0.01920	-0.00457	-0.02665	-0.01178	-0.02156	-0.03057	-0.03115	0.00899	0.00238	-0.01226	(Member $x0 editor)
p201783	-0.01516	-0.02143	-0.00931	0.00069	-0.01438	0.02472	0.00474	0.02037	0.01798	-0.00608	-0.03333	-0.00199	-0.00403	-0.00691	-0.01142	-0.00008	-0.00221	0.00898	0.00483	-0.01648	-0.00300	-0.02672	-0.00101	-0.01783	0.02112	0.00415	-0.01195	-0.01492	-0.02544	0.03017	-0.01809	0.02261	(Member $x0 evening_flight)
p201784	-0.08135	0.23298	-0.06786	0.04174	0.05921	-0.10227	0.02863	0.07205	-0.01863	0.03845	0.03192	-0.02213	0.14710	-0.09785	0.00283	-0.06733	-0.09357	0.08369	-0.16741	-0.06747	0.12239	0.23650	-0.05651	-0.09890	0.19699	0.16540	-0.07165	-0.17448	-0.00668	0.05754	0.15939	-0.16186	(Member $x0 file)
p201785	-0.00306	-0.01363	-0.00896	0.04478	-0.02573	0.00522	-0.00674	0.04401	-0.00911	-0.01458	-0.04615	-0.02532	0.09194	-0.00149	0.01219	0.00737	0.04314	0.01694	-0.01051	0.01111	-0.03790	-0.01765	-0.01636	-0.01187	0.03034	-0.04557	-0.01234	0.05729	-0.03088	0.00789	-0.04489	0.03949	(Member $x0 fire)
p201786	0.09665	-0.05680	-0.04605	-0.05634	0.16566	-0.03633	-0.12296	0.07277	0.09958	-0.08321	-0.11179	0.17378	-0.11239	-0.06292	0.14012	-0.10709	0.01444	-0.07389	0.04921	-0.01487	-0.02563	-0.00415	0.05154	-0.12819	0.03665	0.03435	0.15971	0.23272	-0.12212	-0.25556	0.24179	0.01320	(Member $x0 firm)
p201787	-0.00052	-0.00912	-0.00904	0.03725	-0.01994	0.00492	-0.00755	0.03456	-0.00676	-0.01146	-0.03631	-0.02124	0.07880	-0.00317	0.01189	0.00566	0.03375	0.01461	-0.01371	0.00921	-0.03081	-0.00951	-0.01420	-0.00865	0.02147	-0.04107	-0.00969	0.04912	-0.01889	0.00258	-0.03425	0.02332	(Member $x0 flood)
p201788	-0.00052	-0.00912	-0.00904	0.03725	-0.01994	0.00492	-0.00755	0.03456	-0.00676	-0.01146	-0.03631	-0.02124	0.07880	-0.00317	0.01189	0.00566	0.03375	0.01461	-0.01371	0.00921	-0.03081	-0.00951	-0.01420	-0.00865	0.02146	-0.04107	-0.00969	0.04912	-0.01889	0.00258	-0.03425	0.02332	(Member $x0 footbridge)
p201789	0.15180	-0.04572	-0.03879	-0.06726	-0.02529	-0.03588	0.00513	0.00455	-0.04783	0.00903	-0.03111	-0.02530	-0.03732	0.01905	-0.01959	0.10001	-0.03647	-0.01196	0.01527	0.00074	0.12882	0.14574	0.02271	-0.00329	-0.04489	-0.06594	-0.01432	0.05996	0.00597	-0.06917	-0.02819	0.10142	(Member $x0 gallery)
p201790	0.03294	-0.06541	0.01561	0.07823	-0.03748	-0.04827	-0.08154	0.16534	-0.00669	-0.00236	0.32881	-0.18540	-0.03118	-0.00086	-0.15405	-0.06244	0.06879	0.27047	-0.01660	0.02136	-0.09042	-0.00709	-0.04845	-0.00002	-0.03805	-0.02560	0.14305	0.03002	-0.02060	-0.13129	0.09797	0.18310	(Member $x0 gearbox)
p201791	0.08068	-0.03453	-0.04157	-0.04979	-0.01641	-0.02661	-0.02537	0.02621	-0.03835	-0.00306	-0.04027	-0.01124	-0.03325	0.01691	-0.02162	0.11668	-0.00624	-0.00551	0.01292	0.00780	0.06847	0.09368	0.01765	0.00758	-0.04552	-0.05728	-0.02780	0.05601	0.00467	-0.03994	-0.04479	0.08930	(Member $x0 generator)
p201792	0.00404	-0.00791	-0.00527	0.04278	-0.02433	-0.00232	-0.01041	0.03384	-0.01436	-0.01836	-0.03756	-0.02224	0.08888	0.00009	0.01839	0.00640	0.04350	0.01246	-0.01260	0.01283	-0.04377	-0.01265	-0.01484	-0.01024	0.03645	-0.04507	-0.00904	0.06271	-0.01987	0.00597	-0.04478	0.03883	(Member $x0 greenhouse)
p201793	-0.08135	0.23298	-0.06786	0.04175	0.05921	-0.10227	0.02863	0.07205	-0.01863	0.03845	0.03192	-0.02213	0.14710	-0.09785	0.00283	-0.06733	-0.09357	0.08369	-0.16741	-0.06747	0.12239	0.23650	-0.05651	-0.09890	0.19699	0.16540	-0.07165	-0.17448	-0.00668	0.05754	0.15939	-0.16186	(Member $x0 intern)
p201794	-0.01892	-0.02119	-0.02094	0.01113	-0.00901	0.03407	0.02059	0.02765	0.01665	0.00884	-0.02933	-0.01739	0.00447	-0.00841	-0.02265	0.00083	-0.00606	0.02028	-0.00093	-0.01716	0.02566	-0.02276	-0.01528	-0.00498	-0.01691	-0.01367	-0.00502	-0.02470	-0.01969	0.01173	0.00043	-0.01271	(Member $x0 lane)
p201795	0.01103	0.01270	-0.00094	0.00136	0.00655	-0.00390	-0.00760	-0.01300	-0.00412	-0.00842	0.00754	0.00053	-0.00753	-0.00070	0.01060	-0.00167	-0.00298	-0.00116	-0.00308	-0.00281	-0.00804	0.00444	-0.00126	-0.00077	0.00696	-0.00946	-0.00002	0.00412	0.02397	-0.00306	0.00090	-0.00729	(Member $x0 large)
p201796	-0.01570	0.02023	0.03385	0.01297	0.00887	0.00502	-0.04664	-0.02464	0.05281	0.00352	0.00613	0.02813	-0.02676	0.05419	-0.05194	-0.01559	0.05352	-0.01759	-0.02209	0.00483	-0.04191	0.08183	-0.02363	-0.01564	0.03000	-0.03353	-0.02727	0.01495	0.02003	-0.02367	-0.00245	0.00265	(Member $x0 lathe)
p201797	0.01066	0.00290	-0.00287	0.00075	0.00443	-0.00664	-0.00901	-0.01426	-0.00300	-0.01031	0.00710	0.00047	-0.00878	-0.00404	0.00986	-0.00255	-0.00167	0.00179	-0.01140	-0.00558	-0.00771	0.00389	-0.00244	0.00144	0.00829	-0.00770	-0.00098	0.00465	0.02380	-0.00448	-0.00172	-0.01074	(Member $x0 library)
p201798	-0.02164	-0.02415	-0.02280	0.00764	-0.00677	0.03681	0.01453	0.02983	0.02139	0.01169	-0.03238	-0.01852	0.00733	-0.00933	-0.02193	0.00320	-0.00316	0.02726	0.00089	-0.01969	0.02501	-0.02396	-0.01904	-0.00202	-0.02148	-0.01171	-0.01913	-0.02624	-0.01983	0.00772	0.00245	-0.01413	(Member $x0 loan_application)
p201799	0.08413	-0.07543	0.10452	-0.06407	-0.00592	-0.04327	0.01096	-0.02461	-0.04186	0.02002	0.06851	0.05334	0.11126	-0.08518	0.07552	-0.04777	0.16311	-0.04285	0.09870	-0.06024	0.15259	-0.09853	-0.02741	0.06510	-0.02618	0.11731	-0.07935	-0.05531	-0.10287	-0.07617	0.01130	-0.04566	(Member $x0 lunch)
p201800	-0.00100	0.00427	0.07231	0.06345	-0.00565	-0.00867	-0.00762	-0.00742	-0.01454	-0.00296	-0.03111	0.00370	-0.00893	-0.02396	-0.01478	0.04064	-0.01523	-0.01250	-0.01772	-0.03258	-0.02960	-0.01692	0.04491	-0.01813	-0.01288	0.03737	-0.01603	-0.03932	-0.04923	-0.01067	0.06498	-0.01835	(Member $x0 manifest)
p201801	-0.02797	-0.02902	-0.02546	0.00881	-0.00787	0.04490	0.01689	0.04007	0.02609	0.01457	-0.04032	-0.02003	0.00879	-0.01071	-0.02769	0.00329	-0.00348	0.02953	0.00296	-0.02102	0.02971	-0.02750	-0.01920	-0.00457	-0.02665	-0.01178	-0.02156	-0.03057	-0.03115	0.00899	0.00238	-0.01226	(Member $x0 manuscript)
p201802	-0.08135	0.23298	-0.06786	0.04175	0.05921	-0.10227	0.02863	0.07205	-0.01863	0.03845	0.03192	-0.02213	0.14710	-0.09785	0.00283	-0.06733	-0.09357	0.08369	-0.16741	-0.06747	0.12239	0.23650	-0.05651	-0.09890	0.19699	0.16540	-0.07165	-0.17448	-0.00668	0.05754	0.15939	-0.16186	(Member $x0 missing)
p201803	0.15180	-0.04572	-0.03879	-0.06726	-0.02529	-0.03588	0.00513	0.00455	-0.04783	0.00903	-0.03112	-0.02530	-0.03733	0.01905	-0.01960	0.10000	-0.03647	-0.01196	0.01526	0.00074	0.12882	0.14574	0.02271	-0.00329	-0.04489	-0.06594	-0.01432	0.05996	0.00597	-0.06917	-0.02819	0.10142	(Member $x0 museum)
p201804	0.08957	-0.03994	-0.01431	-0.04242	-0.02771	0.01289	0.00972	0.02211	-0.00676	0.00857	-0.02941	-0.03610	-0.02816	-0.00804	-0.02586	0.02621	-0.02072	0.00320	0.01516	0.00146	0.06433	0.07882	0.01083	-0.01728	-0.03513	-0.04169	0.01801	0.03632	-0.01337	-0.05230	-0.01132	0.07240	(Member $x0 neighbour)
p201805	-0.03752	-0.01576	0.17413	0.09066	-0.13919	-0.03408	-0.06756	0.13783	-0.08283	-0.04626	0.02307	0.12489	0.05239	0.12524	-0.20558	-0.07742	-0.06064	-0.05920	0.04256	0.01897	0.14012	-0.02711	-0.06629	0.03328	0.03021	-0.13962	0.10589	0.03367	0.23726	0.08610	-0.07811	-0.00210	(Member $x0 north_route)
p201806	-0.02039	-0.02271	-0.02106	0.00739	-0.00539	0.03465	0.01165	0.02943	0.02056	0.00971	-0.03122	-0.01579	0.00527	-0.00944	-0.02034	0.00225	-0.00292	0.02420	0.00003	-0.01789	0.02214	-0.02119	-0.01581	-0.00320	-0.01971	-0.01094	-0.01752	-0.02355	-0.01994	0.00638	0.00154	-0.01191	(Member $x0 panel)
p201807	-0.02301	0.00598	0.04387	0.01831	0.02171	0.00991	0.04717	-0.01580	0.06354	0.00321	-0.01133	-0.00282	-0.01866	0.07786	-0.06848	-0.02435	0.08429	-0.03614	-0.02896	0.01672	-0.04008	0.07279	-0.03039	-0.02749	0.01103	-0.05075	-0.00760	0.00010	-0.04362	-0.01517	-0.00533	0.00969	(Member $x0 permit)
p201808	-0.01916	-0.01474	0.01303	0.01554	-0.00268	0.02451	-0.00311	0.01548	0.01203	0.00734	-0.03166	0.01138	-0.00836	-0.01899	-0.01917	0.00650	-0.00637	-0.00078	-0.00210	-0.03236	0.00678	-0.01732	0.00962	-0.01377	-0.01565	0.02647	-0.02256	-0.03889	-0.03514	0.00095	0.02819	-0.01513	(Member $x0 pilot)
p201809	-0.09532	-0.08830	0.16515	-0.09689	0.06000	-0.07361	-0.11560	0.03339	0.11161	-0.10753	0.00345	-0.14648	-0.04711	-0.14386	0.15904	0.06362	-0.05215	0.09417	0.11437	-0.00355	-0.04766	0.11606	-0.00724	0.16068	-0.06264	-0.01261	0.08222	0.01152	-0.00630	0.19532	-0.11231	-0.01498	(Member $x0 point)
p201810	0.05328	-0.10288	-0.05625	-0.12814	-0.09505	0.02380	-0.04677	-0.14789	0.20869	0.04800	-0.05442	-0.05093	0.16850	0.14398	-0.07887	0.07031	-0.13798	0.08931	0.15353	-0.07304	-0.04161	-0.08211	-0.01067	-0.09553	-0.04192	0.21131	0.12314	-0.09230	0.13839	-0.02044	0.09628	0.00307	(Member $x0 potter)
p201811	0.10513	0.04907	-0.02940	0.20354	0.08097	0.03136	-0.05661	-0.03065	0.09386	-0.08285	0.08762	-0.08411	-0.05809	0.04072	-0.05778	-0.04826	-0.01339	-0.06372	-0.02294	0.00491	0.06283	-0.06793	-0.08920	0.09282	-0.02183	0.09501	-0.02624	0.10316	-0.05907	0.06386	-0.12243	0.03885	(Member $x0 projector)
p201812	-0.02039	-0.02272	-0.02106	0.00739	-0.00540	0.03464	0.01164	0.02943	0.02056	0.00971	-0.03122	-0.01579	0.00527	-0.00944	-0.02034	0.00225	-0.00292	0.02420	0.00003	-0.01789	0.02213	-0.02119	-0.01581	-0.00320	-0.01972	-0.01094	-0.01752	-0.02355	-0.01995	0.00638	0.00154	-0.01191	(Member $x0 proposal)
p201813	-0.02713	-0.02124	0.00899	0.01599	-0.00464	0.03513	0.00113	0.02589	0.01794	0.01234	-0.04122	0.00952	-0.00613	-0.02068	-0.02633	0.00673	-0.00659	0.00280	0.00121	-0.03636	0.01452	-0.02365	0.00686	-0.01549	-0.02290	0.02786	-0.02714	-0.04662	-0.04717	0.00310	0.02954	-0.01523	(Member $x0 query)
p201814	-0.05787	0.00277	0.10055	0.03706	0.03669	0.04490	0.11041	-0.06866	0.17560	0.02777	-0.02875	0.00602	-0.04323	0.20125	-0.17263	-0.05550	0.20772	-0.07465	-0.06400	0.01227	-0.08848	0.19671	-0.06835	-0.07875	0.03967	-0.10007	0.01967	-0.00737	-0.09385	-0.03739	0.00047	0.02025	(Member $x0 recipe)
p201815	-0.01267	-0.02623	-0.01474	0.00217	0.00919	0.02809	-0.01145	0.02636	0.03000	0.00410	-0.03849	0.02483	-0.01456	-0.01329	-0.01506	-0.01800	0.00093	-0.00046	0.00583	-0.01945	0.02567	-0.01729	-0.01313	-0.01286	-0.01454	-0.00172	-0.00285	-0.01241	-0.02949	-0.02542	0.02275	-0.00735	(Member $x0 rescue_team)
p201816	-0.03014	-0.03246	-0.02556	0.00710	-0.01293	0.04573	0.02125	0.03693	0.03002	0.01354	-0.04178	-0.02186	0.00895	-0.00997	-0.02978	0.00547	-0.00510	0.03189	0.00776	-0.02335	0.03040	-0.03434	-0.01952	-0.00603	-0.02039	-0.00961	-0.02256	-0.03251	-0.03186	0.01894	-0.00236	-0.00914	(Member $x0 scan)
p201817	-0.01267	-0.02623	-0.01474	0.00217	0.00919	0.02809	-0.01145	0.02636	0.02999	0.00410	-0.03849	0.02483	-0.01455	-0.01329	-0.01506	-0.01800	0.00093	-0.00046	0.00583	-0.01945	0.02567	-0.01729	-0.01313	-0.01286	-0.01454	-0.00172	-0.00285	-0.01241	-0.02949	-0.02542	0.02275	-0.00735	(Member $x0 search)
p201818	0.03294	-0.06541	0.01561	0.07823	-0.03748	-0.04827	-0.08154	0.16534	-0.00669	-0.00236	0.32881	-0.18540	-0.03118	-0.00086	-0.15405	-0.06244	0.06879	0.27047	-0.01660	0.02136	-0.09042	-0.00709	-0.04845	-0.00002	-0.03805	-0.02560	0.14305	0.03002	-0.02060	-0.13129	0.09797	0.18310	(Member $x0 seized)
p201819	0.01187	-0.02885	0.03369	-0.01032	-0.02403	-0.01413	-0.00464	-0.00369	-0.00977	0.01035	0.02325	0.02245	0.04382	-0.02872	0.04119	-0.01044	0.06791	-0.00906	0.00546	-0.01792	0.02149	-0.02866	-0.01370	0.02047	0.01362	0.00621	-0.03635	0.02157	-0.03806	-0.01939	-0.01419	-0.02011	(Member $x0 shoreline_survey)
p201820	-0.02181	0.00356	-0.07070	0.01692	-0.00742	-0.03070	0.00749	0.05472	0.03452	0.01325	0.04347	0.03862	0.01663	0.04739	0.06690	0.11447	-0.01067	-0.02505	-0.03926	-0.00335	-0.01765	-0.03963	-0.04957	0.00662	-0.01980	-0.01110	-0.06133	-0.02440	-0.02980	0.02417	-0.03038	-0.01754	(Member $x0 squad)
p201821	0.00404	-0.00792	-0.00527	0.04279	-0.02433	-0.00232	-0.01041	0.03384	-0.01436	-0.01836	-0.03757	-0.02224	0.08888	0.00009	0.01839	0.00640	0.04350	0.01246	-0.01261	0.01283	-0.04377	-0.01265	-0.01484	-0.01024	0.03644	-0.04507	-0.00904	0.06271	-0.01988	0.00598	-0.04478	0.03884	(Member $x0 storm)
p201822	0.01372	-0.02023	0.03949	-0.04127	-0.05250	-0.00367	-0.02042	0.00665	0.00148	-0.06101	-0.04283	0.04865	-0.05017	-0.00135	0.02531	-0.01963	-0.00818	-0.04328	0.02763	-0.02152	-0.07942	-0.05235	0.05581	-0.08474	0.20576	0.09096	0.00984	0.00993	-0.06380	0.10630	-0.07935	0.17161	(Member $x0 summer_fair)
p201823	0.09665	-0.05680	-0.04605	-0.05634	0.16566	-0.03633	-0.12296	0.07277	0.09958	-0.08321	-0.11179	0.17378	-0.11239	-0.06292	0.14012	-0.10709	0.01444	-0.07389	0.04921	-0.01487	-0.02563	-0.00415	0.05154	-0.12819	0.03665	0.03435	0.15971	0.23272	-0.12212	-0.25557	0.24179	0.01320	(Member $x0 tender)
p201824	-0.03291	-0.02993	-0.01932	-0.00919	0.00162	0.04950	0.00235	0.03710	0.03048	0.01424	-0.04221	0.01295	-0.00820	-0.01662	-0.02617	-0.01009	-0.00005	0.00406	0.01422	-0.03135	0.03039	-0.02388	-0.00665	-0.01297	-0.02770	0.01897	-0.02713	-0.04030	-0.04057	0.00263	0.00942	-0.00653	(Member $x0 tournament)
p201825	-0.01916	-0.01474	0.01303	0.01554	-0.00268	0.02452	-0.00311	0.01548	0.01203	0.00734	-0.03166	0.01138	-0.00836	-0.01899	-0.01916	0.00650	-0.00637	-0.00078	-0.00210	-0.03236	0.00679	-0.01732	0.00962	-0.01377	-0.01565	0.02647	-0.02256	-0.03889	-0.03514	0.00095	0.02820	-0.01513	(Member $x0 tower)
p201826	0.00775	-0.02651	0.03687	-0.04125	-0.05477	0.00475	-0.01729	0.01621	0.00902	-0.05785	-0.05162	0.04766	-0.04986	-0.00321	0.01793	-0.01948	-0.00862	-0.04124	0.03133	-0.02361	-0.07600	-0.05807	0.05621	-0.08810	0.20432	0.09244	0.00724	0.00421	-0.07582	0.10904	-0.08028	0.17618	(Member $x0 tutor)
p201827	-0.01486	-0.01377	0.01161	0.02236	-0.00482	0.02195	0.00191	0.01622	0.01010	0.00593	-0.03256	-0.00234	-0.00329	-0.01635	-0.01800	0.01206	-0.00650	0.00665	-0.00523	-0.02576	0.00467	-0.01917	0.00659	-0.00984	-0.01764	0.01106	-0.01868	-0.03154	-0.03149	-0.00107	0.02486	-0.01375	(Member $x0 vet)
p201828	-0.02916	-0.02426	-0.01154	-0.01585	0.00171	0.04891	0.00217	0.00406	0.01411	0.00157	-0.00878	0.00490	-0.00453	-0.00988	-0.02427	-0.00792	-0.01063	-0.00027	0.01406	-0.02155	0.02209	-0.00881	0.02765	-0.01353	-0.02717	0.00418	-0.01338	-0.02315	-0.01901	0.01389	-0.00357	-0.00431	(Member $x0 vote)
p201829	0.00533	0.01989	0.08220	0.09920	0.00328	-0.00623	0.00863	-0.02224	-0.02190	-0.01018	-0.02368	-0.01532	-0.01116	-0.02124	-0.02434	0.03893	-0.02101	-0.01773	-0.02170	-0.03047	-0.03927	-0.02034	0.04884	-0.02695	-0.00742	0.03046	0.00563	-0.04548	-0.05379	0.00382	0.07006	-0.02323	(Member $x0 winner)
p201830	-0.09532	-0.08830	0.16515	-0.09689	0.06000	-0.07361	-0.11560	0.03339	0.11161	-0.10753	0.00344	-0.14648	-0.04711	-0.14386	0.15904	0.06362	-0.05215	0.09417	0.11437	-0.00355	-0.04766	0.11606	-0.00724	0.16068	-0.06264	-0.01261	0.08222	0.01151	-0.00630	0.19532	-0.11231	-0.01498	(Member $x0 wreck)
p201831	-0.03014	-0.03246	-0.02556	0.00710	-0.01293	0.04573	0.02125	0.03693	0.03002	0.01354	-0.04178	-0.02186	0.00895	-0.00997	-0.02978	0.00547	-0.00510	0.03189	0.00776	-0.02335	0.03040	-0.03434	-0.01952	-0.00603	-0.02039	-0.00961	-0.02256	-0.03251	-0.03186	0.01894	-0.00236	-0.00914	(Ordinal $x0 <num> scan)
p201832	-0.00284	0.00081	0.00059	-0.00366	-0.00281	-0.00693	0.00090	0.00165	0.00124	0.00365	0.00170	-0.00591	-0.00753	-0.00667	0.00218	-0.00294	-0.00021	-0.00468	-0.00465	-0.00123	-0.00264	-0.00161	-0.00408	0.00412	-0.00821	-0.00726	-0.00019	0.00311	-0.00153	0.00096	0.00074	-0.00762	(PartOf $x0 $x1)
p201833	0.05328	-0.10288	-0.05625	-0.12814	-0.09505	0.02380	-0.04677	-0.14789	0.20869	0.04800	-0.05442	-0.05093	0.16850	0.14398	-0.07887	0.07031	-0.13798	0.08931	0.15353	-0.07304	-0.04161	-0.08211	-0.01067	-0.09553	-0.04193	0.21131	0.12314	-0.09230	0.13839	-0.02044	0.09628	0.00307	(Theme $e0 glazing)
p201834	0.08257	-0.08057	0.10749	-0.06758	-0.01811	-0.04280	0.01677	-0.02939	-0.04002	0.02434	0.06889	0.04610	0.10670	-0.08304	0.08181	-0.05013	0.13218	-0.03684	0.10118	-0.06241	0.15961	-0.09969	-0.02355	0.06076	-0.02323	0.11912	-0.07389	-0.04914	-0.10617	-0.07363	0.01455	-0.04266	(Time $e0 (Month september))
p201835	0.01187	-0.02885	0.03369	-0.01032	-0.02403	-0.01413	-0.00464	-0.00369	-0.00977	0.01035	0.02325	0.02245	0.04382	-0.02872	0.04119	-0.01044	0.06791	-0.00906	0.00546	-0.01792	0.02149	-0.02866	-0.01370	0.02047	0.01362	0.00621	-0.03635	0.02157	-0.03806	-0.01939	-0.01419	-0.02011	(Time $e0 dawn)
p201838	-0.02332	-0.02432	-0.02218	0.00735	-0.00791	0.03796	0.01797	0.03206	0.02116	0.01388	-0.03279	-0.01965	0.01031	-0.00820	-0.02358	0.00390	-0.00351	0.02691	0.00379	-0.01860	0.02723	-0.02527	-0.01891	-0.00246	-0.02299	-0.01050	-0.01871	-0.02757	-0.02482	0.00929	0.00297	-0.01245	(And (Agent $e0 $x0) (Agent $e0 jica) (Member $x0 government) (Theme $e0 $x1))
p201877	0.09790	0.04792	-0.03221	0.18521	0.06942	0.04750	-0.05246	-0.03143	0.08260	-0.07648	0.08101	-0.07549	-0.05103	0.03696	-0.05282	-0.04600	-0.01150	-0.05271	-0.02075	-0.01399	0.04961	-0.05915	-0.07876	0.08390	-0.01568	0.08169	-0.02231	0.10101	-0.04557	0.06740	-0.10898	0.03120	(And (Agent $e0 $x0) (Beneficiary $e0 $x1) (Member $x2 projector) (Theme $e0 $x2))
p201878	-0.07855	0.10669	-0.09161	0.00993	0.04097	0.01821	-0.07787	-0.06041	-0.04862	-0.06112	-0.04232	0.04925	-0.04883	-0.02286	-0.03825	0.12484	0.17933	0.06967	-0.04310	-0.01134	0.02800	-0.03583	0.00273	0.02337	-0.01184	0.03482	0.11105	0.07633	-0.00195	0.06827	-0.08025	-0.04211	(And (Agent $e0 $x0) (Cardinality $x1 <num>) (Member $e0 buy) (Theme $e0 $x1))
p201879	-0.01296	0.10818	0.16382	-0.11825	0.00899	0.13610	-0.04538	-0.11981	-0.08046	-0.03268	-0.07220	-0.06151	-0.00977	0.20154	0.24861	-0.05655	-0.11202	0.09041	-0.05621	-0.01172	0.07729	-0.05942	-0.00942	-0.09261	-0.03453	-0.04556	-0.00903	0.03378	-0.07191	-0.07574	0.10593	0.05838	(And (Agent $e0 $x0) (GroupOf $x1 lemon) (Member $x0 chef) (Theme $e0 $x1))
p201880	-0.01296	0.10818	0.16382	-0.11825	0.00899	0.13610	-0.04538	-0.11981	-0.08046	-0.03268	-0.07219	-0.06151	-0.00976	0.20154	0.24861	-0.05655	-0.11202	0.09041	-0.05621	-0.01172	0.07729	-0.05942	-0.00942	-0.09261	-0.03452	-0.04556	-0.00903	0.03378	-0.07191	-0.07574	0.10593	0.05838	(And (Agent $e0 $x0) (GroupOf $x1 lemon) (Member $x1 crate) (Theme $e0 $x1))
p201881	-0.01296	0.10818	0.16382	-0.11825	0.00899	0.13610	-0.04538	-0.11981	-0.08046	-0.03268	-0.07219	-0.06151	-0.00976	0.20154	0.24861	-0.05655	-0.11202	0.09041	-0.05621	-0.01172	0.07729	-0.05942	-0.00942	-0.09261	-0.03452	-0.04556	-0.00903	0.03378	-0.07191	-0.07574	0.10593	0.05838	(And (Agent $e0 $x0) (GroupOf $x1 lemon) (Past $e0) (Theme $e0 $x1))
p201882	0.01186	-0.02102	0.03844	-0.04024	-0.05162	-0.00179	-0.01788	0.01005	0.00269	-0.05685	-0.04327	0.04693	-0.04664	-0.00098	0.02172	-0.01886	-0.00704	-0.04241	0.02984	-0.02033	-0.07593	-0.05232	0.05395	-0.08285	0.19890	0.09002	0.00921	0.00786	-0.06787	0.10346	-0.07675	0.17067	(And (Agent $e0 $x0) (Inheritance afternoon_session session) (Member $x1 afternoon_session) (Patient $e0 $x1))
p201883	-0.01451	-0.02617	-0.01387	0.00210	0.00812	0.02903	-0.00945	0.02904	0.02970	0.00580	-0.03864	0.02423	-0.01248	-0.01217	-0.01665	-0.01723	0.00089	-0.00082	0.00768	-0.01798	0.02676	-0.01767	-0.01230	-0.01315	-0.01577	-0.00050	-0.00256	-0.01308	-0.03411	-0.02381	0.02246	-0.00517	(And (Agent $e0 $x0) (Inheritance rescue_team team) (Member $x0 rescue_team) (Theme $e0 $x1))
p201884	0.01229	-0.02072	0.03879	-0.03991	-0.05121	-0.00235	-0.01806	0.00913	0.00146	-0.05750	-0.04251	0.04745	-0.04632	-0.00038	0.02222	-0.01864	-0.00740	-0.04248	0.02917	-0.02009	-0.07580	-0.05174	0.05377	-0.08264	0.19868	0.08912	0.00939	0.00849	-0.06724	0.10429	-0.07691	0.16995	(And (Agent $e0 $x0) (Inheritance summer_fair fair) (Member $x1 summer_fair) (Patient $e0 $x1))
p201888	-0.08026	-0.07330	0.14606	-0.08320	0.04625	-0.06503	-0.09703	0.02724	0.09196	-0.09278	0.00735	-0.12277	-0.03807	-0.12264	0.13484	0.05251	-0.04511	0.07741	0.09946	-0.00388	-0.03905	0.10045	-0.00661	0.13958	-0.05068	-0.00872	0.06733	0.00862	-0.00415	0.17222	-0.09661	-0.01443	(And (Agent $e0 $x0) (Location $e0 $x1) (Member $e0 discover) (Member $x1 point))
p201889	-0.04484	-0.07006	-0.05892	-0.02163	0.07171	-0.10458	-0.03262	0.05853	-0.07085	0.12242	-0.02269	-0.04483	-0.06891	0.16174	-0.00677	-0.02570	0.02856	0.04782	-0.03409	-0.03526	0.09920	-0.06795	0.15757	0.13509	0.10228	0.07168	0.00665	-0.02112	-0.10020	-0.07816	-0.05738	-0.04370	(And (Agent $e0 $x0) (Location $e0 $x1) (Member $x0 biologist) (Member $x1 survey))
p201890	-0.08058	-0.07293	0.14379	-0.08235	0.04704	-0.06232	-0.09811	0.02915	0.09198	-0.09414	0.00643	-0.12394	-0.03945	-0.12099	0.13330	0.05562	-0.04410	0.07760	0.09694	-0.00211	-0.04560	0.10279	-0.00528	0.13719	-0.05185	-0.01290	0.06777	0.01077	-0.00301	0.17615	-0.09915	-0.01227	(And (Agent $e0 $x0) (Location $e0 $x1) (Member $x0 diver) (Member $x1 point))
p201891	-0.08058	-0.07293	0.14379	-0.08235	0.04704	-0.06232	-0.09811	0.02915	0.09198	-0.09414	0.00643	-0.12394	-0.03945	-0.12099	0.13330	0.05562	-0.04410	0.07760	0.09694	-0.00211	-0.04560	0.10279	-0.00528	0.13719	-0.05185	-0.01290	0.06777	0.01077	-0.00301	0.17615	-0.09915	-0.01227	(And (Agent $e0 $x0) (Location $e0 $x1) (Member $x0 diver) (Theme $e0 $x2))
p201892	-0.08058	-0.07293	0.14379	-0.08235	0.04704	-0.06232	-0.09811	0.02915	0.09198	-0.09414	0.00643	-0.12394	-0.03945	-0.12099	0.13330	0.05562	-0.04410	0.07760	0.09694	-0.00211	-0.04560	0.10279	-0.00528	0.13719	-0.05185	-0.01290	0.06777	0.01077	-0.00301	0.17615	-0.09915	-0.01227	(And (Agent $e0 $x0) (Location $e0 $x1) (Member $x2 wreck) (Theme $e0 $x2))
p201893	-0.06848	0.00921	-0.08339	0.06010	0.01378	-0.05885	-0.02334	-0.06862	0.15860	0.08350	-0.02647	-0.05612	-0.04226	-0.09918	0.13137	-0.00438	0.05973	-0.00705	-0.03022	0.08053	0.12633	-0.01929	0.09131	-0.07592	-0.00018	-0.05939	-0.02413	-0.04014	0.17780	0.00743	0.01664	0.00518	(And (Agent $e0 $x0) (Location $e0 eskisehir) (Location $e0 turkey) (Member $x0 company))
p201895	-0.06848	0.00921	-0.08339	0.06010	0.01378	-0.05885	-0.02334	-0.06862	0.15860	0.08350	-0.02647	-0.05612	-0.04226	-0.09918	0.13137	-0.00438	0.05973	-0.00705	-0.03022	0.08053	0.12633	-0.01929	0.09131	-0.07592	-0.00018	-0.05939	-0.02413	-0.04014	0.17780	0.00743	0.01664	0.00518	(And (Agent $e0 $x0) (Location $e0 eskisehir) (Member $e0 build) (Member $x0 company))
p201896	-0.06848	0.00921	-0.08339	0.06010	0.01378	-0.05885	-0.02334	-0.06862	0.15860	0.08350	-0.02646	-0.05612	-0.04226	-0.09918	0.13137	-0.00438	0.05973	-0.00705	-0.03022	0.08053	0.12633	-0.01929	0.09131	-0.07592	-0.00018	-0.05939	-0.02413	-0.04014	0.17780	0.00743	0.01664	0.00518	(And (Agent $e0 $x0) (Location $e0 eskisehir) (Member $x0 company) (Past $e0))
p201897	-0.06848	0.00921	-0.08339	0.06010	0.01378	-0.05885	-0.02334	-0.06862	0.15860	0.08350	-0.02647	-0.05612	-0.04226	-0.09918	0.13137	-0.00438	0.05973	-0.00705	-0.03022	0.08053	0.12633	-0.01929	0.09131	-0.07592	-0.00018	-0.05939	-0.02413	-0.04014	0.17780	0.00743	0.01664	0.00518	(And (Agent $e0 $x0) (Location $e0 eskisehir) (Member $x0 company) (Patient $e0 $x1))
p201898	-0.06848	0.00921	-0.08339	0.06010	0.01378	-0.05885	-0.02334	-0.06862	0.15860	0.08350	-0.02646	-0.05612	-0.04226	-0.09918	0.13137	-0.00438	0.05973	-0.00705	-0.03022	0.08053	0.12633	-0.01929	0.09131	-0.07592	-0.00018	-0.05939	-0.02413	-0.04014	0.17780	0.00743	0.01664	0.00518	(And (Agent $e0 $x0) (Location $e0 eskisehir) (Member $x1 hotel) (Patient $e0 $x1))
p201900	-0.06848	0.00921	-0.08339	0.06010	0.01378	-0.05885	-0.02334	-0.06862	0.15860	0.08350	-0.02646	-0.05612	-0.04226	-0.09918	0.13137	-0.00438	0.05973	-0.00705	-0.03022	0.08053	0.12633	-0.01929	0.09131	-0.07592	-0.00018	-0.05939	-0.02413	-0.04014	0.17780	0.00743	0.01664	0.00518	(And (Agent $e0 $x0) (Location $e0 kazakhstan) (Member $e0 build) (Member $x0 company))
p201901	-0.06848	0.00921	-0.08339	0.06010	0.01378	-0.05885	-0.02334	-0.06862	0.15860	0.08350	-0.02646	-0.05612	-0.04226	-0.09918	0.13137	-0.00438	0.05973	-0.00705	-0.03022	0.08053	0.12633	-0.01929	0.09131	-0.07592	-0.00018	-0.05939	-0.02413	-0.04014	0.17780	0.00743	0.01664	0.00518	(And (Agent $e0 $x0) (Location $e0 kazakhstan) (Member $x0 company) (Past $e0))
p201902	-0.06848	0.00921	-0.08339	0.06010	0.01378	-0.05885	-0.02334	-0.06862	0.15860	0.08350	-0.02647	-0.05612	-0.04226	-0.09918	0.13137	-0.00438	0.05973	-0.00705	-0.03022	0.08053	0.12633	-0.01929	0.09131	-0.07592	-0.00018	-0.05939	-0.02413	-0.04014	0.17780	0.00743	0.01664	0.00518	(And (Agent $e0 $x0) (Location $e0 kazakhstan) (Member $x0 company) (Patient $e0 $x1))
p201904	-0.10279	0.01502	-0.12495	0.09024	0.02132	-0.08796	-0.03519	-0.10283	0.23772	0.12494	-0.03979	-0.08362	-0.06336	-0.14859	0.19714	-0.00660	0.08967	-0.01251	-0.04516	0.12100	0.18917	-0.02908	0.13690	-0.11409	-0.00034	-0.08905	-0.03628	-0.06092	0.26634	0.01212	0.02536	0.00793	(And (Agent $e0 $x0) (Location $e0 turkey) (Member $e0 build) (Member $x0 company))
p201905	-0.10279	0.01502	-0.12495	0.09024	0.02132	-0.08796	-0.03519	-0.10283	0.23772	0.12494	-0.03979	-0.08362	-0.06336	-0.14859	0.19714	-0.00660	0.08967	-0.01251	-0.04516	0.12100	0.18917	-0.02908	0.13690	-0.11409	-0.00034	-0.08905	-0.03628	-0.06092	0.26634	0.01212	0.02536	0.00793	(And (Agent $e0 $x0) (Location $e0 turkey) (Member $x0 company) (Past $e0))
p201906	-0.10279	0.01502	-0.12495	0.09024	0.02132	-0.08796	-0.03519	-0.10283	0.23772	0.12494	-0.03979	-0.08362	-0.06336	-0.14859	0.19714	-0.00660	0.08967	-0.01251	-0.04516	0.12100	0.18917	-0.02908	0.13690	-0.11409	-0.00034	-0.08905	-0.03628	-0.06092	0.26634	0.01212	0.02536	0.00793	(And (Agent $e0 $x0) (Location $e0 turkey) (Member $x0 company) (Patient $e0 $x1))
p201907	-0.06848	0.00921	-0.08339	0.06010	0.01378	-0.05885	-0.02334	-0.06862	0.15860	0.08350	-0.02647	-0.05612	-0.04226	-0.09918	0.13137	-0.00438	0.05973	-0.00705	-0.03022	0.08053	0.12633	-0.01929	0.09131	-0.07592	-0.00018	-0.05939	-0.02413	-0.04014	0.17780	0.00743	0.01664	0.00518	(And (Agent $e0 $x0) (Location $e0 turkey) (Member $x1 hotel) (Patient $e0 $x1))
p201911	-0.02078	-0.02169	-0.02007	0.01085	-0.00970	0.03511	0.02203	0.03023	0.01697	0.01056	-0.03024	-0.01726	0.00600	-0.00752	-0.02415	0.00119	-0.00579	0.01971	0.00104	-0.01594	0.02699	-0.02316	-0.01452	-0.00540	-0.01824	-0.01204	-0.00469	-0.02515	-0.02454	0.01242	0.00073	-0.01048	(And (Agent $e0 $x0) (Member $e0 block) (Member $x1 lane) (Theme $e0 $x1))
p201917	-0.13692	0.01847	-0.16673	0.12024	0.02761	-0.11765	-0.04662	-0.13720	0.31724	0.16706	-0.05289	-0.11221	-0.08447	-0.19834	0.26278	-0.00874	0.11950	-0.01407	-0.06039	0.16110	0.25268	-0.03854	0.18266	-0.15182	-0.00031	-0.11870	-0.04820	-0.08028	0.35561	0.01491	0.03334	0.01041	(And (Agent $e0 $x0) (Member $e0 build) (Member $x0 company) (Past $e0))
p201918	-0.13692	0.01847	-0.16673	0.12024	0.02761	-0.11765	-0.04662	-0.13720	0.31724	0.16706	-0.05289	-0.11221	-0.08447	-0.19834	0.26278	-0.00874	0.11950	-0.01407	-0.06039	0.16110	0.25268	-0.03854	0.18266	-0.15182	-0.00031	-0.11870	-0.04820	-0.08028	0.35561	0.01491	0.03334	0.01041	(And (Agent $e0 $x0) (Member $e0 build) (Member $x0 company) (Patient $e0 $x1))
p201919	-0.06848	0.00921	-0.08339	0.06010	0.01378	-0.05885	-0.02334	-0.06862	0.15860	0.08350	-0.02647	-0.05612	-0.04226	-0.09918	0.13137	-0.00438	0.05973	-0.00705	-0.03022	0.08053	0.12633	-0.01929	0.09131	-0.07592	-0.00018	-0.05939	-0.02413	-0.04014	0.17780	0.00743	0.01664	0.00518	(And (Agent $e0 $x0) (Member $e0 build) (Member $x1 hotel) (Patient $e0 $x1))
p201920	-0.04297	0.00305	-0.03982	0.01923	0.09397	-0.00613	-0.00474	0.03596	-0.07112	-0.09315	0.01939	-0.09413	0.16057	0.07173	-0.03910	0.03124	-0.00074	0.00067	0.02546	0.13003	-0.05677	-0.00774	0.12336	-0.03486	-0.03850	-0.11984	0.03493	0.13761	-0.00480	0.08357	-0.09270	0.02801	(And (Agent $e0 $x0) (Member $e0 make) (Member $e1 decision) (Patient $e0 $e1))
p201921	-0.03984	0.01727	-0.03871	0.03821	0.09666	-0.00597	-0.02004	0.03151	-0.06336	-0.08196	0.02416	-0.08368	0.18203	0.05329	-0.02435	0.02043	-0.00255	-0.00301	-0.01615	0.12927	-0.06119	0.03543	0.11187	-0.03545	-0.03642	-0.11804	0.03745	0.13871	0.00290	0.04670	-0.07723	0.01411	(And (Agent $e0 $x0) (Member $e0 reach) (Member $e1 decision) (Theme $e0 $e1))
p201922	-0.03025	-0.02438	-0.01103	-0.01536	0.00064	0.04950	0.00402	0.00768	0.01471	0.00383	-0.01239	0.00464	-0.00292	-0.00913	-0.02534	-0.00721	-0.00976	-0.00046	0.01533	-0.02051	0.02332	-0.01020	0.02601	-0.01345	-0.02787	0.00532	-0.01352	-0.02425	-0.02424	0.01400	-0.00267	-0.00252	(And (Agent $e0 $x0) (Member $x0 board) (Member $x1 vote) (Theme $e0 $x1))
p201923	-0.01296	0.10818	0.16382	-0.11825	0.00899	0.13610	-0.04538	-0.11981	-0.08046	-0.03268	-0.07220	-0.06151	-0.00977	0.20154	0.24861	-0.05655	-0.11202	0.09041	-0.05621	-0.01172	0.07729	-0.05942	-0.00942	-0.09261	-0.03453	-0.04556	-0.00903	0.03378	-0.07191	-0.07574	0.10593	0.05838	(And (Agent $e0 $x0) (Member $x0 chef) (Member $x1 crate) (Theme $e0 $x1))
p201924	-0.01296	0.10818	0.16382	-0.11825	0.00899	0.13610	-0.04538	-0.11981	-0.08046	-0.03268	-0.07220	-0.06151	-0.00977	0.20154	0.24861	-0.05655	-0.11202	0.09041	-0.05621	-0.01172	0.07729	-0.05942	-0.00942	-0.09261	-0.03453	-0.04556	-0.00903	0.03378	-0.07191	-0.07574	0.10593	0.05838	(And (Agent $e0 $x0) (Member $x0 chef) (Past $e0) (Theme $e0 $x1))
p201925	-0.06848	0.00921	-0.08339	0.06010	0.01378	-0.05885	-0.02334	-0.06862	0.15860	0.08350	-0.02647	-0.05612	-0.04226	-0.09918	0.13137	-0.00438	0.05973	-0.00705	-0.03022	0.08053	0.12633	-0.01929	0.09131	-0.07592	-0.00018	-0.05939	-0.02413	-0.04014	0.17780	0.00743	0.01664	0.00518	(And (Agent $e0 $x0) (Member $x0 company) (Member $x1 hotel) (Patient $e0 $x1))
p201926	-0.13692	0.01847	-0.16673	0.12024	0.02761	-0.11765	-0.04662	-0.13720	0.31724	0.16706	-0.05289	-0.11221	-0.08447	-0.19834	0.26278	-0.00874	0.11950	-0.01407	-0.06039	0.16110	0.25268	-0.03854	0.18266	-0.15182	-0.00031	-0.11870	-0.04820	-0.08028	0.35561	0.01491	0.03334	0.01041	(And (Agent $e0 $x0) (Member $x0 company) (Past $e0) (Patient $e0 $x1))
p201927	0.01229	-0.02072	0.03879	-0.03991	-0.05121	-0.00235	-0.01806	0.00913	0.00146	-0.05750	-0.04251	0.04745	-0.04632	-0.00038	0.02222	-0.01864	-0.00740	-0.04248	0.02917	-0.02009	-0.07580	-0.05174	0.05377	-0.08264	0.19868	0.08912	0.00939	0.00849	-0.06724	0.10429	-0.07691	0.16995	(And (Agent $e0 $x0) (Member $x0 council) (Member $x1 summer_fair) (Patient $e0 $x1))
p201928	-0.08058	-0.07293	0.14379	-0.08235	0.04704	-0.06232	-0.09811	0.02915	0.09198	-0.09414	0.00643	-0.12394	-0.03945	-0.12099	0.13330	0.05562	-0.04410	0.07760	0.09694	-0.00211	-0.04560	0.10279	-0.00528	0.13719	-0.05185	-0.01290	0.06777	0.01077	-0.00301	0.17615	-0.09915	-0.01227	(And (Agent $e0 $x0) (Member $x0 diver) (Member $x1 wreck) (Theme $e0 $x1))
p201929	-0.02251	-0.02332	-0.02045	0.00704	-0.00626	0.03601	0.01368	0.03192	0.02102	0.01179	-0.03229	-0.01607	0.00710	-0.00854	-0.02217	0.00270	-0.00280	0.02381	0.00243	-0.01694	0.02411	-0.02211	-0.01547	-0.00357	-0.02142	-0.00936	-0.01734	-0.02459	-0.02490	0.00726	0.00200	-0.00992	(And (Agent $e0 $x0) (Member $x0 editor) (Member $x1 manuscript) (Theme $e0 $x1))
p201931	0.08919	-0.05384	-0.04288	-0.05279	0.15316	-0.03392	-0.11563	0.07882	0.09518	-0.07700	-0.10480	0.16435	-0.10361	-0.05914	0.12780	-0.10080	0.01497	-0.07051	0.04790	-0.01231	-0.02425	-0.00570	0.04948	-0.12008	0.03305	0.03175	0.15066	0.22127	-0.11893	-0.24002	0.22501	0.01560	(And (Agent $e0 $x0) (Member $x0 firm) (Member $x1 tender) (Theme $e0 $x1))
p201933	-0.07998	0.22191	-0.06495	0.03987	0.05641	-0.09852	0.02844	0.07466	-0.01716	0.03791	0.02914	-0.02321	0.14372	-0.09389	0.00050	-0.06440	-0.08898	0.08210	-0.15763	-0.06406	0.12137	0.22550	-0.05398	-0.09515	0.18779	0.16082	-0.06863	-0.16703	-0.01106	0.05672	0.15273	-0.15374	(And (Agent $e0 $x0) (Member $x0 intern) (Member $x1 file) (Theme $e0 $x1))
p201934	-0.07998	0.22191	-0.06495	0.03987	0.05641	-0.09852	0.02844	0.07466	-0.01716	0.03791	0.02914	-0.02321	0.14372	-0.09389	0.00050	-0.06440	-0.08898	0.08210	-0.15763	-0.06406	0.12137	0.22550	-0.05398	-0.09515	0.18779	0.16082	-0.06863	-0.16703	-0.01106	0.05672	0.15273	-0.15374	(And (Agent $e0 $x0) (Member $x0 intern) (Member $x1 missing) (Theme $e0 $x1))
p201935	0.03794	-0.06041	0.01375	0.06941	-0.04400	-0.04369	-0.07922	0.15698	-0.00133	0.00561	0.30230	-0.17040	-0.03120	-0.00651	-0.13433	-0.05989	0.06011	0.25253	-0.01565	0.02221	-0.08292	-0.00236	-0.03851	-0.00778	-0.02561	-0.02158	0.14149	0.03745	-0.01747	-0.12850	0.08998	0.15309	(And (Agent $e0 $x0) (Member $x0 mechanic) (Member $x1 gearbox) (Patient $e0 $x1))
p201936	0.03794	-0.06041	0.01375	0.06941	-0.04400	-0.04369	-0.07922	0.15698	-0.00133	0.00561	0.30230	-0.17040	-0.03119	-0.00651	-0.13433	-0.05989	0.06011	0.25253	-0.01565	0.02221	-0.08292	-0.00236	-0.03851	-0.00778	-0.02561	-0.02158	0.14149	0.03745	-0.01747	-0.12851	0.08998	0.15309	(And (Agent $e0 $x0) (Member $x0 mechanic) (Member $x1 seized) (Patient $e0 $x1))
p201937	0.03794	-0.06041	0.01375	0.06941	-0.04400	-0.04369	-0.07922	0.15698	-0.00133	0.00561	0.30230	-0.17040	-0.03119	-0.00651	-0.13433	-0.05989	0.06011	0.25253	-0.01565	0.02221	-0.08292	-0.00236	-0.03851	-0.00778	-0.02561	-0.02158	0.14149	0.03745	-0.01747	-0.12851	0.08998	0.15309	(And (Agent $e0 $x0) (Member $x0 mechanic) (Past $e0) (Patient $e0 $x1))
p201938	-0.02222	-0.02309	-0.02024	0.00714	-0.00614	0.03572	0.01317	0.03203	0.02085	0.01148	-0.03217	-0.01571	0.00677	-0.00860	-0.02192	0.00259	-0.00272	0.02352	0.00211	-0.01667	0.02344	-0.02166	-0.01510	-0.00369	-0.02108	-0.00937	-0.01711	-0.02414	-0.02481	0.00708	0.00187	-0.00969	(And (Agent $e0 $x0) (Member $x0 panel) (Member $x1 proposal) (Theme $e0 $x1))
p201940	-0.01451	-0.02617	-0.01387	0.00210	0.00812	0.02903	-0.00945	0.02904	0.02970	0.00579	-0.03863	0.02422	-0.01247	-0.01217	-0.01665	-0.01723	0.00089	-0.00083	0.00768	-0.01798	0.02676	-0.01766	-0.01230	-0.01315	-0.01577	-0.00050	-0.00256	-0.01308	-0.03411	-0.02381	0.02246	-0.00517	(And (Agent $e0 $x0) (Member $x0 rescue_team) (Member $x1 search) (Theme $e0 $x1))
p201941	0.09790	0.04792	-0.03222	0.18521	0.06942	0.04750	-0.05246	-0.03143	0.08260	-0.07648	0.08101	-0.07549	-0.05103	0.03696	-0.05282	-0.04600	-0.01150	-0.05271	-0.02075	-0.01399	0.04961	-0.05915	-0.07876	0.08390	-0.01569	0.08169	-0.02231	0.10101	-0.04557	0.06740	-0.10898	0.03120	(And (Agent $e0 $x0) (Member $x0 school) (Member $x1 projector) (Theme $e0 $x1))
p201942	0.01186	-0.02102	0.03844	-0.04024	-0.05162	-0.00179	-0.01788	0.01006	0.00269	-0.05685	-0.04327	0.04693	-0.04664	-0.00098	0.02172	-0.01886	-0.00704	-0.04241	0.02984	-0.02033	-0.07593	-0.05232	0.05395	-0.08285	0.19890	0.09002	0.00921	0.00786	-0.06787	0.10346	-0.07675	0.17067	(And (Agent $e0 $x0) (Member $x0 tutor) (Member $x1 afternoon_session) (Patient $e0 $x1))
p201943	-0.01295	0.10818	0.16382	-0.11825	0.00900	0.13610	-0.04537	-0.11981	-0.08046	-0.03268	-0.07219	-0.06151	-0.00976	0.20154	0.24861	-0.05654	-0.11201	0.09041	-0.05621	-0.01172	0.07729	-0.05942	-0.00942	-0.09261	-0.03451	-0.04556	-0.00903	0.03378	-0.07190	-0.07574	0.10593	0.05838	(And (Agent $e0 $x0) (Member $x1 crate) (Past $e0) (Theme $e0 $x1))
p201944	-0.07998	0.22191	-0.06495	0.03987	0.05641	-0.09852	0.02844	0.07466	-0.01716	0.03791	0.02913	-0.02321	0.14372	-0.09389	0.00050	-0.06440	-0.08899	0.08210	-0.15763	-0.06406	0.12137	0.22549	-0.05398	-0.09515	0.18778	0.16082	-0.06863	-0.16703	-0.01106	0.05672	0.15273	-0.15374	(And (Agent $e0 $x0) (Member $x1 file) (Member $x1 missing) (Theme $e0 $x1))
p201945	0.03794	-0.06041	0.01375	0.06941	-0.04400	-0.04369	-0.07922	0.15698	-0.00133	0.00561	0.30230	-0.17040	-0.03120	-0.00651	-0.13433	-0.05989	0.06011	0.25253	-0.01565	0.02221	-0.08292	-0.00236	-0.03851	-0.00778	-0.02561	-0.02158	0.14149	0.03745	-0.01747	-0.12850	0.08998	0.15309	(And (Agent $e0 $x0) (Member $x1 gearbox) (Member $x1 seized) (Patient $e0 $x1))
p201946	0.03794	-0.06041	0.01375	0.06941	-0.04400	-0.04369	-0.07922	0.15698	-0.00133	0.00561	0.30230	-0.17040	-0.03120	-0.00651	-0.13433	-0.05989	0.06011	0.25253	-0.01565	0.02221	-0.08292	-0.00236	-0.03851	-0.00778	-0.02561	-0.02158	0.14149	0.03745	-0.01747	-0.12850	0.08998	0.15309	(And (Agent $e0 $x0) (Member $x1 gearbox) (Past $e0) (Patient $e0 $x1))
p201947	-0.06848	0.00921	-0.08339	0.06010	0.01378	-0.05885	-0.02334	-0.06862	0.15860	0.08350	-0.02647	-0.05612	-0.04226	-0.09918	0.13137	-0.00438	0.05973	-0.00705	-0.03022	0.08053	0.12633	-0.01929	0.09131	-0.07592	-0.00018	-0.05939	-0.02413	-0.04014	0.17780	0.00743	0.01664	0.00518	(And (Agent $e0 $x0) (Member $x1 hotel) (Past $e0) (Patient $e0 $x1))
p201948	0.09790	0.04792	-0.03221	0.18521	0.06942	0.04750	-0.05246	-0.03143	0.08260	-0.07648	0.08101	-0.07549	-0.05103	0.03696	-0.05282	-0.04600	-0.01150	-0.05271	-0.02075	-0.01399	0.04961	-0.05915	-0.07876	0.08390	-0.01568	0.08169	-0.02231	0.10101	-0.04557	0.06740	-0.10898	0.03120	(And (Agent $e0 $x0) (Member $x1 projector) (Past $e0) (Theme $e0 $x1))
p201950	0.03794	-0.06041	0.01375	0.06941	-0.04400	-0.04369	-0.07922	0.15698	-0.00133	0.00561	0.30230	-0.17040	-0.03120	-0.00651	-0.13433	-0.05989	0.06011	0.25253	-0.01565	0.02221	-0.08292	-0.00236	-0.03851	-0.00778	-0.02562	-0.02158	0.14149	0.03745	-0.01747	-0.12850	0.08998	0.15309	(And (Agent $e0 $x0) (Member $x1 seized) (Past $e0) (Patient $e0 $x1))
p201952	0.24518	-0.05328	0.08782	0.02028	0.15225	-0.01011	-0.05799	-0.07431	0.02420	0.18160	0.02896	0.12528	0.02717	0.00303	-0.07240	-0.01782	-0.04837	0.13741	-0.05928	0.10713	-0.07319	-0.01849	-0.10055	-0.12132	0.05408	-0.05899	-0.04114	-0.14254	-0.04501	0.12200	-0.02456	-0.07207	(And (Agent $e0 $x0) (Member $x1 view) (Past $e0) (Theme $e0 $x1))
p201953	0.24518	-0.05327	0.08782	0.02028	0.15225	-0.01011	-0.05799	-0.07431	0.02420	0.18160	0.02896	0.12528	0.02717	0.00303	-0.07240	-0.01782	-0.04837	0.13741	-0.05927	0.10713	-0.07319	-0.01849	-0.10055	-0.12132	0.05408	-0.05899	-0.04114	-0.14254	-0.04501	0.12200	-0.02456	-0.07207	(And (Agent $e0 $x0) (Member $x1 view) (Possession $x1 free_soil_party) (Theme $e0 $x1))
p201954	0.24518	-0.05327	0.08782	0.02028	0.15225	-0.01011	-0.05799	-0.07431	0.02420	0.18160	0.02896	0.12528	0.02717	0.00303	-0.07240	-0.01782	-0.04837	0.13741	-0.05927	0.10713	-0.07319	-0.01849	-0.10055	-0.12132	0.05408	-0.05899	-0.04114	-0.14253	-0.04501	0.12200	-0.02456	-0.07207	(And (Agent $e0 $x0) (Member $x1 view) (Possession $x1 republican_party) (Theme $e0 $x1))
p201956	0.24518	-0.05328	0.08782	0.02029	0.15225	-0.01011	-0.05799	-0.07431	0.02420	0.18160	0.02896	0.12528	0.02717	0.00303	-0.07240	-0.01782	-0.04838	0.13741	-0.05928	0.10713	-0.07319	-0.01849	-0.10055	-0.12132	0.05408	-0.05899	-0.04114	-0.14254	-0.04501	0.12200	-0.02456	-0.07207	(And (Agent $e0 $x0) (Past $e0) (Possession $x1 free_soil_party) (Theme $e0 $x1))
p201957	0.24518	-0.05328	0.08782	0.02029	0.15225	-0.01011	-0.05799	-0.07431	0.02420	0.18160	0.02896	0.12528	0.02717	0.00303	-0.07240	-0.01782	-0.04838	0.13741	-0.05928	0.10713	-0.07319	-0.01849	-0.10055	-0.12132	0.05408	-0.05899	-0.04114	-0.14254	-0.04501	0.12200	-0.02456	-0.07207	(And (Agent $e0 $x0) (Past $e0) (Possession $x1 republican_party) (Theme $e0 $x1))
p201958	0.24518	-0.05328	0.08782	0.02029	0.15225	-0.01011	-0.05799	-0.07431	0.02420	0.18160	0.02896	0.12528	0.02717	0.00303	-0.07240	-0.01782	-0.04838	0.13741	-0.05928	0.10713	-0.07319	-0.01849	-0.10055	-0.12132	0.05408	-0.05899	-0.04114	-0.14254	-0.04501	0.12200	-0.02456	-0.07207	(And (Agent $e0 $x0) (Possession $x1 free_soil_party) (Possession $x1 republican_party) (Theme $e0 $x1))
p201959	0.08032	-0.07296	0.10199	-0.06216	-0.00763	-0.04071	0.01203	-0.02138	-0.04027	0.02124	0.06461	0.05143	0.11037	-0.08058	0.07054	-0.04612	0.15691	-0.04190	0.09732	-0.05734	0.14856	-0.09530	-0.02617	0.06170	-0.02595	0.11495	-0.07575	-0.05366	-0.10431	-0.07261	0.01153	-0.04210	(And (Before $x0 $e0) (Inheritance dress_rehearsal rehearsal) (Member $x1 dress_rehearsal) (Patient $e0 $x1))
p201960	0.08032	-0.07296	0.10199	-0.06216	-0.00763	-0.04071	0.01203	-0.02138	-0.04027	0.02124	0.06461	0.05143	0.11037	-0.08058	0.07054	-0.04612	0.15691	-0.04190	0.09732	-0.05734	0.14856	-0.09530	-0.02617	0.06170	-0.02595	0.11495	-0.07575	-0.05366	-0.10431	-0.07261	0.01153	-0.04210	(And (Before $x0 $e0) (Member $x0 lunch) (Member $x1 dress_rehearsal) (Patient $e0 $x1))
p201961	-0.03145	-0.02511	0.07024	-0.05201	0.11306	0.10048	0.11172	0.08400	-0.03614	0.10690	0.01830	-0.07048	-0.03061	-0.12065	0.04478	0.07622	0.02235	0.04000	-0.03603	-0.04174	-0.06112	-0.01136	-0.02582	-0.04422	0.03564	0.11448	-0.04832	0.11026	0.21860	-0.08757	-0.10045	0.04127	(And (Can $e0) (Cardinality $x0 <num>) (Manner $e0 $x0) (Member $e0 define))
p201962	-0.03145	-0.02511	0.07024	-0.05201	0.11306	0.10048	0.11173	0.08400	-0.03614	0.10690	0.01830	-0.07048	-0.03061	-0.12065	0.04478	0.07622	0.02235	0.04000	-0.03603	-0.04174	-0.06112	-0.01136	-0.02582	-0.04422	0.03564	0.11448	-0.04832	0.11026	0.21860	-0.08757	-0.10045	0.04127	(And (Can $e0) (Cardinality $x0 <num>) (Manner $e0 $x0) (Theme $e0 $x1))
p201963	-0.03145	-0.02511	0.07024	-0.05201	0.11306	0.10048	0.11173	0.08400	-0.03614	0.10690	0.01830	-0.07048	-0.03061	-0.12065	0.04478	0.07622	0.02235	0.04000	-0.03603	-0.04174	-0.06112	-0.01136	-0.02582	-0.04422	0.03564	0.11448	-0.04832	0.11026	0.21860	-0.08757	-0.10045	0.04127	(And (Can $e0) (GroupOf $x0 sequence) (Manner $e0 $x1) (Theme $e0 $x0))
p201964	-0.03145	-0.02511	0.07024	-0.05201	0.11306	0.10048	0.11172	0.08400	-0.03614	0.10690	0.01829	-0.07048	-0.03061	-0.12065	0.04478	0.07622	0.02235	0.04000	-0.03603	-0.04174	-0.06112	-0.01136	-0.02582	-0.04422	0.03564	0.11448	-0.04832	0.11025	0.21860	-0.08757	-0.10045	0.04127	(And (Can $e0) (GroupOf $x0 sequence) (Member $e0 define) (Theme $e0 $x0))
p201965	0.12419	0.01159	-0.07201	-0.02807	-0.00508	-0.02497	0.33118	-0.07505	-0.05889	-0.02623	0.06576	-0.11044	0.01859	-0.04796	0.14234	-0.04079	-0.14054	-0.03038	-0.04166	-0.00970	0.09355	-0.11049	0.03197	-0.08228	0.03027	0.03611	0.27141	-0.10645	-0.07730	0.09927	0.07018	-0.06630	(And (Cardinality $x0 <num>) (GroupOf $x0 child) (Holder $e0 kristoffer) (Theme $e0 $x0))
p201966	0.12419	0.01159	-0.07201	-0.02807	-0.00508	-0.02497	0.33118	-0.07505	-0.05889	-0.02623	0.06576	-0.11044	0.01859	-0.04796	0.14234	-0.04079	-0.14054	-0.03038	-0.04166	-0.00970	0.09355	-0.11049	0.03197	-0.08228	0.03027	0.03611	0.27141	-0.10645	-0.07730	0.09927	0.07018	-0.06630	(And (Cardinality $x0 <num>) (GroupOf $x0 child) (Member $e0 have) (Theme $e0 $x0))
p201967	-0.04846	0.00631	0.09406	0.03274	0.03471	0.03348	0.09682	-0.06131	0.15755	0.02490	-0.01956	0.00482	-0.03754	0.18095	-0.15100	-0.05272	0.18560	-0.06780	-0.05661	0.01426	-0.08137	0.17794	-0.06055	-0.06910	0.03980	-0.08832	0.01286	-0.00404	-0.08153	-0.03670	0.00100	0.01892	(And (Cardinality $x0 <num>) (GroupOf $x0 egg) (Holder $e0 $x1) (Theme $e0 $x0))
p201968	-0.05086	0.00190	0.08055	0.03264	0.03188	0.03849	0.09063	-0.05669	0.14763	0.02387	-0.02578	0.00740	-0.03689	0.17349	-0.14730	-0.04510	0.18128	-0.06254	-0.05384	0.00942	-0.07425	0.16917	-0.05829	-0.06563	0.03338	-0.08548	0.01148	-0.00447	-0.07845	-0.03226	-0.00091	0.01664	(And (Cardinality $x0 <num>) (GroupOf $x0 egg) (Member $e0 require) (Theme $e0 $x0))
p201969	-0.03145	-0.02511	0.07024	-0.05201	0.11306	0.10048	0.11173	0.08400	-0.03614	0.10690	0.01830	-0.07048	-0.03061	-0.12065	0.04478	0.07622	0.02235	0.04000	-0.03603	-0.04174	-0.06112	-0.01136	-0.02582	-0.04422	0.03564	0.11448	-0.04832	0.11026	0.21860	-0.08757	-0.10045	0.04127	(And (Cardinality $x0 <num>) (GroupOf $x1 sequence) (Manner $e0 $x0) (Theme $e0 $x1))
p201970	-0.04829	0.00668	0.09078	0.03253	0.03415	0.03240	0.09398	-0.05977	0.15604	0.02442	-0.01921	0.00458	-0.03716	0.17697	-0.14842	-0.05130	0.18115	-0.06654	-0.05607	0.01494	-0.08013	0.17612	-0.05953	-0.06800	0.03862	-0.08713	0.01260	-0.00354	-0.07937	-0.03610	0.00064	0.01854	(And (Cardinality $x0 <num>) (Holder $e0 $x1) (Member $e0 require) (Theme $e0 $x0))
p201971	-0.04846	0.00631	0.09406	0.03274	0.03471	0.03348	0.09682	-0.06131	0.15755	0.02490	-0.01956	0.00482	-0.03754	0.18095	-0.15100	-0.05272	0.18560	-0.06780	-0.05661	0.01426	-0.08137	0.17794	-0.06055	-0.06910	0.03980	-0.08832	0.01286	-0.00404	-0.08153	-0.03670	0.00100	0.01892	(And (Cardinality $x0 <num>) (Holder $e0 $x1) (Member $x1 recipe) (Theme $e0 $x0))
p201972	0.12419	0.01159	-0.07201	-0.02807	-0.00508	-0.02497	0.33118	-0.07505	-0.05889	-0.02623	0.06576	-0.11044	0.01859	-0.04796	0.14234	-0.04079	-0.14054	-0.03038	-0.04166	-0.00970	0.09355	-0.11049	0.03197	-0.08228	0.03027	0.03611	0.27141	-0.10645	-0.07730	0.09927	0.07018	-0.06630	(And (Cardinality $x0 <num>) (Holder $e0 kristoffer) (Member $e0 have) (Theme $e0 $x0))
p201973	-0.03145	-0.02511	0.07024	-0.05201	0.11306	0.10048	0.11172	0.08400	-0.03614	0.10690	0.01830	-0.07048	-0.03061	-0.12065	0.04478	0.07622	0.02235	0.04000	-0.03603	-0.04174	-0.06112	-0.01136	-0.02582	-0.04422	0.03564	0.11448	-0.04832	0.11026	0.21860	-0.08757	-0.10045	0.04127	(And (Cardinality $x0 <num>) (Manner $e0 $x0) (Member $e0 define) (Theme $e0 $x1))
p201974	-0.07855	0.10669	-0.09161	0.00993	0.04097	0.01821	-0.07787	-0.06041	-0.04862	-0.06112	-0.04233	0.04925	-0.04883	-0.02286	-0.03825	0.12484	0.17933	0.06967	-0.04310	-0.01134	0.02800	-0.03583	0.00273	0.02337	-0.01184	0.03482	0.11105	0.07633	-0.00195	0.06827	-0.08025	-0.04211	(And (Cardinality $x0 <num>) (Member $e0 buy) (Past $e0) (Theme $e0 $x0))
p201975	0.00184	0.25155	0.01135	0.02148	0.04355	0.02444	-0.00441	0.08846	-0.03324	0.08605	0.01373	-0.02722	-0.01370	-0.00456	-0.08409	0.00409	0.02396	-0.12459	0.26437	0.06403	-0.06061	-0.02247	-0.02832	-0.05651	-0.04838	-0.07322	-0.02450	-0.07145	-0.03378	-0.02726	-0.00008	0.10672	(And (Experiencer $e0 $x0) (Location $e1 $x1) (Member $x1 ledger) (Stimulus $e0 $e1))
p201976	0.01716	-0.02722	0.00484	-0.00105	-0.08217	0.14862	0.01231	-0.06395	0.05216	-0.02878	0.05812	-0.02187	0.03813	-0.05048	-0.05909	0.13140	-0.02540	-0.02550	0.08555	0.16912	0.04156	-0.02796	-0.12166	0.16585	0.28722	-0.24254	-0.00964	0.04261	0.06273	-0.08451	0.14328	-0.10317	(And (For $e0 $e1) (Member $e0 win) (Member $e1 portray) (Past $e0))
p201977	0.01716	-0.02722	0.00484	-0.00105	-0.08216	0.14862	0.01231	-0.06395	0.05216	-0.02878	0.05812	-0.02187	0.03813	-0.05048	-0.05909	0.13140	-0.02540	-0.02550	0.08555	0.16912	0.04156	-0.02796	-0.12166	0.16585	0.28722	-0.24254	-0.00964	0.04261	0.06273	-0.08451	0.14328	-0.10317	(And (For $e0 $e1) (Member $e0 win) (Member $e1 portray) (Theme $e0 $x0))
p201978	0.01716	-0.02722	0.00484	-0.00105	-0.08217	0.14862	0.01231	-0.06395	0.05216	-0.02878	0.05812	-0.02187	0.03813	-0.05048	-0.05909	0.13140	-0.02540	-0.02550	0.08555	0.16912	0.04156	-0.02796	-0.12166	0.16585	0.28722	-0.24254	-0.00964	0.04261	0.06273	-0.08451	0.14328	-0.10317	(And (For $e0 $e1) (Member $e0 win) (Member $x0 emmy) (Theme $e0 $x0))
p201979	0.01716	-0.02722	0.00484	-0.00105	-0.08217	0.14862	0.01231	-0.06395	0.05216	-0.02878	0.05812	-0.02187	0.03813	-0.05048	-0.05909	0.13140	-0.02540	-0.02550	0.08555	0.16912	0.04156	-0.02796	-0.12166	0.16585	0.28722	-0.24254	-0.00964	0.04261	0.06273	-0.08451	0.14328	-0.10317	(And (For $e0 $e1) (Member $e1 portray) (Member $x0 emmy) (Theme $e0 $x0))
p201980	0.01716	-0.02722	0.00484	-0.00105	-0.08216	0.14862	0.01231	-0.06395	0.05216	-0.02878	0.05812	-0.02187	0.03813	-0.05048	-0.05909	0.13140	-0.02540	-0.02550	0.08555	0.16912	0.04156	-0.02796	-0.12166	0.16585	0.28722	-0.24254	-0.00964	0.04261	0.06273	-0.08451	0.14328	-0.10317	(And (For $e0 $e1) (Member $e1 portray) (Past $e0) (Theme $e0 $x0))
p201981	0.01716	-0.02722	0.00484	-0.00105	-0.08216	0.14862	0.01231	-0.06395	0.05216	-0.02878	0.05812	-0.02187	0.03813	-0.05048	-0.05909	0.13140	-0.02540	-0.02550	0.08555	0.16912	0.04156	-0.02796	-0.12166	0.16585	0.28722	-0.24254	-0.00964	0.04261	0.06273	-0.08451	0.14328	-0.10317	(And (For $e0 $e1) (Member $x0 emmy) (Past $e0) (Theme $e0 $x0))
p201982	0.07382	-0.06690	0.09089	-0.05664	-0.01507	-0.03555	0.01623	-0.02326	-0.03478	0.01965	0.05770	0.03394	0.09178	-0.06909	0.06669	-0.04210	0.10843	-0.02987	0.08560	-0.05165	0.13285	-0.08456	-0.02001	0.05181	-0.02345	0.09941	-0.06040	-0.04328	-0.08805	-0.06087	0.01333	-0.03531	(And (Future $e0) (Inheritance apple_harvest harvest) (Member $x0 apple_harvest) (Patient $e0 $x0))
p201983	0.07382	-0.06690	0.09089	-0.05664	-0.01507	-0.03555	0.01623	-0.02326	-0.03478	0.01965	0.05770	0.03394	0.09178	-0.06909	0.06669	-0.04210	0.10843	-0.02987	0.08560	-0.05165	0.13285	-0.08456	-0.02001	0.05182	-0.02345	0.09941	-0.06040	-0.04328	-0.08805	-0.06087	0.01333	-0.03530	(And (Future $e0) (Member $x0 apple_harvest) (Patient $e0 $x0) (Time $e0 (Month september)))
p201984	0.12419	0.01159	-0.07201	-0.02807	-0.00508	-0.02497	0.33118	-0.07505	-0.05889	-0.02623	0.06576	-0.11044	0.01859	-0.04796	0.14234	-0.04079	-0.14054	-0.03039	-0.04166	-0.00970	0.09355	-0.11049	0.03197	-0.08228	0.03027	0.03611	0.27141	-0.10645	-0.07730	0.09927	0.07018	-0.06630	(And (GroupOf $x0 child) (Holder $e0 kristoffer) (Member $e0 have) (Theme $e0 $x0))
p201985	-0.04846	0.00631	0.09406	0.03274	0.03471	0.03348	0.09682	-0.06131	0.15755	0.02490	-0.01956	0.00482	-0.03754	0.18095	-0.15100	-0.05272	0.18560	-0.06780	-0.05661	0.01426	-0.08137	0.17794	-0.06055	-0.06910	0.03980	-0.08832	0.01286	-0.00404	-0.08153	-0.03670	0.00100	0.01892	(And (GroupOf $x0 egg) (Holder $e0 $x1) (Member $x1 recipe) (Theme $e0 $x0))
p201986	-0.03145	-0.02511	0.07024	-0.05201	0.11306	0.10048	0.11173	0.08400	-0.03614	0.10690	0.01830	-0.07048	-0.03061	-0.12065	0.04478	0.07622	0.02235	0.04000	-0.03603	-0.04174	-0.06112	-0.01136	-0.02582	-0.04422	0.03564	0.11448	-0.04832	0.11026	0.21860	-0.08757	-0.10045	0.04127	(And (GroupOf $x0 sequence) (Manner $e0 $x1) (Member $e0 define) (Theme $e0 $x0))
p201987	-0.08026	-0.07330	0.14606	-0.08320	0.04625	-0.06503	-0.09703	0.02724	0.09196	-0.09278	0.00735	-0.12277	-0.03807	-0.12264	0.13484	0.05251	-0.04511	0.07741	0.09946	-0.00388	-0.03905	0.10045	-0.00661	0.13958	-0.05068	-0.00872	0.06733	0.00862	-0.00415	0.17222	-0.09661	-0.01443	(And (Location $e0 $x0) (Member $e0 discover) (Member $x0 point) (Theme $e0 $x1))
p201988	-0.08058	-0.07293	0.14379	-0.08235	0.04704	-0.06232	-0.09811	0.02915	0.09198	-0.09414	0.00643	-0.12394	-0.03945	-0.12099	0.13330	0.05562	-0.04410	0.07760	0.09694	-0.00211	-0.04560	0.10279	-0.00528	0.13719	-0.05185	-0.01290	0.06777	0.01077	-0.00301	0.17615	-0.09915	-0.01227	(And (Location $e0 $x0) (Member $x0 point) (Member $x1 wreck) (Theme $e0 $x1))
p201990	-0.06848	0.00921	-0.08339	0.06010	0.01378	-0.05885	-0.02334	-0.06862	0.15860	0.08350	-0.02646	-0.05612	-0.04226	-0.09918	0.13137	-0.00438	0.05973	-0.00705	-0.03022	0.08053	0.12633	-0.01929	0.09131	-0.07592	-0.00018	-0.05939	-0.02413	-0.04014	0.17780	0.00743	0.01664	0.00518	(And (Location $e0 eskisehir) (Location $e0 turkey) (Member $x0 hotel) (Patient $e0 $x0))
p201996	-0.06848	0.00921	-0.08339	0.06010	0.01378	-0.05885	-0.02334	-0.06862	0.15860	0.08350	-0.02646	-0.05612	-0.04226	-0.09918	0.13137	-0.00438	0.05973	-0.00705	-0.03022	0.08053	0.12633	-0.01929	0.09131	-0.07592	-0.00018	-0.05939	-0.02413	-0.04014	0.17780	0.00743	0.01664	0.00518	(And (Location $e0 eskisehir) (Member $e0 build) (Member $x0 hotel) (Patient $e0 $x0))
p201997	-0.06848	0.00921	-0.08339	0.06010	0.01378	-0.05885	-0.02334	-0.06862	0.15860	0.08350	-0.02647	-0.05612	-0.04226	-0.09918	0.13137	-0.00438	0.05973	-0.00705	-0.03022	0.08053	0.12633	-0.01929	0.09131	-0.07592	-0.00018	-0.05939	-0.02413	-0.04014	0.17780	0.00743	0.01664	0.00518	(And (Location $e0 eskisehir) (Member $x0 hotel) (Past $e0) (Patient $e0 $x0))
p202007	-0.06848	0.00921	-0.08339	0.06010	0.01378	-0.05885	-0.02334	-0.06862	0.15860	0.08350	-0.02647	-0.05612	-0.04226	-0.09918	0.13137	-0.00438	0.05973	-0.00705	-0.03022	0.08053	0.12633	-0.01929	0.09131	-0.07592	-0.00018	-0.05939	-0.02413	-0.04014	0.17780	0.00743	0.01664	0.00518	(And (Location $e0 turkey) (Member $e0 build) (Member $x0 hotel) (Patient $e0 $x0))
p202008	-0.06848	0.00921	-0.08339	0.06010	0.01378	-0.05885	-0.02334	-0.06862	0.15860	0.08350	-0.02646	-0.05612	-0.04226	-0.09918	0.13137	-0.00438	0.05973	-0.00705	-0.03022	0.08053	0.12633	-0.01929	0.09131	-0.07592	-0.00018	-0.05939	-0.02413	-0.04014	0.17780	0.00743	0.01664	0.00518	(And (Location $e0 turkey) (Member $x0 hotel) (Past $e0) (Patient $e0 $x0))
p202014	-0.06848	0.00921	-0.08339	0.06010	0.01378	-0.05885	-0.02334	-0.06862	0.15860	0.08350	-0.02647	-0.05612	-0.04226	-0.09918	0.13137	-0.00438	0.05973	-0.00705	-0.03022	0.08053	0.12633	-0.01929	0.09131	-0.07592	-0.00018	-0.05939	-0.02413	-0.04014	0.17780	0.00743	0.01664	0.00518	(And (Member $e0 build) (Member $x0 hotel) (Past $e0) (Patient $e0 $x0))
p202020	0.01716	-0.02722	0.00484	-0.00105	-0.08217	0.14862	0.01231	-0.06395	0.05216	-0.02878	0.05812	-0.02187	0.03813	-0.05048	-0.05909	0.13140	-0.02540	-0.02550	0.08555	0.16912	0.04156	-0.02796	-0.12166	0.16585	0.28722	-0.24254	-0.00964	0.04261	0.06273	-0.08451	0.14328	-0.10317	(And (Member $e0 win) (Member $x0 emmy) (Past $e0) (Theme $e0 $x0))
p202023	0.08919	-0.05384	-0.04288	-0.05279	0.15316	-0.03392	-0.11563	0.07882	0.09518	-0.07700	-0.10480	0.16435	-0.10361	-0.05914	0.12780	-0.10080	0.01497	-0.07051	0.04790	-0.01231	-0.02425	-0.00570	0.04948	-0.12008	0.03306	0.03174	0.15066	0.22127	-0.11893	-0.24002	0.22501	0.01560	(And (Member $x0 firm) (Member $x1 tender) (Possession $x1 $x0) (Theme $e0 $x1))
p202024	0.03794	-0.06041	0.01375	0.06941	-0.04400	-0.04369	-0.07922	0.15698	-0.00133	0.00561	0.30230	-0.17040	-0.03120	-0.00651	-0.13433	-0.05989	0.06011	0.25253	-0.01565	0.02221	-0.08292	-0.00236	-0.03851	-0.00778	-0.02561	-0.02158	0.14149	0.03745	-0.01747	-0.12850	0.08998	0.15309	(And (Member $x0 gearbox) (Member $x0 seized) (Past $e0) (Patient $e0 $x0))
p202025	0.00880	-0.01976	0.01983	-0.00430	-0.01936	-0.00970	-0.00114	-0.00064	-0.00810	0.00657	0.01315	0.00973	0.03436	-0.01868	0.02799	-0.00446	0.04799	-0.00330	0.00120	-0.01126	0.01151	-0.02075	-0.01094	0.01540	0.00861	-0.00425	-0.02543	0.02053	-0.02366	-0.01000	-0.01258	-0.01522	(And (Member $x0 hearing) (Patient $e0 $x0) (Time $e0 (Weekday monday)) (Time $e0 morning))
p202026	0.24518	-0.05328	0.08782	0.02028	0.15225	-0.01011	-0.05799	-0.07431	0.02420	0.18160	0.02896	0.12528	0.02717	0.00303	-0.07240	-0.01782	-0.04838	0.13741	-0.05928	0.10713	-0.07319	-0.01849	-0.10055	-0.12132	0.05408	-0.05899	-0.04114	-0.14254	-0.04501	0.12200	-0.02456	-0.07207	(And (Member $x0 view) (Past $e0) (Possession $x0 free_soil_party) (Theme $e0 $x0))
p202027	0.24518	-0.05328	0.08782	0.02029	0.15225	-0.01011	-0.05799	-0.07431	0.02420	0.18160	0.02896	0.12528	0.02717	0.00303	-0.07240	-0.01783	-0.04838	0.13741	-0.05928	0.10713	-0.07319	-0.01849	-0.10055	-0.12132	0.05408	-0.05899	-0.04114	-0.14254	-0.04501	0.12201	-0.02456	-0.07207	(And (Member $x0 view) (Past $e0) (Possession $x0 republican_party) (Theme $e0 $x0))
p202029	0.24518	-0.05327	0.08782	0.02028	0.15225	-0.01011	-0.05799	-0.07431	0.02420	0.18160	0.02896	0.12528	0.02717	0.00303	-0.07240	-0.01782	-0.04837	0.13741	-0.05927	0.10713	-0.07319	-0.01849	-0.10055	-0.12132	0.05408	-0.05899	-0.04114	-0.14254	-0.04501	0.12200	-0.02456	-0.07207	(And (Past $e0) (Possession $x0 free_soil_party) (Possession $x0 republican_party) (Theme $e0 $x0))
p202763	-0.02332	-0.02432	-0.02218	0.00735	-0.00791	0.03796	0.01797	0.03206	0.02116	0.01388	-0.03279	-0.01965	0.01031	-0.00820	-0.02358	0.00390	-0.00351	0.02691	0.00379	-0.01860	0.02723	-0.02527	-0.01891	-0.00246	-0.02299	-0.01050	-0.01871	-0.02757	-0.02482	0.00929	0.00297	-0.01245	(And (Agent $e0 $x0) (Agent $e0 jica) (Member $x0 government))
p202768	-0.01296	0.10818	0.16382	-0.11825	0.00899	0.13610	-0.04538	-0.11981	-0.08046	-0.03268	-0.07219	-0.06151	-0.00976	0.20154	0.24861	-0.05655	-0.11202	0.09041	-0.05621	-0.01172	0.07729	-0.05942	-0.00942	-0.09261	-0.03452	-0.04556	-0.00903	0.03378	-0.07191	-0.07574	0.10593	0.05838	(And (Agent $e0 $x0) (GroupOf $x1 lemon) (Theme $e0 $x1))
p202769	-0.02239	-0.02335	-0.01974	0.00781	-0.00671	0.03451	0.01292	0.03160	0.02148	0.01020	-0.03225	-0.01569	0.00724	-0.00836	-0.02209	0.00327	-0.00242	0.02346	0.00274	-0.01582	0.02189	-0.02249	-0.01439	-0.00402	-0.01932	-0.00975	-0.01694	-0.02285	-0.02476	0.00892	-0.00042	-0.00808	(And (Agent $e0 $x0) (GroupOf $x1 sample) (Theme $e0 $x1))
p202770	-0.01451	-0.02617	-0.01387	0.00210	0.00812	0.02903	-0.00945	0.02904	0.02970	0.00580	-0.03864	0.02423	-0.01248	-0.01217	-0.01665	-0.01723	0.00089	-0.00082	0.00768	-0.01798	0.02676	-0.01767	-0.01230	-0.01315	-0.01577	-0.00050	-0.00256	-0.01308	-0.03411	-0.02381	0.02246	-0.00517	(And (Agent $e0 $x0) (Inheritance rescue_team team) (Member $x0 rescue_team))
p202771	-0.04485	-0.07006	-0.05892	-0.02163	0.07171	-0.10458	-0.03262	0.05853	-0.07085	0.12242	-0.02269	-0.04483	-0.06891	0.16174	-0.00677	-0.02570	0.02856	0.04782	-0.03409	-0.03526	0.09921	-0.06795	0.15757	0.13509	0.10228	0.07168	0.00665	-0.02113	-0.10020	-0.07816	-0.05737	-0.04370	(And (Agent $e0 $x0) (Location $e0 $x1) (Member $x0 biologist))
p202772	-0.08058	-0.07293	0.14379	-0.08235	0.04704	-0.06232	-0.09811	0.02915	0.09198	-0.09414	0.00643	-0.12394	-0.03945	-0.12099	0.13330	0.05562	-0.04410	0.07760	0.09694	-0.00211	-0.04560	0.10279	-0.00528	0.13719	-0.05185	-0.01290	0.06777	0.01077	-0.00301	0.17615	-0.09915	-0.01227	(And (Agent $e0 $x0) (Location $e0 $x1) (Member $x0 diver))
p202773	-0.05815	-0.09119	-0.07602	-0.02633	0.09057	-0.13309	-0.03994	0.06704	-0.09080	0.15973	-0.02864	-0.05896	-0.08735	0.20646	-0.00267	-0.03124	0.03002	0.06350	-0.03841	-0.04675	0.13260	-0.08820	0.20038	0.17458	0.12273	0.09007	0.01039	-0.02726	-0.12626	-0.10162	-0.07296	-0.05759	(And (Agent $e0 $x0) (Location $e0 $x1) (Member $x1 survey))
p202774	-0.06848	0.00921	-0.08339	0.06010	0.01378	-0.05885	-0.02334	-0.06862	0.15860	0.08350	-0.02647	-0.05612	-0.04226	-0.09918	0.13137	-0.00438	0.05973	-0.00705	-0.03022	0.08053	0.12633	-0.01929	0.09131	-0.07592	-0.00018	-0.05939	-0.02413	-0.04014	0.17780	0.00743	0.01664	0.00518	(And (Agent $e0 $x0) (Location $e0 eskisehir) (Member $x0 company))
p202775	-0.06848	0.00921	-0.08339	0.06010	0.01378	-0.05885	-0.02334	-0.06862	0.15860	0.08350	-0.02647	-0.05612	-0.04226	-0.09918	0.13137	-0.00438	0.05973	-0.00705	-0.03022	0.08053	0.12633	-0.01929	0.09131	-0.07592	-0.00018	-0.05939	-0.02413	-0.04014	0.17780	0.00743	0.01664	0.00518	(And (Agent $e0 $x0) (Location $e0 kazakhstan) (Member $x0 company))
p202776	-0.10279	0.01502	-0.12495	0.09024	0.02132	-0.08796	-0.03519	-0.10283	0.23772	0.12494	-0.03979	-0.08362	-0.06336	-0.14859	0.19714	-0.00660	0.08967	-0.01251	-0.04516	0.12100	0.18917	-0.02908	0.13690	-0.11409	-0.00034	-0.08905	-0.03628	-0.06092	0.26634	0.01212	0.02536	0.00793	(And (Agent $e0 $x0) (Location $e0 turkey) (Member $x0 company))
p202777	0.02630	0.04475	0.00934	0.10908	-0.07452	0.19304	-0.10752	-0.05664	0.01367	0.20142	-0.03882	0.16039	0.17793	-0.12886	0.16215	-0.04697	-0.06973	-0.17353	-0.14617	0.01633	-0.13892	0.21983	-0.10146	0.04664	-0.03341	0.01984	0.16847	-0.06479	-0.00829	-0.20919	-0.02237	0.06633	(And (Agent $e0 $x0) (Location $e1 $x1) (Theme $e0 $e1))
p202779	-0.13692	0.01847	-0.16673	0.12024	0.02761	-0.11765	-0.04662	-0.13720	0.31724	0.16706	-0.05289	-0.11221	-0.08447	-0.19834	0.26278	-0.00874	0.11950	-0.01407	-0.06039	0.16110	0.25268	-0.03854	0.18266	-0.15182	-0.00031	-0.11870	-0.04820	-0.08028	0.35561	0.01491	0.03334	0.01041	(And (Agent $e0 $x0) (Member $e0 build) (Member $x0 company))
p202781	-0.04297	0.00305	-0.03982	0.01923	0.09397	-0.00613	-0.00474	0.03595	-0.07112	-0.09315	0.01938	-0.09413	0.16057	0.07173	-0.03910	0.03124	-0.00074	0.00067	0.02546	0.13004	-0.05677	-0.00774	0.12336	-0.03486	-0.03851	-0.11984	0.03493	0.13761	-0.00480	0.08357	-0.09270	0.02801	(And (Agent $e0 $x0) (Member $e1 decision) (Patient $e0 $e1))
p202782	-0.03984	0.01727	-0.03871	0.03820	0.09666	-0.00597	-0.02004	0.03151	-0.06336	-0.08196	0.02416	-0.08368	0.18203	0.05329	-0.02435	0.02043	-0.00255	-0.00301	-0.01615	0.12927	-0.06119	0.03543	0.11187	-0.03545	-0.03642	-0.11804	0.03745	0.13871	0.00290	0.04670	-0.07723	0.01411	(And (Agent $e0 $x0) (Member $e1 decision) (Theme $e0 $e1))
p202783	-0.01296	0.10818	0.16382	-0.11825	0.00899	0.13610	-0.04538	-0.11981	-0.08046	-0.03268	-0.07220	-0.06151	-0.00977	0.20154	0.24861	-0.05655	-0.11202	0.09041	-0.05621	-0.01172	0.07729	-0.05942	-0.00942	-0.09261	-0.03453	-0.04556	-0.00903	0.03378	-0.07191	-0.07574	0.10593	0.05838	(And (Agent $e0 $x0) (Member $x0 chef) (Past $e0))
p202784	-0.01296	0.10818	0.16382	-0.11825	0.00899	0.13610	-0.04538	-0.11981	-0.08046	-0.03268	-0.07219	-0.06151	-0.00976	0.20154	0.24861	-0.05655	-0.11202	0.09041	-0.05621	-0.01172	0.07729	-0.05942	-0.00942	-0.09261	-0.03452	-0.04556	-0.00903	0.03378	-0.07191	-0.07574	0.10593	0.05838	(And (Agent $e0 $x0) (Member $x0 chef) (Theme $e0 $x1))
p202785	-0.02120	-0.01554	0.01335	0.01518	-0.00358	0.02574	-0.00105	0.01832	0.01229	0.00932	-0.03283	0.01082	-0.00645	-0.01788	-0.02107	0.00701	-0.00616	-0.00104	0.00039	-0.03123	0.00865	-0.01846	0.00978	-0.01404	-0.01758	0.02785	-0.02228	-0.03962	-0.04026	0.00189	0.02836	-0.01300	(And (Agent $e0 $x0) (Member $x0 clerk) (Theme $e0 $x1))
p202786	-0.13692	0.01847	-0.16673	0.12024	0.02761	-0.11765	-0.04662	-0.13720	0.31724	0.16706	-0.05289	-0.11221	-0.08447	-0.19834	0.26278	-0.00874	0.11950	-0.01407	-0.06039	0.16110	0.25268	-0.03854	0.18266	-0.15182	-0.00031	-0.11870	-0.04820	-0.08028	0.35561	0.01491	0.03334	0.01041	(And (Agent $e0 $x0) (Member $x0 company) (Past $e0))
p202787	-0.13692	0.01847	-0.16673	0.12024	0.02761	-0.11765	-0.04662	-0.13720	0.31724	0.16706	-0.05289	-0.11221	-0.08447	-0.19834	0.26278	-0.00874	0.11950	-0.01407	-0.06039	0.16110	0.25268	-0.03854	0.18266	-0.15182	-0.00031	-0.11870	-0.04820	-0.08028	0.35561	0.01491	0.03334	0.01041	(And (Agent $e0 $x0) (Member $x0 company) (Patient $e0 $x1))
p202788	0.01229	-0.02072	0.03879	-0.03991	-0.05121	-0.00235	-0.01806	0.00913	0.00146	-0.05750	-0.04251	0.04745	-0.04632	-0.00038	0.02222	-0.01864	-0.00740	-0.04248	0.02917	-0.02009	-0.07580	-0.05174	0.05377	-0.08264	0.19868	0.08912	0.00939	0.00849	-0.06724	0.10429	-0.07691	0.16995	(And (Agent $e0 $x0) (Member $x0 council) (Patient $e0 $x1))
p202789	0.00081	-0.01791	-0.01789	0.01404	0.00023	0.00224	-0.00679	-0.01606	-0.00335	-0.00659	-0.01880	-0.00152	0.01744	-0.00011	0.00622	0.00082	-0.00503	0.02914	-0.00555	-0.01448	-0.00301	-0.00344	-0.00133	-0.00168	0.01551	-0.00206	-0.00551	-0.00350	0.01937	0.00495	-0.00315	-0.01842	(And (Agent $e0 $x0) (Member $x0 delegation) (Time $e0 (Weekday thursday)))
p202790	-0.08058	-0.07293	0.14379	-0.08235	0.04704	-0.06232	-0.09811	0.02915	0.09198	-0.09414	0.00643	-0.12394	-0.03945	-0.12099	0.13330	0.05562	-0.04410	0.07760	0.09694	-0.00211	-0.04560	0.10279	-0.00528	0.13719	-0.05185	-0.01290	0.06777	0.01077	-0.00301	0.17615	-0.09915	-0.01227	(And (Agent $e0 $x0) (Member $x0 diver) (Theme $e0 $x1))
p202791	-0.02251	-0.02332	-0.02045	0.00704	-0.00626	0.03601	0.01368	0.03192	0.02102	0.01179	-0.03229	-0.01607	0.00710	-0.00854	-0.02217	0.00270	-0.00280	0.02381	0.00243	-0.01694	0.02411	-0.02211	-0.01547	-0.00357	-0.02142	-0.00936	-0.01734	-0.02459	-0.02490	0.00726	0.00200	-0.00992	(And (Agent $e0 $x0) (Member $x0 editor) (Theme $e0 $x1))
p202792	0.08919	-0.05384	-0.04288	-0.05279	0.15316	-0.03392	-0.11563	0.07882	0.09518	-0.07700	-0.10480	0.16435	-0.10361	-0.05914	0.12780	-0.10080	0.01497	-0.07051	0.04790	-0.01231	-0.02425	-0.00570	0.04948	-0.12008	0.03305	0.03174	0.15066	0.22127	-0.11893	-0.24002	0.22501	0.01560	(And (Agent $e0 $x0) (Member $x0 firm) (Theme $e0 $x1))
p202793	-0.02332	-0.02432	-0.02218	0.00735	-0.00791	0.03796	0.01797	0.03206	0.02116	0.01388	-0.03279	-0.01965	0.01031	-0.00820	-0.02358	0.00390	-0.00351	0.02691	0.00379	-0.01860	0.02723	-0.02527	-0.01891	-0.00246	-0.02299	-0.01050	-0.01871	-0.02756	-0.02482	0.00929	0.00297	-0.01245	(And (Agent $e0 $x0) (Member $x0 government) (Theme $e0 $x1))
p202794	-0.07998	0.22191	-0.06495	0.03987	0.05641	-0.09852	0.02844	0.07466	-0.01716	0.03791	0.02914	-0.02321	0.14372	-0.09389	0.00050	-0.06440	-0.08898	0.08210	-0.15763	-0.06406	0.12137	0.22550	-0.05398	-0.09515	0.18779	0.16082	-0.06863	-0.16703	-0.01106	0.05672	0.15273	-0.15374	(And (Agent $e0 $x0) (Member $x0 intern) (Theme $e0 $x1))
p202795	0.03794	-0.06041	0.01375	0.06941	-0.04400	-0.04369	-0.07922	0.15698	-0.00133	0.00561	0.30230	-0.17040	-0.03120	-0.00651	-0.13433	-0.05989	0.06011	0.25253	-0.01565	0.02221	-0.08292	-0.00236	-0.03851	-0.00778	-0.02561	-0.02158	0.14149	0.03745	-0.01747	-0.12850	0.08998	0.15309	(And (Agent $e0 $x0) (Member $x0 mechanic) (Past $e0))
p202796	0.03794	-0.06041	0.01375	0.06941	-0.04400	-0.04369	-0.07922	0.15698	-0.00133	0.00561	0.30230	-0.17040	-0.03120	-0.00651	-0.13433	-0.05989	0.06011	0.25253	-0.01565	0.02221	-0.08292	-0.00236	-0.03851	-0.00778	-0.02561	-0.02158	0.14149	0.03745	-0.01747	-0.12850	0.08998	0.15309	(And (Agent $e0 $x0) (Member $x0 mechanic) (Patient $e0 $x1))
p202797	-0.02222	-0.02309	-0.02024	0.00714	-0.00614	0.03572	0.01317	0.03203	0.02085	0.01148	-0.03217	-0.01571	0.00677	-0.00860	-0.02192	0.00259	-0.00272	0.02352	0.00211	-0.01667	0.02344	-0.02165	-0.01510	-0.00369	-0.02108	-0.00937	-0.01711	-0.02414	-0.02481	0.00708	0.00187	-0.00969	(And (Agent $e0 $x0) (Member $x0 panel) (Theme $e0 $x1))
p202798	-0.01240	-0.01500	-0.00377	-0.02905	-0.03546	0.04492	0.01690	0.03724	-0.01555	0.00109	-0.04784	0.01068	0.00480	0.00642	-0.02688	-0.00625	0.01658	-0.00066	0.01369	-0.03575	-0.01009	-0.02251	-0.01209	0.00943	-0.03631	0.00614	-0.02711	-0.04108	-0.02923	0.02483	0.03628	0.03987	(And (Agent $e0 $x0) (Member $x0 person) (Patient $e0 $x1))
p202799	-0.02093	-0.01532	0.01347	0.01538	-0.00352	0.02560	-0.00141	0.01829	0.01228	0.00908	-0.03264	0.01105	-0.00664	-0.01791	-0.02090	0.00695	-0.00615	-0.00120	0.00002	-0.03098	0.00815	-0.01796	0.01007	-0.01414	-0.01716	0.02751	-0.02209	-0.03921	-0.04010	0.00173	0.02826	-0.01290	(And (Agent $e0 $x0) (Member $x0 pilot) (Theme $e0 $x1))
p202800	-0.01451	-0.02617	-0.01387	0.00210	0.00812	0.02903	-0.00945	0.02904	0.02970	0.00580	-0.03864	0.02423	-0.01248	-0.01217	-0.01665	-0.01723	0.00089	-0.00082	0.00768	-0.01798	0.02676	-0.01767	-0.01230	-0.01315	-0.01577	-0.00050	-0.00256	-0.01308	-0.03411	-0.02381	0.02246	-0.00517	(And (Agent $e0 $x0) (Member $x0 rescue_team) (Theme $e0 $x1))
p202801	0.01186	-0.02102	0.03844	-0.04024	-0.05162	-0.00179	-0.01788	0.01006	0.00269	-0.05685	-0.04327	0.04693	-0.04664	-0.00098	0.02172	-0.01886	-0.00704	-0.04241	0.02984	-0.02033	-0.07593	-0.05232	0.05395	-0.08285	0.19890	0.09002	0.00921	0.00786	-0.06787	0.10346	-0.07675	0.17067	(And (Agent $e0 $x0) (Member $x0 tutor) (Patient $e0 $x1))
p202802	0.01186	-0.02102	0.03844	-0.04024	-0.05162	-0.00179	-0.01788	0.01006	0.00269	-0.05685	-0.04327	0.04693	-0.04664	-0.00098	0.02172	-0.01886	-0.00704	-0.04241	0.02984	-0.02033	-0.07593	-0.05232	0.05395	-0.08285	0.19890	0.09002	0.00921	0.00786	-0.06787	0.10346	-0.07675	0.17067	(And (Agent $e0 $x0) (Member $x1 afternoon_session) (Patient $e0 $x1))
p202803	-0.01296	0.10818	0.16382	-0.11825	0.00899	0.13610	-0.04538	-0.11981	-0.08046	-0.03268	-0.07220	-0.06151	-0.00977	0.20154	0.24861	-0.05655	-0.11202	0.09041	-0.05621	-0.01172	0.07729	-0.05942	-0.00942	-0.09261	-0.03453	-0.04556	-0.00903	0.03378	-0.07191	-0.07574	0.10593	0.05838	(And (Agent $e0 $x0) (Member $x1 crate) (Theme $e0 $x1))
p202804	-0.02367	0.00278	-0.06964	0.01657	-0.00832	-0.02929	0.00908	0.05727	0.03502	0.01515	0.04174	0.03839	0.01815	0.04791	0.06453	0.11432	-0.01047	-0.02533	-0.03683	-0.00236	-0.01614	-0.04017	-0.04878	0.00606	-0.02137	-0.00942	-0.06068	-0.02523	-0.03458	0.02473	-0.02976	-0.01531	(And (Agent $e0 $x0) (Member $x1 drill) (Theme $e0 $x1))
p202805	-0.07998	0.22191	-0.06495	0.03987	0.05641	-0.09852	0.02844	0.07466	-0.01716	0.03791	0.02913	-0.02321	0.14372	-0.09389	0.00050	-0.06440	-0.08899	0.08210	-0.15763	-0.06406	0.12137	0.22550	-0.05398	-0.09515	0.18779	0.16082	-0.06863	-0.16703	-0.01106	0.05672	0.15273	-0.15374	(And (Agent $e0 $x0) (Member $x1 file) (Theme $e0 $x1))
p202806	0.03794	-0.06041	0.01375	0.06941	-0.04400	-0.04369	-0.07922	0.15698	-0.00133	0.00561	0.30230	-0.17040	-0.03120	-0.00651	-0.13433	-0.05989	0.06011	0.25253	-0.01565	0.02221	-0.08292	-0.00236	-0.03851	-0.00778	-0.02561	-0.02158	0.14149	0.03745	-0.01747	-0.12850	0.08998	0.15309	(And (Agent $e0 $x0) (Member $x1 gearbox) (Patient $e0 $x1))
p202807	0.07880	-0.03469	-0.03926	-0.04928	-0.01787	-0.02477	-0.02226	0.02871	-0.03649	-0.00046	-0.04003	-0.01136	-0.03061	0.01732	-0.02268	0.11364	-0.00860	-0.00618	0.01470	0.00816	0.06945	0.09143	0.01780	0.00628	-0.04575	-0.05418	-0.02756	0.05252	-0.00080	-0.03884	-0.04250	0.09030	(And (Agent $e0 $x0) (Member $x1 generator) (Theme $e0 $x1))
p202808	-0.06848	0.00921	-0.08339	0.06010	0.01378	-0.05885	-0.02334	-0.06862	0.15860	0.08350	-0.02647	-0.05612	-0.04226	-0.09918	0.13137	-0.00438	0.05973	-0.00705	-0.03022	0.08053	0.12633	-0.01929	0.09131	-0.07592	-0.00018	-0.05939	-0.02413	-0.04014	0.17780	0.00743	0.01664	0.00518	(And (Agent $e0 $x0) (Member $x1 hotel) (Patient $e0 $x1))
p202809	-0.02078	-0.02169	-0.02007	0.01085	-0.00970	0.03511	0.02203	0.03023	0.01697	0.01056	-0.03024	-0.01726	0.00600	-0.00752	-0.02415	0.00119	-0.00579	0.01971	0.00104	-0.01594	0.02699	-0.02316	-0.01452	-0.00540	-0.01824	-0.01204	-0.00469	-0.02515	-0.02454	0.01242	0.00073	-0.01048	(And (Agent $e0 $x0) (Member $x1 lane) (Theme $e0 $x1))
p202810	-0.00297	0.00350	0.07256	0.06319	-0.00650	-0.00742	-0.00584	-0.00453	-0.01404	-0.00103	-0.03230	0.00350	-0.00723	-0.02291	-0.01674	0.04105	-0.01492	-0.01287	-0.01545	-0.03137	-0.02802	-0.01770	0.04520	-0.01844	-0.01452	0.03863	-0.01576	-0.03996	-0.05425	-0.00981	0.06508	-0.01617	(And (Agent $e0 $x0) (Member $x1 manifest) (Theme $e0 $x1))
p202811	-0.02251	-0.02332	-0.02045	0.00704	-0.00626	0.03601	0.01368	0.03192	0.02102	0.01179	-0.03229	-0.01607	0.00710	-0.00854	-0.02217	0.00270	-0.00280	0.02381	0.00244	-0.01694	0.02411	-0.02211	-0.01547	-0.00357	-0.02142	-0.00936	-0.01734	-0.02459	-0.02490	0.00726	0.00200	-0.00992	(And (Agent $e0 $x0) (Member $x1 manuscript) (Theme $e0 $x1))
p202812	-0.07998	0.22191	-0.06495	0.03987	0.05641	-0.09852	0.02844	0.07466	-0.01716	0.03791	0.02913	-0.02321	0.14372	-0.09389	0.00050	-0.06440	-0.08899	0.08210	-0.15763	-0.06406	0.12137	0.22549	-0.05398	-0.09515	0.18778	0.16082	-0.06863	-0.16703	-0.01106	0.05672	0.15273	-0.15374	(And (Agent $e0 $x0) (Member $x1 missing) (Theme $e0 $x1))
p202813	0.09790	0.04792	-0.03221	0.18521	0.06942	0.04750	-0.05246	-0.03143	0.08260	-0.07648	0.08101	-0.07549	-0.05103	0.03696	-0.05282	-0.04600	-0.01150	-0.05271	-0.02075	-0.01399	0.04961	-0.05915	-0.07876	0.08390	-0.01568	0.08169	-0.02231	0.10101	-0.04557	0.06740	-0.10898	0.03120	(And (Agent $e0 $x0) (Member $x1 projector) (Theme $e0 $x1))
p202814	-0.02222	-0.02309	-0.02024	0.00714	-0.00614	0.03572	0.01317	0.03203	0.02085	0.01148	-0.03217	-0.01571	0.00677	-0.00860	-0.02192	0.00259	-0.00272	0.02352	0.00211	-0.01667	0.02344	-0.02165	-0.01510	-0.00369	-0.02108	-0.00937	-0.01711	-0.02414	-0.02481	0.00708	0.00187	-0.00969	(And (Agent $e0 $x0) (Member $x1 proposal) (Theme $e0 $x1))
p202815	-0.02483	-0.02684	-0.02080	0.00524	-0.01119	0.03726	0.01819	0.02892	0.02499	0.01119	-0.03384	-0.01807	0.00732	-0.00786	-0.02434	0.00478	-0.00444	0.02642	0.00711	-0.01958	0.02546	-0.02894	-0.01621	-0.00487	-0.01572	-0.00716	-0.01854	-0.02695	-0.02563	0.01678	-0.00219	-0.00730	(And (Agent $e0 $x0) (Member $x1 scan) (Theme $e0 $x1))
p202816	-0.01451	-0.02617	-0.01387	0.00210	0.00812	0.02903	-0.00945	0.02904	0.02970	0.00580	-0.03864	0.02423	-0.01248	-0.01217	-0.01665	-0.01723	0.00089	-0.00082	0.00768	-0.01798	0.02676	-0.01767	-0.01230	-0.01315	-0.01577	-0.00050	-0.00256	-0.01308	-0.03411	-0.02381	0.02246	-0.00517	(And (Agent $e0 $x0) (Member $x1 search) (Theme $e0 $x1))
p202817	0.03794	-0.06041	0.01375	0.06941	-0.04400	-0.04369	-0.07922	0.15698	-0.00133	0.00561	0.30230	-0.17040	-0.03119	-0.00651	-0.13433	-0.05989	0.06011	0.25253	-0.01565	0.02221	-0.08292	-0.00236	-0.03851	-0.00778	-0.02561	-0.02158	0.14149	0.03745	-0.01747	-0.12851	0.08998	0.15309	(And (Agent $e0 $x0) (Member $x1 seized) (Patient $e0 $x1))
p202818	-0.03922	0.07577	-0.09794	0.04252	-0.00430	-0.06826	0.05120	0.12427	0.04626	0.02186	0.20183	0.10432	-0.00220	0.08573	0.16435	0.11132	-0.02693	-0.08587	-0.09024	0.00922	-0.03824	-0.05021	-0.07824	-0.00598	0.00625	-0.03937	-0.10076	-0.04250	-0.06474	0.05139	-0.05172	-0.03869	(And (Agent $e0 $x0) (Member $x1 song) (Theme $e0 $x1))
p202819	0.01229	-0.02072	0.03879	-0.03991	-0.05121	-0.00235	-0.01806	0.00913	0.00146	-0.05750	-0.04251	0.04745	-0.04632	-0.00038	0.02222	-0.01864	-0.00740	-0.04248	0.02917	-0.02009	-0.07580	-0.05174	0.05377	-0.08264	0.19868	0.08912	0.00939	0.00849	-0.06724	0.10429	-0.07691	0.16995	(And (Agent $e0 $x0) (Member $x1 summer_fair) (Patient $e0 $x1))
p202821	0.08919	-0.05384	-0.04288	-0.05279	0.15316	-0.03392	-0.11563	0.07882	0.09518	-0.07700	-0.10480	0.16435	-0.10361	-0.05914	0.12780	-0.10080	0.01497	-0.07051	0.04790	-0.01231	-0.02425	-0.00570	0.04948	-0.12008	0.03306	0.03174	0.15066	0.22127	-0.11893	-0.24002	0.22501	0.01560	(And (Agent $e0 $x0) (Member $x1 tender) (Theme $e0 $x1))
p202822	0.24518	-0.05327	0.08782	0.02028	0.15225	-0.01011	-0.05799	-0.07431	0.02420	0.18160	0.02896	0.12528	0.02717	0.00303	-0.07240	-0.01782	-0.04837	0.13741	-0.05927	0.10713	-0.07319	-0.01849	-0.10055	-0.12132	0.05408	-0.05899	-0.04114	-0.14254	-0.04501	0.12200	-0.02456	-0.07207	(And (Agent $e0 $x0) (Member $x1 view) (Theme $e0 $x1))
p202823	-0.03025	-0.02438	-0.01103	-0.01536	0.00064	0.04950	0.00402	0.00768	0.01471	0.00383	-0.01239	0.00464	-0.00292	-0.00913	-0.02534	-0.00721	-0.00976	-0.00046	0.01533	-0.02051	0.02332	-0.01020	0.02601	-0.01345	-0.02787	0.00531	-0.01352	-0.02425	-0.02424	0.01400	-0.00267	-0.00252	(And (Agent $e0 $x0) (Member $x1 vote) (Theme $e0 $x1))
p202824	-0.08058	-0.07293	0.14379	-0.08235	0.04704	-0.06232	-0.09811	0.02915	0.09198	-0.09414	0.00643	-0.12394	-0.03945	-0.12099	0.13330	0.05562	-0.04410	0.07760	0.09694	-0.00211	-0.04560	0.10279	-0.00528	0.13719	-0.05185	-0.01290	0.06777	0.01077	-0.00301	0.17615	-0.09915	-0.01227	(And (Agent $e0 $x0) (Member $x1 wreck) (Theme $e0 $x1))
p202825	-0.02483	-0.02684	-0.02080	0.00524	-0.01119	0.03726	0.01819	0.02892	0.02499	0.01119	-0.03384	-0.01807	0.00732	-0.00786	-0.02434	0.00478	-0.00444	0.02642	0.00711	-0.01958	0.02546	-0.02894	-0.01621	-0.00487	-0.01572	-0.00716	-0.01854	-0.02695	-0.02563	0.01678	-0.00219	-0.00730	(And (Agent $e0 $x0) (Ordinal $x1 <num> scan) (Theme $e0 $x1))
p202827	0.24518	-0.05328	0.08782	0.02028	0.15225	-0.01011	-0.05799	-0.07431	0.02420	0.18160	0.02896	0.12528	0.02717	0.00303	-0.07240	-0.01782	-0.04837	0.13741	-0.05927	0.10713	-0.07319	-0.01849	-0.10055	-0.12132	0.05408	-0.05899	-0.04114	-0.14254	-0.04501	0.12200	-0.02456	-0.07207	(And (Agent $e0 $x0) (Possession $x1 free_soil_party) (Theme $e0 $x1))
p202828	0.24518	-0.05327	0.08782	0.02028	0.15225	-0.01011	-0.05799	-0.07431	0.02420	0.18160	0.02896	0.12528	0.02717	0.00303	-0.07240	-0.01782	-0.04837	0.13741	-0.05927	0.10713	-0.07319	-0.01849	-0.10055	-0.12132	0.05408	-0.05899	-0.04114	-0.14254	-0.04501	0.12200	-0.02456	-0.07207	(And (Agent $e0 $x0) (Possession $x1 republican_party) (Theme $e0 $x1))
p202829	0.08032	-0.07296	0.10199	-0.06216	-0.00763	-0.04071	0.01203	-0.02138	-0.04027	0.02124	0.06460	0.05143	0.11037	-0.08058	0.07054	-0.04612	0.15691	-0.04190	0.09732	-0.05734	0.14856	-0.09530	-0.02617	0.06170	-0.02595	0.11496	-0.07575	-0.05366	-0.10431	-0.07261	0.01153	-0.04210	(And (Before $x0 $e0) (Member $x0 lunch) (Patient $e0 $x1))
p202830	0.08032	-0.07296	0.10199	-0.06216	-0.00763	-0.04071	0.01203	-0.02138	-0.04027	0.02124	0.06461	0.05143	0.11037	-0.08058	0.07054	-0.04612	0.15691	-0.04190	0.09732	-0.05734	0.14856	-0.09530	-0.02617	0.06170	-0.02594	0.11495	-0.07575	-0.05366	-0.10431	-0.07261	0.01153	-0.04210	(And (Before $x0 $e0) (Member $x1 dress_rehearsal) (Patient $e0 $x1))
p202831	-0.02432	0.01396	0.00363	-0.02146	-0.01722	-0.02491	-0.03105	-0.00715	-0.00264	0.00867	0.01696	0.00634	-0.02081	0.00219	-0.00952	-0.01158	-0.02679	-0.01785	-0.02776	0.03662	-0.01268	0.04650	0.00357	0.01401	-0.02981	0.05884	0.00860	-0.01027	0.02673	-0.02040	0.00651	-0.00380	(And (But $e0 $e1) (Past $e0) (Past $e1))
p202832	-0.03145	-0.02511	0.07024	-0.05201	0.11306	0.10048	0.11172	0.08400	-0.03614	0.10690	0.01830	-0.07048	-0.03061	-0.12065	0.04478	0.07622	0.02235	0.04000	-0.03603	-0.04174	-0.06112	-0.01136	-0.02582	-0.04422	0.03564	0.11448	-0.04832	0.11026	0.21860	-0.08757	-0.10045	0.04127	(And (Can $e0) (Cardinality $x0 <num>) (Manner $e0 $x0))
p202833	-0.03145	-0.02511	0.07024	-0.05201	0.11306	0.10048	0.11172	0.08400	-0.03614	0.10690	0.01830	-0.07048	-0.03061	-0.12065	0.04478	0.07622	0.02235	0.04000	-0.03603	-0.04174	-0.06112	-0.01136	-0.02582	-0.04422	0.03564	0.11448	-0.04832	0.11026	0.21860	-0.08757	-0.10045	0.04127	(And (Can $e0) (GroupOf $x0 sequence) (Theme $e0 $x0))
p202834	0.12419	0.01159	-0.07201	-0.02807	-0.00508	-0.02497	0.33118	-0.07505	-0.05889	-0.02623	0.06576	-0.11044	0.01859	-0.04796	0.14234	-0.04079	-0.14054	-0.03038	-0.04166	-0.00970	0.09355	-0.11049	0.03197	-0.08228	0.03027	0.03611	0.27141	-0.10645	-0.07730	0.09927	0.07018	-0.06630	(And (Cardinality $x0 <num>) (Holder $e0 kristoffer) (Theme $e0 $x0))
p202835	-0.03145	-0.02511	0.07024	-0.05201	0.11306	0.10048	0.11173	0.08400	-0.03614	0.10690	0.01830	-0.07048	-0.03061	-0.12065	0.04478	0.07622	0.02235	0.04000	-0.03603	-0.04174	-0.06112	-0.01136	-0.02582	-0.04422	0.03564	0.11448	-0.04832	0.11026	0.21860	-0.08757	-0.10045	0.04127	(And (Cardinality $x0 <num>) (Manner $e0 $x0) (Member $e0 define))
p202836	-0.03145	-0.02511	0.07024	-0.05201	0.11306	0.10048	0.11172	0.08400	-0.03614	0.10690	0.01830	-0.07048	-0.03061	-0.12065	0.04478	0.07622	0.02235	0.04000	-0.03603	-0.04174	-0.06112	-0.01136	-0.02582	-0.04422	0.03564	0.11448	-0.04832	0.11026	0.21860	-0.08757	-0.10045	0.04127	(And (Cardinality $x0 <num>) (Manner $e0 $x0) (Theme $e0 $x1))
p202837	-0.07855	0.10669	-0.09161	0.00993	0.04097	0.01821	-0.07787	-0.06041	-0.04862	-0.06112	-0.04232	0.04925	-0.04883	-0.02286	-0.03825	0.12484	0.17933	0.06967	-0.04310	-0.01134	0.02800	-0.03583	0.00273	0.02337	-0.01184	0.03482	0.11105	0.07633	-0.00195	0.06827	-0.08025	-0.04211	(And (Cardinality $x0 <num>) (Member $e0 buy) (Theme $e0 $x0))
p202838	0.12419	0.01159	-0.07201	-0.02807	-0.00508	-0.02497	0.33118	-0.07505	-0.05889	-0.02623	0.06576	-0.11044	0.01859	-0.04796	0.14234	-0.04079	-0.14054	-0.03038	-0.04166	-0.00970	0.09355	-0.11049	0.03197	-0.08228	0.03027	0.03611	0.27141	-0.10645	-0.07730	0.09927	0.07018	-0.06630	(And (Cardinality $x0 <num>) (Member $e0 have) (Theme $e0 $x0))
p202839	0.04306	0.00105	0.04205	0.02744	-0.00312	-0.03365	0.03189	-0.03399	-0.04818	-0.01218	-0.02657	-0.01135	-0.02892	-0.00441	-0.02059	0.07507	-0.00391	-0.03497	-0.01305	-0.00562	0.02056	0.02763	0.05219	-0.02461	-0.02263	0.02647	0.04251	-0.01144	-0.05016	-0.01425	0.02974	0.02179	(And (Cardinality $x0 <num>) (Recipient $e0 $x1) (Theme $e0 $x0))
p202840	0.00184	0.25155	0.01135	0.02148	0.04355	0.02444	-0.00441	0.08846	-0.03324	0.08605	0.01373	-0.02722	-0.01370	-0.00456	-0.08409	0.00409	0.02396	-0.12459	0.26437	0.06403	-0.06061	-0.02247	-0.02832	-0.05651	-0.04838	-0.07322	-0.02450	-0.07145	-0.03378	-0.02726	-0.00008	0.10672	(And (Experiencer $e0 $x0) (Location $e1 $x1) (Stimulus $e0 $e1))
p202841	-0.01984	0.03449	-0.00842	-0.01427	-0.01326	-0.01788	-0.02829	0.02478	-0.01614	-0.00540	-0.01300	0.00801	-0.02594	0.01204	-0.02450	-0.00664	0.00036	-0.03870	0.05589	0.04498	-0.02680	0.02268	0.01272	0.00496	-0.03651	0.03862	-0.01122	-0.00781	0.03496	-0.02037	-0.00676	0.02717	(And (Experiencer $e0 $x0) (Member $x0 person) (Past $e0))
p202842	0.01716	-0.02722	0.00484	-0.00105	-0.08216	0.14862	0.01231	-0.06395	0.05216	-0.02878	0.05812	-0.02187	0.03813	-0.05048	-0.05909	0.13140	-0.02540	-0.02550	0.08555	0.16912	0.04156	-0.02796	-0.12166	0.16585	0.28722	-0.24254	-0.00964	0.04261	0.06273	-0.08451	0.14328	-0.10317	(And (For $e0 $e1) (Member $e0 win) (Member $e1 portray))
p202843	0.01716	-0.02722	0.00484	-0.00105	-0.08216	0.14862	0.01231	-0.06395	0.05216	-0.02878	0.05812	-0.02187	0.03813	-0.05048	-0.05909	0.13140	-0.02540	-0.02550	0.08555	0.16912	0.04156	-0.02796	-0.12166	0.16585	0.28722	-0.24254	-0.00964	0.04261	0.06273	-0.08451	0.14328	-0.10317	(And (For $e0 $e1) (Member $e1 portray) (Past $e0))
p202844	0.01716	-0.02722	0.00484	-0.00105	-0.08217	0.14862	0.01231	-0.06395	0.05216	-0.02878	0.05812	-0.02187	0.03813	-0.05048	-0.05909	0.13140	-0.02540	-0.02550	0.08554	0.16912	0.04156	-0.02796	-0.12166	0.16585	0.28722	-0.24254	-0.00964	0.04261	0.06273	-0.08451	0.14328	-0.10317	(And (For $e0 $e1) (Member $e1 portray) (Theme $e0 $x0))
p202845	0.01716	-0.02722	0.00484	-0.00105	-0.08217	0.14862	0.01231	-0.06395	0.05216	-0.02878	0.05812	-0.02187	0.03813	-0.05048	-0.05909	0.13140	-0.02540	-0.02550	0.08555	0.16912	0.04156	-0.02796	-0.12166	0.16585	0.28722	-0.24254	-0.00964	0.04261	0.06273	-0.08451	0.14328	-0.10317	(And (For $e0 $e1) (Member $x0 emmy) (Theme $e0 $x0))
p202846	0.07382	-0.06690	0.09089	-0.05665	-0.01507	-0.03555	0.01623	-0.02326	-0.03478	0.01965	0.05770	0.03394	0.09178	-0.06909	0.06669	-0.04210	0.10843	-0.02987	0.08560	-0.05165	0.13285	-0.08456	-0.02001	0.05181	-0.02344	0.09941	-0.06040	-0.04328	-0.08805	-0.06087	0.01333	-0.03531	(And (Future $e0) (Member $x0 apple_harvest) (Patient $e0 $x0))
p202847	0.12419	0.01159	-0.07201	-0.02807	-0.00508	-0.02497	0.33118	-0.07505	-0.05889	-0.02623	0.06576	-0.11044	0.01859	-0.04796	0.14234	-0.04079	-0.14054	-0.03038	-0.04166	-0.00970	0.09355	-0.11049	0.03197	-0.08228	0.03027	0.03611	0.27141	-0.10645	-0.07730	0.09927	0.07018	-0.06630	(And (GroupOf $x0 child) (Holder $e0 kristoffer) (Theme $e0 $x0))
p202848	0.12419	0.01159	-0.07201	-0.02807	-0.00508	-0.02497	0.33118	-0.07505	-0.05889	-0.02623	0.06576	-0.11044	0.01859	-0.04796	0.14234	-0.04079	-0.14054	-0.03038	-0.04166	-0.00970	0.09355	-0.11049	0.03197	-0.08228	0.03027	0.03611	0.27141	-0.10645	-0.07730	0.09927	0.07018	-0.06630	(And (GroupOf $x0 child) (Member $e0 have) (Theme $e0 $x0))
p202849	-0.04846	0.00631	0.09406	0.03274	0.03471	0.03348	0.09682	-0.06131	0.15755	0.02490	-0.01955	0.00482	-0.03754	0.18095	-0.15100	-0.05272	0.18560	-0.06780	-0.05661	0.01426	-0.08137	0.17794	-0.06055	-0.06910	0.03980	-0.08832	0.01286	-0.00404	-0.08153	-0.03670	0.00100	0.01892	(And (GroupOf $x0 egg) (Holder $e0 $x1) (Theme $e0 $x0))
p202850	-0.05086	0.00190	0.08055	0.03264	0.03188	0.03849	0.09063	-0.05669	0.14763	0.02387	-0.02578	0.00740	-0.03689	0.17349	-0.14730	-0.04510	0.18128	-0.06254	-0.05384	0.00942	-0.07425	0.16917	-0.05829	-0.06563	0.03338	-0.08548	0.01148	-0.00447	-0.07845	-0.03226	-0.00091	0.01664	(And (GroupOf $x0 egg) (Member $e0 require) (Theme $e0 $x0))
p202851	-0.03145	-0.02511	0.07024	-0.05201	0.11306	0.10048	0.11173	0.08400	-0.03614	0.10690	0.01830	-0.07048	-0.03061	-0.12065	0.04478	0.07622	0.02235	0.04000	-0.03603	-0.04174	-0.06112	-0.01136	-0.02582	-0.04422	0.03564	0.11448	-0.04832	0.11026	0.21860	-0.08757	-0.10045	0.04127	(And (GroupOf $x0 sequence) (Manner $e0 $x1) (Theme $e0 $x0))
p202852	-0.03145	-0.02511	0.07024	-0.05201	0.11306	0.10048	0.11172	0.08400	-0.03614	0.10690	0.01830	-0.07048	-0.03061	-0.12065	0.04478	0.07622	0.02235	0.04000	-0.03603	-0.04174	-0.06112	-0.01136	-0.02582	-0.04422	0.03564	0.11448	-0.04832	0.11026	0.21860	-0.08757	-0.10045	0.04127	(And (GroupOf $x0 sequence) (Member $e0 define) (Theme $e0 $x0))
p202853	-0.02449	0.00508	0.04413	0.01769	0.02046	0.01100	0.04893	-0.01301	0.06342	0.00506	-0.01246	-0.00315	-0.01677	0.07787	-0.06945	-0.02381	0.08328	-0.03619	-0.02643	0.01749	-0.03808	0.07099	-0.02956	-0.02766	0.00918	-0.04855	-0.00698	-0.00098	-0.04844	-0.01414	-0.00483	0.01162	(And (Holder $e0 $x0) (Member $x0 permit) (Theme $e0 $x1))
p202854	-0.04846	0.00631	0.09406	0.03274	0.03471	0.03348	0.09682	-0.06131	0.15755	0.02490	-0.01955	0.00482	-0.03754	0.18095	-0.15100	-0.05272	0.18560	-0.06780	-0.05661	0.01426	-0.08137	0.17794	-0.06055	-0.06911	0.03980	-0.08832	0.01286	-0.00404	-0.08153	-0.03670	0.00100	0.01892	(And (Holder $e0 $x0) (Member $x0 recipe) (Theme $e0 $x1))
p202855	0.01186	-0.02102	0.03844	-0.04024	-0.05162	-0.00179	-0.01788	0.01006	0.00269	-0.05685	-0.04327	0.04693	-0.04664	-0.00098	0.02172	-0.01886	-0.00704	-0.04241	0.02984	-0.02033	-0.07593	-0.05232	0.05395	-0.08285	0.19890	0.09002	0.00921	0.00786	-0.06787	0.10346	-0.07675	0.17067	(And (Inheritance afternoon_session session) (Member $x0 afternoon_session) (Patient $e0 $x0))
p202856	0.08032	-0.07296	0.10199	-0.06216	-0.00763	-0.04071	0.01203	-0.02138	-0.04027	0.02124	0.06460	0.05143	0.11037	-0.08058	0.07054	-0.04612	0.15691	-0.04190	0.09732	-0.05734	0.14856	-0.09530	-0.02617	0.06170	-0.02595	0.11496	-0.07575	-0.05366	-0.10431	-0.07261	0.01153	-0.04210	(And (Inheritance dress_rehearsal rehearsal) (Member $x0 dress_rehearsal) (Patient $e0 $x0))
p202857	-0.01681	0.01891	0.03328	0.01209	0.00767	0.00592	-0.04307	-0.02168	0.05197	0.00515	0.00481	0.02673	-0.02420	0.05329	-0.05170	-0.01480	0.05183	-0.01741	-0.01911	0.00547	-0.03908	0.07795	-0.02244	-0.01551	0.02735	-0.03108	-0.02588	0.01332	0.01518	-0.02210	-0.00204	0.00434	(And (Inheritance monthly_servicing monthly) (Inheritance monthly_servicing servicing) (Theme $e0 monthly_servicing))
p202858	0.01229	-0.02072	0.03879	-0.03991	-0.05121	-0.00235	-0.01806	0.00913	0.00146	-0.05750	-0.04251	0.04745	-0.04632	-0.00038	0.02222	-0.01864	-0.00740	-0.04248	0.02917	-0.02009	-0.07580	-0.05174	0.05377	-0.08264	0.19868	0.08912	0.00939	0.00849	-0.06724	0.10429	-0.07691	0.16995	(And (Inheritance summer_fair fair) (Member $x0 summer_fair) (Patient $e0 $x0))
p202861	-0.08026	-0.07330	0.14606	-0.08320	0.04625	-0.06504	-0.09703	0.02724	0.09196	-0.09278	0.00734	-0.12277	-0.03808	-0.12264	0.13484	0.05251	-0.04511	0.07741	0.09946	-0.00388	-0.03905	0.10045	-0.00661	0.13958	-0.05068	-0.00872	0.06733	0.00862	-0.00415	0.17222	-0.09661	-0.01443	(And (Location $e0 $x0) (Member $e0 discover) (Member $x0 point))
p202862	0.00426	0.21430	0.00955	0.01879	0.04065	0.02071	-0.00535	0.07583	-0.02988	0.07374	0.01251	-0.02456	-0.01453	-0.00377	-0.07155	0.00333	0.02239	-0.10837	0.22921	0.05604	-0.05330	-0.02198	-0.02448	-0.04669	-0.04300	-0.06430	-0.01892	-0.06180	-0.02898	-0.02597	-0.00150	0.09358	(And (Location $e0 $x0) (Member $e0 error) (Member $x0 ledger))
p202863	0.00185	0.25155	0.01135	0.02148	0.04356	0.02444	-0.00441	0.08846	-0.03324	0.08605	0.01373	-0.02722	-0.01370	-0.00456	-0.08409	0.00409	0.02396	-0.12459	0.26437	0.06403	-0.06061	-0.02247	-0.02831	-0.05651	-0.04838	-0.07322	-0.02450	-0.07145	-0.03378	-0.02726	-0.00008	0.10672	(And (Location $e0 $x0) (Member $x0 ledger) (Stimulus $e1 $e0))
p202864	-0.08058	-0.07293	0.14379	-0.08235	0.04704	-0.06232	-0.09811	0.02915	0.09198	-0.09414	0.00643	-0.12394	-0.03945	-0.12099	0.13330	0.05562	-0.04410	0.07760	0.09694	-0.00211	-0.04560	0.10279	-0.00528	0.13719	-0.05185	-0.01290	0.06777	0.01077	-0.00301	0.17615	-0.09915	-0.01227	(And (Location $e0 $x0) (Member $x1 wreck) (Theme $e0 $x1))
p202866	-0.06848	0.00921	-0.08339	0.06010	0.01378	-0.05885	-0.02334	-0.06862	0.15860	0.08350	-0.02647	-0.05612	-0.04226	-0.09918	0.13137	-0.00438	0.05973	-0.00705	-0.03022	0.08053	0.12633	-0.01929	0.09131	-0.07592	-0.00018	-0.05939	-0.02413	-0.04014	0.17780	0.00743	0.01664	0.00518	(And (Location $e0 eskisehir) (Member $x0 hotel) (Patient $e0 $x0))
p202869	-0.06848	0.00921	-0.08339	0.06010	0.01378	-0.05885	-0.02334	-0.06862	0.15860	0.08350	-0.02646	-0.05612	-0.04226	-0.09918	0.13137	-0.00438	0.05973	-0.00705	-0.03022	0.08053	0.12633	-0.01929	0.09131	-0.07592	-0.00018	-0.05939	-0.02413	-0.04014	0.17780	0.00743	0.01664	0.00518	(And (Location $e0 turkey) (Member $x0 hotel) (Patient $e0 $x0))
p202870	-0.02078	-0.02169	-0.02007	0.01085	-0.00970	0.03511	0.02203	0.03023	0.01697	0.01056	-0.03024	-0.01726	0.00600	-0.00752	-0.02415	0.00119	-0.00579	0.01971	0.00104	-0.01594	0.02699	-0.02316	-0.01452	-0.00540	-0.01824	-0.01204	-0.00469	-0.02515	-0.02454	0.01242	0.00073	-0.01048	(And (Member $e0 block) (Member $x0 lane) (Theme $e0 $x0))
p202873	-0.06848	0.00921	-0.08339	0.06010	0.01378	-0.05885	-0.02334	-0.06862	0.15860	0.08350	-0.02647	-0.05612	-0.04226	-0.09918	0.13137	-0.00438	0.05973	-0.00705	-0.03022	0.08053	0.12633	-0.01929	0.09131	-0.07592	-0.00018	-0.05939	-0.02413	-0.04014	0.17780	0.00743	0.01664	0.00518	(And (Member $e0 build) (Member $x0 hotel) (Patient $e0 $x0))
p202876	-0.04297	0.00305	-0.03982	0.01923	0.09397	-0.00613	-0.00474	0.03595	-0.07112	-0.09315	0.01938	-0.09413	0.16057	0.07173	-0.03910	0.03124	-0.00074	0.00067	0.02546	0.13004	-0.05677	-0.00774	0.12335	-0.03486	-0.03851	-0.11984	0.03493	0.13761	-0.00480	0.08357	-0.09270	0.02801	(And (Member $e0 decision) (Member $e1 make) (Patient $e1 $e0))
p202877	-0.03984	0.01727	-0.03871	0.03821	0.09666	-0.00597	-0.02004	0.03151	-0.06336	-0.08196	0.02416	-0.08368	0.18203	0.05329	-0.02435	0.02043	-0.00255	-0.00301	-0.01615	0.12927	-0.06119	0.03543	0.11187	-0.03545	-0.03643	-0.11804	0.03745	0.13871	0.00290	0.04670	-0.07723	0.01411	(And (Member $e0 decision) (Member $e1 reach) (Theme $e1 $e0))
p202880	0.01716	-0.02722	0.00484	-0.00105	-0.08217	0.14862	0.01231	-0.06395	0.05216	-0.02878	0.05812	-0.02187	0.03813	-0.05048	-0.05909	0.13140	-0.02540	-0.02550	0.08555	0.16912	0.04156	-0.02796	-0.12166	0.16585	0.28722	-0.24254	-0.00964	0.04261	0.06273	-0.08451	0.14328	-0.10317	(And (Member $e0 win) (Member $x0 emmy) (Theme $e0 $x0))
p202882	-0.01419	-0.02325	-0.01222	-0.01543	0.02547	0.01885	-0.01795	0.02268	0.03084	0.00005	-0.03456	0.03915	-0.02998	-0.02061	-0.00407	-0.02422	0.00710	-0.01623	0.02875	-0.02283	0.01267	-0.01196	0.00320	-0.02053	-0.01514	0.03570	-0.01131	-0.01418	-0.03447	-0.03374	0.02725	0.00354	(And (Member $x0 departure) (Member $x1 ferry) (Possession $x0 $x1))
p202883	0.01716	-0.02722	0.00484	-0.00105	-0.08216	0.14862	0.01231	-0.06395	0.05216	-0.02878	0.05812	-0.02187	0.03813	-0.05048	-0.05909	0.13140	-0.02540	-0.02550	0.08555	0.16912	0.04156	-0.02796	-0.12166	0.16585	0.28722	-0.24254	-0.00964	0.04261	0.06273	-0.08451	0.14328	-0.10317	(And (Member $x0 emmy) (Past $e0) (Theme $e0 $x0))
p202884	-0.03866	-0.00470	-0.02951	0.00386	-0.00187	-0.04723	0.00339	-0.00252	-0.02471	-0.02870	-0.01840	0.02523	-0.03390	0.01796	0.00237	-0.00906	-0.00754	-0.01065	0.04886	0.04815	-0.00706	0.02836	0.01288	0.00717	-0.03072	0.06984	-0.02498	0.01277	0.03966	-0.02991	-0.01232	0.00821	(And (Member $x0 family) (Member $x1 person) (Possession $x0 $x1))
p202885	0.08919	-0.05383	-0.04288	-0.05279	0.15317	-0.03392	-0.11562	0.07882	0.09518	-0.07700	-0.10479	0.16435	-0.10360	-0.05913	0.12780	-0.10080	0.01497	-0.07051	0.04790	-0.01231	-0.02425	-0.00569	0.04948	-0.12008	0.03306	0.03174	0.15067	0.22127	-0.11892	-0.24002	0.22501	0.01560	(And (Member $x0 firm) (Possession $x1 $x0) (Theme $e0 $x1))
p202886	0.03794	-0.06041	0.01375	0.06941	-0.04400	-0.04369	-0.07922	0.15698	-0.00133	0.00561	0.30230	-0.17040	-0.03119	-0.00651	-0.13433	-0.05989	0.06011	0.25253	-0.01565	0.02221	-0.08292	-0.00236	-0.03851	-0.00778	-0.02561	-0.02158	0.14149	0.03745	-0.01747	-0.12850	0.08998	0.15309	(And (Member $x0 gearbox) (Past $e0) (Patient $e0 $x0))
p202887	0.00880	-0.01976	0.01983	-0.00430	-0.01936	-0.00970	-0.00114	-0.00064	-0.00810	0.00657	0.01315	0.00973	0.03436	-0.01868	0.02799	-0.00446	0.04799	-0.00330	0.00120	-0.01126	0.01151	-0.02075	-0.01094	0.01540	0.00861	-0.00425	-0.02543	0.02053	-0.02366	-0.01000	-0.01258	-0.01522	(And (Member $x0 hearing) (Patient $e0 $x0) (Time $e0 (Weekday monday)))
p202888	0.00880	-0.01976	0.01983	-0.00430	-0.01936	-0.00970	-0.00114	-0.00064	-0.00810	0.00657	0.01315	0.00973	0.03436	-0.01868	0.02799	-0.00446	0.04799	-0.00330	0.00120	-0.01126	0.01151	-0.02075	-0.01094	0.01540	0.00861	-0.00425	-0.02543	0.02053	-0.02366	-0.01000	-0.01258	-0.01522	(And (Member $x0 hearing) (Patient $e0 $x0) (Time $e0 morning))
p202889	-0.06848	0.00921	-0.08339	0.06010	0.01378	-0.05885	-0.02334	-0.06862	0.15860	0.08350	-0.02646	-0.05612	-0.04226	-0.09918	0.13137	-0.00438	0.05973	-0.00705	-0.03022	0.08053	0.12633	-0.01929	0.09131	-0.07592	-0.00018	-0.05939	-0.02413	-0.04014	0.17780	0.00743	0.01664	0.00518	(And (Member $x0 hotel) (Past $e0) (Patient $e0 $x0))
p202890	0.03794	-0.06041	0.01375	0.06941	-0.04400	-0.04369	-0.07922	0.15698	-0.00133	0.00561	0.30230	-0.17040	-0.03119	-0.00651	-0.13433	-0.05989	0.06011	0.25253	-0.01565	0.02221	-0.08292	-0.00236	-0.03851	-0.00778	-0.02561	-0.02158	0.14149	0.03745	-0.01747	-0.12851	0.08998	0.15309	(And (Member $x0 seized) (Past $e0) (Patient $e0 $x0))
p202891	0.24518	-0.05328	0.08782	0.02029	0.15225	-0.01011	-0.05799	-0.07431	0.02420	0.18160	0.02896	0.12528	0.02717	0.00303	-0.07240	-0.01782	-0.04838	0.13741	-0.05928	0.10713	-0.07319	-0.01849	-0.10055	-0.12132	0.05408	-0.05899	-0.04114	-0.14254	-0.04501	0.12200	-0.02456	-0.07207	(And (Member $x0 view) (Past $e0) (Theme $e0 $x0))
p202892	-0.02573	-0.02845	0.03425	-0.03631	-0.00779	-0.06710	0.00338	0.09786	0.02275	-0.02355	-0.02105	-0.00315	-0.03288	-0.02561	-0.00902	-0.04771	-0.00677	-0.05266	0.00795	0.16573	0.02006	-0.03444	0.00511	-0.01778	-0.03778	0.09712	0.02473	0.02439	-0.09699	-0.07922	-0.00480	0.05257	(And (Past $e0) (Possession $x0 $x1) (Theme $e0 $x0))
p202893	0.24518	-0.05328	0.08782	0.02029	0.15225	-0.01011	-0.05799	-0.07431	0.02420	0.18160	0.02896	0.12528	0.02717	0.00303	-0.07240	-0.01782	-0.04838	0.13741	-0.05928	0.10713	-0.07319	-0.01849	-0.10055	-0.12132	0.05408	-0.05899	-0.04114	-0.14254	-0.04501	0.12200	-0.02456	-0.07207	(And (Past $e0) (Possession $x0 free_soil_party) (Theme $e0 $x0))
p202894	0.24518	-0.05328	0.08782	0.02029	0.15225	-0.01011	-0.05799	-0.07431	0.02420	0.18160	0.02896	0.12528	0.02717	0.00303	-0.07240	-0.01782	-0.04838	0.13741	-0.05928	0.10713	-0.07319	-0.01849	-0.10055	-0.12132	0.05408	-0.05899	-0.04114	-0.14254	-0.04501	0.12200	-0.02456	-0.07207	(And (Past $e0) (Possession $x0 republican_party) (Theme $e0 $x0))
p203143	0.00161	-0.00913	-0.01606	0.01538	0.00096	0.00238	-0.00725	-0.01200	-0.00370	-0.00811	-0.01450	-0.00598	0.00548	0.00444	0.00325	0.00275	-0.00700	0.02279	-0.01065	-0.00820	-0.00990	0.00290	-0.00245	-0.00198	0.01100	-0.01159	-0.00046	0.00326	0.02293	0.00441	-0.00454	-0.01231	(And (GroupOf $x0 soil_sample) (Inheritance soil_sample sample))
p203144	-0.01681	0.01891	0.03328	0.01209	0.00767	0.00592	-0.04307	-0.02168	0.05197	0.00515	0.00481	0.02673	-0.02420	0.05329	-0.05170	-0.01480	0.05183	-0.01741	-0.01911	0.00547	-0.03908	0.07795	-0.02244	-0.01551	0.02735	-0.03108	-0.02588	0.01332	0.01518	-0.02210	-0.00204	0.00434	(And (Inheritance monthly_servicing monthly) (Theme $e0 monthly_servicing))
p203145	-0.01681	0.01891	0.03328	0.01209	0.00767	0.00592	-0.04307	-0.02168	0.05197	0.00515	0.00481	0.02673	-0.02420	0.05329	-0.05170	-0.01480	0.05183	-0.01741	-0.01911	0.00547	-0.03908	0.07795	-0.02244	-0.01551	0.02735	-0.03108	-0.02588	0.01332	0.01518	-0.02210	-0.00204	0.00434	(And (Inheritance monthly_servicing servicing) (Theme $e0 monthly_servicing))
p203146	0.00951	0.00255	-0.00176	0.00096	0.00416	-0.00509	-0.00710	-0.01129	-0.00225	-0.00815	0.00628	0.00094	-0.00705	-0.00281	0.00876	-0.00189	-0.00116	0.00183	-0.00927	-0.00424	-0.00589	0.00364	-0.00157	0.00141	0.00727	-0.00564	-0.00031	0.00428	0.01896	-0.00340	-0.00079	-0.00833	(And (Inheritance night_crew crew) (Member $x0 night_crew))
p203147	0.00967	0.00258	-0.00185	0.00095	0.00418	-0.00523	-0.00729	-0.01144	-0.00254	-0.00838	0.00632	0.00085	-0.00730	-0.00286	0.00872	-0.00210	-0.00138	0.00159	-0.00957	-0.00434	-0.00619	0.00359	-0.00181	0.00120	0.00726	-0.00593	-0.00042	0.00415	0.01862	-0.00350	-0.00083	-0.00852	(And (Inheritance spoil_mound mound) (Member $x0 spoil_mound))
p203209	0.00935	0.00245	-0.00194	0.00089	0.00400	-0.00522	-0.00723	-0.01139	-0.00241	-0.00829	0.00618	0.00075	-0.00716	-0.00294	0.00852	-0.00202	-0.00130	0.00167	-0.00944	-0.00435	-0.00611	0.00350	-0.00179	0.00127	0.00714	-0.00591	-0.00048	0.00410	0.01885	-0.00348	-0.00098	-0.00850	(And (Inheritance regional_unit regional) (Inheritance regional_unit unit))
p203230	0.00937	0.00245	-0.00192	0.00088	0.00401	-0.00521	-0.00722	-0.01138	-0.00241	-0.00828	0.00618	0.00077	-0.00716	-0.00293	0.00854	-0.00201	-0.00128	0.00167	-0.00943	-0.00434	-0.00608	0.00350	-0.00176	0.00129	0.00715	-0.00588	-0.00047	0.00412	0.01885	-0.00347	-0.00098	-0.00849	(Inheritance night_crew crew)
p203231	-0.00108	-0.00999	-0.01483	0.01129	-0.00016	0.00275	-0.00996	-0.01552	-0.00054	-0.00740	-0.01218	0.00071	0.00116	0.00359	0.00284	-0.00011	-0.00889	0.01973	-0.00976	-0.01067	-0.00956	0.00612	0.00183	-0.00535	0.01726	-0.00401	0.00009	0.00097	0.02214	0.00472	-0.00341	-0.01225	(Inheritance night_delivery delivery)
p203232	0.00927	0.00237	-0.00203	0.00081	0.00388	-0.00529	-0.00731	-0.01147	-0.00251	-0.00838	0.00609	0.00067	-0.00723	-0.00300	0.00839	-0.00210	-0.00138	0.00157	-0.00952	-0.00442	-0.00619	0.00342	-0.00190	0.00121	0.00706	-0.00608	-0.00058	0.00403	0.01880	-0.00356	-0.00107	-0.00861	(Inheritance regional_unit regional)
p203233	0.00943	0.00252	-0.00185	0.00093	0.00408	-0.00514	-0.00715	-0.01133	-0.00233	-0.00821	0.00624	0.00085	-0.00710	-0.00288	0.00862	-0.00195	-0.00122	0.00173	-0.00935	-0.00429	-0.00602	0.00357	-0.00170	0.00133	0.00721	-0.00578	-0.00039	0.00416	0.01891	-0.00342	-0.00088	-0.00842	(Inheritance regional_unit unit)
p203234	0.00161	-0.00913	-0.01606	0.01538	0.00096	0.00238	-0.00725	-0.01200	-0.00370	-0.00812	-0.01450	-0.00598	0.00548	0.00444	0.00324	0.00274	-0.00701	0.02278	-0.01066	-0.00820	-0.00991	0.00290	-0.00246	-0.00199	0.01100	-0.01159	-0.00046	0.00325	0.02293	0.00441	-0.00455	-0.01232	(Inheritance soil_sample sample)
p203235	0.00977	0.00267	-0.00175	0.00101	0.00425	-0.00514	-0.00720	-0.01137	-0.00245	-0.00829	0.00639	0.00096	-0.00723	-0.00278	0.00883	-0.00202	-0.00130	0.00167	-0.00948	-0.00427	-0.00609	0.00368	-0.00172	0.00128	0.00735	-0.00581	-0.00033	0.00422	0.01870	-0.00343	-0.00072	-0.00843	(Inheritance spoil_mound mound)
p203236	-0.00014	0.00313	-0.00164	-0.00467	-0.00475	-0.00982	-0.01207	-0.00993	-0.00309	-0.00439	0.00770	0.00270	-0.01107	-0.00075	0.00606	-0.00391	-0.00638	-0.00133	-0.01566	0.00129	-0.00587	0.01209	0.00049	0.00683	-0.00483	0.00668	-0.00135	0.00379	0.02167	-0.00797	-0.00122	-0.00802	(Symmetric Married)
p203258	-0.08026	-0.07330	0.14606	-0.08320	0.04625	-0.06503	-0.09703	0.02724	0.09196	-0.09278	0.00735	-0.12277	-0.03807	-0.12264	0.13484	0.05251	-0.04511	0.07741	0.09946	-0.00389	-0.03905	0.10045	-0.00661	0.13958	-0.05068	-0.00872	0.06733	0.00862	-0.00415	0.17222	-0.09661	-0.01443	(And (Agent $e0 $x0) (Location $e0 $x1) (Member $e0 discover) (Theme $e0 $x2))
p203259	-0.06848	0.00921	-0.08339	0.06010	0.01378	-0.05885	-0.02334	-0.06862	0.15860	0.08350	-0.02647	-0.05612	-0.04226	-0.09918	0.13137	-0.00438	0.05973	-0.00705	-0.03022	0.08053	0.12633	-0.01929	0.09131	-0.07592	-0.00018	-0.05939	-0.02413	-0.04014	0.17780	0.00743	0.01664	0.00518	(And (Agent $e0 $x0) (Location $e0 eskisehir) (Location $e0 turkey) (Member $e0 build))
p203260	-0.06848	0.00921	-0.08339	0.06010	0.01378	-0.05885	-0.02334	-0.06862	0.15860	0.08350	-0.02647	-0.05612	-0.04226	-0.09918	0.13137	-0.00438	0.05973	-0.00705	-0.03022	0.08053	0.12633	-0.01929	0.09131	-0.07592	-0.00018	-0.05939	-0.02413	-0.04014	0.17780	0.00743	0.01664	0.00518	(And (Agent $e0 $x0) (Location $e0 eskisehir) (Location $e0 turkey) (Past $e0))
p203261	-0.06848	0.00921	-0.08339	0.06010	0.01378	-0.05885	-0.02334	-0.06862	0.15860	0.08350	-0.02647	-0.05612	-0.04226	-0.09918	0.13137	-0.00438	0.05973	-0.00705	-0.03022	0.08053	0.12633	-0.01929	0.09131	-0.07592	-0.00018	-0.05939	-0.02413	-0.04014	0.17780	0.00743	0.01664	0.00518	(And (Agent $e0 $x0) (Location $e0 eskisehir) (Location $e0 turkey) (Patient $e0 $x1))
p203262	-0.06848	0.00921	-0.08339	0.06010	0.01378	-0.05885	-0.02334	-0.06862	0.15860	0.08350	-0.02647	-0.05612	-0.04226	-0.09918	0.13137	-0.00438	0.05973	-0.00705	-0.03022	0.08053	0.12633	-0.01929	0.09131	-0.07592	-0.00018	-0.05939	-0.02413	-0.04014	0.17780	0.00743	0.01664	0.00518	(And (Agent $e0 $x0) (Location $e0 eskisehir) (Member $e0 build) (Past $e0))
p203263	-0.06848	0.00921	-0.08339	0.06010	0.01378	-0.05885	-0.02334	-0.06862	0.15860	0.08350	-0.02647	-0.05612	-0.04226	-0.09918	0.13137	-0.00438	0.05973	-0.00705	-0.03022	0.08053	0.12633	-0.01929	0.09131	-0.07592	-0.00018	-0.05939	-0.02413	-0.04014	0.17780	0.00743	0.01664	0.00518	(And (Agent $e0 $x0) (Location $e0 eskisehir) (Member $e0 build) (Patient $e0 $x1))
p203264	-0.06848	0.00921	-0.08339	0.06010	0.01378	-0.05885	-0.02334	-0.06862	0.15860	0.08350	-0.02646	-0.05612	-0.04226	-0.09918	0.13137	-0.00438	0.05973	-0.00705	-0.03022	0.08053	0.12633	-0.01929	0.09131	-0.07592	-0.00018	-0.05939	-0.02413	-0.04014	0.17780	0.00743	0.01664	0.00518	(And (Agent $e0 $x0) (Location $e0 eskisehir) (Past $e0) (Patient $e0 $x1))
p203265	-0.06848	0.00921	-0.08339	0.06010	0.01378	-0.05885	-0.02334	-0.06862	0.15860	0.08350	-0.02647	-0.05612	-0.04226	-0.09918	0.13137	-0.00438	0.05973	-0.00705	-0.03022	0.08053	0.12633	-0.01929	0.09131	-0.07592	-0.00018	-0.05939	-0.02413	-0.04014	0.17780	0.00743	0.01664	0.00518	(And (Agent $e0 $x0) (Location $e0 kazakhstan) (Member $e0 build) (Past $e0))
p203266	-0.06848	0.00921	-0.08339	0.06010	0.01378	-0.05885	-0.02334	-0.06862	0.15860	0.08350	-0.02647	-0.05612	-0.04226	-0.09918	0.13137	-0.00438	0.05973	-0.00705	-0.03022	0.08053	0.12633	-0.01929	0.09131	-0.07592	-0.00018	-0.05939	-0.02413	-0.04014	0.17780	0.00743	0.01664	0.00518	(And (Agent $e0 $x0) (Location $e0 kazakhstan) (Member $e0 build) (Patient $e0 $x1))
p203267	-0.06848	0.00921	-0.08339	0.06010	0.01378	-0.05885	-0.02334	-0.06862	0.15860	0.08350	-0.02646	-0.05612	-0.04226	-0.09918	0.13137	-0.00438	0.05973	-0.00705	-0.03022	0.08053	0.12633	-0.01929	0.09131	-0.07592	-0.00018	-0.05939	-0.02413	-0.04014	0.17780	0.00743	0.01664	0.00518	(And (Agent $e0 $x0) (Location $e0 kazakhstan) (Past $e0) (Patient $e0 $x1))
p203268	-0.10279	0.01502	-0.12495	0.09024	0.02132	-0.08796	-0.03519	-0.10283	0.23772	0.12494	-0.03979	-0.08362	-0.06336	-0.14859	0.19714	-0.00660	0.08967	-0.01251	-0.04516	0.12100	0.18917	-0.02908	0.13690	-0.11409	-0.00034	-0.08905	-0.03628	-0.06092	0.26634	0.01212	0.02536	0.00793	(And (Agent $e0 $x0) (Location $e0 turkey) (Member $e0 build) (Past $e0))
p203269	-0.10279	0.01502	-0.12495	0.09024	0.02132	-0.08796	-0.03519	-0.10283	0.23772	0.12494	-0.03979	-0.08362	-0.06336	-0.14859	0.19714	-0.00660	0.08967	-0.01251	-0.04516	0.12100	0.18917	-0.02908	0.13690	-0.11409	-0.00034	-0.08905	-0.03628	-0.06092	0.26634	0.01212	0.02536	0.00793	(And (Agent $e0 $x0) (Location $e0 turkey) (Member $e0 build) (Patient $e0 $x1))
p203270	-0.10279	0.01502	-0.12495	0.09024	0.02132	-0.08796	-0.03519	-0.10283	0.23772	0.12494	-0.03979	-0.08362	-0.06336	-0.14859	0.19714	-0.00660	0.08967	-0.01251	-0.04516	0.12100	0.18917	-0.02908	0.13690	-0.11409	-0.00034	-0.08905	-0.03628	-0.06092	0.26634	0.01212	0.02536	0.00793	(And (Agent $e0 $x0) (Location $e0 turkey) (Past $e0) (Patient $e0 $x1))
p203271	0.01383	0.04358	0.03677	-0.00829	0.00285	0.03674	-0.01856	-0.03150	0.00109	-0.02997	-0.01575	-0.00340	-0.01498	0.03901	0.02846	-0.00211	0.01274	0.01535	-0.03044	0.01360	0.02421	-0.05136	-0.01155	0.01509	-0.02513	0.02611	0.00908	0.01167	-0.04052	-0.00428	-0.02380	0.03238	(And (Agent $e0 $x0) (Member $e0 acquire) (Past $e0) (Theme $e0 $x1))
p203272	0.01383	0.04358	0.03677	-0.00829	0.00285	0.03674	-0.01856	-0.03150	0.00109	-0.02997	-0.01575	-0.00340	-0.01498	0.03901	0.02846	-0.00211	0.01274	0.01535	-0.03044	0.01360	0.02421	-0.05136	-0.01155	0.01509	-0.02513	0.02611	0.00908	0.01167	-0.04052	-0.00428	-0.02380	0.03238	(And (Agent $e0 $x0) (Member $e0 purchase) (Past $e0) (Theme $e0 $x1))
p203273	0.05258	-0.09518	-0.05100	-0.12559	-0.09029	0.01940	-0.04454	-0.14000	0.20070	0.04678	-0.04678	-0.04651	0.15987	0.13889	-0.07456	0.06864	-0.13062	0.07860	0.14847	-0.06781	-0.03899	-0.07758	-0.00967	-0.09157	-0.04017	0.20659	0.11907	-0.08782	0.12836	-0.02142	0.09411	0.00495	(And (Agent $e0 $x0) (Member $e0 teach) (Recipient $e0 $x1) (Theme $e0 glazing))
p203274	-0.03145	-0.02511	0.07024	-0.05201	0.11306	0.10048	0.11173	0.08400	-0.03614	0.10690	0.01830	-0.07048	-0.03061	-0.12065	0.04478	0.07622	0.02235	0.04000	-0.03603	-0.04174	-0.06112	-0.01136	-0.02582	-0.04422	0.03564	0.11448	-0.04832	0.11026	0.21860	-0.08757	-0.10045	0.04127	(And (Can $e0) (Manner $e0 $x0) (Member $e0 define) (Theme $e0 $x1))
p203275	0.01716	-0.02722	0.00484	-0.00105	-0.08217	0.14862	0.01231	-0.06395	0.05216	-0.02878	0.05812	-0.02187	0.03813	-0.05048	-0.05909	0.13140	-0.02540	-0.02550	0.08554	0.16912	0.04156	-0.02796	-0.12166	0.16585	0.28722	-0.24254	-0.00964	0.04261	0.06273	-0.08451	0.14328	-0.10317	(And (For $e0 $e1) (Member $e0 win) (Past $e0) (Theme $e0 $x0))
p203276	-0.06848	0.00921	-0.08339	0.06010	0.01378	-0.05885	-0.02334	-0.06862	0.15860	0.08350	-0.02647	-0.05612	-0.04226	-0.09918	0.13137	-0.00438	0.05973	-0.00705	-0.03022	0.08053	0.12633	-0.01929	0.09131	-0.07592	-0.00018	-0.05939	-0.02413	-0.04014	0.17780	0.00743	0.01664	0.00518	(And (Location $e0 eskisehir) (Location $e0 turkey) (Member $e0 build) (Past $e0))
p203277	-0.06848	0.00921	-0.08339	0.06010	0.01378	-0.05885	-0.02334	-0.06862	0.15860	0.08350	-0.02646	-0.05612	-0.04226	-0.09918	0.13137	-0.00438	0.05973	-0.00705	-0.03022	0.08053	0.12633	-0.01929	0.09131	-0.07592	-0.00018	-0.05939	-0.02413	-0.04014	0.17780	0.00743	0.01664	0.00518	(And (Location $e0 eskisehir) (Location $e0 turkey) (Member $e0 build) (Patient $e0 $x0))
p203278	-0.06848	0.00921	-0.08339	0.06010	0.01378	-0.05885	-0.02334	-0.06862	0.15860	0.08350	-0.02646	-0.05612	-0.04226	-0.09918	0.13137	-0.00438	0.05973	-0.00705	-0.03022	0.08053	0.12633	-0.01929	0.09131	-0.07592	-0.00018	-0.05939	-0.02413	-0.04014	0.17780	0.00743	0.01664	0.00518	(And (Location $e0 eskisehir) (Location $e0 turkey) (Past $e0) (Patient $e0 $x0))
p203279	-0.06848	0.00921	-0.08339	0.06010	0.01378	-0.05885	-0.02334	-0.06862	0.15860	0.08350	-0.02646	-0.05612	-0.04226	-0.09918	0.13137	-0.00438	0.05973	-0.00705	-0.03022	0.08053	0.12633	-0.01929	0.09131	-0.07592	-0.00018	-0.05939	-0.02413	-0.04014	0.17780	0.00743	0.01664	0.00518	(And (Location $e0 eskisehir) (Member $e0 build) (Past $e0) (Patient $e0 $x0))
p203280	-0.06848	0.00921	-0.08339	0.06010	0.01378	-0.05885	-0.02334	-0.06862	0.15860	0.08350	-0.02647	-0.05612	-0.04226	-0.09918	0.13137	-0.00438	0.05973	-0.00705	-0.03022	0.08053	0.12633	-0.01929	0.09131	-0.07592	-0.00018	-0.05939	-0.02413	-0.04014	0.17780	0.00743	0.01664	0.00518	(And (Location $e0 kazakhstan) (Member $e0 build) (Past $e0) (Patient $e0 $x0))
p203281	-0.10279	0.01502	-0.12495	0.09024	0.02132	-0.08796	-0.03519	-0.10283	0.23772	0.12494	-0.03979	-0.08362	-0.06336	-0.14859	0.19714	-0.00660	0.08967	-0.01251	-0.04516	0.12100	0.18917	-0.02908	0.13690	-0.11409	-0.00034	-0.08905	-0.03628	-0.06092	0.26634	0.01212	0.02536	0.00793	(And (Location $e0 turkey) (Member $e0 build) (Past $e0) (Patient $e0 $x0))
p203282	-0.00612	-0.00158	0.02544	-0.01984	0.01576	-0.04799	0.00812	-0.00698	-0.00538	-0.02477	-0.00884	-0.00877	-0.02403	0.02688	0.02942	0.01125	0.00840	-0.04052	-0.01085	0.05583	0.03942	-0.03825	0.00889	0.00905	-0.03464	0.06234	0.00301	0.00457	-0.06031	-0.02005	-0.02955	0.03475	(And (Member $e0 sell) (Past $e0) (Recipient $e0 $x0) (Theme $e0 $x1))
p203283	0.24518	-0.05328	0.08782	0.02029	0.15225	-0.01011	-0.05799	-0.07431	0.02420	0.18160	0.02896	0.12528	0.02717	0.00303	-0.07240	-0.01782	-0.04838	0.13741	-0.05928	0.10713	-0.07319	-0.01849	-0.10055	-0.12132	0.05408	-0.05899	-0.04114	-0.14254	-0.04501	0.12200	-0.02456	-0.07207	(And (Member $x0 view) (Possession $x0 free_soil_party) (Possession $x0 republican_party) (Theme $e0 $x0))
p203379	-0.02332	-0.02432	-0.02218	0.00735	-0.00791	0.03796	0.01797	0.03206	0.02116	0.01388	-0.03279	-0.01965	0.01031	-0.00820	-0.02358	0.00390	-0.00351	0.02691	0.00379	-0.01860	0.02723	-0.02527	-0.01891	-0.00246	-0.02299	-0.01050	-0.01871	-0.02756	-0.02482	0.00929	0.00297	-0.01245	(And (Agent $e0 $x0) (Agent $e0 jica) (Theme $e0 $x1))
p203382	-0.08026	-0.07330	0.14606	-0.08320	0.04625	-0.06504	-0.09703	0.02724	0.09196	-0.09278	0.00734	-0.12277	-0.03807	-0.12264	0.13484	0.05251	-0.04511	0.07741	0.09946	-0.00388	-0.03905	0.10045	-0.00661	0.13958	-0.05068	-0.00872	0.06733	0.00862	-0.00415	0.17222	-0.09661	-0.01443	(And (Agent $e0 $x0) (Location $e0 $x1) (Member $e0 discover))
p203383	0.01943	0.04115	0.01869	0.09028	-0.15404	0.25687	0.00475	-0.09236	0.00741	0.32637	-0.05491	0.20028	0.13521	-0.15176	0.11881	-0.05037	-0.10825	-0.24691	-0.17193	-0.05942	-0.16710	0.19758	-0.15065	0.12216	-0.07934	0.05010	0.26964	-0.22224	-0.03804	-0.14189	0.00983	0.15476	(And (Agent $e0 $x0) (Location $e0 $x1) (Patient $e0 $x2))
p203384	0.01683	0.04059	0.00901	0.10421	-0.06005	0.19321	-0.10643	-0.04765	0.01177	0.20887	-0.04233	0.15673	0.15367	-0.13796	0.18151	-0.04410	-0.06329	-0.18521	-0.12651	0.01770	-0.13054	0.20827	-0.10041	0.06665	-0.04683	0.02454	0.16343	-0.07116	-0.02719	-0.21944	-0.02725	0.06774	(And (Agent $e0 $x0) (Location $e0 $x1) (Theme $e1 $e0))
p203385	-0.06848	0.00921	-0.08339	0.06010	0.01378	-0.05885	-0.02334	-0.06862	0.15860	0.08350	-0.02647	-0.05612	-0.04226	-0.09918	0.13137	-0.00438	0.05973	-0.00705	-0.03022	0.08053	0.12633	-0.01929	0.09131	-0.07592	-0.00018	-0.05939	-0.02413	-0.04014	0.17780	0.00743	0.01664	0.00518	(And (Agent $e0 $x0) (Location $e0 eskisehir) (Location $e0 turkey))
p203386	-0.06848	0.00921	-0.08339	0.06010	0.01378	-0.05885	-0.02334	-0.06862	0.15860	0.08350	-0.02647	-0.05612	-0.04226	-0.09918	0.13137	-0.00438	0.05973	-0.00705	-0.03022	0.08053	0.12633	-0.01929	0.09131	-0.07592	-0.00018	-0.05939	-0.02413	-0.04014	0.17780	0.00743	0.01664	0.00518	(And (Agent $e0 $x0) (Location $e0 eskisehir) (Member $e0 build))
p203387	-0.06848	0.00921	-0.08339	0.06010	0.01378	-0.05885	-0.02334	-0.06862	0.15860	0.08350	-0.02647	-0.05612	-0.04226	-0.09918	0.13137	-0.00438	0.05973	-0.00705	-0.03022	0.08053	0.12633	-0.01929	0.09131	-0.07592	-0.00018	-0.05939	-0.02413	-0.04014	0.17780	0.00743	0.01664	0.00518	(And (Agent $e0 $x0) (Location $e0 eskisehir) (Past $e0))
p203388	-0.06848	0.00921	-0.08339	0.06010	0.01378	-0.05885	-0.02334	-0.06862	0.15860	0.08350	-0.02647	-0.05612	-0.04226	-0.09918	0.13137	-0.00438	0.05973	-0.00705	-0.03022	0.08053	0.12633	-0.01929	0.09131	-0.07592	-0.00018	-0.05939	-0.02413	-0.04014	0.17780	0.00743	0.01664	0.00518	(And (Agent $e0 $x0) (Location $e0 eskisehir) (Patient $e0 $x1))
p203389	-0.06848	0.00921	-0.08339	0.06010	0.01378	-0.05885	-0.02334	-0.06862	0.15860	0.08350	-0.02647	-0.05612	-0.04226	-0.09918	0.13137	-0.00438	0.05973	-0.00705	-0.03022	0.08053	0.12633	-0.01929	0.09131	-0.07592	-0.00018	-0.05939	-0.02413	-0.04014	0.17780	0.00743	0.01664	0.00518	(And (Agent $e0 $x0) (Location $e0 kazakhstan) (Member $e0 build))
p203390	-0.06848	0.00921	-0.08339	0.06010	0.01378	-0.05885	-0.02334	-0.06862	0.15860	0.08350	-0.02647	-0.05612	-0.04226	-0.09918	0.13137	-0.00438	0.05973	-0.00705	-0.03022	0.08053	0.12633	-0.01929	0.09131	-0.07592	-0.00018	-0.05939	-0.02413	-0.04014	0.17780	0.00743	0.01664	0.00518	(And (Agent $e0 $x0) (Location $e0 kazakhstan) (Past $e0))
p203391	-0.06848	0.00921	-0.08339	0.06010	0.01378	-0.05885	-0.02334	-0.06862	0.15860	0.08350	-0.02647	-0.05612	-0.04226	-0.09918	0.13137	-0.00438	0.05973	-0.00705	-0.03022	0.08053	0.12633	-0.01929	0.09131	-0.07592	-0.00018	-0.05939	-0.02413	-0.04014	0.17780	0.00743	0.01664	0.00518	(And (Agent $e0 $x0) (Location $e0 kazakhstan) (Patient $e0 $x1))
p203392	-0.10279	0.01502	-0.12495	0.09024	0.02132	-0.08796	-0.03519	-0.10283	0.23772	0.12494	-0.03979	-0.08362	-0.06336	-0.14859	0.19714	-0.00660	0.08967	-0.01251	-0.04516	0.12100	0.18917	-0.02908	0.13690	-0.11409	-0.00034	-0.08905	-0.03628	-0.06092	0.26634	0.01212	0.02536	0.00793	(And (Agent $e0 $x0) (Location $e0 turkey) (Member $e0 build))
p203393	-0.10279	0.01502	-0.12495	0.09024	0.02132	-0.08796	-0.03519	-0.10283	0.23772	0.12494	-0.03979	-0.08362	-0.06336	-0.14859	0.19714	-0.00660	0.08967	-0.01251	-0.04516	0.12100	0.18917	-0.02908	0.13690	-0.11409	-0.00034	-0.08905	-0.03628	-0.06092	0.26634	0.01212	0.02536	0.00793	(And (Agent $e0 $x0) (Location $e0 turkey) (Past $e0))
p203394	-0.10279	0.01502	-0.12495	0.09024	0.02132	-0.08796	-0.03519	-0.10283	0.23772	0.12494	-0.03979	-0.08362	-0.06336	-0.14859	0.19714	-0.00660	0.08967	-0.01251	-0.04516	0.12100	0.18917	-0.02908	0.13690	-0.11409	-0.00034	-0.08905	-0.03628	-0.06092	0.26634	0.01212	0.02536	0.00793	(And (Agent $e0 $x0) (Location $e0 turkey) (Patient $e0 $x1))
p203395	0.01383	0.04358	0.03677	-0.00829	0.00285	0.03674	-0.01856	-0.03150	0.00109	-0.02997	-0.01575	-0.00340	-0.01498	0.03901	0.02846	-0.00211	0.01274	0.01535	-0.03044	0.01360	0.02421	-0.05136	-0.01155	0.01509	-0.02513	0.02611	0.00908	0.01167	-0.04052	-0.00428	-0.02380	0.03238	(And (Agent $e0 $x0) (Member $e0 acquire) (Past $e0))
p203396	0.01383	0.04358	0.03677	-0.00829	0.00285	0.03674	-0.01856	-0.03150	0.00109	-0.02997	-0.01575	-0.00340	-0.01498	0.03901	0.02846	-0.00211	0.01274	0.01535	-0.03044	0.01360	0.02421	-0.05136	-0.01155	0.01509	-0.02513	0.02611	0.00908	0.01167	-0.04052	-0.00428	-0.02380	0.03238	(And (Agent $e0 $x0) (Member $e0 acquire) (Theme $e0 $x1))
p203397	-0.02078	-0.02169	-0.02007	0.01085	-0.00970	0.03511	0.02203	0.03023	0.01697	0.01056	-0.03024	-0.01726	0.00600	-0.00752	-0.02415	0.00119	-0.00579	0.01971	0.00104	-0.01594	0.02699	-0.02316	-0.01452	-0.00540	-0.01824	-0.01204	-0.00469	-0.02515	-0.02454	0.01242	0.00073	-0.01048	(And (Agent $e0 $x0) (Member $e0 block) (Theme $e0 $x1))
p203398	-0.04297	0.00305	-0.03982	0.01923	0.09397	-0.00613	-0.00474	0.03596	-0.07112	-0.09315	0.01939	-0.09413	0.16057	0.07173	-0.03910	0.03124	-0.00074	0.00067	0.02546	0.13003	-0.05677	-0.00774	0.12336	-0.03486	-0.03851	-0.11984	0.03493	0.13761	-0.00480	0.08357	-0.09270	0.02801	(And (Agent $e0 $x0) (Member $e0 make) (Patient $e0 $e1))
p203399	-0.02411	-0.02531	-0.02168	0.00718	-0.00927	0.03720	0.01790	0.03110	0.02242	0.01239	-0.03307	-0.01932	0.00965	-0.00780	-0.02425	0.00488	-0.00338	0.02688	0.00545	-0.01842	0.02580	-0.02674	-0.01784	-0.00289	-0.02115	-0.01013	-0.01875	-0.02659	-0.02479	0.01282	-0.00004	-0.01054	(And (Agent $e0 $x0) (Member $e0 order) (Theme $e0 $x1))
p203400	0.01384	0.04358	0.03677	-0.00829	0.00285	0.03674	-0.01856	-0.03150	0.00109	-0.02997	-0.01575	-0.00340	-0.01498	0.03901	0.02846	-0.00211	0.01274	0.01535	-0.03044	0.01360	0.02421	-0.05136	-0.01155	0.01509	-0.02513	0.02611	0.00908	0.01167	-0.04052	-0.00428	-0.02380	0.03238	(And (Agent $e0 $x0) (Member $e0 purchase) (Past $e0))
p203401	0.01383	0.04358	0.03677	-0.00829	0.00285	0.03674	-0.01856	-0.03150	0.00109	-0.02997	-0.01575	-0.00340	-0.01498	0.03901	0.02846	-0.00211	0.01274	0.01535	-0.03044	0.01360	0.02421	-0.05136	-0.01155	0.01509	-0.02513	0.02611	0.00908	0.01167	-0.04052	-0.00428	-0.02380	0.03238	(And (Agent $e0 $x0) (Member $e0 purchase) (Theme $e0 $x1))
p203402	-0.03984	0.01727	-0.03871	0.03821	0.09666	-0.00597	-0.02004	0.03151	-0.06336	-0.08196	0.02416	-0.08368	0.18203	0.05329	-0.02435	0.02043	-0.00255	-0.00301	-0.01615	0.12927	-0.06119	0.03543	0.11187	-0.03545	-0.03643	-0.11804	0.03745	0.13871	0.00290	0.04670	-0.07723	0.01411	(And (Agent $e0 $x0) (Member $e0 reach) (Theme $e0 $e1))
p203403	-0.00410	-0.01491	-0.00105	0.02302	-0.01854	0.00427	0.00297	0.01509	-0.00647	-0.01140	-0.03029	-0.00692	0.03521	0.00242	-0.00037	0.00438	0.02515	0.00758	0.01040	-0.00399	-0.02667	-0.02904	-0.01135	-0.01097	0.03677	-0.01377	-0.01209	0.01143	-0.02221	0.02506	-0.03584	0.05257	(And (Agent $e0 $x0) (Member $e0 sign) (Patient $e0 $x1))
p203404	0.05257	-0.09518	-0.05100	-0.12559	-0.09029	0.01940	-0.04454	-0.14000	0.20070	0.04678	-0.04679	-0.04651	0.15987	0.13889	-0.07457	0.06864	-0.13062	0.07860	0.14846	-0.06781	-0.03899	-0.07758	-0.00967	-0.09157	-0.04017	0.20659	0.11907	-0.08782	0.12836	-0.02142	0.09411	0.00495	(And (Agent $e0 $x0) (Member $e0 teach) (Theme $e0 glazing))
p203407	0.05258	-0.09518	-0.05100	-0.12559	-0.09029	0.01940	-0.04454	-0.14000	0.20070	0.04678	-0.04679	-0.04651	0.15987	0.13889	-0.07457	0.06864	-0.13062	0.07860	0.14847	-0.06781	-0.03899	-0.07758	-0.00967	-0.09157	-0.04017	0.20659	0.11907	-0.08782	0.12836	-0.02142	0.09411	0.00495	(And (Agent $e0 $x0) (Recipient $e0 $x1) (Theme $e0 glazing))
p203408	-0.03145	-0.02511	0.07024	-0.05201	0.11306	0.10048	0.11172	0.08400	-0.03614	0.10690	0.01830	-0.07048	-0.03061	-0.12065	0.04478	0.07622	0.02235	0.04000	-0.03603	-0.04174	-0.06112	-0.01136	-0.02582	-0.04422	0.03564	0.11448	-0.04832	0.11026	0.21860	-0.08757	-0.10045	0.04127	(And (Can $e0) (Manner $e0 $x0) (Member $e0 define))
p203409	-0.03145	-0.02511	0.07024	-0.05201	0.11306	0.10048	0.11172	0.08400	-0.03614	0.10690	0.01830	-0.07048	-0.03061	-0.12065	0.04478	0.07622	0.02235	0.04000	-0.03603	-0.04174	-0.06112	-0.01136	-0.02582	-0.04422	0.03564	0.11448	-0.04832	0.11026	0.21860	-0.08757	-0.10045	0.04127	(And (Can $e0) (Manner $e0 $x0) (Theme $e0 $x1))
p203410	-0.03145	-0.02511	0.07024	-0.05201	0.11306	0.10048	0.11173	0.08400	-0.03614	0.10690	0.01830	-0.07048	-0.03061	-0.12065	0.04478	0.07622	0.02235	0.04000	-0.03603	-0.04174	-0.06112	-0.01136	-0.02582	-0.04422	0.03564	0.11448	-0.04832	0.11026	0.21860	-0.08757	-0.10045	0.04127	(And (Can $e0) (Member $e0 define) (Theme $e0 $x0))
p203411	0.12419	0.01159	-0.07201	-0.02807	-0.00508	-0.02497	0.33118	-0.07505	-0.05889	-0.02623	0.06576	-0.11044	0.01859	-0.04796	0.14234	-0.04079	-0.14054	-0.03038	-0.04166	-0.00970	0.09355	-0.11049	0.03197	-0.08228	0.03027	0.03611	0.27141	-0.10645	-0.07730	0.09927	0.07018	-0.06630	(And (Cardinality $x0 <num>) (GroupOf $x0 child) (Theme $e0 $x0))
p203412	0.01236	0.05958	-0.00251	0.00386	0.00482	0.00824	-0.00446	0.00345	-0.00485	0.04291	0.00345	-0.00583	-0.01378	-0.01022	-0.01250	-0.00129	-0.00391	-0.03084	0.06635	0.00475	-0.01444	-0.00249	-0.00899	-0.00743	-0.01175	-0.01730	0.01123	-0.03116	0.00583	-0.01752	0.00592	0.00472	(And (Experiencer $e0 $x0) (Location $e0 $x1) (Member $e0 locate))
p203413	0.01716	-0.02722	0.00484	-0.00105	-0.08217	0.14862	0.01231	-0.06395	0.05216	-0.02878	0.05812	-0.02187	0.03813	-0.05048	-0.05909	0.13140	-0.02540	-0.02550	0.08554	0.16912	0.04156	-0.02796	-0.12166	0.16585	0.28722	-0.24254	-0.00964	0.04261	0.06273	-0.08451	0.14328	-0.10317	(And (For $e0 $e1) (Member $e0 win) (Past $e0))
p203414	0.01716	-0.02722	0.00484	-0.00105	-0.08216	0.14862	0.01231	-0.06395	0.05216	-0.02878	0.05812	-0.02187	0.03813	-0.05048	-0.05909	0.13140	-0.02540	-0.02550	0.08555	0.16912	0.04156	-0.02796	-0.12166	0.16585	0.28722	-0.24254	-0.00964	0.04261	0.06273	-0.08451	0.14328	-0.10317	(And (For $e0 $e1) (Member $e0 win) (Theme $e0 $x0))
p203415	0.01716	-0.02722	0.00484	-0.00105	-0.08217	0.14862	0.01231	-0.06395	0.05216	-0.02878	0.05812	-0.02187	0.03813	-0.05048	-0.05909	0.13140	-0.02540	-0.02550	0.08555	0.16912	0.04156	-0.02796	-0.12166	0.16585	0.28722	-0.24254	-0.00964	0.04261	0.06273	-0.08451	0.14328	-0.10317	(And (For $e0 $e1) (Past $e0) (Theme $e0 $x0))
p203416	0.07382	-0.06690	0.09089	-0.05664	-0.01507	-0.03555	0.01623	-0.02326	-0.03478	0.01965	0.05770	0.03394	0.09178	-0.06909	0.06669	-0.04210	0.10843	-0.02987	0.08560	-0.05165	0.13285	-0.08456	-0.02001	0.05181	-0.02345	0.09941	-0.06040	-0.04328	-0.08805	-0.06087	0.01333	-0.03531	(And (Future $e0) (Patient $e0 $x0) (Time $e0 (Month september)))
p203417	0.00702	0.00074	0.00137	0.00554	0.01103	-0.00088	0.06391	-0.00299	0.02522	-0.00131	-0.00074	-0.01799	-0.00461	0.00256	-0.00790	-0.01576	0.00467	-0.01717	-0.01136	0.00895	-0.00191	-0.00685	-0.00654	-0.01734	0.00468	-0.01496	0.02469	-0.01751	-0.03256	0.00057	0.00742	-0.00361	(And (Holder $e0 $x0) (Member $e0 have) (Theme $e0 $x1))
p203418	0.12419	0.01159	-0.07201	-0.02807	-0.00508	-0.02497	0.33118	-0.07505	-0.05889	-0.02623	0.06576	-0.11044	0.01859	-0.04796	0.14234	-0.04079	-0.14054	-0.03038	-0.04166	-0.00970	0.09355	-0.11049	0.03197	-0.08228	0.03027	0.03611	0.27141	-0.10645	-0.07730	0.09927	0.07018	-0.06630	(And (Holder $e0 kristoffer) (Member $e0 have) (Theme $e0 $x0))
p203419	-0.08026	-0.07330	0.14606	-0.08320	0.04625	-0.06504	-0.09703	0.02724	0.09196	-0.09278	0.00734	-0.12277	-0.03807	-0.12264	0.13484	0.05251	-0.04511	0.07741	0.09946	-0.00388	-0.03905	0.10045	-0.00661	0.13958	-0.05068	-0.00872	0.06733	0.00862	-0.00415	0.17222	-0.09661	-0.01443	(And (Location $e0 $x0) (Member $e0 discover) (Theme $e0 $x1))
p203420	-0.06848	0.00921	-0.08339	0.06010	0.01378	-0.05885	-0.02334	-0.06862	0.15860	0.08350	-0.02647	-0.05612	-0.04226	-0.09918	0.13137	-0.00438	0.05973	-0.00705	-0.03022	0.08053	0.12633	-0.01929	0.09131	-0.07592	-0.00018	-0.05939	-0.02413	-0.04014	0.17780	0.00743	0.01664	0.00518	(And (Location $e0 eskisehir) (Location $e0 turkey) (Member $e0 build))
p203421	-0.06848	0.00921	-0.08339	0.06010	0.01378	-0.05885	-0.02334	-0.06862	0.15860	0.08350	-0.02646	-0.05612	-0.04226	-0.09918	0.13137	-0.00438	0.05973	-0.00705	-0.03022	0.08053	0.12633	-0.01929	0.09131	-0.07592	-0.00018	-0.05939	-0.02413	-0.04014	0.17780	0.00743	0.01664	0.00518	(And (Location $e0 eskisehir) (Location $e0 turkey) (Past $e0))
p203422	-0.06848	0.00921	-0.08339	0.06010	0.01378	-0.05885	-0.02334	-0.06862	0.15860	0.08350	-0.02647	-0.05612	-0.04226	-0.09918	0.13137	-0.00438	0.05973	-0.00705	-0.03022	0.08053	0.12633	-0.01929	0.09131	-0.07592	-0.00018	-0.05939	-0.02413	-0.04014	0.17780	0.00743	0.01664	0.00518	(And (Location $e0 eskisehir) (Location $e0 turkey) (Patient $e0 $x0))
p203423	-0.06848	0.00921	-0.08339	0.06010	0.01378	-0.05885	-0.02334	-0.06862	0.15860	0.08350	-0.02647	-0.05612	-0.04226	-0.09918	0.13137	-0.00438	0.05973	-0.00705	-0.03022	0.08053	0.12633	-0.01929	0.09131	-0.07592	-0.00018	-0.05939	-0.02413	-0.04014	0.17780	0.00743	0.01664	0.00518	(And (Location $e0 eskisehir) (Member $e0 build) (Past $e0))
p203424	-0.06848	0.00921	-0.08339	0.06010	0.01378	-0.05885	-0.02334	-0.06862	0.15860	0.08350	-0.02646	-0.05612	-0.04226	-0.09918	0.13137	-0.00438	0.05973	-0.00705	-0.03022	0.08053	0.12633	-0.01929	0.09131	-0.07592	-0.00018	-0.05939	-0.02413	-0.04014	0.17780	0.00743	0.01664	0.00518	(And (Location $e0 eskisehir) (Member $e0 build) (Patient $e0 $x0))
p203425	-0.06848	0.00921	-0.08339	0.06010	0.01378	-0.05885	-0.02334	-0.06862	0.15860	0.08350	-0.02646	-0.05612	-0.04226	-0.09918	0.13137	-0.00438	0.05973	-0.00705	-0.03022	0.08053	0.12633	-0.01929	0.09131	-0.07592	-0.00018	-0.05939	-0.02413	-0.04014	0.17780	0.00743	0.01664	0.00518	(And (Location $e0 eskisehir) (Past $e0) (Patient $e0 $x0))
p203426	-0.06848	0.00921	-0.08339	0.06010	0.01378	-0.05885	-0.02334	-0.06862	0.15860	0.08350	-0.02647	-0.05612	-0.04226	-0.09918	0.13137	-0.00438	0.05973	-0.00705	-0.03022	0.08053	0.12633	-0.01929	0.09131	-0.07592	-0.00018	-0.05939	-0.02413	-0.04014	0.17780	0.00743	0.01664	0.00518	(And (Location $e0 kazakhstan) (Member $e0 build) (Past $e0))
p203427	-0.06848	0.00921	-0.08339	0.06010	0.01378	-0.05885	-0.02334	-0.06862	0.15860	0.08350	-0.02647	-0.05612	-0.04226	-0.09918	0.13137	-0.00438	0.05973	-0.00705	-0.03022	0.08053	0.12633	-0.01929	0.09131	-0.07592	-0.00018	-0.05939	-0.02413	-0.04014	0.17780	0.00743	0.01664	0.00518	(And (Location $e0 kazakhstan) (Member $e0 build) (Patient $e0 $x0))
p203428	-0.06848	0.00921	-0.08339	0.06010	0.01378	-0.05885	-0.02334	-0.06862	0.15860	0.08350	-0.02646	-0.05612	-0.04226	-0.09918	0.13137	-0.00438	0.05973	-0.00705	-0.03022	0.08053	0.12633	-0.01929	0.09131	-0.07592	-0.00018	-0.05939	-0.02413	-0.04014	0.17780	0.00743	0.01664	0.00518	(And (Location $e0 kazakhstan) (Past $e0) (Patient $e0 $x0))
p203429	-0.10279	0.01502	-0.12495	0.09024	0.02132	-0.08796	-0.03519	-0.10283	0.23772	0.12494	-0.03979	-0.08362	-0.06336	-0.14859	0.19714	-0.00660	0.08967	-0.01251	-0.04516	0.12100	0.18917	-0.02908	0.13690	-0.11409	-0.00034	-0.08905	-0.03628	-0.06092	0.26634	0.01212	0.02536	0.00793	(And (Location $e0 turkey) (Member $e0 build) (Past $e0))
p203430	-0.10279	0.01502	-0.12495	0.09024	0.02132	-0.08796	-0.03519	-0.10283	0.23772	0.12494	-0.03979	-0.08362	-0.06336	-0.14859	0.19714	-0.00660	0.08967	-0.01251	-0.04516	0.12100	0.18917	-0.02908	0.13690	-0.11409	-0.00034	-0.08905	-0.03628	-0.06092	0.26634	0.01212	0.02536	0.00793	(And (Location $e0 turkey) (Member $e0 build) (Patient $e0 $x0))
p203431	-0.10279	0.01502	-0.12495	0.09024	0.02132	-0.08796	-0.03519	-0.10283	0.23772	0.12494	-0.03979	-0.08362	-0.06336	-0.14859	0.19714	-0.00660	0.08967	-0.01251	-0.04516	0.12100	0.18917	-0.02908	0.13690	-0.11409	-0.00034	-0.08905	-0.03628	-0.06092	0.26634	0.01212	0.02536	0.00793	(And (Location $e0 turkey) (Past $e0) (Patient $e0 $x0))
p203432	-0.03145	-0.02511	0.07024	-0.05201	0.11306	0.10048	0.11173	0.08400	-0.03614	0.10690	0.01830	-0.07048	-0.03061	-0.12065	0.04478	0.07622	0.02235	0.04000	-0.03603	-0.04174	-0.06112	-0.01136	-0.02582	-0.04422	0.03564	0.11448	-0.04832	0.11026	0.21860	-0.08757	-0.10045	0.04127	(And (Manner $e0 $x0) (Member $e0 define) (Theme $e0 $x1))
p203433	0.01383	0.04358	0.03677	-0.00829	0.00285	0.03674	-0.01856	-0.03150	0.00109	-0.02997	-0.01575	-0.00340	-0.01498	0.03901	0.02846	-0.00211	0.01274	0.01535	-0.03044	0.01360	0.02421	-0.05136	-0.01155	0.01509	-0.02513	0.02611	0.00908	0.01167	-0.04052	-0.00428	-0.02380	0.03238	(And (Member $e0 acquire) (Past $e0) (Theme $e0 $x0))
p203434	-0.01298	0.10030	-0.00218	-0.00686	-0.05908	0.01836	0.02632	0.01276	-0.02109	0.06479	-0.01889	-0.01493	0.01265	0.03630	-0.04914	0.00846	-0.03099	-0.03783	0.10309	0.00423	-0.03064	0.00727	-0.00606	-0.05475	-0.01826	-0.06742	-0.00889	0.05563	-0.02494	0.06641	0.03579	0.00478	(And (Member $e0 become) (Past $e0) (Result $e0 $e1))
p203435	-0.04466	-0.05549	0.00695	-0.04427	-0.11285	-0.02051	0.00313	-0.01439	-0.02142	0.07173	-0.02133	0.01908	-0.00117	0.03736	-0.03171	0.00709	-0.01815	0.01904	-0.01572	-0.06328	0.01353	0.01715	0.00008	0.02550	-0.02905	-0.00833	-0.03241	0.17043	-0.06784	0.10032	0.05716	-0.04272	(And (Member $e0 design) (Past $e0) (Patient $e0 $x0))
p203436	-0.04845	-0.05188	0.00561	-0.05297	-0.13005	-0.01709	0.02734	-0.03199	-0.02613	0.11302	-0.01008	0.01928	0.02108	0.05547	-0.05656	0.00733	-0.04057	0.02362	-0.01836	-0.07042	0.04566	0.04486	-0.01637	0.00349	-0.02232	-0.03454	-0.03864	0.17861	-0.07387	0.13635	0.10233	-0.06645	(And (Member $e0 produce) (Past $e0) (Patient $e0 $x0))
p203437	0.01383	0.04358	0.03677	-0.00829	0.00285	0.03674	-0.01856	-0.03150	0.00109	-0.02997	-0.01575	-0.00340	-0.01498	0.03901	0.02846	-0.00211	0.01274	0.01535	-0.03044	0.01360	0.02421	-0.05136	-0.01155	0.01509	-0.02513	0.02611	0.00908	0.01167	-0.04052	-0.00428	-0.02380	0.03238	(And (Member $e0 purchase) (Past $e0) (Theme $e0 $x0))
p203438	-0.00612	-0.00158	0.02544	-0.01984	0.01576	-0.04799	0.00812	-0.00698	-0.00538	-0.02477	-0.00884	-0.00877	-0.02403	0.02688	0.02942	0.01125	0.00840	-0.04052	-0.01084	0.05583	0.03942	-0.03825	0.00889	0.00905	-0.03464	0.06234	0.00301	0.00457	-0.06030	-0.02005	-0.02955	0.03475	(And (Member $e0 sell) (Past $e0) (Recipient $e0 $x0))
p203439	-0.00612	-0.00158	0.02544	-0.01984	0.01576	-0.04799	0.00812	-0.00698	-0.00538	-0.02477	-0.00884	-0.00877	-0.02403	0.02688	0.02942	0.01125	0.00840	-0.04052	-0.01084	0.05583	0.03942	-0.03825	0.00889	0.00905	-0.03464	0.06234	0.00301	0.00457	-0.06030	-0.02005	-0.02955	0.03475	(And (Member $e0 sell) (Past $e0) (Theme $e0 $x0))
p203440	-0.00612	-0.00158	0.02544	-0.01984	0.01576	-0.04799	0.00812	-0.00698	-0.00538	-0.02477	-0.00884	-0.00877	-0.02403	0.02688	0.02942	0.01125	0.00840	-0.04052	-0.01084	0.05583	0.03942	-0.03825	0.00889	0.00905	-0.03464	0.06234	0.00301	0.00457	-0.06031	-0.02005	-0.02955	0.03475	(And (Member $e0 sell) (Recipient $e0 $x0) (Theme $e0 $x1))
p203441	0.05258	-0.09518	-0.05100	-0.12559	-0.09029	0.01940	-0.04454	-0.14000	0.20070	0.04678	-0.04679	-0.04651	0.15987	0.13889	-0.07456	0.06864	-0.13062	0.07860	0.14847	-0.06781	-0.03899	-0.07758	-0.00967	-0.09157	-0.04017	0.20659	0.11907	-0.08782	0.12836	-0.02142	0.09411	0.00495	(And (Member $e0 teach) (Recipient $e0 $x0) (Theme $e0 glazing))
p203442	0.01716	-0.02722	0.00484	-0.00105	-0.08216	0.14862	0.01231	-0.06395	0.05216	-0.02878	0.05812	-0.02187	0.03813	-0.05048	-0.05909	0.13140	-0.02540	-0.02550	0.08555	0.16912	0.04156	-0.02796	-0.12166	0.16585	0.28722	-0.24254	-0.00964	0.04261	0.06273	-0.08451	0.14328	-0.10317	(And (Member $e0 win) (Past $e0) (Theme $e0 $x0))
p203443	-0.07998	0.22191	-0.06495	0.03987	0.05641	-0.09852	0.02844	0.07466	-0.01716	0.03791	0.02913	-0.02321	0.14372	-0.09389	0.00050	-0.06440	-0.08899	0.08210	-0.15763	-0.06406	0.12137	0.22549	-0.05398	-0.09515	0.18778	0.16082	-0.06863	-0.16703	-0.01106	0.05672	0.15273	-0.15374	(And (Member $x0 file) (Member $x0 missing) (Theme $e0 $x0))
p203444	0.03794	-0.06041	0.01375	0.06941	-0.04400	-0.04369	-0.07922	0.15698	-0.00133	0.00561	0.30230	-0.17040	-0.03119	-0.00651	-0.13433	-0.05989	0.06011	0.25253	-0.01565	0.02221	-0.08292	-0.00236	-0.03851	-0.00778	-0.02561	-0.02158	0.14149	0.03745	-0.01747	-0.12851	0.08998	0.15309	(And (Member $x0 gearbox) (Member $x0 seized) (Patient $e0 $x0))
p203445	-0.04927	0.00018	-0.02153	0.00212	0.06543	0.02765	-0.00581	0.00606	-0.03671	-0.05145	0.06372	-0.02953	0.11017	0.03142	-0.04302	0.00881	-0.01526	-0.01515	0.01038	0.06767	-0.02106	0.02372	0.09870	-0.03438	-0.03168	-0.06097	0.01162	0.05475	-0.01007	0.07119	-0.05675	0.00475	(And (Member $x0 new) (Member $x0 roof) (Theme $e0 $x0))
p203447	0.08919	-0.05384	-0.04288	-0.05279	0.15316	-0.03392	-0.11563	0.07882	0.09518	-0.07700	-0.10480	0.16435	-0.10361	-0.05914	0.12780	-0.10080	0.01497	-0.07051	0.04790	-0.01231	-0.02425	-0.00570	0.04948	-0.12008	0.03305	0.03175	0.15066	0.22127	-0.11893	-0.24002	0.22501	0.01560	(And (Member $x0 tender) (Possession $x0 $x1) (Theme $e0 $x0))
p203448	0.24518	-0.05328	0.08782	0.02028	0.15225	-0.01011	-0.05799	-0.07431	0.02420	0.18160	0.02896	0.12528	0.02717	0.00303	-0.07240	-0.01782	-0.04837	0.13741	-0.05928	0.10713	-0.07319	-0.01849	-0.10055	-0.12132	0.05408	-0.05899	-0.04114	-0.14254	-0.04501	0.12200	-0.02456	-0.07207	(And (Member $x0 view) (Possession $x0 free_soil_party) (Possession $x0 republican_party))
p203449	0.24518	-0.05328	0.08782	0.02028	0.15225	-0.01011	-0.05799	-0.07431	0.02420	0.18160	0.02896	0.12528	0.02717	0.00303	-0.07240	-0.01782	-0.04838	0.13741	-0.05928	0.10713	-0.07319	-0.01849	-0.10055	-0.12132	0.05408	-0.05899	-0.04114	-0.14254	-0.04501	0.12200	-0.02456	-0.07207	(And (Member $x0 view) (Possession $x0 free_soil_party) (Theme $e0 $x0))
p203450	0.24518	-0.05328	0.08782	0.02029	0.15225	-0.01011	-0.05799	-0.07431	0.02420	0.18160	0.02896	0.12528	0.02717	0.00303	-0.07240	-0.01782	-0.04838	0.13741	-0.05928	0.10713	-0.07319	-0.01849	-0.10055	-0.12132	0.05408	-0.05899	-0.04114	-0.14254	-0.04501	0.12200	-0.02456	-0.07207	(And (Member $x0 view) (Possession $x0 republican_party) (Theme $e0 $x0))
p203451	-0.00612	-0.00158	0.02544	-0.01984	0.01576	-0.04799	0.00812	-0.00698	-0.00538	-0.02477	-0.00884	-0.00877	-0.02403	0.02688	0.02942	0.01125	0.00840	-0.04052	-0.01085	0.05583	0.03942	-0.03825	0.00889	0.00905	-0.03464	0.06234	0.00301	0.00456	-0.06031	-0.02005	-0.02955	0.03475	(And (Past $e0) (Recipient $e0 $x0) (Theme $e0 $x1))
p203452	0.00880	-0.01976	0.01983	-0.00430	-0.01936	-0.00970	-0.00114	-0.00064	-0.00810	0.00656	0.01314	0.00973	0.03436	-0.01868	0.02799	-0.00446	0.04799	-0.00330	0.00120	-0.01126	0.01151	-0.02075	-0.01094	0.01540	0.00861	-0.00425	-0.02543	0.02053	-0.02366	-0.01001	-0.01258	-0.01522	(And (Patient $e0 $x0) (Time $e0 (Weekday monday)) (Time $e0 morning))
p203453	0.24518	-0.05328	0.08782	0.02029	0.15225	-0.01011	-0.05799	-0.07431	0.02420	0.18160	0.02896	0.12528	0.02717	0.00303	-0.07240	-0.01783	-0.04838	0.13741	-0.05928	0.10713	-0.07319	-0.01849	-0.10055	-0.12132	0.05408	-0.05899	-0.04114	-0.14254	-0.04501	0.12200	-0.02456	-0.07207	(And (Possession $x0 free_soil_party) (Possession $x0 republican_party) (Theme $e0 $x0))
p203611	-0.02332	-0.02432	-0.02218	0.00735	-0.00791	0.03796	0.01797	0.03206	0.02116	0.01388	-0.03279	-0.01965	0.01031	-0.00820	-0.02358	0.00390	-0.00351	0.02691	0.00379	-0.01860	0.02723	-0.02527	-0.01891	-0.00246	-0.02299	-0.01050	-0.01871	-0.02757	-0.02482	0.00929	0.00297	-0.01245	(And (Agent $e0 $x0) (Agent $e0 jica))
p203612	0.00605	-0.00113	-0.04243	0.02985	-0.00650	0.00857	0.07559	-0.01476	-0.01051	-0.00854	-0.00779	-0.02782	0.02080	0.00493	0.01664	0.00867	-0.03844	0.01325	-0.02567	-0.01312	0.00295	-0.02690	-0.00857	-0.01664	0.01223	-0.02034	0.04589	-0.02934	0.01826	0.05009	-0.00317	-0.03036	(And (Agent $e0 $x0) (GroupOf $x0 child))
p203613	-0.06848	0.00921	-0.08339	0.06010	0.01378	-0.05885	-0.02334	-0.06862	0.15860	0.08350	-0.02647	-0.05612	-0.04226	-0.09918	0.13137	-0.00438	0.05973	-0.00705	-0.03022	0.08053	0.12633	-0.01929	0.09131	-0.07592	-0.00018	-0.05939	-0.02413	-0.04014	0.17780	0.00743	0.01664	0.00518	(And (Agent $e0 $x0) (Location $e0 eskisehir))
p203614	-0.06848	0.00921	-0.08339	0.06010	0.01378	-0.05885	-0.02334	-0.06862	0.15860	0.08350	-0.02647	-0.05612	-0.04226	-0.09918	0.13137	-0.00438	0.05973	-0.00705	-0.03022	0.08053	0.12633	-0.01929	0.09131	-0.07592	-0.00018	-0.05939	-0.02413	-0.04014	0.17780	0.00743	0.01664	0.00518	(And (Agent $e0 $x0) (Location $e0 kazakhstan))
p203615	-0.10279	0.01502	-0.12495	0.09024	0.02132	-0.08796	-0.03519	-0.10283	0.23772	0.12494	-0.03979	-0.08362	-0.06336	-0.14859	0.19714	-0.00660	0.08967	-0.01251	-0.04516	0.12100	0.18917	-0.02908	0.13689	-0.11409	-0.00034	-0.08905	-0.03628	-0.06092	0.26634	0.01212	0.02536	0.00793	(And (Agent $e0 $x0) (Location $e0 turkey))
p203616	0.01383	0.04358	0.03677	-0.00829	0.00285	0.03674	-0.01856	-0.03150	0.00109	-0.02997	-0.01575	-0.00340	-0.01498	0.03901	0.02846	-0.00211	0.01274	0.01535	-0.03044	0.01360	0.02421	-0.05136	-0.01155	0.01509	-0.02513	0.02611	0.00908	0.01167	-0.04052	-0.00428	-0.02380	0.03238	(And (Agent $e0 $x0) (Member $e0 acquire))
p203617	-0.00264	-0.01474	-0.01908	0.01718	-0.00115	0.00563	-0.01304	-0.01504	0.00107	0.00409	-0.01627	-0.00057	-0.00278	0.00119	0.00353	-0.00133	-0.01174	0.01907	-0.00507	-0.01344	-0.00960	0.00521	0.00319	0.00336	0.01944	-0.00050	0.01092	-0.00557	0.01614	-0.00036	-0.00506	-0.01510	(And (Agent $e0 $x0) (Member $e0 allow))
p203618	-0.02078	-0.02169	-0.02007	0.01085	-0.00970	0.03511	0.02203	0.03023	0.01697	0.01056	-0.03024	-0.01726	0.00600	-0.00752	-0.02415	0.00119	-0.00579	0.01971	0.00104	-0.01594	0.02699	-0.02316	-0.01452	-0.00540	-0.01824	-0.01204	-0.00469	-0.02515	-0.02454	0.01242	0.00073	-0.01048	(And (Agent $e0 $x0) (Member $e0 block))
p203619	-0.04297	0.00305	-0.03982	0.01923	0.09397	-0.00613	-0.00474	0.03596	-0.07112	-0.09315	0.01939	-0.09413	0.16057	0.07173	-0.03910	0.03124	-0.00074	0.00067	0.02546	0.13003	-0.05677	-0.00774	0.12336	-0.03486	-0.03850	-0.11984	0.03493	0.13761	-0.00480	0.08357	-0.09270	0.02801	(And (Agent $e0 $x0) (Member $e0 make))
p203620	-0.02411	-0.02531	-0.02168	0.00718	-0.00927	0.03720	0.01790	0.03110	0.02242	0.01239	-0.03307	-0.01932	0.00965	-0.00780	-0.02425	0.00488	-0.00338	0.02688	0.00545	-0.01842	0.02580	-0.02674	-0.01784	-0.00289	-0.02115	-0.01013	-0.01875	-0.02659	-0.02479	0.01282	-0.00004	-0.01054	(And (Agent $e0 $x0) (Member $e0 order))
p203621	0.01384	0.04358	0.03677	-0.00829	0.00285	0.03674	-0.01856	-0.03150	0.00109	-0.02997	-0.01575	-0.00340	-0.01498	0.03901	0.02846	-0.00211	0.01274	0.01535	-0.03044	0.01360	0.02421	-0.05136	-0.01155	0.01509	-0.02513	0.02611	0.00908	0.01167	-0.04052	-0.00428	-0.02380	0.03238	(And (Agent $e0 $x0) (Member $e0 purchase))
p203622	-0.03984	0.01727	-0.03871	0.03820	0.09666	-0.00597	-0.02004	0.03151	-0.06336	-0.08196	0.02416	-0.08368	0.18203	0.05329	-0.02435	0.02043	-0.00255	-0.00301	-0.01615	0.12927	-0.06119	0.03543	0.11187	-0.03545	-0.03642	-0.11804	0.03745	0.13871	0.00290	0.04670	-0.07723	0.01411	(And (Agent $e0 $x0) (Member $e0 reach))
p203623	-0.00410	-0.01491	-0.00105	0.02302	-0.01854	0.00427	0.00297	0.01509	-0.00647	-0.01140	-0.03029	-0.00692	0.03521	0.00242	-0.00037	0.00438	0.02515	0.00758	0.01040	-0.00399	-0.02667	-0.02904	-0.01135	-0.01097	0.03677	-0.01377	-0.01209	0.01143	-0.02221	0.02506	-0.03584	0.05257	(And (Agent $e0 $x0) (Member $e0 sign))
p203624	0.07786	-0.05057	-0.09776	0.06644	-0.04989	0.05341	0.09960	0.02485	-0.12943	-0.08785	-0.04237	0.03871	-0.04808	0.08392	0.06478	-0.04125	0.06533	0.04368	0.12296	-0.00084	-0.08986	0.08092	0.05701	0.03513	0.00307	0.05138	-0.07602	-0.02156	0.07401	0.03587	0.02992	-0.08368	(And (Agent $e0 $x0) (Member $e0 sing))
p203625	-0.01702	-0.02188	-0.00882	0.00030	-0.01482	0.02541	0.00603	0.02261	0.01775	-0.00437	-0.03391	-0.00231	-0.00250	-0.00623	-0.01324	-0.00000	-0.00228	0.00815	0.00653	-0.01543	-0.00151	-0.02700	-0.00077	-0.01819	0.01842	0.00514	-0.01178	-0.01575	-0.03037	0.02996	-0.01758	0.02419	(And (Agent $e0 $x0) (Member $x0 airline))
p203626	-0.04485	-0.07006	-0.05892	-0.02163	0.07171	-0.10458	-0.03262	0.05853	-0.07085	0.12242	-0.02269	-0.04483	-0.06891	0.16174	-0.00677	-0.02570	0.02856	0.04782	-0.03409	-0.03526	0.09921	-0.06795	0.15757	0.13509	0.10228	0.07168	0.00665	-0.02113	-0.10020	-0.07816	-0.05737	-0.04370	(And (Agent $e0 $x0) (Member $x0 biologist))
p203627	-0.01296	0.10818	0.16382	-0.11825	0.00899	0.13610	-0.04538	-0.11981	-0.08046	-0.03268	-0.07220	-0.06151	-0.00976	0.20154	0.24861	-0.05655	-0.11202	0.09041	-0.05621	-0.01172	0.07729	-0.05942	-0.00942	-0.09261	-0.03452	-0.04556	-0.00903	0.03378	-0.07191	-0.07574	0.10593	0.05838	(And (Agent $e0 $x0) (Member $x0 chef))
p203628	-0.02120	-0.01554	0.01335	0.01518	-0.00358	0.02574	-0.00105	0.01832	0.01229	0.00932	-0.03283	0.01082	-0.00645	-0.01788	-0.02107	0.00701	-0.00616	-0.00104	0.00039	-0.03123	0.00865	-0.01846	0.00978	-0.01404	-0.01757	0.02785	-0.02228	-0.03962	-0.04026	0.00189	0.02836	-0.01300	(And (Agent $e0 $x0) (Member $x0 clerk))
p203629	-0.04927	0.00018	-0.02153	0.00212	0.06543	0.02765	-0.00581	0.00606	-0.03671	-0.05145	0.06372	-0.02953	0.11017	0.03142	-0.04302	0.00881	-0.01526	-0.01515	0.01038	0.06767	-0.02107	0.02372	0.09870	-0.03438	-0.03168	-0.06097	0.01162	0.05475	-0.01007	0.07119	-0.05675	0.00475	(And (Agent $e0 $x0) (Member $x0 committee))
p203630	-0.13692	0.01847	-0.16673	0.12024	0.02761	-0.11765	-0.04662	-0.13720	0.31724	0.16706	-0.05289	-0.11221	-0.08447	-0.19834	0.26278	-0.00874	0.11950	-0.01407	-0.06039	0.16110	0.25268	-0.03854	0.18266	-0.15182	-0.00031	-0.11870	-0.04820	-0.08028	0.35561	0.01491	0.03334	0.01041	(And (Agent $e0 $x0) (Member $x0 company))
p203631	0.01229	-0.02072	0.03879	-0.03991	-0.05121	-0.00235	-0.01806	0.00913	0.00146	-0.05750	-0.04251	0.04745	-0.04632	-0.00038	0.02222	-0.01864	-0.00740	-0.04248	0.02917	-0.02009	-0.07580	-0.05174	0.05377	-0.08264	0.19868	0.08912	0.00939	0.00849	-0.06724	0.10429	-0.07691	0.16995	(And (Agent $e0 $x0) (Member $x0 council))
p203632	0.00080	-0.01792	-0.01789	0.01403	0.00022	0.00223	-0.00679	-0.01607	-0.00335	-0.00660	-0.01881	-0.00153	0.01743	-0.00012	0.00622	0.00081	-0.00503	0.02913	-0.00556	-0.01449	-0.00302	-0.00345	-0.00134	-0.00169	0.01550	-0.00206	-0.00551	-0.00350	0.01936	0.00494	-0.00316	-0.01842	(And (Agent $e0 $x0) (Member $x0 delegation))
p203633	-0.08058	-0.07293	0.14379	-0.08235	0.04704	-0.06232	-0.09811	0.02915	0.09198	-0.09414	0.00643	-0.12394	-0.03945	-0.12099	0.13330	0.05562	-0.04410	0.07760	0.09694	-0.00211	-0.04560	0.10279	-0.00528	0.13719	-0.05185	-0.01290	0.06777	0.01077	-0.00301	0.17615	-0.09915	-0.01227	(And (Agent $e0 $x0) (Member $x0 diver))
p203634	-0.02251	-0.02332	-0.02045	0.00704	-0.00626	0.03601	0.01368	0.03192	0.02102	0.01179	-0.03229	-0.01607	0.00710	-0.00854	-0.02217	0.00270	-0.00280	0.02381	0.00243	-0.01694	0.02411	-0.02211	-0.01547	-0.00357	-0.02142	-0.00936	-0.01734	-0.02459	-0.02490	0.00726	0.00200	-0.00992	(And (Agent $e0 $x0) (Member $x0 editor))
p203635	-0.00252	-0.00979	-0.00828	0.03667	-0.02070	0.00595	-0.00557	0.03724	-0.00623	-0.00949	-0.03736	-0.02137	0.07993	-0.00237	0.01012	0.00602	0.03373	0.01410	-0.01116	0.01010	-0.02913	-0.01085	-0.01363	-0.00918	0.02022	-0.03884	-0.00948	0.04730	-0.02415	0.00377	-0.03387	0.02592	(And (Agent $e0 $x0) (Member $x0 fire))
p203636	0.08919	-0.05384	-0.04288	-0.05279	0.15316	-0.03392	-0.11563	0.07882	0.09518	-0.07700	-0.10480	0.16435	-0.10361	-0.05914	0.12780	-0.10080	0.01497	-0.07051	0.04790	-0.01231	-0.02425	-0.00570	0.04948	-0.12008	0.03306	0.03174	0.15066	0.22127	-0.11893	-0.24002	0.22501	0.01560	(And (Agent $e0 $x0) (Member $x0 firm))
p203637	-0.00251	-0.00978	-0.00834	0.03659	-0.02055	0.00621	-0.00572	0.03667	-0.00616	-0.00925	-0.03706	-0.02095	0.07943	-0.00243	0.00981	0.00585	0.03338	0.01397	-0.01128	0.00987	-0.02886	-0.01015	-0.01358	-0.00902	0.01947	-0.03876	-0.00936	0.04718	-0.02358	0.00331	-0.03339	0.02533	(And (Agent $e0 $x0) (Member $x0 flood))
p203638	-0.02332	-0.02432	-0.02218	0.00735	-0.00791	0.03796	0.01797	0.03206	0.02116	0.01388	-0.03279	-0.01965	0.01031	-0.00820	-0.02358	0.00390	-0.00351	0.02691	0.00379	-0.01860	0.02723	-0.02527	-0.01891	-0.00246	-0.02299	-0.01050	-0.01871	-0.02757	-0.02482	0.00929	0.00297	-0.01245	(And (Agent $e0 $x0) (Member $x0 government))
p203639	-0.07998	0.22191	-0.06495	0.03987	0.05641	-0.09852	0.02844	0.07466	-0.01716	0.03791	0.02914	-0.02321	0.14372	-0.09389	0.00050	-0.06440	-0.08898	0.08210	-0.15763	-0.06406	0.12137	0.22550	-0.05398	-0.09515	0.18779	0.16082	-0.06863	-0.16703	-0.01106	0.05672	0.15273	-0.15374	(And (Agent $e0 $x0) (Member $x0 intern))
p203640	0.03794	-0.06041	0.01375	0.06941	-0.04400	-0.04369	-0.07922	0.15698	-0.00133	0.00561	0.30230	-0.17040	-0.03119	-0.00651	-0.13433	-0.05989	0.06011	0.25253	-0.01565	0.02221	-0.08292	-0.00236	-0.03851	-0.00778	-0.02561	-0.02158	0.14149	0.03745	-0.01747	-0.12851	0.08998	0.15309	(And (Agent $e0 $x0) (Member $x0 mechanic))
p203641	-0.02222	-0.02309	-0.02024	0.00714	-0.00614	0.03572	0.01317	0.03203	0.02085	0.01148	-0.03217	-0.01571	0.00677	-0.00860	-0.02192	0.00259	-0.00272	0.02352	0.00211	-0.01667	0.02344	-0.02165	-0.01510	-0.00369	-0.02108	-0.00937	-0.01711	-0.02414	-0.02481	0.00708	0.00187	-0.00969	(And (Agent $e0 $x0) (Member $x0 panel))
p203642	-0.02093	-0.01532	0.01347	0.01538	-0.00352	0.02560	-0.00141	0.01829	0.01228	0.00908	-0.03264	0.01105	-0.00664	-0.01791	-0.02090	0.00695	-0.00615	-0.00120	0.00002	-0.03098	0.00815	-0.01796	0.01007	-0.01414	-0.01717	0.02751	-0.02209	-0.03921	-0.04010	0.00173	0.02826	-0.01290	(And (Agent $e0 $x0) (Member $x0 pilot))
p203643	-0.01451	-0.02617	-0.01387	0.00210	0.00812	0.02903	-0.00945	0.02904	0.02970	0.00579	-0.03863	0.02422	-0.01248	-0.01217	-0.01665	-0.01723	0.00089	-0.00082	0.00768	-0.01798	0.02676	-0.01767	-0.01230	-0.01315	-0.01577	-0.00050	-0.00256	-0.01308	-0.03411	-0.02381	0.02246	-0.00517	(And (Agent $e0 $x0) (Member $x0 rescue_team))
p203644	0.01683	0.04059	0.00901	0.10421	-0.06005	0.19321	-0.10643	-0.04765	0.01177	0.20887	-0.04233	0.15673	0.15367	-0.13796	0.18151	-0.04410	-0.06329	-0.18521	-0.12651	0.01770	-0.13054	0.20827	-0.10041	0.06665	-0.04683	0.02454	0.16343	-0.07116	-0.02719	-0.21944	-0.02725	0.06774	(And (Agent $e0 $x0) (Theme $e1 $e0))
p203645	0.00081	-0.01791	-0.01789	0.01404	0.00023	0.00224	-0.00679	-0.01606	-0.00335	-0.00659	-0.01880	-0.00152	0.01744	-0.00011	0.00623	0.00082	-0.00502	0.02914	-0.00555	-0.01448	-0.00301	-0.00344	-0.00133	-0.00168	0.01551	-0.00206	-0.00550	-0.00349	0.01937	0.00495	-0.00315	-0.01842	(And (Agent $e0 $x0) (Time $e0 (Weekday thursday)))
p203646	-0.02332	-0.02432	-0.02218	0.00735	-0.00791	0.03796	0.01797	0.03206	0.02116	0.01388	-0.03279	-0.01965	0.01031	-0.00820	-0.02358	0.00390	-0.00351	0.02691	0.00379	-0.01860	0.02723	-0.02527	-0.01891	-0.00246	-0.02299	-0.01050	-0.01871	-0.02757	-0.02482	0.00929	0.00297	-0.01245	(And (Agent $e0 jica) (Theme $e0 $x0))
p203647	-0.01949	-0.00799	0.02277	-0.01329	-0.01381	-0.02739	0.03598	0.03695	-0.00110	-0.00478	-0.00171	-0.02307	-0.00307	-0.00577	-0.01735	-0.01139	0.01630	-0.03020	-0.00010	0.06847	0.01400	-0.02424	0.00085	-0.00353	-0.01706	0.03137	0.02207	0.00121	-0.05366	-0.00084	-0.02619	0.02349	(And (Before $e0 $e1) (Theme $e1 $x0))
p203648	0.08032	-0.07296	0.10199	-0.06216	-0.00763	-0.04071	0.01203	-0.02138	-0.04027	0.02124	0.06460	0.05143	0.11037	-0.08058	0.07054	-0.04612	0.15691	-0.04190	0.09732	-0.05734	0.14856	-0.09530	-0.02617	0.06170	-0.02595	0.11496	-0.07575	-0.05366	-0.10431	-0.07261	0.01153	-0.04210	(And (Before $x0 $e0) (Member $x0 lunch))
p203649	0.08032	-0.07296	0.10199	-0.06216	-0.00763	-0.04071	0.01203	-0.02138	-0.04027	0.02124	0.06460	0.05143	0.11037	-0.08058	0.07054	-0.04612	0.15691	-0.04190	0.09732	-0.05734	0.14856	-0.09530	-0.02617	0.06170	-0.02595	0.11496	-0.07575	-0.05366	-0.10431	-0.07261	0.01153	-0.04210	(And (Before $x0 $e0) (Patient $e0 $x1))
p203650	-0.02432	0.01396	0.00363	-0.02146	-0.01722	-0.02491	-0.03105	-0.00715	-0.00264	0.00867	0.01696	0.00634	-0.02081	0.00219	-0.00952	-0.01158	-0.02679	-0.01785	-0.02776	0.03662	-0.01268	0.04650	0.00357	0.01401	-0.02981	0.05884	0.00860	-0.01027	0.02673	-0.02040	0.00651	-0.00380	(And (But $e0 $e1) (Past $e0))
p203651	-0.02432	0.01396	0.00363	-0.02146	-0.01722	-0.02491	-0.03105	-0.00715	-0.00264	0.00867	0.01696	0.00634	-0.02081	0.00219	-0.00952	-0.01158	-0.02679	-0.01785	-0.02776	0.03662	-0.01268	0.04650	0.00357	0.01401	-0.02981	0.05884	0.00860	-0.01027	0.02673	-0.02040	0.00651	-0.00380	(And (But $e0 $e1) (Past $e1))
p203652	-0.03145	-0.02511	0.07024	-0.05201	0.11306	0.10048	0.11172	0.08400	-0.03614	0.10690	0.01830	-0.07048	-0.03061	-0.12065	0.04478	0.07622	0.02235	0.04000	-0.03603	-0.04174	-0.06112	-0.01136	-0.02582	-0.04422	0.03564	0.11448	-0.04832	0.11026	0.21860	-0.08757	-0.10045	0.04127	(And (Can $e0) (Manner $e0 $x0))
p203653	-0.03145	-0.02511	0.07024	-0.05201	0.11306	0.10048	0.11173	0.08400	-0.03614	0.10690	0.01830	-0.07048	-0.03061	-0.12065	0.04478	0.07622	0.02235	0.04000	-0.03603	-0.04174	-0.06112	-0.01136	-0.02582	-0.04422	0.03564	0.11448	-0.04832	0.11026	0.21860	-0.08757	-0.10045	0.04127	(And (Can $e0) (Member $e0 define))
p203654	-0.03145	-0.02511	0.07024	-0.05201	0.11306	0.10048	0.11173	0.08400	-0.03614	0.10690	0.01830	-0.07048	-0.03061	-0.12065	0.04478	0.07622	0.02235	0.04000	-0.03603	-0.04174	-0.06112	-0.01136	-0.02582	-0.04422	0.03564	0.11448	-0.04832	0.11026	0.21860	-0.08757	-0.10045	0.04127	(And (Cardinality $x0 <num>) (Manner $e0 $x0))
p203655	0.01236	0.05958	-0.00251	0.00386	0.00482	0.00824	-0.00446	0.00345	-0.00485	0.04291	0.00345	-0.00583	-0.01378	-0.01022	-0.01250	-0.00129	-0.00391	-0.03084	0.06635	0.00475	-0.01444	-0.00249	-0.00899	-0.00743	-0.01175	-0.01730	0.01123	-0.03116	0.00583	-0.01752	0.00592	0.00472	(And (Experiencer $e0 $x0) (Member $e0 locate))
p203656	-0.01984	0.03449	-0.00842	-0.01427	-0.01326	-0.01788	-0.02829	0.02478	-0.01614	-0.00540	-0.01300	0.00801	-0.02594	0.01204	-0.02450	-0.00664	0.00036	-0.03870	0.05589	0.04498	-0.02680	0.02268	0.01272	0.00496	-0.03651	0.03862	-0.01122	-0.00781	0.03496	-0.02037	-0.00676	0.02717	(And (Experiencer $e0 $x0) (Member $x0 person))
p203658	0.00185	0.25155	0.01135	0.02148	0.04356	0.02444	-0.00441	0.08846	-0.03324	0.08605	0.01373	-0.02722	-0.01370	-0.00456	-0.08409	0.00409	0.02396	-0.12459	0.26437	0.06403	-0.06061	-0.02247	-0.02831	-0.05651	-0.04838	-0.07322	-0.02450	-0.07145	-0.03378	-0.02726	-0.00008	0.10672	(And (Experiencer $e0 $x0) (Stimulus $e0 $e1))
p203659	0.01716	-0.02722	0.00484	-0.00105	-0.08217	0.14862	0.01231	-0.06395	0.05216	-0.02878	0.05812	-0.02187	0.03813	-0.05048	-0.05909	0.13140	-0.02540	-0.02550	0.08555	0.16912	0.04156	-0.02796	-0.12166	0.16585	0.28722	-0.24254	-0.00964	0.04261	0.06273	-0.08451	0.14328	-0.10317	(And (For $e0 $e1) (Member $e0 win))
p203660	0.01716	-0.02722	0.00484	-0.00105	-0.08217	0.14862	0.01231	-0.06395	0.05216	-0.02878	0.05812	-0.02187	0.03813	-0.05048	-0.05909	0.13140	-0.02540	-0.02550	0.08554	0.16912	0.04156	-0.02796	-0.12166	0.16585	0.28722	-0.24254	-0.00964	0.04261	0.06273	-0.08451	0.14328	-0.10317	(And (For $e0 $e1) (Member $e1 portray))
p203661	0.01716	-0.02722	0.00484	-0.00105	-0.08217	0.14862	0.01231	-0.06395	0.05216	-0.02878	0.05812	-0.02187	0.03813	-0.05048	-0.05909	0.13140	-0.02540	-0.02550	0.08555	0.16912	0.04156	-0.02796	-0.12166	0.16585	0.28722	-0.24254	-0.00964	0.04261	0.06273	-0.08451	0.14328	-0.10317	(And (For $e0 $e1) (Theme $e0 $x0))
p203662	0.07382	-0.06690	0.09089	-0.05664	-0.01507	-0.03555	0.01623	-0.02326	-0.03478	0.01965	0.05770	0.03394	0.09178	-0.06909	0.06669	-0.04210	0.10843	-0.02987	0.08560	-0.05165	0.13285	-0.08456	-0.02001	0.05181	-0.02345	0.09941	-0.06040	-0.04328	-0.08805	-0.06087	0.01333	-0.03531	(And (Future $e0) (Time $e0 (Month september)))
p203663	0.12419	0.01159	-0.07201	-0.02807	-0.00508	-0.02497	0.33118	-0.07505	-0.05889	-0.02623	0.06576	-0.11044	0.01859	-0.04796	0.14234	-0.04079	-0.14054	-0.03038	-0.04166	-0.00970	0.09355	-0.11049	0.03197	-0.08228	0.03027	0.03611	0.27141	-0.10645	-0.07730	0.09927	0.07018	-0.06630	(And (GroupOf $x0 child) (Theme $e0 $x0))
p203664	-0.02239	-0.02335	-0.01974	0.00781	-0.00671	0.03451	0.01292	0.03160	0.02148	0.01020	-0.03225	-0.01569	0.00724	-0.00836	-0.02209	0.00327	-0.00242	0.02346	0.00274	-0.01582	0.02189	-0.02249	-0.01439	-0.00402	-0.01932	-0.00975	-0.01694	-0.02285	-0.02476	0.00892	-0.00042	-0.00808	(And (GroupOf $x0 sample) (Theme $e0 $x0))
p203665	-0.03145	-0.02511	0.07024	-0.05201	0.11306	0.10048	0.11173	0.08400	-0.03614	0.10690	0.01830	-0.07048	-0.03061	-0.12065	0.04478	0.07622	0.02235	0.04000	-0.03603	-0.04174	-0.06112	-0.01136	-0.02582	-0.04422	0.03564	0.11448	-0.04832	0.11026	0.21860	-0.08757	-0.10045	0.04127	(And (GroupOf $x0 sequence) (Theme $e0 $x0))
p203666	0.00702	0.00074	0.00137	0.00554	0.01103	-0.00088	0.06391	-0.00299	0.02522	-0.00131	-0.00074	-0.01799	-0.00461	0.00256	-0.00790	-0.01576	0.00467	-0.01717	-0.01136	0.00894	-0.00191	-0.00685	-0.00654	-0.01734	0.00468	-0.01496	0.02469	-0.01751	-0.03256	0.00057	0.00742	-0.00361	(And (Holder $e0 $x0) (Member $e0 have))
p203667	-0.02449	0.00508	0.04413	0.01769	0.02046	0.01100	0.04893	-0.01301	0.06342	0.00506	-0.01245	-0.00315	-0.01677	0.07787	-0.06945	-0.02381	0.08328	-0.03619	-0.02643	0.01749	-0.03808	0.07099	-0.02956	-0.02766	0.00918	-0.04855	-0.00698	-0.00097	-0.04844	-0.01414	-0.00483	0.01162	(And (Holder $e0 $x0) (Member $x0 permit))
p203668	-0.04846	0.00631	0.09406	0.03274	0.03471	0.03348	0.09682	-0.06131	0.15755	0.02490	-0.01956	0.00482	-0.03754	0.18095	-0.15100	-0.05272	0.18560	-0.06780	-0.05661	0.01426	-0.08137	0.17794	-0.06055	-0.06910	0.03980	-0.08832	0.01286	-0.00404	-0.08153	-0.03670	0.00100	0.01892	(And (Holder $e0 $x0) (Member $x0 recipe))
p203669	0.12419	0.01159	-0.07201	-0.02807	-0.00508	-0.02497	0.33118	-0.07505	-0.05889	-0.02623	0.06576	-0.11044	0.01859	-0.04796	0.14234	-0.04079	-0.14054	-0.03038	-0.04166	-0.00970	0.09355	-0.11049	0.03197	-0.08228	0.03027	0.03611	0.27141	-0.10645	-0.07730	0.09927	0.07018	-0.06630	(And (Holder $e0 kristoffer) (Member $e0 have))
p203670	0.12419	0.01159	-0.07201	-0.02807	-0.00508	-0.02497	0.33118	-0.07505	-0.05889	-0.02623	0.06576	-0.11044	0.01859	-0.04796	0.14234	-0.04079	-0.14054	-0.03038	-0.04166	-0.00970	0.09355	-0.11049	0.03197	-0.08228	0.03027	0.03611	0.27141	-0.10645	-0.07730	0.09927	0.07018	-0.06630	(And (Holder $e0 kristoffer) (Theme $e0 $x0))
p203671	-0.08026	-0.07330	0.14606	-0.08320	0.04625	-0.06503	-0.09703	0.02724	0.09196	-0.09278	0.00735	-0.12277	-0.03807	-0.12264	0.13484	0.05251	-0.04511	0.07741	0.09946	-0.00388	-0.03905	0.10045	-0.00661	0.13958	-0.05068	-0.00872	0.06733	0.00862	-0.00415	0.17222	-0.09661	-0.01443	(And (Location $e0 $x0) (Member $e0 discover))
p203672	0.00426	0.21430	0.00955	0.01879	0.04065	0.02071	-0.00535	0.07583	-0.02988	0.07374	0.01251	-0.02456	-0.01453	-0.00377	-0.07155	0.00333	0.02239	-0.10837	0.22921	0.05604	-0.05330	-0.02198	-0.02448	-0.04669	-0.04300	-0.06430	-0.01892	-0.06180	-0.02898	-0.02597	-0.00150	0.09358	(And (Location $e0 $x0) (Member $e0 error))
p203673	0.01236	0.05958	-0.00251	0.00386	0.00482	0.00824	-0.00446	0.00345	-0.00485	0.04291	0.00345	-0.00583	-0.01378	-0.01022	-0.01250	-0.00129	-0.00391	-0.03084	0.06635	0.00475	-0.01445	-0.00249	-0.00899	-0.00743	-0.01175	-0.01730	0.01123	-0.03116	0.00583	-0.01752	0.00592	0.00472	(And (Location $e0 $x0) (Member $e0 locate))
p203674	-0.05815	-0.09119	-0.07602	-0.02633	0.09057	-0.13309	-0.03994	0.06704	-0.09080	0.15973	-0.02864	-0.05896	-0.08735	0.20646	-0.00267	-0.03124	0.03002	0.06350	-0.03841	-0.04675	0.13260	-0.08820	0.20038	0.17458	0.12273	0.09007	0.01039	-0.02726	-0.12626	-0.10162	-0.07296	-0.05759	(And (Location $e0 $x0) (Member $x0 survey))
p203675	-0.03427	-0.02237	0.02395	-0.03496	0.02995	-0.05515	-0.04262	0.03614	-0.00100	0.03177	0.00574	-0.04757	-0.04369	0.02071	0.02499	0.00066	0.00302	0.02035	0.03493	-0.01238	0.01461	0.00539	0.06013	0.08837	0.02856	0.02260	0.02230	-0.01594	-0.03982	0.01781	-0.04900	-0.01725	(And (Location $e0 $x0) (Might $e0))
p203676	0.01943	0.04115	0.01869	0.09028	-0.15404	0.25687	0.00475	-0.09236	0.00741	0.32637	-0.05491	0.20028	0.13521	-0.15176	0.11881	-0.05037	-0.10825	-0.24691	-0.17193	-0.05942	-0.16710	0.19758	-0.15065	0.12216	-0.07934	0.05010	0.26964	-0.22224	-0.03804	-0.14189	0.00983	0.15476	(And (Location $e0 $x0) (Patient $e0 $x1))
p203677	0.00184	0.25155	0.01135	0.02148	0.04355	0.02444	-0.00441	0.08846	-0.03324	0.08605	0.01373	-0.02722	-0.01370	-0.00456	-0.08409	0.00409	0.02396	-0.12459	0.26437	0.06403	-0.06061	-0.02247	-0.02832	-0.05651	-0.04838	-0.07322	-0.02450	-0.07145	-0.03378	-0.02726	-0.00008	0.10672	(And (Location $e0 $x0) (Stimulus $e1 $e0))
p203678	-0.06848	0.00921	-0.08339	0.06010	0.01378	-0.05885	-0.02334	-0.06862	0.15860	0.08350	-0.02647	-0.05612	-0.04226	-0.09918	0.13137	-0.00438	0.05973	-0.00705	-0.03022	0.08053	0.12633	-0.01929	0.09131	-0.07592	-0.00018	-0.05939	-0.02413	-0.04014	0.17780	0.00743	0.01664	0.00518	(And (Location $e0 eskisehir) (Location $e0 turkey))
p203679	-0.06848	0.00921	-0.08339	0.06010	0.01378	-0.05885	-0.02334	-0.06862	0.15860	0.08350	-0.02647	-0.05612	-0.04226	-0.09918	0.13137	-0.00438	0.05973	-0.00705	-0.03022	0.08053	0.12633	-0.01929	0.09131	-0.07592	-0.00018	-0.05939	-0.02413	-0.04014	0.17780	0.00743	0.01664	0.00518	(And (Location $e0 eskisehir) (Member $e0 build))
p203680	-0.06848	0.00921	-0.08339	0.06010	0.01378	-0.05885	-0.02334	-0.06862	0.15860	0.08350	-0.02647	-0.05612	-0.04226	-0.09918	0.13137	-0.00438	0.05973	-0.00705	-0.03022	0.08053	0.12633	-0.01929	0.09131	-0.07592	-0.00018	-0.05939	-0.02413	-0.04014	0.17780	0.00743	0.01664	0.00518	(And (Location $e0 eskisehir) (Past $e0))
p203681	-0.06848	0.00921	-0.08339	0.06010	0.01378	-0.05885	-0.02334	-0.06862	0.15860	0.08350	-0.02647	-0.05612	-0.04226	-0.09918	0.13137	-0.00438	0.05973	-0.00705	-0.03022	0.08053	0.12633	-0.01929	0.09131	-0.07592	-0.00018	-0.05939	-0.02413	-0.04014	0.17780	0.00743	0.01664	0.00518	(And (Location $e0 eskisehir) (Patient $e0 $x0))
p203682	-0.05378	0.02394	0.02557	-0.03124	-0.01537	-0.06009	-0.04099	0.05712	-0.01446	-0.02626	0.00428	-0.00752	-0.02771	-0.00466	-0.02983	-0.02257	-0.01067	-0.05068	0.01402	0.12684	-0.02235	0.04764	0.01804	0.01070	-0.05034	0.10452	-0.01196	-0.00904	0.00155	-0.01963	-0.02635	0.03878	(And (Location $e0 japan) (Past $e0))
p203683	-0.06848	0.00921	-0.08339	0.06010	0.01378	-0.05885	-0.02334	-0.06862	0.15860	0.08350	-0.02646	-0.05612	-0.04226	-0.09918	0.13137	-0.00438	0.05973	-0.00705	-0.03022	0.08053	0.12633	-0.01929	0.09131	-0.07592	-0.00018	-0.05939	-0.02413	-0.04014	0.17780	0.00743	0.01664	0.00518	(And (Location $e0 kazakhstan) (Member $e0 build))
p203684	-0.06848	0.00921	-0.08339	0.06010	0.01378	-0.05885	-0.02334	-0.06862	0.15860	0.08350	-0.02647	-0.05612	-0.04226	-0.09918	0.13137	-0.00438	0.05973	-0.00705	-0.03022	0.08053	0.12633	-0.01929	0.09131	-0.07592	-0.00018	-0.05939	-0.02413	-0.04014	0.17780	0.00743	0.01664	0.00518	(And (Location $e0 kazakhstan) (Past $e0))
p203685	-0.06848	0.00921	-0.08339	0.06010	0.01378	-0.05885	-0.02334	-0.06863	0.15860	0.08350	-0.02646	-0.05612	-0.04226	-0.09918	0.13137	-0.00438	0.05973	-0.00705	-0.03022	0.08053	0.12633	-0.01929	0.09131	-0.07592	-0.00018	-0.05939	-0.02413	-0.04014	0.17780	0.00743	0.01664	0.00518	(And (Location $e0 kazakhstan) (Patient $e0 $x0))
p203686	-0.10279	0.01502	-0.12495	0.09024	0.02132	-0.08796	-0.03519	-0.10283	0.23772	0.12494	-0.03979	-0.08362	-0.06336	-0.14859	0.19714	-0.00660	0.08967	-0.01251	-0.04516	0.12100	0.18917	-0.02908	0.13690	-0.11409	-0.00034	-0.08905	-0.03628	-0.06092	0.26634	0.01212	0.02536	0.00793	(And (Location $e0 turkey) (Member $e0 build))
p203687	-0.10279	0.01502	-0.12495	0.09024	0.02132	-0.08796	-0.03519	-0.10283	0.23772	0.12494	-0.03979	-0.08362	-0.06336	-0.14859	0.19714	-0.00660	0.08967	-0.01251	-0.04516	0.12100	0.18917	-0.02908	0.13690	-0.11409	-0.00034	-0.08905	-0.03628	-0.06092	0.26634	0.01212	0.02536	0.00793	(And (Location $e0 turkey) (Past $e0))
p203688	-0.10279	0.01502	-0.12495	0.09024	0.02132	-0.08796	-0.03519	-0.10283	0.23772	0.12494	-0.03979	-0.08362	-0.06336	-0.14859	0.19714	-0.00660	0.08967	-0.01251	-0.04516	0.12100	0.18917	-0.02908	0.13690	-0.11409	-0.00034	-0.08905	-0.03628	-0.06092	0.26634	0.01212	0.02536	0.00793	(And (Location $e0 turkey) (Patient $e0 $x0))
p203689	-0.03145	-0.02511	0.07024	-0.05201	0.11306	0.10048	0.11172	0.08400	-0.03614	0.10690	0.01830	-0.07048	-0.03061	-0.12065	0.04478	0.07622	0.02235	0.04000	-0.03603	-0.04174	-0.06112	-0.01136	-0.02582	-0.04422	0.03564	0.11448	-0.04832	0.11026	0.21860	-0.08757	-0.10045	0.04127	(And (Manner $e0 $x0) (Member $e0 define))
p203690	-0.03145	-0.02511	0.07024	-0.05201	0.11306	0.10048	0.11172	0.08400	-0.03614	0.10690	0.01830	-0.07048	-0.03061	-0.12065	0.04478	0.07622	0.02235	0.04000	-0.03603	-0.04174	-0.06112	-0.01136	-0.02582	-0.04422	0.03564	0.11448	-0.04832	0.11026	0.21860	-0.08757	-0.10045	0.04127	(And (Manner $e0 $x0) (Theme $e0 $x1))
p203691	0.01383	0.04358	0.03677	-0.00829	0.00285	0.03674	-0.01856	-0.03150	0.00109	-0.02997	-0.01575	-0.00340	-0.01498	0.03901	0.02846	-0.00211	0.01274	0.01535	-0.03044	0.01360	0.02421	-0.05136	-0.01155	0.01509	-0.02513	0.02611	0.00908	0.01167	-0.04052	-0.00428	-0.02380	0.03238	(And (Member $e0 acquire) (Past $e0))
p203692	0.01383	0.04358	0.03677	-0.00829	0.00285	0.03674	-0.01856	-0.03150	0.00109	-0.02997	-0.01575	-0.00340	-0.01498	0.03901	0.02846	-0.00211	0.01274	0.01535	-0.03044	0.01360	0.02421	-0.05136	-0.01155	0.01509	-0.02513	0.02611	0.00908	0.01167	-0.04052	-0.00428	-0.02380	0.03238	(And (Member $e0 acquire) (Theme $e0 $x0))
p203693	-0.01298	0.10030	-0.00218	-0.00686	-0.05908	0.01836	0.02632	0.01276	-0.02109	0.06479	-0.01889	-0.01493	0.01265	0.03630	-0.04914	0.00846	-0.03099	-0.03783	0.10309	0.00423	-0.03064	0.00727	-0.00606	-0.05475	-0.01826	-0.06742	-0.00889	0.05563	-0.02494	0.06641	0.03579	0.00478	(And (Member $e0 become) (Past $e0))
p203694	-0.01298	0.10031	-0.00218	-0.00686	-0.05908	0.01836	0.02632	0.01276	-0.02109	0.06479	-0.01889	-0.01493	0.01265	0.03630	-0.04914	0.00846	-0.03099	-0.03783	0.10309	0.00423	-0.03064	0.00727	-0.00606	-0.05475	-0.01826	-0.06742	-0.00889	0.05563	-0.02494	0.06641	0.03579	0.00478	(And (Member $e0 become) (Result $e0 $e1))
p203695	-0.02078	-0.02169	-0.02007	0.01085	-0.00970	0.03511	0.02204	0.03023	0.01697	0.01056	-0.03024	-0.01726	0.00600	-0.00752	-0.02414	0.00119	-0.00579	0.01971	0.00104	-0.01594	0.02699	-0.02316	-0.01452	-0.00540	-0.01824	-0.01204	-0.00469	-0.02515	-0.02454	0.01242	0.00073	-0.01048	(And (Member $e0 block) (Theme $e0 $x0))
p203696	0.04556	-0.04580	0.05929	-0.03301	-0.01490	-0.02492	0.00783	-0.01071	-0.02410	0.01247	0.03736	0.02418	0.06933	-0.04792	0.05037	-0.02512	0.09332	-0.01936	0.04631	-0.03395	0.07645	-0.05787	-0.01701	0.03654	-0.00924	0.05436	-0.04732	-0.01584	-0.06221	-0.03843	0.00052	-0.02767	(And (Member $e0 commence) (Patient $e0 $x0))
p203697	-0.04298	0.00305	-0.03982	0.01923	0.09397	-0.00613	-0.00474	0.03595	-0.07113	-0.09315	0.01938	-0.09413	0.16056	0.07173	-0.03910	0.03124	-0.00074	0.00067	0.02546	0.13004	-0.05677	-0.00774	0.12335	-0.03486	-0.03851	-0.11984	0.03493	0.13761	-0.00481	0.08357	-0.09270	0.02801	(And (Member $e0 decision) (Patient $e1 $e0))
p203698	-0.03984	0.01727	-0.03871	0.03821	0.09666	-0.00597	-0.02004	0.03151	-0.06336	-0.08196	0.02416	-0.08368	0.18203	0.05329	-0.02435	0.02043	-0.00255	-0.00301	-0.01615	0.12927	-0.06119	0.03543	0.11187	-0.03545	-0.03643	-0.11804	0.03745	0.13871	0.00290	0.04670	-0.07723	0.01411	(And (Member $e0 decision) (Theme $e1 $e0))
p203699	-0.03145	-0.02511	0.07024	-0.05201	0.11306	0.10048	0.11173	0.08400	-0.03614	0.10690	0.01830	-0.07048	-0.03061	-0.12065	0.04478	0.07622	0.02235	0.04000	-0.03603	-0.04174	-0.06112	-0.01136	-0.02582	-0.04422	0.03564	0.11448	-0.04832	0.11026	0.21860	-0.08757	-0.10045	0.04127	(And (Member $e0 define) (Theme $e0 $x0))
p203700	-0.04466	-0.05549	0.00695	-0.04427	-0.11285	-0.02051	0.00313	-0.01439	-0.02142	0.07173	-0.02133	0.01908	-0.00117	0.03736	-0.03171	0.00709	-0.01815	0.01904	-0.01572	-0.06328	0.01353	0.01715	0.00008	0.02550	-0.02905	-0.00833	-0.03241	0.17043	-0.06784	0.10032	0.05716	-0.04272	(And (Member $e0 design) (Past $e0))
p203701	-0.04466	-0.05549	0.00695	-0.04427	-0.11285	-0.02051	0.00313	-0.01439	-0.02142	0.07173	-0.02133	0.01908	-0.00117	0.03736	-0.03171	0.00709	-0.01815	0.01904	-0.01572	-0.06328	0.01353	0.01715	0.00008	0.02550	-0.02905	-0.00833	-0.03241	0.17043	-0.06784	0.10032	0.05716	-0.04272	(And (Member $e0 design) (Patient $e0 $x0))
p203702	-0.00300	0.01689	0.00531	-0.00029	0.01254	-0.00467	0.00005	0.03570	0.00845	0.02138	-0.00672	-0.01948	-0.01200	-0.02007	0.00455	-0.00368	0.00529	-0.02232	0.01948	0.01812	-0.00799	-0.00853	-0.00623	0.01395	-0.02265	-0.01048	0.01788	-0.01751	-0.02700	-0.01920	-0.00598	0.00599	(And (Member $e0 find) (Theme $e0 $x0))
p203703	-0.02614	-0.00517	0.02183	-0.02463	-0.01837	-0.00901	-0.01805	0.02439	0.00564	-0.00581	0.00069	0.00087	-0.01197	-0.00238	-0.02196	-0.01090	-0.01468	-0.00607	-0.01626	0.07085	-0.00154	0.00072	-0.00467	0.01116	-0.02683	0.04518	-0.00549	-0.01242	-0.00883	-0.01310	-0.01550	0.02222	(And (Member $e0 follow) (Past $e0))
p203704	-0.02268	-0.01640	-0.00914	0.00106	-0.00210	0.00126	-0.01758	0.00678	-0.00384	-0.01365	-0.02331	0.01450	-0.01992	0.00623	-0.00219	-0.01346	-0.01311	0.00510	-0.01385	0.03870	-0.01430	0.00772	-0.00287	-0.00095	-0.02680	0.04936	-0.00691	-0.01061	0.00164	-0.02074	-0.00244	0.02255	(And (Member $e0 influence) (Past $e0))
p203705	-0.04297	0.00305	-0.03982	0.01923	0.09397	-0.00613	-0.00474	0.03596	-0.07112	-0.09315	0.01939	-0.09413	0.16057	0.07173	-0.03910	0.03124	-0.00074	0.00067	0.02546	0.13003	-0.05677	-0.00774	0.12336	-0.03486	-0.03851	-0.11984	0.03493	0.13761	-0.00480	0.08357	-0.09270	0.02801	(And (Member $e0 make) (Patient $e0 $e1))
p203706	-0.02411	-0.02531	-0.02168	0.00718	-0.00927	0.03720	0.01790	0.03110	0.02242	0.01239	-0.03308	-0.01932	0.00965	-0.00780	-0.02425	0.00488	-0.00338	0.02688	0.00545	-0.01842	0.02580	-0.02674	-0.01784	-0.00289	-0.02115	-0.01013	-0.01875	-0.02659	-0.02479	0.01282	-0.00004	-0.01054	(And (Member $e0 order) (Theme $e0 $x0))
p203707	-0.01363	-0.00318	-0.00336	-0.00479	-0.01246	-0.01198	-0.00977	-0.00381	-0.00309	-0.00536	-0.00465	-0.00022	-0.00564	0.00099	0.00239	-0.00526	-0.01591	0.00103	-0.02222	0.01598	-0.00753	0.01814	0.00259	0.00475	-0.01860	0.02252	0.00178	0.00025	0.01399	-0.00420	-0.00620	-0.00279	(And (Member $e0 play) (Past $e0))
p203708	-0.04845	-0.05188	0.00561	-0.05297	-0.13005	-0.01709	0.02734	-0.03199	-0.02613	0.11302	-0.01008	0.01928	0.02108	0.05547	-0.05656	0.00733	-0.04057	0.02362	-0.01836	-0.07042	0.04566	0.04486	-0.01637	0.00349	-0.02232	-0.03454	-0.03864	0.17861	-0.07387	0.13635	0.10233	-0.06645	(And (Member $e0 produce) (Past $e0))
p203709	0.01383	0.04358	0.03677	-0.00829	0.00285	0.03674	-0.01856	-0.03150	0.00109	-0.02997	-0.01575	-0.00340	-0.01498	0.03901	0.02846	-0.00211	0.01274	0.01535	-0.03044	0.01360	0.02421	-0.05136	-0.01155	0.01509	-0.02513	0.02611	0.00908	0.01167	-0.04052	-0.00428	-0.02380	0.03238	(And (Member $e0 purchase) (Past $e0))
p203710	0.01383	0.04358	0.03677	-0.00829	0.00285	0.03674	-0.01856	-0.03150	0.00109	-0.02997	-0.01575	-0.00340	-0.01498	0.03901	0.02846	-0.00211	0.01274	0.01535	-0.03044	0.01360	0.02421	-0.05136	-0.01155	0.01509	-0.02513	0.02611	0.00908	0.01167	-0.04052	-0.00428	-0.02380	0.03238	(And (Member $e0 purchase) (Theme $e0 $x0))
p203711	-0.03984	0.01727	-0.03871	0.03820	0.09666	-0.00597	-0.02004	0.03151	-0.06336	-0.08196	0.02416	-0.08368	0.18203	0.05329	-0.02435	0.02043	-0.00255	-0.00301	-0.01615	0.12927	-0.06119	0.03543	0.11187	-0.03545	-0.03642	-0.11804	0.03745	0.13871	0.00290	0.04670	-0.07723	0.01411	(And (Member $e0 reach) (Theme $e0 $e1))
p203712	-0.01947	-0.00490	0.00047	-0.01562	-0.01063	-0.01482	-0.00997	0.00450	-0.00401	-0.00778	-0.00233	0.00305	-0.01306	0.00067	-0.00535	-0.00800	-0.01357	-0.00460	-0.02082	0.03782	-0.00900	0.01080	0.00291	0.00831	-0.02483	0.04485	-0.00216	-0.01068	0.00145	-0.00789	-0.00771	0.01144	(And (Member $e0 replace) (Past $e0))
p203713	-0.00612	-0.00158	0.02544	-0.01984	0.01576	-0.04799	0.00812	-0.00698	-0.00538	-0.02477	-0.00884	-0.00877	-0.02403	0.02688	0.02942	0.01125	0.00840	-0.04052	-0.01085	0.05583	0.03942	-0.03825	0.00889	0.00905	-0.03464	0.06234	0.00301	0.00457	-0.06031	-0.02005	-0.02955	0.03475	(And (Member $e0 sell) (Past $e0))
p203714	-0.00612	-0.00158	0.02544	-0.01984	0.01576	-0.04799	0.00812	-0.00698	-0.00538	-0.02477	-0.00884	-0.00877	-0.02403	0.02688	0.02942	0.01125	0.00840	-0.04052	-0.01085	0.05583	0.03942	-0.03825	0.00889	0.00905	-0.03464	0.06234	0.00301	0.00457	-0.06031	-0.02005	-0.02955	0.03475	(And (Member $e0 sell) (Recipient $e0 $x0))
p203715	-0.00612	-0.00158	0.02544	-0.01984	0.01576	-0.04799	0.00812	-0.00698	-0.00538	-0.02477	-0.00884	-0.00877	-0.02403	0.02688	0.02942	0.01125	0.00840	-0.04052	-0.01085	0.05583	0.03942	-0.03825	0.00889	0.00905	-0.03464	0.06234	0.00301	0.00456	-0.06031	-0.02005	-0.02955	0.03475	(And (Member $e0 sell) (Theme $e0 $x0))
p203716	-0.00410	-0.01491	-0.00105	0.02302	-0.01854	0.00427	0.00297	0.01508	-0.00647	-0.01140	-0.03029	-0.00692	0.03521	0.00242	-0.00037	0.00438	0.02515	0.00758	0.01040	-0.00399	-0.02667	-0.02904	-0.01135	-0.01097	0.03677	-0.01377	-0.01209	0.01143	-0.02221	0.02506	-0.03584	0.05257	(And (Member $e0 sign) (Patient $e0 $x0))
p203717	0.04515	-0.04513	0.05910	-0.03322	-0.01454	-0.02495	0.00805	-0.01098	-0.02414	0.01305	0.03736	0.02450	0.06905	-0.04819	0.05112	-0.02513	0.09309	-0.01982	0.04643	-0.03421	0.07696	-0.05792	-0.01711	0.03621	-0.00970	0.05498	-0.04758	-0.01667	-0.06230	-0.03864	0.00082	-0.02781	(And (Member $e0 start) (Patient $e0 $x0))
p203718	0.05258	-0.09518	-0.05100	-0.12559	-0.09029	0.01940	-0.04454	-0.14000	0.20070	0.04678	-0.04679	-0.04651	0.15987	0.13889	-0.07456	0.06864	-0.13062	0.07860	0.14847	-0.06781	-0.03899	-0.07758	-0.00967	-0.09157	-0.04017	0.20659	0.11907	-0.08782	0.12836	-0.02142	0.09411	0.00495	(And (Member $e0 teach) (Theme $e0 glazing))
p203719	0.01716	-0.02722	0.00484	-0.00105	-0.08217	0.14862	0.01231	-0.06395	0.05216	-0.02878	0.05812	-0.02187	0.03813	-0.05048	-0.05909	0.13140	-0.02540	-0.02550	0.08555	0.16912	0.04156	-0.02796	-0.12166	0.16585	0.28722	-0.24254	-0.00964	0.04261	0.06273	-0.08451	0.14328	-0.10317	(And (Member $e0 win) (Past $e0))
p203720	0.01716	-0.02722	0.00484	-0.00105	-0.08217	0.14862	0.01231	-0.06395	0.05216	-0.02878	0.05812	-0.02187	0.03813	-0.05048	-0.05909	0.13140	-0.02540	-0.02550	0.08555	0.16912	0.04156	-0.02796	-0.12166	0.16585	0.28722	-0.24254	-0.00964	0.04261	0.06273	-0.08451	0.14328	-0.10317	(And (Member $e0 win) (Theme $e0 $x0))
p203721	0.01186	-0.02102	0.03844	-0.04024	-0.05162	-0.00179	-0.01788	0.01006	0.00269	-0.05685	-0.04327	0.04693	-0.04664	-0.00098	0.02172	-0.01886	-0.00704	-0.04241	0.02984	-0.02033	-0.07593	-0.05232	0.05395	-0.08285	0.19890	0.09002	0.00921	0.00786	-0.06787	0.10346	-0.07675	0.17067	(And (Member $x0 afternoon_session) (Patient $e0 $x0))
p203722	0.00745	0.00368	-0.00267	0.00122	0.00632	-0.00530	-0.00769	-0.01124	-0.00392	-0.00993	0.00861	-0.00039	-0.00455	-0.00131	0.00751	-0.00146	-0.00194	0.00141	-0.00947	-0.00217	-0.00696	0.00536	0.00102	0.00061	0.00528	-0.00745	0.00043	0.00633	0.01963	-0.00153	-0.00263	-0.00776	(And (Member $x0 bench) (Member $x0 new))
p203723	-0.01419	-0.02324	-0.01222	-0.01543	0.02547	0.01885	-0.01795	0.02268	0.03084	0.00005	-0.03456	0.03915	-0.02998	-0.02061	-0.00407	-0.02422	0.00710	-0.01623	0.02875	-0.02283	0.01267	-0.01196	0.00320	-0.02053	-0.01514	0.03570	-0.01131	-0.01418	-0.03447	-0.03374	0.02725	0.00354	(And (Member $x0 departure) (Possession $x0 $x1))
p203724	0.08032	-0.07296	0.10199	-0.06216	-0.00763	-0.04071	0.01203	-0.02138	-0.04027	0.02124	0.06460	0.05143	0.11037	-0.08058	0.07054	-0.04612	0.15691	-0.04190	0.09732	-0.05734	0.14856	-0.09530	-0.02617	0.06170	-0.02595	0.11496	-0.07575	-0.05366	-0.10431	-0.07261	0.01153	-0.04210	(And (Member $x0 dress_rehearsal) (Patient $e0 $x0))
p203725	-0.02367	0.00278	-0.06964	0.01657	-0.00832	-0.02929	0.00908	0.05727	0.03502	0.01515	0.04174	0.03839	0.01815	0.04791	0.06453	0.11432	-0.01047	-0.02533	-0.03683	-0.00236	-0.01614	-0.04017	-0.04878	0.00606	-0.02137	-0.00942	-0.06068	-0.02523	-0.03458	0.02473	-0.02976	-0.01531	(And (Member $x0 drill) (Theme $e0 $x0))
p203726	0.00277	-0.00874	-0.00217	0.00391	-0.00866	-0.00330	-0.00430	-0.00737	-0.00323	-0.00275	-0.00144	0.00093	0.00676	-0.00418	0.00964	0.00013	0.00936	0.00684	-0.00538	-0.00798	-0.00376	-0.00365	-0.00366	0.00268	0.01011	-0.00870	-0.00768	0.01277	0.00762	0.00142	-0.00761	-0.00889	(And (Member $x0 elm) (Member $x0 last))
p203727	0.01716	-0.02722	0.00484	-0.00105	-0.08216	0.14862	0.01231	-0.06395	0.05216	-0.02878	0.05812	-0.02187	0.03813	-0.05048	-0.05909	0.13140	-0.02540	-0.02550	0.08555	0.16912	0.04156	-0.02796	-0.12166	0.16585	0.28722	-0.24254	-0.00964	0.04261	0.06273	-0.08451	0.14328	-0.10317	(And (Member $x0 emmy) (Theme $e0 $x0))
p203728	-0.03867	-0.00470	-0.02951	0.00386	-0.00187	-0.04723	0.00339	-0.00252	-0.02471	-0.02870	-0.01840	0.02523	-0.03390	0.01796	0.00237	-0.00906	-0.00754	-0.01065	0.04886	0.04815	-0.00706	0.02836	0.01288	0.00717	-0.03073	0.06984	-0.02498	0.01277	0.03966	-0.02991	-0.01232	0.00821	(And (Member $x0 family) (Possession $x0 $x1))
p203729	-0.01419	-0.02324	-0.01222	-0.01543	0.02547	0.01885	-0.01795	0.02268	0.03084	0.00005	-0.03455	0.03915	-0.02998	-0.02061	-0.00407	-0.02422	0.00710	-0.01623	0.02875	-0.02283	0.01267	-0.01196	0.00320	-0.02053	-0.01514	0.03570	-0.01131	-0.01418	-0.03447	-0.03374	0.02725	0.00354	(And (Member $x0 ferry) (Possession $x1 $x0))
p203730	-0.07998	0.22191	-0.06495	0.03987	0.05641	-0.09852	0.02844	0.07466	-0.01716	0.03791	0.02914	-0.02321	0.14372	-0.09389	0.00050	-0.06440	-0.08899	0.08210	-0.15763	-0.06406	0.12137	0.22550	-0.05398	-0.09515	0.18779	0.16082	-0.06863	-0.16703	-0.01106	0.05672	0.15273	-0.15374	(And (Member $x0 file) (Theme $e0 $x0))
p203731	0.03794	-0.06041	0.01375	0.06941	-0.04400	-0.04369	-0.07922	0.15698	-0.00133	0.00561	0.30230	-0.17040	-0.03119	-0.00651	-0.13433	-0.05989	0.06011	0.25253	-0.01565	0.02221	-0.08292	-0.00236	-0.03851	-0.00778	-0.02561	-0.02158	0.14149	0.03745	-0.01747	-0.12851	0.08998	0.15309	(And (Member $x0 gearbox) (Patient $e0 $x0))
p203732	0.07880	-0.03469	-0.03926	-0.04928	-0.01787	-0.02477	-0.02226	0.02871	-0.03649	-0.00046	-0.04003	-0.01136	-0.03061	0.01732	-0.02268	0.11364	-0.00860	-0.00618	0.01470	0.00816	0.06945	0.09143	0.01780	0.00628	-0.04575	-0.05418	-0.02756	0.05252	-0.00080	-0.03884	-0.04250	0.09030	(And (Member $x0 generator) (Theme $e0 $x0))
p203733	0.00880	-0.01976	0.01983	-0.00430	-0.01936	-0.00970	-0.00114	-0.00064	-0.00810	0.00657	0.01315	0.00973	0.03436	-0.01868	0.02799	-0.00446	0.04799	-0.00330	0.00120	-0.01126	0.01151	-0.02075	-0.01094	0.01540	0.00861	-0.00425	-0.02543	0.02053	-0.02366	-0.01000	-0.01258	-0.01522	(And (Member $x0 hearing) (Patient $e0 $x0))
p203734	-0.06848	0.00921	-0.08339	0.06010	0.01378	-0.05885	-0.02334	-0.06862	0.15860	0.08350	-0.02647	-0.05612	-0.04226	-0.09918	0.13137	-0.00438	0.05973	-0.00705	-0.03022	0.08053	0.12633	-0.01929	0.09131	-0.07592	-0.00018	-0.05939	-0.02413	-0.04014	0.17780	0.00743	0.01664	0.00518	(And (Member $x0 hotel) (Patient $e0 $x0))
p203735	0.06679	0.11556	0.05416	-0.09304	-0.16611	-0.05331	0.11035	0.03980	0.12942	-0.00577	-0.04272	0.09047	0.07674	-0.09629	-0.03553	-0.04331	-0.04999	0.07100	-0.06306	-0.05140	-0.05289	-0.03277	0.14882	0.12258	-0.01047	-0.05549	-0.05535	0.04655	0.08922	-0.08020	-0.03072	0.03362	(And (Member $x0 kiln) (Ordinal $x0 <num> buy))
p203736	0.05573	-0.03055	-0.00958	-0.03238	-0.01609	0.00360	0.00206	0.01529	-0.00306	0.00572	-0.02045	-0.02391	-0.02103	-0.00658	-0.01709	0.02167	-0.01542	0.00230	0.01283	0.00213	0.05538	0.05643	0.00724	-0.00801	-0.02887	-0.02964	-0.00028	0.02758	-0.01013	-0.03994	-0.01094	0.05175	(And (Member $x0 ladder) (Theme $e0 $x0))
p203737	-0.02078	-0.02169	-0.02007	0.01085	-0.00970	0.03511	0.02204	0.03023	0.01697	0.01056	-0.03024	-0.01726	0.00600	-0.00752	-0.02414	0.00119	-0.00579	0.01971	0.00104	-0.01594	0.02699	-0.02316	-0.01452	-0.00540	-0.01824	-0.01204	-0.00469	-0.02515	-0.02454	0.01242	0.00073	-0.01048	(And (Member $x0 lane) (Theme $e0 $x0))
p203738	-0.00297	0.00350	0.07256	0.06319	-0.00650	-0.00742	-0.00584	-0.00453	-0.01404	-0.00103	-0.03230	0.00350	-0.00723	-0.02291	-0.01674	0.04105	-0.01492	-0.01287	-0.01545	-0.03137	-0.02802	-0.01770	0.04520	-0.01844	-0.01452	0.03863	-0.01576	-0.03996	-0.05425	-0.00981	0.06508	-0.01617	(And (Member $x0 manifest) (Theme $e0 $x0))
p203739	-0.02251	-0.02332	-0.02045	0.00704	-0.00626	0.03601	0.01368	0.03192	0.02102	0.01179	-0.03229	-0.01607	0.00710	-0.00854	-0.02217	0.00270	-0.00280	0.02381	0.00244	-0.01694	0.02411	-0.02211	-0.01547	-0.00357	-0.02142	-0.00936	-0.01734	-0.02459	-0.02490	0.00726	0.00200	-0.00992	(And (Member $x0 manuscript) (Theme $e0 $x0))
p203740	-0.07998	0.22191	-0.06495	0.03987	0.05641	-0.09852	0.02844	0.07466	-0.01716	0.03791	0.02914	-0.02321	0.14372	-0.09389	0.00050	-0.06440	-0.08899	0.08210	-0.15763	-0.06406	0.12137	0.22550	-0.05398	-0.09515	0.18779	0.16082	-0.06863	-0.16703	-0.01106	0.05672	0.15273	-0.15374	(And (Member $x0 missing) (Theme $e0 $x0))
p203741	-0.04927	0.00018	-0.02153	0.00212	0.06543	0.02765	-0.00581	0.00606	-0.03671	-0.05145	0.06372	-0.02953	0.11017	0.03142	-0.04302	0.00881	-0.01526	-0.01515	0.01038	0.06767	-0.02107	0.02372	0.09870	-0.03438	-0.03168	-0.06097	0.01162	0.05475	-0.01008	0.07119	-0.05675	0.00475	(And (Member $x0 new) (Member $x0 roof))
p203742	-0.04927	0.00018	-0.02153	0.00212	0.06543	0.02765	-0.00581	0.00606	-0.03671	-0.05145	0.06372	-0.02953	0.11017	0.03142	-0.04302	0.00881	-0.01526	-0.01515	0.01038	0.06767	-0.02106	0.02372	0.09870	-0.03438	-0.03168	-0.06097	0.01162	0.05475	-0.01007	0.07119	-0.05675	0.00475	(And (Member $x0 new) (Theme $e0 $x0))
p203743	-0.04305	-0.04332	-0.04613	0.09003	0.02463	-0.03266	0.07031	-0.03418	-0.03726	-0.00058	-0.01322	0.03439	-0.03293	-0.02142	0.04437	-0.00076	-0.00128	0.02952	0.10657	0.02679	0.04454	0.02230	-0.02616	0.02418	-0.01369	-0.01604	-0.02350	0.04789	-0.03795	-0.05066	-0.04457	-0.00993	(And (Member $x0 person) (Theme $e0 $x0))
p203744	-0.02222	-0.02309	-0.02024	0.00714	-0.00614	0.03572	0.01317	0.03203	0.02085	0.01148	-0.03217	-0.01571	0.00677	-0.00860	-0.02192	0.00259	-0.00272	0.02352	0.00211	-0.01667	0.02344	-0.02165	-0.01510	-0.00369	-0.02108	-0.00937	-0.01711	-0.02414	-0.02481	0.00708	0.00187	-0.00969	(And (Member $x0 proposal) (Theme $e0 $x0))
p203745	-0.04927	0.00018	-0.02153	0.00212	0.06543	0.02765	-0.00581	0.00606	-0.03671	-0.05145	0.06372	-0.02953	0.11017	0.03142	-0.04302	0.00881	-0.01526	-0.01515	0.01038	0.06767	-0.02107	0.02372	0.09870	-0.03438	-0.03168	-0.06097	0.01162	0.05475	-0.01008	0.07119	-0.05675	0.00475	(And (Member $x0 roof) (Theme $e0 $x0))
p203746	-0.02483	-0.02684	-0.02080	0.00524	-0.01119	0.03726	0.01819	0.02892	0.02499	0.01119	-0.03384	-0.01807	0.00732	-0.00786	-0.02434	0.00478	-0.00444	0.02642	0.00711	-0.01958	0.02546	-0.02894	-0.01621	-0.00487	-0.01572	-0.00716	-0.01854	-0.02695	-0.02563	0.01678	-0.00219	-0.00730	(And (Member $x0 scan) (Theme $e0 $x0))
p203747	-0.01451	-0.02617	-0.01387	0.00210	0.00812	0.02903	-0.00945	0.02904	0.02970	0.00580	-0.03864	0.02423	-0.01248	-0.01217	-0.01665	-0.01723	0.00089	-0.00082	0.00768	-0.01798	0.02676	-0.01767	-0.01230	-0.01315	-0.01577	-0.00050	-0.00256	-0.01308	-0.03411	-0.02381	0.02246	-0.00517	(And (Member $x0 search) (Theme $e0 $x0))
p203748	0.03794	-0.06041	0.01375	0.06941	-0.04400	-0.04369	-0.07922	0.15698	-0.00133	0.00561	0.30230	-0.17040	-0.03119	-0.00651	-0.13433	-0.05989	0.06011	0.25253	-0.01565	0.02221	-0.08292	-0.00236	-0.03851	-0.00778	-0.02561	-0.02158	0.14149	0.03745	-0.01747	-0.12851	0.08998	0.15309	(And (Member $x0 seized) (Patient $e0 $x0))
p203749	0.01229	-0.02072	0.03879	-0.03991	-0.05121	-0.00235	-0.01806	0.00913	0.00146	-0.05750	-0.04251	0.04745	-0.04632	-0.00038	0.02222	-0.01864	-0.00740	-0.04248	0.02917	-0.02009	-0.07580	-0.05174	0.05377	-0.08264	0.19868	0.08912	0.00939	0.00849	-0.06724	0.10429	-0.07691	0.16995	(And (Member $x0 summer_fair) (Patient $e0 $x0))
p203750	0.08919	-0.05384	-0.04288	-0.05279	0.15317	-0.03392	-0.11562	0.07882	0.09518	-0.07700	-0.10479	0.16435	-0.10360	-0.05913	0.12780	-0.10080	0.01497	-0.07051	0.04790	-0.01231	-0.02425	-0.00570	0.04948	-0.12008	0.03306	0.03174	0.15067	0.22127	-0.11893	-0.24002	0.22501	0.01560	(And (Member $x0 tender) (Theme $e0 $x0))
p203751	0.24518	-0.05328	0.08782	0.02028	0.15225	-0.01011	-0.05799	-0.07431	0.02420	0.18160	0.02896	0.12528	0.02717	0.00303	-0.07240	-0.01782	-0.04838	0.13741	-0.05928	0.10713	-0.07319	-0.01849	-0.10055	-0.12132	0.05408	-0.05899	-0.04114	-0.14254	-0.04501	0.12200	-0.02456	-0.07207	(And (Member $x0 view) (Possession $x0 free_soil_party))
p203752	0.24518	-0.05327	0.08782	0.02028	0.15225	-0.01011	-0.05799	-0.07431	0.02420	0.18160	0.02896	0.12528	0.02717	0.00303	-0.07240	-0.01782	-0.04837	0.13741	-0.05927	0.10713	-0.07319	-0.01849	-0.10055	-0.12132	0.05408	-0.05899	-0.04114	-0.14253	-0.04501	0.12200	-0.02456	-0.07207	(And (Member $x0 view) (Possession $x0 republican_party))
p203753	0.24518	-0.05327	0.08782	0.02028	0.15225	-0.01011	-0.05799	-0.07431	0.02420	0.18160	0.02896	0.12528	0.02717	0.00303	-0.07240	-0.01782	-0.04837	0.13741	-0.05927	0.10713	-0.07319	-0.01849	-0.10055	-0.12132	0.05408	-0.05899	-0.04114	-0.14254	-0.04501	0.12200	-0.02456	-0.07207	(And (Member $x0 view) (Theme $e0 $x0))
p203754	-0.03025	-0.02438	-0.01103	-0.01536	0.00064	0.04950	0.00402	0.00768	0.01471	0.00383	-0.01239	0.00464	-0.00292	-0.00913	-0.02534	-0.00721	-0.00976	-0.00046	0.01533	-0.02051	0.02332	-0.01020	0.02601	-0.01345	-0.02787	0.00531	-0.01352	-0.02425	-0.02424	0.01400	-0.00267	-0.00252	(And (Member $x0 vote) (Theme $e0 $x0))
p203755	-0.08058	-0.07293	0.14379	-0.08235	0.04704	-0.06232	-0.09811	0.02915	0.09198	-0.09414	0.00643	-0.12394	-0.03945	-0.12099	0.13330	0.05562	-0.04410	0.07760	0.09694	-0.00211	-0.04560	0.10279	-0.00528	0.13719	-0.05185	-0.01290	0.06777	0.01077	-0.00301	0.17615	-0.09915	-0.01227	(And (Member $x0 wreck) (Theme $e0 $x0))
p203756	-0.02483	-0.02684	-0.02080	0.00524	-0.01119	0.03726	0.01819	0.02892	0.02499	0.01119	-0.03384	-0.01807	0.00731	-0.00786	-0.02434	0.00477	-0.00445	0.02642	0.00711	-0.01958	0.02546	-0.02894	-0.01621	-0.00487	-0.01572	-0.00716	-0.01854	-0.02695	-0.02563	0.01678	-0.00219	-0.00730	(And (Ordinal $x0 <num> scan) (Theme $e0 $x0))
p203757	-0.00612	-0.00158	0.02544	-0.01984	0.01576	-0.04799	0.00812	-0.00698	-0.00538	-0.02477	-0.00884	-0.00877	-0.02403	0.02688	0.02942	0.01125	0.00840	-0.04052	-0.01084	0.05583	0.03943	-0.03825	0.00889	0.00905	-0.03464	0.06234	0.00301	0.00457	-0.06030	-0.02005	-0.02955	0.03475	(And (Past $e0) (Recipient $e0 $x0))
p203758	-0.01810	0.13951	-0.00153	-0.01018	-0.08288	0.02605	0.03979	0.01833	-0.02964	0.09172	-0.02645	-0.01979	0.01988	0.05149	-0.07040	0.01224	-0.04373	-0.05274	0.14571	0.00366	-0.04260	0.00869	-0.00854	-0.07994	-0.02239	-0.09390	-0.01404	0.08067	-0.03892	0.10041	0.04977	0.00867	(And (Past $e0) (Result $e0 $e1))
p203759	0.00880	-0.01976	0.01983	-0.00430	-0.01936	-0.00970	-0.00114	-0.00064	-0.00811	0.00656	0.01314	0.00973	0.03436	-0.01868	0.02799	-0.00447	0.04799	-0.00330	0.00120	-0.01126	0.01151	-0.02075	-0.01094	0.01540	0.00861	-0.00425	-0.02544	0.02053	-0.02366	-0.01001	-0.01258	-0.01522	(And (Patient $e0 $x0) (Time $e0 (Weekday monday)))
p203760	0.00880	-0.01976	0.01983	-0.00430	-0.01936	-0.00970	-0.00114	-0.00064	-0.00810	0.00657	0.01315	0.00973	0.03436	-0.01868	0.02799	-0.00446	0.04799	-0.00330	0.00120	-0.01126	0.01151	-0.02075	-0.01094	0.01540	0.00861	-0.00425	-0.02543	0.02053	-0.02366	-0.01000	-0.01258	-0.01522	(And (Patient $e0 $x0) (Time $e0 morning))
p203761	0.24518	-0.05327	0.08782	0.02028	0.15225	-0.01011	-0.05799	-0.07431	0.02420	0.18160	0.02896	0.12528	0.02717	0.00303	-0.07240	-0.01782	-0.04837	0.13741	-0.05927	0.10713	-0.07319	-0.01849	-0.10055	-0.12132	0.05408	-0.05899	-0.04114	-0.14253	-0.04501	0.12200	-0.02456	-0.07207	(And (Possession $x0 free_soil_party) (Possession $x0 republican_party))
p203762	0.24518	-0.05328	0.08782	0.02029	0.15225	-0.01011	-0.05799	-0.07431	0.02420	0.18160	0.02896	0.12528	0.02717	0.00303	-0.07240	-0.01782	-0.04838	0.13741	-0.05928	0.10713	-0.07319	-0.01849	-0.10055	-0.12132	0.05408	-0.05899	-0.04114	-0.14254	-0.04501	0.12200	-0.02456	-0.07207	(And (Possession $x0 free_soil_party) (Theme $e0 $x0))
p203763	0.24518	-0.05327	0.08782	0.02028	0.15225	-0.01011	-0.05799	-0.07431	0.02420	0.18160	0.02896	0.12528	0.02717	0.00303	-0.07240	-0.01782	-0.04837	0.13741	-0.05927	0.10713	-0.07319	-0.01849	-0.10055	-0.12132	0.05408	-0.05899	-0.04114	-0.14254	-0.04501	0.12200	-0.02456	-0.07207	(And (Possession $x0 republican_party) (Theme $e0 $x0))
p203764	0.05257	-0.09518	-0.05100	-0.12559	-0.09030	0.01940	-0.04454	-0.14000	0.20070	0.04678	-0.04679	-0.04651	0.15987	0.13889	-0.07457	0.06864	-0.13062	0.07860	0.14846	-0.06781	-0.03899	-0.07758	-0.00967	-0.09157	-0.04017	0.20659	0.11907	-0.08782	0.12836	-0.02142	0.09411	0.00495	(And (Recipient $e0 $x0) (Theme $e0 glazing))
p203765	0.00880	-0.01976	0.01983	-0.00430	-0.01936	-0.00970	-0.00114	-0.00064	-0.00810	0.00656	0.01315	0.00973	0.03436	-0.01868	0.02799	-0.00446	0.04799	-0.00330	0.00120	-0.01126	0.01151	-0.02075	-0.01094	0.01540	0.00861	-0.00425	-0.02543	0.02053	-0.02366	-0.01001	-0.01258	-0.01522	(And (Time $e0 (Weekday monday)) (Time $e0 morning))
p203860	-0.02332	-0.02432	-0.02218	0.00735	-0.00791	0.03796	0.01797	0.03206	0.02116	0.01388	-0.03279	-0.01965	0.01031	-0.00820	-0.02358	0.00390	-0.00351	0.02691	0.00379	-0.01860	0.02723	-0.02527	-0.01891	-0.00246	-0.02299	-0.01050	-0.01871	-0.02756	-0.02482	0.00929	0.00297	-0.01245	(Agent $e0 jica)
p203861	-0.02432	0.01396	0.00363	-0.02146	-0.01722	-0.02491	-0.03105	-0.00715	-0.00264	0.00867	0.01696	0.00634	-0.02081	0.00219	-0.00952	-0.01158	-0.02679	-0.01785	-0.02776	0.03662	-0.01268	0.04650	0.00357	0.01401	-0.02981	0.05884	0.00860	-0.01027	0.02673	-0.02040	0.00651	-0.00380	(But $e0 $e1)
p203862	-0.03145	-0.02511	0.07024	-0.05201	0.11306	0.10048	0.11173	0.08400	-0.03614	0.10690	0.01830	-0.07048	-0.03061	-0.12065	0.04478	0.07622	0.02235	0.04000	-0.03603	-0.04174	-0.06112	-0.01136	-0.02582	-0.04422	0.03564	0.11448	-0.04832	0.11026	0.21860	-0.08757	-0.10045	0.04127	(GroupOf $x0 sequence)
p203863	0.00161	-0.00913	-0.01606	0.01538	0.00096	0.00238	-0.00725	-0.01200	-0.00370	-0.00811	-0.01450	-0.00598	0.00548	0.00444	0.00325	0.00275	-0.00700	0.02279	-0.01065	-0.00820	-0.00990	0.00290	-0.00245	-0.00198	0.01100	-0.01159	-0.00046	0.00326	0.02293	0.00441	-0.00454	-0.01231	(GroupOf $x0 soil_sample)
p203864	-0.01319	-0.01464	-0.00447	-0.00450	0.00176	-0.00026	-0.00163	0.00208	0.00512	-0.00540	-0.01311	0.00566	-0.01221	-0.00695	0.00207	-0.00548	-0.00780	0.00539	-0.00590	0.00662	0.00831	-0.00240	0.00245	-0.00547	-0.01137	0.02059	-0.00472	-0.00518	-0.00862	-0.00660	-0.00158	0.00239	(GroupOf $x0 tradition)
p203865	0.12419	0.01159	-0.07201	-0.02807	-0.00508	-0.02497	0.33118	-0.07505	-0.05888	-0.02623	0.06576	-0.11044	0.01859	-0.04796	0.14234	-0.04079	-0.14054	-0.03039	-0.04166	-0.00970	0.09355	-0.11049	0.03197	-0.08228	0.03027	0.03611	0.27141	-0.10645	-0.07730	0.09927	0.07018	-0.06630	(Holder $e0 kristoffer)
p203866	-0.06848	0.00921	-0.08339	0.06010	0.01378	-0.05885	-0.02334	-0.06862	0.15860	0.08350	-0.02647	-0.05612	-0.04226	-0.09918	0.13137	-0.00438	0.05973	-0.00705	-0.03022	0.08053	0.12633	-0.01929	0.09131	-0.07592	-0.00018	-0.05939	-0.02413	-0.04014	0.17780	0.00743	0.01664	0.00518	(Location $e0 eskisehir)
p203867	-0.05378	0.02394	0.02557	-0.03124	-0.01537	-0.06009	-0.04099	0.05712	-0.01446	-0.02626	0.00428	-0.00752	-0.02771	-0.00466	-0.02983	-0.02257	-0.01067	-0.05068	0.01402	0.12684	-0.02235	0.04764	0.01804	0.01070	-0.05034	0.10452	-0.01196	-0.00904	0.00155	-0.01963	-0.02635	0.03878	(Location $e0 japan)
p203868	-0.06848	0.00921	-0.08339	0.06010	0.01378	-0.05885	-0.02334	-0.06862	0.15860	0.08350	-0.02647	-0.05612	-0.04226	-0.09918	0.13137	-0.00438	0.05973	-0.00705	-0.03022	0.08053	0.12633	-0.01929	0.09131	-0.07592	-0.00018	-0.05939	-0.02413	-0.04014	0.17780	0.00743	0.01664	0.00518	(Location $e0 kazakhstan)
p203869	-0.10279	0.01502	-0.12495	0.09024	0.02132	-0.08796	-0.03519	-0.10283	0.23772	0.12494	-0.03979	-0.08362	-0.06336	-0.14859	0.19714	-0.00660	0.08967	-0.01251	-0.04516	0.12100	0.18917	-0.02908	0.13690	-0.11409	-0.00034	-0.08905	-0.03628	-0.06092	0.26634	0.01212	0.02536	0.00793	(Location $e0 turkey)
p203870	-0.03145	-0.02511	0.07024	-0.05201	0.11306	0.10048	0.11172	0.08400	-0.03614	0.10690	0.01830	-0.07048	-0.03061	-0.12065	0.04478	0.07622	0.02235	0.04000	-0.03603	-0.04174	-0.06112	-0.01136	-0.02582	-0.04422	0.03564	0.11448	-0.04832	0.11026	0.21860	-0.08757	-0.10045	0.04127	(Manner $e0 $x0)
p203871	0.01384	0.04358	0.03677	-0.00829	0.00285	0.03674	-0.01856	-0.03150	0.00109	-0.02997	-0.01575	-0.00340	-0.01498	0.03901	0.02846	-0.00211	0.01274	0.01535	-0.03044	0.01360	0.02421	-0.05136	-0.01155	0.01509	-0.02513	0.02611	0.00908	0.01167	-0.04052	-0.00428	-0.02380	0.03238	(Member $e0 acquire)
p203872	-0.02444	-0.01467	0.00581	-0.01709	-0.02433	-0.01836	0.00455	-0.00507	-0.00546	0.00872	-0.00623	0.00201	-0.00577	0.00265	-0.00747	-0.00845	-0.02124	-0.00116	-0.01822	0.00924	0.00586	0.00530	0.00118	0.00554	-0.02426	0.04571	-0.00655	-0.00261	-0.01013	0.01353	0.00293	-0.00152	(Member $e0 add)
p203873	-0.00267	-0.01476	-0.01910	0.01716	-0.00117	0.00561	-0.01306	-0.01506	0.00105	0.00406	-0.01629	-0.00059	-0.00280	0.00118	0.00351	-0.00134	-0.01177	0.01906	-0.00509	-0.01346	-0.00961	0.00519	0.00317	0.00335	0.01942	-0.00053	0.01090	-0.00557	0.01613	-0.00039	-0.00508	-0.01513	(Member $e0 allow)
p203874	-0.02078	-0.02169	-0.02007	0.01085	-0.00970	0.03511	0.02204	0.03023	0.01697	0.01056	-0.03024	-0.01726	0.00600	-0.00752	-0.02414	0.00119	-0.00579	0.01971	0.00104	-0.01594	0.02699	-0.02316	-0.01452	-0.00540	-0.01824	-0.01204	-0.00469	-0.02515	-0.02454	0.01242	0.00073	-0.01048	(Member $e0 block)
p203875	0.04556	-0.04580	0.05929	-0.03301	-0.01490	-0.02492	0.00783	-0.01071	-0.02410	0.01247	0.03736	0.02418	0.06933	-0.04792	0.05037	-0.02512	0.09332	-0.01936	0.04631	-0.03395	0.07645	-0.05787	-0.01701	0.03654	-0.00924	0.05436	-0.04732	-0.01584	-0.06221	-0.03843	0.00052	-0.02767	(Member $e0 commence)
p203876	-0.03145	-0.02511	0.07024	-0.05201	0.11306	0.10048	0.11173	0.08400	-0.03614	0.10690	0.01830	-0.07048	-0.03061	-0.12065	0.04478	0.07622	0.02235	0.04000	-0.03603	-0.04174	-0.06112	-0.01136	-0.02582	-0.04422	0.03564	0.11448	-0.04832	0.11026	0.21860	-0.08757	-0.10045	0.04127	(Member $e0 define)
p203877	-0.04466	-0.05549	0.00695	-0.04427	-0.11285	-0.02051	0.00313	-0.01439	-0.02142	0.07173	-0.02133	0.01908	-0.00117	0.03736	-0.03171	0.00709	-0.01815	0.01904	-0.01572	-0.06328	0.01353	0.01715	0.00008	0.02550	-0.02905	-0.00833	-0.03241	0.17043	-0.06784	0.10032	0.05716	-0.04272	(Member $e0 design)
p203878	0.00426	0.21430	0.00955	0.01879	0.04065	0.02071	-0.00535	0.07583	-0.02988	0.07374	0.01251	-0.02456	-0.01453	-0.00377	-0.07155	0.00333	0.02239	-0.10837	0.22921	0.05604	-0.05330	-0.02198	-0.02448	-0.04669	-0.04300	-0.06430	-0.01892	-0.06180	-0.02898	-0.02597	-0.00150	0.09358	(Member $e0 error)
p203879	-0.02613	-0.00517	0.02183	-0.02462	-0.01836	-0.00900	-0.01805	0.02439	0.00565	-0.00581	0.00069	0.00087	-0.01196	-0.00237	-0.02196	-0.01089	-0.01468	-0.00607	-0.01625	0.07086	-0.00154	0.00073	-0.00467	0.01116	-0.02683	0.04518	-0.00549	-0.01242	-0.00883	-0.01310	-0.01550	0.02222	(Member $e0 follow)
p203880	-0.00963	-0.00953	-0.00334	-0.00246	-0.02080	-0.00401	0.00022	-0.00961	-0.00333	0.01228	0.00065	0.00232	0.00484	0.00039	0.00040	0.00020	-0.00040	0.00698	-0.00936	-0.01542	0.00175	0.00070	-0.00576	0.00462	-0.00566	0.00060	-0.01178	0.01034	0.00256	0.01743	0.00420	-0.01387	(Member $e0 form)
p203881	-0.00385	-0.01927	0.02474	0.00527	-0.00415	-0.01191	-0.03748	0.06378	0.00899	-0.02413	-0.02438	0.03626	-0.01323	0.00888	-0.02172	-0.03886	-0.01081	-0.02318	0.01238	0.02218	0.02266	-0.00582	-0.00388	-0.01594	-0.00540	-0.00738	0.04523	0.04690	0.00114	-0.03373	0.02103	0.00874	(Member $e0 give_up)
p203882	-0.08021	-0.12885	-0.14021	0.28976	0.05797	-0.11235	0.15497	-0.15228	-0.07685	-0.05165	-0.01005	0.03594	-0.07919	0.03003	0.05942	0.01067	-0.02654	0.25941	0.28220	-0.05771	0.10770	0.06280	-0.04321	-0.04429	0.09210	-0.14654	-0.09205	0.23366	0.02450	-0.05959	-0.06136	-0.11893	(Member $e0 include)
p203883	-0.02268	-0.01640	-0.00914	0.00106	-0.00210	0.00126	-0.01758	0.00678	-0.00383	-0.01365	-0.02331	0.01450	-0.01992	0.00623	-0.00219	-0.01346	-0.01311	0.00510	-0.01385	0.03870	-0.01430	0.00772	-0.00287	-0.00095	-0.02680	0.04936	-0.00691	-0.01061	0.00164	-0.02073	-0.00244	0.02255	(Member $e0 influence)
p203884	-0.04297	0.00305	-0.03982	0.01923	0.09397	-0.00613	-0.00474	0.03596	-0.07112	-0.09315	0.01939	-0.09413	0.16057	0.07173	-0.03910	0.03124	-0.00074	0.00067	0.02546	0.13003	-0.05677	-0.00774	0.12336	-0.03486	-0.03850	-0.11984	0.03493	0.13761	-0.00480	0.08357	-0.09270	0.02801	(Member $e0 make)
p203885	-0.01813	0.00783	-0.00567	-0.00987	-0.01337	-0.01932	-0.02095	0.01949	-0.01413	-0.01416	-0.01083	0.00969	-0.01235	0.00739	-0.00975	-0.00454	0.01543	-0.02452	0.03725	0.03244	-0.01759	0.00930	0.01137	0.00564	-0.01820	0.02982	-0.01738	0.01086	0.02587	-0.01303	-0.01559	0.02135	(Member $e0 move)
p203886	-0.02411	-0.02531	-0.02168	0.00718	-0.00927	0.03720	0.01789	0.03110	0.02242	0.01239	-0.03308	-0.01932	0.00964	-0.00780	-0.02425	0.00488	-0.00338	0.02688	0.00545	-0.01842	0.02580	-0.02674	-0.01784	-0.00289	-0.02115	-0.01013	-0.01875	-0.02659	-0.02479	0.01282	-0.00004	-0.01054	(Member $e0 order)
p203887	-0.01365	-0.00321	-0.00339	-0.00481	-0.01249	-0.01200	-0.00979	-0.00383	-0.00312	-0.00538	-0.00467	-0.00024	-0.00567	0.00097	0.00237	-0.00528	-0.01593	0.00100	-0.02224	0.01596	-0.00755	0.01812	0.00257	0.00473	-0.01862	0.02249	0.00175	0.00023	0.01397	-0.00422	-0.00623	-0.00282	(Member $e0 play)
p203888	0.01383	0.04358	0.03677	-0.00829	0.00285	0.03674	-0.01856	-0.03150	0.00109	-0.02997	-0.01575	-0.00340	-0.01498	0.03901	0.02846	-0.00211	0.01274	0.01535	-0.03044	0.01360	0.02421	-0.05136	-0.01155	0.01509	-0.02513	0.02611	0.00908	0.01167	-0.04052	-0.00428	-0.02380	0.03238	(Member $e0 purchase)
p203889	-0.03984	0.01727	-0.03871	0.03820	0.09666	-0.00597	-0.02004	0.03151	-0.06336	-0.08196	0.02416	-0.08368	0.18203	0.05329	-0.02435	0.02043	-0.00255	-0.00301	-0.01615	0.12927	-0.06119	0.03543	0.11188	-0.03545	-0.03642	-0.11804	0.03745	0.13871	0.00290	0.04670	-0.07723	0.01411	(Member $e0 reach)
p203890	-0.01947	-0.00490	0.00047	-0.01562	-0.01063	-0.01482	-0.00997	0.00450	-0.00401	-0.00778	-0.00233	0.00306	-0.01306	0.00067	-0.00535	-0.00800	-0.01357	-0.00460	-0.02082	0.03782	-0.00900	0.01080	0.00291	0.00831	-0.02483	0.04485	-0.00216	-0.01068	0.00145	-0.00789	-0.00771	0.01144	(Member $e0 replace)
p203891	-0.02258	-0.00279	0.01761	0.00672	0.06125	0.02296	0.07729	0.08521	-0.00912	-0.02616	-0.03117	-0.06228	0.01506	-0.00131	-0.02782	0.00101	0.01781	-0.04324	0.01514	0.08450	-0.00635	-0.04658	-0.01449	-0.01143	-0.04813	-0.05440	0.00723	-0.02306	-0.06291	0.01298	-0.02608	0.02888	(Member $e0 serve)
p203892	-0.00410	-0.01491	-0.00105	0.02302	-0.01854	0.00427	0.00297	0.01508	-0.00647	-0.01140	-0.03029	-0.00692	0.03521	0.00242	-0.00037	0.00438	0.02515	0.00758	0.01040	-0.00399	-0.02667	-0.02904	-0.01135	-0.01097	0.03677	-0.01377	-0.01209	0.01143	-0.02221	0.02506	-0.03584	0.05257	(Member $e0 sign)
p203893	0.07877	-0.05669	-0.10870	0.07559	-0.05039	0.05648	0.09884	0.01831	-0.13408	-0.09292	-0.05206	0.03647	-0.04731	0.08769	0.06769	-0.04030	0.06288	0.05475	0.12255	-0.00693	-0.09496	0.08372	0.05812	0.03374	0.00784	0.04594	-0.07901	-0.02089	0.08648	0.03914	0.02711	-0.09125	(Member $e0 sing)
p203894	-0.00032	-0.00722	-0.01018	0.00441	0.00228	0.00886	-0.00362	0.00363	0.00637	-0.00497	-0.00926	-0.00373	-0.00567	-0.00743	-0.00097	-0.00133	-0.00240	0.00976	-0.00935	-0.01016	0.00131	-0.00392	-0.00535	-0.00175	-0.00127	-0.01001	-0.00715	-0.00507	0.00706	-0.00100	-0.00157	-0.01085	(Member $e0 use)
p203895	0.01716	-0.02722	0.00484	-0.00105	-0.08217	0.14862	0.01231	-0.06395	0.05216	-0.02878	0.05812	-0.02187	0.03813	-0.05048	-0.05909	0.13140	-0.02540	-0.02550	0.08555	0.16912	0.04156	-0.02796	-0.12166	0.16585	0.28722	-0.24254	-0.00964	0.04261	0.06273	-0.08451	0.14328	-0.10317	(Member $e0 win)
p203896	0.00426	0.21430	0.00955	0.01879	0.04065	0.02071	-0.00535	0.07583	-0.02988	0.07374	0.01250	-0.02456	-0.01453	-0.00377	-0.07155	0.00333	0.02239	-0.10837	0.22921	0.05604	-0.05330	-0.02198	-0.02448	-0.04669	-0.04300	-0.06430	-0.01892	-0.06180	-0.02898	-0.02597	-0.00150	0.09358	(Member $x0 auditor)
p203897	-0.04485	-0.07006	-0.05892	-0.02163	0.07171	-0.10458	-0.03262	0.05853	-0.07085	0.12242	-0.02269	-0.04483	-0.06891	0.16174	-0.00677	-0.02570	0.02856	0.04782	-0.03409	-0.03526	0.09921	-0.06795	0.15757	0.13509	0.10228	0.07168	0.00665	-0.02112	-0.10020	-0.07816	-0.05738	-0.04370	(Member $x0 biologist)
p203898	0.00894	0.00263	-0.00202	0.00079	0.00387	-0.00513	-0.00707	-0.01129	-0.00229	-0.00811	0.00595	0.00067	-0.00696	-0.00300	0.00828	-0.00191	-0.00122	0.00157	-0.00897	-0.00429	-0.00600	0.00336	-0.00172	0.00126	0.00690	-0.00589	-0.00054	0.00394	0.01907	-0.00344	-0.00105	-0.00838	(Member $x0 boiler)
p203899	0.00872	0.00247	-0.00214	0.00075	0.00371	-0.00518	-0.00709	-0.01128	-0.00227	-0.00812	0.00585	0.00053	-0.00691	-0.00310	0.00806	-0.00192	-0.00120	0.00158	-0.00902	-0.00433	-0.00605	0.00326	-0.00180	0.00126	0.00680	-0.00599	-0.00063	0.00386	0.01914	-0.00344	-0.00123	-0.00845	(Member $x0 calibration)
p203900	-0.02367	0.00278	-0.06964	0.01657	-0.00832	-0.02929	0.00908	0.05727	0.03502	0.01515	0.04174	0.03839	0.01815	0.04791	0.06453	0.11432	-0.01047	-0.02533	-0.03683	-0.00236	-0.01614	-0.04017	-0.04878	0.00606	-0.02137	-0.00942	-0.06068	-0.02523	-0.03458	0.02473	-0.02976	-0.01531	(Member $x0 coach)
p203901	-0.06848	0.00921	-0.08339	0.06010	0.01378	-0.05885	-0.02334	-0.06862	0.15860	0.08350	-0.02647	-0.05612	-0.04226	-0.09918	0.13137	-0.00438	0.05973	-0.00705	-0.03022	0.08053	0.12633	-0.01929	0.09131	-0.07592	-0.00018	-0.05939	-0.02413	-0.04014	0.17780	0.00743	0.01664	0.00518	(Member $x0 company)
p203902	-0.01614	0.00477	0.02718	0.01414	0.01749	0.00462	0.03027	-0.00533	0.03711	-0.00017	-0.00867	-0.00118	-0.01267	0.05411	-0.04570	-0.01535	0.06233	-0.02526	-0.01931	0.01321	-0.02707	0.04711	-0.02132	-0.01545	0.00594	-0.03732	-0.01550	0.00254	-0.03035	-0.01059	-0.00632	0.00649	(Member $x0 countersignature)
p203903	0.00882	0.00270	-0.00195	0.00094	0.00381	-0.00493	-0.00685	-0.01104	-0.00203	-0.00786	0.00598	0.00071	-0.00664	-0.00288	0.00816	-0.00167	-0.00095	0.00178	-0.00870	-0.00409	-0.00579	0.00343	-0.00159	0.00151	0.00697	-0.00585	-0.00046	0.00406	0.01944	-0.00323	-0.00106	-0.00822	(Member $x0 courier)
p203904	0.01124	-0.00980	-0.01861	0.02965	0.00302	0.00288	-0.01051	-0.00167	-0.00420	0.02508	-0.01213	-0.01945	-0.01243	-0.00936	0.01068	0.00040	-0.00550	0.00470	0.00316	-0.00676	-0.00745	-0.00728	-0.00861	0.03585	-0.00136	-0.01379	0.03211	-0.00993	0.00226	-0.02132	-0.00931	-0.01678	(Member $x0 curator)
p203905	0.00081	-0.01791	-0.01789	0.01404	0.00023	0.00224	-0.00679	-0.01606	-0.00335	-0.00659	-0.01880	-0.00152	0.01744	-0.00011	0.00623	0.00082	-0.00503	0.02914	-0.00555	-0.01448	-0.00301	-0.00344	-0.00133	-0.00168	0.01551	-0.00206	-0.00550	-0.00349	0.01937	0.00495	-0.00315	-0.01842	(Member $x0 delegation)
p203906	-0.01419	-0.02324	-0.01222	-0.01543	0.02547	0.01885	-0.01794	0.02269	0.03085	0.00005	-0.03455	0.03915	-0.02997	-0.02061	-0.00407	-0.02421	0.00710	-0.01623	0.02875	-0.02283	0.01268	-0.01195	0.00320	-0.02053	-0.01513	0.03570	-0.01131	-0.01418	-0.03447	-0.03374	0.02725	0.00354	(Member $x0 departure)
p203907	0.00875	0.00248	-0.00210	0.00076	0.00373	-0.00516	-0.00707	-0.01126	-0.00225	-0.00809	0.00586	0.00056	-0.00690	-0.00308	0.00811	-0.00190	-0.00117	0.00160	-0.00899	-0.00431	-0.00601	0.00328	-0.00176	0.00129	0.00683	-0.00594	-0.00060	0.00389	0.01916	-0.00343	-0.00120	-0.00842	(Member $x0 descent)
p203908	-0.02367	0.00278	-0.06964	0.01657	-0.00832	-0.02929	0.00908	0.05728	0.03502	0.01515	0.04174	0.03839	0.01815	0.04791	0.06453	0.11432	-0.01046	-0.02533	-0.03683	-0.00236	-0.01614	-0.04017	-0.04878	0.00606	-0.02137	-0.00942	-0.06068	-0.02523	-0.03458	0.02473	-0.02976	-0.01531	(Member $x0 drill)
p203909	-0.00297	0.00350	0.07256	0.06319	-0.00650	-0.00742	-0.00584	-0.00453	-0.01404	-0.00103	-0.03230	0.00350	-0.00723	-0.02291	-0.01674	0.04105	-0.01492	-0.01287	-0.01545	-0.03137	-0.02802	-0.01770	0.04520	-0.01844	-0.01452	0.03864	-0.01576	-0.03996	-0.05425	-0.00981	0.06508	-0.01617	(Member $x0 driver)
p203910	-0.03922	0.07577	-0.09794	0.04252	-0.00430	-0.06826	0.05120	0.12427	0.04626	0.02186	0.20183	0.10432	-0.00220	0.08573	0.16435	0.11132	-0.02693	-0.08587	-0.09024	0.00922	-0.03824	-0.05021	-0.07824	-0.00598	0.00625	-0.03937	-0.10076	-0.04250	-0.06474	0.05139	-0.05172	-0.03869	(Member $x0 elder)
p203911	0.00277	-0.00874	-0.00217	0.00392	-0.00866	-0.00330	-0.00430	-0.00736	-0.00322	-0.00275	-0.00143	0.00093	0.00677	-0.00417	0.00963	0.00013	0.00936	0.00684	-0.00537	-0.00797	-0.00376	-0.00365	-0.00366	0.00268	0.01011	-0.00870	-0.00768	0.01277	0.00763	0.00143	-0.00760	-0.00889	(Member $x0 elm)
p203912	0.01716	-0.02722	0.00484	-0.00105	-0.08216	0.14862	0.01231	-0.06395	0.05216	-0.02878	0.05812	-0.02187	0.03813	-0.05048	-0.05909	0.13140	-0.02540	-0.02550	0.08555	0.16912	0.04156	-0.02796	-0.12166	0.16585	0.28722	-0.24254	-0.00964	0.04261	0.06273	-0.08451	0.14328	-0.10317	(Member $x0 emmy)
p203913	-0.01419	-0.02325	-0.01222	-0.01543	0.02547	0.01885	-0.01795	0.02268	0.03084	0.00005	-0.03456	0.03915	-0.02998	-0.02061	-0.00407	-0.02422	0.00710	-0.01623	0.02875	-0.02283	0.01267	-0.01196	0.00320	-0.02053	-0.01514	0.03570	-0.01131	-0.01418	-0.03447	-0.03374	0.02725	0.00354	(Member $x0 ferry)
p203914	-0.00297	0.00350	0.07256	0.06319	-0.00650	-0.00742	-0.00584	-0.00453	-0.01404	-0.00103	-0.03230	0.00350	-0.00723	-0.02291	-0.01674	0.04105	-0.01492	-0.01287	-0.01545	-0.03137	-0.02802	-0.01770	0.04520	-0.01844	-0.01452	0.03863	-0.01576	-0.03996	-0.05425	-0.00981	0.06508	-0.01617	(Member $x0 foreman)
p203915	0.00231	-0.01077	0.00638	-0.00218	-0.01448	-0.00650	-0.00444	-0.00646	-0.00228	0.00053	0.00664	0.00693	0.00745	-0.00865	0.01323	-0.00240	0.01976	0.00002	-0.00266	-0.00943	-0.00015	-0.00729	-0.00397	0.00366	0.01474	-0.00393	-0.01251	0.01695	-0.00295	0.00093	-0.00962	-0.00843	(Member $x0 founder)
p203916	-0.01313	-0.02906	-0.03497	0.01389	0.05028	-0.03946	-0.01987	0.02070	-0.03237	0.05874	-0.01555	-0.03093	-0.03426	0.06106	0.00267	-0.00451	0.00819	0.02750	-0.00730	-0.00882	0.01939	-0.02922	0.05521	0.06702	0.04484	0.00041	0.02032	-0.00880	-0.03696	-0.03915	-0.02784	-0.02459	(Member $x0 frame)
p203917	0.00125	-0.01352	-0.01436	0.00991	0.00017	0.00045	-0.00824	-0.01686	-0.00228	-0.00717	-0.01281	0.00032	0.01012	-0.00027	0.00562	-0.00064	-0.00618	0.02318	-0.00788	-0.01307	-0.00460	-0.00015	-0.00055	-0.00285	0.01621	-0.00143	-0.00405	-0.00214	0.02011	0.00370	-0.00249	-0.01674	(Member $x0 freight)
p203918	0.00681	0.04034	-0.00735	0.00550	0.00058	0.01717	0.00525	0.00936	0.00115	0.04061	-0.00616	-0.00936	-0.01004	-0.00952	-0.01981	-0.00054	-0.00364	-0.02021	0.05666	-0.00017	-0.00683	-0.00917	-0.01038	-0.01090	-0.01459	-0.01601	0.01317	-0.03270	-0.00336	-0.01136	0.00564	0.00259	(Member $x0 gate)
p203919	-0.02332	-0.02432	-0.02218	0.00735	-0.00791	0.03796	0.01797	0.03206	0.02116	0.01388	-0.03279	-0.01965	0.01031	-0.00820	-0.02358	0.00390	-0.00351	0.02691	0.00379	-0.01860	0.02723	-0.02527	-0.01891	-0.00246	-0.02299	-0.01050	-0.01871	-0.02756	-0.02482	0.00929	0.00297	-0.01245	(Member $x0 government)
p203920	0.00866	0.00248	-0.00229	0.00058	0.00362	-0.00534	-0.00728	-0.01150	-0.00254	-0.00834	0.00570	0.00040	-0.00715	-0.00321	0.00796	-0.00213	-0.00147	0.00129	-0.00915	-0.00449	-0.00627	0.00312	-0.00200	0.00102	0.00663	-0.00625	-0.00080	0.00367	0.01890	-0.00364	-0.00130	-0.00862	(Member $x0 hatch)
p203921	0.00880	-0.01976	0.01983	-0.00430	-0.01936	-0.00970	-0.00114	-0.00064	-0.00810	0.00657	0.01315	0.00973	0.03436	-0.01868	0.02799	-0.00446	0.04799	-0.00330	0.00120	-0.01126	0.01151	-0.02075	-0.01094	0.01540	0.00861	-0.00425	-0.02543	0.02053	-0.02366	-0.01000	-0.01258	-0.01522	(Member $x0 hearing)
p203922	-0.06848	0.00921	-0.08339	0.06010	0.01378	-0.05885	-0.02334	-0.06862	0.15860	0.08350	-0.02646	-0.05612	-0.04226	-0.09918	0.13137	-0.00438	0.05973	-0.00705	-0.03022	0.08053	0.12633	-0.01929	0.09131	-0.07592	-0.00018	-0.05939	-0.02413	-0.04014	0.17780	0.00743	0.01664	0.00518	(Member $x0 hotel)
p203923	0.05573	-0.03055	-0.00958	-0.03238	-0.01609	0.00360	0.00206	0.01529	-0.00306	0.00572	-0.02045	-0.02391	-0.02103	-0.00658	-0.01709	0.02167	-0.01542	0.00230	0.01283	0.00213	0.05538	0.05643	0.00724	-0.00801	-0.02886	-0.02965	-0.00028	0.02758	-0.01013	-0.03995	-0.01094	0.05175	(Member $x0 ladder)
p203924	0.00277	-0.00874	-0.00217	0.00392	-0.00866	-0.00330	-0.00430	-0.00736	-0.00322	-0.00275	-0.00144	0.00093	0.00676	-0.00417	0.00964	0.00013	0.00936	0.00684	-0.00538	-0.00797	-0.00376	-0.00365	-0.00366	0.00268	0.01012	-0.00870	-0.00768	0.01277	0.00763	0.00143	-0.00760	-0.00889	(Member $x0 last)
p203925	-0.00084	-0.00976	-0.01459	0.01148	0.00004	0.00297	-0.00975	-0.01531	-0.00033	-0.00718	-0.01197	0.00094	0.00135	0.00378	0.00307	0.00010	-0.00867	0.01992	-0.00955	-0.01046	-0.00934	0.00632	0.00207	-0.00516	0.01749	-0.00375	0.00030	0.00116	0.02232	0.00494	-0.00320	-0.01202	(Member $x0 licence)
p203926	-0.00188	0.00173	-0.00159	-0.00103	0.01057	-0.01370	0.00726	0.02319	-0.00412	0.00765	0.00106	-0.01290	-0.01223	0.00273	-0.00235	-0.00655	0.00767	-0.00874	0.00047	0.00966	0.00591	-0.01333	0.00916	0.00971	0.00197	-0.00541	0.00295	-0.00588	-0.01903	-0.01079	-0.00868	-0.00143	(Member $x0 mural)
p203927	0.00947	0.00256	-0.00183	0.00098	0.00405	-0.00510	-0.00714	-0.01129	-0.00233	-0.00820	0.00626	0.00086	-0.00707	-0.00282	0.00859	-0.00192	-0.00119	0.00175	-0.00934	-0.00424	-0.00600	0.00360	-0.00170	0.00139	0.00726	-0.00587	-0.00039	0.00422	0.01897	-0.00338	-0.00088	-0.00841	(Member $x0 night_crew)
p203928	0.00903	0.00250	-0.01561	0.02380	-0.00011	0.01240	-0.00919	-0.00249	-0.00618	0.01933	-0.01448	-0.01392	0.00826	-0.00738	0.01189	-0.00070	-0.00897	-0.00054	-0.00452	-0.00263	-0.01593	0.00874	-0.00580	0.01594	-0.00061	-0.01736	0.03199	-0.00806	0.00738	-0.01534	-0.00368	-0.01311	(Member $x0 nurse)
p203929	0.10205	-0.03318	-0.02702	-0.04595	-0.01736	-0.02280	-0.00396	0.00844	-0.03089	0.00685	-0.02337	-0.01641	-0.02555	0.01164	-0.01397	0.06853	-0.02315	-0.00588	0.01200	-0.00024	0.08885	0.09881	0.01226	0.00001	-0.03268	-0.04664	-0.02005	0.04144	0.00461	-0.04918	-0.02048	0.06866	(Member $x0 painting)
p203930	0.01756	0.00138	-0.04348	0.03353	-0.00847	0.00609	0.08495	-0.03003	-0.02086	-0.01369	-0.00650	-0.03649	0.02255	0.00601	0.02038	0.00505	-0.04616	0.01670	-0.02801	-0.01279	-0.00435	-0.02412	-0.00227	-0.02117	0.02151	-0.02245	0.06942	-0.02651	0.03286	0.05441	-0.00125	-0.03273	(Member $x0 pier)
p203931	-0.04485	-0.07006	-0.05892	-0.02163	0.07171	-0.10458	-0.03262	0.05853	-0.07085	0.12242	-0.02269	-0.04483	-0.06891	0.16174	-0.00677	-0.02570	0.02856	0.04782	-0.03409	-0.03526	0.09921	-0.06795	0.15757	0.13509	0.10228	0.07168	0.00665	-0.02113	-0.10020	-0.07816	-0.05737	-0.04370	(Member $x0 ranger)
p203932	-0.00460	0.01133	0.09181	0.08854	-0.00277	-0.00744	0.01057	-0.01978	-0.02498	-0.00619	-0.02703	-0.00631	-0.00810	-0.02273	-0.02517	0.04344	-0.01790	-0.01716	-0.01824	-0.02914	-0.03654	-0.01864	0.05438	-0.02313	-0.01004	0.03062	0.00173	-0.04150	-0.05748	0.00219	0.06210	-0.01864	(Member $x0 recruit)
p203933	0.00886	0.00260	-0.00200	0.00089	0.00379	-0.00503	-0.00696	-0.01115	-0.00215	-0.00800	0.00597	0.00066	-0.00677	-0.00293	0.00815	-0.00177	-0.00107	0.00171	-0.00888	-0.00418	-0.00590	0.00340	-0.00169	0.00143	0.00694	-0.00595	-0.00051	0.00403	0.01930	-0.00332	-0.00110	-0.00833	(Member $x0 repair)
p203934	0.00872	0.00259	-0.01526	0.02336	0.00015	0.01242	-0.00983	-0.00217	-0.00606	0.01944	-0.01458	-0.01342	0.00804	-0.00749	0.01172	-0.00069	-0.00837	-0.00097	-0.00421	-0.00263	-0.01587	0.00917	-0.00580	0.01632	-0.00101	-0.01724	0.03086	-0.00801	0.00715	-0.01579	-0.00382	-0.01279	(Member $x0 ridge)
p203935	-0.04927	0.00018	-0.02153	0.00212	0.06543	0.02765	-0.00581	0.00606	-0.03671	-0.05145	0.06372	-0.02953	0.11017	0.03142	-0.04302	0.00881	-0.01526	-0.01515	0.01038	0.06767	-0.02107	0.02372	0.09870	-0.03438	-0.03168	-0.06097	0.01162	0.05475	-0.01008	0.07119	-0.05675	0.00475	(Member $x0 roof)
p203936	0.00872	0.00259	-0.01526	0.02336	0.00015	0.01242	-0.00982	-0.00217	-0.00606	0.01944	-0.01458	-0.01342	0.00805	-0.00749	0.01172	-0.00069	-0.00837	-0.00097	-0.00421	-0.00263	-0.01587	0.00917	-0.00579	0.01632	-0.00101	-0.01724	0.03086	-0.00801	0.00715	-0.01579	-0.00382	-0.01279	(Member $x0 shepherd)
p203937	0.00898	0.00268	-0.00199	0.00084	0.00390	-0.00508	-0.00703	-0.01124	-0.00226	-0.00807	0.00599	0.00069	-0.00692	-0.00297	0.00829	-0.00187	-0.00118	0.00160	-0.00894	-0.00424	-0.00599	0.00340	-0.00170	0.00130	0.00694	-0.00589	-0.00051	0.00396	0.01911	-0.00339	-0.00103	-0.00835	(Member $x0 skylight)
p203938	0.00950	0.00241	-0.00204	0.00079	0.00398	-0.00539	-0.00745	-0.01161	-0.00272	-0.00856	0.00615	0.00068	-0.00745	-0.00299	0.00852	-0.00225	-0.00156	0.00143	-0.00974	-0.00450	-0.00634	0.00344	-0.00201	0.00107	0.00708	-0.00618	-0.00060	0.00401	0.01849	-0.00367	-0.00099	-0.00871	(Member $x0 spoil_mound)
p203939	-0.04485	-0.07006	-0.05892	-0.02163	0.07171	-0.10458	-0.03262	0.05853	-0.07085	0.12242	-0.02269	-0.04483	-0.06891	0.16174	-0.00677	-0.02570	0.02856	0.04782	-0.03409	-0.03526	0.09921	-0.06795	0.15757	0.13509	0.10228	0.07168	0.00665	-0.02113	-0.10020	-0.07816	-0.05737	-0.04370	(Member $x0 survey)
p203940	-0.00460	0.01133	0.09181	0.08854	-0.00277	-0.00744	0.01057	-0.01978	-0.02498	-0.00619	-0.02704	-0.00631	-0.00810	-0.02273	-0.02517	0.04344	-0.01790	-0.01716	-0.01824	-0.02914	-0.03654	-0.01864	0.05438	-0.02313	-0.01004	0.03062	0.00173	-0.04150	-0.05748	0.00219	0.06210	-0.01864	(Member $x0 trainer)
p203941	0.00903	0.00250	-0.01561	0.02380	-0.00011	0.01240	-0.00919	-0.00249	-0.00618	0.01933	-0.01448	-0.01392	0.00826	-0.00738	0.01189	-0.00070	-0.00897	-0.00054	-0.00452	-0.00263	-0.01593	0.00874	-0.00580	0.01594	-0.00061	-0.01736	0.03199	-0.00806	0.00738	-0.01534	-0.00368	-0.01311	(Member $x0 ward)
p203942	0.01637	0.04015	0.01980	0.08659	-0.07334	0.17115	-0.10730	-0.05009	0.01937	0.19587	-0.02700	0.16479	0.14781	-0.12648	0.15674	-0.04797	-0.06434	-0.17338	-0.14022	0.02031	-0.12639	0.21003	-0.09474	0.05148	-0.03930	0.03936	0.15104	-0.06425	-0.01319	-0.20878	-0.02435	0.07348	(Ongoing $e0)
p203943	0.06679	0.11556	0.05416	-0.09304	-0.16611	-0.05331	0.11035	0.03980	0.12942	-0.00577	-0.04272	0.09047	0.07674	-0.09629	-0.03553	-0.04331	-0.04999	0.07100	-0.06306	-0.05140	-0.05289	-0.03277	0.14882	0.12258	-0.01047	-0.05549	-0.05535	0.04655	0.08922	-0.08020	-0.03072	0.03362	(Ordinal $x0 <num> buy)
p203944	0.24518	-0.05327	0.08782	0.02028	0.15225	-0.01011	-0.05799	-0.07431	0.02420	0.18160	0.02896	0.12528	0.02717	0.00303	-0.07240	-0.01782	-0.04837	0.13741	-0.05927	0.10713	-0.07319	-0.01849	-0.10055	-0.12132	0.05408	-0.05899	-0.04114	-0.14254	-0.04501	0.12200	-0.02456	-0.07207	(Possession $x0 free_soil_party)
p203945	0.24518	-0.05328	0.08782	0.02028	0.15225	-0.01011	-0.05799	-0.07431	0.02420	0.18160	0.02896	0.12528	0.02717	0.00303	-0.07240	-0.01782	-0.04838	0.13741	-0.05928	0.10713	-0.07319	-0.01849	-0.10055	-0.12132	0.05408	-0.05899	-0.04114	-0.14254	-0.04501	0.12200	-0.02456	-0.07207	(Possession $x0 republican_party)
p203946	-0.01810	0.13951	-0.00153	-0.01018	-0.08288	0.02605	0.03979	0.01833	-0.02964	0.09172	-0.02645	-0.01979	0.01988	0.05149	-0.07040	0.01224	-0.04373	-0.05274	0.14571	0.00366	-0.04260	0.00869	-0.00854	-0.07994	-0.02239	-0.09390	-0.01404	0.08067	-0.03892	0.10041	0.04977	0.00867	(Result $e0 $e1)
p203947	0.00185	0.25155	0.01135	0.02148	0.04356	0.02444	-0.00441	0.08846	-0.03324	0.08605	0.01373	-0.02722	-0.01370	-0.00456	-0.08409	0.00409	0.02396	-0.12459	0.26437	0.06403	-0.06061	-0.02247	-0.02831	-0.05651	-0.04838	-0.07322	-0.02450	-0.07145	-0.03378	-0.02726	-0.00008	0.10672	(Stimulus $e0 $e1)
p203948	-0.01681	0.01891	0.03328	0.01209	0.00767	0.00592	-0.04307	-0.02168	0.05197	0.00515	0.00481	0.02673	-0.02420	0.05329	-0.05170	-0.01480	0.05183	-0.01741	-0.01911	0.00547	-0.03908	0.07795	-0.02244	-0.01551	0.02735	-0.03108	-0.02588	0.01332	0.01518	-0.02210	-0.00204	0.00434	(Theme $e0 monthly_servicing)
p203949	0.00880	-0.01976	0.01983	-0.00430	-0.01936	-0.00970	-0.00114	-0.00064	-0.00810	0.00656	0.01314	0.00973	0.03436	-0.01868	0.02799	-0.00446	0.04799	-0.00330	0.00120	-0.01126	0.01151	-0.02075	-0.01094	0.01540	0.00861	-0.00425	-0.02543	0.02053	-0.02366	-0.01001	-0.01258	-0.01522	(Time $e0 (Weekday monday))
p203950	0.00080	-0.01792	-0.01789	0.01403	0.00022	0.00223	-0.00679	-0.01607	-0.00335	-0.00660	-0.01881	-0.00153	0.01743	-0.00012	0.00622	0.00081	-0.00503	0.02913	-0.00556	-0.01449	-0.00302	-0.00345	-0.00134	-0.00169	0.01550	-0.00206	-0.00551	-0.00350	0.01936	0.00494	-0.00316	-0.01842	(Time $e0 (Weekday thursday))
p203951	-0.00863	-0.00343	0.00222	-0.00909	-0.01957	-0.00971	-0.00740	-0.00871	-0.00373	0.00318	0.00766	0.00504	-0.00385	-0.00056	0.00317	-0.00298	-0.00264	-0.00014	-0.01380	-0.00395	-0.00175	0.01007	-0.00181	0.00742	-0.01084	0.00867	-0.00832	0.01323	0.01144	0.00339	0.00231	-0.00920	(Time $e0 later)
p203952	0.00880	-0.01976	0.01983	-0.00430	-0.01936	-0.00970	-0.00114	-0.00064	-0.00810	0.00657	0.01315	0.00973	0.03436	-0.01868	0.02799	-0.00446	0.04799	-0.00330	0.00120	-0.01126	0.01151	-0.02075	-0.01094	0.01540	0.00861	-0.00425	-0.02543	0.02053	-0.02366	-0.01000	-0.01258	-0.01522	(Time $e0 morning)
p203956	-0.01802	-0.01875	-0.01725	0.00556	-0.00628	0.02926	0.01474	0.02392	0.01629	0.01123	-0.02486	-0.01568	0.00856	-0.00603	-0.01812	0.00333	-0.00277	0.02133	0.00329	-0.01465	0.02185	-0.01995	-0.01531	-0.00140	-0.01788	-0.00800	-0.01460	-0.02167	-0.01856	0.00752	0.00267	-0.01018	(And (Agent $e0 $x0) (Agent $e0 jica) (Member $e0 fund) (Member $x0 government))
p203968	0.21202	0.02719	-0.03774	-0.01964	-0.08512	0.09396	0.00977	0.19444	-0.09895	-0.06435	-0.05914	-0.04505	0.00252	0.02626	0.03082	-0.04619	0.13354	-0.04402	0.00930	-0.00065	-0.14790	0.00213	0.05295	0.01278	0.00074	-0.00140	-0.01440	-0.04473	0.01500	0.08395	0.08443	-0.05353	(And (Agent $e0 $x0) (Also appear $e0) (Member $e1 appear) (Member $x0 person))
p203969	0.27275	0.02072	-0.06192	-0.00691	-0.10963	0.10659	0.03687	0.24035	-0.14041	-0.08863	-0.07197	-0.04537	-0.00491	0.04049	0.04650	-0.06418	0.17109	-0.03943	0.03725	-0.00093	-0.18599	0.01231	0.07730	0.01951	0.00590	0.00783	-0.02934	-0.05508	0.01936	0.10660	0.10625	-0.08485	(And (Agent $e0 $x0) (Also appear $e0) (Member $e1 appear) (Past $e0))
p203970	0.27275	0.02073	-0.06192	-0.00691	-0.10963	0.10659	0.03687	0.24035	-0.14041	-0.08863	-0.07196	-0.04537	-0.00491	0.04049	0.04650	-0.06418	0.17109	-0.03943	0.03725	-0.00093	-0.18599	0.01231	0.07730	0.01951	0.00590	0.00783	-0.02934	-0.05508	0.01936	0.10660	0.10625	-0.08485	(And (Agent $e0 $x0) (Also appear $e0) (Member $e1 appear) (Past $e1))
p203971	0.21202	0.02719	-0.03774	-0.01964	-0.08512	0.09396	0.00977	0.19444	-0.09895	-0.06435	-0.05914	-0.04505	0.00252	0.02626	0.03082	-0.04619	0.13354	-0.04402	0.00930	-0.00065	-0.14790	0.00213	0.05295	0.01278	0.00074	-0.00140	-0.01440	-0.04473	0.01500	0.08395	0.08443	-0.05353	(And (Agent $e0 $x0) (Also appear $e0) (Member $x0 person) (Past $e0))
p203973	0.21202	0.02719	-0.03774	-0.01964	-0.08512	0.09396	0.00977	0.19444	-0.09895	-0.06435	-0.05914	-0.04505	0.00252	0.02626	0.03082	-0.04619	0.13354	-0.04402	0.00930	-0.00065	-0.14790	0.00213	0.05295	0.01278	0.00074	-0.00140	-0.01440	-0.04473	0.01500	0.08395	0.08443	-0.05353	(And (Agent $e0 $x0) (Also appear $e1) (Member $e0 appear) (Member $x0 person))
p203974	0.27275	0.02073	-0.06192	-0.00691	-0.10963	0.10659	0.03687	0.24035	-0.14041	-0.08863	-0.07196	-0.04537	-0.00491	0.04049	0.04650	-0.06418	0.17109	-0.03943	0.03725	-0.00093	-0.18599	0.01231	0.07730	0.01951	0.00590	0.00783	-0.02934	-0.05508	0.01936	0.10660	0.10625	-0.08485	(And (Agent $e0 $x0) (Also appear $e1) (Member $e0 appear) (Past $e0))
p203975	0.27275	0.02072	-0.06192	-0.00691	-0.10963	0.10659	0.03687	0.24035	-0.14041	-0.08863	-0.07197	-0.04537	-0.00491	0.04049	0.04650	-0.06418	0.17109	-0.03943	0.03725	-0.00093	-0.18599	0.01231	0.07730	0.01951	0.00590	0.00783	-0.02934	-0.05508	0.01936	0.10660	0.10625	-0.08485	(And (Agent $e0 $x0) (Also appear $e1) (Member $e0 appear) (Past $e1))
p203976	0.07826	0.06551	-0.03792	0.14066	0.06474	0.04291	-0.04140	-0.03312	0.06206	-0.06644	0.04281	-0.06648	-0.04040	0.03031	-0.03491	-0.02874	0.00493	-0.02484	-0.02253	-0.02957	0.03860	-0.04454	-0.05844	0.06141	-0.00973	0.05128	0.00334	0.10078	-0.02844	0.05538	-0.07844	0.01385	(And (Agent $e0 $x0) (Beneficiary $e0 $x1) (Member $e0 buy) (Member $x0 school))
p203977	0.07826	0.06551	-0.03792	0.14066	0.06474	0.04291	-0.04140	-0.03312	0.06206	-0.06644	0.04281	-0.06647	-0.04039	0.03031	-0.03490	-0.02874	0.00494	-0.02484	-0.02253	-0.02957	0.03860	-0.04453	-0.05844	0.06140	-0.00972	0.05128	0.00335	0.10078	-0.02844	0.05537	-0.07844	0.01385	(And (Agent $e0 $x0) (Beneficiary $e0 $x1) (Member $e0 buy) (Member $x1 hall))
p203978	-0.02393	-0.01125	0.11579	0.05442	-0.09088	-0.02623	-0.04895	0.08464	-0.05082	-0.03180	0.01843	0.09281	0.03012	0.07147	-0.13071	-0.05116	-0.04058	-0.04042	0.03058	0.01133	0.09304	-0.01415	-0.03984	0.02090	0.02450	-0.08672	0.07264	0.02663	0.16294	0.05531	-0.05055	-0.00256	(And (Agent $e0 $x0) (Cardinality $x0 <num>) (GroupOf $x0 climber) (Member $e0 abandon))
p203979	-0.02393	-0.01125	0.11579	0.05442	-0.09088	-0.02623	-0.04895	0.08464	-0.05082	-0.03180	0.01843	0.09281	0.03012	0.07147	-0.13071	-0.05116	-0.04058	-0.04042	0.03058	0.01133	0.09304	-0.01415	-0.03984	0.02090	0.02450	-0.08672	0.07264	0.02663	0.16294	0.05531	-0.05055	-0.00256	(And (Agent $e0 $x0) (Cardinality $x0 <num>) (Member $e0 abandon) (Theme $e0 $x1))
p203980	0.05644	0.00332	0.04338	0.03653	-0.00861	-0.02119	0.02968	-0.03087	-0.03813	-0.00538	-0.02040	-0.01754	-0.01991	-0.00494	-0.01882	0.05902	-0.03131	-0.02289	-0.01142	-0.01758	0.01269	0.03667	0.04967	-0.02581	-0.01348	0.00225	0.03220	-0.01040	-0.03363	-0.01538	0.04192	0.01847	(And (Agent $e0 $x0) (Cardinality $x1 <num>) (Recipient $e0 $x2) (Theme $e0 $x1))
p203981	-0.03155	-0.04894	-0.04183	-0.01693	0.05285	-0.07608	-0.02531	0.05002	-0.05090	0.08511	-0.01674	-0.03071	-0.05047	0.11702	-0.01087	-0.02016	0.02710	0.03213	-0.02979	-0.02378	0.06581	-0.04771	0.11475	0.09558	0.08181	0.05328	0.00291	-0.01500	-0.07415	-0.05470	-0.04179	-0.02981	(And (Agent $e0 $x0) (CoAgent $e0 $x1) (Location $e0 $x2) (Member $x0 biologist))
p203982	-0.03155	-0.04894	-0.04183	-0.01693	0.05285	-0.07608	-0.02531	0.05002	-0.05090	0.08511	-0.01674	-0.03071	-0.05047	0.11702	-0.01087	-0.02016	0.02710	0.03213	-0.02978	-0.02378	0.06581	-0.04771	0.11475	0.09558	0.08181	0.05328	0.00291	-0.01500	-0.07415	-0.05470	-0.04179	-0.02981	(And (Agent $e0 $x0) (CoAgent $e0 $x1) (Location $e0 $x2) (Member $x1 ranger))
p203983	-0.03155	-0.04894	-0.04183	-0.01693	0.05285	-0.07608	-0.02531	0.05002	-0.05090	0.08511	-0.01674	-0.03071	-0.05047	0.11702	-0.01087	-0.02016	0.02710	0.03213	-0.02978	-0.02378	0.06581	-0.04771	0.11475	0.09558	0.08181	0.05328	0.00291	-0.01500	-0.07415	-0.05470	-0.04179	-0.02981	(And (Agent $e0 $x0) (CoAgent $e0 $x1) (Location $e0 $x2) (Member $x2 survey))
p203984	-0.03155	-0.04894	-0.04183	-0.01693	0.05285	-0.07608	-0.02531	0.05002	-0.05090	0.08511	-0.01674	-0.03071	-0.05047	0.11702	-0.01087	-0.02016	0.02710	0.03213	-0.02979	-0.02378	0.06581	-0.04771	0.11475	0.09558	0.08181	0.05328	0.00291	-0.01500	-0.07415	-0.05470	-0.04179	-0.02981	(And (Agent $e0 $x0) (CoAgent $e0 $x1) (Member $x0 biologist) (Member $x1 ranger))
p203985	0.00320	-0.01377	-0.01367	0.01276	0.00080	0.00126	-0.00305	-0.01039	-0.00451	-0.00487	-0.01547	-0.00469	0.01706	-0.00070	0.00582	0.00207	-0.00160	0.02410	-0.00384	-0.00996	-0.00098	-0.00561	-0.00383	0.00168	0.00796	-0.00501	-0.00492	-0.00190	0.01444	0.00278	-0.00252	-0.01472	(And (Agent $e0 $x0) (Future $e0) (Member $x0 delegation) (Time $e0 (Weekday thursday)))
p203986	-0.02393	-0.01125	0.11579	0.05442	-0.09088	-0.02623	-0.04895	0.08464	-0.05082	-0.03180	0.01843	0.09281	0.03012	0.07147	-0.13071	-0.05116	-0.04058	-0.04042	0.03058	0.01133	0.09304	-0.01415	-0.03984	0.02090	0.02450	-0.08672	0.07264	0.02663	0.16294	0.05531	-0.05055	-0.00256	(And (Agent $e0 $x0) (GroupOf $x0 climber) (Member $e0 abandon) (Theme $e0 $x1))
p203987	-0.00057	-0.00955	-0.01535	0.01499	0.00004	0.00362	-0.00548	-0.00914	-0.00310	-0.00605	-0.01558	-0.00596	0.00699	0.00492	0.00134	0.00311	-0.00656	0.02199	-0.00821	-0.00710	-0.00832	0.00209	-0.00193	-0.00225	0.00910	-0.00997	-0.00039	0.00216	0.01817	0.00504	-0.00425	-0.01010	(And (Agent $e0 $x0) (GroupOf $x0 soil_sample) (Inheritance soil_sample sample) (Instrument $e0 post))
p203988	-0.03248	0.07838	-0.08835	0.03889	-0.00450	-0.07229	0.04060	0.11678	0.04040	0.01947	0.20496	0.10428	-0.00412	0.08669	0.16178	0.10689	-0.02378	-0.08642	-0.08546	0.01321	-0.04412	-0.04199	-0.07131	-0.00507	0.01029	-0.03715	-0.09434	-0.03306	-0.05693	0.04494	-0.05033	-0.03320	(And (Agent $e0 $x0) (GroupOf $x1 child) (Member $e0 teach) (Recipient $e0 $x1))
p203989	-0.03248	0.07838	-0.08835	0.03889	-0.00450	-0.07229	0.04060	0.11678	0.04040	0.01946	0.20495	0.10428	-0.00412	0.08669	0.16178	0.10689	-0.02378	-0.08642	-0.08546	0.01320	-0.04412	-0.04199	-0.07131	-0.00507	0.01028	-0.03715	-0.09434	-0.03306	-0.05693	0.04494	-0.05033	-0.03320	(And (Agent $e0 $x0) (GroupOf $x1 child) (Member $x0 elder) (Recipient $e0 $x1))
p203990	-0.03248	0.07838	-0.08835	0.03889	-0.00450	-0.07229	0.04060	0.11678	0.04040	0.01946	0.20495	0.10428	-0.00412	0.08669	0.16178	0.10689	-0.02378	-0.08642	-0.08546	0.01320	-0.04412	-0.04199	-0.07131	-0.00507	0.01028	-0.03715	-0.09434	-0.03306	-0.05693	0.04494	-0.05033	-0.03320	(And (Agent $e0 $x0) (GroupOf $x1 child) (Recipient $e0 $x1) (Theme $e0 $x2))
p203991	-0.10090	0.08419	-0.07466	-0.03785	0.01779	0.00474	-0.06545	-0.04917	-0.06231	-0.03846	-0.04788	0.07409	-0.03498	-0.03278	-0.02695	0.13069	0.16789	0.07256	-0.03427	-0.00169	0.01695	-0.02025	0.02047	0.00849	-0.00955	0.01970	0.09515	0.04104	0.00914	0.05039	-0.05641	-0.04215	(And (Agent $e0 $x0) (GroupOf $x1 forklift) (Member $e0 buy) (Theme $e0 $x1))
p203992	-0.01694	-0.01763	-0.01493	0.00591	-0.00500	0.02624	0.01006	0.02374	0.01639	0.00799	-0.02420	-0.01193	0.00567	-0.00618	-0.01662	0.00262	-0.00178	0.01802	0.00224	-0.01203	0.01703	-0.01703	-0.01103	-0.00279	-0.01470	-0.00723	-0.01282	-0.01736	-0.01847	0.00684	-0.00006	-0.00627	(And (Agent $e0 $x0) (GroupOf $x1 sample) (Member $e0 examine) (Theme $e0 $x1))
p203993	-0.01698	-0.01774	-0.01493	0.00599	-0.00519	0.02623	0.01020	0.02367	0.01650	0.00792	-0.02426	-0.01206	0.00582	-0.00614	-0.01669	0.00275	-0.00176	0.01818	0.00238	-0.01204	0.01696	-0.01732	-0.01111	-0.00280	-0.01446	-0.00729	-0.01287	-0.01733	-0.01847	0.00719	-0.00031	-0.00614	(And (Agent $e0 $x0) (GroupOf $x1 sample) (Member $x0 physician) (Theme $e0 $x1))
p203994	-0.01585	-0.01769	-0.01078	0.00164	-0.00713	0.02472	0.00640	0.02090	0.01934	0.00329	-0.02492	-0.00513	-0.00206	-0.00637	-0.01480	0.00093	-0.00305	0.01168	0.00358	-0.01175	0.00946	-0.01737	-0.00299	-0.00831	-0.00268	-0.00050	-0.00996	-0.01504	-0.02041	0.01279	-0.00486	0.00300	(And (Agent $e0 $x0) (Inheritance evening_flight flight) (Member $x1 evening_flight) (Theme $e0 $x1))
p203995	-0.01762	-0.01837	-0.01648	0.00550	-0.00555	0.02853	0.01230	0.02404	0.01630	0.01024	-0.02470	-0.01393	0.00674	-0.00626	-0.01742	0.00273	-0.00230	0.02016	0.00232	-0.01398	0.02022	-0.01835	-0.01387	-0.00182	-0.01710	-0.00750	-0.01404	-0.02015	-0.01847	0.00640	0.00227	-0.00910	(And (Agent $e0 $x0) (Inheritance loan_application application) (Member $x1 loan_application) (Theme $e0 $x1))
p203996	-0.00321	-0.01053	-0.01419	0.01095	-0.00100	0.00395	-0.00819	-0.01268	-0.00001	-0.00538	-0.01345	0.00062	0.00276	0.00415	0.00102	0.00030	-0.00848	0.01911	-0.00741	-0.00959	-0.00798	0.00523	0.00233	-0.00562	0.01529	-0.00240	0.00020	-0.00004	0.01728	0.00537	-0.00310	-0.01005	(And (Agent $e0 $x0) (Inheritance night_delivery delivery) (Member $x0 licence) (Theme $e0 night_delivery))
p203997	0.06444	0.09918	0.04916	-0.07989	-0.14738	-0.05995	0.10325	0.04024	0.11696	-0.00463	-0.03228	0.07870	0.07599	-0.08815	-0.03265	-0.03899	-0.04367	0.05834	-0.05482	-0.04764	-0.04885	-0.02685	0.13552	0.11573	-0.00649	-0.05128	-0.05020	0.03930	0.08576	-0.06986	-0.02760	0.02550	(And (Agent $e0 $x0) (Inheritance pottery_studio studio) (Member $e0 buy) (Member $x0 pottery_studio))
p203998	-0.06553	-0.05793	0.12471	-0.06866	0.03329	-0.05373	-0.07953	0.02301	0.07234	-0.07938	0.01033	-0.10022	-0.03041	-0.09977	0.10910	0.04451	-0.03705	0.06084	0.08205	-0.00244	-0.03699	0.08718	-0.00464	0.11609	-0.03989	-0.00901	0.05289	0.00788	-0.00085	0.15304	-0.08345	-0.01172	(And (Agent $e0 $x0) (Location $e0 $x1) (Member $e0 discover) (Member $x0 diver))
p203999	-0.03635	-0.05838	-0.04637	-0.02189	0.04656	-0.08583	-0.02659	0.05103	-0.05804	0.10551	-0.01741	-0.03722	-0.05541	0.13923	-0.00930	-0.02145	0.02258	0.03882	-0.02584	-0.03013	0.08380	-0.05691	0.13287	0.11490	0.08071	0.05950	0.00417	-0.01617	-0.08178	-0.06540	-0.04873	-0.03478	(And (Agent $e0 $x0) (Location $e0 $x1) (Member $e0 work) (Member $x0 biologist))
p204000	-0.04964	-0.07951	-0.06347	-0.02659	0.06542	-0.11434	-0.03391	0.05954	-0.07799	0.14282	-0.02336	-0.05134	-0.07385	0.18395	-0.00520	-0.02700	0.02404	0.05450	-0.03015	-0.04161	0.11719	-0.07716	0.17568	0.15439	0.10117	0.07790	0.00791	-0.02230	-0.10783	-0.08887	-0.06432	-0.04867	(And (Agent $e0 $x0) (Location $e0 $x1) (Member $e0 work) (Member $x1 survey))
p204001	0.00853	-0.01035	-0.01724	0.02805	0.00149	0.00441	-0.00843	0.00104	-0.00402	0.02736	-0.01402	-0.01888	-0.01017	-0.00845	0.00879	0.00094	-0.00531	0.00439	0.00550	-0.00585	-0.00595	-0.00760	-0.00750	0.03489	-0.00272	-0.01200	0.03200	-0.01159	-0.00276	-0.02030	-0.00820	-0.01460	(And (Agent $e0 $x0) (Location $e0 $x1) (Member $x0 curator) (Member $x1 hall))
p204002	0.00853	-0.01035	-0.01724	0.02805	0.00149	0.00441	-0.00843	0.00104	-0.00402	0.02736	-0.01402	-0.01888	-0.01017	-0.00845	0.00879	0.00094	-0.00531	0.00439	0.00550	-0.00585	-0.00595	-0.00760	-0.00750	0.03489	-0.00272	-0.01200	0.03200	-0.01159	-0.00276	-0.02030	-0.00820	-0.01460	(And (Agent $e0 $x0) (Location $e0 $x1) (Member $x0 curator) (Theme $e0 photography))
p204003	-0.01505	-0.02947	-0.03415	0.01364	0.04909	-0.03797	-0.01808	0.02345	-0.03168	0.06057	-0.01688	-0.03090	-0.03235	0.06150	0.00067	-0.00411	0.00833	0.02686	-0.00502	-0.00777	0.02066	-0.02982	0.05540	0.06643	0.04289	0.00188	0.02040	-0.00983	-0.04170	-0.03817	-0.02736	-0.02240	(And (Agent $e0 $x0) (Location $e0 $x1) (Member $x0 welder) (Member $x1 frame))
p204004	0.00849	-0.01039	-0.01728	0.02801	0.00145	0.00436	-0.00847	0.00101	-0.00407	0.02731	-0.01406	-0.01892	-0.01021	-0.00849	0.00876	0.00090	-0.00535	0.00435	0.00545	-0.00589	-0.00599	-0.00764	-0.00754	0.03486	-0.00275	-0.01204	0.03196	-0.01163	-0.00280	-0.02034	-0.00824	-0.01464	(And (Agent $e0 $x0) (Location $e0 $x1) (Member $x1 hall) (Theme $e0 photography))
p204006	0.07211	-0.04064	-0.03397	-0.04416	0.13061	-0.02965	-0.09343	0.05963	0.07567	-0.06142	-0.08299	0.14259	-0.08373	-0.04829	0.10336	-0.08245	0.01197	-0.06178	0.03815	-0.01220	-0.01741	-0.00294	0.03788	-0.09814	0.02921	0.02974	0.11879	0.17161	-0.09634	-0.19503	0.18827	0.00967	(And (Agent $e0 $x0) (Member $e0 abandon) (Member $x0 firm) (Theme $e0 $x1))
p204007	-0.02393	-0.01125	0.11579	0.05442	-0.09088	-0.02623	-0.04895	0.08464	-0.05082	-0.03180	0.01843	0.09281	0.03012	0.07147	-0.13071	-0.05116	-0.04058	-0.04042	0.03058	0.01133	0.09304	-0.01415	-0.03984	0.02090	0.02450	-0.08672	0.07264	0.02663	0.16294	0.05531	-0.05055	-0.00256	(And (Agent $e0 $x0) (Member $e0 abandon) (Member $x1 north_route) (Theme $e0 $x1))
p204009	0.07211	-0.04064	-0.03397	-0.04416	0.13061	-0.02965	-0.09343	0.05963	0.07567	-0.06142	-0.08299	0.14259	-0.08373	-0.04829	0.10336	-0.08245	0.01197	-0.06178	0.03815	-0.01220	-0.01741	-0.00294	0.03788	-0.09814	0.02920	0.02974	0.11879	0.17161	-0.09634	-0.19503	0.18827	0.00967	(And (Agent $e0 $x0) (Member $e0 abandon) (Member $x1 tender) (Theme $e0 $x1))
p204011	-0.02186	-0.01825	-0.01163	-0.00392	-0.00147	0.03032	0.00213	0.02151	0.01834	0.01041	-0.02457	0.00839	-0.00366	-0.01109	-0.01692	-0.00597	-0.00161	0.00493	0.00528	-0.02217	0.01968	-0.01441	-0.00592	-0.00822	-0.01447	0.01501	-0.01830	-0.02849	-0.02453	0.00556	0.00728	-0.00853	(And (Agent $e0 $x0) (Member $e0 answer) (Member $x0 clerk) (Theme $e0 $x1))
p204012	-0.02170	-0.01809	-0.01151	-0.00378	-0.00150	0.03025	0.00181	0.02164	0.01839	0.01022	-0.02443	0.00854	-0.00382	-0.01115	-0.01686	-0.00605	-0.00157	0.00479	0.00496	-0.02194	0.01921	-0.01402	-0.00572	-0.00829	-0.01414	0.01470	-0.01816	-0.02814	-0.02441	0.00540	0.00715	-0.00841	(And (Agent $e0 $x0) (Member $e0 answer) (Member $x0 pilot) (Theme $e0 $x1))
p204013	-0.02186	-0.01825	-0.01163	-0.00391	-0.00147	0.03032	0.00213	0.02151	0.01834	0.01041	-0.02457	0.00839	-0.00366	-0.01109	-0.01692	-0.00597	-0.00161	0.00493	0.00528	-0.02217	0.01968	-0.01441	-0.00592	-0.00822	-0.01448	0.01501	-0.01830	-0.02849	-0.02453	0.00556	0.00728	-0.00852	(And (Agent $e0 $x0) (Member $e0 answer) (Member $x1 query) (Theme $e0 $x1))
p204014	-0.02170	-0.01809	-0.01151	-0.00378	-0.00150	0.03025	0.00181	0.02164	0.01839	0.01022	-0.02443	0.00854	-0.00382	-0.01115	-0.01686	-0.00605	-0.00157	0.00479	0.00496	-0.02194	0.01921	-0.01402	-0.00572	-0.00829	-0.01414	0.01471	-0.01816	-0.02814	-0.02441	0.00540	0.00715	-0.00841	(And (Agent $e0 $x0) (Member $e0 answer) (Member $x1 tower) (Theme $e0 $x1))
p204018	0.36313	0.06068	-0.05146	-0.05217	-0.14590	0.17514	-0.00772	0.34281	-0.15660	-0.10459	-0.10562	-0.08997	0.01232	0.03810	0.04580	-0.07454	0.22936	-0.09278	-0.00951	-0.00121	-0.25790	-0.00609	0.08139	0.01869	-0.00385	-0.01217	-0.01402	-0.07926	0.02544	0.14508	0.14687	-0.07593	(And (Agent $e0 $x0) (Member $e0 appear) (Member $x0 person) (Past $e0))
p204019	-0.00062	-0.01381	-0.01353	0.00992	-0.00049	0.00195	-0.00628	-0.01378	-0.00153	-0.00494	-0.01391	0.00045	0.01193	0.00068	0.00388	0.00001	-0.00562	0.02286	-0.00542	-0.01173	-0.00292	-0.00070	0.00014	-0.00296	0.01467	0.00029	-0.00366	-0.00288	0.01549	0.00471	-0.00197	-0.01434	(And (Agent $e0 $x0) (Member $e0 arrive) (Member $x0 freight) (Time $e0 (Hour <num>)))
p204020	-0.10090	0.08419	-0.07466	-0.03785	0.01779	0.00474	-0.06545	-0.04917	-0.06231	-0.03846	-0.04788	0.07409	-0.03498	-0.03278	-0.02695	0.13069	0.16789	0.07256	-0.03427	-0.00169	0.01695	-0.02025	0.02047	0.00849	-0.00955	0.01970	0.09515	0.04104	0.00914	0.05039	-0.05641	-0.04215	(And (Agent $e0 $x0) (Member $e0 buy) (Member $x0 depot) (Past $e0))
p204021	-0.10090	0.08419	-0.07466	-0.03785	0.01779	0.00474	-0.06545	-0.04917	-0.06231	-0.03846	-0.04789	0.07409	-0.03498	-0.03278	-0.02695	0.13069	0.16789	0.07256	-0.03428	-0.00169	0.01695	-0.02025	0.02047	0.00849	-0.00955	0.01970	0.09515	0.04104	0.00914	0.05039	-0.05641	-0.04215	(And (Agent $e0 $x0) (Member $e0 buy) (Member $x0 depot) (Theme $e0 $x1))
p204023	0.06444	0.09918	0.04916	-0.07989	-0.14738	-0.05995	0.10325	0.04024	0.11696	-0.00463	-0.03228	0.07870	0.07599	-0.08815	-0.03265	-0.03899	-0.04368	0.05834	-0.05482	-0.04764	-0.04885	-0.02685	0.13552	0.11573	-0.00649	-0.05128	-0.05020	0.03930	0.08576	-0.06986	-0.02760	0.02550	(And (Agent $e0 $x0) (Member $e0 buy) (Member $x0 pottery_studio) (Past $e0))
p204024	0.06444	0.09918	0.04916	-0.07989	-0.14738	-0.05995	0.10325	0.04024	0.11696	-0.00463	-0.03228	0.07870	0.07599	-0.08815	-0.03265	-0.03899	-0.04367	0.05834	-0.05482	-0.04764	-0.04885	-0.02685	0.13552	0.11573	-0.00649	-0.05128	-0.05020	0.03930	0.08576	-0.06986	-0.02760	0.02550	(And (Agent $e0 $x0) (Member $e0 buy) (Member $x0 pottery_studio) (Theme $e0 $x1))
p204025	0.07826	0.06551	-0.03792	0.14066	0.06474	0.04291	-0.04140	-0.03312	0.06206	-0.06644	0.04281	-0.06647	-0.04040	0.03031	-0.03490	-0.02874	0.00493	-0.02484	-0.02253	-0.02957	0.03860	-0.04454	-0.05844	0.06140	-0.00972	0.05128	0.00335	0.10078	-0.02844	0.05537	-0.07844	0.01385	(And (Agent $e0 $x0) (Member $e0 buy) (Member $x0 school) (Past $e0))
p204026	0.07826	0.06551	-0.03792	0.14066	0.06474	0.04291	-0.04140	-0.03312	0.06206	-0.06644	0.04281	-0.06647	-0.04039	0.03031	-0.03490	-0.02874	0.00493	-0.02484	-0.02253	-0.02957	0.03860	-0.04454	-0.05844	0.06140	-0.00972	0.05128	0.00335	0.10078	-0.02844	0.05537	-0.07844	0.01385	(And (Agent $e0 $x0) (Member $e0 buy) (Member $x0 school) (Theme $e0 $x1))
p204028	0.06444	0.09918	0.04916	-0.07989	-0.14738	-0.05995	0.10325	0.04024	0.11696	-0.00463	-0.03228	0.07870	0.07599	-0.08815	-0.03265	-0.03899	-0.04368	0.05834	-0.05482	-0.04764	-0.04885	-0.02685	0.13552	0.11573	-0.00649	-0.05128	-0.05020	0.03930	0.08576	-0.06986	-0.02760	0.02550	(And (Agent $e0 $x0) (Member $e0 buy) (Member $x1 kiln) (Theme $e0 $x1))
p204031	0.01321	-0.01704	0.03446	-0.03520	-0.04361	-0.00219	-0.01742	0.00771	0.00384	-0.04698	-0.03362	0.04173	-0.04318	-0.00145	0.01836	-0.01758	-0.00670	-0.03628	0.02537	-0.01552	-0.06308	-0.04117	0.04740	-0.07008	0.17486	0.07621	0.01011	0.01010	-0.05534	0.07983	-0.06146	0.14229	(And (Agent $e0 $x0) (Member $e0 cancel) (Member $x0 council) (Patient $e0 $x1))
p204032	0.01285	-0.01726	0.03417	-0.03546	-0.04390	-0.00176	-0.01734	0.00846	0.00484	-0.04648	-0.03419	0.04132	-0.04342	-0.00190	0.01798	-0.01774	-0.00639	-0.03625	0.02588	-0.01567	-0.06320	-0.04156	0.04754	-0.07018	0.17479	0.07684	0.00997	0.00968	-0.05574	0.07899	-0.06134	0.14293	(And (Agent $e0 $x0) (Member $e0 cancel) (Member $x0 tutor) (Patient $e0 $x1))
p204033	0.01285	-0.01726	0.03417	-0.03546	-0.04390	-0.00176	-0.01734	0.00846	0.00484	-0.04648	-0.03419	0.04132	-0.04342	-0.00190	0.01798	-0.01774	-0.00639	-0.03625	0.02588	-0.01567	-0.06320	-0.04156	0.04754	-0.07018	0.17479	0.07684	0.00997	0.00968	-0.05574	0.07899	-0.06134	0.14293	(And (Agent $e0 $x0) (Member $e0 cancel) (Member $x1 afternoon_session) (Patient $e0 $x1))
p204034	0.01321	-0.01704	0.03446	-0.03520	-0.04361	-0.00219	-0.01742	0.00771	0.00384	-0.04698	-0.03362	0.04173	-0.04318	-0.00145	0.01836	-0.01758	-0.00670	-0.03628	0.02537	-0.01552	-0.06308	-0.04117	0.04740	-0.07008	0.17486	0.07621	0.01011	0.01010	-0.05534	0.07983	-0.06146	0.14229	(And (Agent $e0 $x0) (Member $e0 cancel) (Member $x1 summer_fair) (Patient $e0 $x1))
p204035	0.00885	0.00805	-0.00815	0.04840	-0.02933	0.00587	-0.01280	0.04094	-0.01371	0.00175	-0.03396	-0.02744	0.15628	-0.00710	0.02461	0.00582	0.03784	0.00768	-0.03453	0.02674	-0.04245	0.02056	-0.01934	-0.00746	0.00577	-0.06312	-0.00173	0.07816	-0.01113	-0.01640	-0.02826	-0.00341	(And (Agent $e0 $x0) (Member $e0 cause) (Member $e1 destroy) (Theme $e0 $e1))
p204036	0.00885	0.00805	-0.00815	0.04840	-0.02933	0.00587	-0.01280	0.04094	-0.01371	0.00175	-0.03395	-0.02744	0.15628	-0.00710	0.02461	0.00582	0.03784	0.00768	-0.03453	0.02674	-0.04245	0.02056	-0.01934	-0.00746	0.00577	-0.06312	-0.00173	0.07816	-0.01113	-0.01640	-0.02826	-0.00341	(And (Agent $e0 $x0) (Member $e0 cause) (Patient $e1 $x1) (Theme $e0 $e1))
p204037	-0.05670	-0.03186	0.02707	-0.06790	0.00598	0.12968	-0.02067	-0.11785	0.01089	0.00286	0.23179	0.08479	-0.03770	-0.02754	-0.05422	-0.04287	-0.05556	-0.05252	0.04957	-0.03874	0.04010	0.07322	0.15246	-0.04921	-0.02241	0.04953	0.00487	-0.03865	0.01034	0.04211	-0.01532	-0.00944	(And (Agent $e0 $x0) (Member $e0 decide) (Member $x0 board) (Theme $e0 $x1))
p204038	-0.04159	-0.01985	0.00623	-0.02966	0.00635	0.06792	-0.00775	-0.05603	0.00738	0.00221	0.10922	0.04574	-0.01646	-0.01328	-0.03615	-0.01808	-0.03032	-0.02223	0.02051	-0.02440	0.02588	0.04276	0.06581	-0.02643	-0.01498	0.02299	-0.00970	-0.03118	-0.00156	0.03540	-0.00963	-0.01187	(And (Agent $e0 $x0) (Member $e0 decide) (Member $x0 judge) (Theme $e0 $x1))
p204039	-0.05670	-0.03186	0.02707	-0.06790	0.00598	0.12968	-0.02067	-0.11785	0.01089	0.00286	0.23179	0.08479	-0.03770	-0.02754	-0.05422	-0.04287	-0.05556	-0.05252	0.04957	-0.03874	0.04010	0.07322	0.15246	-0.04921	-0.02241	0.04953	0.00487	-0.03865	0.01034	0.04211	-0.01532	-0.00944	(And (Agent $e0 $x0) (Member $e0 decide) (Member $x1 budget) (Theme $e0 $x1))
p204040	-0.04159	-0.01985	0.00623	-0.02966	0.00635	0.06792	-0.00775	-0.05603	0.00738	0.00221	0.10922	0.04574	-0.01646	-0.01328	-0.03615	-0.01808	-0.03032	-0.02223	0.02051	-0.02440	0.02588	0.04276	0.06581	-0.02643	-0.01498	0.02299	-0.00970	-0.03118	-0.00156	0.03540	-0.00963	-0.01187	(And (Agent $e0 $x0) (Member $e0 decide) (Member $x1 case) (Theme $e0 $x1))
p204041	-0.05670	-0.03186	0.02707	-0.06790	0.00598	0.12968	-0.02067	-0.11785	0.01089	0.00286	0.23179	0.08479	-0.03770	-0.02754	-0.05422	-0.04287	-0.05556	-0.05252	0.04957	-0.03874	0.04010	0.07322	0.15246	-0.04921	-0.02241	0.04953	0.00487	-0.03865	0.01034	0.04211	-0.01532	-0.00944	(And (Agent $e0 $x0) (Member $e0 decide) (Possession $x1 next_year) (Theme $e0 $x1))
p204042	-0.06553	-0.05793	0.12471	-0.06866	0.03329	-0.05373	-0.07953	0.02301	0.07234	-0.07938	0.01033	-0.10022	-0.03041	-0.09977	0.10910	0.04451	-0.03705	0.06084	0.08205	-0.00244	-0.03699	0.08718	-0.00464	0.11609	-0.03989	-0.00901	0.05289	0.00788	-0.00085	0.15304	-0.08345	-0.01172	(And (Agent $e0 $x0) (Member $e0 discover) (Member $x0 diver) (Theme $e0 $x1))
p204043	-0.06636	0.18039	-0.05146	0.03132	0.04724	-0.08187	0.01937	0.05700	-0.01274	0.02949	0.02853	-0.01848	0.11697	-0.07625	-0.00038	-0.05137	-0.07354	0.06696	-0.12866	-0.05009	0.10053	0.19451	-0.04393	-0.07763	0.15776	0.12699	-0.05585	-0.13305	-0.00497	0.05060	0.12311	-0.12647	(And (Agent $e0 $x0) (Member $e0 discover) (Member $x0 intern) (Theme $e0 $x1))
p204044	-0.06636	0.18039	-0.05146	0.03132	0.04725	-0.08187	0.01937	0.05700	-0.01274	0.02949	0.02853	-0.01848	0.11697	-0.07625	-0.00038	-0.05137	-0.07354	0.06696	-0.12866	-0.05009	0.10053	0.19451	-0.04393	-0.07763	0.15776	0.12699	-0.05585	-0.13305	-0.00497	0.05060	0.12311	-0.12647	(And (Agent $e0 $x0) (Member $e0 discover) (Member $x1 file) (Theme $e0 $x1))
p204045	-0.06636	0.18039	-0.05146	0.03132	0.04724	-0.08187	0.01937	0.05700	-0.01274	0.02949	0.02853	-0.01848	0.11697	-0.07625	-0.00038	-0.05137	-0.07354	0.06696	-0.12866	-0.05009	0.10053	0.19451	-0.04393	-0.07763	0.15776	0.12699	-0.05585	-0.13305	-0.00497	0.05060	0.12311	-0.12647	(And (Agent $e0 $x0) (Member $e0 discover) (Member $x1 missing) (Theme $e0 $x1))
p204046	-0.06553	-0.05793	0.12471	-0.06866	0.03329	-0.05373	-0.07953	0.02301	0.07234	-0.07938	0.01033	-0.10022	-0.03041	-0.09977	0.10910	0.04451	-0.03705	0.06084	0.08204	-0.00244	-0.03699	0.08718	-0.00464	0.11609	-0.03989	-0.00901	0.05289	0.00788	-0.00085	0.15304	-0.08345	-0.01172	(And (Agent $e0 $x0) (Member $e0 discover) (Member $x1 wreck) (Theme $e0 $x1))
p204047	-0.01802	-0.01875	-0.01724	0.00556	-0.00628	0.02926	0.01474	0.02392	0.01629	0.01123	-0.02486	-0.01568	0.00857	-0.00603	-0.01812	0.00333	-0.00277	0.02133	0.00329	-0.01465	0.02185	-0.01995	-0.01531	-0.00140	-0.01788	-0.00800	-0.01460	-0.02167	-0.01856	0.00752	0.00267	-0.01018	(And (Agent $e0 $x0) (Member $e0 fund) (Member $x0 government) (Theme $e0 $x1))
p204048	0.00895	0.02423	0.08603	0.09378	0.00380	-0.01314	0.00703	-0.02834	-0.02653	-0.01070	-0.01695	-0.01120	-0.01005	-0.01751	-0.02016	0.03914	-0.02030	-0.02192	-0.01927	-0.02498	-0.04220	-0.01420	0.05329	-0.02642	-0.00306	0.03124	0.01022	-0.03885	-0.05097	0.00270	0.06990	-0.01921	(And (Agent $e0 $x0) (Member $e0 give) (Member $x0 school) (Recipient $e0 $x1))
p204049	0.00895	0.02423	0.08603	0.09378	0.00380	-0.01314	0.00703	-0.02834	-0.02653	-0.01070	-0.01695	-0.01120	-0.01005	-0.01751	-0.02016	0.03914	-0.02030	-0.02192	-0.01927	-0.02498	-0.04220	-0.01420	0.05329	-0.02642	-0.00306	0.03124	0.01022	-0.03885	-0.05097	0.00270	0.06990	-0.01921	(And (Agent $e0 $x0) (Member $e0 give) (Member $x0 school) (Theme $e0 $x1))
p204050	0.00196	0.01710	0.09547	0.08487	-0.00158	-0.01513	0.00692	-0.02701	-0.03058	-0.00911	-0.01875	-0.00296	-0.00894	-0.01969	-0.01952	0.04250	-0.01718	-0.02183	-0.01825	-0.02464	-0.04232	-0.01219	0.05778	-0.02230	-0.00409	0.03062	0.00643	-0.03426	-0.05017	0.00090	0.06130	-0.01620	(And (Agent $e0 $x0) (Member $e0 give) (Member $x0 trainer) (Recipient $e0 $x1))
p204051	0.00196	0.01710	0.09547	0.08487	-0.00158	-0.01513	0.00692	-0.02701	-0.03058	-0.00911	-0.01875	-0.00296	-0.00894	-0.01969	-0.01952	0.04250	-0.01718	-0.02183	-0.01825	-0.02464	-0.04232	-0.01219	0.05778	-0.02230	-0.00409	0.03062	0.00643	-0.03426	-0.05017	0.00090	0.06130	-0.01620	(And (Agent $e0 $x0) (Member $e0 give) (Member $x0 trainer) (Theme $e0 $x1))
p204052	0.00272	0.00844	0.07526	0.05746	-0.00616	-0.01379	-0.00926	-0.00981	-0.01826	-0.00327	-0.02452	0.00725	-0.00808	-0.02002	-0.01194	0.03919	-0.01374	-0.01757	-0.01467	-0.02697	-0.03303	-0.01178	0.04755	-0.01733	-0.00902	0.03855	-0.01145	-0.03304	-0.04690	-0.01093	0.06377	-0.01331	(And (Agent $e0 $x0) (Member $e0 give) (Member $x1 answer) (Theme $e0 $x1))
p204053	0.00359	0.00941	0.07629	0.05996	-0.00534	-0.01505	-0.00896	-0.01156	-0.01993	-0.00409	-0.02380	0.00636	-0.00789	-0.01969	-0.01133	0.04003	-0.01417	-0.01751	-0.01539	-0.02654	-0.03395	-0.01129	0.04860	-0.01757	-0.00847	0.03797	-0.01084	-0.03253	-0.04691	-0.01057	0.06373	-0.01360	(And (Agent $e0 $x0) (Member $e0 give) (Member $x1 manifest) (Theme $e0 $x1))
p204054	0.00196	0.01710	0.09547	0.08487	-0.00158	-0.01513	0.00692	-0.02701	-0.03058	-0.00911	-0.01875	-0.00296	-0.00894	-0.01969	-0.01952	0.04250	-0.01718	-0.02183	-0.01825	-0.02464	-0.04232	-0.01219	0.05779	-0.02230	-0.00409	0.03062	0.00643	-0.03426	-0.05017	0.00090	0.06130	-0.01620	(And (Agent $e0 $x0) (Member $e0 give) (Member $x1 recruit) (Recipient $e0 $x1))
p204055	0.00895	0.02423	0.08603	0.09378	0.00380	-0.01314	0.00703	-0.02834	-0.02653	-0.01070	-0.01694	-0.01121	-0.01005	-0.01751	-0.02016	0.03914	-0.02030	-0.02192	-0.01927	-0.02498	-0.04220	-0.01420	0.05329	-0.02642	-0.00306	0.03124	0.01022	-0.03885	-0.05097	0.00270	0.06990	-0.01921	(And (Agent $e0 $x0) (Member $e0 give) (Member $x1 winner) (Recipient $e0 $x1))
p204056	0.14854	-0.03941	-0.03214	-0.06570	-0.02270	-0.04239	0.00502	-0.00333	-0.04931	0.00802	-0.02326	-0.02051	-0.03513	0.02121	-0.01538	0.09584	-0.03523	-0.01641	0.01550	0.00391	0.12307	0.14380	0.02587	-0.00342	-0.03854	-0.05846	-0.00956	0.06010	0.00544	-0.06596	-0.02603	0.10018	(And (Agent $e0 $x0) (Member $e0 lend) (Member $x0 museum) (Recipient $e0 $x1))
p204057	0.14854	-0.03941	-0.03214	-0.06570	-0.02270	-0.04239	0.00502	-0.00333	-0.04931	0.00802	-0.02325	-0.02051	-0.03513	0.02121	-0.01538	0.09584	-0.03523	-0.01641	0.01550	0.00391	0.12307	0.14380	0.02587	-0.00342	-0.03854	-0.05846	-0.00956	0.06010	0.00544	-0.06596	-0.02603	0.10018	(And (Agent $e0 $x0) (Member $e0 lend) (Member $x0 museum) (Theme $e0 $x1))
p204058	0.08235	-0.03255	-0.01148	-0.03476	-0.02813	0.02127	0.00436	0.01628	-0.00633	0.00912	-0.02589	-0.02906	-0.02111	-0.00539	-0.02439	0.01631	-0.01896	0.00752	0.01396	-0.00361	0.04530	0.06879	0.00905	-0.01906	-0.02387	-0.03233	0.02209	0.02840	-0.00607	-0.04252	-0.00521	0.06280	(And (Agent $e0 $x0) (Member $e0 lend) (Member $x0 neighbour) (Recipient $e0 ravi))
p204059	0.08235	-0.03255	-0.01148	-0.03476	-0.02813	0.02127	0.00436	0.01628	-0.00633	0.00912	-0.02589	-0.02906	-0.02110	-0.00539	-0.02439	0.01631	-0.01896	0.00752	0.01396	-0.00361	0.04530	0.06879	0.00905	-0.01906	-0.02387	-0.03233	0.02209	0.02840	-0.00607	-0.04252	-0.00521	0.06280	(And (Agent $e0 $x0) (Member $e0 lend) (Member $x0 neighbour) (Theme $e0 $x1))
p204060	0.14854	-0.03941	-0.03214	-0.06570	-0.02270	-0.04239	0.00502	-0.00333	-0.04931	0.00802	-0.02326	-0.02051	-0.03513	0.02121	-0.01538	0.09584	-0.03523	-0.01641	0.01550	0.00391	0.12307	0.14380	0.02587	-0.00342	-0.03854	-0.05846	-0.00956	0.06010	0.00544	-0.06596	-0.02603	0.10018	(And (Agent $e0 $x0) (Member $e0 lend) (Member $x1 gallery) (Recipient $e0 $x1))
p204061	0.08392	-0.02844	-0.03278	-0.04821	-0.01589	-0.03233	-0.02213	0.01824	-0.03825	-0.00204	-0.03049	-0.00771	-0.03001	0.01854	-0.01635	0.10666	-0.01081	-0.01093	0.01295	0.01005	0.06376	0.09429	0.02088	0.00544	-0.03820	-0.04946	-0.02251	0.05442	0.00434	-0.03930	-0.03902	0.08768	(And (Agent $e0 $x0) (Member $e0 lend) (Member $x1 generator) (Theme $e0 $x1))
p204062	-0.03604	0.00355	-0.03024	0.01267	0.07850	-0.00165	-0.00099	0.03411	-0.05959	-0.07719	0.02312	-0.07947	0.13716	0.05963	-0.03614	0.02562	-0.00047	-0.00468	0.02420	0.11399	-0.04775	-0.00776	0.10581	-0.03062	-0.03352	-0.10073	0.03023	0.11408	-0.01149	0.07343	-0.07814	0.02570	(And (Agent $e0 $x0) (Member $e0 make) (Patient $e0 $e1) (Theme $e1 $x1))
p204063	-0.01877	-0.01967	-0.01689	0.00535	-0.00750	0.02875	0.01486	0.02311	0.01742	0.01007	-0.02511	-0.01550	0.00804	-0.00567	-0.01878	0.00421	-0.00270	0.02144	0.00483	-0.01462	0.02089	-0.02131	-0.01450	-0.00170	-0.01645	-0.00764	-0.01470	-0.02100	-0.01853	0.01069	0.00016	-0.00867	(And (Agent $e0 $x0) (Member $e0 order) (Member $x1 scan) (Theme $e0 $x1))
p204064	-0.01877	-0.01967	-0.01689	0.00535	-0.00750	0.02875	0.01486	0.02311	0.01742	0.01007	-0.02511	-0.01550	0.00804	-0.00567	-0.01878	0.00421	-0.00270	0.02144	0.00484	-0.01462	0.02089	-0.02131	-0.01450	-0.00170	-0.01645	-0.00764	-0.01470	-0.02100	-0.01853	0.01069	0.00016	-0.00867	(And (Agent $e0 $x0) (Member $e0 order) (Ordinal $x1 <num> scan) (Theme $e0 $x1))
p204065	-0.02177	-0.01880	-0.01104	-0.00966	0.00267	0.03086	-0.00128	0.02173	0.01915	0.00888	-0.02557	0.01432	-0.00807	-0.01145	-0.01625	-0.00913	0.00023	-0.00207	0.01125	-0.02210	0.01920	-0.01416	-0.00215	-0.00985	-0.01696	0.01887	-0.01816	-0.02765	-0.02669	0.00113	0.00738	-0.00390	(And (Agent $e0 $x0) (Member $e0 postpone) (Member $x0 club) (Theme $e0 $x1))
p204066	-0.02177	-0.01880	-0.01104	-0.00966	0.00267	0.03086	-0.00128	0.02173	0.01915	0.00888	-0.02557	0.01432	-0.00807	-0.01145	-0.01625	-0.00913	0.00023	-0.00207	0.01125	-0.02210	0.01920	-0.01416	-0.00215	-0.00985	-0.01696	0.01887	-0.01816	-0.02765	-0.02669	0.00113	0.00738	-0.00390	(And (Agent $e0 $x0) (Member $e0 postpone) (Member $x1 tournament) (Theme $e0 $x1))
p204067	-0.03423	0.01521	-0.02899	0.02732	0.07937	-0.00183	-0.01221	0.02941	-0.05300	-0.06701	0.02865	-0.07063	0.15891	0.04524	-0.02764	0.01726	-0.00316	-0.00572	-0.01016	0.11117	-0.05024	0.02552	0.09617	-0.03013	-0.03166	-0.09790	0.02953	0.10935	-0.00322	0.04708	-0.06509	0.01266	(And (Agent $e0 $x0) (Member $e0 reach) (Theme $e0 $e1) (Theme $e1 $x1))
p204068	-0.00325	-0.01140	-0.00096	0.01743	-0.01443	0.00298	0.00219	0.01172	-0.00519	-0.00914	-0.02341	-0.00592	0.02676	0.00167	-0.00059	0.00324	0.01919	0.00565	0.00777	-0.00298	-0.02080	-0.02266	-0.00894	-0.00874	0.02859	-0.01093	-0.00948	0.00863	-0.01745	0.01940	-0.02783	0.03995	(And (Agent $e0 $x0) (Member $e0 sign) (Member $x1 chart) (Patient $e0 $x1))
p204069	-0.03248	0.07838	-0.08835	0.03889	-0.00450	-0.07229	0.04060	0.11678	0.04040	0.01947	0.20496	0.10428	-0.00412	0.08669	0.16178	0.10689	-0.02378	-0.08642	-0.08546	0.01321	-0.04412	-0.04199	-0.07131	-0.00507	0.01029	-0.03715	-0.09434	-0.03306	-0.05693	0.04494	-0.05033	-0.03320	(And (Agent $e0 $x0) (Member $e0 teach) (Member $x0 elder) (Recipient $e0 $x1))
p204070	-0.03248	0.07838	-0.08835	0.03889	-0.00450	-0.07229	0.04060	0.11678	0.04040	0.01947	0.20496	0.10428	-0.00412	0.08669	0.16178	0.10689	-0.02378	-0.08642	-0.08546	0.01321	-0.04412	-0.04199	-0.07131	-0.00507	0.01029	-0.03715	-0.09434	-0.03306	-0.05693	0.04494	-0.05033	-0.03320	(And (Agent $e0 $x0) (Member $e0 teach) (Member $x0 elder) (Theme $e0 $x1))
p204071	0.04277	-0.08074	-0.03964	-0.10581	-0.07420	0.01586	-0.03675	-0.11510	0.16997	0.04117	-0.04021	-0.03996	0.13610	0.12194	-0.06762	0.05276	-0.10647	0.06470	0.12264	-0.05741	-0.03253	-0.06696	-0.00807	-0.08072	-0.03384	0.18141	0.10417	-0.07640	0.08793	-0.01795	0.08329	0.00557	(And (Agent $e0 $x0) (Member $e0 teach) (Member $x0 potter) (Recipient $e0 $x1))
p204072	0.04277	-0.08074	-0.03964	-0.10581	-0.07420	0.01586	-0.03675	-0.11510	0.16997	0.04117	-0.04021	-0.03996	0.13610	0.12194	-0.06762	0.05276	-0.10647	0.06470	0.12264	-0.05741	-0.03253	-0.06696	-0.00807	-0.08072	-0.03384	0.18141	0.10417	-0.07640	0.08793	-0.01795	0.08329	0.00557	(And (Agent $e0 $x0) (Member $e0 teach) (Member $x0 potter) (Theme $e0 glazing))
p204073	0.04277	-0.08074	-0.03964	-0.10581	-0.07420	0.01586	-0.03675	-0.11510	0.16997	0.04117	-0.04021	-0.03996	0.13610	0.12194	-0.06762	0.05276	-0.10647	0.06470	0.12264	-0.05741	-0.03253	-0.06696	-0.00807	-0.08072	-0.03384	0.18141	0.10417	-0.07640	0.08793	-0.01795	0.08329	0.00557	(And (Agent $e0 $x0) (Member $e0 teach) (Member $x1 apprentice) (Recipient $e0 $x1))
p204074	-0.01657	0.00786	-0.06204	0.01433	-0.00738	-0.03597	0.00573	0.04853	0.02877	0.01234	0.04990	0.03986	0.01599	0.04867	0.06831	0.10898	-0.01031	-0.02925	-0.03566	0.00110	-0.02052	-0.03350	-0.04261	0.00585	-0.01552	-0.00688	-0.05386	-0.01856	-0.02844	0.02142	-0.02820	-0.01265	(And (Agent $e0 $x0) (Member $e0 teach) (Member $x1 drill) (Theme $e0 $x1))
p204075	-0.03248	0.07838	-0.08835	0.03889	-0.00450	-0.07229	0.04060	0.11678	0.04040	0.01947	0.20495	0.10428	-0.00412	0.08669	0.16178	0.10689	-0.02378	-0.08642	-0.08546	0.01320	-0.04412	-0.04199	-0.07131	-0.00507	0.01029	-0.03715	-0.09434	-0.03306	-0.05693	0.04494	-0.05033	-0.03320	(And (Agent $e0 $x0) (Member $e0 teach) (Member $x1 song) (Theme $e0 $x1))
p204076	-0.03604	0.00355	-0.03024	0.01267	0.07850	-0.00165	-0.00099	0.03411	-0.05959	-0.07719	0.02312	-0.07947	0.13716	0.05963	-0.03614	0.02562	-0.00047	-0.00468	0.02420	0.11399	-0.04775	-0.00776	0.10581	-0.03062	-0.03353	-0.10073	0.03023	0.11408	-0.01149	0.07343	-0.07814	0.02570	(And (Agent $e0 $x0) (Member $e1 decision) (Patient $e0 $e1) (Theme $e1 $x1))
p204077	-0.03423	0.01521	-0.02899	0.02732	0.07937	-0.00183	-0.01221	0.02941	-0.05300	-0.06701	0.02865	-0.07063	0.15890	0.04524	-0.02764	0.01726	-0.00316	-0.00572	-0.01016	0.11117	-0.05024	0.02552	0.09617	-0.03013	-0.03167	-0.09789	0.02953	0.10935	-0.00322	0.04708	-0.06509	0.01266	(And (Agent $e0 $x0) (Member $e1 decision) (Theme $e0 $e1) (Theme $e1 $x1))
p204078	0.00885	0.00805	-0.00815	0.04840	-0.02933	0.00587	-0.01280	0.04094	-0.01371	0.00175	-0.03395	-0.02744	0.15628	-0.00710	0.02461	0.00582	0.03784	0.00768	-0.03453	0.02674	-0.04245	0.02056	-0.01934	-0.00746	0.00577	-0.06312	-0.00173	0.07816	-0.01113	-0.01640	-0.02826	-0.00341	(And (Agent $e0 $x0) (Member $e1 destroy) (Patient $e1 $x1) (Theme $e0 $e1))
p204079	-0.01585	-0.01769	-0.01078	0.00164	-0.00713	0.02472	0.00640	0.02089	0.01934	0.00329	-0.02492	-0.00513	-0.00206	-0.00637	-0.01480	0.00093	-0.00305	0.01168	0.00358	-0.01175	0.00946	-0.01737	-0.00299	-0.00831	-0.00268	-0.00050	-0.00996	-0.01504	-0.02041	0.01279	-0.00486	0.00300	(And (Agent $e0 $x0) (Member $x0 airline) (Member $x1 evening_flight) (Theme $e0 $x1))
p204080	-0.01762	-0.01837	-0.01648	0.00550	-0.00555	0.02853	0.01230	0.02404	0.01630	0.01024	-0.02469	-0.01393	0.00674	-0.00626	-0.01742	0.00273	-0.00230	0.02016	0.00232	-0.01398	0.02022	-0.01835	-0.01387	-0.00182	-0.01710	-0.00750	-0.01404	-0.02015	-0.01847	0.00640	0.00227	-0.00910	(And (Agent $e0 $x0) (Member $x0 bank) (Member $x1 loan_application) (Theme $e0 $x1))
p204081	-0.05670	-0.03186	0.02707	-0.06790	0.00598	0.12968	-0.02067	-0.11785	0.01089	0.00286	0.23179	0.08479	-0.03770	-0.02754	-0.05422	-0.04287	-0.05556	-0.05252	0.04957	-0.03874	0.04010	0.07322	0.15246	-0.04921	-0.02241	0.04953	0.00487	-0.03865	0.01034	0.04211	-0.01532	-0.00944	(And (Agent $e0 $x0) (Member $x0 board) (Member $x1 budget) (Theme $e0 $x1))
p204082	-0.05670	-0.03186	0.02707	-0.06790	0.00598	0.12968	-0.02067	-0.11785	0.01089	0.00286	0.23179	0.08479	-0.03770	-0.02754	-0.05422	-0.04287	-0.05556	-0.05252	0.04957	-0.03874	0.04010	0.07322	0.15246	-0.04921	-0.02241	0.04953	0.00487	-0.03865	0.01034	0.04211	-0.01532	-0.00944	(And (Agent $e0 $x0) (Member $x0 board) (Possession $x1 next_year) (Theme $e0 $x1))
p204083	-0.02186	-0.01825	-0.01163	-0.00391	-0.00147	0.03032	0.00213	0.02151	0.01834	0.01041	-0.02457	0.00839	-0.00366	-0.01109	-0.01692	-0.00597	-0.00161	0.00493	0.00528	-0.02217	0.01968	-0.01441	-0.00592	-0.00822	-0.01448	0.01501	-0.01830	-0.02849	-0.02453	0.00556	0.00728	-0.00852	(And (Agent $e0 $x0) (Member $x0 clerk) (Member $x1 query) (Theme $e0 $x1))
p204084	-0.03248	0.07838	-0.08835	0.03889	-0.00450	-0.07229	0.04060	0.11678	0.04040	0.01947	0.20496	0.10428	-0.00412	0.08669	0.16178	0.10689	-0.02378	-0.08642	-0.08546	0.01321	-0.04412	-0.04199	-0.07131	-0.00507	0.01029	-0.03715	-0.09434	-0.03306	-0.05693	0.04494	-0.05033	-0.03320	(And (Agent $e0 $x0) (Member $x0 elder) (Member $x1 song) (Theme $e0 $x1))
p204085	-0.03248	0.07838	-0.08835	0.03889	-0.00450	-0.07229	0.04060	0.11678	0.04040	0.01946	0.20495	0.10428	-0.00412	0.08669	0.16178	0.10689	-0.02378	-0.08642	-0.08546	0.01320	-0.04412	-0.04199	-0.07131	-0.00507	0.01028	-0.03715	-0.09434	-0.03306	-0.05693	0.04494	-0.05033	-0.03320	(And (Agent $e0 $x0) (Member $x0 elder) (Recipient $e0 $x1) (Theme $e0 $x2))
p204087	-0.01576	-0.02129	-0.01058	-0.01465	0.02160	0.02082	-0.01457	0.02615	0.02995	0.00320	-0.03277	0.03615	-0.02485	-0.01865	-0.00783	-0.02232	0.00620	-0.01558	0.02711	-0.02104	0.01302	-0.01247	0.00286	-0.01941	-0.01613	0.03472	-0.01125	-0.01836	-0.03730	-0.02875	0.02547	0.00486	(And (Agent $e0 $x0) (Member $x0 ferry) (Member $x1 departure) (Theme $e0 $x1))
p204089	-0.04159	-0.01985	0.00623	-0.02966	0.00635	0.06792	-0.00775	-0.05603	0.00739	0.00221	0.10922	0.04574	-0.01646	-0.01328	-0.03615	-0.01808	-0.03032	-0.02223	0.02051	-0.02440	0.02588	0.04276	0.06581	-0.02643	-0.01498	0.02299	-0.00970	-0.03118	-0.00156	0.03540	-0.00963	-0.01187	(And (Agent $e0 $x0) (Member $x0 judge) (Member $x1 case) (Theme $e0 $x1))
p204090	0.14854	-0.03941	-0.03214	-0.06570	-0.02270	-0.04239	0.00502	-0.00333	-0.04931	0.00802	-0.02325	-0.02051	-0.03512	0.02121	-0.01538	0.09584	-0.03523	-0.01641	0.01550	0.00391	0.12307	0.14380	0.02587	-0.00342	-0.03853	-0.05846	-0.00956	0.06010	0.00544	-0.06596	-0.02603	0.10018	(And (Agent $e0 $x0) (Member $x0 museum) (Member $x1 gallery) (Recipient $e0 $x1))
p204091	0.14854	-0.03941	-0.03214	-0.06570	-0.02270	-0.04239	0.00502	-0.00333	-0.04931	0.00802	-0.02326	-0.02051	-0.03513	0.02121	-0.01538	0.09584	-0.03523	-0.01641	0.01550	0.00391	0.12307	0.14380	0.02587	-0.00342	-0.03854	-0.05846	-0.00956	0.06010	0.00544	-0.06596	-0.02603	0.10018	(And (Agent $e0 $x0) (Member $x0 museum) (Recipient $e0 $x1) (Theme $e0 $x2))
p204092	0.08235	-0.03255	-0.01148	-0.03476	-0.02813	0.02127	0.00436	0.01628	-0.00633	0.00912	-0.02589	-0.02906	-0.02110	-0.00539	-0.02439	0.01631	-0.01896	0.00752	0.01396	-0.00361	0.04530	0.06879	0.00905	-0.01906	-0.02387	-0.03234	0.02209	0.02840	-0.00607	-0.04252	-0.00521	0.06280	(And (Agent $e0 $x0) (Member $x0 neighbour) (Recipient $e0 ravi) (Theme $e0 $x1))
p204093	-0.00639	-0.00635	0.00061	-0.01658	-0.03096	0.03883	0.00861	0.04103	-0.01837	0.00006	-0.03441	0.00668	0.00045	0.01215	-0.04029	-0.00638	0.01568	-0.00305	0.00725	-0.02420	-0.02352	-0.01135	-0.01673	0.01464	-0.03043	0.00009	-0.01987	-0.03247	-0.01840	0.01910	0.03264	0.03678	(And (Agent $e0 $x0) (Member $x0 person) (Past $e0) (Patient $e0 $x1))
p204094	-0.01891	-0.02060	-0.01540	0.00351	-0.00884	0.02786	0.01394	0.02086	0.01953	0.00814	-0.02554	-0.01323	0.00505	-0.00583	-0.01824	0.00373	-0.00360	0.01989	0.00589	-0.01502	0.01930	-0.02238	-0.01180	-0.00405	-0.01034	-0.00455	-0.01392	-0.02034	-0.01936	0.01387	-0.00225	-0.00469	(And (Agent $e0 $x0) (Member $x0 physician) (Member $x1 scan) (Theme $e0 $x1))
p204095	-0.01891	-0.02060	-0.01540	0.00350	-0.00884	0.02786	0.01394	0.02086	0.01953	0.00814	-0.02554	-0.01323	0.00505	-0.00583	-0.01824	0.00373	-0.00360	0.01989	0.00589	-0.01502	0.01930	-0.02238	-0.01180	-0.00405	-0.01034	-0.00455	-0.01392	-0.02034	-0.01936	0.01387	-0.00225	-0.00469	(And (Agent $e0 $x0) (Member $x0 physician) (Ordinal $x1 <num> scan) (Theme $e0 $x1))
p204096	-0.02170	-0.01809	-0.01151	-0.00378	-0.00150	0.03025	0.00181	0.02164	0.01839	0.01022	-0.02443	0.00854	-0.00382	-0.01115	-0.01686	-0.00604	-0.00157	0.00479	0.00496	-0.02194	0.01921	-0.01402	-0.00572	-0.00829	-0.01414	0.01471	-0.01816	-0.02814	-0.02441	0.00540	0.00716	-0.00841	(And (Agent $e0 $x0) (Member $x0 pilot) (Member $x1 tower) (Theme $e0 $x1))
p204097	0.04277	-0.08074	-0.03964	-0.10581	-0.07420	0.01586	-0.03675	-0.11510	0.16997	0.04117	-0.04021	-0.03996	0.13610	0.12194	-0.06762	0.05276	-0.10647	0.06470	0.12264	-0.05741	-0.03253	-0.06696	-0.00807	-0.08072	-0.03384	0.18141	0.10417	-0.07640	0.08793	-0.01795	0.08329	0.00557	(And (Agent $e0 $x0) (Member $x0 potter) (Member $x1 apprentice) (Recipient $e0 $x1))
p204098	0.04277	-0.08074	-0.03964	-0.10581	-0.07420	0.01586	-0.03675	-0.11510	0.16997	0.04117	-0.04021	-0.03996	0.13610	0.12194	-0.06762	0.05276	-0.10647	0.06470	0.12264	-0.05741	-0.03253	-0.06696	-0.00807	-0.08072	-0.03384	0.18141	0.10417	-0.07640	0.08793	-0.01795	0.08329	0.00557	(And (Agent $e0 $x0) (Member $x0 potter) (Recipient $e0 $x1) (Theme $e0 glazing))
p204099	0.06444	0.09918	0.04916	-0.07989	-0.14738	-0.05995	0.10325	0.04024	0.11696	-0.00463	-0.03228	0.07870	0.07599	-0.08815	-0.03265	-0.03899	-0.04367	0.05834	-0.05482	-0.04764	-0.04885	-0.02685	0.13552	0.11573	-0.00649	-0.05128	-0.05020	0.03930	0.08576	-0.06986	-0.02761	0.02550	(And (Agent $e0 $x0) (Member $x0 pottery_studio) (Ordinal $x1 <num> buy) (Theme $e0 $x1))
p204100	0.00895	0.02423	0.08603	0.09378	0.00380	-0.01314	0.00703	-0.02834	-0.02653	-0.01070	-0.01695	-0.01120	-0.01005	-0.01751	-0.02016	0.03914	-0.02030	-0.02192	-0.01927	-0.02498	-0.04220	-0.01420	0.05329	-0.02642	-0.00306	0.03124	0.01022	-0.03885	-0.05097	0.00270	0.06990	-0.01921	(And (Agent $e0 $x0) (Member $x0 school) (Member $x1 winner) (Recipient $e0 $x1))
p204101	0.00895	0.02423	0.08603	0.09378	0.00380	-0.01314	0.00703	-0.02834	-0.02653	-0.01070	-0.01695	-0.01120	-0.01005	-0.01751	-0.02016	0.03914	-0.02030	-0.02192	-0.01927	-0.02498	-0.04220	-0.01420	0.05329	-0.02642	-0.00306	0.03124	0.01022	-0.03885	-0.05097	0.00270	0.06990	-0.01921	(And (Agent $e0 $x0) (Member $x0 school) (Recipient $e0 $x1) (Theme $e0 $x2))
p204102	0.00196	0.01710	0.09547	0.08487	-0.00158	-0.01513	0.00692	-0.02701	-0.03058	-0.00911	-0.01875	-0.00296	-0.00894	-0.01969	-0.01952	0.04250	-0.01718	-0.02183	-0.01825	-0.02464	-0.04232	-0.01219	0.05778	-0.02230	-0.00409	0.03062	0.00643	-0.03426	-0.05017	0.00090	0.06130	-0.01620	(And (Agent $e0 $x0) (Member $x0 trainer) (Member $x1 recruit) (Recipient $e0 $x1))
p204103	0.00196	0.01710	0.09547	0.08487	-0.00158	-0.01513	0.00692	-0.02701	-0.03058	-0.00911	-0.01875	-0.00296	-0.00894	-0.01969	-0.01952	0.04250	-0.01718	-0.02183	-0.01825	-0.02464	-0.04232	-0.01219	0.05779	-0.02230	-0.00409	0.03062	0.00643	-0.03426	-0.05017	0.00090	0.06130	-0.01620	(And (Agent $e0 $x0) (Member $x0 trainer) (Recipient $e0 $x1) (Theme $e0 $x2))
p204104	-0.00361	-0.01072	-0.01444	0.01116	-0.00127	0.00404	-0.00834	-0.01304	-0.00007	-0.00550	-0.01380	0.00029	0.00321	0.00465	0.00048	0.00040	-0.00887	0.02005	-0.00798	-0.00973	-0.00824	0.00549	0.00217	-0.00596	0.01574	-0.00276	0.00004	0.00003	0.01771	0.00590	-0.00323	-0.01045	(And (Agent $e0 $x0) (Member $x0 warden) (Theme $e0 visitor) (Time $e0 (Weekday sunday)))
p204105	0.00272	0.00844	0.07526	0.05746	-0.00616	-0.01379	-0.00926	-0.00981	-0.01826	-0.00327	-0.02452	0.00725	-0.00808	-0.02002	-0.01194	0.03919	-0.01374	-0.01757	-0.01467	-0.02697	-0.03303	-0.01178	0.04755	-0.01733	-0.00902	0.03855	-0.01145	-0.03304	-0.04690	-0.01093	0.06377	-0.01331	(And (Agent $e0 $x0) (Member $x1 answer) (Recipient $e0 $x2) (Theme $e0 $x1))
p204106	0.04277	-0.08074	-0.03964	-0.10581	-0.07419	0.01586	-0.03675	-0.11510	0.16997	0.04117	-0.04021	-0.03996	0.13610	0.12194	-0.06762	0.05277	-0.10646	0.06470	0.12264	-0.05741	-0.03253	-0.06696	-0.00807	-0.08072	-0.03384	0.18141	0.10418	-0.07639	0.08793	-0.01795	0.08329	0.00557	(And (Agent $e0 $x0) (Member $x1 apprentice) (Recipient $e0 $x1) (Theme $e0 glazing))
p204107	-0.05670	-0.03186	0.02707	-0.06790	0.00598	0.12968	-0.02067	-0.11785	0.01089	0.00286	0.23179	0.08479	-0.03770	-0.02754	-0.05422	-0.04287	-0.05556	-0.05252	0.04957	-0.03874	0.04010	0.07322	0.15246	-0.04921	-0.02241	0.04953	0.00487	-0.03865	0.01034	0.04211	-0.01532	-0.00944	(And (Agent $e0 $x0) (Member $x1 budget) (Possession $x1 next_year) (Theme $e0 $x1))
p204109	-0.01657	0.00786	-0.06204	0.01433	-0.00738	-0.03597	0.00573	0.04853	0.02877	0.01234	0.04990	0.03986	0.01598	0.04867	0.06831	0.10898	-0.01031	-0.02925	-0.03566	0.00110	-0.02052	-0.03350	-0.04261	0.00585	-0.01552	-0.00688	-0.05386	-0.01856	-0.02844	0.02142	-0.02820	-0.01265	(And (Agent $e0 $x0) (Member $x1 drill) (Recipient $e0 $x2) (Theme $e0 $x1))
p204110	0.14854	-0.03941	-0.03214	-0.06570	-0.02270	-0.04239	0.00502	-0.00333	-0.04931	0.00802	-0.02326	-0.02051	-0.03513	0.02121	-0.01538	0.09584	-0.03523	-0.01641	0.01550	0.00391	0.12307	0.14380	0.02587	-0.00342	-0.03854	-0.05846	-0.00956	0.06010	0.00544	-0.06596	-0.02603	0.10018	(And (Agent $e0 $x0) (Member $x1 gallery) (Recipient $e0 $x1) (Theme $e0 $x2))
p204111	0.08392	-0.02844	-0.03278	-0.04821	-0.01589	-0.03233	-0.02213	0.01824	-0.03825	-0.00204	-0.03049	-0.00771	-0.03001	0.01854	-0.01635	0.10666	-0.01081	-0.01093	0.01295	0.01005	0.06376	0.09429	0.02088	0.00544	-0.03820	-0.04946	-0.02251	0.05442	0.00434	-0.03930	-0.03902	0.08768	(And (Agent $e0 $x0) (Member $x1 generator) (Recipient $e0 $x2) (Theme $e0 $x1))
p204112	0.06444	0.09918	0.04916	-0.07989	-0.14738	-0.05995	0.10325	0.04024	0.11696	-0.00463	-0.03228	0.07870	0.07599	-0.08815	-0.03265	-0.03899	-0.04367	0.05834	-0.05482	-0.04764	-0.04885	-0.02685	0.13552	0.11573	-0.00649	-0.05128	-0.05020	0.03930	0.08576	-0.06986	-0.02760	0.02550	(And (Agent $e0 $x0) (Member $x1 kiln) (Ordinal $x1 <num> buy) (Theme $e0 $x1))
p204113	0.00359	0.00941	0.07629	0.05996	-0.00534	-0.01505	-0.00896	-0.01156	-0.01993	-0.00409	-0.02379	0.00636	-0.00789	-0.01969	-0.01133	0.04003	-0.01417	-0.01751	-0.01539	-0.02654	-0.03395	-0.01129	0.04860	-0.01757	-0.00847	0.03797	-0.01084	-0.03253	-0.04691	-0.01057	0.06373	-0.01360	(And (Agent $e0 $x0) (Member $x1 manifest) (Recipient $e0 $x2) (Theme $e0 $x1))
p204114	0.00196	0.01710	0.09547	0.08487	-0.00158	-0.01513	0.00692	-0.02701	-0.03058	-0.00911	-0.01875	-0.00296	-0.00894	-0.01969	-0.01952	0.04250	-0.01718	-0.02183	-0.01825	-0.02464	-0.04232	-0.01219	0.05778	-0.02230	-0.00409	0.03062	0.00643	-0.03426	-0.05017	0.00090	0.06130	-0.01620	(And (Agent $e0 $x0) (Member $x1 recruit) (Recipient $e0 $x1) (Theme $e0 $x2))
p204115	-0.03248	0.07838	-0.08835	0.03889	-0.00450	-0.07229	0.04060	0.11678	0.04040	0.01946	0.20495	0.10428	-0.00412	0.08669	0.16178	0.10689	-0.02378	-0.08642	-0.08546	0.01320	-0.04412	-0.04199	-0.07131	-0.00507	0.01028	-0.03715	-0.09434	-0.03306	-0.05693	0.04494	-0.05033	-0.03320	(And (Agent $e0 $x0) (Member $x1 song) (Recipient $e0 $x2) (Theme $e0 $x1))
p204116	0.00895	0.02423	0.08603	0.09378	0.00380	-0.01314	0.00703	-0.02834	-0.02653	-0.01070	-0.01695	-0.01120	-0.01005	-0.01751	-0.02016	0.03914	-0.02030	-0.02192	-0.01927	-0.02498	-0.04220	-0.01420	0.05329	-0.02642	-0.00306	0.03124	0.01022	-0.03885	-0.05097	0.00270	0.06990	-0.01921	(And (Agent $e0 $x0) (Member $x1 winner) (Recipient $e0 $x1) (Theme $e0 $x2))
p204117	0.06444	0.09918	0.04916	-0.07989	-0.14738	-0.05995	0.10325	0.04024	0.11696	-0.00463	-0.03228	0.07870	0.07599	-0.08815	-0.03265	-0.03899	-0.04367	0.05834	-0.05482	-0.04764	-0.04885	-0.02685	0.13552	0.11573	-0.00649	-0.05128	-0.05020	0.03930	0.08576	-0.06986	-0.02760	0.02550	(And (Agent $e0 $x0) (Ordinal $x1 <num> buy) (Past $e0) (Theme $e0 $x1))
p204118	0.00233	0.04827	-0.01086	0.00228	0.02487	-0.01240	-0.00723	0.02555	-0.02213	0.04137	0.00099	-0.01353	-0.02124	0.02121	-0.01160	-0.00408	0.01347	-0.02797	0.04496	0.00688	-0.00492	-0.01935	0.02237	0.02318	0.00123	-0.01262	0.01037	-0.02342	-0.02442	-0.02213	-0.00760	0.00305	(And (Agent $e0 dara) (Location $e0 $x0) (Member $e0 work) (Member $x0 ledger))
p204121	0.27275	0.02073	-0.06192	-0.00691	-0.10963	0.10659	0.03687	0.24035	-0.14041	-0.08863	-0.07196	-0.04537	-0.00491	0.04049	0.04650	-0.06418	0.17109	-0.03943	0.03725	-0.00093	-0.18599	0.01231	0.07730	0.01951	0.00590	0.00783	-0.02934	-0.05508	0.01936	0.10660	0.10625	-0.08485	(And (Also appear $e0) (Member $e1 appear) (Past $e0) (Past $e1))
p204122	0.06719	-0.05670	0.08037	-0.04792	-0.00512	-0.03167	0.01038	-0.01314	-0.03326	0.01567	0.04930	0.03666	0.08964	-0.06327	0.05310	-0.03584	0.13037	-0.03296	0.07660	-0.04408	0.11306	-0.07624	-0.02146	0.05018	-0.02408	0.08898	-0.05939	-0.04282	-0.08281	-0.05725	0.00851	-0.03264	(And (Before $x0 $e0) (Future $e0) (Member $x0 lunch) (Patient $e0 $x1))
p204123	0.06719	-0.05670	0.08037	-0.04792	-0.00512	-0.03167	0.01038	-0.01314	-0.03326	0.01567	0.04930	0.03666	0.08964	-0.06327	0.05310	-0.03584	0.13037	-0.03296	0.07660	-0.04408	0.11306	-0.07624	-0.02146	0.05018	-0.02408	0.08898	-0.05939	-0.04282	-0.08281	-0.05725	0.00851	-0.03264	(And (Before $x0 $e0) (Future $e0) (Member $x1 dress_rehearsal) (Patient $e0 $x1))
p204124	0.07826	0.06551	-0.03792	0.14066	0.06474	0.04291	-0.04140	-0.03312	0.06206	-0.06644	0.04281	-0.06647	-0.04039	0.03031	-0.03490	-0.02874	0.00493	-0.02484	-0.02253	-0.02957	0.03860	-0.04453	-0.05844	0.06140	-0.00972	0.05128	0.00335	0.10078	-0.02844	0.05537	-0.07844	0.01385	(And (Beneficiary $e0 $x0) (Member $e0 buy) (Member $x0 hall) (Past $e0))
p204125	0.07826	0.06551	-0.03792	0.14066	0.06474	0.04291	-0.04140	-0.03312	0.06206	-0.06644	0.04281	-0.06647	-0.04039	0.03031	-0.03490	-0.02874	0.00494	-0.02484	-0.02253	-0.02957	0.03860	-0.04453	-0.05844	0.06140	-0.00972	0.05128	0.00335	0.10078	-0.02844	0.05537	-0.07844	0.01385	(And (Beneficiary $e0 $x0) (Member $e0 buy) (Member $x0 hall) (Theme $e0 $x1))
p204126	-0.02454	-0.02077	0.05307	-0.04000	0.08772	0.07741	0.08338	0.06175	-0.02770	0.08356	0.01568	-0.05353	-0.02461	-0.09206	0.03822	0.05993	0.01920	0.03229	-0.02765	-0.03234	-0.04609	-0.00894	-0.01989	-0.03470	0.02894	0.08868	-0.03744	0.08704	0.16286	-0.06849	-0.07729	0.03107	(And (Can $e0) (Cardinality $x0 <num>) (GroupOf $x0 way) (Manner $e0 $x0))
p204127	-0.02454	-0.02077	0.05307	-0.04000	0.08772	0.07741	0.08338	0.06176	-0.02770	0.08356	0.01568	-0.05353	-0.02460	-0.09206	0.03822	0.05993	0.01920	0.03229	-0.02765	-0.03234	-0.04609	-0.00894	-0.01989	-0.03470	0.02895	0.08868	-0.03744	0.08704	0.16286	-0.06849	-0.07729	0.03107	(And (Can $e0) (Cardinality $x0 <num>) (Manner $e0 $x0) (Member $x0 random))
p204128	-0.02454	-0.02077	0.05307	-0.04000	0.08772	0.07741	0.08338	0.06176	-0.02770	0.08356	0.01568	-0.05353	-0.02460	-0.09206	0.03822	0.05993	0.01920	0.03229	-0.02765	-0.03234	-0.04609	-0.00894	-0.01989	-0.03470	0.02895	0.08868	-0.03744	0.08704	0.16286	-0.06849	-0.07729	0.03107	(And (Can $e0) (GroupOf $x0 way) (Manner $e0 $x0) (Member $e0 define))
p204129	-0.02454	-0.02077	0.05307	-0.04000	0.08772	0.07741	0.08338	0.06176	-0.02770	0.08356	0.01569	-0.05353	-0.02460	-0.09206	0.03822	0.05993	0.01920	0.03229	-0.02765	-0.03234	-0.04609	-0.00894	-0.01989	-0.03470	0.02895	0.08868	-0.03744	0.08704	0.16286	-0.06849	-0.07729	0.03107	(And (Can $e0) (GroupOf $x0 way) (Manner $e0 $x0) (Theme $e0 $x1))
p204130	-0.02454	-0.02077	0.05307	-0.04000	0.08772	0.07741	0.08338	0.06175	-0.02770	0.08356	0.01568	-0.05353	-0.02461	-0.09206	0.03822	0.05993	0.01920	0.03229	-0.02765	-0.03234	-0.04609	-0.00894	-0.01989	-0.03470	0.02894	0.08868	-0.03744	0.08704	0.16286	-0.06849	-0.07729	0.03107	(And (Can $e0) (Manner $e0 $x0) (Member $e0 define) (Member $x0 random))
p204131	-0.02454	-0.02077	0.05307	-0.04000	0.08772	0.07741	0.08338	0.06176	-0.02770	0.08356	0.01568	-0.05353	-0.02460	-0.09206	0.03822	0.05993	0.01920	0.03229	-0.02765	-0.03234	-0.04609	-0.00894	-0.01989	-0.03470	0.02895	0.08868	-0.03744	0.08704	0.16286	-0.06849	-0.07729	0.03107	(And (Can $e0) (Manner $e0 $x0) (Member $x0 random) (Theme $e0 $x1))
p204132	-0.10090	0.08419	-0.07466	-0.03785	0.01779	0.00474	-0.06545	-0.04917	-0.06231	-0.03846	-0.04788	0.07409	-0.03498	-0.03278	-0.02695	0.13069	0.16789	0.07256	-0.03427	-0.00169	0.01695	-0.02025	0.02047	0.00849	-0.00955	0.01970	0.09515	0.04104	0.00914	0.05039	-0.05641	-0.04215	(And (Cardinality $x0 <num>) (GroupOf $x0 forklift) (Member $e0 buy) (Theme $e0 $x0))
p204133	-0.02454	-0.02077	0.05307	-0.04000	0.08772	0.07741	0.08338	0.06176	-0.02770	0.08356	0.01569	-0.05353	-0.02460	-0.09206	0.03822	0.05993	0.01920	0.03229	-0.02765	-0.03234	-0.04609	-0.00894	-0.01989	-0.03470	0.02895	0.08868	-0.03744	0.08704	0.16286	-0.06849	-0.07729	0.03107	(And (Cardinality $x0 <num>) (GroupOf $x0 way) (Manner $e0 $x0) (Member $e0 define))
p204134	-0.02454	-0.02077	0.05307	-0.04000	0.08772	0.07741	0.08338	0.06175	-0.02770	0.08356	0.01568	-0.05353	-0.02461	-0.09206	0.03822	0.05993	0.01920	0.03229	-0.02765	-0.03234	-0.04609	-0.00894	-0.01989	-0.03470	0.02894	0.08868	-0.03744	0.08704	0.16286	-0.06849	-0.07729	0.03107	(And (Cardinality $x0 <num>) (GroupOf $x0 way) (Manner $e0 $x0) (Theme $e0 $x1))
p204135	-0.02454	-0.02077	0.05307	-0.04000	0.08772	0.07741	0.08338	0.06176	-0.02770	0.08356	0.01568	-0.05353	-0.02460	-0.09206	0.03822	0.05993	0.01920	0.03229	-0.02765	-0.03234	-0.04609	-0.00894	-0.01989	-0.03470	0.02895	0.08868	-0.03744	0.08704	0.16286	-0.06849	-0.07729	0.03107	(And (Cardinality $x0 <num>) (Manner $e0 $x0) (Member $e0 define) (Member $x0 random))
p204136	-0.02454	-0.02077	0.05307	-0.04000	0.08772	0.07741	0.08338	0.06176	-0.02770	0.08356	0.01568	-0.05353	-0.02461	-0.09206	0.03822	0.05993	0.01920	0.03229	-0.02765	-0.03234	-0.04609	-0.00894	-0.01989	-0.03470	0.02894	0.08868	-0.03744	0.08704	0.16286	-0.06849	-0.07729	0.03107	(And (Cardinality $x0 <num>) (Manner $e0 $x0) (Member $x0 random) (Theme $e0 $x1))
p204137	-0.03155	-0.04894	-0.04183	-0.01693	0.05285	-0.07608	-0.02531	0.05002	-0.05090	0.08511	-0.01674	-0.03071	-0.05047	0.11702	-0.01087	-0.02016	0.02710	0.03213	-0.02978	-0.02378	0.06581	-0.04771	0.11475	0.09558	0.08181	0.05328	0.00291	-0.01500	-0.07415	-0.05470	-0.04179	-0.02981	(And (CoAgent $e0 $x0) (Location $e0 $x1) (Member $x0 ranger) (Member $x1 survey))
p204138	0.01151	0.04511	-0.00311	0.00373	0.00149	0.00944	0.00304	0.00179	-0.00345	0.03853	0.00135	-0.00674	-0.01075	-0.00727	-0.01494	-0.00083	-0.00298	-0.02424	0.05598	0.00299	-0.01109	-0.00498	-0.00806	-0.00937	-0.01011	-0.01383	0.01654	-0.02767	0.00287	-0.01252	0.00556	0.00394	(And (Experiencer $e0 $x0) (Location $e0 $x1) (Member $e0 wait) (Member $x1 gate))
p204139	0.00075	0.18756	0.00889	0.01621	0.03339	0.01772	-0.00359	0.06575	-0.02471	0.06384	0.01099	-0.02026	-0.00994	-0.00392	-0.06226	0.00304	0.01746	-0.09257	0.19564	0.04828	-0.04503	-0.01540	-0.02131	-0.04191	-0.03580	-0.05440	-0.01844	-0.05353	-0.02486	-0.01989	0.00012	0.07880	(And (Experiencer $e0 $x0) (Location $e1 $x1) (Member $e0 discover) (Stimulus $e0 $e1))
p204140	0.00250	0.19787	0.01009	0.01725	0.03727	0.01939	-0.00396	0.07185	-0.02794	0.06237	0.01151	-0.02257	-0.01112	-0.00143	-0.06763	0.00355	0.02079	-0.09939	0.21116	0.05351	-0.04912	-0.02002	-0.02214	-0.04477	-0.03923	-0.05953	-0.01971	-0.05356	-0.02802	-0.02098	-0.00150	0.08996	(And (Experiencer $e0 $x0) (Location $e1 $x1) (Member $e1 error) (Stimulus $e0 $e1))
p204141	0.00250	0.19787	0.01009	0.01725	0.03727	0.01939	-0.00396	0.07185	-0.02794	0.06237	0.01150	-0.02257	-0.01112	-0.00144	-0.06763	0.00355	0.02079	-0.09939	0.21116	0.05351	-0.04912	-0.02002	-0.02214	-0.04477	-0.03923	-0.05953	-0.01971	-0.05357	-0.02802	-0.02098	-0.00150	0.08996	(And (Experiencer $e0 $x0) (Location $e1 $x1) (Member $x0 auditor) (Stimulus $e0 $e1))
p204143	-0.01110	0.09010	-0.00122	-0.00589	-0.05324	0.01882	0.02874	0.01093	-0.01873	0.05711	-0.01862	-0.01223	0.01541	0.03394	-0.04566	0.00823	-0.02729	-0.03264	0.09582	-0.00105	-0.02635	0.00294	-0.00646	-0.05549	-0.01218	-0.06288	-0.01115	0.05418	-0.02744	0.06819	0.03688	0.00423	(And (Experiencer $e0 $x0) (Member $e1 become) (Past $e1) (Result $e1 $e0))
p204145	0.00250	0.19787	0.01009	0.01725	0.03727	0.01939	-0.00396	0.07185	-0.02794	0.06237	0.01151	-0.02257	-0.01112	-0.00143	-0.06763	0.00355	0.02079	-0.09939	0.21116	0.05351	-0.04912	-0.02002	-0.02214	-0.04477	-0.03923	-0.05953	-0.01971	-0.05356	-0.02802	-0.02098	-0.00150	0.08996	(And (Experiencer $e0 $x0) (Member $e1 error) (Member $x0 auditor) (Stimulus $e0 $e1))
p204147	0.06719	-0.05670	0.08037	-0.04792	-0.00512	-0.03167	0.01038	-0.01314	-0.03326	0.01567	0.04931	0.03666	0.08964	-0.06327	0.05310	-0.03584	0.13037	-0.03296	0.07660	-0.04408	0.11306	-0.07624	-0.02146	0.05018	-0.02407	0.08898	-0.05939	-0.04282	-0.08281	-0.05725	0.00851	-0.03264	(And (Future $e0) (Inheritance dress_rehearsal rehearsal) (Member $x0 dress_rehearsal) (Patient $e0 $x0))
p204148	-0.03248	0.07838	-0.08835	0.03889	-0.00450	-0.07229	0.04060	0.11678	0.04040	0.01947	0.20496	0.10428	-0.00412	0.08669	0.16178	0.10689	-0.02378	-0.08642	-0.08546	0.01321	-0.04412	-0.04199	-0.07131	-0.00507	0.01029	-0.03715	-0.09434	-0.03306	-0.05693	0.04494	-0.05033	-0.03320	(And (GroupOf $x0 child) (Member $e0 teach) (Recipient $e0 $x0) (Theme $e0 $x1))
p204149	-0.03248	0.07838	-0.08835	0.03889	-0.00450	-0.07229	0.04060	0.11678	0.04040	0.01946	0.20495	0.10428	-0.00412	0.08669	0.16178	0.10689	-0.02378	-0.08642	-0.08546	0.01320	-0.04412	-0.04199	-0.07131	-0.00507	0.01028	-0.03715	-0.09434	-0.03306	-0.05693	0.04494	-0.05033	-0.03320	(And (GroupOf $x0 child) (Member $x1 song) (Recipient $e0 $x0) (Theme $e0 $x1))
p204150	-0.04145	0.00544	0.07405	0.02832	0.02990	0.02706	0.07703	-0.04934	0.12958	0.02100	-0.01659	0.00619	-0.03121	0.15318	-0.12567	-0.04233	0.15916	-0.05569	-0.04645	0.01140	-0.06715	0.15040	-0.05050	-0.05599	0.03350	-0.07373	0.00466	-0.00114	-0.06614	-0.03157	-0.00039	0.01531	(And (GroupOf $x0 egg) (Holder $e0 $x1) (Member $e0 require) (Theme $e0 $x0))
p204151	-0.10090	0.08419	-0.07466	-0.03785	0.01779	0.00474	-0.06545	-0.04917	-0.06231	-0.03846	-0.04788	0.07409	-0.03498	-0.03278	-0.02695	0.13069	0.16789	0.07256	-0.03427	-0.00169	0.01695	-0.02025	0.02047	0.00849	-0.00955	0.01970	0.09515	0.04104	0.00914	0.05039	-0.05641	-0.04215	(And (GroupOf $x0 forklift) (Member $e0 buy) (Past $e0) (Theme $e0 $x0))
p204152	-0.02454	-0.02077	0.05307	-0.04000	0.08772	0.07741	0.08338	0.06176	-0.02770	0.08356	0.01569	-0.05353	-0.02460	-0.09206	0.03822	0.05993	0.01920	0.03229	-0.02765	-0.03234	-0.04609	-0.00894	-0.01989	-0.03470	0.02895	0.08868	-0.03744	0.08704	0.16286	-0.06849	-0.07729	0.03107	(And (GroupOf $x0 sequence) (GroupOf $x1 way) (Manner $e0 $x1) (Theme $e0 $x0))
p204153	-0.02454	-0.02077	0.05307	-0.04000	0.08772	0.07741	0.08338	0.06176	-0.02770	0.08356	0.01568	-0.05353	-0.02460	-0.09206	0.03822	0.05993	0.01920	0.03229	-0.02765	-0.03234	-0.04609	-0.00894	-0.01989	-0.03470	0.02895	0.08868	-0.03744	0.08704	0.16286	-0.06849	-0.07729	0.03107	(And (GroupOf $x0 sequence) (Manner $e0 $x1) (Member $x1 random) (Theme $e0 $x0))
p204154	-0.02454	-0.02077	0.05307	-0.04000	0.08772	0.07741	0.08338	0.06175	-0.02770	0.08356	0.01568	-0.05353	-0.02461	-0.09206	0.03822	0.05993	0.01920	0.03229	-0.02765	-0.03234	-0.04609	-0.00894	-0.01989	-0.03470	0.02894	0.08868	-0.03744	0.08704	0.16286	-0.06849	-0.07729	0.03107	(And (GroupOf $x0 way) (Manner $e0 $x0) (Member $e0 define) (Theme $e0 $x1))
p204155	-0.01342	0.00946	0.02857	0.01002	0.00628	0.00428	-0.03467	-0.01805	0.04462	0.00307	0.00276	0.02038	-0.01865	0.04612	-0.04123	-0.01229	0.04298	-0.01115	-0.02230	0.00435	-0.03141	0.06328	-0.01879	-0.01129	0.02170	-0.02487	-0.02020	0.01271	0.01073	-0.01812	-0.00228	0.00313	(And (Holder $e0 $x0) (Inheritance monthly_servicing monthly) (Inheritance monthly_servicing servicing) (Theme $e0 monthly_servicing))
p204156	-0.01342	0.00946	0.02857	0.01002	0.00628	0.00428	-0.03467	-0.01805	0.04462	0.00307	0.00276	0.02038	-0.01865	0.04612	-0.04123	-0.01229	0.04298	-0.01115	-0.02230	0.00435	-0.03141	0.06328	-0.01879	-0.01129	0.02170	-0.02487	-0.02020	0.01271	0.01073	-0.01811	-0.00228	0.00313	(And (Holder $e0 $x0) (Inheritance monthly_servicing monthly) (Member $x0 lathe) (Theme $e0 monthly_servicing))
p204157	-0.01342	0.00946	0.02857	0.01002	0.00628	0.00428	-0.03467	-0.01805	0.04462	0.00307	0.00276	0.02038	-0.01865	0.04612	-0.04123	-0.01229	0.04298	-0.01115	-0.02230	0.00435	-0.03141	0.06328	-0.01879	-0.01129	0.02170	-0.02487	-0.02020	0.01271	0.01073	-0.01812	-0.00228	0.00313	(And (Holder $e0 $x0) (Inheritance monthly_servicing servicing) (Member $x0 lathe) (Theme $e0 monthly_servicing))
p204158	-0.02059	0.00456	0.03929	0.01441	0.01634	0.01033	0.04160	-0.01453	0.05375	0.00517	-0.00961	-0.00194	-0.01384	0.07003	-0.05977	-0.02039	0.06969	-0.03015	-0.02281	0.01333	-0.03241	0.06399	-0.02489	-0.02446	0.00886	-0.04062	-0.00401	-0.00100	-0.03933	-0.01155	-0.00307	0.00995	(And (Holder $e0 $x0) (Member $e0 require) (Member $x0 permit) (Theme $e0 $x1))
p204159	-0.04145	0.00544	0.07405	0.02832	0.02990	0.02706	0.07703	-0.04934	0.12958	0.02100	-0.01659	0.00619	-0.03121	0.15318	-0.12567	-0.04233	0.15916	-0.05569	-0.04645	0.01140	-0.06715	0.15040	-0.05050	-0.05599	0.03351	-0.07373	0.00466	-0.00114	-0.06614	-0.03157	-0.00039	0.01531	(And (Holder $e0 $x0) (Member $e0 require) (Member $x0 recipe) (Theme $e0 $x1))
p204160	-0.01762	0.00387	0.02744	0.01352	0.01624	0.00571	0.03202	-0.00254	0.03700	0.00167	-0.00980	-0.00151	-0.01079	0.05411	-0.04667	-0.01480	0.06133	-0.02531	-0.01678	0.01398	-0.02508	0.04530	-0.02050	-0.01562	0.00409	-0.03512	-0.01488	0.00146	-0.03518	-0.00957	-0.00582	0.00842	(And (Holder $e0 $x0) (Member $x0 permit) (Member $x1 countersignature) (Theme $e0 $x1))
p204161	0.01285	-0.01726	0.03417	-0.03546	-0.04390	-0.00176	-0.01734	0.00846	0.00484	-0.04648	-0.03419	0.04132	-0.04342	-0.00190	0.01798	-0.01774	-0.00639	-0.03625	0.02588	-0.01567	-0.06320	-0.04156	0.04754	-0.07018	0.17479	0.07684	0.00997	0.00968	-0.05574	0.07899	-0.06134	0.14293	(And (Inheritance afternoon_session session) (Member $e0 cancel) (Member $x0 afternoon_session) (Patient $e0 $x0))
p204162	-0.01358	0.01597	0.02698	0.00897	0.00552	0.00530	-0.03318	-0.01683	0.04207	0.00505	0.00391	0.02120	-0.01866	0.04240	-0.04140	-0.01184	0.04039	-0.01469	-0.01239	0.00439	-0.03057	0.05986	-0.01762	-0.01283	0.02132	-0.02400	-0.02034	0.00914	0.01084	-0.01714	-0.00115	0.00426	(And (Inheritance monthly_servicing monthly) (Inheritance monthly_servicing servicing) (Member $e0 require) (Theme $e0 monthly_servicing))
p204163	-0.02393	-0.01125	0.11579	0.05442	-0.09088	-0.02623	-0.04895	0.08464	-0.05082	-0.03180	0.01843	0.09281	0.03012	0.07147	-0.13071	-0.05116	-0.04059	-0.04042	0.03058	0.01133	0.09304	-0.01415	-0.03984	0.02090	0.02449	-0.08672	0.07264	0.02663	0.16294	0.05531	-0.05055	-0.00256	(And (Inheritance north_route north) (Member $e0 abandon) (Member $x0 north_route) (Theme $e0 $x0))
p204164	-0.02393	-0.01125	0.11579	0.05442	-0.09088	-0.02623	-0.04895	0.08464	-0.05082	-0.03180	0.01843	0.09281	0.03012	0.07147	-0.13071	-0.05116	-0.04059	-0.04042	0.03058	0.01133	0.09304	-0.01415	-0.03984	0.02090	0.02449	-0.08672	0.07264	0.02663	0.16294	0.05531	-0.05055	-0.00256	(And (Inheritance north_route route) (Member $e0 abandon) (Member $x0 north_route) (Theme $e0 $x0))
p204165	0.01321	-0.01704	0.03446	-0.03520	-0.04361	-0.00219	-0.01742	0.00771	0.00384	-0.04698	-0.03362	0.04173	-0.04318	-0.00145	0.01836	-0.01758	-0.00670	-0.03628	0.02537	-0.01552	-0.06308	-0.04117	0.04740	-0.07008	0.17485	0.07621	0.01011	0.01010	-0.05534	0.07983	-0.06146	0.14229	(And (Inheritance summer_fair fair) (Member $e0 cancel) (Member $x0 summer_fair) (Patient $e0 $x0))
p204167	-0.06553	-0.05793	0.12471	-0.06866	0.03329	-0.05373	-0.07953	0.02301	0.07234	-0.07938	0.01033	-0.10022	-0.03041	-0.09977	0.10910	0.04451	-0.03705	0.06084	0.08205	-0.00244	-0.03699	0.08718	-0.00464	0.11609	-0.03989	-0.00901	0.05289	0.00788	-0.00085	0.15304	-0.08345	-0.01172	(And (Location $e0 $x0) (Member $e0 discover) (Member $x1 wreck) (Theme $e0 $x1))
p204168	0.00250	0.19787	0.01009	0.01725	0.03727	0.01939	-0.00396	0.07185	-0.02794	0.06237	0.01150	-0.02257	-0.01112	-0.00144	-0.06763	0.00355	0.02079	-0.09939	0.21116	0.05351	-0.04912	-0.02002	-0.02214	-0.04477	-0.03923	-0.05953	-0.01972	-0.05357	-0.02802	-0.02098	-0.00150	0.08996	(And (Location $e0 $x0) (Member $e0 error) (Member $x0 ledger) (Stimulus $e1 $e0))
p204169	0.00075	0.18756	0.00889	0.01621	0.03339	0.01772	-0.00359	0.06575	-0.02471	0.06384	0.01100	-0.02026	-0.00994	-0.00392	-0.06226	0.00304	0.01746	-0.09257	0.19564	0.04828	-0.04503	-0.01540	-0.02131	-0.04191	-0.03580	-0.05440	-0.01844	-0.05353	-0.02486	-0.01989	0.00012	0.07880	(And (Location $e0 $x0) (Member $e1 discover) (Member $x0 ledger) (Stimulus $e1 $e0))
p204170	-0.02454	-0.02077	0.05307	-0.04000	0.08772	0.07741	0.08338	0.06176	-0.02770	0.08356	0.01568	-0.05353	-0.02460	-0.09206	0.03822	0.05993	0.01920	0.03229	-0.02765	-0.03234	-0.04609	-0.00894	-0.01989	-0.03470	0.02895	0.08868	-0.03744	0.08704	0.16286	-0.06849	-0.07729	0.03107	(And (Manner $e0 $x0) (Member $e0 define) (Member $x0 random) (Theme $e0 $x1))
p204171	0.07211	-0.04064	-0.03397	-0.04416	0.13061	-0.02965	-0.09343	0.05963	0.07567	-0.06142	-0.08298	0.14259	-0.08373	-0.04829	0.10336	-0.08245	0.01197	-0.06178	0.03815	-0.01220	-0.01741	-0.00294	0.03788	-0.09814	0.02921	0.02974	0.11879	0.17161	-0.09634	-0.19503	0.18827	0.00967	(And (Member $e0 abandon) (Member $x0 firm) (Possession $x1 $x0) (Theme $e0 $x1))
p204172	0.07211	-0.04064	-0.03397	-0.04416	0.13061	-0.02965	-0.09343	0.05963	0.07567	-0.06142	-0.08299	0.14259	-0.08373	-0.04829	0.10336	-0.08245	0.01197	-0.06178	0.03815	-0.01220	-0.01741	-0.00294	0.03788	-0.09814	0.02920	0.02974	0.11879	0.17161	-0.09634	-0.19503	0.18827	0.00967	(And (Member $e0 abandon) (Member $x0 tender) (Possession $x0 $x1) (Theme $e0 $x0))
p204175	0.06444	0.09918	0.04916	-0.07989	-0.14738	-0.05995	0.10325	0.04024	0.11696	-0.00463	-0.03228	0.07870	0.07599	-0.08815	-0.03265	-0.03899	-0.04367	0.05834	-0.05482	-0.04764	-0.04885	-0.02685	0.13552	0.11573	-0.00649	-0.05128	-0.05020	0.03930	0.08576	-0.06986	-0.02761	0.02550	(And (Member $e0 buy) (Member $x0 kiln) (Past $e0) (Theme $e0 $x0))
p204177	0.00885	0.00804	-0.00815	0.04840	-0.02933	0.00587	-0.01280	0.04094	-0.01371	0.00175	-0.03396	-0.02744	0.15628	-0.00710	0.02461	0.00582	0.03784	0.00768	-0.03453	0.02674	-0.04245	0.02056	-0.01934	-0.00746	0.00577	-0.06312	-0.00174	0.07816	-0.01113	-0.01640	-0.02826	-0.00341	(And (Member $e0 cause) (Member $e1 destroy) (Patient $e1 $x0) (Theme $e0 $e1))
p204178	-0.05670	-0.03186	0.02707	-0.06790	0.00598	0.12968	-0.02067	-0.11785	0.01089	0.00286	0.23179	0.08479	-0.03770	-0.02754	-0.05422	-0.04287	-0.05556	-0.05252	0.04957	-0.03874	0.04010	0.07322	0.15246	-0.04921	-0.02241	0.04953	0.00487	-0.03865	0.01034	0.04211	-0.01532	-0.00944	(And (Member $e0 decide) (Member $x0 budget) (Possession $x0 next_year) (Theme $e0 $x0))
p204179	-0.03604	0.00355	-0.03024	0.01267	0.07850	-0.00165	-0.00099	0.03411	-0.05959	-0.07719	0.02312	-0.07947	0.13716	0.05963	-0.03614	0.02562	-0.00047	-0.00468	0.02420	0.11399	-0.04775	-0.00776	0.10581	-0.03062	-0.03352	-0.10073	0.03023	0.11408	-0.01149	0.07343	-0.07814	0.02570	(And (Member $e0 decision) (Member $e1 make) (Patient $e1 $e0) (Theme $e0 $x0))
p204180	-0.03424	0.01520	-0.02900	0.02732	0.07936	-0.00183	-0.01222	0.02941	-0.05301	-0.06702	0.02862	-0.07063	0.15889	0.04524	-0.02765	0.01725	-0.00317	-0.00572	-0.01017	0.11118	-0.05024	0.02552	0.09616	-0.03014	-0.03170	-0.09789	0.02952	0.10935	-0.00323	0.04708	-0.06510	0.01266	(And (Member $e0 decision) (Member $e1 reach) (Theme $e0 $x0) (Theme $e1 $e0))
p204183	-0.06636	0.18039	-0.05146	0.03132	0.04724	-0.08187	0.01937	0.05700	-0.01274	0.02949	0.02853	-0.01848	0.11697	-0.07625	-0.00038	-0.05137	-0.07354	0.06696	-0.12866	-0.05009	0.10053	0.19451	-0.04393	-0.07763	0.15776	0.12699	-0.05585	-0.13305	-0.00497	0.05060	0.12311	-0.12647	(And (Member $e0 discover) (Member $x0 file) (Member $x0 missing) (Theme $e0 $x0))
p204184	0.00272	0.00844	0.07526	0.05746	-0.00616	-0.01379	-0.00926	-0.00981	-0.01826	-0.00327	-0.02452	0.00725	-0.00808	-0.02002	-0.01194	0.03919	-0.01374	-0.01757	-0.01467	-0.02697	-0.03303	-0.01178	0.04755	-0.01733	-0.00902	0.03855	-0.01145	-0.03304	-0.04690	-0.01093	0.06377	-0.01331	(And (Member $e0 give) (Member $x0 answer) (Recipient $e0 $x1) (Theme $e0 $x0))
p204185	0.00359	0.00941	0.07629	0.05996	-0.00534	-0.01505	-0.00896	-0.01156	-0.01993	-0.00409	-0.02379	0.00636	-0.00789	-0.01969	-0.01133	0.04003	-0.01417	-0.01751	-0.01539	-0.02654	-0.03395	-0.01129	0.04860	-0.01757	-0.00847	0.03797	-0.01084	-0.03253	-0.04691	-0.01057	0.06373	-0.01360	(And (Member $e0 give) (Member $x0 manifest) (Recipient $e0 $x1) (Theme $e0 $x0))
p204186	0.00196	0.01710	0.09547	0.08487	-0.00158	-0.01513	0.00692	-0.02701	-0.03058	-0.00911	-0.01875	-0.00296	-0.00894	-0.01969	-0.01952	0.04250	-0.01718	-0.02183	-0.01825	-0.02464	-0.04232	-0.01219	0.05779	-0.02230	-0.00409	0.03062	0.00643	-0.03426	-0.05017	0.00090	0.06130	-0.01620	(And (Member $e0 give) (Member $x0 recruit) (Recipient $e0 $x0) (Theme $e0 $x1))
p204187	0.00895	0.02423	0.08603	0.09378	0.00380	-0.01314	0.00703	-0.02834	-0.02653	-0.01070	-0.01695	-0.01120	-0.01005	-0.01751	-0.02016	0.03914	-0.02030	-0.02192	-0.01927	-0.02498	-0.04220	-0.01420	0.05329	-0.02642	-0.00306	0.03124	0.01022	-0.03885	-0.05097	0.00270	0.06990	-0.01921	(And (Member $e0 give) (Member $x0 winner) (Recipient $e0 $x0) (Theme $e0 $x1))
p204188	0.14854	-0.03941	-0.03214	-0.06570	-0.02270	-0.04239	0.00502	-0.00333	-0.04931	0.00802	-0.02326	-0.02051	-0.03513	0.02121	-0.01538	0.09584	-0.03523	-0.01641	0.01550	0.00391	0.12307	0.14380	0.02587	-0.00342	-0.03854	-0.05846	-0.00956	0.06010	0.00544	-0.06596	-0.02603	0.10018	(And (Member $e0 lend) (Member $x0 gallery) (Recipient $e0 $x0) (Theme $e0 $x1))
p204189	0.08392	-0.02844	-0.03278	-0.04821	-0.01589	-0.03233	-0.02212	0.01824	-0.03825	-0.00204	-0.03049	-0.00771	-0.03001	0.01854	-0.01635	0.10666	-0.01081	-0.01093	0.01295	0.01005	0.06376	0.09429	0.02088	0.00544	-0.03820	-0.04946	-0.02251	0.05442	0.00434	-0.03930	-0.03902	0.08768	(And (Member $e0 lend) (Member $x0 generator) (Recipient $e0 $x1) (Theme $e0 $x0))
p204191	0.04277	-0.08074	-0.03964	-0.10581	-0.07420	0.01586	-0.03675	-0.11510	0.16997	0.04117	-0.04021	-0.03996	0.13610	0.12194	-0.06762	0.05276	-0.10647	0.06470	0.12264	-0.05741	-0.03253	-0.06696	-0.00807	-0.08072	-0.03384	0.18141	0.10417	-0.07640	0.08793	-0.01795	0.08329	0.00557	(And (Member $e0 teach) (Member $x0 apprentice) (Recipient $e0 $x0) (Theme $e0 glazing))
p204192	-0.01657	0.00786	-0.06204	0.01433	-0.00738	-0.03597	0.00573	0.04853	0.02877	0.01234	0.04990	0.03986	0.01599	0.04867	0.06831	0.10898	-0.01031	-0.02925	-0.03566	0.00110	-0.02052	-0.03350	-0.04261	0.00585	-0.01552	-0.00688	-0.05386	-0.01856	-0.02844	0.02142	-0.02820	-0.01265	(And (Member $e0 teach) (Member $x0 drill) (Recipient $e0 $x1) (Theme $e0 $x0))
p204193	-0.03248	0.07838	-0.08835	0.03889	-0.00450	-0.07229	0.04060	0.11678	0.04040	0.01947	0.20496	0.10428	-0.00412	0.08669	0.16178	0.10689	-0.02378	-0.08642	-0.08546	0.01321	-0.04412	-0.04199	-0.07131	-0.00507	0.01029	-0.03715	-0.09434	-0.03306	-0.05693	0.04494	-0.05033	-0.03320	(And (Member $e0 teach) (Member $x0 song) (Recipient $e0 $x1) (Theme $e0 $x0))
p204194	-0.01576	-0.02129	-0.01058	-0.01465	0.02160	0.02082	-0.01457	0.02615	0.02994	0.00320	-0.03277	0.03615	-0.02485	-0.01865	-0.00783	-0.02232	0.00620	-0.01558	0.02711	-0.02104	0.01302	-0.01247	0.00286	-0.01941	-0.01613	0.03472	-0.01125	-0.01836	-0.03730	-0.02875	0.02547	0.00486	(And (Member $x0 departure) (Member $x1 ferry) (Possession $x0 $x1) (Theme $e0 $x0))
p204195	0.06444	0.09918	0.04916	-0.07989	-0.14738	-0.05995	0.10325	0.04024	0.11696	-0.00463	-0.03228	0.07870	0.07599	-0.08815	-0.03265	-0.03899	-0.04368	0.05834	-0.05482	-0.04764	-0.04885	-0.02685	0.13552	0.11573	-0.00649	-0.05128	-0.05020	0.03930	0.08576	-0.06986	-0.02760	0.02550	(And (Member $x0 kiln) (Ordinal $x0 <num> buy) (Past $e0) (Theme $e0 $x0))
p204865	0.27275	0.02073	-0.06192	-0.00691	-0.10963	0.10659	0.03687	0.24035	-0.14041	-0.08863	-0.07196	-0.04537	-0.00491	0.04049	0.04650	-0.06418	0.17109	-0.03943	0.03725	-0.00093	-0.18599	0.01231	0.07730	0.01951	0.00590	0.00783	-0.02934	-0.05508	0.01936	0.10660	0.10625	-0.08485	(And (Agent $e0 $x0) (Also appear $e0) (Member $e1 appear))
p204866	0.21202	0.02719	-0.03774	-0.01964	-0.08512	0.09396	0.00977	0.19444	-0.09895	-0.06435	-0.05914	-0.04505	0.00252	0.02626	0.03082	-0.04619	0.13354	-0.04402	0.00930	-0.00065	-0.14790	0.00213	0.05295	0.01278	0.00074	-0.00140	-0.01440	-0.04473	0.01500	0.08395	0.08443	-0.05353	(And (Agent $e0 $x0) (Also appear $e0) (Member $x0 person))
p204867	0.27275	0.02073	-0.06192	-0.00691	-0.10963	0.10659	0.03687	0.24035	-0.14041	-0.08863	-0.07196	-0.04537	-0.00491	0.04049	0.04650	-0.06418	0.17109	-0.03943	0.03725	-0.00093	-0.18599	0.01231	0.07730	0.01951	0.00590	0.00783	-0.02934	-0.05508	0.01936	0.10660	0.10625	-0.08485	(And (Agent $e0 $x0) (Also appear $e1) (Member $e0 appear))
p204868	-0.02393	-0.01125	0.11579	0.05442	-0.09088	-0.02623	-0.04895	0.08464	-0.05082	-0.03180	0.01843	0.09281	0.03012	0.07147	-0.13071	-0.05116	-0.04059	-0.04042	0.03058	0.01133	0.09304	-0.01415	-0.03984	0.02090	0.02449	-0.08672	0.07264	0.02663	0.16294	0.05531	-0.05055	-0.00256	(And (Agent $e0 $x0) (Cardinality $x0 <num>) (Member $e0 abandon))
p204869	-0.03155	-0.04894	-0.04183	-0.01693	0.05285	-0.07608	-0.02531	0.05002	-0.05090	0.08511	-0.01674	-0.03071	-0.05047	0.11702	-0.01087	-0.02016	0.02710	0.03213	-0.02978	-0.02378	0.06581	-0.04771	0.11475	0.09558	0.08181	0.05328	0.00291	-0.01500	-0.07415	-0.05470	-0.04179	-0.02981	(And (Agent $e0 $x0) (CoAgent $e0 $x1) (Member $x0 biologist))
p204870	-0.03155	-0.04894	-0.04183	-0.01693	0.05285	-0.07608	-0.02531	0.05002	-0.05090	0.08511	-0.01674	-0.03071	-0.05047	0.11702	-0.01087	-0.02016	0.02710	0.03213	-0.02978	-0.02378	0.06581	-0.04771	0.11475	0.09558	0.08181	0.05328	0.00291	-0.01500	-0.07415	-0.05470	-0.04179	-0.02981	(And (Agent $e0 $x0) (CoAgent $e0 $x1) (Member $x1 ranger))
p204871	0.00318	-0.01378	-0.01369	0.01275	0.00079	0.00125	-0.00307	-0.01040	-0.00453	-0.00489	-0.01548	-0.00470	0.01705	-0.00072	0.00580	0.00206	-0.00161	0.02409	-0.00386	-0.00997	-0.00100	-0.00563	-0.00385	0.00166	0.00794	-0.00503	-0.00493	-0.00191	0.01442	0.00277	-0.00253	-0.01474	(And (Agent $e0 $x0) (Future $e0) (Member $x0 delegation))
p204872	-0.02393	-0.01125	0.11579	0.05442	-0.09088	-0.02623	-0.04895	0.08464	-0.05082	-0.03180	0.01843	0.09281	0.03012	0.07147	-0.13071	-0.05116	-0.04059	-0.04042	0.03058	0.01133	0.09304	-0.01415	-0.03984	0.02090	0.02449	-0.08672	0.07264	0.02663	0.16294	0.05531	-0.05055	-0.00256	(And (Agent $e0 $x0) (GroupOf $x0 climber) (Member $e0 abandon))
p204873	-0.00057	-0.00955	-0.01535	0.01499	0.00004	0.00362	-0.00548	-0.00914	-0.00310	-0.00605	-0.01558	-0.00596	0.00699	0.00492	0.00134	0.00311	-0.00656	0.02199	-0.00821	-0.00710	-0.00832	0.00209	-0.00193	-0.00225	0.00910	-0.00997	-0.00039	0.00216	0.01817	0.00504	-0.00425	-0.01010	(And (Agent $e0 $x0) (GroupOf $x0 soil_sample) (Inheritance soil_sample sample))
p204874	-0.00059	-0.00956	-0.01536	0.01498	0.00003	0.00361	-0.00550	-0.00916	-0.00311	-0.00606	-0.01559	-0.00598	0.00698	0.00491	0.00132	0.00309	-0.00657	0.02198	-0.00822	-0.00712	-0.00833	0.00207	-0.00194	-0.00226	0.00909	-0.00999	-0.00040	0.00215	0.01816	0.00502	-0.00426	-0.01011	(And (Agent $e0 $x0) (GroupOf $x0 soil_sample) (Instrument $e0 post))
p204875	-0.03248	0.07838	-0.08835	0.03889	-0.00450	-0.07229	0.04060	0.11678	0.04040	0.01947	0.20496	0.10428	-0.00412	0.08669	0.16178	0.10689	-0.02378	-0.08642	-0.08546	0.01321	-0.04412	-0.04199	-0.07131	-0.00507	0.01029	-0.03715	-0.09434	-0.03306	-0.05693	0.04494	-0.05033	-0.03320	(And (Agent $e0 $x0) (GroupOf $x1 child) (Recipient $e0 $x1))
p204876	-0.00333	-0.01065	-0.01431	0.01084	-0.00111	0.00384	-0.00830	-0.01279	-0.00013	-0.00550	-0.01357	0.00050	0.00265	0.00403	0.00090	0.00018	-0.00860	0.01899	-0.00753	-0.00970	-0.00809	0.00512	0.00220	-0.00574	0.01518	-0.00253	0.00008	-0.00016	0.01717	0.00525	-0.00322	-0.01017	(And (Agent $e0 $x0) (Inheritance night_delivery delivery) (Theme $e0 night_delivery))
p204877	0.00853	-0.01035	-0.01724	0.02805	0.00149	0.00441	-0.00843	0.00104	-0.00402	0.02736	-0.01402	-0.01888	-0.01017	-0.00845	0.00879	0.00094	-0.00531	0.00439	0.00550	-0.00585	-0.00595	-0.00760	-0.00750	0.03489	-0.00272	-0.01200	0.03200	-0.01159	-0.00276	-0.02030	-0.00820	-0.01460	(And (Agent $e0 $x0) (Location $e0 $x1) (Member $x0 curator))
p204878	-0.01505	-0.02947	-0.03415	0.01364	0.04909	-0.03797	-0.01808	0.02345	-0.03168	0.06057	-0.01688	-0.03090	-0.03235	0.06150	0.00067	-0.00411	0.00833	0.02686	-0.00502	-0.00777	0.02066	-0.02982	0.05540	0.06643	0.04289	0.00188	0.02040	-0.00983	-0.04170	-0.03817	-0.02737	-0.02240	(And (Agent $e0 $x0) (Location $e0 $x1) (Member $x0 welder))
p204879	-0.02217	-0.04296	-0.04834	0.01898	0.06912	-0.05410	-0.02576	0.03495	-0.04523	0.09454	-0.02223	-0.04523	-0.04518	0.08997	-0.00034	-0.00439	0.01092	0.04068	-0.00465	-0.01151	0.03201	-0.04362	0.07746	0.10099	0.06029	0.00111	0.02702	-0.01569	-0.05932	-0.05720	-0.04020	-0.03336	(And (Agent $e0 $x0) (Location $e0 $x1) (Member $x1 frame))
p204880	0.00853	-0.01035	-0.01724	0.02805	0.00149	0.00441	-0.00843	0.00104	-0.00402	0.02736	-0.01402	-0.01888	-0.01017	-0.00845	0.00879	0.00094	-0.00531	0.00439	0.00550	-0.00585	-0.00595	-0.00760	-0.00750	0.03489	-0.00272	-0.01200	0.03200	-0.01159	-0.00276	-0.02030	-0.00820	-0.01460	(And (Agent $e0 $x0) (Location $e0 $x1) (Member $x1 hall))
p204881	0.07211	-0.04064	-0.03397	-0.04416	0.13061	-0.02965	-0.09343	0.05963	0.07567	-0.06142	-0.08298	0.14259	-0.08372	-0.04829	0.10336	-0.08245	0.01197	-0.06178	0.03815	-0.01220	-0.01741	-0.00294	0.03788	-0.09814	0.02921	0.02974	0.11879	0.17161	-0.09634	-0.19503	0.18827	0.00967	(And (Agent $e0 $x0) (Member $e0 abandon) (Member $x0 firm))
p204883	-0.02186	-0.01825	-0.01163	-0.00391	-0.00147	0.03032	0.00213	0.02151	0.01834	0.01041	-0.02457	0.00839	-0.00366	-0.01109	-0.01692	-0.00597	-0.00161	0.00493	0.00528	-0.02217	0.01968	-0.01441	-0.00592	-0.00822	-0.01448	0.01501	-0.01830	-0.02849	-0.02453	0.00556	0.00728	-0.00852	(And (Agent $e0 $x0) (Member $e0 answer) (Member $x0 clerk))
p204884	-0.02170	-0.01809	-0.01151	-0.00378	-0.00150	0.03025	0.00181	0.02164	0.01839	0.01022	-0.02443	0.00854	-0.00382	-0.01115	-0.01686	-0.00605	-0.00157	0.00479	0.00496	-0.02194	0.01921	-0.01402	-0.00572	-0.00829	-0.01414	0.01471	-0.01816	-0.02814	-0.02441	0.00540	0.00715	-0.00841	(And (Agent $e0 $x0) (Member $e0 answer) (Member $x0 pilot))
p204886	0.36313	0.06068	-0.05146	-0.05217	-0.14590	0.17514	-0.00772	0.34281	-0.15660	-0.10459	-0.10563	-0.08997	0.01232	0.03810	0.04581	-0.07454	0.22936	-0.09278	-0.00951	-0.00121	-0.25790	-0.00609	0.08139	0.01869	-0.00385	-0.01217	-0.01402	-0.07926	0.02544	0.14508	0.14687	-0.07593	(And (Agent $e0 $x0) (Member $e0 appear) (Member $x0 person))
p204887	-0.00058	-0.01378	-0.01349	0.00995	-0.00046	0.00199	-0.00625	-0.01375	-0.00149	-0.00490	-0.01388	0.00050	0.01197	0.00072	0.00393	0.00005	-0.00558	0.02290	-0.00537	-0.01170	-0.00287	-0.00066	0.00019	-0.00291	0.01471	0.00033	-0.00362	-0.00283	0.01553	0.00474	-0.00192	-0.01430	(And (Agent $e0 $x0) (Member $e0 arrive) (Member $x0 freight))
p204888	-0.10090	0.08419	-0.07466	-0.03785	0.01779	0.00474	-0.06545	-0.04917	-0.06231	-0.03846	-0.04788	0.07409	-0.03498	-0.03278	-0.02695	0.13069	0.16789	0.07256	-0.03428	-0.00169	0.01695	-0.02025	0.02047	0.00849	-0.00955	0.01970	0.09515	0.04104	0.00914	0.05039	-0.05641	-0.04215	(And (Agent $e0 $x0) (Member $e0 buy) (Member $x0 depot))
p204889	0.06444	0.09918	0.04916	-0.07989	-0.14738	-0.05995	0.10325	0.04024	0.11696	-0.00463	-0.03228	0.07870	0.07599	-0.08815	-0.03265	-0.03899	-0.04367	0.05834	-0.05482	-0.04764	-0.04885	-0.02685	0.13552	0.11573	-0.00649	-0.05128	-0.05020	0.03930	0.08576	-0.06986	-0.02760	0.02550	(And (Agent $e0 $x0) (Member $e0 buy) (Member $x0 pottery_studio))
p204890	0.07826	0.06551	-0.03792	0.14066	0.06474	0.04291	-0.04140	-0.03312	0.06206	-0.06644	0.04281	-0.06647	-0.04039	0.03031	-0.03490	-0.02874	0.00493	-0.02484	-0.02253	-0.02957	0.03860	-0.04454	-0.05844	0.06140	-0.00972	0.05128	0.00335	0.10078	-0.02844	0.05537	-0.07844	0.01385	(And (Agent $e0 $x0) (Member $e0 buy) (Member $x0 school))
p204892	0.01321	-0.01704	0.03446	-0.03520	-0.04361	-0.00219	-0.01742	0.00771	0.00384	-0.04698	-0.03362	0.04173	-0.04318	-0.00145	0.01836	-0.01758	-0.00670	-0.03628	0.02537	-0.01552	-0.06308	-0.04117	0.04740	-0.07008	0.17486	0.07621	0.01011	0.01010	-0.05534	0.07983	-0.06146	0.14229	(And (Agent $e0 $x0) (Member $e0 cancel) (Member $x0 council))
p204893	0.01285	-0.01726	0.03417	-0.03546	-0.04390	-0.00176	-0.01734	0.00846	0.00484	-0.04648	-0.03419	0.04132	-0.04342	-0.00190	0.01798	-0.01774	-0.00639	-0.03625	0.02588	-0.01567	-0.06320	-0.04156	0.04754	-0.07018	0.17479	0.07684	0.00997	0.00968	-0.05574	0.07899	-0.06134	0.14293	(And (Agent $e0 $x0) (Member $e0 cancel) (Member $x0 tutor))
p204894	-0.05670	-0.03186	0.02707	-0.06790	0.00598	0.12968	-0.02067	-0.11785	0.01089	0.00286	0.23179	0.08479	-0.03770	-0.02754	-0.05422	-0.04287	-0.05556	-0.05252	0.04957	-0.03874	0.04010	0.07322	0.15246	-0.04921	-0.02241	0.04953	0.00487	-0.03865	0.01034	0.04211	-0.01532	-0.00944	(And (Agent $e0 $x0) (Member $e0 decide) (Member $x0 board))
p204895	-0.04159	-0.01985	0.00623	-0.02966	0.00635	0.06792	-0.00775	-0.05603	0.00739	0.00221	0.10922	0.04574	-0.01646	-0.01328	-0.03615	-0.01808	-0.03032	-0.02223	0.02051	-0.02440	0.02588	0.04276	0.06581	-0.02643	-0.01498	0.02299	-0.00970	-0.03118	-0.00156	0.03540	-0.00963	-0.01187	(And (Agent $e0 $x0) (Member $e0 decide) (Member $x0 judge))
p204896	-0.06553	-0.05793	0.12471	-0.06866	0.03329	-0.05373	-0.07953	0.02301	0.07234	-0.07938	0.01033	-0.10022	-0.03041	-0.09977	0.10910	0.04451	-0.03705	0.06084	0.08205	-0.00244	-0.03699	0.08718	-0.00464	0.11609	-0.03989	-0.00901	0.05289	0.00788	-0.00085	0.15304	-0.08345	-0.01172	(And (Agent $e0 $x0) (Member $e0 discover) (Member $x0 diver))
p204897	-0.06636	0.18039	-0.05146	0.03132	0.04724	-0.08187	0.01937	0.05700	-0.01274	0.02949	0.02853	-0.01848	0.11697	-0.07625	-0.00038	-0.05137	-0.07354	0.06696	-0.12866	-0.05009	0.10053	0.19451	-0.04393	-0.07763	0.15776	0.12699	-0.05585	-0.13305	-0.00497	0.05060	0.12311	-0.12647	(And (Agent $e0 $x0) (Member $e0 discover) (Member $x0 intern))
p204898	-0.01802	-0.01875	-0.01725	0.00556	-0.00628	0.02926	0.01474	0.02392	0.01629	0.01123	-0.02486	-0.01568	0.00857	-0.00603	-0.01812	0.00333	-0.00277	0.02133	0.00329	-0.01465	0.02185	-0.01995	-0.01531	-0.00140	-0.01788	-0.00800	-0.01460	-0.02167	-0.01856	0.00752	0.00267	-0.01018	(And (Agent $e0 $x0) (Member $e0 fund) (Member $x0 government))
p204899	0.00895	0.02423	0.08603	0.09378	0.00380	-0.01314	0.00703	-0.02834	-0.02653	-0.01070	-0.01695	-0.01120	-0.01005	-0.01751	-0.02016	0.03914	-0.02030	-0.02192	-0.01927	-0.02498	-0.04220	-0.01420	0.05329	-0.02642	-0.00306	0.03124	0.01022	-0.03885	-0.05097	0.00270	0.06990	-0.01921	(And (Agent $e0 $x0) (Member $e0 give) (Member $x0 school))
p204900	0.00196	0.01710	0.09547	0.08488	-0.00158	-0.01513	0.00692	-0.02701	-0.03058	-0.00911	-0.01875	-0.00296	-0.00894	-0.01969	-0.01952	0.04250	-0.01718	-0.02183	-0.01825	-0.02464	-0.04232	-0.01219	0.05779	-0.02230	-0.00409	0.03062	0.00643	-0.03426	-0.05017	0.00090	0.06130	-0.01620	(And (Agent $e0 $x0) (Member $e0 give) (Member $x0 trainer))
p204901	0.14854	-0.03941	-0.03214	-0.06570	-0.02270	-0.04239	0.00502	-0.00333	-0.04931	0.00802	-0.02325	-0.02051	-0.03513	0.02121	-0.01538	0.09584	-0.03523	-0.01641	0.01550	0.00391	0.12307	0.14380	0.02587	-0.00342	-0.03854	-0.05846	-0.00956	0.06010	0.00544	-0.06596	-0.02603	0.10018	(And (Agent $e0 $x0) (Member $e0 lend) (Member $x0 museum))
p204902	0.08235	-0.03255	-0.01148	-0.03476	-0.02813	0.02127	0.00436	0.01628	-0.00633	0.00912	-0.02589	-0.02906	-0.02110	-0.00539	-0.02439	0.01631	-0.01896	0.00752	0.01396	-0.00361	0.04530	0.06879	0.00905	-0.01906	-0.02387	-0.03234	0.02209	0.02840	-0.00607	-0.04252	-0.00521	0.06280	(And (Agent $e0 $x0) (Member $e0 lend) (Member $x0 neighbour))
p204903	-0.02177	-0.01880	-0.01104	-0.00966	0.00267	0.03086	-0.00128	0.02173	0.01915	0.00888	-0.02557	0.01432	-0.00806	-0.01145	-0.01625	-0.00913	0.00023	-0.00207	0.01125	-0.02210	0.01920	-0.01416	-0.00215	-0.00985	-0.01695	0.01887	-0.01816	-0.02765	-0.02669	0.00113	0.00738	-0.00390	(And (Agent $e0 $x0) (Member $e0 postpone) (Member $x0 club))
p204904	-0.03248	0.07838	-0.08835	0.03889	-0.00450	-0.07229	0.04060	0.11678	0.04040	0.01947	0.20496	0.10428	-0.00412	0.08669	0.16178	0.10689	-0.02378	-0.08642	-0.08546	0.01321	-0.04412	-0.04199	-0.07131	-0.00507	0.01029	-0.03715	-0.09434	-0.03306	-0.05693	0.04494	-0.05033	-0.03320	(And (Agent $e0 $x0) (Member $e0 teach) (Member $x0 elder))
p204905	0.04277	-0.08074	-0.03964	-0.10581	-0.07420	0.01586	-0.03675	-0.11510	0.16997	0.04117	-0.04021	-0.03996	0.13610	0.12194	-0.06762	0.05277	-0.10647	0.06470	0.12264	-0.05741	-0.03253	-0.06696	-0.00807	-0.08072	-0.03384	0.18141	0.10417	-0.07640	0.08793	-0.01795	0.08329	0.00557	(And (Agent $e0 $x0) (Member $e0 teach) (Member $x0 potter))
p204906	-0.03635	-0.05838	-0.04637	-0.02189	0.04656	-0.08583	-0.02659	0.05103	-0.05804	0.10551	-0.01741	-0.03722	-0.05541	0.13923	-0.00930	-0.02145	0.02258	0.03882	-0.02584	-0.03013	0.08380	-0.05691	0.13287	0.11490	0.08071	0.05950	0.00417	-0.01617	-0.08178	-0.06540	-0.04873	-0.03478	(And (Agent $e0 $x0) (Member $e0 work) (Member $x0 biologist))
p204907	0.00885	0.00804	-0.00815	0.04840	-0.02933	0.00587	-0.01280	0.04094	-0.01371	0.00175	-0.03396	-0.02744	0.15628	-0.00710	0.02461	0.00582	0.03784	0.00768	-0.03453	0.02674	-0.04245	0.02056	-0.01934	-0.00746	0.00577	-0.06312	-0.00174	0.07816	-0.01113	-0.01640	-0.02826	-0.00341	(And (Agent $e0 $x0) (Member $e1 destroy) (Theme $e0 $e1))
p204908	-0.01585	-0.01769	-0.01078	0.00164	-0.00713	0.02472	0.00640	0.02090	0.01934	0.00329	-0.02492	-0.00513	-0.00206	-0.00637	-0.01480	0.00093	-0.00305	0.01168	0.00358	-0.01175	0.00946	-0.01737	-0.00299	-0.00831	-0.00268	-0.00050	-0.00996	-0.01504	-0.02041	0.01279	-0.00486	0.00300	(And (Agent $e0 $x0) (Member $x0 airline) (Theme $e0 $x1))
p204909	-0.01762	-0.01837	-0.01648	0.00550	-0.00555	0.02853	0.01230	0.02404	0.01630	0.01024	-0.02470	-0.01393	0.00674	-0.00626	-0.01742	0.00273	-0.00230	0.02016	0.00232	-0.01398	0.02022	-0.01835	-0.01387	-0.00182	-0.01710	-0.00750	-0.01404	-0.02015	-0.01847	0.00640	0.00227	-0.00910	(And (Agent $e0 $x0) (Member $x0 bank) (Theme $e0 $x1))
p204910	0.00853	-0.01035	-0.01724	0.02805	0.00149	0.00441	-0.00843	0.00104	-0.00402	0.02736	-0.01402	-0.01888	-0.01017	-0.00845	0.00879	0.00094	-0.00531	0.00439	0.00550	-0.00585	-0.00595	-0.00760	-0.00750	0.03489	-0.00272	-0.01200	0.03200	-0.01159	-0.00276	-0.02030	-0.00820	-0.01460	(And (Agent $e0 $x0) (Member $x0 curator) (Theme $e0 photography))
p204911	-0.03248	0.07838	-0.08835	0.03889	-0.00450	-0.07229	0.04060	0.11678	0.04040	0.01946	0.20495	0.10428	-0.00412	0.08669	0.16178	0.10689	-0.02378	-0.08642	-0.08546	0.01320	-0.04412	-0.04199	-0.07131	-0.00507	0.01028	-0.03715	-0.09434	-0.03306	-0.05693	0.04494	-0.05033	-0.03320	(And (Agent $e0 $x0) (Member $x0 elder) (Recipient $e0 $x1))
p204912	-0.03248	0.07838	-0.08835	0.03889	-0.00450	-0.07229	0.04060	0.11678	0.04040	0.01947	0.20496	0.10428	-0.00412	0.08669	0.16178	0.10689	-0.02378	-0.08642	-0.08546	0.01321	-0.04412	-0.04199	-0.07131	-0.00507	0.01029	-0.03715	-0.09434	-0.03306	-0.05693	0.04494	-0.05033	-0.03320	(And (Agent $e0 $x0) (Member $x0 elder) (Theme $e0 $x1))
p204913	-0.01576	-0.02129	-0.01058	-0.01465	0.02160	0.02082	-0.01457	0.02615	0.02994	0.00320	-0.03277	0.03615	-0.02485	-0.01865	-0.00783	-0.02232	0.00620	-0.01558	0.02711	-0.02104	0.01302	-0.01247	0.00286	-0.01941	-0.01613	0.03472	-0.01125	-0.01836	-0.03730	-0.02875	0.02547	0.00486	(And (Agent $e0 $x0) (Member $x0 ferry) (Theme $e0 $x1))
p204914	-0.00060	-0.01379	-0.01350	0.00994	-0.00047	0.00198	-0.00626	-0.01376	-0.00150	-0.00491	-0.01389	0.00048	0.01196	0.00070	0.00391	0.00004	-0.00560	0.02288	-0.00539	-0.01171	-0.00289	-0.00068	0.00017	-0.00293	0.01469	0.00031	-0.00364	-0.00285	0.01551	0.00473	-0.00194	-0.01432	(And (Agent $e0 $x0) (Member $x0 freight) (Time $e0 (Hour <num>)))
p204915	-0.04159	-0.01985	0.00623	-0.02966	0.00635	0.06792	-0.00775	-0.05603	0.00739	0.00221	0.10922	0.04574	-0.01646	-0.01328	-0.03615	-0.01808	-0.03032	-0.02223	0.02051	-0.02440	0.02588	0.04276	0.06581	-0.02643	-0.01498	0.02299	-0.00970	-0.03118	-0.00156	0.03540	-0.00963	-0.01187	(And (Agent $e0 $x0) (Member $x0 judge) (Theme $e0 $x1))
p204916	-0.00345	-0.01075	-0.01443	0.01075	-0.00124	0.00373	-0.00841	-0.01289	-0.00025	-0.00561	-0.01367	0.00037	0.00255	0.00393	0.00075	0.00008	-0.00871	0.01888	-0.00765	-0.00980	-0.00822	0.00501	0.00206	-0.00584	0.01506	-0.00270	-0.00005	-0.00027	0.01708	0.00516	-0.00335	-0.01030	(And (Agent $e0 $x0) (Member $x0 licence) (Theme $e0 night_delivery))
p204917	0.14854	-0.03941	-0.03214	-0.06570	-0.02270	-0.04239	0.00502	-0.00333	-0.04931	0.00802	-0.02326	-0.02051	-0.03513	0.02121	-0.01538	0.09584	-0.03523	-0.01641	0.01550	0.00391	0.12307	0.14380	0.02587	-0.00342	-0.03854	-0.05846	-0.00956	0.06010	0.00544	-0.06596	-0.02603	0.10018	(And (Agent $e0 $x0) (Member $x0 museum) (Recipient $e0 $x1))
p204918	0.14854	-0.03941	-0.03214	-0.06570	-0.02270	-0.04239	0.00502	-0.00333	-0.04931	0.00802	-0.02326	-0.02051	-0.03513	0.02121	-0.01538	0.09584	-0.03523	-0.01641	0.01550	0.00391	0.12307	0.14380	0.02587	-0.00342	-0.03854	-0.05846	-0.00956	0.06010	0.00544	-0.06596	-0.02603	0.10018	(And (Agent $e0 $x0) (Member $x0 museum) (Theme $e0 $x1))
p204919	0.08235	-0.03255	-0.01148	-0.03476	-0.02813	0.02127	0.00436	0.01628	-0.00633	0.00912	-0.02589	-0.02906	-0.02110	-0.00539	-0.02439	0.01631	-0.01896	0.00752	0.01396	-0.00361	0.04530	0.06879	0.00905	-0.01906	-0.02387	-0.03234	0.02209	0.02840	-0.00607	-0.04252	-0.00521	0.06280	(And (Agent $e0 $x0) (Member $x0 neighbour) (Recipient $e0 ravi))
p204920	0.08235	-0.03255	-0.01148	-0.03476	-0.02813	0.02127	0.00436	0.01628	-0.00633	0.00912	-0.02589	-0.02906	-0.02110	-0.00539	-0.02439	0.01631	-0.01896	0.00752	0.01396	-0.00361	0.04530	0.06879	0.00905	-0.01906	-0.02387	-0.03234	0.02209	0.02840	-0.00607	-0.04252	-0.00521	0.06280	(And (Agent $e0 $x0) (Member $x0 neighbour) (Theme $e0 $x1))
p204921	0.04277	-0.08073	-0.03964	-0.10581	-0.07419	0.01586	-0.03675	-0.11510	0.16997	0.04117	-0.04020	-0.03996	0.13610	0.12194	-0.06762	0.05277	-0.10646	0.06470	0.12265	-0.05741	-0.03253	-0.06695	-0.00807	-0.08072	-0.03383	0.18141	0.10418	-0.07639	0.08793	-0.01795	0.08329	0.00557	(And (Agent $e0 $x0) (Member $x0 potter) (Recipient $e0 $x1))
p204922	0.04277	-0.08073	-0.03964	-0.10581	-0.07419	0.01586	-0.03675	-0.11510	0.16997	0.04117	-0.04020	-0.03996	0.13610	0.12194	-0.06762	0.05277	-0.10646	0.06470	0.12265	-0.05741	-0.03253	-0.06695	-0.00807	-0.08072	-0.03383	0.18141	0.10418	-0.07639	0.08793	-0.01795	0.08329	0.00557	(And (Agent $e0 $x0) (Member $x0 potter) (Theme $e0 glazing))
p204923	0.00895	0.02423	0.08603	0.09378	0.00380	-0.01314	0.00703	-0.02834	-0.02653	-0.01070	-0.01695	-0.01120	-0.01005	-0.01751	-0.02016	0.03914	-0.02030	-0.02192	-0.01927	-0.02498	-0.04220	-0.01420	0.05329	-0.02642	-0.00306	0.03124	0.01022	-0.03885	-0.05097	0.00270	0.06990	-0.01921	(And (Agent $e0 $x0) (Member $x0 school) (Recipient $e0 $x1))
p204924	0.00196	0.01710	0.09547	0.08487	-0.00158	-0.01513	0.00692	-0.02701	-0.03058	-0.00911	-0.01875	-0.00296	-0.00894	-0.01969	-0.01952	0.04250	-0.01718	-0.02183	-0.01825	-0.02464	-0.04232	-0.01219	0.05778	-0.02230	-0.00409	0.03062	0.00643	-0.03426	-0.05017	0.00090	0.06130	-0.01620	(And (Agent $e0 $x0) (Member $x0 trainer) (Recipient $e0 $x1))
p204925	0.00196	0.01710	0.09547	0.08488	-0.00158	-0.01513	0.00692	-0.02701	-0.03058	-0.00911	-0.01875	-0.00296	-0.00894	-0.01969	-0.01952	0.04250	-0.01718	-0.02183	-0.01825	-0.02464	-0.04232	-0.01219	0.05779	-0.02230	-0.00409	0.03062	0.00643	-0.03426	-0.05017	0.00090	0.06130	-0.01620	(And (Agent $e0 $x0) (Member $x0 trainer) (Theme $e0 $x1))
p204926	-0.01090	-0.00872	0.01646	0.02111	-0.00452	0.01376	0.00134	0.01132	0.00486	0.00477	-0.02519	-0.00095	-0.00209	-0.01259	-0.01450	0.01261	-0.00584	0.00213	-0.00380	-0.01953	0.00040	-0.01466	0.01001	-0.00885	-0.01386	0.01266	-0.01354	-0.02524	-0.02965	-0.00151	0.02389	-0.00935	(And (Agent $e0 $x0) (Member $x0 vet) (Theme $e0 $x1))
p204927	-0.00366	-0.01078	-0.01449	0.01110	-0.00132	0.00398	-0.00839	-0.01310	-0.00012	-0.00556	-0.01386	0.00024	0.00316	0.00459	0.00044	0.00035	-0.00893	0.02000	-0.00803	-0.00978	-0.00829	0.00544	0.00212	-0.00602	0.01568	-0.00280	-0.00001	-0.00002	0.01765	0.00584	-0.00328	-0.01050	(And (Agent $e0 $x0) (Member $x0 warden) (Theme $e0 visitor))
p204928	-0.00368	-0.01080	-0.01451	0.01108	-0.00133	0.00396	-0.00841	-0.01312	-0.00014	-0.00557	-0.01388	0.00023	0.00314	0.00458	0.00044	0.00033	-0.00895	0.01999	-0.00805	-0.00980	-0.00829	0.00543	0.00212	-0.00604	0.01566	-0.00279	-0.00002	-0.00003	0.01763	0.00581	-0.00328	-0.01052	(And (Agent $e0 $x0) (Member $x0 warden) (Time $e0 (Weekday sunday)))
p204929	0.00272	0.00844	0.07526	0.05746	-0.00616	-0.01379	-0.00926	-0.00981	-0.01826	-0.00327	-0.02452	0.00725	-0.00808	-0.02002	-0.01194	0.03919	-0.01374	-0.01757	-0.01467	-0.02697	-0.03303	-0.01178	0.04755	-0.01733	-0.00902	0.03855	-0.01145	-0.03304	-0.04690	-0.01093	0.06377	-0.01331	(And (Agent $e0 $x0) (Member $x1 answer) (Theme $e0 $x1))
p204930	0.04277	-0.08074	-0.03964	-0.10581	-0.07420	0.01586	-0.03675	-0.11510	0.16997	0.04117	-0.04021	-0.03996	0.13610	0.12194	-0.06762	0.05276	-0.10647	0.06470	0.12264	-0.05741	-0.03253	-0.06696	-0.00807	-0.08072	-0.03384	0.18141	0.10417	-0.07640	0.08793	-0.01795	0.08329	0.00557	(And (Agent $e0 $x0) (Member $x1 apprentice) (Recipient $e0 $x1))
p204931	-0.01448	-0.01452	-0.01275	0.00542	-0.00263	0.02345	0.00664	0.02313	0.01408	0.00620	-0.02262	-0.00778	0.00250	-0.00656	-0.01454	0.00111	-0.00169	0.01269	0.00165	-0.00959	0.01317	-0.01254	-0.00704	-0.00423	-0.01342	-0.00645	-0.01061	-0.01492	-0.01852	0.00385	0.00025	-0.00414	(And (Agent $e0 $x0) (Member $x1 bridge) (Theme $e0 $x1))
p204932	-0.05670	-0.03186	0.02707	-0.06790	0.00598	0.12968	-0.02067	-0.11785	0.01089	0.00286	0.23179	0.08479	-0.03770	-0.02754	-0.05422	-0.04287	-0.05556	-0.05252	0.04957	-0.03874	0.04010	0.07322	0.15246	-0.04921	-0.02241	0.04953	0.00487	-0.03865	0.01034	0.04211	-0.01532	-0.00944	(And (Agent $e0 $x0) (Member $x1 budget) (Theme $e0 $x1))
p204933	-0.04159	-0.01985	0.00623	-0.02966	0.00635	0.06792	-0.00775	-0.05603	0.00738	0.00221	0.10922	0.04574	-0.01646	-0.01328	-0.03615	-0.01808	-0.03032	-0.02223	0.02051	-0.02440	0.02588	0.04276	0.06581	-0.02643	-0.01498	0.02299	-0.00970	-0.03118	-0.00156	0.03540	-0.00963	-0.01187	(And (Agent $e0 $x0) (Member $x1 case) (Theme $e0 $x1))
p204934	-0.00325	-0.01140	-0.00096	0.01743	-0.01443	0.00298	0.00219	0.01172	-0.00519	-0.00914	-0.02341	-0.00592	0.02676	0.00167	-0.00059	0.00324	0.01919	0.00565	0.00777	-0.00298	-0.02080	-0.02266	-0.00894	-0.00874	0.02859	-0.01093	-0.00948	0.00863	-0.01745	0.01940	-0.02783	0.03995	(And (Agent $e0 $x0) (Member $x1 chart) (Patient $e0 $x1))
p204936	-0.01576	-0.02129	-0.01058	-0.01465	0.02160	0.02082	-0.01457	0.02615	0.02995	0.00320	-0.03277	0.03615	-0.02485	-0.01865	-0.00783	-0.02232	0.00620	-0.01558	0.02711	-0.02104	0.01302	-0.01247	0.00286	-0.01941	-0.01613	0.03472	-0.01125	-0.01836	-0.03730	-0.02875	0.02547	0.00486	(And (Agent $e0 $x0) (Member $x1 departure) (Theme $e0 $x1))
p204937	-0.01585	-0.01769	-0.01078	0.00164	-0.00713	0.02472	0.00640	0.02090	0.01934	0.00329	-0.02491	-0.00513	-0.00206	-0.00637	-0.01480	0.00093	-0.00305	0.01168	0.00358	-0.01175	0.00946	-0.01737	-0.00299	-0.00831	-0.00268	-0.00050	-0.00996	-0.01504	-0.02041	0.01279	-0.00486	0.00300	(And (Agent $e0 $x0) (Member $x1 evening_flight) (Theme $e0 $x1))
p204938	0.14854	-0.03941	-0.03214	-0.06570	-0.02270	-0.04239	0.00502	-0.00333	-0.04931	0.00802	-0.02325	-0.02051	-0.03512	0.02121	-0.01538	0.09584	-0.03523	-0.01641	0.01550	0.00391	0.12307	0.14380	0.02587	-0.00342	-0.03853	-0.05846	-0.00956	0.06010	0.00544	-0.06596	-0.02603	0.10018	(And (Agent $e0 $x0) (Member $x1 gallery) (Recipient $e0 $x1))
p204939	-0.01762	-0.01837	-0.01648	0.00550	-0.00555	0.02853	0.01230	0.02404	0.01630	0.01024	-0.02469	-0.01393	0.00674	-0.00626	-0.01742	0.00273	-0.00230	0.02016	0.00232	-0.01398	0.02022	-0.01835	-0.01387	-0.00182	-0.01710	-0.00750	-0.01404	-0.02015	-0.01847	0.00640	0.00227	-0.00910	(And (Agent $e0 $x0) (Member $x1 loan_application) (Theme $e0 $x1))
p204940	-0.00141	0.00957	0.05635	0.06837	0.00178	-0.00141	-0.00050	-0.00590	-0.01140	-0.00434	-0.01899	-0.00975	-0.00563	-0.01453	-0.01997	0.02584	-0.01113	-0.00993	-0.01212	-0.02002	-0.02446	-0.01561	0.02990	-0.01541	-0.00883	0.02055	-0.00821	-0.03087	-0.04133	0.00163	0.04336	-0.01344	(And (Agent $e0 $x0) (Member $x1 medal) (Theme $e0 $x1))
p204941	0.09769	-0.03270	-0.02559	-0.04508	-0.01804	-0.02102	-0.00198	0.01181	-0.02995	0.00848	-0.02442	-0.01626	-0.02314	0.01241	-0.01586	0.06770	-0.02202	-0.00654	0.01388	0.00059	0.08846	0.09510	0.01225	-0.00058	-0.03320	-0.04376	-0.01970	0.03859	-0.00175	-0.04687	-0.01969	0.06986	(And (Agent $e0 $x0) (Member $x1 painting) (Theme $e0 $x1))
p204942	-0.02186	-0.01825	-0.01163	-0.00391	-0.00147	0.03032	0.00213	0.02151	0.01834	0.01041	-0.02457	0.00839	-0.00366	-0.01109	-0.01692	-0.00597	-0.00161	0.00493	0.00528	-0.02217	0.01968	-0.01441	-0.00592	-0.00822	-0.01448	0.01501	-0.01830	-0.02849	-0.02453	0.00556	0.00728	-0.00852	(And (Agent $e0 $x0) (Member $x1 query) (Theme $e0 $x1))
p204943	0.00196	0.01710	0.09547	0.08488	-0.00158	-0.01513	0.00692	-0.02701	-0.03058	-0.00911	-0.01875	-0.00296	-0.00894	-0.01969	-0.01952	0.04250	-0.01718	-0.02183	-0.01825	-0.02464	-0.04232	-0.01219	0.05779	-0.02230	-0.00409	0.03062	0.00643	-0.03426	-0.05017	0.00090	0.06130	-0.01620	(And (Agent $e0 $x0) (Member $x1 recruit) (Recipient $e0 $x1))
p204944	-0.02170	-0.01809	-0.01151	-0.00378	-0.00150	0.03025	0.00181	0.02164	0.01839	0.01022	-0.02443	0.00854	-0.00382	-0.01115	-0.01686	-0.00605	-0.00157	0.00479	0.00496	-0.02194	0.01921	-0.01402	-0.00572	-0.00829	-0.01414	0.01471	-0.01816	-0.02814	-0.02441	0.00540	0.00715	-0.00841	(And (Agent $e0 $x0) (Member $x1 tower) (Theme $e0 $x1))
p204945	-0.00691	0.00452	0.06239	0.06076	-0.00186	-0.00328	0.00043	-0.00654	-0.01413	-0.00287	-0.02069	-0.00370	-0.00418	-0.01644	-0.01868	0.02904	-0.00977	-0.00892	-0.01121	-0.02023	-0.02286	-0.01426	0.03397	-0.01278	-0.00944	0.01995	-0.01115	-0.02821	-0.04040	0.00020	0.03885	-0.01233	(And (Agent $e0 $x0) (Member $x1 whistle) (Theme $e0 $x1))
p204946	0.00895	0.02423	0.08603	0.09378	0.00380	-0.01314	0.00703	-0.02834	-0.02653	-0.01070	-0.01695	-0.01120	-0.01005	-0.01751	-0.02016	0.03914	-0.02030	-0.02192	-0.01927	-0.02498	-0.04220	-0.01420	0.05329	-0.02642	-0.00306	0.03124	0.01022	-0.03885	-0.05097	0.00270	0.06990	-0.01921	(And (Agent $e0 $x0) (Member $x1 winner) (Recipient $e0 $x1))
p204947	0.06444	0.09918	0.04916	-0.07989	-0.14738	-0.05995	0.10325	0.04024	0.11696	-0.00463	-0.03228	0.07870	0.07599	-0.08815	-0.03265	-0.03899	-0.04367	0.05834	-0.05482	-0.04764	-0.04885	-0.02685	0.13552	0.11573	-0.00649	-0.05128	-0.05020	0.03930	0.08576	-0.06986	-0.02760	0.02550	(And (Agent $e0 $x0) (Ordinal $x1 <num> buy) (Theme $e0 $x1))
p204948	-0.03604	0.00355	-0.03024	0.01267	0.07850	-0.00165	-0.00099	0.03411	-0.05959	-0.07719	0.02312	-0.07947	0.13716	0.05963	-0.03614	0.02562	-0.00047	-0.00468	0.02420	0.11399	-0.04775	-0.00776	0.10581	-0.03062	-0.03352	-0.10073	0.03023	0.11408	-0.01149	0.07343	-0.07814	0.02570	(And (Agent $e0 $x0) (Patient $e0 $e1) (Theme $e1 $x1))
p204949	-0.05670	-0.03186	0.02707	-0.06790	0.00598	0.12968	-0.02067	-0.11785	0.01089	0.00286	0.23179	0.08479	-0.03770	-0.02754	-0.05422	-0.04287	-0.05556	-0.05252	0.04957	-0.03874	0.04010	0.07322	0.15246	-0.04921	-0.02241	0.04953	0.00487	-0.03865	0.01034	0.04211	-0.01532	-0.00944	(And (Agent $e0 $x0) (Possession $x1 next_year) (Theme $e0 $x1))
p204950	-0.03423	0.01521	-0.02899	0.02732	0.07937	-0.00183	-0.01221	0.02941	-0.05300	-0.06701	0.02865	-0.07063	0.15890	0.04524	-0.02764	0.01726	-0.00316	-0.00572	-0.01016	0.11117	-0.05024	0.02552	0.09617	-0.03013	-0.03167	-0.09789	0.02953	0.10935	-0.00322	0.04708	-0.06509	0.01266	(And (Agent $e0 $x0) (Theme $e0 $e1) (Theme $e1 $x1))
p204951	0.00233	0.04827	-0.01086	0.00228	0.02487	-0.01240	-0.00723	0.02555	-0.02213	0.04137	0.00099	-0.01353	-0.02124	0.02121	-0.01160	-0.00408	0.01347	-0.02797	0.04496	0.00688	-0.00492	-0.01935	0.02237	0.02318	0.00123	-0.01262	0.01037	-0.02342	-0.02442	-0.02213	-0.00760	0.00305	(And (Agent $e0 dara) (Location $e0 $x0) (Member $x0 ledger))
p204953	0.27275	0.02073	-0.06192	-0.00691	-0.10963	0.10659	0.03687	0.24035	-0.14041	-0.08863	-0.07196	-0.04537	-0.00491	0.04049	0.04650	-0.06418	0.17109	-0.03943	0.03725	-0.00093	-0.18599	0.01231	0.07730	0.01951	0.00590	0.00783	-0.02934	-0.05508	0.01936	0.10660	0.10625	-0.08485	(And (Also appear $e0) (Member $e1 appear) (Past $e0))
p204954	0.27275	0.02072	-0.06192	-0.00691	-0.10963	0.10659	0.03687	0.24035	-0.14041	-0.08863	-0.07197	-0.04537	-0.00491	0.04049	0.04650	-0.06418	0.17109	-0.03943	0.03725	-0.00093	-0.18599	0.01231	0.07730	0.01951	0.00590	0.00783	-0.02934	-0.05508	0.01936	0.10660	0.10625	-0.08485	(And (Also appear $e0) (Member $e1 appear) (Past $e1))
p204955	0.06719	-0.05670	0.08037	-0.04792	-0.00512	-0.03167	0.01038	-0.01314	-0.03326	0.01567	0.04931	0.03666	0.08964	-0.06327	0.05310	-0.03584	0.13037	-0.03296	0.07660	-0.04408	0.11306	-0.07624	-0.02146	0.05018	-0.02408	0.08898	-0.05939	-0.04282	-0.08281	-0.05725	0.00851	-0.03264	(And (Before $x0 $e0) (Future $e0) (Member $x0 lunch))
p204956	0.07826	0.06551	-0.03792	0.14066	0.06474	0.04291	-0.04140	-0.03312	0.06206	-0.06644	0.04281	-0.06647	-0.04039	0.03031	-0.03490	-0.02874	0.00493	-0.02484	-0.02253	-0.02957	0.03860	-0.04454	-0.05844	0.06140	-0.00972	0.05128	0.00335	0.10078	-0.02844	0.05537	-0.07844	0.01385	(And (Beneficiary $e0 $x0) (Member $e0 buy) (Member $x0 hall))
p204957	-0.02454	-0.02077	0.05307	-0.04000	0.08772	0.07741	0.08338	0.06175	-0.02770	0.08356	0.01568	-0.05353	-0.02461	-0.09206	0.03822	0.05993	0.01920	0.03229	-0.02765	-0.03234	-0.04609	-0.00894	-0.01989	-0.03470	0.02894	0.08868	-0.03744	0.08704	0.16286	-0.06849	-0.07729	0.03107	(And (Can $e0) (GroupOf $x0 way) (Manner $e0 $x0))
p204958	-0.02454	-0.02077	0.05307	-0.04000	0.08772	0.07741	0.08338	0.06176	-0.02770	0.08356	0.01568	-0.05353	-0.02461	-0.09206	0.03822	0.05993	0.01920	0.03229	-0.02765	-0.03234	-0.04609	-0.00894	-0.01989	-0.03470	0.02894	0.08868	-0.03744	0.08704	0.16286	-0.06849	-0.07729	0.03107	(And (Can $e0) (Manner $e0 $x0) (Member $x0 random))
p204959	-0.03155	-0.04894	-0.04183	-0.01693	0.05285	-0.07608	-0.02531	0.05002	-0.05090	0.08511	-0.01674	-0.03071	-0.05047	0.11702	-0.01087	-0.02016	0.02710	0.03213	-0.02978	-0.02378	0.06581	-0.04771	0.11475	0.09558	0.08181	0.05328	0.00291	-0.01500	-0.07415	-0.05470	-0.04179	-0.02981	(And (CoAgent $e0 $x0) (Location $e0 $x1) (Member $x0 ranger))
p204960	-0.03155	-0.04894	-0.04183	-0.01693	0.05285	-0.07608	-0.02531	0.05002	-0.05090	0.08511	-0.01674	-0.03071	-0.05047	0.11702	-0.01087	-0.02016	0.02710	0.03213	-0.02978	-0.02378	0.06581	-0.04771	0.11475	0.09558	0.08181	0.05328	0.00291	-0.01500	-0.07415	-0.05470	-0.04179	-0.02981	(And (CoAgent $e0 $x0) (Location $e0 $x1) (Member $x1 survey))
p204961	0.01151	0.04511	-0.00311	0.00373	0.00149	0.00944	0.00304	0.00179	-0.00345	0.03853	0.00135	-0.00674	-0.01075	-0.00727	-0.01494	-0.00083	-0.00298	-0.02424	0.05598	0.00299	-0.01109	-0.00498	-0.00806	-0.00937	-0.01011	-0.01383	0.01654	-0.02767	0.00287	-0.01252	0.00556	0.00394	(And (Experiencer $e0 $x0) (Location $e0 $x1) (Member $x1 gate))
p204963	-0.01110	0.09010	-0.00122	-0.00589	-0.05324	0.01882	0.02875	0.01093	-0.01873	0.05712	-0.01862	-0.01223	0.01541	0.03394	-0.04566	0.00823	-0.02729	-0.03264	0.09582	-0.00105	-0.02635	0.00294	-0.00646	-0.05549	-0.01218	-0.06288	-0.01115	0.05418	-0.02744	0.06819	0.03688	0.00423	(And (Experiencer $e0 $x0) (Member $e1 become) (Result $e1 $e0))
p204964	0.00250	0.19787	0.01009	0.01725	0.03727	0.01939	-0.00396	0.07185	-0.02794	0.06237	0.01151	-0.02257	-0.01112	-0.00143	-0.06763	0.00355	0.02079	-0.09939	0.21116	0.05351	-0.04912	-0.02002	-0.02214	-0.04477	-0.03923	-0.05953	-0.01971	-0.05356	-0.02802	-0.02098	-0.00150	0.08996	(And (Experiencer $e0 $x0) (Member $e1 error) (Stimulus $e0 $e1))
p204965	0.00250	0.19787	0.01009	0.01725	0.03727	0.01939	-0.00396	0.07185	-0.02794	0.06237	0.01150	-0.02257	-0.01112	-0.00144	-0.06763	0.00355	0.02079	-0.09939	0.21116	0.05351	-0.04912	-0.02002	-0.02214	-0.04477	-0.03923	-0.05953	-0.01971	-0.05357	-0.02802	-0.02098	-0.00150	0.08996	(And (Experiencer $e0 $x0) (Member $x0 auditor) (Stimulus $e0 $e1))
p204967	-0.01621	0.12931	-0.00057	-0.00921	-0.07705	0.02652	0.04222	0.01650	-0.02727	0.08405	-0.02618	-0.01709	0.02264	0.04913	-0.06692	0.01201	-0.04003	-0.04755	0.13844	-0.00163	-0.03831	0.00437	-0.00893	-0.08068	-0.01630	-0.08936	-0.01630	0.07921	-0.04142	0.10219	0.05086	0.00812	(And (Experiencer $e0 $x0) (Past $e1) (Result $e1 $e0))
p204969	0.06719	-0.05670	0.08037	-0.04792	-0.00512	-0.03167	0.01038	-0.01314	-0.03326	0.01567	0.04930	0.03666	0.08964	-0.06327	0.05310	-0.03584	0.13037	-0.03296	0.07660	-0.04408	0.11306	-0.07624	-0.02146	0.05018	-0.02408	0.08898	-0.05939	-0.04282	-0.08281	-0.05725	0.00851	-0.03264	(And (Future $e0) (Member $x0 dress_rehearsal) (Patient $e0 $x0))
p204970	-0.03248	0.07838	-0.08835	0.03889	-0.00450	-0.07229	0.04060	0.11678	0.04040	0.01947	0.20496	0.10428	-0.00412	0.08669	0.16178	0.10689	-0.02378	-0.08642	-0.08546	0.01321	-0.04412	-0.04199	-0.07131	-0.00507	0.01029	-0.03715	-0.09434	-0.03306	-0.05693	0.04494	-0.05033	-0.03320	(And (GroupOf $x0 child) (Member $e0 teach) (Recipient $e0 $x0))
p204971	-0.03248	0.07838	-0.08835	0.03889	-0.00450	-0.07229	0.04060	0.11678	0.04040	0.01947	0.20496	0.10428	-0.00412	0.08669	0.16178	0.10689	-0.02378	-0.08642	-0.08546	0.01321	-0.04412	-0.04199	-0.07131	-0.00507	0.01029	-0.03715	-0.09434	-0.03306	-0.05693	0.04494	-0.05033	-0.03320	(And (GroupOf $x0 child) (Recipient $e0 $x0) (Theme $e0 $x1))
p204972	-0.10090	0.08419	-0.07466	-0.03785	0.01779	0.00474	-0.06545	-0.04917	-0.06231	-0.03846	-0.04788	0.07409	-0.03498	-0.03278	-0.02695	0.13069	0.16789	0.07256	-0.03427	-0.00169	0.01695	-0.02025	0.02047	0.00849	-0.00955	0.01970	0.09515	0.04104	0.00914	0.05039	-0.05641	-0.04215	(And (GroupOf $x0 forklift) (Member $e0 buy) (Theme $e0 $x0))
p204973	-0.01694	-0.01763	-0.01493	0.00591	-0.00500	0.02624	0.01006	0.02374	0.01639	0.00799	-0.02420	-0.01193	0.00567	-0.00618	-0.01662	0.00262	-0.00178	0.01802	0.00224	-0.01203	0.01703	-0.01703	-0.01103	-0.00279	-0.01470	-0.00723	-0.01282	-0.01736	-0.01847	0.00684	-0.00006	-0.00627	(And (GroupOf $x0 sample) (Member $e0 examine) (Theme $e0 $x0))
p204974	-0.02454	-0.02077	0.05307	-0.04000	0.08772	0.07741	0.08338	0.06176	-0.02770	0.08356	0.01569	-0.05353	-0.02460	-0.09206	0.03822	0.05993	0.01920	0.03229	-0.02765	-0.03234	-0.04609	-0.00894	-0.01989	-0.03470	0.02895	0.08868	-0.03744	0.08704	0.16286	-0.06849	-0.07729	0.03107	(And (GroupOf $x0 way) (Manner $e0 $x0) (Member $e0 define))
p204975	-0.02454	-0.02077	0.05307	-0.04000	0.08772	0.07741	0.08338	0.06175	-0.02770	0.08356	0.01568	-0.05353	-0.02461	-0.09206	0.03822	0.05993	0.01920	0.03229	-0.02765	-0.03234	-0.04609	-0.00894	-0.01989	-0.03470	0.02894	0.08868	-0.03744	0.08704	0.16286	-0.06849	-0.07729	0.03107	(And (GroupOf $x0 way) (Manner $e0 $x0) (Theme $e0 $x1))
p204976	-0.01342	0.00947	0.02857	0.01002	0.00628	0.00428	-0.03467	-0.01805	0.04462	0.00307	0.00276	0.02038	-0.01865	0.04612	-0.04123	-0.01229	0.04298	-0.01115	-0.02230	0.00435	-0.03141	0.06328	-0.01879	-0.01129	0.02170	-0.02487	-0.02020	0.01271	0.01074	-0.01811	-0.00228	0.00313	(And (Holder $e0 $x0) (Inheritance monthly_servicing monthly) (Theme $e0 monthly_servicing))
p204977	-0.01342	0.00946	0.02857	0.01002	0.00628	0.00428	-0.03467	-0.01805	0.04462	0.00307	0.00276	0.02038	-0.01865	0.04612	-0.04123	-0.01229	0.04298	-0.01115	-0.02230	0.00435	-0.03141	0.06328	-0.01879	-0.01129	0.02170	-0.02487	-0.02020	0.01271	0.01073	-0.01812	-0.00228	0.00313	(And (Holder $e0 $x0) (Inheritance monthly_servicing servicing) (Theme $e0 monthly_servicing))
p204978	-0.02059	0.00456	0.03929	0.01441	0.01634	0.01033	0.04160	-0.01453	0.05375	0.00517	-0.00961	-0.00194	-0.01384	0.07003	-0.05977	-0.02039	0.06969	-0.03015	-0.02281	0.01333	-0.03241	0.06399	-0.02489	-0.02446	0.00886	-0.04062	-0.00401	-0.00100	-0.03933	-0.01155	-0.00307	0.00995	(And (Holder $e0 $x0) (Member $e0 require) (Member $x0 permit))
p204979	-0.04145	0.00544	0.07405	0.02832	0.02990	0.02706	0.07703	-0.04934	0.12958	0.02100	-0.01659	0.00619	-0.03121	0.15318	-0.12568	-0.04233	0.15916	-0.05569	-0.04645	0.01140	-0.06715	0.15040	-0.05050	-0.05599	0.03350	-0.07373	0.00466	-0.00114	-0.06614	-0.03157	-0.00039	0.01531	(And (Holder $e0 $x0) (Member $e0 require) (Member $x0 recipe))
p204980	-0.01342	0.00946	0.02857	0.01002	0.00628	0.00428	-0.03467	-0.01805	0.04462	0.00307	0.00276	0.02038	-0.01865	0.04612	-0.04123	-0.01229	0.04298	-0.01115	-0.02230	0.00435	-0.03141	0.06328	-0.01879	-0.01129	0.02170	-0.02487	-0.02020	0.01271	0.01073	-0.01812	-0.00228	0.00313	(And (Holder $e0 $x0) (Member $x0 lathe) (Theme $e0 monthly_servicing))
p204981	-0.01762	0.00387	0.02744	0.01352	0.01624	0.00571	0.03202	-0.00254	0.03699	0.00167	-0.00980	-0.00151	-0.01079	0.05411	-0.04667	-0.01480	0.06133	-0.02531	-0.01678	0.01398	-0.02508	0.04530	-0.02050	-0.01562	0.00409	-0.03512	-0.01488	0.00146	-0.03518	-0.00957	-0.00582	0.00842	(And (Holder $e0 $x0) (Member $x1 countersignature) (Theme $e0 $x1))
p204982	-0.01585	-0.01769	-0.01078	0.00164	-0.00713	0.02472	0.00640	0.02090	0.01934	0.00329	-0.02492	-0.00513	-0.00206	-0.00637	-0.01480	0.00093	-0.00305	0.01168	0.00358	-0.01175	0.00946	-0.01737	-0.00299	-0.00831	-0.00268	-0.00050	-0.00996	-0.01504	-0.02041	0.01279	-0.00486	0.00300	(And (Inheritance evening_flight flight) (Member $x0 evening_flight) (Theme $e0 $x0))
p204983	-0.00365	-0.00788	-0.00389	0.01345	0.01312	-0.00584	-0.00131	0.00145	-0.00846	-0.01263	0.00534	-0.00935	0.01911	0.00218	-0.00434	0.00404	0.01427	0.01518	0.00035	-0.00164	-0.00680	-0.01048	-0.01089	0.00313	0.00448	-0.01030	-0.00800	-0.00013	0.00146	0.00435	-0.01101	0.02386	(And (Inheritance feed_pipe pipe) (Member $x0 cracked) (Member $x0 feed_pipe))
p204984	-0.01762	-0.01837	-0.01648	0.00550	-0.00555	0.02853	0.01230	0.02404	0.01630	0.01024	-0.02470	-0.01393	0.00674	-0.00626	-0.01742	0.00273	-0.00230	0.02016	0.00232	-0.01398	0.02022	-0.01835	-0.01387	-0.00182	-0.01710	-0.00750	-0.01404	-0.02015	-0.01847	0.00640	0.00227	-0.00910	(And (Inheritance loan_application application) (Member $x0 loan_application) (Theme $e0 $x0))
p204985	-0.01358	0.01597	0.02698	0.00897	0.00552	0.00530	-0.03318	-0.01683	0.04207	0.00505	0.00391	0.02120	-0.01866	0.04240	-0.04140	-0.01184	0.04039	-0.01469	-0.01239	0.00439	-0.03057	0.05986	-0.01762	-0.01283	0.02132	-0.02400	-0.02034	0.00914	0.01084	-0.01714	-0.00115	0.00426	(And (Inheritance monthly_servicing monthly) (Member $e0 require) (Theme $e0 monthly_servicing))
p204986	-0.01358	0.01597	0.02698	0.00897	0.00552	0.00530	-0.03318	-0.01683	0.04207	0.00505	0.00392	0.02120	-0.01865	0.04240	-0.04140	-0.01184	0.04039	-0.01469	-0.01239	0.00439	-0.03057	0.05986	-0.01762	-0.01283	0.02132	-0.02400	-0.02034	0.00914	0.01084	-0.01714	-0.00115	0.00426	(And (Inheritance monthly_servicing servicing) (Member $e0 require) (Theme $e0 monthly_servicing))
p204988	0.01151	0.04511	-0.00311	0.00373	0.00149	0.00944	0.00304	0.00179	-0.00345	0.03853	0.00135	-0.00674	-0.01075	-0.00727	-0.01494	-0.00083	-0.00298	-0.02424	0.05598	0.00299	-0.01109	-0.00498	-0.00806	-0.00937	-0.01011	-0.01383	0.01654	-0.02767	0.00287	-0.01252	0.00556	0.00394	(And (Location $e0 $x0) (Member $e0 wait) (Member $x0 gate))
p204990	0.00329	0.06833	-0.01656	0.00362	0.03920	-0.01870	-0.01024	0.03910	-0.03363	0.05539	-0.00059	-0.02147	-0.02990	0.03429	-0.01679	-0.00575	0.01933	-0.04004	0.06346	0.01119	-0.00762	-0.02900	0.03441	0.03449	0.00043	-0.01939	0.01715	-0.03136	-0.03699	-0.03085	-0.01130	0.00580	(And (Location $e0 $x0) (Member $e0 work) (Member $x0 ledger))
p204991	-0.04964	-0.07951	-0.06347	-0.02659	0.06542	-0.11434	-0.03391	0.05954	-0.07799	0.14282	-0.02336	-0.05134	-0.07385	0.18395	-0.00520	-0.02700	0.02404	0.05450	-0.03015	-0.04161	0.11719	-0.07716	0.17568	0.15439	0.10117	0.07790	0.00791	-0.02230	-0.10783	-0.08887	-0.06432	-0.04867	(And (Location $e0 $x0) (Member $e0 work) (Member $x0 survey))
p204992	0.00075	0.18756	0.00889	0.01621	0.03339	0.01772	-0.00359	0.06575	-0.02471	0.06384	0.01100	-0.02026	-0.00994	-0.00392	-0.06226	0.00304	0.01746	-0.09257	0.19564	0.04828	-0.04503	-0.01540	-0.02131	-0.04191	-0.03580	-0.05440	-0.01844	-0.05353	-0.02486	-0.01989	0.00012	0.07880	(And (Location $e0 $x0) (Member $e1 discover) (Stimulus $e1 $e0))
p204993	0.00853	-0.01035	-0.01724	0.02805	0.00149	0.00441	-0.00843	0.00104	-0.00402	0.02736	-0.01402	-0.01888	-0.01017	-0.00845	0.00879	0.00094	-0.00531	0.00439	0.00550	-0.00585	-0.00595	-0.00760	-0.00750	0.03489	-0.00272	-0.01200	0.03200	-0.01159	-0.00276	-0.02030	-0.00820	-0.01460	(And (Location $e0 $x0) (Member $x0 hall) (Theme $e0 photography))
p204994	-0.02454	-0.02077	0.05307	-0.04000	0.08772	0.07741	0.08338	0.06176	-0.02770	0.08356	0.01569	-0.05353	-0.02460	-0.09206	0.03822	0.05993	0.01920	0.03229	-0.02765	-0.03234	-0.04609	-0.00894	-0.01989	-0.03470	0.02895	0.08868	-0.03744	0.08704	0.16286	-0.06849	-0.07729	0.03107	(And (Manner $e0 $x0) (Member $e0 define) (Member $x0 random))
p204995	-0.02454	-0.02077	0.05307	-0.04000	0.08772	0.07741	0.08338	0.06176	-0.02770	0.08356	0.01568	-0.05353	-0.02460	-0.09206	0.03822	0.05993	0.01920	0.03229	-0.02765	-0.03234	-0.04609	-0.00894	-0.01989	-0.03470	0.02895	0.08868	-0.03744	0.08704	0.16286	-0.06849	-0.07729	0.03107	(And (Manner $e0 $x0) (Member $x0 random) (Theme $e0 $x1))
p204996	-0.02393	-0.01125	0.11579	0.05442	-0.09088	-0.02623	-0.04895	0.08464	-0.05082	-0.03180	0.01843	0.09281	0.03012	0.07147	-0.13071	-0.05116	-0.04058	-0.04042	0.03058	0.01133	0.09304	-0.01415	-0.03984	0.02090	0.02450	-0.08672	0.07264	0.02663	0.16294	0.05531	-0.05055	-0.00256	(And (Member $e0 abandon) (Member $x0 north_route) (Theme $e0 $x0))
p204997	0.07211	-0.04064	-0.03397	-0.04416	0.13061	-0.02965	-0.09343	0.05963	0.07567	-0.06142	-0.08299	0.14259	-0.08373	-0.04829	0.10336	-0.08245	0.01197	-0.06178	0.03815	-0.01220	-0.01741	-0.00294	0.03788	-0.09814	0.02921	0.02974	0.11879	0.17161	-0.09634	-0.19503	0.18827	0.00967	(And (Member $e0 abandon) (Member $x0 tender) (Theme $e0 $x0))
p204998	0.07211	-0.04064	-0.03397	-0.04416	0.13061	-0.02965	-0.09343	0.05963	0.07567	-0.06142	-0.08299	0.14259	-0.08373	-0.04829	0.10336	-0.08245	0.01197	-0.06178	0.03815	-0.01220	-0.01741	-0.00294	0.03788	-0.09814	0.02921	0.02974	0.11879	0.17161	-0.09634	-0.19503	0.18827	0.00967	(And (Member $e0 abandon) (Possession $x0 $x1) (Theme $e0 $x0))
p204999	-0.02186	-0.01825	-0.01163	-0.00391	-0.00147	0.03032	0.00213	0.02151	0.01834	0.01041	-0.02457	0.00839	-0.00366	-0.01109	-0.01692	-0.00597	-0.00161	0.00493	0.00528	-0.02217	0.01968	-0.01441	-0.00592	-0.00822	-0.01448	0.01501	-0.01830	-0.02849	-0.02453	0.00556	0.00728	-0.00852	(And (Member $e0 answer) (Member $x0 query) (Theme $e0 $x0))
p205000	-0.02170	-0.01809	-0.01151	-0.00378	-0.00150	0.03025	0.00181	0.02164	0.01839	0.01022	-0.02443	0.00854	-0.00382	-0.01115	-0.01686	-0.00604	-0.00157	0.00479	0.00496	-0.02194	0.01921	-0.01402	-0.00572	-0.00829	-0.01414	0.01471	-0.01816	-0.02814	-0.02441	0.00540	0.00716	-0.00841	(And (Member $e0 answer) (Member $x0 tower) (Theme $e0 $x0))
p205002	0.06444	0.09918	0.04916	-0.07989	-0.14738	-0.05995	0.10325	0.04024	0.11696	-0.00463	-0.03228	0.07870	0.07599	-0.08815	-0.03265	-0.03899	-0.04367	0.05834	-0.05482	-0.04764	-0.04885	-0.02685	0.13552	0.11573	-0.00649	-0.05128	-0.05020	0.03930	0.08576	-0.06986	-0.02761	0.02550	(And (Member $e0 buy) (Member $x0 kiln) (Theme $e0 $x0))
p205004	0.01285	-0.01726	0.03417	-0.03546	-0.04390	-0.00176	-0.01734	0.00846	0.00484	-0.04648	-0.03419	0.04132	-0.04342	-0.00190	0.01798	-0.01774	-0.00639	-0.03625	0.02588	-0.01567	-0.06320	-0.04156	0.04754	-0.07018	0.17479	0.07684	0.00997	0.00968	-0.05574	0.07899	-0.06134	0.14293	(And (Member $e0 cancel) (Member $x0 afternoon_session) (Patient $e0 $x0))
p205005	0.01321	-0.01704	0.03446	-0.03520	-0.04361	-0.00219	-0.01742	0.00771	0.00384	-0.04698	-0.03362	0.04173	-0.04318	-0.00145	0.01836	-0.01758	-0.00670	-0.03628	0.02537	-0.01552	-0.06308	-0.04117	0.04740	-0.07008	0.17486	0.07621	0.01011	0.01010	-0.05534	0.07983	-0.06146	0.14229	(And (Member $e0 cancel) (Member $x0 summer_fair) (Patient $e0 $x0))
p205006	0.00885	0.00805	-0.00815	0.04840	-0.02933	0.00587	-0.01280	0.04094	-0.01371	0.00175	-0.03395	-0.02744	0.15628	-0.00710	0.02461	0.00582	0.03784	0.00768	-0.03453	0.02674	-0.04245	0.02056	-0.01934	-0.00746	0.00577	-0.06312	-0.00173	0.07816	-0.01113	-0.01640	-0.02826	-0.00341	(And (Member $e0 cause) (Member $e1 destroy) (Theme $e0 $e1))
p205007	0.00885	0.00804	-0.00815	0.04840	-0.02933	0.00587	-0.01280	0.04094	-0.01371	0.00175	-0.03396	-0.02744	0.15628	-0.00710	0.02461	0.00582	0.03784	0.00768	-0.03453	0.02674	-0.04245	0.02056	-0.01934	-0.00746	0.00577	-0.06312	-0.00174	0.07816	-0.01113	-0.01640	-0.02826	-0.00341	(And (Member $e0 cause) (Patient $e1 $x0) (Theme $e0 $e1))
p205008	-0.05670	-0.03186	0.02707	-0.06790	0.00598	0.12968	-0.02067	-0.11785	0.01089	0.00286	0.23179	0.08479	-0.03770	-0.02754	-0.05422	-0.04287	-0.05556	-0.05252	0.04957	-0.03874	0.04010	0.07322	0.15246	-0.04921	-0.02241	0.04953	0.00487	-0.03865	0.01034	0.04211	-0.01532	-0.00944	(And (Member $e0 decide) (Member $x0 budget) (Theme $e0 $x0))
p205009	-0.04159	-0.01985	0.00623	-0.02966	0.00635	0.06792	-0.00775	-0.05603	0.00739	0.00221	0.10922	0.04574	-0.01646	-0.01328	-0.03615	-0.01808	-0.03032	-0.02223	0.02051	-0.02440	0.02588	0.04276	0.06581	-0.02643	-0.01498	0.02299	-0.00970	-0.03118	-0.00156	0.03540	-0.00963	-0.01187	(And (Member $e0 decide) (Member $x0 case) (Theme $e0 $x0))
p205010	-0.05670	-0.03186	0.02707	-0.06790	0.00598	0.12968	-0.02067	-0.11785	0.01089	0.00286	0.23179	0.08479	-0.03770	-0.02754	-0.05422	-0.04287	-0.05556	-0.05252	0.04957	-0.03874	0.04010	0.07322	0.15246	-0.04921	-0.02241	0.04953	0.00487	-0.03865	0.01034	0.04211	-0.01532	-0.00944	(And (Member $e0 decide) (Possession $x0 next_year) (Theme $e0 $x0))
p205011	0.00226	-0.00505	-0.00416	0.03392	-0.01996	-0.00013	-0.00721	0.02972	-0.01064	-0.01062	-0.02986	-0.01839	0.07739	-0.00027	0.01426	0.00530	0.03399	0.00946	-0.01060	0.01227	-0.03269	-0.00698	-0.01157	-0.00775	0.02365	-0.03588	-0.00610	0.05062	-0.01815	0.00241	-0.03281	0.02700	(And (Member $e0 destroy) (Member $x0 archive) (Patient $e0 $x0))
p205012	0.00220	-0.00508	-0.00423	0.03395	-0.01983	0.00001	-0.00733	0.02917	-0.01052	-0.01045	-0.02961	-0.01809	0.07708	-0.00031	0.01396	0.00520	0.03370	0.00941	-0.01068	0.01212	-0.03243	-0.00643	-0.01156	-0.00757	0.02300	-0.03588	-0.00600	0.05061	-0.01762	0.00203	-0.03249	0.02652	(And (Member $e0 destroy) (Member $x0 footbridge) (Patient $e0 $x0))
p205013	0.00251	-0.00479	-0.00396	0.03399	-0.01986	-0.00021	-0.00729	0.02921	-0.01075	-0.01083	-0.02953	-0.01803	0.07740	-0.00010	0.01410	0.00523	0.03365	0.00908	-0.01075	0.01237	-0.03285	-0.00651	-0.01153	-0.00786	0.02402	-0.03589	-0.00588	0.05044	-0.01784	0.00255	-0.03273	0.02713	(And (Member $e0 destroy) (Member $x0 greenhouse) (Patient $e0 $x0))
p205014	-0.06636	0.18039	-0.05146	0.03132	0.04724	-0.08187	0.01937	0.05700	-0.01274	0.02949	0.02853	-0.01848	0.11697	-0.07625	-0.00038	-0.05137	-0.07354	0.06696	-0.12866	-0.05009	0.10053	0.19451	-0.04393	-0.07763	0.15776	0.12699	-0.05585	-0.13305	-0.00497	0.05060	0.12311	-0.12647	(And (Member $e0 discover) (Member $x0 file) (Theme $e0 $x0))
p205015	-0.06636	0.18039	-0.05146	0.03132	0.04724	-0.08187	0.01937	0.05700	-0.01274	0.02949	0.02853	-0.01848	0.11697	-0.07625	-0.00038	-0.05137	-0.07354	0.06696	-0.12866	-0.05009	0.10053	0.19451	-0.04393	-0.07763	0.15776	0.12699	-0.05585	-0.13305	-0.00497	0.05060	0.12311	-0.12647	(And (Member $e0 discover) (Member $x0 missing) (Theme $e0 $x0))
p205016	-0.06553	-0.05793	0.12471	-0.06866	0.03329	-0.05373	-0.07953	0.02301	0.07234	-0.07938	0.01033	-0.10022	-0.03041	-0.09977	0.10910	0.04451	-0.03705	0.06084	0.08205	-0.00244	-0.03699	0.08718	-0.00464	0.11609	-0.03989	-0.00901	0.05289	0.00788	-0.00085	0.15304	-0.08345	-0.01172	(And (Member $e0 discover) (Member $x0 wreck) (Theme $e0 $x0))
p205017	0.00272	0.00844	0.07526	0.05746	-0.00616	-0.01379	-0.00926	-0.00981	-0.01826	-0.00327	-0.02451	0.00725	-0.00808	-0.02002	-0.01194	0.03919	-0.01374	-0.01757	-0.01467	-0.02697	-0.03303	-0.01178	0.04755	-0.01733	-0.00902	0.03855	-0.01145	-0.03304	-0.04690	-0.01093	0.06377	-0.01331	(And (Member $e0 give) (Member $x0 answer) (Theme $e0 $x0))
p205018	0.00359	0.00941	0.07629	0.05996	-0.00534	-0.01505	-0.00896	-0.01156	-0.01993	-0.00409	-0.02379	0.00636	-0.00789	-0.01969	-0.01133	0.04003	-0.01417	-0.01751	-0.01539	-0.02654	-0.03395	-0.01129	0.04860	-0.01757	-0.00847	0.03797	-0.01084	-0.03253	-0.04691	-0.01057	0.06373	-0.01360	(And (Member $e0 give) (Member $x0 manifest) (Theme $e0 $x0))
p205019	0.00196	0.01710	0.09547	0.08488	-0.00158	-0.01513	0.00692	-0.02701	-0.03058	-0.00911	-0.01875	-0.00296	-0.00894	-0.01969	-0.01952	0.04250	-0.01718	-0.02183	-0.01825	-0.02464	-0.04232	-0.01219	0.05779	-0.02230	-0.00409	0.03062	0.00643	-0.03426	-0.05017	0.00090	0.06130	-0.01620	(And (Member $e0 give) (Member $x0 recruit) (Recipient $e0 $x0))
p205020	0.00895	0.02423	0.08603	0.09378	0.00380	-0.01314	0.00703	-0.02834	-0.02653	-0.01070	-0.01695	-0.01120	-0.01005	-0.01751	-0.02016	0.03914	-0.02030	-0.02192	-0.01927	-0.02498	-0.04220	-0.01420	0.05329	-0.02642	-0.00306	0.03124	0.01022	-0.03885	-0.05097	0.00270	0.06990	-0.01921	(And (Member $e0 give) (Member $x0 winner) (Recipient $e0 $x0))
p205021	0.14854	-0.03941	-0.03214	-0.06570	-0.02270	-0.04239	0.00502	-0.00333	-0.04931	0.00802	-0.02326	-0.02051	-0.03513	0.02121	-0.01538	0.09584	-0.03523	-0.01641	0.01550	0.00391	0.12307	0.14380	0.02587	-0.00342	-0.03854	-0.05846	-0.00956	0.06010	0.00544	-0.06596	-0.02603	0.10018	(And (Member $e0 lend) (Member $x0 gallery) (Recipient $e0 $x0))
p205022	0.08392	-0.02844	-0.03278	-0.04821	-0.01589	-0.03233	-0.02213	0.01824	-0.03825	-0.00204	-0.03049	-0.00771	-0.03001	0.01854	-0.01635	0.10666	-0.01081	-0.01093	0.01295	0.01005	0.06376	0.09429	0.02088	0.00544	-0.03820	-0.04946	-0.02251	0.05442	0.00434	-0.03930	-0.03902	0.08768	(And (Member $e0 lend) (Member $x0 generator) (Theme $e0 $x0))
p205023	0.05566	-0.02849	-0.00900	-0.03191	-0.01656	0.00477	-0.00229	0.00829	-0.00538	0.00600	-0.01747	-0.01997	-0.01982	-0.00454	-0.01541	0.02216	-0.01730	0.00393	0.01259	-0.00020	0.05289	0.05966	0.00872	-0.00848	-0.02508	-0.02672	0.00077	0.02786	-0.00429	-0.03816	-0.00933	0.05053	(And (Member $e0 lend) (Member $x0 ladder) (Theme $e0 $x0))
p205024	-0.03605	0.00355	-0.03024	0.01267	0.07850	-0.00165	-0.00099	0.03411	-0.05959	-0.07719	0.02311	-0.07947	0.13716	0.05963	-0.03614	0.02562	-0.00047	-0.00468	0.02420	0.11399	-0.04775	-0.00776	0.10581	-0.03062	-0.03353	-0.10073	0.03023	0.11408	-0.01149	0.07343	-0.07814	0.02570	(And (Member $e0 make) (Patient $e0 $e1) (Theme $e1 $x0))
p205025	-0.01877	-0.01967	-0.01689	0.00535	-0.00750	0.02875	0.01486	0.02311	0.01742	0.01007	-0.02511	-0.01550	0.00804	-0.00567	-0.01878	0.00421	-0.00270	0.02144	0.00484	-0.01462	0.02089	-0.02131	-0.01450	-0.00170	-0.01645	-0.00764	-0.01470	-0.02100	-0.01853	0.01069	0.00016	-0.00867	(And (Member $e0 order) (Member $x0 scan) (Theme $e0 $x0))
p205026	-0.01877	-0.01967	-0.01689	0.00535	-0.00750	0.02875	0.01486	0.02311	0.01742	0.01007	-0.02511	-0.01550	0.00804	-0.00567	-0.01878	0.00421	-0.00270	0.02144	0.00484	-0.01462	0.02089	-0.02131	-0.01450	-0.00170	-0.01645	-0.00764	-0.01470	-0.02100	-0.01853	0.01069	0.00016	-0.00867	(And (Member $e0 order) (Ordinal $x0 <num> scan) (Theme $e0 $x0))
p205027	-0.02177	-0.01880	-0.01104	-0.00966	0.00267	0.03086	-0.00128	0.02173	0.01915	0.00888	-0.02557	0.01432	-0.00806	-0.01145	-0.01625	-0.00913	0.00023	-0.00207	0.01125	-0.02210	0.01920	-0.01416	-0.00215	-0.00985	-0.01696	0.01887	-0.01816	-0.02765	-0.02669	0.00113	0.00738	-0.00390	(And (Member $e0 postpone) (Member $x0 tournament) (Theme $e0 $x0))
p205028	-0.03423	0.01521	-0.02899	0.02732	0.07937	-0.00183	-0.01221	0.02941	-0.05300	-0.06701	0.02865	-0.07063	0.15891	0.04524	-0.02764	0.01726	-0.00316	-0.00572	-0.01016	0.11117	-0.05024	0.02552	0.09617	-0.03013	-0.03166	-0.09790	0.02953	0.10935	-0.00322	0.04708	-0.06509	0.01266	(And (Member $e0 reach) (Theme $e0 $e1) (Theme $e1 $x0))
p205029	-0.00326	-0.01141	-0.00096	0.01743	-0.01444	0.00298	0.00219	0.01172	-0.00519	-0.00914	-0.02341	-0.00592	0.02676	0.00167	-0.00059	0.00324	0.01918	0.00565	0.00777	-0.00298	-0.02080	-0.02266	-0.00894	-0.00874	0.02859	-0.01093	-0.00948	0.00863	-0.01745	0.01940	-0.02783	0.03995	(And (Member $e0 sign) (Member $x0 chart) (Patient $e0 $x0))
p205030	0.04277	-0.08073	-0.03964	-0.10581	-0.07419	0.01586	-0.03675	-0.11510	0.16997	0.04117	-0.04020	-0.03996	0.13610	0.12194	-0.06762	0.05277	-0.10646	0.06470	0.12265	-0.05741	-0.03253	-0.06696	-0.00807	-0.08072	-0.03383	0.18141	0.10418	-0.07639	0.08793	-0.01795	0.08329	0.00557	(And (Member $e0 teach) (Member $x0 apprentice) (Recipient $e0 $x0))
p205031	-0.01657	0.00786	-0.06204	0.01433	-0.00738	-0.03597	0.00573	0.04853	0.02877	0.01234	0.04990	0.03986	0.01599	0.04867	0.06831	0.10898	-0.01031	-0.02925	-0.03566	0.00110	-0.02052	-0.03350	-0.04261	0.00585	-0.01551	-0.00688	-0.05386	-0.01856	-0.02844	0.02142	-0.02820	-0.01265	(And (Member $e0 teach) (Member $x0 drill) (Theme $e0 $x0))
p205032	-0.03248	0.07838	-0.08835	0.03890	-0.00450	-0.07229	0.04060	0.11678	0.04040	0.01946	0.20494	0.10428	-0.00413	0.08668	0.16178	0.10689	-0.02378	-0.08642	-0.08546	0.01320	-0.04412	-0.04200	-0.07131	-0.00507	0.01028	-0.03715	-0.09434	-0.03306	-0.05694	0.04494	-0.05033	-0.03320	(And (Member $e0 teach) (Member $x0 song) (Theme $e0 $x0))
p205033	0.00272	0.00844	0.07526	0.05746	-0.00616	-0.01379	-0.00926	-0.00981	-0.01826	-0.00327	-0.02451	0.00725	-0.00808	-0.02002	-0.01194	0.03919	-0.01374	-0.01757	-0.01467	-0.02697	-0.03303	-0.01178	0.04755	-0.01733	-0.00902	0.03855	-0.01145	-0.03304	-0.04690	-0.01093	0.06377	-0.01331	(And (Member $x0 answer) (Recipient $e0 $x1) (Theme $e0 $x0))
p205034	0.04277	-0.08074	-0.03964	-0.10581	-0.07420	0.01586	-0.03675	-0.11510	0.16997	0.04117	-0.04021	-0.03996	0.13610	0.12194	-0.06762	0.05276	-0.10647	0.06470	0.12264	-0.05741	-0.03253	-0.06696	-0.00807	-0.08072	-0.03384	0.18141	0.10417	-0.07640	0.08793	-0.01795	0.08329	0.00557	(And (Member $x0 apprentice) (Recipient $e0 $x0) (Theme $e0 glazing))
p205035	-0.01657	0.00786	-0.06204	0.01433	-0.00738	-0.03597	0.00573	0.04853	0.02877	0.01234	0.04990	0.03986	0.01598	0.04867	0.06831	0.10898	-0.01031	-0.02925	-0.03566	0.00110	-0.02052	-0.03350	-0.04261	0.00585	-0.01552	-0.00688	-0.05386	-0.01856	-0.02844	0.02142	-0.02820	-0.01265	(And (Member $x0 drill) (Recipient $e0 $x1) (Theme $e0 $x0))
p205036	-0.01576	-0.02129	-0.01058	-0.01465	0.02160	0.02082	-0.01457	0.02615	0.02995	0.00320	-0.03277	0.03615	-0.02485	-0.01865	-0.00783	-0.02232	0.00620	-0.01558	0.02711	-0.02104	0.01302	-0.01247	0.00286	-0.01941	-0.01613	0.03472	-0.01125	-0.01836	-0.03730	-0.02875	0.02547	0.00486	(And (Member $x0 ferry) (Possession $x1 $x0) (Theme $e0 $x1))
p205037	0.14854	-0.03941	-0.03214	-0.06570	-0.02270	-0.04239	0.00502	-0.00333	-0.04931	0.00802	-0.02325	-0.02051	-0.03512	0.02121	-0.01538	0.09584	-0.03523	-0.01641	0.01550	0.00391	0.12307	0.14380	0.02587	-0.00342	-0.03853	-0.05846	-0.00956	0.06010	0.00544	-0.06596	-0.02603	0.10018	(And (Member $x0 gallery) (Recipient $e0 $x0) (Theme $e0 $x1))
p205038	0.08392	-0.02844	-0.03278	-0.04821	-0.01589	-0.03233	-0.02213	0.01824	-0.03825	-0.00204	-0.03049	-0.00771	-0.03001	0.01854	-0.01635	0.10666	-0.01081	-0.01093	0.01295	0.01005	0.06376	0.09429	0.02088	0.00544	-0.03820	-0.04946	-0.02251	0.05442	0.00434	-0.03930	-0.03902	0.08768	(And (Member $x0 generator) (Recipient $e0 $x1) (Theme $e0 $x0))
p205039	0.00359	0.00941	0.07629	0.05996	-0.00534	-0.01505	-0.00896	-0.01156	-0.01993	-0.00409	-0.02379	0.00636	-0.00789	-0.01969	-0.01133	0.04003	-0.01417	-0.01751	-0.01539	-0.02654	-0.03395	-0.01129	0.04860	-0.01757	-0.00847	0.03797	-0.01084	-0.03253	-0.04691	-0.01057	0.06373	-0.01360	(And (Member $x0 manifest) (Recipient $e0 $x1) (Theme $e0 $x0))
p205040	0.00196	0.01710	0.09547	0.08488	-0.00158	-0.01513	0.00692	-0.02701	-0.03058	-0.00911	-0.01875	-0.00296	-0.00894	-0.01969	-0.01952	0.04250	-0.01718	-0.02183	-0.01825	-0.02464	-0.04232	-0.01219	0.05779	-0.02230	-0.00409	0.03062	0.00643	-0.03426	-0.05017	0.00090	0.06130	-0.01620	(And (Member $x0 recruit) (Recipient $e0 $x0) (Theme $e0 $x1))
p205041	-0.03248	0.07838	-0.08835	0.03889	-0.00450	-0.07229	0.04060	0.11678	0.04040	0.01947	0.20496	0.10428	-0.00412	0.08669	0.16178	0.10689	-0.02378	-0.08642	-0.08546	0.01321	-0.04412	-0.04199	-0.07131	-0.00507	0.01029	-0.03715	-0.09434	-0.03306	-0.05693	0.04494	-0.05033	-0.03320	(And (Member $x0 song) (Recipient $e0 $x1) (Theme $e0 $x0))
p205042	0.00895	0.02423	0.08603	0.09378	0.00380	-0.01314	0.00703	-0.02834	-0.02653	-0.01070	-0.01695	-0.01120	-0.01005	-0.01751	-0.02016	0.03914	-0.02030	-0.02192	-0.01927	-0.02498	-0.04220	-0.01420	0.05329	-0.02642	-0.00306	0.03124	0.01022	-0.03885	-0.05097	0.00270	0.06990	-0.01921	(And (Member $x0 winner) (Recipient $e0 $x0) (Theme $e0 $x1))
p205043	0.06444	0.09918	0.04916	-0.07989	-0.14738	-0.05995	0.10325	0.04024	0.11696	-0.00463	-0.03228	0.07870	0.07599	-0.08815	-0.03265	-0.03899	-0.04368	0.05834	-0.05482	-0.04764	-0.04885	-0.02685	0.13552	0.11573	-0.00649	-0.05128	-0.05020	0.03930	0.08576	-0.06986	-0.02760	0.02550	(And (Ordinal $x0 <num> buy) (Past $e0) (Theme $e0 $x0))
p205269	0.27275	0.02073	-0.06192	-0.00691	-0.10963	0.10659	0.03687	0.24035	-0.14041	-0.08863	-0.07196	-0.04537	-0.00491	0.04049	0.04650	-0.06418	0.17109	-0.03943	0.03725	-0.00093	-0.18599	0.01231	0.07730	0.01951	0.00590	0.00783	-0.02934	-0.05508	0.01936	0.10660	0.10625	-0.08485	(And (Also appear $e0) (Member $e1 appear))
p205270	-0.00365	-0.00788	-0.00389	0.01345	0.01312	-0.00584	-0.00132	0.00145	-0.00846	-0.01263	0.00534	-0.00935	0.01910	0.00218	-0.00434	0.00403	0.01427	0.01518	0.00035	-0.00164	-0.00680	-0.01049	-0.01089	0.00313	0.00448	-0.01030	-0.00800	-0.00013	0.00146	0.00435	-0.01101	0.02386	(And (Inheritance feed_pipe pipe) (Member $x0 feed_pipe))
p205271	-0.00341	-0.01072	-0.01439	0.01077	-0.00119	0.00376	-0.00837	-0.01286	-0.00021	-0.00558	-0.01364	0.00041	0.00258	0.00396	0.00081	0.00011	-0.00867	0.01891	-0.00761	-0.00977	-0.00818	0.00504	0.00211	-0.00581	0.01510	-0.00263	-0.00000	-0.00023	0.01710	0.00519	-0.00330	-0.01026	(And (Inheritance night_delivery delivery) (Theme $e0 night_delivery))
p205306	-0.01802	-0.01875	-0.01724	0.00556	-0.00628	0.02926	0.01474	0.02392	0.01629	0.01123	-0.02486	-0.01568	0.00857	-0.00603	-0.01812	0.00333	-0.00277	0.02133	0.00329	-0.01465	0.02185	-0.01995	-0.01531	-0.00140	-0.01788	-0.00800	-0.01460	-0.02167	-0.01856	0.00752	0.00267	-0.01018	(And (Agent $e0 $x0) (Agent $e0 jica) (Member $e0 fund) (Theme $e0 $x1))
p205308	0.07826	0.06551	-0.03792	0.14066	0.06474	0.04291	-0.04140	-0.03312	0.06206	-0.06644	0.04281	-0.06647	-0.04039	0.03031	-0.03490	-0.02874	0.00493	-0.02484	-0.02253	-0.02957	0.03860	-0.04453	-0.05844	0.06140	-0.00972	0.05128	0.00335	0.10078	-0.02844	0.05537	-0.07844	0.01385	(And (Agent $e0 $x0) (Beneficiary $e0 $x1) (Member $e0 buy) (Past $e0))
p205309	0.07826	0.06551	-0.03792	0.14066	0.06474	0.04291	-0.04140	-0.03312	0.06206	-0.06644	0.04281	-0.06647	-0.04039	0.03031	-0.03490	-0.02874	0.00493	-0.02484	-0.02253	-0.02957	0.03860	-0.04454	-0.05844	0.06140	-0.00972	0.05128	0.00335	0.10078	-0.02844	0.05537	-0.07844	0.01385	(And (Agent $e0 $x0) (Beneficiary $e0 $x1) (Member $e0 buy) (Theme $e0 $x2))
p205310	-0.02855	-0.04691	-0.04140	-0.01372	0.04925	-0.07265	-0.02509	0.05085	-0.04989	0.08396	-0.01720	-0.03269	-0.04928	0.11620	-0.01189	-0.01894	0.02564	0.03168	-0.02606	-0.02095	0.05863	-0.04740	0.11285	0.09330	0.07912	0.04505	0.00681	-0.01217	-0.07202	-0.05340	-0.04165	-0.02803	(And (Agent $e0 $x0) (CoAgent $e0 $x1) (Location $e0 $x2) (Member $e0 work))
p205311	-0.05039	-0.02378	0.01750	-0.04942	0.01269	0.09467	-0.02115	-0.08163	0.01503	0.00085	0.15458	0.07235	-0.02601	-0.02063	-0.04597	-0.03300	-0.04024	-0.04180	0.03627	-0.03257	0.02572	0.06298	0.10402	-0.04330	-0.01119	0.04528	-0.00317	-0.03787	0.00040	0.04248	-0.01014	-0.01000	(And (Agent $e0 $x0) (Member $e0 decide) (Might $e0) (Theme $e0 $x1))
p205312	0.08235	-0.03255	-0.01148	-0.03476	-0.02813	0.02127	0.00436	0.01628	-0.00633	0.00912	-0.02589	-0.02906	-0.02110	-0.00539	-0.02439	0.01631	-0.01896	0.00752	0.01396	-0.00361	0.04530	0.06879	0.00905	-0.01906	-0.02387	-0.03233	0.02209	0.02840	-0.00607	-0.04252	-0.00521	0.06280	(And (Agent $e0 $x0) (Member $e0 lend) (Recipient $e0 ravi) (Theme $e0 $x1))
p205313	-0.01851	-0.01675	-0.01072	0.01208	-0.00358	0.02368	0.01023	0.02349	0.01688	0.00866	-0.02459	-0.01019	0.00226	-0.00873	-0.01693	0.00241	-0.00157	0.01336	0.00006	-0.01345	0.01652	-0.01956	-0.01073	-0.00225	-0.01785	0.00147	-0.01386	-0.02165	-0.02232	0.00410	0.00259	-0.00659	(And (Agent $e0 $x0) (Member $e0 receive) (Source $e0 $x1) (Theme $e0 $x2))
p205314	0.07826	0.06551	-0.03792	0.14066	0.06474	0.04291	-0.04140	-0.03312	0.06206	-0.06644	0.04281	-0.06647	-0.04039	0.03031	-0.03490	-0.02874	0.00494	-0.02484	-0.02253	-0.02957	0.03860	-0.04453	-0.05844	0.06140	-0.00972	0.05128	0.00335	0.10078	-0.02844	0.05537	-0.07844	0.01385	(And (Beneficiary $e0 $x0) (Member $e0 buy) (Past $e0) (Theme $e0 $x1))
p205315	-0.01110	0.09010	-0.00122	-0.00589	-0.05324	0.01882	0.02875	0.01093	-0.01873	0.05712	-0.01862	-0.01223	0.01541	0.03394	-0.04566	0.00823	-0.02729	-0.03264	0.09582	-0.00105	-0.02635	0.00294	-0.00646	-0.05549	-0.01218	-0.06288	-0.01115	0.05418	-0.02744	0.06819	0.03688	0.00423	(And (Member $e0 become) (Past $e0) (Patient $e0 $x0) (Result $e0 $e1))
p205358	-0.01802	-0.01875	-0.01724	0.00556	-0.00628	0.02926	0.01474	0.02392	0.01629	0.01123	-0.02486	-0.01568	0.00857	-0.00603	-0.01812	0.00333	-0.00277	0.02133	0.00329	-0.01465	0.02185	-0.01995	-0.01531	-0.00140	-0.01788	-0.00800	-0.01460	-0.02167	-0.01856	0.00752	0.00267	-0.01018	(And (Agent $e0 $x0) (Agent $e0 jica) (Member $e0 fund))
p205360	0.27275	0.02073	-0.06192	-0.00691	-0.10963	0.10659	0.03687	0.24035	-0.14041	-0.08863	-0.07196	-0.04537	-0.00491	0.04049	0.04650	-0.06418	0.17109	-0.03943	0.03725	-0.00093	-0.18599	0.01231	0.07730	0.01951	0.00590	0.00783	-0.02934	-0.05508	0.01936	0.10660	0.10625	-0.08485	(And (Agent $e0 $x0) (Also appear $e0) (Past $e0))
p205361	0.07826	0.06551	-0.03792	0.14066	0.06474	0.04291	-0.04140	-0.03312	0.06206	-0.06644	0.04281	-0.06647	-0.04039	0.03031	-0.03490	-0.02874	0.00494	-0.02484	-0.02253	-0.02957	0.03860	-0.04453	-0.05844	0.06140	-0.00972	0.05128	0.00335	0.10078	-0.02844	0.05537	-0.07844	0.01385	(And (Agent $e0 $x0) (Beneficiary $e0 $x1) (Member $e0 buy))
p205362	0.01274	0.00144	-0.03290	0.02618	-0.00675	0.00450	0.06494	-0.02231	-0.01642	-0.01098	-0.00471	-0.02791	0.01883	0.00585	0.01401	0.00419	-0.03534	0.01265	-0.02094	-0.00918	-0.00298	-0.01873	-0.00168	-0.01577	0.01622	-0.01819	0.05226	-0.01994	0.02602	0.04360	-0.00182	-0.02491	(And (Agent $e0 $x0) (Cardinality $x0 <num>) (GroupOf $x0 child))
p205363	-0.02855	-0.04691	-0.04140	-0.01372	0.04925	-0.07265	-0.02509	0.05085	-0.04989	0.08396	-0.01720	-0.03269	-0.04928	0.11620	-0.01189	-0.01894	0.02564	0.03168	-0.02606	-0.02095	0.05863	-0.04740	0.11285	0.09330	0.07912	0.04505	0.00681	-0.01217	-0.07202	-0.05340	-0.04165	-0.02803	(And (Agent $e0 $x0) (CoAgent $e0 $x1) (Member $e0 work))
p205364	0.00300	-0.01428	-0.01393	0.01319	0.00036	0.00141	-0.00347	-0.01142	-0.00424	-0.00482	-0.01577	-0.00456	0.01771	-0.00012	0.00539	0.00206	-0.00269	0.02624	-0.00497	-0.01044	-0.00124	-0.00493	-0.00381	0.00106	0.00986	-0.00462	-0.00470	-0.00184	0.01539	0.00355	-0.00217	-0.01566	(And (Agent $e0 $x0) (Future $e0) (Member $e0 arrive))
p205365	0.00320	-0.01377	-0.01367	0.01276	0.00080	0.00126	-0.00305	-0.01039	-0.00451	-0.00487	-0.01547	-0.00469	0.01706	-0.00070	0.00582	0.00207	-0.00160	0.02410	-0.00384	-0.00996	-0.00098	-0.00561	-0.00383	0.00168	0.00796	-0.00501	-0.00492	-0.00190	0.01444	0.00278	-0.00252	-0.01472	(And (Agent $e0 $x0) (Future $e0) (Time $e0 (Weekday thursday)))
p205366	0.00439	-0.00523	-0.01573	0.02028	-0.00027	0.00655	-0.00678	0.00051	-0.00574	0.02164	-0.01538	-0.01584	-0.00307	-0.00466	0.00753	0.00105	-0.00725	0.00388	0.00380	-0.00444	-0.00879	-0.00017	-0.00256	0.02272	-0.00098	-0.01188	0.02993	-0.01019	0.00044	-0.01390	-0.00582	-0.01114	(And (Agent $e0 $x0) (Location $e0 $x1) (Member $e0 walk))
p205367	0.00853	-0.01035	-0.01724	0.02805	0.00149	0.00441	-0.00843	0.00104	-0.00402	0.02736	-0.01402	-0.01888	-0.01017	-0.00845	0.00879	0.00094	-0.00531	0.00439	0.00550	-0.00585	-0.00595	-0.00760	-0.00750	0.03489	-0.00272	-0.01200	0.03200	-0.01159	-0.00276	-0.02030	-0.00820	-0.01460	(And (Agent $e0 $x0) (Location $e0 $x1) (Theme $e0 photography))
p205368	0.42386	0.05421	-0.07565	-0.03944	-0.17041	0.18776	0.01938	0.38872	-0.19806	-0.12887	-0.11844	-0.09029	0.00489	0.05233	0.06149	-0.09253	0.26691	-0.08820	0.01845	-0.00149	-0.29598	0.00410	0.10575	0.02542	0.00131	-0.00293	-0.02896	-0.08961	0.02981	0.16773	0.16869	-0.10724	(And (Agent $e0 $x0) (Member $e0 appear) (Past $e0))
p205369	-0.00061	-0.01380	-0.01352	0.00993	-0.00049	0.00196	-0.00627	-0.01378	-0.00152	-0.00493	-0.01390	0.00046	0.01194	0.00069	0.00389	0.00002	-0.00561	0.02287	-0.00541	-0.01173	-0.00291	-0.00069	0.00015	-0.00295	0.01468	0.00029	-0.00365	-0.00287	0.01550	0.00472	-0.00196	-0.01434	(And (Agent $e0 $x0) (Member $e0 arrive) (Time $e0 (Hour <num>)))
p205370	0.00885	0.00805	-0.00815	0.04840	-0.02933	0.00587	-0.01280	0.04094	-0.01371	0.00175	-0.03395	-0.02744	0.15628	-0.00710	0.02461	0.00582	0.03784	0.00768	-0.03453	0.02674	-0.04245	0.02056	-0.01934	-0.00746	0.00577	-0.06312	-0.00173	0.07816	-0.01113	-0.01640	-0.02826	-0.00341	(And (Agent $e0 $x0) (Member $e0 cause) (Theme $e0 $e1))
p205371	-0.05039	-0.02378	0.01750	-0.04942	0.01269	0.09467	-0.02115	-0.08163	0.01503	0.00085	0.15458	0.07235	-0.02601	-0.02063	-0.04597	-0.03300	-0.04024	-0.04180	0.03627	-0.03257	0.02572	0.06298	0.10402	-0.04330	-0.01119	0.04528	-0.00317	-0.03787	0.00040	0.04248	-0.01014	-0.01000	(And (Agent $e0 $x0) (Member $e0 decide) (Might $e0))
p205372	-0.01694	-0.01763	-0.01493	0.00591	-0.00500	0.02624	0.01006	0.02374	0.01639	0.00799	-0.02421	-0.01193	0.00567	-0.00618	-0.01662	0.00262	-0.00178	0.01802	0.00224	-0.01203	0.01703	-0.01703	-0.01103	-0.00279	-0.01470	-0.00723	-0.01282	-0.01736	-0.01848	0.00684	-0.00006	-0.00627	(And (Agent $e0 $x0) (Member $e0 examine) (Theme $e0 $x1))
p205373	-0.01802	-0.01875	-0.01724	0.00556	-0.00628	0.02926	0.01474	0.02392	0.01629	0.01123	-0.02485	-0.01568	0.00857	-0.00603	-0.01812	0.00333	-0.00277	0.02133	0.00329	-0.01465	0.02185	-0.01995	-0.01531	-0.00140	-0.01788	-0.00800	-0.01460	-0.02167	-0.01856	0.00752	0.00267	-0.01018	(And (Agent $e0 $x0) (Member $e0 fund) (Theme $e0 $x1))
p205374	0.00549	-0.02161	0.01622	0.01079	-0.00172	-0.00059	-0.03242	0.05471	0.00965	-0.02116	-0.02858	0.03988	-0.01024	0.01289	-0.01831	-0.03416	-0.00709	-0.01633	0.01714	-0.00053	0.02321	-0.01397	-0.00504	-0.01779	0.00181	-0.02556	0.04568	0.04886	0.00827	-0.03179	0.02540	0.00460	(And (Agent $e0 $x0) (Member $e0 give_up) (Theme $e0 $x1))
p205375	-0.01894	-0.01053	-0.01044	0.00680	-0.00307	0.01077	-0.01923	-0.00079	-0.00449	-0.01039	-0.01856	0.01292	-0.01314	0.01034	-0.00536	-0.00727	-0.01305	0.01079	-0.01719	0.02787	-0.01742	0.01306	-0.00552	0.00195	-0.02033	0.02771	-0.00756	-0.01222	0.01511	-0.01229	-0.00240	0.01839	(And (Agent $e0 $x0) (Member $e0 influence) (Past $e0))
p205376	-0.01294	-0.01520	-0.02222	0.00351	-0.00528	0.01531	0.01192	0.00855	0.02032	0.00663	-0.01873	-0.00564	0.01291	0.00355	-0.00527	0.01165	-0.01046	0.01538	-0.00067	-0.01248	0.00786	-0.01921	-0.01387	-0.00447	-0.01145	0.00023	-0.00896	-0.02039	-0.00375	0.01092	-0.00057	-0.00982	(And (Agent $e0 $x0) (Member $e0 learn) (Source $e0 $x1))
p205377	0.08235	-0.03255	-0.01148	-0.03476	-0.02813	0.02127	0.00436	0.01628	-0.00633	0.00912	-0.02589	-0.02906	-0.02111	-0.00539	-0.02439	0.01631	-0.01896	0.00752	0.01396	-0.00361	0.04530	0.06879	0.00905	-0.01906	-0.02387	-0.03233	0.02209	0.02840	-0.00607	-0.04252	-0.00521	0.06280	(And (Agent $e0 $x0) (Member $e0 lend) (Recipient $e0 ravi))
p205378	-0.01784	-0.01923	-0.01116	-0.00690	0.00481	0.02798	-0.00058	0.01746	0.01877	0.00448	-0.02281	0.01022	-0.00789	-0.01054	-0.01383	-0.00843	-0.00102	-0.00030	0.01223	-0.01587	0.01598	-0.01279	0.00334	-0.01029	-0.01855	0.00839	-0.01173	-0.01699	-0.02451	-0.00535	0.00745	-0.00104	(And (Agent $e0 $x0) (Member $e0 put_off) (Theme $e0 $x1))
p205379	-0.01851	-0.01675	-0.01072	0.01208	-0.00358	0.02368	0.01023	0.02349	0.01688	0.00866	-0.02459	-0.01019	0.00226	-0.00873	-0.01693	0.00241	-0.00157	0.01336	0.00006	-0.01345	0.01652	-0.01956	-0.01073	-0.00225	-0.01785	0.00147	-0.01386	-0.02165	-0.02233	0.00410	0.00259	-0.00659	(And (Agent $e0 $x0) (Member $e0 receive) (Source $e0 $x1))
p205380	-0.01851	-0.01675	-0.01072	0.01208	-0.00358	0.02368	0.01023	0.02349	0.01688	0.00866	-0.02459	-0.01019	0.00226	-0.00873	-0.01693	0.00241	-0.00157	0.01336	0.00006	-0.01345	0.01652	-0.01956	-0.01073	-0.00225	-0.01785	0.00147	-0.01386	-0.02165	-0.02233	0.00410	0.00259	-0.00659	(And (Agent $e0 $x0) (Member $e0 receive) (Theme $e0 $x1))
p205381	-0.01632	-0.01702	-0.01488	0.00546	-0.00450	0.02675	0.00960	0.02441	0.01559	0.00846	-0.02397	-0.01150	0.00499	-0.00640	-0.01624	0.00191	-0.00186	0.01739	0.00157	-0.01214	0.01709	-0.01588	-0.01088	-0.00281	-0.01550	-0.00695	-0.01252	-0.01767	-0.01854	0.00524	0.00135	-0.00684	(And (Agent $e0 $x0) (Member $e0 turn_down) (Theme $e0 $x1))
p205383	0.08235	-0.03255	-0.01148	-0.03476	-0.02813	0.02127	0.00436	0.01628	-0.00633	0.00912	-0.02589	-0.02906	-0.02110	-0.00539	-0.02439	0.01631	-0.01896	0.00752	0.01396	-0.00361	0.04530	0.06879	0.00905	-0.01906	-0.02387	-0.03233	0.02209	0.02840	-0.00607	-0.04252	-0.00521	0.06280	(And (Agent $e0 $x0) (Recipient $e0 ravi) (Theme $e0 $x1))
p205384	-0.00297	-0.01013	-0.01378	0.01171	-0.00062	0.00464	-0.00773	-0.01246	0.00057	-0.00487	-0.01322	0.00097	0.00379	0.00525	0.00122	0.00101	-0.00825	0.02069	-0.00732	-0.00915	-0.00756	0.00611	0.00288	-0.00537	0.01634	-0.00194	0.00071	0.00067	0.01825	0.00646	-0.00256	-0.00978	(And (Agent $e0 $x0) (Theme $e0 visitor) (Time $e0 (Weekday sunday)))
p205385	0.00233	0.04827	-0.01086	0.00228	0.02487	-0.01240	-0.00723	0.02555	-0.02213	0.04137	0.00098	-0.01353	-0.02124	0.02121	-0.01160	-0.00408	0.01347	-0.02797	0.04496	0.00688	-0.00492	-0.01935	0.02237	0.02318	0.00123	-0.01262	0.01037	-0.02342	-0.02442	-0.02213	-0.00760	0.00305	(And (Agent $e0 dara) (Location $e0 $x0) (Member $e0 work))
p205386	-0.01802	-0.01875	-0.01724	0.00556	-0.00628	0.02926	0.01474	0.02392	0.01629	0.01123	-0.02485	-0.01568	0.00857	-0.00603	-0.01812	0.00333	-0.00277	0.02133	0.00329	-0.01465	0.02185	-0.01995	-0.01531	-0.00140	-0.01788	-0.00800	-0.01460	-0.02167	-0.01856	0.00752	0.00267	-0.01018	(And (Agent $e0 jica) (Member $e0 fund) (Theme $e0 $x0))
p205387	0.06719	-0.05670	0.08037	-0.04792	-0.00512	-0.03167	0.01038	-0.01314	-0.03326	0.01567	0.04930	0.03666	0.08964	-0.06327	0.05310	-0.03584	0.13037	-0.03296	0.07660	-0.04408	0.11306	-0.07624	-0.02146	0.05018	-0.02408	0.08898	-0.05939	-0.04282	-0.08281	-0.05725	0.00851	-0.03264	(And (Before $x0 $e0) (Future $e0) (Patient $e0 $x1))
p205388	0.07826	0.06551	-0.03792	0.14066	0.06474	0.04291	-0.04140	-0.03312	0.06206	-0.06644	0.04281	-0.06647	-0.04039	0.03031	-0.03490	-0.02874	0.00493	-0.02484	-0.02253	-0.02957	0.03860	-0.04454	-0.05844	0.06140	-0.00972	0.05128	0.00335	0.10078	-0.02844	0.05537	-0.07844	0.01385	(And (Beneficiary $e0 $x0) (Member $e0 buy) (Past $e0))
p205389	0.07826	0.06551	-0.03792	0.14066	0.06474	0.04291	-0.04140	-0.03312	0.06206	-0.06644	0.04281	-0.06647	-0.04039	0.03031	-0.03490	-0.02874	0.00494	-0.02484	-0.02253	-0.02957	0.03860	-0.04453	-0.05844	0.06140	-0.00972	0.05128	0.00335	0.10078	-0.02844	0.05537	-0.07844	0.01385	(And (Beneficiary $e0 $x0) (Member $e0 buy) (Theme $e0 $x1))
p205390	-0.02454	-0.02077	0.05307	-0.04000	0.08772	0.07741	0.08338	0.06176	-0.02770	0.08356	0.01568	-0.05353	-0.02460	-0.09206	0.03822	0.05993	0.01920	0.03229	-0.02765	-0.03234	-0.04609	-0.00894	-0.01989	-0.03470	0.02895	0.08868	-0.03744	0.08704	0.16286	-0.06849	-0.07729	0.03107	(And (Cardinality $x0 <num>) (GroupOf $x0 way) (Manner $e0 $x0))
p205391	-0.02454	-0.02077	0.05307	-0.04000	0.08772	0.07741	0.08338	0.06176	-0.02770	0.08356	0.01569	-0.05353	-0.02460	-0.09206	0.03822	0.05993	0.01920	0.03229	-0.02765	-0.03234	-0.04609	-0.00894	-0.01989	-0.03470	0.02895	0.08868	-0.03744	0.08704	0.16286	-0.06849	-0.07729	0.03107	(And (Cardinality $x0 <num>) (Manner $e0 $x0) (Member $x0 random))
p205392	-0.02855	-0.04691	-0.04140	-0.01372	0.04925	-0.07265	-0.02509	0.05085	-0.04989	0.08396	-0.01720	-0.03269	-0.04928	0.11620	-0.01189	-0.01894	0.02564	0.03168	-0.02606	-0.02095	0.05863	-0.04740	0.11285	0.09330	0.07912	0.04505	0.00681	-0.01217	-0.07202	-0.05340	-0.04165	-0.02803	(And (CoAgent $e0 $x0) (Location $e0 $x1) (Member $e0 work))
p205393	0.01151	0.04511	-0.00311	0.00373	0.00149	0.00944	0.00304	0.00179	-0.00345	0.03853	0.00135	-0.00674	-0.01075	-0.00727	-0.01494	-0.00083	-0.00298	-0.02424	0.05598	0.00299	-0.01109	-0.00498	-0.00806	-0.00937	-0.01011	-0.01383	0.01654	-0.02767	0.00287	-0.01252	0.00556	0.00394	(And (Experiencer $e0 $x0) (Location $e0 $x1) (Member $e0 wait))
p205394	0.00075	0.18756	0.00889	0.01621	0.03339	0.01772	-0.00359	0.06575	-0.02471	0.06384	0.01099	-0.02026	-0.00994	-0.00392	-0.06226	0.00304	0.01746	-0.09257	0.19564	0.04828	-0.04503	-0.01540	-0.02131	-0.04191	-0.03580	-0.05440	-0.01844	-0.05353	-0.02486	-0.01989	0.00012	0.07880	(And (Experiencer $e0 $x0) (Member $e0 discover) (Stimulus $e0 $e1))
p205395	0.00250	0.19787	0.01009	0.01725	0.03727	0.01939	-0.00396	0.07185	-0.02794	0.06237	0.01151	-0.02257	-0.01112	-0.00143	-0.06763	0.00355	0.02079	-0.09939	0.21116	0.05351	-0.04912	-0.02002	-0.02214	-0.04477	-0.03923	-0.05953	-0.01971	-0.05356	-0.02802	-0.02098	-0.00150	0.08996	(And (Location $e0 $x0) (Member $e0 error) (Stimulus $e1 $e0))
p205396	-0.00367	0.02494	0.00665	-0.00105	0.01596	-0.00583	-0.00516	0.04616	0.00802	0.03341	-0.00858	-0.02393	-0.01596	-0.02599	0.00743	-0.00264	0.00649	-0.02901	0.03325	0.02142	-0.01091	-0.01045	-0.00797	0.02402	-0.03035	-0.01214	0.02381	-0.02413	-0.03151	-0.02672	-0.00769	0.00814	(And (Location $e0 $x0) (Member $e0 find) (Theme $e0 $x1))
p205397	-0.01173	-0.00202	-0.01866	-0.01034	0.02084	-0.03647	-0.01531	0.02894	-0.02743	0.05759	-0.00091	-0.01472	-0.03247	0.05553	-0.01061	-0.01216	0.01661	-0.00034	0.00645	-0.00954	0.02630	-0.02599	0.05869	0.05107	0.04096	0.01951	0.00468	-0.01739	-0.03917	-0.03384	-0.02122	-0.01318	(And (Location $e0 $x0) (Member $e0 work) (Might $e0))
p205398	0.00024	-0.01129	0.00689	-0.00236	-0.01525	-0.00518	-0.00267	-0.00369	-0.00175	0.00254	0.00519	0.00679	0.00911	-0.00779	0.01120	-0.00194	0.01989	-0.00038	-0.00047	-0.00834	0.00133	-0.00801	-0.00350	0.00329	0.01299	-0.00241	-0.01224	0.01589	-0.00770	0.00180	-0.00920	-0.00628	(And (Measure $x0 age <num> year) (Member $x0 founder) (Patient $e0 $x0))
p205399	-0.01110	0.09010	-0.00122	-0.00589	-0.05324	0.01882	0.02875	0.01093	-0.01873	0.05712	-0.01862	-0.01223	0.01541	0.03394	-0.04566	0.00823	-0.02729	-0.03264	0.09582	-0.00105	-0.02635	0.00294	-0.00646	-0.05549	-0.01218	-0.06288	-0.01115	0.05418	-0.02744	0.06819	0.03688	0.00423	(And (Member $e0 become) (Past $e0) (Patient $e0 $x0))
p205400	-0.01110	0.09010	-0.00122	-0.00589	-0.05324	0.01882	0.02875	0.01093	-0.01873	0.05712	-0.01862	-0.01223	0.01541	0.03394	-0.04566	0.00823	-0.02729	-0.03264	0.09582	-0.00105	-0.02635	0.00294	-0.00646	-0.05549	-0.01218	-0.06288	-0.01115	0.05418	-0.02744	0.06819	0.03688	0.00423	(And (Member $e0 become) (Patient $e0 $x0) (Result $e0 $e1))
p205401	0.02416	-0.03768	0.04806	-0.02970	-0.01086	-0.02018	-0.00057	-0.01675	-0.01406	0.01307	0.03334	0.03602	0.04482	-0.03956	0.04287	-0.02271	0.06666	-0.02026	0.03887	-0.02961	0.06902	-0.04108	-0.01109	0.02435	0.00265	0.05199	-0.03917	-0.01433	-0.05078	-0.03481	0.00151	-0.02146	(And (Member $e0 begin) (Might $e0) (Patient $e0 $x0))
p205402	-0.00603	-0.01405	-0.01217	-0.00215	-0.00468	0.01477	0.00639	0.02881	0.00660	0.00405	-0.02134	-0.01211	-0.00151	-0.00456	-0.01400	0.00993	0.00408	0.00701	0.00375	-0.00180	0.01366	-0.00775	-0.00762	0.00096	-0.01811	-0.01213	-0.01041	-0.00504	-0.01672	-0.00215	-0.00633	0.00638	(And (Member $e0 borrow) (Source $e0 $x0) (Theme $e0 $x1))
p205403	-0.05039	-0.02377	0.01750	-0.04942	0.01269	0.09467	-0.02115	-0.08163	0.01503	0.00085	0.15458	0.07235	-0.02601	-0.02063	-0.04597	-0.03300	-0.04024	-0.04180	0.03627	-0.03257	0.02572	0.06298	0.10402	-0.04330	-0.01119	0.04528	-0.00317	-0.03787	0.00040	0.04248	-0.01014	-0.01000	(And (Member $e0 decide) (Might $e0) (Theme $e0 $x0))
p205404	-0.03604	0.00355	-0.03024	0.01267	0.07850	-0.00165	-0.00099	0.03411	-0.05959	-0.07719	0.02312	-0.07947	0.13716	0.05963	-0.03614	0.02562	-0.00047	-0.00468	0.02420	0.11399	-0.04775	-0.00776	0.10581	-0.03062	-0.03352	-0.10073	0.03023	0.11408	-0.01149	0.07343	-0.07814	0.02570	(And (Member $e0 decision) (Patient $e1 $e0) (Theme $e0 $x0))
p205405	-0.03423	0.01521	-0.02899	0.02732	0.07937	-0.00183	-0.01221	0.02941	-0.05300	-0.06701	0.02865	-0.07063	0.15890	0.04524	-0.02764	0.01726	-0.00316	-0.00572	-0.01016	0.11117	-0.05024	0.02552	0.09617	-0.03013	-0.03167	-0.09789	0.02953	0.10935	-0.00322	0.04708	-0.06509	0.01266	(And (Member $e0 decision) (Theme $e0 $x0) (Theme $e1 $e0))
p205406	0.00885	0.00805	-0.00815	0.04840	-0.02933	0.00587	-0.01280	0.04094	-0.01371	0.00175	-0.03395	-0.02744	0.15628	-0.00710	0.02461	0.00582	0.03784	0.00768	-0.03453	0.02674	-0.04245	0.02056	-0.01934	-0.00746	0.00577	-0.06312	-0.00173	0.07816	-0.01113	-0.01640	-0.02826	-0.00341	(And (Member $e0 destroy) (Patient $e0 $x0) (Theme $e1 $e0))
p205407	-0.02324	-0.02499	0.00357	-0.02542	-0.05778	-0.00914	0.01047	-0.01287	-0.01154	0.04607	-0.00663	0.01013	0.00594	0.02192	-0.02249	0.00304	-0.01457	0.00849	-0.00843	-0.03334	0.01784	0.01440	-0.00652	0.00849	-0.01473	-0.00911	-0.01914	0.07558	-0.03178	0.05482	0.04077	-0.02420	(And (Member $e0 direct) (Past $e0) (Patient $e0 $x0))
p205408	0.08235	-0.03255	-0.01148	-0.03476	-0.02813	0.02127	0.00436	0.01628	-0.00633	0.00912	-0.02589	-0.02906	-0.02110	-0.00539	-0.02439	0.01631	-0.01896	0.00752	0.01396	-0.00361	0.04530	0.06879	0.00905	-0.01906	-0.02387	-0.03233	0.02209	0.02840	-0.00607	-0.04252	-0.00521	0.06280	(And (Member $e0 lend) (Recipient $e0 ravi) (Theme $e0 $x0))
p205409	-0.01851	-0.01675	-0.01072	0.01208	-0.00358	0.02368	0.01023	0.02349	0.01688	0.00866	-0.02459	-0.01019	0.00226	-0.00873	-0.01693	0.00241	-0.00157	0.01336	0.00006	-0.01345	0.01652	-0.01956	-0.01073	-0.00225	-0.01785	0.00147	-0.01386	-0.02165	-0.02232	0.00410	0.00259	-0.00659	(And (Member $e0 receive) (Source $e0 $x0) (Theme $e0 $x1))
p205410	-0.01576	-0.02129	-0.01058	-0.01465	0.02160	0.02082	-0.01457	0.02615	0.02995	0.00320	-0.03277	0.03615	-0.02485	-0.01865	-0.00783	-0.02232	0.00620	-0.01558	0.02711	-0.02104	0.01302	-0.01247	0.00286	-0.01941	-0.01613	0.03472	-0.01125	-0.01836	-0.03730	-0.02875	0.02547	0.00486	(And (Member $x0 departure) (Possession $x0 $x1) (Theme $e0 $x0))
p205411	0.06444	0.09918	0.04916	-0.07989	-0.14738	-0.05995	0.10325	0.04024	0.11696	-0.00463	-0.03228	0.07870	0.07599	-0.08815	-0.03265	-0.03899	-0.04367	0.05834	-0.05482	-0.04764	-0.04885	-0.02685	0.13552	0.11573	-0.00649	-0.05128	-0.05020	0.03930	0.08576	-0.06986	-0.02760	0.02550	(And (Member $x0 kiln) (Ordinal $x0 <num> buy) (Theme $e0 $x0))
p205412	-0.01621	0.12931	-0.00057	-0.00921	-0.07705	0.02652	0.04222	0.01650	-0.02727	0.08405	-0.02618	-0.01709	0.02264	0.04913	-0.06692	0.01201	-0.04003	-0.04755	0.13844	-0.00163	-0.03831	0.00437	-0.00893	-0.08068	-0.01631	-0.08936	-0.01630	0.07921	-0.04142	0.10219	0.05086	0.00812	(And (Past $e0) (Patient $e0 $x0) (Result $e0 $e1))
p205522	0.27275	0.02073	-0.06192	-0.00691	-0.10963	0.10659	0.03687	0.24035	-0.14041	-0.08863	-0.07196	-0.04537	-0.00491	0.04049	0.04650	-0.06418	0.17109	-0.03943	0.03725	-0.00093	-0.18599	0.01231	0.07730	0.01951	0.00590	0.00783	-0.02934	-0.05508	0.01936	0.10660	0.10625	-0.08485	(And (Agent $e0 $x0) (Also appear $e0))
p205523	-0.00057	-0.00955	-0.01535	0.01499	0.00004	0.00362	-0.00548	-0.00914	-0.00310	-0.00605	-0.01558	-0.00596	0.00699	0.00492	0.00134	0.00311	-0.00656	0.02199	-0.00821	-0.00710	-0.00832	0.00209	-0.00193	-0.00225	0.00910	-0.00997	-0.00039	0.00216	0.01817	0.00504	-0.00425	-0.01010	(And (Agent $e0 $x0) (GroupOf $x0 soil_sample))
p205524	-0.00058	-0.00956	-0.01536	0.01498	0.00003	0.00361	-0.00550	-0.00915	-0.00311	-0.00606	-0.01559	-0.00597	0.00698	0.00491	0.00132	0.00310	-0.00657	0.02198	-0.00822	-0.00711	-0.00833	0.00208	-0.00194	-0.00226	0.00909	-0.00998	-0.00040	0.00215	0.01816	0.00503	-0.00426	-0.01011	(And (Agent $e0 $x0) (Instrument $e0 post))
p205525	0.42386	0.05421	-0.07565	-0.03944	-0.17041	0.18776	0.01938	0.38872	-0.19806	-0.12887	-0.11844	-0.09029	0.00489	0.05233	0.06149	-0.09253	0.26691	-0.08820	0.01845	-0.00149	-0.29598	0.00409	0.10575	0.02542	0.00131	-0.00293	-0.02896	-0.08961	0.02981	0.16773	0.16869	-0.10724	(And (Agent $e0 $x0) (Member $e0 appear))
p205526	-0.00706	-0.01287	0.00488	-0.00817	-0.01694	0.00842	0.00149	0.01051	0.00178	-0.01913	-0.02585	0.00935	-0.00606	0.00022	0.00284	-0.00134	-0.00188	-0.00777	0.00900	-0.01277	-0.02139	-0.02661	0.01142	-0.02707	0.04551	0.02539	-0.00478	-0.00834	-0.03024	0.05297	-0.03178	0.05557	(And (Agent $e0 $x0) (Member $e0 call_off))
p205527	0.00885	0.00805	-0.00815	0.04840	-0.02933	0.00587	-0.01280	0.04094	-0.01371	0.00175	-0.03395	-0.02744	0.15628	-0.00710	0.02461	0.00582	0.03784	0.00768	-0.03453	0.02674	-0.04245	0.02056	-0.01934	-0.00746	0.00577	-0.06312	-0.00173	0.07816	-0.01113	-0.01640	-0.02826	-0.00341	(And (Agent $e0 $x0) (Member $e0 cause))
p205528	-0.01694	-0.01763	-0.01493	0.00591	-0.00500	0.02624	0.01006	0.02374	0.01639	0.00799	-0.02421	-0.01193	0.00567	-0.00618	-0.01662	0.00262	-0.00178	0.01802	0.00224	-0.01203	0.01703	-0.01703	-0.01103	-0.00279	-0.01470	-0.00723	-0.01282	-0.01736	-0.01848	0.00684	-0.00006	-0.00627	(And (Agent $e0 $x0) (Member $e0 examine))
p205529	-0.01802	-0.01875	-0.01724	0.00556	-0.00628	0.02926	0.01474	0.02392	0.01629	0.01123	-0.02485	-0.01568	0.00857	-0.00603	-0.01812	0.00333	-0.00277	0.02133	0.00329	-0.01465	0.02185	-0.01995	-0.01531	-0.00140	-0.01788	-0.00800	-0.01460	-0.02167	-0.01856	0.00752	0.00267	-0.01018	(And (Agent $e0 $x0) (Member $e0 fund))
p205530	0.00549	-0.02161	0.01622	0.01079	-0.00172	-0.00059	-0.03242	0.05471	0.00965	-0.02116	-0.02858	0.03988	-0.01024	0.01289	-0.01831	-0.03416	-0.00709	-0.01633	0.01714	-0.00053	0.02321	-0.01397	-0.00504	-0.01779	0.00181	-0.02556	0.04568	0.04886	0.00827	-0.03179	0.02540	0.00460	(And (Agent $e0 $x0) (Member $e0 give_up))
p205531	-0.01894	-0.01053	-0.01044	0.00680	-0.00307	0.01077	-0.01923	-0.00078	-0.00449	-0.01039	-0.01856	0.01292	-0.01314	0.01034	-0.00536	-0.00727	-0.01305	0.01079	-0.01719	0.02787	-0.01742	0.01306	-0.00552	0.00195	-0.02033	0.02771	-0.00756	-0.01222	0.01511	-0.01229	-0.00240	0.01839	(And (Agent $e0 $x0) (Member $e0 influence))
p205532	-0.01294	-0.01521	-0.02222	0.00351	-0.00528	0.01531	0.01192	0.00855	0.02032	0.00663	-0.01873	-0.00564	0.01291	0.00355	-0.00527	0.01165	-0.01046	0.01538	-0.00067	-0.01248	0.00785	-0.01921	-0.01387	-0.00447	-0.01146	0.00023	-0.00896	-0.02039	-0.00375	0.01092	-0.00057	-0.00982	(And (Agent $e0 $x0) (Member $e0 learn))
p205533	0.00240	-0.00988	-0.01572	0.01939	0.00030	0.00439	-0.00671	-0.00625	-0.00271	0.00562	-0.01486	-0.00938	0.00049	0.00066	0.00382	0.00223	-0.00645	0.01637	-0.00360	-0.00687	-0.00746	-0.00030	-0.00311	0.00987	0.00658	-0.00960	0.01117	-0.00241	0.01143	-0.00325	-0.00509	-0.01156	(And (Agent $e0 $x0) (Member $e0 permit))
p205534	-0.01784	-0.01923	-0.01116	-0.00690	0.00481	0.02798	-0.00058	0.01746	0.01877	0.00448	-0.02281	0.01022	-0.00789	-0.01054	-0.01383	-0.00843	-0.00102	-0.00030	0.01223	-0.01587	0.01598	-0.01279	0.00334	-0.01029	-0.01855	0.00839	-0.01173	-0.01699	-0.02451	-0.00535	0.00745	-0.00104	(And (Agent $e0 $x0) (Member $e0 put_off))
p205535	-0.01851	-0.01675	-0.01072	0.01208	-0.00358	0.02368	0.01023	0.02349	0.01688	0.00866	-0.02459	-0.01019	0.00226	-0.00873	-0.01693	0.00241	-0.00157	0.01336	0.00006	-0.01345	0.01652	-0.01956	-0.01073	-0.00225	-0.01785	0.00147	-0.01386	-0.02165	-0.02233	0.00410	0.00259	-0.00659	(And (Agent $e0 $x0) (Member $e0 receive))
p205536	-0.01632	-0.01702	-0.01488	0.00546	-0.00450	0.02675	0.00960	0.02440	0.01559	0.00846	-0.02397	-0.01150	0.00499	-0.00640	-0.01624	0.00191	-0.00186	0.01739	0.00157	-0.01214	0.01709	-0.01588	-0.01088	-0.00281	-0.01550	-0.00695	-0.01252	-0.01767	-0.01854	0.00524	0.00135	-0.00684	(And (Agent $e0 $x0) (Member $e0 turn_down))
p205537	-0.01762	-0.01837	-0.01648	0.00550	-0.00555	0.02853	0.01230	0.02404	0.01630	0.01024	-0.02469	-0.01393	0.00674	-0.00626	-0.01742	0.00273	-0.00230	0.02016	0.00232	-0.01398	0.02022	-0.01835	-0.01387	-0.00182	-0.01710	-0.00750	-0.01404	-0.02015	-0.01847	0.00640	0.00227	-0.00910	(And (Agent $e0 $x0) (Member $x0 bank))
p205538	0.01541	-0.02056	-0.01917	-0.01118	-0.00048	-0.00615	-0.00575	0.01498	-0.01425	-0.00406	-0.01725	-0.01133	-0.00055	0.00595	-0.01442	0.04378	0.00361	0.00816	0.00746	-0.00016	0.02902	0.02272	-0.00121	0.00416	-0.01956	-0.02436	-0.01763	0.01359	-0.00567	-0.01022	-0.02123	0.04305	(And (Agent $e0 $x0) (Member $x0 crew))
p205539	0.00853	-0.01035	-0.01724	0.02805	0.00148	0.00440	-0.00844	0.00104	-0.00403	0.02735	-0.01403	-0.01889	-0.01017	-0.00845	0.00879	0.00094	-0.00531	0.00438	0.00549	-0.00585	-0.00596	-0.00760	-0.00750	0.03489	-0.00272	-0.01200	0.03200	-0.01159	-0.00276	-0.02031	-0.00820	-0.01460	(And (Agent $e0 $x0) (Member $x0 curator))
p205540	-0.01201	-0.01531	-0.01015	0.00947	-0.00829	0.01871	0.00771	0.01988	0.00885	0.00240	-0.02356	-0.00980	0.01267	-0.00341	-0.01116	0.00280	0.00498	0.01359	0.00430	-0.00903	0.00442	-0.01868	-0.01018	-0.00469	-0.00048	-0.00831	-0.01144	-0.00875	-0.01796	0.01097	-0.00894	0.00907	(And (Agent $e0 $x0) (Member $x0 doctor))
p205541	-0.03248	0.07838	-0.08835	0.03889	-0.00450	-0.07229	0.04060	0.11678	0.04040	0.01947	0.20496	0.10428	-0.00412	0.08669	0.16178	0.10689	-0.02378	-0.08642	-0.08546	0.01321	-0.04412	-0.04199	-0.07131	-0.00507	0.01029	-0.03715	-0.09434	-0.03306	-0.05693	0.04494	-0.05033	-0.03320	(And (Agent $e0 $x0) (Member $x0 elder))
p205542	-0.01576	-0.02129	-0.01058	-0.01465	0.02160	0.02082	-0.01457	0.02615	0.02995	0.00320	-0.03277	0.03615	-0.02485	-0.01865	-0.00783	-0.02232	0.00620	-0.01558	0.02711	-0.02104	0.01302	-0.01247	0.00286	-0.01941	-0.01613	0.03472	-0.01125	-0.01836	-0.03729	-0.02875	0.02547	0.00486	(And (Agent $e0 $x0) (Member $x0 ferry))
p205543	-0.00061	-0.01380	-0.01352	0.00993	-0.00048	0.00197	-0.00627	-0.01377	-0.00151	-0.00492	-0.01390	0.00046	0.01195	0.00069	0.00389	0.00003	-0.00561	0.02287	-0.00540	-0.01172	-0.00290	-0.00069	0.00016	-0.00294	0.01468	0.00030	-0.00365	-0.00286	0.01550	0.00472	-0.00195	-0.01433	(And (Agent $e0 $x0) (Member $x0 freight))
p205544	-0.00341	-0.01072	-0.01439	0.01077	-0.00120	0.00376	-0.00838	-0.01287	-0.00021	-0.00558	-0.01364	0.00041	0.00258	0.00396	0.00081	0.00011	-0.00868	0.01891	-0.00761	-0.00978	-0.00818	0.00504	0.00211	-0.00581	0.01510	-0.00263	-0.00001	-0.00024	0.01710	0.00518	-0.00331	-0.01026	(And (Agent $e0 $x0) (Member $x0 licence))
p205545	0.14854	-0.03941	-0.03214	-0.06570	-0.02270	-0.04239	0.00502	-0.00333	-0.04931	0.00802	-0.02325	-0.02051	-0.03513	0.02121	-0.01538	0.09584	-0.03523	-0.01641	0.01550	0.00391	0.12307	0.14380	0.02587	-0.00342	-0.03854	-0.05846	-0.00956	0.06010	0.00544	-0.06596	-0.02603	0.10018	(And (Agent $e0 $x0) (Member $x0 museum))
p205546	0.08235	-0.03255	-0.01148	-0.03476	-0.02813	0.02127	0.00436	0.01628	-0.00633	0.00912	-0.02589	-0.02906	-0.02110	-0.00539	-0.02439	0.01631	-0.01896	0.00752	0.01396	-0.00361	0.04530	0.06879	0.00905	-0.01906	-0.02387	-0.03234	0.02209	0.02840	-0.00607	-0.04252	-0.00521	0.06280	(And (Agent $e0 $x0) (Member $x0 neighbour))
p205547	0.04277	-0.08073	-0.03964	-0.10581	-0.07419	0.01586	-0.03675	-0.11510	0.16997	0.04117	-0.04020	-0.03996	0.13610	0.12194	-0.06762	0.05277	-0.10646	0.06470	0.12265	-0.05741	-0.03253	-0.06695	-0.00807	-0.08072	-0.03383	0.18141	0.10418	-0.07639	0.08793	-0.01795	0.08329	0.00557	(And (Agent $e0 $x0) (Member $x0 potter))
p205548	0.00630	0.00181	-0.01468	0.02293	-0.00080	0.01348	-0.00819	0.00048	-0.00562	0.02115	-0.01589	-0.01348	0.00950	-0.00676	0.00952	-0.00035	-0.00805	-0.00152	-0.00205	-0.00171	-0.01441	0.00821	-0.00541	0.01583	-0.00273	-0.01572	0.03049	-0.00906	0.00223	-0.01489	-0.00373	-0.01072	(And (Agent $e0 $x0) (Member $x0 shepherd))
p205549	0.00251	-0.00479	-0.00396	0.03399	-0.01986	-0.00021	-0.00729	0.02921	-0.01075	-0.01083	-0.02953	-0.01803	0.07740	-0.00010	0.01410	0.00523	0.03365	0.00908	-0.01075	0.01237	-0.03285	-0.00651	-0.01153	-0.00786	0.02402	-0.03589	-0.00588	0.05044	-0.01784	0.00255	-0.03273	0.02713	(And (Agent $e0 $x0) (Member $x0 storm))
p205550	0.00196	0.01710	0.09547	0.08488	-0.00158	-0.01513	0.00692	-0.02701	-0.03058	-0.00911	-0.01875	-0.00296	-0.00894	-0.01969	-0.01952	0.04250	-0.01718	-0.02183	-0.01825	-0.02464	-0.04232	-0.01219	0.05779	-0.02230	-0.00409	0.03062	0.00643	-0.03426	-0.05017	0.00090	0.06130	-0.01620	(And (Agent $e0 $x0) (Member $x0 trainer))
p205551	-0.01090	-0.00872	0.01645	0.02111	-0.00452	0.01376	0.00134	0.01132	0.00486	0.00477	-0.02520	-0.00095	-0.00209	-0.01259	-0.01450	0.01261	-0.00584	0.00213	-0.00380	-0.01953	0.00040	-0.01466	0.01001	-0.00885	-0.01387	0.01266	-0.01354	-0.02524	-0.02965	-0.00151	0.02389	-0.00935	(And (Agent $e0 $x0) (Member $x0 vet))
p205552	-0.00363	-0.01074	-0.01447	0.01114	-0.00129	0.00401	-0.00836	-0.01306	-0.00010	-0.00553	-0.01383	0.00027	0.00319	0.00462	0.00046	0.00038	-0.00890	0.02003	-0.00801	-0.00975	-0.00826	0.00547	0.00215	-0.00599	0.01571	-0.00278	0.00002	0.00001	0.01768	0.00587	-0.00325	-0.01048	(And (Agent $e0 $x0) (Member $x0 warden))
p205553	-0.01505	-0.02947	-0.03415	0.01364	0.04909	-0.03797	-0.01808	0.02345	-0.03168	0.06057	-0.01688	-0.03090	-0.03235	0.06150	0.00067	-0.00411	0.00833	0.02686	-0.00502	-0.00777	0.02066	-0.02982	0.05540	0.06643	0.04289	0.00188	0.02040	-0.00983	-0.04170	-0.03817	-0.02736	-0.02240	(And (Agent $e0 $x0) (Member $x0 welder))
p205554	0.08235	-0.03255	-0.01148	-0.03476	-0.02813	0.02127	0.00436	0.01628	-0.00633	0.00912	-0.02589	-0.02906	-0.02110	-0.00539	-0.02439	0.01631	-0.01896	0.00752	0.01396	-0.00361	0.04530	0.06879	0.00905	-0.01906	-0.02387	-0.03233	0.02209	0.02840	-0.00607	-0.04252	-0.00521	0.06280	(And (Agent $e0 $x0) (Recipient $e0 ravi))
p205555	-0.00297	-0.01026	-0.01398	0.01120	-0.00084	0.00420	-0.00798	-0.01243	0.00017	-0.00517	-0.01322	0.00080	0.00298	0.00438	0.00113	0.00052	-0.00825	0.01928	-0.00722	-0.00935	-0.00782	0.00544	0.00249	-0.00541	0.01554	-0.00232	0.00038	0.00014	0.01751	0.00563	-0.00294	-0.00986	(And (Agent $e0 $x0) (Theme $e0 night_delivery))
p205556	0.00853	-0.01035	-0.01724	0.02805	0.00149	0.00441	-0.00843	0.00104	-0.00402	0.02736	-0.01402	-0.01888	-0.01017	-0.00845	0.00879	0.00094	-0.00531	0.00439	0.00550	-0.00585	-0.00595	-0.00760	-0.00750	0.03489	-0.00272	-0.01200	0.03200	-0.01159	-0.00276	-0.02030	-0.00820	-0.01460	(And (Agent $e0 $x0) (Theme $e0 photography))
p205557	-0.00361	-0.01072	-0.01444	0.01116	-0.00128	0.00403	-0.00834	-0.01304	-0.00008	-0.00551	-0.01381	0.00029	0.00321	0.00465	0.00048	0.00040	-0.00888	0.02005	-0.00799	-0.00973	-0.00824	0.00549	0.00217	-0.00597	0.01574	-0.00276	0.00004	0.00003	0.01771	0.00590	-0.00323	-0.01045	(And (Agent $e0 $x0) (Theme $e0 visitor))
p205558	-0.00058	-0.01377	-0.01348	0.00996	-0.00045	0.00199	-0.00624	-0.01375	-0.00148	-0.00489	-0.01387	0.00050	0.01197	0.00072	0.00393	0.00006	-0.00558	0.02290	-0.00537	-0.01170	-0.00287	-0.00066	0.00019	-0.00291	0.01471	0.00034	-0.00362	-0.00283	0.01553	0.00474	-0.00192	-0.01430	(And (Agent $e0 $x0) (Time $e0 (Hour <num>)))
p205559	-0.00332	-0.01045	-0.01414	0.01141	-0.00096	0.00431	-0.00806	-0.01277	0.00022	-0.00521	-0.01353	0.00059	0.00347	0.00490	0.00082	0.00067	-0.00859	0.02033	-0.00769	-0.00947	-0.00795	0.00577	0.00249	-0.00571	0.01601	-0.00236	0.00035	0.00030	0.01794	0.00616	-0.00293	-0.01014	(And (Agent $e0 $x0) (Time $e0 (Weekday sunday)))
p205560	-0.00389	0.00110	-0.00096	-0.00121	0.00965	-0.01234	0.00897	0.02589	-0.00353	0.00964	-0.00034	-0.01292	-0.01046	0.00356	-0.00428	-0.00606	0.00787	-0.00906	0.00264	0.01071	0.00739	-0.01400	0.00958	0.00936	0.00034	-0.00387	0.00315	-0.00676	-0.02379	-0.00988	-0.00826	0.00067	(And (Agent $e0 ana) (Member $e0 work))
p205561	0.00233	0.04827	-0.01086	0.00228	0.02487	-0.01240	-0.00723	0.02555	-0.02213	0.04137	0.00099	-0.01353	-0.02124	0.02121	-0.01160	-0.00408	0.01347	-0.02797	0.04496	0.00688	-0.00492	-0.01935	0.02237	0.02318	0.00123	-0.01262	0.01037	-0.02342	-0.02442	-0.02213	-0.00760	0.00305	(And (Agent $e0 dara) (Location $e0 $x0))
p205562	0.00233	0.04827	-0.01086	0.00228	0.02487	-0.01240	-0.00723	0.02555	-0.02213	0.04137	0.00099	-0.01353	-0.02124	0.02121	-0.01160	-0.00408	0.01347	-0.02797	0.04496	0.00688	-0.00492	-0.01935	0.02237	0.02318	0.00123	-0.01262	0.01037	-0.02342	-0.02442	-0.02213	-0.00760	0.00305	(And (Agent $e0 dara) (Member $e0 work))
p205563	-0.01802	-0.01875	-0.01724	0.00556	-0.00628	0.02926	0.01474	0.02392	0.01629	0.01123	-0.02485	-0.01568	0.00857	-0.00603	-0.01812	0.00333	-0.00277	0.02133	0.00329	-0.01465	0.02185	-0.01995	-0.01531	-0.00140	-0.01788	-0.00800	-0.01460	-0.02167	-0.01856	0.00752	0.00267	-0.01018	(And (Agent $e0 jica) (Member $e0 fund))
p205564	-0.00901	0.03264	0.00457	-0.00315	-0.03144	0.00693	0.04341	0.00667	-0.00933	0.02858	-0.01208	-0.01416	0.00933	0.01234	-0.02877	0.00343	0.00809	-0.02206	0.04368	-0.00104	-0.00493	-0.01143	-0.00438	-0.02918	-0.00487	-0.03280	0.01305	0.02737	-0.03531	0.04382	0.00565	0.00552	(And (Before $e0 $e1) (Patient $e0 $x0))
p205565	0.06719	-0.05670	0.08037	-0.04792	-0.00512	-0.03167	0.01038	-0.01314	-0.03326	0.01567	0.04930	0.03666	0.08964	-0.06327	0.05310	-0.03584	0.13037	-0.03296	0.07660	-0.04408	0.11306	-0.07624	-0.02146	0.05018	-0.02408	0.08898	-0.05939	-0.04282	-0.08281	-0.05725	0.00851	-0.03264	(And (Before $x0 $e0) (Future $e0))
p205566	0.07826	0.06551	-0.03792	0.14066	0.06474	0.04291	-0.04140	-0.03312	0.06206	-0.06644	0.04281	-0.06647	-0.04039	0.03031	-0.03490	-0.02874	0.00494	-0.02484	-0.02253	-0.02957	0.03860	-0.04453	-0.05844	0.06140	-0.00972	0.05128	0.00335	0.10078	-0.02844	0.05537	-0.07844	0.01385	(And (Beneficiary $e0 $x0) (Member $e0 buy))
p205567	-0.02454	-0.02077	0.05307	-0.04000	0.08772	0.07741	0.08338	0.06176	-0.02770	0.08356	0.01568	-0.05353	-0.02460	-0.09206	0.03822	0.05993	0.01920	0.03229	-0.02765	-0.03234	-0.04609	-0.00894	-0.01989	-0.03470	0.02894	0.08868	-0.03744	0.08704	0.16286	-0.06849	-0.07729	0.03107	(And (Cardinality $x0 <num>) (GroupOf $x0 way))
p205568	-0.02454	-0.02077	0.05307	-0.04000	0.08772	0.07741	0.08338	0.06176	-0.02770	0.08356	0.01568	-0.05353	-0.02460	-0.09206	0.03822	0.05993	0.01920	0.03229	-0.02765	-0.03234	-0.04609	-0.00894	-0.01989	-0.03470	0.02895	0.08868	-0.03744	0.08704	0.16286	-0.06849	-0.07729	0.03107	(And (Cardinality $x0 <num>) (Member $x0 random))
p205569	-0.02855	-0.04691	-0.04140	-0.01372	0.04925	-0.07265	-0.02509	0.05085	-0.04989	0.08396	-0.01720	-0.03269	-0.04928	0.11620	-0.01189	-0.01894	0.02564	0.03168	-0.02606	-0.02095	0.05863	-0.04740	0.11285	0.09330	0.07912	0.04505	0.00681	-0.01217	-0.07202	-0.05340	-0.04165	-0.02803	(And (CoAgent $e0 $x0) (Member $e0 work))
p205570	-0.03155	-0.04894	-0.04183	-0.01693	0.05285	-0.07608	-0.02531	0.05002	-0.05090	0.08511	-0.01674	-0.03071	-0.05047	0.11702	-0.01087	-0.02016	0.02710	0.03213	-0.02979	-0.02378	0.06581	-0.04771	0.11475	0.09558	0.08181	0.05328	0.00291	-0.01500	-0.07415	-0.05470	-0.04179	-0.02981	(And (CoAgent $e0 $x0) (Member $x0 ranger))
p205572	0.00075	0.18756	0.00889	0.01621	0.03339	0.01772	-0.00359	0.06575	-0.02471	0.06384	0.01100	-0.02026	-0.00994	-0.00392	-0.06226	0.00304	0.01746	-0.09257	0.19564	0.04828	-0.04503	-0.01540	-0.02131	-0.04191	-0.03580	-0.05440	-0.01844	-0.05353	-0.02486	-0.01989	0.00012	0.07880	(And (Experiencer $e0 $x0) (Member $e0 discover))
p205573	0.01151	0.04511	-0.00311	0.00373	0.00149	0.00944	0.00304	0.00179	-0.00345	0.03853	0.00135	-0.00674	-0.01075	-0.00727	-0.01494	-0.00083	-0.00298	-0.02424	0.05598	0.00299	-0.01109	-0.00498	-0.00806	-0.00937	-0.01011	-0.01383	0.01654	-0.02767	0.00287	-0.01252	0.00556	0.00394	(And (Experiencer $e0 $x0) (Member $e0 wait))
p205574	0.00250	0.19787	0.01009	0.01725	0.03727	0.01939	-0.00396	0.07185	-0.02794	0.06237	0.01151	-0.02257	-0.01112	-0.00143	-0.06763	0.00355	0.02079	-0.09939	0.21116	0.05351	-0.04912	-0.02002	-0.02214	-0.04477	-0.03923	-0.05953	-0.01971	-0.05356	-0.02802	-0.02098	-0.00150	0.08996	(And (Experiencer $e0 $x0) (Member $x0 auditor))
p205575	-0.01621	0.12931	-0.00057	-0.00921	-0.07705	0.02652	0.04222	0.01650	-0.02727	0.08405	-0.02618	-0.01709	0.02264	0.04913	-0.06692	0.01201	-0.04003	-0.04755	0.13844	-0.00163	-0.03831	0.00437	-0.00893	-0.08068	-0.01630	-0.08936	-0.01630	0.07921	-0.04142	0.10219	0.05086	0.00812	(And (Experiencer $e0 $x0) (Result $e1 $e0))
p205576	0.00300	-0.01428	-0.01393	0.01319	0.00036	0.00141	-0.00347	-0.01142	-0.00424	-0.00482	-0.01577	-0.00456	0.01771	-0.00012	0.00539	0.00206	-0.00269	0.02624	-0.00497	-0.01044	-0.00124	-0.00493	-0.00381	0.00106	0.00986	-0.00462	-0.00470	-0.00184	0.01539	0.00355	-0.00217	-0.01566	(And (Future $e0) (Member $e0 arrive))
p205577	0.00319	-0.01377	-0.01368	0.01276	0.00080	0.00125	-0.00306	-0.01039	-0.00452	-0.00488	-0.01547	-0.00469	0.01706	-0.00071	0.00581	0.00207	-0.00160	0.02410	-0.00385	-0.00996	-0.00099	-0.00562	-0.00384	0.00167	0.00795	-0.00502	-0.00492	-0.00190	0.01443	0.00278	-0.00252	-0.01473	(And (Future $e0) (Time $e0 (Weekday thursday)))
p205578	0.01328	0.00143	-0.03298	0.02556	-0.00577	0.00473	0.06425	-0.02244	-0.01592	-0.01043	-0.00506	-0.02820	0.01814	0.00442	0.01613	0.00420	-0.03474	0.01283	-0.02118	-0.00927	-0.00370	-0.01818	-0.00138	-0.01594	0.01587	-0.01734	0.05217	-0.01968	0.02484	0.04141	-0.00107	-0.02476	(And (Goal $e0 $x0) (Member $e0 walk))
p205579	0.01274	0.00144	-0.03290	0.02618	-0.00675	0.00450	0.06494	-0.02231	-0.01642	-0.01098	-0.00471	-0.02790	0.01883	0.00585	0.01401	0.00419	-0.03534	0.01265	-0.02094	-0.00918	-0.00298	-0.01873	-0.00168	-0.01577	0.01621	-0.01818	0.05225	-0.01995	0.02602	0.04360	-0.00182	-0.02491	(And (Goal $e0 $x0) (Member $x0 pier))
p205580	-0.03248	0.07838	-0.08835	0.03889	-0.00450	-0.07229	0.04060	0.11678	0.04040	0.01947	0.20495	0.10428	-0.00412	0.08669	0.16178	0.10689	-0.02378	-0.08642	-0.08546	0.01321	-0.04412	-0.04199	-0.07131	-0.00507	0.01029	-0.03715	-0.09434	-0.03306	-0.05693	0.04494	-0.05033	-0.03320	(And (GroupOf $x0 child) (Recipient $e0 $x0))
p205581	-0.02454	-0.02077	0.05307	-0.04000	0.08772	0.07741	0.08338	0.06176	-0.02770	0.08356	0.01569	-0.05353	-0.02460	-0.09206	0.03822	0.05993	0.01920	0.03229	-0.02765	-0.03234	-0.04609	-0.00894	-0.01989	-0.03470	0.02895	0.08868	-0.03744	0.08704	0.16286	-0.06849	-0.07729	0.03107	(And (GroupOf $x0 way) (Manner $e0 $x0))
p205582	-0.01396	0.00451	0.03131	0.01099	0.01129	0.00789	0.01742	-0.01513	0.04773	0.00407	-0.00474	0.00313	-0.01463	0.04667	-0.04511	-0.01659	0.05165	-0.02067	-0.02031	0.00827	-0.02823	0.05281	-0.01936	-0.01883	0.01280	-0.02938	-0.00012	0.00148	-0.01999	-0.01252	-0.00107	0.00554	(And (Holder $e0 $x0) (Member $e0 need))
p205583	-0.01342	0.00946	0.02857	0.01002	0.00628	0.00428	-0.03467	-0.01805	0.04462	0.00307	0.00276	0.02038	-0.01865	0.04612	-0.04123	-0.01229	0.04298	-0.01115	-0.02230	0.00435	-0.03141	0.06328	-0.01879	-0.01129	0.02170	-0.02487	-0.02020	0.01271	0.01073	-0.01811	-0.00228	0.00313	(And (Holder $e0 $x0) (Member $x0 lathe))
p205584	-0.01342	0.00946	0.02857	0.01002	0.00628	0.00428	-0.03467	-0.01805	0.04462	0.00307	0.00276	0.02038	-0.01865	0.04612	-0.04123	-0.01229	0.04298	-0.01115	-0.02230	0.00435	-0.03141	0.06328	-0.01879	-0.01129	0.02170	-0.02487	-0.02020	0.01271	0.01073	-0.01812	-0.00228	0.00313	(And (Holder $e0 $x0) (Theme $e0 monthly_servicing))
p205585	0.01151	0.04511	-0.00311	0.00373	0.00149	0.00944	0.00304	0.00179	-0.00345	0.03853	0.00135	-0.00674	-0.01075	-0.00727	-0.01494	-0.00083	-0.00298	-0.02424	0.05598	0.00299	-0.01109	-0.00498	-0.00806	-0.00937	-0.01011	-0.01383	0.01654	-0.02767	0.00287	-0.01252	0.00556	0.00394	(And (Location $e0 $x0) (Member $e0 wait))
p205586	-0.02217	-0.04296	-0.04834	0.01898	0.06912	-0.05410	-0.02576	0.03495	-0.04523	0.09454	-0.02223	-0.04523	-0.04518	0.08997	-0.00034	-0.00439	0.01092	0.04068	-0.00465	-0.01151	0.03201	-0.04362	0.07746	0.10099	0.06029	0.00111	0.02702	-0.01569	-0.05932	-0.05720	-0.04020	-0.03336	(And (Location $e0 $x0) (Member $x0 frame))
p205587	0.01151	0.04511	-0.00311	0.00373	0.00149	0.00944	0.00304	0.00179	-0.00345	0.03853	0.00135	-0.00674	-0.01075	-0.00727	-0.01494	-0.00083	-0.00298	-0.02424	0.05598	0.00299	-0.01109	-0.00498	-0.00806	-0.00937	-0.01011	-0.01383	0.01654	-0.02767	0.00287	-0.01252	0.00556	0.00394	(And (Location $e0 $x0) (Member $x0 gate))
p205588	0.00853	-0.01035	-0.01724	0.02805	0.00149	0.00441	-0.00843	0.00104	-0.00402	0.02736	-0.01402	-0.01888	-0.01017	-0.00845	0.00879	0.00094	-0.00531	0.00439	0.00550	-0.00585	-0.00595	-0.00760	-0.00750	0.03489	-0.00272	-0.01200	0.03200	-0.01159	-0.00276	-0.02030	-0.00820	-0.01460	(And (Location $e0 $x0) (Member $x0 hall))
p205589	0.00630	0.00181	-0.01468	0.02293	-0.00080	0.01348	-0.00819	0.00048	-0.00563	0.02115	-0.01590	-0.01348	0.00950	-0.00676	0.00952	-0.00036	-0.00805	-0.00153	-0.00205	-0.00171	-0.01441	0.00821	-0.00541	0.01583	-0.00273	-0.01572	0.03049	-0.00906	0.00223	-0.01490	-0.00373	-0.01072	(And (Location $e0 $x0) (Member $x0 ridge))
p205590	0.01871	0.03911	0.02041	0.08895	-0.07016	0.17497	-0.10269	-0.04822	0.02035	0.19460	-0.02940	0.16345	0.15177	-0.12720	0.15538	-0.04656	-0.06173	-0.17221	-0.13427	0.01834	-0.12532	0.20454	-0.09577	0.04731	-0.03546	0.03443	0.15129	-0.06501	-0.01930	-0.20446	-0.02362	0.07554	(And (Location $e0 $x0) (Ongoing $e0))
p205591	0.00853	-0.01035	-0.01724	0.02805	0.00149	0.00440	-0.00843	0.00104	-0.00403	0.02735	-0.01403	-0.01889	-0.01017	-0.00845	0.00879	0.00094	-0.00531	0.00438	0.00549	-0.00585	-0.00596	-0.00760	-0.00750	0.03489	-0.00272	-0.01200	0.03200	-0.01159	-0.00276	-0.02030	-0.00820	-0.01460	(And (Location $e0 $x0) (Theme $e0 photography))
p205592	-0.02454	-0.02077	0.05307	-0.04000	0.08772	0.07741	0.08338	0.06175	-0.02770	0.08356	0.01568	-0.05353	-0.02461	-0.09206	0.03822	0.05993	0.01920	0.03229	-0.02765	-0.03234	-0.04609	-0.00894	-0.01989	-0.03470	0.02894	0.08868	-0.03744	0.08704	0.16286	-0.06849	-0.07729	0.03107	(And (Manner $e0 $x0) (Member $x0 random))
p205593	0.00028	-0.01125	0.00694	-0.00232	-0.01521	-0.00514	-0.00263	-0.00365	-0.00170	0.00258	0.00523	0.00684	0.00914	-0.00774	0.01125	-0.00190	0.01993	-0.00034	-0.00043	-0.00830	0.00138	-0.00797	-0.00345	0.00333	0.01304	-0.00235	-0.01219	0.01594	-0.00766	0.00184	-0.00915	-0.00624	(And (Measure $x0 age <num> year) (Member $x0 founder))
p205594	0.00026	-0.01128	0.00691	-0.00234	-0.01523	-0.00516	-0.00265	-0.00367	-0.00173	0.00256	0.00521	0.00681	0.00912	-0.00777	0.01122	-0.00192	0.01991	-0.00036	-0.00045	-0.00832	0.00135	-0.00799	-0.00348	0.00330	0.01301	-0.00238	-0.01222	0.01591	-0.00768	0.00182	-0.00917	-0.00626	(And (Measure $x0 age <num> year) (Patient $e0 $x0))
p205595	-0.00062	-0.01381	-0.01353	0.00992	-0.00049	0.00195	-0.00628	-0.01378	-0.00153	-0.00493	-0.01391	0.00045	0.01193	0.00068	0.00388	0.00001	-0.00562	0.02286	-0.00542	-0.01173	-0.00292	-0.00070	0.00014	-0.00296	0.01467	0.00029	-0.00366	-0.00288	0.01549	0.00471	-0.00197	-0.01434	(And (Member $e0 arrive) (Time $e0 (Hour <num>)))
p205596	-0.01694	-0.01254	0.00166	-0.01742	-0.03288	-0.01042	0.00235	-0.00759	-0.00767	0.01965	0.00062	0.00868	-0.00414	0.00757	-0.00829	0.00034	-0.00597	-0.00013	-0.00859	-0.01433	0.00502	0.01023	-0.00280	0.01239	-0.01674	0.00701	-0.01344	0.03541	-0.00814	0.02353	0.01675	-0.00969	(And (Member $e0 bear) (Past $e0))
p205597	0.02416	-0.03767	0.04806	-0.02970	-0.01086	-0.02018	-0.00057	-0.01675	-0.01406	0.01307	0.03335	0.03602	0.04482	-0.03956	0.04287	-0.02271	0.06666	-0.02026	0.03887	-0.02961	0.06902	-0.04108	-0.01109	0.02435	0.00265	0.05199	-0.03917	-0.01433	-0.05078	-0.03481	0.00151	-0.02146	(And (Member $e0 begin) (Might $e0))
p205598	-0.00603	-0.01405	-0.01217	-0.00215	-0.00467	0.01477	0.00639	0.02881	0.00660	0.00405	-0.02134	-0.01211	-0.00151	-0.00456	-0.01400	0.00993	0.00408	0.00702	0.00375	-0.00180	0.01366	-0.00775	-0.00762	0.00096	-0.01811	-0.01213	-0.01041	-0.00504	-0.01672	-0.00215	-0.00633	0.00638	(And (Member $e0 borrow) (Source $e0 $x0))
p205599	0.00885	0.00804	-0.00816	0.04840	-0.02934	0.00587	-0.01280	0.04093	-0.01371	0.00175	-0.03396	-0.02743	0.15628	-0.00710	0.02461	0.00582	0.03784	0.00768	-0.03453	0.02674	-0.04245	0.02056	-0.01934	-0.00746	0.00577	-0.06312	-0.00174	0.07816	-0.01113	-0.01639	-0.02826	-0.00341	(And (Member $e0 cause) (Theme $e0 $e1))
p205600	-0.01487	-0.00453	0.00959	-0.01397	-0.01367	-0.01678	0.00207	0.00533	-0.00186	0.00286	0.00449	-0.00357	-0.00724	-0.00228	-0.00469	-0.00709	-0.00969	-0.00963	-0.01105	0.02477	0.00175	-0.00025	0.00030	0.00297	-0.01767	0.02653	-0.00222	0.00247	-0.01519	0.00369	-0.00193	0.00131	(And (Member $e0 conduct) (Past $e0))
p205601	-0.05039	-0.02378	0.01750	-0.04942	0.01269	0.09467	-0.02115	-0.08163	0.01503	0.00085	0.15458	0.07235	-0.02601	-0.02063	-0.04597	-0.03300	-0.04024	-0.04180	0.03627	-0.03257	0.02572	0.06298	0.10402	-0.04330	-0.01119	0.04528	-0.00317	-0.03787	0.00040	0.04248	-0.01014	-0.01000	(And (Member $e0 decide) (Might $e0))
p205602	0.00885	0.00804	-0.00816	0.04840	-0.02933	0.00587	-0.01280	0.04094	-0.01371	0.00175	-0.03396	-0.02743	0.15628	-0.00710	0.02461	0.00582	0.03784	0.00768	-0.03453	0.02674	-0.04245	0.02056	-0.01934	-0.00746	0.00577	-0.06312	-0.00174	0.07816	-0.01113	-0.01640	-0.02826	-0.00341	(And (Member $e0 destroy) (Theme $e1 $e0))
p205603	-0.02324	-0.02499	0.00357	-0.02542	-0.05778	-0.00914	0.01047	-0.01287	-0.01154	0.04607	-0.00663	0.01013	0.00594	0.02192	-0.02249	0.00304	-0.01457	0.00849	-0.00843	-0.03334	0.01784	0.01440	-0.00652	0.00849	-0.01473	-0.00911	-0.01914	0.07558	-0.03178	0.05482	0.04077	-0.02420	(And (Member $e0 direct) (Past $e0))
p205604	0.00075	0.18756	0.00889	0.01621	0.03339	0.01772	-0.00359	0.06575	-0.02471	0.06384	0.01100	-0.02026	-0.00994	-0.00392	-0.06226	0.00304	0.01746	-0.09257	0.19564	0.04828	-0.04503	-0.01540	-0.02131	-0.04191	-0.03580	-0.05440	-0.01844	-0.05353	-0.02486	-0.01989	0.00012	0.07880	(And (Member $e0 discover) (Stimulus $e0 $e1))
p205605	0.02125	-0.02610	0.03081	-0.01589	-0.01336	-0.01377	0.00373	-0.00639	-0.01248	0.00713	0.02005	0.01205	0.03765	-0.02557	0.03036	-0.01227	0.04841	-0.00810	0.02030	-0.01839	0.03743	-0.03087	-0.00989	0.01931	-0.00052	0.02180	-0.02704	-0.00015	-0.03272	-0.01833	-0.00312	-0.01631	(And (Member $e0 end) (Patient $e0 $x0))
p205606	0.00250	0.19787	0.01009	0.01725	0.03727	0.01939	-0.00396	0.07185	-0.02794	0.06237	0.01151	-0.02257	-0.01112	-0.00143	-0.06763	0.00355	0.02079	-0.09939	0.21116	0.05351	-0.04912	-0.02002	-0.02214	-0.04477	-0.03923	-0.05953	-0.01971	-0.05356	-0.02802	-0.02098	-0.00150	0.08996	(And (Member $e0 error) (Stimulus $e1 $e0))
p205607	-0.01694	-0.01763	-0.01493	0.00591	-0.00500	0.02624	0.01006	0.02374	0.01639	0.00799	-0.02421	-0.01193	0.00567	-0.00618	-0.01662	0.00262	-0.00178	0.01802	0.00224	-0.01203	0.01703	-0.01703	-0.01103	-0.00279	-0.01470	-0.00723	-0.01282	-0.01736	-0.01848	0.00684	-0.00006	-0.00627	(And (Member $e0 examine) (Theme $e0 $x0))
p205608	-0.00937	-0.00689	0.00121	-0.00646	-0.02097	-0.00508	0.00175	-0.00717	-0.00251	0.01405	0.00516	0.00352	0.00333	-0.00047	-0.00047	-0.00055	0.00104	0.00180	-0.00771	-0.01322	0.00408	0.00024	-0.00563	0.00514	-0.00775	0.00311	-0.01141	0.01005	-0.00254	0.01635	0.00563	-0.01140	(And (Member $e0 form) (Patient $e0 $x0))
p205609	-0.01802	-0.01875	-0.01724	0.00556	-0.00628	0.02926	0.01474	0.02392	0.01629	0.01123	-0.02486	-0.01568	0.00857	-0.00603	-0.01812	0.00333	-0.00277	0.02133	0.00329	-0.01465	0.02185	-0.01995	-0.01531	-0.00140	-0.01788	-0.00800	-0.01460	-0.02167	-0.01856	0.00752	0.00267	-0.01018	(And (Member $e0 fund) (Theme $e0 $x0))
p205610	0.00549	-0.02161	0.01622	0.01079	-0.00172	-0.00059	-0.03242	0.05471	0.00965	-0.02116	-0.02858	0.03988	-0.01024	0.01289	-0.01831	-0.03416	-0.00709	-0.01633	0.01714	-0.00053	0.02321	-0.01397	-0.00504	-0.01779	0.00181	-0.02556	0.04568	0.04886	0.00827	-0.03179	0.02540	0.00460	(And (Member $e0 give_up) (Theme $e0 $x0))
p205611	-0.01294	-0.01520	-0.02221	0.00351	-0.00528	0.01531	0.01192	0.00855	0.02032	0.00663	-0.01873	-0.00564	0.01291	0.00355	-0.00527	0.01165	-0.01046	0.01538	-0.00067	-0.01248	0.00786	-0.01921	-0.01387	-0.00447	-0.01145	0.00023	-0.00896	-0.02039	-0.00374	0.01092	-0.00057	-0.00982	(And (Member $e0 learn) (Source $e0 $x0))
p205612	0.08235	-0.03255	-0.01148	-0.03476	-0.02813	0.02127	0.00436	0.01628	-0.00633	0.00912	-0.02589	-0.02906	-0.02110	-0.00539	-0.02439	0.01631	-0.01896	0.00752	0.01396	-0.00361	0.04530	0.06879	0.00905	-0.01906	-0.02387	-0.03233	0.02209	0.02840	-0.00607	-0.04252	-0.00521	0.06280	(And (Member $e0 lend) (Recipient $e0 ravi))
p205613	-0.01784	-0.01923	-0.01116	-0.00690	0.00481	0.02798	-0.00058	0.01746	0.01877	0.00448	-0.02281	0.01022	-0.00789	-0.01054	-0.01383	-0.00843	-0.00102	-0.00030	0.01223	-0.01587	0.01598	-0.01279	0.00334	-0.01028	-0.01855	0.00839	-0.01173	-0.01699	-0.02451	-0.00535	0.00745	-0.00104	(And (Member $e0 put_off) (Theme $e0 $x0))
p205614	-0.01851	-0.01675	-0.01072	0.01208	-0.00358	0.02368	0.01023	0.02349	0.01688	0.00866	-0.02459	-0.01019	0.00226	-0.00873	-0.01693	0.00241	-0.00157	0.01336	0.00006	-0.01345	0.01652	-0.01956	-0.01073	-0.00225	-0.01785	0.00147	-0.01386	-0.02165	-0.02232	0.00410	0.00259	-0.00659	(And (Member $e0 receive) (Source $e0 $x0))
p205615	-0.01358	0.01597	0.02698	0.00897	0.00552	0.00530	-0.03318	-0.01683	0.04207	0.00505	0.00391	0.02120	-0.01866	0.04240	-0.04140	-0.01184	0.04039	-0.01469	-0.01239	0.00439	-0.03057	0.05986	-0.01762	-0.01283	0.02132	-0.02400	-0.02034	0.00914	0.01084	-0.01714	-0.00115	0.00426	(And (Member $e0 require) (Theme $e0 monthly_servicing))
p205616	-0.01781	0.00425	0.00244	-0.01643	-0.01405	-0.02069	-0.02381	-0.01024	-0.00381	-0.00722	0.01400	0.00800	-0.01696	0.00266	-0.00161	-0.00831	-0.01820	-0.00837	-0.02564	0.02065	-0.00825	0.03198	0.00309	0.01023	-0.02227	0.03954	-0.00334	0.00430	0.02662	-0.01088	0.00369	-0.00618	(And (Member $e0 speak) (Past $e0))
p205617	-0.01631	-0.00139	0.00076	-0.01329	-0.00945	-0.01432	-0.01252	-0.00038	-0.00342	-0.00612	0.00259	0.00352	-0.01130	0.00121	-0.00449	-0.00653	-0.01274	-0.00576	-0.01790	0.02767	-0.00731	0.01513	0.00203	0.00704	-0.01934	0.03502	-0.00227	-0.00437	0.00790	-0.00736	-0.00281	0.00407	(And (Member $e0 succeed) (Past $e0))
p205618	-0.01632	-0.01702	-0.01488	0.00546	-0.00450	0.02675	0.00960	0.02441	0.01559	0.00846	-0.02397	-0.01150	0.00499	-0.00640	-0.01624	0.00191	-0.00186	0.01739	0.00157	-0.01214	0.01709	-0.01588	-0.01088	-0.00281	-0.01550	-0.00695	-0.01252	-0.01767	-0.01854	0.00524	0.00135	-0.00684	(And (Member $e0 turn_down) (Theme $e0 $x0))
p205619	-0.01173	-0.00202	-0.01867	-0.01035	0.02084	-0.03647	-0.01531	0.02894	-0.02743	0.05759	-0.00091	-0.01472	-0.03247	0.05553	-0.01061	-0.01216	0.01661	-0.00034	0.00645	-0.00954	0.02630	-0.02599	0.05869	0.05107	0.04096	0.01951	0.00468	-0.01739	-0.03917	-0.03384	-0.02122	-0.01319	(And (Member $e0 work) (Might $e0))
p205620	0.00272	0.00844	0.07526	0.05746	-0.00616	-0.01379	-0.00926	-0.00981	-0.01826	-0.00327	-0.02451	0.00725	-0.00808	-0.02002	-0.01194	0.03919	-0.01374	-0.01757	-0.01467	-0.02697	-0.03303	-0.01178	0.04755	-0.01733	-0.00902	0.03855	-0.01145	-0.03304	-0.04690	-0.01093	0.06377	-0.01331	(And (Member $x0 answer) (Theme $e0 $x0))
p205621	0.04277	-0.08074	-0.03964	-0.10581	-0.07420	0.01586	-0.03675	-0.11510	0.16997	0.04117	-0.04021	-0.03996	0.13610	0.12194	-0.06762	0.05277	-0.10647	0.06470	0.12264	-0.05741	-0.03253	-0.06696	-0.00807	-0.08072	-0.03384	0.18141	0.10417	-0.07640	0.08793	-0.01795	0.08329	0.00557	(And (Member $x0 apprentice) (Recipient $e0 $x0))
p205622	0.00226	-0.00505	-0.00416	0.03392	-0.01996	-0.00013	-0.00721	0.02972	-0.01064	-0.01062	-0.02986	-0.01839	0.07739	-0.00027	0.01426	0.00530	0.03399	0.00946	-0.01060	0.01227	-0.03269	-0.00698	-0.01157	-0.00775	0.02365	-0.03588	-0.00610	0.05062	-0.01815	0.00241	-0.03281	0.02700	(And (Member $x0 archive) (Patient $e0 $x0))
p205623	-0.01448	-0.01452	-0.01275	0.00542	-0.00263	0.02345	0.00664	0.02313	0.01408	0.00620	-0.02262	-0.00778	0.00250	-0.00656	-0.01454	0.00111	-0.00169	0.01269	0.00165	-0.00959	0.01317	-0.01254	-0.00704	-0.00423	-0.01342	-0.00645	-0.01061	-0.01492	-0.01852	0.00385	0.00025	-0.00414	(And (Member $x0 bridge) (Theme $e0 $x0))
p205624	-0.00326	-0.01141	-0.00096	0.01743	-0.01444	0.00298	0.00219	0.01172	-0.00519	-0.00914	-0.02341	-0.00592	0.02676	0.00167	-0.00059	0.00324	0.01918	0.00565	0.00777	-0.00298	-0.02080	-0.02266	-0.00894	-0.00874	0.02859	-0.01093	-0.00948	0.00863	-0.01745	0.01940	-0.02783	0.03995	(And (Member $x0 chart) (Patient $e0 $x0))
p205625	-0.01762	0.00387	0.02744	0.01352	0.01624	0.00571	0.03202	-0.00254	0.03699	0.00167	-0.00980	-0.00151	-0.01079	0.05411	-0.04667	-0.01480	0.06133	-0.02531	-0.01678	0.01398	-0.02508	0.04530	-0.02050	-0.01562	0.00408	-0.03512	-0.01488	0.00145	-0.03518	-0.00957	-0.00582	0.00842	(And (Member $x0 countersignature) (Theme $e0 $x0))
p205626	-0.00365	-0.00788	-0.00389	0.01345	0.01312	-0.00584	-0.00132	0.00145	-0.00846	-0.01263	0.00534	-0.00935	0.01910	0.00218	-0.00434	0.00403	0.01427	0.01518	0.00035	-0.00164	-0.00680	-0.01048	-0.01089	0.00313	0.00448	-0.01030	-0.00800	-0.00013	0.00146	0.00435	-0.01101	0.02386	(And (Member $x0 cracked) (Member $x0 feed_pipe))
p205627	-0.01576	-0.02129	-0.01058	-0.01465	0.02160	0.02082	-0.01457	0.02615	0.02994	0.00320	-0.03277	0.03615	-0.02485	-0.01865	-0.00783	-0.02232	0.00620	-0.01558	0.02711	-0.02104	0.01302	-0.01247	0.00286	-0.01941	-0.01613	0.03472	-0.01125	-0.01836	-0.03730	-0.02875	0.02547	0.00486	(And (Member $x0 departure) (Theme $e0 $x0))
p205628	-0.01585	-0.01770	-0.01078	0.00164	-0.00713	0.02472	0.00640	0.02089	0.01933	0.00329	-0.02492	-0.00513	-0.00207	-0.00637	-0.01480	0.00093	-0.00306	0.01168	0.00358	-0.01175	0.00946	-0.01737	-0.00299	-0.00831	-0.00269	-0.00050	-0.00997	-0.01504	-0.02042	0.01279	-0.00486	0.00300	(And (Member $x0 evening_flight) (Theme $e0 $x0))
p205630	0.00220	-0.00508	-0.00423	0.03395	-0.01983	0.00001	-0.00733	0.02917	-0.01052	-0.01045	-0.02961	-0.01809	0.07708	-0.00031	0.01396	0.00520	0.03370	0.00941	-0.01068	0.01212	-0.03243	-0.00643	-0.01156	-0.00757	0.02300	-0.03588	-0.00600	0.05061	-0.01762	0.00203	-0.03249	0.02652	(And (Member $x0 footbridge) (Patient $e0 $x0))
p205631	0.00026	-0.01127	0.00692	-0.00234	-0.01523	-0.00516	-0.00265	-0.00367	-0.00172	0.00256	0.00521	0.00681	0.00913	-0.00777	0.01122	-0.00192	0.01991	-0.00036	-0.00045	-0.00832	0.00135	-0.00799	-0.00348	0.00330	0.01301	-0.00238	-0.01221	0.01591	-0.00768	0.00182	-0.00917	-0.00626	(And (Member $x0 founder) (Patient $e0 $x0))
p205632	0.14854	-0.03941	-0.03214	-0.06570	-0.02270	-0.04239	0.00502	-0.00333	-0.04931	0.00802	-0.02325	-0.02051	-0.03513	0.02121	-0.01538	0.09584	-0.03523	-0.01641	0.01550	0.00391	0.12307	0.14380	0.02587	-0.00342	-0.03854	-0.05846	-0.00956	0.06010	0.00544	-0.06596	-0.02603	0.10018	(And (Member $x0 gallery) (Recipient $e0 $x0))
p205633	0.00251	-0.00479	-0.00396	0.03399	-0.01985	-0.00021	-0.00729	0.02921	-0.01075	-0.01083	-0.02952	-0.01804	0.07740	-0.00010	0.01410	0.00523	0.03365	0.00908	-0.01075	0.01237	-0.03285	-0.00651	-0.01153	-0.00786	0.02402	-0.03589	-0.00588	0.05044	-0.01784	0.00255	-0.03273	0.02713	(And (Member $x0 greenhouse) (Patient $e0 $x0))
p205634	-0.01762	-0.01837	-0.01648	0.00550	-0.00555	0.02853	0.01230	0.02404	0.01630	0.01024	-0.02470	-0.01393	0.00674	-0.00626	-0.01742	0.00273	-0.00230	0.02016	0.00232	-0.01398	0.02022	-0.01835	-0.01387	-0.00182	-0.01710	-0.00750	-0.01404	-0.02015	-0.01847	0.00640	0.00227	-0.00910	(And (Member $x0 loan_application) (Theme $e0 $x0))
p205635	-0.00141	0.00957	0.05635	0.06837	0.00178	-0.00141	-0.00050	-0.00590	-0.01140	-0.00434	-0.01899	-0.00975	-0.00563	-0.01453	-0.01997	0.02584	-0.01113	-0.00993	-0.01212	-0.02002	-0.02446	-0.01561	0.02990	-0.01541	-0.00884	0.02055	-0.00821	-0.03087	-0.04133	0.00163	0.04336	-0.01344	(And (Member $x0 medal) (Theme $e0 $x0))
p205636	0.09769	-0.03270	-0.02559	-0.04508	-0.01804	-0.02102	-0.00198	0.01181	-0.02995	0.00848	-0.02443	-0.01626	-0.02314	0.01241	-0.01586	0.06770	-0.02202	-0.00654	0.01388	0.00059	0.08846	0.09510	0.01225	-0.00058	-0.03320	-0.04376	-0.01970	0.03859	-0.00175	-0.04687	-0.01969	0.06986	(And (Member $x0 painting) (Theme $e0 $x0))
p205637	-0.02186	-0.01825	-0.01163	-0.00391	-0.00147	0.03032	0.00213	0.02151	0.01834	0.01041	-0.02457	0.00839	-0.00366	-0.01109	-0.01692	-0.00597	-0.00161	0.00493	0.00528	-0.02217	0.01968	-0.01441	-0.00592	-0.00822	-0.01448	0.01501	-0.01830	-0.02849	-0.02453	0.00556	0.00728	-0.00852	(And (Member $x0 query) (Theme $e0 $x0))
p205638	0.00196	0.01710	0.09547	0.08488	-0.00158	-0.01513	0.00692	-0.02701	-0.03058	-0.00911	-0.01875	-0.00296	-0.00894	-0.01969	-0.01952	0.04250	-0.01718	-0.02183	-0.01825	-0.02464	-0.04232	-0.01219	0.05779	-0.02230	-0.00409	0.03062	0.00643	-0.03426	-0.05017	0.00090	0.06130	-0.01620	(And (Member $x0 recruit) (Recipient $e0 $x0))
p205639	-0.02170	-0.01809	-0.01151	-0.00378	-0.00150	0.03025	0.00181	0.02164	0.01839	0.01022	-0.02443	0.00854	-0.00382	-0.01115	-0.01686	-0.00605	-0.00157	0.00479	0.00496	-0.02194	0.01921	-0.01402	-0.00572	-0.00829	-0.01414	0.01471	-0.01816	-0.02814	-0.02441	0.00540	0.00715	-0.00841	(And (Member $x0 tower) (Theme $e0 $x0))
p205640	-0.00691	0.00452	0.06239	0.06076	-0.00186	-0.00328	0.00043	-0.00654	-0.01413	-0.00287	-0.02069	-0.00370	-0.00418	-0.01644	-0.01868	0.02904	-0.00977	-0.00892	-0.01121	-0.02023	-0.02286	-0.01426	0.03397	-0.01278	-0.00944	0.01995	-0.01115	-0.02821	-0.04040	0.00020	0.03885	-0.01233	(And (Member $x0 whistle) (Theme $e0 $x0))
p205641	0.00895	0.02423	0.08603	0.09378	0.00380	-0.01314	0.00703	-0.02834	-0.02653	-0.01070	-0.01695	-0.01120	-0.01005	-0.01751	-0.02016	0.03914	-0.02030	-0.02192	-0.01927	-0.02498	-0.04220	-0.01420	0.05329	-0.02642	-0.00306	0.03124	0.01022	-0.03885	-0.05097	0.00270	0.06990	-0.01921	(And (Member $x0 winner) (Recipient $e0 $x0))
p205642	0.06444	0.09918	0.04916	-0.07989	-0.14738	-0.05995	0.10325	0.04024	0.11696	-0.00463	-0.03228	0.07870	0.07599	-0.08815	-0.03265	-0.03899	-0.04367	0.05834	-0.05482	-0.04764	-0.04885	-0.02685	0.13552	0.11573	-0.00649	-0.05128	-0.05020	0.03930	0.08576	-0.06986	-0.02760	0.02550	(And (Ordinal $x0 <num> buy) (Theme $e0 $x0))
p205643	-0.00910	-0.00073	0.00063	-0.00885	-0.01535	-0.00841	-0.00707	-0.00767	-0.00311	0.00249	0.00649	0.00394	-0.00684	0.00134	0.00006	-0.00286	-0.00767	-0.00053	-0.01350	-0.00180	-0.00193	0.01207	-0.00062	0.00610	-0.01343	0.01038	-0.00533	0.00813	0.01210	0.00295	0.00468	-0.00774	(And (Past $e0) (Time $e0 later))
p205644	-0.03604	0.00355	-0.03024	0.01267	0.07850	-0.00165	-0.00099	0.03411	-0.05959	-0.07719	0.02312	-0.07947	0.13716	0.05963	-0.03614	0.02562	-0.00047	-0.00468	0.02420	0.11399	-0.04775	-0.00776	0.10581	-0.03062	-0.03352	-0.10073	0.03023	0.11408	-0.01149	0.07343	-0.07814	0.02570	(And (Patient $e0 $e1) (Theme $e1 $x0))
p205645	-0.01621	0.12931	-0.00057	-0.00921	-0.07705	0.02652	0.04222	0.01649	-0.02727	0.08405	-0.02618	-0.01709	0.02264	0.04913	-0.06692	0.01201	-0.04003	-0.04755	0.13844	-0.00163	-0.03831	0.00437	-0.00894	-0.08068	-0.01631	-0.08936	-0.01630	0.07921	-0.04142	0.10219	0.05086	0.00812	(And (Patient $e0 $x0) (Result $e0 $e1))
p205646	0.08235	-0.03255	-0.01148	-0.03476	-0.02813	0.02127	0.00436	0.01628	-0.00633	0.00912	-0.02589	-0.02906	-0.02110	-0.00539	-0.02439	0.01631	-0.01896	0.00752	0.01396	-0.00361	0.04530	0.06879	0.00905	-0.01906	-0.02387	-0.03234	0.02209	0.02840	-0.00607	-0.04252	-0.00521	0.06280	(And (Recipient $e0 ravi) (Theme $e0 $x0))
p205647	-0.03423	0.01521	-0.02899	0.02732	0.07937	-0.00183	-0.01221	0.02941	-0.05300	-0.06701	0.02865	-0.07063	0.15891	0.04524	-0.02764	0.01726	-0.00316	-0.00572	-0.01016	0.11117	-0.05024	0.02552	0.09617	-0.03013	-0.03166	-0.09789	0.02953	0.10935	-0.00322	0.04708	-0.06509	0.01266	(And (Theme $e0 $e1) (Theme $e1 $x0))
p205648	-0.00362	-0.01074	-0.01446	0.01114	-0.00129	0.00402	-0.00836	-0.01306	-0.00009	-0.00552	-0.01382	0.00028	0.00319	0.00463	0.00047	0.00039	-0.00889	0.02004	-0.00800	-0.00974	-0.00826	0.00548	0.00215	-0.00598	0.01572	-0.00277	0.00003	0.00002	0.01769	0.00588	-0.00324	-0.01047	(And (Theme $e0 visitor) (Time $e0 (Weekday sunday)))
p205741	-0.00390	0.00109	-0.00097	-0.00122	0.00964	-0.01235	0.00896	0.02588	-0.00354	0.00963	-0.00035	-0.01293	-0.01047	0.00355	-0.00429	-0.00607	0.00786	-0.00907	0.00263	0.01070	0.00738	-0.01401	0.00957	0.00934	0.00033	-0.00387	0.00314	-0.00677	-0.02380	-0.00989	-0.00827	0.00066	(Agent $e0 ana)
p205742	0.00233	0.04827	-0.01086	0.00228	0.02487	-0.01240	-0.00723	0.02555	-0.02213	0.04137	0.00099	-0.01353	-0.02124	0.02121	-0.01160	-0.00408	0.01347	-0.02797	0.04496	0.00688	-0.00492	-0.01935	0.02237	0.02318	0.00123	-0.01262	0.01037	-0.02342	-0.02442	-0.02213	-0.00760	0.00305	(Agent $e0 dara)
p205743	0.00755	0.00245	-0.00114	0.00092	0.00344	-0.00366	-0.00524	-0.00839	-0.00179	-0.00608	0.00495	0.00090	-0.00532	-0.00188	0.00679	-0.00139	-0.00091	0.00122	-0.00680	-0.00302	-0.00448	0.00291	-0.00116	0.00099	0.00562	-0.00429	-0.00011	0.00323	0.01407	-0.00241	-0.00029	-0.00612	(Degree $x0 big very)
p205744	-0.02454	-0.02077	0.05307	-0.04000	0.08772	0.07741	0.08338	0.06175	-0.02770	0.08356	0.01568	-0.05353	-0.02461	-0.09206	0.03822	0.05993	0.01920	0.03229	-0.02765	-0.03234	-0.04609	-0.00894	-0.01989	-0.03470	0.02894	0.08868	-0.03744	0.08704	0.16286	-0.06849	-0.07729	0.03107	(GroupOf $x0 way)
p205745	-0.00057	-0.00955	-0.01535	0.01499	0.00004	0.00362	-0.00548	-0.00914	-0.00310	-0.00605	-0.01558	-0.00596	0.00699	0.00492	0.00134	0.00311	-0.00656	0.02199	-0.00821	-0.00710	-0.00832	0.00209	-0.00193	-0.00225	0.00910	-0.00997	-0.00039	0.00216	0.01817	0.00504	-0.00425	-0.01010	(Instrument $e0 post)
p205746	0.00027	-0.01126	0.00693	-0.00232	-0.01521	-0.00515	-0.00264	-0.00365	-0.00171	0.00257	0.00523	0.00683	0.00914	-0.00775	0.01124	-0.00190	0.01993	-0.00034	-0.00044	-0.00830	0.00137	-0.00797	-0.00346	0.00333	0.01303	-0.00237	-0.01220	0.01594	-0.00766	0.00184	-0.00916	-0.00624	(Measure $x0 age <num> year)
p205747	0.00256	0.00242	-0.00070	-0.00199	-0.00120	-0.00563	-0.00707	-0.00775	-0.00175	-0.00533	0.00556	0.00170	-0.00674	-0.00118	0.00509	-0.00215	-0.00339	0.00018	-0.00927	-0.00036	-0.00443	0.00685	-0.00018	0.00295	-0.00061	0.00211	-0.00075	0.00335	0.01587	-0.00332	-0.00012	-0.00561	(Member $e0 active)
p205748	-0.01694	-0.01254	0.00166	-0.01742	-0.03288	-0.01042	0.00235	-0.00759	-0.00767	0.01965	0.00062	0.00868	-0.00414	0.00757	-0.00829	0.00034	-0.00597	-0.00013	-0.00859	-0.01433	0.00502	0.01023	-0.00280	0.01239	-0.01674	0.00701	-0.01344	0.03541	-0.00814	0.02353	0.01675	-0.00969	(Member $e0 bear)
p205749	-0.00706	-0.01287	0.00488	-0.00817	-0.01694	0.00842	0.00149	0.01051	0.00178	-0.01913	-0.02585	0.00935	-0.00606	0.00022	0.00284	-0.00134	-0.00188	-0.00777	0.00900	-0.01277	-0.02139	-0.02661	0.01142	-0.02707	0.04551	0.02539	-0.00478	-0.00834	-0.03024	0.05297	-0.03178	0.05557	(Member $e0 call_off)
p205750	0.00885	0.00804	-0.00816	0.04840	-0.02934	0.00587	-0.01280	0.04093	-0.01371	0.00175	-0.03396	-0.02743	0.15628	-0.00710	0.02461	0.00582	0.03784	0.00768	-0.03453	0.02674	-0.04245	0.02056	-0.01934	-0.00746	0.00576	-0.06312	-0.00174	0.07816	-0.01113	-0.01639	-0.02826	-0.00341	(Member $e0 cause)
p205751	-0.01482	-0.00448	0.00964	-0.01393	-0.01363	-0.01672	0.00212	0.00538	-0.00181	0.00291	0.00454	-0.00352	-0.00718	-0.00223	-0.00465	-0.00705	-0.00964	-0.00959	-0.01101	0.02482	0.00179	-0.00021	0.00034	0.00302	-0.01761	0.02656	-0.00217	0.00251	-0.01514	0.00374	-0.00188	0.00135	(Member $e0 conduct)
p205752	0.02125	-0.02610	0.03081	-0.01589	-0.01336	-0.01377	0.00373	-0.00639	-0.01248	0.00713	0.02005	0.01205	0.03765	-0.02557	0.03036	-0.01227	0.04841	-0.00810	0.02030	-0.01839	0.03743	-0.03087	-0.00989	0.01931	-0.00052	0.02180	-0.02704	-0.00015	-0.03272	-0.01833	-0.00312	-0.01631	(Member $e0 end)
p205753	-0.01694	-0.01763	-0.01493	0.00591	-0.00500	0.02624	0.01006	0.02374	0.01639	0.00799	-0.02420	-0.01193	0.00567	-0.00618	-0.01662	0.00262	-0.00178	0.01802	0.00224	-0.01203	0.01704	-0.01703	-0.01103	-0.00279	-0.01470	-0.00723	-0.01282	-0.01736	-0.01847	0.00684	-0.00006	-0.00627	(Member $e0 examine)
p205754	-0.02734	0.09074	0.00830	0.00032	0.03328	-0.01829	-0.01010	0.04676	0.00690	0.01610	-0.00035	-0.03516	0.01416	-0.03929	0.00348	-0.00066	-0.01578	0.00007	0.05488	0.00233	-0.00314	0.03972	-0.01745	-0.01080	0.00573	0.01134	-0.00375	-0.04880	-0.01697	0.02208	0.01394	0.00032	(Member $e0 find_out)
p205755	-0.01802	-0.01875	-0.01724	0.00556	-0.00628	0.02926	0.01474	0.02392	0.01629	0.01123	-0.02485	-0.01568	0.00857	-0.00603	-0.01812	0.00333	-0.00277	0.02133	0.00329	-0.01465	0.02185	-0.01995	-0.01531	-0.00140	-0.01788	-0.00800	-0.01460	-0.02167	-0.01856	0.00752	0.00267	-0.01018	(Member $e0 fund)
p205756	-0.01294	-0.01520	-0.02222	0.00351	-0.00528	0.01531	0.01192	0.00855	0.02032	0.00663	-0.01873	-0.00564	0.01291	0.00355	-0.00527	0.01165	-0.01046	0.01538	-0.00067	-0.01248	0.00786	-0.01921	-0.01387	-0.00447	-0.01146	0.00023	-0.00896	-0.02039	-0.00375	0.01092	-0.00057	-0.00982	(Member $e0 learn)
p205757	-0.01396	0.00451	0.03131	0.01099	0.01129	0.00789	0.01742	-0.01513	0.04773	0.00407	-0.00474	0.00313	-0.01463	0.04667	-0.04511	-0.01659	0.05165	-0.02067	-0.02031	0.00827	-0.02823	0.05281	-0.01936	-0.01883	0.01280	-0.02938	-0.00012	0.00148	-0.01999	-0.01252	-0.00107	0.00554	(Member $e0 need)
p205758	0.00242	-0.00986	-0.01570	0.01940	0.00032	0.00441	-0.00669	-0.00624	-0.00270	0.00563	-0.01484	-0.00936	0.00052	0.00068	0.00383	0.00225	-0.00643	0.01639	-0.00358	-0.00685	-0.00744	-0.00028	-0.00309	0.00989	0.00661	-0.00959	0.01119	-0.00239	0.01145	-0.00324	-0.00508	-0.01155	(Member $e0 permit)
p205759	-0.01784	-0.01923	-0.01116	-0.00690	0.00481	0.02798	-0.00058	0.01746	0.01877	0.00448	-0.02281	0.01022	-0.00789	-0.01054	-0.01383	-0.00843	-0.00102	-0.00030	0.01223	-0.01587	0.01598	-0.01279	0.00334	-0.01029	-0.01855	0.00839	-0.01173	-0.01699	-0.02451	-0.00535	0.00745	-0.00104	(Member $e0 put_off)
p205760	-0.01782	0.00425	0.00244	-0.01643	-0.01405	-0.02069	-0.02381	-0.01024	-0.00381	-0.00722	0.01400	0.00800	-0.01696	0.00266	-0.00161	-0.00831	-0.01820	-0.00837	-0.02564	0.02065	-0.00825	0.03198	0.00309	0.01023	-0.02227	0.03954	-0.00335	0.00430	0.02662	-0.01089	0.00369	-0.00618	(Member $e0 speak)
p205761	-0.01631	-0.00139	0.00076	-0.01329	-0.00945	-0.01433	-0.01252	-0.00038	-0.00342	-0.00612	0.00258	0.00352	-0.01130	0.00121	-0.00449	-0.00653	-0.01274	-0.00576	-0.01790	0.02767	-0.00731	0.01513	0.00203	0.00704	-0.01934	0.03502	-0.00227	-0.00437	0.00790	-0.00736	-0.00281	0.00407	(Member $e0 succeed)
p205762	-0.01632	-0.01702	-0.01488	0.00546	-0.00450	0.02675	0.00960	0.02441	0.01559	0.00846	-0.02397	-0.01150	0.00499	-0.00640	-0.01624	0.00191	-0.00186	0.01739	0.00157	-0.01214	0.01709	-0.01588	-0.01088	-0.00281	-0.01550	-0.00695	-0.01252	-0.01767	-0.01854	0.00524	0.00135	-0.00684	(Member $e0 turn_down)
p205763	0.01151	0.04511	-0.00311	0.00373	0.00149	0.00944	0.00304	0.00179	-0.00345	0.03853	0.00135	-0.00674	-0.01075	-0.00727	-0.01494	-0.00083	-0.00298	-0.02424	0.05598	0.00299	-0.01109	-0.00498	-0.00806	-0.00937	-0.01011	-0.01383	0.01654	-0.02767	0.00287	-0.01252	0.00556	0.00394	(Member $e0 wait)
p205764	0.00272	0.00844	0.07526	0.05746	-0.00616	-0.01379	-0.00926	-0.00981	-0.01826	-0.00327	-0.02451	0.00725	-0.00808	-0.02002	-0.01194	0.03919	-0.01374	-0.01757	-0.01467	-0.02697	-0.03303	-0.01178	0.04755	-0.01733	-0.00902	0.03855	-0.01145	-0.03304	-0.04690	-0.01093	0.06377	-0.01331	(Member $x0 answer)
p205765	-0.00596	0.00654	-0.00960	0.00522	-0.00122	0.01898	0.00539	0.01690	0.00845	0.01739	-0.01421	-0.00765	-0.00105	-0.00679	-0.01381	0.00045	-0.00255	0.00102	0.01869	-0.00541	0.00589	-0.00990	-0.00765	-0.00535	-0.01230	-0.00869	-0.00290	-0.01954	-0.01135	-0.00124	0.00251	-0.00188	(Member $x0 car)
p205766	-0.00365	-0.00788	-0.00389	0.01345	0.01312	-0.00584	-0.00132	0.00145	-0.00847	-0.01264	0.00533	-0.00935	0.01910	0.00218	-0.00434	0.00403	0.01427	0.01517	0.00035	-0.00165	-0.00681	-0.01049	-0.01089	0.00313	0.00447	-0.01030	-0.00800	-0.00013	0.00145	0.00435	-0.01101	0.02386	(Member $x0 cracked)
p205767	0.00675	0.00195	-0.00148	0.00068	0.00287	-0.00378	-0.00526	-0.00838	-0.00165	-0.00603	0.00452	0.00053	-0.00513	-0.00218	0.00616	-0.00136	-0.00082	0.00127	-0.00674	-0.00315	-0.00445	0.00258	-0.00128	0.00106	0.00526	-0.00447	-0.00038	0.00304	0.01442	-0.00249	-0.00080	-0.00627	(Member $x0 difficult)
p205768	-0.01201	-0.01531	-0.01015	0.00947	-0.00829	0.01871	0.00771	0.01988	0.00885	0.00239	-0.02356	-0.00980	0.01266	-0.00341	-0.01116	0.00280	0.00498	0.01359	0.00430	-0.00903	0.00442	-0.01868	-0.01018	-0.00469	-0.00049	-0.00831	-0.01144	-0.00875	-0.01796	0.01097	-0.00894	0.00907	(Member $x0 doctor)
p205769	-0.00365	-0.00788	-0.00389	0.01345	0.01312	-0.00584	-0.00131	0.00145	-0.00846	-0.01263	0.00534	-0.00935	0.01911	0.00218	-0.00434	0.00404	0.01427	0.01518	0.00035	-0.00164	-0.00680	-0.01048	-0.01089	0.00313	0.00448	-0.01030	-0.00800	-0.00013	0.00146	0.00435	-0.01101	0.02386	(Member $x0 feed_pipe)
p205770	-0.01505	-0.02947	-0.03415	0.01364	0.04909	-0.03797	-0.01808	0.02345	-0.03168	0.06057	-0.01688	-0.03090	-0.03235	0.06150	0.00067	-0.00411	0.00833	0.02686	-0.00502	-0.00777	0.02066	-0.02982	0.05540	0.06643	0.04289	0.00188	0.02040	-0.00983	-0.04170	-0.03817	-0.02736	-0.02240	(Member $x0 fitter)
p205771	0.00692	0.00207	-0.00127	0.00078	0.00310	-0.00364	-0.00509	-0.00826	-0.00144	-0.00585	0.00466	0.00075	-0.00500	-0.00205	0.00649	-0.00120	-0.00066	0.00148	-0.00654	-0.00302	-0.00421	0.00275	-0.00101	0.00121	0.00541	-0.00407	-0.00016	0.00323	0.01454	-0.00239	-0.00056	-0.00605	(Member $x0 hard)
p205772	-0.01539	-0.00642	0.01993	-0.01642	-0.01046	-0.00018	-0.00851	0.02586	0.00691	-0.00442	-0.00432	-0.00229	-0.00572	-0.00407	-0.01900	-0.00760	-0.00642	-0.00166	-0.00649	0.05829	0.00124	-0.01277	-0.00655	0.00617	-0.01409	0.02446	-0.00412	-0.01329	-0.01759	-0.00896	-0.01668	0.02248	(Member $x0 house)
p205773	0.00689	0.00189	-0.00146	0.00066	0.00296	-0.00387	-0.00535	-0.00847	-0.00174	-0.00613	0.00458	0.00055	-0.00528	-0.00221	0.00632	-0.00145	-0.00091	0.00126	-0.00693	-0.00322	-0.00452	0.00260	-0.00130	0.00099	0.00531	-0.00440	-0.00036	0.00305	0.01425	-0.00256	-0.00077	-0.00632	(Member $x0 huge)
p205774	-0.00141	0.00957	0.05635	0.06837	0.00178	-0.00141	-0.00050	-0.00590	-0.01140	-0.00434	-0.01900	-0.00975	-0.00563	-0.01453	-0.01997	0.02584	-0.01113	-0.00993	-0.01212	-0.02002	-0.02446	-0.01561	0.02990	-0.01541	-0.00884	0.02055	-0.00821	-0.03087	-0.04133	0.00163	0.04336	-0.01344	(Member $x0 medal)
p205775	0.00891	0.03485	-0.00182	0.00250	0.00406	0.00378	-0.00408	0.00085	-0.00325	0.02563	0.00275	-0.00393	-0.00988	-0.00738	-0.00402	-0.00102	-0.00246	-0.01804	0.03607	0.00217	-0.00916	-0.00081	-0.00516	-0.00124	-0.00615	-0.01026	0.00929	-0.01895	0.00586	-0.01211	0.00309	0.00104	(Member $x0 park)
p205776	-0.02454	-0.02077	0.05307	-0.04000	0.08772	0.07741	0.08338	0.06175	-0.02770	0.08356	0.01568	-0.05353	-0.02461	-0.09206	0.03822	0.05993	0.01920	0.03229	-0.02765	-0.03234	-0.04609	-0.00894	-0.01989	-0.03470	0.02894	0.08868	-0.03744	0.08704	0.16286	-0.06849	-0.07729	0.03107	(Member $x0 random)
p205777	-0.00364	-0.01076	-0.01448	0.01112	-0.00130	0.00400	-0.00837	-0.01308	-0.00011	-0.00554	-0.01384	0.00026	0.00318	0.00461	0.00045	0.00037	-0.00891	0.02002	-0.00802	-0.00976	-0.00827	0.00546	0.00214	-0.00600	0.01570	-0.00279	0.00001	-0.00000	0.01767	0.00586	-0.00326	-0.01049	(Member $x0 warden)
p205778	-0.01505	-0.02947	-0.03415	0.01364	0.04909	-0.03797	-0.01808	0.02345	-0.03168	0.06057	-0.01688	-0.03090	-0.03235	0.06150	0.00067	-0.00411	0.00833	0.02686	-0.00502	-0.00777	0.02066	-0.02982	0.05540	0.06643	0.04289	0.00188	0.02040	-0.00983	-0.04170	-0.03817	-0.02736	-0.02240	(Member $x0 welder)
p205779	0.00284	0.00965	0.00080	-0.00015	0.00733	-0.00495	-0.00551	0.00902	0.00064	0.00727	0.00037	-0.00695	-0.00854	-0.00954	0.00641	-0.00080	0.00201	-0.00814	0.00897	0.00410	-0.00547	-0.00251	-0.00323	0.01052	-0.00630	-0.00681	0.00584	-0.00563	0.00071	-0.01015	-0.00332	-0.00170	(Member $x0 western)
p205780	-0.00691	0.00452	0.06239	0.06076	-0.00186	-0.00328	0.00043	-0.00654	-0.01413	-0.00287	-0.02069	-0.00370	-0.00418	-0.01644	-0.01868	0.02904	-0.00977	-0.00892	-0.01121	-0.02023	-0.02286	-0.01426	0.03397	-0.01278	-0.00944	0.01995	-0.01115	-0.02821	-0.04040	0.00020	0.03885	-0.01233	(Member $x0 whistle)
p205781	0.08235	-0.03255	-0.01148	-0.03476	-0.02813	0.02127	0.00436	0.01628	-0.00633	0.00912	-0.02589	-0.02906	-0.02110	-0.00539	-0.02439	0.01631	-0.01896	0.00752	0.01396	-0.00361	0.04530	0.06879	0.00905	-0.01906	-0.02387	-0.03234	0.02209	0.02840	-0.00607	-0.04252	-0.00521	0.06280	(Recipient $e0 ravi)
p205782	0.00068	0.00650	0.00077	-0.00291	-0.00631	-0.00621	-0.01298	-0.00601	-0.00195	-0.00199	0.00622	0.00450	-0.00223	-0.00333	0.00793	-0.00414	-0.00721	-0.00510	-0.01699	0.00696	-0.00919	0.02053	-0.00059	0.00320	-0.00684	0.00463	0.00270	0.00770	0.01522	-0.01020	-0.00023	-0.00485	(Source $e0 manila)
p205784	-0.00310	-0.01041	-0.01410	0.01106	-0.00092	0.00406	-0.00809	-0.01257	0.00007	-0.00529	-0.01335	0.00070	0.00286	0.00425	0.00108	0.00040	-0.00838	0.01919	-0.00732	-0.00949	-0.00791	0.00532	0.00240	-0.00553	0.01540	-0.00235	0.00028	0.00004	0.01738	0.00548	-0.00302	-0.00997	(Theme $e0 night_delivery)
p205785	0.00853	-0.01035	-0.01724	0.02805	0.00149	0.00441	-0.00843	0.00104	-0.00403	0.02736	-0.01402	-0.01888	-0.01017	-0.00845	0.00879	0.00094	-0.00531	0.00439	0.00550	-0.00585	-0.00595	-0.00760	-0.00750	0.03489	-0.00272	-0.01200	0.03200	-0.01159	-0.00276	-0.02030	-0.00820	-0.01460	(Theme $e0 photography)
p205786	-0.00370	-0.01085	-0.01451	0.01102	-0.00131	0.00392	-0.00843	-0.01316	-0.00013	-0.00559	-0.01392	0.00025	0.00310	0.00454	0.00051	0.00030	-0.00897	0.01999	-0.00805	-0.00985	-0.00826	0.00541	0.00215	-0.00606	0.01563	-0.00269	-0.00001	-0.00003	0.01758	0.00576	-0.00327	-0.01051	(Theme $e0 visitor)
p205787	-0.00058	-0.01378	-0.01349	0.00995	-0.00046	0.00199	-0.00625	-0.01375	-0.00149	-0.00490	-0.01388	0.00049	0.01197	0.00072	0.00392	0.00005	-0.00558	0.02290	-0.00537	-0.01170	-0.00287	-0.00066	0.00018	-0.00291	0.01471	0.00033	-0.00362	-0.00283	0.01553	0.00474	-0.00192	-0.01430	(Time $e0 (Hour <num>))
p205788	-0.00315	-0.01030	-0.01396	0.01155	-0.00080	0.00447	-0.00790	-0.01262	0.00039	-0.00505	-0.01338	0.00078	0.00363	0.00507	0.00102	0.00084	-0.00842	0.02051	-0.00751	-0.00931	-0.00775	0.00594	0.00269	-0.00554	0.01617	-0.00216	0.00052	0.00049	0.01810	0.00630	-0.00274	-0.00997	(Time $e0 (Weekday sunday))
p205789	0.00062	-0.00912	-0.00164	0.00367	-0.00934	-0.00198	-0.00250	-0.00461	-0.00262	-0.00069	-0.00278	0.00082	0.00834	-0.00336	0.00755	0.00055	0.00943	0.00633	-0.00307	-0.00686	-0.00223	-0.00432	-0.00313	0.00227	0.00825	-0.00705	-0.00735	0.01154	0.00298	0.00225	-0.00711	-0.00667	(Time $e0 that_autumn)
