pattern_id	w0	w1	w2	w3	w4	w5	w6	w7	w8	w9	w10	w11	w12	w13	w14	w15	w16	w17	w18	w19	w20	w21	w22	w23	w24	w25	w26	w27	w28	w29	w30	w31	query
p200004	0.45920	0.36311	-0.02281	-0.08598	0.68878	-0.17950	-0.58370	-0.52479	0.32195	-0.44582	0.07971	0.09260	-0.67803	-0.04373	-0.65553	-0.00899	0.68581	0.23781	-0.01166	-0.55357	0.03814	0.14441	0.12754	-0.10374	0.45591	0.27757	-0.02943	0.23833	0.70405	-0.11891	-0.14315	-0.07388	(Agent $e0 $x0)
p200008	-0.25258	-0.00687	0.87588	0.64473	-0.05458	0.34474	0.26667	0.03188	-0.20863	0.13581	-0.25941	0.18584	0.13260	0.34020	-0.17672	-0.09165	-0.28232	-0.01755	-0.17714	-0.85827	0.07180	-0.03408	-0.23192	-0.12160	0.00302	-0.01379	-0.28074	0.90467	-0.07845	0.01379	0.08806	0.10761	(Theme $e0 $x0)
p200013	-0.70463	0.24686	0.24949	0.10280	0.13086	-0.08703	-0.53476	-0.01821	0.09052	-0.41848	-0.16122	-0.10463	-0.12677	1.27966	0.19554	-0.04952	0.03132	0.30750	-0.51500	-0.16250	-0.43930	0.47583	0.08732	0.16827	-0.18549	0.01989	0.20275	-0.75978	0.01151	0.03157	0.25153	0.18013	(Past $e0)
p200015	0.26630	-0.03692	0.04770	0.14391	0.17028	0.62553	0.31267	-0.35148	-0.06841	-0.52454	-0.15564	0.08652	0.17109	-0.07412	0.04240	-0.20846	-0.29974	0.01854	-0.39185	-0.46894	-0.10407	-0.13433	0.12774	-0.29998	0.19397	-0.35499	-0.49007	0.45468	0.34762	0.21404	-0.04213	0.24026	(And (Agent $e0 $x0) (Theme $e0 $x1))
p200022	0.00615	0.31578	-0.32068	0.73252	0.09460	-0.35751	-0.25396	-0.44024	-0.14611	-0.13205	0.23899	-0.80898	0.21363	0.12631	0.02239	0.06522	0.30812	-0.42701	0.07478	0.06129	0.06834	0.14563	-0.59147	0.27803	-0.14505	0.25801	-0.15033	-0.02724	-0.05317	0.60698	-0.37152	-0.30098	(Patient $e0 $x0)
p200033	-0.18261	0.45865	-0.09368	-0.35497	0.30174	-0.20577	-0.32346	0.14598	0.12843	-0.19543	0.15002	-0.25651	0.10086	0.11151	-0.00531	0.17240	0.24872	0.20604	-0.03957	-0.50386	-0.26450	-0.13908	0.18931	-0.09955	0.31221	0.12802	0.16259	-0.40024	0.27912	-0.26068	0.05440	0.14936	(And (Agent $e0 $x0) (Past $e0))
p200039	0.11679	-0.26665	0.32808	-0.42812	0.15729	-0.21851	0.13553	0.10371	0.99176	-0.11954	0.52253	-0.03228	0.22708	0.13993	-0.02269	0.08790	0.01029	0.15745	0.13844	-0.12259	0.35107	0.03254	-0.48987	-0.01083	-0.52852	-0.25983	-0.30989	0.08110	-0.04453	-0.03484	-0.25873	-0.07402	(Location $e0 $x0)
p200041	-0.27803	0.25175	0.25051	0.27359	-0.01569	0.16570	0.24960	0.15556	-0.14138	0.32696	0.02002	0.04402	0.11350	0.42023	0.30555	-0.36044	0.29145	0.20122	-0.02428	-0.36077	0.18302	0.07076	-0.20398	0.08273	0.11340	-0.36714	-0.29371	-0.02840	-0.14103	-0.35265	0.34592	0.23050	(And (Past $e0) (Theme $e0 $x0))
p200049	-0.12115	-0.00058	-0.26407	0.27499	-0.27917	-0.09165	-0.26700	-0.43085	0.04346	-0.53072	0.00924	-0.31792	0.33483	0.30569	0.20794	0.28687	-0.38630	-0.24514	0.07133	0.03119	-0.11537	0.39407	0.00720	0.35572	-0.13068	0.01056	0.21747	-0.01870	0.06746	0.38334	-0.40292	-0.09256	(And (Past $e0) (Patient $e0 $x0))
p200051	-0.20880	0.21761	-0.09980	-0.36546	0.34400	0.25322	0.06954	0.29812	0.08956	0.06337	0.00422	0.12508	0.28932	-0.08743	-0.32218	-0.06222	-0.35521	-0.51191	0.16687	-0.25945	0.01157	0.48923	0.05167	0.18625	-0.12802	0.12982	-0.07559	0.12313	-0.11285	0.21051	0.11635	-0.19999	(Cardinality $x0 <num>)
p200053	-0.00505	0.29584	-0.24907	0.14681	0.32406	-0.21231	-0.40477	-0.08006	0.00618	0.09387	0.50291	-0.00259	0.02938	0.15869	0.05996	0.01961	0.26941	-0.26275	0.43567	-0.25456	0.43523	-0.33886	0.00892	0.04925	0.06981	0.39442	-0.15432	-0.04710	0.01055	-0.02592	-0.03150	-0.33113	(And (Agent $e0 $x0) (Patient $e0 $x1))
p200070	-0.09306	0.05872	-0.00380	-0.11119	0.09004	-0.17929	-0.17427	-0.07425	0.15893	-0.04759	-0.10163	-0.03982	-0.19017	0.03880	-0.11732	0.02644	0.05249	0.02548	-0.14637	0.02975	-0.33012	0.07246	0.03094	-0.19766	0.07024	0.17385	0.13286	-0.06225	-0.03636	-0.07154	0.02988	0.18391	(Member $x0 person)
p200071	0.16627	-0.03509	0.13220	0.16937	-0.16182	0.05479	0.22816	-0.13021	0.22540	0.04259	-0.03075	0.24503	0.01361	0.09049	-0.23456	-0.07153	-0.28145	-0.00165	-0.00807	0.08813	0.16152	-0.11497	0.04519	-0.06260	0.39060	0.05086	0.15438	-0.27938	-0.10539	0.24251	0.28908	-0.23399	(Recipient $e0 $x0)
p200073	0.07817	0.34205	-0.04608	-0.00533	0.01710	0.17158	0.25663	0.01024	-0.08145	0.00944	0.04146	-0.17003	0.25317	-0.01246	0.25256	-0.26492	0.09745	0.17867	-0.06194	-0.14369	0.04088	0.08722	0.02149	0.08169	0.19005	-0.27868	-0.32415	-0.03653	0.01701	-0.25143	0.07681	0.24607	(And (Agent $e0 $x0) (Past $e0) (Theme $e0 $x1))
p200076	-0.14057	0.08127	-0.10602	-0.00716	-0.05400	-0.16664	-0.11913	0.06303	0.58359	-0.12262	0.36005	0.03275	0.35556	-0.13731	0.22230	-0.23867	-0.19294	0.34062	-0.02777	0.08743	-0.35125	-0.01426	0.05485	-0.14060	-0.19661	-0.16647	0.36453	0.20608	-0.18276	0.24390	-0.06678	0.18147	(Experiencer $e0 $x0)
p200089	-0.25353	-0.05068	-0.14130	-0.03787	-0.13783	0.00342	-0.02955	-0.15767	0.08863	0.22741	-0.09962	0.09499	-0.22775	0.05100	-0.07716	-0.19656	-0.00362	0.17636	0.04456	-0.05679	-0.10087	0.09749	-0.05075	-0.24961	-0.01242	0.38017	-0.22821	-0.05342	0.13294	0.08204	-0.08754	0.45293	(Possession $x0 $x1)
p200091	0.10435	-0.05446	0.17956	0.15642	-0.08119	-0.03148	0.15960	-0.09306	0.30137	-0.02600	-0.17418	0.16138	0.07964	0.05320	-0.11660	-0.00881	-0.19515	-0.06840	0.05170	0.08754	0.02961	-0.25959	0.08851	0.00620	0.27992	0.10148	-0.13706	-0.18377	-0.06887	0.25043	0.37923	-0.08405	(And (Recipient $e0 $x0) (Theme $e0 $x1))
p200099	0.18974	-0.04598	0.06694	0.11433	-0.13661	0.04871	0.21193	-0.15340	0.22129	0.00006	-0.04026	0.23499	0.03865	0.05431	-0.23154	-0.03559	-0.29521	-0.00276	-0.06562	0.06656	0.16176	-0.08843	0.06508	-0.02904	0.37200	0.03368	0.18248	-0.23150	-0.07336	0.28050	0.20843	-0.21481	(And (Agent $e0 $x0) (Recipient $e0 $x1))
p200103	-0.09648	-0.04156	-0.17733	0.11796	0.29952	0.13734	0.21063	-0.07961	-0.12896	0.01589	0.07174	0.16724	0.00097	0.00606	-0.06728	0.19992	0.01578	0.14297	-0.09697	0.16561	0.11561	0.02321	-0.01107	-0.20016	-0.11317	-0.00175	-0.15208	0.04801	0.04249	0.07870	-0.02006	-0.04742	(Might $e0)
p200125	0.22002	-0.17220	0.21319	-0.33328	0.20979	-0.05223	0.19134	-0.04977	0.30757	-0.08686	0.21004	-0.03771	-0.08019	0.21952	-0.16362	0.19519	0.10000	-0.04633	0.05946	-0.05035	0.46025	0.09442	-0.29384	0.10490	-0.32392	-0.09972	-0.46172	-0.05805	0.13388	-0.06233	-0.15127	-0.10975	(And (Agent $e0 $x0) (Location $e0 $x1))
p200136	0.13131	-0.06605	0.11370	0.09740	-0.06393	-0.03524	0.14405	-0.11580	0.30028	-0.06573	-0.18894	0.15429	0.09875	0.01551	-0.11330	0.02376	-0.21202	-0.07241	-0.00292	0.07637	0.03345	-0.24008	0.11633	0.03531	0.27100	0.08889	-0.10953	-0.15129	-0.04340	0.28452	0.30546	-0.06589	(And (Agent $e0 $x0) (Recipient $e0 $x1) (Theme $e0 $x2))
p200147	-0.20613	0.29812	-0.03311	-0.09015	-0.01101	0.02365	0.16181	0.07026	0.06018	0.22088	0.02895	0.07375	0.08418	-0.17357	-0.18176	0.06704	-0.27027	-0.27613	-0.09483	-0.21001	0.10616	0.31440	0.13501	0.14184	-0.11494	0.05327	-0.10253	0.05683	-0.00173	0.08665	0.16253	-0.14206	(And (Cardinality $x0 <num>) (Theme $e0 $x0))
p200159	-0.16740	-0.03866	-0.22479	-0.04789	-0.05813	-0.02967	-0.19783	0.01354	0.06471	-0.08684	0.18895	0.03103	0.23249	0.14755	0.04687	0.30873	-0.02039	-0.18477	0.37479	-0.30239	0.16354	-0.20989	0.16665	-0.01290	0.10472	0.06384	0.06625	-0.08399	0.11435	-0.06789	-0.19895	-0.20047	(And (Agent $e0 $x0) (Past $e0) (Patient $e0 $x1))
p200170	-0.06160	-0.07396	-0.17903	0.09532	0.26793	0.18007	0.10748	-0.10359	-0.10401	-0.02192	0.05964	0.17897	-0.05490	0.02436	-0.04349	0.12070	-0.02926	0.15135	-0.06337	0.14646	0.11707	0.02772	0.03315	-0.11602	-0.09765	-0.00719	-0.09839	0.05660	0.06265	0.04871	0.03248	-0.02544	(And (Agent $e0 $x0) (Might $e0))
p200191	-0.13520	0.04822	0.14722	-0.23627	0.35107	-0.29998	-0.23140	-0.08522	0.03500	-0.15363	-0.13900	-0.16308	-0.21078	-0.20288	-0.07096	0.26349	-0.13140	0.08337	-0.28671	-0.03707	-0.47312	-0.02910	-0.08507	-0.17083	0.01532	0.17884	0.59084	-0.14540	0.12078	-0.01399	0.21268	0.08484	(And (Agent $e0 $x0) (Member $x0 person))
p200205	0.04226	-0.17262	-0.31241	-0.07119	0.01899	0.10287	-0.12952	0.16954	0.08983	-0.00762	-0.20895	0.12848	0.04482	-0.03092	-0.11840	0.18975	-0.02136	0.00158	0.02403	-0.22261	0.13417	0.20134	-0.08424	0.20214	-0.06254	0.12458	-0.08427	0.07159	-0.13164	0.07425	0.38998	-0.13902	(GroupOf $x0 child)
p200219	0.11834	0.12727	0.26625	-0.03306	-0.05986	-0.05026	-0.21290	0.24137	0.02692	0.01285	0.02282	-0.17513	-0.20338	0.00503	-0.20141	-0.19613	0.20602	0.22308	-0.00646	0.04568	0.34115	-0.13385	-0.01762	0.25798	-0.07691	0.19672	-0.15088	-0.00835	0.09752	0.13381	-0.12402	-0.27744	(Theme $e0 $e1)
p200237	-0.04537	0.32276	0.16926	-0.05058	-0.05550	-0.20457	0.15238	0.06901	-0.15168	0.03961	0.05294	0.13339	0.09080	-0.01691	0.02261	0.25144	-0.17495	-0.09631	-0.14749	0.02723	0.10854	0.12537	0.10780	-0.10722	-0.00211	0.28734	-0.05725	0.09244	-0.11372	0.04909	-0.15839	-0.07045	(Holder $e0 $x0)
p200249	0.02619	0.01205	-0.03357	0.01597	0.02366	0.03704	0.19097	0.07314	-0.00252	-0.03034	0.02976	-0.28209	0.09321	-0.11184	0.17143	-0.19315	-0.11205	0.05580	-0.01095	-0.02302	0.16023	0.16190	0.15635	0.02390	0.09084	-0.06690	-0.19687	-0.01505	0.09944	-0.14989	0.06755	0.07232	(And (Agent $e0 $x0) (Member $e0 buy) (Past $e0) (Theme $e0 $x1))
p200250	0.02619	0.01205	-0.03357	0.01597	0.02366	0.03704	0.19097	0.07314	-0.00252	-0.03034	0.02976	-0.28209	0.09320	-0.11184	0.17143	-0.19315	-0.11205	0.05580	-0.01095	-0.02302	0.16023	0.16190	0.15635	0.02390	0.09084	-0.06690	-0.19687	-0.01505	0.09944	-0.14989	0.06755	0.07232	(And (Agent $e0 $x0) (Member $e0 buy) (Past $e0))
p200251	0.02619	0.01205	-0.03357	0.01597	0.02366	0.03704	0.19097	0.07314	-0.00252	-0.03034	0.02976	-0.28209	0.09321	-0.11184	0.17143	-0.19315	-0.11205	0.05580	-0.01095	-0.02302	0.16023	0.16190	0.15635	0.02390	0.09084	-0.06690	-0.19687	-0.01505	0.09944	-0.14989	0.06755	0.07232	(And (Agent $e0 $x0) (Member $e0 buy) (Theme $e0 $x1))
p200252	0.02619	0.01205	-0.03357	0.01597	0.02366	0.03704	0.19097	0.07314	-0.00252	-0.03034	0.02976	-0.28209	0.09321	-0.11184	0.17143	-0.19315	-0.11205	0.05580	-0.01095	-0.02302	0.16023	0.16190	0.15635	0.02390	0.09084	-0.06690	-0.19687	-0.01505	0.09944	-0.14989	0.06755	0.07232	(And (Member $e0 buy) (Past $e0) (Theme $e0 $x0))
p200255	0.02619	0.01205	-0.03357	0.01597	0.02366	0.03704	0.19097	0.07314	-0.00252	-0.03034	0.02976	-0.28209	0.09321	-0.11184	0.17143	-0.19315	-0.11205	0.05580	-0.01095	-0.02302	0.16023	0.16190	0.15635	0.02390	0.09084	-0.06690	-0.19687	-0.01505	0.09944	-0.14989	0.06755	0.07232	(And (Agent $e0 $x0) (Member $e0 buy))
p200256	0.02619	0.01205	-0.03357	0.01597	0.02366	0.03704	0.19097	0.07314	-0.00252	-0.03034	0.02976	-0.28209	0.09321	-0.11184	0.17143	-0.19315	-0.11205	0.05580	-0.01095	-0.02302	0.16023	0.16190	0.15635	0.02390	0.09084	-0.06690	-0.19687	-0.01505	0.09944	-0.14989	0.06755	0.07232	(And (Member $e0 buy) (Past $e0))
p200257	0.02619	0.01205	-0.03357	0.01597	0.02366	0.03704	0.19097	0.07314	-0.00252	-0.03034	0.02976	-0.28209	0.09321	-0.11184	0.17143	-0.19315	-0.11205	0.05580	-0.01095	-0.02302	0.16023	0.16190	0.15635	0.02390	0.09084	-0.06690	-0.19687	-0.01505	0.09944	-0.14989	0.06755	0.07232	(And (Member $e0 buy) (Theme $e0 $x0))
p200259	0.02619	0.01205	-0.03357	0.01597	0.02366	0.03704	0.19097	0.07314	-0.00252	-0.03034	0.02976	-0.28209	0.09321	-0.11184	0.17143	-0.19315	-0.11205	0.05580	-0.01095	-0.02302	0.16023	0.16190	0.15635	0.02390	0.09084	-0.06690	-0.19687	-0.01505	0.09944	-0.14989	0.06755	0.07232	(Member $e0 buy)
p200266	-0.13179	0.03546	0.11412	-0.18258	0.27703	-0.22365	-0.17718	-0.05342	-0.00873	-0.11423	-0.10290	-0.12142	-0.16606	-0.16222	-0.03448	0.23485	-0.13269	0.09730	-0.22119	-0.00334	-0.40129	-0.03280	-0.03757	-0.12324	0.00319	0.11476	0.53611	-0.14755	0.11464	0.00376	0.21212	0.06538	(And (Agent $e0 $x0) (Member $x0 person) (Past $e0))
p200281	-0.05065	-0.03387	0.13375	-0.09323	-0.09993	0.08857	-0.02767	-0.03684	0.12370	-0.06661	0.12354	-0.15755	-0.06418	0.03534	-0.10955	0.11609	-0.11208	-0.10999	-0.04602	0.00624	0.19632	-0.09098	-0.14716	-0.08440	-0.07299	-0.08867	-0.17437	0.06898	-0.11369	-0.13578	0.04003	0.14886	(And (Location $e0 $x0) (Theme $e0 $x1))
p200282	-0.06707	0.06846	-0.05853	0.01128	-0.06445	-0.08522	-0.10982	-0.03063	0.16191	0.05874	-0.06327	0.04084	-0.12936	0.06260	-0.14540	-0.04751	0.18631	0.02058	-0.00094	0.03983	-0.21598	0.13008	0.04753	-0.14215	0.09839	0.11658	-0.07776	0.01169	-0.06970	-0.08200	-0.01859	0.25016	(And (Member $x0 person) (Possession $x1 $x0))
p200283	-0.09930	-0.03309	-0.10565	0.03773	0.14839	0.14309	0.07855	-0.00222	-0.07088	-0.08341	-0.00003	0.11170	-0.00686	-0.00480	-0.04425	0.15680	-0.07094	0.11225	-0.10979	0.09931	0.05337	-0.01670	0.07620	-0.09179	-0.08718	0.04530	-0.14584	0.09541	0.04652	0.10545	-0.02223	0.03124	(And (Might $e0) (Theme $e0 $x0))
p200288	0.00481	-0.03631	-0.07158	-0.08346	0.02265	0.02408	-0.05641	0.03474	0.02658	-0.03395	-0.03592	0.05292	0.01284	0.01490	-0.03171	-0.01164	0.00451	-0.01572	0.00981	-0.02557	0.04290	0.05013	0.02954	0.03418	-0.03696	-0.01029	-0.01947	-0.01560	-0.01497	-0.00832	0.06139	-0.03825	(Goal $e0 $x0)
p200289	0.06814	-0.18676	0.15931	0.01217	0.07400	-0.12253	0.26968	-0.13447	0.21714	0.11823	-0.05129	0.09777	0.00621	0.07029	0.12778	0.23190	0.07278	0.09503	0.23858	0.05614	-0.01554	0.20736	-0.15715	0.04760	-0.10888	-0.15577	-0.07196	0.01531	0.12346	-0.14551	-0.11018	-0.02763	(Member $e0 work)
p200326	-0.03510	-0.04035	0.09918	-0.06013	0.01295	-0.07959	-0.04845	-0.13332	0.10354	0.13710	-0.08051	0.05971	0.26012	0.08647	-0.09090	-0.05802	-0.06701	-0.15828	-0.12066	0.14858	0.10122	-0.12030	0.03847	0.00017	0.23737	-0.05632	-0.04121	0.00568	0.20149	0.12857	0.12154	-0.07691	(And (Agent $e0 $x0) (Member $e0 give) (Recipient $e0 $x1) (Theme $e0 $x2))
p200329	-0.03510	-0.04035	0.09918	-0.06013	0.01295	-0.07959	-0.04845	-0.13332	0.10354	0.13710	-0.08051	0.05971	0.26012	0.08647	-0.09090	-0.05802	-0.06701	-0.15828	-0.12066	0.14858	0.10122	-0.12030	0.03847	0.00017	0.23737	-0.05632	-0.04121	0.00568	0.20149	0.12857	0.12154	-0.07691	(And (Agent $e0 $x0) (Member $e0 give) (Recipient $e0 $x1))
p200330	-0.03510	-0.04035	0.09918	-0.06013	0.01295	-0.07959	-0.04845	-0.13332	0.10354	0.13710	-0.08051	0.05971	0.26012	0.08647	-0.09090	-0.05802	-0.06701	-0.15828	-0.12066	0.14858	0.10122	-0.12030	0.03847	0.00017	0.23737	-0.05632	-0.04121	0.00568	0.20149	0.12857	0.12154	-0.07691	(And (Agent $e0 $x0) (Member $e0 give) (Theme $e0 $x1))
p200331	-0.09065	-0.08375	-0.12475	0.04646	0.14969	0.17189	0.05063	-0.00966	-0.04817	-0.08691	-0.01084	0.08993	-0.02126	-0.00213	-0.04484	0.11633	-0.04300	0.12386	-0.08578	0.09053	0.04155	-0.03875	0.05586	-0.07453	-0.08342	0.00512	-0.13531	0.08186	0.06025	0.09160	0.00163	0.04027	(And (Agent $e0 $x0) (Might $e0) (Theme $e0 $x1))
p200332	-0.03510	-0.04035	0.09918	-0.06013	0.01295	-0.07959	-0.04845	-0.13332	0.10354	0.13710	-0.08051	0.05971	0.26012	0.08647	-0.09090	-0.05802	-0.06701	-0.15828	-0.12066	0.14858	0.10122	-0.12030	0.03847	0.00017	0.23737	-0.05632	-0.04121	0.00568	0.20149	0.12857	0.12154	-0.07691	(And (Member $e0 give) (Recipient $e0 $x0) (Theme $e0 $x1))
p200338	-0.03510	-0.04035	0.09918	-0.06013	0.01295	-0.07959	-0.04845	-0.13332	0.10354	0.13710	-0.08051	0.05971	0.26012	0.08647	-0.09090	-0.05802	-0.06701	-0.15828	-0.12066	0.14858	0.10122	-0.12030	0.03847	0.00017	0.23737	-0.05632	-0.04121	0.00568	0.20149	0.12857	0.12154	-0.07691	(And (Agent $e0 $x0) (Member $e0 give))
p200339	-0.04712	0.26477	0.14752	-0.03415	-0.04958	-0.17968	0.11717	0.06402	-0.12623	0.05541	0.04225	0.11135	0.08430	-0.01757	0.00830	0.22389	-0.14497	-0.08463	-0.11772	-0.00091	0.09305	0.13097	0.08095	-0.08494	-0.01282	0.24468	-0.04351	0.09763	-0.10015	0.04868	-0.12494	-0.07021	(And (Holder $e0 $x0) (Theme $e0 $x1))
p200340	-0.03510	-0.04035	0.09918	-0.06013	0.01295	-0.07959	-0.04845	-0.13332	0.10354	0.13710	-0.08051	0.05971	0.26012	0.08647	-0.09090	-0.05802	-0.06701	-0.15828	-0.12066	0.14858	0.10122	-0.12030	0.03847	0.00017	0.23737	-0.05632	-0.04121	0.00568	0.20149	0.12857	0.12154	-0.07691	(And (Member $e0 give) (Recipient $e0 $x0))
p200341	-0.03510	-0.04035	0.09918	-0.06013	0.01295	-0.07959	-0.04845	-0.13332	0.10354	0.13710	-0.08051	0.05971	0.26012	0.08647	-0.09090	-0.05802	-0.06701	-0.15828	-0.12066	0.14858	0.10122	-0.12030	0.03847	0.00017	0.23737	-0.05632	-0.04121	0.00568	0.20149	0.12857	0.12154	-0.07691	(And (Member $e0 give) (Theme $e0 $x0))
p200350	-0.06042	-0.09822	-0.09297	0.05221	0.07457	-0.00273	0.22807	0.10254	-0.08503	0.08800	-0.05087	-0.13918	0.08201	-0.02509	-0.19740	0.10251	0.26948	-0.04439	-0.06674	-0.06027	-0.06764	-0.10616	-0.15889	-0.19710	0.01658	-0.12790	-0.13639	-0.11366	0.01384	0.07812	-0.08608	-0.05986	(Future $e0)
p200351	0.01705	0.00223	0.06782	0.09377	-0.07074	0.17955	-0.16157	0.08622	0.08496	-0.01041	0.31110	-0.02233	-0.04464	0.04275	-0.02206	0.16471	0.00611	0.02986	-0.07305	0.13426	-0.08357	-0.00480	0.06479	-0.12027	-0.17379	-0.18597	-0.00958	0.09641	0.04818	0.06573	0.13553	0.26660	(Member $e0 discover)
p200352	-0.03510	-0.04035	0.09918	-0.06013	0.01295	-0.07959	-0.04845	-0.13332	0.10354	0.13710	-0.08051	0.05971	0.26012	0.08647	-0.09090	-0.05802	-0.06701	-0.15828	-0.12066	0.14858	0.10122	-0.12030	0.03847	0.00017	0.23737	-0.05632	-0.04121	0.00568	0.20149	0.12857	0.12154	-0.07691	(Member $e0 give)
p200353	-0.08792	0.19067	0.04060	0.08655	0.02139	0.15264	0.19028	-0.00227	0.20595	0.07074	0.05006	-0.07247	-0.17492	-0.12829	-0.02026	-0.16237	-0.18976	-0.13619	-0.00241	-0.06439	-0.07778	-0.01300	0.11947	0.09200	-0.01317	-0.14710	-0.02541	-0.11615	0.04396	-0.02061	0.00559	0.03751	(Member $x0 depot)
p200354	0.06274	-0.00782	-0.00146	0.02176	0.01413	-0.01301	-0.02649	-0.03465	-0.01110	-0.01306	0.01305	-0.01974	-0.02117	-0.01252	0.03291	-0.02307	0.01171	-0.05644	-0.02761	-0.05958	-0.02867	0.00193	-0.02681	-0.00248	0.01336	0.00946	0.03926	0.05508	0.00617	-0.02278	-0.02850	-0.02232	(Member $x0 physician)
p200355	0.04048	-0.04471	0.04456	0.02755	-0.03557	0.01279	-0.01737	-0.01023	0.00930	0.01199	-0.00485	-0.01004	-0.03111	0.02444	0.01251	-0.02658	-0.00405	-0.03553	-0.02623	-0.11557	-0.04858	-0.00044	-0.04564	-0.03605	0.02143	0.00416	0.04506	0.02619	0.00140	-0.03870	-0.04603	-0.02993	(Source $e0 $x0)
p200377	-0.12043	0.12907	0.00916	-0.00885	0.03062	0.12745	0.17728	-0.03627	0.16280	0.09161	0.04984	-0.06161	-0.05271	-0.12178	-0.03705	-0.13844	-0.16528	-0.16350	-0.07459	-0.05033	-0.03049	0.02777	0.13521	0.10876	0.00541	-0.09138	-0.05196	-0.05548	0.09645	-0.00193	0.03341	-0.02107	(And (Agent $e0 $x0) (Cardinality $x1 <num>) (Theme $e0 $x1))
p200400	0.11605	0.14127	0.22593	-0.00754	-0.05190	-0.04923	-0.19329	0.21430	0.00145	0.01730	0.02787	-0.16297	-0.18289	-0.01793	-0.19515	-0.17721	0.19565	0.20959	0.00201	0.04965	0.28889	-0.11847	-0.01229	0.25978	-0.05948	0.18016	-0.13065	0.00193	0.10132	0.13787	-0.11056	-0.24158	(And (Agent $e0 $x0) (Theme $e0 $e1))
p200401	-0.02537	-0.00769	-0.02016	-0.05521	-0.00238	-0.02999	-0.01312	0.03417	0.16575	-0.03375	0.06915	0.01559	0.09957	-0.03206	0.04040	-0.04568	-0.03350	0.04804	0.00096	-0.01438	-0.04603	-0.01802	-0.01586	-0.02649	-0.05115	-0.04135	0.03595	0.02819	-0.05329	0.03031	-0.01909	0.02071	(And (Experiencer $e0 $x0) (Location $e0 $x1))
p200402	0.10251	0.14121	0.04811	0.07114	-0.03901	-0.05084	-0.10197	-0.02177	-0.06074	0.04370	0.02332	-0.10253	-0.11144	-0.07481	0.03934	-0.07324	0.06555	-0.00149	0.04077	0.06879	0.06303	-0.00639	-0.04267	0.14222	0.04228	0.09063	0.01195	0.05640	0.04230	0.03373	0.00263	-0.02695	(And (Member $e0 destroy) (Patient $e0 $x0))
p200403	-0.22293	-0.13007	-0.01089	0.01047	-0.08877	0.10777	0.06723	-0.11029	-0.06576	0.22301	-0.04588	0.05414	-0.10159	0.03175	0.06197	-0.15759	-0.15816	0.16354	0.05590	-0.12716	0.12112	-0.03466	-0.14375	-0.14134	-0.12024	0.24810	-0.15295	-0.04883	0.17055	0.12921	-0.05108	0.17856	(And (Possession $x0 $x1) (Theme $e0 $x0))
p200409	-0.07074	0.01222	0.02928	0.03493	0.01266	-0.00399	-0.02310	-0.00895	0.02981	0.03193	0.01758	0.01797	-0.00556	0.07459	0.00762	-0.04274	-0.03441	0.04720	-0.02037	0.01719	-0.03103	0.02657	0.00027	-0.03940	-0.04325	0.00949	0.01470	-0.00180	-0.03905	0.01817	0.00769	-0.00908	(Before $e0 $e1)
p200410	-0.16775	-0.02656	-0.14223	0.05537	0.18444	-0.00009	0.09608	-0.04268	-0.05820	-0.14034	-0.05280	0.11096	0.11984	-0.03365	-0.20484	0.05982	-0.02767	0.15715	-0.09612	0.08222	0.07260	-0.09231	0.12756	0.03122	-0.07554	-0.09863	-0.10298	0.09154	0.00267	-0.08027	-0.07890	-0.10329	(Member $e0 decide)
p200411	0.10251	0.14121	0.04811	0.07114	-0.03901	-0.05084	-0.10197	-0.02177	-0.06074	0.04370	0.02332	-0.10253	-0.11144	-0.07481	0.03934	-0.07324	0.06555	-0.00149	0.04077	0.06879	0.06303	-0.00639	-0.04267	0.14222	0.04228	0.09063	0.01195	0.05640	0.04230	0.03373	0.00263	-0.02695	(Member $e0 destroy)
p200412	-0.15275	-0.00986	-0.05899	0.07257	0.08454	-0.01724	0.03182	-0.02107	-0.04342	-0.09786	-0.05949	0.05154	0.06461	-0.05859	-0.20737	0.03852	-0.01841	0.16493	-0.02855	0.07705	0.05473	-0.07816	0.09780	0.08469	-0.04002	-0.07093	-0.07097	0.09545	0.00518	-0.08728	-0.07637	-0.09344	(Member $x0 board)
p200413	-0.02910	-0.19149	0.07529	-0.10040	-0.06302	0.06860	0.09406	-0.09796	-0.06151	-0.07655	0.14278	-0.04460	0.08112	-0.03943	0.06146	-0.12103	0.21262	0.03147	-0.03154	-0.00185	-0.04484	0.05424	0.02902	0.03651	0.00969	0.13893	-0.08866	-0.00542	-0.03137	-0.13208	0.07792	-0.14578	(Member $x0 hall)
p200414	-0.06140	-0.18990	0.10742	-0.09534	-0.07236	0.05218	0.07554	-0.13559	-0.06113	-0.02315	0.11489	-0.03518	0.15668	-0.02263	0.03457	-0.13309	0.18399	-0.00942	-0.06711	0.03732	-0.04204	0.01617	0.04631	0.03598	0.08197	0.13645	-0.09022	0.00538	0.03055	-0.08226	0.11969	-0.15538	(Member $x0 school)
p200470	0.05183	-0.04528	-0.02356	0.00082	0.04927	0.01286	0.01375	-0.02984	-0.01922	-0.04324	-0.00452	0.01741	0.00918	0.02206	0.02074	0.01416	-0.00335	-0.02812	-0.08517	-0.06407	-0.05366	0.00171	0.02037	-0.04654	-0.01978	-0.02384	0.03881	0.07285	0.03892	0.00963	-0.05822	-0.03093	(And (Agent $e0 $x0) (Member $e0 answer) (Theme $e0 $x1))
p200471	0.15296	-0.09154	-0.12332	0.12048	-0.06194	0.16916	0.14883	0.04471	0.09712	-0.01771	0.02885	0.11940	-0.14110	0.05416	-0.04337	0.10838	-0.15349	0.14908	-0.15584	-0.01764	0.15400	0.07281	-0.10094	0.00653	0.25637	0.14086	0.22325	-0.07341	-0.18222	0.03288	-0.00547	-0.20488	(And (Agent $e0 $x0) (Member $e0 teach) (Recipient $e0 $x1))
p200480	-0.07960	0.03269	0.02940	-0.09959	0.14028	0.18143	-0.10926	0.11182	-0.03477	-0.14289	-0.08743	0.03895	-0.01761	-0.04212	0.02219	-0.07909	0.07221	-0.07585	0.19286	0.05790	0.04761	0.12551	-0.06959	-0.05444	0.13703	-0.08001	-0.04431	0.05391	-0.06924	0.09538	-0.02568	-0.10265	(And (Agent $e0 $x0) (Cardinality $x0 <num>))
p200481	0.05183	-0.04528	-0.02356	0.00082	0.04927	0.01286	0.01375	-0.02984	-0.01922	-0.04324	-0.00452	0.01741	0.00918	0.02206	0.02074	0.01416	-0.00335	-0.02812	-0.08517	-0.06407	-0.05366	0.00171	0.02037	-0.04654	-0.01978	-0.02384	0.03881	0.07285	0.03892	0.00963	-0.05822	-0.03093	(And (Agent $e0 $x0) (Member $e0 answer))
p200482	-0.16679	-0.02636	-0.13996	0.05693	0.18393	-0.00043	0.09523	-0.04352	-0.05716	-0.13937	-0.05158	0.10982	0.11911	-0.03206	-0.20425	0.05901	-0.02787	0.15621	-0.09532	0.07953	0.07196	-0.09042	0.12515	0.03014	-0.07547	-0.09803	-0.10229	0.09275	0.00275	-0.07869	-0.07894	-0.10339	(And (Agent $e0 $x0) (Member $e0 decide))
p200483	0.15296	-0.09154	-0.12332	0.12048	-0.06194	0.16916	0.14883	0.04471	0.09712	-0.01771	0.02885	0.11940	-0.14110	0.05416	-0.04337	0.10839	-0.15349	0.14908	-0.15584	-0.01764	0.15400	0.07281	-0.10094	0.00653	0.25637	0.14086	0.22325	-0.07341	-0.18222	0.03288	-0.00547	-0.20488	(And (Agent $e0 $x0) (Member $e0 teach))
p200484	-0.01659	-0.07426	-0.22580	-0.12494	-0.00570	0.03097	-0.17559	0.09129	-0.03155	0.06295	-0.10688	0.08570	0.09836	-0.05357	-0.18008	0.06380	0.02834	-0.06026	0.09642	-0.21110	0.11996	0.24469	-0.05403	0.13552	-0.13011	-0.02978	-0.02277	0.06399	-0.03552	0.04533	0.28698	-0.10150	(And (Cardinality $x0 <num>) (GroupOf $x0 child))
p200486	0.05183	-0.04528	-0.02356	0.00082	0.04927	0.01286	0.01375	-0.02984	-0.01922	-0.04324	-0.00452	0.01741	0.00918	0.02206	0.02074	0.01416	-0.00335	-0.02812	-0.08517	-0.06407	-0.05366	0.00171	0.02037	-0.04654	-0.01978	-0.02384	0.03881	0.07285	0.03892	0.00963	-0.05822	-0.03093	(And (Member $e0 answer) (Theme $e0 $x0))
p200487	-0.02549	0.06339	-0.07543	0.08641	-0.13938	0.17028	-0.19678	-0.07223	0.12119	-0.05833	-0.21466	-0.06429	0.13390	0.02676	0.10775	0.06304	0.15060	-0.09938	0.14655	-0.03529	0.25424	-0.06460	0.11176	-0.11688	-0.11586	0.06076	0.23272	-0.01294	0.04012	-0.10384	-0.05069	-0.27541	(And (Member $e0 build) (Patient $e0 $x0))
p200488	0.09722	0.10601	0.10859	0.05563	-0.12302	-0.06143	0.14802	-0.08750	0.00877	-0.16706	0.01759	0.07731	-0.09489	-0.12019	-0.13341	-0.11432	-0.10131	-0.00706	0.27182	-0.12342	-0.12686	-0.03241	0.15412	-0.05101	-0.18075	-0.06963	0.01081	-0.19680	-0.11952	0.14713	0.10949	0.08875	(And (Member $e0 lend) (Theme $e0 $x0))
p200489	0.15296	-0.09154	-0.12332	0.12048	-0.06194	0.16916	0.14883	0.04471	0.09712	-0.01771	0.02885	0.11940	-0.14110	0.05416	-0.04337	0.10839	-0.15349	0.14908	-0.15584	-0.01764	0.15400	0.07281	-0.10094	0.00653	0.25637	0.14086	0.22325	-0.07341	-0.18222	0.03288	-0.00547	-0.20488	(And (Member $e0 teach) (Recipient $e0 $x0))
p200490	0.03259	-0.04404	0.04870	0.03113	-0.02894	0.00906	-0.01427	-0.00870	0.01279	0.00961	-0.00804	-0.01260	-0.02572	0.02477	0.01491	-0.02227	-0.00365	-0.03456	-0.02465	-0.11328	-0.05368	-0.00762	-0.04713	-0.03402	0.01669	0.00578	0.03373	0.03040	0.00033	-0.03349	-0.04073	-0.02307	(And (Source $e0 $x0) (Theme $e0 $x1))
p200498	0.08883	-0.09086	0.04749	0.01680	0.07688	0.06605	0.04715	0.06147	-0.02613	0.06724	-0.02308	-0.09118	0.07374	0.11226	-0.08968	-0.06823	-0.10652	-0.05743	0.08193	0.01918	-0.20002	-0.04308	-0.00117	0.04794	-0.04353	0.17180	0.15278	0.05658	-0.02248	-0.04514	-0.04616	0.10958	(Can $e0)
p200499	0.05183	-0.04528	-0.02356	0.00082	0.04927	0.01286	0.01375	-0.02984	-0.01922	-0.04324	-0.00452	0.01741	0.00918	0.02206	0.02074	0.01416	-0.00335	-0.02812	-0.08517	-0.06407	-0.05366	0.00171	0.02037	-0.04654	-0.01978	-0.02384	0.03881	0.07285	0.03892	0.00963	-0.05822	-0.03093	(Member $e0 answer)
p200500	-0.02549	0.06339	-0.07543	0.08641	-0.13938	0.17028	-0.19678	-0.07223	0.12119	-0.05833	-0.21466	-0.06429	0.13390	0.02676	0.10775	0.06304	0.15060	-0.09938	0.14655	-0.03529	0.25424	-0.06460	0.11176	-0.11688	-0.11586	0.06076	0.23272	-0.01294	0.04012	-0.10384	-0.05069	-0.27541	(Member $e0 build)
p200501	0.09722	0.10601	0.10859	0.05563	-0.12302	-0.06143	0.14802	-0.08750	0.00877	-0.16706	0.01759	0.07731	-0.09489	-0.12019	-0.13341	-0.11432	-0.10131	-0.00706	0.27182	-0.12342	-0.12686	-0.03241	0.15412	-0.05101	-0.18075	-0.06963	0.01081	-0.19680	-0.11952	0.14713	0.10949	0.08875	(Member $e0 lend)
p200502	-0.03461	0.28910	0.12747	-0.05363	-0.02741	-0.16545	0.15553	0.04193	-0.12458	0.00530	0.05643	0.12124	0.07887	-0.01214	0.02673	0.20367	-0.16216	-0.07577	-0.14165	0.04867	0.08583	0.09611	0.11596	-0.10135	-0.00025	0.23915	-0.05612	0.06788	-0.08423	0.05072	-0.15474	-0.05103	(Member $e0 require)
p200503	0.15296	-0.09154	-0.12332	0.12048	-0.06194	0.16916	0.14883	0.04471	0.09712	-0.01771	0.02885	0.11940	-0.14110	0.05416	-0.04337	0.10839	-0.15349	0.14908	-0.15584	-0.01764	0.15400	0.07281	-0.10094	0.00653	0.25637	0.14086	0.22325	-0.07341	-0.18222	0.03288	-0.00547	-0.20488	(Member $e0 teach)
p200504	0.09047	0.24556	-0.13131	-0.05589	-0.11624	-0.05638	0.12881	0.09265	-0.11187	-0.06971	-0.03216	-0.10889	0.03998	0.14335	0.03372	-0.07814	-0.05550	0.13194	0.13883	0.08028	0.02045	-0.01860	-0.10048	-0.10840	0.03114	-0.10196	-0.06619	0.12556	0.11024	-0.05511	0.16924	-0.01655	(Member $x0 crate)
p200525	-0.15403	0.07861	-0.07502	0.00496	0.03929	0.18135	0.08678	0.03989	0.15577	0.16013	0.03582	-0.07539	-0.07912	-0.10768	-0.04830	-0.09960	-0.10505	-0.13718	-0.06023	-0.11286	-0.00380	0.11554	0.04308	0.16232	-0.02610	-0.10347	-0.04540	-0.01471	0.06977	-0.05673	0.10596	-0.04946	(And (Cardinality $x0 <num>) (Past $e0) (Theme $e0 $x0))
p200550	-0.16599	-0.02594	-0.13422	0.05914	0.17924	-0.00046	0.09538	-0.04204	-0.05524	-0.13552	-0.04971	0.10603	0.11958	-0.03128	-0.19855	0.05953	-0.02925	0.15334	-0.09364	0.07614	0.06923	-0.08884	0.11919	0.02821	-0.07532	-0.09647	-0.09957	0.09263	0.00099	-0.07477	-0.07686	-0.09997	(And (Agent $e0 $x0) (Member $e0 decide) (Theme $e0 $x1))
p200551	0.09527	0.10371	0.09885	0.04945	-0.11555	-0.05780	0.14397	-0.08605	0.00814	-0.16460	0.01823	0.07447	-0.09067	-0.11572	-0.12731	-0.11007	-0.09860	-0.00656	0.25585	-0.11812	-0.12261	-0.02858	0.14980	-0.04757	-0.17436	-0.06923	0.01076	-0.18709	-0.11137	0.14295	0.10174	0.08653	(And (Agent $e0 $x0) (Member $e0 lend) (Theme $e0 $x1))
p200558	-0.01312	0.10610	-0.05492	0.15641	0.27857	-0.05398	-0.03812	-0.16352	-0.05516	0.10854	0.14484	0.07898	-0.02262	-0.00865	0.10299	-0.07881	0.02465	-0.06150	0.06615	0.05856	0.08078	-0.04677	-0.06372	-0.05186	-0.05130	0.09216	-0.04118	0.03214	-0.10694	-0.07825	0.21082	-0.02739	(And (Agent $e0 $x0) (Member $e0 cancel))
p200559	0.09527	0.10371	0.09885	0.04945	-0.11555	-0.05780	0.14397	-0.08605	0.00814	-0.16460	0.01823	0.07447	-0.09067	-0.11572	-0.12731	-0.11007	-0.09860	-0.00656	0.25585	-0.11812	-0.12261	-0.02858	0.14980	-0.04757	-0.17436	-0.06923	0.01076	-0.18709	-0.11137	0.14295	0.10174	0.08653	(And (Agent $e0 $x0) (Member $e0 lend))
p200560	-0.14660	-0.00979	-0.05423	0.07382	0.08422	-0.01709	0.03050	-0.02282	-0.04046	-0.09424	-0.05535	0.04943	0.06244	-0.05312	-0.19983	0.03631	-0.01821	0.15851	-0.02800	0.06950	0.05286	-0.07251	0.09212	0.07915	-0.03953	-0.06807	-0.06776	0.09686	0.00563	-0.08149	-0.07455	-0.09165	(And (Agent $e0 $x0) (Member $x0 board))
p200561	0.05135	-0.03629	0.03158	0.01978	-0.02487	0.01218	-0.01526	-0.01248	0.00768	-0.00610	-0.00249	-0.00939	-0.02217	0.01713	0.01078	-0.02086	-0.00376	-0.03521	-0.03100	-0.10360	-0.04493	0.00269	-0.03619	-0.02516	0.02212	-0.00583	0.04647	0.02973	0.00770	-0.03081	-0.04448	-0.03286	(And (Agent $e0 $x0) (Source $e0 $x1))
p200562	0.07874	-0.16869	0.12320	-0.00751	0.08562	-0.11464	0.27650	-0.13909	0.21111	0.09261	-0.03571	0.09555	0.01374	0.05706	0.11743	0.21481	0.06225	0.09283	0.21926	0.06601	-0.01405	0.20081	-0.14298	0.04863	-0.10239	-0.15446	-0.07375	0.00662	0.12982	-0.12654	-0.10861	-0.01813	(And (Location $e0 $x0) (Member $e0 work))
p200563	-0.16599	-0.02594	-0.13422	0.05914	0.17924	-0.00046	0.09538	-0.04204	-0.05524	-0.13552	-0.04971	0.10603	0.11958	-0.03128	-0.19855	0.05953	-0.02925	0.15334	-0.09364	0.07614	0.06923	-0.08884	0.11919	0.02821	-0.07532	-0.09647	-0.09959	0.09264	0.00099	-0.07477	-0.07686	-0.09997	(And (Member $e0 decide) (Theme $e0 $x0))
p200564	0.05448	-0.01460	0.07159	0.05598	-0.05547	0.22452	-0.13137	0.05360	-0.04517	-0.00652	0.19159	-0.03692	-0.13118	0.08579	-0.06473	0.20866	0.03630	-0.04683	-0.09237	0.13095	0.00602	0.01054	0.08000	-0.08014	-0.14066	-0.14094	-0.10995	0.03984	0.07364	0.02189	0.14323	0.21104	(And (Member $e0 discover) (Theme $e0 $x0))
p200573	0.05853	0.00875	0.04713	-0.02019	0.10810	-0.01995	0.07077	0.21854	-0.02914	0.05444	0.05836	-0.15328	-0.00642	0.03899	-0.20489	-0.06911	0.30270	0.04558	-0.11549	-0.07067	0.15592	-0.15914	-0.15643	-0.05185	-0.08182	0.05532	-0.19887	-0.12497	0.04850	0.20504	-0.11047	-0.19366	(Member $e0 begin)
p200574	-0.01312	0.10610	-0.05492	0.15641	0.27857	-0.05398	-0.03812	-0.16352	-0.05516	0.10854	0.14484	0.07898	-0.02262	-0.00865	0.10299	-0.07881	0.02465	-0.06150	0.06615	0.05856	0.08078	-0.04677	-0.06372	-0.05186	-0.05130	0.09216	-0.04118	0.03214	-0.10694	-0.07825	0.21082	-0.02739	(Member $e0 cancel)
p200575	-0.06081	0.00574	0.01074	0.05282	-0.02067	-0.08676	-0.02269	0.04685	0.25378	0.00408	0.18871	0.03008	0.15354	-0.07365	0.08580	-0.04483	-0.04765	0.13252	0.05223	0.00774	-0.14687	-0.01437	-0.05141	-0.06136	-0.06181	-0.08842	0.15137	0.08771	-0.04295	0.04889	-0.02831	0.08366	(Member $x0 ledger)
p200620	-0.05641	-0.16723	0.08142	-0.10489	-0.06317	0.04251	0.07894	-0.12925	-0.05401	-0.03094	0.10347	-0.03745	0.15445	-0.03085	0.02742	-0.11893	0.15714	-0.00538	-0.06886	0.03934	-0.03299	0.02144	0.05416	0.04296	0.07634	0.11524	-0.08382	0.00921	0.03719	-0.06047	0.10418	-0.13686	(And (Agent $e0 $x0) (Member $x0 school) (Theme $e0 $x1))
p200621	-0.04085	0.22188	-0.14739	0.08671	-0.22400	-0.27554	-0.31443	-0.06450	0.40626	0.09637	-0.16749	0.00698	-0.27308	-0.03239	-0.38589	-0.03373	0.57581	-0.04401	0.04424	0.09500	-0.57281	0.40358	0.04800	-0.20928	0.30948	0.22304	-0.11703	0.13618	-0.17917	-0.19637	-0.02527	0.67253	(And (Agent $e0 $x0) (Member $x1 person) (Possession $x0 $x1))
p200661	-0.16737	-0.04057	0.00604	-0.08649	0.01279	0.16251	-0.00998	-0.02583	-0.07317	0.00075	-0.07680	0.03150	-0.07190	-0.07848	0.08679	-0.14284	-0.06764	0.07190	0.16702	0.02332	0.09724	0.03440	-0.12551	-0.10522	0.02441	0.12003	-0.10255	0.00208	0.10289	0.20547	-0.08030	0.09873	(And (Agent $e0 $x0) (Member $e0 abandon) (Theme $e0 $x1))
p200662	0.05928	0.08446	0.00394	0.04821	0.00643	-0.03919	-0.05377	-0.03605	-0.03893	0.03025	0.03719	-0.05045	-0.06041	-0.04289	0.03744	-0.04367	0.03609	-0.02905	0.02799	0.03109	0.02905	-0.00575	-0.03604	0.06580	0.03370	0.05288	0.00684	0.03452	0.01257	0.00671	0.01033	-0.01025	(And (Agent $e0 $x0) (Member $e0 destroy) (Patient $e0 $x1))
p200663	0.05348	-0.02910	0.01332	0.00472	-0.01813	0.00185	-0.01380	-0.01440	-0.00056	-0.02975	-0.00926	-0.01419	-0.01075	-0.00040	0.01539	-0.00637	-0.00279	-0.03474	-0.03991	-0.07251	-0.04553	0.01135	-0.01337	-0.01000	0.00665	-0.00779	0.04587	0.05720	0.02132	-0.01175	-0.04954	-0.01958	(And (Agent $e0 $x0) (Member $e0 reject) (Theme $e0 $x1))
p200664	-0.07159	-0.05324	-0.04558	-0.00938	-0.03595	-0.09886	-0.01763	0.01975	-0.06847	0.04541	0.16556	-0.02037	-0.02769	0.03084	-0.00068	0.14225	-0.06006	-0.01398	0.16168	-0.09708	-0.06240	-0.09581	0.04683	0.06340	0.18201	-0.01210	-0.04262	0.00131	0.01689	0.01407	-0.06745	0.06237	(And (Agent $e0 $x0) (Member $e0 repair) (Patient $e0 $x1))
p200665	0.04436	-0.03616	0.03528	0.02155	-0.02005	0.00884	-0.01282	-0.00992	0.01098	-0.00805	-0.00661	-0.01255	-0.01769	0.01600	0.01458	-0.01680	-0.00302	-0.03522	-0.02932	-0.10034	-0.05024	-0.00560	-0.03675	-0.02270	0.01826	-0.00390	0.03580	0.03229	0.00636	-0.02704	-0.03910	-0.02540	(And (Agent $e0 $x0) (Source $e0 $x1) (Theme $e0 $x2))
p200675	-0.16737	-0.04057	0.00604	-0.08649	0.01279	0.16251	-0.00998	-0.02583	-0.07317	0.00075	-0.07680	0.03150	-0.07190	-0.07848	0.08679	-0.14284	-0.06764	0.07190	0.16702	0.02332	0.09724	0.03440	-0.12551	-0.10522	0.02441	0.12003	-0.10255	0.00208	0.10289	0.20547	-0.08030	0.09873	(And (Agent $e0 $x0) (Member $e0 abandon))
p200676	0.05928	0.08446	0.00394	0.04821	0.00643	-0.03919	-0.05377	-0.03605	-0.03893	0.03025	0.03719	-0.05045	-0.06041	-0.04289	0.03744	-0.04367	0.03609	-0.02905	0.02799	0.03109	0.02905	-0.00575	-0.03604	0.06580	0.03370	0.05288	0.00684	0.03452	0.01257	0.00671	0.01033	-0.01025	(And (Agent $e0 $x0) (Member $e0 destroy))
p200677	0.05348	-0.02910	0.01332	0.00471	-0.01813	0.00185	-0.01380	-0.01440	-0.00056	-0.02975	-0.00926	-0.01419	-0.01075	-0.00041	0.01539	-0.00637	-0.00279	-0.03474	-0.03991	-0.07251	-0.04553	0.01135	-0.01337	-0.01000	0.00665	-0.00779	0.04587	0.05720	0.02131	-0.01175	-0.04954	-0.01958	(And (Agent $e0 $x0) (Member $e0 reject))
p200678	-0.07159	-0.05324	-0.04558	-0.00938	-0.03595	-0.09886	-0.01763	0.01975	-0.06847	0.04541	0.16556	-0.02037	-0.02769	0.03084	-0.00068	0.14225	-0.06006	-0.01398	0.16168	-0.09708	-0.06240	-0.09581	0.04683	0.06340	0.18201	-0.01210	-0.04262	0.00131	0.01689	0.01407	-0.06745	0.06237	(And (Agent $e0 $x0) (Member $e0 repair))
p200679	0.05011	-0.00884	0.00210	0.02007	0.01236	-0.00978	-0.01955	-0.02931	-0.00661	-0.01262	0.01031	-0.01464	-0.01498	-0.00642	0.02548	-0.01781	0.00729	-0.04442	-0.02492	-0.05408	-0.02620	0.00420	-0.02350	-0.00520	0.00866	0.00580	0.03377	0.04910	0.00535	-0.01746	-0.02521	-0.01934	(And (Agent $e0 $x0) (Member $x0 physician))
p200680	-0.05641	-0.16723	0.08142	-0.10489	-0.06317	0.04251	0.07894	-0.12925	-0.05401	-0.03094	0.10347	-0.03745	0.15445	-0.03085	0.02742	-0.11893	0.15714	-0.00538	-0.06886	0.03934	-0.03299	0.02144	0.05416	0.04296	0.07634	0.11524	-0.08382	0.00921	0.03719	-0.06047	0.10418	-0.13686	(And (Agent $e0 $x0) (Member $x0 school))
p200681	-0.04085	0.22188	-0.14739	0.08671	-0.22400	-0.27554	-0.31443	-0.06450	0.40626	0.09637	-0.16749	0.00698	-0.27308	-0.03239	-0.38589	-0.03373	0.57581	-0.04401	0.04424	0.09500	-0.57281	0.40358	0.04800	-0.20928	0.30948	0.22304	-0.11703	0.13618	-0.17917	-0.19637	-0.02527	0.67253	(And (Agent $e0 $x0) (Possession $x0 $x1))
p200682	0.08675	-0.08935	0.04822	0.01987	0.07911	0.06468	0.04852	0.05897	-0.02514	0.06571	-0.02022	-0.08907	0.07476	0.11391	-0.09118	-0.06759	-0.10656	-0.05559	0.08006	0.01557	-0.19812	-0.04028	-0.00385	0.04651	-0.04446	0.16925	0.15268	0.05939	-0.02213	-0.04175	-0.04692	0.10790	(And (Can $e0) (Theme $e0 $x0))
p200683	-0.03114	0.26265	0.12293	-0.04379	-0.02926	-0.14997	0.13833	0.04024	-0.11350	0.01132	0.05130	0.10392	0.06462	-0.00879	0.02395	0.18503	-0.14085	-0.06641	-0.12094	0.04695	0.07550	0.08569	0.09670	-0.08707	0.00366	0.21438	-0.04975	0.05902	-0.07675	0.04561	-0.13558	-0.04347	(And (Holder $e0 $x0) (Member $e0 require))
p200684	-0.06326	-0.00191	0.01996	0.05476	-0.01806	-0.09594	-0.01330	0.04506	0.28250	0.00778	0.19648	0.03373	0.16568	-0.07451	0.09343	-0.03500	-0.05001	0.14198	0.06100	0.00662	-0.15417	-0.00810	-0.06433	-0.06232	-0.06791	-0.09785	0.15203	0.09350	-0.04486	0.04498	-0.03629	0.08481	(And (Location $e0 $x0) (Member $x0 ledger))
p200685	-0.16737	-0.04057	0.00604	-0.08649	0.01279	0.16251	-0.00998	-0.02583	-0.07317	0.00075	-0.07680	0.03150	-0.07190	-0.07848	0.08679	-0.14284	-0.06764	0.07190	0.16702	0.02332	0.09724	0.03440	-0.12551	-0.10522	0.02441	0.12003	-0.10255	0.00208	0.10289	0.20547	-0.08030	0.09873	(And (Member $e0 abandon) (Theme $e0 $x0))
p200686	-0.03431	-0.04580	-0.12678	-0.05963	-0.03814	-0.00970	-0.13485	0.07948	-0.04125	0.10102	-0.06898	0.05885	0.08981	-0.03989	-0.14159	0.08444	0.01600	-0.04025	0.06888	-0.19239	0.08356	0.20131	-0.07173	0.08658	-0.11245	-0.00323	-0.00362	0.07290	-0.04372	0.04036	0.22299	-0.08229	(And (Member $e0 have) (Theme $e0 $x0))
p200687	0.05348	-0.02910	0.01332	0.00472	-0.01813	0.00185	-0.01380	-0.01440	-0.00056	-0.02975	-0.00926	-0.01419	-0.01075	-0.00040	0.01539	-0.00637	-0.00279	-0.03474	-0.03991	-0.07251	-0.04553	0.01135	-0.01337	-0.00999	0.00665	-0.00779	0.04587	0.05720	0.02132	-0.01175	-0.04954	-0.01958	(And (Member $e0 reject) (Theme $e0 $x0))
p200688	-0.07159	-0.05324	-0.04558	-0.00938	-0.03595	-0.09886	-0.01763	0.01975	-0.06847	0.04541	0.16556	-0.02037	-0.02769	0.03084	-0.00068	0.14225	-0.06006	-0.01398	0.16168	-0.09708	-0.06240	-0.09581	0.04683	0.06340	0.18201	-0.01210	-0.04262	0.00131	0.01689	0.01407	-0.06745	0.06237	(And (Member $e0 repair) (Patient $e0 $x0))
p200696	-0.16737	-0.04057	0.00604	-0.08649	0.01279	0.16251	-0.00998	-0.02583	-0.07317	0.00075	-0.07680	0.03150	-0.07190	-0.07848	0.08679	-0.14284	-0.06764	0.07190	0.16702	0.02332	0.09724	0.03440	-0.12551	-0.10522	0.02441	0.12003	-0.10255	0.00208	0.10289	0.20547	-0.08030	0.09873	(Member $e0 abandon)
p200697	-0.10585	0.04952	0.13750	0.12308	-0.12167	-0.04294	-0.12236	0.01610	-0.01765	0.03919	-0.07964	-0.08120	-0.10344	-0.09805	-0.15947	-0.00751	0.01848	0.19003	0.14139	0.11377	0.09592	-0.03456	0.04220	0.21219	0.05374	0.00589	-0.02666	0.09422	0.02160	-0.10282	-0.04788	-0.08156	(Member $e0 decision)
p200698	-0.03431	-0.04580	-0.12678	-0.05963	-0.03814	-0.00970	-0.13485	0.07948	-0.04125	0.10102	-0.06898	0.05885	0.08981	-0.03989	-0.14159	0.08444	0.01600	-0.04025	0.06888	-0.19239	0.08356	0.20131	-0.07173	0.08658	-0.11245	-0.00323	-0.00362	0.07290	-0.04372	0.04036	0.22299	-0.08229	(Member $e0 have)
p200699	0.05348	-0.02910	0.01332	0.00471	-0.01813	0.00185	-0.01380	-0.01440	-0.00056	-0.02975	-0.00926	-0.01419	-0.01075	-0.00040	0.01539	-0.00637	-0.00279	-0.03474	-0.03991	-0.07251	-0.04553	0.01135	-0.01337	-0.01000	0.00665	-0.00779	0.04587	0.05720	0.02131	-0.01175	-0.04954	-0.01958	(Member $e0 reject)
p200700	-0.07159	-0.05324	-0.04558	-0.00938	-0.03595	-0.09886	-0.01763	0.01975	-0.06847	0.04541	0.16556	-0.02037	-0.02769	0.03084	-0.00068	0.14225	-0.06006	-0.01398	0.16168	-0.09708	-0.06240	-0.09581	0.04683	0.06340	0.18201	-0.01210	-0.04262	0.00131	0.01689	0.01407	-0.06745	0.06237	(Member $e0 repair)
p200701	0.03939	-0.02983	-0.03924	-0.07654	0.01230	0.00538	-0.04923	0.02996	0.03700	-0.02797	-0.02137	0.01511	-0.00128	-0.00823	-0.04075	-0.01845	0.01973	-0.00973	0.01865	-0.03751	0.07133	0.04179	-0.00055	0.04663	-0.03456	-0.00031	-0.02099	0.00837	0.00466	-0.00517	0.02500	-0.05145	(Member $e0 walk)
p200702	0.02264	-0.01393	0.00115	-0.00536	-0.00772	0.00053	-0.01117	-0.00308	0.01409	-0.01945	0.00003	-0.00256	0.00448	-0.00849	0.01213	-0.01043	-0.00456	-0.01012	-0.01930	-0.03436	-0.02625	-0.00156	-0.00344	-0.00834	-0.00268	-0.01011	0.02581	0.03210	0.00576	-0.00416	-0.02422	-0.00778	(Member $x0 automobile)
p200703	0.00322	0.00296	-0.01227	-0.01711	-0.01268	0.00038	-0.00696	0.01057	0.00409	-0.00273	-0.00381	-0.00095	0.00078	-0.01423	0.01243	-0.00525	-0.00050	0.00401	0.00342	0.01598	-0.00362	-0.00983	0.01356	0.00441	0.00124	-0.00249	0.00631	-0.00711	-0.00270	-0.00408	0.00742	0.00890	(Member $x0 big)
p200704	0.03938	0.04218	0.04961	0.04336	-0.04714	-0.02266	0.04210	-0.03837	0.01238	-0.04202	0.02456	0.01128	-0.06279	-0.05470	-0.03389	-0.04089	-0.03470	-0.02034	0.10453	-0.04060	-0.05548	-0.03828	0.05532	-0.00395	-0.02160	-0.02335	0.00719	-0.07700	-0.04293	0.03987	0.02029	0.03360	(Member $x0 crew)
p200705	-0.04660	0.01478	-0.00599	-0.01671	-0.00377	-0.00560	-0.02947	-0.00316	0.02415	0.00636	-0.02330	0.02865	-0.05332	0.04443	-0.05140	-0.03049	0.01252	0.05644	0.00404	0.05168	-0.00084	-0.00125	0.06227	-0.01884	0.01086	0.03547	-0.04293	-0.02163	-0.00322	-0.03124	-0.01654	0.00783	(Member $x0 family)
p200706	-0.05492	0.01046	0.02950	0.04858	-0.01833	-0.00832	-0.02749	0.00038	-0.01664	0.00039	-0.03733	-0.01375	-0.02545	-0.04136	-0.06592	0.00921	0.00152	0.08410	0.03013	0.05546	0.04117	-0.02871	0.03406	0.07570	0.01035	-0.01019	-0.01845	0.04254	0.01024	-0.04800	-0.02639	-0.03808	(Member $x0 new)
p200707	0.05722	-0.09470	-0.06977	0.09873	0.01236	0.06207	0.05094	0.04918	0.11979	-0.08704	-0.10720	0.01127	-0.04996	0.03707	0.07392	0.12682	-0.06878	0.05175	-0.08724	-0.00023	-0.00338	-0.02049	-0.06051	0.08460	0.06489	0.15552	-0.05930	0.02159	-0.10504	0.04602	0.07920	-0.03230	(Member $x0 song)
p200758	-0.08689	0.04457	0.07628	-0.06335	0.12911	0.17005	-0.07649	0.09697	-0.03220	-0.12985	-0.06067	0.01874	-0.02613	-0.03145	0.04964	-0.08090	0.06597	-0.05818	0.17533	0.08257	0.01629	0.08638	-0.07555	-0.08290	0.14953	-0.07698	-0.03413	0.04517	-0.06430	0.09495	-0.06484	-0.07994	(And (Agent $e0 $x0) (Cardinality $x0 <num>) (Theme $e0 $x1))
p200759	-0.10420	-0.02231	-0.08809	0.03385	0.11114	-0.00500	0.05992	-0.02842	-0.03451	-0.09862	-0.03339	0.06649	0.08315	-0.02396	-0.13924	0.03341	-0.02220	0.09394	-0.06658	0.03273	0.02911	-0.05840	0.07569	0.01640	-0.05022	-0.06389	-0.05739	0.06606	0.00141	-0.05046	-0.05975	-0.06706	(And (Agent $e0 $x0) (Member $x0 board) (Theme $e0 $x1))
p200760	-0.08694	0.15703	0.00994	0.05975	0.03175	0.13937	0.15522	-0.00368	0.17923	0.07672	0.04367	-0.07392	-0.14466	-0.11133	-0.00857	-0.12438	-0.15627	-0.11275	-0.03002	-0.03938	-0.06187	-0.00772	0.09850	0.09266	-0.00682	-0.12136	-0.02143	-0.07956	0.05820	-0.01906	-0.00608	0.03135	(And (Agent $e0 $x0) (Member $x0 depot) (Theme $e0 $x1))
p200762	-0.06347	0.00285	0.02837	0.01968	0.01952	0.00217	-0.01475	-0.00779	0.03145	0.01179	0.01808	0.03526	-0.01136	0.08803	0.01435	-0.03856	-0.03232	0.06554	-0.02543	0.02499	-0.03063	0.01039	0.02151	-0.04286	-0.03749	0.00007	0.01449	-0.01343	-0.02711	0.01357	0.00439	-0.00343	(And (Before $e0 $e1) (Past $e0) (Past $e1))
p200793	0.08305	-0.11878	0.06082	0.11489	0.11208	-0.10949	-0.04762	0.09824	-0.02925	-0.00133	-0.04753	-0.08344	0.12950	-0.05325	0.11842	-0.01768	-0.06902	0.05567	0.02903	-0.06449	0.22005	0.10066	0.08443	-0.06732	0.05814	-0.01222	-0.11890	-0.10188	-0.04018	-0.04441	-0.00566	0.17039	(And (Inheritance pottery_studio studio) (Member $x0 pottery_studio))
p200801	0.08305	-0.11878	0.06082	0.11489	0.11208	-0.10949	-0.04762	0.09824	-0.02925	-0.00133	-0.04753	-0.08344	0.12950	-0.05325	0.11842	-0.01768	-0.06902	0.05567	0.02903	-0.06449	0.22005	0.10066	0.08443	-0.06732	0.05814	-0.01222	-0.11890	-0.10188	-0.04018	-0.04441	-0.00566	0.17039	(Inheritance pottery_studio studio)
p200805	-0.02213	0.10735	-0.05619	0.14648	0.26565	-0.05308	-0.03285	-0.15109	-0.05341	0.10867	0.14059	0.07708	-0.01979	-0.00925	0.09325	-0.07250	0.02469	-0.05126	0.07179	0.07057	0.08548	-0.04612	-0.05854	-0.04494	-0.04839	0.09062	-0.04889	0.01795	-0.10384	-0.06960	0.20824	-0.02124	(And (Agent $e0 $x0) (Member $e0 cancel) (Patient $e0 $x1))
p200806	0.06971	-0.01038	0.04931	0.03970	-0.05744	0.20855	-0.12145	0.04136	-0.04166	-0.02181	0.18255	-0.05059	-0.11825	0.04976	-0.06387	0.20872	0.03129	-0.05481	-0.08879	0.12641	0.01045	0.01336	0.07639	-0.06721	-0.12987	-0.13666	-0.10221	0.05034	0.07783	0.02839	0.13137	0.21311	(And (Agent $e0 $x0) (Member $e0 discover) (Theme $e0 $x1))
p200807	-0.01220	-0.04306	-0.04228	0.00596	0.04013	0.01511	0.03068	-0.03615	-0.01786	-0.01298	-0.00662	0.02189	0.00453	0.00327	-0.00647	-0.00588	-0.02558	0.02360	-0.05247	-0.04579	-0.02015	-0.01065	0.01116	-0.04195	-0.03955	0.01099	0.00216	0.04659	0.03675	0.01729	-0.04547	-0.01169	(And (Agent $e0 $x0) (Member $e0 postpone) (Theme $e0 $x1))
p200808	-0.03555	0.05494	-0.07552	0.08451	-0.15180	0.17892	-0.19343	-0.05810	0.12595	-0.05453	-0.21337	-0.04746	0.13951	0.03952	0.10210	0.06262	0.15635	-0.08594	0.16554	-0.03146	0.26991	-0.05976	0.12598	-0.12065	-0.11660	0.05273	0.21831	-0.01955	0.04052	-0.11321	-0.04551	-0.27278	(And (Member $e0 build) (Past $e0) (Patient $e0 $x0))
p200809	0.07348	0.08787	0.10046	0.05979	-0.09552	-0.04467	0.11529	-0.06663	0.02086	-0.12213	0.01047	0.05840	-0.08483	-0.09111	-0.10380	-0.09059	-0.07772	0.00564	0.22655	-0.07007	-0.09776	-0.04506	0.13153	-0.03955	-0.12846	-0.05157	0.00011	-0.17387	-0.10103	0.12283	0.09981	0.06885	(And (Member $e0 lend) (Recipient $e0 $x0) (Theme $e0 $x1))
p200822	0.03506	-0.07907	0.04584	-0.02303	0.06809	-0.04296	0.13598	-0.08564	0.05151	0.05047	-0.05815	0.07054	-0.03259	0.07683	0.05505	0.09942	0.04823	0.05809	0.09614	0.05796	0.01374	0.10130	-0.03129	0.00168	-0.05303	-0.05548	-0.05688	-0.02683	0.08234	-0.06151	-0.04231	-0.01517	(And (Agent $e0 $x0) (CoAgent $e0 $x1))
p200823	0.06971	-0.01038	0.04931	0.03970	-0.05744	0.20855	-0.12145	0.04136	-0.04166	-0.02181	0.18255	-0.05059	-0.11825	0.04976	-0.06387	0.20872	0.03129	-0.05481	-0.08879	0.12641	0.01045	0.01336	0.07639	-0.06721	-0.12987	-0.13666	-0.10221	0.05034	0.07783	0.02839	0.13137	0.21311	(And (Agent $e0 $x0) (Member $e0 discover))
p200824	-0.01220	-0.04306	-0.04228	0.00596	0.04013	0.01511	0.03068	-0.03615	-0.01786	-0.01298	-0.00662	0.02189	0.00453	0.00327	-0.00647	-0.00588	-0.02558	0.02360	-0.05247	-0.04579	-0.02016	-0.01065	0.01116	-0.04195	-0.03955	0.01099	0.00216	0.04659	0.03675	0.01729	-0.04547	-0.01169	(And (Agent $e0 $x0) (Member $e0 postpone))
p200825	-0.08694	0.15703	0.00994	0.05975	0.03175	0.13937	0.15522	-0.00368	0.17923	0.07672	0.04367	-0.07392	-0.14466	-0.11133	-0.00857	-0.12438	-0.15627	-0.11275	-0.03002	-0.03938	-0.06187	-0.00772	0.09850	0.09266	-0.00682	-0.12136	-0.02143	-0.07956	0.05820	-0.01906	-0.00608	0.03135	(And (Agent $e0 $x0) (Member $x0 depot))
p200827	-0.06347	0.00285	0.02837	0.01968	0.01952	0.00217	-0.01475	-0.00779	0.03145	0.01179	0.01808	0.03526	-0.01136	0.08803	0.01435	-0.03856	-0.03232	0.06554	-0.02543	0.02499	-0.03063	0.01039	0.02151	-0.04286	-0.03749	0.00007	0.01450	-0.01344	-0.02711	0.01357	0.00439	-0.00343	(And (Before $e0 $e1) (Past $e0))
p200828	-0.06347	0.00285	0.02837	0.01968	0.01952	0.00217	-0.01475	-0.00779	0.03145	0.01179	0.01808	0.03526	-0.01136	0.08803	0.01435	-0.03856	-0.03232	0.06554	-0.02543	0.02499	-0.03063	0.01039	0.02151	-0.04286	-0.03749	0.00007	0.01450	-0.01343	-0.02711	0.01357	0.00439	-0.00343	(And (Before $e0 $e1) (Past $e1))
p200829	-0.04676	-0.16994	0.07814	-0.06260	-0.07192	0.07100	0.08974	-0.09516	-0.08749	-0.06470	0.13561	-0.05399	0.07766	-0.03998	0.06389	-0.11087	0.20142	0.03779	-0.03425	0.01050	-0.06988	0.05342	0.03648	0.03529	0.02010	0.14361	-0.07917	-0.00133	-0.02962	-0.10759	0.08287	-0.12739	(And (Beneficiary $e0 $x0) (Past $e0))
p200830	-0.12527	0.14998	-0.01532	0.04947	0.06799	0.16174	0.13995	0.03127	0.18375	0.12166	0.04250	-0.09194	-0.12418	-0.08243	0.01626	-0.11583	-0.15142	-0.12656	-0.08844	-0.03074	-0.02454	0.01355	0.06382	0.10543	0.02705	-0.12097	-0.03478	-0.03922	0.08481	-0.06309	-0.01776	0.00662	(And (Cardinality $x0 <num>) (GroupOf $x0 forklift))
p200831	-0.08050	-0.08366	-0.06156	0.07191	0.05419	-0.00930	0.22447	0.09973	-0.06651	0.09451	-0.04077	-0.14635	0.08921	-0.02858	-0.17716	0.10147	0.23352	-0.03423	-0.05326	-0.05870	-0.07157	-0.10341	-0.17629	-0.18957	0.01210	-0.11281	-0.12467	-0.09971	-0.00366	0.08670	-0.07809	-0.04328	(And (Future $e0) (Patient $e0 $x0))
p200832	-0.04402	-0.04580	-0.04069	0.05819	0.04092	-0.00492	0.13161	0.05485	-0.04794	0.06582	-0.02420	-0.10405	0.05535	-0.02605	-0.09745	0.05088	0.16197	-0.02415	-0.03621	-0.02283	-0.03079	-0.06860	-0.12697	-0.11292	0.00330	-0.06521	-0.08138	-0.05936	-0.00216	0.05420	-0.04474	-0.03103	(And (Member $e0 begin) (Patient $e0 $x0))
p200833	-0.03555	0.05494	-0.07552	0.08451	-0.15180	0.17892	-0.19343	-0.05810	0.12595	-0.05453	-0.21337	-0.04746	0.13951	0.03952	0.10210	0.06262	0.15635	-0.08594	0.16554	-0.03146	0.26991	-0.05976	0.12598	-0.12065	-0.11660	0.05273	0.21831	-0.01955	0.04052	-0.11321	-0.04551	-0.27278	(And (Member $e0 build) (Past $e0))
p200834	-0.02213	0.10735	-0.05619	0.14648	0.26565	-0.05308	-0.03285	-0.15109	-0.05341	0.10867	0.14059	0.07708	-0.01979	-0.00925	0.09325	-0.07250	0.02469	-0.05126	0.07179	0.07057	0.08548	-0.04612	-0.05854	-0.04494	-0.04839	0.09062	-0.04889	0.01795	-0.10384	-0.06960	0.20824	-0.02124	(And (Member $e0 cancel) (Patient $e0 $x0))
p200835	0.07348	0.08787	0.10046	0.05979	-0.09552	-0.04467	0.11530	-0.06663	0.02086	-0.12213	0.01047	0.05840	-0.08484	-0.09111	-0.10380	-0.09059	-0.07771	0.00564	0.22655	-0.07007	-0.09776	-0.04506	0.13153	-0.03955	-0.12846	-0.05157	0.00012	-0.17387	-0.10103	0.12282	0.09981	0.06885	(And (Member $e0 lend) (Recipient $e0 $x0))
p200836	-0.01220	-0.04306	-0.04228	0.00596	0.04013	0.01511	0.03068	-0.03615	-0.01786	-0.01298	-0.00662	0.02189	0.00453	0.00327	-0.00647	-0.00588	-0.02558	0.02360	-0.05247	-0.04579	-0.02016	-0.01065	0.01116	-0.04195	-0.03955	0.01099	0.00216	0.04659	0.03675	0.01729	-0.04547	-0.01169	(And (Member $e0 postpone) (Theme $e0 $x0))
p200837	-0.03399	0.23510	0.11120	-0.03917	-0.02448	-0.14191	0.12296	0.03717	-0.10402	0.02116	0.04312	0.09870	0.06848	-0.01167	0.01214	0.17891	-0.13350	-0.06999	-0.11288	0.02100	0.07437	0.10199	0.08840	-0.07664	-0.00692	0.20149	-0.04492	0.07087	-0.07031	0.04717	-0.12357	-0.05169	(And (Member $e0 require) (Theme $e0 $x0))
p200850	-0.04676	-0.16994	0.07814	-0.06260	-0.07192	0.07100	0.08974	-0.09516	-0.08749	-0.06470	0.13561	-0.05399	0.07766	-0.03998	0.06389	-0.11087	0.20142	0.03779	-0.03425	0.01050	-0.06989	0.05342	0.03648	0.03529	0.02010	0.14361	-0.07917	-0.00133	-0.02962	-0.10759	0.08287	-0.12739	(Beneficiary $e0 $x0)
p200851	0.03506	-0.07907	0.04584	-0.02303	0.06809	-0.04296	0.13598	-0.08564	0.05151	0.05047	-0.05815	0.07054	-0.03259	0.07683	0.05505	0.09942	0.04823	0.05809	0.09614	0.05796	0.01374	0.10130	-0.03129	0.00168	-0.05303	-0.05548	-0.05688	-0.02683	0.08234	-0.06151	-0.04231	-0.01517	(CoAgent $e0 $x0)
p200852	-0.12527	0.14998	-0.01532	0.04947	0.06799	0.16174	0.13995	0.03127	0.18375	0.12166	0.04250	-0.09194	-0.12418	-0.08243	0.01626	-0.11583	-0.15142	-0.12656	-0.08844	-0.03074	-0.02454	0.01355	0.06382	0.10543	0.02705	-0.12097	-0.03478	-0.03922	0.08481	-0.06309	-0.01776	0.00662	(GroupOf $x0 forklift)
p200853	-0.00669	-0.00335	-0.00807	-0.02248	-0.00833	-0.01207	-0.00514	0.01465	0.06017	-0.01159	0.02338	0.00137	0.03298	-0.01871	0.02140	-0.01750	-0.01057	0.01905	0.00274	0.00217	-0.01629	-0.01389	-0.00272	-0.00831	-0.01511	-0.01466	0.01479	0.00710	-0.01883	0.00650	-0.00659	0.01155	(Member $e0 locate)
p200854	-0.01220	-0.04306	-0.04228	0.00596	0.04013	0.01511	0.03068	-0.03615	-0.01786	-0.01298	-0.00662	0.02189	0.00453	0.00327	-0.00647	-0.00588	-0.02558	0.02360	-0.05247	-0.04579	-0.02016	-0.01065	0.01116	-0.04195	-0.03955	0.01099	0.00215	0.04659	0.03675	0.01729	-0.04547	-0.01170	(Member $e0 postpone)
p200855	0.08601	0.23980	-0.12442	-0.04816	-0.10858	-0.05555	0.12781	0.08749	-0.10662	-0.06818	-0.02804	-0.10556	0.04160	0.14428	0.03009	-0.07668	-0.05562	0.13007	0.13402	0.07203	0.01976	-0.01466	-0.10103	-0.10797	0.02891	-0.09983	-0.06580	0.12655	0.10744	-0.05123	0.16235	-0.01867	(Member $x0 chef)
p200856	0.08305	-0.11878	0.06082	0.11489	0.11208	-0.10949	-0.04762	0.09824	-0.02925	-0.00133	-0.04753	-0.08344	0.12950	-0.05325	0.11842	-0.01768	-0.06903	0.05567	0.02903	-0.06449	0.22005	0.10066	0.08443	-0.06732	0.05814	-0.01222	-0.11890	-0.10188	-0.04018	-0.04441	-0.00566	0.17039	(Member $x0 kiln)
p200857	0.08305	-0.11878	0.06082	0.11489	0.11208	-0.10949	-0.04762	0.09824	-0.02925	-0.00133	-0.04753	-0.08344	0.12950	-0.05325	0.11842	-0.01768	-0.06902	0.05567	0.02903	-0.06449	0.22005	0.10066	0.08443	-0.06732	0.05814	-0.01222	-0.11890	-0.10188	-0.04018	-0.04441	-0.00566	0.17039	(Member $x0 pottery_studio)
p200863	-0.11769	0.09454	-0.01578	0.02037	0.04632	0.16213	0.14189	0.00175	0.15300	0.10027	0.06207	-0.10769	-0.10338	-0.10182	0.02599	-0.11665	-0.11004	-0.10985	-0.09493	-0.02895	-0.04190	0.02871	0.07801	0.11549	0.02308	-0.08300	-0.03513	-0.02864	0.08710	-0.06693	-0.01183	-0.00947	(And (Agent $e0 $x0) (Cardinality $x1 <num>) (Past $e0) (Theme $e0 $x1))
p200864	-0.06113	0.12083	-0.04453	0.02229	-0.05803	-0.14657	-0.14208	-0.02646	0.17757	0.03426	-0.08086	-0.00282	-0.13965	-0.00599	-0.17658	0.00485	0.22006	-0.00150	-0.02337	0.02787	-0.29030	0.15753	0.00209	-0.12265	0.13426	0.12937	-0.01778	0.02123	-0.07432	-0.08864	0.01389	0.31279	(And (Agent $e0 $x0) (Member $x1 person) (Past $e0) (Possession $x0 $x1))
p200865	-0.04722	-0.16739	0.07808	-0.06447	-0.06899	0.07099	0.09104	-0.09051	-0.08533	-0.05994	0.13592	-0.05039	0.07674	-0.04074	0.06160	-0.10948	0.20299	0.03956	-0.03122	0.00670	-0.06695	0.04770	0.03752	0.03129	0.02203	0.14166	-0.07963	0.00022	-0.02905	-0.11070	0.08439	-0.12783	(And (Beneficiary $e0 $x0) (Member $x0 hall) (Past $e0) (Theme $e0 $x1))
p200866	-0.12509	0.13943	-0.01074	0.05089	0.06021	0.15460	0.12728	0.02386	0.18106	0.12613	0.04364	-0.08526	-0.12732	-0.08129	0.00929	-0.10542	-0.13865	-0.12321	-0.08471	-0.02543	-0.03251	0.00731	0.05870	0.10324	0.02153	-0.10912	-0.02708	-0.03806	0.08029	-0.05545	-0.01595	0.00660	(And (Cardinality $x0 <num>) (GroupOf $x0 forklift) (Past $e0) (Theme $e0 $x0))
p200965	0.03903	-0.01828	0.00927	0.01151	0.00154	-0.00098	-0.01215	-0.01927	-0.00016	-0.01674	-0.00112	-0.00804	-0.00828	-0.00018	0.01913	-0.00946	-0.00097	-0.03173	-0.02797	-0.05229	-0.03024	0.00656	-0.01430	-0.01093	0.00283	-0.00236	0.03379	0.04404	0.00751	-0.01547	-0.02632	-0.01576	(And (Agent $e0 $x0) (Member $x0 physician) (Theme $e0 $x1))
p200966	-0.06112	0.12084	-0.04453	0.02229	-0.05803	-0.14657	-0.14208	-0.02646	0.17757	0.03426	-0.08086	-0.00282	-0.13965	-0.00599	-0.17658	0.00486	0.22007	-0.00150	-0.02337	0.02787	-0.29030	0.15753	0.00210	-0.12265	0.13426	0.12937	-0.01778	0.02123	-0.07431	-0.08864	0.01389	0.31279	(And (Agent $e0 $x0) (Past $e0) (Possession $x0 $x1))
p200968	-0.04722	-0.16739	0.07808	-0.06447	-0.06899	0.07099	0.09104	-0.09051	-0.08533	-0.05994	0.13592	-0.05039	0.07674	-0.04074	0.06160	-0.10948	0.20299	0.03956	-0.03122	0.00670	-0.06695	0.04770	0.03752	0.03129	0.02203	0.14166	-0.07963	0.00022	-0.02905	-0.11070	0.08439	-0.12783	(And (Beneficiary $e0 $x0) (Member $x0 hall) (Past $e0))
p200969	-0.04722	-0.16739	0.07808	-0.06447	-0.06899	0.07099	0.09104	-0.09051	-0.08533	-0.05994	0.13592	-0.05039	0.07674	-0.04074	0.06160	-0.10948	0.20299	0.03956	-0.03122	0.00670	-0.06695	0.04770	0.03752	0.03129	0.02203	0.14166	-0.07963	0.00022	-0.02905	-0.11070	0.08439	-0.12783	(And (Beneficiary $e0 $x0) (Member $x0 hall) (Theme $e0 $x1))
p200970	-0.12509	0.13943	-0.01074	0.05089	0.06021	0.15460	0.12728	0.02386	0.18106	0.12613	0.04364	-0.08526	-0.12732	-0.08129	0.00929	-0.10542	-0.13865	-0.12321	-0.08471	-0.02543	-0.03251	0.00731	0.05870	0.10324	0.02153	-0.10912	-0.02708	-0.03806	0.08029	-0.05545	-0.01595	0.00660	(And (GroupOf $x0 forklift) (Past $e0) (Theme $e0 $x0))
p200971	0.07663	-0.11731	0.06163	0.10994	0.10433	-0.10374	-0.05455	0.09055	-0.02506	0.00283	-0.04442	-0.07344	0.11791	-0.05153	0.10616	-0.01081	-0.05753	0.05085	0.03071	-0.05817	0.20170	0.09428	0.07699	-0.06343	0.05134	-0.00439	-0.10657	-0.09679	-0.04292	-0.03675	-0.00324	0.15676	(And (Member $x0 kiln) (Past $e0) (Theme $e0 $x0))
p201014	-0.07756	-0.02834	-0.01402	0.09733	-0.08705	-0.08463	0.03610	0.12373	-0.09429	-0.13306	0.19558	0.16507	0.08393	-0.04171	-0.04215	0.08995	-0.09013	-0.10757	0.11613	-0.03720	-0.08602	-0.05261	-0.10145	0.08380	0.13546	0.04655	-0.05685	-0.09653	0.21077	-0.09732	-0.07559	0.15323	(And (Inheritance yard_floodlight floodlight) (Member $x0 yard_floodlight))
p201038	0.00413	0.00141	-0.00824	0.00140	-0.00445	-0.01228	-0.00973	-0.00160	-0.01149	0.01055	0.01430	-0.00879	-0.01439	-0.01311	0.00665	0.00628	0.00510	-0.01241	0.02035	-0.00145	-0.00101	-0.01479	0.00419	0.01213	0.02133	0.00377	-0.00145	-0.00461	-0.00204	-0.00604	-0.00077	0.00537	(Inheritance feed_pipe pipe)
p201039	-0.07756	-0.02834	-0.01402	0.09733	-0.08705	-0.08463	0.03610	0.12373	-0.09429	-0.13306	0.19558	0.16507	0.08393	-0.04171	-0.04215	0.08995	-0.09013	-0.10757	0.11613	-0.03720	-0.08602	-0.05261	-0.10145	0.08380	0.13546	0.04655	-0.05685	-0.09653	0.21077	-0.09732	-0.07559	0.15323	(Inheritance yard_floodlight floodlight)
p201048	0.07155	0.08557	0.09075	0.05363	-0.08802	-0.04100	0.11129	-0.06515	0.02024	-0.11964	0.01114	0.05559	-0.08058	-0.08662	-0.09766	-0.08632	-0.07498	0.00618	0.21061	-0.06474	-0.09347	-0.04120	0.12724	-0.03608	-0.12205	-0.05112	0.00007	-0.16413	-0.09283	0.11866	0.09208	0.06664	(And (Agent $e0 $x0) (Member $e0 lend) (Recipient $e0 $x1) (Theme $e0 $x2))
p201049	-0.07333	-0.05493	-0.03975	-0.01713	-0.03790	-0.08594	-0.01033	0.02463	-0.05993	0.03669	0.14804	-0.01326	-0.01795	0.03700	-0.00242	0.13593	-0.06389	-0.00472	0.14502	-0.08928	-0.06078	-0.08622	0.04846	0.05467	0.16429	-0.01520	-0.04048	-0.00126	0.01792	0.01499	-0.06406	0.06067	(And (Agent $e0 $x0) (Member $e0 repair) (Past $e0) (Patient $e0 $x1))
p201050	0.09435	-0.11180	-0.07671	0.10340	0.01059	0.08507	0.08084	0.08216	0.17591	-0.08365	-0.11997	0.03853	-0.08117	0.01520	0.07470	0.16753	-0.07045	0.07931	-0.09332	-0.00798	0.02546	-0.07897	-0.04985	0.07073	0.15521	0.19594	-0.06894	0.00664	-0.15240	0.03676	0.09134	-0.05616	(And (Agent $e0 $x0) (Member $e0 teach) (Recipient $e0 $x1) (Theme $e0 $x2))
p201058	-0.04033	0.05618	-0.07549	0.06975	-0.12534	0.17254	-0.19197	-0.04634	0.12926	-0.03852	-0.20171	-0.03539	0.14682	0.02996	0.09473	0.06031	0.16674	-0.08662	0.17428	-0.05520	0.27736	-0.09611	0.12594	-0.14909	-0.10431	0.05795	0.21070	-0.01402	0.03685	-0.14225	-0.03828	-0.28363	(And (Agent $e0 $x0) (Member $e0 build) (Patient $e0 $x1))
p201059	0.07155	0.08557	0.09075	0.05363	-0.08802	-0.04100	0.11129	-0.06515	0.02024	-0.11964	0.01114	0.05559	-0.08058	-0.08662	-0.09766	-0.08632	-0.07498	0.00618	0.21061	-0.06474	-0.09347	-0.04120	0.12724	-0.03608	-0.12205	-0.05112	0.00007	-0.16413	-0.09283	0.11867	0.09208	0.06664	(And (Agent $e0 $x0) (Member $e0 lend) (Recipient $e0 $x1))
p201060	-0.07333	-0.05493	-0.03975	-0.01713	-0.03790	-0.08594	-0.01033	0.02463	-0.05993	0.03669	0.14804	-0.01326	-0.01795	0.03700	-0.00242	0.13593	-0.06389	-0.00472	0.14502	-0.08928	-0.06078	-0.08622	0.04846	0.05467	0.16429	-0.01520	-0.04048	-0.00126	0.01792	0.01499	-0.06406	0.06067	(And (Agent $e0 $x0) (Member $e0 repair) (Past $e0))
p201061	0.09435	-0.11180	-0.07671	0.10340	0.01059	0.08507	0.08084	0.08216	0.17591	-0.08365	-0.11997	0.03853	-0.08117	0.01520	0.07470	0.16753	-0.07045	0.07931	-0.09332	-0.00798	0.02546	-0.07897	-0.04985	0.07073	0.15521	0.19594	-0.06895	0.00664	-0.15240	0.03676	0.09134	-0.05616	(And (Agent $e0 $x0) (Member $e0 teach) (Theme $e0 $x1))
p201062	-0.04722	-0.16739	0.07808	-0.06447	-0.06899	0.07099	0.09104	-0.09051	-0.08533	-0.05994	0.13592	-0.05039	0.07674	-0.04074	0.06160	-0.10948	0.20299	0.03956	-0.03122	0.00670	-0.06695	0.04770	0.03752	0.03129	0.02203	0.14166	-0.07963	0.00022	-0.02905	-0.11070	0.08439	-0.12783	(And (Beneficiary $e0 $x0) (Past $e0) (Theme $e0 $x1))
p201063	-0.12509	0.13943	-0.01074	0.05089	0.06021	0.15460	0.12728	0.02386	0.18106	0.12613	0.04364	-0.08526	-0.12732	-0.08129	0.00929	-0.10542	-0.13865	-0.12321	-0.08471	-0.02543	-0.03251	0.00731	0.05870	0.10324	0.02153	-0.10912	-0.02708	-0.03806	0.08029	-0.05545	-0.01595	0.00660	(And (Cardinality $x0 <num>) (GroupOf $x0 forklift) (Theme $e0 $x0))
p201064	-0.03215	0.21983	0.10680	-0.03206	-0.02527	-0.13125	0.11139	0.03674	-0.09478	0.02275	0.04295	0.08743	0.05938	-0.00954	0.01363	0.16431	-0.11839	-0.05798	-0.09887	0.02672	0.06413	0.08913	0.07733	-0.07041	-0.00380	0.18242	-0.03940	0.06225	-0.06680	0.04475	-0.11087	-0.04308	(And (Holder $e0 $x0) (Member $e0 require) (Theme $e0 $x1))
p201065	-0.07333	-0.05493	-0.03975	-0.01713	-0.03790	-0.08594	-0.01033	0.02463	-0.05993	0.03669	0.14804	-0.01326	-0.01795	0.03700	-0.00242	0.13593	-0.06389	-0.00472	0.14502	-0.08928	-0.06078	-0.08622	0.04846	0.05467	0.16429	-0.01520	-0.04048	-0.00126	0.01792	0.01499	-0.06406	0.06067	(And (Member $e0 repair) (Past $e0) (Patient $e0 $x0))
p201066	0.09435	-0.11180	-0.07671	0.10340	0.01059	0.08507	0.08084	0.08216	0.17591	-0.08365	-0.11997	0.03853	-0.08117	0.01520	0.07470	0.16753	-0.07045	0.07931	-0.09332	-0.00798	0.02546	-0.07897	-0.04985	0.07073	0.15521	0.19594	-0.06894	0.00664	-0.15240	0.03676	0.09134	-0.05616	(And (Member $e0 teach) (Recipient $e0 $x0) (Theme $e0 $x1))
p201067	0.00818	0.00831	-0.01883	0.01945	0.00405	-0.01373	0.00278	-0.05478	-0.01629	-0.06716	-0.01117	-0.02818	0.00940	0.02325	0.01655	0.00746	-0.05132	-0.02876	-0.04448	0.02807	-0.03370	0.04149	-0.01098	0.03637	-0.01543	0.00482	0.00768	-0.01101	0.00246	0.03729	-0.02760	0.00882	(And (Member $e0 write) (Past $e0) (Patient $e0 $x0))
p201083	0.02289	-0.01334	-0.04109	-0.02068	0.03314	0.01197	0.00269	-0.00371	-0.02386	-0.00922	-0.00814	0.01914	-0.01011	0.00598	-0.01762	0.00229	0.03261	-0.00435	-0.01624	0.00848	0.01261	0.00152	0.02873	-0.00749	-0.00058	-0.01268	-0.01430	-0.01277	0.02278	-0.01011	-0.00425	-0.01934	(And (Agent $e0 $x0) (Member $e0 arrive))
p201084	-0.04033	0.05618	-0.07549	0.06975	-0.12534	0.17254	-0.19197	-0.04634	0.12926	-0.03852	-0.20171	-0.03539	0.14682	0.02996	0.09473	0.06031	0.16674	-0.08662	0.17428	-0.05520	0.27736	-0.09611	0.12594	-0.14909	-0.10431	0.05795	0.21070	-0.01402	0.03685	-0.14225	-0.03828	-0.28363	(And (Agent $e0 $x0) (Member $e0 build))
p201085	-0.04722	-0.16739	0.07808	-0.06447	-0.06899	0.07099	0.09104	-0.09051	-0.08533	-0.05994	0.13592	-0.05039	0.07674	-0.04074	0.06160	-0.10948	0.20299	0.03956	-0.03122	0.00670	-0.06695	0.04770	0.03752	0.03129	0.02203	0.14166	-0.07963	0.00022	-0.02905	-0.11070	0.08439	-0.12783	(And (Beneficiary $e0 $x0) (Member $x0 hall))
p201086	-0.04722	-0.16739	0.07808	-0.06447	-0.06899	0.07099	0.09104	-0.09051	-0.08533	-0.05994	0.13592	-0.05039	0.07674	-0.04074	0.06160	-0.10948	0.20299	0.03956	-0.03121	0.00670	-0.06695	0.04770	0.03752	0.03129	0.02203	0.14166	-0.07963	0.00022	-0.02905	-0.11070	0.08439	-0.12783	(And (Beneficiary $e0 $x0) (Theme $e0 $x1))
p201087	-0.06402	0.00092	-0.02174	-0.03251	0.02014	-0.14061	0.13961	0.00982	-0.02583	-0.06972	-0.01644	0.12293	-0.07209	0.02810	0.14411	-0.03015	0.17336	-0.07113	-0.06618	-0.00090	0.14626	-0.08720	0.03974	0.13769	0.01781	-0.14481	0.21194	0.07731	-0.02005	0.07889	0.02718	0.16210	(And (For $e0 $e1) (Past $e0))
p201088	-0.12509	0.13943	-0.01074	0.05089	0.06021	0.15460	0.12728	0.02386	0.18106	0.12613	0.04364	-0.08526	-0.12732	-0.08129	0.00929	-0.10542	-0.13865	-0.12321	-0.08471	-0.02543	-0.03251	0.00731	0.05870	0.10324	0.02153	-0.10912	-0.02708	-0.03806	0.08029	-0.05545	-0.01595	0.00660	(And (GroupOf $x0 forklift) (Theme $e0 $x0))
p201089	0.08460	0.23800	-0.12223	-0.04573	-0.10612	-0.05527	0.12748	0.08585	-0.10492	-0.06778	-0.02673	-0.10449	0.04211	0.14459	0.02894	-0.07622	-0.05566	0.12950	0.13246	0.06939	0.01952	-0.01341	-0.10116	-0.10775	0.02821	-0.09915	-0.06567	0.12689	0.10657	-0.04993	0.16018	-0.01929	(And (GroupOf $x0 lemon) (Member $x0 crate))
p201090	0.12150	0.03885	0.12665	-0.11219	0.05943	-0.02672	-0.08431	0.19147	0.06237	-0.02036	0.08516	-0.07074	-0.07833	0.07179	-0.12008	-0.14382	0.15697	0.08375	-0.08274	-0.06516	0.24406	-0.10250	-0.04731	0.06737	-0.10534	0.13748	-0.13349	-0.05924	0.04920	0.15021	-0.08742	-0.20385	(And (Location $e0 $x0) (Theme $e1 $e0))
p201091	-0.09848	0.03958	0.12079	0.11308	-0.10005	-0.03852	-0.10049	0.01327	-0.01426	0.03430	-0.06588	-0.06869	-0.08196	-0.08350	-0.13769	-0.00135	0.01266	0.16573	0.11896	0.09400	0.07564	-0.03144	0.03230	0.17926	0.04247	0.00208	-0.02049	0.08601	0.01375	-0.08722	-0.04093	-0.06867	(And (Member $e0 decision) (Theme $e0 $x0))
p201092	0.01786	0.01340	-0.00247	0.07268	-0.05392	-0.02344	-0.01074	-0.10035	-0.01761	-0.08504	-0.04909	-0.09402	0.03475	-0.00408	0.02788	0.00687	-0.07391	-0.02847	-0.05374	0.05863	-0.05101	0.13933	-0.05827	0.08004	-0.04601	-0.00062	0.02595	0.02802	-0.00338	0.09341	-0.04530	0.02266	(And (Member $e0 produce) (Patient $e0 $x0))
p201093	-0.07333	-0.05493	-0.03975	-0.01713	-0.03790	-0.08594	-0.01033	0.02463	-0.05993	0.03669	0.14804	-0.01326	-0.01795	0.03700	-0.00242	0.13593	-0.06389	-0.00472	0.14502	-0.08928	-0.06078	-0.08622	0.04846	0.05467	0.16429	-0.01520	-0.04048	-0.00126	0.01792	0.01499	-0.06406	0.06067	(And (Member $e0 repair) (Past $e0))
p201094	0.09435	-0.11180	-0.07671	0.10340	0.01059	0.08507	0.08084	0.08216	0.17591	-0.08365	-0.11997	0.03853	-0.08117	0.01520	0.07470	0.16753	-0.07045	0.07931	-0.09332	-0.00798	0.02546	-0.07897	-0.04985	0.07073	0.15521	0.19594	-0.06894	0.00664	-0.15240	0.03676	0.09134	-0.05616	(And (Member $e0 teach) (Theme $e0 $x0))
p201095	0.00818	0.00831	-0.01883	0.01945	0.00405	-0.01373	0.00278	-0.05478	-0.01629	-0.06716	-0.01117	-0.02818	0.00940	0.02324	0.01655	0.00746	-0.05132	-0.02876	-0.04448	0.02807	-0.03370	0.04149	-0.01098	0.03637	-0.01543	0.00482	0.00768	-0.01101	0.00246	0.03729	-0.02760	0.00882	(And (Member $e0 write) (Past $e0))
p201096	0.00818	0.00831	-0.01883	0.01945	0.00405	-0.01373	0.00278	-0.05478	-0.01629	-0.06716	-0.01117	-0.02818	0.00940	0.02324	0.01655	0.00746	-0.05132	-0.02876	-0.04448	0.02807	-0.03370	0.04149	-0.01098	0.03637	-0.01543	0.00482	0.00768	-0.01101	0.00246	0.03729	-0.02760	0.00882	(And (Member $e0 write) (Patient $e0 $x0))
p201097	-0.14187	0.00352	-0.04382	0.06615	0.06667	-0.01719	0.02310	-0.00983	-0.03442	-0.07335	-0.04885	0.04130	0.05313	-0.05112	-0.18207	0.03749	-0.01235	0.15209	-0.00456	0.09106	0.06223	-0.06436	0.08581	0.08441	-0.02948	-0.05606	-0.07203	0.06733	-0.00276	-0.07348	-0.04988	-0.07373	(And (Member $x0 budget) (Possession $x0 next_year))
p201098	0.07663	-0.11731	0.06163	0.10994	0.10433	-0.10374	-0.05455	0.09055	-0.02506	0.00283	-0.04442	-0.07344	0.11791	-0.05153	0.10616	-0.01081	-0.05753	0.05085	0.03071	-0.05817	0.20170	0.09428	0.07699	-0.06343	0.05134	-0.00439	-0.10657	-0.09679	-0.04292	-0.03675	-0.00324	0.15676	(And (Member $x0 kiln) (Theme $e0 $x0))
p201099	0.05444	-0.09370	-0.06537	0.08395	0.01881	0.06368	0.05042	0.06804	0.12313	-0.06448	-0.09748	0.02497	-0.05432	0.02731	0.06833	0.12382	-0.05284	0.05949	-0.07247	-0.01450	0.00616	-0.04192	-0.05241	0.06722	0.07244	0.15454	-0.05819	0.02257	-0.10297	0.03036	0.08872	-0.03685	(And (Member $x0 song) (Theme $e0 $x0))
p201100	-0.03060	0.01317	-0.04270	0.08107	0.11622	-0.01574	0.05026	-0.02930	-0.04385	0.06717	0.03918	-0.01705	0.02036	-0.01360	-0.01099	0.00249	0.08671	-0.02309	0.00307	0.02334	0.01164	-0.04435	-0.07710	-0.07372	-0.02106	-0.00018	-0.05502	-0.01930	-0.03391	0.00199	0.05138	-0.02129	(And (Might $e0) (Patient $e0 $x0))
p201131	-0.05823	-0.05665	-0.04350	0.03394	0.04063	0.00289	0.13238	0.07058	-0.04188	0.05855	-0.03192	-0.08265	0.05879	-0.00975	-0.11600	0.06310	0.14154	-0.02369	-0.03482	-0.03744	-0.03912	-0.05727	-0.09899	-0.11693	-0.00196	-0.06872	-0.08450	-0.06987	-0.00442	0.05502	-0.04013	-0.03359	(Before $x0 $e0)
p201132	-0.06402	0.00092	-0.02174	-0.03251	0.02014	-0.14061	0.13961	0.00982	-0.02583	-0.06972	-0.01644	0.12293	-0.07209	0.02810	0.14411	-0.03015	0.17336	-0.07113	-0.06618	-0.00090	0.14626	-0.08720	0.03974	0.13769	0.01781	-0.14481	0.21195	0.07731	-0.02005	0.07889	0.02718	0.16210	(For $e0 $e1)
p201133	0.08460	0.23800	-0.12223	-0.04573	-0.10612	-0.05527	0.12748	0.08585	-0.10492	-0.06778	-0.02673	-0.10449	0.04211	0.14459	0.02894	-0.07622	-0.05566	0.12950	0.13246	0.06939	0.01952	-0.01341	-0.10116	-0.10775	0.02821	-0.09915	-0.06567	0.12689	0.10657	-0.04993	0.16018	-0.01929	(GroupOf $x0 lemon)
p201134	0.02289	-0.01334	-0.04109	-0.02068	0.03314	0.01198	0.00269	-0.00371	-0.02386	-0.00922	-0.00814	0.01914	-0.01011	0.00598	-0.01762	0.00229	0.03261	-0.00435	-0.01624	0.00849	0.01261	0.00152	0.02873	-0.00749	-0.00058	-0.01268	-0.01429	-0.01277	0.02278	-0.01011	-0.00425	-0.01934	(Member $e0 arrive)
p201135	-0.00928	0.01367	0.00547	0.04651	-0.03409	-0.03040	-0.03194	-0.02823	0.06699	-0.01449	0.02354	-0.04942	0.04106	-0.01178	0.03317	-0.03851	-0.03852	0.04528	-0.00829	0.01746	-0.06154	0.04728	-0.01383	0.01227	-0.03541	-0.01992	0.07487	0.07329	-0.03703	0.05444	-0.02276	0.01105	(Member $e0 become)
p201136	-0.02104	-0.02787	0.03925	-0.01466	-0.00524	-0.00229	-0.00649	0.02339	0.05231	0.00336	0.01270	0.00048	0.00970	0.02952	-0.00282	-0.00120	-0.00767	-0.00102	-0.00475	-0.02373	0.00883	-0.01290	-0.02744	-0.01760	-0.02032	-0.00454	-0.00942	-0.00342	-0.03054	-0.01735	-0.00713	-0.01772	(Member $e0 find)
p201137	-0.06005	0.00497	-0.02461	-0.03258	0.01662	-0.14170	0.13793	0.00952	-0.02656	-0.06684	-0.01414	0.11497	-0.06882	0.01447	0.14257	-0.02993	0.17135	-0.07274	-0.06266	-0.00375	0.14528	-0.08873	0.03557	0.13789	0.02142	-0.14202	0.21358	0.08215	-0.02033	0.07972	0.02581	0.16291	(Member $e0 portray)
p201138	0.01786	0.01340	-0.00247	0.07268	-0.05392	-0.02344	-0.01074	-0.10035	-0.01761	-0.08504	-0.04909	-0.09402	0.03475	-0.00408	0.02788	0.00687	-0.07391	-0.02847	-0.05374	0.05863	-0.05101	0.13933	-0.05827	0.08004	-0.04601	-0.00062	0.02595	0.02802	-0.00338	0.09341	-0.04530	0.02266	(Member $e0 produce)
p201139	-0.02784	0.01323	0.05492	0.06057	-0.01269	0.00472	0.01044	0.02072	-0.00025	0.04775	0.01680	-0.00580	-0.01667	0.03796	0.00522	-0.03240	0.02290	0.00034	0.04000	0.02220	-0.00199	-0.01516	-0.04000	-0.02518	0.01765	0.01574	-0.02764	-0.02158	-0.02091	-0.03700	0.06547	-0.01812	(Member $e0 sell)
p201140	-0.03147	-0.01910	-0.03330	0.02801	0.00948	-0.01503	0.06231	0.03400	0.01049	0.02781	0.00251	-0.06189	0.04988	-0.03435	-0.03778	0.01513	0.07185	0.00322	-0.01901	-0.01045	-0.04791	-0.04316	-0.06273	-0.06730	-0.00199	-0.04769	-0.01851	-0.01993	-0.01469	0.04396	-0.02796	0.00106	(Member $e0 start)
p201141	0.00818	0.00831	-0.01883	0.01945	0.00405	-0.01373	0.00278	-0.05478	-0.01629	-0.06716	-0.01117	-0.02818	0.00940	0.02325	0.01655	0.00746	-0.05132	-0.02876	-0.04448	0.02807	-0.03370	0.04149	-0.01098	0.03637	-0.01543	0.00482	0.00768	-0.01101	0.00246	0.03729	-0.02760	0.00882	(Member $e0 write)
p201142	-0.00957	-0.01451	0.00324	-0.01946	0.00165	0.00844	-0.00453	0.01250	0.01443	-0.00715	-0.00508	0.01308	-0.00249	0.01937	0.00167	-0.00416	-0.00292	0.00482	-0.00605	0.01027	0.00514	-0.00640	0.01086	0.00046	-0.00828	-0.00221	-0.00922	-0.02271	-0.00704	-0.01032	0.00421	-0.00539	(Member $x0 bench)
p201143	0.00778	-0.00358	-0.00543	-0.00012	-0.00591	-0.00288	-0.00962	0.00108	0.02069	-0.01194	0.00817	-0.00163	0.01062	-0.01208	0.01282	-0.01306	-0.00568	0.00618	-0.01169	-0.01413	-0.02610	-0.00652	0.00470	-0.01083	-0.00495	-0.01048	0.02378	0.02255	-0.00101	0.00575	-0.01359	0.00240	(Member $x0 bridge)
p201144	-0.14187	0.00352	-0.04382	0.06615	0.06667	-0.01719	0.02310	-0.00983	-0.03442	-0.07335	-0.04885	0.04130	0.05313	-0.05112	-0.18207	0.03749	-0.01235	0.15209	-0.00456	0.09106	0.06223	-0.06436	0.08581	0.08441	-0.02948	-0.05606	-0.07204	0.06733	-0.00276	-0.07348	-0.04988	-0.07373	(Member $x0 budget)
p201145	-0.07150	0.00079	-0.00252	0.05265	0.02637	-0.01071	-0.00144	-0.01282	-0.02181	-0.02888	-0.03677	0.01135	0.00854	-0.03165	-0.09101	0.01501	-0.00361	0.09060	0.00321	0.03982	0.04644	-0.03557	0.04339	0.05897	-0.00986	-0.02842	-0.03156	0.06360	0.00827	-0.04967	-0.04019	-0.05537	(Member $x0 case)
p201146	-0.07756	-0.02834	-0.01402	0.09733	-0.08705	-0.08463	0.03610	0.12373	-0.09429	-0.13306	0.19558	0.16507	0.08393	-0.04171	-0.04215	0.08995	-0.09013	-0.10757	0.11613	-0.03720	-0.08602	-0.05261	-0.10145	0.08380	0.13546	0.04655	-0.05685	-0.09653	0.21077	-0.09732	-0.07559	0.15323	(Member $x0 electrician)
p201147	-0.07150	0.00079	-0.00252	0.05265	0.02637	-0.01071	-0.00144	-0.01282	-0.02181	-0.02888	-0.03677	0.01135	0.00854	-0.03165	-0.09101	0.01501	-0.00361	0.09060	0.00321	0.03982	0.04644	-0.03557	0.04339	0.05897	-0.00986	-0.02842	-0.03155	0.06360	0.00827	-0.04967	-0.04019	-0.05537	(Member $x0 judge)
p201148	-0.04366	-0.05352	-0.05602	-0.11089	0.01723	-0.06498	-0.04736	-0.06732	-0.01844	0.16369	0.07258	-0.16002	-0.09558	0.09465	0.03326	0.13547	-0.02775	0.08643	0.11691	-0.10191	-0.02751	-0.09261	0.16907	0.01457	0.13398	-0.06389	-0.01554	0.07800	-0.14169	0.11030	-0.03933	-0.02907	(Member $x0 mechanic)
p201149	0.07773	0.20673	0.01437	-0.05382	0.01479	0.14333	-0.05031	-0.08815	-0.04740	0.03674	-0.03024	0.10789	0.18115	-0.04452	0.02932	0.08389	0.06615	0.11619	-0.03996	-0.04869	-0.07676	-0.08455	-0.09231	0.11933	0.00642	-0.14570	-0.03696	-0.08391	-0.09853	0.03077	-0.06465	0.09325	(Member $x0 view)
p201150	-0.07756	-0.02834	-0.01402	0.09733	-0.08705	-0.08463	0.03610	0.12373	-0.09429	-0.13306	0.19558	0.16507	0.08393	-0.04171	-0.04215	0.08995	-0.09013	-0.10757	0.11613	-0.03720	-0.08602	-0.05261	-0.10145	0.08380	0.13546	0.04655	-0.05685	-0.09653	0.21077	-0.09732	-0.07559	0.15323	(Member $x0 yard_floodlight)
p201151	-0.06198	0.01015	0.03831	0.04588	-0.05199	-0.01889	-0.06827	0.00139	0.00389	0.01081	-0.04809	-0.02209	-0.03760	-0.04930	-0.08619	0.00136	0.00255	0.08798	0.07922	0.04596	0.05624	0.00373	0.02253	0.11253	0.01931	-0.01144	-0.01535	0.05358	0.00049	-0.05853	-0.00651	-0.04451	(Patient $e0 $e1)
p201152	-0.14187	0.00352	-0.04382	0.06615	0.06667	-0.01718	0.02310	-0.00983	-0.03442	-0.07335	-0.04885	0.04130	0.05313	-0.05112	-0.18207	0.03749	-0.01235	0.15209	-0.00456	0.09106	0.06223	-0.06436	0.08581	0.08441	-0.02948	-0.05606	-0.07203	0.06733	-0.00276	-0.07348	-0.04988	-0.07373	(Possession $x0 next_year)
p201153	-0.00513	0.08600	-0.05790	0.06281	-0.08061	-0.05612	-0.05106	-0.01538	0.09854	0.05066	-0.01754	-0.00108	-0.06212	0.04411	-0.07933	-0.05776	0.14114	-0.03320	0.02360	0.01283	-0.10332	0.08244	0.00174	-0.05967	0.08922	0.05230	-0.10842	0.05571	-0.08215	-0.05974	-0.03606	0.16597	(To $e0 $e1)
p201162	-0.03789	-0.15295	0.05696	-0.07590	-0.06486	0.06239	0.09135	-0.08812	-0.07933	-0.06726	0.12429	-0.05520	0.07509	-0.04918	0.05730	-0.09934	0.17859	0.03695	-0.03736	0.00103	-0.06283	0.05204	0.04247	0.03593	0.01982	0.12325	-0.06897	0.00795	-0.01937	-0.09478	0.06463	-0.11457	(And (Agent $e0 $x0) (Beneficiary $e0 $x1) (Member $x0 school) (Member $x1 hall))
p201163	-0.03789	-0.15295	0.05696	-0.07590	-0.06486	0.06239	0.09135	-0.08812	-0.07933	-0.06726	0.12429	-0.05520	0.07509	-0.04918	0.05730	-0.09934	0.17859	0.03695	-0.03736	0.00103	-0.06283	0.05204	0.04247	0.03593	0.01982	0.12325	-0.06897	0.00795	-0.01937	-0.09478	0.06463	-0.11457	(And (Agent $e0 $x0) (Beneficiary $e0 $x1) (Member $x0 school) (Past $e0))
p201164	-0.03789	-0.15295	0.05696	-0.07590	-0.06486	0.06239	0.09135	-0.08812	-0.07933	-0.06726	0.12429	-0.05520	0.07509	-0.04918	0.05730	-0.09934	0.17859	0.03695	-0.03736	0.00103	-0.06283	0.05204	0.04247	0.03593	0.01982	0.12325	-0.06897	0.00795	-0.01937	-0.09478	0.06463	-0.11457	(And (Agent $e0 $x0) (Beneficiary $e0 $x1) (Member $x0 school) (Theme $e0 $x2))
p201165	-0.03789	-0.15295	0.05696	-0.07590	-0.06486	0.06239	0.09135	-0.08812	-0.07933	-0.06726	0.12429	-0.05520	0.07509	-0.04918	0.05730	-0.09934	0.17859	0.03695	-0.03736	0.00103	-0.06283	0.05204	0.04247	0.03593	0.01982	0.12325	-0.06897	0.00795	-0.01937	-0.09478	0.06463	-0.11457	(And (Agent $e0 $x0) (Beneficiary $e0 $x1) (Member $x1 hall) (Past $e0))
p201166	-0.03789	-0.15295	0.05696	-0.07590	-0.06486	0.06239	0.09135	-0.08812	-0.07933	-0.06726	0.12429	-0.05520	0.07509	-0.04918	0.05730	-0.09934	0.17859	0.03695	-0.03736	0.00103	-0.06283	0.05204	0.04247	0.03593	0.01982	0.12325	-0.06897	0.00795	-0.01937	-0.09478	0.06463	-0.11457	(And (Agent $e0 $x0) (Beneficiary $e0 $x1) (Member $x1 hall) (Theme $e0 $x2))
p201167	-0.08904	0.03519	0.08176	-0.05822	0.11878	0.15931	-0.08454	0.08826	-0.03472	-0.11970	-0.05672	0.02356	-0.03086	-0.02868	0.04362	-0.06835	0.07945	-0.04681	0.17951	0.09632	0.01035	0.07359	-0.07988	-0.08444	0.14332	-0.06279	-0.02962	0.03868	-0.06855	0.10188	-0.05983	-0.07475	(And (Agent $e0 $x0) (Cardinality $x0 <num>) (GroupOf $x0 climber) (Theme $e0 $x1))
p201168	-0.08904	0.03519	0.08176	-0.05822	0.11878	0.15931	-0.08454	0.08826	-0.03472	-0.11970	-0.05672	0.02356	-0.03086	-0.02868	0.04362	-0.06835	0.07945	-0.04681	0.17951	0.09632	0.01035	0.07359	-0.07988	-0.08444	0.14332	-0.06279	-0.02962	0.03868	-0.06855	0.10188	-0.05983	-0.07475	(And (Agent $e0 $x0) (Cardinality $x0 <num>) (Member $x1 north_route) (Theme $e0 $x1))
p201169	-0.10765	0.12828	-0.02263	0.03722	0.05866	0.14486	0.12312	0.01683	0.16514	0.10827	0.03900	-0.08867	-0.11540	-0.08423	0.01625	-0.09669	-0.13233	-0.10978	-0.08569	-0.02367	-0.03176	0.00832	0.06170	0.09992	0.01961	-0.10485	-0.02352	-0.02955	0.08430	-0.04866	-0.02524	0.01166	(And (Agent $e0 $x0) (Cardinality $x1 <num>) (GroupOf $x1 forklift) (Theme $e0 $x1))
p201170	-0.10765	0.12828	-0.02263	0.03722	0.05866	0.14486	0.12312	0.01683	0.16514	0.10827	0.03900	-0.08867	-0.11540	-0.08423	0.01625	-0.09669	-0.13233	-0.10978	-0.08569	-0.02367	-0.03176	0.00832	0.06170	0.09992	0.01961	-0.10485	-0.02352	-0.02955	0.08430	-0.04866	-0.02524	0.01166	(And (Agent $e0 $x0) (Cardinality $x1 <num>) (Member $x0 depot) (Theme $e0 $x1))
p201171	-0.08904	0.03519	0.08176	-0.05822	0.11878	0.15931	-0.08454	0.08826	-0.03472	-0.11970	-0.05672	0.02356	-0.03086	-0.02868	0.04362	-0.06835	0.07945	-0.04681	0.17951	0.09632	0.01035	0.07359	-0.07988	-0.08444	0.14332	-0.06279	-0.02962	0.03868	-0.06855	0.10188	-0.05983	-0.07475	(And (Agent $e0 $x0) (GroupOf $x0 climber) (Member $x1 north_route) (Theme $e0 $x1))
p201172	-0.10765	0.12828	-0.02263	0.03722	0.05866	0.14486	0.12312	0.01683	0.16514	0.10827	0.03900	-0.08867	-0.11540	-0.08423	0.01625	-0.09669	-0.13233	-0.10978	-0.08569	-0.02367	-0.03176	0.00832	0.06170	0.09992	0.01961	-0.10485	-0.02352	-0.02955	0.08430	-0.04866	-0.02524	0.01166	(And (Agent $e0 $x0) (GroupOf $x1 forklift) (Member $x0 depot) (Theme $e0 $x1))
p201173	-0.10765	0.12828	-0.02263	0.03722	0.05866	0.14486	0.12312	0.01683	0.16514	0.10827	0.03900	-0.08867	-0.11540	-0.08423	0.01625	-0.09669	-0.13233	-0.10978	-0.08569	-0.02367	-0.03176	0.00832	0.06170	0.09992	0.01961	-0.10485	-0.02352	-0.02955	0.08430	-0.04866	-0.02524	0.01166	(And (Agent $e0 $x0) (GroupOf $x1 forklift) (Past $e0) (Theme $e0 $x1))
p201174	-0.08904	0.03519	0.08176	-0.05822	0.11878	0.15931	-0.08454	0.08826	-0.03472	-0.11970	-0.05672	0.02356	-0.03086	-0.02868	0.04362	-0.06835	0.07945	-0.04681	0.17951	0.09632	0.01035	0.07359	-0.07988	-0.08444	0.14332	-0.06279	-0.02962	0.03868	-0.06855	0.10188	-0.05983	-0.07475	(And (Agent $e0 $x0) (Inheritance north_route north) (Member $x1 north_route) (Theme $e0 $x1))
p201175	-0.08904	0.03519	0.08176	-0.05822	0.11878	0.15931	-0.08454	0.08826	-0.03472	-0.11970	-0.05672	0.02356	-0.03086	-0.02868	0.04362	-0.06835	0.07945	-0.04681	0.17951	0.09632	0.01035	0.07359	-0.07988	-0.08444	0.14332	-0.06279	-0.02962	0.03868	-0.06855	0.10188	-0.05983	-0.07475	(And (Agent $e0 $x0) (Inheritance north_route route) (Member $x1 north_route) (Theme $e0 $x1))
p201176	0.07917	-0.11065	0.04117	0.08971	0.10131	-0.09826	-0.05261	0.08178	-0.02502	-0.00882	-0.04525	-0.07516	0.11979	-0.05842	0.10107	-0.00927	-0.05853	0.04770	0.02271	-0.05840	0.19770	0.09598	0.08292	-0.05562	0.04446	-0.00827	-0.10204	-0.08437	-0.03597	-0.03038	-0.01131	0.15293	(And (Agent $e0 $x0) (Inheritance pottery_studio studio) (Member $x0 pottery_studio) (Past $e0))
p201177	0.07917	-0.11065	0.04117	0.08971	0.10131	-0.09826	-0.05261	0.08178	-0.02502	-0.00882	-0.04525	-0.07516	0.11979	-0.05842	0.10107	-0.00927	-0.05853	0.04770	0.02271	-0.05840	0.19770	0.09598	0.08292	-0.05562	0.04446	-0.00827	-0.10204	-0.08437	-0.03597	-0.03038	-0.01131	0.15293	(And (Agent $e0 $x0) (Inheritance pottery_studio studio) (Member $x0 pottery_studio) (Theme $e0 $x1))
p201178	-0.06864	-0.02327	-0.00993	0.09342	-0.08181	-0.07381	0.03495	0.11675	-0.08477	-0.12788	0.17353	0.15847	0.08193	-0.04253	-0.04032	0.07723	-0.07990	-0.09846	0.10127	-0.02760	-0.07682	-0.04292	-0.09942	0.07520	0.11627	0.04385	-0.05121	-0.08948	0.19845	-0.09302	-0.06621	0.14329	(And (Agent $e0 $x0) (Inheritance yard_floodlight floodlight) (Member $x1 yard_floodlight) (Patient $e0 $x1))
p201179	-0.03255	0.00373	0.04458	-0.06445	-0.07463	0.11540	-0.01128	-0.07484	0.02062	-0.07987	0.09533	-0.12080	-0.07817	0.02287	-0.10056	0.11636	-0.10708	-0.10157	-0.05182	0.06711	0.14400	-0.06617	-0.06730	-0.05840	-0.04046	-0.08831	-0.16004	0.03495	-0.06166	-0.10461	0.07007	0.19138	(And (Agent $e0 $x0) (Location $e0 $x1) (Member $x1 point) (Theme $e0 $x2))
p201180	0.01348	-0.02380	-0.01732	0.00258	0.02378	0.00784	0.01157	-0.01718	-0.00950	-0.01842	-0.00214	0.00962	0.00291	0.00471	0.00373	0.00174	-0.00714	-0.00165	-0.03724	-0.03498	-0.02229	-0.00172	0.00707	-0.02395	-0.01776	-0.00628	0.01482	0.03416	0.01894	0.00648	-0.02807	-0.01419	(And (Agent $e0 $x0) (Member $x0 club) (Member $x1 tournament) (Theme $e0 $x1))
p201181	-0.10765	0.12828	-0.02263	0.03722	0.05866	0.14486	0.12312	0.01683	0.16514	0.10827	0.03900	-0.08867	-0.11540	-0.08423	0.01625	-0.09669	-0.13233	-0.10978	-0.08569	-0.02367	-0.03176	0.00832	0.06170	0.09992	0.01961	-0.10485	-0.02352	-0.02955	0.08430	-0.04866	-0.02524	0.01166	(And (Agent $e0 $x0) (Member $x0 depot) (Past $e0) (Theme $e0 $x1))
p201182	-0.06864	-0.02327	-0.00993	0.09342	-0.08181	-0.07381	0.03495	0.11675	-0.08477	-0.12788	0.17353	0.15847	0.08193	-0.04253	-0.04032	0.07723	-0.07990	-0.09846	0.10127	-0.02760	-0.07682	-0.04292	-0.09942	0.07520	0.11627	0.04385	-0.05121	-0.08948	0.19845	-0.09302	-0.06621	0.14329	(And (Agent $e0 $x0) (Member $x0 electrician) (Member $x1 yard_floodlight) (Patient $e0 $x1))
p201183	-0.06864	-0.02327	-0.00993	0.09342	-0.08181	-0.07381	0.03495	0.11675	-0.08478	-0.12788	0.17353	0.15847	0.08193	-0.04253	-0.04032	0.07723	-0.07990	-0.09846	0.10127	-0.02760	-0.07682	-0.04292	-0.09942	0.07520	0.11627	0.04385	-0.05121	-0.08948	0.19845	-0.09302	-0.06621	0.14329	(And (Agent $e0 $x0) (Member $x0 electrician) (Past $e0) (Patient $e0 $x1))
p201184	0.07917	-0.11065	0.04117	0.08971	0.10131	-0.09826	-0.05261	0.08178	-0.02502	-0.00882	-0.04525	-0.07516	0.11979	-0.05842	0.10107	-0.00927	-0.05853	0.04770	0.02271	-0.05840	0.19770	0.09598	0.08292	-0.05562	0.04446	-0.00827	-0.10204	-0.08437	-0.03597	-0.03038	-0.01131	0.15293	(And (Agent $e0 $x0) (Member $x0 pottery_studio) (Member $x1 kiln) (Theme $e0 $x1))
p201185	0.07917	-0.11065	0.04117	0.08971	0.10131	-0.09826	-0.05261	0.08178	-0.02502	-0.00882	-0.04525	-0.07516	0.11979	-0.05842	0.10107	-0.00927	-0.05853	0.04770	0.02271	-0.05840	0.19770	0.09598	0.08292	-0.05562	0.04446	-0.00827	-0.10204	-0.08437	-0.03597	-0.03038	-0.01131	0.15293	(And (Agent $e0 $x0) (Member $x0 pottery_studio) (Past $e0) (Theme $e0 $x1))
p201186	-0.03789	-0.15295	0.05696	-0.07590	-0.06486	0.06239	0.09135	-0.08812	-0.07933	-0.06726	0.12429	-0.05520	0.07509	-0.04918	0.05730	-0.09934	0.17859	0.03695	-0.03736	0.00103	-0.06282	0.05204	0.04247	0.03593	0.01982	0.12325	-0.06897	0.00795	-0.01937	-0.09478	0.06463	-0.11457	(And (Agent $e0 $x0) (Member $x0 school) (Past $e0) (Theme $e0 $x1))
p201187	0.07917	-0.11065	0.04117	0.08971	0.10131	-0.09826	-0.05261	0.08178	-0.02502	-0.00882	-0.04525	-0.07516	0.11979	-0.05842	0.10107	-0.00927	-0.05853	0.04770	0.02271	-0.05840	0.19770	0.09598	0.08292	-0.05562	0.04446	-0.00827	-0.10204	-0.08437	-0.03597	-0.03038	-0.01131	0.15293	(And (Agent $e0 $x0) (Member $x1 kiln) (Past $e0) (Theme $e0 $x1))
p201188	-0.06864	-0.02327	-0.00993	0.09342	-0.08181	-0.07381	0.03495	0.11675	-0.08478	-0.12788	0.17353	0.15847	0.08193	-0.04253	-0.04032	0.07723	-0.07990	-0.09846	0.10127	-0.02760	-0.07682	-0.04292	-0.09942	0.07520	0.11627	0.04385	-0.05121	-0.08948	0.19845	-0.09302	-0.06621	0.14329	(And (Agent $e0 $x0) (Member $x1 yard_floodlight) (Past $e0) (Patient $e0 $x1))
p201189	-0.03690	-0.13334	0.07150	-0.04736	-0.05640	0.05394	0.07249	-0.07514	-0.07288	-0.05167	0.11307	-0.03108	0.06496	-0.02290	0.05214	-0.08919	0.18095	0.03987	-0.02167	0.01225	-0.05659	0.02754	0.02147	0.01597	0.01880	0.12005	-0.06774	-0.00044	-0.03162	-0.09214	0.07129	-0.10641	(And (Beneficiary $e0 $x0) (Member $x0 hall) (Member $x1 projector) (Theme $e0 $x1))
p201190	-0.03690	-0.13334	0.07150	-0.04736	-0.05640	0.05394	0.07249	-0.07514	-0.07288	-0.05167	0.11307	-0.03108	0.06496	-0.02290	0.05214	-0.08919	0.18095	0.03987	-0.02167	0.01225	-0.05659	0.02754	0.02147	0.01597	0.01880	0.12005	-0.06774	-0.00044	-0.03162	-0.09214	0.07129	-0.10641	(And (Beneficiary $e0 $x0) (Member $x1 projector) (Past $e0) (Theme $e0 $x1))
p201191	0.07776	0.22352	-0.11315	-0.04313	-0.10342	-0.05408	0.11209	0.07856	-0.09664	-0.06088	-0.02384	-0.09242	0.03459	0.13660	0.02145	-0.06615	-0.04528	0.12099	0.13088	0.06969	0.00880	-0.01551	-0.10057	-0.10146	0.02284	-0.08751	-0.05559	0.12180	0.09615	-0.04129	0.15621	-0.01917	(And (GroupOf $x0 lemon) (Member $x0 crate) (Past $e0) (Theme $e0 $x0))
p201192	-0.04523	-0.04890	-0.03913	0.04868	0.03813	-0.00464	0.13601	0.05839	-0.04384	0.05846	-0.02105	-0.08602	0.05401	-0.01544	-0.10422	0.05850	0.15406	-0.02396	-0.03454	-0.03005	-0.04215	-0.06346	-0.11270	-0.11846	0.00706	-0.06986	-0.07679	-0.06064	-0.00264	0.04940	-0.04664	-0.02813	(And (Inheritance apple_harvest harvest) (Member $x0 apple_harvest) (Patient $e0 $x0) (Time $e0 (Month september)))
p201193	-0.08904	0.03519	0.08176	-0.05822	0.11878	0.15931	-0.08454	0.08826	-0.03472	-0.11970	-0.05672	0.02356	-0.03086	-0.02868	0.04362	-0.06835	0.07945	-0.04681	0.17951	0.09632	0.01035	0.07359	-0.07988	-0.08444	0.14332	-0.06279	-0.02962	0.03868	-0.06855	0.10188	-0.05983	-0.07475	(And (Inheritance north_route north) (Inheritance north_route route) (Member $x0 north_route) (Theme $e0 $x0))
p201194	-0.00214	-0.00182	-0.01075	0.02681	0.00498	-0.00572	0.02104	-0.00035	-0.01424	0.02177	-0.00777	-0.04736	0.01033	-0.02332	-0.00601	0.00176	0.04239	-0.01477	-0.00823	0.00584	-0.00496	-0.01731	-0.05194	-0.01307	0.00549	-0.01119	-0.01370	-0.00850	-0.00288	0.01368	-0.00816	-0.00190	(And (Inheritance shoreline_survey survey) (Member $x0 shoreline_survey) (Patient $e0 $x0) (Time $e0 dawn))
p201195	-0.06864	-0.02327	-0.00993	0.09342	-0.08181	-0.07381	0.03495	0.11675	-0.08478	-0.12788	0.17353	0.15847	0.08193	-0.04253	-0.04032	0.07723	-0.07990	-0.09846	0.10127	-0.02760	-0.07682	-0.04292	-0.09942	0.07520	0.11627	0.04385	-0.05121	-0.08948	0.19845	-0.09302	-0.06621	0.14329	(And (Inheritance yard_floodlight floodlight) (Member $x0 yard_floodlight) (Past $e0) (Patient $e0 $x0))
p201404	-0.03789	-0.15295	0.05696	-0.07590	-0.06486	0.06239	0.09135	-0.08812	-0.07933	-0.06726	0.12429	-0.05520	0.07509	-0.04918	0.05730	-0.09934	0.17859	0.03695	-0.03736	0.00103	-0.06283	0.05204	0.04247	0.03593	0.01982	0.12325	-0.06897	0.00795	-0.01937	-0.09478	0.06463	-0.11457	(And (Agent $e0 $x0) (Beneficiary $e0 $x1) (Member $x0 school))
p201405	-0.03789	-0.15295	0.05696	-0.07590	-0.06486	0.06239	0.09135	-0.08812	-0.07933	-0.06726	0.12429	-0.05520	0.07509	-0.04918	0.05730	-0.09934	0.17859	0.03695	-0.03736	0.00103	-0.06283	0.05204	0.04247	0.03593	0.01982	0.12325	-0.06897	0.00795	-0.01937	-0.09478	0.06463	-0.11457	(And (Agent $e0 $x0) (Beneficiary $e0 $x1) (Member $x1 hall))
p201406	-0.08904	0.03519	0.08176	-0.05822	0.11878	0.15931	-0.08454	0.08826	-0.03472	-0.11970	-0.05672	0.02356	-0.03086	-0.02868	0.04362	-0.06835	0.07945	-0.04681	0.17951	0.09632	0.01035	0.07359	-0.07988	-0.08444	0.14332	-0.06279	-0.02962	0.03868	-0.06855	0.10188	-0.05983	-0.07475	(And (Agent $e0 $x0) (GroupOf $x0 climber) (Theme $e0 $x1))
p201407	-0.10765	0.12828	-0.02263	0.03722	0.05866	0.14486	0.12312	0.01683	0.16514	0.10827	0.03900	-0.08867	-0.11540	-0.08423	0.01625	-0.09669	-0.13233	-0.10978	-0.08569	-0.02367	-0.03176	0.00832	0.06170	0.09992	0.01961	-0.10485	-0.02352	-0.02955	0.08430	-0.04866	-0.02524	0.01166	(And (Agent $e0 $x0) (GroupOf $x1 forklift) (Theme $e0 $x1))
p201408	0.07917	-0.11065	0.04117	0.08971	0.10131	-0.09826	-0.05261	0.08178	-0.02502	-0.00882	-0.04525	-0.07516	0.11979	-0.05842	0.10107	-0.00927	-0.05853	0.04770	0.02271	-0.05840	0.19770	0.09598	0.08292	-0.05562	0.04446	-0.00827	-0.10204	-0.08437	-0.03597	-0.03038	-0.01131	0.15293	(And (Agent $e0 $x0) (Inheritance pottery_studio studio) (Member $x0 pottery_studio))
p201409	-0.03255	0.00373	0.04458	-0.06445	-0.07463	0.11540	-0.01128	-0.07484	0.02062	-0.07987	0.09533	-0.12080	-0.07817	0.02287	-0.10056	0.11636	-0.10708	-0.10157	-0.05182	0.06711	0.14400	-0.06617	-0.06730	-0.05840	-0.04046	-0.08831	-0.16004	0.03495	-0.06166	-0.10461	0.07007	0.19138	(And (Agent $e0 $x0) (Location $e0 $x1) (Member $x1 point))
p201410	0.02307	-0.01259	0.00497	0.00338	-0.00369	0.00362	-0.00878	-0.00839	-0.00141	-0.01574	-0.00542	-0.00263	-0.00444	-0.00133	0.00489	-0.00550	-0.00203	-0.01387	-0.01917	-0.03529	-0.02067	0.00265	-0.00390	-0.00674	0.00092	-0.00611	0.02005	0.03102	0.01091	-0.00529	-0.02242	-0.01153	(And (Agent $e0 $x0) (Member $x0 automobile) (Theme $e0 $x1))
p201411	0.01349	-0.02379	-0.01732	0.00259	0.02378	0.00784	0.01157	-0.01717	-0.00949	-0.01841	-0.00214	0.00962	0.00292	0.00471	0.00373	0.00175	-0.00713	-0.00165	-0.03723	-0.03498	-0.02228	-0.00171	0.00708	-0.02395	-0.01776	-0.00627	0.01483	0.03417	0.01894	0.00649	-0.02806	-0.01419	(And (Agent $e0 $x0) (Member $x0 club) (Theme $e0 $x1))
p201412	-0.10765	0.12828	-0.02263	0.03722	0.05866	0.14486	0.12312	0.01683	0.16514	0.10827	0.03900	-0.08867	-0.11540	-0.08423	0.01625	-0.09669	-0.13233	-0.10978	-0.08569	-0.02367	-0.03176	0.00832	0.06170	0.09992	0.01961	-0.10485	-0.02352	-0.02955	0.08430	-0.04866	-0.02524	0.01166	(And (Agent $e0 $x0) (Member $x0 depot) (Past $e0))
p201413	-0.06864	-0.02327	-0.00993	0.09342	-0.08181	-0.07381	0.03495	0.11675	-0.08478	-0.12788	0.17353	0.15847	0.08193	-0.04253	-0.04032	0.07723	-0.07990	-0.09846	0.10127	-0.02760	-0.07682	-0.04292	-0.09942	0.07520	0.11627	0.04385	-0.05121	-0.08948	0.19845	-0.09302	-0.06621	0.14329	(And (Agent $e0 $x0) (Member $x0 electrician) (Past $e0))
p201414	-0.06864	-0.02327	-0.00993	0.09342	-0.08181	-0.07381	0.03495	0.11675	-0.08478	-0.12788	0.17353	0.15847	0.08193	-0.04253	-0.04032	0.07723	-0.07990	-0.09846	0.10127	-0.02760	-0.07682	-0.04292	-0.09942	0.07520	0.11627	0.04385	-0.05121	-0.08948	0.19845	-0.09302	-0.06621	0.14329	(And (Agent $e0 $x0) (Member $x0 electrician) (Patient $e0 $x1))
p201415	0.07917	-0.11065	0.04117	0.08971	0.10131	-0.09826	-0.05261	0.08178	-0.02502	-0.00882	-0.04525	-0.07516	0.11979	-0.05842	0.10107	-0.00927	-0.05853	0.04770	0.02271	-0.05840	0.19770	0.09598	0.08292	-0.05562	0.04446	-0.00827	-0.10204	-0.08437	-0.03597	-0.03038	-0.01131	0.15293	(And (Agent $e0 $x0) (Member $x0 pottery_studio) (Past $e0))
p201416	0.07917	-0.11065	0.04117	0.08971	0.10131	-0.09826	-0.05261	0.08178	-0.02502	-0.00882	-0.04525	-0.07516	0.11979	-0.05842	0.10107	-0.00927	-0.05853	0.04770	0.02271	-0.05840	0.19770	0.09598	0.08292	-0.05562	0.04446	-0.00827	-0.10204	-0.08437	-0.03597	-0.03038	-0.01131	0.15293	(And (Agent $e0 $x0) (Member $x0 pottery_studio) (Theme $e0 $x1))
p201417	-0.03789	-0.15295	0.05696	-0.07590	-0.06486	0.06239	0.09135	-0.08812	-0.07933	-0.06726	0.12429	-0.05520	0.07509	-0.04918	0.05730	-0.09934	0.17859	0.03695	-0.03736	0.00103	-0.06282	0.05204	0.04247	0.03593	0.01982	0.12325	-0.06897	0.00795	-0.01937	-0.09478	0.06463	-0.11457	(And (Agent $e0 $x0) (Member $x0 school) (Past $e0))
p201418	0.07917	-0.11065	0.04117	0.08971	0.10131	-0.09826	-0.05261	0.08178	-0.02502	-0.00882	-0.04525	-0.07516	0.11979	-0.05842	0.10107	-0.00927	-0.05853	0.04770	0.02271	-0.05840	0.19770	0.09598	0.08292	-0.05562	0.04446	-0.00827	-0.10204	-0.08437	-0.03597	-0.03038	-0.01131	0.15293	(And (Agent $e0 $x0) (Member $x1 kiln) (Theme $e0 $x1))
p201419	-0.08904	0.03519	0.08176	-0.05822	0.11878	0.15931	-0.08454	0.08826	-0.03472	-0.11970	-0.05672	0.02356	-0.03086	-0.02868	0.04362	-0.06835	0.07945	-0.04681	0.17951	0.09632	0.01035	0.07359	-0.07988	-0.08444	0.14332	-0.06279	-0.02962	0.03868	-0.06855	0.10188	-0.05983	-0.07475	(And (Agent $e0 $x0) (Member $x1 north_route) (Theme $e0 $x1))
p201420	0.01348	-0.02379	-0.01732	0.00259	0.02378	0.00784	0.01157	-0.01717	-0.00949	-0.01841	-0.00214	0.00962	0.00292	0.00471	0.00373	0.00174	-0.00714	-0.00165	-0.03724	-0.03498	-0.02228	-0.00171	0.00708	-0.02395	-0.01776	-0.00627	0.01483	0.03417	0.01894	0.00648	-0.02806	-0.01419	(And (Agent $e0 $x0) (Member $x1 tournament) (Theme $e0 $x1))
p201421	-0.06864	-0.02327	-0.00993	0.09342	-0.08181	-0.07381	0.03495	0.11675	-0.08478	-0.12788	0.17353	0.15847	0.08193	-0.04253	-0.04032	0.07723	-0.07990	-0.09846	0.10127	-0.02760	-0.07682	-0.04292	-0.09942	0.07520	0.11627	0.04385	-0.05121	-0.08948	0.19845	-0.09302	-0.06621	0.14329	(And (Agent $e0 $x0) (Member $x1 yard_floodlight) (Patient $e0 $x1))
p201423	0.14559	0.11109	0.13180	-0.05564	0.02157	-0.02689	-0.10922	0.17776	-0.00325	0.00186	0.06851	-0.10149	-0.11300	0.03294	-0.10571	-0.14980	0.16995	0.09712	-0.06674	-0.01033	0.22049	-0.09137	-0.03627	0.13732	-0.07673	0.15806	-0.11257	-0.04392	0.08020	0.17768	-0.07366	-0.17954	(And (Agent $e0 $x0) (Patient $e1 $x1) (Theme $e0 $e1))
p201424	-0.03690	-0.13334	0.07150	-0.04736	-0.05640	0.05394	0.07249	-0.07514	-0.07288	-0.05167	0.11307	-0.03108	0.06496	-0.02290	0.05214	-0.08919	0.18095	0.03987	-0.02167	0.01225	-0.05659	0.02754	0.02147	0.01597	0.01880	0.12005	-0.06774	-0.00044	-0.03162	-0.09214	0.07129	-0.10641	(And (Beneficiary $e0 $x0) (Member $x1 projector) (Theme $e0 $x1))
p201425	-0.03311	0.20506	0.08708	-0.04043	-0.01843	-0.12193	0.10924	0.03501	-0.09048	0.01979	0.03897	0.08766	0.06292	-0.01217	0.00470	0.15792	-0.11445	-0.05736	-0.09461	0.02086	0.06360	0.09482	0.07806	-0.06171	-0.01080	0.16992	-0.04080	0.05809	-0.06015	0.05006	-0.09955	-0.04204	(And (Cardinality $x0 <num>) (Holder $e0 $x1) (Theme $e0 $x0))
p201426	-0.02895	0.19239	0.07896	-0.04038	-0.01442	-0.11355	0.10430	0.02941	-0.08645	0.01423	0.03492	0.08540	0.06061	-0.01240	0.00321	0.15034	-0.11247	-0.05858	-0.09440	0.01535	0.06056	0.09240	0.07784	-0.05972	-0.01176	0.16312	-0.03954	0.05717	-0.05391	0.04629	-0.09725	-0.04272	(And (Cardinality $x0 <num>) (Member $e0 require) (Theme $e0 $x0))
p201427	0.07776	0.22352	-0.11315	-0.04313	-0.10342	-0.05408	0.11209	0.07856	-0.09664	-0.06088	-0.02384	-0.09242	0.03459	0.13660	0.02145	-0.06615	-0.04528	0.12099	0.13088	0.06969	0.00880	-0.01551	-0.10057	-0.10146	0.02284	-0.08751	-0.05559	0.12180	0.09615	-0.04129	0.15621	-0.01917	(And (GroupOf $x0 lemon) (Past $e0) (Theme $e0 $x0))
p201428	-0.04523	-0.04890	-0.03913	0.04868	0.03813	-0.00464	0.13601	0.05839	-0.04384	0.05846	-0.02105	-0.08602	0.05401	-0.01544	-0.10422	0.05850	0.15406	-0.02396	-0.03454	-0.03005	-0.04215	-0.06346	-0.11270	-0.11846	0.00706	-0.06986	-0.07679	-0.06064	-0.00264	0.04940	-0.04664	-0.02813	(And (Inheritance apple_harvest harvest) (Member $x0 apple_harvest) (Patient $e0 $x0))
p201429	-0.08904	0.03519	0.08176	-0.05822	0.11878	0.15931	-0.08454	0.08826	-0.03472	-0.11970	-0.05672	0.02356	-0.03086	-0.02868	0.04362	-0.06835	0.07945	-0.04681	0.17951	0.09632	0.01035	0.07359	-0.07988	-0.08444	0.14332	-0.06279	-0.02962	0.03868	-0.06855	0.10188	-0.05983	-0.07475	(And (Inheritance north_route north) (Inheritance north_route route) (Member $x0 north_route))
p201430	-0.08904	0.03519	0.08176	-0.05822	0.11878	0.15931	-0.08454	0.08826	-0.03472	-0.11970	-0.05672	0.02356	-0.03086	-0.02868	0.04362	-0.06835	0.07945	-0.04681	0.17951	0.09632	0.01035	0.07359	-0.07988	-0.08444	0.14332	-0.06279	-0.02962	0.03868	-0.06855	0.10188	-0.05983	-0.07475	(And (Inheritance north_route north) (Member $x0 north_route) (Theme $e0 $x0))
p201431	-0.08904	0.03519	0.08176	-0.05822	0.11878	0.15931	-0.08454	0.08826	-0.03472	-0.11970	-0.05672	0.02356	-0.03086	-0.02868	0.04362	-0.06835	0.07945	-0.04681	0.17951	0.09632	0.01035	0.07359	-0.07988	-0.08444	0.14332	-0.06279	-0.02962	0.03868	-0.06855	0.10188	-0.05983	-0.07475	(And (Inheritance north_route route) (Member $x0 north_route) (Theme $e0 $x0))
p201432	-0.00223	-0.00190	-0.01082	0.02673	0.00490	-0.00578	0.02099	-0.00043	-0.01431	0.02170	-0.00783	-0.04745	0.01027	-0.02340	-0.00611	0.00168	0.04232	-0.01484	-0.00830	0.00575	-0.00502	-0.01739	-0.05202	-0.01314	0.00543	-0.01126	-0.01378	-0.00858	-0.00295	0.01360	-0.00824	-0.00197	(And (Inheritance shoreline_survey survey) (Member $x0 shoreline_survey) (Patient $e0 $x0))
p201433	-0.06864	-0.02327	-0.00993	0.09342	-0.08181	-0.07381	0.03495	0.11675	-0.08478	-0.12788	0.17353	0.15847	0.08193	-0.04253	-0.04032	0.07723	-0.07990	-0.09846	0.10127	-0.02760	-0.07682	-0.04292	-0.09942	0.07520	0.11627	0.04385	-0.05121	-0.08948	0.19845	-0.09302	-0.06621	0.14329	(And (Inheritance yard_floodlight floodlight) (Member $x0 yard_floodlight) (Patient $e0 $x0))
p201434	-0.03255	0.00373	0.04458	-0.06445	-0.07463	0.11540	-0.01128	-0.07484	0.02062	-0.07987	0.09533	-0.12080	-0.07817	0.02287	-0.10056	0.11636	-0.10708	-0.10157	-0.05182	0.06711	0.14400	-0.06617	-0.06730	-0.05840	-0.04046	-0.08831	-0.16004	0.03495	-0.06166	-0.10461	0.07007	0.19138	(And (Location $e0 $x0) (Member $x0 point) (Theme $e0 $x1))
p201436	-0.04523	-0.04890	-0.03913	0.04868	0.03813	-0.00464	0.13601	0.05839	-0.04384	0.05846	-0.02105	-0.08602	0.05401	-0.01544	-0.10422	0.05850	0.15406	-0.02396	-0.03454	-0.03005	-0.04215	-0.06346	-0.11270	-0.11846	0.00706	-0.06986	-0.07679	-0.06064	-0.00264	0.04940	-0.04664	-0.02813	(And (Member $x0 apple_harvest) (Patient $e0 $x0) (Time $e0 (Month september)))
p201437	0.07776	0.22352	-0.11315	-0.04313	-0.10342	-0.05408	0.11209	0.07856	-0.09664	-0.06088	-0.02384	-0.09242	0.03459	0.13660	0.02145	-0.06615	-0.04528	0.12099	0.13088	0.06969	0.00880	-0.01551	-0.10057	-0.10146	0.02284	-0.08751	-0.05559	0.12180	0.09615	-0.04129	0.15621	-0.01917	(And (Member $x0 crate) (Past $e0) (Theme $e0 $x0))
p201438	-0.12629	-0.06855	-0.06460	-0.05625	-0.07864	0.07003	0.05700	-0.09525	-0.05684	0.10149	-0.04509	0.02298	-0.05703	-0.06338	0.05742	-0.11105	-0.13802	0.11715	0.05977	-0.03781	0.12064	-0.01834	-0.07799	-0.05260	-0.08480	0.18582	-0.11231	-0.04268	0.16484	0.14568	-0.03636	0.17779	(And (Member $x0 firm) (Member $x1 tender) (Possession $x1 $x0))
p201439	-0.03690	-0.13334	0.07150	-0.04736	-0.05640	0.05394	0.07249	-0.07514	-0.07288	-0.05167	0.11307	-0.03108	0.06496	-0.02290	0.05214	-0.08919	0.18095	0.03987	-0.02167	0.01225	-0.05659	0.02754	0.02147	0.01597	0.01880	0.12005	-0.06774	-0.00044	-0.03162	-0.09214	0.07129	-0.10641	(And (Member $x0 projector) (Past $e0) (Theme $e0 $x0))
p201440	-0.00224	-0.00191	-0.01083	0.02671	0.00489	-0.00579	0.02098	-0.00045	-0.01432	0.02168	-0.00784	-0.04746	0.01025	-0.02341	-0.00612	0.00166	0.04230	-0.01485	-0.00832	0.00574	-0.00503	-0.01740	-0.05203	-0.01316	0.00541	-0.01127	-0.01379	-0.00859	-0.00296	0.01359	-0.00825	-0.00199	(And (Member $x0 shoreline_survey) (Patient $e0 $x0) (Time $e0 dawn))
p201441	-0.06864	-0.02327	-0.00993	0.09342	-0.08181	-0.07381	0.03495	0.11675	-0.08478	-0.12788	0.17353	0.15847	0.08193	-0.04253	-0.04032	0.07723	-0.07990	-0.09846	0.10127	-0.02760	-0.07682	-0.04292	-0.09942	0.07520	0.11627	0.04385	-0.05121	-0.08948	0.19845	-0.09302	-0.06621	0.14329	(And (Member $x0 yard_floodlight) (Past $e0) (Patient $e0 $x0))
p201533	-0.00974	0.06197	-0.03162	0.08698	0.15433	-0.02996	-0.02180	-0.09078	-0.03156	0.06220	0.07988	0.04440	-0.01306	-0.00519	0.05577	-0.04461	0.01376	-0.03178	0.04061	0.03568	0.04978	-0.02694	-0.03472	-0.02817	-0.02884	0.05178	-0.02637	0.01603	-0.06013	-0.04316	0.12074	-0.01517	(And (Inheritance afternoon_session session) (Member $x0 afternoon_session))
p201534	-0.04523	-0.04890	-0.03913	0.04868	0.03813	-0.00464	0.13601	0.05839	-0.04384	0.05846	-0.02105	-0.08602	0.05401	-0.01544	-0.10422	0.05850	0.15406	-0.02396	-0.03454	-0.03005	-0.04215	-0.06346	-0.11270	-0.11846	0.00706	-0.06986	-0.07679	-0.06064	-0.00264	0.04940	-0.04664	-0.02813	(And (Inheritance apple_harvest harvest) (Member $x0 apple_harvest))
p201535	-0.05518	-0.05611	-0.04085	0.04343	0.03564	-0.00373	0.14020	0.06584	-0.04227	0.06210	-0.02936	-0.09411	0.05757	-0.01942	-0.11307	0.06602	0.14849	-0.01769	-0.03210	-0.03665	-0.04159	-0.06790	-0.10794	-0.12134	0.00490	-0.07130	-0.08253	-0.06441	-0.00195	0.05418	-0.04722	-0.02943	(And (Inheritance dress_rehearsal rehearsal) (Member $x0 dress_rehearsal))
p201536	0.01485	0.00581	-0.00320	0.01921	0.02809	-0.00480	-0.01192	-0.02474	-0.00779	0.00510	0.01192	0.00372	-0.00840	-0.00315	0.01815	-0.01432	0.00330	-0.01850	-0.00301	-0.01254	-0.00053	-0.00541	-0.00934	-0.00843	-0.00373	0.00765	0.00791	0.02033	-0.00760	-0.01591	0.01185	-0.01013	(And (Inheritance evening_flight flight) (Member $x0 evening_flight))
p201537	0.02889	-0.01545	0.00611	0.00001	-0.01167	0.00111	-0.00769	-0.00613	-0.00045	-0.01533	-0.00601	-0.00827	-0.00620	-0.00176	0.00956	-0.00305	-0.00101	-0.01938	-0.02055	-0.03604	-0.02348	0.00543	-0.00580	-0.00413	0.00443	-0.00359	0.02441	0.02766	0.01080	-0.00731	-0.02535	-0.00916	(And (Inheritance loan_application application) (Member $x0 loan_application))
p201538	-0.08904	0.03519	0.08176	-0.05822	0.11878	0.15931	-0.08454	0.08826	-0.03472	-0.11970	-0.05672	0.02356	-0.03086	-0.02868	0.04362	-0.06835	0.07945	-0.04681	0.17951	0.09632	0.01035	0.07359	-0.07988	-0.08444	0.14332	-0.06279	-0.02962	0.03868	-0.06855	0.10188	-0.05983	-0.07475	(And (Inheritance north_route north) (Member $x0 north_route))
p201539	-0.08904	0.03519	0.08176	-0.05822	0.11878	0.15931	-0.08454	0.08826	-0.03472	-0.11970	-0.05672	0.02356	-0.03086	-0.02868	0.04362	-0.06835	0.07945	-0.04681	0.17951	0.09632	0.01035	0.07359	-0.07988	-0.08444	0.14332	-0.06279	-0.02962	0.03868	-0.06855	0.10188	-0.05983	-0.07475	(And (Inheritance north_route route) (Member $x0 north_route))
p201540	0.00228	-0.01763	0.00533	-0.00911	-0.01667	0.01270	-0.00506	-0.01328	-0.00851	-0.00323	-0.01334	-0.00735	-0.01581	-0.01309	0.02120	-0.02401	-0.01615	0.00312	0.00367	-0.02830	-0.00644	0.00194	-0.02021	-0.01472	0.00166	0.01845	0.01071	0.01909	0.02813	0.01943	-0.02652	0.00549	(And (Inheritance rescue_team team) (Member $x0 rescue_team))
p201541	-0.00270	-0.00239	-0.01129	0.02627	0.00443	-0.00623	0.02054	-0.00094	-0.01482	0.02122	-0.00827	-0.04792	0.00983	-0.02385	-0.00659	0.00115	0.04186	-0.01527	-0.00881	0.00529	-0.00545	-0.01784	-0.05248	-0.01360	0.00495	-0.01173	-0.01425	-0.00904	-0.00341	0.01313	-0.00876	-0.00249	(And (Inheritance shoreline_survey survey) (Member $x0 shoreline_survey))
p201542	-0.01275	0.06269	-0.03306	0.08263	0.15078	-0.03035	-0.02051	-0.08627	-0.03148	0.06366	0.07939	0.04426	-0.01286	-0.00732	0.05508	-0.04256	0.01443	-0.03002	0.04329	0.04301	0.05149	-0.02799	-0.03243	-0.02398	-0.02713	0.05262	-0.02859	0.00807	-0.06036	-0.04178	0.12324	-0.01125	(And (Inheritance summer_fair fair) (Member $x0 summer_fair))
p201571	0.00086	0.07144	0.02228	-0.02152	-0.00604	-0.03026	0.04209	0.00734	-0.02884	-0.02115	0.01532	0.02903	0.01137	-0.00150	0.02051	0.03272	-0.03711	-0.00991	-0.03767	0.03888	0.01671	-0.00955	0.03813	-0.03096	0.01126	0.05027	-0.01500	-0.00680	-0.01808	0.00207	-0.04121	0.00164	(And (Inheritance monthly_servicing monthly) (Inheritance monthly_servicing servicing))
p201572	-0.08904	0.03519	0.08176	-0.05822	0.11878	0.15931	-0.08454	0.08826	-0.03472	-0.11970	-0.05672	0.02356	-0.03086	-0.02868	0.04362	-0.06835	0.07945	-0.04681	0.17951	0.09632	0.01035	0.07359	-0.07988	-0.08444	0.14332	-0.06279	-0.02962	0.03868	-0.06855	0.10188	-0.05983	-0.07475	(And (Inheritance north_route north) (Inheritance north_route route))
p201586	-0.00974	0.06197	-0.03162	0.08698	0.15433	-0.02996	-0.02180	-0.09078	-0.03156	0.06220	0.07988	0.04440	-0.01306	-0.00519	0.05577	-0.04461	0.01376	-0.03178	0.04061	0.03568	0.04978	-0.02694	-0.03472	-0.02817	-0.02884	0.05178	-0.02637	0.01603	-0.06013	-0.04316	0.12074	-0.01517	(Inheritance afternoon_session session)
p201587	-0.04523	-0.04890	-0.03913	0.04868	0.03813	-0.00464	0.13601	0.05839	-0.04384	0.05846	-0.02105	-0.08602	0.05401	-0.01544	-0.10422	0.05850	0.15406	-0.02396	-0.03454	-0.03005	-0.04215	-0.06346	-0.11270	-0.11846	0.00706	-0.06986	-0.07679	-0.06064	-0.00264	0.04940	-0.04664	-0.02813	(Inheritance apple_harvest harvest)
p201588	-0.05518	-0.05611	-0.04085	0.04343	0.03564	-0.00373	0.14020	0.06584	-0.04227	0.06210	-0.02936	-0.09411	0.05757	-0.01942	-0.11307	0.06602	0.14849	-0.01769	-0.03210	-0.03665	-0.04159	-0.06790	-0.10794	-0.12134	0.00490	-0.07130	-0.08253	-0.06441	-0.00195	0.05418	-0.04722	-0.02943	(Inheritance dress_rehearsal rehearsal)
p201589	0.01485	0.00581	-0.00320	0.01921	0.02809	-0.00480	-0.01192	-0.02474	-0.00779	0.00510	0.01192	0.00372	-0.00840	-0.00315	0.01814	-0.01432	0.00330	-0.01850	-0.00301	-0.01254	-0.00053	-0.00541	-0.00934	-0.00843	-0.00373	0.00765	0.00791	0.02033	-0.00760	-0.01591	0.01185	-0.01013	(Inheritance evening_flight flight)
p201590	0.02889	-0.01545	0.00611	0.00001	-0.01167	0.00111	-0.00769	-0.00613	-0.00045	-0.01533	-0.00601	-0.00827	-0.00620	-0.00176	0.00956	-0.00305	-0.00101	-0.01937	-0.02055	-0.03604	-0.02348	0.00543	-0.00580	-0.00413	0.00443	-0.00359	0.02441	0.02766	0.01080	-0.00731	-0.02535	-0.00916	(Inheritance loan_application application)
p201591	0.00086	0.07144	0.02228	-0.02152	-0.00604	-0.03026	0.04209	0.00734	-0.02884	-0.02115	0.01532	0.02902	0.01137	-0.00150	0.02051	0.03272	-0.03711	-0.00991	-0.03767	0.03888	0.01671	-0.00955	0.03813	-0.03096	0.01126	0.05027	-0.01500	-0.00680	-0.01808	0.00207	-0.04121	0.00164	(Inheritance monthly_servicing monthly)
p201592	0.00086	0.07144	0.02228	-0.02152	-0.00604	-0.03026	0.04209	0.00734	-0.02884	-0.02115	0.01532	0.02902	0.01137	-0.00150	0.02051	0.03272	-0.03711	-0.00991	-0.03767	0.03888	0.01671	-0.00955	0.03813	-0.03096	0.01126	0.05027	-0.01500	-0.00680	-0.01808	0.00207	-0.04121	0.00164	(Inheritance monthly_servicing servicing)
p201593	-0.08904	0.03519	0.08176	-0.05822	0.11878	0.15931	-0.08454	0.08826	-0.03472	-0.11970	-0.05672	0.02356	-0.03086	-0.02868	0.04362	-0.06835	0.07945	-0.04681	0.17951	0.09632	0.01035	0.07359	-0.07988	-0.08444	0.14332	-0.06279	-0.02962	0.03868	-0.06855	0.10188	-0.05983	-0.07475	(Inheritance north_route north)
p201594	-0.08904	0.03519	0.08176	-0.05822	0.11878	0.15931	-0.08454	0.08826	-0.03472	-0.11970	-0.05672	0.02356	-0.03086	-0.02868	0.04362	-0.06835	0.07945	-0.04681	0.17951	0.09632	0.01035	0.07359	-0.07988	-0.08444	0.14332	-0.06279	-0.02962	0.03868	-0.06855	0.10188	-0.05983	-0.07475	(Inheritance north_route route)
p201595	0.00229	-0.01762	0.00534	-0.00911	-0.01666	0.01271	-0.00505	-0.01327	-0.00851	-0.00322	-0.01334	-0.00735	-0.01580	-0.01309	0.02121	-0.02401	-0.01615	0.00313	0.00368	-0.02829	-0.00644	0.00194	-0.02020	-0.01471	0.00167	0.01846	0.01072	0.01909	0.02814	0.01944	-0.02651	0.00550	(Inheritance rescue_team team)
p201596	-0.00254	-0.00223	-0.01113	0.02642	0.00459	-0.00607	0.02071	-0.00076	-0.01465	0.02138	-0.00811	-0.04776	0.00998	-0.02369	-0.00642	0.00132	0.04201	-0.01512	-0.00864	0.00545	-0.00530	-0.01768	-0.05232	-0.01344	0.00512	-0.01156	-0.01409	-0.00888	-0.00324	0.01329	-0.00858	-0.00231	(Inheritance shoreline_survey survey)
p201597	-0.01275	0.06269	-0.03306	0.08263	0.15078	-0.03035	-0.02051	-0.08627	-0.03148	0.06366	0.07939	0.04426	-0.01286	-0.00732	0.05508	-0.04256	0.01443	-0.03002	0.04329	0.04301	0.05149	-0.02799	-0.03243	-0.02398	-0.02713	0.05262	-0.02859	0.00807	-0.06036	-0.04178	0.12324	-0.01125	(Inheritance summer_fair fair)
p201622	-0.03789	-0.15295	0.05696	-0.07590	-0.06486	0.06239	0.09135	-0.08812	-0.07933	-0.06726	0.12429	-0.05520	0.07509	-0.04918	0.05730	-0.09934	0.17859	0.03695	-0.03736	0.00103	-0.06283	0.05204	0.04247	0.03593	0.01982	0.12325	-0.06897	0.00795	-0.01937	-0.09478	0.06463	-0.11457	(And (Agent $e0 $x0) (Beneficiary $e0 $x1) (Past $e0) (Theme $e0 $x2))
p201623	-0.04476	0.05176	-0.07517	0.07010	-0.13932	0.17841	-0.18931	-0.03611	0.13125	-0.03384	-0.19985	-0.03008	0.14876	0.03353	0.09336	0.06061	0.17244	-0.07901	0.18305	-0.04741	0.28240	-0.09167	0.13148	-0.14406	-0.10461	0.05272	0.20484	-0.02006	0.03761	-0.14285	-0.03532	-0.27732	(And (Agent $e0 $x0) (Member $e0 build) (Past $e0) (Patient $e0 $x1))
p201633	-0.03789	-0.15295	0.05696	-0.07590	-0.06486	0.06239	0.09135	-0.08812	-0.07933	-0.06726	0.12429	-0.05520	0.07509	-0.04918	0.05730	-0.09934	0.17859	0.03695	-0.03736	0.00103	-0.06283	0.05204	0.04247	0.03593	0.01982	0.12325	-0.06897	0.00795	-0.01937	-0.09478	0.06463	-0.11457	(And (Agent $e0 $x0) (Beneficiary $e0 $x1) (Past $e0))
p201634	-0.03789	-0.15295	0.05696	-0.07590	-0.06486	0.06239	0.09135	-0.08812	-0.07933	-0.06726	0.12429	-0.05520	0.07509	-0.04918	0.05730	-0.09934	0.17859	0.03695	-0.03736	0.00103	-0.06283	0.05204	0.04247	0.03593	0.01982	0.12325	-0.06897	0.00795	-0.01937	-0.09478	0.06463	-0.11457	(And (Agent $e0 $x0) (Beneficiary $e0 $x1) (Theme $e0 $x2))
p201635	-0.08904	0.03519	0.08176	-0.05822	0.11878	0.15931	-0.08454	0.08826	-0.03472	-0.11970	-0.05672	0.02356	-0.03086	-0.02868	0.04362	-0.06835	0.07945	-0.04681	0.17951	0.09632	0.01035	0.07359	-0.07988	-0.08444	0.14332	-0.06279	-0.02962	0.03868	-0.06855	0.10188	-0.05983	-0.07475	(And (Agent $e0 $x0) (Cardinality $x0 <num>) (GroupOf $x0 climber))
p201636	0.05956	-0.08035	0.04993	-0.00551	0.04390	-0.04163	0.13460	-0.07875	0.03967	0.05159	-0.06122	0.04845	-0.02047	0.04441	0.05455	0.11156	0.06589	0.03274	0.11028	0.04406	0.02427	0.10965	-0.05626	0.03377	-0.04115	-0.06815	-0.05400	-0.00886	0.08252	-0.06386	-0.04127	-0.01912	(And (Agent $e0 $x0) (CoAgent $e0 $x1) (Location $e0 $x2))
p201637	0.08986	-0.13976	0.09657	-0.01159	0.07949	-0.08135	0.24241	-0.13523	0.11111	0.07578	-0.06277	0.08016	-0.03128	0.06834	0.08246	0.18035	0.06814	0.05564	0.17964	0.05943	0.01144	0.18336	-0.09790	0.05709	-0.07796	-0.11686	-0.07649	-0.00738	0.13606	-0.10589	-0.08275	-0.02672	(And (Agent $e0 $x0) (Location $e0 $x1) (Member $e0 work))
p201638	-0.03255	0.00373	0.04458	-0.06445	-0.07463	0.11540	-0.01128	-0.07484	0.02062	-0.07987	0.09533	-0.12080	-0.07817	0.02287	-0.10056	0.11636	-0.10708	-0.10157	-0.05182	0.06711	0.14400	-0.06617	-0.06730	-0.05840	-0.04046	-0.08831	-0.16004	0.03495	-0.06166	-0.10461	0.07007	0.19138	(And (Agent $e0 $x0) (Location $e0 $x1) (Theme $e0 $x2))
p201639	-0.04476	0.05176	-0.07517	0.07010	-0.13932	0.17841	-0.18931	-0.03611	0.13125	-0.03384	-0.19985	-0.03008	0.14876	0.03353	0.09336	0.06061	0.17244	-0.07901	0.18305	-0.04741	0.28240	-0.09167	0.13148	-0.14406	-0.10461	0.05272	0.20484	-0.02006	0.03761	-0.14285	-0.03532	-0.27732	(And (Agent $e0 $x0) (Member $e0 build) (Past $e0))
p201641	-0.02969	0.19666	0.07870	-0.04246	-0.01421	-0.11585	0.10789	0.02931	-0.08863	0.01371	0.03573	0.08776	0.06256	-0.01255	0.00296	0.15296	-0.11501	-0.05891	-0.09658	0.01629	0.06265	0.09466	0.08043	-0.06084	-0.01277	0.16535	-0.04088	0.05812	-0.05441	0.04834	-0.09912	-0.04333	(And (Cardinality $x0 <num>) (GroupOf $x0 egg) (Theme $e0 $x0))
p201642	0.07776	0.22352	-0.11315	-0.04313	-0.10342	-0.05408	0.11209	0.07856	-0.09664	-0.06088	-0.02384	-0.09242	0.03459	0.13660	0.02145	-0.06615	-0.04528	0.12099	0.13088	0.06969	0.00880	-0.01551	-0.10057	-0.10146	0.02284	-0.08751	-0.05559	0.12180	0.09615	-0.04129	0.15621	-0.01917	(And (GroupOf $x0 lemon) (Member $x0 crate) (Theme $e0 $x0))
p201643	-0.13682	0.00333	-0.04073	0.06601	0.06574	-0.01695	0.02187	-0.01081	-0.03249	-0.07062	-0.04629	0.03954	0.05109	-0.04775	-0.17542	0.03576	-0.01208	0.14668	-0.00435	0.08599	0.06073	-0.06066	0.08217	0.08039	-0.02888	-0.05383	-0.06934	0.06763	-0.00244	-0.06967	-0.04842	-0.07204	(And (Member $x0 budget) (Possession $x0 next_year) (Theme $e0 $x0))
p201675	-0.03789	-0.15295	0.05696	-0.07590	-0.06486	0.06239	0.09135	-0.08812	-0.07933	-0.06726	0.12429	-0.05520	0.07509	-0.04918	0.05730	-0.09934	0.17859	0.03695	-0.03736	0.00103	-0.06283	0.05204	0.04247	0.03593	0.01982	0.12325	-0.06897	0.00795	-0.01937	-0.09478	0.06463	-0.11457	(And (Agent $e0 $x0) (Beneficiary $e0 $x1))
p201676	0.01918	-0.01563	-0.03231	-0.02056	0.01951	0.00589	0.00290	0.00187	-0.01954	-0.00738	-0.01087	0.00629	-0.00794	0.00272	-0.02115	-0.00002	0.03518	-0.01087	-0.01443	-0.00239	0.00330	-0.00352	0.01658	-0.00835	0.00365	-0.01583	-0.01269	-0.01479	0.01678	-0.00952	-0.00903	-0.01766	(And (Agent $e0 $x0) (Future $e0))
p201677	0.01258	-0.01585	-0.05101	-0.04299	0.01756	0.01588	-0.03648	0.01446	-0.00383	-0.01647	-0.02842	0.03055	0.00202	0.00287	-0.02848	-0.00127	0.00944	-0.01742	0.01069	-0.02255	0.03167	0.04249	0.01759	0.02796	-0.01575	-0.00144	-0.01206	0.00045	0.00059	-0.00312	0.04189	-0.02722	(And (Agent $e0 $x0) (Goal $e0 $x1))
p201678	-0.08904	0.03519	0.08176	-0.05822	0.11878	0.15931	-0.08454	0.08826	-0.03472	-0.11970	-0.05672	0.02356	-0.03086	-0.02868	0.04362	-0.06835	0.07945	-0.04681	0.17951	0.09632	0.01035	0.07359	-0.07988	-0.08444	0.14332	-0.06279	-0.02962	0.03868	-0.06855	0.10188	-0.05983	-0.07475	(And (Agent $e0 $x0) (GroupOf $x0 climber))
p201679	0.02030	-0.00237	-0.01032	-0.03834	0.04415	-0.00786	-0.02051	-0.00125	-0.00029	-0.02983	-0.01468	-0.01055	-0.00421	-0.00432	-0.01944	-0.01126	-0.01806	-0.01414	-0.02215	-0.02844	0.01848	-0.00436	-0.01589	0.00945	-0.00942	0.02334	-0.01388	0.00671	0.00794	0.00579	-0.00570	-0.03595	(And (Agent $e0 $x0) (Member $e0 take))
p201680	0.02219	-0.02325	-0.03395	-0.05057	0.01317	0.00235	-0.02324	0.00803	0.02172	-0.01892	-0.01200	0.01691	0.00532	-0.00369	-0.02255	-0.00473	0.00642	-0.01529	0.01087	-0.02776	0.04002	0.03188	-0.00418	0.02312	-0.02295	-0.00919	-0.01311	0.00395	0.00008	-0.00994	0.01853	-0.02794	(And (Agent $e0 $x0) (Member $e0 walk))
p201681	0.08986	-0.13976	0.09657	-0.01159	0.07949	-0.08135	0.24241	-0.13523	0.11111	0.07578	-0.06277	0.08016	-0.03128	0.06834	0.08246	0.18035	0.06814	0.05564	0.17964	0.05943	0.01144	0.18336	-0.09790	0.05709	-0.07796	-0.11686	-0.07649	-0.00738	0.13606	-0.10589	-0.08275	-0.02672	(And (Agent $e0 $x0) (Member $e0 work))
p201682	0.02307	-0.01259	0.00497	0.00338	-0.00368	0.00363	-0.00878	-0.00839	-0.00141	-0.01574	-0.00542	-0.00263	-0.00444	-0.00133	0.00489	-0.00550	-0.00203	-0.01387	-0.01917	-0.03529	-0.02067	0.00265	-0.00390	-0.00674	0.00092	-0.00611	0.02005	0.03102	0.01091	-0.00529	-0.02242	-0.01153	(And (Agent $e0 $x0) (Member $x0 automobile))
p201683	0.01347	-0.02381	-0.01733	0.00257	0.02377	0.00783	0.01156	-0.01719	-0.00951	-0.01843	-0.00215	0.00961	0.00291	0.00470	0.00372	0.00173	-0.00715	-0.00166	-0.03725	-0.03499	-0.02229	-0.00172	0.00707	-0.02396	-0.01777	-0.00628	0.01481	0.03415	0.01893	0.00647	-0.02808	-0.01420	(And (Agent $e0 $x0) (Member $x0 club))
p201684	-0.06864	-0.02327	-0.00993	0.09342	-0.08181	-0.07381	0.03495	0.11675	-0.08478	-0.12788	0.17353	0.15847	0.08193	-0.04253	-0.04032	0.07723	-0.07990	-0.09846	0.10127	-0.02760	-0.07682	-0.04292	-0.09942	0.07520	0.11627	0.04385	-0.05121	-0.08948	0.19845	-0.09302	-0.06621	0.14329	(And (Agent $e0 $x0) (Member $x0 electrician))
p201685	-0.02233	0.01357	-0.00114	0.00270	-0.02660	-0.00476	-0.03040	0.00284	0.01293	0.00706	-0.02526	0.00656	-0.04003	0.01310	-0.05271	-0.01812	0.02992	0.03120	0.01787	0.03555	0.00928	0.00829	0.03541	0.01265	0.02204	0.02235	-0.03984	-0.00192	-0.00293	-0.03229	-0.01583	0.00330	(And (Agent $e0 $x0) (Member $x0 family))
p201686	-0.06536	0.00314	0.00329	0.04976	0.01744	-0.01049	-0.00554	-0.00973	-0.01880	-0.02094	-0.03370	0.00618	0.00286	-0.03012	-0.08120	0.01329	-0.00216	0.08483	0.00986	0.04033	0.04521	-0.03073	0.03846	0.05800	-0.00639	-0.02272	-0.02882	0.05603	0.00738	-0.04491	-0.03403	-0.04887	(And (Agent $e0 $x0) (Member $x0 judge))
p201687	0.07917	-0.11065	0.04117	0.08971	0.10131	-0.09826	-0.05261	0.08178	-0.02502	-0.00882	-0.04525	-0.07516	0.11979	-0.05842	0.10107	-0.00927	-0.05853	0.04770	0.02271	-0.05840	0.19770	0.09598	0.08292	-0.05562	0.04446	-0.00827	-0.10204	-0.08437	-0.03597	-0.03038	-0.01131	0.15293	(And (Agent $e0 $x0) (Member $x0 pottery_studio))
p201688	-0.00974	0.06197	-0.03162	0.08698	0.15433	-0.02996	-0.02180	-0.09078	-0.03156	0.06220	0.07988	0.04440	-0.01306	-0.00519	0.05577	-0.04461	0.01376	-0.03178	0.04061	0.03568	0.04978	-0.02694	-0.03472	-0.02817	-0.02884	0.05178	-0.02637	0.01603	-0.06013	-0.04316	0.12074	-0.01517	(And (Agent $e0 $x0) (Member $x0 tutor))
p201689	-0.05989	0.01210	0.03734	0.04827	-0.04983	-0.01838	-0.06512	0.00067	-0.00782	0.01386	-0.04913	-0.02235	-0.04091	-0.05254	-0.08904	0.00539	0.00537	0.08227	0.07961	0.04322	0.05803	0.00165	0.02110	0.11246	0.02411	-0.00829	-0.01714	0.05203	0.00414	-0.05903	-0.00528	-0.04383	(And (Agent $e0 $x0) (Patient $e0 $e1))
p201690	0.06626	0.02092	-0.04963	0.01595	-0.07664	0.08790	0.06611	-0.03932	-0.08131	0.06856	0.15349	0.08467	-0.06385	0.04069	-0.12122	-0.06241	-0.08320	0.07032	-0.06350	-0.01231	0.13445	0.16062	-0.04992	-0.06602	0.10566	-0.05646	0.30356	-0.08198	-0.02794	-0.00694	-0.10147	-0.15539	(And (Agent $e0 $x0) (Theme $e0 glazing))
p201692	-0.06519	0.01051	0.12906	-0.02316	0.04618	-0.11511	-0.12489	-0.00729	0.00163	-0.00859	-0.06223	-0.12807	-0.07961	-0.19948	-0.00118	0.15474	-0.03154	0.04563	-0.05980	-0.00200	-0.20458	0.01198	-0.11638	-0.00873	0.00436	0.02122	0.38072	-0.04107	0.04707	0.00732	0.15519	0.04118	(And (Also appear $e0) (Past $e0))
p201693	-0.08904	0.03519	0.08176	-0.05822	0.11878	0.15931	-0.08454	0.08826	-0.03472	-0.11970	-0.05672	0.02356	-0.03086	-0.02868	0.04362	-0.06835	0.07945	-0.04681	0.17951	0.09632	0.01035	0.07359	-0.07988	-0.08444	0.14332	-0.06279	-0.02962	0.03868	-0.06855	0.10188	-0.05983	-0.07475	(And (Cardinality $x0 <num>) (GroupOf $x0 climber))
p201694	-0.02969	0.19666	0.07870	-0.04246	-0.01421	-0.11585	0.10789	0.02931	-0.08863	0.01371	0.03573	0.08776	0.06256	-0.01255	0.00296	0.15296	-0.11501	-0.05891	-0.09658	0.01629	0.06265	0.09466	0.08043	-0.06084	-0.01277	0.16535	-0.04088	0.05812	-0.05441	0.04834	-0.09912	-0.04333	(And (Cardinality $x0 <num>) (GroupOf $x0 egg))
p201695	0.05956	-0.08035	0.04993	-0.00551	0.04390	-0.04163	0.13460	-0.07875	0.03967	0.05159	-0.06122	0.04845	-0.02047	0.04441	0.05455	0.11156	0.06589	0.03274	0.11028	0.04406	0.02427	0.10965	-0.05626	0.03377	-0.04115	-0.06815	-0.05400	-0.00886	0.08252	-0.06386	-0.04127	-0.01912	(And (CoAgent $e0 $x0) (Location $e0 $x1))
p201697	-0.03448	-0.00244	-0.00738	-0.02840	0.02972	-0.00106	-0.00226	-0.00038	0.03555	-0.01017	0.01288	0.03426	-0.00304	0.04725	0.00774	-0.02422	-0.02637	0.03938	-0.02417	0.02174	-0.02212	-0.01266	0.03744	-0.04450	-0.02358	0.00959	0.00073	-0.02468	-0.01048	0.00785	-0.00185	0.00765	(And (Experiencer $e0 $x0) (Past $e0))
p201698	-0.02969	0.19666	0.07870	-0.04246	-0.01421	-0.11585	0.10789	0.02931	-0.08863	0.01371	0.03573	0.08776	0.06256	-0.01255	0.00296	0.15296	-0.11501	-0.05891	-0.09658	0.01629	0.06265	0.09466	0.08043	-0.06084	-0.01277	0.16535	-0.04088	0.05812	-0.05441	0.04834	-0.09912	-0.04333	(And (GroupOf $x0 egg) (Theme $e0 $x0))
p201699	0.07776	0.22352	-0.11315	-0.04313	-0.10342	-0.05408	0.11209	0.07856	-0.09664	-0.06088	-0.02384	-0.09242	0.03459	0.13660	0.02145	-0.06615	-0.04528	0.12099	0.13088	0.06969	0.00880	-0.01551	-0.10057	-0.10146	0.02284	-0.08751	-0.05559	0.12180	0.09615	-0.04129	0.15621	-0.01917	(And (GroupOf $x0 lemon) (Theme $e0 $x0))
p201700	-0.02352	-0.03085	0.04644	-0.02057	-0.00619	-0.00596	-0.00387	0.02502	0.06721	0.00083	0.02207	-0.00304	0.01485	0.03112	-0.00418	-0.00001	-0.01139	-0.00147	-0.00534	-0.02812	0.00936	-0.01582	-0.03722	-0.02172	-0.02399	-0.00921	-0.01063	-0.00062	-0.03668	-0.02023	-0.01170	-0.01822	(And (Location $e0 $x0) (Member $e0 find))
p201701	0.03118	-0.01778	0.00724	-0.04085	0.00198	-0.00496	-0.01747	0.01583	0.03883	-0.01619	0.00446	-0.00496	-0.01004	0.00195	-0.01362	-0.02050	0.01406	0.00717	0.00218	-0.01244	0.03983	0.00306	-0.00714	0.01796	-0.02097	0.00172	-0.01123	-0.00029	0.00850	-0.00523	-0.01402	-0.02945	(And (Location $e0 $x0) (Member $e0 walk))
p201702	-0.03255	0.00373	0.04458	-0.06445	-0.07463	0.11540	-0.01128	-0.07484	0.02062	-0.07987	0.09533	-0.12080	-0.07817	0.02287	-0.10056	0.11636	-0.10708	-0.10157	-0.05182	0.06711	0.14400	-0.06617	-0.06730	-0.05840	-0.04046	-0.08831	-0.16004	0.03495	-0.06166	-0.10461	0.07007	0.19138	(And (Location $e0 $x0) (Member $x0 point))
p201703	-0.01590	-0.03251	-0.04968	-0.10720	0.12121	-0.03490	-0.00549	0.02458	0.08809	-0.06113	0.09997	0.06097	0.11019	0.06606	-0.03784	0.00927	-0.04420	-0.06211	-0.02622	-0.09793	0.01875	0.03007	-0.03674	0.01762	-0.08393	0.00629	-0.07284	-0.03877	-0.01965	0.04980	-0.02705	-0.05124	(And (Location $e0 $x0) (Past $e0))
p201704	-0.09619	0.00731	0.19407	-0.04055	0.09023	-0.16436	-0.17251	-0.00953	-0.02367	-0.01331	-0.08411	-0.19636	-0.11203	-0.28836	0.01761	0.23638	-0.08247	0.07687	-0.09344	-0.00834	-0.28084	-0.00643	-0.16664	-0.00732	-0.00488	0.02160	0.58424	-0.05888	0.08185	0.02218	0.23573	0.02318	(And (Member $e0 appear) (Past $e0))
p201705	-0.00723	0.01557	0.00446	0.04886	-0.03197	-0.02993	-0.02882	-0.02899	0.05523	-0.01149	0.02245	-0.04972	0.03770	-0.01506	0.03028	-0.03453	-0.03575	0.03953	-0.00795	0.01468	-0.05978	0.04516	-0.01531	0.01216	-0.03065	-0.01681	0.07303	0.07170	-0.03341	0.05390	-0.02158	0.01168	(And (Member $e0 become) (Patient $e0 $x0))
p201706	0.00575	-0.00943	0.04136	0.03824	-0.02294	-0.01164	-0.00715	-0.00425	0.00516	0.01613	-0.00095	-0.02778	-0.00952	-0.00943	-0.00122	-0.00856	-0.00354	-0.01709	0.01078	-0.04333	-0.03074	-0.00227	-0.02934	-0.00826	-0.00587	0.00970	0.02082	0.02506	-0.01634	-0.00517	-0.01750	-0.00567	(And (Member $e0 borrow) (Theme $e0 $x0))
p201707	0.00250	0.00454	-0.00882	0.02317	-0.00642	-0.00560	0.00175	-0.02737	-0.00904	-0.01327	-0.00957	-0.03183	0.00365	-0.00077	0.00881	-0.00138	-0.01082	-0.01476	-0.01480	0.02273	-0.01068	0.02042	-0.02197	0.01315	-0.00702	0.00236	-0.00211	-0.00157	-0.00462	0.01895	-0.01065	0.00708	(And (Member $e0 die) (Patient $e0 $x0))
p201708	0.01726	0.00846	-0.00589	0.03802	-0.02056	-0.01268	-0.00684	-0.05208	-0.01249	-0.04055	-0.02293	-0.04584	0.00900	-0.00063	0.01096	-0.00078	-0.02605	-0.01964	-0.02432	0.02785	-0.01988	0.06137	-0.02811	0.03921	-0.01760	0.00120	0.00760	0.01365	0.00087	0.03691	-0.02376	0.00615	(And (Member $e0 direct) (Patient $e0 $x0))
p201709	-0.02147	-0.03173	0.04621	0.03302	-0.01735	0.01108	-0.00816	-0.00478	-0.00031	0.04964	-0.00111	0.00277	-0.01544	0.03935	0.00593	-0.01860	-0.00061	-0.00381	-0.00484	-0.05255	-0.00721	-0.00525	-0.04098	-0.02988	0.00055	0.01621	0.00106	0.00830	0.00627	-0.01824	-0.01381	-0.01222	(And (Member $e0 receive) (Theme $e0 $x0))
p201710	-0.04523	-0.04890	-0.03913	0.04868	0.03813	-0.00464	0.13601	0.05839	-0.04384	0.05846	-0.02105	-0.08602	0.05401	-0.01544	-0.10422	0.05850	0.15406	-0.02396	-0.03454	-0.03005	-0.04215	-0.06346	-0.11270	-0.11846	0.00706	-0.06986	-0.07679	-0.06064	-0.00264	0.04940	-0.04664	-0.02813	(And (Member $x0 apple_harvest) (Patient $e0 $x0))
p201711	-0.13682	0.00333	-0.04073	0.06601	0.06574	-0.01695	0.02187	-0.01081	-0.03249	-0.07062	-0.04629	0.03954	0.05109	-0.04775	-0.17542	0.03576	-0.01208	0.14668	-0.00435	0.08599	0.06073	-0.06066	0.08217	0.08039	-0.02888	-0.05383	-0.06934	0.06763	-0.00244	-0.06967	-0.04842	-0.07204	(And (Member $x0 budget) (Theme $e0 $x0))
p201712	-0.06536	0.00314	0.00329	0.04976	0.01744	-0.01049	-0.00554	-0.00973	-0.01880	-0.02094	-0.03370	0.00618	0.00286	-0.03012	-0.08120	0.01329	-0.00216	0.08483	0.00986	0.04033	0.04521	-0.03073	0.03846	0.05800	-0.00639	-0.02272	-0.02882	0.05603	0.00738	-0.04491	-0.03403	-0.04887	(And (Member $x0 case) (Theme $e0 $x0))
p201713	0.07776	0.22352	-0.11315	-0.04313	-0.10342	-0.05408	0.11209	0.07856	-0.09664	-0.06088	-0.02384	-0.09242	0.03459	0.13660	0.02145	-0.06615	-0.04528	0.12099	0.13088	0.06969	0.00880	-0.01551	-0.10057	-0.10146	0.02284	-0.08751	-0.05559	0.12180	0.09615	-0.04129	0.15621	-0.01917	(And (Member $x0 crate) (Theme $e0 $x0))
p201714	0.12953	-0.01904	0.01929	0.11614	0.00547	0.12262	-0.14065	0.13396	-0.07102	0.05577	0.12648	0.06297	-0.06385	0.03192	0.03172	0.13326	0.15516	0.03567	-0.05560	0.07705	-0.15907	0.08744	0.16481	-0.01822	-0.12097	-0.07806	0.05512	0.02778	0.16548	0.14747	0.08669	0.07040	(And (Member $x0 file) (Member $x0 missing))
p201715	-0.12629	-0.06855	-0.06460	-0.05625	-0.07864	0.07003	0.05700	-0.09525	-0.05684	0.10149	-0.04509	0.02298	-0.05703	-0.06338	0.05742	-0.11105	-0.13802	0.11715	0.05977	-0.03781	0.12064	-0.01834	-0.07799	-0.05260	-0.08480	0.18582	-0.11231	-0.04268	0.16484	0.14568	-0.03636	0.17779	(And (Member $x0 firm) (Possession $x1 $x0))
p201716	-0.04388	-0.05292	-0.05489	-0.10785	0.01851	-0.06492	-0.04649	-0.06754	-0.01786	0.16133	0.07347	-0.15797	-0.09372	0.09523	0.03176	0.13432	-0.02805	0.08586	0.11567	-0.10276	-0.02774	-0.09066	0.16604	0.01405	0.13227	-0.06338	-0.01567	0.07865	-0.13984	0.11030	-0.03963	-0.02932	(And (Member $x0 gearbox) (Member $x0 seized))
p201717	-0.08904	0.03519	0.08176	-0.05822	0.11878	0.15931	-0.08454	0.08826	-0.03472	-0.11970	-0.05672	0.02356	-0.03086	-0.02868	0.04362	-0.06835	0.07945	-0.04681	0.17951	0.09632	0.01035	0.07359	-0.07988	-0.08444	0.14332	-0.06279	-0.02962	0.03868	-0.06855	0.10188	-0.05983	-0.07475	(And (Member $x0 north_route) (Theme $e0 $x0))
p201718	-0.03690	-0.13334	0.07150	-0.04736	-0.05640	0.05394	0.07249	-0.07514	-0.07288	-0.05167	0.11307	-0.03108	0.06496	-0.02290	0.05214	-0.08919	0.18095	0.03987	-0.02167	0.01225	-0.05659	0.02754	0.02147	0.01597	0.01880	0.12005	-0.06774	-0.00044	-0.03162	-0.09214	0.07129	-0.10641	(And (Member $x0 projector) (Theme $e0 $x0))
p201720	-0.00314	-0.00294	-0.01174	0.02585	0.00401	-0.00655	0.02023	-0.00139	-0.01534	0.02080	-0.00863	-0.04834	0.00948	-0.02422	-0.00702	0.00061	0.04146	-0.01559	-0.00929	0.00490	-0.00575	-0.01820	-0.05287	-0.01398	0.00455	-0.01208	-0.01475	-0.00944	-0.00374	0.01268	-0.00927	-0.00303	(And (Member $x0 shoreline_survey) (Patient $e0 $x0))
p201721	-0.12629	-0.06855	-0.06460	-0.05625	-0.07864	0.07003	0.05700	-0.09525	-0.05684	0.10149	-0.04509	0.02298	-0.05703	-0.06338	0.05742	-0.11105	-0.13802	0.11715	0.05977	-0.03781	0.12064	-0.01834	-0.07799	-0.05260	-0.08480	0.18582	-0.11231	-0.04268	0.16484	0.14568	-0.03636	0.17779	(And (Member $x0 tender) (Possession $x0 $x1))
p201722	0.01348	-0.02380	-0.01732	0.00258	0.02378	0.00783	0.01156	-0.01718	-0.00950	-0.01842	-0.00215	0.00961	0.00291	0.00471	0.00372	0.00173	-0.00715	-0.00165	-0.03725	-0.03499	-0.02229	-0.00172	0.00707	-0.02395	-0.01777	-0.00628	0.01480	0.03416	0.01894	0.00648	-0.02807	-0.01420	(And (Member $x0 tournament) (Theme $e0 $x0))
p201723	-0.06864	-0.02327	-0.00993	0.09342	-0.08181	-0.07381	0.03495	0.11675	-0.08477	-0.12788	0.17353	0.15847	0.08193	-0.04253	-0.04032	0.07723	-0.07990	-0.09846	0.10127	-0.02760	-0.07682	-0.04292	-0.09942	0.07520	0.11627	0.04385	-0.05121	-0.08948	0.19845	-0.09302	-0.06621	0.14329	(And (Member $x0 yard_floodlight) (Patient $e0 $x0))
p201724	0.10043	0.05257	0.09836	-0.08509	0.06215	-0.00578	-0.07240	0.17902	0.01577	-0.01249	0.07435	-0.04891	-0.07557	0.08002	-0.11028	-0.13031	0.14538	0.07873	-0.08442	-0.03749	0.20022	-0.09823	-0.01626	0.06429	-0.09102	0.12865	-0.12684	-0.08245	0.05343	0.15183	-0.06521	-0.17377	(And (Past $e0) (Theme $e0 $e1))
p201725	0.14559	0.11109	0.13180	-0.05564	0.02157	-0.02689	-0.10922	0.17776	-0.00325	0.00186	0.06851	-0.10149	-0.11300	0.03294	-0.10571	-0.14979	0.16995	0.09712	-0.06674	-0.01033	0.22049	-0.09137	-0.03627	0.13732	-0.07673	0.15806	-0.11257	-0.04392	0.08020	0.17768	-0.07366	-0.17954	(And (Patient $e0 $x0) (Theme $e1 $e0))
p201726	-0.04523	-0.04890	-0.03913	0.04868	0.03813	-0.00464	0.13601	0.05839	-0.04384	0.05846	-0.02105	-0.08602	0.05401	-0.01544	-0.10422	0.05850	0.15406	-0.02396	-0.03454	-0.03005	-0.04215	-0.06346	-0.11270	-0.11846	0.00706	-0.06986	-0.07679	-0.06064	-0.00264	0.04940	-0.04664	-0.02813	(And (Patient $e0 $x0) (Time $e0 (Month september)))
p201727	-0.00237	-0.00206	-0.01097	0.02659	0.00476	-0.00592	0.02085	-0.00059	-0.01447	0.02155	-0.00796	-0.04758	0.01013	-0.02353	-0.00624	0.00151	0.04218	-0.01496	-0.00847	0.00562	-0.00515	-0.01752	-0.05216	-0.01328	0.00528	-0.01140	-0.01393	-0.00872	-0.00308	0.01346	-0.00840	-0.00214	(And (Patient $e0 $x0) (Time $e0 dawn))
p201728	-0.13682	0.00333	-0.04073	0.06601	0.06574	-0.01695	0.02187	-0.01081	-0.03249	-0.07062	-0.04629	0.03954	0.05109	-0.04775	-0.17542	0.03576	-0.01208	0.14668	-0.00435	0.08599	0.06073	-0.06066	0.08217	0.08039	-0.02888	-0.05383	-0.06934	0.06763	-0.00244	-0.06967	-0.04842	-0.07204	(And (Possession $x0 next_year) (Theme $e0 $x0))
p201757	-0.06519	0.01051	0.12906	-0.02316	0.04618	-0.11511	-0.12489	-0.00729	0.00163	-0.00859	-0.06223	-0.12807	-0.07961	-0.19948	-0.00118	0.15474	-0.03154	0.04563	-0.05980	-0.00200	-0.20458	0.01198	-0.11638	-0.00873	0.00436	0.02122	0.38072	-0.04107	0.04707	0.00732	0.15519	0.04118	(Also appear $e0)
p201758	-0.08904	0.03519	0.08176	-0.05822	0.11878	0.15931	-0.08454	0.08826	-0.03472	-0.11970	-0.05672	0.02356	-0.03086	-0.02868	0.04362	-0.06835	0.07945	-0.04681	0.17951	0.09632	0.01035	0.07359	-0.07988	-0.08444	0.14332	-0.06279	-0.02962	0.03868	-0.06855	0.10188	-0.05983	-0.07475	(GroupOf $x0 climber)
p201759	-0.02969	0.19666	0.07870	-0.04246	-0.01421	-0.11585	0.10789	0.02931	-0.08863	0.01371	0.03573	0.08776	0.06256	-0.01255	0.00296	0.15296	-0.11501	-0.05891	-0.09658	0.01629	0.06265	0.09466	0.08043	-0.06084	-0.01277	0.16535	-0.04088	0.05812	-0.05441	0.04834	-0.09912	-0.04333	(GroupOf $x0 egg)
p201760	0.02412	-0.01149	0.00520	0.00342	-0.00449	0.00178	-0.00816	-0.00844	-0.00174	-0.01152	-0.00441	-0.00534	-0.00645	-0.00196	0.00941	-0.00496	-0.00043	-0.01692	-0.01706	-0.02972	-0.01840	0.00231	-0.00496	-0.00472	0.00302	-0.00278	0.01977	0.02546	0.00819	-0.00862	-0.01869	-0.00908	(GroupOf $x0 sample)
p201761	-0.09619	0.00731	0.19407	-0.04055	0.09023	-0.16436	-0.17251	-0.00953	-0.02367	-0.01331	-0.08411	-0.19636	-0.11203	-0.28836	0.01761	0.23638	-0.08247	0.07687	-0.09344	-0.00834	-0.28084	-0.00643	-0.16664	-0.00732	-0.00488	0.02160	0.58424	-0.05888	0.08185	0.02218	0.23573	0.02318	(Member $e0 appear)
p201762	0.00131	-0.00190	-0.00625	-0.01424	-0.01064	-0.00168	-0.00552	0.00950	0.01631	-0.00135	0.00213	-0.00248	0.00496	-0.01351	0.01317	-0.00627	-0.00143	0.00312	0.00158	0.00877	-0.00538	-0.00981	0.00733	-0.00052	-0.00120	-0.00363	0.00798	-0.00554	-0.00640	-0.00307	0.00029	0.00750	(Member $e0 be)
p201763	0.00575	-0.00943	0.04136	0.03824	-0.02294	-0.01164	-0.00715	-0.00425	0.00516	0.01613	-0.00095	-0.02778	-0.00952	-0.00943	-0.00122	-0.00856	-0.00354	-0.01709	0.01078	-0.04333	-0.03074	-0.00227	-0.02934	-0.00826	-0.00587	0.00970	0.02082	0.02506	-0.01634	-0.00517	-0.01750	-0.00567	(Member $e0 borrow)
p201764	0.00250	0.00454	-0.00882	0.02317	-0.00642	-0.00560	0.00175	-0.02737	-0.00904	-0.01327	-0.00957	-0.03183	0.00365	-0.00077	0.00881	-0.00138	-0.01082	-0.01476	-0.01480	0.02273	-0.01068	0.02042	-0.02197	0.01315	-0.00702	0.00237	-0.00211	-0.00157	-0.00462	0.01895	-0.01065	0.00708	(Member $e0 die)
p201765	0.01726	0.00846	-0.00589	0.03802	-0.02056	-0.01268	-0.00684	-0.05208	-0.01249	-0.04055	-0.02293	-0.04584	0.00900	-0.00063	0.01096	-0.00078	-0.02605	-0.01964	-0.02432	0.02785	-0.01988	0.06137	-0.02811	0.03921	-0.01760	0.00120	0.00760	0.01365	0.00087	0.03691	-0.02376	0.00615	(Member $e0 direct)
p201766	-0.02147	-0.03173	0.04621	0.03302	-0.01735	0.01108	-0.00816	-0.00478	-0.00031	0.04964	-0.00111	0.00277	-0.01544	0.03935	0.00593	-0.01860	-0.00061	-0.00381	-0.00484	-0.05255	-0.00721	-0.00525	-0.04098	-0.02988	0.00055	0.01621	0.00106	0.00830	0.00627	-0.01824	-0.01381	-0.01222	(Member $e0 receive)
p201767	0.02022	-0.00246	-0.01040	-0.03841	0.04407	-0.00792	-0.02057	-0.00133	-0.00037	-0.02990	-0.01475	-0.01063	-0.00427	-0.00439	-0.01952	-0.01134	-0.01812	-0.01420	-0.02223	-0.02851	0.01842	-0.00443	-0.01596	0.00938	-0.00949	0.02327	-0.01396	0.00664	0.00787	0.00572	-0.00578	-0.03604	(Member $e0 take)
p201768	-0.00974	0.06197	-0.03162	0.08698	0.15433	-0.02996	-0.02180	-0.09078	-0.03156	0.06220	0.07988	0.04440	-0.01306	-0.00519	0.05577	-0.04461	0.01376	-0.03178	0.04061	0.03568	0.04978	-0.02694	-0.03472	-0.02817	-0.02884	0.05178	-0.02637	0.01603	-0.06013	-0.04316	0.12074	-0.01517	(Member $x0 afternoon_session)
p201769	0.01485	0.00581	-0.00320	0.01921	0.02809	-0.00480	-0.01192	-0.02474	-0.00779	0.00510	0.01192	0.00372	-0.00840	-0.00315	0.01814	-0.01432	0.00330	-0.01850	-0.00301	-0.01254	-0.00053	-0.00541	-0.00934	-0.00843	-0.00373	0.00765	0.00791	0.02033	-0.00760	-0.01591	0.01185	-0.01013	(Member $x0 airline)
p201770	-0.04523	-0.04890	-0.03913	0.04868	0.03813	-0.00464	0.13601	0.05839	-0.04384	0.05846	-0.02105	-0.08602	0.05401	-0.01544	-0.10422	0.05850	0.15406	-0.02396	-0.03454	-0.03005	-0.04215	-0.06346	-0.11270	-0.11846	0.00706	-0.06986	-0.07679	-0.06064	-0.00264	0.04940	-0.04664	-0.02813	(Member $x0 apple_harvest)
p201771	0.06626	0.02092	-0.04963	0.01595	-0.07664	0.08790	0.06611	-0.03932	-0.08131	0.06856	0.15349	0.08467	-0.06385	0.04069	-0.12122	-0.06241	-0.08320	0.07032	-0.06350	-0.01231	0.13445	0.16062	-0.04992	-0.06602	0.10566	-0.05646	0.30357	-0.08198	-0.02794	-0.00694	-0.10147	-0.15539	(Member $x0 apprentice)
p201772	0.04097	0.04989	0.01791	0.02770	-0.01397	-0.01756	-0.03895	-0.01077	-0.02294	0.01422	0.00798	-0.03722	-0.04188	-0.02737	0.01585	-0.02796	0.02320	-0.00330	0.01267	0.01925	0.02010	-0.00219	-0.01635	0.04995	0.01581	0.03201	0.00723	0.02608	0.01716	0.01028	-0.00171	-0.01165	(Member $x0 archive)
p201773	0.02889	-0.01545	0.00611	0.00001	-0.01167	0.00111	-0.00769	-0.00613	-0.00045	-0.01533	-0.00601	-0.00827	-0.00620	-0.00176	0.00956	-0.00305	-0.00101	-0.01937	-0.02055	-0.03604	-0.02348	0.00543	-0.00580	-0.00413	0.00443	-0.00359	0.02441	0.02766	0.01080	-0.00731	-0.02535	-0.00916	(Member $x0 bank)
p201774	0.01716	-0.01451	0.00754	-0.00385	0.00496	-0.00388	-0.00500	-0.01630	0.00535	-0.00045	-0.01008	0.00455	0.01750	0.01096	0.00185	-0.00417	-0.00479	-0.02395	-0.02925	-0.00762	-0.00690	-0.01010	0.00625	-0.00998	0.02046	-0.00966	0.01072	0.01913	0.02367	0.00717	-0.00850	-0.01364	(Member $x0 caller)
p201775	0.02198	0.01838	-0.01502	0.01477	0.02019	-0.01692	-0.01541	-0.01855	-0.01356	0.00847	0.02175	-0.01312	-0.01403	-0.01382	0.01291	-0.01630	0.01649	-0.02543	0.00618	-0.00130	0.00831	-0.00590	-0.01634	0.01220	0.01214	0.01629	-0.00020	0.00797	-0.00400	-0.00475	0.00275	-0.00651	(Member $x0 chart)
p201776	0.02066	-0.02269	-0.00359	-0.00190	0.02409	-0.00018	0.00414	-0.02275	0.00038	-0.00866	-0.00766	0.01266	0.02207	0.01790	0.00392	0.00347	-0.00614	-0.02279	-0.04592	-0.01390	-0.01431	-0.00877	0.01286	-0.02228	0.01078	-0.01470	0.01281	0.03060	0.03005	0.01396	-0.01644	-0.01864	(Member $x0 clerk)
p201777	0.01338	-0.02390	-0.01741	0.00249	0.02369	0.00776	0.01150	-0.01727	-0.00960	-0.01851	-0.00223	0.00952	0.00283	0.00462	0.00362	0.00163	-0.00723	-0.00173	-0.03734	-0.03508	-0.02237	-0.00180	0.00698	-0.02404	-0.01785	-0.00636	0.01473	0.03407	0.01885	0.00639	-0.02817	-0.01429	(Member $x0 club)
p201778	-0.05481	0.01075	0.03070	0.05354	-0.01331	-0.00970	-0.02502	-0.00284	-0.01457	0.00002	-0.03265	-0.01268	-0.02181	-0.03596	-0.06781	0.00898	0.00068	0.08327	0.02848	0.04792	0.03936	-0.02404	0.02869	0.07077	0.00792	-0.01062	-0.01793	0.04739	0.01020	-0.04291	-0.02748	-0.03947	(Member $x0 committee)
p201779	-0.01275	0.06269	-0.03306	0.08263	0.15078	-0.03035	-0.02051	-0.08627	-0.03148	0.06366	0.07939	0.04426	-0.01286	-0.00732	0.05508	-0.04256	0.01443	-0.03002	0.04329	0.04301	0.05149	-0.02799	-0.03243	-0.02398	-0.02713	0.05262	-0.02859	0.00807	-0.06036	-0.04178	0.12324	-0.01125	(Member $x0 council)
p201780	-0.03255	0.00373	0.04458	-0.06445	-0.07463	0.11540	-0.01128	-0.07484	0.02062	-0.07987	0.09533	-0.12080	-0.07817	0.02287	-0.10056	0.11636	-0.10708	-0.10157	-0.05182	0.06711	0.14400	-0.06617	-0.06730	-0.05840	-0.04046	-0.08831	-0.16004	0.03495	-0.06166	-0.10461	0.07007	0.19138	(Member $x0 diver)
p201781	-0.05518	-0.05611	-0.04085	0.04343	0.03564	-0.00373	0.14020	0.06584	-0.04227	0.06210	-0.02936	-0.09411	0.05757	-0.01942	-0.11307	0.06602	0.14849	-0.01769	-0.03210	-0.03665	-0.04159	-0.06790	-0.10794	-0.12134	0.00490	-0.07130	-0.08253	-0.06441	-0.00195	0.05418	-0.04722	-0.02943	(Member $x0 dress_rehearsal)
p201782	0.02961	-0.01606	0.00769	0.00393	-0.00868	0.00220	-0.00834	-0.00900	-0.00126	-0.01675	-0.00566	-0.00675	-0.00651	-0.00021	0.00778	-0.00425	-0.00168	-0.01838	-0.02261	-0.04093	-0.02530	0.00518	-0.00670	-0.00656	0.00311	-0.00498	0.02501	0.03362	0.01285	-0.00692	-0.02787	-0.01201	(Member $x0 editor)
p201783	0.01485	0.00581	-0.00320	0.01921	0.02809	-0.00480	-0.01192	-0.02474	-0.00779	0.00510	0.01192	0.00372	-0.00840	-0.00315	0.01814	-0.01432	0.00330	-0.01850	-0.00301	-0.01254	-0.00053	-0.00541	-0.00934	-0.00843	-0.00373	0.00765	0.00791	0.02033	-0.00760	-0.01591	0.01185	-0.01013	(Member $x0 evening_flight)
p201784	0.12953	-0.01904	0.01929	0.11614	0.00547	0.12262	-0.14065	0.13396	-0.07102	0.05577	0.12648	0.06297	-0.06385	0.03192	0.03172	0.13326	0.15516	0.03567	-0.05560	0.07705	-0.15907	0.08744	0.16481	-0.01822	-0.12097	-0.07806	0.05512	0.02778	0.16548	0.14747	0.08669	0.07040	(Member $x0 file)
p201785	0.04097	0.04989	0.01791	0.02770	-0.01397	-0.01756	-0.03895	-0.01077	-0.02294	0.01422	0.00798	-0.03722	-0.04188	-0.02737	0.01585	-0.02796	0.02320	-0.00330	0.01267	0.01925	0.02010	-0.00219	-0.01635	0.04995	0.01581	0.03201	0.00723	0.02608	0.01716	0.01028	-0.00171	-0.01165	(Member $x0 fire)
p201786	-0.12629	-0.06855	-0.06460	-0.05625	-0.07864	0.07003	0.05700	-0.09525	-0.05684	0.10149	-0.04509	0.02298	-0.05703	-0.06338	0.05742	-0.11105	-0.13802	0.11715	0.05977	-0.03781	0.12064	-0.01834	-0.07799	-0.05260	-0.08480	0.18582	-0.11231	-0.04268	0.16484	0.14568	-0.03636	0.17779	(Member $x0 firm)
p201787	0.03487	0.04007	0.01754	0.02012	-0.01742	-0.01222	-0.03376	-0.00506	-0.01897	0.01089	0.00163	-0.03205	-0.03610	-0.02401	0.01266	-0.02284	0.01930	0.00017	0.00991	0.01790	0.01727	-0.00239	-0.01027	0.04370	0.01252	0.02608	0.00679	0.02050	0.01614	0.00849	-0.00239	-0.00973	(Member $x0 flood)
p201788	0.03487	0.04007	0.01754	0.02012	-0.01742	-0.01222	-0.03376	-0.00506	-0.01897	0.01089	0.00163	-0.03205	-0.03610	-0.02401	0.01266	-0.02284	0.01930	0.00017	0.00991	0.01790	0.01727	-0.00239	-0.01027	0.04370	0.01252	0.02608	0.00679	0.02050	0.01614	0.00849	-0.00239	-0.00973	(Member $x0 footbridge)
p201789	0.04690	0.04339	0.04716	0.02156	-0.05515	-0.03273	0.06390	-0.03750	-0.00048	-0.07691	0.00437	0.03227	-0.04398	-0.05273	-0.06184	-0.05115	-0.04248	0.00554	0.13158	-0.05197	-0.05828	-0.01942	0.07469	-0.02738	-0.08766	-0.02988	0.00211	-0.09274	-0.05553	0.07445	0.06018	0.03913	(Member $x0 gallery)
p201790	-0.04388	-0.05292	-0.05489	-0.10785	0.01851	-0.06492	-0.04649	-0.06754	-0.01786	0.16133	0.07347	-0.15797	-0.09372	0.09523	0.03176	0.13432	-0.02805	0.08586	0.11567	-0.10276	-0.02774	-0.09066	0.16604	0.01405	0.13227	-0.06338	-0.01567	0.07865	-0.13984	0.11030	-0.03963	-0.02932	(Member $x0 gearbox)
p201791	0.03681	0.04008	0.05538	0.03654	-0.04722	-0.00951	0.04982	-0.03411	0.02161	-0.05145	0.00703	0.01893	-0.05120	-0.04637	-0.03707	-0.04714	-0.03882	-0.01009	0.08553	-0.03416	-0.05367	-0.02707	0.05513	-0.01398	-0.04081	-0.02661	0.00881	-0.07748	-0.04133	0.04194	0.02282	0.03022	(Member $x0 generator)
p201792	0.03748	0.05114	0.01587	0.02442	-0.01438	-0.01823	-0.03756	-0.00795	-0.02267	0.01663	0.00821	-0.03708	-0.04109	-0.02858	0.01625	-0.02661	0.02382	-0.00217	0.01578	0.02669	0.02297	-0.00343	-0.01439	0.05153	0.01642	0.03312	0.00444	0.01880	0.01466	0.01024	0.00245	-0.00868	(Member $x0 greenhouse)
p201793	0.12953	-0.01904	0.01929	0.11614	0.00547	0.12262	-0.14065	0.13396	-0.07102	0.05577	0.12648	0.06297	-0.06385	0.03192	0.03172	0.13326	0.15516	0.03567	-0.05560	0.07705	-0.15907	0.08744	0.16481	-0.01822	-0.12097	-0.07806	0.05512	0.02778	0.16548	0.14747	0.08669	0.07040	(Member $x0 intern)
p201794	0.01887	-0.01025	0.00101	-0.00485	-0.00164	0.00581	-0.01114	-0.00275	-0.00153	-0.01672	-0.00763	-0.00054	-0.00145	-0.00404	0.00356	-0.00531	-0.00148	-0.02003	-0.01338	-0.03100	-0.01581	0.00920	-0.00279	-0.00368	0.00219	-0.00620	0.01765	0.02638	0.00610	-0.00393	-0.01779	-0.01242	(Member $x0 lane)
p201795	0.00221	0.00230	-0.00716	-0.01013	-0.00822	0.00029	-0.00362	0.00668	0.00084	-0.00112	-0.00308	-0.00109	-0.00037	-0.00778	0.00701	-0.00279	0.00008	0.00251	0.00291	0.01043	-0.00141	-0.00624	0.00739	0.00260	0.00139	-0.00153	0.00303	-0.00441	-0.00094	-0.00368	0.00495	0.00475	(Member $x0 large)
p201796	0.00086	0.07144	0.02228	-0.02152	-0.00604	-0.03026	0.04209	0.00734	-0.02884	-0.02115	0.01532	0.02903	0.01137	-0.00150	0.02051	0.03272	-0.03711	-0.00991	-0.03767	0.03888	0.01671	-0.00955	0.03813	-0.03096	0.01126	0.05027	-0.01500	-0.00680	-0.01808	0.00207	-0.04121	0.00164	(Member $x0 lathe)
p201797	0.00302	-0.00083	-0.00393	-0.00926	-0.00707	0.00211	-0.00274	0.00494	-0.00333	0.00158	-0.00568	-0.00126	-0.00399	-0.00745	0.00592	0.00024	0.00177	-0.00301	0.00164	0.00895	0.00163	-0.00541	0.00711	0.00358	0.00316	0.00115	0.00048	-0.00836	-0.00022	-0.00597	0.00314	0.00348	(Member $x0 library)
p201798	0.02889	-0.01544	0.00611	0.00001	-0.01167	0.00111	-0.00769	-0.00613	-0.00045	-0.01533	-0.00601	-0.00827	-0.00620	-0.00176	0.00956	-0.00305	-0.00101	-0.01938	-0.02055	-0.03604	-0.02348	0.00543	-0.00580	-0.00413	0.00443	-0.00360	0.02441	0.02766	0.01080	-0.00731	-0.02535	-0.00916	(Member $x0 loan_application)
p201799	-0.05518	-0.05611	-0.04085	0.04343	0.03564	-0.00373	0.14020	0.06584	-0.04227	0.06210	-0.02936	-0.09411	0.05757	-0.01942	-0.11307	0.06602	0.14849	-0.01769	-0.03210	-0.03665	-0.04159	-0.06790	-0.10794	-0.12134	0.00490	-0.07130	-0.08253	-0.06441	-0.00195	0.05418	-0.04722	-0.02943	(Member $x0 lunch)
p201800	0.00429	-0.01467	0.03331	-0.00521	-0.00373	-0.01806	-0.01457	-0.03192	0.02723	0.03357	-0.02108	0.00875	0.05091	0.02473	-0.01289	-0.01413	-0.01336	-0.04394	-0.03165	0.02856	0.01938	-0.03074	0.00403	-0.00653	0.06820	-0.01260	-0.00240	0.00497	0.04616	0.02183	0.01691	-0.02068	(Member $x0 manifest)
p201801	0.02961	-0.01606	0.00769	0.00393	-0.00868	0.00220	-0.00834	-0.00900	-0.00126	-0.01675	-0.00566	-0.00675	-0.00651	-0.00021	0.00778	-0.00425	-0.00168	-0.01838	-0.02261	-0.04093	-0.02530	0.00518	-0.00670	-0.00656	0.00311	-0.00498	0.02501	0.03362	0.01285	-0.00692	-0.02787	-0.01201	(Member $x0 manuscript)
p201802	0.12953	-0.01904	0.01929	0.11614	0.00547	0.12262	-0.14065	0.13396	-0.07102	0.05577	0.12648	0.06297	-0.06385	0.03192	0.03172	0.13326	0.15516	0.03567	-0.05560	0.07705	-0.15907	0.08744	0.16481	-0.01822	-0.12097	-0.07806	0.05512	0.02778	0.16548	0.14747	0.08669	0.07040	(Member $x0 missing)
p201803	0.04690	0.04339	0.04716	0.02156	-0.05515	-0.03273	0.06390	-0.03750	-0.00048	-0.07691	0.00437	0.03227	-0.04398	-0.05273	-0.06184	-0.05115	-0.04248	0.00554	0.13158	-0.05197	-0.05828	-0.01942	0.07469	-0.02738	-0.08766	-0.02988	0.00210	-0.09274	-0.05553	0.07445	0.06018	0.03912	(Member $x0 museum)
p201804	0.02425	0.01717	0.02367	0.00491	-0.04084	-0.02319	0.03443	-0.02200	-0.01209	-0.04459	0.00498	0.01833	-0.01680	-0.03595	-0.03652	-0.02923	-0.02683	-0.01680	0.06282	-0.06679	-0.03709	0.00717	0.02192	-0.01760	-0.06045	-0.01776	0.01273	-0.03225	-0.03120	0.02510	0.01493	0.01994	(Member $x0 neighbour)
p201805	-0.08904	0.03519	0.08176	-0.05822	0.11878	0.15931	-0.08454	0.08826	-0.03472	-0.11970	-0.05672	0.02356	-0.03086	-0.02868	0.04362	-0.06835	0.07945	-0.04681	0.17951	0.09632	0.01035	0.07359	-0.07988	-0.08444	0.14332	-0.06279	-0.02962	0.03868	-0.06855	0.10188	-0.05983	-0.07475	(Member $x0 north_route)
p201806	0.02444	-0.01302	0.00541	0.00122	-0.00839	0.00227	-0.00731	-0.00624	-0.00169	-0.01319	-0.00575	-0.00573	-0.00606	-0.00169	0.00746	-0.00337	-0.00096	-0.01541	-0.01794	-0.03099	-0.02000	0.00305	-0.00386	-0.00447	0.00315	-0.00376	0.02027	0.02529	0.01034	-0.00677	-0.02181	-0.00893	(Member $x0 panel)
p201807	-0.01170	0.07693	0.05647	-0.00332	-0.01926	-0.05367	0.03353	0.01852	-0.03421	0.01615	0.01190	0.02715	0.01846	-0.00230	0.01311	0.05781	-0.04042	-0.02644	-0.03488	0.00584	0.02946	0.02386	0.02284	-0.02871	0.00645	0.07483	-0.01138	0.02573	-0.03212	0.00258	-0.04675	-0.01926	(Member $x0 permit)
p201808	0.01566	-0.01911	-0.00399	-0.00403	0.02074	-0.00036	0.00365	-0.01947	0.00073	-0.00449	-0.00816	0.01208	0.02136	0.01521	0.00316	0.00357	-0.00556	-0.02011	-0.03943	-0.00458	-0.00878	-0.01035	0.01374	-0.01847	0.01234	-0.01271	0.00855	0.02218	0.02723	0.01296	-0.01032	-0.01525	(Member $x0 pilot)
p201809	-0.03255	0.00373	0.04458	-0.06445	-0.07463	0.11540	-0.01128	-0.07484	0.02062	-0.07987	0.09533	-0.12080	-0.07817	0.02287	-0.10056	0.11636	-0.10708	-0.10157	-0.05182	0.06711	0.14400	-0.06617	-0.06730	-0.05840	-0.04046	-0.08831	-0.16004	0.03495	-0.06166	-0.10461	0.07007	0.19138	(Member $x0 point)
p201810	0.06626	0.02092	-0.04963	0.01595	-0.07664	0.08790	0.06611	-0.03932	-0.08131	0.06856	0.15349	0.08467	-0.06385	0.04069	-0.12122	-0.06241	-0.08320	0.07032	-0.06350	-0.01231	0.13445	0.16062	-0.04992	-0.06602	0.10566	-0.05646	0.30356	-0.08198	-0.02794	-0.00694	-0.10147	-0.15539	(Member $x0 potter)
p201811	-0.03690	-0.13334	0.07150	-0.04736	-0.05640	0.05394	0.07249	-0.07514	-0.07288	-0.05167	0.11307	-0.03108	0.06496	-0.02290	0.05214	-0.08919	0.18095	0.03987	-0.02167	0.01225	-0.05659	0.02754	0.02147	0.01597	0.01880	0.12005	-0.06774	-0.00044	-0.03162	-0.09214	0.07129	-0.10641	(Member $x0 projector)
p201812	0.02444	-0.01302	0.00541	0.00122	-0.00839	0.00227	-0.00731	-0.00624	-0.00169	-0.01319	-0.00575	-0.00573	-0.00607	-0.00169	0.00746	-0.00337	-0.00096	-0.01541	-0.01794	-0.03099	-0.02000	0.00305	-0.00386	-0.00447	0.00315	-0.00376	0.02027	0.02529	0.01034	-0.00677	-0.02181	-0.00893	(Member $x0 proposal)
p201813	0.02066	-0.02269	-0.00359	-0.00190	0.02409	-0.00018	0.00414	-0.02275	0.00038	-0.00866	-0.00766	0.01266	0.02207	0.01790	0.00392	0.00347	-0.00614	-0.02279	-0.04592	-0.01390	-0.01431	-0.00877	0.01286	-0.02228	0.01078	-0.01470	0.01281	0.03060	0.03005	0.01396	-0.01644	-0.01864	(Member $x0 query)
p201814	-0.02969	0.19666	0.07870	-0.04246	-0.01421	-0.11585	0.10789	0.02931	-0.08863	0.01371	0.03573	0.08776	0.06256	-0.01255	0.00296	0.15296	-0.11501	-0.05891	-0.09658	0.01629	0.06265	0.09466	0.08043	-0.06084	-0.01277	0.16535	-0.04088	0.05812	-0.05441	0.04834	-0.09912	-0.04333	(Member $x0 recipe)
p201815	0.00227	-0.01764	0.00532	-0.00913	-0.01668	0.01269	-0.00507	-0.01329	-0.00853	-0.00324	-0.01336	-0.00737	-0.01582	-0.01310	0.02119	-0.02403	-0.01617	0.00311	0.00366	-0.02831	-0.00645	0.00193	-0.02022	-0.01473	0.00165	0.01844	0.01070	0.01907	0.02812	0.01942	-0.02653	0.00548	(Member $x0 rescue_team)
p201816	0.03347	-0.01606	0.00793	0.01014	0.00225	-0.00160	-0.01008	-0.01699	0.00064	-0.01394	-0.00024	-0.00695	-0.00659	0.00009	0.01743	-0.00808	-0.00085	-0.02836	-0.02395	-0.04527	-0.02598	0.00609	-0.01318	-0.01004	0.00227	-0.00154	0.02927	0.03740	0.00498	-0.01388	-0.02181	-0.01340	(Member $x0 scan)
p201817	0.00226	-0.01766	0.00531	-0.00914	-0.01670	0.01268	-0.00508	-0.01330	-0.00854	-0.00325	-0.01337	-0.00738	-0.01583	-0.01312	0.02117	-0.02405	-0.01618	0.00310	0.00364	-0.02832	-0.00647	0.00191	-0.02023	-0.01474	0.00164	0.01843	0.01069	0.01906	0.02811	0.01941	-0.02655	0.00546	(Member $x0 search)
p201818	-0.04388	-0.05292	-0.05489	-0.10785	0.01851	-0.06492	-0.04649	-0.06754	-0.01786	0.16133	0.07347	-0.15797	-0.09372	0.09523	0.03176	0.13432	-0.02805	0.08586	0.11567	-0.10276	-0.02774	-0.09066	0.16604	0.01405	0.13227	-0.06338	-0.01567	0.07865	-0.13984	0.11030	-0.03963	-0.02932	(Member $x0 seized)
p201819	-0.00224	-0.00192	-0.01084	0.02671	0.00488	-0.00580	0.02096	-0.00045	-0.01434	0.02167	-0.00785	-0.04746	0.01024	-0.02341	-0.00612	0.00165	0.04230	-0.01485	-0.00833	0.00574	-0.00504	-0.01740	-0.05204	-0.01316	0.00540	-0.01128	-0.01380	-0.00860	-0.00297	0.01358	-0.00826	-0.00200	(Member $x0 shoreline_survey)
p201820	0.04656	-0.03922	0.00088	0.04465	-0.01648	0.02764	0.02052	0.01681	0.06147	-0.02477	-0.03972	0.00612	-0.03945	0.00804	0.01773	0.04959	-0.02250	0.01472	-0.03659	-0.01519	0.00652	-0.02974	-0.02019	0.01239	0.08607	0.05263	-0.00646	-0.00471	-0.06509	0.00073	0.00397	-0.03080	(Member $x0 squad)
p201821	0.03748	0.05114	0.01587	0.02442	-0.01438	-0.01823	-0.03756	-0.00795	-0.02267	0.01663	0.00821	-0.03708	-0.04109	-0.02858	0.01625	-0.02661	0.02382	-0.00217	0.01578	0.02669	0.02297	-0.00343	-0.01439	0.05153	0.01642	0.03312	0.00444	0.01880	0.01466	0.01024	0.00245	-0.00868	(Member $x0 storm)
p201822	-0.01275	0.06269	-0.03306	0.08263	0.15078	-0.03035	-0.02051	-0.08627	-0.03148	0.06366	0.07939	0.04426	-0.01286	-0.00732	0.05508	-0.04256	0.01443	-0.03002	0.04329	0.04301	0.05149	-0.02799	-0.03243	-0.02398	-0.02713	0.05262	-0.02859	0.00807	-0.06036	-0.04178	0.12324	-0.01125	(Member $x0 summer_fair)
p201823	-0.12629	-0.06855	-0.06460	-0.05625	-0.07864	0.07003	0.05700	-0.09525	-0.05684	0.10149	-0.04509	0.02298	-0.05703	-0.06338	0.05742	-0.11105	-0.13802	0.11715	0.05977	-0.03781	0.12064	-0.01834	-0.07799	-0.05260	-0.08480	0.18582	-0.11231	-0.04268	0.16484	0.14568	-0.03636	0.17779	(Member $x0 tender)
p201824	0.01349	-0.02379	-0.01731	0.00259	0.02379	0.00785	0.01157	-0.01717	-0.00949	-0.01841	-0.00214	0.00963	0.00292	0.00471	0.00374	0.00175	-0.00713	-0.00164	-0.03723	-0.03498	-0.02228	-0.00171	0.00708	-0.02395	-0.01776	-0.00627	0.01483	0.03417	0.01895	0.00649	-0.02806	-0.01418	(Member $x0 tournament)
p201825	0.01566	-0.01911	-0.00399	-0.00403	0.02075	-0.00036	0.00365	-0.01947	0.00073	-0.00449	-0.00816	0.01208	0.02136	0.01521	0.00316	0.00357	-0.00556	-0.02011	-0.03943	-0.00458	-0.00878	-0.01035	0.01374	-0.01847	0.01234	-0.01271	0.00855	0.02218	0.02723	0.01296	-0.01032	-0.01525	(Member $x0 tower)
p201826	-0.00974	0.06197	-0.03162	0.08698	0.15433	-0.02996	-0.02180	-0.09078	-0.03156	0.06220	0.07988	0.04440	-0.01306	-0.00519	0.05577	-0.04461	0.01376	-0.03178	0.04061	0.03568	0.04978	-0.02694	-0.03472	-0.02817	-0.02884	0.05178	-0.02637	0.01603	-0.06013	-0.04316	0.12074	-0.01517	(Member $x0 tutor)
p201827	0.01716	-0.01451	0.00754	-0.00385	0.00496	-0.00388	-0.00500	-0.01630	0.00535	-0.00045	-0.01008	0.00455	0.01750	0.01096	0.00185	-0.00417	-0.00479	-0.02395	-0.02925	-0.00762	-0.00690	-0.01010	0.00625	-0.00998	0.02046	-0.00966	0.01072	0.01913	0.02367	0.00717	-0.00850	-0.01364	(Member $x0 vet)
p201828	-0.01000	-0.01247	-0.01432	0.00728	0.01876	0.00074	0.00953	-0.01032	-0.00807	-0.02365	-0.00984	0.01110	0.01228	-0.00664	-0.02442	0.00200	-0.00525	0.01362	-0.02308	-0.01317	-0.00671	-0.01299	0.01283	0.00111	-0.00967	-0.01404	0.00191	0.02897	0.00875	-0.01293	-0.02558	-0.01879	(Member $x0 vote)
p201829	-0.01394	-0.02059	0.02856	-0.03009	-0.00279	-0.01945	-0.01567	-0.04378	0.02486	0.03766	-0.02234	0.01520	0.07901	0.01839	-0.02759	-0.02223	-0.02071	-0.04925	-0.03607	0.03039	0.02495	-0.03203	0.00850	0.00451	0.06004	-0.00726	-0.01002	0.00520	0.06023	0.03000	0.03450	-0.02602	(Member $x0 winner)
p201830	-0.03255	0.00373	0.04458	-0.06445	-0.07463	0.11540	-0.01128	-0.07484	0.02062	-0.07987	0.09533	-0.12080	-0.07817	0.02287	-0.10056	0.11636	-0.10708	-0.10157	-0.05182	0.06711	0.14400	-0.06617	-0.06730	-0.05840	-0.04046	-0.08831	-0.16004	0.03495	-0.06166	-0.10461	0.07007	0.19138	(Member $x0 wreck)
p201831	0.03347	-0.01607	0.00792	0.01013	0.00225	-0.00161	-0.01009	-0.01699	0.00063	-0.01394	-0.00024	-0.00696	-0.00659	0.00008	0.01743	-0.00809	-0.00086	-0.02836	-0.02396	-0.04528	-0.02598	0.00609	-0.01319	-0.01004	0.00227	-0.00154	0.02926	0.03740	0.00497	-0.01388	-0.02181	-0.01341	(Ordinal $x0 <num> scan)
p201832	-0.00231	-0.00546	0.00934	0.00166	-0.01181	-0.00201	-0.00601	0.00265	0.00517	0.00308	-0.00414	-0.00939	-0.00057	-0.00238	0.00486	0.00187	-0.00273	-0.00582	0.00084	-0.00095	-0.00029	0.00006	-0.00813	0.00238	-0.00279	0.00114	0.00148	0.00103	-0.00755	-0.00482	-0.00226	-0.00030	(PartOf $x0 $x1)
p201833	0.06626	0.02092	-0.04963	0.01595	-0.07664	0.08790	0.06611	-0.03932	-0.08131	0.06856	0.15349	0.08467	-0.06385	0.04069	-0.12122	-0.06241	-0.08320	0.07032	-0.06350	-0.01231	0.13445	0.16062	-0.04992	-0.06602	0.10566	-0.05646	0.30356	-0.08198	-0.02794	-0.00694	-0.10147	-0.15539	(Theme $e0 glazing)
p201834	-0.04523	-0.04890	-0.03913	0.04868	0.03813	-0.00464	0.13601	0.05839	-0.04384	0.05846	-0.02105	-0.08602	0.05401	-0.01544	-0.10422	0.05850	0.15406	-0.02396	-0.03454	-0.03005	-0.04215	-0.06346	-0.11270	-0.11846	0.00706	-0.06986	-0.07679	-0.06064	-0.00264	0.04940	-0.04664	-0.02813	(Time $e0 (Month september))
p201835	-0.00254	-0.00223	-0.01112	0.02642	0.00460	-0.00607	0.02071	-0.00076	-0.01465	0.02139	-0.00811	-0.04776	0.00998	-0.02369	-0.00642	0.00132	0.04201	-0.01511	-0.00865	0.00546	-0.00530	-0.01768	-0.05232	-0.01343	0.00512	-0.01156	-0.01409	-0.00888	-0.00324	0.01330	-0.00858	-0.00231	(Time $e0 dawn)
p201838	0.02897	-0.01617	0.00680	0.00150	-0.01214	-0.00006	-0.00710	-0.00676	0.00082	-0.01581	-0.00495	-0.00873	-0.00512	-0.00058	0.00847	-0.00303	-0.00164	-0.01988	-0.02040	-0.03993	-0.02406	0.00778	-0.00896	-0.00484	0.00426	-0.00357	0.02485	0.02950	0.01056	-0.00627	-0.02620	-0.00975	(And (Agent $e0 $x0) (Agent $e0 jica) (Member $x0 government) (Theme $e0 $x1))
p201877	-0.02764	-0.11896	0.05031	-0.05886	-0.05235	0.04527	0.07272	-0.07283	-0.06696	-0.05906	0.10137	-0.03597	0.06324	-0.03142	0.04777	-0.07912	0.15648	0.03718	-0.02789	0.00650	-0.05255	0.03180	0.02635	0.02053	0.01652	0.10156	-0.05715	0.00722	-0.02202	-0.07629	0.05146	-0.09322	(And (Agent $e0 $x0) (Beneficiary $e0 $x1) (Member $x2 projector) (Theme $e0 $x2))
p201878	-0.07551	0.03964	-0.01018	0.00998	0.02289	0.11208	0.10565	-0.00306	0.10128	0.06098	0.04120	-0.09327	-0.06835	-0.08055	0.02931	-0.08373	-0.06778	-0.06879	-0.06521	-0.01405	-0.02309	0.03159	0.07365	0.08626	0.01969	-0.04498	-0.03099	-0.01836	0.06408	-0.05001	-0.00805	-0.00859	(And (Agent $e0 $x0) (Cardinality $x1 <num>) (Member $e0 buy) (Theme $e0 $x1))
p201879	0.07737	0.20432	-0.11577	-0.05062	-0.09320	-0.04863	0.10251	0.06781	-0.08719	-0.06624	-0.02215	-0.08674	0.03730	0.11269	0.02107	-0.05821	-0.04577	0.10882	0.10736	0.05739	0.00745	-0.00687	-0.08230	-0.08490	0.01854	-0.08249	-0.04672	0.11591	0.09281	-0.03208	0.12732	-0.01325	(And (Agent $e0 $x0) (GroupOf $x1 lemon) (Member $x0 chef) (Theme $e0 $x1))
p201880	0.07737	0.20431	-0.11577	-0.05062	-0.09320	-0.04863	0.10251	0.06781	-0.08719	-0.06624	-0.02215	-0.08674	0.03730	0.11269	0.02107	-0.05821	-0.04577	0.10882	0.10736	0.05739	0.00745	-0.00687	-0.08230	-0.08490	0.01854	-0.08249	-0.04672	0.11591	0.09281	-0.03208	0.12732	-0.01325	(And (Agent $e0 $x0) (GroupOf $x1 lemon) (Member $x1 crate) (Theme $e0 $x1))
p201881	0.07737	0.20431	-0.11577	-0.05062	-0.09320	-0.04863	0.10251	0.06781	-0.08719	-0.06624	-0.02215	-0.08674	0.03730	0.11269	0.02107	-0.05821	-0.04577	0.10882	0.10736	0.05739	0.00745	-0.00687	-0.08230	-0.08490	0.01854	-0.08249	-0.04672	0.11591	0.09281	-0.03208	0.12732	-0.01325	(And (Agent $e0 $x0) (GroupOf $x1 lemon) (Past $e0) (Theme $e0 $x1))
p201882	-0.01184	0.06087	-0.03163	0.08160	0.14655	-0.03005	-0.01922	-0.08469	-0.02977	0.06085	0.07760	0.04201	-0.01164	-0.00547	0.05212	-0.04118	0.01395	-0.02892	0.04123	0.03898	0.04939	-0.02554	-0.03308	-0.02460	-0.02665	0.05084	-0.02764	0.01048	-0.05827	-0.03925	0.11677	-0.01223	(And (Agent $e0 $x0) (Inheritance afternoon_session session) (Member $x1 afternoon_session) (Patient $e0 $x1))
p201883	0.00188	-0.01665	0.00622	-0.00659	-0.01415	0.01238	-0.00426	-0.01356	-0.00759	-0.00343	-0.01165	-0.00628	-0.01439	-0.01100	0.01954	-0.02288	-0.01569	0.00379	0.00349	-0.02900	-0.00639	0.00296	-0.02061	-0.01491	0.00137	0.01769	0.01028	0.02070	0.02752	0.02011	-0.02596	0.00486	(And (Agent $e0 $x0) (Inheritance rescue_team team) (Member $x0 rescue_team) (Theme $e0 $x1))
p201884	-0.01225	0.06096	-0.03135	0.08114	0.14594	-0.02977	-0.01935	-0.08386	-0.03001	0.06057	0.07727	0.04223	-0.01191	-0.00605	0.05166	-0.04081	0.01402	-0.02851	0.04144	0.03973	0.04941	-0.02591	-0.03254	-0.02337	-0.02624	0.05089	-0.02800	0.00950	-0.05756	-0.03875	0.11689	-0.01176	(And (Agent $e0 $x0) (Inheritance summer_fair fair) (Member $x1 summer_fair) (Patient $e0 $x1))
p201888	-0.02865	0.00407	0.03520	-0.05262	-0.06240	0.10515	-0.01294	-0.06150	0.01312	-0.06527	0.08135	-0.10001	-0.06758	0.02174	-0.08622	0.10220	-0.08911	-0.08345	-0.04476	0.06259	0.13403	-0.05448	-0.05317	-0.05013	-0.03483	-0.07491	-0.14027	0.02822	-0.05063	-0.08796	0.06291	0.15567	(And (Agent $e0 $x0) (Location $e0 $x1) (Member $e0 discover) (Member $x1 point))
p201889	0.05565	-0.08106	0.05655	0.00247	0.04391	-0.04500	0.14439	-0.08376	0.04221	0.05675	-0.06148	0.04880	-0.02246	0.04187	0.05592	0.12157	0.05654	0.03633	0.11772	0.04777	0.01195	0.11806	-0.05567	0.03699	-0.04223	-0.06845	-0.05192	-0.00746	0.08930	-0.06256	-0.04214	-0.01376	(And (Agent $e0 $x0) (Location $e0 $x1) (Member $x0 biologist) (Member $x1 survey))
p201890	-0.03134	0.00493	0.03529	-0.05578	-0.06332	0.09857	-0.00573	-0.06637	0.01364	-0.06968	0.08006	-0.10220	-0.06552	0.01865	-0.08965	0.10063	-0.09285	-0.08585	-0.04382	0.06020	0.12278	-0.05820	-0.05755	-0.04934	-0.03246	-0.07518	-0.13997	0.02741	-0.05460	-0.08956	0.05874	0.16749	(And (Agent $e0 $x0) (Location $e0 $x1) (Member $x0 diver) (Member $x1 point))
p201891	-0.03134	0.00493	0.03529	-0.05578	-0.06332	0.09857	-0.00573	-0.06637	0.01364	-0.06968	0.08006	-0.10220	-0.06552	0.01865	-0.08965	0.10063	-0.09285	-0.08585	-0.04382	0.06020	0.12278	-0.05820	-0.05755	-0.04934	-0.03246	-0.07518	-0.13997	0.02741	-0.05460	-0.08956	0.05874	0.16749	(And (Agent $e0 $x0) (Location $e0 $x1) (Member $x0 diver) (Theme $e0 $x2))
p201892	-0.03134	0.00493	0.03529	-0.05578	-0.06332	0.09857	-0.00573	-0.06637	0.01364	-0.06968	0.08006	-0.10220	-0.06552	0.01865	-0.08965	0.10063	-0.09285	-0.08585	-0.04382	0.06020	0.12278	-0.05820	-0.05755	-0.04934	-0.03246	-0.07518	-0.13997	0.02741	-0.05460	-0.08956	0.05874	0.16749	(And (Agent $e0 $x0) (Location $e0 $x1) (Member $x2 wreck) (Theme $e0 $x2))
p201893	-0.02203	0.02572	-0.03554	0.04076	-0.08548	0.09136	-0.09911	-0.01192	0.07211	-0.00923	-0.09852	-0.01366	0.07189	0.01453	0.04767	0.02859	0.09876	-0.03383	0.10176	-0.01860	0.14479	-0.04125	0.07243	-0.06784	-0.05358	0.02132	0.10807	-0.00847	0.01636	-0.07197	-0.01338	-0.13594	(And (Agent $e0 $x0) (Location $e0 eskisehir) (Location $e0 turkey) (Member $x0 company))
p201895	-0.02203	0.02572	-0.03554	0.04076	-0.08548	0.09136	-0.09911	-0.01192	0.07211	-0.00923	-0.09852	-0.01366	0.07189	0.01453	0.04767	0.02859	0.09876	-0.03383	0.10176	-0.01860	0.14479	-0.04125	0.07243	-0.06784	-0.05358	0.02132	0.10808	-0.00847	0.01636	-0.07197	-0.01338	-0.13594	(And (Agent $e0 $x0) (Location $e0 eskisehir) (Member $e0 build) (Member $x0 company))
p201896	-0.02203	0.02572	-0.03554	0.04076	-0.08548	0.09136	-0.09911	-0.01192	0.07211	-0.00923	-0.09852	-0.01366	0.07189	0.01453	0.04767	0.02859	0.09876	-0.03383	0.10176	-0.01860	0.14479	-0.04125	0.07243	-0.06784	-0.05358	0.02132	0.10808	-0.00847	0.01636	-0.07197	-0.01338	-0.13594	(And (Agent $e0 $x0) (Location $e0 eskisehir) (Member $x0 company) (Past $e0))
p201897	-0.02203	0.02572	-0.03554	0.04076	-0.08548	0.09136	-0.09911	-0.01192	0.07211	-0.00923	-0.09852	-0.01366	0.07189	0.01453	0.04767	0.02859	0.09876	-0.03383	0.10176	-0.01860	0.14479	-0.04125	0.07243	-0.06784	-0.05358	0.02132	0.10807	-0.00847	0.01636	-0.07197	-0.01338	-0.13594	(And (Agent $e0 $x0) (Location $e0 eskisehir) (Member $x0 company) (Patient $e0 $x1))
p201898	-0.02203	0.02572	-0.03554	0.04076	-0.08548	0.09136	-0.09911	-0.01192	0.07211	-0.00923	-0.09852	-0.01366	0.07189	0.01453	0.04767	0.02859	0.09876	-0.03383	0.10176	-0.01860	0.14479	-0.04125	0.07243	-0.06784	-0.05358	0.02132	0.10807	-0.00847	0.01636	-0.07197	-0.01338	-0.13594	(And (Agent $e0 $x0) (Location $e0 eskisehir) (Member $x1 hotel) (Patient $e0 $x1))
p201900	-0.02203	0.02572	-0.03554	0.04076	-0.08548	0.09136	-0.09911	-0.01192	0.07211	-0.00923	-0.09852	-0.01366	0.07189	0.01453	0.04767	0.02859	0.09876	-0.03383	0.10176	-0.01860	0.14479	-0.04125	0.07243	-0.06784	-0.05358	0.02132	0.10808	-0.00847	0.01636	-0.07197	-0.01338	-0.13594	(And (Agent $e0 $x0) (Location $e0 kazakhstan) (Member $e0 build) (Member $x0 company))
p201901	-0.02203	0.02572	-0.03554	0.04076	-0.08548	0.09136	-0.09911	-0.01192	0.07211	-0.00923	-0.09852	-0.01366	0.07189	0.01453	0.04767	0.02859	0.09876	-0.03383	0.10176	-0.01860	0.14479	-0.04125	0.07243	-0.06784	-0.05358	0.02132	0.10808	-0.00847	0.01636	-0.07197	-0.01338	-0.13594	(And (Agent $e0 $x0) (Location $e0 kazakhstan) (Member $x0 company) (Past $e0))
p201902	-0.02203	0.02572	-0.03554	0.04076	-0.08548	0.09136	-0.09911	-0.01192	0.07211	-0.00923	-0.09852	-0.01366	0.07189	0.01453	0.04767	0.02859	0.09876	-0.03383	0.10176	-0.01860	0.14479	-0.04125	0.07243	-0.06784	-0.05358	0.02132	0.10808	-0.00847	0.01636	-0.07197	-0.01338	-0.13594	(And (Agent $e0 $x0) (Location $e0 kazakhstan) (Member $x0 company) (Patient $e0 $x1))
p201904	-0.03360	0.03844	-0.05315	0.06101	-0.12861	0.13685	-0.14851	-0.01806	0.10775	-0.01387	-0.14800	-0.02107	0.10760	0.02148	0.07138	0.04306	0.14734	-0.05096	0.15240	-0.02783	0.21706	-0.06218	0.10833	-0.10193	-0.08050	0.03313	0.16157	-0.01299	0.02566	-0.10815	-0.02036	-0.20386	(And (Agent $e0 $x0) (Location $e0 turkey) (Member $e0 build) (Member $x0 company))
p201905	-0.03360	0.03844	-0.05315	0.06101	-0.12861	0.13685	-0.14851	-0.01806	0.10775	-0.01387	-0.14800	-0.02107	0.10760	0.02148	0.07138	0.04306	0.14734	-0.05096	0.15240	-0.02783	0.21706	-0.06218	0.10833	-0.10193	-0.08050	0.03313	0.16157	-0.01299	0.02566	-0.10815	-0.02036	-0.20386	(And (Agent $e0 $x0) (Location $e0 turkey) (Member $x0 company) (Past $e0))
p201906	-0.03360	0.03844	-0.05315	0.06101	-0.12861	0.13685	-0.14851	-0.01806	0.10775	-0.01387	-0.14800	-0.02107	0.10760	0.02148	0.07138	0.04306	0.14734	-0.05096	0.15240	-0.02783	0.21706	-0.06218	0.10833	-0.10193	-0.08050	0.03313	0.16157	-0.01299	0.02566	-0.10815	-0.02036	-0.20386	(And (Agent $e0 $x0) (Location $e0 turkey) (Member $x0 company) (Patient $e0 $x1))
p201907	-0.02203	0.02572	-0.03554	0.04076	-0.08548	0.09136	-0.09911	-0.01192	0.07211	-0.00923	-0.09852	-0.01366	0.07189	0.01453	0.04767	0.02859	0.09876	-0.03383	0.10176	-0.01860	0.14479	-0.04125	0.07243	-0.06784	-0.05358	0.02132	0.10807	-0.00847	0.01636	-0.07197	-0.01338	-0.13594	(And (Agent $e0 $x0) (Location $e0 turkey) (Member $x1 hotel) (Patient $e0 $x1))
p201911	0.01793	-0.00991	0.00183	-0.00288	-0.00011	0.00546	-0.01047	-0.00374	-0.00111	-0.01674	-0.00654	-0.00017	-0.00084	-0.00251	0.00222	-0.00528	-0.00184	-0.01912	-0.01337	-0.03229	-0.01573	0.01005	-0.00407	-0.00434	0.00159	-0.00633	0.01705	0.02769	0.00617	-0.00276	-0.01805	-0.01301	(And (Agent $e0 $x0) (Member $e0 block) (Member $x1 lane) (Theme $e0 $x1))
p201917	-0.04422	0.05130	-0.07121	0.08138	-0.17110	0.18261	-0.19832	-0.02399	0.14409	-0.01859	-0.19715	-0.02746	0.14367	0.02892	0.09516	0.05703	0.19739	-0.06779	0.20339	-0.03734	0.28946	-0.08264	0.14471	-0.13582	-0.10728	0.04252	0.21602	-0.01707	0.03258	-0.14408	-0.02690	-0.27201	(And (Agent $e0 $x0) (Member $e0 build) (Member $x0 company) (Past $e0))
p201918	-0.04422	0.05130	-0.07121	0.08138	-0.17110	0.18261	-0.19832	-0.02399	0.14409	-0.01859	-0.19715	-0.02746	0.14367	0.02892	0.09516	0.05703	0.19739	-0.06779	0.20339	-0.03734	0.28946	-0.08264	0.14471	-0.13582	-0.10728	0.04252	0.21602	-0.01707	0.03258	-0.14408	-0.02690	-0.27201	(And (Agent $e0 $x0) (Member $e0 build) (Member $x0 company) (Patient $e0 $x1))
p201919	-0.02203	0.02572	-0.03554	0.04076	-0.08548	0.09136	-0.09911	-0.01192	0.07211	-0.00923	-0.09852	-0.01366	0.07189	0.01453	0.04767	0.02859	0.09876	-0.03383	0.10176	-0.01860	0.14479	-0.04125	0.07243	-0.06784	-0.05358	0.02132	0.10808	-0.00847	0.01636	-0.07197	-0.01338	-0.13594	(And (Agent $e0 $x0) (Member $e0 build) (Member $x1 hotel) (Patient $e0 $x1))
p201920	-0.06156	0.01589	0.05262	0.06018	-0.05289	-0.02175	-0.05352	-0.00419	-0.00703	0.01835	-0.03935	-0.02857	-0.04322	-0.04820	-0.07904	0.00492	0.00358	0.08729	0.07279	0.05102	0.04630	-0.01149	0.01912	0.10127	0.02798	-0.00743	-0.01351	0.04840	0.00582	-0.05844	-0.01843	-0.03581	(And (Agent $e0 $x0) (Member $e0 make) (Member $e1 decision) (Patient $e0 $e1))
p201921	-0.04401	0.03396	0.08519	0.06319	-0.06848	-0.02091	-0.06854	0.02061	-0.01028	0.02114	-0.04001	-0.05234	-0.05994	-0.04956	-0.08015	-0.01207	0.01518	0.10302	0.06893	0.06304	0.04992	-0.02279	0.02336	0.11121	0.02607	0.01361	-0.01285	0.04612	0.01607	-0.04407	-0.02911	-0.04540	(And (Agent $e0 $x0) (Member $e0 reach) (Member $e1 decision) (Theme $e0 $e1))
p201922	-0.00953	-0.01285	-0.01325	0.00807	0.01879	0.00010	0.00890	-0.01175	-0.00769	-0.02337	-0.00883	0.01012	0.01161	-0.00511	-0.02417	0.00083	-0.00590	0.01207	-0.02338	-0.01625	-0.00760	-0.01162	0.01022	-0.00099	-0.01036	-0.01399	0.00183	0.02948	0.00833	-0.01156	-0.02587	-0.01935	(And (Agent $e0 $x0) (Member $x0 board) (Member $x1 vote) (Theme $e0 $x1))
p201923	0.07737	0.20431	-0.11577	-0.05062	-0.09320	-0.04863	0.10251	0.06781	-0.08719	-0.06624	-0.02215	-0.08674	0.03730	0.11269	0.02107	-0.05821	-0.04577	0.10882	0.10736	0.05739	0.00745	-0.00687	-0.08230	-0.08490	0.01854	-0.08249	-0.04672	0.11591	0.09281	-0.03208	0.12732	-0.01325	(And (Agent $e0 $x0) (Member $x0 chef) (Member $x1 crate) (Theme $e0 $x1))
p201924	0.07737	0.20431	-0.11577	-0.05062	-0.09320	-0.04863	0.10251	0.06781	-0.08719	-0.06624	-0.02215	-0.08674	0.03730	0.11269	0.02107	-0.05821	-0.04577	0.10882	0.10736	0.05739	0.00745	-0.00687	-0.08230	-0.08490	0.01854	-0.08249	-0.04673	0.11591	0.09281	-0.03208	0.12732	-0.01325	(And (Agent $e0 $x0) (Member $x0 chef) (Past $e0) (Theme $e0 $x1))
p201925	-0.02203	0.02572	-0.03554	0.04076	-0.08548	0.09136	-0.09911	-0.01192	0.07211	-0.00923	-0.09852	-0.01366	0.07189	0.01453	0.04767	0.02859	0.09876	-0.03383	0.10176	-0.01860	0.14479	-0.04125	0.07243	-0.06784	-0.05358	0.02132	0.10808	-0.00847	0.01636	-0.07197	-0.01338	-0.13594	(And (Agent $e0 $x0) (Member $x0 company) (Member $x1 hotel) (Patient $e0 $x1))
p201926	-0.04422	0.05130	-0.07121	0.08138	-0.17110	0.18261	-0.19832	-0.02399	0.14409	-0.01859	-0.19715	-0.02746	0.14367	0.02892	0.09516	0.05703	0.19739	-0.06779	0.20339	-0.03734	0.28946	-0.08264	0.14471	-0.13582	-0.10728	0.04252	0.21602	-0.01707	0.03258	-0.14408	-0.02690	-0.27201	(And (Agent $e0 $x0) (Member $x0 company) (Past $e0) (Patient $e0 $x1))
p201927	-0.01225	0.06096	-0.03135	0.08114	0.14594	-0.02977	-0.01935	-0.08386	-0.03001	0.06057	0.07727	0.04223	-0.01191	-0.00605	0.05166	-0.04081	0.01402	-0.02851	0.04144	0.03973	0.04941	-0.02591	-0.03254	-0.02337	-0.02624	0.05089	-0.02800	0.00950	-0.05756	-0.03875	0.11689	-0.01176	(And (Agent $e0 $x0) (Member $x0 council) (Member $x1 summer_fair) (Patient $e0 $x1))
p201928	-0.03134	0.00493	0.03529	-0.05578	-0.06332	0.09857	-0.00573	-0.06637	0.01364	-0.06968	0.08006	-0.10220	-0.06552	0.01865	-0.08965	0.10063	-0.09285	-0.08585	-0.04382	0.06020	0.12278	-0.05820	-0.05755	-0.04934	-0.03246	-0.07518	-0.13997	0.02741	-0.05460	-0.08956	0.05874	0.16749	(And (Agent $e0 $x0) (Member $x0 diver) (Member $x1 wreck) (Theme $e0 $x1))
p201929	0.02385	-0.01296	0.00619	0.00313	-0.00700	0.00171	-0.00668	-0.00724	-0.00099	-0.01348	-0.00451	-0.00549	-0.00522	-0.00016	0.00629	-0.00340	-0.00135	-0.01484	-0.01823	-0.03299	-0.02041	0.00421	-0.00544	-0.00526	0.00251	-0.00400	0.02022	0.02703	0.01031	-0.00555	-0.02247	-0.00965	(And (Agent $e0 $x0) (Member $x0 editor) (Member $x1 manuscript) (Theme $e0 $x1))
p201931	-0.11895	-0.06425	-0.05863	-0.05118	-0.07180	0.06705	0.05292	-0.09005	-0.05378	0.09354	-0.04141	0.02151	-0.05242	-0.05894	0.05321	-0.10270	-0.12913	0.10995	0.05509	-0.03735	0.11367	-0.01662	-0.07518	-0.04976	-0.07943	0.17260	-0.10506	-0.03716	0.15457	0.13807	-0.03528	0.16472	(And (Agent $e0 $x0) (Member $x0 firm) (Member $x1 tender) (Theme $e0 $x1))
p201933	0.12275	-0.01835	0.01936	0.11293	0.00676	0.11739	-0.13333	0.12622	-0.06708	0.05262	0.12218	0.06027	-0.06098	0.03175	0.02937	0.12822	0.14780	0.03451	-0.05411	0.07208	-0.15222	0.08377	0.15661	-0.01823	-0.11576	-0.07479	0.05157	0.02912	0.15748	0.14210	0.08194	0.06801	(And (Agent $e0 $x0) (Member $x0 intern) (Member $x1 file) (Theme $e0 $x1))
p201934	0.12275	-0.01835	0.01936	0.11293	0.00676	0.11739	-0.13333	0.12622	-0.06708	0.05262	0.12218	0.06027	-0.06098	0.03175	0.02937	0.12822	0.14780	0.03451	-0.05411	0.07208	-0.15222	0.08377	0.15661	-0.01823	-0.11576	-0.07479	0.05157	0.02912	0.15748	0.14210	0.08194	0.06801	(And (Agent $e0 $x0) (Member $x0 intern) (Member $x1 missing) (Theme $e0 $x1))
p201935	-0.03703	-0.04761	-0.04798	-0.10167	0.01771	-0.05485	-0.04412	-0.06582	-0.01114	0.15439	0.05692	-0.15135	-0.08740	0.08756	0.02977	0.11966	-0.02132	0.08500	0.10181	-0.09048	-0.02092	-0.07899	0.15609	0.00814	0.11377	-0.05975	-0.01260	0.07713	-0.13667	0.10246	-0.03164	-0.03140	(And (Agent $e0 $x0) (Member $x0 mechanic) (Member $x1 gearbox) (Patient $e0 $x1))
p201936	-0.03703	-0.04761	-0.04798	-0.10167	0.01771	-0.05485	-0.04412	-0.06582	-0.01114	0.15439	0.05692	-0.15135	-0.08740	0.08756	0.02977	0.11966	-0.02132	0.08500	0.10181	-0.09048	-0.02092	-0.07899	0.15609	0.00814	0.11377	-0.05975	-0.01260	0.07713	-0.13667	0.10246	-0.03164	-0.03140	(And (Agent $e0 $x0) (Member $x0 mechanic) (Member $x1 seized) (Patient $e0 $x1))
p201937	-0.03703	-0.04761	-0.04798	-0.10167	0.01771	-0.05485	-0.04412	-0.06582	-0.01114	0.15439	0.05692	-0.15135	-0.08740	0.08756	0.02977	0.11966	-0.02132	0.08500	0.10181	-0.09048	-0.02092	-0.07899	0.15609	0.00814	0.11377	-0.05975	-0.01260	0.07713	-0.13667	0.10246	-0.03164	-0.03140	(And (Agent $e0 $x0) (Member $x0 mechanic) (Past $e0) (Patient $e0 $x1))
p201938	0.02345	-0.01265	0.00612	0.00308	-0.00679	0.00190	-0.00669	-0.00718	-0.00115	-0.01332	-0.00462	-0.00528	-0.00530	-0.00023	0.00612	-0.00340	-0.00134	-0.01449	-0.01794	-0.03234	-0.01997	0.00390	-0.00514	-0.00513	0.00248	-0.00397	0.01973	0.02665	0.01032	-0.00551	-0.02202	-0.00951	(And (Agent $e0 $x0) (Member $x0 panel) (Member $x1 proposal) (Theme $e0 $x1))
p201940	0.00229	-0.01621	0.00662	-0.00620	-0.01375	0.01270	-0.00393	-0.01314	-0.00716	-0.00304	-0.01129	-0.00587	-0.01405	-0.01063	0.01996	-0.02241	-0.01532	0.00413	0.00390	-0.02862	-0.00607	0.00332	-0.02023	-0.01453	0.00175	0.01804	0.01068	0.02108	0.02786	0.02053	-0.02552	0.00531	(And (Agent $e0 $x0) (Member $x0 rescue_team) (Member $x1 search) (Theme $e0 $x1))
p201941	-0.02764	-0.11896	0.05031	-0.05886	-0.05235	0.04527	0.07272	-0.07283	-0.06696	-0.05906	0.10137	-0.03597	0.06324	-0.03142	0.04777	-0.07912	0.15648	0.03718	-0.02789	0.00650	-0.05255	0.03180	0.02635	0.02053	0.01652	0.10156	-0.05715	0.00722	-0.02202	-0.07629	0.05146	-0.09322	(And (Agent $e0 $x0) (Member $x0 school) (Member $x1 projector) (Theme $e0 $x1))
p201942	-0.01184	0.06087	-0.03163	0.08160	0.14655	-0.03005	-0.01922	-0.08469	-0.02977	0.06085	0.07760	0.04201	-0.01164	-0.00547	0.05212	-0.04118	0.01395	-0.02892	0.04123	0.03898	0.04939	-0.02554	-0.03308	-0.02460	-0.02665	0.05084	-0.02764	0.01048	-0.05827	-0.03925	0.11677	-0.01223	(And (Agent $e0 $x0) (Member $x0 tutor) (Member $x1 afternoon_session) (Patient $e0 $x1))
p201943	0.07737	0.20431	-0.11577	-0.05062	-0.09320	-0.04863	0.10251	0.06781	-0.08719	-0.06624	-0.02215	-0.08674	0.03730	0.11269	0.02107	-0.05821	-0.04577	0.10882	0.10736	0.05739	0.00745	-0.00687	-0.08230	-0.08490	0.01854	-0.08249	-0.04672	0.11591	0.09281	-0.03208	0.12732	-0.01325	(And (Agent $e0 $x0) (Member $x1 crate) (Past $e0) (Theme $e0 $x1))
p201944	0.12275	-0.01835	0.01936	0.11293	0.00676	0.11739	-0.13333	0.12622	-0.06708	0.05262	0.12218	0.06027	-0.06098	0.03175	0.02937	0.12822	0.14780	0.03451	-0.05411	0.07208	-0.15222	0.08377	0.15661	-0.01823	-0.11576	-0.07479	0.05157	0.02912	0.15748	0.14210	0.08194	0.06801	(And (Agent $e0 $x0) (Member $x1 file) (Member $x1 missing) (Theme $e0 $x1))
p201945	-0.03703	-0.04761	-0.04798	-0.10167	0.01771	-0.05485	-0.04412	-0.06582	-0.01114	0.15439	0.05692	-0.15135	-0.08740	0.08756	0.02977	0.11966	-0.02132	0.08500	0.10181	-0.09048	-0.02092	-0.07899	0.15609	0.00814	0.11377	-0.05975	-0.01261	0.07713	-0.13667	0.10246	-0.03164	-0.03140	(And (Agent $e0 $x0) (Member $x1 gearbox) (Member $x1 seized) (Patient $e0 $x1))
p201946	-0.03703	-0.04761	-0.04798	-0.10167	0.01771	-0.05485	-0.04412	-0.06582	-0.01114	0.15439	0.05692	-0.15135	-0.08740	0.08756	0.02977	0.11966	-0.02132	0.08500	0.10181	-0.09048	-0.02092	-0.07899	0.15609	0.00814	0.11377	-0.05975	-0.01260	0.07713	-0.13667	0.10246	-0.03164	-0.03140	(And (Agent $e0 $x0) (Member $x1 gearbox) (Past $e0) (Patient $e0 $x1))
p201947	-0.02203	0.02572	-0.03554	0.04076	-0.08548	0.09136	-0.09910	-0.01192	0.07211	-0.00923	-0.09852	-0.01366	0.07189	0.01453	0.04767	0.02859	0.09876	-0.03383	0.10176	-0.01860	0.14479	-0.04125	0.07243	-0.06784	-0.05358	0.02133	0.10808	-0.00847	0.01636	-0.07197	-0.01338	-0.13594	(And (Agent $e0 $x0) (Member $x1 hotel) (Past $e0) (Patient $e0 $x1))
p201948	-0.02764	-0.11896	0.05031	-0.05886	-0.05235	0.04527	0.07272	-0.07283	-0.06696	-0.05906	0.10137	-0.03597	0.06324	-0.03142	0.04777	-0.07912	0.15648	0.03718	-0.02789	0.00650	-0.05255	0.03180	0.02635	0.02053	0.01652	0.10156	-0.05715	0.00722	-0.02202	-0.07629	0.05146	-0.09322	(And (Agent $e0 $x0) (Member $x1 projector) (Past $e0) (Theme $e0 $x1))
p201950	-0.03703	-0.04761	-0.04798	-0.10167	0.01771	-0.05485	-0.04412	-0.06582	-0.01114	0.15439	0.05692	-0.15135	-0.08740	0.08756	0.02977	0.11966	-0.02132	0.08500	0.10181	-0.09048	-0.02092	-0.07899	0.15609	0.00814	0.11377	-0.05975	-0.01260	0.07713	-0.13667	0.10246	-0.03164	-0.03140	(And (Agent $e0 $x0) (Member $x1 seized) (Past $e0) (Patient $e0 $x1))
p201952	0.08008	0.20615	0.01640	-0.04562	0.01688	0.14695	-0.04702	-0.09147	-0.07532	0.04092	-0.03972	0.10598	0.16394	-0.03768	0.02128	0.08981	0.07023	0.10623	-0.04153	-0.04724	-0.06979	-0.07922	-0.08846	0.12191	0.01409	-0.13701	-0.04236	-0.08771	-0.08888	0.02745	-0.06064	0.08906	(And (Agent $e0 $x0) (Member $x1 view) (Past $e0) (Theme $e0 $x1))
p201953	0.08008	0.20615	0.01640	-0.04562	0.01688	0.14695	-0.04702	-0.09147	-0.07532	0.04092	-0.03972	0.10598	0.16394	-0.03768	0.02128	0.08981	0.07023	0.10623	-0.04153	-0.04724	-0.06979	-0.07922	-0.08846	0.12191	0.01409	-0.13701	-0.04236	-0.08771	-0.08888	0.02745	-0.06064	0.08906	(And (Agent $e0 $x0) (Member $x1 view) (Possession $x1 free_soil_party) (Theme $e0 $x1))
p201954	0.08008	0.20615	0.01640	-0.04562	0.01688	0.14695	-0.04702	-0.09147	-0.07532	0.04092	-0.03972	0.10598	0.16394	-0.03768	0.02128	0.08981	0.07023	0.10623	-0.04153	-0.04724	-0.06979	-0.07922	-0.08846	0.12191	0.01409	-0.13701	-0.04236	-0.08771	-0.08888	0.02745	-0.06064	0.08906	(And (Agent $e0 $x0) (Member $x1 view) (Possession $x1 republican_party) (Theme $e0 $x1))
p201956	0.08008	0.20615	0.01640	-0.04562	0.01688	0.14695	-0.04702	-0.09147	-0.07532	0.04092	-0.03972	0.10598	0.16394	-0.03768	0.02128	0.08981	0.07023	0.10623	-0.04153	-0.04724	-0.06979	-0.07922	-0.08846	0.12191	0.01409	-0.13701	-0.04236	-0.08771	-0.08888	0.02745	-0.06064	0.08906	(And (Agent $e0 $x0) (Past $e0) (Possession $x1 free_soil_party) (Theme $e0 $x1))
p201957	0.08008	0.20615	0.01640	-0.04562	0.01688	0.14695	-0.04702	-0.09147	-0.07532	0.04092	-0.03972	0.10598	0.16394	-0.03768	0.02128	0.08981	0.07023	0.10623	-0.04153	-0.04724	-0.06979	-0.07922	-0.08846	0.12191	0.01409	-0.13701	-0.04236	-0.08771	-0.08888	0.02745	-0.06064	0.08906	(And (Agent $e0 $x0) (Past $e0) (Possession $x1 republican_party) (Theme $e0 $x1))
p201958	0.08008	0.20615	0.01640	-0.04562	0.01688	0.14695	-0.04702	-0.09147	-0.07532	0.04092	-0.03972	0.10598	0.16394	-0.03768	0.02128	0.08981	0.07023	0.10623	-0.04153	-0.04724	-0.06979	-0.07922	-0.08846	0.12191	0.01409	-0.13701	-0.04236	-0.08771	-0.08888	0.02745	-0.06064	0.08906	(And (Agent $e0 $x0) (Possession $x1 free_soil_party) (Possession $x1 republican_party) (Theme $e0 $x1))
p201959	-0.05315	-0.05322	-0.03837	0.04373	0.03523	-0.00443	0.13551	0.06182	-0.04032	0.05916	-0.02704	-0.09053	0.05580	-0.01803	-0.10938	0.06325	0.14273	-0.01662	-0.03121	-0.03603	-0.04029	-0.06383	-0.10490	-0.11595	0.00396	-0.06843	-0.07918	-0.06012	-0.00194	0.05409	-0.04582	-0.02848	(And (Before $x0 $e0) (Inheritance dress_rehearsal rehearsal) (Member $x1 dress_rehearsal) (Patient $e0 $x1))
p201960	-0.05315	-0.05322	-0.03837	0.04373	0.03523	-0.00443	0.13551	0.06182	-0.04032	0.05916	-0.02704	-0.09053	0.05580	-0.01803	-0.10938	0.06325	0.14273	-0.01662	-0.03121	-0.03603	-0.04029	-0.06383	-0.10490	-0.11595	0.00396	-0.06843	-0.07918	-0.06012	-0.00194	0.05409	-0.04582	-0.02848	(And (Before $x0 $e0) (Member $x0 lunch) (Member $x1 dress_rehearsal) (Patient $e0 $x1))
p201961	0.09350	-0.08081	0.01464	-0.01375	0.09306	0.07350	0.06011	0.05349	-0.02813	0.03758	-0.01442	-0.06156	0.07446	0.11501	-0.09018	-0.06742	-0.10670	-0.04603	0.06897	0.03476	-0.17955	-0.03647	0.02371	0.04790	-0.04218	0.15083	0.14383	0.03316	-0.00625	-0.03424	-0.04034	0.11334	(And (Can $e0) (Cardinality $x0 <num>) (Manner $e0 $x0) (Member $e0 define))
p201962	0.09350	-0.08081	0.01464	-0.01375	0.09306	0.07350	0.06011	0.05349	-0.02813	0.03758	-0.01442	-0.06156	0.07446	0.11501	-0.09018	-0.06742	-0.10670	-0.04603	0.06897	0.03476	-0.17955	-0.03647	0.02371	0.04790	-0.04218	0.15083	0.14383	0.03316	-0.00625	-0.03424	-0.04034	0.11334	(And (Can $e0) (Cardinality $x0 <num>) (Manner $e0 $x0) (Theme $e0 $x1))
p201963	0.09350	-0.08081	0.01464	-0.01375	0.09306	0.07350	0.06011	0.05349	-0.02813	0.03758	-0.01442	-0.06156	0.07446	0.11501	-0.09018	-0.06742	-0.10670	-0.04603	0.06897	0.03476	-0.17955	-0.03647	0.02371	0.04790	-0.04218	0.15083	0.14383	0.03316	-0.00625	-0.03424	-0.04034	0.11334	(And (Can $e0) (GroupOf $x0 sequence) (Manner $e0 $x1) (Theme $e0 $x0))
p201964	0.09350	-0.08081	0.01464	-0.01375	0.09306	0.07350	0.06011	0.05349	-0.02813	0.03758	-0.01442	-0.06156	0.07446	0.11501	-0.09018	-0.06742	-0.10670	-0.04603	0.06897	0.03476	-0.17955	-0.03647	0.02371	0.04790	-0.04218	0.15083	0.14383	0.03316	-0.00625	-0.03424	-0.04034	0.11334	(And (Can $e0) (GroupOf $x0 sequence) (Member $e0 define) (Theme $e0 $x0))
p201965	-0.02706	-0.05285	-0.14363	-0.06231	-0.02109	0.01166	-0.12186	0.06191	-0.02742	0.07677	-0.06284	0.05126	0.07811	-0.03355	-0.13359	0.05608	0.02094	-0.02791	0.06945	-0.16548	0.07167	0.17692	-0.06213	0.08825	-0.10365	-0.02795	-0.00672	0.05205	-0.02593	0.04162	0.21524	-0.06628	(And (Cardinality $x0 <num>) (GroupOf $x0 child) (Holder $e0 kristoffer) (Theme $e0 $x0))
p201966	-0.02706	-0.05285	-0.14363	-0.06231	-0.02109	0.01166	-0.12186	0.06191	-0.02742	0.07677	-0.06284	0.05126	0.07811	-0.03355	-0.13359	0.05608	0.02094	-0.02791	0.06945	-0.16548	0.07167	0.17692	-0.06213	0.08825	-0.10365	-0.02795	-0.00672	0.05205	-0.02593	0.04162	0.21524	-0.06628	(And (Cardinality $x0 <num>) (GroupOf $x0 child) (Member $e0 have) (Theme $e0 $x0))
p201967	-0.02785	0.18139	0.07430	-0.03536	-0.01501	-0.10519	0.09631	0.02888	-0.07940	0.01530	0.03555	0.07648	0.05345	-0.01042	0.00445	0.13835	-0.09991	-0.04691	-0.08258	0.02200	0.05241	0.08179	0.06935	-0.05461	-0.00965	0.14627	-0.03536	0.04949	-0.05090	0.04591	-0.08643	-0.03472	(And (Cardinality $x0 <num>) (GroupOf $x0 egg) (Holder $e0 $x1) (Theme $e0 $x0))
p201968	-0.02370	0.16871	0.06618	-0.03531	-0.01100	-0.09682	0.09137	0.02328	-0.07537	0.00975	0.03151	0.07422	0.05115	-0.01064	0.00296	0.13077	-0.09794	-0.04813	-0.08236	0.01649	0.04936	0.07936	0.06912	-0.05261	-0.01061	0.13948	-0.03410	0.04858	-0.04467	0.04215	-0.08413	-0.03540	(And (Cardinality $x0 <num>) (GroupOf $x0 egg) (Member $e0 require) (Theme $e0 $x0))
p201969	0.09350	-0.08081	0.01464	-0.01375	0.09306	0.07350	0.06011	0.05349	-0.02813	0.03758	-0.01442	-0.06156	0.07446	0.11501	-0.09018	-0.06742	-0.10670	-0.04603	0.06897	0.03476	-0.17955	-0.03647	0.02371	0.04790	-0.04218	0.15083	0.14383	0.03316	-0.00625	-0.03424	-0.04034	0.11334	(And (Cardinality $x0 <num>) (GroupOf $x1 sequence) (Manner $e0 $x0) (Theme $e0 $x1))
p201970	-0.02712	0.17711	0.07456	-0.03327	-0.01522	-0.10290	0.09272	0.02897	-0.07721	0.01582	0.03475	0.07412	0.05151	-0.01027	0.00470	0.13573	-0.09738	-0.04657	-0.08040	0.02106	0.05031	0.07953	0.06676	-0.05349	-0.00864	0.14405	-0.03402	0.04855	-0.05041	0.04387	-0.08456	-0.03412	(And (Cardinality $x0 <num>) (Holder $e0 $x1) (Member $e0 require) (Theme $e0 $x0))
p201971	-0.02785	0.18139	0.07430	-0.03536	-0.01501	-0.10519	0.09631	0.02888	-0.07940	0.01530	0.03555	0.07648	0.05345	-0.01042	0.00445	0.13835	-0.09991	-0.04691	-0.08258	0.02200	0.05241	0.08179	0.06935	-0.05461	-0.00965	0.14627	-0.03536	0.04949	-0.05090	0.04591	-0.08643	-0.03472	(And (Cardinality $x0 <num>) (Holder $e0 $x1) (Member $x1 recipe) (Theme $e0 $x0))
p201972	-0.02706	-0.05285	-0.14363	-0.06231	-0.02109	0.01166	-0.12186	0.06191	-0.02742	0.07677	-0.06284	0.05126	0.07811	-0.03355	-0.13359	0.05608	0.02094	-0.02791	0.06945	-0.16548	0.07167	0.17692	-0.06213	0.08825	-0.10365	-0.02795	-0.00672	0.05205	-0.02593	0.04162	0.21524	-0.06628	(And (Cardinality $x0 <num>) (Holder $e0 kristoffer) (Member $e0 have) (Theme $e0 $x0))
p201973	0.09350	-0.08081	0.01464	-0.01375	0.09306	0.07350	0.06011	0.05349	-0.02813	0.03758	-0.01442	-0.06156	0.07446	0.11501	-0.09018	-0.06742	-0.10670	-0.04603	0.06897	0.03476	-0.17955	-0.03647	0.02371	0.04790	-0.04218	0.15083	0.14383	0.03316	-0.00625	-0.03424	-0.04034	0.11334	(And (Cardinality $x0 <num>) (Manner $e0 $x0) (Member $e0 define) (Theme $e0 $x1))
p201974	-0.07551	0.03964	-0.01018	0.00998	0.02289	0.11208	0.10565	-0.00306	0.10128	0.06098	0.04120	-0.09327	-0.06835	-0.08055	0.02931	-0.08373	-0.06778	-0.06879	-0.06521	-0.01405	-0.02309	0.03159	0.07365	0.08626	0.01969	-0.04498	-0.03099	-0.01836	0.06408	-0.05001	-0.00805	-0.00859	(And (Cardinality $x0 <num>) (Member $e0 buy) (Past $e0) (Theme $e0 $x0))
p201975	-0.04957	0.02207	-0.00466	0.04928	-0.02045	-0.06073	-0.03990	0.04251	0.17435	-0.00525	0.15941	0.01924	0.11285	-0.05834	0.05736	-0.05967	-0.04139	0.10122	0.02408	0.00305	-0.12044	-0.02016	-0.02075	-0.05209	-0.04354	-0.06035	0.14036	0.07500	-0.03451	0.05879	-0.01124	0.07218	(And (Experiencer $e0 $x0) (Location $e1 $x1) (Member $x1 ledger) (Stimulus $e0 $e1))
p201976	-0.06033	0.00517	-0.02204	-0.02832	0.01902	-0.14058	0.13797	0.00751	-0.02555	-0.06587	-0.01096	0.11387	-0.06659	0.01728	0.13797	-0.02978	0.16845	-0.07024	-0.06324	-0.00730	0.14222	-0.08525	0.03144	0.13509	0.02009	-0.14059	0.21259	0.08417	-0.01992	0.08129	0.02386	0.16029	(And (For $e0 $e1) (Member $e0 win) (Member $e1 portray) (Past $e0))
p201977	-0.06033	0.00517	-0.02204	-0.02832	0.01902	-0.14058	0.13797	0.00751	-0.02555	-0.06587	-0.01096	0.11387	-0.06659	0.01728	0.13797	-0.02978	0.16845	-0.07024	-0.06324	-0.00730	0.14222	-0.08525	0.03144	0.13508	0.02009	-0.14059	0.21259	0.08417	-0.01992	0.08129	0.02386	0.16029	(And (For $e0 $e1) (Member $e0 win) (Member $e1 portray) (Theme $e0 $x0))
p201978	-0.06033	0.00517	-0.02204	-0.02832	0.01902	-0.14058	0.13797	0.00751	-0.02555	-0.06587	-0.01096	0.11387	-0.06659	0.01728	0.13797	-0.02978	0.16845	-0.07024	-0.06324	-0.00730	0.14222	-0.08525	0.03144	0.13508	0.02009	-0.14059	0.21259	0.08417	-0.01992	0.08129	0.02386	0.16029	(And (For $e0 $e1) (Member $e0 win) (Member $x0 emmy) (Theme $e0 $x0))
p201979	-0.06033	0.00517	-0.02204	-0.02832	0.01902	-0.14058	0.13797	0.00751	-0.02555	-0.06587	-0.01096	0.11387	-0.06659	0.01728	0.13797	-0.02978	0.16845	-0.07024	-0.06324	-0.00730	0.14222	-0.08525	0.03144	0.13508	0.02009	-0.14059	0.21259	0.08417	-0.01992	0.08129	0.02386	0.16029	(And (For $e0 $e1) (Member $e1 portray) (Member $x0 emmy) (Theme $e0 $x0))
p201980	-0.06033	0.00517	-0.02204	-0.02832	0.01902	-0.14058	0.13797	0.00751	-0.02555	-0.06587	-0.01096	0.11387	-0.06659	0.01728	0.13797	-0.02978	0.16845	-0.07024	-0.06324	-0.00730	0.14222	-0.08525	0.03144	0.13508	0.02009	-0.14059	0.21259	0.08417	-0.01992	0.08129	0.02386	0.16029	(And (For $e0 $e1) (Member $e1 portray) (Past $e0) (Theme $e0 $x0))
p201981	-0.06033	0.00517	-0.02204	-0.02832	0.01902	-0.14058	0.13797	0.00751	-0.02555	-0.06587	-0.01096	0.11387	-0.06659	0.01728	0.13797	-0.02978	0.16845	-0.07024	-0.06324	-0.00730	0.14222	-0.08525	0.03144	0.13508	0.02009	-0.14059	0.21259	0.08417	-0.01992	0.08129	0.02386	0.16029	(And (For $e0 $e1) (Member $x0 emmy) (Past $e0) (Theme $e0 $x0))
p201982	-0.03794	-0.04118	-0.03197	0.03899	0.02902	-0.00472	0.11515	0.04998	-0.03566	0.04818	-0.01847	-0.07280	0.04522	-0.01345	-0.08897	0.05031	0.12494	-0.02061	-0.02869	-0.02770	-0.03761	-0.05283	-0.09375	-0.09858	0.00745	-0.05867	-0.06301	-0.05152	-0.00215	0.04251	-0.04039	-0.02213	(And (Future $e0) (Inheritance apple_harvest harvest) (Member $x0 apple_harvest) (Patient $e0 $x0))
p201983	-0.03794	-0.04118	-0.03197	0.03899	0.02902	-0.00472	0.11515	0.04998	-0.03566	0.04818	-0.01847	-0.07280	0.04522	-0.01345	-0.08897	0.05031	0.12494	-0.02061	-0.02869	-0.02770	-0.03761	-0.05283	-0.09375	-0.09858	0.00745	-0.05867	-0.06301	-0.05152	-0.00215	0.04251	-0.04039	-0.02213	(And (Future $e0) (Member $x0 apple_harvest) (Patient $e0 $x0) (Time $e0 (Month september)))
p201984	-0.02706	-0.05285	-0.14363	-0.06231	-0.02109	0.01166	-0.12186	0.06191	-0.02742	0.07677	-0.06284	0.05126	0.07811	-0.03355	-0.13359	0.05608	0.02094	-0.02791	0.06945	-0.16548	0.07167	0.17692	-0.06213	0.08825	-0.10365	-0.02795	-0.00672	0.05205	-0.02593	0.04162	0.21524	-0.06628	(And (GroupOf $x0 child) (Holder $e0 kristoffer) (Member $e0 have) (Theme $e0 $x0))
p201985	-0.02785	0.18139	0.07430	-0.03536	-0.01501	-0.10519	0.09631	0.02888	-0.07940	0.01530	0.03555	0.07648	0.05345	-0.01042	0.00445	0.13835	-0.09991	-0.04691	-0.08258	0.02200	0.05241	0.08179	0.06935	-0.05461	-0.00965	0.14627	-0.03536	0.04949	-0.05090	0.04591	-0.08643	-0.03472	(And (GroupOf $x0 egg) (Holder $e0 $x1) (Member $x1 recipe) (Theme $e0 $x0))
p201986	0.09350	-0.08081	0.01464	-0.01375	0.09306	0.07350	0.06011	0.05349	-0.02813	0.03758	-0.01442	-0.06156	0.07446	0.11501	-0.09018	-0.06742	-0.10670	-0.04603	0.06897	0.03476	-0.17955	-0.03647	0.02371	0.04790	-0.04218	0.15083	0.14383	0.03316	-0.00625	-0.03424	-0.04034	0.11334	(And (GroupOf $x0 sequence) (Manner $e0 $x1) (Member $e0 define) (Theme $e0 $x0))
p201987	-0.02865	0.00407	0.03520	-0.05262	-0.06240	0.10515	-0.01294	-0.06150	0.01312	-0.06527	0.08135	-0.10001	-0.06758	0.02174	-0.08622	0.10220	-0.08911	-0.08345	-0.04476	0.06259	0.13403	-0.05448	-0.05317	-0.05013	-0.03483	-0.07491	-0.14027	0.02822	-0.05063	-0.08796	0.06291	0.15567	(And (Location $e0 $x0) (Member $e0 discover) (Member $x0 point) (Theme $e0 $x1))
p201988	-0.03134	0.00493	0.03529	-0.05578	-0.06332	0.09857	-0.00573	-0.06637	0.01364	-0.06968	0.08006	-0.10220	-0.06552	0.01865	-0.08965	0.10063	-0.09285	-0.08585	-0.04382	0.06020	0.12278	-0.05820	-0.05755	-0.04934	-0.03246	-0.07518	-0.13997	0.02741	-0.05460	-0.08956	0.05874	0.16749	(And (Location $e0 $x0) (Member $x0 point) (Member $x1 wreck) (Theme $e0 $x1))
p201990	-0.02203	0.02572	-0.03554	0.04076	-0.08548	0.09136	-0.09910	-0.01192	0.07211	-0.00923	-0.09852	-0.01366	0.07189	0.01453	0.04767	0.02859	0.09876	-0.03383	0.10176	-0.01860	0.14479	-0.04125	0.07243	-0.06784	-0.05358	0.02133	0.10808	-0.00847	0.01636	-0.07197	-0.01338	-0.13594	(And (Location $e0 eskisehir) (Location $e0 turkey) (Member $x0 hotel) (Patient $e0 $x0))
p201996	-0.02203	0.02572	-0.03554	0.04076	-0.08548	0.09136	-0.09910	-0.01192	0.07211	-0.00923	-0.09852	-0.01366	0.07189	0.01453	0.04767	0.02859	0.09876	-0.03383	0.10176	-0.01860	0.14479	-0.04125	0.07243	-0.06784	-0.05358	0.02133	0.10808	-0.00847	0.01636	-0.07197	-0.01338	-0.13594	(And (Location $e0 eskisehir) (Member $e0 build) (Member $x0 hotel) (Patient $e0 $x0))
p201997	-0.02203	0.02572	-0.03554	0.04076	-0.08548	0.09136	-0.09910	-0.01192	0.07211	-0.00923	-0.09852	-0.01366	0.07189	0.01453	0.04767	0.02859	0.09876	-0.03383	0.10176	-0.01860	0.14479	-0.04125	0.07243	-0.06784	-0.05358	0.02133	0.10808	-0.00847	0.01636	-0.07197	-0.01338	-0.13594	(And (Location $e0 eskisehir) (Member $x0 hotel) (Past $e0) (Patient $e0 $x0))
p202007	-0.02203	0.02572	-0.03554	0.04076	-0.08548	0.09136	-0.09910	-0.01192	0.07211	-0.00923	-0.09852	-0.01366	0.07189	0.01453	0.04767	0.02859	0.09876	-0.03383	0.10176	-0.01860	0.14479	-0.04125	0.07243	-0.06784	-0.05358	0.02133	0.10808	-0.00847	0.01636	-0.07197	-0.01338	-0.13594	(And (Location $e0 turkey) (Member $e0 build) (Member $x0 hotel) (Patient $e0 $x0))
p202008	-0.02203	0.02572	-0.03554	0.04076	-0.08548	0.09136	-0.09911	-0.01192	0.07211	-0.00923	-0.09852	-0.01366	0.07189	0.01453	0.04767	0.02859	0.09876	-0.03383	0.10176	-0.01860	0.14479	-0.04125	0.07243	-0.06784	-0.05358	0.02132	0.10807	-0.00847	0.01636	-0.07197	-0.01338	-0.13594	(And (Location $e0 turkey) (Member $x0 hotel) (Past $e0) (Patient $e0 $x0))
p202014	-0.02203	0.02572	-0.03554	0.04076	-0.08548	0.09136	-0.09911	-0.01192	0.07211	-0.00923	-0.09852	-0.01366	0.07189	0.01453	0.04767	0.02859	0.09876	-0.03383	0.10176	-0.01860	0.14479	-0.04125	0.07243	-0.06784	-0.05358	0.02132	0.10808	-0.00847	0.01636	-0.07197	-0.01338	-0.13594	(And (Member $e0 build) (Member $x0 hotel) (Past $e0) (Patient $e0 $x0))
p202020	-0.06033	0.00517	-0.02204	-0.02832	0.01902	-0.14058	0.13797	0.00751	-0.02555	-0.06587	-0.01096	0.11387	-0.06659	0.01728	0.13797	-0.02978	0.16845	-0.07024	-0.06324	-0.00730	0.14222	-0.08525	0.03144	0.13508	0.02009	-0.14059	0.21259	0.08417	-0.01992	0.08129	0.02386	0.16029	(And (Member $e0 win) (Member $x0 emmy) (Past $e0) (Theme $e0 $x0))
p202023	-0.11895	-0.06425	-0.05863	-0.05118	-0.07180	0.06706	0.05292	-0.09005	-0.05378	0.09354	-0.04141	0.02151	-0.05242	-0.05894	0.05321	-0.10270	-0.12913	0.10995	0.05509	-0.03735	0.11367	-0.01662	-0.07518	-0.04976	-0.07943	0.17260	-0.10506	-0.03716	0.15457	0.13807	-0.03528	0.16472	(And (Member $x0 firm) (Member $x1 tender) (Possession $x1 $x0) (Theme $e0 $x1))
p202024	-0.03703	-0.04761	-0.04798	-0.10167	0.01771	-0.05485	-0.04412	-0.06582	-0.01114	0.15439	0.05692	-0.15135	-0.08740	0.08756	0.02977	0.11966	-0.02132	0.08500	0.10181	-0.09048	-0.02092	-0.07899	0.15609	0.00814	0.11377	-0.05975	-0.01261	0.07713	-0.13667	0.10246	-0.03164	-0.03140	(And (Member $x0 gearbox) (Member $x0 seized) (Past $e0) (Patient $e0 $x0))
p202025	0.00212	0.00223	-0.00543	0.01751	-0.00526	-0.00608	0.00755	-0.00359	-0.00804	0.01261	-0.00788	-0.03799	0.00480	-0.02135	0.00023	-0.00185	0.02152	-0.01234	-0.00243	0.00463	-0.00414	-0.00901	-0.03701	-0.00083	0.00615	-0.00493	-0.00493	-0.00317	-0.00261	0.00869	-0.00560	0.00194	(And (Member $x0 hearing) (Patient $e0 $x0) (Time $e0 (Weekday monday)) (Time $e0 morning))
p202026	0.08008	0.20615	0.01640	-0.04562	0.01688	0.14695	-0.04702	-0.09147	-0.07532	0.04092	-0.03972	0.10598	0.16394	-0.03768	0.02128	0.08981	0.07023	0.10623	-0.04153	-0.04724	-0.06979	-0.07922	-0.08846	0.12191	0.01409	-0.13701	-0.04236	-0.08771	-0.08888	0.02745	-0.06064	0.08906	(And (Member $x0 view) (Past $e0) (Possession $x0 free_soil_party) (Theme $e0 $x0))
p202027	0.08008	0.20615	0.01640	-0.04562	0.01688	0.14695	-0.04702	-0.09147	-0.07532	0.04092	-0.03972	0.10598	0.16394	-0.03768	0.02128	0.08981	0.07023	0.10623	-0.04153	-0.04724	-0.06979	-0.07922	-0.08846	0.12191	0.01409	-0.13701	-0.04236	-0.08771	-0.08888	0.02745	-0.06064	0.08906	(And (Member $x0 view) (Past $e0) (Possession $x0 republican_party) (Theme $e0 $x0))
p202029	0.08008	0.20615	0.01640	-0.04562	0.01688	0.14695	-0.04702	-0.09147	-0.07532	0.04092	-0.03972	0.10598	0.16394	-0.03768	0.02128	0.08981	0.07023	0.10623	-0.04153	-0.04724	-0.06979	-0.07922	-0.08846	0.12191	0.01409	-0.13701	-0.04236	-0.08771	-0.08888	0.02745	-0.06064	0.08906	(And (Past $e0) (Possession $x0 free_soil_party) (Possession $x0 republican_party) (Theme $e0 $x0))
p202763	0.02905	-0.01609	0.00687	0.00158	-0.01207	-0.00001	-0.00705	-0.00667	0.00089	-0.01573	-0.00489	-0.00864	-0.00506	-0.00051	0.00857	-0.00295	-0.00156	-0.01982	-0.02033	-0.03985	-0.02401	0.00785	-0.00888	-0.00476	0.00433	-0.00350	0.02493	0.02958	0.01062	-0.00620	-0.02612	-0.00967	(And (Agent $e0 $x0) (Agent $e0 jica) (Member $x0 government))
p202768	0.07737	0.20431	-0.11577	-0.05062	-0.09320	-0.04863	0.10251	0.06781	-0.08719	-0.06624	-0.02215	-0.08674	0.03730	0.11269	0.02107	-0.05821	-0.04577	0.10882	0.10736	0.05739	0.00745	-0.00687	-0.08230	-0.08490	0.01854	-0.08249	-0.04672	0.11591	0.09281	-0.03208	0.12732	-0.01325	(And (Agent $e0 $x0) (GroupOf $x1 lemon) (Theme $e0 $x1))
p202769	0.02287	-0.01115	0.00591	0.00512	-0.00300	0.00154	-0.00738	-0.00913	-0.00125	-0.01169	-0.00340	-0.00473	-0.00560	-0.00044	0.00780	-0.00480	-0.00086	-0.01559	-0.01698	-0.03087	-0.01831	0.00311	-0.00599	-0.00538	0.00228	-0.00309	0.01899	0.02665	0.00835	-0.00713	-0.01897	-0.00961	(And (Agent $e0 $x0) (GroupOf $x1 sample) (Theme $e0 $x1))
p202770	0.00255	-0.01591	0.00688	-0.00596	-0.01352	0.01291	-0.00372	-0.01288	-0.00687	-0.00279	-0.01107	-0.00561	-0.01383	-0.01040	0.02023	-0.02211	-0.01508	0.00434	0.00417	-0.02837	-0.00588	0.00355	-0.01999	-0.01429	0.00198	0.01827	0.01096	0.02132	0.02808	0.02079	-0.02522	0.00561	(And (Agent $e0 $x0) (Inheritance rescue_team team) (Member $x0 rescue_team))
p202771	0.05565	-0.08106	0.05655	0.00247	0.04391	-0.04500	0.14439	-0.08376	0.04221	0.05675	-0.06148	0.04880	-0.02246	0.04187	0.05592	0.12157	0.05654	0.03633	0.11772	0.04777	0.01195	0.11806	-0.05567	0.03699	-0.04223	-0.06845	-0.05192	-0.00746	0.08930	-0.06256	-0.04214	-0.01376	(And (Agent $e0 $x0) (Location $e0 $x1) (Member $x0 biologist))
p202772	-0.03134	0.00493	0.03529	-0.05578	-0.06332	0.09857	-0.00573	-0.06637	0.01364	-0.06968	0.08006	-0.10220	-0.06552	0.01865	-0.08965	0.10063	-0.09285	-0.08585	-0.04382	0.06020	0.12278	-0.05820	-0.05755	-0.04934	-0.03246	-0.07518	-0.13997	0.02741	-0.05460	-0.08956	0.05874	0.16749	(And (Agent $e0 $x0) (Location $e0 $x1) (Member $x0 diver))
p202773	0.06976	-0.10411	0.07441	0.00075	0.05717	-0.05911	0.18391	-0.10668	0.06184	0.06989	-0.07115	0.06138	-0.02827	0.05196	0.06957	0.15280	0.06263	0.04583	0.14850	0.05755	0.01003	0.15017	-0.07097	0.04769	-0.05556	-0.08694	-0.06275	-0.00826	0.11319	-0.07934	-0.05589	-0.01673	(And (Agent $e0 $x0) (Location $e0 $x1) (Member $x1 survey))
p202774	-0.02203	0.02572	-0.03554	0.04076	-0.08548	0.09136	-0.09911	-0.01192	0.07211	-0.00923	-0.09852	-0.01366	0.07189	0.01453	0.04767	0.02859	0.09876	-0.03383	0.10176	-0.01860	0.14479	-0.04125	0.07243	-0.06784	-0.05358	0.02132	0.10808	-0.00847	0.01636	-0.07197	-0.01338	-0.13594	(And (Agent $e0 $x0) (Location $e0 eskisehir) (Member $x0 company))
p202775	-0.02203	0.02572	-0.03554	0.04076	-0.08548	0.09136	-0.09910	-0.01192	0.07211	-0.00923	-0.09852	-0.01366	0.07189	0.01453	0.04767	0.02859	0.09876	-0.03383	0.10176	-0.01860	0.14479	-0.04125	0.07243	-0.06784	-0.05358	0.02133	0.10808	-0.00847	0.01636	-0.07197	-0.01338	-0.13594	(And (Agent $e0 $x0) (Location $e0 kazakhstan) (Member $x0 company))
p202776	-0.03360	0.03844	-0.05315	0.06101	-0.12861	0.13685	-0.14851	-0.01806	0.10775	-0.01387	-0.14800	-0.02107	0.10760	0.02148	0.07138	0.04306	0.14734	-0.05096	0.15240	-0.02783	0.21706	-0.06218	0.10833	-0.10193	-0.08050	0.03313	0.16157	-0.01299	0.02566	-0.10815	-0.02036	-0.20386	(And (Agent $e0 $x0) (Location $e0 turkey) (Member $x0 company))
p202777	0.11714	0.05093	0.09691	-0.09334	0.06238	-0.01636	-0.07621	0.17978	0.03394	-0.01695	0.08206	-0.05823	-0.07159	0.06387	-0.11662	-0.13516	0.15134	0.07931	-0.07934	-0.05078	0.20536	-0.09475	-0.02872	0.07245	-0.09378	0.12912	-0.12257	-0.06574	0.05583	0.15528	-0.07337	-0.17908	(And (Agent $e0 $x0) (Location $e1 $x1) (Theme $e0 $e1))
p202779	-0.04422	0.05130	-0.07121	0.08138	-0.17110	0.18261	-0.19832	-0.02399	0.14409	-0.01859	-0.19715	-0.02746	0.14367	0.02892	0.09516	0.05703	0.19739	-0.06779	0.20339	-0.03734	0.28946	-0.08264	0.14471	-0.13582	-0.10728	0.04252	0.21602	-0.01707	0.03258	-0.14408	-0.02690	-0.27201	(And (Agent $e0 $x0) (Member $e0 build) (Member $x0 company))
p202781	-0.06156	0.01589	0.05262	0.06018	-0.05288	-0.02175	-0.05352	-0.00419	-0.00702	0.01835	-0.03935	-0.02857	-0.04322	-0.04820	-0.07904	0.00492	0.00359	0.08729	0.07279	0.05102	0.04630	-0.01149	0.01912	0.10127	0.02798	-0.00743	-0.01351	0.04840	0.00582	-0.05844	-0.01843	-0.03581	(And (Agent $e0 $x0) (Member $e1 decision) (Patient $e0 $e1))
p202782	-0.04401	0.03396	0.08519	0.06319	-0.06847	-0.02090	-0.06853	0.02061	-0.01028	0.02114	-0.04001	-0.05234	-0.05994	-0.04956	-0.08015	-0.01206	0.01518	0.10302	0.06893	0.06304	0.04992	-0.02279	0.02336	0.11121	0.02607	0.01361	-0.01284	0.04612	0.01607	-0.04407	-0.02911	-0.04540	(And (Agent $e0 $x0) (Member $e1 decision) (Theme $e0 $e1))
p202783	0.07737	0.20431	-0.11577	-0.05062	-0.09320	-0.04863	0.10251	0.06781	-0.08719	-0.06624	-0.02215	-0.08674	0.03730	0.11269	0.02107	-0.05821	-0.04577	0.10882	0.10736	0.05739	0.00745	-0.00687	-0.08230	-0.08490	0.01854	-0.08249	-0.04672	0.11591	0.09281	-0.03208	0.12732	-0.01325	(And (Agent $e0 $x0) (Member $x0 chef) (Past $e0))
p202784	0.07737	0.20431	-0.11577	-0.05062	-0.09320	-0.04863	0.10251	0.06781	-0.08719	-0.06624	-0.02215	-0.08674	0.03730	0.11269	0.02107	-0.05821	-0.04577	0.10882	0.10736	0.05739	0.00745	-0.00687	-0.08230	-0.08490	0.01854	-0.08249	-0.04672	0.11591	0.09281	-0.03208	0.12732	-0.01325	(And (Agent $e0 $x0) (Member $x0 chef) (Theme $e0 $x1))
p202785	0.01527	-0.01900	-0.00312	-0.00201	0.02183	-0.00087	0.00419	-0.02038	0.00151	-0.00497	-0.00692	0.01219	0.02191	0.01651	0.00211	0.00343	-0.00595	-0.01945	-0.03925	-0.00690	-0.00925	-0.00901	0.01208	-0.01907	0.01155	-0.01284	0.00860	0.02393	0.02695	0.01399	-0.01101	-0.01587	(And (Agent $e0 $x0) (Member $x0 clerk) (Theme $e0 $x1))
p202786	-0.04422	0.05130	-0.07121	0.08138	-0.17110	0.18261	-0.19832	-0.02399	0.14409	-0.01859	-0.19715	-0.02746	0.14367	0.02892	0.09516	0.05703	0.19739	-0.06779	0.20339	-0.03734	0.28946	-0.08264	0.14471	-0.13582	-0.10728	0.04252	0.21602	-0.01707	0.03258	-0.14408	-0.02690	-0.27201	(And (Agent $e0 $x0) (Member $x0 company) (Past $e0))
p202787	-0.04422	0.05130	-0.07121	0.08138	-0.17110	0.18261	-0.19832	-0.02399	0.14409	-0.01859	-0.19715	-0.02746	0.14367	0.02892	0.09516	0.05703	0.19739	-0.06779	0.20339	-0.03734	0.28946	-0.08264	0.14471	-0.13582	-0.10728	0.04252	0.21602	-0.01707	0.03258	-0.14408	-0.02690	-0.27201	(And (Agent $e0 $x0) (Member $x0 company) (Patient $e0 $x1))
p202788	-0.01225	0.06096	-0.03135	0.08114	0.14594	-0.02977	-0.01935	-0.08386	-0.03001	0.06057	0.07727	0.04223	-0.01191	-0.00605	0.05166	-0.04081	0.01402	-0.02851	0.04144	0.03973	0.04941	-0.02591	-0.03254	-0.02337	-0.02624	0.05089	-0.02800	0.00950	-0.05756	-0.03875	0.11689	-0.01177	(And (Agent $e0 $x0) (Member $x0 council) (Patient $e0 $x1))
p202789	0.01447	-0.01021	-0.02582	-0.01309	0.01967	0.00693	0.00297	-0.00006	-0.01484	-0.00465	-0.00607	0.00929	-0.00596	0.00329	-0.01370	0.00187	0.02516	-0.00439	-0.01015	0.00271	0.00610	-0.00072	0.01586	-0.00652	0.00145	-0.00983	-0.00969	-0.00934	0.01443	-0.00651	-0.00445	-0.01291	(And (Agent $e0 $x0) (Member $x0 delegation) (Time $e0 (Weekday thursday)))
p202790	-0.03134	0.00493	0.03529	-0.05578	-0.06332	0.09857	-0.00573	-0.06637	0.01364	-0.06968	0.08006	-0.10220	-0.06552	0.01865	-0.08965	0.10063	-0.09285	-0.08585	-0.04382	0.06020	0.12278	-0.05820	-0.05755	-0.04934	-0.03246	-0.07518	-0.13997	0.02741	-0.05460	-0.08956	0.05874	0.16749	(And (Agent $e0 $x0) (Member $x0 diver) (Theme $e0 $x1))
p202791	0.02385	-0.01296	0.00619	0.00312	-0.00701	0.00171	-0.00668	-0.00724	-0.00100	-0.01349	-0.00452	-0.00549	-0.00522	-0.00016	0.00628	-0.00341	-0.00136	-0.01485	-0.01823	-0.03299	-0.02042	0.00421	-0.00545	-0.00527	0.00250	-0.00400	0.02022	0.02703	0.01031	-0.00556	-0.02247	-0.00966	(And (Agent $e0 $x0) (Member $x0 editor) (Theme $e0 $x1))
p202792	-0.11895	-0.06425	-0.05863	-0.05118	-0.07180	0.06705	0.05292	-0.09005	-0.05378	0.09354	-0.04141	0.02151	-0.05242	-0.05894	0.05321	-0.10270	-0.12913	0.10995	0.05509	-0.03735	0.11367	-0.01662	-0.07518	-0.04976	-0.07943	0.17260	-0.10506	-0.03716	0.15457	0.13807	-0.03528	0.16472	(And (Agent $e0 $x0) (Member $x0 firm) (Theme $e0 $x1))
p202793	0.02899	-0.01616	0.00681	0.00151	-0.01213	-0.00006	-0.00710	-0.00674	0.00083	-0.01579	-0.00494	-0.00871	-0.00512	-0.00057	0.00850	-0.00302	-0.00162	-0.01987	-0.02039	-0.03991	-0.02405	0.00779	-0.00894	-0.00482	0.00427	-0.00356	0.02486	0.02952	0.01057	-0.00626	-0.02619	-0.00974	(And (Agent $e0 $x0) (Member $x0 government) (Theme $e0 $x1))
p202794	0.12275	-0.01835	0.01936	0.11293	0.00676	0.11739	-0.13333	0.12622	-0.06708	0.05262	0.12218	0.06027	-0.06098	0.03175	0.02937	0.12822	0.14780	0.03451	-0.05411	0.07208	-0.15222	0.08377	0.15661	-0.01823	-0.11576	-0.07479	0.05157	0.02912	0.15748	0.14210	0.08194	0.06801	(And (Agent $e0 $x0) (Member $x0 intern) (Theme $e0 $x1))
p202795	-0.03703	-0.04761	-0.04798	-0.10167	0.01771	-0.05485	-0.04412	-0.06582	-0.01114	0.15439	0.05692	-0.15135	-0.08740	0.08756	0.02977	0.11966	-0.02132	0.08500	0.10181	-0.09048	-0.02092	-0.07899	0.15609	0.00814	0.11377	-0.05975	-0.01260	0.07713	-0.13667	0.10246	-0.03164	-0.03140	(And (Agent $e0 $x0) (Member $x0 mechanic) (Past $e0))
p202796	-0.03703	-0.04761	-0.04798	-0.10167	0.01771	-0.05485	-0.04412	-0.06582	-0.01114	0.15439	0.05692	-0.15135	-0.08740	0.08756	0.02977	0.11966	-0.02132	0.08500	0.10181	-0.09048	-0.02092	-0.07899	0.15609	0.00814	0.11377	-0.05975	-0.01260	0.07713	-0.13667	0.10246	-0.03164	-0.03140	(And (Agent $e0 $x0) (Member $x0 mechanic) (Patient $e0 $x1))
p202797	0.02345	-0.01265	0.00612	0.00308	-0.00678	0.00190	-0.00668	-0.00717	-0.00115	-0.01331	-0.00461	-0.00527	-0.00530	-0.00023	0.00613	-0.00340	-0.00134	-0.01448	-0.01794	-0.03234	-0.01996	0.00391	-0.00513	-0.00513	0.00249	-0.00396	0.01973	0.02666	0.01033	-0.00551	-0.02202	-0.00950	(And (Agent $e0 $x0) (Member $x0 panel) (Theme $e0 $x1))
p202798	0.00523	0.01246	-0.01529	-0.02142	0.06456	-0.02010	0.00805	-0.03554	-0.02244	-0.04099	0.00407	-0.00719	0.00208	0.00617	0.00489	0.00596	-0.04920	-0.03152	-0.04422	-0.02034	-0.02600	-0.01867	-0.01359	-0.01270	0.00413	0.02112	0.00225	-0.00701	0.00875	0.00625	-0.01853	-0.01291	(And (Agent $e0 $x0) (Member $x0 person) (Patient $e0 $x1))
p202799	0.01487	-0.01869	-0.00299	-0.00199	0.02173	-0.00069	0.00406	-0.02024	0.00141	-0.00472	-0.00705	0.01221	0.02173	0.01635	0.00184	0.00341	-0.00594	-0.01914	-0.03895	-0.00631	-0.00886	-0.00924	0.01213	-0.01878	0.01172	-0.01273	0.00824	0.02362	0.02698	0.01394	-0.01063	-0.01576	(And (Agent $e0 $x0) (Member $x0 pilot) (Theme $e0 $x1))
p202800	0.00255	-0.01591	0.00688	-0.00596	-0.01351	0.01291	-0.00372	-0.01288	-0.00687	-0.00279	-0.01107	-0.00561	-0.01383	-0.01040	0.02023	-0.02211	-0.01508	0.00434	0.00417	-0.02837	-0.00588	0.00355	-0.01999	-0.01429	0.00198	0.01827	0.01096	0.02132	0.02808	0.02079	-0.02523	0.00561	(And (Agent $e0 $x0) (Member $x0 rescue_team) (Theme $e0 $x1))
p202801	-0.01184	0.06087	-0.03163	0.08160	0.14655	-0.03005	-0.01922	-0.08469	-0.02977	0.06085	0.07760	0.04201	-0.01164	-0.00547	0.05212	-0.04118	0.01395	-0.02892	0.04123	0.03898	0.04939	-0.02554	-0.03308	-0.02460	-0.02665	0.05084	-0.02764	0.01048	-0.05827	-0.03925	0.11677	-0.01223	(And (Agent $e0 $x0) (Member $x0 tutor) (Patient $e0 $x1))
p202802	-0.01184	0.06087	-0.03163	0.08160	0.14655	-0.03005	-0.01922	-0.08469	-0.02977	0.06085	0.07760	0.04201	-0.01164	-0.00547	0.05212	-0.04118	0.01395	-0.02892	0.04123	0.03898	0.04939	-0.02554	-0.03308	-0.02460	-0.02665	0.05084	-0.02764	0.01048	-0.05827	-0.03925	0.11677	-0.01223	(And (Agent $e0 $x0) (Member $x1 afternoon_session) (Patient $e0 $x1))
p202803	0.07737	0.20431	-0.11577	-0.05062	-0.09320	-0.04863	0.10251	0.06781	-0.08719	-0.06624	-0.02215	-0.08674	0.03730	0.11269	0.02107	-0.05821	-0.04577	0.10882	0.10736	0.05739	0.00745	-0.00687	-0.08230	-0.08490	0.01854	-0.08249	-0.04672	0.11591	0.09281	-0.03208	0.12732	-0.01325	(And (Agent $e0 $x0) (Member $x1 crate) (Theme $e0 $x1))
p202804	0.04573	-0.03872	0.00159	0.04613	-0.01498	0.02711	0.02099	0.01565	0.06160	-0.02491	-0.03823	0.00656	-0.03837	0.00943	0.01631	0.04919	-0.02280	0.01530	-0.03671	-0.01687	0.00614	-0.02842	-0.02140	0.01163	0.08479	0.05198	-0.00645	-0.00308	-0.06438	0.00215	0.00349	-0.03125	(And (Agent $e0 $x0) (Member $x1 drill) (Theme $e0 $x1))
p202805	0.12275	-0.01835	0.01936	0.11293	0.00676	0.11739	-0.13333	0.12622	-0.06708	0.05262	0.12218	0.06027	-0.06098	0.03175	0.02937	0.12822	0.14780	0.03451	-0.05411	0.07208	-0.15222	0.08377	0.15661	-0.01823	-0.11576	-0.07479	0.05157	0.02912	0.15748	0.14210	0.08194	0.06801	(And (Agent $e0 $x0) (Member $x1 file) (Theme $e0 $x1))
p202806	-0.03703	-0.04761	-0.04798	-0.10167	0.01771	-0.05485	-0.04412	-0.06582	-0.01114	0.15439	0.05692	-0.15135	-0.08740	0.08756	0.02977	0.11966	-0.02132	0.08500	0.10181	-0.09048	-0.02092	-0.07899	0.15609	0.00814	0.11377	-0.05975	-0.01261	0.07713	-0.13667	0.10246	-0.03164	-0.03140	(And (Agent $e0 $x0) (Member $x1 gearbox) (Patient $e0 $x1))
p202807	0.03655	0.03848	0.05441	0.03676	-0.04507	-0.01058	0.04857	-0.03437	0.02046	-0.05165	0.00701	0.01948	-0.04778	-0.04300	-0.03783	-0.04519	-0.03774	-0.00840	0.08324	-0.03543	-0.05236	-0.02512	0.05223	-0.01515	-0.04054	-0.02558	0.00807	-0.07342	-0.04080	0.04264	0.02238	0.02788	(And (Agent $e0 $x0) (Member $x1 generator) (Theme $e0 $x1))
p202808	-0.02203	0.02572	-0.03554	0.04076	-0.08548	0.09136	-0.09911	-0.01192	0.07211	-0.00923	-0.09852	-0.01366	0.07189	0.01453	0.04767	0.02859	0.09876	-0.03383	0.10176	-0.01860	0.14479	-0.04125	0.07243	-0.06784	-0.05358	0.02132	0.10807	-0.00847	0.01636	-0.07197	-0.01338	-0.13594	(And (Agent $e0 $x0) (Member $x1 hotel) (Patient $e0 $x1))
p202809	0.01793	-0.00991	0.00183	-0.00288	-0.00011	0.00546	-0.01046	-0.00374	-0.00111	-0.01674	-0.00654	-0.00017	-0.00084	-0.00251	0.00222	-0.00528	-0.00183	-0.01912	-0.01336	-0.03229	-0.01573	0.01005	-0.00407	-0.00433	0.00159	-0.00633	0.01705	0.02769	0.00617	-0.00275	-0.01805	-0.01300	(And (Agent $e0 $x0) (Member $x1 lane) (Theme $e0 $x1))
p202810	0.00375	-0.01444	0.03385	-0.00333	-0.00236	-0.01832	-0.01388	-0.03272	0.02780	0.03295	-0.01989	0.00905	0.05140	0.02601	-0.01410	-0.01409	-0.01372	-0.04301	-0.03173	0.02658	0.01901	-0.02950	0.00271	-0.00713	0.06718	-0.01275	-0.00253	0.00658	0.04594	0.02299	0.01635	-0.02126	(And (Agent $e0 $x0) (Member $x1 manifest) (Theme $e0 $x1))
p202811	0.02385	-0.01296	0.00619	0.00312	-0.00700	0.00171	-0.00668	-0.00724	-0.00100	-0.01348	-0.00451	-0.00549	-0.00522	-0.00016	0.00629	-0.00340	-0.00135	-0.01484	-0.01823	-0.03299	-0.02042	0.00421	-0.00544	-0.00526	0.00251	-0.00400	0.02022	0.02703	0.01031	-0.00555	-0.02247	-0.00966	(And (Agent $e0 $x0) (Member $x1 manuscript) (Theme $e0 $x1))
p202812	0.12275	-0.01835	0.01936	0.11293	0.00676	0.11739	-0.13333	0.12622	-0.06708	0.05262	0.12218	0.06027	-0.06098	0.03175	0.02937	0.12822	0.14780	0.03451	-0.05411	0.07208	-0.15222	0.08377	0.15661	-0.01823	-0.11576	-0.07479	0.05157	0.02912	0.15748	0.14210	0.08194	0.06801	(And (Agent $e0 $x0) (Member $x1 missing) (Theme $e0 $x1))
p202813	-0.02764	-0.11896	0.05031	-0.05886	-0.05235	0.04527	0.07272	-0.07283	-0.06696	-0.05906	0.10137	-0.03597	0.06324	-0.03142	0.04777	-0.07912	0.15648	0.03718	-0.02789	0.00650	-0.05255	0.03180	0.02635	0.02053	0.01652	0.10156	-0.05715	0.00722	-0.02202	-0.07629	0.05146	-0.09322	(And (Agent $e0 $x0) (Member $x1 projector) (Theme $e0 $x1))
p202814	0.02345	-0.01265	0.00612	0.00308	-0.00678	0.00190	-0.00669	-0.00718	-0.00115	-0.01332	-0.00461	-0.00527	-0.00530	-0.00023	0.00612	-0.00340	-0.00134	-0.01448	-0.01794	-0.03234	-0.01997	0.00390	-0.00513	-0.00513	0.00249	-0.00397	0.01973	0.02666	0.01032	-0.00551	-0.02202	-0.00951	(And (Agent $e0 $x0) (Member $x1 proposal) (Theme $e0 $x1))
p202815	0.02791	-0.01353	0.00633	0.00869	0.00268	-0.00218	-0.00847	-0.01493	0.00071	-0.01133	0.00048	-0.00610	-0.00544	0.00001	0.01542	-0.00712	-0.00078	-0.02477	-0.02011	-0.03798	-0.02183	0.00525	-0.01191	-0.00873	0.00161	-0.00096	0.02470	0.03084	0.00292	-0.01226	-0.01754	-0.01124	(And (Agent $e0 $x0) (Member $x1 scan) (Theme $e0 $x1))
p202816	0.00200	-0.01652	0.00634	-0.00648	-0.01404	0.01247	-0.00417	-0.01345	-0.00746	-0.00332	-0.01155	-0.00616	-0.01430	-0.01089	0.01966	-0.02275	-0.01559	0.00389	0.00361	-0.02889	-0.00630	0.00306	-0.02050	-0.01480	0.00148	0.01779	0.01040	0.02081	0.02762	0.02023	-0.02583	0.00499	(And (Agent $e0 $x0) (Member $x1 search) (Theme $e0 $x1))
p202817	-0.03703	-0.04761	-0.04798	-0.10167	0.01771	-0.05485	-0.04412	-0.06582	-0.01114	0.15439	0.05692	-0.15135	-0.08740	0.08756	0.02977	0.11966	-0.02132	0.08500	0.10181	-0.09048	-0.02092	-0.07899	0.15609	0.00814	0.11377	-0.05975	-0.01260	0.07713	-0.13667	0.10246	-0.03164	-0.03140	(And (Agent $e0 $x0) (Member $x1 seized) (Patient $e0 $x1))
p202818	0.06362	-0.08744	-0.07909	0.06232	0.02254	0.06227	0.05547	0.06838	0.12267	-0.06634	-0.09041	0.02963	-0.04857	0.00590	0.06385	0.12327	-0.04928	0.05820	-0.06685	-0.01344	0.01087	-0.04949	-0.03813	0.06167	0.07633	0.15166	-0.05503	0.02275	-0.09253	0.03021	0.08442	-0.03268	(And (Agent $e0 $x0) (Member $x1 song) (Theme $e0 $x1))
p202819	-0.01225	0.06096	-0.03135	0.08114	0.14594	-0.02977	-0.01935	-0.08386	-0.03001	0.06057	0.07727	0.04223	-0.01191	-0.00605	0.05166	-0.04081	0.01402	-0.02851	0.04144	0.03973	0.04941	-0.02591	-0.03254	-0.02337	-0.02624	0.05089	-0.02800	0.00950	-0.05756	-0.03875	0.11689	-0.01176	(And (Agent $e0 $x0) (Member $x1 summer_fair) (Patient $e0 $x1))
p202821	-0.11895	-0.06425	-0.05863	-0.05118	-0.07180	0.06706	0.05292	-0.09005	-0.05378	0.09354	-0.04141	0.02151	-0.05242	-0.05894	0.05321	-0.10270	-0.12913	0.10995	0.05509	-0.03735	0.11367	-0.01662	-0.07518	-0.04976	-0.07943	0.17260	-0.10506	-0.03716	0.15457	0.13807	-0.03528	0.16472	(And (Agent $e0 $x0) (Member $x1 tender) (Theme $e0 $x1))
p202822	0.08008	0.20615	0.01640	-0.04562	0.01688	0.14695	-0.04702	-0.09147	-0.07532	0.04092	-0.03972	0.10598	0.16394	-0.03768	0.02128	0.08981	0.07023	0.10623	-0.04153	-0.04724	-0.06979	-0.07922	-0.08846	0.12191	0.01409	-0.13701	-0.04236	-0.08771	-0.08888	0.02745	-0.06064	0.08906	(And (Agent $e0 $x0) (Member $x1 view) (Theme $e0 $x1))
p202823	-0.00941	-0.01273	-0.01313	0.00819	0.01890	0.00022	0.00900	-0.01162	-0.00756	-0.02325	-0.00872	0.01024	0.01172	-0.00500	-0.02405	0.00097	-0.00579	0.01217	-0.02326	-0.01614	-0.00750	-0.01151	0.01033	-0.00088	-0.01025	-0.01388	0.00194	0.02959	0.00843	-0.01144	-0.02574	-0.01923	(And (Agent $e0 $x0) (Member $x1 vote) (Theme $e0 $x1))
p202824	-0.03134	0.00493	0.03529	-0.05578	-0.06332	0.09857	-0.00573	-0.06637	0.01364	-0.06968	0.08006	-0.10220	-0.06552	0.01865	-0.08965	0.10063	-0.09285	-0.08585	-0.04382	0.06020	0.12278	-0.05820	-0.05755	-0.04934	-0.03246	-0.07518	-0.13997	0.02741	-0.05460	-0.08956	0.05874	0.16749	(And (Agent $e0 $x0) (Member $x1 wreck) (Theme $e0 $x1))
p202825	0.02786	-0.01357	0.00629	0.00865	0.00264	-0.00223	-0.00851	-0.01497	0.00067	-0.01137	0.00044	-0.00614	-0.00547	-0.00003	0.01538	-0.00716	-0.00082	-0.02480	-0.02015	-0.03802	-0.02187	0.00521	-0.01195	-0.00877	0.00157	-0.00100	0.02466	0.03080	0.00288	-0.01230	-0.01759	-0.01128	(And (Agent $e0 $x0) (Ordinal $x1 <num> scan) (Theme $e0 $x1))
p202827	0.08008	0.20615	0.01640	-0.04562	0.01688	0.14695	-0.04702	-0.09147	-0.07532	0.04092	-0.03972	0.10598	0.16394	-0.03768	0.02128	0.08981	0.07023	0.10623	-0.04153	-0.04724	-0.06979	-0.07922	-0.08846	0.12191	0.01409	-0.13701	-0.04236	-0.08771	-0.08888	0.02745	-0.06064	0.08906	(And (Agent $e0 $x0) (Possession $x1 free_soil_party) (Theme $e0 $x1))
p202828	0.08008	0.20615	0.01640	-0.04562	0.01688	0.14695	-0.04702	-0.09147	-0.07532	0.04092	-0.03972	0.10598	0.16394	-0.03768	0.02128	0.08981	0.07023	0.10623	-0.04153	-0.04724	-0.06979	-0.07922	-0.08846	0.12191	0.01409	-0.13701	-0.04236	-0.08771	-0.08888	0.02745	-0.06064	0.08906	(And (Agent $e0 $x0) (Possession $x1 republican_party) (Theme $e0 $x1))
p202829	-0.05315	-0.05322	-0.03837	0.04373	0.03523	-0.00443	0.13551	0.06182	-0.04032	0.05916	-0.02704	-0.09053	0.05580	-0.01803	-0.10938	0.06325	0.14273	-0.01662	-0.03121	-0.03603	-0.04029	-0.06383	-0.10490	-0.11595	0.00396	-0.06843	-0.07918	-0.06012	-0.00194	0.05409	-0.04582	-0.02848	(And (Before $x0 $e0) (Member $x0 lunch) (Patient $e0 $x1))
p202830	-0.05315	-0.05322	-0.03837	0.04373	0.03523	-0.00443	0.13551	0.06182	-0.04032	0.05916	-0.02704	-0.09053	0.05580	-0.01803	-0.10938	0.06325	0.14273	-0.01662	-0.03121	-0.03603	-0.04029	-0.06383	-0.10490	-0.11595	0.00396	-0.06843	-0.07918	-0.06012	-0.00194	0.05409	-0.04582	-0.02848	(And (Before $x0 $e0) (Member $x1 dress_rehearsal) (Patient $e0 $x1))
p202831	-0.01708	-0.02089	0.00967	-0.01784	0.01274	0.01511	-0.00460	0.01323	0.01538	-0.01260	-0.00318	0.02660	-0.00542	0.04887	-0.00153	-0.00739	-0.00620	0.00830	-0.01638	0.00875	0.00277	-0.00028	0.01445	-0.00854	-0.01799	-0.00225	-0.01447	-0.03434	-0.00839	-0.00607	0.00869	-0.01048	(And (But $e0 $e1) (Past $e0) (Past $e1))
p202832	0.09350	-0.08081	0.01464	-0.01375	0.09306	0.07350	0.06011	0.05349	-0.02813	0.03758	-0.01442	-0.06156	0.07446	0.11501	-0.09018	-0.06742	-0.10670	-0.04603	0.06897	0.03476	-0.17955	-0.03647	0.02371	0.04790	-0.04218	0.15083	0.14383	0.03316	-0.00625	-0.03424	-0.04034	0.11334	(And (Can $e0) (Cardinality $x0 <num>) (Manner $e0 $x0))
p202833	0.09350	-0.08081	0.01464	-0.01375	0.09306	0.07350	0.06011	0.05349	-0.02813	0.03758	-0.01442	-0.06156	0.07446	0.11501	-0.09018	-0.06742	-0.10670	-0.04603	0.06897	0.03476	-0.17955	-0.03647	0.02371	0.04790	-0.04218	0.15083	0.14383	0.03316	-0.00625	-0.03424	-0.04034	0.11334	(And (Can $e0) (GroupOf $x0 sequence) (Theme $e0 $x0))
p202834	-0.02706	-0.05285	-0.14363	-0.06231	-0.02109	0.01166	-0.12186	0.06191	-0.02742	0.07677	-0.06284	0.05126	0.07811	-0.03355	-0.13359	0.05608	0.02094	-0.02791	0.06945	-0.16548	0.07167	0.17692	-0.06213	0.08825	-0.10365	-0.02795	-0.00672	0.05205	-0.02593	0.04162	0.21524	-0.06628	(And (Cardinality $x0 <num>) (Holder $e0 kristoffer) (Theme $e0 $x0))
p202835	0.09350	-0.08081	0.01464	-0.01375	0.09306	0.07350	0.06011	0.05349	-0.02813	0.03758	-0.01442	-0.06156	0.07446	0.11501	-0.09018	-0.06742	-0.10670	-0.04603	0.06897	0.03476	-0.17955	-0.03647	0.02371	0.04790	-0.04218	0.15083	0.14383	0.03316	-0.00625	-0.03424	-0.04034	0.11334	(And (Cardinality $x0 <num>) (Manner $e0 $x0) (Member $e0 define))
p202836	0.09350	-0.08081	0.01464	-0.01375	0.09306	0.07350	0.06011	0.05349	-0.02813	0.03758	-0.01442	-0.06156	0.07446	0.11501	-0.09018	-0.06742	-0.10670	-0.04603	0.06897	0.03476	-0.17955	-0.03647	0.02371	0.04790	-0.04218	0.15083	0.14383	0.03316	-0.00625	-0.03424	-0.04034	0.11334	(And (Cardinality $x0 <num>) (Manner $e0 $x0) (Theme $e0 $x1))
p202837	-0.07551	0.03964	-0.01018	0.00998	0.02289	0.11208	0.10565	-0.00306	0.10128	0.06098	0.04120	-0.09327	-0.06835	-0.08055	0.02931	-0.08373	-0.06778	-0.06879	-0.06521	-0.01405	-0.02309	0.03159	0.07365	0.08626	0.01969	-0.04498	-0.03099	-0.01836	0.06408	-0.05001	-0.00805	-0.00859	(And (Cardinality $x0 <num>) (Member $e0 buy) (Theme $e0 $x0))
p202838	-0.02706	-0.05285	-0.14363	-0.06231	-0.02109	0.01166	-0.12186	0.06191	-0.02742	0.07677	-0.06284	0.05126	0.07811	-0.03355	-0.13359	0.05608	0.02094	-0.02791	0.06945	-0.16548	0.07167	0.17692	-0.06213	0.08825	-0.10365	-0.02795	-0.00672	0.05205	-0.02593	0.04162	0.21524	-0.06628	(And (Cardinality $x0 <num>) (Member $e0 have) (Theme $e0 $x0))
p202839	-0.02378	0.02235	0.03250	-0.00457	-0.00688	-0.01060	0.01916	-0.02524	0.03757	0.02386	-0.00896	0.03057	0.03201	-0.00388	-0.05729	-0.03649	-0.03723	-0.04691	0.01865	0.00211	0.00814	-0.02381	0.03340	0.00454	0.00642	-0.02510	-0.01765	-0.03762	0.01526	0.04771	0.06112	-0.01161	(And (Cardinality $x0 <num>) (Recipient $e0 $x1) (Theme $e0 $x0))
p202840	-0.04957	0.02207	-0.00466	0.04928	-0.02045	-0.06073	-0.03990	0.04251	0.17435	-0.00525	0.15941	0.01924	0.11285	-0.05834	0.05736	-0.05967	-0.04139	0.10122	0.02408	0.00305	-0.12044	-0.02016	-0.02075	-0.05209	-0.04354	-0.06035	0.14036	0.07500	-0.03451	0.05879	-0.01124	0.07218	(And (Experiencer $e0 $x0) (Location $e1 $x1) (Stimulus $e0 $e1))
p202841	-0.03212	-0.00203	-0.00648	-0.02671	0.02937	-0.00185	-0.00026	-0.00253	0.03108	-0.00797	0.01098	0.03094	-0.00445	0.04336	0.00535	-0.02087	-0.02446	0.03507	-0.02173	0.01851	-0.01886	-0.01165	0.03279	-0.04247	-0.02058	0.01067	-0.00093	-0.02235	-0.00841	0.00618	-0.00261	0.00646	(And (Experiencer $e0 $x0) (Member $x0 person) (Past $e0))
p202842	-0.06033	0.00517	-0.02204	-0.02832	0.01902	-0.14058	0.13797	0.00751	-0.02555	-0.06587	-0.01096	0.11387	-0.06659	0.01728	0.13797	-0.02978	0.16845	-0.07024	-0.06324	-0.00730	0.14222	-0.08525	0.03144	0.13508	0.02009	-0.14059	0.21259	0.08417	-0.01992	0.08129	0.02386	0.16029	(And (For $e0 $e1) (Member $e0 win) (Member $e1 portray))
p202843	-0.06033	0.00517	-0.02204	-0.02832	0.01902	-0.14058	0.13797	0.00751	-0.02555	-0.06587	-0.01096	0.11387	-0.06659	0.01728	0.13797	-0.02978	0.16845	-0.07024	-0.06324	-0.00730	0.14222	-0.08525	0.03144	0.13508	0.02009	-0.14059	0.21259	0.08417	-0.01992	0.08129	0.02386	0.16029	(And (For $e0 $e1) (Member $e1 portray) (Past $e0))
p202844	-0.06033	0.00517	-0.02204	-0.02832	0.01902	-0.14058	0.13797	0.00751	-0.02555	-0.06587	-0.01096	0.11387	-0.06659	0.01728	0.13797	-0.02978	0.16845	-0.07024	-0.06324	-0.00730	0.14222	-0.08525	0.03144	0.13508	0.02009	-0.14059	0.21259	0.08417	-0.01992	0.08129	0.02386	0.16029	(And (For $e0 $e1) (Member $e1 portray) (Theme $e0 $x0))
p202845	-0.06033	0.00517	-0.02204	-0.02832	0.01902	-0.14058	0.13797	0.00751	-0.02555	-0.06587	-0.01096	0.11387	-0.06659	0.01728	0.13797	-0.02978	0.16845	-0.07024	-0.06324	-0.00730	0.14222	-0.08525	0.03144	0.13508	0.02009	-0.14059	0.21259	0.08417	-0.01992	0.08129	0.02386	0.16029	(And (For $e0 $e1) (Member $x0 emmy) (Theme $e0 $x0))
p202846	-0.03794	-0.04118	-0.03197	0.03899	0.02902	-0.00472	0.11515	0.04998	-0.03566	0.04818	-0.01847	-0.07280	0.04522	-0.01345	-0.08897	0.05031	0.12494	-0.02061	-0.02869	-0.02770	-0.03761	-0.05283	-0.09375	-0.09858	0.00745	-0.05867	-0.06301	-0.05152	-0.00215	0.04251	-0.04039	-0.02213	(And (Future $e0) (Member $x0 apple_harvest) (Patient $e0 $x0))
p202847	-0.02706	-0.05285	-0.14363	-0.06231	-0.02109	0.01166	-0.12186	0.06191	-0.02742	0.07677	-0.06284	0.05126	0.07811	-0.03355	-0.13359	0.05608	0.02094	-0.02791	0.06945	-0.16548	0.07167	0.17692	-0.06213	0.08825	-0.10365	-0.02795	-0.00672	0.05205	-0.02593	0.04162	0.21524	-0.06628	(And (GroupOf $x0 child) (Holder $e0 kristoffer) (Theme $e0 $x0))
p202848	-0.02706	-0.05285	-0.14363	-0.06231	-0.02109	0.01166	-0.12186	0.06191	-0.02742	0.07677	-0.06284	0.05126	0.07811	-0.03355	-0.13359	0.05608	0.02094	-0.02791	0.06945	-0.16548	0.07167	0.17692	-0.06213	0.08825	-0.10365	-0.02795	-0.00672	0.05205	-0.02593	0.04162	0.21524	-0.06628	(And (GroupOf $x0 child) (Member $e0 have) (Theme $e0 $x0))
p202849	-0.02785	0.18139	0.07430	-0.03536	-0.01501	-0.10519	0.09631	0.02888	-0.07940	0.01530	0.03555	0.07648	0.05345	-0.01042	0.00445	0.13835	-0.09991	-0.04691	-0.08258	0.02200	0.05241	0.08179	0.06935	-0.05461	-0.00965	0.14627	-0.03536	0.04949	-0.05090	0.04591	-0.08643	-0.03472	(And (GroupOf $x0 egg) (Holder $e0 $x1) (Theme $e0 $x0))
p202850	-0.02370	0.16871	0.06618	-0.03531	-0.01100	-0.09682	0.09137	0.02328	-0.07537	0.00975	0.03151	0.07422	0.05115	-0.01064	0.00296	0.13077	-0.09794	-0.04813	-0.08236	0.01649	0.04936	0.07936	0.06912	-0.05261	-0.01061	0.13948	-0.03410	0.04858	-0.04467	0.04215	-0.08413	-0.03540	(And (GroupOf $x0 egg) (Member $e0 require) (Theme $e0 $x0))
p202851	0.09350	-0.08081	0.01464	-0.01375	0.09306	0.07350	0.06011	0.05349	-0.02813	0.03758	-0.01442	-0.06156	0.07446	0.11501	-0.09018	-0.06742	-0.10670	-0.04603	0.06897	0.03476	-0.17955	-0.03647	0.02371	0.04790	-0.04218	0.15083	0.14383	0.03316	-0.00625	-0.03424	-0.04034	0.11334	(And (GroupOf $x0 sequence) (Manner $e0 $x1) (Theme $e0 $x0))
p202852	0.09350	-0.08081	0.01464	-0.01375	0.09306	0.07350	0.06011	0.05349	-0.02813	0.03758	-0.01442	-0.06156	0.07446	0.11501	-0.09018	-0.06742	-0.10670	-0.04603	0.06897	0.03476	-0.17955	-0.03647	0.02371	0.04790	-0.04218	0.15083	0.14383	0.03316	-0.00625	-0.03424	-0.04034	0.11334	(And (GroupOf $x0 sequence) (Member $e0 define) (Theme $e0 $x0))
p202853	-0.01219	0.07619	0.05621	-0.00160	-0.01766	-0.05322	0.03371	0.01741	-0.03315	0.01571	0.01269	0.02711	0.01907	-0.00091	0.01168	0.05699	-0.04025	-0.02552	-0.03468	0.00386	0.02875	0.02466	0.02108	-0.02882	0.00551	0.07358	-0.01141	0.02716	-0.03158	0.00384	-0.04642	-0.01966	(And (Holder $e0 $x0) (Member $x0 permit) (Theme $e0 $x1))
p202854	-0.02785	0.18139	0.07430	-0.03536	-0.01501	-0.10519	0.09631	0.02888	-0.07940	0.01530	0.03555	0.07648	0.05345	-0.01042	0.00445	0.13835	-0.09991	-0.04691	-0.08258	0.02200	0.05241	0.08179	0.06935	-0.05461	-0.00965	0.14627	-0.03536	0.04949	-0.05090	0.04591	-0.08643	-0.03472	(And (Holder $e0 $x0) (Member $x0 recipe) (Theme $e0 $x1))
p202855	-0.01184	0.06087	-0.03163	0.08160	0.14655	-0.03005	-0.01922	-0.08469	-0.02977	0.06085	0.07760	0.04201	-0.01164	-0.00547	0.05212	-0.04118	0.01395	-0.02892	0.04123	0.03898	0.04939	-0.02554	-0.03308	-0.02460	-0.02665	0.05084	-0.02764	0.01048	-0.05827	-0.03925	0.11677	-0.01223	(And (Inheritance afternoon_session session) (Member $x0 afternoon_session) (Patient $e0 $x0))
p202856	-0.05315	-0.05322	-0.03837	0.04373	0.03523	-0.00443	0.13551	0.06182	-0.04032	0.05916	-0.02704	-0.09053	0.05580	-0.01803	-0.10938	0.06325	0.14273	-0.01662	-0.03121	-0.03603	-0.04029	-0.06383	-0.10490	-0.11595	0.00396	-0.06843	-0.07918	-0.06012	-0.00194	0.05409	-0.04582	-0.02848	(And (Inheritance dress_rehearsal rehearsal) (Member $x0 dress_rehearsal) (Patient $e0 $x0))
p202857	0.00021	0.06927	0.02197	-0.01907	-0.00475	-0.02959	0.04096	0.00634	-0.02717	-0.02013	0.01574	0.02816	0.01175	-0.00044	0.01866	0.03168	-0.03610	-0.00892	-0.03636	0.03568	0.01574	-0.00794	0.03513	-0.03024	0.01004	0.04846	-0.01449	-0.00486	-0.01744	0.00319	-0.03981	0.00091	(And (Inheritance monthly_servicing monthly) (Inheritance monthly_servicing servicing) (Theme $e0 monthly_servicing))
p202858	-0.01225	0.06096	-0.03135	0.08114	0.14594	-0.02977	-0.01935	-0.08386	-0.03001	0.06057	0.07727	0.04223	-0.01191	-0.00605	0.05166	-0.04081	0.01402	-0.02851	0.04144	0.03973	0.04941	-0.02591	-0.03254	-0.02337	-0.02624	0.05089	-0.02800	0.00950	-0.05756	-0.03875	0.11689	-0.01177	(And (Inheritance summer_fair fair) (Member $x0 summer_fair) (Patient $e0 $x0))
p202861	-0.02865	0.00407	0.03520	-0.05262	-0.06240	0.10515	-0.01294	-0.06150	0.01312	-0.06527	0.08135	-0.10001	-0.06758	0.02174	-0.08622	0.10220	-0.08911	-0.08345	-0.04476	0.06259	0.13403	-0.05448	-0.05317	-0.05013	-0.03483	-0.07491	-0.14027	0.02822	-0.05063	-0.08796	0.06291	0.15567	(And (Location $e0 $x0) (Member $e0 discover) (Member $x0 point))
p202862	-0.04436	0.01800	-0.00368	0.04149	-0.01836	-0.05489	-0.03349	0.03779	0.15596	-0.00460	0.13966	0.01691	0.10222	-0.05240	0.05122	-0.05302	-0.03671	0.09014	0.02278	0.00146	-0.10478	-0.01899	-0.02155	-0.04568	-0.03868	-0.05353	0.12122	0.06511	-0.03131	0.05013	-0.01170	0.06382	(And (Location $e0 $x0) (Member $e0 error) (Member $x0 ledger))
p202863	-0.04957	0.02207	-0.00466	0.04928	-0.02045	-0.06073	-0.03990	0.04251	0.17435	-0.00525	0.15941	0.01924	0.11285	-0.05833	0.05736	-0.05967	-0.04138	0.10122	0.02408	0.00305	-0.12044	-0.02016	-0.02075	-0.05209	-0.04354	-0.06035	0.14036	0.07500	-0.03451	0.05879	-0.01124	0.07218	(And (Location $e0 $x0) (Member $x0 ledger) (Stimulus $e1 $e0))
p202864	-0.03134	0.00493	0.03529	-0.05578	-0.06332	0.09857	-0.00573	-0.06637	0.01364	-0.06968	0.08006	-0.10220	-0.06552	0.01865	-0.08965	0.10063	-0.09285	-0.08585	-0.04382	0.06020	0.12278	-0.05820	-0.05755	-0.04934	-0.03246	-0.07518	-0.13997	0.02741	-0.05460	-0.08956	0.05874	0.16749	(And (Location $e0 $x0) (Member $x1 wreck) (Theme $e0 $x1))
p202866	-0.02203	0.02572	-0.03554	0.04076	-0.08548	0.09136	-0.09911	-0.01192	0.07211	-0.00923	-0.09852	-0.01366	0.07189	0.01453	0.04767	0.02859	0.09876	-0.03383	0.10176	-0.01860	0.14479	-0.04125	0.07243	-0.06784	-0.05358	0.02132	0.10808	-0.00847	0.01636	-0.07197	-0.01338	-0.13594	(And (Location $e0 eskisehir) (Member $x0 hotel) (Patient $e0 $x0))
p202869	-0.02203	0.02572	-0.03554	0.04076	-0.08548	0.09136	-0.09911	-0.01192	0.07211	-0.00923	-0.09852	-0.01366	0.07189	0.01453	0.04767	0.02859	0.09876	-0.03383	0.10176	-0.01860	0.14479	-0.04125	0.07243	-0.06784	-0.05358	0.02132	0.10808	-0.00847	0.01636	-0.07197	-0.01338	-0.13594	(And (Location $e0 turkey) (Member $x0 hotel) (Patient $e0 $x0))
p202870	0.01793	-0.00991	0.00183	-0.00288	-0.00011	0.00546	-0.01047	-0.00374	-0.00111	-0.01674	-0.00654	-0.00017	-0.00084	-0.00251	0.00222	-0.00528	-0.00184	-0.01913	-0.01337	-0.03229	-0.01573	0.01005	-0.00407	-0.00434	0.00159	-0.00633	0.01705	0.02769	0.00616	-0.00276	-0.01805	-0.01300	(And (Member $e0 block) (Member $x0 lane) (Theme $e0 $x0))
p202873	-0.02203	0.02572	-0.03554	0.04076	-0.08548	0.09136	-0.09911	-0.01192	0.07211	-0.00923	-0.09852	-0.01366	0.07189	0.01453	0.04767	0.02859	0.09876	-0.03383	0.10176	-0.01860	0.14479	-0.04125	0.07243	-0.06784	-0.05358	0.02132	0.10808	-0.00847	0.01636	-0.07197	-0.01338	-0.13594	(And (Member $e0 build) (Member $x0 hotel) (Patient $e0 $x0))
p202876	-0.06156	0.01589	0.05262	0.06018	-0.05289	-0.02175	-0.05352	-0.00419	-0.00702	0.01835	-0.03935	-0.02857	-0.04322	-0.04820	-0.07904	0.00492	0.00359	0.08729	0.07279	0.05102	0.04630	-0.01149	0.01912	0.10127	0.02798	-0.00743	-0.01351	0.04840	0.00582	-0.05844	-0.01843	-0.03581	(And (Member $e0 decision) (Member $e1 make) (Patient $e1 $e0))
p202877	-0.04401	0.03396	0.08519	0.06319	-0.06847	-0.02090	-0.06853	0.02061	-0.01028	0.02114	-0.04001	-0.05234	-0.05994	-0.04956	-0.08015	-0.01206	0.01518	0.10302	0.06893	0.06304	0.04992	-0.02279	0.02336	0.11121	0.02607	0.01361	-0.01284	0.04612	0.01607	-0.04407	-0.02911	-0.04540	(And (Member $e0 decision) (Member $e1 reach) (Theme $e1 $e0))
p202880	-0.06033	0.00517	-0.02204	-0.02832	0.01902	-0.14058	0.13797	0.00751	-0.02555	-0.06587	-0.01096	0.11387	-0.06659	0.01728	0.13797	-0.02978	0.16845	-0.07024	-0.06324	-0.00730	0.14222	-0.08525	0.03144	0.13508	0.02009	-0.14059	0.21259	0.08417	-0.01992	0.08129	0.02386	0.16029	(And (Member $e0 win) (Member $x0 emmy) (Theme $e0 $x0))
p202882	-0.01820	-0.02861	-0.02493	-0.00201	0.00405	0.01291	0.01871	-0.02587	-0.00814	0.02171	-0.00421	0.00858	-0.01155	0.00091	0.00748	-0.01904	-0.02585	0.02137	-0.01573	-0.02605	-0.00352	-0.00458	-0.00378	-0.03316	-0.02421	0.03719	-0.00915	0.01107	0.02936	0.02277	-0.02172	0.01533	(And (Member $x0 departure) (Member $x1 ferry) (Possession $x0 $x1))
p202883	-0.06033	0.00517	-0.02204	-0.02832	0.01902	-0.14058	0.13797	0.00751	-0.02555	-0.06587	-0.01096	0.11387	-0.06659	0.01728	0.13797	-0.02978	0.16845	-0.07024	-0.06324	-0.00730	0.14222	-0.08525	0.03144	0.13508	0.02009	-0.14059	0.21259	0.08417	-0.01992	0.08129	0.02386	0.16029	(And (Member $x0 emmy) (Past $e0) (Theme $e0 $x0))
p202884	-0.03872	0.00525	-0.01629	-0.02268	0.01444	-0.00177	-0.00709	-0.00549	0.02999	0.00484	-0.00663	0.03731	-0.03029	0.06078	-0.02477	-0.02368	0.00498	0.02932	-0.01711	0.02623	-0.02436	0.00460	0.04446	-0.05437	-0.00104	0.03274	-0.03393	-0.02830	-0.01278	-0.01050	-0.00794	0.02348	(And (Member $x0 family) (Member $x1 person) (Possession $x0 $x1))
p202885	-0.11895	-0.06425	-0.05863	-0.05118	-0.07180	0.06706	0.05292	-0.09005	-0.05378	0.09354	-0.04141	0.02151	-0.05242	-0.05894	0.05321	-0.10270	-0.12913	0.10995	0.05509	-0.03735	0.11367	-0.01662	-0.07518	-0.04976	-0.07943	0.17260	-0.10506	-0.03716	0.15457	0.13807	-0.03528	0.16472	(And (Member $x0 firm) (Possession $x1 $x0) (Theme $e0 $x1))
p202886	-0.03703	-0.04761	-0.04798	-0.10167	0.01771	-0.05485	-0.04412	-0.06582	-0.01114	0.15439	0.05692	-0.15135	-0.08740	0.08756	0.02977	0.11966	-0.02132	0.08500	0.10181	-0.09048	-0.02092	-0.07899	0.15609	0.00814	0.11377	-0.05975	-0.01260	0.07713	-0.13667	0.10246	-0.03164	-0.03140	(And (Member $x0 gearbox) (Past $e0) (Patient $e0 $x0))
p202887	0.00230	0.00242	-0.00525	0.01768	-0.00507	-0.00590	0.00772	-0.00340	-0.00784	0.01280	-0.00771	-0.03782	0.00497	-0.02118	0.00040	-0.00164	0.02169	-0.01218	-0.00223	0.00480	-0.00397	-0.00884	-0.03684	-0.00066	0.00633	-0.00475	-0.00474	-0.00300	-0.00244	0.00887	-0.00540	0.00214	(And (Member $x0 hearing) (Patient $e0 $x0) (Time $e0 (Weekday monday)))
p202888	0.00229	0.00241	-0.00526	0.01767	-0.00509	-0.00592	0.00771	-0.00341	-0.00786	0.01278	-0.00773	-0.03783	0.00495	-0.02119	0.00039	-0.00166	0.02168	-0.01219	-0.00225	0.00479	-0.00398	-0.00885	-0.03685	-0.00067	0.00631	-0.00476	-0.00476	-0.00301	-0.00245	0.00886	-0.00541	0.00212	(And (Member $x0 hearing) (Patient $e0 $x0) (Time $e0 morning))
p202889	-0.02203	0.02572	-0.03554	0.04076	-0.08548	0.09136	-0.09910	-0.01192	0.07211	-0.00923	-0.09852	-0.01366	0.07189	0.01453	0.04767	0.02859	0.09876	-0.03383	0.10176	-0.01860	0.14479	-0.04125	0.07243	-0.06784	-0.05358	0.02132	0.10808	-0.00847	0.01636	-0.07197	-0.01338	-0.13594	(And (Member $x0 hotel) (Past $e0) (Patient $e0 $x0))
p202890	-0.03703	-0.04761	-0.04798	-0.10167	0.01771	-0.05485	-0.04412	-0.06582	-0.01114	0.15439	0.05692	-0.15135	-0.08740	0.08756	0.02977	0.11966	-0.02132	0.08500	0.10181	-0.09048	-0.02092	-0.07899	0.15609	0.00814	0.11377	-0.05975	-0.01260	0.07713	-0.13667	0.10246	-0.03164	-0.03140	(And (Member $x0 seized) (Past $e0) (Patient $e0 $x0))
p202891	0.08008	0.20615	0.01640	-0.04562	0.01688	0.14695	-0.04702	-0.09147	-0.07532	0.04092	-0.03972	0.10598	0.16394	-0.03768	0.02128	0.08981	0.07023	0.10623	-0.04153	-0.04724	-0.06979	-0.07922	-0.08846	0.12191	0.01409	-0.13701	-0.04236	-0.08771	-0.08888	0.02745	-0.06064	0.08906	(And (Member $x0 view) (Past $e0) (Theme $e0 $x0))
p202892	-0.08766	-0.03891	0.06966	0.06154	-0.02304	0.02935	-0.00242	0.00457	-0.00380	0.11233	-0.00112	0.02502	-0.03957	0.08927	0.00308	-0.03828	-0.00507	0.03459	0.01735	-0.06322	0.01188	-0.01389	-0.06370	-0.06080	-0.01756	0.04373	-0.04001	-0.02464	-0.01062	-0.02966	0.00536	0.00243	(And (Past $e0) (Possession $x0 $x1) (Theme $e0 $x0))
p202893	0.08008	0.20615	0.01640	-0.04562	0.01688	0.14695	-0.04702	-0.09147	-0.07532	0.04092	-0.03972	0.10598	0.16394	-0.03768	0.02128	0.08981	0.07023	0.10623	-0.04153	-0.04724	-0.06979	-0.07922	-0.08846	0.12191	0.01409	-0.13701	-0.04236	-0.08771	-0.08888	0.02745	-0.06064	0.08906	(And (Past $e0) (Possession $x0 free_soil_party) (Theme $e0 $x0))
p202894	0.08008	0.20615	0.01640	-0.04562	0.01688	0.14695	-0.04702	-0.09147	-0.07532	0.04092	-0.03972	0.10598	0.16394	-0.03768	0.02128	0.08981	0.07023	0.10623	-0.04153	-0.04724	-0.06979	-0.07922	-0.08846	0.12191	0.01409	-0.13701	-0.04236	-0.08771	-0.08888	0.02745	-0.06064	0.08906	(And (Past $e0) (Possession $x0 republican_party) (Theme $e0 $x0))
p203143	0.01562	-0.00125	-0.01153	-0.01372	0.00132	0.00149	-0.00871	-0.00222	-0.00615	-0.00613	-0.00563	0.00453	-0.01023	-0.00313	-0.00073	-0.00398	0.00745	-0.00392	-0.00076	0.00431	0.00413	0.00242	0.01371	0.00760	0.00451	-0.00018	0.00088	-0.00357	0.00930	-0.00829	-0.00071	-0.00459	(And (GroupOf $x0 soil_sample) (Inheritance soil_sample sample))
p203144	0.00021	0.06927	0.02197	-0.01907	-0.00475	-0.02959	0.04096	0.00634	-0.02717	-0.02013	0.01574	0.02816	0.01175	-0.00044	0.01866	0.03168	-0.03610	-0.00892	-0.03636	0.03568	0.01574	-0.00794	0.03513	-0.03024	0.01004	0.04846	-0.01449	-0.00486	-0.01744	0.00319	-0.03981	0.00091	(And (Inheritance monthly_servicing monthly) (Theme $e0 monthly_servicing))
p203145	0.00021	0.06927	0.02197	-0.01907	-0.00475	-0.02959	0.04096	0.00634	-0.02717	-0.02013	0.01574	0.02816	0.01175	-0.00044	0.01866	0.03168	-0.03610	-0.00892	-0.03636	0.03568	0.01574	-0.00794	0.03513	-0.03024	0.01004	0.04846	-0.01449	-0.00486	-0.01744	0.00319	-0.03981	0.00091	(And (Inheritance monthly_servicing servicing) (Theme $e0 monthly_servicing))
p203146	0.00261	-0.00057	-0.00315	-0.00782	-0.00583	0.00188	-0.00222	0.00408	-0.00280	0.00108	-0.00484	-0.00111	-0.00349	-0.00610	0.00488	0.00027	0.00145	-0.00255	0.00127	0.00742	0.00144	-0.00454	0.00598	0.00327	0.00281	0.00102	0.00029	-0.00696	0.00000	-0.00484	0.00266	0.00306	(And (Inheritance night_crew crew) (Member $x0 night_crew))
p203147	0.00268	-0.00047	-0.00325	-0.00806	-0.00593	0.00193	-0.00227	0.00416	-0.00281	0.00090	-0.00495	-0.00114	-0.00356	-0.00621	0.00498	0.00025	0.00144	-0.00253	0.00125	0.00755	0.00143	-0.00467	0.00615	0.00346	0.00289	0.00101	0.00029	-0.00703	0.00007	-0.00481	0.00277	0.00323	(And (Inheritance spoil_mound mound) (Member $x0 spoil_mound))
p203209	0.00261	-0.00057	-0.00315	-0.00782	-0.00583	0.00188	-0.00222	0.00408	-0.00280	0.00108	-0.00484	-0.00111	-0.00349	-0.00610	0.00488	0.00027	0.00145	-0.00255	0.00127	0.00742	0.00144	-0.00454	0.00598	0.00327	0.00281	0.00102	0.00029	-0.00696	0.00000	-0.00484	0.00266	0.00306	(And (Inheritance regional_unit regional) (Inheritance regional_unit unit))
p203230	0.00261	-0.00057	-0.00315	-0.00782	-0.00583	0.00188	-0.00222	0.00408	-0.00280	0.00108	-0.00484	-0.00111	-0.00349	-0.00610	0.00488	0.00027	0.00145	-0.00255	0.00127	0.00742	0.00144	-0.00454	0.00598	0.00327	0.00281	0.00102	0.00029	-0.00696	0.00000	-0.00484	0.00266	0.00306	(Inheritance night_crew crew)
p203231	0.01292	-0.00258	-0.01734	-0.01206	0.01145	0.00460	-0.00476	-0.00476	-0.00927	-0.00577	-0.00382	0.01041	-0.00837	-0.00060	-0.00136	-0.00184	0.00705	-0.00052	-0.00416	0.00844	0.00853	0.00268	0.01667	0.00283	-0.00019	-0.00066	-0.00308	-0.00427	0.01015	-0.00751	0.00096	-0.00667	(Inheritance night_delivery delivery)
p203232	0.00261	-0.00057	-0.00315	-0.00782	-0.00583	0.00188	-0.00222	0.00408	-0.00280	0.00108	-0.00484	-0.00111	-0.00349	-0.00610	0.00488	0.00027	0.00145	-0.00255	0.00127	0.00742	0.00144	-0.00454	0.00598	0.00327	0.00281	0.00102	0.00029	-0.00696	0.00000	-0.00484	0.00266	0.00306	(Inheritance regional_unit regional)
p203233	0.00261	-0.00057	-0.00315	-0.00782	-0.00583	0.00188	-0.00222	0.00408	-0.00280	0.00108	-0.00484	-0.00111	-0.00349	-0.00610	0.00488	0.00027	0.00145	-0.00255	0.00127	0.00742	0.00144	-0.00454	0.00598	0.00327	0.00281	0.00102	0.00029	-0.00696	0.00000	-0.00484	0.00266	0.00306	(Inheritance regional_unit unit)
p203234	0.01562	-0.00125	-0.01153	-0.01372	0.00132	0.00149	-0.00871	-0.00222	-0.00615	-0.00613	-0.00563	0.00453	-0.01023	-0.00313	-0.00073	-0.00398	0.00745	-0.00392	-0.00076	0.00432	0.00413	0.00242	0.01371	0.00760	0.00451	-0.00018	0.00088	-0.00357	0.00930	-0.00829	-0.00071	-0.00459	(Inheritance soil_sample sample)
p203235	0.00268	-0.00047	-0.00325	-0.00806	-0.00593	0.00193	-0.00227	0.00416	-0.00281	0.00090	-0.00495	-0.00114	-0.00356	-0.00621	0.00498	0.00025	0.00144	-0.00253	0.00125	0.00755	0.00143	-0.00467	0.00615	0.00346	0.00289	0.00101	0.00029	-0.00703	0.00007	-0.00481	0.00277	0.00323	(Inheritance spoil_mound mound)
p203236	-0.00053	-0.00487	0.00166	-0.00700	-0.00247	0.00521	-0.00288	0.00556	-0.00187	0.00039	-0.00640	0.00477	-0.00610	0.00755	0.00399	-0.00080	0.00168	0.00122	-0.00171	0.00949	0.00200	-0.00207	0.00887	0.00101	-0.00199	0.00094	-0.00334	-0.01376	0.00074	-0.00540	0.00297	-0.00074	(Symmetric Married)
p203258	-0.02865	0.00407	0.03520	-0.05262	-0.06240	0.10515	-0.01294	-0.06150	0.01312	-0.06527	0.08135	-0.10001	-0.06758	0.02174	-0.08622	0.10220	-0.08911	-0.08345	-0.04476	0.06259	0.13403	-0.05448	-0.05317	-0.05013	-0.03483	-0.07491	-0.14027	0.02822	-0.05063	-0.08796	0.06291	0.15567	(And (Agent $e0 $x0) (Location $e0 $x1) (Member $e0 discover) (Theme $e0 $x2))
p203259	-0.02203	0.02572	-0.03554	0.04076	-0.08548	0.09136	-0.09911	-0.01192	0.07211	-0.00923	-0.09852	-0.01366	0.07189	0.01453	0.04767	0.02859	0.09876	-0.03383	0.10176	-0.01860	0.14479	-0.04125	0.07243	-0.06784	-0.05358	0.02132	0.10807	-0.00847	0.01636	-0.07197	-0.01338	-0.13594	(And (Agent $e0 $x0) (Location $e0 eskisehir) (Location $e0 turkey) (Member $e0 build))
p203260	-0.02203	0.02572	-0.03554	0.04076	-0.08548	0.09136	-0.09910	-0.01192	0.07211	-0.00923	-0.09852	-0.01366	0.07189	0.01453	0.04767	0.02859	0.09876	-0.03383	0.10176	-0.01860	0.14479	-0.04125	0.07243	-0.06784	-0.05358	0.02133	0.10808	-0.00847	0.01636	-0.07197	-0.01338	-0.13594	(And (Agent $e0 $x0) (Location $e0 eskisehir) (Location $e0 turkey) (Past $e0))
p203261	-0.02203	0.02572	-0.03554	0.04076	-0.08548	0.09136	-0.09911	-0.01192	0.07211	-0.00923	-0.09852	-0.01366	0.07189	0.01453	0.04767	0.02859	0.09876	-0.03383	0.10176	-0.01860	0.14479	-0.04125	0.07243	-0.06784	-0.05358	0.02132	0.10808	-0.00847	0.01636	-0.07197	-0.01338	-0.13594	(And (Agent $e0 $x0) (Location $e0 eskisehir) (Location $e0 turkey) (Patient $e0 $x1))
p203262	-0.02203	0.02572	-0.03554	0.04076	-0.08548	0.09136	-0.09911	-0.01192	0.07211	-0.00923	-0.09852	-0.01366	0.07189	0.01453	0.04767	0.02859	0.09876	-0.03383	0.10176	-0.01860	0.14479	-0.04125	0.07243	-0.06784	-0.05358	0.02132	0.10808	-0.00847	0.01636	-0.07197	-0.01338	-0.13594	(And (Agent $e0 $x0) (Location $e0 eskisehir) (Member $e0 build) (Past $e0))
p203263	-0.02203	0.02572	-0.03554	0.04076	-0.08548	0.09136	-0.09911	-0.01192	0.07211	-0.00923	-0.09852	-0.01366	0.07189	0.01453	0.04767	0.02859	0.09876	-0.03383	0.10176	-0.01860	0.14479	-0.04125	0.07243	-0.06784	-0.05358	0.02132	0.10807	-0.00847	0.01636	-0.07197	-0.01338	-0.13594	(And (Agent $e0 $x0) (Location $e0 eskisehir) (Member $e0 build) (Patient $e0 $x1))
p203264	-0.02203	0.02572	-0.03554	0.04076	-0.08548	0.09136	-0.09911	-0.01192	0.07211	-0.00923	-0.09852	-0.01366	0.07189	0.01453	0.04767	0.02859	0.09876	-0.03383	0.10176	-0.01860	0.14479	-0.04125	0.07243	-0.06784	-0.05358	0.02132	0.10807	-0.00847	0.01636	-0.07197	-0.01338	-0.13594	(And (Agent $e0 $x0) (Location $e0 eskisehir) (Past $e0) (Patient $e0 $x1))
p203265	-0.02203	0.02572	-0.03554	0.04076	-0.08548	0.09136	-0.09911	-0.01192	0.07211	-0.00923	-0.09852	-0.01366	0.07189	0.01453	0.04767	0.02859	0.09876	-0.03383	0.10176	-0.01860	0.14479	-0.04125	0.07243	-0.06784	-0.05358	0.02132	0.10808	-0.00847	0.01636	-0.07197	-0.01338	-0.13594	(And (Agent $e0 $x0) (Location $e0 kazakhstan) (Member $e0 build) (Past $e0))
p203266	-0.02203	0.02572	-0.03554	0.04076	-0.08548	0.09136	-0.09911	-0.01192	0.07211	-0.00923	-0.09852	-0.01366	0.07189	0.01453	0.04767	0.02859	0.09876	-0.03383	0.10176	-0.01860	0.14479	-0.04125	0.07243	-0.06784	-0.05358	0.02133	0.10808	-0.00847	0.01636	-0.07197	-0.01338	-0.13594	(And (Agent $e0 $x0) (Location $e0 kazakhstan) (Member $e0 build) (Patient $e0 $x1))
p203267	-0.02203	0.02572	-0.03554	0.04076	-0.08548	0.09136	-0.09910	-0.01192	0.07211	-0.00923	-0.09852	-0.01366	0.07189	0.01453	0.04767	0.02859	0.09876	-0.03383	0.10176	-0.01860	0.14479	-0.04125	0.07243	-0.06784	-0.05358	0.02133	0.10808	-0.00847	0.01636	-0.07197	-0.01338	-0.13594	(And (Agent $e0 $x0) (Location $e0 kazakhstan) (Past $e0) (Patient $e0 $x1))
p203268	-0.03360	0.03844	-0.05315	0.06101	-0.12861	0.13685	-0.14851	-0.01806	0.10775	-0.01387	-0.14800	-0.02107	0.10760	0.02148	0.07138	0.04306	0.14734	-0.05096	0.15240	-0.02783	0.21706	-0.06218	0.10833	-0.10193	-0.08050	0.03313	0.16157	-0.01299	0.02566	-0.10815	-0.02036	-0.20386	(And (Agent $e0 $x0) (Location $e0 turkey) (Member $e0 build) (Past $e0))
p203269	-0.03360	0.03844	-0.05315	0.06101	-0.12861	0.13685	-0.14851	-0.01806	0.10775	-0.01387	-0.14800	-0.02107	0.10760	0.02148	0.07138	0.04306	0.14734	-0.05096	0.15240	-0.02783	0.21706	-0.06218	0.10833	-0.10193	-0.08050	0.03313	0.16157	-0.01299	0.02566	-0.10815	-0.02036	-0.20386	(And (Agent $e0 $x0) (Location $e0 turkey) (Member $e0 build) (Patient $e0 $x1))
p203270	-0.03360	0.03844	-0.05315	0.06101	-0.12861	0.13685	-0.14851	-0.01806	0.10775	-0.01387	-0.14800	-0.02107	0.10760	0.02148	0.07138	0.04306	0.14734	-0.05096	0.15240	-0.02783	0.21706	-0.06218	0.10833	-0.10193	-0.08050	0.03313	0.16157	-0.01299	0.02566	-0.10815	-0.02036	-0.20386	(And (Agent $e0 $x0) (Location $e0 turkey) (Past $e0) (Patient $e0 $x1))
p203271	-0.00070	0.04053	-0.01026	-0.00697	-0.00412	0.01215	0.05452	0.01414	-0.01651	-0.00924	0.02983	-0.02584	0.02325	0.01928	0.02588	-0.04852	0.01003	0.01931	0.00745	-0.00590	-0.00589	0.00149	-0.01944	-0.01794	0.01496	-0.01798	-0.03698	0.01226	0.02037	-0.03963	0.04414	-0.01071	(And (Agent $e0 $x0) (Member $e0 acquire) (Past $e0) (Theme $e0 $x1))
p203272	-0.00070	0.04053	-0.01026	-0.00697	-0.00412	0.01215	0.05452	0.01414	-0.01651	-0.00924	0.02983	-0.02584	0.02325	0.01928	0.02588	-0.04852	0.01003	0.01931	0.00745	-0.00590	-0.00589	0.00149	-0.01944	-0.01794	0.01496	-0.01798	-0.03698	0.01226	0.02037	-0.03963	0.04414	-0.01071	(And (Agent $e0 $x0) (Member $e0 purchase) (Past $e0) (Theme $e0 $x1))
p203273	0.05933	0.02112	-0.04587	0.01779	-0.07176	0.08462	0.06860	-0.03669	-0.07794	0.06667	0.14944	0.08158	-0.05931	0.03961	-0.11734	-0.05827	-0.08238	0.07036	-0.06176	-0.00898	0.12921	0.15240	-0.05042	-0.06349	0.10187	-0.05446	0.29297	-0.07935	-0.02922	-0.00310	-0.09601	-0.14786	(And (Agent $e0 $x0) (Member $e0 teach) (Recipient $e0 $x1) (Theme $e0 glazing))
p203274	0.09350	-0.08081	0.01464	-0.01375	0.09306	0.07350	0.06011	0.05349	-0.02813	0.03758	-0.01442	-0.06156	0.07446	0.11501	-0.09018	-0.06742	-0.10670	-0.04603	0.06897	0.03476	-0.17955	-0.03647	0.02371	0.04790	-0.04218	0.15083	0.14383	0.03316	-0.00625	-0.03424	-0.04034	0.11334	(And (Can $e0) (Manner $e0 $x0) (Member $e0 define) (Theme $e0 $x1))
p203275	-0.06033	0.00517	-0.02204	-0.02832	0.01902	-0.14058	0.13797	0.00751	-0.02555	-0.06587	-0.01096	0.11387	-0.06659	0.01728	0.13797	-0.02978	0.16845	-0.07024	-0.06324	-0.00730	0.14222	-0.08525	0.03144	0.13508	0.02009	-0.14059	0.21259	0.08417	-0.01992	0.08129	0.02386	0.16029	(And (For $e0 $e1) (Member $e0 win) (Past $e0) (Theme $e0 $x0))
p203276	-0.02203	0.02572	-0.03554	0.04076	-0.08548	0.09136	-0.09911	-0.01192	0.07211	-0.00923	-0.09852	-0.01366	0.07189	0.01453	0.04767	0.02859	0.09876	-0.03383	0.10176	-0.01860	0.14479	-0.04125	0.07243	-0.06784	-0.05358	0.02132	0.10807	-0.00847	0.01636	-0.07197	-0.01338	-0.13594	(And (Location $e0 eskisehir) (Location $e0 turkey) (Member $e0 build) (Past $e0))
p203277	-0.02203	0.02572	-0.03554	0.04076	-0.08548	0.09136	-0.09911	-0.01192	0.07211	-0.00923	-0.09852	-0.01366	0.07189	0.01453	0.04767	0.02859	0.09876	-0.03383	0.10176	-0.01860	0.14479	-0.04125	0.07243	-0.06784	-0.05358	0.02132	0.10808	-0.00847	0.01636	-0.07197	-0.01338	-0.13594	(And (Location $e0 eskisehir) (Location $e0 turkey) (Member $e0 build) (Patient $e0 $x0))
p203278	-0.02203	0.02572	-0.03554	0.04076	-0.08548	0.09136	-0.09911	-0.01192	0.07211	-0.00923	-0.09852	-0.01366	0.07189	0.01453	0.04767	0.02859	0.09876	-0.03383	0.10176	-0.01860	0.14479	-0.04125	0.07243	-0.06784	-0.05358	0.02132	0.10807	-0.00847	0.01636	-0.07197	-0.01338	-0.13594	(And (Location $e0 eskisehir) (Location $e0 turkey) (Past $e0) (Patient $e0 $x0))
p203279	-0.02203	0.02572	-0.03554	0.04076	-0.08548	0.09136	-0.09911	-0.01192	0.07211	-0.00923	-0.09852	-0.01366	0.07189	0.01453	0.04767	0.02859	0.09876	-0.03383	0.10176	-0.01860	0.14479	-0.04125	0.07243	-0.06784	-0.05358	0.02132	0.10807	-0.00847	0.01636	-0.07197	-0.01338	-0.13594	(And (Location $e0 eskisehir) (Member $e0 build) (Past $e0) (Patient $e0 $x0))
p203280	-0.02203	0.02572	-0.03554	0.04076	-0.08548	0.09136	-0.09911	-0.01192	0.07211	-0.00923	-0.09852	-0.01366	0.07189	0.01453	0.04767	0.02859	0.09876	-0.03383	0.10176	-0.01860	0.14479	-0.04125	0.07243	-0.06784	-0.05358	0.02132	0.10807	-0.00847	0.01636	-0.07197	-0.01338	-0.13594	(And (Location $e0 kazakhstan) (Member $e0 build) (Past $e0) (Patient $e0 $x0))
p203281	-0.03360	0.03844	-0.05315	0.06101	-0.12861	0.13685	-0.14851	-0.01806	0.10775	-0.01387	-0.14800	-0.02107	0.10760	0.02148	0.07138	0.04306	0.14734	-0.05096	0.15240	-0.02783	0.21706	-0.06218	0.10833	-0.10193	-0.08050	0.03313	0.16157	-0.01299	0.02566	-0.10815	-0.02036	-0.20386	(And (Location $e0 turkey) (Member $e0 build) (Past $e0) (Patient $e0 $x0))
p203282	-0.02874	0.00949	0.05629	0.05301	-0.00959	0.00759	0.01168	0.02437	0.00067	0.04237	0.01557	0.00442	-0.01470	0.04235	0.00297	-0.02810	0.01976	0.00467	0.03885	0.01662	0.00065	-0.01552	-0.03199	-0.02551	0.01550	0.01315	-0.02739	-0.02258	-0.01714	-0.03808	0.06624	-0.02017	(And (Member $e0 sell) (Past $e0) (Recipient $e0 $x0) (Theme $e0 $x1))
p203283	0.08008	0.20615	0.01640	-0.04562	0.01688	0.14695	-0.04702	-0.09147	-0.07532	0.04092	-0.03972	0.10598	0.16394	-0.03768	0.02128	0.08981	0.07023	0.10623	-0.04153	-0.04724	-0.06979	-0.07922	-0.08846	0.12191	0.01409	-0.13701	-0.04236	-0.08771	-0.08888	0.02745	-0.06064	0.08906	(And (Member $x0 view) (Possession $x0 free_soil_party) (Possession $x0 republican_party) (Theme $e0 $x0))
p203379	0.02898	-0.01616	0.00681	0.00151	-0.01213	-0.00005	-0.00709	-0.00674	0.00083	-0.01579	-0.00494	-0.00872	-0.00511	-0.00057	0.00849	-0.00302	-0.00162	-0.01987	-0.02039	-0.03992	-0.02405	0.00779	-0.00894	-0.00483	0.00427	-0.00356	0.02486	0.02952	0.01057	-0.00626	-0.02619	-0.00974	(And (Agent $e0 $x0) (Agent $e0 jica) (Theme $e0 $x1))
p203382	-0.02865	0.00407	0.03520	-0.05262	-0.06240	0.10515	-0.01294	-0.06150	0.01312	-0.06527	0.08135	-0.10001	-0.06758	0.02174	-0.08622	0.10220	-0.08911	-0.08345	-0.04476	0.06259	0.13403	-0.05448	-0.05317	-0.05013	-0.03483	-0.07491	-0.14027	0.02822	-0.05063	-0.08796	0.06291	0.15567	(And (Agent $e0 $x0) (Location $e0 $x1) (Member $e0 discover))
p203383	0.10053	0.03904	0.03442	-0.16608	0.17661	-0.05583	-0.06488	0.17705	0.07618	-0.06025	0.17548	-0.00798	0.03914	0.09879	-0.14700	-0.10129	0.10449	-0.00140	-0.09329	-0.14697	0.20691	-0.05826	-0.07221	0.09058	-0.15185	0.13158	-0.18226	-0.08625	0.04313	0.20221	-0.09371	-0.20740	(And (Agent $e0 $x0) (Location $e0 $x1) (Patient $e0 $x2))
p203384	0.10684	0.04239	0.11749	-0.09730	0.06419	-0.02549	-0.06899	0.17531	0.04713	-0.01487	0.08559	-0.06181	-0.06859	0.07290	-0.11095	-0.12874	0.14623	0.07411	-0.08280	-0.06229	0.22532	-0.09837	-0.04812	0.05592	-0.09675	0.12879	-0.12848	-0.05918	0.04393	0.14573	-0.07987	-0.18747	(And (Agent $e0 $x0) (Location $e0 $x1) (Theme $e1 $e0))
p203385	-0.02203	0.02572	-0.03554	0.04076	-0.08548	0.09136	-0.09910	-0.01192	0.07211	-0.00923	-0.09852	-0.01366	0.07189	0.01453	0.04767	0.02859	0.09876	-0.03383	0.10176	-0.01860	0.14479	-0.04125	0.07243	-0.06784	-0.05358	0.02133	0.10808	-0.00847	0.01636	-0.07197	-0.01338	-0.13594	(And (Agent $e0 $x0) (Location $e0 eskisehir) (Location $e0 turkey))
p203386	-0.02203	0.02572	-0.03554	0.04076	-0.08548	0.09136	-0.09911	-0.01192	0.07211	-0.00923	-0.09852	-0.01366	0.07189	0.01453	0.04767	0.02859	0.09876	-0.03383	0.10176	-0.01860	0.14479	-0.04125	0.07243	-0.06784	-0.05358	0.02132	0.10808	-0.00847	0.01636	-0.07197	-0.01338	-0.13594	(And (Agent $e0 $x0) (Location $e0 eskisehir) (Member $e0 build))
p203387	-0.02203	0.02572	-0.03554	0.04076	-0.08548	0.09136	-0.09911	-0.01192	0.07211	-0.00923	-0.09852	-0.01366	0.07189	0.01453	0.04767	0.02859	0.09876	-0.03383	0.10176	-0.01860	0.14479	-0.04125	0.07243	-0.06784	-0.05358	0.02132	0.10807	-0.00847	0.01636	-0.07197	-0.01338	-0.13594	(And (Agent $e0 $x0) (Location $e0 eskisehir) (Past $e0))
p203388	-0.02203	0.02572	-0.03554	0.04076	-0.08548	0.09136	-0.09911	-0.01192	0.07211	-0.00923	-0.09852	-0.01366	0.07189	0.01453	0.04767	0.02859	0.09876	-0.03383	0.10176	-0.01860	0.14479	-0.04125	0.07243	-0.06784	-0.05358	0.02132	0.10807	-0.00847	0.01636	-0.07197	-0.01338	-0.13594	(And (Agent $e0 $x0) (Location $e0 eskisehir) (Patient $e0 $x1))
p203389	-0.02203	0.02572	-0.03554	0.04076	-0.08548	0.09136	-0.09911	-0.01192	0.07211	-0.00923	-0.09852	-0.01366	0.07189	0.01453	0.04767	0.02859	0.09876	-0.03383	0.10176	-0.01860	0.14479	-0.04125	0.07243	-0.06784	-0.05358	0.02132	0.10807	-0.00847	0.01636	-0.07197	-0.01338	-0.13594	(And (Agent $e0 $x0) (Location $e0 kazakhstan) (Member $e0 build))
p203390	-0.02203	0.02572	-0.03554	0.04076	-0.08548	0.09136	-0.09910	-0.01192	0.07211	-0.00923	-0.09852	-0.01366	0.07189	0.01453	0.04767	0.02859	0.09876	-0.03383	0.10176	-0.01860	0.14479	-0.04125	0.07243	-0.06784	-0.05358	0.02133	0.10808	-0.00847	0.01636	-0.07197	-0.01338	-0.13594	(And (Agent $e0 $x0) (Location $e0 kazakhstan) (Past $e0))
p203391	-0.02203	0.02572	-0.03554	0.04076	-0.08548	0.09136	-0.09911	-0.01192	0.07211	-0.00923	-0.09852	-0.01366	0.07189	0.01453	0.04767	0.02859	0.09876	-0.03383	0.10176	-0.01860	0.14479	-0.04125	0.07243	-0.06784	-0.05358	0.02132	0.10808	-0.00847	0.01636	-0.07197	-0.01338	-0.13594	(And (Agent $e0 $x0) (Location $e0 kazakhstan) (Patient $e0 $x1))
p203392	-0.03360	0.03844	-0.05315	0.06101	-0.12861	0.13685	-0.14851	-0.01806	0.10775	-0.01387	-0.14800	-0.02107	0.10760	0.02148	0.07138	0.04306	0.14734	-0.05096	0.15240	-0.02783	0.21706	-0.06218	0.10833	-0.10193	-0.08050	0.03313	0.16157	-0.01299	0.02566	-0.10815	-0.02036	-0.20386	(And (Agent $e0 $x0) (Location $e0 turkey) (Member $e0 build))
p203393	-0.03360	0.03844	-0.05315	0.06101	-0.12861	0.13685	-0.14851	-0.01806	0.10775	-0.01387	-0.14800	-0.02107	0.10760	0.02148	0.07138	0.04306	0.14734	-0.05096	0.15240	-0.02783	0.21706	-0.06218	0.10833	-0.10193	-0.08050	0.03313	0.16157	-0.01299	0.02566	-0.10815	-0.02036	-0.20386	(And (Agent $e0 $x0) (Location $e0 turkey) (Past $e0))
p203394	-0.03360	0.03844	-0.05315	0.06101	-0.12861	0.13685	-0.14851	-0.01806	0.10775	-0.01387	-0.14800	-0.02107	0.10760	0.02148	0.07138	0.04306	0.14734	-0.05096	0.15240	-0.02783	0.21706	-0.06218	0.10833	-0.10193	-0.08050	0.03313	0.16157	-0.01299	0.02566	-0.10815	-0.02036	-0.20386	(And (Agent $e0 $x0) (Location $e0 turkey) (Patient $e0 $x1))
p203395	-0.00070	0.04053	-0.01026	-0.00697	-0.00412	0.01215	0.05452	0.01414	-0.01651	-0.00924	0.02983	-0.02584	0.02325	0.01928	0.02588	-0.04852	0.01003	0.01931	0.00745	-0.00590	-0.00589	0.00149	-0.01944	-0.01794	0.01496	-0.01798	-0.03698	0.01226	0.02037	-0.03963	0.04414	-0.01071	(And (Agent $e0 $x0) (Member $e0 acquire) (Past $e0))
p203396	-0.00070	0.04053	-0.01026	-0.00697	-0.00412	0.01215	0.05452	0.01414	-0.01651	-0.00924	0.02983	-0.02584	0.02325	0.01928	0.02588	-0.04852	0.01003	0.01931	0.00745	-0.00590	-0.00589	0.00149	-0.01944	-0.01794	0.01496	-0.01798	-0.03698	0.01226	0.02037	-0.03963	0.04414	-0.01071	(And (Agent $e0 $x0) (Member $e0 acquire) (Theme $e0 $x1))
p203397	0.01794	-0.00990	0.00183	-0.00288	-0.00010	0.00546	-0.01047	-0.00374	-0.00111	-0.01673	-0.00653	-0.00017	-0.00084	-0.00251	0.00223	-0.00527	-0.00183	-0.01912	-0.01336	-0.03229	-0.01573	0.01005	-0.00406	-0.00433	0.00159	-0.00633	0.01706	0.02769	0.00617	-0.00275	-0.01804	-0.01300	(And (Agent $e0 $x0) (Member $e0 block) (Theme $e0 $x1))
p203398	-0.06156	0.01589	0.05262	0.06018	-0.05289	-0.02175	-0.05352	-0.00419	-0.00702	0.01835	-0.03935	-0.02857	-0.04322	-0.04820	-0.07904	0.00492	0.00359	0.08729	0.07279	0.05102	0.04630	-0.01149	0.01912	0.10127	0.02798	-0.00743	-0.01351	0.04840	0.00582	-0.05844	-0.01843	-0.03581	(And (Agent $e0 $x0) (Member $e0 make) (Patient $e0 $e1))
p203399	0.02736	-0.01527	0.00645	0.00495	-0.00373	-0.00148	-0.00807	-0.01166	0.00045	-0.01379	-0.00271	-0.00783	-0.00579	-0.00070	0.01168	-0.00583	-0.00145	-0.02287	-0.02100	-0.03863	-0.02311	0.00529	-0.01068	-0.00732	0.00266	-0.00285	0.02386	0.02928	0.00567	-0.01014	-0.02239	-0.01102	(And (Agent $e0 $x0) (Member $e0 order) (Theme $e0 $x1))
p203400	-0.00070	0.04053	-0.01026	-0.00697	-0.00412	0.01215	0.05452	0.01414	-0.01651	-0.00924	0.02983	-0.02584	0.02325	0.01928	0.02588	-0.04852	0.01003	0.01931	0.00745	-0.00590	-0.00589	0.00149	-0.01944	-0.01794	0.01496	-0.01798	-0.03698	0.01226	0.02037	-0.03963	0.04414	-0.01071	(And (Agent $e0 $x0) (Member $e0 purchase) (Past $e0))
p203401	-0.00070	0.04053	-0.01026	-0.00697	-0.00412	0.01215	0.05452	0.01414	-0.01651	-0.00924	0.02983	-0.02584	0.02325	0.01928	0.02588	-0.04852	0.01003	0.01931	0.00745	-0.00590	-0.00589	0.00149	-0.01944	-0.01794	0.01496	-0.01798	-0.03698	0.01226	0.02037	-0.03963	0.04414	-0.01071	(And (Agent $e0 $x0) (Member $e0 purchase) (Theme $e0 $x1))
p203402	-0.04401	0.03396	0.08519	0.06319	-0.06847	-0.02090	-0.06853	0.02061	-0.01028	0.02114	-0.04001	-0.05234	-0.05994	-0.04956	-0.08015	-0.01206	0.01518	0.10302	0.06893	0.06304	0.04992	-0.02279	0.02336	0.11121	0.02607	0.01361	-0.01284	0.04612	0.01607	-0.04407	-0.02911	-0.04540	(And (Agent $e0 $x0) (Member $e0 reach) (Theme $e0 $e1))
p203403	0.02079	0.01851	-0.01423	0.01630	0.02149	-0.01711	-0.01456	-0.01913	-0.01298	0.00811	0.02263	-0.01253	-0.01312	-0.01224	0.01123	-0.01601	0.01600	-0.02408	0.00601	-0.00265	0.00814	-0.00504	-0.01732	0.01146	0.01133	0.01588	-0.00083	0.00919	-0.00376	-0.00321	0.00216	-0.00709	(And (Agent $e0 $x0) (Member $e0 sign) (Patient $e0 $x1))
p203404	0.05933	0.02112	-0.04587	0.01779	-0.07176	0.08462	0.06860	-0.03669	-0.07794	0.06667	0.14944	0.08158	-0.05931	0.03961	-0.11734	-0.05827	-0.08238	0.07036	-0.06176	-0.00898	0.12921	0.15240	-0.05042	-0.06349	0.10187	-0.05446	0.29296	-0.07935	-0.02922	-0.00310	-0.09601	-0.14786	(And (Agent $e0 $x0) (Member $e0 teach) (Theme $e0 glazing))
p203407	0.05933	0.02112	-0.04587	0.01779	-0.07176	0.08462	0.06860	-0.03669	-0.07794	0.06667	0.14944	0.08158	-0.05931	0.03961	-0.11734	-0.05827	-0.08239	0.07036	-0.06176	-0.00898	0.12921	0.15240	-0.05042	-0.06349	0.10187	-0.05446	0.29296	-0.07935	-0.02922	-0.00310	-0.09601	-0.14786	(And (Agent $e0 $x0) (Recipient $e0 $x1) (Theme $e0 glazing))
p203408	0.09350	-0.08081	0.01464	-0.01375	0.09306	0.07350	0.06011	0.05349	-0.02813	0.03758	-0.01442	-0.06156	0.07446	0.11501	-0.09018	-0.06742	-0.10670	-0.04603	0.06897	0.03476	-0.17955	-0.03647	0.02371	0.04790	-0.04218	0.15083	0.14383	0.03316	-0.00625	-0.03424	-0.04034	0.11334	(And (Can $e0) (Manner $e0 $x0) (Member $e0 define))
p203409	0.09350	-0.08081	0.01464	-0.01375	0.09306	0.07350	0.06011	0.05349	-0.02813	0.03758	-0.01442	-0.06156	0.07446	0.11501	-0.09018	-0.06742	-0.10670	-0.04603	0.06897	0.03476	-0.17955	-0.03647	0.02371	0.04790	-0.04218	0.15083	0.14383	0.03316	-0.00625	-0.03424	-0.04034	0.11334	(And (Can $e0) (Manner $e0 $x0) (Theme $e0 $x1))
p203410	0.09350	-0.08081	0.01464	-0.01375	0.09306	0.07350	0.06011	0.05349	-0.02813	0.03758	-0.01442	-0.06156	0.07446	0.11501	-0.09018	-0.06742	-0.10670	-0.04603	0.06897	0.03476	-0.17955	-0.03647	0.02371	0.04790	-0.04218	0.15083	0.14383	0.03316	-0.00625	-0.03424	-0.04034	0.11334	(And (Can $e0) (Member $e0 define) (Theme $e0 $x0))
p203411	-0.02706	-0.05285	-0.14363	-0.06231	-0.02109	0.01166	-0.12186	0.06191	-0.02742	0.07677	-0.06284	0.05126	0.07811	-0.03355	-0.13359	0.05608	0.02094	-0.02791	0.06945	-0.16548	0.07167	0.17692	-0.06213	0.08825	-0.10365	-0.02795	-0.00672	0.05205	-0.02593	0.04162	0.21524	-0.06628	(And (Cardinality $x0 <num>) (GroupOf $x0 child) (Theme $e0 $x0))
p203412	-0.00816	-0.00289	-0.00542	-0.01673	-0.00413	-0.01291	-0.00338	0.01149	0.06081	-0.01208	0.02610	0.00204	0.03434	-0.01390	0.01747	-0.01708	-0.01131	0.02027	0.00179	-0.00284	-0.01662	-0.01035	-0.00684	-0.01006	-0.01661	-0.01499	0.01401	0.01163	-0.01810	0.00963	-0.00825	0.00922	(And (Experiencer $e0 $x0) (Location $e0 $x1) (Member $e0 locate))
p203413	-0.06033	0.00517	-0.02204	-0.02832	0.01902	-0.14058	0.13797	0.00751	-0.02555	-0.06587	-0.01096	0.11387	-0.06659	0.01728	0.13797	-0.02978	0.16845	-0.07024	-0.06324	-0.00730	0.14222	-0.08525	0.03144	0.13508	0.02009	-0.14059	0.21259	0.08417	-0.01992	0.08129	0.02386	0.16029	(And (For $e0 $e1) (Member $e0 win) (Past $e0))
p203414	-0.06033	0.00517	-0.02204	-0.02832	0.01902	-0.14058	0.13797	0.00751	-0.02555	-0.06587	-0.01096	0.11387	-0.06659	0.01728	0.13797	-0.02978	0.16845	-0.07024	-0.06324	-0.00730	0.14222	-0.08525	0.03144	0.13508	0.02009	-0.14059	0.21259	0.08417	-0.01992	0.08129	0.02386	0.16029	(And (For $e0 $e1) (Member $e0 win) (Theme $e0 $x0))
p203415	-0.06033	0.00517	-0.02204	-0.02832	0.01902	-0.14058	0.13797	0.00751	-0.02555	-0.06587	-0.01096	0.11387	-0.06659	0.01728	0.13797	-0.02978	0.16845	-0.07024	-0.06324	-0.00730	0.14222	-0.08525	0.03144	0.13508	0.02009	-0.14059	0.21259	0.08417	-0.01992	0.08129	0.02386	0.16029	(And (For $e0 $e1) (Past $e0) (Theme $e0 $x0))
p203416	-0.03794	-0.04118	-0.03197	0.03899	0.02902	-0.00472	0.11515	0.04998	-0.03566	0.04818	-0.01847	-0.07280	0.04522	-0.01345	-0.08897	0.05031	0.12494	-0.02061	-0.02869	-0.02770	-0.03761	-0.05283	-0.09375	-0.09858	0.00745	-0.05867	-0.06301	-0.05152	-0.00215	0.04251	-0.04039	-0.02213	(And (Future $e0) (Patient $e0 $x0) (Time $e0 (Month september)))
p203417	-0.00708	0.00723	0.01704	0.00283	-0.01686	-0.02120	-0.01277	0.01776	-0.01365	0.02444	-0.00596	0.00776	0.01184	-0.00618	-0.00784	0.02856	-0.00478	-0.01216	-0.00042	-0.02675	0.01203	0.02455	-0.00945	-0.00149	-0.00861	0.02489	0.00327	0.02101	-0.01763	-0.00105	0.00793	-0.01580	(And (Holder $e0 $x0) (Member $e0 have) (Theme $e0 $x1))
p203418	-0.02706	-0.05285	-0.14363	-0.06231	-0.02109	0.01166	-0.12186	0.06191	-0.02742	0.07677	-0.06284	0.05126	0.07811	-0.03355	-0.13359	0.05608	0.02094	-0.02791	0.06945	-0.16548	0.07167	0.17692	-0.06213	0.08825	-0.10365	-0.02795	-0.00672	0.05205	-0.02593	0.04162	0.21524	-0.06628	(And (Holder $e0 kristoffer) (Member $e0 have) (Theme $e0 $x0))
p203419	-0.02865	0.00407	0.03520	-0.05262	-0.06240	0.10515	-0.01294	-0.06150	0.01312	-0.06527	0.08135	-0.10001	-0.06758	0.02174	-0.08622	0.10220	-0.08911	-0.08345	-0.04476	0.06259	0.13403	-0.05448	-0.05317	-0.05013	-0.03483	-0.07491	-0.14027	0.02822	-0.05063	-0.08796	0.06291	0.15567	(And (Location $e0 $x0) (Member $e0 discover) (Theme $e0 $x1))
p203420	-0.02203	0.02572	-0.03554	0.04076	-0.08548	0.09136	-0.09910	-0.01192	0.07211	-0.00923	-0.09852	-0.01366	0.07189	0.01453	0.04767	0.02859	0.09876	-0.03383	0.10176	-0.01860	0.14479	-0.04125	0.07243	-0.06784	-0.05358	0.02133	0.10808	-0.00847	0.01636	-0.07197	-0.01338	-0.13594	(And (Location $e0 eskisehir) (Location $e0 turkey) (Member $e0 build))
p203421	-0.02203	0.02572	-0.03554	0.04076	-0.08548	0.09136	-0.09911	-0.01192	0.07211	-0.00923	-0.09852	-0.01366	0.07189	0.01453	0.04767	0.02859	0.09876	-0.03383	0.10176	-0.01860	0.14479	-0.04125	0.07243	-0.06784	-0.05358	0.02132	0.10808	-0.00847	0.01636	-0.07197	-0.01338	-0.13594	(And (Location $e0 eskisehir) (Location $e0 turkey) (Past $e0))
p203422	-0.02203	0.02572	-0.03554	0.04076	-0.08548	0.09136	-0.09911	-0.01192	0.07211	-0.00923	-0.09852	-0.01366	0.07189	0.01453	0.04767	0.02859	0.09876	-0.03383	0.10176	-0.01860	0.14479	-0.04125	0.07243	-0.06784	-0.05358	0.02133	0.10808	-0.00847	0.01636	-0.07197	-0.01338	-0.13594	(And (Location $e0 eskisehir) (Location $e0 turkey) (Patient $e0 $x0))
p203423	-0.02203	0.02572	-0.03554	0.04076	-0.08548	0.09136	-0.09911	-0.01192	0.07211	-0.00923	-0.09852	-0.01366	0.07189	0.01453	0.04767	0.02859	0.09876	-0.03383	0.10176	-0.01860	0.14479	-0.04125	0.07243	-0.06784	-0.05358	0.02132	0.10807	-0.00847	0.01636	-0.07197	-0.01338	-0.13594	(And (Location $e0 eskisehir) (Member $e0 build) (Past $e0))
p203424	-0.02203	0.02572	-0.03554	0.04076	-0.08548	0.09136	-0.09911	-0.01192	0.07211	-0.00923	-0.09852	-0.01366	0.07189	0.01453	0.04767	0.02859	0.09876	-0.03383	0.10176	-0.01860	0.14479	-0.04125	0.07243	-0.06784	-0.05358	0.02132	0.10808	-0.00847	0.01636	-0.07197	-0.01338	-0.13594	(And (Location $e0 eskisehir) (Member $e0 build) (Patient $e0 $x0))
p203425	-0.02203	0.02572	-0.03554	0.04076	-0.08548	0.09136	-0.09911	-0.01192	0.07211	-0.00923	-0.09852	-0.01366	0.07189	0.01453	0.04767	0.02859	0.09876	-0.03383	0.10176	-0.01860	0.14479	-0.04125	0.07243	-0.06784	-0.05358	0.02132	0.10807	-0.00847	0.01636	-0.07197	-0.01338	-0.13594	(And (Location $e0 eskisehir) (Past $e0) (Patient $e0 $x0))
p203426	-0.02203	0.02572	-0.03554	0.04076	-0.08548	0.09136	-0.09911	-0.01192	0.07211	-0.00923	-0.09852	-0.01366	0.07189	0.01453	0.04767	0.02859	0.09876	-0.03383	0.10176	-0.01860	0.14479	-0.04125	0.07243	-0.06784	-0.05358	0.02132	0.10808	-0.00847	0.01636	-0.07197	-0.01338	-0.13594	(And (Location $e0 kazakhstan) (Member $e0 build) (Past $e0))
p203427	-0.02203	0.02572	-0.03554	0.04076	-0.08548	0.09136	-0.09910	-0.01192	0.07211	-0.00923	-0.09852	-0.01366	0.07189	0.01453	0.04767	0.02859	0.09876	-0.03383	0.10176	-0.01860	0.14479	-0.04125	0.07243	-0.06784	-0.05358	0.02133	0.10808	-0.00847	0.01636	-0.07197	-0.01338	-0.13594	(And (Location $e0 kazakhstan) (Member $e0 build) (Patient $e0 $x0))
p203428	-0.02203	0.02572	-0.03554	0.04076	-0.08548	0.09136	-0.09911	-0.01192	0.07211	-0.00923	-0.09852	-0.01366	0.07189	0.01453	0.04767	0.02859	0.09876	-0.03383	0.10176	-0.01860	0.14479	-0.04125	0.07243	-0.06784	-0.05358	0.02132	0.10808	-0.00847	0.01636	-0.07197	-0.01338	-0.13594	(And (Location $e0 kazakhstan) (Past $e0) (Patient $e0 $x0))
p203429	-0.03360	0.03843	-0.05315	0.06101	-0.12861	0.13685	-0.14851	-0.01806	0.10774	-0.01387	-0.14800	-0.02107	0.10760	0.02148	0.07138	0.04306	0.14734	-0.05096	0.15240	-0.02783	0.21706	-0.06218	0.10833	-0.10193	-0.08050	0.03313	0.16157	-0.01299	0.02566	-0.10815	-0.02036	-0.20386	(And (Location $e0 turkey) (Member $e0 build) (Past $e0))
p203430	-0.03360	0.03844	-0.05315	0.06101	-0.12861	0.13685	-0.14851	-0.01806	0.10775	-0.01387	-0.14800	-0.02107	0.10760	0.02148	0.07138	0.04306	0.14734	-0.05096	0.15240	-0.02783	0.21706	-0.06218	0.10833	-0.10193	-0.08050	0.03313	0.16157	-0.01299	0.02566	-0.10815	-0.02036	-0.20386	(And (Location $e0 turkey) (Member $e0 build) (Patient $e0 $x0))
p203431	-0.03360	0.03844	-0.05315	0.06101	-0.12861	0.13685	-0.14851	-0.01806	0.10775	-0.01387	-0.14800	-0.02107	0.10760	0.02148	0.07138	0.04306	0.14734	-0.05096	0.15240	-0.02783	0.21706	-0.06218	0.10833	-0.10193	-0.08050	0.03313	0.16157	-0.01299	0.02566	-0.10815	-0.02036	-0.20386	(And (Location $e0 turkey) (Past $e0) (Patient $e0 $x0))
p203432	0.09350	-0.08081	0.01464	-0.01375	0.09306	0.07350	0.06011	0.05349	-0.02813	0.03758	-0.01442	-0.06156	0.07446	0.11501	-0.09018	-0.06742	-0.10670	-0.04603	0.06897	0.03476	-0.17955	-0.03647	0.02371	0.04790	-0.04218	0.15083	0.14383	0.03316	-0.00625	-0.03424	-0.04034	0.11334	(And (Manner $e0 $x0) (Member $e0 define) (Theme $e0 $x1))
p203433	-0.00070	0.04053	-0.01026	-0.00697	-0.00412	0.01215	0.05452	0.01414	-0.01651	-0.00924	0.02983	-0.02584	0.02325	0.01928	0.02588	-0.04852	0.01003	0.01931	0.00745	-0.00590	-0.00589	0.00149	-0.01944	-0.01794	0.01496	-0.01798	-0.03698	0.01226	0.02037	-0.03963	0.04414	-0.01071	(And (Member $e0 acquire) (Past $e0) (Theme $e0 $x0))
p203434	-0.00404	0.01738	-0.01760	0.01937	-0.02478	-0.02165	-0.02509	-0.02845	0.06414	-0.03327	0.02540	-0.02748	0.04043	-0.00922	0.03325	-0.03771	-0.03846	0.05156	-0.01450	0.03108	-0.04885	0.04770	0.00921	0.01303	-0.03362	-0.03097	0.06761	0.05239	-0.02578	0.05608	-0.01690	0.01489	(And (Member $e0 become) (Past $e0) (Result $e0 $e1))
p203435	0.02421	0.00744	-0.00601	0.04531	-0.03736	-0.00260	-0.00734	-0.07355	-0.01583	-0.07265	-0.04387	-0.05384	0.00161	0.01923	0.02267	0.00603	-0.05087	-0.02160	-0.04720	0.05459	-0.03446	0.09478	-0.01951	0.06979	-0.03388	-0.00755	0.02077	0.00538	0.00557	0.06948	-0.03287	0.01675	(And (Member $e0 design) (Past $e0) (Patient $e0 $x0))
p203436	0.01763	0.00957	-0.00970	0.05227	-0.04519	-0.01439	-0.00629	-0.09253	-0.01982	-0.08962	-0.04822	-0.07352	0.02883	0.00684	0.02254	0.01030	-0.07221	-0.02443	-0.05434	0.05944	-0.04388	0.13221	-0.03931	0.07731	-0.04252	-0.00369	0.01943	0.01324	0.00333	0.08757	-0.04033	0.02166	(And (Member $e0 produce) (Past $e0) (Patient $e0 $x0))
p203437	-0.00070	0.04053	-0.01026	-0.00697	-0.00412	0.01215	0.05452	0.01414	-0.01651	-0.00924	0.02983	-0.02584	0.02325	0.01928	0.02588	-0.04852	0.01003	0.01931	0.00745	-0.00590	-0.00589	0.00149	-0.01944	-0.01794	0.01496	-0.01798	-0.03698	0.01226	0.02037	-0.03963	0.04414	-0.01071	(And (Member $e0 purchase) (Past $e0) (Theme $e0 $x0))
p203438	-0.02874	0.00949	0.05629	0.05301	-0.00959	0.00759	0.01168	0.02437	0.00067	0.04237	0.01557	0.00442	-0.01470	0.04235	0.00297	-0.02810	0.01976	0.00467	0.03885	0.01662	0.00065	-0.01552	-0.03199	-0.02551	0.01550	0.01315	-0.02739	-0.02258	-0.01714	-0.03808	0.06624	-0.02017	(And (Member $e0 sell) (Past $e0) (Recipient $e0 $x0))
p203439	-0.02874	0.00949	0.05629	0.05301	-0.00959	0.00759	0.01168	0.02437	0.00067	0.04237	0.01557	0.00442	-0.01470	0.04235	0.00297	-0.02810	0.01976	0.00467	0.03885	0.01662	0.00065	-0.01552	-0.03199	-0.02551	0.01550	0.01315	-0.02739	-0.02258	-0.01714	-0.03808	0.06624	-0.02017	(And (Member $e0 sell) (Past $e0) (Theme $e0 $x0))
p203440	-0.02874	0.00949	0.05629	0.05301	-0.00959	0.00759	0.01168	0.02437	0.00067	0.04237	0.01557	0.00442	-0.01470	0.04235	0.00297	-0.02810	0.01976	0.00467	0.03885	0.01662	0.00065	-0.01552	-0.03199	-0.02551	0.01550	0.01315	-0.02739	-0.02258	-0.01714	-0.03808	0.06624	-0.02017	(And (Member $e0 sell) (Recipient $e0 $x0) (Theme $e0 $x1))
p203441	0.05933	0.02112	-0.04587	0.01779	-0.07176	0.08462	0.06860	-0.03669	-0.07794	0.06667	0.14944	0.08158	-0.05931	0.03961	-0.11734	-0.05827	-0.08238	0.07036	-0.06176	-0.00898	0.12921	0.15240	-0.05042	-0.06349	0.10187	-0.05446	0.29296	-0.07935	-0.02922	-0.00310	-0.09601	-0.14786	(And (Member $e0 teach) (Recipient $e0 $x0) (Theme $e0 glazing))
p203442	-0.06033	0.00517	-0.02204	-0.02832	0.01902	-0.14058	0.13797	0.00751	-0.02555	-0.06587	-0.01096	0.11387	-0.06659	0.01728	0.13797	-0.02978	0.16845	-0.07024	-0.06324	-0.00730	0.14222	-0.08525	0.03144	0.13508	0.02009	-0.14059	0.21259	0.08417	-0.01992	0.08129	0.02386	0.16029	(And (Member $e0 win) (Past $e0) (Theme $e0 $x0))
p203443	0.12275	-0.01835	0.01936	0.11293	0.00676	0.11739	-0.13333	0.12622	-0.06708	0.05262	0.12218	0.06027	-0.06098	0.03175	0.02937	0.12822	0.14780	0.03451	-0.05411	0.07208	-0.15222	0.08377	0.15661	-0.01823	-0.11576	-0.07479	0.05157	0.02912	0.15748	0.14210	0.08194	0.06801	(And (Member $x0 file) (Member $x0 missing) (Theme $e0 $x0))
p203444	-0.03703	-0.04761	-0.04798	-0.10167	0.01771	-0.05485	-0.04412	-0.06582	-0.01114	0.15439	0.05692	-0.15135	-0.08740	0.08756	0.02977	0.11966	-0.02132	0.08500	0.10181	-0.09048	-0.02092	-0.07899	0.15609	0.00814	0.11377	-0.05975	-0.01260	0.07713	-0.13667	0.10246	-0.03164	-0.03140	(And (Member $x0 gearbox) (Member $x0 seized) (Patient $e0 $x0))
p203445	-0.05482	0.01080	0.03111	0.05484	-0.01163	-0.00995	-0.02420	-0.00374	-0.01383	-0.00036	-0.03126	-0.01220	-0.02075	-0.03408	-0.06846	0.00888	0.00039	0.08307	0.02783	0.04566	0.03889	-0.02275	0.02720	0.06938	0.00720	-0.01073	-0.01792	0.04874	0.01021	-0.04131	-0.02779	-0.03985	(And (Member $x0 new) (Member $x0 roof) (Theme $e0 $x0))
p203447	-0.11895	-0.06425	-0.05863	-0.05118	-0.07180	0.06706	0.05292	-0.09005	-0.05378	0.09354	-0.04141	0.02151	-0.05242	-0.05894	0.05321	-0.10270	-0.12913	0.10995	0.05509	-0.03735	0.11367	-0.01662	-0.07518	-0.04976	-0.07943	0.17260	-0.10506	-0.03716	0.15457	0.13807	-0.03528	0.16472	(And (Member $x0 tender) (Possession $x0 $x1) (Theme $e0 $x0))
p203448	0.08008	0.20615	0.01640	-0.04562	0.01688	0.14695	-0.04702	-0.09147	-0.07532	0.04092	-0.03972	0.10598	0.16394	-0.03768	0.02128	0.08981	0.07023	0.10623	-0.04153	-0.04724	-0.06979	-0.07922	-0.08846	0.12191	0.01409	-0.13701	-0.04236	-0.08771	-0.08888	0.02745	-0.06064	0.08906	(And (Member $x0 view) (Possession $x0 free_soil_party) (Possession $x0 republican_party))
p203449	0.08008	0.20615	0.01640	-0.04562	0.01688	0.14695	-0.04702	-0.09147	-0.07532	0.04092	-0.03972	0.10598	0.16394	-0.03768	0.02128	0.08981	0.07023	0.10623	-0.04153	-0.04724	-0.06979	-0.07922	-0.08846	0.12191	0.01409	-0.13701	-0.04236	-0.08771	-0.08888	0.02745	-0.06064	0.08906	(And (Member $x0 view) (Possession $x0 free_soil_party) (Theme $e0 $x0))
p203450	0.08008	0.20615	0.01640	-0.04562	0.01688	0.14695	-0.04702	-0.09147	-0.07532	0.04092	-0.03972	0.10598	0.16394	-0.03768	0.02128	0.08981	0.07023	0.10623	-0.04153	-0.04724	-0.06979	-0.07922	-0.08846	0.12191	0.01409	-0.13701	-0.04236	-0.08771	-0.08888	0.02745	-0.06064	0.08906	(And (Member $x0 view) (Possession $x0 republican_party) (Theme $e0 $x0))
p203451	-0.02874	0.00949	0.05629	0.05301	-0.00959	0.00759	0.01168	0.02437	0.00067	0.04237	0.01557	0.00442	-0.01470	0.04235	0.00297	-0.02810	0.01976	0.00467	0.03885	0.01662	0.00065	-0.01552	-0.03199	-0.02551	0.01550	0.01315	-0.02739	-0.02258	-0.01714	-0.03808	0.06624	-0.02017	(And (Past $e0) (Recipient $e0 $x0) (Theme $e0 $x1))
p203452	0.00165	0.00174	-0.00589	0.01705	-0.00573	-0.00653	0.00710	-0.00409	-0.00855	0.01214	-0.00831	-0.03846	0.00436	-0.02181	-0.00025	-0.00239	0.02106	-0.01277	-0.00294	0.00417	-0.00458	-0.00946	-0.03747	-0.00128	0.00568	-0.00540	-0.00539	-0.00364	-0.00307	0.00822	-0.00611	0.00143	(And (Patient $e0 $x0) (Time $e0 (Weekday monday)) (Time $e0 morning))
p203453	0.08008	0.20615	0.01640	-0.04562	0.01688	0.14695	-0.04702	-0.09147	-0.07532	0.04092	-0.03972	0.10598	0.16394	-0.03768	0.02128	0.08981	0.07023	0.10623	-0.04153	-0.04724	-0.06979	-0.07922	-0.08846	0.12191	0.01409	-0.13701	-0.04236	-0.08771	-0.08888	0.02745	-0.06064	0.08906	(And (Possession $x0 free_soil_party) (Possession $x0 republican_party) (Theme $e0 $x0))
p203611	0.02899	-0.01616	0.00681	0.00151	-0.01213	-0.00006	-0.00711	-0.00674	0.00082	-0.01580	-0.00495	-0.00871	-0.00512	-0.00057	0.00851	-0.00303	-0.00163	-0.01987	-0.02040	-0.03991	-0.02406	0.00779	-0.00894	-0.00482	0.00427	-0.00356	0.02486	0.02952	0.01057	-0.00626	-0.02619	-0.00975	(And (Agent $e0 $x0) (Agent $e0 jica))
p203612	0.01536	-0.02057	-0.05061	-0.03430	0.01084	0.01411	-0.03562	0.01736	0.00273	-0.01778	-0.03306	0.02020	0.00615	-0.01102	-0.02427	0.00620	0.00525	-0.01993	0.01213	-0.03691	0.02789	0.04066	0.00036	0.03238	-0.01039	0.00286	-0.00707	0.01657	-0.00790	-0.00081	0.04155	-0.02676	(And (Agent $e0 $x0) (GroupOf $x0 child))
p203613	-0.02203	0.02572	-0.03554	0.04076	-0.08548	0.09136	-0.09910	-0.01192	0.07211	-0.00923	-0.09852	-0.01366	0.07189	0.01453	0.04767	0.02859	0.09876	-0.03383	0.10176	-0.01860	0.14479	-0.04125	0.07243	-0.06784	-0.05358	0.02132	0.10808	-0.00847	0.01636	-0.07197	-0.01338	-0.13594	(And (Agent $e0 $x0) (Location $e0 eskisehir))
p203614	-0.02203	0.02572	-0.03554	0.04076	-0.08548	0.09136	-0.09911	-0.01192	0.07211	-0.00923	-0.09852	-0.01366	0.07189	0.01453	0.04767	0.02859	0.09876	-0.03383	0.10176	-0.01860	0.14479	-0.04125	0.07243	-0.06784	-0.05358	0.02132	0.10808	-0.00847	0.01636	-0.07197	-0.01338	-0.13594	(And (Agent $e0 $x0) (Location $e0 kazakhstan))
p203615	-0.03360	0.03844	-0.05315	0.06101	-0.12861	0.13685	-0.14851	-0.01806	0.10775	-0.01387	-0.14800	-0.02107	0.10760	0.02148	0.07138	0.04306	0.14734	-0.05096	0.15240	-0.02783	0.21706	-0.06218	0.10833	-0.10193	-0.08050	0.03313	0.16157	-0.01299	0.02566	-0.10815	-0.02036	-0.20386	(And (Agent $e0 $x0) (Location $e0 turkey))
p203616	-0.00070	0.04053	-0.01026	-0.00697	-0.00412	0.01215	0.05452	0.01414	-0.01651	-0.00924	0.02983	-0.02584	0.02325	0.01928	0.02588	-0.04852	0.01003	0.01931	0.00745	-0.00590	-0.00589	0.00149	-0.01944	-0.01794	0.01496	-0.01798	-0.03698	0.01226	0.02037	-0.03963	0.04414	-0.01071	(And (Agent $e0 $x0) (Member $e0 acquire))
p203617	0.01629	-0.01010	-0.02146	-0.01852	0.02302	0.00563	0.00002	-0.00955	-0.00257	-0.01089	0.00096	0.01680	-0.00520	0.00416	-0.00416	-0.00282	0.00912	0.00066	-0.00692	0.00607	0.01831	0.00678	0.01382	-0.00011	-0.00836	-0.00330	-0.00887	-0.00367	0.01087	-0.01106	-0.00151	-0.01427	(And (Agent $e0 $x0) (Member $e0 allow))
p203618	0.01793	-0.00992	0.00182	-0.00289	-0.00011	0.00545	-0.01047	-0.00375	-0.00112	-0.01674	-0.00654	-0.00018	-0.00085	-0.00252	0.00221	-0.00529	-0.00184	-0.01913	-0.01337	-0.03230	-0.01574	0.01004	-0.00408	-0.00434	0.00158	-0.00634	0.01704	0.02768	0.00616	-0.00276	-0.01806	-0.01301	(And (Agent $e0 $x0) (Member $e0 block))
p203619	-0.06156	0.01589	0.05262	0.06018	-0.05288	-0.02175	-0.05352	-0.00419	-0.00702	0.01835	-0.03935	-0.02857	-0.04322	-0.04820	-0.07904	0.00492	0.00359	0.08729	0.07279	0.05102	0.04630	-0.01149	0.01912	0.10127	0.02798	-0.00743	-0.01351	0.04840	0.00582	-0.05844	-0.01843	-0.03581	(And (Agent $e0 $x0) (Member $e0 make))
p203620	0.02779	-0.01482	0.00687	0.00537	-0.00331	-0.00108	-0.00768	-0.01121	0.00091	-0.01337	-0.00232	-0.00740	-0.00540	-0.00030	0.01211	-0.00534	-0.00105	-0.02249	-0.02054	-0.03822	-0.02273	0.00568	-0.01027	-0.00692	0.00307	-0.00243	0.02429	0.02970	0.00607	-0.00971	-0.02192	-0.01056	(And (Agent $e0 $x0) (Member $e0 order))
p203621	-0.00070	0.04053	-0.01026	-0.00697	-0.00412	0.01215	0.05452	0.01414	-0.01651	-0.00924	0.02983	-0.02584	0.02325	0.01928	0.02588	-0.04852	0.01003	0.01931	0.00745	-0.00590	-0.00589	0.00149	-0.01944	-0.01794	0.01496	-0.01798	-0.03698	0.01226	0.02037	-0.03963	0.04414	-0.01071	(And (Agent $e0 $x0) (Member $e0 purchase))
p203622	-0.04401	0.03396	0.08519	0.06319	-0.06847	-0.02090	-0.06853	0.02061	-0.01028	0.02114	-0.04001	-0.05234	-0.05994	-0.04956	-0.08015	-0.01206	0.01518	0.10302	0.06893	0.06304	0.04992	-0.02279	0.02336	0.11121	0.02607	0.01361	-0.01284	0.04612	0.01607	-0.04407	-0.02911	-0.04540	(And (Agent $e0 $x0) (Member $e0 reach))
p203623	0.02079	0.01851	-0.01423	0.01630	0.02149	-0.01711	-0.01456	-0.01913	-0.01298	0.00811	0.02263	-0.01253	-0.01312	-0.01224	0.01123	-0.01601	0.01600	-0.02408	0.00601	-0.00265	0.00814	-0.00504	-0.01732	0.01146	0.01133	0.01588	-0.00083	0.00919	-0.00376	-0.00321	0.00216	-0.00709	(And (Agent $e0 $x0) (Member $e0 sign))
p203624	-0.03387	0.03379	0.01626	-0.03616	0.02383	-0.09553	-0.09426	-0.01683	0.06017	-0.01953	-0.06032	-0.02801	-0.07085	-0.09112	-0.07090	0.06761	0.06702	0.01887	-0.04129	0.01328	-0.18113	0.06411	-0.01840	-0.03838	0.04070	0.06099	0.12242	-0.02609	0.01871	-0.02465	0.05679	0.13052	(And (Agent $e0 $x0) (Member $e0 sing))
p203625	0.01390	0.00581	-0.00239	0.02041	0.02855	-0.00493	-0.01109	-0.02484	-0.00715	0.00444	0.01242	0.00389	-0.00749	-0.00170	0.01624	-0.01388	0.00288	-0.01721	-0.00317	-0.01405	-0.00074	-0.00437	-0.01026	-0.00887	-0.00415	0.00715	0.00729	0.02153	-0.00699	-0.01417	0.01059	-0.01066	(And (Agent $e0 $x0) (Member $x0 airline))
p203626	0.05565	-0.08106	0.05655	0.00247	0.04391	-0.04500	0.14439	-0.08376	0.04221	0.05675	-0.06148	0.04880	-0.02246	0.04187	0.05592	0.12157	0.05654	0.03633	0.11772	0.04777	0.01195	0.11806	-0.05567	0.03699	-0.04223	-0.06845	-0.05192	-0.00746	0.08930	-0.06256	-0.04214	-0.01376	(And (Agent $e0 $x0) (Member $x0 biologist))
p203627	0.07737	0.20431	-0.11577	-0.05062	-0.09320	-0.04863	0.10251	0.06781	-0.08719	-0.06624	-0.02215	-0.08674	0.03730	0.11269	0.02107	-0.05821	-0.04577	0.10882	0.10736	0.05739	0.00745	-0.00687	-0.08230	-0.08490	0.01854	-0.08249	-0.04672	0.11591	0.09281	-0.03208	0.12732	-0.01325	(And (Agent $e0 $x0) (Member $x0 chef))
p203628	0.01527	-0.01900	-0.00312	-0.00201	0.02183	-0.00087	0.00419	-0.02038	0.00151	-0.00497	-0.00692	0.01219	0.02191	0.01651	0.00211	0.00343	-0.00595	-0.01945	-0.03925	-0.00690	-0.00925	-0.00901	0.01208	-0.01907	0.01155	-0.01284	0.00860	0.02393	0.02695	0.01399	-0.01101	-0.01587	(And (Agent $e0 $x0) (Member $x0 clerk))
p203629	-0.05482	0.01080	0.03111	0.05484	-0.01163	-0.00995	-0.02420	-0.00374	-0.01383	-0.00036	-0.03126	-0.01220	-0.02075	-0.03408	-0.06846	0.00888	0.00039	0.08307	0.02783	0.04566	0.03889	-0.02275	0.02720	0.06938	0.00720	-0.01073	-0.01792	0.04874	0.01021	-0.04131	-0.02779	-0.03985	(And (Agent $e0 $x0) (Member $x0 committee))
p203630	-0.04422	0.05130	-0.07121	0.08138	-0.17110	0.18261	-0.19832	-0.02399	0.14409	-0.01859	-0.19715	-0.02746	0.14367	0.02892	0.09516	0.05703	0.19739	-0.06779	0.20339	-0.03734	0.28946	-0.08264	0.14471	-0.13582	-0.10728	0.04252	0.21602	-0.01707	0.03258	-0.14408	-0.02690	-0.27201	(And (Agent $e0 $x0) (Member $x0 company))
p203631	-0.01225	0.06096	-0.03135	0.08114	0.14594	-0.02977	-0.01935	-0.08386	-0.03001	0.06057	0.07727	0.04223	-0.01191	-0.00605	0.05166	-0.04081	0.01402	-0.02851	0.04144	0.03973	0.04941	-0.02591	-0.03254	-0.02337	-0.02624	0.05089	-0.02800	0.00950	-0.05756	-0.03875	0.11689	-0.01177	(And (Agent $e0 $x0) (Member $x0 council))
p203632	0.01447	-0.01021	-0.02582	-0.01309	0.01967	0.00693	0.00297	-0.00006	-0.01484	-0.00465	-0.00607	0.00929	-0.00596	0.00329	-0.01370	0.00187	0.02516	-0.00439	-0.01015	0.00271	0.00610	-0.00072	0.01586	-0.00652	0.00145	-0.00983	-0.00969	-0.00934	0.01443	-0.00651	-0.00445	-0.01291	(And (Agent $e0 $x0) (Member $x0 delegation))
p203633	-0.03134	0.00493	0.03529	-0.05578	-0.06332	0.09857	-0.00573	-0.06637	0.01364	-0.06968	0.08006	-0.10220	-0.06552	0.01865	-0.08965	0.10063	-0.09285	-0.08585	-0.04382	0.06020	0.12278	-0.05820	-0.05755	-0.04934	-0.03246	-0.07518	-0.13997	0.02741	-0.05460	-0.08956	0.05874	0.16749	(And (Agent $e0 $x0) (Member $x0 diver))
p203634	0.02385	-0.01297	0.00619	0.00312	-0.00701	0.00170	-0.00668	-0.00724	-0.00100	-0.01349	-0.00452	-0.00550	-0.00522	-0.00017	0.00628	-0.00341	-0.00136	-0.01485	-0.01824	-0.03299	-0.02042	0.00420	-0.00545	-0.00527	0.00250	-0.00400	0.02021	0.02702	0.01030	-0.00556	-0.02247	-0.00966	(And (Agent $e0 $x0) (Member $x0 editor))
p203635	0.03407	0.04026	0.01805	0.02208	-0.01541	-0.01281	-0.03272	-0.00630	-0.01832	0.01074	0.00323	-0.03146	-0.03501	-0.02242	0.01161	-0.02281	0.01888	0.00057	0.00946	0.01601	0.01676	-0.00137	-0.01198	0.04268	0.01188	0.02591	0.00662	0.02217	0.01594	0.00966	-0.00286	-0.01030	(And (Agent $e0 $x0) (Member $x0 fire))
p203636	-0.11895	-0.06425	-0.05863	-0.05118	-0.07180	0.06705	0.05292	-0.09005	-0.05378	0.09354	-0.04141	0.02151	-0.05242	-0.05894	0.05321	-0.10270	-0.12913	0.10995	0.05509	-0.03735	0.11367	-0.01662	-0.07518	-0.04976	-0.07943	0.17260	-0.10506	-0.03716	0.15457	0.13807	-0.03528	0.16472	(And (Agent $e0 $x0) (Member $x0 firm))
p203637	0.03378	0.03965	0.01777	0.02148	-0.01538	-0.01254	-0.03240	-0.00591	-0.01818	0.01031	0.00296	-0.03112	-0.03464	-0.02216	0.01107	-0.02244	0.01881	0.00066	0.00913	0.01573	0.01665	-0.00148	-0.01155	0.04227	0.01170	0.02548	0.00639	0.02172	0.01594	0.00973	-0.00313	-0.01033	(And (Agent $e0 $x0) (Member $x0 flood))
p203638	0.02897	-0.01617	0.00681	0.00150	-0.01214	-0.00006	-0.00710	-0.00675	0.00082	-0.01580	-0.00495	-0.00872	-0.00512	-0.00058	0.00848	-0.00303	-0.00163	-0.01987	-0.02040	-0.03992	-0.02406	0.00778	-0.00895	-0.00483	0.00427	-0.00356	0.02485	0.02951	0.01056	-0.00627	-0.02619	-0.00975	(And (Agent $e0 $x0) (Member $x0 government))
p203639	0.12275	-0.01835	0.01936	0.11293	0.00676	0.11739	-0.13333	0.12622	-0.06708	0.05262	0.12218	0.06027	-0.06098	0.03175	0.02937	0.12822	0.14780	0.03451	-0.05411	0.07208	-0.15222	0.08377	0.15661	-0.01823	-0.11576	-0.07479	0.05157	0.02912	0.15748	0.14210	0.08194	0.06801	(And (Agent $e0 $x0) (Member $x0 intern))
p203640	-0.03703	-0.04761	-0.04798	-0.10167	0.01771	-0.05485	-0.04412	-0.06582	-0.01114	0.15439	0.05692	-0.15135	-0.08740	0.08756	0.02977	0.11966	-0.02132	0.08500	0.10181	-0.09048	-0.02092	-0.07899	0.15609	0.00814	0.11377	-0.05975	-0.01260	0.07713	-0.13667	0.10246	-0.03164	-0.03140	(And (Agent $e0 $x0) (Member $x0 mechanic))
p203641	0.02345	-0.01265	0.00612	0.00308	-0.00678	0.00190	-0.00669	-0.00718	-0.00115	-0.01332	-0.00461	-0.00527	-0.00530	-0.00023	0.00612	-0.00340	-0.00134	-0.01448	-0.01794	-0.03234	-0.01997	0.00390	-0.00513	-0.00513	0.00249	-0.00397	0.01973	0.02666	0.01032	-0.00551	-0.02202	-0.00951	(And (Agent $e0 $x0) (Member $x0 panel))
p203642	0.01487	-0.01869	-0.00299	-0.00199	0.02173	-0.00069	0.00406	-0.02024	0.00141	-0.00472	-0.00705	0.01221	0.02173	0.01635	0.00184	0.00341	-0.00594	-0.01914	-0.03895	-0.00631	-0.00886	-0.00924	0.01213	-0.01878	0.01172	-0.01273	0.00823	0.02362	0.02698	0.01394	-0.01063	-0.01576	(And (Agent $e0 $x0) (Member $x0 pilot))
p203643	0.00255	-0.01591	0.00688	-0.00596	-0.01352	0.01291	-0.00372	-0.01287	-0.00687	-0.00279	-0.01107	-0.00561	-0.01383	-0.01040	0.02023	-0.02211	-0.01508	0.00434	0.00418	-0.02837	-0.00588	0.00355	-0.01999	-0.01429	0.00198	0.01827	0.01096	0.02132	0.02808	0.02079	-0.02523	0.00561	(And (Agent $e0 $x0) (Member $x0 rescue_team))
p203644	0.10684	0.04239	0.11749	-0.09730	0.06419	-0.02549	-0.06899	0.17531	0.04713	-0.01487	0.08559	-0.06181	-0.06859	0.07290	-0.11095	-0.12874	0.14623	0.07411	-0.08280	-0.06229	0.22532	-0.09837	-0.04812	0.05592	-0.09675	0.12879	-0.12848	-0.05918	0.04393	0.14573	-0.07987	-0.18747	(And (Agent $e0 $x0) (Theme $e1 $e0))
p203645	0.01447	-0.01021	-0.02582	-0.01309	0.01967	0.00693	0.00297	-0.00006	-0.01484	-0.00465	-0.00607	0.00929	-0.00596	0.00329	-0.01370	0.00187	0.02516	-0.00439	-0.01015	0.00271	0.00610	-0.00072	0.01586	-0.00652	0.00145	-0.00983	-0.00969	-0.00934	0.01443	-0.00651	-0.00445	-0.01291	(And (Agent $e0 $x0) (Time $e0 (Weekday thursday)))
p203646	0.02897	-0.01616	0.00681	0.00150	-0.01214	-0.00006	-0.00710	-0.00675	0.00082	-0.01580	-0.00495	-0.00872	-0.00512	-0.00057	0.00848	-0.00303	-0.00163	-0.01987	-0.02040	-0.03992	-0.02406	0.00779	-0.00895	-0.00483	0.00427	-0.00356	0.02486	0.02951	0.01056	-0.00626	-0.02619	-0.00975	(And (Agent $e0 jica) (Theme $e0 $x0))
p203647	-0.03418	0.00278	0.03628	0.03549	-0.00472	0.00191	-0.01239	0.01212	-0.00157	0.04310	0.00104	0.00401	0.00025	0.02541	-0.00792	-0.00601	-0.00000	-0.00444	0.00701	-0.02578	0.00280	0.01283	-0.02959	-0.00790	-0.01319	0.00557	-0.00480	0.00860	-0.02279	-0.01120	0.01210	-0.01878	(And (Before $e0 $e1) (Theme $e1 $x0))
p203648	-0.05315	-0.05322	-0.03837	0.04373	0.03523	-0.00443	0.13551	0.06182	-0.04032	0.05916	-0.02704	-0.09053	0.05580	-0.01803	-0.10938	0.06325	0.14273	-0.01662	-0.03121	-0.03603	-0.04029	-0.06383	-0.10490	-0.11595	0.00396	-0.06843	-0.07918	-0.06012	-0.00194	0.05409	-0.04582	-0.02848	(And (Before $x0 $e0) (Member $x0 lunch))
p203649	-0.05315	-0.05322	-0.03837	0.04373	0.03523	-0.00443	0.13551	0.06182	-0.04032	0.05916	-0.02704	-0.09053	0.05580	-0.01803	-0.10938	0.06325	0.14273	-0.01662	-0.03121	-0.03603	-0.04029	-0.06383	-0.10490	-0.11595	0.00396	-0.06843	-0.07918	-0.06012	-0.00194	0.05409	-0.04582	-0.02848	(And (Before $x0 $e0) (Patient $e0 $x1))
p203650	-0.01708	-0.02089	0.00967	-0.01784	0.01274	0.01511	-0.00460	0.01323	0.01538	-0.01260	-0.00318	0.02660	-0.00542	0.04887	-0.00153	-0.00739	-0.00620	0.00830	-0.01638	0.00875	0.00277	-0.00028	0.01445	-0.00854	-0.01799	-0.00225	-0.01447	-0.03434	-0.00839	-0.00607	0.00869	-0.01048	(And (But $e0 $e1) (Past $e0))
p203651	-0.01708	-0.02089	0.00967	-0.01784	0.01274	0.01511	-0.00460	0.01323	0.01538	-0.01260	-0.00318	0.02660	-0.00542	0.04887	-0.00153	-0.00739	-0.00620	0.00830	-0.01638	0.00875	0.00277	-0.00028	0.01445	-0.00854	-0.01799	-0.00225	-0.01447	-0.03434	-0.00839	-0.00607	0.00869	-0.01048	(And (But $e0 $e1) (Past $e1))
p203652	0.09350	-0.08081	0.01464	-0.01375	0.09306	0.07350	0.06011	0.05349	-0.02813	0.03758	-0.01442	-0.06156	0.07446	0.11501	-0.09018	-0.06742	-0.10670	-0.04603	0.06897	0.03476	-0.17955	-0.03647	0.02371	0.04790	-0.04218	0.15083	0.14383	0.03316	-0.00625	-0.03424	-0.04034	0.11334	(And (Can $e0) (Manner $e0 $x0))
p203653	0.09350	-0.08081	0.01464	-0.01375	0.09306	0.07350	0.06011	0.05349	-0.02813	0.03758	-0.01442	-0.06156	0.07446	0.11501	-0.09018	-0.06742	-0.10670	-0.04603	0.06897	0.03476	-0.17955	-0.03647	0.02371	0.04790	-0.04218	0.15083	0.14383	0.03316	-0.00625	-0.03424	-0.04034	0.11334	(And (Can $e0) (Member $e0 define))
p203654	0.09350	-0.08081	0.01464	-0.01375	0.09306	0.07350	0.06011	0.05349	-0.02813	0.03758	-0.01442	-0.06156	0.07446	0.11501	-0.09018	-0.06742	-0.10670	-0.04603	0.06897	0.03476	-0.17955	-0.03647	0.02371	0.04790	-0.04218	0.15083	0.14383	0.03316	-0.00625	-0.03424	-0.04034	0.11334	(And (Cardinality $x0 <num>) (Manner $e0 $x0))
p203655	-0.00816	-0.00289	-0.00542	-0.01673	-0.00413	-0.01291	-0.00338	0.01149	0.06081	-0.01208	0.02610	0.00204	0.03434	-0.01390	0.01747	-0.01708	-0.01131	0.02027	0.00179	-0.00284	-0.01662	-0.01035	-0.00684	-0.01006	-0.01661	-0.01499	0.01401	0.01163	-0.01810	0.00963	-0.00825	0.00922	(And (Experiencer $e0 $x0) (Member $e0 locate))
p203656	-0.03212	-0.00203	-0.00648	-0.02671	0.02937	-0.00185	-0.00026	-0.00253	0.03108	-0.00797	0.01098	0.03094	-0.00445	0.04336	0.00535	-0.02087	-0.02446	0.03507	-0.02173	0.01851	-0.01886	-0.01165	0.03279	-0.04247	-0.02058	0.01067	-0.00093	-0.02235	-0.00841	0.00618	-0.00261	0.00646	(And (Experiencer $e0 $x0) (Member $x0 person))
p203658	-0.04957	0.02207	-0.00466	0.04928	-0.02045	-0.06073	-0.03990	0.04251	0.17435	-0.00525	0.15941	0.01924	0.11285	-0.05834	0.05736	-0.05967	-0.04139	0.10122	0.02408	0.00305	-0.12044	-0.02016	-0.02075	-0.05209	-0.04354	-0.06035	0.14036	0.07500	-0.03451	0.05879	-0.01124	0.07218	(And (Experiencer $e0 $x0) (Stimulus $e0 $e1))
p203659	-0.06033	0.00517	-0.02204	-0.02832	0.01902	-0.14058	0.13797	0.00751	-0.02555	-0.06587	-0.01096	0.11387	-0.06659	0.01728	0.13797	-0.02978	0.16845	-0.07024	-0.06324	-0.00730	0.14222	-0.08525	0.03144	0.13508	0.02009	-0.14059	0.21259	0.08417	-0.01992	0.08129	0.02386	0.16029	(And (For $e0 $e1) (Member $e0 win))
p203660	-0.06033	0.00517	-0.02204	-0.02832	0.01902	-0.14058	0.13797	0.00751	-0.02555	-0.06587	-0.01096	0.11387	-0.06659	0.01728	0.13797	-0.02978	0.16845	-0.07024	-0.06324	-0.00730	0.14222	-0.08525	0.03144	0.13508	0.02009	-0.14059	0.21259	0.08417	-0.01992	0.08129	0.02386	0.16029	(And (For $e0 $e1) (Member $e1 portray))
p203661	-0.06033	0.00517	-0.02204	-0.02832	0.01902	-0.14058	0.13797	0.00751	-0.02555	-0.06587	-0.01096	0.11387	-0.06659	0.01728	0.13797	-0.02978	0.16845	-0.07024	-0.06324	-0.00730	0.14222	-0.08525	0.03144	0.13508	0.02009	-0.14059	0.21259	0.08417	-0.01992	0.08129	0.02386	0.16029	(And (For $e0 $e1) (Theme $e0 $x0))
p203662	-0.03794	-0.04118	-0.03197	0.03899	0.02902	-0.00472	0.11515	0.04998	-0.03566	0.04818	-0.01847	-0.07280	0.04522	-0.01345	-0.08897	0.05031	0.12494	-0.02061	-0.02869	-0.02770	-0.03761	-0.05283	-0.09375	-0.09858	0.00745	-0.05867	-0.06301	-0.05152	-0.00215	0.04251	-0.04039	-0.02213	(And (Future $e0) (Time $e0 (Month september)))
p203663	-0.02706	-0.05285	-0.14363	-0.06231	-0.02109	0.01166	-0.12186	0.06191	-0.02742	0.07677	-0.06284	0.05126	0.07811	-0.03355	-0.13359	0.05608	0.02094	-0.02791	0.06945	-0.16548	0.07167	0.17692	-0.06213	0.08825	-0.10365	-0.02795	-0.00672	0.05205	-0.02593	0.04162	0.21524	-0.06628	(And (GroupOf $x0 child) (Theme $e0 $x0))
p203664	0.02287	-0.01114	0.00592	0.00513	-0.00300	0.00155	-0.00737	-0.00912	-0.00124	-0.01168	-0.00339	-0.00472	-0.00560	-0.00043	0.00780	-0.00480	-0.00085	-0.01559	-0.01698	-0.03086	-0.01830	0.00311	-0.00598	-0.00538	0.00228	-0.00308	0.01899	0.02665	0.00835	-0.00712	-0.01896	-0.00960	(And (GroupOf $x0 sample) (Theme $e0 $x0))
p203665	0.09350	-0.08081	0.01464	-0.01375	0.09306	0.07350	0.06011	0.05349	-0.02813	0.03758	-0.01442	-0.06156	0.07446	0.11501	-0.09018	-0.06742	-0.10670	-0.04603	0.06897	0.03476	-0.17955	-0.03647	0.02371	0.04790	-0.04218	0.15083	0.14383	0.03316	-0.00625	-0.03424	-0.04034	0.11334	(And (GroupOf $x0 sequence) (Theme $e0 $x0))
p203666	-0.00708	0.00723	0.01704	0.00283	-0.01686	-0.02120	-0.01277	0.01776	-0.01365	0.02444	-0.00596	0.00776	0.01184	-0.00618	-0.00784	0.02856	-0.00478	-0.01216	-0.00042	-0.02675	0.01203	0.02455	-0.00945	-0.00149	-0.00861	0.02489	0.00327	0.02101	-0.01763	-0.00105	0.00793	-0.01580	(And (Holder $e0 $x0) (Member $e0 have))
p203667	-0.01219	0.07619	0.05621	-0.00160	-0.01766	-0.05322	0.03371	0.01741	-0.03315	0.01571	0.01269	0.02711	0.01907	-0.00091	0.01168	0.05699	-0.04025	-0.02552	-0.03468	0.00386	0.02875	0.02466	0.02108	-0.02882	0.00551	0.07358	-0.01141	0.02716	-0.03158	0.00384	-0.04642	-0.01966	(And (Holder $e0 $x0) (Member $x0 permit))
p203668	-0.02785	0.18139	0.07430	-0.03536	-0.01501	-0.10519	0.09631	0.02888	-0.07940	0.01530	0.03555	0.07648	0.05345	-0.01042	0.00445	0.13835	-0.09991	-0.04691	-0.08258	0.02200	0.05241	0.08179	0.06935	-0.05461	-0.00965	0.14627	-0.03536	0.04949	-0.05090	0.04591	-0.08643	-0.03472	(And (Holder $e0 $x0) (Member $x0 recipe))
p203669	-0.02706	-0.05285	-0.14363	-0.06231	-0.02109	0.01166	-0.12186	0.06191	-0.02742	0.07677	-0.06284	0.05126	0.07811	-0.03355	-0.13359	0.05608	0.02094	-0.02791	0.06945	-0.16548	0.07167	0.17692	-0.06213	0.08825	-0.10365	-0.02795	-0.00672	0.05205	-0.02593	0.04162	0.21524	-0.06628	(And (Holder $e0 kristoffer) (Member $e0 have))
p203670	-0.02706	-0.05285	-0.14363	-0.06231	-0.02109	0.01166	-0.12186	0.06191	-0.02742	0.07677	-0.06284	0.05126	0.07811	-0.03355	-0.13359	0.05608	0.02094	-0.02791	0.06945	-0.16548	0.07167	0.17692	-0.06213	0.08825	-0.10365	-0.02795	-0.00672	0.05205	-0.02593	0.04162	0.21524	-0.06628	(And (Holder $e0 kristoffer) (Theme $e0 $x0))
p203671	-0.02865	0.00407	0.03520	-0.05262	-0.06240	0.10515	-0.01294	-0.06150	0.01312	-0.06527	0.08135	-0.10001	-0.06758	0.02174	-0.08622	0.10220	-0.08911	-0.08345	-0.04476	0.06259	0.13403	-0.05448	-0.05317	-0.05013	-0.03483	-0.07491	-0.14027	0.02822	-0.05063	-0.08796	0.06291	0.15567	(And (Location $e0 $x0) (Member $e0 discover))
p203672	-0.04436	0.01800	-0.00368	0.04149	-0.01836	-0.05489	-0.03349	0.03779	0.15596	-0.00460	0.13966	0.01691	0.10222	-0.05241	0.05122	-0.05302	-0.03671	0.09014	0.02278	0.00146	-0.10478	-0.01899	-0.02155	-0.04568	-0.03868	-0.05353	0.12122	0.06511	-0.03131	0.05013	-0.01170	0.06382	(And (Location $e0 $x0) (Member $e0 error))
p203673	-0.00816	-0.00289	-0.00542	-0.01673	-0.00413	-0.01291	-0.00338	0.01149	0.06081	-0.01208	0.02610	0.00204	0.03434	-0.01390	0.01747	-0.01708	-0.01131	0.02027	0.00179	-0.00284	-0.01662	-0.01035	-0.00684	-0.01006	-0.01661	-0.01499	0.01401	0.01163	-0.01810	0.00963	-0.00825	0.00922	(And (Location $e0 $x0) (Member $e0 locate))
p203674	0.06976	-0.10411	0.07441	0.00075	0.05717	-0.05911	0.18391	-0.10668	0.06184	0.06989	-0.07115	0.06138	-0.02827	0.05196	0.06957	0.15280	0.06263	0.04583	0.14850	0.05755	0.01003	0.15017	-0.07097	0.04769	-0.05556	-0.08694	-0.06275	-0.00826	0.11319	-0.07934	-0.05589	-0.01673	(And (Location $e0 $x0) (Member $x0 survey))
p203675	-0.00149	-0.03107	0.02356	-0.00846	0.00505	0.01110	0.05596	-0.04555	0.03303	0.00509	0.00773	-0.00320	-0.01139	0.01661	0.00020	0.07994	-0.00719	0.00099	0.03372	0.04122	0.04112	0.02342	-0.04316	-0.01235	-0.03017	-0.05229	-0.06168	0.00663	0.01192	-0.04992	0.00136	0.04170	(And (Location $e0 $x0) (Might $e0))
p203676	0.10053	0.03904	0.03442	-0.16608	0.17661	-0.05583	-0.06488	0.17705	0.07618	-0.06025	0.17548	-0.00798	0.03914	0.09879	-0.14700	-0.10129	0.10449	-0.00140	-0.09329	-0.14697	0.20691	-0.05826	-0.07221	0.09058	-0.15185	0.13158	-0.18226	-0.08625	0.04313	0.20221	-0.09371	-0.20740	(And (Location $e0 $x0) (Patient $e0 $x1))
p203677	-0.04957	0.02207	-0.00466	0.04928	-0.02045	-0.06073	-0.03990	0.04251	0.17435	-0.00525	0.15941	0.01924	0.11285	-0.05834	0.05736	-0.05967	-0.04139	0.10122	0.02408	0.00305	-0.12044	-0.02016	-0.02075	-0.05209	-0.04354	-0.06035	0.14036	0.07500	-0.03451	0.05879	-0.01124	0.07218	(And (Location $e0 $x0) (Stimulus $e1 $e0))
p203678	-0.02203	0.02572	-0.03554	0.04076	-0.08548	0.09136	-0.09911	-0.01192	0.07211	-0.00923	-0.09852	-0.01366	0.07189	0.01453	0.04767	0.02859	0.09876	-0.03383	0.10176	-0.01860	0.14479	-0.04125	0.07243	-0.06784	-0.05358	0.02132	0.10808	-0.00847	0.01636	-0.07197	-0.01338	-0.13594	(And (Location $e0 eskisehir) (Location $e0 turkey))
p203679	-0.02203	0.02572	-0.03554	0.04076	-0.08548	0.09136	-0.09911	-0.01192	0.07211	-0.00923	-0.09852	-0.01366	0.07189	0.01453	0.04767	0.02859	0.09876	-0.03383	0.10176	-0.01860	0.14479	-0.04125	0.07243	-0.06784	-0.05358	0.02133	0.10808	-0.00847	0.01636	-0.07197	-0.01338	-0.13594	(And (Location $e0 eskisehir) (Member $e0 build))
p203680	-0.02203	0.02572	-0.03554	0.04076	-0.08548	0.09136	-0.09911	-0.01192	0.07211	-0.00923	-0.09852	-0.01366	0.07189	0.01453	0.04767	0.02859	0.09876	-0.03383	0.10176	-0.01860	0.14479	-0.04125	0.07243	-0.06784	-0.05358	0.02132	0.10807	-0.00847	0.01636	-0.07197	-0.01338	-0.13594	(And (Location $e0 eskisehir) (Past $e0))
p203681	-0.02203	0.02572	-0.03554	0.04076	-0.08548	0.09136	-0.09911	-0.01192	0.07211	-0.00923	-0.09852	-0.01366	0.07189	0.01453	0.04767	0.02859	0.09876	-0.03383	0.10176	-0.01860	0.14479	-0.04125	0.07243	-0.06784	-0.05358	0.02132	0.10808	-0.00847	0.01636	-0.07197	-0.01338	-0.13594	(And (Location $e0 eskisehir) (Patient $e0 $x0))
p203682	-0.05496	-0.00714	0.04049	0.01505	0.02818	0.03064	-0.01841	0.01760	0.00486	0.02947	0.02117	0.04944	-0.03795	0.10453	-0.00123	-0.01225	-0.00764	0.04135	-0.02127	0.02300	-0.01933	-0.01396	0.03220	-0.05794	-0.03342	0.00415	-0.01834	-0.03896	-0.00853	-0.01063	0.02271	-0.00018	(And (Location $e0 japan) (Past $e0))
p203683	-0.02203	0.02572	-0.03554	0.04076	-0.08548	0.09136	-0.09911	-0.01192	0.07211	-0.00923	-0.09852	-0.01366	0.07189	0.01453	0.04767	0.02859	0.09876	-0.03383	0.10176	-0.01860	0.14479	-0.04125	0.07243	-0.06784	-0.05358	0.02132	0.10808	-0.00847	0.01636	-0.07197	-0.01338	-0.13594	(And (Location $e0 kazakhstan) (Member $e0 build))
p203684	-0.02203	0.02572	-0.03554	0.04076	-0.08548	0.09136	-0.09911	-0.01192	0.07211	-0.00923	-0.09852	-0.01366	0.07189	0.01453	0.04767	0.02859	0.09876	-0.03383	0.10176	-0.01860	0.14479	-0.04125	0.07243	-0.06784	-0.05358	0.02132	0.10808	-0.00847	0.01636	-0.07197	-0.01338	-0.13594	(And (Location $e0 kazakhstan) (Past $e0))
p203685	-0.02203	0.02572	-0.03554	0.04076	-0.08548	0.09136	-0.09910	-0.01192	0.07211	-0.00923	-0.09852	-0.01366	0.07189	0.01453	0.04767	0.02859	0.09876	-0.03383	0.10176	-0.01860	0.14479	-0.04125	0.07243	-0.06784	-0.05358	0.02133	0.10808	-0.00847	0.01636	-0.07197	-0.01338	-0.13594	(And (Location $e0 kazakhstan) (Patient $e0 $x0))
p203686	-0.03360	0.03844	-0.05315	0.06101	-0.12861	0.13685	-0.14851	-0.01806	0.10775	-0.01387	-0.14800	-0.02107	0.10760	0.02148	0.07138	0.04306	0.14734	-0.05096	0.15240	-0.02783	0.21706	-0.06218	0.10833	-0.10193	-0.08050	0.03313	0.16157	-0.01299	0.02566	-0.10815	-0.02036	-0.20386	(And (Location $e0 turkey) (Member $e0 build))
p203687	-0.03360	0.03844	-0.05315	0.06101	-0.12861	0.13685	-0.14851	-0.01806	0.10775	-0.01387	-0.14800	-0.02107	0.10760	0.02148	0.07138	0.04306	0.14734	-0.05096	0.15240	-0.02783	0.21706	-0.06218	0.10833	-0.10193	-0.08050	0.03313	0.16157	-0.01299	0.02566	-0.10815	-0.02036	-0.20386	(And (Location $e0 turkey) (Past $e0))
p203688	-0.03360	0.03844	-0.05315	0.06101	-0.12861	0.13685	-0.14851	-0.01806	0.10775	-0.01387	-0.14800	-0.02107	0.10760	0.02148	0.07138	0.04306	0.14734	-0.05096	0.15240	-0.02783	0.21706	-0.06218	0.10833	-0.10193	-0.08050	0.03313	0.16157	-0.01299	0.02566	-0.10815	-0.02036	-0.20386	(And (Location $e0 turkey) (Patient $e0 $x0))
p203689	0.09350	-0.08081	0.01464	-0.01375	0.09306	0.07350	0.06011	0.05349	-0.02813	0.03758	-0.01442	-0.06156	0.07446	0.11501	-0.09018	-0.06742	-0.10670	-0.04603	0.06897	0.03476	-0.17955	-0.03647	0.02371	0.04790	-0.04218	0.15083	0.14383	0.03316	-0.00625	-0.03424	-0.04034	0.11334	(And (Manner $e0 $x0) (Member $e0 define))
p203690	0.09350	-0.08081	0.01464	-0.01375	0.09306	0.07350	0.06011	0.05349	-0.02813	0.03758	-0.01442	-0.06156	0.07446	0.11501	-0.09018	-0.06742	-0.10670	-0.04603	0.06897	0.03476	-0.17955	-0.03647	0.02371	0.04790	-0.04218	0.15083	0.14383	0.03316	-0.00625	-0.03424	-0.04034	0.11334	(And (Manner $e0 $x0) (Theme $e0 $x1))
p203691	-0.00070	0.04053	-0.01026	-0.00697	-0.00412	0.01215	0.05452	0.01414	-0.01651	-0.00924	0.02983	-0.02584	0.02325	0.01928	0.02588	-0.04852	0.01003	0.01931	0.00745	-0.00590	-0.00589	0.00149	-0.01944	-0.01794	0.01496	-0.01798	-0.03698	0.01226	0.02037	-0.03963	0.04414	-0.01071	(And (Member $e0 acquire) (Past $e0))
p203692	-0.00070	0.04053	-0.01026	-0.00697	-0.00412	0.01215	0.05452	0.01414	-0.01651	-0.00924	0.02983	-0.02584	0.02325	0.01928	0.02588	-0.04852	0.01003	0.01931	0.00745	-0.00590	-0.00589	0.00149	-0.01944	-0.01794	0.01496	-0.01798	-0.03698	0.01226	0.02037	-0.03963	0.04414	-0.01071	(And (Member $e0 acquire) (Theme $e0 $x0))
p203693	-0.00404	0.01738	-0.01760	0.01937	-0.02478	-0.02165	-0.02509	-0.02845	0.06414	-0.03327	0.02540	-0.02748	0.04043	-0.00922	0.03325	-0.03771	-0.03846	0.05156	-0.01450	0.03108	-0.04885	0.04770	0.00921	0.01303	-0.03362	-0.03097	0.06761	0.05239	-0.02578	0.05608	-0.01690	0.01489	(And (Member $e0 become) (Past $e0))
p203694	-0.00404	0.01738	-0.01760	0.01937	-0.02478	-0.02165	-0.02509	-0.02845	0.06414	-0.03327	0.02540	-0.02748	0.04043	-0.00922	0.03325	-0.03771	-0.03846	0.05156	-0.01450	0.03108	-0.04885	0.04770	0.00921	0.01303	-0.03362	-0.03097	0.06761	0.05239	-0.02578	0.05608	-0.01690	0.01489	(And (Member $e0 become) (Result $e0 $e1))
p203695	0.01793	-0.00991	0.00183	-0.00288	-0.00011	0.00546	-0.01047	-0.00374	-0.00111	-0.01674	-0.00654	-0.00017	-0.00084	-0.00251	0.00222	-0.00528	-0.00184	-0.01912	-0.01337	-0.03229	-0.01573	0.01005	-0.00407	-0.00434	0.00159	-0.00633	0.01705	0.02769	0.00617	-0.00276	-0.01805	-0.01301	(And (Member $e0 block) (Theme $e0 $x0))
p203696	-0.02299	-0.02366	-0.02090	0.03013	0.01384	-0.00564	0.06917	0.02630	-0.02321	0.03439	-0.01592	-0.06092	0.02818	-0.01883	-0.05087	0.02997	0.07909	-0.01622	-0.01609	-0.01450	-0.02397	-0.03408	-0.06949	-0.05558	0.00734	-0.03595	-0.03830	-0.03004	-0.00260	0.02887	-0.02478	-0.01091	(And (Member $e0 commence) (Patient $e0 $x0))
p203697	-0.06156	0.01589	0.05262	0.06018	-0.05289	-0.02175	-0.05352	-0.00419	-0.00702	0.01835	-0.03935	-0.02857	-0.04322	-0.04820	-0.07904	0.00492	0.00359	0.08729	0.07279	0.05102	0.04630	-0.01149	0.01912	0.10127	0.02798	-0.00743	-0.01351	0.04840	0.00582	-0.05844	-0.01843	-0.03581	(And (Member $e0 decision) (Patient $e1 $e0))
p203698	-0.04401	0.03396	0.08519	0.06319	-0.06847	-0.02090	-0.06853	0.02061	-0.01028	0.02114	-0.04001	-0.05234	-0.05994	-0.04956	-0.08015	-0.01206	0.01518	0.10302	0.06893	0.06304	0.04992	-0.02279	0.02336	0.11121	0.02607	0.01361	-0.01284	0.04612	0.01607	-0.04407	-0.02911	-0.04540	(And (Member $e0 decision) (Theme $e1 $e0))
p203699	0.09350	-0.08081	0.01464	-0.01375	0.09306	0.07350	0.06011	0.05349	-0.02813	0.03758	-0.01442	-0.06156	0.07446	0.11501	-0.09018	-0.06742	-0.10670	-0.04603	0.06897	0.03476	-0.17955	-0.03647	0.02371	0.04790	-0.04218	0.15083	0.14383	0.03316	-0.00625	-0.03424	-0.04034	0.11334	(And (Member $e0 define) (Theme $e0 $x0))
p203700	0.02421	0.00744	-0.00601	0.04531	-0.03736	-0.00260	-0.00734	-0.07355	-0.01583	-0.07265	-0.04387	-0.05384	0.00161	0.01923	0.02267	0.00604	-0.05087	-0.02160	-0.04720	0.05459	-0.03446	0.09478	-0.01951	0.06979	-0.03388	-0.00755	0.02077	0.00538	0.00557	0.06948	-0.03287	0.01675	(And (Member $e0 design) (Past $e0))
p203701	0.02421	0.00744	-0.00601	0.04531	-0.03736	-0.00260	-0.00734	-0.07355	-0.01583	-0.07265	-0.04387	-0.05384	0.00161	0.01923	0.02267	0.00604	-0.05087	-0.02160	-0.04720	0.05459	-0.03446	0.09478	-0.01951	0.06979	-0.03388	-0.00755	0.02077	0.00538	0.00557	0.06948	-0.03287	0.01675	(And (Member $e0 design) (Patient $e0 $x0))
p203702	-0.01143	-0.01352	0.03456	-0.00130	-0.01341	-0.00895	-0.00508	0.01518	0.03526	0.01143	0.01187	-0.01400	0.00766	0.00302	-0.00182	0.00348	-0.00347	-0.00466	0.00377	-0.02405	0.00613	-0.01230	-0.03130	-0.01160	-0.00871	-0.00163	-0.00058	0.01325	-0.02332	-0.01355	-0.00977	-0.01038	(And (Member $e0 find) (Theme $e0 $x0))
p203703	-0.01667	-0.00638	0.02651	0.01493	0.01024	0.01880	-0.00669	0.01165	-0.00789	0.01037	-0.00182	0.01949	-0.00743	0.05119	0.00473	-0.01062	0.00706	0.00907	-0.00879	-0.01159	-0.00588	-0.00686	-0.00441	-0.01227	-0.00170	-0.01032	-0.01266	-0.01554	-0.00307	-0.02127	0.00736	-0.01124	(And (Member $e0 follow) (Past $e0))
p203704	-0.01618	-0.00836	-0.00069	-0.01411	0.01311	0.00872	-0.00286	0.00166	0.00034	0.00844	-0.00002	0.02060	-0.02009	0.04764	-0.00749	-0.01556	-0.00964	0.01081	-0.01355	-0.02178	-0.01032	-0.01020	0.01280	-0.02707	0.00200	0.01747	-0.02071	-0.02666	0.00805	-0.01700	-0.00471	-0.00435	(And (Member $e0 influence) (Past $e0))
p203705	-0.06156	0.01589	0.05262	0.06018	-0.05289	-0.02175	-0.05352	-0.00419	-0.00702	0.01835	-0.03935	-0.02857	-0.04322	-0.04820	-0.07904	0.00492	0.00359	0.08729	0.07279	0.05102	0.04630	-0.01149	0.01912	0.10127	0.02798	-0.00743	-0.01351	0.04840	0.00582	-0.05844	-0.01843	-0.03581	(And (Member $e0 make) (Patient $e0 $e1))
p203706	0.02782	-0.01479	0.00690	0.00539	-0.00328	-0.00105	-0.00765	-0.01118	0.00095	-0.01334	-0.00229	-0.00738	-0.00537	-0.00027	0.01214	-0.00530	-0.00102	-0.02246	-0.02051	-0.03819	-0.02270	0.00571	-0.01025	-0.00689	0.00310	-0.00240	0.02432	0.02973	0.00610	-0.00968	-0.02189	-0.01053	(And (Member $e0 order) (Theme $e0 $x0))
p203707	-0.00266	-0.00623	0.00623	-0.00476	0.00317	0.00917	-0.01253	0.00856	-0.00405	0.00049	-0.00820	0.01207	-0.01504	0.02386	-0.00362	-0.00837	0.00683	0.00459	-0.00571	0.00293	0.00736	0.00048	0.01155	0.00175	-0.00525	0.00248	-0.00720	-0.01474	0.00142	-0.00875	0.00693	-0.01272	(And (Member $e0 play) (Past $e0))
p203708	0.01763	0.00957	-0.00970	0.05227	-0.04519	-0.01439	-0.00630	-0.09253	-0.01983	-0.08962	-0.04822	-0.07352	0.02883	0.00683	0.02254	0.01030	-0.07221	-0.02443	-0.05434	0.05944	-0.04388	0.13221	-0.03931	0.07731	-0.04252	-0.00369	0.01942	0.01324	0.00333	0.08757	-0.04033	0.02166	(And (Member $e0 produce) (Past $e0))
p203709	-0.00070	0.04053	-0.01026	-0.00697	-0.00412	0.01215	0.05452	0.01414	-0.01651	-0.00924	0.02983	-0.02584	0.02325	0.01928	0.02588	-0.04852	0.01003	0.01931	0.00745	-0.00590	-0.00589	0.00149	-0.01944	-0.01794	0.01496	-0.01798	-0.03698	0.01226	0.02037	-0.03963	0.04414	-0.01071	(And (Member $e0 purchase) (Past $e0))
p203710	-0.00070	0.04053	-0.01026	-0.00697	-0.00412	0.01215	0.05452	0.01414	-0.01651	-0.00924	0.02983	-0.02584	0.02325	0.01928	0.02588	-0.04852	0.01003	0.01931	0.00745	-0.00590	-0.00589	0.00149	-0.01944	-0.01794	0.01496	-0.01798	-0.03698	0.01226	0.02037	-0.03963	0.04414	-0.01071	(And (Member $e0 purchase) (Theme $e0 $x0))
p203711	-0.04401	0.03396	0.08519	0.06319	-0.06847	-0.02090	-0.06853	0.02061	-0.01028	0.02114	-0.04001	-0.05234	-0.05994	-0.04956	-0.08015	-0.01206	0.01518	0.10302	0.06893	0.06304	0.04992	-0.02279	0.02336	0.11121	0.02607	0.01361	-0.01284	0.04612	0.01607	-0.04407	-0.02911	-0.04540	(And (Member $e0 reach) (Theme $e0 $e1))
p203712	-0.01201	-0.00587	0.01412	0.00087	0.00961	0.00836	-0.00930	0.01199	-0.00593	0.00412	-0.00319	0.01870	-0.01351	0.04194	-0.00187	-0.00572	0.00513	0.00488	-0.00885	-0.00323	-0.00192	-0.00593	0.00946	-0.00780	-0.00220	-0.00051	-0.01087	-0.02138	-0.00217	-0.01604	0.00793	-0.01235	(And (Member $e0 replace) (Past $e0))
p203713	-0.02874	0.00949	0.05629	0.05301	-0.00959	0.00759	0.01168	0.02437	0.00067	0.04237	0.01557	0.00442	-0.01470	0.04235	0.00297	-0.02810	0.01976	0.00467	0.03885	0.01662	0.00065	-0.01552	-0.03199	-0.02551	0.01550	0.01315	-0.02739	-0.02258	-0.01714	-0.03808	0.06624	-0.02017	(And (Member $e0 sell) (Past $e0))
p203714	-0.02874	0.00949	0.05629	0.05301	-0.00959	0.00759	0.01168	0.02437	0.00067	0.04237	0.01557	0.00442	-0.01470	0.04235	0.00297	-0.02810	0.01976	0.00467	0.03885	0.01662	0.00065	-0.01552	-0.03199	-0.02551	0.01550	0.01315	-0.02739	-0.02258	-0.01714	-0.03808	0.06624	-0.02017	(And (Member $e0 sell) (Recipient $e0 $x0))
p203715	-0.02874	0.00949	0.05629	0.05301	-0.00959	0.00759	0.01168	0.02437	0.00067	0.04237	0.01557	0.00442	-0.01470	0.04235	0.00297	-0.02810	0.01976	0.00467	0.03885	0.01662	0.00065	-0.01552	-0.03199	-0.02551	0.01550	0.01315	-0.02739	-0.02258	-0.01714	-0.03808	0.06624	-0.02017	(And (Member $e0 sell) (Theme $e0 $x0))
p203716	0.02079	0.01851	-0.01423	0.01630	0.02149	-0.01711	-0.01456	-0.01913	-0.01298	0.00811	0.02263	-0.01253	-0.01312	-0.01224	0.01123	-0.01601	0.01600	-0.02408	0.00601	-0.00265	0.00814	-0.00504	-0.01732	0.01146	0.01133	0.01588	-0.00083	0.00919	-0.00376	-0.00321	0.00216	-0.00709	(And (Member $e0 sign) (Patient $e0 $x0))
p203717	-0.02323	-0.02339	-0.02126	0.03016	0.01382	-0.00590	0.06867	0.02654	-0.02246	0.03410	-0.01529	-0.06096	0.02884	-0.01925	-0.05065	0.02962	0.07912	-0.01557	-0.01617	-0.01451	-0.02480	-0.03430	-0.06922	-0.05591	0.00700	-0.03631	-0.03775	-0.02952	-0.00298	0.02947	-0.02472	-0.01061	(And (Member $e0 start) (Patient $e0 $x0))
p203718	0.05933	0.02112	-0.04587	0.01779	-0.07176	0.08462	0.06860	-0.03669	-0.07794	0.06667	0.14944	0.08158	-0.05931	0.03961	-0.11734	-0.05827	-0.08238	0.07036	-0.06176	-0.00898	0.12921	0.15240	-0.05042	-0.06349	0.10187	-0.05446	0.29297	-0.07935	-0.02922	-0.00310	-0.09601	-0.14786	(And (Member $e0 teach) (Theme $e0 glazing))
p203719	-0.06033	0.00517	-0.02204	-0.02832	0.01902	-0.14058	0.13797	0.00751	-0.02555	-0.06587	-0.01096	0.11387	-0.06659	0.01728	0.13797	-0.02978	0.16845	-0.07024	-0.06324	-0.00730	0.14222	-0.08525	0.03144	0.13508	0.02009	-0.14059	0.21259	0.08417	-0.01992	0.08129	0.02386	0.16029	(And (Member $e0 win) (Past $e0))
p203720	-0.06033	0.00517	-0.02204	-0.02832	0.01902	-0.14058	0.13797	0.00751	-0.02555	-0.06587	-0.01096	0.11387	-0.06659	0.01728	0.13797	-0.02978	0.16845	-0.07024	-0.06324	-0.00730	0.14222	-0.08525	0.03144	0.13508	0.02009	-0.14059	0.21259	0.08417	-0.01992	0.08129	0.02386	0.16029	(And (Member $e0 win) (Theme $e0 $x0))
p203721	-0.01184	0.06087	-0.03163	0.08160	0.14655	-0.03005	-0.01922	-0.08469	-0.02977	0.06085	0.07760	0.04201	-0.01164	-0.00547	0.05212	-0.04118	0.01395	-0.02892	0.04123	0.03898	0.04939	-0.02554	-0.03308	-0.02460	-0.02665	0.05084	-0.02764	0.01048	-0.05827	-0.03925	0.11677	-0.01223	(And (Member $x0 afternoon_session) (Patient $e0 $x0))
p203722	0.00006	-0.00016	-0.00143	-0.00609	-0.00652	0.00179	-0.00311	0.00430	-0.00262	0.00092	-0.00590	-0.00139	-0.00452	-0.00711	0.00270	0.00052	0.00128	0.00119	0.00248	0.00996	0.00246	-0.00579	0.00702	0.00648	0.00334	0.00072	-0.00037	-0.00603	0.00019	-0.00651	0.00158	0.00196	(And (Member $x0 bench) (Member $x0 new))
p203723	-0.01826	-0.02847	-0.02496	-0.00208	0.00396	0.01264	0.01845	-0.02595	-0.00811	0.02160	-0.00434	0.00849	-0.01173	0.00075	0.00739	-0.01899	-0.02596	0.02116	-0.01580	-0.02618	-0.00383	-0.00475	-0.00391	-0.03328	-0.02433	0.03692	-0.00907	0.01094	0.02911	0.02276	-0.02170	0.01542	(And (Member $x0 departure) (Possession $x0 $x1))
p203724	-0.05315	-0.05322	-0.03837	0.04373	0.03523	-0.00443	0.13551	0.06182	-0.04032	0.05916	-0.02704	-0.09053	0.05580	-0.01803	-0.10938	0.06325	0.14273	-0.01662	-0.03121	-0.03603	-0.04029	-0.06383	-0.10490	-0.11595	0.00396	-0.06843	-0.07918	-0.06012	-0.00194	0.05409	-0.04582	-0.02848	(And (Member $x0 dress_rehearsal) (Patient $e0 $x0))
p203725	0.04573	-0.03872	0.00159	0.04613	-0.01498	0.02711	0.02099	0.01565	0.06160	-0.02491	-0.03823	0.00656	-0.03837	0.00943	0.01631	0.04919	-0.02280	0.01530	-0.03671	-0.01687	0.00614	-0.02842	-0.02140	0.01163	0.08479	0.05198	-0.00645	-0.00308	-0.06438	0.00215	0.00349	-0.03125	(And (Member $x0 drill) (Theme $e0 $x0))
p203726	0.00758	0.00218	-0.00576	0.00065	-0.00457	-0.00234	-0.00452	-0.00440	-0.00432	0.00109	-0.00424	-0.01229	-0.00418	-0.01055	0.00449	-0.00375	0.00424	-0.00666	0.00109	0.00718	0.00072	-0.00017	-0.00393	0.00588	0.00326	0.00198	0.00069	-0.00133	0.00097	-0.00144	-0.00056	0.00136	(And (Member $x0 elm) (Member $x0 last))
p203727	-0.06033	0.00517	-0.02204	-0.02832	0.01902	-0.14058	0.13797	0.00751	-0.02555	-0.06587	-0.01096	0.11387	-0.06659	0.01728	0.13797	-0.02978	0.16845	-0.07024	-0.06324	-0.00730	0.14222	-0.08525	0.03144	0.13508	0.02009	-0.14059	0.21259	0.08417	-0.01992	0.08129	0.02386	0.16029	(And (Member $x0 emmy) (Theme $e0 $x0))
p203728	-0.03872	0.00525	-0.01629	-0.02268	0.01444	-0.00177	-0.00709	-0.00549	0.02999	0.00484	-0.00663	0.03731	-0.03029	0.06078	-0.02477	-0.02368	0.00499	0.02932	-0.01710	0.02623	-0.02436	0.00460	0.04446	-0.05437	-0.00104	0.03274	-0.03393	-0.02830	-0.01278	-0.01049	-0.00794	0.02348	(And (Member $x0 family) (Possession $x0 $x1))
p203729	-0.01781	-0.02809	-0.02454	-0.00164	0.00442	0.01313	0.01893	-0.02548	-0.00768	0.02207	-0.00390	0.00896	-0.01127	0.00121	0.00786	-0.01854	-0.02552	0.02163	-0.01533	-0.02572	-0.00333	-0.00429	-0.00345	-0.03282	-0.02387	0.03743	-0.00869	0.01140	0.02961	0.02319	-0.02126	0.01584	(And (Member $x0 ferry) (Possession $x1 $x0))
p203730	0.12275	-0.01835	0.01936	0.11293	0.00676	0.11739	-0.13333	0.12622	-0.06708	0.05262	0.12218	0.06027	-0.06098	0.03175	0.02937	0.12822	0.14780	0.03451	-0.05411	0.07208	-0.15222	0.08377	0.15661	-0.01823	-0.11576	-0.07479	0.05157	0.02912	0.15748	0.14210	0.08194	0.06801	(And (Member $x0 file) (Theme $e0 $x0))
p203731	-0.03703	-0.04761	-0.04798	-0.10167	0.01771	-0.05485	-0.04412	-0.06582	-0.01114	0.15439	0.05692	-0.15135	-0.08740	0.08756	0.02977	0.11966	-0.02132	0.08500	0.10181	-0.09048	-0.02092	-0.07899	0.15609	0.00814	0.11377	-0.05975	-0.01260	0.07713	-0.13667	0.10246	-0.03164	-0.03140	(And (Member $x0 gearbox) (Patient $e0 $x0))
p203732	0.03655	0.03848	0.05441	0.03676	-0.04507	-0.01058	0.04857	-0.03437	0.02046	-0.05165	0.00701	0.01948	-0.04778	-0.04300	-0.03783	-0.04519	-0.03774	-0.00840	0.08324	-0.03543	-0.05236	-0.02512	0.05223	-0.01515	-0.04054	-0.02558	0.00807	-0.07342	-0.04080	0.04264	0.02238	0.02788	(And (Member $x0 generator) (Theme $e0 $x0))
p203733	0.00229	0.00242	-0.00525	0.01768	-0.00508	-0.00591	0.00772	-0.00340	-0.00785	0.01279	-0.00772	-0.03782	0.00496	-0.02119	0.00040	-0.00165	0.02169	-0.01218	-0.00224	0.00480	-0.00398	-0.00885	-0.03684	-0.00066	0.00632	-0.00475	-0.00475	-0.00300	-0.00245	0.00886	-0.00540	0.00213	(And (Member $x0 hearing) (Patient $e0 $x0))
p203734	-0.02203	0.02572	-0.03554	0.04076	-0.08548	0.09136	-0.09911	-0.01192	0.07211	-0.00923	-0.09852	-0.01366	0.07189	0.01453	0.04767	0.02859	0.09876	-0.03383	0.10176	-0.01860	0.14479	-0.04125	0.07243	-0.06784	-0.05358	0.02132	0.10808	-0.00847	0.01636	-0.07197	-0.01338	-0.13594	(And (Member $x0 hotel) (Patient $e0 $x0))
p203735	0.06466	-0.08316	0.02423	0.06756	0.07957	-0.07976	-0.03023	0.06360	-0.02033	-0.01215	-0.04026	-0.07344	0.09875	-0.05761	0.08735	-0.01367	-0.06245	0.03997	0.01458	-0.03962	0.18003	0.08564	0.08270	-0.03448	0.03966	-0.01257	-0.09115	-0.06481	-0.02229	-0.02600	-0.01395	0.13445	(And (Member $x0 kiln) (Ordinal $x0 <num> buy))
p203736	0.01881	0.00897	0.02368	0.00878	-0.03273	-0.01942	0.02569	-0.01582	-0.00959	-0.03152	0.00384	0.01070	-0.01440	-0.02490	-0.02528	-0.02070	-0.01761	-0.00856	0.04612	-0.04721	-0.02926	-0.00175	0.01223	-0.01583	-0.04136	-0.01104	0.00983	-0.02586	-0.02469	0.01697	0.00873	0.01627	(And (Member $x0 ladder) (Theme $e0 $x0))
p203737	0.01793	-0.00992	0.00182	-0.00289	-0.00011	0.00545	-0.01047	-0.00375	-0.00112	-0.01674	-0.00654	-0.00018	-0.00085	-0.00252	0.00222	-0.00528	-0.00184	-0.01913	-0.01337	-0.03230	-0.01574	0.01004	-0.00407	-0.00434	0.00158	-0.00634	0.01704	0.02768	0.00616	-0.00276	-0.01806	-0.01301	(And (Member $x0 lane) (Theme $e0 $x0))
p203738	0.00375	-0.01444	0.03385	-0.00334	-0.00236	-0.01832	-0.01388	-0.03272	0.02780	0.03295	-0.01989	0.00905	0.05140	0.02601	-0.01410	-0.01409	-0.01371	-0.04301	-0.03173	0.02657	0.01901	-0.02950	0.00271	-0.00713	0.06718	-0.01275	-0.00253	0.00658	0.04594	0.02299	0.01635	-0.02125	(And (Member $x0 manifest) (Theme $e0 $x0))
p203739	0.02385	-0.01296	0.00619	0.00312	-0.00700	0.00171	-0.00668	-0.00724	-0.00100	-0.01348	-0.00451	-0.00549	-0.00522	-0.00016	0.00629	-0.00340	-0.00135	-0.01484	-0.01823	-0.03299	-0.02042	0.00421	-0.00545	-0.00526	0.00251	-0.00400	0.02022	0.02703	0.01031	-0.00556	-0.02247	-0.00966	(And (Member $x0 manuscript) (Theme $e0 $x0))
p203740	0.12275	-0.01835	0.01936	0.11293	0.00676	0.11739	-0.13333	0.12622	-0.06708	0.05262	0.12218	0.06027	-0.06098	0.03175	0.02937	0.12822	0.14780	0.03451	-0.05411	0.07208	-0.15222	0.08377	0.15661	-0.01823	-0.11576	-0.07479	0.05157	0.02912	0.15748	0.14210	0.08194	0.06801	(And (Member $x0 missing) (Theme $e0 $x0))
p203741	-0.05482	0.01080	0.03111	0.05484	-0.01163	-0.00995	-0.02420	-0.00374	-0.01383	-0.00036	-0.03126	-0.01220	-0.02075	-0.03408	-0.06846	0.00888	0.00039	0.08307	0.02783	0.04566	0.03889	-0.02275	0.02720	0.06938	0.00720	-0.01073	-0.01792	0.04874	0.01021	-0.04131	-0.02779	-0.03986	(And (Member $x0 new) (Member $x0 roof))
p203742	-0.05482	0.01080	0.03111	0.05484	-0.01163	-0.00995	-0.02420	-0.00374	-0.01383	-0.00036	-0.03126	-0.01220	-0.02075	-0.03408	-0.06846	0.00888	0.00039	0.08307	0.02783	0.04566	0.03889	-0.02275	0.02720	0.06938	0.00720	-0.01073	-0.01792	0.04874	0.01021	-0.04131	-0.02779	-0.03985	(And (Member $x0 new) (Theme $e0 $x0))
p203743	0.00058	0.02861	0.00237	0.00984	-0.03978	-0.03720	-0.03248	0.00479	0.07796	0.01828	-0.00547	-0.00775	-0.03579	0.03316	-0.04518	-0.03514	0.07361	-0.00919	0.00708	-0.01279	-0.01136	0.03365	-0.01503	-0.03557	0.03042	0.03272	-0.06502	0.03478	-0.04513	-0.03391	-0.03208	0.05575	(And (Member $x0 person) (Theme $e0 $x0))
p203744	0.02344	-0.01266	0.00611	0.00307	-0.00679	0.00189	-0.00669	-0.00719	-0.00116	-0.01332	-0.00462	-0.00528	-0.00531	-0.00024	0.00612	-0.00341	-0.00135	-0.01449	-0.01795	-0.03235	-0.01997	0.00390	-0.00514	-0.00514	0.00248	-0.00398	0.01972	0.02665	0.01031	-0.00552	-0.02203	-0.00951	(And (Member $x0 proposal) (Theme $e0 $x0))
p203745	-0.05482	0.01080	0.03111	0.05484	-0.01163	-0.00995	-0.02420	-0.00374	-0.01383	-0.00036	-0.03126	-0.01220	-0.02075	-0.03408	-0.06846	0.00888	0.00039	0.08307	0.02783	0.04566	0.03889	-0.02275	0.02720	0.06938	0.00720	-0.01073	-0.01792	0.04874	0.01021	-0.04131	-0.02779	-0.03985	(And (Member $x0 roof) (Theme $e0 $x0))
p203746	0.02807	-0.01336	0.00649	0.00884	0.00283	-0.00204	-0.00833	-0.01476	0.00088	-0.01117	0.00062	-0.00594	-0.00530	0.00016	0.01559	-0.00694	-0.00063	-0.02463	-0.01994	-0.03783	-0.02170	0.00539	-0.01176	-0.00858	0.00176	-0.00081	0.02486	0.03100	0.00306	-0.01210	-0.01737	-0.01107	(And (Member $x0 scan) (Theme $e0 $x0))
p203747	0.00236	-0.01613	0.00669	-0.00614	-0.01369	0.01275	-0.00387	-0.01307	-0.00708	-0.00297	-0.01123	-0.00580	-0.01399	-0.01057	0.02003	-0.02234	-0.01526	0.00419	0.00397	-0.02855	-0.00602	0.00338	-0.02017	-0.01447	0.00182	0.01810	0.01073	0.02115	0.02792	0.02060	-0.02544	0.00538	(And (Member $x0 search) (Theme $e0 $x0))
p203748	-0.03703	-0.04761	-0.04798	-0.10167	0.01771	-0.05485	-0.04412	-0.06582	-0.01114	0.15439	0.05692	-0.15135	-0.08740	0.08756	0.02977	0.11966	-0.02132	0.08500	0.10181	-0.09048	-0.02092	-0.07899	0.15609	0.00814	0.11377	-0.05975	-0.01260	0.07713	-0.13667	0.10246	-0.03164	-0.03140	(And (Member $x0 seized) (Patient $e0 $x0))
p203749	-0.01225	0.06096	-0.03135	0.08114	0.14594	-0.02977	-0.01935	-0.08386	-0.03001	0.06057	0.07727	0.04223	-0.01191	-0.00605	0.05166	-0.04081	0.01402	-0.02851	0.04144	0.03973	0.04941	-0.02591	-0.03254	-0.02337	-0.02624	0.05089	-0.02800	0.00950	-0.05756	-0.03875	0.11689	-0.01176	(And (Member $x0 summer_fair) (Patient $e0 $x0))
p203750	-0.11895	-0.06425	-0.05863	-0.05118	-0.07180	0.06705	0.05292	-0.09005	-0.05378	0.09354	-0.04141	0.02151	-0.05242	-0.05894	0.05321	-0.10270	-0.12913	0.10995	0.05509	-0.03735	0.11367	-0.01662	-0.07518	-0.04976	-0.07943	0.17260	-0.10506	-0.03716	0.15457	0.13807	-0.03528	0.16472	(And (Member $x0 tender) (Theme $e0 $x0))
p203751	0.08008	0.20615	0.01640	-0.04562	0.01688	0.14695	-0.04702	-0.09147	-0.07532	0.04092	-0.03972	0.10598	0.16394	-0.03768	0.02128	0.08981	0.07023	0.10623	-0.04153	-0.04724	-0.06979	-0.07922	-0.08846	0.12191	0.01409	-0.13701	-0.04236	-0.08771	-0.08888	0.02745	-0.06064	0.08906	(And (Member $x0 view) (Possession $x0 free_soil_party))
p203752	0.08008	0.20615	0.01640	-0.04562	0.01688	0.14695	-0.04702	-0.09147	-0.07532	0.04092	-0.03972	0.10598	0.16394	-0.03768	0.02128	0.08981	0.07023	0.10623	-0.04153	-0.04724	-0.06979	-0.07922	-0.08846	0.12191	0.01409	-0.13701	-0.04236	-0.08771	-0.08888	0.02745	-0.06064	0.08906	(And (Member $x0 view) (Possession $x0 republican_party))
p203753	0.08008	0.20615	0.01640	-0.04562	0.01688	0.14695	-0.04702	-0.09147	-0.07532	0.04092	-0.03972	0.10598	0.16394	-0.03768	0.02128	0.08981	0.07023	0.10623	-0.04153	-0.04724	-0.06979	-0.07922	-0.08846	0.12191	0.01409	-0.13701	-0.04236	-0.08771	-0.08888	0.02745	-0.06064	0.08906	(And (Member $x0 view) (Theme $e0 $x0))
p203754	-0.00941	-0.01273	-0.01313	0.00818	0.01890	0.00022	0.00900	-0.01162	-0.00756	-0.02325	-0.00872	0.01024	0.01172	-0.00500	-0.02405	0.00097	-0.00579	0.01217	-0.02326	-0.01614	-0.00750	-0.01151	0.01033	-0.00088	-0.01025	-0.01388	0.00194	0.02959	0.00843	-0.01144	-0.02574	-0.01923	(And (Member $x0 vote) (Theme $e0 $x0))
p203755	-0.03134	0.00493	0.03529	-0.05578	-0.06332	0.09857	-0.00573	-0.06637	0.01364	-0.06968	0.08006	-0.10220	-0.06552	0.01865	-0.08965	0.10063	-0.09285	-0.08585	-0.04382	0.06020	0.12278	-0.05820	-0.05755	-0.04934	-0.03246	-0.07518	-0.13997	0.02741	-0.05460	-0.08956	0.05874	0.16749	(And (Member $x0 wreck) (Theme $e0 $x0))
p203756	0.02808	-0.01333	0.00651	0.00886	0.00286	-0.00201	-0.00830	-0.01474	0.00091	-0.01114	0.00064	-0.00593	-0.00526	0.00018	0.01559	-0.00690	-0.00061	-0.02460	-0.01990	-0.03781	-0.02167	0.00542	-0.01174	-0.00856	0.00178	-0.00078	0.02489	0.03102	0.00308	-0.01208	-0.01734	-0.01103	(And (Ordinal $x0 <num> scan) (Theme $e0 $x0))
p203757	-0.02874	0.00949	0.05629	0.05301	-0.00959	0.00759	0.01168	0.02437	0.00067	0.04237	0.01557	0.00442	-0.01470	0.04235	0.00297	-0.02810	0.01976	0.00467	0.03885	0.01662	0.00065	-0.01552	-0.03199	-0.02551	0.01550	0.01315	-0.02739	-0.02258	-0.01714	-0.03808	0.06624	-0.02017	(And (Past $e0) (Recipient $e0 $x0))
p203758	-0.00665	0.02654	-0.02553	0.03029	-0.03380	-0.03099	-0.03251	-0.04224	0.08487	-0.04754	0.03925	-0.03777	0.05690	-0.01227	0.04562	-0.05293	-0.05515	0.07364	-0.02163	0.04423	-0.06860	0.06929	0.01071	0.01879	-0.04649	-0.04339	0.09445	0.07485	-0.03520	0.08300	-0.02489	0.02221	(And (Past $e0) (Result $e0 $e1))
p203759	0.00229	0.00242	-0.00525	0.01768	-0.00508	-0.00590	0.00772	-0.00340	-0.00784	0.01279	-0.00771	-0.03782	0.00497	-0.02118	0.00040	-0.00165	0.02169	-0.01218	-0.00223	0.00480	-0.00397	-0.00884	-0.03684	-0.00066	0.00633	-0.00475	-0.00474	-0.00300	-0.00244	0.00887	-0.00540	0.00214	(And (Patient $e0 $x0) (Time $e0 (Weekday monday)))
p203760	0.00227	0.00240	-0.00527	0.01766	-0.00510	-0.00593	0.00770	-0.00342	-0.00787	0.01277	-0.00774	-0.03784	0.00494	-0.02120	0.00038	-0.00167	0.02167	-0.01220	-0.00226	0.00478	-0.00399	-0.00886	-0.03686	-0.00068	0.00630	-0.00477	-0.00476	-0.00302	-0.00246	0.00885	-0.00542	0.00211	(And (Patient $e0 $x0) (Time $e0 morning))
p203761	0.08008	0.20615	0.01640	-0.04562	0.01688	0.14695	-0.04702	-0.09147	-0.07532	0.04092	-0.03972	0.10598	0.16394	-0.03768	0.02128	0.08981	0.07023	0.10623	-0.04153	-0.04724	-0.06979	-0.07922	-0.08846	0.12191	0.01409	-0.13701	-0.04236	-0.08771	-0.08888	0.02745	-0.06064	0.08906	(And (Possession $x0 free_soil_party) (Possession $x0 republican_party))
p203762	0.08008	0.20615	0.01640	-0.04562	0.01688	0.14695	-0.04702	-0.09147	-0.07532	0.04092	-0.03972	0.10598	0.16394	-0.03768	0.02128	0.08981	0.07023	0.10623	-0.04153	-0.04724	-0.06979	-0.07922	-0.08846	0.12191	0.01409	-0.13701	-0.04236	-0.08771	-0.08888	0.02745	-0.06064	0.08906	(And (Possession $x0 free_soil_party) (Theme $e0 $x0))
p203763	0.08008	0.20615	0.01640	-0.04562	0.01688	0.14695	-0.04702	-0.09147	-0.07532	0.04092	-0.03972	0.10598	0.16394	-0.03768	0.02128	0.08981	0.07023	0.10623	-0.04153	-0.04724	-0.06979	-0.07922	-0.08846	0.12191	0.01409	-0.13701	-0.04236	-0.08771	-0.08888	0.02745	-0.06064	0.08906	(And (Possession $x0 republican_party) (Theme $e0 $x0))
p203764	0.05933	0.02112	-0.04587	0.01779	-0.07176	0.08462	0.06860	-0.03669	-0.07794	0.06667	0.14944	0.08158	-0.05931	0.03961	-0.11734	-0.05827	-0.08238	0.07036	-0.06176	-0.00898	0.12921	0.15240	-0.05042	-0.06349	0.10187	-0.05446	0.29296	-0.07935	-0.02922	-0.00310	-0.09601	-0.14786	(And (Recipient $e0 $x0) (Theme $e0 glazing))
p203765	0.00230	0.00243	-0.00525	0.01768	-0.00507	-0.00590	0.00772	-0.00339	-0.00784	0.01280	-0.00771	-0.03782	0.00497	-0.02118	0.00040	-0.00164	0.02169	-0.01218	-0.00223	0.00480	-0.00397	-0.00884	-0.03684	-0.00066	0.00633	-0.00475	-0.00474	-0.00300	-0.00244	0.00887	-0.00540	0.00214	(And (Time $e0 (Weekday monday)) (Time $e0 morning))
p203860	0.02901	-0.01614	0.00683	0.00153	-0.01211	-0.00005	-0.00709	-0.00672	0.00084	-0.01578	-0.00493	-0.00869	-0.00510	-0.00055	0.00853	-0.00300	-0.00161	-0.01985	-0.02038	-0.03989	-0.02404	0.00781	-0.00892	-0.00481	0.00429	-0.00354	0.02488	0.02953	0.01058	-0.00624	-0.02617	-0.00972	(Agent $e0 jica)
p203861	-0.01708	-0.02089	0.00967	-0.01784	0.01274	0.01511	-0.00460	0.01323	0.01537	-0.01260	-0.00318	0.02660	-0.00542	0.04887	-0.00153	-0.00739	-0.00620	0.00830	-0.01638	0.00875	0.00277	-0.00028	0.01445	-0.00854	-0.01799	-0.00225	-0.01447	-0.03434	-0.00839	-0.00607	0.00869	-0.01048	(But $e0 $e1)
p203862	0.09350	-0.08081	0.01464	-0.01375	0.09306	0.07350	0.06011	0.05349	-0.02813	0.03758	-0.01442	-0.06156	0.07446	0.11501	-0.09018	-0.06742	-0.10670	-0.04603	0.06897	0.03476	-0.17955	-0.03647	0.02371	0.04790	-0.04218	0.15083	0.14383	0.03316	-0.00625	-0.03424	-0.04034	0.11334	(GroupOf $x0 sequence)
p203863	0.01562	-0.00125	-0.01153	-0.01372	0.00132	0.00149	-0.00871	-0.00222	-0.00615	-0.00613	-0.00563	0.00453	-0.01023	-0.00313	-0.00073	-0.00398	0.00745	-0.00392	-0.00076	0.00431	0.00413	0.00242	0.01371	0.00760	0.00451	-0.00018	0.00088	-0.00357	0.00930	-0.00829	-0.00071	-0.00459	(GroupOf $x0 soil_sample)
p203864	-0.00246	-0.00506	0.00525	0.00240	-0.00195	0.00409	-0.00558	-0.00243	-0.00221	0.00456	-0.00379	0.00666	-0.01094	0.01243	0.00121	-0.00825	-0.00158	0.00216	-0.00498	-0.01501	-0.00640	-0.00277	0.00099	-0.00864	-0.00109	0.00390	-0.00125	0.00249	0.00445	-0.00745	-0.00448	-0.00310	(GroupOf $x0 tradition)
p203865	-0.02706	-0.05285	-0.14363	-0.06231	-0.02109	0.01166	-0.12186	0.06191	-0.02742	0.07677	-0.06284	0.05126	0.07811	-0.03355	-0.13359	0.05608	0.02094	-0.02791	0.06945	-0.16548	0.07167	0.17692	-0.06213	0.08825	-0.10365	-0.02795	-0.00672	0.05205	-0.02593	0.04162	0.21524	-0.06628	(Holder $e0 kristoffer)
p203866	-0.02203	0.02572	-0.03554	0.04076	-0.08548	0.09136	-0.09911	-0.01192	0.07211	-0.00923	-0.09852	-0.01366	0.07189	0.01453	0.04767	0.02859	0.09876	-0.03383	0.10176	-0.01860	0.14479	-0.04126	0.07243	-0.06784	-0.05358	0.02132	0.10807	-0.00847	0.01636	-0.07197	-0.01338	-0.13594	(Location $e0 eskisehir)
p203867	-0.05496	-0.00714	0.04048	0.01505	0.02818	0.03064	-0.01841	0.01760	0.00486	0.02947	0.02117	0.04944	-0.03795	0.10453	-0.00123	-0.01225	-0.00764	0.04135	-0.02127	0.02300	-0.01933	-0.01396	0.03220	-0.05794	-0.03342	0.00415	-0.01834	-0.03896	-0.00853	-0.01063	0.02271	-0.00018	(Location $e0 japan)
p203868	-0.02203	0.02572	-0.03554	0.04076	-0.08548	0.09136	-0.09911	-0.01192	0.07211	-0.00923	-0.09852	-0.01366	0.07189	0.01453	0.04767	0.02859	0.09876	-0.03383	0.10176	-0.01860	0.14479	-0.04125	0.07243	-0.06784	-0.05358	0.02132	0.10807	-0.00847	0.01636	-0.07197	-0.01338	-0.13594	(Location $e0 kazakhstan)
p203869	-0.03360	0.03844	-0.05315	0.06101	-0.12861	0.13685	-0.14851	-0.01806	0.10775	-0.01387	-0.14800	-0.02107	0.10760	0.02148	0.07138	0.04306	0.14734	-0.05096	0.15240	-0.02783	0.21706	-0.06218	0.10833	-0.10193	-0.08050	0.03313	0.16157	-0.01299	0.02566	-0.10815	-0.02036	-0.20386	(Location $e0 turkey)
p203870	0.09350	-0.08081	0.01464	-0.01375	0.09306	0.07350	0.06011	0.05349	-0.02813	0.03758	-0.01442	-0.06156	0.07446	0.11501	-0.09018	-0.06742	-0.10670	-0.04603	0.06897	0.03476	-0.17955	-0.03647	0.02371	0.04790	-0.04218	0.15083	0.14383	0.03316	-0.00625	-0.03424	-0.04034	0.11334	(Manner $e0 $x0)
p203871	-0.00070	0.04053	-0.01026	-0.00697	-0.00412	0.01215	0.05452	0.01414	-0.01651	-0.00924	0.02983	-0.02584	0.02325	0.01928	0.02588	-0.04852	0.01003	0.01931	0.00745	-0.00590	-0.00589	0.00149	-0.01944	-0.01794	0.01496	-0.01798	-0.03698	0.01226	0.02037	-0.03963	0.04414	-0.01071	(Member $e0 acquire)
p203872	-0.00773	-0.00662	0.01143	0.01131	0.00157	0.00456	-0.01135	-0.00280	-0.00523	-0.00145	-0.00769	0.00566	-0.01237	0.03283	-0.00083	-0.00731	0.00014	-0.00034	-0.00906	0.00146	-0.00271	0.01276	-0.00227	0.00486	-0.00809	-0.00175	-0.00443	-0.00914	-0.00352	-0.00402	0.00397	-0.00990	(Member $e0 add)
p203873	0.01629	-0.01010	-0.02146	-0.01852	0.02302	0.00563	0.00002	-0.00955	-0.00257	-0.01089	0.00096	0.01680	-0.00520	0.00416	-0.00416	-0.00282	0.00912	0.00066	-0.00692	0.00607	0.01831	0.00678	0.01382	-0.00011	-0.00836	-0.00330	-0.00887	-0.00367	0.01087	-0.01106	-0.00151	-0.01427	(Member $e0 allow)
p203874	0.01793	-0.00991	0.00182	-0.00289	-0.00011	0.00546	-0.01047	-0.00374	-0.00112	-0.01674	-0.00654	-0.00018	-0.00084	-0.00252	0.00222	-0.00528	-0.00184	-0.01913	-0.01337	-0.03229	-0.01573	0.01004	-0.00407	-0.00434	0.00158	-0.00633	0.01705	0.02768	0.00616	-0.00276	-0.01805	-0.01301	(Member $e0 block)
p203875	-0.02299	-0.02366	-0.02090	0.03013	0.01384	-0.00564	0.06917	0.02630	-0.02321	0.03439	-0.01592	-0.06092	0.02818	-0.01883	-0.05087	0.02997	0.07909	-0.01622	-0.01609	-0.01450	-0.02397	-0.03408	-0.06949	-0.05558	0.00734	-0.03595	-0.03830	-0.03004	-0.00260	0.02887	-0.02478	-0.01091	(Member $e0 commence)
p203876	0.09350	-0.08081	0.01464	-0.01375	0.09306	0.07350	0.06011	0.05349	-0.02813	0.03758	-0.01442	-0.06156	0.07446	0.11501	-0.09018	-0.06742	-0.10670	-0.04603	0.06897	0.03476	-0.17955	-0.03647	0.02371	0.04790	-0.04218	0.15083	0.14383	0.03316	-0.00625	-0.03424	-0.04034	0.11334	(Member $e0 define)
p203877	0.02421	0.00744	-0.00601	0.04531	-0.03736	-0.00260	-0.00734	-0.07355	-0.01583	-0.07265	-0.04387	-0.05384	0.00161	0.01923	0.02267	0.00604	-0.05087	-0.02160	-0.04720	0.05459	-0.03446	0.09478	-0.01950	0.06979	-0.03388	-0.00755	0.02077	0.00538	0.00557	0.06948	-0.03287	0.01675	(Member $e0 design)
p203878	-0.04436	0.01800	-0.00368	0.04149	-0.01836	-0.05489	-0.03349	0.03779	0.15596	-0.00460	0.13966	0.01691	0.10222	-0.05241	0.05122	-0.05302	-0.03671	0.09014	0.02278	0.00146	-0.10478	-0.01899	-0.02155	-0.04568	-0.03868	-0.05353	0.12122	0.06511	-0.03131	0.05013	-0.01170	0.06382	(Member $e0 error)
p203879	-0.01667	-0.00638	0.02651	0.01493	0.01024	0.01880	-0.00669	0.01165	-0.00789	0.01037	-0.00182	0.01949	-0.00743	0.05119	0.00473	-0.01062	0.00706	0.00907	-0.00879	-0.01159	-0.00588	-0.00686	-0.00441	-0.01227	-0.00170	-0.01032	-0.01266	-0.01554	-0.00307	-0.02127	0.00736	-0.01124	(Member $e0 follow)
p203880	0.00597	-0.00245	-0.00419	0.00395	-0.00676	-0.00171	-0.00592	-0.01117	-0.00569	-0.00912	-0.00388	-0.01294	-0.00204	-0.00291	0.00526	-0.00424	-0.00200	-0.00710	-0.00524	0.01025	-0.00492	0.01171	-0.00332	0.01053	-0.00206	0.00297	0.00139	-0.00310	0.00094	0.00535	-0.00460	0.00124	(Member $e0 form)
p203881	-0.03786	-0.01088	0.01797	-0.01124	0.00327	0.05480	-0.01288	0.00274	-0.01800	0.00294	-0.01641	0.01263	-0.02492	0.00333	0.02041	-0.03647	-0.00802	0.01181	0.04117	0.00080	0.02326	0.01078	-0.03150	-0.03346	0.00856	0.01704	-0.02485	0.00193	0.01914	0.03679	-0.01796	0.01121	(Member $e0 give_up)
p203882	0.04583	0.04250	-0.08921	0.04817	-0.14713	-0.05551	-0.10768	-0.02231	0.14927	0.04933	-0.05340	0.01831	-0.07508	-0.01195	-0.13257	-0.04762	0.26007	-0.04149	0.07953	0.06376	-0.14570	0.17482	0.05772	-0.03441	0.11673	0.03937	-0.10602	0.09784	-0.07512	-0.07332	-0.04937	0.21599	(Member $e0 include)
p203883	-0.01618	-0.00836	-0.00069	-0.01411	0.01311	0.00872	-0.00286	0.00166	0.00035	0.00844	-0.00002	0.02060	-0.02009	0.04765	-0.00749	-0.01556	-0.00964	0.01081	-0.01355	-0.02178	-0.01032	-0.01019	0.01281	-0.02707	0.00200	0.01747	-0.02071	-0.02666	0.00805	-0.01700	-0.00471	-0.00435	(Member $e0 influence)
p203884	-0.06156	0.01589	0.05262	0.06018	-0.05288	-0.02175	-0.05352	-0.00419	-0.00702	0.01835	-0.03935	-0.02857	-0.04322	-0.04820	-0.07904	0.00492	0.00359	0.08729	0.07279	0.05102	0.04630	-0.01149	0.01912	0.10127	0.02798	-0.00743	-0.01351	0.04840	0.00582	-0.05844	-0.01843	-0.03581	(Member $e0 make)
p203885	-0.02352	0.00511	-0.00538	-0.00988	0.02119	-0.00411	0.00023	-0.01046	0.01102	0.00435	0.00437	0.01193	-0.01402	0.02812	0.00282	-0.01634	-0.01444	0.02110	-0.01289	0.01955	-0.01308	-0.00790	0.01703	-0.03168	-0.00964	0.01535	-0.00305	-0.01690	-0.00387	0.00352	-0.00172	0.00610	(Member $e0 move)
p203886	0.02791	-0.01469	0.00699	0.00548	-0.00319	-0.00096	-0.00756	-0.01108	0.00105	-0.01324	-0.00221	-0.00729	-0.00528	-0.00018	0.01223	-0.00520	-0.00093	-0.02238	-0.02041	-0.03810	-0.02261	0.00580	-0.01016	-0.00680	0.00319	-0.00231	0.02441	0.02982	0.00618	-0.00958	-0.02178	-0.01042	(Member $e0 order)
p203887	-0.00266	-0.00623	0.00623	-0.00476	0.00317	0.00917	-0.01253	0.00856	-0.00405	0.00049	-0.00820	0.01207	-0.01504	0.02386	-0.00362	-0.00837	0.00683	0.00459	-0.00571	0.00293	0.00736	0.00048	0.01155	0.00175	-0.00525	0.00248	-0.00720	-0.01474	0.00142	-0.00875	0.00693	-0.01272	(Member $e0 play)
p203888	-0.00070	0.04053	-0.01026	-0.00697	-0.00412	0.01215	0.05452	0.01414	-0.01651	-0.00924	0.02983	-0.02584	0.02325	0.01928	0.02588	-0.04852	0.01003	0.01931	0.00745	-0.00590	-0.00589	0.00149	-0.01944	-0.01794	0.01496	-0.01798	-0.03698	0.01226	0.02037	-0.03963	0.04414	-0.01071	(Member $e0 purchase)
p203889	-0.04401	0.03396	0.08519	0.06319	-0.06847	-0.02090	-0.06853	0.02061	-0.01028	0.02114	-0.04001	-0.05234	-0.05994	-0.04956	-0.08015	-0.01206	0.01518	0.10302	0.06893	0.06304	0.04992	-0.02279	0.02336	0.11121	0.02607	0.01361	-0.01284	0.04612	0.01607	-0.04407	-0.02911	-0.04540	(Member $e0 reach)
p203890	-0.01201	-0.00587	0.01412	0.00087	0.00961	0.00836	-0.00930	0.01199	-0.00593	0.00412	-0.00319	0.01870	-0.01351	0.04194	-0.00187	-0.00572	0.00513	0.00488	-0.00885	-0.00323	-0.00192	-0.00593	0.00946	-0.00780	-0.00220	-0.00051	-0.01087	-0.02138	-0.00217	-0.01604	0.00793	-0.01235	(Member $e0 replace)
p203891	-0.03597	-0.02674	0.11042	0.08000	-0.02989	-0.03053	-0.03504	0.02645	0.00917	0.07179	-0.00939	-0.02917	-0.02035	0.00318	-0.00792	0.02396	0.01465	-0.01759	0.01308	-0.07450	-0.02989	-0.01215	-0.06106	-0.02172	0.00207	0.03331	0.02874	0.05630	-0.04035	-0.03192	-0.01052	-0.03373	(Member $e0 serve)
p203892	0.02079	0.01851	-0.01423	0.01630	0.02149	-0.01711	-0.01456	-0.01913	-0.01298	0.00811	0.02263	-0.01253	-0.01312	-0.01224	0.01123	-0.01601	0.01600	-0.02408	0.00601	-0.00265	0.00814	-0.00504	-0.01732	0.01146	0.01133	0.01588	-0.00083	0.00919	-0.00376	-0.00321	0.00216	-0.00709	(Member $e0 sign)
p203893	-0.02690	0.03346	0.01153	-0.04096	0.02367	-0.09722	-0.10229	-0.01807	0.06142	-0.02250	-0.06527	-0.02692	-0.07696	-0.09599	-0.07237	0.06734	0.07398	0.01737	-0.03967	0.01568	-0.18460	0.06786	-0.01082	-0.03593	0.04337	0.06293	0.12458	-0.02574	0.02362	-0.02974	0.05823	0.13032	(Member $e0 sing)
p203894	0.00987	-0.00447	-0.00093	-0.00536	-0.00653	0.00404	-0.00540	0.00058	-0.00442	-0.00336	-0.00719	-0.00133	-0.00590	-0.00634	0.00572	-0.00184	0.00074	-0.00612	-0.00471	-0.00397	-0.00441	-0.00466	0.00513	0.00036	0.00280	-0.00107	0.00574	0.00343	0.00446	-0.00713	-0.00452	-0.00140	(Member $e0 use)
p203895	-0.06033	0.00517	-0.02204	-0.02832	0.01902	-0.14058	0.13797	0.00751	-0.02555	-0.06587	-0.01096	0.11387	-0.06659	0.01728	0.13797	-0.02978	0.16845	-0.07024	-0.06324	-0.00730	0.14222	-0.08525	0.03144	0.13508	0.02009	-0.14059	0.21259	0.08417	-0.01992	0.08129	0.02386	0.16029	(Member $e0 win)
p203896	-0.04436	0.01800	-0.00368	0.04149	-0.01836	-0.05488	-0.03349	0.03779	0.15596	-0.00460	0.13966	0.01691	0.10222	-0.05240	0.05122	-0.05302	-0.03671	0.09014	0.02278	0.00146	-0.10478	-0.01899	-0.02155	-0.04568	-0.03868	-0.05353	0.12122	0.06511	-0.03131	0.05013	-0.01170	0.06382	(Member $x0 auditor)
p203897	0.05565	-0.08106	0.05656	0.00247	0.04391	-0.04500	0.14439	-0.08376	0.04221	0.05675	-0.06148	0.04880	-0.02246	0.04187	0.05592	0.12157	0.05654	0.03633	0.11772	0.04777	0.01195	0.11806	-0.05567	0.03699	-0.04223	-0.06845	-0.05192	-0.00746	0.08930	-0.06256	-0.04214	-0.01376	(Member $x0 biologist)
p203898	0.00248	-0.00058	-0.00321	-0.00756	-0.00571	0.00173	-0.00222	0.00403	-0.00263	0.00115	-0.00459	-0.00102	-0.00321	-0.00603	0.00482	0.00018	0.00141	-0.00236	0.00132	0.00726	0.00130	-0.00440	0.00583	0.00300	0.00259	0.00092	0.00042	-0.00670	-0.00013	-0.00472	0.00261	0.00292	(Member $x0 boiler)
p203899	0.00244	-0.00065	-0.00313	-0.00742	-0.00566	0.00171	-0.00218	0.00397	-0.00266	0.00127	-0.00455	-0.00101	-0.00320	-0.00596	0.00476	0.00021	0.00143	-0.00241	0.00133	0.00719	0.00133	-0.00433	0.00572	0.00291	0.00256	0.00094	0.00039	-0.00670	-0.00015	-0.00477	0.00253	0.00282	(Member $x0 calibration)
p203900	0.04573	-0.03872	0.00159	0.04613	-0.01498	0.02711	0.02099	0.01565	0.06160	-0.02491	-0.03823	0.00656	-0.03837	0.00943	0.01631	0.04919	-0.02280	0.01530	-0.03671	-0.01687	0.00614	-0.02842	-0.02140	0.01163	0.08479	0.05198	-0.00645	-0.00308	-0.06438	0.00215	0.00349	-0.03125	(Member $x0 coach)
p203901	-0.02203	0.02572	-0.03554	0.04076	-0.08548	0.09136	-0.09911	-0.01192	0.07211	-0.00923	-0.09852	-0.01366	0.07189	0.01453	0.04767	0.02859	0.09876	-0.03383	0.10176	-0.01860	0.14479	-0.04125	0.07243	-0.06784	-0.05358	0.02132	0.10808	-0.00847	0.01636	-0.07197	-0.01338	-0.13594	(Member $x0 company)
p203902	-0.00647	0.05322	0.04366	0.00172	-0.01586	-0.03696	0.02058	0.01237	-0.02316	0.01164	0.00846	0.01594	0.00897	-0.00057	0.01283	0.03821	-0.02591	-0.01601	-0.02288	0.00696	0.01824	0.01080	0.01410	-0.02163	0.00757	0.05116	-0.00597	0.01711	-0.02290	-0.00159	-0.03366	-0.01197	(Member $x0 countersignature)
p203903	0.00241	-0.00067	-0.00312	-0.00734	-0.00562	0.00168	-0.00217	0.00395	-0.00263	0.00131	-0.00449	-0.00098	-0.00314	-0.00593	0.00473	0.00020	0.00142	-0.00237	0.00134	0.00714	0.00130	-0.00428	0.00567	0.00283	0.00251	0.00093	0.00041	-0.00664	-0.00019	-0.00475	0.00251	0.00276	(Member $x0 courier)
p203904	0.01903	-0.02089	-0.00187	-0.03199	0.00895	-0.00225	0.00459	-0.00574	0.02621	-0.01529	0.00776	0.00708	0.00470	0.00396	-0.00067	-0.00894	0.00864	-0.00641	0.00056	-0.00966	0.02274	0.00829	-0.00908	0.00538	-0.01207	-0.00384	-0.00754	-0.00296	-0.00099	-0.01768	-0.00688	-0.01589	(Member $x0 curator)
p203905	0.01447	-0.01021	-0.02582	-0.01309	0.01967	0.00693	0.00297	-0.00006	-0.01484	-0.00465	-0.00607	0.00929	-0.00596	0.00329	-0.01370	0.00187	0.02516	-0.00439	-0.01015	0.00271	0.00610	-0.00072	0.01586	-0.00652	0.00145	-0.00983	-0.00969	-0.00934	0.01443	-0.00651	-0.00445	-0.01291	(Member $x0 delegation)
p203906	-0.01807	-0.02847	-0.02481	-0.00189	0.00418	0.01301	0.01881	-0.02574	-0.00800	0.02183	-0.00410	0.00871	-0.01144	0.00102	0.00761	-0.01889	-0.02573	0.02148	-0.01560	-0.02593	-0.00342	-0.00447	-0.00366	-0.03304	-0.02409	0.03730	-0.00902	0.01119	0.02947	0.02289	-0.02158	0.01547	(Member $x0 departure)
p203907	0.00244	-0.00065	-0.00313	-0.00742	-0.00566	0.00171	-0.00218	0.00397	-0.00266	0.00127	-0.00455	-0.00101	-0.00320	-0.00596	0.00476	0.00021	0.00143	-0.00241	0.00133	0.00719	0.00133	-0.00433	0.00572	0.00291	0.00256	0.00094	0.00039	-0.00670	-0.00015	-0.00477	0.00253	0.00282	(Member $x0 descent)
p203908	0.04573	-0.03872	0.00159	0.04613	-0.01498	0.02711	0.02099	0.01565	0.06160	-0.02491	-0.03823	0.00656	-0.03837	0.00943	0.01631	0.04919	-0.02280	0.01530	-0.03671	-0.01687	0.00614	-0.02842	-0.02140	0.01163	0.08479	0.05198	-0.00645	-0.00308	-0.06438	0.00215	0.00349	-0.03125	(Member $x0 drill)
p203909	0.00375	-0.01444	0.03385	-0.00334	-0.00236	-0.01832	-0.01388	-0.03272	0.02780	0.03295	-0.01989	0.00905	0.05140	0.02601	-0.01410	-0.01409	-0.01371	-0.04301	-0.03173	0.02657	0.01901	-0.02950	0.00271	-0.00713	0.06718	-0.01275	-0.00253	0.00658	0.04594	0.02299	0.01635	-0.02126	(Member $x0 driver)
p203910	0.06362	-0.08744	-0.07909	0.06232	0.02254	0.06227	0.05547	0.06838	0.12267	-0.06634	-0.09041	0.02963	-0.04857	0.00590	0.06385	0.12327	-0.04928	0.05820	-0.06685	-0.01344	0.01087	-0.04949	-0.03813	0.06167	0.07633	0.15166	-0.05503	0.02275	-0.09253	0.03021	0.08442	-0.03267	(Member $x0 elder)
p203911	0.00758	0.00218	-0.00576	0.00065	-0.00457	-0.00234	-0.00452	-0.00440	-0.00432	0.00109	-0.00424	-0.01229	-0.00418	-0.01055	0.00449	-0.00376	0.00424	-0.00666	0.00109	0.00718	0.00072	-0.00017	-0.00393	0.00588	0.00326	0.00198	0.00069	-0.00133	0.00097	-0.00144	-0.00056	0.00136	(Member $x0 elm)
p203912	-0.06033	0.00517	-0.02204	-0.02832	0.01902	-0.14058	0.13797	0.00751	-0.02555	-0.06587	-0.01096	0.11387	-0.06659	0.01728	0.13797	-0.02978	0.16845	-0.07024	-0.06324	-0.00730	0.14222	-0.08525	0.03144	0.13508	0.02009	-0.14059	0.21259	0.08417	-0.01992	0.08129	0.02386	0.16029	(Member $x0 emmy)
p203913	-0.01813	-0.02854	-0.02487	-0.00195	0.00412	0.01297	0.01876	-0.02580	-0.00807	0.02177	-0.00415	0.00865	-0.01149	0.00097	0.00754	-0.01896	-0.02579	0.02143	-0.01566	-0.02599	-0.00347	-0.00452	-0.00372	-0.03310	-0.02415	0.03725	-0.00908	0.01113	0.02942	0.02283	-0.02164	0.01540	(Member $x0 ferry)
p203914	0.00375	-0.01444	0.03385	-0.00333	-0.00236	-0.01832	-0.01388	-0.03272	0.02780	0.03295	-0.01989	0.00905	0.05140	0.02601	-0.01410	-0.01409	-0.01372	-0.04301	-0.03173	0.02658	0.01901	-0.02950	0.00271	-0.00713	0.06718	-0.01275	-0.00253	0.00658	0.04594	0.02299	0.01635	-0.02126	(Member $x0 foreman)
p203915	0.00297	0.00342	-0.00652	0.00897	-0.00190	-0.00321	0.00079	-0.00711	-0.00609	0.00549	-0.00288	-0.01910	0.00009	-0.01350	0.00624	-0.00226	0.00416	-0.00751	-0.00037	0.01040	0.00022	-0.00137	-0.01349	0.00234	0.00095	0.00218	-0.00143	-0.00074	-0.00241	0.00240	0.00042	0.00332	(Member $x0 founder)
p203916	0.02989	-0.04083	0.02268	-0.01652	0.02358	-0.02130	0.06023	-0.03232	0.04017	0.01311	-0.00873	0.02209	-0.00689	0.02009	0.02099	0.03775	0.02036	0.01093	0.04149	0.01066	0.01185	0.04159	-0.02769	0.01443	-0.02269	-0.03318	-0.02020	-0.00344	0.03076	-0.03285	-0.02519	-0.01211	(Member $x0 frame)
p203917	0.01188	-0.00789	-0.02303	-0.01213	0.01778	0.00738	0.00297	-0.00002	-0.01365	-0.00381	-0.00519	0.01009	-0.00466	0.00269	-0.00916	0.00232	0.01929	-0.00293	-0.00913	0.00601	0.00695	-0.00084	0.01628	-0.00490	-0.00003	-0.00745	-0.00836	-0.00903	0.01194	-0.00561	-0.00166	-0.00968	(Member $x0 freight)
p203918	-0.00388	-0.00392	-0.00742	-0.01633	-0.00113	-0.00962	-0.00568	0.01039	0.04889	-0.01348	0.02150	0.00416	0.03088	-0.01331	0.01175	-0.01536	-0.01104	0.01045	-0.00296	-0.01375	-0.01885	-0.00272	-0.00665	-0.00841	-0.01566	-0.01358	0.01656	0.01713	-0.01350	0.01104	-0.00884	0.00411	(Member $x0 gate)
p203919	0.02898	-0.01617	0.00680	0.00151	-0.01214	-0.00007	-0.00712	-0.00675	0.00081	-0.01580	-0.00495	-0.00871	-0.00513	-0.00058	0.00850	-0.00304	-0.00163	-0.01988	-0.02041	-0.03992	-0.02407	0.00778	-0.00895	-0.00483	0.00426	-0.00357	0.02485	0.02951	0.01056	-0.00627	-0.02620	-0.00976	(Member $x0 government)
p203920	0.00246	-0.00055	-0.00325	-0.00755	-0.00571	0.00170	-0.00223	0.00404	-0.00260	0.00113	-0.00455	-0.00101	-0.00316	-0.00602	0.00482	0.00015	0.00140	-0.00230	0.00134	0.00726	0.00126	-0.00440	0.00582	0.00297	0.00255	0.00089	0.00044	-0.00665	-0.00014	-0.00469	0.00262	0.00292	(Member $x0 hatch)
p203921	0.00223	0.00235	-0.00532	0.01762	-0.00515	-0.00597	0.00765	-0.00347	-0.00792	0.01272	-0.00778	-0.03789	0.00490	-0.02125	0.00034	-0.00173	0.02162	-0.01224	-0.00231	0.00473	-0.00404	-0.00891	-0.03690	-0.00073	0.00625	-0.00482	-0.00482	-0.00307	-0.00251	0.00880	-0.00548	0.00206	(Member $x0 hearing)
p203922	-0.02203	0.02572	-0.03554	0.04076	-0.08548	0.09136	-0.09911	-0.01192	0.07211	-0.00923	-0.09852	-0.01366	0.07189	0.01453	0.04767	0.02859	0.09876	-0.03383	0.10176	-0.01860	0.14479	-0.04125	0.07243	-0.06784	-0.05358	0.02132	0.10808	-0.00847	0.01636	-0.07197	-0.01338	-0.13594	(Member $x0 hotel)
p203923	0.01881	0.00897	0.02368	0.00878	-0.03273	-0.01942	0.02569	-0.01582	-0.00959	-0.03152	0.00384	0.01070	-0.01440	-0.02490	-0.02528	-0.02070	-0.01761	-0.00856	0.04612	-0.04721	-0.02926	-0.00175	0.01223	-0.01583	-0.04136	-0.01103	0.00983	-0.02586	-0.02469	0.01697	0.00873	0.01627	(Member $x0 ladder)
p203924	0.00758	0.00218	-0.00576	0.00065	-0.00457	-0.00234	-0.00452	-0.00440	-0.00432	0.00109	-0.00424	-0.01229	-0.00418	-0.01055	0.00449	-0.00375	0.00424	-0.00666	0.00109	0.00718	0.00072	-0.00017	-0.00393	0.00588	0.00326	0.00198	0.00069	-0.00133	0.00097	-0.00144	-0.00056	0.00136	(Member $x0 last)
p203925	0.01292	-0.00258	-0.01734	-0.01206	0.01145	0.00460	-0.00476	-0.00476	-0.00927	-0.00577	-0.00382	0.01041	-0.00837	-0.00060	-0.00136	-0.00184	0.00705	-0.00052	-0.00416	0.00844	0.00853	0.00268	0.01667	0.00283	-0.00019	-0.00066	-0.00308	-0.00427	0.01015	-0.00751	0.00096	-0.00667	(Member $x0 licence)
p203926	-0.00489	-0.01295	0.02167	0.01137	-0.00689	-0.00781	0.00065	0.00052	0.01192	0.02000	-0.00775	-0.00120	0.00045	-0.00026	0.00917	0.01645	0.00527	0.00324	0.01923	-0.00517	-0.00089	0.00564	-0.01621	-0.00222	-0.00486	-0.00359	-0.00008	0.00821	-0.00419	-0.01552	-0.00345	-0.00471	(Member $x0 mural)
p203927	0.00261	-0.00057	-0.00315	-0.00782	-0.00583	0.00188	-0.00222	0.00408	-0.00280	0.00108	-0.00484	-0.00111	-0.00349	-0.00610	0.00488	0.00027	0.00145	-0.00255	0.00127	0.00742	0.00144	-0.00454	0.00598	0.00327	0.00281	0.00102	0.00029	-0.00696	0.00000	-0.00484	0.00266	0.00306	(Member $x0 night_crew)
p203928	0.01881	-0.01147	0.00232	-0.02670	0.00061	-0.00269	-0.00971	0.00873	0.02278	-0.00954	0.00159	-0.00204	-0.00584	0.00006	-0.00623	-0.01120	0.00798	0.00248	0.00195	-0.00613	0.02463	0.00167	-0.00342	0.01068	-0.01193	-0.00011	-0.00686	-0.00180	0.00463	-0.00559	-0.00739	-0.01642	(Member $x0 nurse)
p203929	0.03510	0.02750	0.03528	0.01787	-0.04047	-0.02431	0.04228	-0.02761	-0.00312	-0.05542	0.00295	0.02012	-0.03239	-0.03674	-0.03847	-0.03600	-0.02842	0.00834	0.09113	-0.03559	-0.04302	-0.01628	0.04978	-0.02204	-0.05933	-0.02050	0.00357	-0.06329	-0.03812	0.04900	0.03695	0.02876	(Member $x0 painting)
p203930	0.01092	-0.01574	-0.06153	-0.04714	0.01445	0.01457	-0.04175	0.01907	-0.00267	-0.01551	-0.03373	0.02697	0.01188	-0.01309	-0.03528	0.00281	0.00801	-0.02281	0.02194	-0.03292	0.04094	0.05141	0.00879	0.03693	-0.01733	-0.00270	-0.01284	0.01131	-0.00518	0.00066	0.05158	-0.02900	(Member $x0 pier)
p203931	0.05565	-0.08106	0.05655	0.00247	0.04391	-0.04500	0.14439	-0.08376	0.04221	0.05675	-0.06148	0.04880	-0.02246	0.04187	0.05592	0.12157	0.05654	0.03633	0.11772	0.04777	0.01195	0.11806	-0.05567	0.03699	-0.04223	-0.06845	-0.05192	-0.00746	0.08930	-0.06256	-0.04214	-0.01376	(Member $x0 ranger)
p203932	-0.01015	-0.01095	0.02580	-0.01645	0.00662	-0.02251	-0.01616	-0.03316	0.02609	0.04257	-0.02134	0.01685	0.07654	0.02273	-0.02882	-0.01576	-0.01690	-0.04731	-0.03687	0.03079	0.02009	-0.03127	0.00650	-0.00104	0.05874	-0.02213	-0.00568	0.00823	0.06597	0.04060	0.03160	-0.02213	(Member $x0 recruit)
p203933	0.00244	-0.00065	-0.00313	-0.00742	-0.00566	0.00171	-0.00218	0.00397	-0.00266	0.00127	-0.00455	-0.00101	-0.00320	-0.00596	0.00476	0.00021	0.00143	-0.00241	0.00133	0.00719	0.00133	-0.00433	0.00572	0.00291	0.00256	0.00094	0.00039	-0.00670	-0.00015	-0.00477	0.00253	0.00282	(Member $x0 repair)
p203934	0.01869	-0.01133	0.00335	-0.02612	0.00029	-0.00276	-0.00937	0.00872	0.02326	-0.00926	0.00189	-0.00268	-0.00619	0.00023	-0.00576	-0.01131	0.00798	0.00289	0.00195	-0.00562	0.02373	0.00073	-0.00342	0.01008	-0.01155	0.00010	-0.00676	-0.00190	0.00467	-0.00556	-0.00824	-0.01617	(Member $x0 ridge)
p203935	-0.05482	0.01080	0.03111	0.05484	-0.01163	-0.00995	-0.02420	-0.00374	-0.01383	-0.00036	-0.03126	-0.01220	-0.02075	-0.03408	-0.06846	0.00888	0.00039	0.08307	0.02783	0.04566	0.03889	-0.02275	0.02720	0.06938	0.00720	-0.01073	-0.01792	0.04874	0.01021	-0.04131	-0.02779	-0.03985	(Member $x0 roof)
p203936	0.01869	-0.01134	0.00335	-0.02612	0.00029	-0.00276	-0.00937	0.00872	0.02326	-0.00926	0.00189	-0.00268	-0.00619	0.00023	-0.00576	-0.01132	0.00798	0.00289	0.00195	-0.00562	0.02373	0.00073	-0.00342	0.01008	-0.01155	0.00010	-0.00676	-0.00190	0.00467	-0.00556	-0.00824	-0.01617	(Member $x0 shepherd)
p203937	0.00248	-0.00058	-0.00321	-0.00756	-0.00571	0.00173	-0.00222	0.00403	-0.00263	0.00115	-0.00459	-0.00102	-0.00321	-0.00603	0.00482	0.00018	0.00141	-0.00236	0.00132	0.00726	0.00130	-0.00440	0.00583	0.00300	0.00259	0.00092	0.00042	-0.00670	-0.00013	-0.00472	0.00261	0.00292	(Member $x0 skylight)
p203938	0.00268	-0.00047	-0.00325	-0.00806	-0.00593	0.00193	-0.00227	0.00416	-0.00281	0.00090	-0.00495	-0.00114	-0.00356	-0.00621	0.00498	0.00025	0.00144	-0.00253	0.00125	0.00755	0.00143	-0.00466	0.00615	0.00346	0.00289	0.00101	0.00029	-0.00703	0.00007	-0.00481	0.00277	0.00323	(Member $x0 spoil_mound)
p203939	0.05565	-0.08106	0.05655	0.00247	0.04391	-0.04500	0.14439	-0.08376	0.04221	0.05675	-0.06148	0.04880	-0.02246	0.04187	0.05592	0.12157	0.05654	0.03633	0.11772	0.04777	0.01195	0.11806	-0.05567	0.03699	-0.04223	-0.06845	-0.05192	-0.00746	0.08930	-0.06256	-0.04214	-0.01376	(Member $x0 survey)
p203940	-0.01015	-0.01095	0.02580	-0.01645	0.00662	-0.02251	-0.01616	-0.03316	0.02609	0.04257	-0.02134	0.01685	0.07654	0.02273	-0.02882	-0.01576	-0.01690	-0.04731	-0.03687	0.03079	0.02009	-0.03127	0.00650	-0.00104	0.05874	-0.02213	-0.00568	0.00823	0.06597	0.04060	0.03160	-0.02213	(Member $x0 trainer)
p203941	0.01881	-0.01147	0.00232	-0.02670	0.00061	-0.00269	-0.00971	0.00873	0.02278	-0.00954	0.00159	-0.00204	-0.00584	0.00006	-0.00623	-0.01120	0.00797	0.00248	0.00195	-0.00613	0.02463	0.00167	-0.00342	0.01068	-0.01193	-0.00011	-0.00686	-0.00180	0.00463	-0.00559	-0.00739	-0.01642	(Member $x0 ward)
p203942	0.09936	0.04769	0.09954	-0.08095	0.06385	-0.01479	-0.06418	0.17132	0.02898	-0.00793	0.08242	-0.05113	-0.06289	0.07176	-0.10779	-0.12137	0.14150	0.07081	-0.07934	-0.05185	0.19254	-0.09428	-0.03496	0.05777	-0.09040	0.12136	-0.12095	-0.06857	0.04574	0.14685	-0.06845	-0.16915	(Ongoing $e0)
p203943	0.06466	-0.08316	0.02423	0.06756	0.07957	-0.07976	-0.03023	0.06360	-0.02033	-0.01215	-0.04026	-0.07344	0.09875	-0.05761	0.08735	-0.01367	-0.06245	0.03997	0.01458	-0.03962	0.18003	0.08564	0.08270	-0.03448	0.03966	-0.01257	-0.09115	-0.06481	-0.02229	-0.02600	-0.01395	0.13445	(Ordinal $x0 <num> buy)
p203944	0.08008	0.20615	0.01640	-0.04562	0.01688	0.14695	-0.04702	-0.09147	-0.07532	0.04092	-0.03972	0.10598	0.16394	-0.03768	0.02128	0.08981	0.07023	0.10623	-0.04153	-0.04724	-0.06979	-0.07922	-0.08846	0.12191	0.01409	-0.13701	-0.04236	-0.08771	-0.08888	0.02745	-0.06064	0.08906	(Possession $x0 free_soil_party)
p203945	0.08008	0.20615	0.01640	-0.04562	0.01688	0.14695	-0.04702	-0.09147	-0.07532	0.04092	-0.03972	0.10598	0.16394	-0.03768	0.02128	0.08981	0.07023	0.10623	-0.04153	-0.04724	-0.06979	-0.07922	-0.08846	0.12191	0.01409	-0.13701	-0.04234	-0.08771	-0.08888	0.02745	-0.06064	0.08906	(Possession $x0 republican_party)
p203946	-0.00665	0.02654	-0.02553	0.03029	-0.03380	-0.03099	-0.03251	-0.04224	0.08487	-0.04754	0.03925	-0.03777	0.05690	-0.01227	0.04562	-0.05293	-0.05515	0.07364	-0.02163	0.04423	-0.06860	0.06930	0.01071	0.01879	-0.04649	-0.04339	0.09445	0.07485	-0.03520	0.08300	-0.02489	0.02221	(Result $e0 $e1)
p203947	-0.04957	0.02207	-0.00466	0.04928	-0.02045	-0.06073	-0.03990	0.04251	0.17435	-0.00525	0.15941	0.01924	0.11285	-0.05834	0.05736	-0.05967	-0.04139	0.10122	0.02408	0.00305	-0.12044	-0.02016	-0.02075	-0.05209	-0.04354	-0.06035	0.14036	0.07500	-0.03451	0.05879	-0.01124	0.07218	(Stimulus $e0 $e1)
p203948	0.00021	0.06927	0.02197	-0.01907	-0.00475	-0.02959	0.04096	0.00634	-0.02717	-0.02013	0.01574	0.02816	0.01175	-0.00044	0.01866	0.03168	-0.03610	-0.00892	-0.03636	0.03568	0.01574	-0.00794	0.03513	-0.03024	0.01004	0.04846	-0.01449	-0.00486	-0.01744	0.00319	-0.03981	0.00091	(Theme $e0 monthly_servicing)
p203949	0.00222	0.00234	-0.00533	0.01761	-0.00516	-0.00598	0.00764	-0.00348	-0.00793	0.01271	-0.00779	-0.03790	0.00489	-0.02126	0.00033	-0.00174	0.02161	-0.01225	-0.00232	0.00472	-0.00405	-0.00892	-0.03691	-0.00074	0.00624	-0.00483	-0.00483	-0.00308	-0.00252	0.00878	-0.00549	0.00204	(Time $e0 (Weekday monday))
p203950	0.01447	-0.01021	-0.02582	-0.01309	0.01967	0.00693	0.00297	-0.00006	-0.01484	-0.00465	-0.00607	0.00929	-0.00596	0.00329	-0.01370	0.00187	0.02516	-0.00439	-0.01015	0.00271	0.00610	-0.00072	0.01586	-0.00652	0.00145	-0.00983	-0.00969	-0.00934	0.01443	-0.00651	-0.00445	-0.01291	(Time $e0 (Weekday thursday))
p203951	-0.00029	-0.00274	-0.00055	0.00097	-0.00381	0.00333	-0.00444	-0.00198	-0.00448	-0.00470	-0.00576	-0.00486	-0.00447	0.00733	0.00441	-0.00297	-0.00262	-0.00319	-0.00656	0.01187	-0.00275	0.00455	0.00178	0.00455	-0.00365	0.00143	-0.00205	-0.01131	-0.00100	0.00197	0.00051	0.00150	(Time $e0 later)
p203952	0.00216	0.00228	-0.00538	0.01756	-0.00521	-0.00603	0.00759	-0.00354	-0.00799	0.01266	-0.00784	-0.03795	0.00484	-0.02131	0.00028	-0.00180	0.02156	-0.01230	-0.00238	0.00467	-0.00409	-0.00897	-0.03696	-0.00079	0.00619	-0.00488	-0.00488	-0.00313	-0.00256	0.00873	-0.00555	0.00199	(Time $e0 morning)
p203956	0.02329	-0.01309	0.00534	0.00075	-0.01028	-0.00055	-0.00544	-0.00508	0.00102	-0.01259	-0.00374	-0.00745	-0.00388	-0.00047	0.00706	-0.00220	-0.00129	-0.01633	-0.01622	-0.03199	-0.01936	0.00673	-0.00759	-0.00357	0.00360	-0.00265	0.02020	0.02303	0.00806	-0.00490	-0.02094	-0.00747	(And (Agent $e0 $x0) (Agent $e0 jica) (Member $e0 fund) (Member $x0 government))
p203968	-0.04701	0.00511	0.09240	-0.02026	0.04499	-0.08270	-0.08205	-0.00735	-0.01129	-0.00693	-0.03907	-0.09639	-0.05397	-0.14336	0.00643	0.11489	-0.04023	0.03641	-0.04518	-0.00670	-0.13642	-0.00304	-0.08357	-0.00387	-0.00102	0.01007	0.28189	-0.02511	0.03884	0.01135	0.11292	0.01266	(And (Agent $e0 $x0) (Also appear $e0) (Member $e1 appear) (Member $x0 person))
p203969	-0.06202	0.01455	0.12079	-0.02219	0.04691	-0.11538	-0.11570	-0.01143	0.00385	-0.00819	-0.05540	-0.12352	-0.07470	-0.19696	-0.00494	0.14933	-0.02864	0.04236	-0.05567	-0.00615	-0.19586	0.01320	-0.11598	-0.00823	0.00815	0.02060	0.36131	-0.03150	0.04370	0.00889	0.14642	0.04448	(And (Agent $e0 $x0) (Also appear $e0) (Member $e1 appear) (Past $e0))
p203970	-0.06202	0.01455	0.12079	-0.02219	0.04691	-0.11538	-0.11570	-0.01143	0.00385	-0.00819	-0.05540	-0.12352	-0.07470	-0.19696	-0.00494	0.14933	-0.02864	0.04236	-0.05567	-0.00615	-0.19586	0.01320	-0.11598	-0.00823	0.00815	0.02060	0.36131	-0.03150	0.04370	0.00889	0.14642	0.04448	(And (Agent $e0 $x0) (Also appear $e0) (Member $e1 appear) (Past $e1))
p203971	-0.04701	0.00511	0.09240	-0.02026	0.04499	-0.08270	-0.08205	-0.00735	-0.01129	-0.00693	-0.03907	-0.09639	-0.05397	-0.14336	0.00643	0.11489	-0.04023	0.03641	-0.04518	-0.00670	-0.13642	-0.00304	-0.08357	-0.00387	-0.00102	0.01007	0.28188	-0.02511	0.03884	0.01135	0.11292	0.01266	(And (Agent $e0 $x0) (Also appear $e0) (Member $x0 person) (Past $e0))
p203973	-0.04701	0.00511	0.09240	-0.02026	0.04499	-0.08270	-0.08205	-0.00735	-0.01129	-0.00693	-0.03907	-0.09639	-0.05397	-0.14336	0.00643	0.11489	-0.04023	0.03641	-0.04518	-0.00670	-0.13642	-0.00304	-0.08357	-0.00387	-0.00102	0.01007	0.28188	-0.02511	0.03884	0.01135	0.11292	0.01266	(And (Agent $e0 $x0) (Also appear $e1) (Member $e0 appear) (Member $x0 person))
p203974	-0.06202	0.01455	0.12079	-0.02219	0.04691	-0.11538	-0.11570	-0.01143	0.00385	-0.00819	-0.05540	-0.12352	-0.07470	-0.19696	-0.00494	0.14933	-0.02864	0.04236	-0.05567	-0.00615	-0.19586	0.01320	-0.11598	-0.00822	0.00815	0.02060	0.36131	-0.03150	0.04370	0.00889	0.14642	0.04448	(And (Agent $e0 $x0) (Also appear $e1) (Member $e0 appear) (Past $e0))
p203975	-0.06202	0.01455	0.12079	-0.02219	0.04691	-0.11538	-0.11570	-0.01143	0.00385	-0.00819	-0.05540	-0.12352	-0.07470	-0.19696	-0.00494	0.14933	-0.02864	0.04236	-0.05567	-0.00615	-0.19586	0.01320	-0.11598	-0.00823	0.00815	0.02060	0.36131	-0.03150	0.04370	0.00889	0.14642	0.04448	(And (Agent $e0 $x0) (Also appear $e1) (Member $e0 appear) (Past $e1))
p203976	-0.02201	-0.10067	0.03195	-0.04949	-0.04579	0.04207	0.05707	-0.05334	-0.04647	-0.04187	0.07161	-0.05673	0.04606	-0.04841	0.03552	-0.06319	0.09235	0.02367	-0.02468	0.00054	-0.03907	0.04951	0.04400	0.03293	0.01278	0.07739	-0.04120	0.00544	-0.00439	-0.05800	0.03713	-0.07038	(And (Agent $e0 $x0) (Beneficiary $e0 $x1) (Member $e0 buy) (Member $x0 school))
p203977	-0.02201	-0.10067	0.03195	-0.04949	-0.04579	0.04207	0.05707	-0.05334	-0.04647	-0.04187	0.07161	-0.05673	0.04606	-0.04841	0.03552	-0.06319	0.09235	0.02367	-0.02468	0.00054	-0.03907	0.04951	0.04400	0.03293	0.01278	0.07739	-0.04120	0.00544	-0.00439	-0.05800	0.03713	-0.07038	(And (Agent $e0 $x0) (Beneficiary $e0 $x1) (Member $e0 buy) (Member $x1 hall))
p203978	-0.06449	0.02078	0.05033	-0.03840	0.07688	0.10090	-0.05209	0.05429	-0.02367	-0.07349	-0.03688	0.01630	-0.02102	-0.02082	0.03016	-0.04497	0.04926	-0.02513	0.11582	0.06366	0.01220	0.04659	-0.05120	-0.05506	0.08869	-0.03830	-0.02042	0.02378	-0.04005	0.07253	-0.03782	-0.04571	(And (Agent $e0 $x0) (Cardinality $x0 <num>) (GroupOf $x0 climber) (Member $e0 abandon))
p203979	-0.06449	0.02078	0.05033	-0.03840	0.07688	0.10090	-0.05209	0.05429	-0.02367	-0.07349	-0.03688	0.01630	-0.02102	-0.02082	0.03016	-0.04497	0.04926	-0.02513	0.11582	0.06366	0.01220	0.04659	-0.05120	-0.05506	0.08869	-0.03830	-0.02042	0.02378	-0.04005	0.07253	-0.03782	-0.04571	(And (Agent $e0 $x0) (Cardinality $x0 <num>) (Member $e0 abandon) (Theme $e0 $x1))
p203980	-0.00631	0.01124	0.02063	-0.01822	-0.00840	-0.02031	0.01501	-0.03225	0.02167	0.00602	-0.01356	0.02719	0.04396	-0.00680	-0.05030	-0.02773	-0.03089	-0.03346	0.01771	0.00390	0.00891	-0.02277	0.03643	0.00125	0.00453	-0.02080	-0.01407	-0.02908	0.01930	0.05453	0.05186	-0.00653	(And (Agent $e0 $x0) (Cardinality $x1 <num>) (Recipient $e0 $x2) (Theme $e0 $x1))
p203981	0.04154	-0.05800	0.03870	0.00420	0.03065	-0.03089	0.10488	-0.06084	0.02259	0.04361	-0.05181	0.03622	-0.01665	0.03179	0.04226	0.09034	0.05044	0.02683	0.08694	0.03800	0.01387	0.08595	-0.04038	0.02628	-0.02889	-0.04996	-0.04109	-0.00666	0.06541	-0.04577	-0.02838	-0.01078	(And (Agent $e0 $x0) (CoAgent $e0 $x1) (Location $e0 $x2) (Member $x0 biologist))
p203982	0.04154	-0.05800	0.03870	0.00420	0.03065	-0.03089	0.10488	-0.06084	0.02259	0.04361	-0.05181	0.03622	-0.01665	0.03179	0.04226	0.09034	0.05044	0.02683	0.08694	0.03800	0.01387	0.08595	-0.04038	0.02628	-0.02889	-0.04996	-0.04109	-0.00666	0.06541	-0.04577	-0.02838	-0.01078	(And (Agent $e0 $x0) (CoAgent $e0 $x1) (Location $e0 $x2) (Member $x1 ranger))
p203983	0.04154	-0.05800	0.03870	0.00420	0.03065	-0.03089	0.10488	-0.06084	0.02259	0.04361	-0.05181	0.03622	-0.01665	0.03179	0.04226	0.09034	0.05044	0.02683	0.08694	0.03800	0.01387	0.08595	-0.04038	0.02628	-0.02889	-0.04996	-0.04109	-0.00666	0.06541	-0.04577	-0.02838	-0.01078	(And (Agent $e0 $x0) (CoAgent $e0 $x1) (Location $e0 $x2) (Member $x2 survey))
p203984	0.04154	-0.05800	0.03870	0.00420	0.03065	-0.03089	0.10488	-0.06084	0.02259	0.04361	-0.05181	0.03622	-0.01665	0.03179	0.04226	0.09034	0.05044	0.02683	0.08694	0.03800	0.01387	0.08595	-0.04038	0.02628	-0.02889	-0.04996	-0.04109	-0.00666	0.06541	-0.04577	-0.02838	-0.01078	(And (Agent $e0 $x0) (CoAgent $e0 $x1) (Member $x0 biologist) (Member $x1 ranger))
p203985	0.01217	-0.00796	-0.01748	-0.01109	0.01125	0.00358	0.00184	0.00225	-0.00993	-0.00331	-0.00583	0.00371	-0.00436	0.00178	-0.01162	0.00104	0.02164	-0.00601	-0.00700	-0.00115	0.00189	-0.00158	0.00981	-0.00406	0.00343	-0.00872	-0.00608	-0.00783	0.01024	-0.00482	-0.00450	-0.00908	(And (Agent $e0 $x0) (Future $e0) (Member $x0 delegation) (Time $e0 (Weekday thursday)))
p203986	-0.06449	0.02078	0.05033	-0.03840	0.07688	0.10090	-0.05209	0.05429	-0.02367	-0.07349	-0.03688	0.01630	-0.02102	-0.02082	0.03016	-0.04497	0.04926	-0.02513	0.11582	0.06366	0.01220	0.04659	-0.05120	-0.05506	0.08869	-0.03830	-0.02042	0.02378	-0.04005	0.07253	-0.03782	-0.04571	(And (Agent $e0 $x0) (GroupOf $x0 climber) (Member $e0 abandon) (Theme $e0 $x1))
p203987	0.01467	-0.00107	-0.01047	-0.01154	0.00272	0.00098	-0.00806	-0.00310	-0.00529	-0.00618	-0.00435	0.00465	-0.00928	-0.00171	-0.00188	-0.00393	0.00705	-0.00317	-0.00094	0.00249	0.00371	0.00332	0.01202	0.00664	0.00388	-0.00034	0.00074	-0.00188	0.00914	-0.00702	-0.00134	-0.00521	(And (Agent $e0 $x0) (GroupOf $x0 soil_sample) (Inheritance soil_sample sample) (Instrument $e0 post))
p203988	0.05572	-0.07859	-0.07520	0.06055	0.02304	0.05971	0.05850	0.06605	0.11755	-0.06142	-0.08394	0.02981	-0.04603	0.00643	0.06084	0.11905	-0.04812	0.06064	-0.06127	-0.00102	0.01452	-0.05084	-0.03235	0.05794	0.07441	0.14597	-0.05800	0.01509	-0.08938	0.03163	0.08219	-0.02846	(And (Agent $e0 $x0) (GroupOf $x1 child) (Member $e0 teach) (Recipient $e0 $x1))
p203989	0.05572	-0.07859	-0.07520	0.06055	0.02304	0.05971	0.05850	0.06605	0.11755	-0.06142	-0.08394	0.02981	-0.04603	0.00643	0.06084	0.11905	-0.04812	0.06064	-0.06127	-0.00102	0.01452	-0.05084	-0.03235	0.05794	0.07441	0.14597	-0.05799	0.01509	-0.08938	0.03163	0.08219	-0.02846	(And (Agent $e0 $x0) (GroupOf $x1 child) (Member $x0 elder) (Recipient $e0 $x1))
p203990	0.05572	-0.07859	-0.07520	0.06055	0.02304	0.05972	0.05850	0.06605	0.11755	-0.06142	-0.08394	0.02981	-0.04603	0.00643	0.06084	0.11905	-0.04812	0.06064	-0.06127	-0.00102	0.01452	-0.05084	-0.03235	0.05794	0.07441	0.14597	-0.05799	0.01509	-0.08938	0.03163	0.08219	-0.02846	(And (Agent $e0 $x0) (GroupOf $x1 child) (Recipient $e0 $x1) (Theme $e0 $x2))
p203991	-0.06561	0.07323	-0.01717	0.02670	0.03510	0.09469	0.08675	0.01187	0.11327	0.06884	0.01801	-0.07438	-0.08049	-0.06309	0.01943	-0.06393	-0.09020	-0.06884	-0.05611	-0.00889	-0.01306	0.01107	0.05722	0.07055	0.01609	-0.06695	-0.01953	-0.01940	0.06116	-0.03187	-0.02161	0.01237	(And (Agent $e0 $x0) (GroupOf $x1 forklift) (Member $e0 buy) (Theme $e0 $x1))
p203992	0.01755	-0.00870	0.00454	0.00380	-0.00246	0.00117	-0.00545	-0.00682	-0.00090	-0.00896	-0.00250	-0.00371	-0.00415	-0.00026	0.00604	-0.00361	-0.00060	-0.01191	-0.01305	-0.02358	-0.01405	0.00256	-0.00459	-0.00399	0.00182	-0.00227	0.01460	0.02030	0.00641	-0.00538	-0.01467	-0.00734	(And (Agent $e0 $x0) (GroupOf $x1 sample) (Member $e0 examine) (Theme $e0 $x1))
p203993	0.01761	-0.00869	0.00439	0.00384	-0.00231	0.00081	-0.00576	-0.00724	-0.00093	-0.00900	-0.00250	-0.00394	-0.00437	-0.00046	0.00626	-0.00388	-0.00071	-0.01250	-0.01319	-0.02385	-0.01422	0.00245	-0.00500	-0.00417	0.00172	-0.00231	0.01468	0.02027	0.00599	-0.00574	-0.01455	-0.00741	(And (Agent $e0 $x0) (GroupOf $x1 sample) (Member $x0 physician) (Theme $e0 $x1))
p203994	0.01217	-0.00295	0.00261	0.01038	0.01248	0.00043	-0.00674	-0.01360	-0.00288	-0.00248	0.00242	0.00168	-0.00434	0.00051	0.00936	-0.00714	-0.00046	-0.01095	-0.00860	-0.01695	-0.00748	-0.00121	-0.00486	-0.00780	-0.00278	0.00004	0.01016	0.01919	-0.00035	-0.00914	-0.00116	-0.00829	(And (Agent $e0 $x0) (Inheritance evening_flight flight) (Member $x1 evening_flight) (Theme $e0 $x1))
p203995	0.02109	-0.01145	0.00515	0.00138	-0.00766	0.00043	-0.00527	-0.00531	0.00007	-0.01166	-0.00359	-0.00593	-0.00411	-0.00021	0.00628	-0.00229	-0.00108	-0.01398	-0.01548	-0.02834	-0.01778	0.00480	-0.00545	-0.00356	0.00287	-0.00285	0.01809	0.02189	0.00811	-0.00452	-0.01929	-0.00730	(And (Agent $e0 $x0) (Inheritance loan_application application) (Member $x1 loan_application) (Theme $e0 $x1))
p203996	0.01213	-0.00240	-0.01626	-0.01003	0.01263	0.00407	-0.00425	-0.00564	-0.00843	-0.00595	-0.00267	0.01042	-0.00754	0.00076	-0.00252	-0.00187	0.00666	0.00010	-0.00430	0.00657	0.00809	0.00362	0.01501	0.00205	-0.00071	-0.00083	-0.00316	-0.00257	0.01004	-0.00631	0.00028	-0.00729	(And (Agent $e0 $x0) (Inheritance night_delivery delivery) (Member $x0 licence) (Theme $e0 night_delivery))
p203997	0.05822	-0.08170	0.02502	0.06259	0.07180	-0.07403	-0.03717	0.05589	-0.01616	-0.00801	-0.03716	-0.06347	0.08714	-0.05592	0.07507	-0.00683	-0.05097	0.03513	0.01624	-0.03332	0.16164	0.07924	0.07524	-0.03060	0.03284	-0.00476	-0.07884	-0.05974	-0.02506	-0.01837	-0.01154	0.12082	(And (Agent $e0 $x0) (Inheritance pottery_studio studio) (Member $e0 buy) (Member $x0 pottery_studio))
p203998	-0.02743	0.00527	0.02592	-0.04394	-0.05108	0.08833	-0.00739	-0.05302	0.00614	-0.05507	0.06609	-0.08140	-0.05493	0.01753	-0.07531	0.08648	-0.07488	-0.06772	-0.03676	0.05569	0.11282	-0.04650	-0.04342	-0.04106	-0.02683	-0.06178	-0.12019	0.02069	-0.04356	-0.07290	0.05158	0.13180	(And (Agent $e0 $x0) (Location $e0 $x1) (Member $e0 discover) (Member $x0 diver))
p203999	0.04357	-0.06601	0.04685	0.00417	0.03571	-0.03806	0.12321	-0.06955	0.03528	0.04686	-0.04865	0.04079	-0.01769	0.03367	0.04579	0.10156	0.04218	0.03082	0.09811	0.03950	0.00759	0.09869	-0.04598	0.02917	-0.03496	-0.05590	-0.04237	-0.00578	0.07438	-0.05087	-0.03540	-0.00979	(And (Agent $e0 $x0) (Location $e0 $x1) (Member $e0 work) (Member $x0 biologist))
p204000	0.05768	-0.08907	0.06470	0.00244	0.04897	-0.05217	0.16273	-0.09247	0.05490	0.05999	-0.05832	0.05337	-0.02350	0.04376	0.05945	0.13279	0.04828	0.04032	0.12888	0.04928	0.00566	0.13080	-0.06127	0.03988	-0.04829	-0.07439	-0.05320	-0.00658	0.09826	-0.06766	-0.04916	-0.01276	(And (Agent $e0 $x0) (Location $e0 $x1) (Member $e0 work) (Member $x1 survey))
p204001	0.01712	-0.02080	-0.00263	-0.03067	0.00930	-0.00424	0.00369	-0.00728	0.02566	-0.01620	0.00704	0.00593	0.00366	0.00426	-0.00341	-0.00957	0.00628	-0.00699	-0.00113	-0.01256	0.02105	0.00773	-0.01176	0.00333	-0.01381	-0.00636	-0.00857	-0.00253	-0.00178	-0.01682	-0.00919	-0.01696	(And (Agent $e0 $x0) (Location $e0 $x1) (Member $x0 curator) (Member $x1 hall))
p204002	0.01783	-0.02024	-0.00197	-0.02998	0.01000	-0.00348	0.00445	-0.00655	0.02630	-0.01549	0.00773	0.00666	0.00437	0.00497	-0.00267	-0.00890	0.00696	-0.00626	-0.00042	-0.01184	0.02178	0.00845	-0.01106	0.00403	-0.01309	-0.00555	-0.00802	-0.00182	-0.00102	-0.01615	-0.00851	-0.01634	(And (Agent $e0 $x0) (Location $e0 $x1) (Member $x0 curator) (Theme $e0 photography))
p204003	0.02918	-0.04035	0.02333	-0.01468	0.02494	-0.02155	0.06044	-0.03295	0.04072	0.01267	-0.00739	0.02221	-0.00607	0.02142	0.01966	0.03749	0.01993	0.01151	0.04083	0.00887	0.01147	0.04234	-0.02889	0.01372	-0.02314	-0.03316	-0.02017	-0.00175	0.03066	-0.03133	-0.02560	-0.01269	(And (Agent $e0 $x0) (Location $e0 $x1) (Member $x0 welder) (Member $x1 frame))
p204004	0.01777	-0.02038	-0.00204	-0.03004	0.00994	-0.00347	0.00446	-0.00661	0.02620	-0.01553	0.00771	0.00661	0.00435	0.00496	-0.00272	-0.00902	0.00693	-0.00624	-0.00046	-0.01187	0.02181	0.00843	-0.01110	0.00400	-0.01314	-0.00551	-0.00811	-0.00186	-0.00100	-0.01622	-0.00861	-0.01645	(And (Agent $e0 $x0) (Location $e0 $x1) (Member $x1 hall) (Theme $e0 photography))
p204006	-0.09880	-0.05175	-0.04745	-0.04235	-0.05598	0.05293	0.04336	-0.07207	-0.04404	0.07441	-0.03252	0.01802	-0.04195	-0.04963	0.04344	-0.08221	-0.10581	0.09132	0.04420	-0.02684	0.08523	-0.01408	-0.06025	-0.04037	-0.06511	0.14387	-0.08479	-0.03105	0.12518	0.11667	-0.02823	0.13795	(And (Agent $e0 $x0) (Member $e0 abandon) (Member $x0 firm) (Theme $e0 $x1))
p204007	-0.06449	0.02078	0.05033	-0.03840	0.07688	0.10090	-0.05209	0.05429	-0.02367	-0.07349	-0.03688	0.01630	-0.02102	-0.02082	0.03016	-0.04497	0.04926	-0.02513	0.11582	0.06366	0.01220	0.04659	-0.05120	-0.05506	0.08869	-0.03830	-0.02042	0.02378	-0.04005	0.07253	-0.03782	-0.04571	(And (Agent $e0 $x0) (Member $e0 abandon) (Member $x1 north_route) (Theme $e0 $x1))
p204009	-0.09880	-0.05175	-0.04745	-0.04235	-0.05598	0.05293	0.04336	-0.07207	-0.04404	0.07441	-0.03252	0.01802	-0.04195	-0.04963	0.04344	-0.08221	-0.10581	0.09132	0.04420	-0.02684	0.08523	-0.01408	-0.06025	-0.04037	-0.06511	0.14387	-0.08479	-0.03105	0.12518	0.11667	-0.02823	0.13795	(And (Agent $e0 $x0) (Member $e0 abandon) (Member $x1 tender) (Theme $e0 $x1))
p204011	0.01601	-0.01466	-0.01058	0.00097	0.02145	0.00578	0.00810	-0.00942	-0.00669	-0.01382	0.00013	0.00882	0.00500	0.00904	0.00763	0.00806	-0.00060	-0.00650	-0.02874	-0.01758	-0.01635	0.00128	0.00956	-0.01649	-0.00821	-0.00760	0.01180	0.02393	0.01378	0.00584	-0.01760	-0.00914	(And (Agent $e0 $x0) (Member $e0 answer) (Member $x0 clerk) (Theme $e0 $x1))
p204012	0.01496	-0.01514	-0.01116	0.00032	0.02070	0.00533	0.00739	-0.01004	-0.00745	-0.01430	-0.00060	0.00811	0.00426	0.00826	0.00671	0.00727	-0.00123	-0.00683	-0.02919	-0.01780	-0.01656	0.00044	0.00895	-0.01692	-0.00873	-0.00814	0.01082	0.02305	0.01318	0.00510	-0.01802	-0.00979	(And (Agent $e0 $x0) (Member $e0 answer) (Member $x0 pilot) (Theme $e0 $x1))
p204013	0.01534	-0.01534	-0.01121	0.00033	0.02083	0.00523	0.00756	-0.01010	-0.00735	-0.01446	-0.00045	0.00815	0.00445	0.00844	0.00692	0.00735	-0.00120	-0.00706	-0.02940	-0.01822	-0.01687	0.00068	0.00894	-0.01711	-0.00882	-0.00819	0.01117	0.02331	0.01320	0.00519	-0.01828	-0.00983	(And (Agent $e0 $x0) (Member $e0 answer) (Member $x1 query) (Theme $e0 $x1))
p204014	0.01495	-0.01515	-0.01117	0.00032	0.02070	0.00533	0.00738	-0.01005	-0.00746	-0.01430	-0.00061	0.00811	0.00425	0.00825	0.00671	0.00727	-0.00124	-0.00684	-0.02920	-0.01780	-0.01656	0.00044	0.00894	-0.01693	-0.00874	-0.00815	0.01082	0.02305	0.01318	0.00509	-0.01802	-0.00979	(And (Agent $e0 $x0) (Member $e0 answer) (Member $x1 tower) (Theme $e0 $x1))
p204018	-0.07792	0.00199	0.15749	-0.03755	0.08913	-0.13183	-0.12955	-0.00950	-0.03650	-0.01154	-0.06085	-0.16458	-0.08629	-0.23213	0.02533	0.19662	-0.09107	0.06776	-0.07872	-0.01293	-0.21257	-0.02135	-0.13372	-0.00237	-0.01015	0.01056	0.48547	-0.04282	0.07374	0.02631	0.19355	-0.00526	(And (Agent $e0 $x0) (Member $e0 appear) (Member $x0 person) (Past $e0))
p204019	0.01218	-0.00666	-0.02110	-0.00928	0.01992	0.00776	0.00430	0.00000	-0.01187	-0.00313	-0.00320	0.01116	-0.00305	0.00496	-0.00925	0.00330	0.01973	-0.00143	-0.00830	0.00517	0.00743	0.00109	0.01567	-0.00461	0.00035	-0.00665	-0.00748	-0.00639	0.01280	-0.00348	-0.00125	-0.00926	(And (Agent $e0 $x0) (Member $e0 arrive) (Member $x0 freight) (Time $e0 (Hour <num>)))
p204020	-0.06561	0.07323	-0.01717	0.02670	0.03510	0.09469	0.08675	0.01187	0.11327	0.06884	0.01801	-0.07438	-0.08049	-0.06309	0.01943	-0.06393	-0.09020	-0.06884	-0.05611	-0.00889	-0.01306	0.01107	0.05722	0.07055	0.01609	-0.06695	-0.01953	-0.01940	0.06116	-0.03187	-0.02161	0.01237	(And (Agent $e0 $x0) (Member $e0 buy) (Member $x0 depot) (Past $e0))
p204021	-0.06561	0.07323	-0.01717	0.02670	0.03510	0.09469	0.08675	0.01187	0.11327	0.06884	0.01801	-0.07438	-0.08049	-0.06309	0.01943	-0.06393	-0.09020	-0.06884	-0.05611	-0.00889	-0.01306	0.01107	0.05722	0.07055	0.01609	-0.06695	-0.01953	-0.01940	0.06116	-0.03187	-0.02161	0.01237	(And (Agent $e0 $x0) (Member $e0 buy) (Member $x0 depot) (Theme $e0 $x1))
p204023	0.05822	-0.08170	0.02502	0.06259	0.07180	-0.07403	-0.03717	0.05589	-0.01616	-0.00801	-0.03716	-0.06347	0.08714	-0.05592	0.07507	-0.00683	-0.05097	0.03513	0.01624	-0.03332	0.16164	0.07924	0.07524	-0.03060	0.03284	-0.00476	-0.07884	-0.05974	-0.02506	-0.01837	-0.01154	0.12082	(And (Agent $e0 $x0) (Member $e0 buy) (Member $x0 pottery_studio) (Past $e0))
p204024	0.05822	-0.08170	0.02502	0.06259	0.07180	-0.07403	-0.03717	0.05589	-0.01616	-0.00801	-0.03716	-0.06347	0.08714	-0.05592	0.07507	-0.00683	-0.05097	0.03513	0.01624	-0.03332	0.16164	0.07924	0.07524	-0.03060	0.03284	-0.00476	-0.07884	-0.05974	-0.02506	-0.01837	-0.01154	0.12082	(And (Agent $e0 $x0) (Member $e0 buy) (Member $x0 pottery_studio) (Theme $e0 $x1))
p204025	-0.02201	-0.10067	0.03195	-0.04949	-0.04579	0.04207	0.05707	-0.05334	-0.04647	-0.04187	0.07161	-0.05673	0.04606	-0.04841	0.03552	-0.06319	0.09235	0.02367	-0.02468	0.00054	-0.03907	0.04951	0.04400	0.03293	0.01278	0.07739	-0.04120	0.00544	-0.00439	-0.05800	0.03713	-0.07038	(And (Agent $e0 $x0) (Member $e0 buy) (Member $x0 school) (Past $e0))
p204026	-0.02201	-0.10067	0.03195	-0.04949	-0.04579	0.04207	0.05707	-0.05334	-0.04647	-0.04187	0.07161	-0.05673	0.04606	-0.04841	0.03552	-0.06319	0.09235	0.02367	-0.02468	0.00054	-0.03907	0.04951	0.04400	0.03293	0.01278	0.07739	-0.04120	0.00544	-0.00439	-0.05800	0.03713	-0.07038	(And (Agent $e0 $x0) (Member $e0 buy) (Member $x0 school) (Theme $e0 $x1))
p204028	0.05822	-0.08170	0.02502	0.06259	0.07180	-0.07403	-0.03717	0.05589	-0.01616	-0.00801	-0.03716	-0.06347	0.08714	-0.05592	0.07507	-0.00683	-0.05097	0.03513	0.01624	-0.03332	0.16164	0.07924	0.07524	-0.03060	0.03284	-0.00476	-0.07884	-0.05974	-0.02506	-0.01837	-0.01154	0.12082	(And (Agent $e0 $x0) (Member $e0 buy) (Member $x1 kiln) (Theme $e0 $x1))
p204031	-0.01210	0.04931	-0.02549	0.06806	0.12457	-0.02376	-0.01430	-0.06965	-0.02466	0.05076	0.06515	0.03751	-0.00843	-0.00376	0.04300	-0.03275	0.01068	-0.02235	0.03326	0.03408	0.03938	-0.02163	-0.02639	-0.02147	-0.02336	0.04176	-0.02314	0.00741	-0.04835	-0.03212	0.09828	-0.00926	(And (Agent $e0 $x0) (Member $e0 cancel) (Member $x0 council) (Patient $e0 $x1))
p204032	-0.01179	0.04927	-0.02572	0.06836	0.12499	-0.02397	-0.01420	-0.07021	-0.02449	0.05097	0.06542	0.03732	-0.00822	-0.00329	0.04333	-0.03302	0.01065	-0.02266	0.03308	0.03355	0.03940	-0.02135	-0.02678	-0.02243	-0.02366	0.04172	-0.02289	0.00818	-0.04887	-0.03248	0.09819	-0.00963	(And (Agent $e0 $x0) (Member $e0 cancel) (Member $x0 tutor) (Patient $e0 $x1))
p204033	-0.01179	0.04927	-0.02572	0.06836	0.12499	-0.02397	-0.01420	-0.07021	-0.02449	0.05097	0.06542	0.03732	-0.00822	-0.00329	0.04333	-0.03302	0.01064	-0.02266	0.03308	0.03355	0.03940	-0.02135	-0.02678	-0.02243	-0.02366	0.04172	-0.02289	0.00818	-0.04887	-0.03248	0.09819	-0.00963	(And (Agent $e0 $x0) (Member $e0 cancel) (Member $x1 afternoon_session) (Patient $e0 $x1))
p204034	-0.01210	0.04931	-0.02549	0.06806	0.12457	-0.02376	-0.01430	-0.06965	-0.02466	0.05076	0.06515	0.03751	-0.00843	-0.00376	0.04300	-0.03275	0.01068	-0.02235	0.03326	0.03408	0.03938	-0.02163	-0.02639	-0.02147	-0.02336	0.04176	-0.02314	0.00741	-0.04835	-0.03212	0.09828	-0.00926	(And (Agent $e0 $x0) (Member $e0 cancel) (Member $x1 summer_fair) (Patient $e0 $x1))
p204035	0.04326	0.05680	0.04422	0.02297	-0.04538	-0.01159	-0.04815	0.01432	-0.02175	0.01349	-0.01383	-0.05206	-0.05099	-0.03188	0.00191	-0.02951	0.02950	0.02760	0.01284	0.03773	0.03406	-0.00059	-0.00659	0.07646	0.00864	0.03779	0.00516	0.02192	0.02979	0.02706	-0.00764	-0.01664	(And (Agent $e0 $x0) (Member $e0 cause) (Member $e1 destroy) (Theme $e0 $e1))
p204036	0.04326	0.05680	0.04422	0.02297	-0.04538	-0.01159	-0.04815	0.01432	-0.02175	0.01349	-0.01383	-0.05206	-0.05099	-0.03188	0.00191	-0.02952	0.02949	0.02760	0.01284	0.03773	0.03406	-0.00059	-0.00659	0.07646	0.00864	0.03779	0.00516	0.02192	0.02979	0.02706	-0.00764	-0.01664	(And (Agent $e0 $x0) (Member $e0 cause) (Patient $e1 $x1) (Theme $e0 $e1))
p204037	-0.09359	-0.00850	-0.07382	0.02681	0.09342	-0.00397	0.05214	-0.01555	-0.02576	-0.07416	-0.02352	0.05745	0.07258	-0.01777	-0.11397	0.03366	-0.01525	0.08295	-0.04207	0.05007	0.03778	-0.04569	0.06654	0.01845	-0.03876	-0.04869	-0.05828	0.03767	-0.00580	-0.03786	-0.03280	-0.04667	(And (Agent $e0 $x0) (Member $e0 decide) (Member $x0 board) (Theme $e0 $x1))
p204038	-0.03901	-0.00921	-0.03737	0.01553	0.05206	0.00184	0.02814	-0.01361	-0.01487	-0.03497	-0.01254	0.02996	0.03162	-0.00488	-0.04504	0.01603	-0.00697	0.03744	-0.02935	0.01409	0.01769	-0.02305	0.03049	0.00262	-0.02123	-0.02625	-0.02317	0.02908	0.00271	-0.01787	-0.02190	-0.02721	(And (Agent $e0 $x0) (Member $e0 decide) (Member $x0 judge) (Theme $e0 $x1))
p204039	-0.09359	-0.00850	-0.07382	0.02681	0.09343	-0.00397	0.05214	-0.01555	-0.02576	-0.07416	-0.02352	0.05745	0.07258	-0.01776	-0.11397	0.03366	-0.01525	0.08295	-0.04207	0.05007	0.03778	-0.04569	0.06654	0.01845	-0.03876	-0.04869	-0.05828	0.03767	-0.00580	-0.03786	-0.03280	-0.04667	(And (Agent $e0 $x0) (Member $e0 decide) (Member $x1 budget) (Theme $e0 $x1))
p204040	-0.03901	-0.00920	-0.03737	0.01553	0.05207	0.00184	0.02814	-0.01361	-0.01487	-0.03496	-0.01254	0.02996	0.03162	-0.00488	-0.04504	0.01603	-0.00698	0.03744	-0.02935	0.01409	0.01769	-0.02305	0.03050	0.00262	-0.02123	-0.02625	-0.02317	0.02908	0.00271	-0.01787	-0.02190	-0.02722	(And (Agent $e0 $x0) (Member $e0 decide) (Member $x1 case) (Theme $e0 $x1))
p204041	-0.09359	-0.00850	-0.07382	0.02681	0.09343	-0.00397	0.05214	-0.01555	-0.02576	-0.07416	-0.02352	0.05745	0.07258	-0.01776	-0.11397	0.03366	-0.01525	0.08295	-0.04207	0.05007	0.03778	-0.04569	0.06654	0.01845	-0.03876	-0.04869	-0.05828	0.03767	-0.00580	-0.03786	-0.03280	-0.04667	(And (Agent $e0 $x0) (Member $e0 decide) (Possession $x1 next_year) (Theme $e0 $x1))
p204042	-0.02743	0.00527	0.02592	-0.04394	-0.05108	0.08833	-0.00739	-0.05302	0.00614	-0.05507	0.06609	-0.08140	-0.05493	0.01753	-0.07531	0.08648	-0.07488	-0.06772	-0.03676	0.05569	0.11282	-0.04650	-0.04342	-0.04106	-0.02683	-0.06178	-0.12019	0.02069	-0.04356	-0.07290	0.05158	0.13180	(And (Agent $e0 $x0) (Member $e0 discover) (Member $x0 diver) (Theme $e0 $x1))
p204043	0.09833	-0.01450	0.01407	0.09230	0.00488	0.10334	-0.10859	0.10282	-0.05483	0.04342	0.10114	0.04940	-0.05074	0.02795	0.02237	0.10648	0.12038	0.02859	-0.04407	0.06379	-0.12364	0.06779	0.12953	-0.01712	-0.09511	-0.06180	0.03802	0.02207	0.12840	0.11631	0.06845	0.05736	(And (Agent $e0 $x0) (Member $e0 discover) (Member $x0 intern) (Theme $e0 $x1))
p204044	0.09833	-0.01450	0.01407	0.09230	0.00488	0.10334	-0.10859	0.10282	-0.05483	0.04342	0.10114	0.04940	-0.05074	0.02795	0.02237	0.10648	0.12038	0.02859	-0.04407	0.06379	-0.12364	0.06779	0.12953	-0.01712	-0.09511	-0.06180	0.03802	0.02207	0.12840	0.11631	0.06845	0.05736	(And (Agent $e0 $x0) (Member $e0 discover) (Member $x1 file) (Theme $e0 $x1))
p204045	0.09833	-0.01450	0.01407	0.09230	0.00488	0.10334	-0.10859	0.10282	-0.05483	0.04342	0.10114	0.04940	-0.05074	0.02795	0.02237	0.10648	0.12038	0.02859	-0.04407	0.06379	-0.12364	0.06779	0.12953	-0.01712	-0.09511	-0.06180	0.03802	0.02207	0.12840	0.11631	0.06845	0.05736	(And (Agent $e0 $x0) (Member $e0 discover) (Member $x1 missing) (Theme $e0 $x1))
p204046	-0.02743	0.00527	0.02592	-0.04394	-0.05108	0.08833	-0.00739	-0.05302	0.00614	-0.05507	0.06609	-0.08140	-0.05493	0.01753	-0.07531	0.08648	-0.07488	-0.06772	-0.03676	0.05569	0.11282	-0.04650	-0.04342	-0.04106	-0.02683	-0.06178	-0.12019	0.02069	-0.04356	-0.07290	0.05158	0.13180	(And (Agent $e0 $x0) (Member $e0 discover) (Member $x1 wreck) (Theme $e0 $x1))
p204047	0.02303	-0.01336	0.00509	0.00050	-0.01055	-0.00079	-0.00569	-0.00535	0.00072	-0.01289	-0.00398	-0.00774	-0.00412	-0.00076	0.00677	-0.00248	-0.00152	-0.01661	-0.01654	-0.03228	-0.01964	0.00645	-0.00785	-0.00384	0.00335	-0.00298	0.01993	0.02277	0.00775	-0.00518	-0.02123	-0.00779	(And (Agent $e0 $x0) (Member $e0 fund) (Member $x0 government) (Theme $e0 $x1))
p204048	-0.01867	-0.01429	0.02435	-0.02914	0.00154	-0.02006	-0.01259	-0.04127	0.02524	0.03616	-0.02097	0.01758	0.07921	0.01815	-0.03005	-0.01964	-0.02158	-0.04253	-0.03165	0.03814	0.02956	-0.03076	0.01152	0.00686	0.05638	-0.00824	-0.01488	0.00111	0.05636	0.03420	0.03947	-0.02235	(And (Agent $e0 $x0) (Member $e0 give) (Member $x0 school) (Recipient $e0 $x1))
p204049	-0.01867	-0.01429	0.02435	-0.02914	0.00154	-0.02006	-0.01259	-0.04127	0.02524	0.03616	-0.02097	0.01758	0.07921	0.01815	-0.03005	-0.01964	-0.02158	-0.04253	-0.03165	0.03814	0.02956	-0.03076	0.01152	0.00686	0.05638	-0.00824	-0.01488	0.00111	0.05636	0.03420	0.03947	-0.02235	(And (Agent $e0 $x0) (Member $e0 give) (Member $x0 school) (Theme $e0 $x1))
p204050	-0.01473	-0.00585	0.02141	-0.01833	0.00900	-0.02262	-0.01370	-0.03084	0.02533	0.04107	-0.02064	0.01892	0.07681	0.02079	-0.03012	-0.01396	-0.01710	-0.04149	-0.03238	0.04043	0.02504	-0.03105	0.01089	0.00242	0.05598	-0.02163	-0.01070	0.00242	0.06195	0.04281	0.03761	-0.01856	(And (Agent $e0 $x0) (Member $e0 give) (Member $x0 trainer) (Recipient $e0 $x1))
p204051	-0.01473	-0.00585	0.02141	-0.01833	0.00900	-0.02262	-0.01370	-0.03084	0.02533	0.04107	-0.02064	0.01892	0.07681	0.02079	-0.03012	-0.01396	-0.01710	-0.04149	-0.03238	0.04043	0.02504	-0.03105	0.01089	0.00242	0.05598	-0.02163	-0.01070	0.00242	0.06195	0.04281	0.03761	-0.01856	(And (Agent $e0 $x0) (Member $e0 give) (Member $x0 trainer) (Theme $e0 $x1))
p204052	-0.00000	-0.01030	0.02519	-0.00663	0.00270	-0.01796	-0.01007	-0.03033	0.02687	0.02902	-0.01918	0.01227	0.05253	0.02433	-0.01447	-0.01153	-0.01392	-0.03680	-0.02878	0.03451	0.02341	-0.02879	0.00939	-0.00506	0.06183	-0.01340	-0.00746	0.00190	0.04151	0.02649	0.02228	-0.01773	(And (Agent $e0 $x0) (Member $e0 give) (Member $x1 answer) (Theme $e0 $x1))
p204053	-0.00118	-0.00928	0.02878	-0.00551	0.00028	-0.01839	-0.01147	-0.03028	0.02671	0.03142	-0.01919	0.01145	0.05217	0.02380	-0.01574	-0.01224	-0.01388	-0.03693	-0.02722	0.03604	0.02391	-0.02917	0.00717	-0.00353	0.06378	-0.01251	-0.00759	0.00085	0.04227	0.02564	0.02280	-0.01763	(And (Agent $e0 $x0) (Member $e0 give) (Member $x1 manifest) (Theme $e0 $x1))
p204054	-0.01473	-0.00585	0.02141	-0.01833	0.00900	-0.02262	-0.01370	-0.03084	0.02533	0.04107	-0.02064	0.01892	0.07681	0.02079	-0.03012	-0.01396	-0.01710	-0.04149	-0.03238	0.04043	0.02504	-0.03105	0.01089	0.00242	0.05598	-0.02163	-0.01070	0.00242	0.06195	0.04281	0.03761	-0.01856	(And (Agent $e0 $x0) (Member $e0 give) (Member $x1 recruit) (Recipient $e0 $x1))
p204055	-0.01867	-0.01429	0.02435	-0.02914	0.00154	-0.02006	-0.01259	-0.04127	0.02524	0.03616	-0.02097	0.01758	0.07921	0.01815	-0.03005	-0.01964	-0.02158	-0.04253	-0.03165	0.03814	0.02956	-0.03076	0.01152	0.00686	0.05638	-0.00824	-0.01488	0.00111	0.05636	0.03420	0.03947	-0.02235	(And (Agent $e0 $x0) (Member $e0 give) (Member $x1 winner) (Recipient $e0 $x1))
p204056	0.03910	0.04468	0.04176	0.02030	-0.04828	-0.03100	0.06271	-0.03483	0.00083	-0.07153	0.00442	0.03291	-0.03887	-0.04786	-0.06123	-0.04657	-0.04063	0.00864	0.12654	-0.04132	-0.04988	-0.01805	0.07286	-0.02406	-0.08323	-0.02828	-0.00350	-0.09067	-0.05336	0.07373	0.06253	0.03742	(And (Agent $e0 $x0) (Member $e0 lend) (Member $x0 museum) (Recipient $e0 $x1))
p204057	0.03910	0.04468	0.04176	0.02030	-0.04828	-0.03100	0.06271	-0.03483	0.00083	-0.07153	0.00442	0.03291	-0.03887	-0.04786	-0.06123	-0.04657	-0.04063	0.00865	0.12654	-0.04132	-0.04988	-0.01805	0.07286	-0.02406	-0.08323	-0.02828	-0.00350	-0.09067	-0.05336	0.07373	0.06253	0.03742	(And (Agent $e0 $x0) (Member $e0 lend) (Member $x0 museum) (Theme $e0 $x1))
p204058	0.02300	0.01736	0.00741	-0.00487	-0.02824	-0.01743	0.03204	-0.02164	-0.01286	-0.04566	0.00645	0.01817	-0.01072	-0.02976	-0.03037	-0.02455	-0.02428	-0.01336	0.04448	-0.05407	-0.02973	0.01197	0.02189	-0.01216	-0.05301	-0.01876	0.00999	-0.02365	-0.01918	0.02355	0.00887	0.01909	(And (Agent $e0 $x0) (Member $e0 lend) (Member $x0 neighbour) (Recipient $e0 ravi))
p204059	0.02300	0.01736	0.00741	-0.00487	-0.02824	-0.01743	0.03204	-0.02164	-0.01286	-0.04566	0.00645	0.01817	-0.01072	-0.02976	-0.03037	-0.02455	-0.02428	-0.01336	0.04448	-0.05407	-0.02973	0.01197	0.02189	-0.01216	-0.05301	-0.01876	0.00998	-0.02365	-0.01918	0.02355	0.00887	0.01909	(And (Agent $e0 $x0) (Member $e0 lend) (Member $x0 neighbour) (Theme $e0 $x1))
p204060	0.03910	0.04468	0.04176	0.02030	-0.04828	-0.03100	0.06271	-0.03483	0.00083	-0.07153	0.00442	0.03291	-0.03887	-0.04786	-0.06123	-0.04657	-0.04063	0.00865	0.12654	-0.04132	-0.04988	-0.01805	0.07286	-0.02406	-0.08323	-0.02828	-0.00350	-0.09067	-0.05336	0.07373	0.06253	0.03742	(And (Agent $e0 $x0) (Member $e0 lend) (Member $x1 gallery) (Recipient $e0 $x1))
p204061	0.03134	0.03962	0.04788	0.03227	-0.04083	-0.01088	0.04767	-0.03146	0.01819	-0.04917	0.00576	0.02160	-0.04263	-0.03974	-0.03754	-0.04105	-0.03535	-0.00337	0.08293	-0.02445	-0.04441	-0.02411	0.05337	-0.01304	-0.03987	-0.02377	0.00241	-0.07449	-0.04039	0.04379	0.02832	0.02793	(And (Agent $e0 $x0) (Member $e0 lend) (Member $x1 generator) (Theme $e0 $x1))
p204062	-0.05633	0.01287	0.04706	0.05527	-0.04377	-0.01949	-0.04422	-0.00299	-0.00568	0.01631	-0.03304	-0.02441	-0.03428	-0.04092	-0.06780	0.00587	0.00229	0.07664	0.06161	0.04217	0.03973	-0.01134	0.01503	0.08604	0.02200	-0.00718	-0.01144	0.04410	0.00282	-0.04887	-0.01594	-0.03094	(And (Agent $e0 $x0) (Member $e0 make) (Patient $e0 $e1) (Theme $e1 $x1))
p204063	0.02267	-0.01181	0.00570	0.00434	-0.00246	-0.00128	-0.00568	-0.00869	0.00146	-0.01033	-0.00122	-0.00612	-0.00386	0.00003	0.01054	-0.00386	-0.00056	-0.01852	-0.01624	-0.03051	-0.01822	0.00524	-0.00859	-0.00520	0.00282	-0.00145	0.02017	0.02356	0.00440	-0.00765	-0.01717	-0.00791	(And (Agent $e0 $x0) (Member $e0 order) (Member $x1 scan) (Theme $e0 $x1))
p204064	0.02206	-0.01245	0.00511	0.00375	-0.00306	-0.00181	-0.00622	-0.00933	0.00081	-0.01093	-0.00176	-0.00673	-0.00440	-0.00053	0.00992	-0.00455	-0.00113	-0.01905	-0.01687	-0.03109	-0.01873	0.00468	-0.00917	-0.00577	0.00223	-0.00201	0.01957	0.02297	0.00385	-0.00826	-0.01783	-0.00857	(And (Agent $e0 $x0) (Member $e0 order) (Ordinal $x1 <num> scan) (Theme $e0 $x1))
p204065	0.00562	-0.01685	-0.01615	0.00151	0.02063	0.00609	0.01125	-0.01227	-0.00748	-0.01220	-0.00061	0.00883	0.00344	0.00383	0.00185	0.00310	-0.00561	0.00203	-0.02642	-0.02072	-0.01369	-0.00161	0.00677	-0.01822	-0.01517	-0.00402	0.00757	0.02177	0.01314	0.00662	-0.01801	-0.00922	(And (Agent $e0 $x0) (Member $e0 postpone) (Member $x0 club) (Theme $e0 $x1))
p204066	0.00551	-0.01697	-0.01626	0.00140	0.02052	0.00599	0.01115	-0.01239	-0.00760	-0.01231	-0.00071	0.00872	0.00334	0.00372	0.00174	0.00298	-0.00572	0.00193	-0.02654	-0.02083	-0.01379	-0.00172	0.00666	-0.01832	-0.01528	-0.00413	0.00746	0.02166	0.01303	0.00651	-0.01813	-0.00934	(And (Agent $e0 $x0) (Member $e0 postpone) (Member $x1 tournament) (Theme $e0 $x1))
p204067	-0.04187	0.02703	0.07403	0.05809	-0.05598	-0.01874	-0.05598	0.01656	-0.00825	0.01828	-0.03257	-0.04401	-0.04741	-0.04231	-0.06963	-0.00688	0.01065	0.08936	0.05767	0.05210	0.03621	-0.01984	0.01754	0.09350	0.02076	0.00955	-0.00876	0.04219	0.01120	-0.03805	-0.02467	-0.03740	(And (Agent $e0 $x0) (Member $e0 reach) (Theme $e0 $e1) (Theme $e1 $x1))
p204068	0.01597	0.01429	-0.01077	0.01264	0.01631	-0.01305	-0.01106	-0.01479	-0.00984	0.00629	0.01712	-0.00965	-0.01003	-0.00935	0.00893	-0.01238	0.01225	-0.01851	0.00473	-0.00212	0.00636	-0.00376	-0.01345	0.00865	0.00867	0.01216	-0.00054	0.00718	-0.00311	-0.00272	0.00184	-0.00537	(And (Agent $e0 $x0) (Member $e0 sign) (Member $x1 chart) (Patient $e0 $x1))
p204069	0.05572	-0.07859	-0.07520	0.06055	0.02304	0.05971	0.05850	0.06605	0.11755	-0.06142	-0.08394	0.02981	-0.04603	0.00643	0.06084	0.11905	-0.04812	0.06064	-0.06127	-0.00102	0.01452	-0.05084	-0.03235	0.05794	0.07441	0.14597	-0.05799	0.01509	-0.08938	0.03163	0.08219	-0.02846	(And (Agent $e0 $x0) (Member $e0 teach) (Member $x0 elder) (Recipient $e0 $x1))
p204070	0.05572	-0.07859	-0.07520	0.06055	0.02304	0.05971	0.05850	0.06605	0.11755	-0.06142	-0.08394	0.02981	-0.04603	0.00643	0.06084	0.11905	-0.04812	0.06064	-0.06127	-0.00102	0.01452	-0.05084	-0.03235	0.05794	0.07441	0.14597	-0.05799	0.01509	-0.08938	0.03163	0.08219	-0.02846	(And (Agent $e0 $x0) (Member $e0 teach) (Member $x0 elder) (Theme $e0 $x1))
p204071	0.04684	0.02025	-0.03717	0.01501	-0.05923	0.06896	0.05993	-0.03108	-0.06983	0.05853	0.13070	0.06774	-0.04691	0.03309	-0.10259	-0.04863	-0.06811	0.06115	-0.05061	-0.00743	0.10075	0.13030	-0.04425	-0.05554	0.08159	-0.04914	0.24935	-0.06498	-0.02170	-0.00003	-0.08157	-0.12236	(And (Agent $e0 $x0) (Member $e0 teach) (Member $x0 potter) (Recipient $e0 $x1))
p204072	0.04684	0.02024	-0.03717	0.01501	-0.05924	0.06896	0.05993	-0.03108	-0.06983	0.05853	0.13070	0.06774	-0.04691	0.03309	-0.10258	-0.04863	-0.06811	0.06115	-0.05061	-0.00743	0.10075	0.13030	-0.04425	-0.05554	0.08159	-0.04915	0.24933	-0.06498	-0.02170	-0.00003	-0.08157	-0.12237	(And (Agent $e0 $x0) (Member $e0 teach) (Member $x0 potter) (Theme $e0 glazing))
p204073	0.04684	0.02025	-0.03717	0.01501	-0.05923	0.06896	0.05993	-0.03108	-0.06983	0.05853	0.13070	0.06774	-0.04691	0.03309	-0.10259	-0.04863	-0.06811	0.06115	-0.05061	-0.00743	0.10075	0.13030	-0.04425	-0.05554	0.08159	-0.04914	0.24935	-0.06498	-0.02170	-0.00003	-0.08157	-0.12236	(And (Agent $e0 $x0) (Member $e0 teach) (Member $x1 apprentice) (Recipient $e0 $x1))
p204074	0.03874	-0.03310	-0.00140	0.04295	-0.01233	0.02548	0.02247	0.01622	0.05849	-0.02212	-0.03592	0.00882	-0.03503	0.00889	0.01394	0.04860	-0.02223	0.01877	-0.03193	-0.00687	0.01110	-0.02802	-0.01739	0.01291	0.08093	0.05009	-0.01084	-0.00834	-0.06291	0.00525	0.00926	-0.02758	(And (Agent $e0 $x0) (Member $e0 teach) (Member $x1 drill) (Theme $e0 $x1))
p204075	0.05572	-0.07859	-0.07520	0.06055	0.02304	0.05971	0.05850	0.06605	0.11755	-0.06142	-0.08394	0.02981	-0.04603	0.00643	0.06084	0.11905	-0.04812	0.06064	-0.06127	-0.00102	0.01452	-0.05084	-0.03235	0.05794	0.07441	0.14597	-0.05799	0.01509	-0.08938	0.03163	0.08219	-0.02846	(And (Agent $e0 $x0) (Member $e0 teach) (Member $x1 song) (Theme $e0 $x1))
p204076	-0.05633	0.01287	0.04706	0.05527	-0.04377	-0.01949	-0.04422	-0.00299	-0.00568	0.01631	-0.03304	-0.02441	-0.03428	-0.04092	-0.06780	0.00587	0.00229	0.07664	0.06161	0.04217	0.03973	-0.01134	0.01503	0.08604	0.02200	-0.00718	-0.01144	0.04410	0.00282	-0.04887	-0.01594	-0.03094	(And (Agent $e0 $x0) (Member $e1 decision) (Patient $e0 $e1) (Theme $e1 $x1))
p204077	-0.04187	0.02703	0.07403	0.05809	-0.05598	-0.01874	-0.05598	0.01656	-0.00825	0.01828	-0.03257	-0.04401	-0.04741	-0.04231	-0.06963	-0.00688	0.01065	0.08936	0.05767	0.05210	0.03621	-0.01984	0.01754	0.09350	0.02076	0.00955	-0.00876	0.04219	0.01120	-0.03805	-0.02467	-0.03740	(And (Agent $e0 $x0) (Member $e1 decision) (Theme $e0 $e1) (Theme $e1 $x1))
p204078	0.04326	0.05680	0.04422	0.02297	-0.04538	-0.01159	-0.04815	0.01432	-0.02175	0.01349	-0.01383	-0.05206	-0.05099	-0.03188	0.00191	-0.02951	0.02950	0.02760	0.01284	0.03773	0.03406	-0.00059	-0.00659	0.07646	0.00864	0.03779	0.00516	0.02192	0.02979	0.02706	-0.00764	-0.01664	(And (Agent $e0 $x0) (Member $e1 destroy) (Patient $e1 $x1) (Theme $e0 $e1))
p204079	0.01217	-0.00295	0.00261	0.01038	0.01248	0.00043	-0.00674	-0.01360	-0.00288	-0.00248	0.00242	0.00168	-0.00434	0.00051	0.00936	-0.00714	-0.00046	-0.01095	-0.00860	-0.01695	-0.00748	-0.00121	-0.00486	-0.00780	-0.00278	0.00004	0.01017	0.01919	-0.00035	-0.00914	-0.00116	-0.00829	(And (Agent $e0 $x0) (Member $x0 airline) (Member $x1 evening_flight) (Theme $e0 $x1))
p204080	0.02104	-0.01151	0.00509	0.00133	-0.00772	0.00037	-0.00532	-0.00537	0.00001	-0.01171	-0.00364	-0.00598	-0.00416	-0.00027	0.00623	-0.00235	-0.00113	-0.01403	-0.01554	-0.02839	-0.01783	0.00475	-0.00551	-0.00362	0.00281	-0.00290	0.01803	0.02184	0.00806	-0.00458	-0.01935	-0.00737	(And (Agent $e0 $x0) (Member $x0 bank) (Member $x1 loan_application) (Theme $e0 $x1))
p204081	-0.09359	-0.00850	-0.07382	0.02681	0.09342	-0.00397	0.05214	-0.01555	-0.02576	-0.07416	-0.02352	0.05745	0.07258	-0.01777	-0.11397	0.03366	-0.01525	0.08295	-0.04207	0.05007	0.03778	-0.04569	0.06654	0.01845	-0.03876	-0.04869	-0.05828	0.03767	-0.00580	-0.03786	-0.03280	-0.04667	(And (Agent $e0 $x0) (Member $x0 board) (Member $x1 budget) (Theme $e0 $x1))
p204082	-0.09359	-0.00850	-0.07382	0.02681	0.09342	-0.00397	0.05214	-0.01555	-0.02576	-0.07416	-0.02352	0.05745	0.07258	-0.01777	-0.11397	0.03366	-0.01525	0.08295	-0.04207	0.05007	0.03778	-0.04569	0.06654	0.01845	-0.03876	-0.04869	-0.05828	0.03767	-0.00580	-0.03786	-0.03280	-0.04667	(And (Agent $e0 $x0) (Member $x0 board) (Possession $x1 next_year) (Theme $e0 $x1))
p204083	0.01533	-0.01534	-0.01121	0.00033	0.02083	0.00523	0.00756	-0.01010	-0.00736	-0.01446	-0.00045	0.00815	0.00444	0.00843	0.00692	0.00734	-0.00120	-0.00707	-0.02940	-0.01822	-0.01688	0.00068	0.00893	-0.01711	-0.00883	-0.00819	0.01116	0.02331	0.01319	0.00519	-0.01829	-0.00983	(And (Agent $e0 $x0) (Member $x0 clerk) (Member $x1 query) (Theme $e0 $x1))
p204084	0.05572	-0.07859	-0.07520	0.06055	0.02304	0.05971	0.05850	0.06605	0.11755	-0.06142	-0.08394	0.02981	-0.04603	0.00643	0.06084	0.11905	-0.04812	0.06064	-0.06127	-0.00102	0.01452	-0.05084	-0.03235	0.05794	0.07441	0.14597	-0.05799	0.01509	-0.08938	0.03163	0.08219	-0.02846	(And (Agent $e0 $x0) (Member $x0 elder) (Member $x1 song) (Theme $e0 $x1))
p204085	0.05572	-0.07859	-0.07520	0.06055	0.02304	0.05971	0.05850	0.06605	0.11755	-0.06142	-0.08394	0.02981	-0.04603	0.00643	0.06084	0.11905	-0.04812	0.06064	-0.06127	-0.00102	0.01452	-0.05084	-0.03235	0.05794	0.07441	0.14597	-0.05799	0.01509	-0.08938	0.03163	0.08219	-0.02846	(And (Agent $e0 $x0) (Member $x0 elder) (Recipient $e0 $x1) (Theme $e0 $x2))
p204087	-0.01613	-0.02629	-0.02168	0.00027	0.00621	0.01124	0.01657	-0.02461	-0.00777	0.01728	-0.00331	0.00773	-0.00962	0.00141	0.00580	-0.01611	-0.02382	0.01887	-0.01633	-0.02655	-0.00464	-0.00420	-0.00481	-0.03073	-0.02316	0.03151	-0.00741	0.01303	0.02641	0.02108	-0.02077	0.01171	(And (Agent $e0 $x0) (Member $x0 ferry) (Member $x1 departure) (Theme $e0 $x1))
p204089	-0.03901	-0.00920	-0.03737	0.01553	0.05206	0.00184	0.02814	-0.01361	-0.01487	-0.03496	-0.01254	0.02996	0.03162	-0.00488	-0.04504	0.01603	-0.00697	0.03744	-0.02935	0.01409	0.01769	-0.02305	0.03050	0.00262	-0.02123	-0.02625	-0.02317	0.02908	0.00271	-0.01787	-0.02190	-0.02722	(And (Agent $e0 $x0) (Member $x0 judge) (Member $x1 case) (Theme $e0 $x1))
p204090	0.03910	0.04468	0.04176	0.02030	-0.04828	-0.03100	0.06271	-0.03483	0.00083	-0.07153	0.00442	0.03291	-0.03887	-0.04786	-0.06123	-0.04657	-0.04063	0.00864	0.12654	-0.04132	-0.04988	-0.01805	0.07286	-0.02406	-0.08323	-0.02828	-0.00350	-0.09067	-0.05336	0.07373	0.06253	0.03742	(And (Agent $e0 $x0) (Member $x0 museum) (Member $x1 gallery) (Recipient $e0 $x1))
p204091	0.03910	0.04468	0.04176	0.02030	-0.04828	-0.03100	0.06271	-0.03483	0.00083	-0.07153	0.00442	0.03291	-0.03887	-0.04786	-0.06123	-0.04657	-0.04063	0.00865	0.12654	-0.04132	-0.04988	-0.01805	0.07286	-0.02406	-0.08323	-0.02828	-0.00350	-0.09067	-0.05336	0.07373	0.06253	0.03742	(And (Agent $e0 $x0) (Member $x0 museum) (Recipient $e0 $x1) (Theme $e0 $x2))
p204092	0.02300	0.01736	0.00741	-0.00487	-0.02824	-0.01743	0.03204	-0.02164	-0.01286	-0.04566	0.00645	0.01817	-0.01072	-0.02976	-0.03037	-0.02455	-0.02428	-0.01336	0.04448	-0.05407	-0.02973	0.01197	0.02189	-0.01216	-0.05301	-0.01876	0.00998	-0.02365	-0.01918	0.02355	0.00887	0.01909	(And (Agent $e0 $x0) (Member $x0 neighbour) (Recipient $e0 ravi) (Theme $e0 $x1))
p204093	0.00021	0.00742	-0.01556	-0.02164	0.04996	-0.01478	0.01016	-0.02594	-0.02109	-0.03690	0.00537	-0.00247	0.00346	0.00916	0.00292	0.00563	-0.04405	-0.02444	-0.03608	-0.01313	-0.02151	-0.01480	-0.00863	-0.00825	0.00323	0.01530	-0.00417	-0.01364	0.00895	0.00505	-0.01621	-0.00724	(And (Agent $e0 $x0) (Member $x0 person) (Past $e0) (Patient $e0 $x1))
p204094	0.02116	-0.00987	0.00462	0.00743	0.00361	-0.00202	-0.00662	-0.01230	0.00049	-0.00799	0.00115	-0.00435	-0.00414	0.00004	0.01262	-0.00589	-0.00051	-0.01946	-0.01506	-0.02868	-0.01624	0.00388	-0.00955	-0.00700	0.00087	-0.00029	0.01885	0.02353	0.00129	-0.00998	-0.01206	-0.00863	(And (Agent $e0 $x0) (Member $x0 physician) (Member $x1 scan) (Theme $e0 $x1))
p204095	0.02114	-0.00990	0.00460	0.00741	0.00359	-0.00205	-0.00665	-0.01232	0.00047	-0.00801	0.00113	-0.00438	-0.00416	0.00002	0.01260	-0.00592	-0.00053	-0.01948	-0.01508	-0.02870	-0.01626	0.00386	-0.00957	-0.00702	0.00085	-0.00031	0.01882	0.02351	0.00127	-0.01001	-0.01209	-0.00866	(And (Agent $e0 $x0) (Member $x0 physician) (Ordinal $x1 <num> scan) (Theme $e0 $x1))
p204096	0.01495	-0.01515	-0.01117	0.00032	0.02070	0.00533	0.00738	-0.01005	-0.00746	-0.01430	-0.00061	0.00811	0.00425	0.00825	0.00671	0.00727	-0.00124	-0.00684	-0.02920	-0.01780	-0.01656	0.00044	0.00894	-0.01693	-0.00874	-0.00815	0.01082	0.02305	0.01318	0.00509	-0.01802	-0.00979	(And (Agent $e0 $x0) (Member $x0 pilot) (Member $x1 tower) (Theme $e0 $x1))
p204097	0.04684	0.02025	-0.03717	0.01501	-0.05923	0.06896	0.05993	-0.03108	-0.06983	0.05853	0.13070	0.06774	-0.04691	0.03309	-0.10259	-0.04863	-0.06811	0.06115	-0.05061	-0.00743	0.10075	0.13030	-0.04425	-0.05554	0.08159	-0.04914	0.24935	-0.06498	-0.02170	-0.00003	-0.08157	-0.12236	(And (Agent $e0 $x0) (Member $x0 potter) (Member $x1 apprentice) (Recipient $e0 $x1))
p204098	0.04684	0.02025	-0.03717	0.01501	-0.05923	0.06896	0.05993	-0.03108	-0.06983	0.05853	0.13070	0.06774	-0.04691	0.03309	-0.10259	-0.04863	-0.06811	0.06115	-0.05061	-0.00743	0.10075	0.13030	-0.04425	-0.05554	0.08159	-0.04914	0.24935	-0.06498	-0.02170	-0.00003	-0.08157	-0.12236	(And (Agent $e0 $x0) (Member $x0 potter) (Recipient $e0 $x1) (Theme $e0 glazing))
p204099	0.05822	-0.08170	0.02502	0.06259	0.07180	-0.07403	-0.03717	0.05589	-0.01616	-0.00801	-0.03716	-0.06347	0.08714	-0.05592	0.07507	-0.00683	-0.05097	0.03513	0.01624	-0.03332	0.16164	0.07924	0.07524	-0.03060	0.03284	-0.00476	-0.07884	-0.05974	-0.02506	-0.01837	-0.01154	0.12082	(And (Agent $e0 $x0) (Member $x0 pottery_studio) (Ordinal $x1 <num> buy) (Theme $e0 $x1))
p204100	-0.01867	-0.01429	0.02435	-0.02914	0.00154	-0.02006	-0.01259	-0.04127	0.02524	0.03616	-0.02097	0.01758	0.07921	0.01815	-0.03005	-0.01964	-0.02158	-0.04253	-0.03165	0.03814	0.02956	-0.03076	0.01152	0.00687	0.05638	-0.00824	-0.01488	0.00111	0.05636	0.03420	0.03947	-0.02235	(And (Agent $e0 $x0) (Member $x0 school) (Member $x1 winner) (Recipient $e0 $x1))
p204101	-0.01867	-0.01429	0.02435	-0.02914	0.00154	-0.02006	-0.01259	-0.04127	0.02524	0.03616	-0.02097	0.01758	0.07921	0.01815	-0.03005	-0.01964	-0.02158	-0.04253	-0.03165	0.03814	0.02956	-0.03076	0.01152	0.00687	0.05638	-0.00824	-0.01488	0.00111	0.05636	0.03420	0.03947	-0.02235	(And (Agent $e0 $x0) (Member $x0 school) (Recipient $e0 $x1) (Theme $e0 $x2))
p204102	-0.01473	-0.00585	0.02141	-0.01833	0.00900	-0.02262	-0.01370	-0.03084	0.02533	0.04107	-0.02064	0.01892	0.07681	0.02079	-0.03012	-0.01396	-0.01710	-0.04149	-0.03238	0.04043	0.02504	-0.03105	0.01089	0.00242	0.05598	-0.02163	-0.01070	0.00242	0.06195	0.04281	0.03761	-0.01856	(And (Agent $e0 $x0) (Member $x0 trainer) (Member $x1 recruit) (Recipient $e0 $x1))
p204103	-0.01473	-0.00585	0.02141	-0.01833	0.00900	-0.02262	-0.01370	-0.03084	0.02533	0.04107	-0.02064	0.01892	0.07681	0.02079	-0.03012	-0.01396	-0.01710	-0.04149	-0.03238	0.04043	0.02504	-0.03105	0.01089	0.00242	0.05598	-0.02163	-0.01070	0.00242	0.06195	0.04281	0.03761	-0.01856	(And (Agent $e0 $x0) (Member $x0 trainer) (Recipient $e0 $x1) (Theme $e0 $x2))
p204104	0.01262	-0.00230	-0.01687	-0.01033	0.01315	0.00435	-0.00429	-0.00578	-0.00904	-0.00621	-0.00280	0.01089	-0.00756	0.00105	-0.00264	-0.00179	0.00681	0.00010	-0.00466	0.00690	0.00830	0.00396	0.01567	0.00225	-0.00092	-0.00101	-0.00321	-0.00260	0.01047	-0.00621	0.00046	-0.00745	(And (Agent $e0 $x0) (Member $x0 warden) (Theme $e0 visitor) (Time $e0 (Weekday sunday)))
p204105	-0.00000	-0.01030	0.02519	-0.00663	0.00270	-0.01796	-0.01007	-0.03033	0.02687	0.02902	-0.01918	0.01227	0.05253	0.02433	-0.01447	-0.01153	-0.01392	-0.03680	-0.02878	0.03451	0.02341	-0.02879	0.00939	-0.00506	0.06183	-0.01340	-0.00746	0.00190	0.04151	0.02649	0.02228	-0.01773	(And (Agent $e0 $x0) (Member $x1 answer) (Recipient $e0 $x2) (Theme $e0 $x1))
p204106	0.04684	0.02025	-0.03717	0.01501	-0.05923	0.06896	0.05993	-0.03108	-0.06983	0.05853	0.13070	0.06774	-0.04691	0.03309	-0.10259	-0.04863	-0.06811	0.06115	-0.05061	-0.00743	0.10075	0.13030	-0.04425	-0.05554	0.08159	-0.04914	0.24935	-0.06498	-0.02170	-0.00003	-0.08157	-0.12236	(And (Agent $e0 $x0) (Member $x1 apprentice) (Recipient $e0 $x1) (Theme $e0 glazing))
p204107	-0.09359	-0.00850	-0.07382	0.02681	0.09342	-0.00397	0.05214	-0.01555	-0.02576	-0.07416	-0.02352	0.05745	0.07258	-0.01777	-0.11397	0.03366	-0.01525	0.08295	-0.04207	0.05007	0.03778	-0.04569	0.06654	0.01845	-0.03876	-0.04869	-0.05828	0.03767	-0.00580	-0.03786	-0.03280	-0.04667	(And (Agent $e0 $x0) (Member $x1 budget) (Possession $x1 next_year) (Theme $e0 $x1))
p204109	0.03874	-0.03310	-0.00140	0.04295	-0.01233	0.02548	0.02247	0.01622	0.05849	-0.02212	-0.03592	0.00882	-0.03503	0.00889	0.01394	0.04860	-0.02223	0.01877	-0.03193	-0.00687	0.01110	-0.02802	-0.01739	0.01291	0.08093	0.05009	-0.01084	-0.00834	-0.06291	0.00525	0.00926	-0.02758	(And (Agent $e0 $x0) (Member $x1 drill) (Recipient $e0 $x2) (Theme $e0 $x1))
p204110	0.03910	0.04468	0.04176	0.02030	-0.04828	-0.03100	0.06271	-0.03483	0.00083	-0.07153	0.00441	0.03291	-0.03887	-0.04786	-0.06123	-0.04657	-0.04063	0.00864	0.12654	-0.04132	-0.04988	-0.01805	0.07286	-0.02406	-0.08323	-0.02828	-0.00350	-0.09067	-0.05336	0.07373	0.06253	0.03742	(And (Agent $e0 $x0) (Member $x1 gallery) (Recipient $e0 $x1) (Theme $e0 $x2))
p204111	0.03134	0.03962	0.04788	0.03227	-0.04083	-0.01088	0.04767	-0.03146	0.01819	-0.04917	0.00576	0.02160	-0.04263	-0.03974	-0.03754	-0.04105	-0.03535	-0.00337	0.08293	-0.02445	-0.04441	-0.02411	0.05337	-0.01304	-0.03987	-0.02377	0.00241	-0.07449	-0.04039	0.04379	0.02832	0.02793	(And (Agent $e0 $x0) (Member $x1 generator) (Recipient $e0 $x2) (Theme $e0 $x1))
p204112	0.05822	-0.08170	0.02502	0.06259	0.07180	-0.07403	-0.03717	0.05589	-0.01616	-0.00801	-0.03716	-0.06347	0.08714	-0.05592	0.07507	-0.00683	-0.05097	0.03513	0.01624	-0.03332	0.16164	0.07924	0.07524	-0.03060	0.03284	-0.00476	-0.07884	-0.05974	-0.02506	-0.01837	-0.01154	0.12082	(And (Agent $e0 $x0) (Member $x1 kiln) (Ordinal $x1 <num> buy) (Theme $e0 $x1))
p204113	-0.00118	-0.00928	0.02878	-0.00551	0.00028	-0.01839	-0.01147	-0.03028	0.02671	0.03142	-0.01919	0.01145	0.05217	0.02380	-0.01574	-0.01224	-0.01388	-0.03693	-0.02722	0.03604	0.02391	-0.02917	0.00717	-0.00353	0.06378	-0.01251	-0.00759	0.00085	0.04227	0.02564	0.02280	-0.01763	(And (Agent $e0 $x0) (Member $x1 manifest) (Recipient $e0 $x2) (Theme $e0 $x1))
p204114	-0.01473	-0.00585	0.02141	-0.01833	0.00900	-0.02262	-0.01370	-0.03084	0.02533	0.04107	-0.02064	0.01892	0.07681	0.02079	-0.03012	-0.01396	-0.01710	-0.04149	-0.03238	0.04043	0.02504	-0.03105	0.01089	0.00242	0.05598	-0.02163	-0.01070	0.00242	0.06195	0.04281	0.03761	-0.01856	(And (Agent $e0 $x0) (Member $x1 recruit) (Recipient $e0 $x1) (Theme $e0 $x2))
p204115	0.05572	-0.07859	-0.07520	0.06055	0.02304	0.05971	0.05850	0.06605	0.11755	-0.06142	-0.08394	0.02981	-0.04603	0.00643	0.06084	0.11905	-0.04812	0.06064	-0.06127	-0.00102	0.01452	-0.05084	-0.03235	0.05794	0.07441	0.14597	-0.05799	0.01509	-0.08938	0.03163	0.08219	-0.02846	(And (Agent $e0 $x0) (Member $x1 song) (Recipient $e0 $x2) (Theme $e0 $x1))
p204116	-0.01867	-0.01429	0.02435	-0.02914	0.00154	-0.02006	-0.01259	-0.04127	0.02524	0.03616	-0.02097	0.01758	0.07921	0.01815	-0.03005	-0.01964	-0.02158	-0.04253	-0.03165	0.03814	0.02956	-0.03076	0.01152	0.00687	0.05638	-0.00824	-0.01488	0.00111	0.05636	0.03420	0.03947	-0.02235	(And (Agent $e0 $x0) (Member $x1 winner) (Recipient $e0 $x1) (Theme $e0 $x2))
p204117	0.05822	-0.08170	0.02502	0.06259	0.07180	-0.07403	-0.03717	0.05589	-0.01616	-0.00801	-0.03716	-0.06347	0.08714	-0.05592	0.07507	-0.00683	-0.05097	0.03513	0.01624	-0.03332	0.16164	0.07924	0.07524	-0.03060	0.03284	-0.00476	-0.07884	-0.05974	-0.02506	-0.01837	-0.01154	0.12082	(And (Agent $e0 $x0) (Ordinal $x1 <num> buy) (Past $e0) (Theme $e0 $x1))
p204118	-0.00770	-0.01599	0.01571	0.00357	0.00304	-0.02103	0.02043	-0.00136	0.06072	0.00951	0.01931	0.00972	0.02958	-0.00823	0.02143	0.01911	-0.00426	0.02375	0.02358	0.00365	-0.01827	0.00951	-0.02775	-0.00564	-0.01445	-0.02291	0.00381	0.00929	-0.00415	-0.01115	-0.01596	0.00667	(And (Agent $e0 dara) (Location $e0 $x0) (Member $e0 work) (Member $x0 ledger))
p204121	-0.06202	0.01455	0.12079	-0.02219	0.04691	-0.11538	-0.11570	-0.01143	0.00385	-0.00819	-0.05540	-0.12352	-0.07470	-0.19696	-0.00494	0.14933	-0.02864	0.04236	-0.05567	-0.00615	-0.19586	0.01320	-0.11598	-0.00823	0.00815	0.02060	0.36132	-0.03150	0.04370	0.00889	0.14642	0.04448	(And (Also appear $e0) (Member $e1 appear) (Past $e0) (Past $e1))
p204122	-0.04256	-0.04251	-0.02962	0.03291	0.02516	-0.00459	0.10930	0.04974	-0.03088	0.04632	-0.02231	-0.07354	0.04398	-0.01514	-0.08817	0.05114	0.10858	-0.01362	-0.02459	-0.03100	-0.03396	-0.05059	-0.08253	-0.09099	0.00463	-0.05414	-0.06169	-0.04819	-0.00151	0.04417	-0.03772	-0.02118	(And (Before $x0 $e0) (Future $e0) (Member $x0 lunch) (Patient $e0 $x1))
p204123	-0.04256	-0.04251	-0.02962	0.03291	0.02516	-0.00459	0.10930	0.04974	-0.03088	0.04632	-0.02231	-0.07354	0.04398	-0.01514	-0.08817	0.05114	0.10858	-0.01362	-0.02459	-0.03100	-0.03396	-0.05059	-0.08253	-0.09099	0.00463	-0.05414	-0.06169	-0.04819	-0.00151	0.04417	-0.03772	-0.02118	(And (Before $x0 $e0) (Future $e0) (Member $x1 dress_rehearsal) (Patient $e0 $x1))
p204124	-0.02201	-0.10067	0.03195	-0.04949	-0.04579	0.04207	0.05707	-0.05334	-0.04647	-0.04187	0.07161	-0.05673	0.04606	-0.04841	0.03552	-0.06319	0.09235	0.02367	-0.02468	0.00054	-0.03907	0.04951	0.04400	0.03293	0.01278	0.07739	-0.04120	0.00544	-0.00439	-0.05800	0.03713	-0.07038	(And (Beneficiary $e0 $x0) (Member $e0 buy) (Member $x0 hall) (Past $e0))
p204125	-0.02201	-0.10067	0.03195	-0.04949	-0.04579	0.04207	0.05707	-0.05334	-0.04647	-0.04187	0.07161	-0.05673	0.04606	-0.04841	0.03552	-0.06319	0.09235	0.02367	-0.02468	0.00054	-0.03907	0.04951	0.04400	0.03293	0.01278	0.07739	-0.04120	0.00544	-0.00439	-0.05800	0.03713	-0.07038	(And (Beneficiary $e0 $x0) (Member $e0 buy) (Member $x0 hall) (Theme $e0 $x1))
p204126	0.07087	-0.06130	0.01088	-0.01076	0.07202	0.05693	0.04702	0.04027	-0.02154	0.02855	-0.01095	-0.04801	0.05767	0.08687	-0.06966	-0.05161	-0.08185	-0.03476	0.05399	0.02725	-0.13854	-0.02850	0.01832	0.03738	-0.03233	0.11175	0.11289	0.02531	-0.00464	-0.02610	-0.03113	0.08828	(And (Can $e0) (Cardinality $x0 <num>) (GroupOf $x0 way) (Manner $e0 $x0))
p204127	0.07087	-0.06130	0.01088	-0.01076	0.07202	0.05693	0.04702	0.04027	-0.02154	0.02855	-0.01095	-0.04801	0.05767	0.08687	-0.06966	-0.05161	-0.08185	-0.03476	0.05399	0.02725	-0.13854	-0.02850	0.01832	0.03738	-0.03233	0.11175	0.11289	0.02531	-0.00464	-0.02610	-0.03113	0.08828	(And (Can $e0) (Cardinality $x0 <num>) (Manner $e0 $x0) (Member $x0 random))
p204128	0.07087	-0.06130	0.01088	-0.01076	0.07202	0.05693	0.04702	0.04027	-0.02154	0.02855	-0.01095	-0.04801	0.05767	0.08687	-0.06966	-0.05161	-0.08185	-0.03476	0.05399	0.02725	-0.13854	-0.02850	0.01832	0.03738	-0.03233	0.11175	0.11289	0.02531	-0.00464	-0.02610	-0.03113	0.08828	(And (Can $e0) (GroupOf $x0 way) (Manner $e0 $x0) (Member $e0 define))
p204129	0.07087	-0.06130	0.01088	-0.01076	0.07202	0.05693	0.04702	0.04027	-0.02154	0.02855	-0.01095	-0.04801	0.05767	0.08687	-0.06966	-0.05161	-0.08185	-0.03476	0.05399	0.02725	-0.13854	-0.02850	0.01832	0.03738	-0.03233	0.11175	0.11289	0.02531	-0.00464	-0.02610	-0.03113	0.08828	(And (Can $e0) (GroupOf $x0 way) (Manner $e0 $x0) (Theme $e0 $x1))
p204130	0.07087	-0.06130	0.01088	-0.01076	0.07202	0.05693	0.04702	0.04027	-0.02154	0.02855	-0.01095	-0.04801	0.05767	0.08687	-0.06966	-0.05161	-0.08185	-0.03476	0.05399	0.02725	-0.13854	-0.02850	0.01832	0.03738	-0.03233	0.11175	0.11289	0.02531	-0.00464	-0.02610	-0.03113	0.08828	(And (Can $e0) (Manner $e0 $x0) (Member $e0 define) (Member $x0 random))
p204131	0.07087	-0.06130	0.01088	-0.01076	0.07202	0.05693	0.04702	0.04027	-0.02154	0.02855	-0.01095	-0.04801	0.05767	0.08687	-0.06966	-0.05161	-0.08185	-0.03476	0.05399	0.02725	-0.13854	-0.02850	0.01832	0.03738	-0.03233	0.11175	0.11289	0.02531	-0.00464	-0.02610	-0.03113	0.08828	(And (Can $e0) (Manner $e0 $x0) (Member $x0 random) (Theme $e0 $x1))
p204132	-0.06561	0.07323	-0.01717	0.02670	0.03510	0.09469	0.08675	0.01187	0.11327	0.06884	0.01801	-0.07438	-0.08049	-0.06309	0.01943	-0.06393	-0.09020	-0.06884	-0.05611	-0.00889	-0.01306	0.01107	0.05722	0.07055	0.01609	-0.06695	-0.01953	-0.01940	0.06116	-0.03187	-0.02161	0.01237	(And (Cardinality $x0 <num>) (GroupOf $x0 forklift) (Member $e0 buy) (Theme $e0 $x0))
p204133	0.07087	-0.06130	0.01088	-0.01076	0.07202	0.05693	0.04702	0.04027	-0.02154	0.02855	-0.01095	-0.04801	0.05767	0.08687	-0.06966	-0.05161	-0.08185	-0.03476	0.05399	0.02725	-0.13854	-0.02850	0.01832	0.03738	-0.03233	0.11175	0.11289	0.02531	-0.00464	-0.02610	-0.03113	0.08828	(And (Cardinality $x0 <num>) (GroupOf $x0 way) (Manner $e0 $x0) (Member $e0 define))
p204134	0.07087	-0.06130	0.01088	-0.01076	0.07202	0.05693	0.04702	0.04027	-0.02154	0.02855	-0.01095	-0.04801	0.05767	0.08687	-0.06966	-0.05161	-0.08185	-0.03476	0.05399	0.02725	-0.13854	-0.02850	0.01832	0.03738	-0.03233	0.11175	0.11289	0.02531	-0.00464	-0.02610	-0.03113	0.08828	(And (Cardinality $x0 <num>) (GroupOf $x0 way) (Manner $e0 $x0) (Theme $e0 $x1))
p204135	0.07087	-0.06130	0.01088	-0.01076	0.07202	0.05693	0.04702	0.04027	-0.02154	0.02855	-0.01095	-0.04801	0.05767	0.08687	-0.06966	-0.05161	-0.08185	-0.03476	0.05399	0.02725	-0.13854	-0.02850	0.01832	0.03738	-0.03233	0.11175	0.11289	0.02531	-0.00464	-0.02610	-0.03113	0.08828	(And (Cardinality $x0 <num>) (Manner $e0 $x0) (Member $e0 define) (Member $x0 random))
p204136	0.07087	-0.06130	0.01088	-0.01076	0.07202	0.05693	0.04702	0.04027	-0.02154	0.02855	-0.01095	-0.04801	0.05767	0.08687	-0.06966	-0.05161	-0.08185	-0.03476	0.05399	0.02725	-0.13854	-0.02850	0.01832	0.03738	-0.03233	0.11175	0.11289	0.02531	-0.00464	-0.02610	-0.03113	0.08828	(And (Cardinality $x0 <num>) (Manner $e0 $x0) (Member $x0 random) (Theme $e0 $x1))
p204137	0.04154	-0.05800	0.03870	0.00420	0.03065	-0.03089	0.10488	-0.06084	0.02259	0.04361	-0.05181	0.03622	-0.01665	0.03179	0.04226	0.09034	0.05044	0.02683	0.08694	0.03800	0.01387	0.08595	-0.04038	0.02628	-0.02889	-0.04996	-0.04109	-0.00666	0.06541	-0.04577	-0.02838	-0.01078	(And (CoAgent $e0 $x0) (Location $e0 $x1) (Member $x0 ranger) (Member $x1 survey))
p204138	-0.00771	-0.00173	-0.00832	-0.01719	-0.00055	-0.01041	-0.00400	0.01207	0.04915	-0.01074	0.02254	0.00447	0.03176	-0.01298	0.01102	-0.01411	-0.01052	0.01245	0.00037	-0.00749	-0.01529	-0.00266	-0.00606	-0.00690	-0.01562	-0.01237	0.01337	0.01152	-0.01553	0.01208	-0.00487	0.00626	(And (Experiencer $e0 $x0) (Location $e0 $x1) (Member $e0 wait) (Member $x1 gate))
p204139	-0.03767	0.01656	-0.00402	0.03755	-0.01550	-0.04515	-0.03037	0.03237	0.12988	-0.00413	0.11930	0.01433	0.08635	-0.04324	0.04239	-0.04423	-0.03041	0.07650	0.01908	0.00307	-0.08977	-0.01554	-0.01544	-0.04036	-0.03334	-0.04524	0.10013	0.05635	-0.02567	0.04360	-0.00796	0.05523	(And (Experiencer $e0 $x0) (Location $e1 $x1) (Member $e0 discover) (Stimulus $e0 $e1))
p204140	-0.04083	0.01851	-0.00403	0.04075	-0.01656	-0.05025	-0.03121	0.03357	0.13870	-0.00398	0.13036	0.01592	0.09187	-0.04745	0.04621	-0.04923	-0.03458	0.08333	0.01921	0.00215	-0.09783	-0.01645	-0.01750	-0.04200	-0.03467	-0.04879	0.11543	0.06103	-0.02746	0.04830	-0.01008	0.06043	(And (Experiencer $e0 $x0) (Location $e1 $x1) (Member $e1 error) (Stimulus $e0 $e1))
p204141	-0.04083	0.01851	-0.00403	0.04075	-0.01656	-0.05025	-0.03121	0.03357	0.13870	-0.00398	0.13036	0.01592	0.09187	-0.04745	0.04621	-0.04923	-0.03458	0.08333	0.01921	0.00215	-0.09783	-0.01645	-0.01750	-0.04200	-0.03467	-0.04879	0.11543	0.06103	-0.02746	0.04830	-0.01008	0.06043	(And (Experiencer $e0 $x0) (Location $e1 $x1) (Member $x0 auditor) (Stimulus $e0 $e1))
p204143	-0.00200	0.01928	-0.01861	0.02171	-0.02267	-0.02119	-0.02199	-0.02922	0.05238	-0.03027	0.02431	-0.02779	0.03707	-0.01251	0.03036	-0.03375	-0.03569	0.04580	-0.01416	0.02830	-0.04709	0.04558	0.00773	0.01292	-0.02887	-0.02786	0.06576	0.05079	-0.02217	0.05553	-0.01573	0.01551	(And (Experiencer $e0 $x0) (Member $e1 become) (Past $e1) (Result $e1 $e0))
p204145	-0.04083	0.01851	-0.00403	0.04075	-0.01656	-0.05025	-0.03121	0.03357	0.13871	-0.00398	0.13036	0.01592	0.09187	-0.04745	0.04621	-0.04923	-0.03458	0.08333	0.01921	0.00215	-0.09783	-0.01645	-0.01750	-0.04200	-0.03467	-0.04879	0.11544	0.06103	-0.02746	0.04830	-0.01008	0.06044	(And (Experiencer $e0 $x0) (Member $e1 error) (Member $x0 auditor) (Stimulus $e0 $e1))
p204147	-0.04256	-0.04251	-0.02962	0.03291	0.02516	-0.00459	0.10930	0.04974	-0.03088	0.04632	-0.02231	-0.07354	0.04398	-0.01514	-0.08817	0.05114	0.10858	-0.01362	-0.02459	-0.03100	-0.03396	-0.05059	-0.08253	-0.09099	0.00463	-0.05414	-0.06169	-0.04819	-0.00151	0.04417	-0.03772	-0.02118	(And (Future $e0) (Inheritance dress_rehearsal rehearsal) (Member $x0 dress_rehearsal) (Patient $e0 $x0))
p204148	0.05572	-0.07859	-0.07520	0.06055	0.02304	0.05971	0.05850	0.06605	0.11755	-0.06142	-0.08394	0.02981	-0.04603	0.00643	0.06084	0.11905	-0.04812	0.06064	-0.06127	-0.00102	0.01452	-0.05084	-0.03235	0.05794	0.07441	0.14597	-0.05800	0.01509	-0.08938	0.03163	0.08219	-0.02846	(And (GroupOf $x0 child) (Member $e0 teach) (Recipient $e0 $x0) (Theme $e0 $x1))
p204149	0.05572	-0.07859	-0.07520	0.06055	0.02304	0.05971	0.05850	0.06605	0.11755	-0.06142	-0.08394	0.02981	-0.04603	0.00643	0.06084	0.11905	-0.04812	0.06064	-0.06127	-0.00102	0.01452	-0.05084	-0.03235	0.05794	0.07441	0.14597	-0.05799	0.01509	-0.08938	0.03163	0.08219	-0.02846	(And (GroupOf $x0 child) (Member $x1 song) (Recipient $e0 $x0) (Theme $e0 $x1))
p204150	-0.02186	0.15343	0.06178	-0.02821	-0.01180	-0.08616	0.07979	0.02284	-0.06614	0.01133	0.03133	0.06294	0.04204	-0.00852	0.00444	0.11616	-0.08285	-0.03613	-0.06837	0.02220	0.03912	0.06649	0.05804	-0.04639	-0.00750	0.12040	-0.02859	0.03995	-0.04117	0.03972	-0.07145	-0.02681	(And (GroupOf $x0 egg) (Holder $e0 $x1) (Member $e0 require) (Theme $e0 $x0))
p204151	-0.06561	0.07323	-0.01717	0.02670	0.03510	0.09469	0.08675	0.01187	0.11327	0.06884	0.01801	-0.07438	-0.08049	-0.06309	0.01943	-0.06393	-0.09020	-0.06884	-0.05611	-0.00889	-0.01306	0.01107	0.05722	0.07055	0.01609	-0.06695	-0.01953	-0.01940	0.06116	-0.03187	-0.02161	0.01237	(And (GroupOf $x0 forklift) (Member $e0 buy) (Past $e0) (Theme $e0 $x0))
p204152	0.07087	-0.06130	0.01088	-0.01076	0.07202	0.05693	0.04702	0.04027	-0.02154	0.02855	-0.01095	-0.04801	0.05767	0.08687	-0.06966	-0.05161	-0.08185	-0.03476	0.05399	0.02725	-0.13854	-0.02850	0.01832	0.03738	-0.03233	0.11175	0.11289	0.02531	-0.00464	-0.02610	-0.03113	0.08828	(And (GroupOf $x0 sequence) (GroupOf $x1 way) (Manner $e0 $x1) (Theme $e0 $x0))
p204153	0.07087	-0.06130	0.01088	-0.01076	0.07202	0.05693	0.04702	0.04027	-0.02154	0.02855	-0.01095	-0.04801	0.05767	0.08687	-0.06966	-0.05161	-0.08185	-0.03476	0.05399	0.02725	-0.13854	-0.02850	0.01832	0.03738	-0.03233	0.11175	0.11289	0.02531	-0.00464	-0.02610	-0.03113	0.08828	(And (GroupOf $x0 sequence) (Manner $e0 $x1) (Member $x1 random) (Theme $e0 $x0))
p204154	0.07087	-0.06130	0.01088	-0.01076	0.07202	0.05693	0.04702	0.04027	-0.02154	0.02855	-0.01095	-0.04801	0.05767	0.08687	-0.06966	-0.05161	-0.08185	-0.03476	0.05399	0.02725	-0.13854	-0.02850	0.01832	0.03738	-0.03233	0.11175	0.11289	0.02531	-0.00464	-0.02610	-0.03113	0.08828	(And (GroupOf $x0 way) (Manner $e0 $x0) (Member $e0 define) (Theme $e0 $x1))
p204155	0.00180	0.05806	0.02180	-0.01637	-0.00584	-0.02481	0.03531	0.00505	-0.02537	-0.01574	0.01076	0.02208	0.00657	0.00074	0.01435	0.02762	-0.02991	-0.01160	-0.02969	0.02820	0.01561	-0.00552	0.02691	-0.02222	0.01080	0.04273	-0.01367	-0.00512	-0.01349	0.00047	-0.03338	-0.00017	(And (Holder $e0 $x0) (Inheritance monthly_servicing monthly) (Inheritance monthly_servicing servicing) (Theme $e0 monthly_servicing))
p204156	0.00180	0.05806	0.02180	-0.01637	-0.00584	-0.02481	0.03531	0.00505	-0.02537	-0.01574	0.01076	0.02208	0.00657	0.00074	0.01435	0.02762	-0.02991	-0.01160	-0.02969	0.02820	0.01561	-0.00552	0.02691	-0.02223	0.01080	0.04273	-0.01367	-0.00512	-0.01349	0.00047	-0.03338	-0.00017	(And (Holder $e0 $x0) (Inheritance monthly_servicing monthly) (Member $x0 lathe) (Theme $e0 monthly_servicing))
p204157	0.00180	0.05806	0.02180	-0.01637	-0.00584	-0.02481	0.03531	0.00505	-0.02537	-0.01574	0.01076	0.02208	0.00657	0.00074	0.01435	0.02762	-0.02991	-0.01160	-0.02969	0.02820	0.01561	-0.00552	0.02691	-0.02223	0.01080	0.04273	-0.01367	-0.00512	-0.01349	0.00047	-0.03338	-0.00017	(And (Holder $e0 $x0) (Inheritance monthly_servicing servicing) (Member $x0 lathe) (Theme $e0 monthly_servicing))
p204158	-0.01026	0.06644	0.04507	-0.00381	-0.01342	-0.04503	0.03167	0.01394	-0.02860	0.01146	0.01166	0.02451	0.01739	-0.00097	0.00921	0.04819	-0.03551	-0.02181	-0.03046	0.00456	0.02509	0.02268	0.01932	-0.02398	0.00375	0.06208	-0.01078	0.02234	-0.02559	0.00507	-0.03938	-0.01624	(And (Holder $e0 $x0) (Member $e0 require) (Member $x0 permit) (Theme $e0 $x1))
p204159	-0.02186	0.15343	0.06178	-0.02821	-0.01180	-0.08616	0.07979	0.02284	-0.06614	0.01133	0.03133	0.06294	0.04204	-0.00852	0.00444	0.11616	-0.08285	-0.03613	-0.06837	0.02220	0.03912	0.06649	0.05804	-0.04639	-0.00750	0.12040	-0.02859	0.03995	-0.04117	0.03972	-0.07145	-0.02681	(And (Holder $e0 $x0) (Member $e0 require) (Member $x0 recipe) (Theme $e0 $x1))
p204160	-0.00696	0.05248	0.04341	0.00344	-0.01426	-0.03651	0.02075	0.01125	-0.02210	0.01119	0.00925	0.01590	0.00957	0.00081	0.01140	0.03739	-0.02574	-0.01510	-0.02268	0.00498	0.01752	0.01160	0.01233	-0.02174	0.00663	0.04991	-0.00600	0.01854	-0.02237	-0.00034	-0.03333	-0.01238	(And (Holder $e0 $x0) (Member $x0 permit) (Member $x1 countersignature) (Theme $e0 $x1))
p204161	-0.01179	0.04927	-0.02572	0.06836	0.12499	-0.02397	-0.01420	-0.07021	-0.02449	0.05097	0.06542	0.03732	-0.00822	-0.00329	0.04333	-0.03302	0.01064	-0.02266	0.03308	0.03355	0.03940	-0.02135	-0.02678	-0.02243	-0.02366	0.04172	-0.02289	0.00818	-0.04887	-0.03248	0.09819	-0.00963	(And (Inheritance afternoon_session session) (Member $e0 cancel) (Member $x0 afternoon_session) (Patient $e0 $x0))
p204162	-0.00056	0.05408	0.01634	-0.01439	-0.00285	-0.02344	0.03267	0.00483	-0.02048	-0.01579	0.01338	0.02259	0.01047	-0.00040	0.01463	0.02483	-0.02860	-0.00571	-0.02869	0.02773	0.01157	-0.00581	0.02762	-0.02465	0.00676	0.03775	-0.01114	-0.00292	-0.01385	0.00362	-0.03110	0.00073	(And (Inheritance monthly_servicing monthly) (Inheritance monthly_servicing servicing) (Member $e0 require) (Theme $e0 monthly_servicing))
p204163	-0.06449	0.02078	0.05033	-0.03840	0.07688	0.10090	-0.05209	0.05429	-0.02367	-0.07349	-0.03688	0.01630	-0.02102	-0.02082	0.03016	-0.04497	0.04926	-0.02513	0.11582	0.06366	0.01220	0.04659	-0.05120	-0.05506	0.08869	-0.03830	-0.02042	0.02378	-0.04005	0.07253	-0.03782	-0.04571	(And (Inheritance north_route north) (Member $e0 abandon) (Member $x0 north_route) (Theme $e0 $x0))
p204164	-0.06449	0.02078	0.05033	-0.03840	0.07688	0.10090	-0.05209	0.05429	-0.02367	-0.07349	-0.03688	0.01630	-0.02102	-0.02082	0.03016	-0.04497	0.04926	-0.02513	0.11582	0.06366	0.01220	0.04659	-0.05120	-0.05506	0.08869	-0.03830	-0.02042	0.02378	-0.04005	0.07253	-0.03782	-0.04571	(And (Inheritance north_route route) (Member $e0 abandon) (Member $x0 north_route) (Theme $e0 $x0))
p204165	-0.01210	0.04931	-0.02549	0.06806	0.12457	-0.02376	-0.01430	-0.06965	-0.02466	0.05076	0.06515	0.03751	-0.00843	-0.00376	0.04300	-0.03275	0.01068	-0.02235	0.03326	0.03408	0.03938	-0.02163	-0.02639	-0.02147	-0.02336	0.04176	-0.02314	0.00741	-0.04835	-0.03212	0.09828	-0.00926	(And (Inheritance summer_fair fair) (Member $e0 cancel) (Member $x0 summer_fair) (Patient $e0 $x0))
p204167	-0.02743	0.00527	0.02592	-0.04394	-0.05108	0.08833	-0.00739	-0.05302	0.00614	-0.05507	0.06609	-0.08140	-0.05493	0.01753	-0.07531	0.08648	-0.07488	-0.06772	-0.03676	0.05569	0.11282	-0.04650	-0.04342	-0.04106	-0.02683	-0.06178	-0.12019	0.02069	-0.04356	-0.07290	0.05158	0.13180	(And (Location $e0 $x0) (Member $e0 discover) (Member $x1 wreck) (Theme $e0 $x1))
p204168	-0.04083	0.01851	-0.00403	0.04075	-0.01656	-0.05025	-0.03121	0.03357	0.13870	-0.00398	0.13036	0.01592	0.09187	-0.04745	0.04621	-0.04923	-0.03458	0.08333	0.01921	0.00215	-0.09783	-0.01645	-0.01750	-0.04200	-0.03467	-0.04879	0.11543	0.06103	-0.02746	0.04830	-0.01008	0.06043	(And (Location $e0 $x0) (Member $e0 error) (Member $x0 ledger) (Stimulus $e1 $e0))
p204169	-0.03767	0.01656	-0.00402	0.03755	-0.01550	-0.04515	-0.03037	0.03237	0.12988	-0.00413	0.11930	0.01433	0.08635	-0.04324	0.04239	-0.04423	-0.03041	0.07650	0.01908	0.00307	-0.08977	-0.01554	-0.01544	-0.04036	-0.03334	-0.04524	0.10013	0.05635	-0.02567	0.04360	-0.00796	0.05523	(And (Location $e0 $x0) (Member $e1 discover) (Member $x0 ledger) (Stimulus $e1 $e0))
p204170	0.07087	-0.06130	0.01088	-0.01076	0.07202	0.05693	0.04702	0.04027	-0.02154	0.02855	-0.01095	-0.04801	0.05767	0.08687	-0.06966	-0.05161	-0.08185	-0.03476	0.05399	0.02725	-0.13854	-0.02850	0.01832	0.03738	-0.03233	0.11175	0.11289	0.02531	-0.00464	-0.02610	-0.03113	0.08828	(And (Manner $e0 $x0) (Member $e0 define) (Member $x0 random) (Theme $e0 $x1))
p204171	-0.09880	-0.05175	-0.04745	-0.04235	-0.05598	0.05293	0.04336	-0.07207	-0.04404	0.07441	-0.03252	0.01802	-0.04195	-0.04963	0.04344	-0.08221	-0.10581	0.09132	0.04420	-0.02684	0.08523	-0.01408	-0.06025	-0.04037	-0.06511	0.14387	-0.08479	-0.03105	0.12518	0.11667	-0.02823	0.13795	(And (Member $e0 abandon) (Member $x0 firm) (Possession $x1 $x0) (Theme $e0 $x1))
p204172	-0.09880	-0.05175	-0.04745	-0.04235	-0.05598	0.05293	0.04336	-0.07207	-0.04404	0.07441	-0.03252	0.01802	-0.04195	-0.04963	0.04344	-0.08221	-0.10581	0.09132	0.04420	-0.02684	0.08523	-0.01408	-0.06025	-0.04037	-0.06511	0.14387	-0.08479	-0.03105	0.12518	0.11667	-0.02823	0.13795	(And (Member $e0 abandon) (Member $x0 tender) (Possession $x0 $x1) (Theme $e0 $x0))
p204175	0.05822	-0.08170	0.02502	0.06259	0.07180	-0.07403	-0.03717	0.05589	-0.01616	-0.00801	-0.03716	-0.06347	0.08714	-0.05592	0.07507	-0.00683	-0.05097	0.03513	0.01624	-0.03332	0.16164	0.07924	0.07524	-0.03060	0.03284	-0.00476	-0.07884	-0.05974	-0.02506	-0.01837	-0.01154	0.12082	(And (Member $e0 buy) (Member $x0 kiln) (Past $e0) (Theme $e0 $x0))
p204177	0.04326	0.05680	0.04422	0.02297	-0.04538	-0.01159	-0.04815	0.01432	-0.02175	0.01349	-0.01383	-0.05206	-0.05099	-0.03188	0.00191	-0.02951	0.02950	0.02760	0.01284	0.03773	0.03406	-0.00059	-0.00659	0.07646	0.00864	0.03779	0.00516	0.02192	0.02979	0.02706	-0.00764	-0.01664	(And (Member $e0 cause) (Member $e1 destroy) (Patient $e1 $x0) (Theme $e0 $e1))
p204178	-0.09359	-0.00850	-0.07382	0.02681	0.09343	-0.00397	0.05214	-0.01555	-0.02576	-0.07416	-0.02352	0.05745	0.07258	-0.01776	-0.11397	0.03366	-0.01525	0.08295	-0.04207	0.05007	0.03778	-0.04569	0.06654	0.01845	-0.03876	-0.04869	-0.05828	0.03767	-0.00580	-0.03786	-0.03280	-0.04667	(And (Member $e0 decide) (Member $x0 budget) (Possession $x0 next_year) (Theme $e0 $x0))
p204179	-0.05633	0.01287	0.04706	0.05527	-0.04377	-0.01949	-0.04422	-0.00299	-0.00568	0.01631	-0.03304	-0.02441	-0.03428	-0.04092	-0.06780	0.00587	0.00229	0.07664	0.06161	0.04217	0.03973	-0.01134	0.01503	0.08604	0.02200	-0.00718	-0.01144	0.04410	0.00282	-0.04887	-0.01594	-0.03094	(And (Member $e0 decision) (Member $e1 make) (Patient $e1 $e0) (Theme $e0 $x0))
p204180	-0.04187	0.02703	0.07403	0.05809	-0.05598	-0.01874	-0.05598	0.01656	-0.00825	0.01828	-0.03257	-0.04401	-0.04741	-0.04231	-0.06963	-0.00688	0.01065	0.08936	0.05767	0.05210	0.03621	-0.01984	0.01754	0.09350	0.02076	0.00955	-0.00876	0.04219	0.01120	-0.03805	-0.02467	-0.03740	(And (Member $e0 decision) (Member $e1 reach) (Theme $e0 $x0) (Theme $e1 $e0))
p204183	0.09833	-0.01450	0.01407	0.09230	0.00488	0.10334	-0.10859	0.10282	-0.05483	0.04342	0.10114	0.04940	-0.05074	0.02795	0.02237	0.10648	0.12038	0.02859	-0.04407	0.06379	-0.12364	0.06779	0.12953	-0.01712	-0.09511	-0.06180	0.03802	0.02207	0.12840	0.11631	0.06845	0.05736	(And (Member $e0 discover) (Member $x0 file) (Member $x0 missing) (Theme $e0 $x0))
p204184	-0.00000	-0.01030	0.02519	-0.00663	0.00270	-0.01796	-0.01007	-0.03033	0.02687	0.02902	-0.01918	0.01227	0.05253	0.02433	-0.01447	-0.01153	-0.01392	-0.03680	-0.02878	0.03451	0.02341	-0.02879	0.00939	-0.00506	0.06183	-0.01340	-0.00746	0.00190	0.04151	0.02649	0.02228	-0.01773	(And (Member $e0 give) (Member $x0 answer) (Recipient $e0 $x1) (Theme $e0 $x0))
p204185	-0.00118	-0.00928	0.02878	-0.00551	0.00028	-0.01839	-0.01147	-0.03028	0.02671	0.03142	-0.01919	0.01145	0.05217	0.02380	-0.01574	-0.01224	-0.01388	-0.03693	-0.02722	0.03604	0.02391	-0.02917	0.00717	-0.00353	0.06378	-0.01251	-0.00759	0.00085	0.04227	0.02564	0.02280	-0.01763	(And (Member $e0 give) (Member $x0 manifest) (Recipient $e0 $x1) (Theme $e0 $x0))
p204186	-0.01473	-0.00585	0.02141	-0.01833	0.00900	-0.02262	-0.01370	-0.03084	0.02533	0.04107	-0.02064	0.01892	0.07681	0.02079	-0.03012	-0.01396	-0.01710	-0.04149	-0.03238	0.04043	0.02504	-0.03105	0.01089	0.00242	0.05598	-0.02163	-0.01070	0.00242	0.06195	0.04281	0.03761	-0.01856	(And (Member $e0 give) (Member $x0 recruit) (Recipient $e0 $x0) (Theme $e0 $x1))
p204187	-0.01867	-0.01429	0.02435	-0.02914	0.00154	-0.02006	-0.01259	-0.04127	0.02524	0.03616	-0.02097	0.01758	0.07921	0.01815	-0.03005	-0.01964	-0.02158	-0.04253	-0.03165	0.03814	0.02956	-0.03076	0.01152	0.00686	0.05638	-0.00824	-0.01488	0.00111	0.05636	0.03420	0.03947	-0.02235	(And (Member $e0 give) (Member $x0 winner) (Recipient $e0 $x0) (Theme $e0 $x1))
p204188	0.03910	0.04468	0.04176	0.02030	-0.04828	-0.03100	0.06271	-0.03483	0.00083	-0.07153	0.00441	0.03291	-0.03887	-0.04786	-0.06123	-0.04657	-0.04063	0.00864	0.12654	-0.04132	-0.04988	-0.01805	0.07286	-0.02406	-0.08323	-0.02828	-0.00350	-0.09067	-0.05336	0.07373	0.06253	0.03742	(And (Member $e0 lend) (Member $x0 gallery) (Recipient $e0 $x0) (Theme $e0 $x1))
p204189	0.03134	0.03962	0.04788	0.03227	-0.04083	-0.01088	0.04767	-0.03146	0.01819	-0.04917	0.00576	0.02160	-0.04263	-0.03974	-0.03754	-0.04105	-0.03535	-0.00337	0.08293	-0.02445	-0.04441	-0.02411	0.05337	-0.01304	-0.03987	-0.02377	0.00241	-0.07449	-0.04039	0.04379	0.02832	0.02793	(And (Member $e0 lend) (Member $x0 generator) (Recipient $e0 $x1) (Theme $e0 $x0))
p204191	0.04684	0.02025	-0.03717	0.01501	-0.05923	0.06896	0.05993	-0.03108	-0.06983	0.05853	0.13070	0.06774	-0.04691	0.03309	-0.10259	-0.04863	-0.06811	0.06115	-0.05061	-0.00743	0.10075	0.13030	-0.04425	-0.05554	0.08159	-0.04914	0.24935	-0.06498	-0.02170	-0.00003	-0.08157	-0.12236	(And (Member $e0 teach) (Member $x0 apprentice) (Recipient $e0 $x0) (Theme $e0 glazing))
p204192	0.03874	-0.03310	-0.00140	0.04295	-0.01233	0.02548	0.02247	0.01622	0.05849	-0.02212	-0.03592	0.00882	-0.03503	0.00889	0.01394	0.04860	-0.02223	0.01877	-0.03193	-0.00687	0.01110	-0.02802	-0.01739	0.01291	0.08093	0.05009	-0.01084	-0.00834	-0.06291	0.00525	0.00926	-0.02758	(And (Member $e0 teach) (Member $x0 drill) (Recipient $e0 $x1) (Theme $e0 $x0))
p204193	0.05572	-0.07859	-0.07520	0.06055	0.02304	0.05971	0.05850	0.06605	0.11755	-0.06142	-0.08394	0.02981	-0.04603	0.00643	0.06084	0.11905	-0.04812	0.06064	-0.06127	-0.00102	0.01452	-0.05084	-0.03235	0.05794	0.07441	0.14597	-0.05799	0.01509	-0.08938	0.03163	0.08219	-0.02846	(And (Member $e0 teach) (Member $x0 song) (Recipient $e0 $x1) (Theme $e0 $x0))
p204194	-0.01602	-0.02646	-0.02161	0.00040	0.00636	0.01163	0.01695	-0.02448	-0.00779	0.01744	-0.00310	0.00788	-0.00935	0.00166	0.00594	-0.01616	-0.02364	0.01918	-0.01621	-0.02635	-0.00420	-0.00394	-0.00461	-0.03054	-0.02296	0.03190	-0.00749	0.01323	0.02677	0.02111	-0.02077	0.01161	(And (Member $x0 departure) (Member $x1 ferry) (Possession $x0 $x1) (Theme $e0 $x0))
p204195	0.05822	-0.08170	0.02502	0.06259	0.07180	-0.07403	-0.03717	0.05589	-0.01616	-0.00801	-0.03716	-0.06347	0.08714	-0.05592	0.07507	-0.00683	-0.05097	0.03513	0.01624	-0.03332	0.16164	0.07924	0.07524	-0.03060	0.03284	-0.00476	-0.07884	-0.05974	-0.02506	-0.01837	-0.01154	0.12082	(And (Member $x0 kiln) (Ordinal $x0 <num> buy) (Past $e0) (Theme $e0 $x0))
p204865	-0.06202	0.01455	0.12079	-0.02219	0.04691	-0.11538	-0.11570	-0.01143	0.00385	-0.00819	-0.05540	-0.12352	-0.07470	-0.19696	-0.00494	0.14933	-0.02864	0.04236	-0.05567	-0.00615	-0.19586	0.01320	-0.11598	-0.00823	0.00815	0.02060	0.36131	-0.03150	0.04370	0.00889	0.14642	0.04448	(And (Agent $e0 $x0) (Also appear $e0) (Member $e1 appear))
p204866	-0.04701	0.00511	0.09240	-0.02026	0.04499	-0.08270	-0.08205	-0.00735	-0.01129	-0.00693	-0.03907	-0.09639	-0.05397	-0.14336	0.00643	0.11489	-0.04023	0.03641	-0.04518	-0.00670	-0.13642	-0.00304	-0.08357	-0.00387	-0.00102	0.01007	0.28188	-0.02511	0.03884	0.01135	0.11292	0.01266	(And (Agent $e0 $x0) (Also appear $e0) (Member $x0 person))
p204867	-0.06202	0.01455	0.12079	-0.02219	0.04691	-0.11538	-0.11570	-0.01143	0.00385	-0.00819	-0.05540	-0.12352	-0.07470	-0.19696	-0.00494	0.14933	-0.02864	0.04236	-0.05567	-0.00615	-0.19586	0.01320	-0.11598	-0.00822	0.00815	0.02060	0.36131	-0.03150	0.04370	0.00889	0.14642	0.04448	(And (Agent $e0 $x0) (Also appear $e1) (Member $e0 appear))
p204868	-0.06449	0.02078	0.05033	-0.03840	0.07688	0.10090	-0.05209	0.05429	-0.02367	-0.07349	-0.03688	0.01630	-0.02102	-0.02082	0.03016	-0.04497	0.04926	-0.02513	0.11582	0.06366	0.01220	0.04659	-0.05120	-0.05506	0.08869	-0.03830	-0.02042	0.02378	-0.04005	0.07253	-0.03782	-0.04571	(And (Agent $e0 $x0) (Cardinality $x0 <num>) (Member $e0 abandon))
p204869	0.04154	-0.05800	0.03870	0.00420	0.03065	-0.03089	0.10488	-0.06084	0.02259	0.04361	-0.05181	0.03622	-0.01665	0.03179	0.04226	0.09034	0.05044	0.02683	0.08694	0.03800	0.01387	0.08595	-0.04038	0.02628	-0.02889	-0.04996	-0.04109	-0.00666	0.06541	-0.04577	-0.02838	-0.01078	(And (Agent $e0 $x0) (CoAgent $e0 $x1) (Member $x0 biologist))
p204870	0.04154	-0.05800	0.03870	0.00420	0.03065	-0.03089	0.10488	-0.06084	0.02259	0.04361	-0.05181	0.03622	-0.01665	0.03179	0.04226	0.09034	0.05044	0.02683	0.08694	0.03800	0.01387	0.08595	-0.04038	0.02628	-0.02889	-0.04996	-0.04109	-0.00666	0.06541	-0.04577	-0.02838	-0.01078	(And (Agent $e0 $x0) (CoAgent $e0 $x1) (Member $x1 ranger))
p204871	0.01175	-0.00836	-0.01789	-0.01150	0.01084	0.00317	0.00142	0.00181	-0.01036	-0.00374	-0.00622	0.00329	-0.00475	0.00136	-0.01205	0.00060	0.02124	-0.00642	-0.00745	-0.00158	0.00148	-0.00200	0.00940	-0.00447	0.00302	-0.00917	-0.00647	-0.00824	0.00982	-0.00524	-0.00494	-0.00952	(And (Agent $e0 $x0) (Future $e0) (Member $x0 delegation))
p204872	-0.06449	0.02078	0.05033	-0.03840	0.07688	0.10090	-0.05209	0.05429	-0.02367	-0.07349	-0.03688	0.01630	-0.02102	-0.02082	0.03016	-0.04497	0.04926	-0.02513	0.11582	0.06366	0.01220	0.04659	-0.05120	-0.05506	0.08869	-0.03830	-0.02042	0.02378	-0.04005	0.07253	-0.03782	-0.04571	(And (Agent $e0 $x0) (GroupOf $x0 climber) (Member $e0 abandon))
p204873	0.01467	-0.00107	-0.01047	-0.01154	0.00272	0.00098	-0.00806	-0.00310	-0.00529	-0.00618	-0.00435	0.00465	-0.00928	-0.00171	-0.00188	-0.00393	0.00705	-0.00317	-0.00094	0.00249	0.00371	0.00332	0.01202	0.00664	0.00388	-0.00034	0.00074	-0.00188	0.00914	-0.00702	-0.00134	-0.00521	(And (Agent $e0 $x0) (GroupOf $x0 soil_sample) (Inheritance soil_sample sample))
p204874	0.01467	-0.00107	-0.01047	-0.01154	0.00272	0.00098	-0.00806	-0.00310	-0.00529	-0.00618	-0.00435	0.00465	-0.00928	-0.00171	-0.00188	-0.00393	0.00705	-0.00317	-0.00094	0.00249	0.00371	0.00332	0.01202	0.00664	0.00388	-0.00034	0.00074	-0.00188	0.00914	-0.00702	-0.00134	-0.00521	(And (Agent $e0 $x0) (GroupOf $x0 soil_sample) (Instrument $e0 post))
p204875	0.05572	-0.07859	-0.07520	0.06055	0.02304	0.05971	0.05850	0.06605	0.11755	-0.06142	-0.08394	0.02981	-0.04603	0.00643	0.06084	0.11905	-0.04812	0.06064	-0.06127	-0.00102	0.01452	-0.05084	-0.03235	0.05794	0.07441	0.14597	-0.05799	0.01509	-0.08938	0.03163	0.08219	-0.02846	(And (Agent $e0 $x0) (GroupOf $x1 child) (Recipient $e0 $x1))
p204876	0.01213	-0.00240	-0.01626	-0.01003	0.01263	0.00407	-0.00425	-0.00564	-0.00843	-0.00595	-0.00267	0.01042	-0.00754	0.00076	-0.00252	-0.00187	0.00666	0.00010	-0.00430	0.00657	0.00809	0.00362	0.01501	0.00205	-0.00071	-0.00083	-0.00316	-0.00257	0.01004	-0.00631	0.00028	-0.00729	(And (Agent $e0 $x0) (Inheritance night_delivery delivery) (Theme $e0 night_delivery))
p204877	0.01738	-0.02068	-0.00240	-0.03041	0.00956	-0.00389	0.00404	-0.00701	0.02584	-0.01594	0.00732	0.00620	0.00396	0.00454	-0.00313	-0.00938	0.00656	-0.00668	-0.00088	-0.01229	0.02138	0.00802	-0.01149	0.00360	-0.01353	-0.00601	-0.00843	-0.00225	-0.00147	-0.01660	-0.00898	-0.01681	(And (Agent $e0 $x0) (Location $e0 $x1) (Member $x0 curator))
p204878	0.02918	-0.04035	0.02333	-0.01468	0.02494	-0.02155	0.06044	-0.03295	0.04072	0.01267	-0.00739	0.02221	-0.00607	0.02142	0.01966	0.03749	0.01993	0.01151	0.04083	0.00887	0.01147	0.04234	-0.02889	0.01372	-0.02314	-0.03316	-0.02018	-0.00175	0.03066	-0.03133	-0.02560	-0.01269	(And (Agent $e0 $x0) (Location $e0 $x1) (Member $x0 welder))
p204879	0.03999	-0.05872	0.03509	-0.02000	0.03626	-0.03269	0.09081	-0.04836	0.06396	0.01702	-0.00569	0.03185	-0.00866	0.02989	0.02669	0.05336	0.02407	0.01679	0.05795	0.01134	0.01220	0.06066	-0.04224	0.01962	-0.03438	-0.04848	-0.02779	-0.00164	0.04389	-0.04494	-0.03870	-0.01743	(And (Agent $e0 $x0) (Location $e0 $x1) (Member $x1 frame))
p204880	0.01777	-0.02027	-0.00201	-0.03003	0.00996	-0.00351	0.00443	-0.00660	0.02627	-0.01554	0.00769	0.00659	0.00434	0.00493	-0.00275	-0.00893	0.00693	-0.00630	-0.00045	-0.01190	0.02176	0.00840	-0.01111	0.00398	-0.01313	-0.00559	-0.00804	-0.00187	-0.00107	-0.01620	-0.00855	-0.01637	(And (Agent $e0 $x0) (Location $e0 $x1) (Member $x1 hall))
p204881	-0.09880	-0.05175	-0.04745	-0.04235	-0.05598	0.05293	0.04336	-0.07207	-0.04404	0.07441	-0.03252	0.01802	-0.04195	-0.04963	0.04344	-0.08221	-0.10581	0.09132	0.04420	-0.02684	0.08523	-0.01408	-0.06025	-0.04037	-0.06511	0.14387	-0.08479	-0.03105	0.12518	0.11667	-0.02823	0.13795	(And (Agent $e0 $x0) (Member $e0 abandon) (Member $x0 firm))
p204883	0.01533	-0.01535	-0.01122	0.00033	0.02082	0.00523	0.00755	-0.01011	-0.00736	-0.01447	-0.00046	0.00814	0.00444	0.00843	0.00691	0.00734	-0.00121	-0.00707	-0.02940	-0.01823	-0.01688	0.00068	0.00893	-0.01711	-0.00883	-0.00820	0.01116	0.02330	0.01319	0.00518	-0.01829	-0.00984	(And (Agent $e0 $x0) (Member $e0 answer) (Member $x0 clerk))
p204884	0.01495	-0.01515	-0.01117	0.00032	0.02070	0.00533	0.00738	-0.01005	-0.00746	-0.01430	-0.00061	0.00811	0.00425	0.00825	0.00671	0.00727	-0.00124	-0.00684	-0.02920	-0.01780	-0.01656	0.00044	0.00894	-0.01693	-0.00874	-0.00815	0.01082	0.02305	0.01318	0.00509	-0.01802	-0.00979	(And (Agent $e0 $x0) (Member $e0 answer) (Member $x0 pilot))
p204886	-0.07792	0.00199	0.15749	-0.03755	0.08913	-0.13183	-0.12955	-0.00950	-0.03650	-0.01154	-0.06085	-0.16458	-0.08629	-0.23213	0.02533	0.19662	-0.09107	0.06776	-0.07872	-0.01293	-0.21257	-0.02135	-0.13372	-0.00237	-0.01015	0.01056	0.48547	-0.04282	0.07374	0.02631	0.19355	-0.00526	(And (Agent $e0 $x0) (Member $e0 appear) (Member $x0 person))
p204887	0.01164	-0.00721	-0.02162	-0.00980	0.01940	0.00727	0.00380	-0.00055	-0.01243	-0.00366	-0.00369	0.01063	-0.00354	0.00446	-0.00980	0.00271	0.01924	-0.00192	-0.00886	0.00464	0.00696	0.00059	0.01516	-0.00513	-0.00017	-0.00718	-0.00799	-0.00691	0.01230	-0.00402	-0.00181	-0.00983	(And (Agent $e0 $x0) (Member $e0 arrive) (Member $x0 freight))
p204888	-0.06561	0.07323	-0.01717	0.02670	0.03510	0.09469	0.08675	0.01187	0.11327	0.06884	0.01801	-0.07438	-0.08049	-0.06309	0.01943	-0.06393	-0.09020	-0.06884	-0.05611	-0.00889	-0.01306	0.01107	0.05722	0.07055	0.01609	-0.06695	-0.01953	-0.01940	0.06116	-0.03187	-0.02161	0.01237	(And (Agent $e0 $x0) (Member $e0 buy) (Member $x0 depot))
p204889	0.05822	-0.08170	0.02502	0.06259	0.07180	-0.07403	-0.03717	0.05589	-0.01616	-0.00801	-0.03716	-0.06347	0.08714	-0.05592	0.07507	-0.00683	-0.05097	0.03513	0.01624	-0.03332	0.16164	0.07924	0.07524	-0.03060	0.03284	-0.00476	-0.07884	-0.05974	-0.02506	-0.01837	-0.01154	0.12082	(And (Agent $e0 $x0) (Member $e0 buy) (Member $x0 pottery_studio))
p204890	-0.02201	-0.10067	0.03195	-0.04949	-0.04579	0.04207	0.05707	-0.05334	-0.04647	-0.04187	0.07161	-0.05673	0.04606	-0.04841	0.03552	-0.06319	0.09235	0.02367	-0.02468	0.00054	-0.03907	0.04951	0.04400	0.03293	0.01278	0.07739	-0.04120	0.00544	-0.00439	-0.05800	0.03713	-0.07038	(And (Agent $e0 $x0) (Member $e0 buy) (Member $x0 school))
p204892	-0.01210	0.04931	-0.02549	0.06805	0.12457	-0.02376	-0.01430	-0.06966	-0.02466	0.05076	0.06515	0.03751	-0.00843	-0.00376	0.04300	-0.03275	0.01068	-0.02235	0.03326	0.03408	0.03938	-0.02163	-0.02639	-0.02147	-0.02336	0.04176	-0.02314	0.00741	-0.04835	-0.03212	0.09828	-0.00926	(And (Agent $e0 $x0) (Member $e0 cancel) (Member $x0 council))
p204893	-0.01179	0.04927	-0.02572	0.06836	0.12499	-0.02397	-0.01420	-0.07021	-0.02449	0.05097	0.06542	0.03732	-0.00822	-0.00329	0.04333	-0.03302	0.01064	-0.02266	0.03308	0.03355	0.03940	-0.02135	-0.02678	-0.02243	-0.02366	0.04172	-0.02289	0.00818	-0.04887	-0.03248	0.09819	-0.00963	(And (Agent $e0 $x0) (Member $e0 cancel) (Member $x0 tutor))
p204894	-0.09359	-0.00850	-0.07382	0.02681	0.09342	-0.00397	0.05213	-0.01555	-0.02576	-0.07416	-0.02352	0.05745	0.07258	-0.01777	-0.11397	0.03366	-0.01526	0.08295	-0.04207	0.05007	0.03778	-0.04569	0.06654	0.01845	-0.03876	-0.04870	-0.05830	0.03767	-0.00580	-0.03786	-0.03280	-0.04668	(And (Agent $e0 $x0) (Member $e0 decide) (Member $x0 board))
p204895	-0.03901	-0.00920	-0.03737	0.01553	0.05206	0.00184	0.02814	-0.01361	-0.01487	-0.03496	-0.01254	0.02996	0.03162	-0.00488	-0.04504	0.01603	-0.00698	0.03744	-0.02935	0.01409	0.01769	-0.02305	0.03050	0.00262	-0.02123	-0.02625	-0.02317	0.02908	0.00271	-0.01787	-0.02190	-0.02722	(And (Agent $e0 $x0) (Member $e0 decide) (Member $x0 judge))
p204896	-0.02743	0.00527	0.02592	-0.04394	-0.05108	0.08833	-0.00739	-0.05302	0.00614	-0.05507	0.06609	-0.08140	-0.05493	0.01753	-0.07531	0.08648	-0.07488	-0.06772	-0.03676	0.05569	0.11282	-0.04650	-0.04342	-0.04106	-0.02683	-0.06178	-0.12019	0.02069	-0.04356	-0.07290	0.05158	0.13180	(And (Agent $e0 $x0) (Member $e0 discover) (Member $x0 diver))
p204897	0.09833	-0.01450	0.01407	0.09230	0.00488	0.10334	-0.10859	0.10282	-0.05483	0.04342	0.10114	0.04940	-0.05074	0.02795	0.02237	0.10648	0.12038	0.02859	-0.04407	0.06379	-0.12364	0.06779	0.12953	-0.01712	-0.09511	-0.06180	0.03802	0.02207	0.12840	0.11631	0.06845	0.05736	(And (Agent $e0 $x0) (Member $e0 discover) (Member $x0 intern))
p204898	0.02331	-0.01307	0.00535	0.00077	-0.01027	-0.00055	-0.00544	-0.00506	0.00103	-0.01258	-0.00373	-0.00743	-0.00387	-0.00046	0.00709	-0.00218	-0.00128	-0.01632	-0.01622	-0.03197	-0.01936	0.00674	-0.00758	-0.00356	0.00361	-0.00264	0.02021	0.02305	0.00807	-0.00488	-0.02093	-0.00746	(And (Agent $e0 $x0) (Member $e0 fund) (Member $x0 government))
p204899	-0.01867	-0.01429	0.02435	-0.02914	0.00154	-0.02006	-0.01259	-0.04127	0.02524	0.03616	-0.02097	0.01758	0.07921	0.01815	-0.03005	-0.01964	-0.02158	-0.04253	-0.03165	0.03814	0.02955	-0.03076	0.01152	0.00687	0.05638	-0.00824	-0.01489	0.00111	0.05636	0.03420	0.03947	-0.02235	(And (Agent $e0 $x0) (Member $e0 give) (Member $x0 school))
p204900	-0.01473	-0.00585	0.02141	-0.01833	0.00900	-0.02262	-0.01370	-0.03084	0.02533	0.04107	-0.02064	0.01892	0.07681	0.02079	-0.03012	-0.01396	-0.01710	-0.04149	-0.03238	0.04043	0.02504	-0.03105	0.01089	0.00242	0.05598	-0.02163	-0.01070	0.00242	0.06195	0.04281	0.03761	-0.01856	(And (Agent $e0 $x0) (Member $e0 give) (Member $x0 trainer))
p204901	0.03910	0.04468	0.04176	0.02030	-0.04828	-0.03100	0.06271	-0.03483	0.00083	-0.07153	0.00441	0.03291	-0.03887	-0.04786	-0.06124	-0.04657	-0.04063	0.00864	0.12654	-0.04132	-0.04988	-0.01805	0.07286	-0.02406	-0.08323	-0.02828	-0.00350	-0.09067	-0.05336	0.07373	0.06253	0.03742	(And (Agent $e0 $x0) (Member $e0 lend) (Member $x0 museum))
p204902	0.02300	0.01736	0.00741	-0.00487	-0.02824	-0.01743	0.03204	-0.02164	-0.01286	-0.04566	0.00645	0.01817	-0.01072	-0.02976	-0.03037	-0.02455	-0.02428	-0.01336	0.04448	-0.05407	-0.02973	0.01197	0.02189	-0.01216	-0.05301	-0.01876	0.00999	-0.02365	-0.01918	0.02355	0.00887	0.01909	(And (Agent $e0 $x0) (Member $e0 lend) (Member $x0 neighbour))
p204903	0.00560	-0.01689	-0.01618	0.00149	0.02060	0.00604	0.01121	-0.01230	-0.00753	-0.01223	-0.00064	0.00882	0.00340	0.00380	0.00185	0.00306	-0.00564	0.00201	-0.02647	-0.02074	-0.01373	-0.00164	0.00675	-0.01824	-0.01521	-0.00406	0.00754	0.02174	0.01310	0.00659	-0.01806	-0.00925	(And (Agent $e0 $x0) (Member $e0 postpone) (Member $x0 club))
p204904	0.05572	-0.07859	-0.07520	0.06055	0.02304	0.05971	0.05850	0.06605	0.11755	-0.06142	-0.08394	0.02981	-0.04603	0.00643	0.06084	0.11905	-0.04812	0.06064	-0.06127	-0.00102	0.01452	-0.05084	-0.03235	0.05794	0.07441	0.14597	-0.05799	0.01509	-0.08938	0.03163	0.08219	-0.02846	(And (Agent $e0 $x0) (Member $e0 teach) (Member $x0 elder))
p204905	0.04684	0.02025	-0.03717	0.01501	-0.05923	0.06896	0.05993	-0.03108	-0.06983	0.05853	0.13070	0.06774	-0.04691	0.03309	-0.10259	-0.04863	-0.06811	0.06115	-0.05061	-0.00743	0.10075	0.13030	-0.04425	-0.05554	0.08159	-0.04914	0.24935	-0.06498	-0.02170	-0.00003	-0.08157	-0.12236	(And (Agent $e0 $x0) (Member $e0 teach) (Member $x0 potter))
p204906	0.04357	-0.06601	0.04685	0.00417	0.03571	-0.03806	0.12321	-0.06955	0.03528	0.04686	-0.04865	0.04079	-0.01769	0.03367	0.04579	0.10156	0.04218	0.03082	0.09811	0.03950	0.00759	0.09869	-0.04598	0.02917	-0.03496	-0.05590	-0.04237	-0.00578	0.07438	-0.05087	-0.03540	-0.00979	(And (Agent $e0 $x0) (Member $e0 work) (Member $x0 biologist))
p204907	0.04326	0.05680	0.04422	0.02297	-0.04538	-0.01159	-0.04815	0.01432	-0.02175	0.01349	-0.01383	-0.05206	-0.05099	-0.03188	0.00191	-0.02952	0.02950	0.02760	0.01284	0.03773	0.03406	-0.00059	-0.00659	0.07646	0.00864	0.03779	0.00516	0.02192	0.02979	0.02706	-0.00764	-0.01664	(And (Agent $e0 $x0) (Member $e1 destroy) (Theme $e0 $e1))
p204908	0.01217	-0.00295	0.00261	0.01038	0.01248	0.00043	-0.00674	-0.01360	-0.00288	-0.00248	0.00242	0.00168	-0.00434	0.00051	0.00936	-0.00714	-0.00046	-0.01095	-0.00860	-0.01695	-0.00748	-0.00121	-0.00486	-0.00780	-0.00278	0.00004	0.01016	0.01919	-0.00035	-0.00914	-0.00116	-0.00829	(And (Agent $e0 $x0) (Member $x0 airline) (Theme $e0 $x1))
p204909	0.02060	-0.01165	0.00472	0.00090	-0.00819	-0.00030	-0.00599	-0.00583	-0.00031	-0.01222	-0.00414	-0.00648	-0.00472	-0.00084	0.00573	-0.00263	-0.00160	-0.01467	-0.01602	-0.02893	-0.01858	0.00418	-0.00602	-0.00412	0.00232	-0.00367	0.01782	0.02133	0.00735	-0.00494	-0.01969	-0.00761	(And (Agent $e0 $x0) (Member $x0 bank) (Theme $e0 $x1))
p204910	0.01823	-0.01982	-0.00158	-0.02960	0.01041	-0.00312	0.00481	-0.00613	0.02672	-0.01510	0.00809	0.00705	0.00472	0.00535	-0.00226	-0.00845	0.00733	-0.00591	-0.00001	-0.01146	0.02211	0.00881	-0.01068	0.00441	-0.01270	-0.00517	-0.00762	-0.00144	-0.00066	-0.01575	-0.00809	-0.01591	(And (Agent $e0 $x0) (Member $x0 curator) (Theme $e0 photography))
p204911	0.05572	-0.07859	-0.07520	0.06055	0.02304	0.05971	0.05850	0.06605	0.11755	-0.06142	-0.08394	0.02981	-0.04603	0.00643	0.06084	0.11905	-0.04812	0.06064	-0.06127	-0.00102	0.01452	-0.05084	-0.03235	0.05794	0.07441	0.14597	-0.05799	0.01509	-0.08938	0.03163	0.08219	-0.02846	(And (Agent $e0 $x0) (Member $x0 elder) (Recipient $e0 $x1))
p204912	0.05572	-0.07859	-0.07520	0.06055	0.02304	0.05971	0.05850	0.06605	0.11755	-0.06142	-0.08394	0.02981	-0.04603	0.00643	0.06084	0.11905	-0.04812	0.06064	-0.06127	-0.00102	0.01452	-0.05084	-0.03235	0.05794	0.07441	0.14597	-0.05799	0.01509	-0.08938	0.03163	0.08219	-0.02846	(And (Agent $e0 $x0) (Member $x0 elder) (Theme $e0 $x1))
p204913	-0.01650	-0.02685	-0.02207	-0.00007	0.00587	0.01109	0.01639	-0.02499	-0.00827	0.01691	-0.00359	0.00736	-0.00985	0.00111	0.00541	-0.01663	-0.02410	0.01862	-0.01676	-0.02689	-0.00479	-0.00448	-0.00511	-0.03106	-0.02346	0.03124	-0.00791	0.01272	0.02615	0.02063	-0.02126	0.01113	(And (Agent $e0 $x0) (Member $x0 ferry) (Theme $e0 $x1))
p204914	0.01226	-0.00654	-0.02101	-0.00920	0.01999	0.00781	0.00434	0.00009	-0.01176	-0.00305	-0.00313	0.01124	-0.00299	0.00503	-0.00917	0.00342	0.01981	-0.00138	-0.00821	0.00524	0.00747	0.00115	0.01574	-0.00454	0.00042	-0.00660	-0.00736	-0.00633	0.01285	-0.00338	-0.00114	-0.00913	(And (Agent $e0 $x0) (Member $x0 freight) (Time $e0 (Hour <num>)))
p204915	-0.03901	-0.00921	-0.03737	0.01553	0.05206	0.00184	0.02814	-0.01361	-0.01487	-0.03497	-0.01254	0.02996	0.03162	-0.00488	-0.04504	0.01603	-0.00697	0.03744	-0.02935	0.01409	0.01769	-0.02305	0.03049	0.00262	-0.02123	-0.02625	-0.02317	0.02908	0.00271	-0.01787	-0.02190	-0.02721	(And (Agent $e0 $x0) (Member $x0 judge) (Theme $e0 $x1))
p204916	0.01213	-0.00240	-0.01626	-0.01003	0.01263	0.00407	-0.00425	-0.00564	-0.00843	-0.00595	-0.00267	0.01042	-0.00754	0.00076	-0.00252	-0.00187	0.00666	0.00010	-0.00430	0.00657	0.00809	0.00362	0.01501	0.00205	-0.00071	-0.00083	-0.00316	-0.00257	0.01004	-0.00631	0.00028	-0.00729	(And (Agent $e0 $x0) (Member $x0 licence) (Theme $e0 night_delivery))
p204917	0.03910	0.04468	0.04176	0.02030	-0.04828	-0.03100	0.06271	-0.03483	0.00083	-0.07153	0.00442	0.03291	-0.03887	-0.04786	-0.06123	-0.04657	-0.04063	0.00865	0.12654	-0.04132	-0.04988	-0.01805	0.07286	-0.02406	-0.08323	-0.02828	-0.00350	-0.09067	-0.05336	0.07373	0.06253	0.03742	(And (Agent $e0 $x0) (Member $x0 museum) (Recipient $e0 $x1))
p204918	0.03910	0.04468	0.04176	0.02030	-0.04828	-0.03100	0.06271	-0.03483	0.00083	-0.07153	0.00442	0.03291	-0.03887	-0.04786	-0.06123	-0.04657	-0.04063	0.00865	0.12654	-0.04132	-0.04988	-0.01805	0.07286	-0.02406	-0.08323	-0.02828	-0.00350	-0.09067	-0.05336	0.07373	0.06253	0.03742	(And (Agent $e0 $x0) (Member $x0 museum) (Theme $e0 $x1))
p204919	0.02300	0.01736	0.00741	-0.00487	-0.02824	-0.01743	0.03204	-0.02164	-0.01286	-0.04566	0.00645	0.01817	-0.01072	-0.02976	-0.03037	-0.02455	-0.02428	-0.01336	0.04448	-0.05407	-0.02973	0.01197	0.02189	-0.01216	-0.05301	-0.01876	0.00999	-0.02365	-0.01918	0.02355	0.00887	0.01909	(And (Agent $e0 $x0) (Member $x0 neighbour) (Recipient $e0 ravi))
p204920	0.02300	0.01736	0.00741	-0.00487	-0.02824	-0.01743	0.03204	-0.02164	-0.01286	-0.04566	0.00645	0.01817	-0.01072	-0.02976	-0.03037	-0.02455	-0.02428	-0.01336	0.04448	-0.05407	-0.02973	0.01197	0.02189	-0.01216	-0.05301	-0.01876	0.00999	-0.02365	-0.01918	0.02355	0.00887	0.01909	(And (Agent $e0 $x0) (Member $x0 neighbour) (Theme $e0 $x1))
p204921	0.04684	0.02025	-0.03717	0.01501	-0.05923	0.06896	0.05993	-0.03108	-0.06983	0.05853	0.13070	0.06774	-0.04691	0.03309	-0.10259	-0.04863	-0.06811	0.06115	-0.05061	-0.00743	0.10075	0.13030	-0.04425	-0.05554	0.08159	-0.04914	0.24935	-0.06498	-0.02170	-0.00003	-0.08157	-0.12236	(And (Agent $e0 $x0) (Member $x0 potter) (Recipient $e0 $x1))
p204922	0.04684	0.02025	-0.03717	0.01501	-0.05923	0.06896	0.05993	-0.03108	-0.06983	0.05853	0.13070	0.06774	-0.04691	0.03309	-0.10259	-0.04863	-0.06811	0.06115	-0.05061	-0.00743	0.10075	0.13030	-0.04425	-0.05554	0.08159	-0.04914	0.24934	-0.06498	-0.02170	-0.00003	-0.08157	-0.12236	(And (Agent $e0 $x0) (Member $x0 potter) (Theme $e0 glazing))
p204923	-0.01867	-0.01429	0.02435	-0.02914	0.00154	-0.02006	-0.01259	-0.04127	0.02524	0.03616	-0.02097	0.01758	0.07921	0.01815	-0.03005	-0.01964	-0.02158	-0.04253	-0.03165	0.03814	0.02956	-0.03076	0.01152	0.00686	0.05638	-0.00824	-0.01488	0.00111	0.05636	0.03420	0.03947	-0.02235	(And (Agent $e0 $x0) (Member $x0 school) (Recipient $e0 $x1))
p204924	-0.01473	-0.00585	0.02141	-0.01833	0.00900	-0.02262	-0.01370	-0.03084	0.02533	0.04107	-0.02064	0.01892	0.07681	0.02079	-0.03012	-0.01396	-0.01710	-0.04149	-0.03238	0.04043	0.02504	-0.03105	0.01089	0.00242	0.05598	-0.02163	-0.01070	0.00242	0.06195	0.04281	0.03761	-0.01856	(And (Agent $e0 $x0) (Member $x0 trainer) (Recipient $e0 $x1))
p204925	-0.01473	-0.00585	0.02141	-0.01833	0.00900	-0.02262	-0.01370	-0.03084	0.02533	0.04107	-0.02064	0.01892	0.07681	0.02079	-0.03012	-0.01396	-0.01710	-0.04149	-0.03238	0.04043	0.02504	-0.03105	0.01089	0.00242	0.05598	-0.02163	-0.01070	0.00242	0.06195	0.04281	0.03761	-0.01856	(And (Agent $e0 $x0) (Member $x0 trainer) (Theme $e0 $x1))
p204926	0.01099	-0.01061	0.00849	-0.00203	0.00439	-0.00485	-0.00414	-0.01481	0.00699	0.00279	-0.00811	0.00455	0.01797	0.01096	-0.00122	-0.00411	-0.00497	-0.01957	-0.02265	-0.00236	-0.00208	-0.00923	0.00421	-0.00752	0.02020	-0.00800	0.00617	0.01400	0.02041	0.00848	-0.00350	-0.01146	(And (Agent $e0 $x0) (Member $x0 vet) (Theme $e0 $x1))
p204927	0.01262	-0.00230	-0.01687	-0.01033	0.01315	0.00435	-0.00429	-0.00578	-0.00904	-0.00621	-0.00280	0.01089	-0.00756	0.00105	-0.00264	-0.00179	0.00681	0.00010	-0.00466	0.00690	0.00830	0.00396	0.01567	0.00225	-0.00092	-0.00101	-0.00321	-0.00260	0.01047	-0.00621	0.00046	-0.00745	(And (Agent $e0 $x0) (Member $x0 warden) (Theme $e0 visitor))
p204928	0.01262	-0.00230	-0.01687	-0.01033	0.01315	0.00435	-0.00429	-0.00578	-0.00904	-0.00621	-0.00280	0.01089	-0.00756	0.00105	-0.00264	-0.00179	0.00681	0.00010	-0.00466	0.00690	0.00830	0.00396	0.01567	0.00225	-0.00092	-0.00101	-0.00321	-0.00260	0.01047	-0.00621	0.00046	-0.00745	(And (Agent $e0 $x0) (Member $x0 warden) (Time $e0 (Weekday sunday)))
p204929	-0.00000	-0.01030	0.02519	-0.00663	0.00270	-0.01796	-0.01007	-0.03033	0.02687	0.02902	-0.01918	0.01227	0.05253	0.02433	-0.01447	-0.01153	-0.01392	-0.03680	-0.02878	0.03451	0.02341	-0.02879	0.00939	-0.00506	0.06183	-0.01340	-0.00746	0.00190	0.04151	0.02649	0.02228	-0.01773	(And (Agent $e0 $x0) (Member $x1 answer) (Theme $e0 $x1))
p204930	0.04684	0.02025	-0.03717	0.01501	-0.05923	0.06896	0.05993	-0.03108	-0.06983	0.05853	0.13070	0.06774	-0.04691	0.03309	-0.10259	-0.04863	-0.06811	0.06115	-0.05061	-0.00743	0.10075	0.13030	-0.04425	-0.05554	0.08159	-0.04914	0.24935	-0.06498	-0.02170	-0.00003	-0.08157	-0.12236	(And (Agent $e0 $x0) (Member $x1 apprentice) (Recipient $e0 $x1))
p204931	0.01212	-0.00636	0.00319	0.00311	-0.00164	0.00262	-0.00480	-0.00500	-0.00111	-0.00788	-0.00298	-0.00102	-0.00300	-0.00067	0.00250	-0.00336	-0.00122	-0.00591	-0.01006	-0.01852	-0.01087	0.00005	-0.00140	-0.00429	0.00029	-0.00335	0.01012	0.01716	0.00665	-0.00293	-0.01196	-0.00623	(And (Agent $e0 $x0) (Member $x1 bridge) (Theme $e0 $x1))
p204932	-0.09359	-0.00850	-0.07382	0.02681	0.09342	-0.00397	0.05214	-0.01555	-0.02576	-0.07416	-0.02352	0.05745	0.07258	-0.01777	-0.11397	0.03366	-0.01525	0.08295	-0.04207	0.05007	0.03778	-0.04569	0.06654	0.01845	-0.03876	-0.04869	-0.05828	0.03767	-0.00580	-0.03786	-0.03280	-0.04667	(And (Agent $e0 $x0) (Member $x1 budget) (Theme $e0 $x1))
p204933	-0.03901	-0.00921	-0.03737	0.01553	0.05206	0.00184	0.02814	-0.01361	-0.01487	-0.03497	-0.01254	0.02996	0.03162	-0.00488	-0.04504	0.01603	-0.00698	0.03744	-0.02935	0.01409	0.01769	-0.02305	0.03049	0.00262	-0.02123	-0.02625	-0.02317	0.02908	0.00271	-0.01787	-0.02190	-0.02722	(And (Agent $e0 $x0) (Member $x1 case) (Theme $e0 $x1))
p204934	0.01597	0.01429	-0.01077	0.01264	0.01631	-0.01305	-0.01106	-0.01479	-0.00984	0.00629	0.01712	-0.00965	-0.01003	-0.00935	0.00893	-0.01238	0.01225	-0.01851	0.00473	-0.00212	0.00636	-0.00376	-0.01345	0.00865	0.00867	0.01216	-0.00054	0.00718	-0.00311	-0.00272	0.00184	-0.00537	(And (Agent $e0 $x0) (Member $x1 chart) (Patient $e0 $x1))
p204936	-0.01550	-0.02589	-0.02110	0.00090	0.00687	0.01206	0.01737	-0.02394	-0.00723	0.01795	-0.00264	0.00840	-0.00890	0.00213	0.00647	-0.01557	-0.02316	0.01962	-0.01567	-0.02585	-0.00379	-0.00348	-0.00413	-0.03006	-0.02247	0.03235	-0.00697	0.01372	0.02721	0.02164	-0.02021	0.01218	(And (Agent $e0 $x0) (Member $x1 departure) (Theme $e0 $x1))
p204937	0.01217	-0.00295	0.00261	0.01038	0.01248	0.00043	-0.00674	-0.01360	-0.00288	-0.00248	0.00242	0.00168	-0.00434	0.00051	0.00936	-0.00714	-0.00046	-0.01095	-0.00860	-0.01695	-0.00748	-0.00121	-0.00486	-0.00780	-0.00278	0.00004	0.01016	0.01919	-0.00035	-0.00914	-0.00116	-0.00829	(And (Agent $e0 $x0) (Member $x1 evening_flight) (Theme $e0 $x1))
p204938	0.03910	0.04468	0.04176	0.02030	-0.04828	-0.03100	0.06271	-0.03483	0.00083	-0.07153	0.00441	0.03291	-0.03887	-0.04786	-0.06124	-0.04657	-0.04062	0.00864	0.12654	-0.04132	-0.04988	-0.01805	0.07286	-0.02406	-0.08323	-0.02828	-0.00348	-0.09067	-0.05336	0.07373	0.06253	0.03742	(And (Agent $e0 $x0) (Member $x1 gallery) (Recipient $e0 $x1))
p204939	0.02096	-0.01159	0.00502	0.00126	-0.00779	0.00032	-0.00537	-0.00544	-0.00007	-0.01178	-0.00370	-0.00605	-0.00422	-0.00033	0.00615	-0.00243	-0.00120	-0.01409	-0.01561	-0.02846	-0.01789	0.00469	-0.00557	-0.00368	0.00275	-0.00296	0.01796	0.02177	0.00799	-0.00465	-0.01943	-0.00744	(And (Agent $e0 $x0) (Member $x1 loan_application) (Theme $e0 $x1))
p204940	-0.00474	-0.01592	0.02425	-0.01536	-0.00345	-0.01449	-0.01147	-0.03151	0.01568	0.02377	-0.01356	0.00814	0.05126	0.01555	-0.01566	-0.01501	-0.01183	-0.03284	-0.02500	0.01873	0.01142	-0.02137	0.00099	-0.00026	0.04263	-0.00437	-0.00322	0.00681	0.04234	0.01787	0.01889	-0.01764	(And (Agent $e0 $x0) (Member $x1 medal) (Theme $e0 $x1))
p204941	0.03352	0.02649	0.03487	0.01935	-0.03818	-0.02392	0.04121	-0.02789	-0.00215	-0.05403	0.00322	0.01946	-0.03071	-0.03406	-0.03892	-0.03488	-0.02805	0.00830	0.08774	-0.03651	-0.04191	-0.01506	0.04681	-0.02238	-0.05757	-0.02016	0.00295	-0.05953	-0.03706	0.04827	0.03506	0.02640	(And (Agent $e0 $x0) (Member $x1 painting) (Theme $e0 $x1))
p204942	0.01533	-0.01535	-0.01122	0.00032	0.02082	0.00522	0.00755	-0.01011	-0.00736	-0.01447	-0.00046	0.00814	0.00444	0.00843	0.00691	0.00733	-0.00121	-0.00707	-0.02941	-0.01823	-0.01688	0.00067	0.00893	-0.01712	-0.00883	-0.00820	0.01116	0.02330	0.01319	0.00518	-0.01829	-0.00984	(And (Agent $e0 $x0) (Member $x1 query) (Theme $e0 $x1))
p204943	-0.01473	-0.00585	0.02141	-0.01833	0.00900	-0.02262	-0.01370	-0.03084	0.02533	0.04107	-0.02064	0.01892	0.07681	0.02079	-0.03012	-0.01396	-0.01710	-0.04149	-0.03238	0.04043	0.02504	-0.03105	0.01089	0.00242	0.05598	-0.02163	-0.01070	0.00242	0.06195	0.04281	0.03761	-0.01856	(And (Agent $e0 $x0) (Member $x1 recruit) (Recipient $e0 $x1))
p204944	0.01477	-0.01537	-0.01137	0.00014	0.02051	0.00514	0.00719	-0.01025	-0.00770	-0.01451	-0.00078	0.00793	0.00407	0.00806	0.00654	0.00703	-0.00141	-0.00702	-0.02944	-0.01799	-0.01676	0.00025	0.00877	-0.01711	-0.00893	-0.00836	0.01061	0.02286	0.01298	0.00489	-0.01825	-0.01003	(And (Agent $e0 $x0) (Member $x1 tower) (Theme $e0 $x1))
p204945	-0.00186	-0.01093	0.02185	-0.00736	0.00217	-0.01598	-0.01315	-0.02399	0.01668	0.02813	-0.01406	0.00887	0.04885	0.01754	-0.01514	-0.01053	-0.00942	-0.03229	-0.02545	0.02002	0.00891	-0.02124	0.00097	-0.00374	0.04225	-0.01394	-0.00014	0.00769	0.04664	0.02451	0.01763	-0.01438	(And (Agent $e0 $x0) (Member $x1 whistle) (Theme $e0 $x1))
p204946	-0.01867	-0.01429	0.02435	-0.02914	0.00154	-0.02006	-0.01259	-0.04127	0.02524	0.03616	-0.02097	0.01758	0.07921	0.01815	-0.03005	-0.01964	-0.02158	-0.04253	-0.03165	0.03814	0.02956	-0.03076	0.01152	0.00686	0.05638	-0.00824	-0.01488	0.00111	0.05636	0.03420	0.03947	-0.02235	(And (Agent $e0 $x0) (Member $x1 winner) (Recipient $e0 $x1))
p204947	0.05822	-0.08170	0.02502	0.06259	0.07180	-0.07403	-0.03717	0.05589	-0.01616	-0.00801	-0.03716	-0.06347	0.08714	-0.05592	0.07507	-0.00683	-0.05097	0.03513	0.01624	-0.03332	0.16164	0.07924	0.07524	-0.03060	0.03284	-0.00476	-0.07884	-0.05974	-0.02506	-0.01837	-0.01154	0.12082	(And (Agent $e0 $x0) (Ordinal $x1 <num> buy) (Theme $e0 $x1))
p204948	-0.05633	0.01287	0.04706	0.05527	-0.04377	-0.01949	-0.04422	-0.00299	-0.00568	0.01631	-0.03304	-0.02441	-0.03428	-0.04092	-0.06780	0.00587	0.00229	0.07664	0.06161	0.04217	0.03973	-0.01134	0.01503	0.08604	0.02200	-0.00718	-0.01144	0.04410	0.00282	-0.04887	-0.01594	-0.03094	(And (Agent $e0 $x0) (Patient $e0 $e1) (Theme $e1 $x1))
p204949	-0.09359	-0.00850	-0.07382	0.02681	0.09342	-0.00397	0.05214	-0.01555	-0.02576	-0.07416	-0.02352	0.05745	0.07258	-0.01777	-0.11397	0.03366	-0.01525	0.08295	-0.04207	0.05007	0.03778	-0.04569	0.06654	0.01845	-0.03876	-0.04869	-0.05828	0.03767	-0.00580	-0.03786	-0.03280	-0.04667	(And (Agent $e0 $x0) (Possession $x1 next_year) (Theme $e0 $x1))
p204950	-0.04187	0.02703	0.07403	0.05809	-0.05598	-0.01874	-0.05598	0.01656	-0.00825	0.01828	-0.03257	-0.04401	-0.04741	-0.04231	-0.06963	-0.00688	0.01065	0.08936	0.05767	0.05210	0.03621	-0.01984	0.01754	0.09350	0.02076	0.00955	-0.00876	0.04219	0.01120	-0.03805	-0.02467	-0.03740	(And (Agent $e0 $x0) (Theme $e0 $e1) (Theme $e1 $x1))
p204951	-0.00770	-0.01599	0.01571	0.00357	0.00304	-0.02103	0.02043	-0.00136	0.06072	0.00951	0.01931	0.00972	0.02958	-0.00823	0.02143	0.01911	-0.00426	0.02375	0.02358	0.00365	-0.01827	0.00951	-0.02775	-0.00564	-0.01445	-0.02291	0.00381	0.00929	-0.00415	-0.01115	-0.01596	0.00667	(And (Agent $e0 dara) (Location $e0 $x0) (Member $x0 ledger))
p204953	-0.06202	0.01455	0.12079	-0.02219	0.04691	-0.11538	-0.11570	-0.01143	0.00385	-0.00819	-0.05540	-0.12352	-0.07470	-0.19696	-0.00494	0.14933	-0.02864	0.04236	-0.05567	-0.00615	-0.19586	0.01320	-0.11598	-0.00823	0.00815	0.02060	0.36131	-0.03150	0.04370	0.00889	0.14642	0.04448	(And (Also appear $e0) (Member $e1 appear) (Past $e0))
p204954	-0.06202	0.01455	0.12079	-0.02219	0.04691	-0.11538	-0.11570	-0.01143	0.00385	-0.00819	-0.05540	-0.12352	-0.07470	-0.19696	-0.00494	0.14933	-0.02864	0.04236	-0.05567	-0.00615	-0.19586	0.01320	-0.11598	-0.00822	0.00815	0.02060	0.36131	-0.03150	0.04370	0.00889	0.14642	0.04448	(And (Also appear $e0) (Member $e1 appear) (Past $e1))
p204955	-0.04256	-0.04251	-0.02962	0.03291	0.02516	-0.00459	0.10930	0.04974	-0.03088	0.04632	-0.02231	-0.07354	0.04398	-0.01514	-0.08817	0.05114	0.10858	-0.01362	-0.02459	-0.03100	-0.03396	-0.05059	-0.08253	-0.09099	0.00463	-0.05414	-0.06169	-0.04819	-0.00151	0.04417	-0.03772	-0.02118	(And (Before $x0 $e0) (Future $e0) (Member $x0 lunch))
p204956	-0.02201	-0.10067	0.03195	-0.04949	-0.04579	0.04207	0.05707	-0.05334	-0.04647	-0.04187	0.07161	-0.05673	0.04606	-0.04841	0.03552	-0.06319	0.09235	0.02367	-0.02468	0.00054	-0.03907	0.04951	0.04400	0.03293	0.01278	0.07739	-0.04120	0.00544	-0.00439	-0.05800	0.03713	-0.07038	(And (Beneficiary $e0 $x0) (Member $e0 buy) (Member $x0 hall))
p204957	0.07087	-0.06130	0.01088	-0.01076	0.07202	0.05693	0.04702	0.04027	-0.02154	0.02855	-0.01095	-0.04801	0.05767	0.08687	-0.06966	-0.05161	-0.08185	-0.03476	0.05399	0.02725	-0.13854	-0.02850	0.01832	0.03738	-0.03233	0.11175	0.11289	0.02531	-0.00464	-0.02610	-0.03113	0.08828	(And (Can $e0) (GroupOf $x0 way) (Manner $e0 $x0))
p204958	0.07087	-0.06130	0.01088	-0.01076	0.07202	0.05693	0.04702	0.04027	-0.02154	0.02855	-0.01095	-0.04801	0.05767	0.08687	-0.06966	-0.05161	-0.08185	-0.03476	0.05399	0.02725	-0.13854	-0.02850	0.01832	0.03738	-0.03233	0.11175	0.11289	0.02531	-0.00464	-0.02610	-0.03113	0.08828	(And (Can $e0) (Manner $e0 $x0) (Member $x0 random))
p204959	0.04154	-0.05800	0.03870	0.00420	0.03065	-0.03089	0.10488	-0.06084	0.02259	0.04361	-0.05181	0.03622	-0.01665	0.03179	0.04226	0.09034	0.05044	0.02683	0.08694	0.03800	0.01387	0.08595	-0.04038	0.02628	-0.02889	-0.04996	-0.04109	-0.00666	0.06541	-0.04577	-0.02838	-0.01078	(And (CoAgent $e0 $x0) (Location $e0 $x1) (Member $x0 ranger))
p204960	0.04154	-0.05800	0.03870	0.00420	0.03065	-0.03089	0.10488	-0.06084	0.02259	0.04361	-0.05181	0.03622	-0.01665	0.03179	0.04226	0.09034	0.05044	0.02683	0.08694	0.03800	0.01387	0.08595	-0.04038	0.02628	-0.02889	-0.04996	-0.04109	-0.00666	0.06541	-0.04577	-0.02838	-0.01078	(And (CoAgent $e0 $x0) (Location $e0 $x1) (Member $x1 survey))
p204961	-0.00771	-0.00173	-0.00832	-0.01719	-0.00055	-0.01041	-0.00400	0.01207	0.04915	-0.01074	0.02254	0.00447	0.03176	-0.01298	0.01102	-0.01411	-0.01052	0.01245	0.00037	-0.00749	-0.01529	-0.00266	-0.00607	-0.00690	-0.01562	-0.01237	0.01337	0.01152	-0.01553	0.01208	-0.00487	0.00626	(And (Experiencer $e0 $x0) (Location $e0 $x1) (Member $x1 gate))
p204963	-0.00200	0.01928	-0.01861	0.02171	-0.02267	-0.02119	-0.02199	-0.02922	0.05238	-0.03027	0.02431	-0.02779	0.03707	-0.01251	0.03036	-0.03375	-0.03569	0.04580	-0.01416	0.02830	-0.04709	0.04558	0.00773	0.01292	-0.02887	-0.02786	0.06576	0.05079	-0.02217	0.05553	-0.01573	0.01551	(And (Experiencer $e0 $x0) (Member $e1 become) (Result $e1 $e0))
p204964	-0.04083	0.01851	-0.00403	0.04075	-0.01656	-0.05025	-0.03121	0.03357	0.13870	-0.00398	0.13036	0.01592	0.09187	-0.04745	0.04621	-0.04923	-0.03458	0.08333	0.01921	0.00215	-0.09783	-0.01645	-0.01750	-0.04200	-0.03467	-0.04879	0.11543	0.06103	-0.02746	0.04830	-0.01008	0.06043	(And (Experiencer $e0 $x0) (Member $e1 error) (Stimulus $e0 $e1))
p204965	-0.04083	0.01851	-0.00403	0.04075	-0.01656	-0.05025	-0.03121	0.03357	0.13871	-0.00398	0.13036	0.01592	0.09187	-0.04745	0.04621	-0.04923	-0.03458	0.08333	0.01921	0.00215	-0.09783	-0.01645	-0.01750	-0.04200	-0.03467	-0.04879	0.11543	0.06103	-0.02746	0.04830	-0.01008	0.06043	(And (Experiencer $e0 $x0) (Member $x0 auditor) (Stimulus $e0 $e1))
p204967	-0.00460	0.02844	-0.02655	0.03264	-0.03169	-0.03052	-0.02940	-0.04300	0.07312	-0.04454	0.03816	-0.03808	0.05354	-0.01555	0.04273	-0.04895	-0.05238	0.06789	-0.02129	0.04145	-0.06684	0.06718	0.00924	0.01868	-0.04173	-0.04028	0.09261	0.07326	-0.03159	0.08245	-0.02371	0.02284	(And (Experiencer $e0 $x0) (Past $e1) (Result $e1 $e0))
p204969	-0.04256	-0.04251	-0.02962	0.03291	0.02516	-0.00459	0.10930	0.04974	-0.03088	0.04632	-0.02231	-0.07354	0.04398	-0.01514	-0.08817	0.05114	0.10858	-0.01362	-0.02459	-0.03100	-0.03396	-0.05059	-0.08253	-0.09099	0.00463	-0.05414	-0.06169	-0.04819	-0.00151	0.04417	-0.03772	-0.02118	(And (Future $e0) (Member $x0 dress_rehearsal) (Patient $e0 $x0))
p204970	0.05572	-0.07859	-0.07520	0.06055	0.02304	0.05971	0.05850	0.06605	0.11755	-0.06142	-0.08394	0.02981	-0.04603	0.00643	0.06084	0.11905	-0.04812	0.06064	-0.06127	-0.00102	0.01452	-0.05084	-0.03235	0.05794	0.07441	0.14597	-0.05799	0.01509	-0.08938	0.03163	0.08219	-0.02846	(And (GroupOf $x0 child) (Member $e0 teach) (Recipient $e0 $x0))
p204971	0.05572	-0.07859	-0.07520	0.06055	0.02304	0.05971	0.05850	0.06605	0.11755	-0.06142	-0.08394	0.02981	-0.04603	0.00643	0.06084	0.11905	-0.04812	0.06064	-0.06127	-0.00102	0.01452	-0.05084	-0.03235	0.05794	0.07441	0.14597	-0.05800	0.01509	-0.08938	0.03163	0.08219	-0.02846	(And (GroupOf $x0 child) (Recipient $e0 $x0) (Theme $e0 $x1))
p204972	-0.06561	0.07323	-0.01717	0.02670	0.03510	0.09469	0.08675	0.01187	0.11327	0.06884	0.01801	-0.07438	-0.08049	-0.06309	0.01943	-0.06393	-0.09020	-0.06884	-0.05611	-0.00889	-0.01306	0.01107	0.05722	0.07055	0.01609	-0.06695	-0.01953	-0.01940	0.06116	-0.03187	-0.02161	0.01237	(And (GroupOf $x0 forklift) (Member $e0 buy) (Theme $e0 $x0))
p204973	0.01751	-0.00864	0.00451	0.00376	-0.00250	0.00105	-0.00555	-0.00686	-0.00087	-0.00899	-0.00257	-0.00375	-0.00422	-0.00031	0.00599	-0.00358	-0.00067	-0.01199	-0.01306	-0.02362	-0.01414	0.00250	-0.00465	-0.00404	0.00177	-0.00235	0.01464	0.02025	0.00634	-0.00539	-0.01466	-0.00729	(And (GroupOf $x0 sample) (Member $e0 examine) (Theme $e0 $x0))
p204974	0.07087	-0.06130	0.01088	-0.01076	0.07202	0.05693	0.04702	0.04027	-0.02154	0.02855	-0.01095	-0.04801	0.05767	0.08687	-0.06966	-0.05161	-0.08185	-0.03476	0.05399	0.02725	-0.13854	-0.02850	0.01832	0.03738	-0.03233	0.11175	0.11289	0.02531	-0.00464	-0.02610	-0.03113	0.08828	(And (GroupOf $x0 way) (Manner $e0 $x0) (Member $e0 define))
p204975	0.07087	-0.06130	0.01088	-0.01076	0.07202	0.05693	0.04702	0.04027	-0.02154	0.02855	-0.01095	-0.04801	0.05767	0.08687	-0.06966	-0.05161	-0.08185	-0.03476	0.05399	0.02725	-0.13854	-0.02850	0.01832	0.03738	-0.03233	0.11175	0.11289	0.02531	-0.00464	-0.02610	-0.03113	0.08828	(And (GroupOf $x0 way) (Manner $e0 $x0) (Theme $e0 $x1))
p204976	0.00180	0.05806	0.02180	-0.01637	-0.00584	-0.02481	0.03531	0.00505	-0.02537	-0.01574	0.01076	0.02208	0.00657	0.00074	0.01435	0.02762	-0.02991	-0.01160	-0.02969	0.02820	0.01561	-0.00552	0.02691	-0.02222	0.01080	0.04273	-0.01367	-0.00512	-0.01349	0.00047	-0.03338	-0.00017	(And (Holder $e0 $x0) (Inheritance monthly_servicing monthly) (Theme $e0 monthly_servicing))
p204977	0.00180	0.05806	0.02180	-0.01637	-0.00584	-0.02481	0.03531	0.00505	-0.02537	-0.01574	0.01076	0.02208	0.00657	0.00074	0.01435	0.02762	-0.02991	-0.01160	-0.02969	0.02820	0.01561	-0.00552	0.02691	-0.02223	0.01080	0.04273	-0.01367	-0.00512	-0.01349	0.00047	-0.03338	-0.00017	(And (Holder $e0 $x0) (Inheritance monthly_servicing servicing) (Theme $e0 monthly_servicing))
p204978	-0.01026	0.06644	0.04507	-0.00381	-0.01342	-0.04503	0.03167	0.01394	-0.02860	0.01146	0.01166	0.02451	0.01739	-0.00097	0.00921	0.04819	-0.03551	-0.02181	-0.03046	0.00456	0.02509	0.02268	0.01932	-0.02398	0.00375	0.06208	-0.01078	0.02234	-0.02559	0.00507	-0.03938	-0.01624	(And (Holder $e0 $x0) (Member $e0 require) (Member $x0 permit))
p204979	-0.02186	0.15343	0.06178	-0.02821	-0.01180	-0.08616	0.07979	0.02284	-0.06614	0.01133	0.03133	0.06294	0.04204	-0.00852	0.00444	0.11616	-0.08285	-0.03613	-0.06837	0.02220	0.03912	0.06649	0.05804	-0.04639	-0.00750	0.12040	-0.02859	0.03995	-0.04117	0.03972	-0.07145	-0.02681	(And (Holder $e0 $x0) (Member $e0 require) (Member $x0 recipe))
p204980	0.00180	0.05806	0.02180	-0.01637	-0.00584	-0.02481	0.03531	0.00505	-0.02537	-0.01574	0.01076	0.02208	0.00657	0.00074	0.01435	0.02762	-0.02991	-0.01160	-0.02969	0.02820	0.01561	-0.00552	0.02691	-0.02223	0.01080	0.04273	-0.01367	-0.00512	-0.01349	0.00047	-0.03338	-0.00017	(And (Holder $e0 $x0) (Member $x0 lathe) (Theme $e0 monthly_servicing))
p204981	-0.00696	0.05248	0.04341	0.00344	-0.01426	-0.03651	0.02075	0.01125	-0.02210	0.01119	0.00925	0.01590	0.00957	0.00081	0.01140	0.03739	-0.02574	-0.01510	-0.02268	0.00498	0.01752	0.01160	0.01233	-0.02174	0.00663	0.04991	-0.00600	0.01854	-0.02237	-0.00034	-0.03333	-0.01238	(And (Holder $e0 $x0) (Member $x1 countersignature) (Theme $e0 $x1))
p204982	0.01217	-0.00295	0.00261	0.01038	0.01248	0.00043	-0.00674	-0.01360	-0.00288	-0.00248	0.00242	0.00168	-0.00434	0.00051	0.00936	-0.00714	-0.00046	-0.01095	-0.00860	-0.01695	-0.00748	-0.00121	-0.00486	-0.00780	-0.00278	0.00004	0.01016	0.01919	-0.00035	-0.00914	-0.00116	-0.00829	(And (Inheritance evening_flight flight) (Member $x0 evening_flight) (Theme $e0 $x0))
p204983	0.00237	0.00187	-0.00597	0.00663	-0.00013	-0.01327	-0.00792	-0.00446	-0.00943	0.00924	0.01733	-0.00785	-0.01175	-0.00851	0.00297	0.00605	0.00397	-0.01043	0.01883	-0.00663	-0.00194	-0.01139	0.00000	0.00981	0.01898	0.00309	-0.00182	0.00028	-0.00176	-0.00230	-0.00268	0.00315	(And (Inheritance feed_pipe pipe) (Member $x0 cracked) (Member $x0 feed_pipe))
p204984	0.02107	-0.01148	0.00512	0.00136	-0.00769	0.00040	-0.00529	-0.00534	0.00004	-0.01168	-0.00361	-0.00595	-0.00413	-0.00024	0.00626	-0.00232	-0.00111	-0.01400	-0.01551	-0.02836	-0.01781	0.00478	-0.00548	-0.00359	0.00284	-0.00287	0.01806	0.02187	0.00808	-0.00455	-0.01932	-0.00734	(And (Inheritance loan_application application) (Member $x0 loan_application) (Theme $e0 $x0))
p204985	-0.00056	0.05408	0.01634	-0.01439	-0.00285	-0.02344	0.03267	0.00483	-0.02048	-0.01579	0.01338	0.02259	0.01047	-0.00040	0.01463	0.02483	-0.02860	-0.00571	-0.02869	0.02773	0.01157	-0.00581	0.02762	-0.02465	0.00676	0.03775	-0.01114	-0.00292	-0.01385	0.00362	-0.03110	0.00073	(And (Inheritance monthly_servicing monthly) (Member $e0 require) (Theme $e0 monthly_servicing))
p204986	-0.00056	0.05408	0.01634	-0.01439	-0.00285	-0.02344	0.03267	0.00483	-0.02048	-0.01579	0.01338	0.02259	0.01047	-0.00040	0.01463	0.02483	-0.02860	-0.00571	-0.02869	0.02773	0.01157	-0.00581	0.02762	-0.02465	0.00676	0.03775	-0.01114	-0.00292	-0.01385	0.00362	-0.03110	0.00073	(And (Inheritance monthly_servicing servicing) (Member $e0 require) (Theme $e0 monthly_servicing))
p204988	-0.00771	-0.00173	-0.00832	-0.01719	-0.00055	-0.01041	-0.00400	0.01207	0.04915	-0.01074	0.02254	0.00447	0.03176	-0.01298	0.01102	-0.01411	-0.01052	0.01245	0.00037	-0.00749	-0.01529	-0.00266	-0.00606	-0.00690	-0.01562	-0.01237	0.01337	0.01152	-0.01553	0.01208	-0.00487	0.00626	(And (Location $e0 $x0) (Member $e0 wait) (Member $x0 gate))
p204990	-0.01027	-0.02358	0.02415	0.00464	0.00410	-0.03064	0.02881	-0.00178	0.09079	0.01354	0.02768	0.01339	0.04241	-0.01131	0.03093	0.02834	-0.00659	0.03387	0.03324	0.00415	-0.02684	0.01450	-0.03963	-0.00665	-0.02045	-0.03284	0.00578	0.01432	-0.00658	-0.01574	-0.02354	0.00913	(And (Location $e0 $x0) (Member $e0 work) (Member $x0 ledger))
p204991	0.05768	-0.08907	0.06470	0.00244	0.04897	-0.05217	0.16273	-0.09247	0.05490	0.05999	-0.05832	0.05337	-0.02350	0.04376	0.05945	0.13279	0.04828	0.04032	0.12888	0.04928	0.00566	0.13080	-0.06127	0.03988	-0.04829	-0.07439	-0.05320	-0.00658	0.09826	-0.06766	-0.04916	-0.01276	(And (Location $e0 $x0) (Member $e0 work) (Member $x0 survey))
p204992	-0.03767	0.01656	-0.00402	0.03755	-0.01550	-0.04515	-0.03037	0.03237	0.12988	-0.00413	0.11930	0.01433	0.08635	-0.04324	0.04239	-0.04423	-0.03041	0.07650	0.01908	0.00307	-0.08977	-0.01554	-0.01544	-0.04036	-0.03334	-0.04524	0.10013	0.05635	-0.02567	0.04360	-0.00796	0.05523	(And (Location $e0 $x0) (Member $e1 discover) (Stimulus $e1 $e0))
p204993	0.01795	-0.02011	-0.00184	-0.02986	0.01012	-0.00334	0.00459	-0.00642	0.02645	-0.01537	0.00784	0.00677	0.00450	0.00509	-0.00256	-0.00875	0.00710	-0.00614	-0.00026	-0.01173	0.02193	0.00857	-0.01094	0.00415	-0.01296	-0.00541	-0.00789	-0.00170	-0.00090	-0.01603	-0.00837	-0.01620	(And (Location $e0 $x0) (Member $x0 hall) (Theme $e0 photography))
p204994	0.07087	-0.06130	0.01088	-0.01076	0.07202	0.05693	0.04702	0.04027	-0.02154	0.02855	-0.01095	-0.04801	0.05767	0.08687	-0.06966	-0.05161	-0.08185	-0.03476	0.05399	0.02725	-0.13854	-0.02850	0.01832	0.03738	-0.03233	0.11175	0.11289	0.02531	-0.00464	-0.02610	-0.03113	0.08828	(And (Manner $e0 $x0) (Member $e0 define) (Member $x0 random))
p204995	0.07087	-0.06130	0.01088	-0.01076	0.07202	0.05693	0.04702	0.04027	-0.02154	0.02855	-0.01095	-0.04801	0.05767	0.08687	-0.06966	-0.05161	-0.08185	-0.03476	0.05399	0.02725	-0.13854	-0.02850	0.01832	0.03738	-0.03233	0.11175	0.11289	0.02531	-0.00464	-0.02610	-0.03113	0.08828	(And (Manner $e0 $x0) (Member $x0 random) (Theme $e0 $x1))
p204996	-0.06449	0.02078	0.05033	-0.03840	0.07688	0.10090	-0.05209	0.05429	-0.02367	-0.07349	-0.03688	0.01630	-0.02102	-0.02082	0.03016	-0.04497	0.04926	-0.02513	0.11582	0.06366	0.01220	0.04659	-0.05120	-0.05506	0.08869	-0.03830	-0.02042	0.02378	-0.04005	0.07253	-0.03782	-0.04571	(And (Member $e0 abandon) (Member $x0 north_route) (Theme $e0 $x0))
p204997	-0.09880	-0.05175	-0.04745	-0.04235	-0.05598	0.05293	0.04336	-0.07207	-0.04404	0.07441	-0.03252	0.01802	-0.04195	-0.04963	0.04344	-0.08221	-0.10581	0.09132	0.04420	-0.02684	0.08523	-0.01408	-0.06025	-0.04037	-0.06511	0.14387	-0.08479	-0.03105	0.12518	0.11667	-0.02823	0.13795	(And (Member $e0 abandon) (Member $x0 tender) (Theme $e0 $x0))
p204998	-0.09880	-0.05175	-0.04745	-0.04235	-0.05598	0.05293	0.04336	-0.07207	-0.04404	0.07441	-0.03252	0.01802	-0.04195	-0.04963	0.04344	-0.08222	-0.10581	0.09132	0.04420	-0.02684	0.08523	-0.01408	-0.06025	-0.04037	-0.06511	0.14387	-0.08480	-0.03105	0.12518	0.11667	-0.02823	0.13795	(And (Member $e0 abandon) (Possession $x0 $x1) (Theme $e0 $x0))
p204999	0.01534	-0.01534	-0.01121	0.00033	0.02083	0.00523	0.00756	-0.01010	-0.00735	-0.01446	-0.00045	0.00815	0.00444	0.00844	0.00692	0.00734	-0.00120	-0.00706	-0.02940	-0.01822	-0.01688	0.00068	0.00894	-0.01711	-0.00882	-0.00819	0.01117	0.02331	0.01319	0.00519	-0.01829	-0.00983	(And (Member $e0 answer) (Member $x0 query) (Theme $e0 $x0))
p205000	0.01496	-0.01514	-0.01116	0.00032	0.02070	0.00533	0.00738	-0.01004	-0.00745	-0.01430	-0.00060	0.00811	0.00426	0.00826	0.00671	0.00727	-0.00123	-0.00683	-0.02919	-0.01780	-0.01656	0.00044	0.00895	-0.01692	-0.00873	-0.00814	0.01082	0.02305	0.01318	0.00510	-0.01802	-0.00979	(And (Member $e0 answer) (Member $x0 tower) (Theme $e0 $x0))
p205002	0.05822	-0.08170	0.02502	0.06259	0.07180	-0.07403	-0.03717	0.05589	-0.01616	-0.00801	-0.03716	-0.06347	0.08714	-0.05592	0.07507	-0.00683	-0.05097	0.03513	0.01624	-0.03332	0.16164	0.07924	0.07524	-0.03060	0.03284	-0.00476	-0.07884	-0.05974	-0.02506	-0.01837	-0.01154	0.12082	(And (Member $e0 buy) (Member $x0 kiln) (Theme $e0 $x0))
p205004	-0.01179	0.04927	-0.02572	0.06836	0.12499	-0.02397	-0.01420	-0.07021	-0.02449	0.05097	0.06542	0.03732	-0.00822	-0.00329	0.04333	-0.03302	0.01065	-0.02266	0.03308	0.03355	0.03940	-0.02135	-0.02678	-0.02243	-0.02366	0.04172	-0.02289	0.00818	-0.04887	-0.03248	0.09819	-0.00963	(And (Member $e0 cancel) (Member $x0 afternoon_session) (Patient $e0 $x0))
p205005	-0.01210	0.04931	-0.02549	0.06806	0.12457	-0.02376	-0.01430	-0.06965	-0.02466	0.05076	0.06515	0.03751	-0.00843	-0.00376	0.04300	-0.03275	0.01068	-0.02235	0.03326	0.03408	0.03938	-0.02163	-0.02639	-0.02147	-0.02336	0.04176	-0.02314	0.00741	-0.04835	-0.03212	0.09828	-0.00926	(And (Member $e0 cancel) (Member $x0 summer_fair) (Patient $e0 $x0))
p205006	0.04326	0.05680	0.04422	0.02297	-0.04538	-0.01159	-0.04815	0.01432	-0.02175	0.01349	-0.01383	-0.05206	-0.05099	-0.03188	0.00191	-0.02951	0.02950	0.02760	0.01284	0.03773	0.03406	-0.00059	-0.00659	0.07646	0.00864	0.03779	0.00516	0.02192	0.02979	0.02706	-0.00764	-0.01664	(And (Member $e0 cause) (Member $e1 destroy) (Theme $e0 $e1))
p205007	0.04326	0.05680	0.04422	0.02297	-0.04538	-0.01159	-0.04815	0.01432	-0.02175	0.01349	-0.01383	-0.05206	-0.05099	-0.03188	0.00191	-0.02952	0.02950	0.02760	0.01284	0.03773	0.03406	-0.00059	-0.00659	0.07646	0.00864	0.03779	0.00516	0.02192	0.02979	0.02706	-0.00764	-0.01664	(And (Member $e0 cause) (Patient $e1 $x0) (Theme $e0 $e1))
p205008	-0.09359	-0.00850	-0.07382	0.02681	0.09343	-0.00397	0.05214	-0.01555	-0.02576	-0.07416	-0.02352	0.05745	0.07258	-0.01776	-0.11397	0.03366	-0.01525	0.08295	-0.04207	0.05007	0.03778	-0.04569	0.06654	0.01845	-0.03876	-0.04869	-0.05828	0.03767	-0.00580	-0.03786	-0.03280	-0.04667	(And (Member $e0 decide) (Member $x0 budget) (Theme $e0 $x0))
p205009	-0.03901	-0.00921	-0.03737	0.01553	0.05206	0.00184	0.02814	-0.01361	-0.01487	-0.03497	-0.01254	0.02996	0.03162	-0.00488	-0.04504	0.01603	-0.00697	0.03744	-0.02935	0.01409	0.01769	-0.02305	0.03049	0.00262	-0.02123	-0.02625	-0.02317	0.02908	0.00271	-0.01787	-0.02190	-0.02721	(And (Member $e0 decide) (Member $x0 case) (Theme $e0 $x0))
p205010	-0.09359	-0.00850	-0.07382	0.02681	0.09342	-0.00397	0.05214	-0.01555	-0.02576	-0.07416	-0.02352	0.05745	0.07258	-0.01777	-0.11397	0.03366	-0.01525	0.08295	-0.04207	0.05007	0.03778	-0.04569	0.06654	0.01845	-0.03876	-0.04869	-0.05828	0.03767	-0.00580	-0.03786	-0.03280	-0.04667	(And (Member $e0 decide) (Possession $x0 next_year) (Theme $e0 $x0))
p205011	0.02972	0.04077	0.01623	0.02017	-0.01403	-0.01386	-0.02988	-0.00441	-0.01716	0.01233	0.00467	-0.03047	-0.03263	-0.02168	0.01047	-0.02108	0.01900	0.00202	0.01152	0.02070	0.01881	-0.00147	-0.01149	0.04265	0.01153	0.02626	0.00374	0.01644	0.01333	0.01080	0.00009	-0.00808	(And (Member $e0 destroy) (Member $x0 archive) (Patient $e0 $x0))
p205012	0.02953	0.04033	0.01600	0.01972	-0.01402	-0.01364	-0.02968	-0.00411	-0.01705	0.01199	0.00444	-0.03021	-0.03235	-0.02147	0.01006	-0.02082	0.01896	0.00207	0.01128	0.02048	0.01877	-0.00154	-0.01114	0.04234	0.01137	0.02590	0.00357	0.01611	0.01333	0.01083	-0.00010	-0.00813	(And (Member $e0 destroy) (Member $x0 footbridge) (Patient $e0 $x0))
p205013	0.02952	0.04087	0.01621	0.02007	-0.01383	-0.01377	-0.02988	-0.00429	-0.01721	0.01243	0.00474	-0.03036	-0.03265	-0.02170	0.01033	-0.02100	0.01899	0.00216	0.01161	0.02104	0.01882	-0.00165	-0.01132	0.04269	0.01158	0.02631	0.00352	0.01612	0.01327	0.01087	0.00035	-0.00798	(And (Member $e0 destroy) (Member $x0 greenhouse) (Patient $e0 $x0))
p205014	0.09833	-0.01450	0.01407	0.09230	0.00488	0.10334	-0.10859	0.10282	-0.05483	0.04342	0.10114	0.04940	-0.05074	0.02795	0.02237	0.10648	0.12038	0.02859	-0.04407	0.06379	-0.12364	0.06779	0.12953	-0.01712	-0.09511	-0.06180	0.03802	0.02207	0.12840	0.11631	0.06845	0.05736	(And (Member $e0 discover) (Member $x0 file) (Theme $e0 $x0))
p205015	0.09833	-0.01450	0.01407	0.09230	0.00488	0.10334	-0.10859	0.10282	-0.05483	0.04342	0.10114	0.04940	-0.05074	0.02795	0.02237	0.10648	0.12038	0.02859	-0.04407	0.06379	-0.12364	0.06779	0.12953	-0.01712	-0.09511	-0.06180	0.03802	0.02207	0.12840	0.11631	0.06845	0.05736	(And (Member $e0 discover) (Member $x0 missing) (Theme $e0 $x0))
p205016	-0.02743	0.00527	0.02592	-0.04394	-0.05108	0.08833	-0.00739	-0.05302	0.00614	-0.05507	0.06609	-0.08140	-0.05493	0.01753	-0.07531	0.08648	-0.07488	-0.06772	-0.03676	0.05569	0.11282	-0.04650	-0.04342	-0.04106	-0.02683	-0.06178	-0.12019	0.02069	-0.04356	-0.07290	0.05158	0.13180	(And (Member $e0 discover) (Member $x0 wreck) (Theme $e0 $x0))
p205017	-0.00000	-0.01030	0.02519	-0.00663	0.00270	-0.01796	-0.01007	-0.03033	0.02687	0.02902	-0.01918	0.01227	0.05253	0.02433	-0.01447	-0.01153	-0.01392	-0.03680	-0.02878	0.03451	0.02341	-0.02879	0.00939	-0.00506	0.06183	-0.01340	-0.00746	0.00190	0.04151	0.02649	0.02228	-0.01773	(And (Member $e0 give) (Member $x0 answer) (Theme $e0 $x0))
p205018	-0.00118	-0.00928	0.02878	-0.00551	0.00028	-0.01839	-0.01147	-0.03028	0.02671	0.03142	-0.01919	0.01145	0.05217	0.02380	-0.01574	-0.01224	-0.01388	-0.03693	-0.02722	0.03604	0.02391	-0.02917	0.00717	-0.00353	0.06378	-0.01251	-0.00759	0.00085	0.04227	0.02564	0.02280	-0.01763	(And (Member $e0 give) (Member $x0 manifest) (Theme $e0 $x0))
p205019	-0.01473	-0.00585	0.02141	-0.01833	0.00900	-0.02262	-0.01370	-0.03084	0.02533	0.04107	-0.02064	0.01892	0.07681	0.02079	-0.03012	-0.01396	-0.01710	-0.04149	-0.03238	0.04043	0.02504	-0.03105	0.01089	0.00242	0.05598	-0.02163	-0.01070	0.00242	0.06195	0.04281	0.03761	-0.01856	(And (Member $e0 give) (Member $x0 recruit) (Recipient $e0 $x0))
p205020	-0.01867	-0.01429	0.02435	-0.02914	0.00154	-0.02006	-0.01259	-0.04127	0.02524	0.03616	-0.02097	0.01758	0.07921	0.01815	-0.03005	-0.01964	-0.02158	-0.04253	-0.03165	0.03814	0.02956	-0.03076	0.01152	0.00686	0.05638	-0.00824	-0.01488	0.00111	0.05636	0.03420	0.03947	-0.02235	(And (Member $e0 give) (Member $x0 winner) (Recipient $e0 $x0))
p205021	0.03910	0.04468	0.04176	0.02030	-0.04828	-0.03100	0.06271	-0.03483	0.00083	-0.07153	0.00442	0.03291	-0.03887	-0.04786	-0.06123	-0.04657	-0.04063	0.00865	0.12654	-0.04132	-0.04988	-0.01805	0.07286	-0.02406	-0.08323	-0.02828	-0.00350	-0.09067	-0.05336	0.07373	0.06253	0.03742	(And (Member $e0 lend) (Member $x0 gallery) (Recipient $e0 $x0))
p205022	0.03134	0.03962	0.04788	0.03227	-0.04083	-0.01088	0.04767	-0.03146	0.01819	-0.04917	0.00576	0.02160	-0.04263	-0.03974	-0.03754	-0.04105	-0.03535	-0.00337	0.08293	-0.02445	-0.04441	-0.02411	0.05337	-0.01304	-0.03987	-0.02377	0.00241	-0.07449	-0.04039	0.04379	0.02832	0.02793	(And (Member $e0 lend) (Member $x0 generator) (Theme $e0 $x0))
p205023	0.01916	0.01122	0.01685	0.00484	-0.02797	-0.01770	0.02692	-0.01729	-0.01003	-0.03542	0.00431	0.01303	-0.01291	-0.02355	-0.02559	-0.02058	-0.01809	-0.00602	0.04341	-0.04016	-0.02658	-0.00116	0.01616	-0.01420	-0.04067	-0.01287	0.00690	-0.02734	-0.02124	0.01928	0.01011	0.01737	(And (Member $e0 lend) (Member $x0 ladder) (Theme $e0 $x0))
p205024	-0.05633	0.01287	0.04706	0.05527	-0.04377	-0.01949	-0.04422	-0.00299	-0.00568	0.01631	-0.03304	-0.02441	-0.03428	-0.04092	-0.06780	0.00587	0.00228	0.07664	0.06161	0.04217	0.03973	-0.01134	0.01503	0.08604	0.02200	-0.00718	-0.01144	0.04410	0.00282	-0.04887	-0.01594	-0.03094	(And (Member $e0 make) (Patient $e0 $e1) (Theme $e1 $x0))
p205025	0.02214	-0.01205	0.00525	0.00382	-0.00301	-0.00201	-0.00642	-0.00924	0.00105	-0.01091	-0.00180	-0.00670	-0.00449	-0.00061	0.00995	-0.00425	-0.00111	-0.01923	-0.01679	-0.03113	-0.01902	0.00459	-0.00918	-0.00578	0.00225	-0.00227	0.01987	0.02297	0.00362	-0.00811	-0.01760	-0.00826	(And (Member $e0 order) (Member $x0 scan) (Theme $e0 $x0))
p205026	0.02255	-0.01192	0.00560	0.00423	-0.00256	-0.00135	-0.00575	-0.00880	0.00135	-0.01043	-0.00131	-0.00624	-0.00394	-0.00006	0.01041	-0.00398	-0.00066	-0.01861	-0.01633	-0.03061	-0.01829	0.00515	-0.00869	-0.00530	0.00273	-0.00153	0.02006	0.02346	0.00431	-0.00775	-0.01728	-0.00803	(And (Member $e0 order) (Ordinal $x0 <num> scan) (Theme $e0 $x0))
p205027	0.00580	-0.01667	-0.01598	0.00169	0.02080	0.00624	0.01139	-0.01208	-0.00730	-0.01202	-0.00046	0.00901	0.00359	0.00399	0.00204	0.00330	-0.00545	0.00219	-0.02625	-0.02054	-0.01354	-0.00145	0.00694	-0.01805	-0.01501	-0.00386	0.00774	0.02194	0.01329	0.00679	-0.01783	-0.00903	(And (Member $e0 postpone) (Member $x0 tournament) (Theme $e0 $x0))
p205028	-0.04187	0.02703	0.07403	0.05809	-0.05598	-0.01874	-0.05598	0.01656	-0.00825	0.01828	-0.03257	-0.04401	-0.04741	-0.04231	-0.06963	-0.00688	0.01065	0.08936	0.05767	0.05210	0.03621	-0.01984	0.01754	0.09350	0.02076	0.00955	-0.00876	0.04219	0.01120	-0.03805	-0.02467	-0.03740	(And (Member $e0 reach) (Theme $e0 $e1) (Theme $e1 $x0))
p205029	0.01597	0.01429	-0.01077	0.01264	0.01631	-0.01305	-0.01106	-0.01479	-0.00984	0.00629	0.01712	-0.00965	-0.01003	-0.00935	0.00893	-0.01238	0.01225	-0.01851	0.00473	-0.00212	0.00636	-0.00376	-0.01345	0.00865	0.00867	0.01216	-0.00054	0.00718	-0.00311	-0.00272	0.00184	-0.00537	(And (Member $e0 sign) (Member $x0 chart) (Patient $e0 $x0))
p205030	0.04684	0.02025	-0.03717	0.01501	-0.05923	0.06896	0.05993	-0.03108	-0.06983	0.05853	0.13070	0.06774	-0.04691	0.03309	-0.10259	-0.04863	-0.06811	0.06115	-0.05061	-0.00743	0.10075	0.13030	-0.04425	-0.05554	0.08159	-0.04914	0.24935	-0.06498	-0.02170	-0.00003	-0.08157	-0.12236	(And (Member $e0 teach) (Member $x0 apprentice) (Recipient $e0 $x0))
p205031	0.03874	-0.03310	-0.00140	0.04295	-0.01233	0.02548	0.02247	0.01622	0.05849	-0.02212	-0.03592	0.00882	-0.03503	0.00889	0.01394	0.04860	-0.02223	0.01877	-0.03193	-0.00687	0.01110	-0.02802	-0.01739	0.01291	0.08093	0.05009	-0.01084	-0.00834	-0.06291	0.00525	0.00926	-0.02758	(And (Member $e0 teach) (Member $x0 drill) (Theme $e0 $x0))
p205032	0.05572	-0.07859	-0.07520	0.06055	0.02304	0.05971	0.05850	0.06605	0.11755	-0.06142	-0.08394	0.02981	-0.04603	0.00643	0.06084	0.11905	-0.04812	0.06064	-0.06127	-0.00102	0.01452	-0.05084	-0.03235	0.05794	0.07441	0.14597	-0.05799	0.01509	-0.08938	0.03163	0.08219	-0.02846	(And (Member $e0 teach) (Member $x0 song) (Theme $e0 $x0))
p205033	-0.00000	-0.01030	0.02519	-0.00663	0.00270	-0.01796	-0.01007	-0.03033	0.02687	0.02902	-0.01918	0.01227	0.05253	0.02433	-0.01447	-0.01153	-0.01392	-0.03680	-0.02878	0.03451	0.02341	-0.02879	0.00939	-0.00506	0.06183	-0.01340	-0.00746	0.00190	0.04151	0.02649	0.02228	-0.01773	(And (Member $x0 answer) (Recipient $e0 $x1) (Theme $e0 $x0))
p205034	0.04684	0.02025	-0.03717	0.01501	-0.05923	0.06896	0.05993	-0.03108	-0.06983	0.05853	0.13070	0.06774	-0.04691	0.03309	-0.10259	-0.04863	-0.06811	0.06115	-0.05061	-0.00743	0.10075	0.13030	-0.04425	-0.05554	0.08159	-0.04914	0.24935	-0.06498	-0.02170	-0.00003	-0.08157	-0.12236	(And (Member $x0 apprentice) (Recipient $e0 $x0) (Theme $e0 glazing))
p205035	0.03874	-0.03310	-0.00140	0.04295	-0.01233	0.02548	0.02247	0.01622	0.05849	-0.02212	-0.03592	0.00882	-0.03503	0.00889	0.01394	0.04860	-0.02223	0.01877	-0.03193	-0.00687	0.01110	-0.02802	-0.01739	0.01291	0.08093	0.05009	-0.01084	-0.00834	-0.06291	0.00525	0.00926	-0.02758	(And (Member $x0 drill) (Recipient $e0 $x1) (Theme $e0 $x0))
p205036	-0.01533	-0.02566	-0.02092	0.00107	0.00704	0.01219	0.01750	-0.02376	-0.00701	0.01812	-0.00250	0.00856	-0.00876	0.00227	0.00663	-0.01534	-0.02301	0.01975	-0.01548	-0.02570	-0.00367	-0.00334	-0.00397	-0.02990	-0.02230	0.03249	-0.00677	0.01388	0.02734	0.02183	-0.01999	0.01240	(And (Member $x0 ferry) (Possession $x1 $x0) (Theme $e0 $x1))
p205037	0.03910	0.04468	0.04176	0.02030	-0.04828	-0.03100	0.06271	-0.03483	0.00083	-0.07153	0.00442	0.03291	-0.03887	-0.04786	-0.06123	-0.04657	-0.04063	0.00865	0.12654	-0.04132	-0.04988	-0.01805	0.07286	-0.02406	-0.08323	-0.02828	-0.00350	-0.09067	-0.05336	0.07373	0.06253	0.03742	(And (Member $x0 gallery) (Recipient $e0 $x0) (Theme $e0 $x1))
p205038	0.03134	0.03962	0.04788	0.03227	-0.04083	-0.01088	0.04767	-0.03146	0.01819	-0.04917	0.00576	0.02160	-0.04263	-0.03974	-0.03754	-0.04105	-0.03535	-0.00337	0.08293	-0.02445	-0.04441	-0.02411	0.05337	-0.01304	-0.03987	-0.02377	0.00241	-0.07449	-0.04039	0.04379	0.02832	0.02793	(And (Member $x0 generator) (Recipient $e0 $x1) (Theme $e0 $x0))
p205039	-0.00118	-0.00928	0.02878	-0.00551	0.00028	-0.01839	-0.01147	-0.03028	0.02671	0.03142	-0.01919	0.01145	0.05217	0.02380	-0.01574	-0.01224	-0.01388	-0.03693	-0.02722	0.03604	0.02391	-0.02917	0.00717	-0.00353	0.06378	-0.01251	-0.00759	0.00085	0.04227	0.02564	0.02280	-0.01763	(And (Member $x0 manifest) (Recipient $e0 $x1) (Theme $e0 $x0))
p205040	-0.01473	-0.00585	0.02141	-0.01833	0.00900	-0.02262	-0.01370	-0.03084	0.02533	0.04107	-0.02064	0.01892	0.07681	0.02079	-0.03012	-0.01396	-0.01710	-0.04149	-0.03238	0.04043	0.02504	-0.03105	0.01089	0.00242	0.05598	-0.02163	-0.01070	0.00242	0.06195	0.04281	0.03761	-0.01856	(And (Member $x0 recruit) (Recipient $e0 $x0) (Theme $e0 $x1))
p205041	0.05572	-0.07859	-0.07520	0.06055	0.02304	0.05972	0.05850	0.06605	0.11755	-0.06142	-0.08394	0.02981	-0.04603	0.00643	0.06084	0.11905	-0.04812	0.06064	-0.06127	-0.00102	0.01452	-0.05084	-0.03235	0.05794	0.07441	0.14597	-0.05799	0.01509	-0.08938	0.03163	0.08219	-0.02846	(And (Member $x0 song) (Recipient $e0 $x1) (Theme $e0 $x0))
p205042	-0.01867	-0.01429	0.02435	-0.02914	0.00154	-0.02006	-0.01259	-0.04127	0.02524	0.03616	-0.02097	0.01758	0.07921	0.01815	-0.03005	-0.01964	-0.02158	-0.04253	-0.03165	0.03814	0.02956	-0.03076	0.01152	0.00687	0.05638	-0.00824	-0.01488	0.00111	0.05636	0.03420	0.03947	-0.02235	(And (Member $x0 winner) (Recipient $e0 $x0) (Theme $e0 $x1))
p205043	0.05822	-0.08170	0.02502	0.06259	0.07180	-0.07403	-0.03717	0.05589	-0.01616	-0.00801	-0.03716	-0.06347	0.08714	-0.05592	0.07507	-0.00683	-0.05097	0.03513	0.01624	-0.03332	0.16164	0.07924	0.07524	-0.03060	0.03284	-0.00476	-0.07884	-0.05974	-0.02506	-0.01837	-0.01154	0.12082	(And (Ordinal $x0 <num> buy) (Past $e0) (Theme $e0 $x0))
p205269	-0.06202	0.01455	0.12079	-0.02219	0.04691	-0.11538	-0.11570	-0.01143	0.00385	-0.00819	-0.05540	-0.12352	-0.07470	-0.19696	-0.00494	0.14933	-0.02864	0.04236	-0.05567	-0.00615	-0.19586	0.01320	-0.11598	-0.00823	0.00815	0.02060	0.36131	-0.03150	0.04370	0.00889	0.14642	0.04448	(And (Also appear $e0) (Member $e1 appear))
p205270	0.00237	0.00187	-0.00597	0.00663	-0.00013	-0.01327	-0.00792	-0.00446	-0.00943	0.00924	0.01733	-0.00785	-0.01175	-0.00851	0.00297	0.00605	0.00397	-0.01043	0.01883	-0.00663	-0.00194	-0.01139	0.00000	0.00981	0.01898	0.00309	-0.00182	0.00028	-0.00176	-0.00230	-0.00268	0.00315	(And (Inheritance feed_pipe pipe) (Member $x0 feed_pipe))
p205271	0.01213	-0.00240	-0.01626	-0.01003	0.01263	0.00407	-0.00425	-0.00564	-0.00843	-0.00595	-0.00267	0.01042	-0.00754	0.00076	-0.00252	-0.00187	0.00666	0.00010	-0.00430	0.00657	0.00809	0.00362	0.01501	0.00205	-0.00071	-0.00083	-0.00316	-0.00257	0.01004	-0.00631	0.00028	-0.00729	(And (Inheritance night_delivery delivery) (Theme $e0 night_delivery))
p205306	0.02342	-0.01295	0.00546	0.00088	-0.01015	-0.00044	-0.00533	-0.00494	0.00116	-0.01246	-0.00363	-0.00732	-0.00377	-0.00035	0.00720	-0.00205	-0.00117	-0.01622	-0.01609	-0.03186	-0.01925	0.00685	-0.00747	-0.00345	0.00372	-0.00253	0.02033	0.02316	0.00818	-0.00476	-0.02080	-0.00733	(And (Agent $e0 $x0) (Agent $e0 jica) (Member $e0 fund) (Theme $e0 $x1))
p205308	-0.02201	-0.10067	0.03195	-0.04949	-0.04579	0.04207	0.05707	-0.05334	-0.04647	-0.04187	0.07161	-0.05673	0.04606	-0.04841	0.03552	-0.06319	0.09235	0.02367	-0.02468	0.00054	-0.03907	0.04951	0.04400	0.03293	0.01278	0.07739	-0.04121	0.00544	-0.00439	-0.05800	0.03713	-0.07038	(And (Agent $e0 $x0) (Beneficiary $e0 $x1) (Member $e0 buy) (Past $e0))
p205309	-0.02201	-0.10067	0.03195	-0.04949	-0.04579	0.04207	0.05707	-0.05334	-0.04647	-0.04187	0.07161	-0.05673	0.04606	-0.04841	0.03552	-0.06319	0.09235	0.02367	-0.02468	0.00054	-0.03907	0.04951	0.04400	0.03293	0.01278	0.07739	-0.04120	0.00544	-0.00439	-0.05800	0.03713	-0.07038	(And (Agent $e0 $x0) (Beneficiary $e0 $x1) (Member $e0 buy) (Theme $e0 $x2))
p205310	0.04006	-0.05686	0.03739	0.00253	0.03035	-0.03082	0.10266	-0.05853	0.02541	0.04086	-0.04681	0.03578	-0.01445	0.03127	0.04114	0.08621	0.04772	0.02611	0.08389	0.03498	0.01389	0.08254	-0.04057	0.02391	-0.02877	-0.04921	-0.03955	-0.00595	0.06186	-0.04505	-0.02899	-0.01123	(And (Agent $e0 $x0) (CoAgent $e0 $x1) (Location $e0 $x2) (Member $e0 work))
p205311	-0.06868	-0.01212	-0.06037	0.02587	0.08395	0.00708	0.04316	-0.01787	-0.02555	-0.05071	-0.01726	0.04568	0.04312	-0.00933	-0.07355	0.03246	-0.01219	0.06594	-0.04184	0.04070	0.02646	-0.03546	0.05185	0.00291	-0.03592	-0.03849	-0.04422	0.03254	0.00295	-0.02242	-0.02619	-0.03734	(And (Agent $e0 $x0) (Member $e0 decide) (Might $e0) (Theme $e0 $x1))
p205312	0.02300	0.01736	0.00741	-0.00487	-0.02824	-0.01743	0.03204	-0.02164	-0.01286	-0.04566	0.00645	0.01817	-0.01072	-0.02976	-0.03037	-0.02455	-0.02428	-0.01336	0.04448	-0.05407	-0.02973	0.01197	0.02189	-0.01216	-0.05301	-0.01876	0.00999	-0.02365	-0.01918	0.02355	0.00887	0.01909	(And (Agent $e0 $x0) (Member $e0 lend) (Recipient $e0 ravi) (Theme $e0 $x1))
p205313	0.01387	-0.01623	0.01440	0.00527	-0.00795	0.00062	-0.00714	-0.00791	0.00217	0.00396	-0.00147	-0.00659	-0.00090	0.00580	0.00435	-0.00609	0.00100	-0.01760	-0.01339	-0.02874	-0.01483	-0.00053	-0.01316	-0.01005	0.00902	0.00014	0.01493	0.01731	0.01129	-0.00792	-0.01808	-0.01135	(And (Agent $e0 $x0) (Member $e0 receive) (Source $e0 $x1) (Theme $e0 $x2))
p205314	-0.02201	-0.10067	0.03195	-0.04949	-0.04579	0.04207	0.05707	-0.05334	-0.04647	-0.04187	0.07161	-0.05673	0.04606	-0.04841	0.03552	-0.06319	0.09235	0.02367	-0.02468	0.00054	-0.03907	0.04951	0.04400	0.03293	0.01278	0.07739	-0.04120	0.00544	-0.00439	-0.05800	0.03713	-0.07038	(And (Beneficiary $e0 $x0) (Member $e0 buy) (Past $e0) (Theme $e0 $x1))
p205315	-0.00200	0.01928	-0.01861	0.02171	-0.02267	-0.02119	-0.02199	-0.02922	0.05238	-0.03027	0.02431	-0.02779	0.03707	-0.01251	0.03036	-0.03375	-0.03569	0.04580	-0.01416	0.02830	-0.04709	0.04558	0.00773	0.01292	-0.02887	-0.02786	0.06576	0.05079	-0.02217	0.05553	-0.01573	0.01551	(And (Member $e0 become) (Past $e0) (Patient $e0 $x0) (Result $e0 $e1))
p205358	0.02347	-0.01294	0.00549	0.00092	-0.01011	-0.00040	-0.00529	-0.00490	0.00119	-0.01242	-0.00359	-0.00726	-0.00373	-0.00029	0.00726	-0.00203	-0.00113	-0.01616	-0.01605	-0.03180	-0.01919	0.00690	-0.00742	-0.00340	0.00376	-0.00246	0.02036	0.02320	0.00825	-0.00473	-0.02078	-0.00731	(And (Agent $e0 $x0) (Agent $e0 jica) (Member $e0 fund))
p205360	-0.06202	0.01455	0.12079	-0.02219	0.04691	-0.11538	-0.11570	-0.01143	0.00385	-0.00819	-0.05540	-0.12352	-0.07470	-0.19696	-0.00494	0.14933	-0.02864	0.04236	-0.05567	-0.00615	-0.19586	0.01320	-0.11598	-0.00822	0.00815	0.02060	0.36131	-0.03150	0.04370	0.00889	0.14642	0.04448	(And (Agent $e0 $x0) (Also appear $e0) (Past $e0))
p205361	-0.02201	-0.10067	0.03195	-0.04949	-0.04579	0.04207	0.05707	-0.05334	-0.04647	-0.04187	0.07161	-0.05673	0.04606	-0.04841	0.03552	-0.06319	0.09235	0.02367	-0.02468	0.00054	-0.03907	0.04951	0.04400	0.03293	0.01278	0.07739	-0.04121	0.00544	-0.00439	-0.05800	0.03713	-0.07038	(And (Agent $e0 $x0) (Beneficiary $e0 $x1) (Member $e0 buy))
p205362	0.00743	-0.01179	-0.04676	-0.03610	0.01133	0.01158	-0.03257	0.01499	-0.00247	-0.01290	-0.02660	0.02035	0.00869	-0.01052	-0.02731	0.00192	0.00640	-0.01751	0.01766	-0.02452	0.03154	0.03929	0.00613	0.02861	-0.01232	-0.00286	-0.01011	0.00890	-0.00478	0.00055	0.03928	-0.02263	(And (Agent $e0 $x0) (Cardinality $x0 <num>) (GroupOf $x0 child))
p205363	0.04006	-0.05686	0.03739	0.00253	0.03035	-0.03082	0.10266	-0.05853	0.02541	0.04086	-0.04681	0.03578	-0.01445	0.03127	0.04114	0.08621	0.04772	0.02611	0.08389	0.03498	0.01389	0.08254	-0.04057	0.02391	-0.02877	-0.04921	-0.03955	-0.00595	0.06186	-0.04505	-0.02899	-0.01123	(And (Agent $e0 $x0) (CoAgent $e0 $x1) (Member $e0 work))
p205364	0.01293	-0.00872	-0.01987	-0.01220	0.01417	0.00492	0.00313	0.00198	-0.01169	-0.00400	-0.00586	0.00569	-0.00372	0.00317	-0.01231	0.00131	0.02265	-0.00596	-0.00874	-0.00020	0.00319	-0.00116	0.01190	-0.00442	0.00261	-0.00924	-0.00723	-0.00853	0.01138	-0.00467	-0.00428	-0.00999	(And (Agent $e0 $x0) (Future $e0) (Member $e0 arrive))
p205365	0.01209	-0.00833	-0.01762	-0.01116	0.01120	0.00377	0.00201	0.00216	-0.01016	-0.00334	-0.00581	0.00368	-0.00428	0.00183	-0.01166	0.00077	0.02163	-0.00588	-0.00710	-0.00114	0.00213	-0.00152	0.00981	-0.00407	0.00342	-0.00853	-0.00636	-0.00783	0.01041	-0.00498	-0.00472	-0.00939	(And (Agent $e0 $x0) (Future $e0) (Time $e0 (Weekday thursday)))
p205366	0.01671	-0.01405	-0.00174	-0.02578	0.00691	-0.00358	-0.00201	-0.00015	0.02377	-0.01052	0.00504	0.00417	-0.00014	0.00322	-0.00429	-0.00522	0.00349	-0.00231	0.00230	-0.00940	0.02123	0.00735	-0.00777	0.00668	-0.01221	-0.00680	-0.00605	-0.00006	0.00340	-0.00954	-0.00629	-0.01288	(And (Agent $e0 $x0) (Location $e0 $x1) (Member $e0 walk))
p205367	0.01717	-0.02084	-0.00260	-0.03061	0.00935	-0.00412	0.00380	-0.00723	0.02565	-0.01615	0.00711	0.00599	0.00375	0.00434	-0.00335	-0.00957	0.00636	-0.00689	-0.00109	-0.01250	0.02117	0.00781	-0.01170	0.00339	-0.01374	-0.00626	-0.00859	-0.00247	-0.00169	-0.01680	-0.00919	-0.01700	(And (Agent $e0 $x0) (Location $e0 $x1) (Theme $e0 photography))
p205368	-0.09299	0.01138	0.18582	-0.03954	0.09098	-0.16459	-0.16327	-0.01364	-0.02142	-0.01287	-0.07724	-0.19178	-0.10709	-0.28580	0.01389	0.23100	-0.07954	0.07365	-0.08928	-0.01245	-0.27209	-0.00518	-0.16620	-0.00679	-0.00106	0.02101	0.56485	-0.04927	0.07852	0.02378	0.22699	0.02651	(And (Agent $e0 $x0) (Member $e0 appear) (Past $e0))
p205369	0.01219	-0.00665	-0.02108	-0.00927	0.01993	0.00777	0.00431	0.00002	-0.01185	-0.00312	-0.00319	0.01118	-0.00304	0.00498	-0.00924	0.00331	0.01974	-0.00142	-0.00829	0.00518	0.00744	0.00111	0.01568	-0.00460	0.00036	-0.00664	-0.00747	-0.00638	0.01281	-0.00346	-0.00123	-0.00924	(And (Agent $e0 $x0) (Member $e0 arrive) (Time $e0 (Hour <num>)))
p205370	0.04326	0.05680	0.04422	0.02297	-0.04538	-0.01159	-0.04815	0.01432	-0.02175	0.01349	-0.01383	-0.05206	-0.05099	-0.03188	0.00191	-0.02951	0.02950	0.02760	0.01284	0.03773	0.03406	-0.00059	-0.00659	0.07646	0.00864	0.03779	0.00516	0.02192	0.02979	0.02706	-0.00764	-0.01664	(And (Agent $e0 $x0) (Member $e0 cause) (Theme $e0 $e1))
p205371	-0.06868	-0.01212	-0.06037	0.02587	0.08395	0.00708	0.04316	-0.01787	-0.02555	-0.05071	-0.01726	0.04568	0.04311	-0.00933	-0.07355	0.03246	-0.01219	0.06594	-0.04184	0.04070	0.02646	-0.03546	0.05185	0.00291	-0.03592	-0.03849	-0.04422	0.03254	0.00295	-0.02242	-0.02619	-0.03734	(And (Agent $e0 $x0) (Member $e0 decide) (Might $e0))
p205372	0.01750	-0.00865	0.00450	0.00375	-0.00251	0.00104	-0.00557	-0.00688	-0.00089	-0.00900	-0.00258	-0.00376	-0.00424	-0.00032	0.00598	-0.00360	-0.00068	-0.01200	-0.01308	-0.02363	-0.01416	0.00249	-0.00466	-0.00406	0.00175	-0.00237	0.01463	0.02023	0.00633	-0.00540	-0.01467	-0.00731	(And (Agent $e0 $x0) (Member $e0 examine) (Theme $e0 $x1))
p205373	0.02286	-0.01338	0.00493	0.00033	-0.01072	-0.00110	-0.00597	-0.00553	0.00065	-0.01304	-0.00420	-0.00789	-0.00436	-0.00093	0.00661	-0.00257	-0.00174	-0.01682	-0.01667	-0.03243	-0.01988	0.00626	-0.00804	-0.00402	0.00314	-0.00321	0.01990	0.02258	0.00756	-0.00529	-0.02135	-0.00782	(And (Agent $e0 $x0) (Member $e0 fund) (Theme $e0 $x1))
p205374	-0.03025	-0.00866	0.00665	-0.01950	0.00213	0.04632	-0.00823	-0.00354	-0.01628	-0.00497	-0.02111	0.00559	-0.01860	-0.01493	0.02059	-0.03632	-0.01069	0.00746	0.04271	-0.00170	0.02505	0.01194	-0.03339	-0.02708	0.01375	0.01875	-0.02096	0.00702	0.02081	0.03979	-0.02393	0.01217	(And (Agent $e0 $x0) (Member $e0 give_up) (Theme $e0 $x1))
p205375	-0.00491	-0.00275	-0.00739	-0.01989	0.01709	0.00653	-0.00289	0.00175	-0.00111	-0.00550	0.00076	0.01815	-0.01375	0.03734	-0.00767	-0.01028	-0.00868	0.00738	-0.01567	-0.01607	-0.00984	-0.00896	0.01908	-0.01754	0.00271	0.00937	-0.01574	-0.02346	0.01038	-0.01297	-0.00455	-0.00782	(And (Agent $e0 $x0) (Member $e0 influence) (Past $e0))
p205376	0.02193	-0.01455	-0.00454	0.00322	-0.00790	0.00759	-0.00686	-0.00076	0.00500	-0.00570	-0.00461	0.00076	-0.01029	0.00121	0.00160	0.00080	-0.00244	-0.00585	-0.01198	-0.02564	-0.00322	0.00929	-0.00917	0.00005	0.00972	0.00570	0.01806	0.01042	-0.00322	-0.00824	-0.00888	-0.01528	(And (Agent $e0 $x0) (Member $e0 learn) (Source $e0 $x1))
p205377	0.02300	0.01736	0.00741	-0.00487	-0.02824	-0.01743	0.03204	-0.02164	-0.01286	-0.04566	0.00645	0.01817	-0.01072	-0.02976	-0.03037	-0.02455	-0.02428	-0.01336	0.04448	-0.05407	-0.02973	0.01197	0.02189	-0.01216	-0.05301	-0.01876	0.00998	-0.02365	-0.01918	0.02355	0.00887	0.01909	(And (Agent $e0 $x0) (Member $e0 lend) (Recipient $e0 ravi))
p205378	-0.00113	-0.01361	-0.00650	0.00298	0.00426	0.00410	0.00623	-0.01179	-0.00350	-0.00182	-0.00363	0.00390	-0.00085	-0.00032	-0.00207	-0.00652	-0.00877	0.00596	-0.01352	-0.02083	-0.00775	-0.00315	-0.00032	-0.01070	-0.00799	0.00622	0.00395	0.01796	0.01358	0.00321	-0.01790	-0.00213	(And (Agent $e0 $x0) (Member $e0 put_off) (Theme $e0 $x1))
p205379	0.01417	-0.01593	0.01469	0.00555	-0.00766	0.00088	-0.00688	-0.00760	0.00247	0.00425	-0.00120	-0.00629	-0.00064	0.00607	0.00467	-0.00576	0.00127	-0.01734	-0.01309	-0.02845	-0.01458	-0.00026	-0.01287	-0.00977	0.00930	0.00041	0.01521	0.01759	0.01156	-0.00763	-0.01777	-0.01104	(And (Agent $e0 $x0) (Member $e0 receive) (Source $e0 $x1))
p205380	0.01389	-0.01621	0.01442	0.00529	-0.00793	0.00064	-0.00712	-0.00789	0.00219	0.00398	-0.00145	-0.00658	-0.00088	0.00582	0.00437	-0.00607	0.00101	-0.01758	-0.01337	-0.02872	-0.01481	-0.00051	-0.01314	-0.01003	0.00904	0.00016	0.01495	0.01733	0.01131	-0.00790	-0.01806	-0.01133	(And (Agent $e0 $x0) (Member $e0 receive) (Theme $e0 $x1))
p205381	0.01733	-0.00904	0.00467	0.00255	-0.00469	0.00171	-0.00485	-0.00516	-0.00077	-0.00962	-0.00333	-0.00355	-0.00381	-0.00002	0.00459	-0.00238	-0.00083	-0.01034	-0.01298	-0.02350	-0.01443	0.00289	-0.00347	-0.00367	0.00195	-0.00280	0.01448	0.01988	0.00785	-0.00392	-0.01595	-0.00688	(And (Agent $e0 $x0) (Member $e0 turn_down) (Theme $e0 $x1))
p205383	0.02300	0.01736	0.00741	-0.00487	-0.02824	-0.01743	0.03204	-0.02164	-0.01286	-0.04566	0.00645	0.01817	-0.01072	-0.02976	-0.03037	-0.02455	-0.02428	-0.01336	0.04448	-0.05407	-0.02973	0.01197	0.02189	-0.01216	-0.05301	-0.01876	0.00998	-0.02365	-0.01918	0.02355	0.00887	0.01909	(And (Agent $e0 $x0) (Recipient $e0 ravi) (Theme $e0 $x1))
p205384	0.01262	-0.00230	-0.01687	-0.01033	0.01315	0.00435	-0.00429	-0.00578	-0.00904	-0.00621	-0.00280	0.01089	-0.00756	0.00105	-0.00264	-0.00179	0.00681	0.00010	-0.00466	0.00690	0.00830	0.00396	0.01567	0.00225	-0.00092	-0.00101	-0.00322	-0.00260	0.01047	-0.00621	0.00046	-0.00745	(And (Agent $e0 $x0) (Theme $e0 visitor) (Time $e0 (Weekday sunday)))
p205385	-0.00770	-0.01599	0.01571	0.00357	0.00304	-0.02103	0.02043	-0.00136	0.06072	0.00951	0.01931	0.00972	0.02958	-0.00823	0.02143	0.01911	-0.00426	0.02375	0.02358	0.00365	-0.01827	0.00951	-0.02775	-0.00564	-0.01445	-0.02291	0.00381	0.00929	-0.00415	-0.01115	-0.01596	0.00667	(And (Agent $e0 dara) (Location $e0 $x0) (Member $e0 work))
p205386	0.02284	-0.01339	0.00491	0.00031	-0.01073	-0.00111	-0.00599	-0.00554	0.00064	-0.01305	-0.00421	-0.00790	-0.00437	-0.00094	0.00660	-0.00259	-0.00176	-0.01684	-0.01668	-0.03245	-0.01990	0.00625	-0.00805	-0.00403	0.00313	-0.00322	0.01989	0.02256	0.00755	-0.00530	-0.02136	-0.00783	(And (Agent $e0 jica) (Member $e0 fund) (Theme $e0 $x0))
p205387	-0.04256	-0.04251	-0.02962	0.03291	0.02516	-0.00459	0.10930	0.04974	-0.03088	0.04632	-0.02231	-0.07354	0.04398	-0.01514	-0.08817	0.05114	0.10858	-0.01362	-0.02459	-0.03100	-0.03396	-0.05059	-0.08253	-0.09099	0.00463	-0.05414	-0.06169	-0.04819	-0.00151	0.04417	-0.03772	-0.02118	(And (Before $x0 $e0) (Future $e0) (Patient $e0 $x1))
p205388	-0.02201	-0.10067	0.03195	-0.04949	-0.04579	0.04207	0.05707	-0.05334	-0.04647	-0.04187	0.07161	-0.05673	0.04606	-0.04841	0.03552	-0.06319	0.09235	0.02367	-0.02468	0.00054	-0.03907	0.04951	0.04400	0.03293	0.01278	0.07739	-0.04121	0.00544	-0.00439	-0.05800	0.03713	-0.07038	(And (Beneficiary $e0 $x0) (Member $e0 buy) (Past $e0))
p205389	-0.02201	-0.10067	0.03195	-0.04949	-0.04579	0.04207	0.05707	-0.05334	-0.04647	-0.04187	0.07161	-0.05673	0.04606	-0.04841	0.03552	-0.06319	0.09235	0.02367	-0.02468	0.00054	-0.03907	0.04951	0.04400	0.03293	0.01278	0.07739	-0.04120	0.00544	-0.00439	-0.05800	0.03713	-0.07038	(And (Beneficiary $e0 $x0) (Member $e0 buy) (Theme $e0 $x1))
p205390	0.07087	-0.06130	0.01088	-0.01076	0.07202	0.05693	0.04702	0.04027	-0.02154	0.02855	-0.01095	-0.04801	0.05767	0.08687	-0.06966	-0.05161	-0.08185	-0.03476	0.05399	0.02725	-0.13854	-0.02850	0.01832	0.03738	-0.03233	0.11175	0.11289	0.02531	-0.00464	-0.02610	-0.03113	0.08828	(And (Cardinality $x0 <num>) (GroupOf $x0 way) (Manner $e0 $x0))
p205391	0.07087	-0.06130	0.01088	-0.01076	0.07202	0.05693	0.04702	0.04027	-0.02154	0.02855	-0.01095	-0.04801	0.05767	0.08687	-0.06966	-0.05161	-0.08185	-0.03476	0.05399	0.02725	-0.13854	-0.02850	0.01832	0.03738	-0.03233	0.11175	0.11289	0.02531	-0.00464	-0.02610	-0.03113	0.08828	(And (Cardinality $x0 <num>) (Manner $e0 $x0) (Member $x0 random))
p205392	0.04006	-0.05686	0.03739	0.00253	0.03035	-0.03082	0.10266	-0.05853	0.02541	0.04086	-0.04681	0.03578	-0.01445	0.03127	0.04114	0.08621	0.04772	0.02611	0.08389	0.03498	0.01389	0.08254	-0.04057	0.02391	-0.02877	-0.04921	-0.03955	-0.00595	0.06186	-0.04505	-0.02899	-0.01123	(And (CoAgent $e0 $x0) (Location $e0 $x1) (Member $e0 work))
p205393	-0.00771	-0.00173	-0.00832	-0.01719	-0.00055	-0.01041	-0.00400	0.01207	0.04915	-0.01074	0.02254	0.00447	0.03176	-0.01298	0.01102	-0.01411	-0.01052	0.01245	0.00037	-0.00749	-0.01529	-0.00266	-0.00607	-0.00690	-0.01562	-0.01237	0.01337	0.01152	-0.01553	0.01208	-0.00487	0.00626	(And (Experiencer $e0 $x0) (Location $e0 $x1) (Member $e0 wait))
p205394	-0.03767	0.01656	-0.00402	0.03755	-0.01550	-0.04515	-0.03037	0.03237	0.12988	-0.00413	0.11930	0.01433	0.08635	-0.04324	0.04239	-0.04423	-0.03041	0.07650	0.01908	0.00307	-0.08977	-0.01554	-0.01544	-0.04036	-0.03334	-0.04524	0.10013	0.05635	-0.02567	0.04360	-0.00796	0.05523	(And (Experiencer $e0 $x0) (Member $e0 discover) (Stimulus $e0 $e1))
p205395	-0.04083	0.01851	-0.00403	0.04075	-0.01656	-0.05025	-0.03121	0.03357	0.13870	-0.00398	0.13036	0.01592	0.09187	-0.04745	0.04621	-0.04923	-0.03458	0.08333	0.01921	0.00215	-0.09783	-0.01645	-0.01750	-0.04200	-0.03467	-0.04879	0.11543	0.06103	-0.02746	0.04830	-0.01008	0.06043	(And (Location $e0 $x0) (Member $e0 error) (Stimulus $e1 $e0))
p205396	-0.01476	-0.01738	0.04091	-0.00805	-0.01523	-0.01344	-0.00325	0.01591	0.04924	0.00804	0.02047	-0.01838	0.01200	0.00381	-0.00403	0.00371	-0.00801	-0.00590	0.00226	-0.02927	0.00585	-0.01603	-0.04191	-0.01653	-0.01324	-0.00715	-0.00263	0.01522	-0.03029	-0.01729	-0.01526	-0.01179	(And (Location $e0 $x0) (Member $e0 find) (Theme $e0 $x1))
p205397	0.01024	-0.03171	0.01869	0.00553	0.01864	-0.01992	0.05585	-0.02697	0.03214	0.02409	-0.01454	0.02091	0.00603	0.01022	0.02643	0.04894	0.01791	0.02307	0.04742	0.02089	0.00231	0.03929	-0.02884	0.00242	-0.02016	-0.03078	-0.01963	-0.00049	0.02546	-0.02536	-0.01692	-0.00223	(And (Location $e0 $x0) (Member $e0 work) (Might $e0))
p205398	0.00236	0.00355	-0.00575	0.01067	-0.00052	-0.00361	0.00131	-0.00803	-0.00546	0.00508	-0.00175	-0.01873	0.00084	-0.01195	0.00501	-0.00229	0.00377	-0.00691	-0.00074	0.00859	-0.00011	-0.00034	-0.01477	0.00165	0.00031	0.00193	-0.00156	0.00085	-0.00235	0.00357	-0.00024	0.00260	(And (Measure $x0 age <num> year) (Member $x0 founder) (Patient $e0 $x0))
p205399	-0.00200	0.01928	-0.01861	0.02171	-0.02267	-0.02119	-0.02199	-0.02922	0.05238	-0.03027	0.02431	-0.02779	0.03707	-0.01251	0.03036	-0.03375	-0.03569	0.04580	-0.01416	0.02830	-0.04709	0.04558	0.00773	0.01292	-0.02887	-0.02786	0.06576	0.05079	-0.02217	0.05553	-0.01573	0.01551	(And (Member $e0 become) (Past $e0) (Patient $e0 $x0))
p205400	-0.00200	0.01928	-0.01861	0.02171	-0.02267	-0.02118	-0.02199	-0.02922	0.05238	-0.03027	0.02431	-0.02779	0.03707	-0.01251	0.03036	-0.03375	-0.03569	0.04580	-0.01416	0.02830	-0.04709	0.04558	0.00773	0.01292	-0.02887	-0.02786	0.06576	0.05079	-0.02217	0.05553	-0.01573	0.01551	(And (Member $e0 become) (Patient $e0 $x0) (Result $e0 $e1))
p205401	-0.02023	-0.02032	-0.01984	0.02784	0.02466	-0.00014	0.05549	0.02167	-0.02243	0.02959	-0.00834	-0.03987	0.02408	-0.00858	-0.04015	0.02204	0.07731	-0.00865	-0.01591	-0.00577	-0.01084	-0.02945	-0.05385	-0.05217	-0.00134	-0.02915	-0.03748	-0.02433	-0.00138	0.02056	-0.01632	-0.01574	(And (Member $e0 begin) (Might $e0) (Patient $e0 $x0))
p205402	0.01082	-0.00590	0.01812	0.01093	-0.01381	-0.00305	-0.00048	-0.00465	0.00213	-0.00282	0.00075	-0.00600	-0.01032	-0.00704	-0.00129	-0.00796	-0.00363	-0.01097	0.00439	-0.02987	-0.01820	-0.00201	-0.00647	-0.00765	-0.00427	-0.00152	0.01339	0.00399	-0.00525	-0.00372	-0.01183	-0.00202	(And (Member $e0 borrow) (Source $e0 $x0) (Theme $e0 $x1))
p205403	-0.06868	-0.01212	-0.06037	0.02587	0.08395	0.00708	0.04316	-0.01787	-0.02555	-0.05071	-0.01726	0.04568	0.04311	-0.00933	-0.07355	0.03246	-0.01219	0.06594	-0.04184	0.04070	0.02646	-0.03546	0.05185	0.00291	-0.03592	-0.03849	-0.04422	0.03254	0.00295	-0.02242	-0.02619	-0.03734	(And (Member $e0 decide) (Might $e0) (Theme $e0 $x0))
p205404	-0.05633	0.01287	0.04706	0.05527	-0.04377	-0.01949	-0.04422	-0.00299	-0.00568	0.01631	-0.03304	-0.02441	-0.03428	-0.04092	-0.06780	0.00587	0.00229	0.07664	0.06161	0.04217	0.03973	-0.01134	0.01503	0.08604	0.02200	-0.00718	-0.01144	0.04410	0.00282	-0.04887	-0.01594	-0.03094	(And (Member $e0 decision) (Patient $e1 $e0) (Theme $e0 $x0))
p205405	-0.04187	0.02703	0.07403	0.05809	-0.05598	-0.01874	-0.05598	0.01656	-0.00825	0.01828	-0.03257	-0.04401	-0.04741	-0.04231	-0.06963	-0.00688	0.01065	0.08936	0.05767	0.05210	0.03621	-0.01984	0.01754	0.09350	0.02076	0.00955	-0.00876	0.04219	0.01120	-0.03805	-0.02467	-0.03740	(And (Member $e0 decision) (Theme $e0 $x0) (Theme $e1 $e0))
p205406	0.04326	0.05680	0.04422	0.02297	-0.04538	-0.01159	-0.04815	0.01432	-0.02175	0.01349	-0.01383	-0.05206	-0.05099	-0.03188	0.00191	-0.02951	0.02950	0.02760	0.01284	0.03773	0.03406	-0.00059	-0.00659	0.07646	0.00864	0.03779	0.00516	0.02192	0.02979	0.02706	-0.00764	-0.01664	(And (Member $e0 destroy) (Patient $e0 $x0) (Theme $e1 $e0))
p205407	0.00743	0.00337	-0.00562	0.02331	-0.01766	-0.00545	-0.00117	-0.04094	-0.00967	-0.04121	-0.02003	-0.02992	0.01132	0.00794	0.00961	0.00337	-0.03136	-0.01315	-0.02547	0.02707	-0.01902	0.05162	-0.01606	0.03284	-0.01778	-0.00254	0.00532	0.00279	0.00061	0.03424	-0.01885	0.00925	(And (Member $e0 direct) (Past $e0) (Patient $e0 $x0))
p205408	0.02300	0.01736	0.00741	-0.00487	-0.02824	-0.01743	0.03204	-0.02164	-0.01286	-0.04566	0.00645	0.01817	-0.01072	-0.02976	-0.03037	-0.02455	-0.02428	-0.01336	0.04448	-0.05407	-0.02973	0.01197	0.02189	-0.01216	-0.05301	-0.01876	0.00999	-0.02365	-0.01918	0.02355	0.00887	0.01909	(And (Member $e0 lend) (Recipient $e0 ravi) (Theme $e0 $x0))
p205409	0.01389	-0.01621	0.01442	0.00529	-0.00793	0.00064	-0.00712	-0.00789	0.00219	0.00398	-0.00145	-0.00658	-0.00088	0.00581	0.00437	-0.00607	0.00101	-0.01758	-0.01337	-0.02872	-0.01481	-0.00051	-0.01314	-0.01003	0.00904	0.00016	0.01495	0.01733	0.01131	-0.00790	-0.01806	-0.01133	(And (Member $e0 receive) (Source $e0 $x0) (Theme $e0 $x1))
p205410	-0.01534	-0.02571	-0.02094	0.00105	0.00702	0.01218	0.01750	-0.02378	-0.00705	0.01810	-0.00251	0.00855	-0.00877	0.00227	0.00663	-0.01538	-0.02302	0.01974	-0.01551	-0.02571	-0.00367	-0.00334	-0.00398	-0.02991	-0.02232	0.03248	-0.00680	0.01387	0.02734	0.02181	-0.02003	0.01236	(And (Member $x0 departure) (Possession $x0 $x1) (Theme $e0 $x0))
p205411	0.05822	-0.08170	0.02502	0.06259	0.07180	-0.07403	-0.03717	0.05589	-0.01616	-0.00801	-0.03716	-0.06347	0.08714	-0.05592	0.07507	-0.00683	-0.05097	0.03513	0.01624	-0.03332	0.16164	0.07924	0.07524	-0.03060	0.03284	-0.00476	-0.07884	-0.05974	-0.02506	-0.01837	-0.01154	0.12082	(And (Member $x0 kiln) (Ordinal $x0 <num> buy) (Theme $e0 $x0))
p205412	-0.00460	0.02844	-0.02655	0.03264	-0.03169	-0.03052	-0.02940	-0.04300	0.07312	-0.04454	0.03816	-0.03808	0.05354	-0.01555	0.04273	-0.04895	-0.05238	0.06789	-0.02129	0.04145	-0.06684	0.06718	0.00924	0.01868	-0.04173	-0.04028	0.09261	0.07326	-0.03159	0.08245	-0.02371	0.02284	(And (Past $e0) (Patient $e0 $x0) (Result $e0 $e1))
p205522	-0.06202	0.01455	0.12079	-0.02219	0.04691	-0.11538	-0.11570	-0.01143	0.00385	-0.00819	-0.05540	-0.12352	-0.07470	-0.19696	-0.00494	0.14933	-0.02864	0.04236	-0.05567	-0.00615	-0.19586	0.01320	-0.11598	-0.00823	0.00815	0.02060	0.36131	-0.03150	0.04370	0.00889	0.14642	0.04448	(And (Agent $e0 $x0) (Also appear $e0))
p205523	0.01467	-0.00107	-0.01047	-0.01154	0.00272	0.00098	-0.00806	-0.00311	-0.00529	-0.00618	-0.00436	0.00465	-0.00928	-0.00171	-0.00188	-0.00393	0.00705	-0.00317	-0.00094	0.00249	0.00371	0.00331	0.01202	0.00664	0.00388	-0.00034	0.00074	-0.00188	0.00914	-0.00702	-0.00134	-0.00522	(And (Agent $e0 $x0) (GroupOf $x0 soil_sample))
p205524	0.01467	-0.00107	-0.01047	-0.01154	0.00272	0.00098	-0.00806	-0.00311	-0.00529	-0.00618	-0.00436	0.00465	-0.00928	-0.00171	-0.00188	-0.00393	0.00705	-0.00317	-0.00094	0.00249	0.00371	0.00331	0.01202	0.00664	0.00388	-0.00034	0.00074	-0.00188	0.00914	-0.00702	-0.00134	-0.00522	(And (Agent $e0 $x0) (Instrument $e0 post))
p205525	-0.09299	0.01138	0.18582	-0.03954	0.09098	-0.16459	-0.16327	-0.01364	-0.02142	-0.01287	-0.07724	-0.19178	-0.10709	-0.28580	0.01389	0.23100	-0.07954	0.07365	-0.08928	-0.01245	-0.27209	-0.00518	-0.16620	-0.00679	-0.00106	0.02101	0.56485	-0.04927	0.07852	0.02378	0.22699	0.02651	(And (Agent $e0 $x0) (Member $e0 appear))
p205526	0.00408	0.02184	-0.01073	0.02909	0.04588	-0.01188	-0.01218	-0.03257	-0.01149	0.01832	0.02454	0.00952	-0.00838	-0.00442	0.02005	-0.01830	0.00644	-0.01594	0.01314	0.00505	0.01706	-0.00871	-0.01398	-0.00628	-0.00641	0.01796	-0.00601	0.01071	-0.01813	-0.01605	0.03568	-0.00776	(And (Agent $e0 $x0) (Member $e0 call_off))
p205527	0.04326	0.05680	0.04422	0.02297	-0.04538	-0.01159	-0.04815	0.01432	-0.02175	0.01349	-0.01383	-0.05206	-0.05099	-0.03188	0.00191	-0.02951	0.02950	0.02760	0.01284	0.03773	0.03406	-0.00059	-0.00659	0.07646	0.00864	0.03779	0.00516	0.02192	0.02979	0.02706	-0.00764	-0.01664	(And (Agent $e0 $x0) (Member $e0 cause))
p205528	0.01754	-0.00860	0.00454	0.00379	-0.00247	0.00108	-0.00553	-0.00683	-0.00084	-0.00895	-0.00254	-0.00372	-0.00420	-0.00028	0.00603	-0.00355	-0.00064	-0.01196	-0.01303	-0.02359	-0.01412	0.00253	-0.00462	-0.00401	0.00180	-0.00232	0.01467	0.02028	0.00637	-0.00536	-0.01462	-0.00726	(And (Agent $e0 $x0) (Member $e0 examine))
p205529	0.02329	-0.01309	0.00534	0.00075	-0.01028	-0.00056	-0.00545	-0.00507	0.00102	-0.01259	-0.00374	-0.00745	-0.00388	-0.00047	0.00706	-0.00219	-0.00129	-0.01634	-0.01622	-0.03199	-0.01936	0.00673	-0.00759	-0.00357	0.00360	-0.00265	0.02020	0.02303	0.00806	-0.00489	-0.02094	-0.00747	(And (Agent $e0 $x0) (Member $e0 fund))
p205530	-0.03025	-0.00866	0.00666	-0.01949	0.00213	0.04633	-0.00822	-0.00354	-0.01628	-0.00497	-0.02110	0.00560	-0.01859	-0.01492	0.02060	-0.03631	-0.01068	0.00747	0.04272	-0.00170	0.02506	0.01195	-0.03338	-0.02707	0.01376	0.01876	-0.02095	0.00703	0.02081	0.03979	-0.02392	0.01217	(And (Agent $e0 $x0) (Member $e0 give_up))
p205531	-0.00495	-0.00279	-0.00742	-0.01992	0.01706	0.00650	-0.00291	0.00171	-0.00114	-0.00553	0.00073	0.01811	-0.01377	0.03730	-0.00772	-0.01031	-0.00871	0.00735	-0.01570	-0.01611	-0.00986	-0.00899	0.01904	-0.01757	0.00268	0.00934	-0.01578	-0.02350	0.01035	-0.01300	-0.00459	-0.00785	(And (Agent $e0 $x0) (Member $e0 influence))
p205532	0.02217	-0.01430	-0.00431	0.00345	-0.00767	0.00779	-0.00666	-0.00051	0.00524	-0.00547	-0.00440	0.00100	-0.01009	0.00143	0.00185	0.00106	-0.00222	-0.00564	-0.01174	-0.02541	-0.00302	0.00950	-0.00894	0.00027	0.00994	0.00592	0.01829	0.01065	-0.00301	-0.00800	-0.00863	-0.01503	(And (Agent $e0 $x0) (Member $e0 learn))
p205533	0.01583	-0.00767	-0.00892	-0.01806	0.00755	0.00001	-0.00314	-0.00488	0.00478	-0.00960	0.00007	0.00687	-0.00410	0.00129	-0.00212	-0.00551	0.00683	-0.00387	-0.00165	-0.00167	0.01087	0.00541	0.00519	0.00536	-0.00279	-0.00209	-0.00266	-0.00201	0.00593	-0.00997	-0.00317	-0.00935	(And (Agent $e0 $x0) (Member $e0 permit))
p205534	-0.00134	-0.01382	-0.00670	0.00278	0.00406	0.00393	0.00605	-0.01200	-0.00371	-0.00202	-0.00382	0.00370	-0.00103	-0.00051	-0.00229	-0.00675	-0.00895	0.00578	-0.01372	-0.02103	-0.00792	-0.00333	-0.00052	-0.01090	-0.00819	0.00604	0.00376	0.01776	0.01339	0.00301	-0.01812	-0.00235	(And (Agent $e0 $x0) (Member $e0 put_off))
p205535	0.01391	-0.01619	0.01444	0.00531	-0.00791	0.00065	-0.00711	-0.00787	0.00220	0.00400	-0.00143	-0.00655	-0.00087	0.00583	0.00440	-0.00605	0.00103	-0.01757	-0.01336	-0.02869	-0.01480	-0.00050	-0.01312	-0.01001	0.00906	0.00017	0.01497	0.01735	0.01132	-0.00788	-0.01804	-0.01132	(And (Agent $e0 $x0) (Member $e0 receive))
p205536	0.01716	-0.00921	0.00452	0.00238	-0.00486	0.00157	-0.00499	-0.00533	-0.00093	-0.00978	-0.00348	-0.00373	-0.00395	-0.00017	0.00440	-0.00256	-0.00098	-0.01048	-0.01315	-0.02366	-0.01457	0.00273	-0.00363	-0.00383	0.00180	-0.00295	0.01432	0.01972	0.00770	-0.00408	-0.01612	-0.00705	(And (Agent $e0 $x0) (Member $e0 turn_down))
p205537	0.02100	-0.01155	0.00505	0.00129	-0.00776	0.00034	-0.00535	-0.00541	-0.00003	-0.01175	-0.00367	-0.00602	-0.00419	-0.00030	0.00619	-0.00240	-0.00117	-0.01406	-0.01558	-0.02843	-0.01786	0.00472	-0.00554	-0.00365	0.00278	-0.00294	0.01800	0.02180	0.00802	-0.00462	-0.01939	-0.00741	(And (Agent $e0 $x0) (Member $x0 bank))
p205538	0.01644	0.01035	0.01874	0.01785	-0.01748	-0.01194	0.01256	-0.01668	0.00181	-0.01613	0.01096	0.00085	-0.02379	-0.01939	-0.01251	-0.01469	-0.01229	-0.01041	0.03554	-0.02401	-0.02358	-0.01420	0.01435	-0.00378	-0.00550	-0.00791	0.00475	-0.02252	-0.01562	0.01234	0.00113	0.00887	(And (Agent $e0 $x0) (Member $x0 crew))
p205539	0.01797	-0.02005	-0.00182	-0.02984	0.01015	-0.00337	0.00456	-0.00640	0.02647	-0.01536	0.00786	0.00680	0.00448	0.00510	-0.00252	-0.00872	0.00710	-0.00615	-0.00027	-0.01171	0.02187	0.00857	-0.01093	0.00416	-0.01295	-0.00544	-0.00784	-0.00169	-0.00092	-0.01600	-0.00834	-0.01616	(And (Agent $e0 $x0) (Member $x0 curator))
p205540	0.01683	-0.00135	-0.00044	0.00655	0.00379	-0.00375	-0.00720	-0.00934	-0.00357	-0.00393	0.00404	-0.00566	-0.00594	-0.00319	0.00686	-0.00627	0.00350	-0.01429	-0.00724	-0.01671	-0.00743	0.00055	-0.00768	-0.00009	0.00405	0.00248	0.00957	0.01574	0.00297	-0.00447	-0.00926	-0.00667	(And (Agent $e0 $x0) (Member $x0 doctor))
p205541	0.05572	-0.07859	-0.07520	0.06055	0.02304	0.05971	0.05850	0.06605	0.11755	-0.06142	-0.08394	0.02981	-0.04603	0.00643	0.06084	0.11905	-0.04812	0.06064	-0.06127	-0.00102	0.01452	-0.05084	-0.03235	0.05794	0.07441	0.14597	-0.05799	0.01509	-0.08938	0.03163	0.08219	-0.02846	(And (Agent $e0 $x0) (Member $x0 elder))
p205542	-0.01559	-0.02584	-0.02116	0.00080	0.00676	0.01183	0.01716	-0.02404	-0.00725	0.01783	-0.00278	0.00829	-0.00907	0.00197	0.00637	-0.01558	-0.02328	0.01943	-0.01577	-0.02599	-0.00404	-0.00364	-0.00426	-0.03018	-0.02260	0.03212	-0.00695	0.01359	0.02700	0.02159	-0.02024	0.01221	(And (Agent $e0 $x0) (Member $x0 ferry))
p205543	0.01212	-0.00673	-0.02116	-0.00934	0.01986	0.00772	0.00425	-0.00006	-0.01193	-0.00319	-0.00325	0.01110	-0.00310	0.00491	-0.00931	0.00323	0.01968	-0.00148	-0.00837	0.00511	0.00739	0.00104	0.01562	-0.00467	0.00029	-0.00670	-0.00754	-0.00645	0.01275	-0.00354	-0.00132	-0.00933	(And (Agent $e0 $x0) (Member $x0 freight))
p205544	0.01213	-0.00240	-0.01626	-0.01003	0.01263	0.00407	-0.00425	-0.00564	-0.00843	-0.00595	-0.00267	0.01042	-0.00754	0.00076	-0.00252	-0.00187	0.00666	0.00010	-0.00430	0.00657	0.00809	0.00362	0.01501	0.00205	-0.00071	-0.00083	-0.00316	-0.00257	0.01004	-0.00631	0.00028	-0.00729	(And (Agent $e0 $x0) (Member $x0 licence))
p205545	0.03910	0.04468	0.04176	0.02030	-0.04828	-0.03100	0.06271	-0.03483	0.00083	-0.07153	0.00441	0.03291	-0.03887	-0.04786	-0.06123	-0.04657	-0.04063	0.00864	0.12654	-0.04132	-0.04988	-0.01805	0.07286	-0.02406	-0.08323	-0.02828	-0.00350	-0.09067	-0.05336	0.07373	0.06253	0.03742	(And (Agent $e0 $x0) (Member $x0 museum))
p205546	0.02300	0.01736	0.00741	-0.00487	-0.02824	-0.01743	0.03204	-0.02164	-0.01286	-0.04566	0.00645	0.01817	-0.01072	-0.02976	-0.03037	-0.02455	-0.02428	-0.01336	0.04448	-0.05407	-0.02973	0.01197	0.02189	-0.01216	-0.05301	-0.01876	0.00999	-0.02365	-0.01918	0.02355	0.00887	0.01909	(And (Agent $e0 $x0) (Member $x0 neighbour))
p205547	0.04684	0.02025	-0.03717	0.01501	-0.05923	0.06896	0.05993	-0.03108	-0.06983	0.05853	0.13070	0.06774	-0.04691	0.03309	-0.10259	-0.04863	-0.06811	0.06115	-0.05061	-0.00743	0.10075	0.13030	-0.04425	-0.05554	0.08159	-0.04914	0.24935	-0.06498	-0.02170	-0.00003	-0.08157	-0.12236	(And (Agent $e0 $x0) (Member $x0 potter))
p205548	0.01791	-0.01098	0.00416	-0.02391	0.00180	-0.00317	-0.00867	0.00767	0.02370	-0.00936	0.00311	-0.00235	-0.00537	0.00169	-0.00685	-0.01111	0.00764	0.00351	0.00168	-0.00718	0.02315	0.00174	-0.00476	0.00924	-0.01199	-0.00012	-0.00683	-0.00024	0.00474	-0.00433	-0.00875	-0.01661	(And (Agent $e0 $x0) (Member $x0 shepherd))
p205549	0.02952	0.04087	0.01621	0.02007	-0.01383	-0.01377	-0.02988	-0.00429	-0.01721	0.01243	0.00474	-0.03036	-0.03265	-0.02170	0.01033	-0.02100	0.01899	0.00216	0.01161	0.02104	0.01882	-0.00165	-0.01132	0.04269	0.01158	0.02631	0.00352	0.01612	0.01327	0.01087	0.00035	-0.00798	(And (Agent $e0 $x0) (Member $x0 storm))
p205550	-0.01473	-0.00585	0.02141	-0.01833	0.00900	-0.02262	-0.01370	-0.03084	0.02533	0.04107	-0.02064	0.01892	0.07681	0.02079	-0.03012	-0.01396	-0.01710	-0.04149	-0.03238	0.04043	0.02504	-0.03105	0.01089	0.00242	0.05598	-0.02163	-0.01070	0.00242	0.06195	0.04281	0.03761	-0.01856	(And (Agent $e0 $x0) (Member $x0 trainer))
p205551	0.01099	-0.01061	0.00849	-0.00203	0.00439	-0.00485	-0.00414	-0.01481	0.00699	0.00279	-0.00811	0.00455	0.01797	0.01096	-0.00122	-0.00411	-0.00497	-0.01957	-0.02265	-0.00236	-0.00208	-0.00923	0.00421	-0.00752	0.02020	-0.00800	0.00617	0.01400	0.02041	0.00848	-0.00350	-0.01146	(And (Agent $e0 $x0) (Member $x0 vet))
p205552	0.01262	-0.00230	-0.01687	-0.01033	0.01315	0.00435	-0.00429	-0.00578	-0.00904	-0.00621	-0.00280	0.01089	-0.00756	0.00105	-0.00264	-0.00179	0.00681	0.00010	-0.00466	0.00690	0.00830	0.00396	0.01567	0.00225	-0.00092	-0.00101	-0.00321	-0.00260	0.01047	-0.00621	0.00046	-0.00745	(And (Agent $e0 $x0) (Member $x0 warden))
p205553	0.02918	-0.04035	0.02333	-0.01468	0.02494	-0.02155	0.06044	-0.03295	0.04072	0.01267	-0.00739	0.02221	-0.00607	0.02142	0.01966	0.03749	0.01993	0.01151	0.04083	0.00887	0.01147	0.04234	-0.02889	0.01372	-0.02314	-0.03316	-0.02017	-0.00175	0.03066	-0.03133	-0.02560	-0.01269	(And (Agent $e0 $x0) (Member $x0 welder))
p205554	0.02300	0.01736	0.00741	-0.00487	-0.02824	-0.01743	0.03204	-0.02164	-0.01286	-0.04566	0.00645	0.01817	-0.01072	-0.02976	-0.03037	-0.02455	-0.02428	-0.01336	0.04448	-0.05407	-0.02973	0.01197	0.02189	-0.01216	-0.05301	-0.01876	0.00999	-0.02365	-0.01918	0.02355	0.00887	0.01909	(And (Agent $e0 $x0) (Recipient $e0 ravi))
p205555	0.01213	-0.00240	-0.01626	-0.01003	0.01263	0.00407	-0.00425	-0.00564	-0.00843	-0.00595	-0.00267	0.01042	-0.00754	0.00076	-0.00252	-0.00187	0.00666	0.00010	-0.00430	0.00657	0.00809	0.00362	0.01501	0.00205	-0.00071	-0.00083	-0.00316	-0.00257	0.01004	-0.00631	0.00028	-0.00729	(And (Agent $e0 $x0) (Theme $e0 night_delivery))
p205556	0.01731	-0.02070	-0.00246	-0.03048	0.00949	-0.00400	0.00393	-0.00708	0.02580	-0.01601	0.00724	0.00613	0.00387	0.00447	-0.00321	-0.00942	0.00648	-0.00676	-0.00094	-0.01236	0.02128	0.00794	-0.01156	0.00353	-0.01361	-0.00611	-0.00846	-0.00233	-0.00155	-0.01666	-0.00903	-0.01684	(And (Agent $e0 $x0) (Theme $e0 photography))
p205557	0.01262	-0.00230	-0.01687	-0.01033	0.01315	0.00435	-0.00429	-0.00578	-0.00904	-0.00621	-0.00280	0.01089	-0.00756	0.00105	-0.00264	-0.00179	0.00681	0.00010	-0.00466	0.00690	0.00830	0.00396	0.01567	0.00225	-0.00092	-0.00101	-0.00321	-0.00260	0.01047	-0.00621	0.00046	-0.00745	(And (Agent $e0 $x0) (Theme $e0 visitor))
p205558	0.01227	-0.00653	-0.02100	-0.00919	0.02000	0.00782	0.00435	0.00010	-0.01175	-0.00304	-0.00312	0.01125	-0.00298	0.00504	-0.00916	0.00343	0.01982	-0.00137	-0.00820	0.00525	0.00748	0.00116	0.01575	-0.00453	0.00043	-0.00659	-0.00736	-0.00632	0.01286	-0.00337	-0.00113	-0.00913	(And (Agent $e0 $x0) (Time $e0 (Hour <num>)))
p205559	0.01262	-0.00230	-0.01687	-0.01033	0.01315	0.00435	-0.00429	-0.00578	-0.00904	-0.00621	-0.00280	0.01089	-0.00756	0.00105	-0.00264	-0.00179	0.00681	0.00010	-0.00466	0.00690	0.00830	0.00396	0.01567	0.00225	-0.00092	-0.00101	-0.00321	-0.00260	0.01047	-0.00621	0.00046	-0.00745	(And (Agent $e0 $x0) (Time $e0 (Weekday sunday)))
p205560	-0.00542	-0.01268	0.02221	0.01300	-0.00545	-0.00810	0.00121	-0.00044	0.01248	0.01945	-0.00664	-0.00090	0.00124	0.00123	0.00795	0.01628	0.00487	0.00378	0.01874	-0.00688	-0.00114	0.00663	-0.01741	-0.00291	-0.00549	-0.00381	-0.00023	0.00979	-0.00408	-0.01422	-0.00403	-0.00535	(And (Agent $e0 ana) (Member $e0 work))
p205561	-0.00770	-0.01599	0.01571	0.00357	0.00304	-0.02103	0.02043	-0.00136	0.06072	0.00951	0.01931	0.00972	0.02958	-0.00823	0.02143	0.01911	-0.00426	0.02375	0.02358	0.00365	-0.01827	0.00951	-0.02775	-0.00564	-0.01445	-0.02291	0.00381	0.00929	-0.00415	-0.01115	-0.01596	0.00667	(And (Agent $e0 dara) (Location $e0 $x0))
p205562	-0.00770	-0.01599	0.01571	0.00357	0.00304	-0.02103	0.02043	-0.00136	0.06072	0.00951	0.01931	0.00972	0.02958	-0.00823	0.02143	0.01911	-0.00426	0.02375	0.02358	0.00365	-0.01827	0.00951	-0.02775	-0.00564	-0.01445	-0.02291	0.00381	0.00929	-0.00415	-0.01115	-0.01596	0.00667	(And (Agent $e0 dara) (Member $e0 work))
p205563	0.02423	-0.01210	0.00625	0.00165	-0.00935	0.00026	-0.00462	-0.00410	0.00201	-0.01167	-0.00291	-0.00652	-0.00305	0.00040	0.00802	-0.00114	-0.00043	-0.01552	-0.01526	-0.03109	-0.01857	0.00758	-0.00671	-0.00269	0.00451	-0.00178	0.02112	0.02393	0.00890	-0.00395	-0.01994	-0.00646	(And (Agent $e0 jica) (Member $e0 fund))
p205564	-0.01091	0.01467	-0.00577	0.01849	-0.01288	-0.01273	-0.01461	-0.01142	0.01990	0.00037	0.01201	-0.01750	0.02414	-0.01220	0.00324	-0.01522	-0.02203	0.00798	-0.00334	-0.00035	-0.01760	0.03732	-0.01183	0.00875	-0.02088	-0.00568	0.02718	0.03299	-0.01770	0.03033	-0.00404	-0.00051	(And (Before $e0 $e1) (Patient $e0 $x0))
p205565	-0.04256	-0.04251	-0.02962	0.03291	0.02516	-0.00459	0.10930	0.04974	-0.03088	0.04632	-0.02231	-0.07354	0.04398	-0.01514	-0.08817	0.05114	0.10858	-0.01362	-0.02459	-0.03100	-0.03396	-0.05059	-0.08253	-0.09099	0.00463	-0.05414	-0.06169	-0.04819	-0.00151	0.04417	-0.03772	-0.02118	(And (Before $x0 $e0) (Future $e0))
p205566	-0.02201	-0.10067	0.03195	-0.04949	-0.04579	0.04207	0.05707	-0.05334	-0.04647	-0.04187	0.07161	-0.05673	0.04606	-0.04841	0.03552	-0.06319	0.09235	0.02367	-0.02468	0.00054	-0.03907	0.04951	0.04400	0.03293	0.01278	0.07739	-0.04120	0.00544	-0.00439	-0.05800	0.03713	-0.07038	(And (Beneficiary $e0 $x0) (Member $e0 buy))
p205567	0.07087	-0.06130	0.01088	-0.01076	0.07202	0.05693	0.04702	0.04027	-0.02154	0.02855	-0.01095	-0.04801	0.05767	0.08687	-0.06966	-0.05161	-0.08185	-0.03476	0.05399	0.02725	-0.13854	-0.02850	0.01832	0.03738	-0.03233	0.11175	0.11289	0.02531	-0.00464	-0.02610	-0.03113	0.08828	(And (Cardinality $x0 <num>) (GroupOf $x0 way))
p205568	0.07087	-0.06130	0.01088	-0.01076	0.07202	0.05693	0.04702	0.04027	-0.02154	0.02855	-0.01095	-0.04801	0.05767	0.08687	-0.06966	-0.05161	-0.08185	-0.03476	0.05399	0.02725	-0.13854	-0.02850	0.01832	0.03738	-0.03233	0.11175	0.11289	0.02531	-0.00464	-0.02610	-0.03113	0.08828	(And (Cardinality $x0 <num>) (Member $x0 random))
p205569	0.04006	-0.05686	0.03739	0.00253	0.03035	-0.03082	0.10266	-0.05853	0.02541	0.04086	-0.04681	0.03578	-0.01445	0.03127	0.04114	0.08621	0.04772	0.02611	0.08389	0.03498	0.01389	0.08254	-0.04057	0.02391	-0.02877	-0.04921	-0.03955	-0.00595	0.06186	-0.04505	-0.02899	-0.01123	(And (CoAgent $e0 $x0) (Member $e0 work))
p205570	0.04154	-0.05800	0.03870	0.00420	0.03065	-0.03089	0.10488	-0.06084	0.02259	0.04361	-0.05181	0.03622	-0.01665	0.03179	0.04226	0.09034	0.05044	0.02683	0.08694	0.03800	0.01387	0.08595	-0.04038	0.02628	-0.02889	-0.04996	-0.04109	-0.00666	0.06541	-0.04577	-0.02838	-0.01078	(And (CoAgent $e0 $x0) (Member $x0 ranger))
p205572	-0.03767	0.01656	-0.00402	0.03755	-0.01550	-0.04515	-0.03037	0.03237	0.12988	-0.00413	0.11930	0.01433	0.08635	-0.04324	0.04239	-0.04423	-0.03041	0.07650	0.01908	0.00307	-0.08977	-0.01554	-0.01544	-0.04036	-0.03334	-0.04524	0.10013	0.05635	-0.02567	0.04360	-0.00796	0.05523	(And (Experiencer $e0 $x0) (Member $e0 discover))
p205573	-0.00771	-0.00173	-0.00832	-0.01719	-0.00055	-0.01041	-0.00400	0.01207	0.04915	-0.01074	0.02254	0.00447	0.03176	-0.01298	0.01102	-0.01411	-0.01052	0.01245	0.00037	-0.00749	-0.01529	-0.00266	-0.00606	-0.00690	-0.01562	-0.01237	0.01337	0.01152	-0.01553	0.01208	-0.00487	0.00626	(And (Experiencer $e0 $x0) (Member $e0 wait))
p205574	-0.04083	0.01851	-0.00403	0.04075	-0.01656	-0.05025	-0.03121	0.03357	0.13871	-0.00398	0.13036	0.01592	0.09187	-0.04745	0.04621	-0.04923	-0.03458	0.08333	0.01921	0.00215	-0.09783	-0.01645	-0.01750	-0.04200	-0.03467	-0.04879	0.11543	0.06103	-0.02746	0.04830	-0.01008	0.06044	(And (Experiencer $e0 $x0) (Member $x0 auditor))
p205575	-0.00460	0.02844	-0.02655	0.03264	-0.03169	-0.03052	-0.02940	-0.04300	0.07312	-0.04454	0.03816	-0.03808	0.05354	-0.01555	0.04273	-0.04895	-0.05238	0.06789	-0.02129	0.04145	-0.06684	0.06718	0.00924	0.01868	-0.04173	-0.04028	0.09261	0.07326	-0.03159	0.08245	-0.02371	0.02284	(And (Experiencer $e0 $x0) (Result $e1 $e0))
p205576	0.01250	-0.00909	-0.02028	-0.01262	0.01374	0.00444	0.00265	0.00153	-0.01210	-0.00444	-0.00629	0.00526	-0.00416	0.00274	-0.01274	0.00088	0.02222	-0.00640	-0.00919	-0.00063	0.00273	-0.00159	0.01147	-0.00484	0.00216	-0.00973	-0.00759	-0.00897	0.01093	-0.00508	-0.00471	-0.01039	(And (Future $e0) (Member $e0 arrive))
p205577	0.01263	-0.00755	-0.01705	-0.01065	0.01170	0.00405	0.00231	0.00272	-0.00948	-0.00284	-0.00539	0.00418	-0.00391	0.00223	-0.01114	0.00150	0.02208	-0.00555	-0.00653	-0.00069	0.00235	-0.00113	0.01026	-0.00361	0.00388	-0.00822	-0.00568	-0.00737	0.01072	-0.00438	-0.00404	-0.00864	(And (Future $e0) (Time $e0 (Weekday thursday)))
p205578	0.00808	-0.01215	-0.04660	-0.03581	0.01022	0.01022	-0.03189	0.01401	-0.00190	-0.01190	-0.02593	0.01995	0.00865	-0.01028	-0.02725	0.00191	0.00557	-0.01699	0.01641	-0.02517	0.03148	0.03864	0.00648	0.02858	-0.01371	-0.00209	-0.00985	0.00856	-0.00392	-0.00004	0.03892	-0.02210	(And (Goal $e0 $x0) (Member $e0 walk))
p205579	0.00747	-0.01176	-0.04672	-0.03606	0.01136	0.01163	-0.03253	0.01504	-0.00243	-0.01286	-0.02656	0.02039	0.00873	-0.01048	-0.02727	0.00195	0.00644	-0.01746	0.01771	-0.02447	0.03158	0.03933	0.00616	0.02865	-0.01228	-0.00281	-0.01009	0.00894	-0.00474	0.00059	0.03932	-0.02259	(And (Goal $e0 $x0) (Member $x0 pier))
p205580	0.05572	-0.07859	-0.07520	0.06055	0.02304	0.05971	0.05850	0.06605	0.11755	-0.06142	-0.08394	0.02981	-0.04603	0.00643	0.06084	0.11905	-0.04812	0.06064	-0.06127	-0.00102	0.01452	-0.05084	-0.03235	0.05794	0.07441	0.14597	-0.05800	0.01509	-0.08938	0.03163	0.08219	-0.02846	(And (GroupOf $x0 child) (Recipient $e0 $x0))
p205581	0.07087	-0.06130	0.01088	-0.01076	0.07202	0.05693	0.04702	0.04027	-0.02154	0.02855	-0.01095	-0.04801	0.05767	0.08687	-0.06966	-0.05161	-0.08185	-0.03476	0.05399	0.02725	-0.13854	-0.02850	0.01832	0.03738	-0.03233	0.11175	0.11289	0.02531	-0.00464	-0.02610	-0.03113	0.08828	(And (GroupOf $x0 way) (Manner $e0 $x0))
p205582	-0.00714	0.05292	0.02932	-0.00960	-0.00932	-0.03334	0.02690	0.01103	-0.02448	0.00389	0.00764	0.02171	0.01440	-0.00187	0.00649	0.03787	-0.02929	-0.01769	-0.02608	0.00706	0.02116	0.01517	0.02058	-0.01864	0.00291	0.04812	-0.01075	0.01244	-0.01929	0.00455	-0.03071	-0.01115	(And (Holder $e0 $x0) (Member $e0 need))
p205583	0.00180	0.05806	0.02180	-0.01637	-0.00584	-0.02481	0.03531	0.00505	-0.02537	-0.01573	0.01076	0.02208	0.00657	0.00074	0.01435	0.02762	-0.02991	-0.01160	-0.02969	0.02820	0.01561	-0.00552	0.02691	-0.02222	0.01080	0.04273	-0.01368	-0.00512	-0.01349	0.00047	-0.03338	-0.00017	(And (Holder $e0 $x0) (Member $x0 lathe))
p205584	0.00180	0.05806	0.02180	-0.01637	-0.00584	-0.02481	0.03531	0.00505	-0.02537	-0.01574	0.01076	0.02208	0.00657	0.00074	0.01435	0.02762	-0.02991	-0.01160	-0.02969	0.02820	0.01561	-0.00552	0.02691	-0.02223	0.01080	0.04273	-0.01367	-0.00512	-0.01349	0.00047	-0.03338	-0.00017	(And (Holder $e0 $x0) (Theme $e0 monthly_servicing))
p205585	-0.00771	-0.00173	-0.00832	-0.01719	-0.00055	-0.01041	-0.00400	0.01207	0.04915	-0.01074	0.02254	0.00447	0.03176	-0.01298	0.01102	-0.01411	-0.01052	0.01245	0.00037	-0.00749	-0.01529	-0.00266	-0.00606	-0.00690	-0.01562	-0.01237	0.01337	0.01152	-0.01553	0.01208	-0.00487	0.00626	(And (Location $e0 $x0) (Member $e0 wait))
p205586	0.03999	-0.05872	0.03509	-0.02000	0.03626	-0.03270	0.09081	-0.04836	0.06396	0.01702	-0.00569	0.03185	-0.00866	0.02989	0.02669	0.05336	0.02407	0.01679	0.05795	0.01134	0.01220	0.06066	-0.04224	0.01962	-0.03438	-0.04848	-0.02779	-0.00164	0.04389	-0.04494	-0.03870	-0.01743	(And (Location $e0 $x0) (Member $x0 frame))
p205587	-0.00771	-0.00173	-0.00832	-0.01719	-0.00055	-0.01041	-0.00400	0.01207	0.04915	-0.01074	0.02254	0.00447	0.03176	-0.01298	0.01102	-0.01411	-0.01052	0.01245	0.00037	-0.00749	-0.01529	-0.00266	-0.00606	-0.00690	-0.01562	-0.01237	0.01337	0.01152	-0.01553	0.01208	-0.00487	0.00626	(And (Location $e0 $x0) (Member $x0 gate))
p205588	0.01759	-0.02047	-0.00219	-0.03021	0.00976	-0.00370	0.00422	-0.00680	0.02606	-0.01573	0.00751	0.00642	0.00415	0.00474	-0.00291	-0.00915	0.00675	-0.00648	-0.00066	-0.01208	0.02157	0.00822	-0.01129	0.00380	-0.01333	-0.00579	-0.00823	-0.00205	-0.00126	-0.01639	-0.00876	-0.01658	(And (Location $e0 $x0) (Member $x0 hall))
p205589	0.01791	-0.01098	0.00416	-0.02391	0.00180	-0.00317	-0.00866	0.00767	0.02370	-0.00936	0.00311	-0.00235	-0.00537	0.00169	-0.00685	-0.01111	0.00764	0.00351	0.00168	-0.00718	0.02315	0.00174	-0.00476	0.00924	-0.01199	-0.00011	-0.00683	-0.00024	0.00474	-0.00433	-0.00875	-0.01661	(And (Location $e0 $x0) (Member $x0 ridge))
p205590	0.10013	0.05066	0.09707	-0.07946	0.06370	-0.01666	-0.06359	0.16951	0.02865	-0.00845	0.08495	-0.05369	-0.06052	0.06630	-0.10883	-0.12114	0.14044	0.06916	-0.07893	-0.05474	0.19129	-0.09466	-0.03749	0.05797	-0.08829	0.12126	-0.11873	-0.06317	0.04481	0.14865	-0.06867	-0.16742	(And (Location $e0 $x0) (Ongoing $e0))
p205591	0.01635	-0.02181	-0.00341	-0.03140	0.00854	-0.00476	0.00315	-0.00809	0.02474	-0.01694	0.00641	0.00519	0.00307	0.00361	-0.00416	-0.01056	0.00562	-0.00755	-0.00194	-0.01325	0.02058	0.00710	-0.01245	0.00265	-0.01453	-0.00691	-0.00947	-0.00323	-0.00235	-0.01765	-0.01009	-0.01795	(And (Location $e0 $x0) (Theme $e0 photography))
p205592	0.07087	-0.06130	0.01088	-0.01076	0.07202	0.05693	0.04702	0.04027	-0.02154	0.02855	-0.01095	-0.04801	0.05767	0.08687	-0.06966	-0.05161	-0.08185	-0.03476	0.05399	0.02725	-0.13854	-0.02850	0.01832	0.03738	-0.03233	0.11175	0.11289	0.02531	-0.00464	-0.02610	-0.03113	0.08828	(And (Manner $e0 $x0) (Member $x0 random))
p205593	0.00238	0.00357	-0.00573	0.01068	-0.00050	-0.00359	0.00133	-0.00801	-0.00544	0.00509	-0.00174	-0.01872	0.00086	-0.01194	0.00502	-0.00227	0.00379	-0.00690	-0.00072	0.00860	-0.00010	-0.00032	-0.01476	0.00167	0.00033	0.00195	-0.00155	0.00086	-0.00234	0.00359	-0.00022	0.00262	(And (Measure $x0 age <num> year) (Member $x0 founder))
p205594	0.00237	0.00356	-0.00573	0.01068	-0.00050	-0.00360	0.00133	-0.00801	-0.00544	0.00509	-0.00174	-0.01872	0.00085	-0.01194	0.00501	-0.00227	0.00379	-0.00690	-0.00073	0.00860	-0.00010	-0.00033	-0.01476	0.00166	0.00033	0.00194	-0.00155	0.00086	-0.00234	0.00359	-0.00022	0.00262	(And (Measure $x0 age <num> year) (Patient $e0 $x0))
p205595	0.01075	-0.00817	-0.02249	-0.01065	0.01855	0.00650	0.00303	-0.00148	-0.01338	-0.00453	-0.00447	0.00975	-0.00431	0.00366	-0.01069	0.00169	0.01841	-0.00268	-0.00979	0.00380	0.00625	-0.00021	0.01434	-0.00595	-0.00101	-0.00798	-0.00889	-0.00774	0.01153	-0.00492	-0.00279	-0.01081	(And (Member $e0 arrive) (Time $e0 (Hour <num>)))
p205596	-0.00113	-0.00053	-0.00246	0.01095	-0.00571	0.00024	-0.00068	-0.01782	-0.00449	-0.01898	-0.00936	-0.01077	0.00081	0.01581	0.00435	0.00019	-0.01475	-0.00718	-0.01611	0.01703	-0.01068	0.02033	-0.00428	0.01106	-0.00853	0.00069	-0.00186	-0.00730	-0.00260	0.01417	-0.00896	0.00408	(And (Member $e0 bear) (Past $e0))
p205597	-0.02023	-0.02032	-0.01984	0.02784	0.02466	-0.00014	0.05549	0.02167	-0.02243	0.02959	-0.00834	-0.03987	0.02408	-0.00858	-0.04015	0.02204	0.07731	-0.00865	-0.01591	-0.00577	-0.01084	-0.02945	-0.05385	-0.05217	-0.00134	-0.02915	-0.03748	-0.02433	-0.00138	0.02056	-0.01632	-0.01574	(And (Member $e0 begin) (Might $e0))
p205598	0.01073	-0.00600	0.01803	0.01084	-0.01391	-0.00314	-0.00058	-0.00475	0.00202	-0.00291	0.00066	-0.00609	-0.01041	-0.00713	-0.00138	-0.00807	-0.00372	-0.01106	0.00429	-0.02996	-0.01829	-0.00210	-0.00656	-0.00774	-0.00437	-0.00161	0.01330	0.00390	-0.00534	-0.00381	-0.01193	-0.00212	(And (Member $e0 borrow) (Source $e0 $x0))
p205599	0.04326	0.05680	0.04422	0.02297	-0.04538	-0.01159	-0.04815	0.01432	-0.02175	0.01349	-0.01383	-0.05206	-0.05099	-0.03188	0.00191	-0.02951	0.02950	0.02760	0.01284	0.03773	0.03406	-0.00059	-0.00659	0.07646	0.00864	0.03779	0.00516	0.02192	0.02979	0.02706	-0.00764	-0.01664	(And (Member $e0 cause) (Theme $e0 $e1))
p205600	-0.01223	-0.00452	0.01671	0.01387	-0.00384	0.00408	-0.00536	0.00354	-0.00317	0.00908	-0.00405	0.00232	-0.00692	0.02206	0.00267	-0.00291	0.00051	0.00232	-0.00307	-0.00114	-0.00164	0.00334	-0.00757	-0.00033	-0.00461	-0.00083	-0.00282	-0.00773	-0.00734	-0.00544	0.00533	-0.00476	(And (Member $e0 conduct) (Past $e0))
p205601	-0.06868	-0.01212	-0.06037	0.02587	0.08395	0.00708	0.04316	-0.01787	-0.02555	-0.05071	-0.01726	0.04568	0.04311	-0.00933	-0.07355	0.03246	-0.01219	0.06594	-0.04184	0.04070	0.02646	-0.03546	0.05185	0.00291	-0.03592	-0.03849	-0.04422	0.03254	0.00295	-0.02242	-0.02619	-0.03734	(And (Member $e0 decide) (Might $e0))
p205602	0.04326	0.05680	0.04422	0.02297	-0.04538	-0.01159	-0.04815	0.01432	-0.02175	0.01349	-0.01383	-0.05206	-0.05099	-0.03188	0.00191	-0.02951	0.02950	0.02760	0.01284	0.03773	0.03406	-0.00059	-0.00659	0.07646	0.00864	0.03779	0.00516	0.02192	0.02979	0.02706	-0.00764	-0.01664	(And (Member $e0 destroy) (Theme $e1 $e0))
p205603	0.00775	0.00372	-0.00529	0.02362	-0.01732	-0.00514	-0.00084	-0.04059	-0.00930	-0.04088	-0.01973	-0.02961	0.01163	0.00825	0.00991	0.00375	-0.03105	-0.01285	-0.02511	0.02738	-0.01872	0.05192	-0.01575	0.03315	-0.01745	-0.00221	0.00565	0.00311	0.00091	0.03457	-0.01849	0.00962	(And (Member $e0 direct) (Past $e0))
p205604	-0.03767	0.01656	-0.00402	0.03755	-0.01550	-0.04515	-0.03037	0.03237	0.12988	-0.00413	0.11930	0.01433	0.08635	-0.04324	0.04239	-0.04423	-0.03041	0.07650	0.01908	0.00307	-0.08977	-0.01554	-0.01544	-0.04036	-0.03334	-0.04524	0.10012	0.05635	-0.02567	0.04360	-0.00796	0.05523	(And (Member $e0 discover) (Stimulus $e0 $e1))
p205605	-0.00876	-0.00952	-0.01142	0.01767	0.00388	-0.00494	0.03010	0.00796	-0.01349	0.01710	-0.00888	-0.03654	0.01202	-0.01457	-0.02096	0.01052	0.04000	-0.01226	-0.00856	-0.00434	-0.01248	-0.01717	-0.04142	-0.02447	0.00441	-0.01749	-0.01775	-0.01409	-0.00288	0.01271	-0.01263	-0.00468	(And (Member $e0 end) (Patient $e0 $x0))
p205606	-0.04083	0.01851	-0.00403	0.04075	-0.01656	-0.05025	-0.03121	0.03357	0.13870	-0.00398	0.13036	0.01592	0.09187	-0.04745	0.04621	-0.04923	-0.03458	0.08333	0.01921	0.00215	-0.09783	-0.01645	-0.01750	-0.04200	-0.03467	-0.04879	0.11543	0.06103	-0.02746	0.04830	-0.01008	0.06043	(And (Member $e0 error) (Stimulus $e1 $e0))
p205607	0.01755	-0.00859	0.00455	0.00380	-0.00246	0.00109	-0.00552	-0.00682	-0.00082	-0.00895	-0.00253	-0.00371	-0.00419	-0.00028	0.00604	-0.00353	-0.00063	-0.01195	-0.01302	-0.02358	-0.01412	0.00253	-0.00461	-0.00401	0.00181	-0.00232	0.01468	0.02028	0.00637	-0.00535	-0.01461	-0.00724	(And (Member $e0 examine) (Theme $e0 $x0))
p205608	0.00228	-0.00218	-0.00175	0.00657	-0.00716	-0.00158	-0.00330	-0.01018	-0.00478	-0.00782	-0.00285	-0.01384	0.00085	-0.00192	0.00561	-0.00292	-0.00388	-0.00643	-0.00553	0.00963	-0.00577	0.01107	-0.00631	0.00911	-0.00326	0.00275	0.00112	-0.00271	-0.00130	0.00757	-0.00402	0.00274	(And (Member $e0 form) (Patient $e0 $x0))
p205609	0.02380	-0.01270	0.00581	0.00124	-0.00977	0.00000	-0.00488	-0.00455	0.00151	-0.01203	-0.00324	-0.00689	-0.00336	0.00010	0.00764	-0.00173	-0.00081	-0.01573	-0.01565	-0.03141	-0.01875	0.00729	-0.00706	-0.00303	0.00410	-0.00194	0.02062	0.02356	0.00872	-0.00438	-0.02044	-0.00698	(And (Member $e0 fund) (Theme $e0 $x0))
p205610	-0.02975	-0.00827	0.00712	-0.01901	0.00264	0.04690	-0.00765	-0.00302	-0.01581	-0.00445	-0.02060	0.00611	-0.01806	-0.01439	0.02111	-0.03584	-0.01018	0.00801	0.04324	-0.00118	0.02563	0.01247	-0.03287	-0.02657	0.01428	0.01936	-0.02056	0.00755	0.02139	0.04025	-0.02344	0.01260	(And (Member $e0 give_up) (Theme $e0 $x0))
p205611	0.02190	-0.01456	-0.00456	0.00320	-0.00792	0.00757	-0.00687	-0.00078	0.00498	-0.00572	-0.00463	0.00074	-0.01031	0.00119	0.00157	0.00078	-0.00245	-0.00586	-0.01199	-0.02566	-0.00324	0.00927	-0.00919	0.00003	0.00971	0.00569	0.01805	0.01040	-0.00324	-0.00825	-0.00890	-0.01530	(And (Member $e0 learn) (Source $e0 $x0))
p205612	0.02300	0.01736	0.00741	-0.00487	-0.02824	-0.01743	0.03204	-0.02164	-0.01286	-0.04566	0.00645	0.01817	-0.01072	-0.02976	-0.03037	-0.02455	-0.02427	-0.01336	0.04448	-0.05407	-0.02973	0.01197	0.02189	-0.01217	-0.05301	-0.01876	0.00999	-0.02365	-0.01918	0.02355	0.00887	0.01909	(And (Member $e0 lend) (Recipient $e0 ravi))
p205613	-0.00105	-0.01351	-0.00642	0.00306	0.00435	0.00418	0.00631	-0.01170	-0.00340	-0.00174	-0.00356	0.00398	-0.00077	-0.00024	-0.00199	-0.00642	-0.00869	0.00604	-0.01342	-0.02075	-0.00767	-0.00307	-0.00024	-0.01062	-0.00790	0.00631	0.00404	0.01804	0.01366	0.00330	-0.01781	-0.00204	(And (Member $e0 put_off) (Theme $e0 $x0))
p205614	0.01391	-0.01620	0.01443	0.00530	-0.00792	0.00064	-0.00712	-0.00788	0.00220	0.00399	-0.00144	-0.00656	-0.00087	0.00583	0.00439	-0.00606	0.00102	-0.01757	-0.01336	-0.02870	-0.01480	-0.00050	-0.01313	-0.01002	0.00905	0.00016	0.01496	0.01734	0.01132	-0.00789	-0.01805	-0.01132	(And (Member $e0 receive) (Source $e0 $x0))
p205615	-0.00056	0.05408	0.01634	-0.01439	-0.00285	-0.02344	0.03267	0.00483	-0.02048	-0.01579	0.01338	0.02259	0.01047	-0.00040	0.01463	0.02483	-0.02860	-0.00571	-0.02869	0.02773	0.01157	-0.00581	0.02762	-0.02465	0.00676	0.03775	-0.01114	-0.00292	-0.01385	0.00362	-0.03110	0.00073	(And (Member $e0 require) (Theme $e0 monthly_servicing))
p205616	-0.00914	-0.00886	0.00663	-0.00762	0.00416	0.01340	-0.00606	0.00822	-0.00472	-0.00602	-0.00759	0.01697	-0.01265	0.03155	0.00069	-0.00395	-0.00223	0.00617	-0.01177	0.01517	0.00001	-0.00022	0.01784	-0.00250	-0.00847	0.00147	-0.00806	-0.02791	-0.00079	-0.00473	0.00916	-0.00353	(And (Member $e0 speak) (Past $e0))
p205617	-0.00946	-0.00560	0.00957	-0.00128	0.00644	0.00801	-0.00649	0.00825	-0.00419	0.00010	-0.00371	0.01466	-0.01056	0.03120	-0.00103	-0.00409	0.00157	0.00469	-0.00808	0.00251	-0.00116	-0.00259	0.00970	-0.00484	-0.00400	0.00003	-0.00783	-0.01910	-0.00147	-0.00916	0.00685	-0.00747	(And (Member $e0 succeed) (Past $e0))
p205618	0.01730	-0.00907	0.00465	0.00252	-0.00472	0.00169	-0.00488	-0.00519	-0.00079	-0.00965	-0.00336	-0.00358	-0.00383	-0.00004	0.00456	-0.00241	-0.00086	-0.01036	-0.01301	-0.02352	-0.01445	0.00286	-0.00350	-0.00370	0.00193	-0.00283	0.01445	0.01985	0.00782	-0.00395	-0.01598	-0.00691	(And (Member $e0 turn_down) (Theme $e0 $x0))
p205619	0.01024	-0.03171	0.01869	0.00553	0.01864	-0.01992	0.05585	-0.02697	0.03214	0.02409	-0.01454	0.02091	0.00603	0.01022	0.02643	0.04894	0.01791	0.02307	0.04742	0.02089	0.00231	0.03929	-0.02884	0.00242	-0.02016	-0.03078	-0.01963	-0.00049	0.02546	-0.02536	-0.01692	-0.00223	(And (Member $e0 work) (Might $e0))
p205620	-0.00000	-0.01030	0.02519	-0.00663	0.00270	-0.01796	-0.01007	-0.03033	0.02687	0.02902	-0.01918	0.01227	0.05253	0.02433	-0.01447	-0.01153	-0.01392	-0.03680	-0.02878	0.03451	0.02341	-0.02879	0.00939	-0.00506	0.06183	-0.01340	-0.00746	0.00190	0.04151	0.02649	0.02228	-0.01773	(And (Member $x0 answer) (Theme $e0 $x0))
p205621	0.04684	0.02025	-0.03717	0.01501	-0.05923	0.06896	0.05993	-0.03108	-0.06983	0.05853	0.13070	0.06774	-0.04691	0.03309	-0.10259	-0.04863	-0.06811	0.06115	-0.05061	-0.00743	0.10075	0.13030	-0.04425	-0.05554	0.08159	-0.04914	0.24935	-0.06498	-0.02170	-0.00003	-0.08157	-0.12236	(And (Member $x0 apprentice) (Recipient $e0 $x0))
p205622	0.02972	0.04077	0.01623	0.02017	-0.01403	-0.01386	-0.02988	-0.00441	-0.01716	0.01233	0.00467	-0.03047	-0.03263	-0.02168	0.01047	-0.02108	0.01900	0.00202	0.01152	0.02070	0.01881	-0.00147	-0.01149	0.04265	0.01153	0.02626	0.00374	0.01644	0.01333	0.01080	0.00009	-0.00808	(And (Member $x0 archive) (Patient $e0 $x0))
p205623	0.01210	-0.00637	0.00317	0.00309	-0.00165	0.00260	-0.00481	-0.00502	-0.00112	-0.00789	-0.00300	-0.00104	-0.00301	-0.00069	0.00248	-0.00337	-0.00124	-0.00593	-0.01007	-0.01854	-0.01089	0.00003	-0.00142	-0.00431	0.00028	-0.00338	0.01011	0.01715	0.00663	-0.00294	-0.01197	-0.00624	(And (Member $x0 bridge) (Theme $e0 $x0))
p205624	0.01597	0.01429	-0.01077	0.01264	0.01631	-0.01305	-0.01106	-0.01479	-0.00984	0.00629	0.01712	-0.00965	-0.01003	-0.00935	0.00893	-0.01238	0.01225	-0.01851	0.00473	-0.00212	0.00636	-0.00376	-0.01345	0.00865	0.00867	0.01216	-0.00054	0.00718	-0.00311	-0.00272	0.00184	-0.00537	(And (Member $x0 chart) (Patient $e0 $x0))
p205625	-0.00696	0.05248	0.04341	0.00344	-0.01426	-0.03651	0.02075	0.01125	-0.02210	0.01119	0.00925	0.01590	0.00957	0.00081	0.01140	0.03739	-0.02574	-0.01510	-0.02268	0.00498	0.01752	0.01160	0.01233	-0.02174	0.00663	0.04991	-0.00600	0.01854	-0.02237	-0.00034	-0.03333	-0.01238	(And (Member $x0 countersignature) (Theme $e0 $x0))
p205626	0.00237	0.00187	-0.00597	0.00663	-0.00013	-0.01327	-0.00792	-0.00446	-0.00943	0.00924	0.01733	-0.00785	-0.01175	-0.00851	0.00297	0.00605	0.00397	-0.01043	0.01883	-0.00663	-0.00194	-0.01139	0.00000	0.00981	0.01898	0.00309	-0.00182	0.00028	-0.00176	-0.00230	-0.00268	0.00315	(And (Member $x0 cracked) (Member $x0 feed_pipe))
p205627	-0.01535	-0.02567	-0.02094	0.00104	0.00701	0.01213	0.01746	-0.02379	-0.00703	0.01809	-0.00253	0.00853	-0.00880	0.00224	0.00660	-0.01536	-0.02304	0.01971	-0.01551	-0.02574	-0.00373	-0.00337	-0.00401	-0.02993	-0.02234	0.03243	-0.00678	0.01385	0.02729	0.02181	-0.02001	0.01240	(And (Member $x0 departure) (Theme $e0 $x0))
p205628	0.01217	-0.00295	0.00261	0.01038	0.01248	0.00043	-0.00674	-0.01360	-0.00288	-0.00248	0.00242	0.00168	-0.00434	0.00051	0.00936	-0.00714	-0.00046	-0.01095	-0.00860	-0.01695	-0.00748	-0.00121	-0.00486	-0.00780	-0.00278	0.00004	0.01016	0.01919	-0.00035	-0.00914	-0.00116	-0.00829	(And (Member $x0 evening_flight) (Theme $e0 $x0))
p205630	0.02953	0.04033	0.01600	0.01972	-0.01402	-0.01364	-0.02968	-0.00411	-0.01705	0.01199	0.00444	-0.03021	-0.03235	-0.02147	0.01006	-0.02082	0.01896	0.00207	0.01128	0.02048	0.01877	-0.00154	-0.01114	0.04234	0.01137	0.02590	0.00357	0.01611	0.01333	0.01083	-0.00010	-0.00813	(And (Member $x0 footbridge) (Patient $e0 $x0))
p205631	0.00238	0.00356	-0.00573	0.01068	-0.00050	-0.00359	0.00133	-0.00801	-0.00544	0.00510	-0.00174	-0.01872	0.00086	-0.01194	0.00502	-0.00227	0.00379	-0.00690	-0.00072	0.00860	-0.00010	-0.00032	-0.01476	0.00167	0.00033	0.00195	-0.00155	0.00086	-0.00234	0.00359	-0.00022	0.00262	(And (Member $x0 founder) (Patient $e0 $x0))
p205632	0.03910	0.04468	0.04176	0.02030	-0.04828	-0.03100	0.06271	-0.03483	0.00083	-0.07153	0.00442	0.03291	-0.03887	-0.04786	-0.06123	-0.04657	-0.04063	0.00865	0.12654	-0.04132	-0.04988	-0.01805	0.07286	-0.02406	-0.08323	-0.02828	-0.00350	-0.09067	-0.05336	0.07373	0.06253	0.03742	(And (Member $x0 gallery) (Recipient $e0 $x0))
p205633	0.02952	0.04087	0.01621	0.02007	-0.01383	-0.01377	-0.02988	-0.00429	-0.01721	0.01243	0.00474	-0.03036	-0.03265	-0.02170	0.01033	-0.02100	0.01899	0.00216	0.01161	0.02104	0.01882	-0.00165	-0.01132	0.04269	0.01158	0.02631	0.00352	0.01612	0.01327	0.01087	0.00035	-0.00798	(And (Member $x0 greenhouse) (Patient $e0 $x0))
p205634	0.02109	-0.01145	0.00515	0.00139	-0.00767	0.00042	-0.00527	-0.00531	0.00007	-0.01166	-0.00359	-0.00592	-0.00411	-0.00022	0.00629	-0.00229	-0.00108	-0.01398	-0.01548	-0.02834	-0.01779	0.00480	-0.00545	-0.00356	0.00287	-0.00285	0.01809	0.02189	0.00810	-0.00452	-0.01929	-0.00730	(And (Member $x0 loan_application) (Theme $e0 $x0))
p205635	-0.00474	-0.01592	0.02425	-0.01536	-0.00345	-0.01449	-0.01147	-0.03151	0.01568	0.02377	-0.01356	0.00814	0.05126	0.01555	-0.01566	-0.01501	-0.01183	-0.03284	-0.02500	0.01873	0.01142	-0.02137	0.00099	-0.00026	0.04263	-0.00437	-0.00322	0.00681	0.04234	0.01787	0.01889	-0.01764	(And (Member $x0 medal) (Theme $e0 $x0))
p205636	0.03352	0.02649	0.03487	0.01935	-0.03818	-0.02392	0.04121	-0.02789	-0.00215	-0.05403	0.00322	0.01946	-0.03071	-0.03406	-0.03892	-0.03488	-0.02805	0.00830	0.08774	-0.03651	-0.04191	-0.01506	0.04681	-0.02238	-0.05757	-0.02016	0.00295	-0.05953	-0.03706	0.04827	0.03506	0.02640	(And (Member $x0 painting) (Theme $e0 $x0))
p205637	0.01534	-0.01534	-0.01121	0.00033	0.02083	0.00523	0.00756	-0.01010	-0.00736	-0.01446	-0.00045	0.00815	0.00444	0.00844	0.00692	0.00734	-0.00120	-0.00706	-0.02940	-0.01822	-0.01688	0.00068	0.00893	-0.01711	-0.00883	-0.00819	0.01117	0.02331	0.01319	0.00519	-0.01829	-0.00983	(And (Member $x0 query) (Theme $e0 $x0))
p205638	-0.01473	-0.00585	0.02141	-0.01833	0.00900	-0.02262	-0.01370	-0.03084	0.02533	0.04107	-0.02064	0.01892	0.07681	0.02079	-0.03012	-0.01396	-0.01710	-0.04149	-0.03238	0.04043	0.02504	-0.03105	0.01089	0.00242	0.05598	-0.02163	-0.01070	0.00242	0.06195	0.04281	0.03761	-0.01856	(And (Member $x0 recruit) (Recipient $e0 $x0))
p205639	0.01497	-0.01513	-0.01115	0.00033	0.02072	0.00534	0.00740	-0.01003	-0.00744	-0.01429	-0.00059	0.00812	0.00427	0.00827	0.00672	0.00729	-0.00122	-0.00682	-0.02918	-0.01779	-0.01655	0.00045	0.00896	-0.01691	-0.00872	-0.00813	0.01083	0.02306	0.01319	0.00511	-0.01801	-0.00978	(And (Member $x0 tower) (Theme $e0 $x0))
p205640	-0.00186	-0.01093	0.02185	-0.00736	0.00217	-0.01598	-0.01315	-0.02399	0.01668	0.02813	-0.01406	0.00887	0.04885	0.01754	-0.01514	-0.01053	-0.00942	-0.03229	-0.02545	0.02002	0.00891	-0.02124	0.00097	-0.00374	0.04225	-0.01394	-0.00014	0.00769	0.04664	0.02451	0.01763	-0.01438	(And (Member $x0 whistle) (Theme $e0 $x0))
p205641	-0.01867	-0.01429	0.02435	-0.02914	0.00154	-0.02006	-0.01259	-0.04127	0.02524	0.03616	-0.02097	0.01758	0.07921	0.01815	-0.03005	-0.01964	-0.02158	-0.04253	-0.03165	0.03814	0.02956	-0.03076	0.01152	0.00686	0.05638	-0.00824	-0.01488	0.00111	0.05636	0.03420	0.03947	-0.02235	(And (Member $x0 winner) (Recipient $e0 $x0))
p205642	0.05822	-0.08170	0.02502	0.06259	0.07180	-0.07403	-0.03717	0.05589	-0.01616	-0.00801	-0.03716	-0.06347	0.08714	-0.05592	0.07507	-0.00683	-0.05097	0.03513	0.01624	-0.03332	0.16164	0.07924	0.07524	-0.03060	0.03284	-0.00476	-0.07884	-0.05974	-0.02506	-0.01837	-0.01154	0.12082	(And (Ordinal $x0 <num> buy) (Theme $e0 $x0))
p205643	-0.00151	-0.00374	0.00061	-0.00142	-0.00240	0.00458	-0.00389	-0.00029	-0.00319	-0.00579	-0.00523	0.00069	-0.00442	0.01076	0.00287	-0.00196	-0.00357	-0.00079	-0.00676	0.00973	-0.00247	0.00462	0.00541	0.00313	-0.00411	0.00069	-0.00208	-0.01143	-0.00031	0.00094	0.00087	0.00065	(And (Past $e0) (Time $e0 later))
p205644	-0.05633	0.01287	0.04706	0.05527	-0.04377	-0.01949	-0.04422	-0.00299	-0.00568	0.01631	-0.03304	-0.02441	-0.03428	-0.04092	-0.06780	0.00587	0.00229	0.07664	0.06161	0.04217	0.03973	-0.01134	0.01503	0.08604	0.02200	-0.00718	-0.01144	0.04410	0.00282	-0.04887	-0.01594	-0.03094	(And (Patient $e0 $e1) (Theme $e1 $x0))
p205645	-0.00460	0.02844	-0.02655	0.03264	-0.03169	-0.03052	-0.02940	-0.04300	0.07312	-0.04454	0.03816	-0.03808	0.05354	-0.01555	0.04273	-0.04895	-0.05238	0.06789	-0.02129	0.04145	-0.06684	0.06718	0.00924	0.01868	-0.04173	-0.04028	0.09261	0.07326	-0.03159	0.08245	-0.02371	0.02284	(And (Patient $e0 $x0) (Result $e0 $e1))
p205646	0.02300	0.01736	0.00741	-0.00487	-0.02824	-0.01743	0.03204	-0.02164	-0.01286	-0.04566	0.00645	0.01817	-0.01072	-0.02976	-0.03037	-0.02455	-0.02427	-0.01336	0.04448	-0.05407	-0.02973	0.01197	0.02189	-0.01217	-0.05301	-0.01876	0.00999	-0.02365	-0.01918	0.02355	0.00887	0.01909	(And (Recipient $e0 ravi) (Theme $e0 $x0))
p205647	-0.04187	0.02703	0.07403	0.05809	-0.05598	-0.01874	-0.05598	0.01656	-0.00825	0.01828	-0.03257	-0.04401	-0.04741	-0.04231	-0.06963	-0.00688	0.01065	0.08936	0.05767	0.05210	0.03621	-0.01984	0.01754	0.09350	0.02076	0.00955	-0.00876	0.04219	0.01120	-0.03805	-0.02467	-0.03740	(And (Theme $e0 $e1) (Theme $e1 $x0))
p205648	0.01262	-0.00230	-0.01687	-0.01033	0.01315	0.00435	-0.00429	-0.00578	-0.00904	-0.00621	-0.00280	0.01089	-0.00756	0.00105	-0.00264	-0.00179	0.00681	0.00010	-0.00466	0.00690	0.00830	0.00396	0.01567	0.00225	-0.00092	-0.00101	-0.00322	-0.00260	0.01047	-0.00621	0.00046	-0.00745	(And (Theme $e0 visitor) (Time $e0 (Weekday sunday)))
p205741	-0.00542	-0.01268	0.02221	0.01300	-0.00545	-0.00810	0.00121	-0.00044	0.01248	0.01945	-0.00664	-0.00090	0.00124	0.00123	0.00795	0.01628	0.00487	0.00378	0.01874	-0.00688	-0.00114	0.00663	-0.01741	-0.00291	-0.00549	-0.00381	-0.00023	0.00979	-0.00408	-0.01422	-0.00403	-0.00535	(Agent $e0 ana)
p205742	-0.00770	-0.01599	0.01571	0.00357	0.00304	-0.02103	0.02043	-0.00136	0.06072	0.00951	0.01931	0.00972	0.02958	-0.00823	0.02143	0.01911	-0.00426	0.02375	0.02358	0.00365	-0.01827	0.00951	-0.02775	-0.00564	-0.01445	-0.02291	0.00381	0.00929	-0.00415	-0.01115	-0.01596	0.00667	(Agent $e0 dara)
p205743	0.00202	-0.00024	-0.00260	-0.00615	-0.00448	0.00142	-0.00177	0.00320	-0.00197	0.00054	-0.00365	-0.00083	-0.00255	-0.00473	0.00382	0.00008	0.00104	-0.00172	0.00095	0.00573	0.00096	-0.00355	0.00473	0.00263	0.00212	0.00069	0.00032	-0.00517	0.00003	-0.00347	0.00217	0.00254	(Degree $x0 big very)
p205744	0.07087	-0.06130	0.01088	-0.01076	0.07202	0.05693	0.04702	0.04027	-0.02154	0.02855	-0.01095	-0.04801	0.05767	0.08687	-0.06966	-0.05161	-0.08185	-0.03476	0.05399	0.02725	-0.13854	-0.02850	0.01832	0.03738	-0.03233	0.11175	0.11289	0.02531	-0.00464	-0.02610	-0.03113	0.08828	(GroupOf $x0 way)
p205745	0.01467	-0.00107	-0.01047	-0.01154	0.00272	0.00098	-0.00806	-0.00310	-0.00529	-0.00618	-0.00435	0.00465	-0.00928	-0.00171	-0.00188	-0.00393	0.00705	-0.00317	-0.00094	0.00249	0.00371	0.00332	0.01202	0.00664	0.00388	-0.00034	0.00074	-0.00188	0.00914	-0.00702	-0.00134	-0.00521	(Instrument $e0 post)
p205746	0.00231	0.00348	-0.00581	0.01061	-0.00058	-0.00367	0.00125	-0.00809	-0.00553	0.00502	-0.00181	-0.01878	0.00078	-0.01201	0.00496	-0.00236	0.00372	-0.00697	-0.00081	0.00853	-0.00017	-0.00039	-0.01483	0.00160	0.00025	0.00187	-0.00162	0.00079	-0.00241	0.00351	-0.00031	0.00254	(Measure $x0 age <num> year)
p205747	0.00022	-0.00189	-0.00088	-0.00550	-0.00267	0.00327	-0.00232	0.00372	-0.00221	-0.00015	-0.00387	0.00215	-0.00370	0.00200	0.00295	-0.00060	0.00059	-0.00045	-0.00130	0.00655	0.00071	-0.00246	0.00627	0.00120	0.00012	0.00082	-0.00109	-0.00829	-0.00023	-0.00361	0.00274	0.00098	(Member $e0 active)
p205748	-0.00113	-0.00053	-0.00246	0.01095	-0.00571	0.00024	-0.00068	-0.01782	-0.00449	-0.01898	-0.00936	-0.01077	0.00081	0.01581	0.00435	0.00019	-0.01475	-0.00718	-0.01611	0.01703	-0.01068	0.02033	-0.00428	0.01106	-0.00853	0.00069	-0.00186	-0.00730	-0.00260	0.01417	-0.00896	0.00408	(Member $e0 bear)
p205749	0.00408	0.02184	-0.01073	0.02909	0.04588	-0.01188	-0.01218	-0.03257	-0.01149	0.01832	0.02454	0.00952	-0.00838	-0.00442	0.02005	-0.01830	0.00644	-0.01594	0.01314	0.00505	0.01706	-0.00871	-0.01398	-0.00628	-0.00641	0.01796	-0.00601	0.01071	-0.01813	-0.01605	0.03568	-0.00776	(Member $e0 call_off)
p205750	0.04326	0.05680	0.04422	0.02297	-0.04538	-0.01159	-0.04815	0.01432	-0.02175	0.01349	-0.01383	-0.05206	-0.05099	-0.03188	0.00191	-0.02951	0.02950	0.02760	0.01284	0.03773	0.03406	-0.00059	-0.00659	0.07646	0.00864	0.03779	0.00516	0.02192	0.02979	0.02706	-0.00764	-0.01664	(Member $e0 cause)
p205751	-0.01223	-0.00452	0.01671	0.01387	-0.00384	0.00408	-0.00536	0.00354	-0.00317	0.00908	-0.00405	0.00232	-0.00692	0.02206	0.00266	-0.00291	0.00051	0.00232	-0.00307	-0.00114	-0.00164	0.00334	-0.00757	-0.00033	-0.00461	-0.00083	-0.00282	-0.00773	-0.00734	-0.00544	0.00533	-0.00476	(Member $e0 conduct)
p205752	-0.00825	-0.00898	-0.01092	0.01816	0.00439	-0.00451	0.03054	0.00848	-0.01295	0.01760	-0.00843	-0.03604	0.01246	-0.01410	-0.02044	0.01108	0.04046	-0.01182	-0.00804	-0.00386	-0.01206	-0.01671	-0.04094	-0.02399	0.00490	-0.01702	-0.01725	-0.01361	-0.00242	0.01321	-0.01209	-0.00413	(Member $e0 end)
p205753	0.01692	-0.00947	0.00390	0.00321	-0.00305	0.00071	-0.00589	-0.00747	-0.00160	-0.00953	-0.00302	-0.00430	-0.00464	-0.00076	0.00543	-0.00438	-0.00118	-0.01235	-0.01368	-0.02412	-0.01442	0.00207	-0.00514	-0.00454	0.00126	-0.00270	0.01391	0.01974	0.00599	-0.00603	-0.01539	-0.00809	(Member $e0 examine)
p205754	0.00836	0.00105	0.01379	0.02029	-0.01551	0.00853	-0.03277	0.01994	0.03948	-0.00676	0.07494	-0.00527	0.00548	-0.01037	0.00735	0.02017	-0.00176	0.01232	-0.01233	0.01255	-0.04946	-0.00053	0.00742	-0.02135	-0.03669	-0.04171	0.03376	0.03221	0.00899	0.02409	0.01709	0.06302	(Member $e0 find_out)
p205755	0.02332	-0.01306	0.00536	0.00078	-0.01026	-0.00054	-0.00543	-0.00504	0.00105	-0.01257	-0.00372	-0.00741	-0.00386	-0.00045	0.00710	-0.00217	-0.00126	-0.01631	-0.01620	-0.03196	-0.01934	0.00675	-0.00756	-0.00354	0.00362	-0.00263	0.02023	0.02306	0.00809	-0.00487	-0.02092	-0.00744	(Member $e0 fund)
p205756	0.02192	-0.01456	-0.00455	0.00321	-0.00791	0.00758	-0.00686	-0.00077	0.00499	-0.00571	-0.00462	0.00075	-0.01030	0.00120	0.00158	0.00079	-0.00244	-0.00586	-0.01198	-0.02565	-0.00323	0.00928	-0.00918	0.00004	0.00971	0.00569	0.01806	0.01041	-0.00323	-0.00824	-0.00889	-0.01529	(Member $e0 learn)
p205757	-0.00714	0.05292	0.02932	-0.00960	-0.00932	-0.03334	0.02690	0.01103	-0.02448	0.00389	0.00764	0.02171	0.01440	-0.00187	0.00649	0.03787	-0.02929	-0.01769	-0.02608	0.00706	0.02116	0.01517	0.02058	-0.01864	0.00291	0.04812	-0.01075	0.01244	-0.01929	0.00455	-0.03071	-0.01115	(Member $e0 need)
p205758	0.01642	-0.00704	-0.00834	-0.01749	0.00813	0.00053	-0.00262	-0.00426	0.00540	-0.00902	0.00060	0.00746	-0.00358	0.00184	-0.00151	-0.00483	0.00738	-0.00335	-0.00103	-0.00110	0.01136	0.00595	0.00575	0.00592	-0.00222	-0.00154	-0.00207	-0.00145	0.00646	-0.00937	-0.00253	-0.00870	(Member $e0 permit)
p205759	-0.00173	-0.01421	-0.00707	0.00241	0.00368	0.00360	0.00573	-0.01240	-0.00410	-0.00239	-0.00416	0.00331	-0.00136	-0.00086	-0.00269	-0.00717	-0.00930	0.00545	-0.01411	-0.02140	-0.00823	-0.00368	-0.00087	-0.01126	-0.00855	0.00569	0.00339	0.01740	0.01305	0.00263	-0.01851	-0.00276	(Member $e0 put_off)
p205760	-0.00914	-0.00886	0.00663	-0.00762	0.00416	0.01340	-0.00606	0.00822	-0.00472	-0.00602	-0.00759	0.01697	-0.01265	0.03155	0.00069	-0.00395	-0.00223	0.00617	-0.01177	0.01517	0.00001	-0.00022	0.01784	-0.00250	-0.00847	0.00147	-0.00806	-0.02791	-0.00079	-0.00473	0.00916	-0.00353	(Member $e0 speak)
p205761	-0.00946	-0.00560	0.00957	-0.00128	0.00644	0.00801	-0.00649	0.00825	-0.00419	0.00010	-0.00371	0.01466	-0.01056	0.03120	-0.00103	-0.00409	0.00157	0.00469	-0.00808	0.00251	-0.00116	-0.00259	0.00970	-0.00484	-0.00400	0.00003	-0.00783	-0.01910	-0.00147	-0.00916	0.00685	-0.00747	(Member $e0 succeed)
p205762	0.01668	-0.00992	0.00400	0.00193	-0.00531	0.00129	-0.00528	-0.00584	-0.00155	-0.01022	-0.00386	-0.00416	-0.00429	-0.00053	0.00397	-0.00324	-0.00140	-0.01077	-0.01367	-0.02405	-0.01478	0.00239	-0.00403	-0.00423	0.00137	-0.00322	0.01371	0.01931	0.00743	-0.00462	-0.01674	-0.00772	(Member $e0 turn_down)
p205763	-0.00771	-0.00173	-0.00832	-0.01719	-0.00055	-0.01041	-0.00400	0.01207	0.04915	-0.01074	0.02254	0.00447	0.03176	-0.01298	0.01102	-0.01411	-0.01052	0.01245	0.00037	-0.00749	-0.01529	-0.00266	-0.00607	-0.00690	-0.01562	-0.01237	0.01337	0.01152	-0.01553	0.01208	-0.00487	0.00626	(Member $e0 wait)
p205764	-0.00000	-0.01030	0.02519	-0.00663	0.00270	-0.01796	-0.01007	-0.03033	0.02687	0.02902	-0.01918	0.01227	0.05253	0.02433	-0.01447	-0.01153	-0.01392	-0.03680	-0.02878	0.03451	0.02341	-0.02879	0.00939	-0.00506	0.06183	-0.01340	-0.00746	0.00190	0.04151	0.02649	0.02228	-0.01773	(Member $x0 answer)
p205765	0.00622	-0.00532	-0.00024	-0.00333	-0.00203	-0.00203	-0.00449	0.00004	0.01537	-0.00954	0.00526	0.00020	0.00827	-0.00454	0.00602	-0.00693	-0.00396	0.00036	-0.00706	-0.01489	-0.01265	-0.00151	-0.00346	-0.00552	-0.00446	-0.00661	0.01158	0.01545	-0.00072	0.00132	-0.01050	-0.00208	(Member $x0 car)
p205766	0.00237	0.00187	-0.00597	0.00663	-0.00013	-0.01327	-0.00792	-0.00446	-0.00943	0.00924	0.01733	-0.00785	-0.01175	-0.00851	0.00297	0.00605	0.00397	-0.01043	0.01883	-0.00663	-0.00194	-0.01139	0.00000	0.00981	0.01898	0.00309	-0.00182	0.00028	-0.00176	-0.00230	-0.00268	0.00315	(Member $x0 cracked)
p205767	0.00188	-0.00044	-0.00232	-0.00560	-0.00424	0.00133	-0.00162	0.00302	-0.00199	0.00095	-0.00343	-0.00074	-0.00242	-0.00447	0.00362	0.00020	0.00110	-0.00180	0.00101	0.00546	0.00103	-0.00325	0.00436	0.00226	0.00199	0.00074	0.00031	-0.00504	-0.00006	-0.00356	0.00195	0.00218	(Member $x0 difficult)
p205768	0.01683	-0.00136	-0.00044	0.00655	0.00379	-0.00375	-0.00720	-0.00934	-0.00358	-0.00393	0.00404	-0.00565	-0.00594	-0.00319	0.00687	-0.00628	0.00350	-0.01429	-0.00725	-0.01671	-0.00743	0.00055	-0.00768	-0.00009	0.00405	0.00248	0.00957	0.01574	0.00297	-0.00447	-0.00927	-0.00668	(Member $x0 doctor)
p205769	0.00237	0.00187	-0.00597	0.00663	-0.00013	-0.01327	-0.00792	-0.00446	-0.00943	0.00924	0.01733	-0.00785	-0.01175	-0.00851	0.00297	0.00605	0.00397	-0.01043	0.01883	-0.00663	-0.00194	-0.01139	0.00000	0.00981	0.01898	0.00309	-0.00182	0.00028	-0.00176	-0.00230	-0.00268	0.00315	(Member $x0 feed_pipe)
p205770	0.02918	-0.04035	0.02333	-0.01468	0.02494	-0.02155	0.06044	-0.03295	0.04072	0.01267	-0.00739	0.02221	-0.00607	0.02142	0.01966	0.03749	0.01993	0.01151	0.04083	0.00887	0.01147	0.04234	-0.02889	0.01372	-0.02314	-0.03316	-0.02017	-0.00175	0.03066	-0.03133	-0.02560	-0.01269	(Member $x0 fitter)
p205771	0.00188	-0.00045	-0.00232	-0.00560	-0.00424	0.00133	-0.00162	0.00302	-0.00199	0.00095	-0.00343	-0.00074	-0.00242	-0.00447	0.00362	0.00020	0.00110	-0.00180	0.00101	0.00546	0.00103	-0.00325	0.00436	0.00226	0.00199	0.00074	0.00031	-0.00504	-0.00006	-0.00356	0.00195	0.00218	(Member $x0 hard)
p205772	-0.01131	-0.00216	0.02197	0.01606	0.00689	0.01297	-0.00413	0.00858	-0.00641	0.01290	0.00051	0.01128	-0.00218	0.03423	0.00548	-0.00859	0.00828	0.00554	-0.00293	-0.01660	-0.00526	-0.00772	-0.01072	-0.01011	0.00280	-0.01059	-0.00890	-0.00371	-0.00242	-0.01959	0.00367	-0.00855	(Member $x0 house)
p205773	0.00194	-0.00042	-0.00234	-0.00574	-0.00430	0.00138	-0.00163	0.00306	-0.00203	0.00088	-0.00353	-0.00078	-0.00252	-0.00452	0.00366	0.00022	0.00110	-0.00185	0.00099	0.00553	0.00107	-0.00333	0.00444	0.00238	0.00206	0.00076	0.00027	-0.00512	-0.00002	-0.00358	0.00199	0.00226	(Member $x0 huge)
p205774	-0.00474	-0.01592	0.02425	-0.01536	-0.00345	-0.01449	-0.01147	-0.03151	0.01568	0.02377	-0.01356	0.00814	0.05126	0.01555	-0.01566	-0.01501	-0.01183	-0.03284	-0.02500	0.01873	0.01142	-0.02137	0.00099	-0.00026	0.04263	-0.00437	-0.00322	0.00681	0.04234	0.01787	0.01889	-0.01764	(Member $x0 medal)
p205775	-0.00414	-0.00354	-0.00211	-0.01235	-0.00323	-0.00755	-0.00173	0.00746	0.03782	-0.00682	0.01444	0.00048	0.01968	-0.00818	0.01064	-0.00942	-0.00632	0.01049	0.00212	-0.00186	-0.00689	-0.00664	-0.00543	-0.00563	-0.01040	-0.00915	0.00659	0.00532	-0.01111	0.00323	-0.00511	0.00455	(Member $x0 park)
p205776	0.07087	-0.06130	0.01088	-0.01076	0.07202	0.05693	0.04702	0.04027	-0.02154	0.02855	-0.01095	-0.04801	0.05767	0.08687	-0.06966	-0.05161	-0.08185	-0.03476	0.05399	0.02725	-0.13854	-0.02850	0.01832	0.03738	-0.03233	0.11175	0.11289	0.02531	-0.00464	-0.02610	-0.03113	0.08828	(Member $x0 random)
p205777	0.01262	-0.00230	-0.01687	-0.01033	0.01315	0.00435	-0.00429	-0.00578	-0.00904	-0.00621	-0.00280	0.01089	-0.00756	0.00105	-0.00264	-0.00179	0.00681	0.00010	-0.00466	0.00690	0.00830	0.00396	0.01567	0.00225	-0.00092	-0.00101	-0.00321	-0.00260	0.01047	-0.00621	0.00046	-0.00745	(Member $x0 warden)
p205778	0.02918	-0.04035	0.02333	-0.01468	0.02494	-0.02155	0.06044	-0.03295	0.04072	0.01267	-0.00739	0.02221	-0.00607	0.02142	0.01966	0.03749	0.01993	0.01151	0.04083	0.00887	0.01147	0.04234	-0.02889	0.01372	-0.02314	-0.03316	-0.02017	-0.00175	0.03066	-0.03133	-0.02560	-0.01269	(Member $x0 welder)
p205779	-0.00336	-0.00516	0.01067	-0.00700	-0.00686	-0.00398	-0.00057	0.00569	0.01392	0.00195	0.00592	-0.00573	0.00300	-0.00184	0.00114	0.00213	-0.00257	-0.00300	0.00102	-0.00462	0.00046	-0.00668	-0.01016	-0.00386	-0.00255	-0.00296	-0.00014	0.00145	-0.00932	-0.00777	-0.00394	-0.00094	(Member $x0 western)
p205780	-0.00186	-0.01093	0.02185	-0.00736	0.00217	-0.01598	-0.01315	-0.02399	0.01668	0.02813	-0.01406	0.00887	0.04885	0.01754	-0.01514	-0.01053	-0.00942	-0.03229	-0.02545	0.02002	0.00891	-0.02124	0.00097	-0.00374	0.04225	-0.01394	-0.00014	0.00769	0.04664	0.02451	0.01763	-0.01438	(Member $x0 whistle)
p205781	0.02300	0.01736	0.00741	-0.00487	-0.02824	-0.01743	0.03204	-0.02164	-0.01286	-0.04566	0.00645	0.01817	-0.01072	-0.02976	-0.03037	-0.02455	-0.02427	-0.01336	0.04448	-0.05407	-0.02973	0.01197	0.02189	-0.01216	-0.05301	-0.01876	0.00999	-0.02365	-0.01918	0.02355	0.00887	0.01909	(Recipient $e0 ravi)
p205782	-0.00063	-0.00120	0.00640	-0.00632	-0.00476	0.00673	-0.00814	0.01152	-0.00220	-0.00040	-0.00640	-0.00009	-0.00973	0.00848	-0.00040	-0.00678	0.00355	0.00570	-0.00294	0.00890	0.00940	-0.00625	0.01048	0.00305	-0.00309	0.00584	-0.00588	-0.01267	0.00192	-0.00020	0.00106	-0.00638	(Source $e0 manila)
p205784	0.01213	-0.00240	-0.01626	-0.01003	0.01263	0.00407	-0.00425	-0.00564	-0.00843	-0.00595	-0.00267	0.01042	-0.00754	0.00076	-0.00252	-0.00187	0.00666	0.00010	-0.00430	0.00657	0.00809	0.00362	0.01501	0.00205	-0.00071	-0.00083	-0.00316	-0.00257	0.01004	-0.00631	0.00028	-0.00729	(Theme $e0 night_delivery)
p205785	0.01775	-0.02036	-0.00205	-0.03006	0.00992	-0.00352	0.00441	-0.00663	0.02620	-0.01555	0.00768	0.00659	0.00432	0.00493	-0.00274	-0.00902	0.00690	-0.00628	-0.00048	-0.01190	0.02177	0.00840	-0.01112	0.00398	-0.01317	-0.00555	-0.00810	-0.00189	-0.00104	-0.01623	-0.00861	-0.01643	(Theme $e0 photography)
p205786	0.01262	-0.00230	-0.01687	-0.01033	0.01315	0.00435	-0.00429	-0.00578	-0.00904	-0.00621	-0.00280	0.01089	-0.00756	0.00105	-0.00264	-0.00179	0.00681	0.00010	-0.00466	0.00690	0.00830	0.00396	0.01567	0.00225	-0.00092	-0.00101	-0.00321	-0.00260	0.01047	-0.00621	0.00046	-0.00745	(Theme $e0 visitor)
p205787	0.01220	-0.00664	-0.02108	-0.00927	0.01994	0.00778	0.00431	0.00002	-0.01185	-0.00311	-0.00318	0.01118	-0.00303	0.00498	-0.00923	0.00332	0.01975	-0.00142	-0.00828	0.00518	0.00745	0.00111	0.01569	-0.00460	0.00036	-0.00664	-0.00746	-0.00638	0.01282	-0.00346	-0.00122	-0.00923	(Time $e0 (Hour <num>))
p205788	0.01262	-0.00230	-0.01687	-0.01033	0.01315	0.00435	-0.00429	-0.00578	-0.00904	-0.00621	-0.00280	0.01089	-0.00756	0.00105	-0.00264	-0.00179	0.00681	0.00010	-0.00466	0.00690	0.00830	0.00396	0.01567	0.00225	-0.00092	-0.00101	-0.00321	-0.00260	0.01047	-0.00621	0.00046	-0.00745	(Time $e0 (Weekday sunday))
p205789	0.00682	0.00226	-0.00496	0.00241	-0.00306	-0.00276	-0.00390	-0.00524	-0.00366	0.00075	-0.00298	-0.01175	-0.00331	-0.00890	0.00320	-0.00370	0.00384	-0.00596	0.00071	0.00532	0.00035	0.00081	-0.00521	0.00501	0.00254	0.00172	0.00052	0.00024	0.00097	-0.00021	-0.00123	0.00059	(Time $e0 that_autumn)
