pattern_id	w0	w1	w2	w3	w4	w5	w6	w7	w8	w9	w10	w11	w12	w13	w14	w15	w16	w17	w18	w19	w20	w21	w22	w23	w24	w25	w26	w27	w28	w29	w30	w31	query
p200004	0.25630	0.10990	0.59426	-0.57461	-0.17302	-0.10793	-0.19134	0.45167	0.68631	0.08335	1.15186	-0.64002	-0.04448	0.19641	-0.54437	0.02197	0.56837	0.32438	0.70467	0.16656	1.33726	-0.36554	0.27188	-0.19923	-0.09220	-1.48294	0.43911	0.01226	-0.17899	-0.50208	-0.05540	-0.24639	(Past $e0)
p200006	0.03778	-0.07783	0.34358	-0.13059	0.63100	0.41767	-0.06188	0.21885	0.01129	0.06597	-0.09522	-0.12727	-0.05772	0.05797	-0.34919	0.52680	0.51685	-0.02017	-0.04043	0.08176	-0.34906	-0.06566	0.16761	-0.10952	-0.01148	-0.48293	0.00730	-0.05440	-0.01486	0.12611	-0.13654	2.02273	(Agent $e0 $x0)
p200011	0.15128	-0.17343	-0.09250	0.11112	0.71051	-0.04606	0.07097	0.08812	0.26683	-0.04247	0.03011	0.29214	1.99426	0.12674	-0.48637	0.32361	-0.25576	-0.12345	0.00480	0.04871	-0.04375	0.08786	-0.06369	0.05958	0.19524	-0.02237	-0.05603	-0.04434	-0.16145	0.09705	-0.03400	-0.03655	(Theme $e0 $x0)
p200017	0.02748	0.05791	-0.02983	0.07872	-0.04605	0.05292	0.01572	0.07177	0.02210	0.00035	-0.12561	-0.04401	0.03084	0.01397	0.13501	0.11218	-0.06452	-0.05988	0.10077	-0.00781	-0.03093	-0.02799	0.03387	-0.06558	-0.05357	-0.02375	0.01748	-0.09014	-0.03383	-0.09149	2.26521	-0.02242	(Patient $e0 $x0)
p200022	-0.08429	0.01288	-0.32029	-0.13780	1.06500	-0.18348	-0.20636	0.39565	-0.18212	0.08860	-0.07376	-0.09078	0.23226	0.06324	-0.41042	1.09218	0.44157	-0.06594	0.07523	-0.05115	-0.21620	0.27386	0.05646	0.22812	-0.05055	-0.01195	-0.19086	-0.03431	0.13057	-0.04851	0.01839	-0.13490	(And (Agent $e0 $x0) (Theme $e0 $x1))
p200024	-0.00301	-0.06929	1.28049	0.06702	0.04950	-0.02342	0.00714	-0.24458	0.10520	0.07194	-0.18910	-0.08664	-0.19111	-0.01672	0.05700	-0.27483	1.25303	-0.00230	-0.03485	-0.20615	-0.29972	0.07226	-0.07312	0.17241	0.01839	-0.59872	-0.25960	-0.06379	-0.02824	0.15147	-0.03324	0.10339	(And (Agent $e0 $x0) (Past $e0))
p200036	0.14952	-0.19618	-0.02833	-0.40568	0.03772	-0.26902	-0.28658	0.04611	0.14259	-0.19498	1.14908	-0.03256	-0.01400	0.02001	-0.19456	-0.05655	0.02117	0.11285	-0.02241	0.16118	-0.58264	-0.05067	-0.13681	0.16403	0.19509	-0.34160	0.11330	0.05751	0.21269	0.18679	0.76512	-0.15283	(And (Past $e0) (Patient $e0 $x0))
p200038	0.13515	1.36821	0.04337	-0.26734	-0.02859	0.12185	0.07050	-0.00652	-0.00617	-0.05400	-0.08819	0.00586	0.00079	-0.05283	0.10078	0.08473	-0.07378	-0.19749	-0.14715	0.36743	0.07303	-0.11674	-0.23021	-0.52644	1.24137	0.07428	-0.06982	-0.07870	0.18564	-0.54177	0.07282	0.07788	(Ongoing $e0)
p200040	-0.18330	0.00874	0.58977	0.14667	-0.21392	-0.08241	-0.08792	-0.31435	-0.43906	0.19923	-0.25845	0.16312	1.08378	-0.12349	0.07406	-0.00631	0.07797	0.03753	-0.02739	0.05405	0.65312	-0.06112	0.02759	0.12397	-0.04387	-0.28069	0.13596	-0.01243	-0.06740	-0.03724	0.08669	-0.23485	(And (Past $e0) (Theme $e0 $x0))
p200045	0.10383	0.00513	-0.12571	0.00950	-0.06034	-0.18125	0.13245	-0.03461	-0.01940	0.01504	-0.14971	0.00066	0.00385	0.31909	0.19358	0.19725	0.15889	0.10247	-0.00394	0.10257	-0.01004	-0.03811	-0.13716	-0.17400	0.00778	-0.00519	0.01102	2.00594	-0.14880	-0.17475	-0.00591	-0.00322	(Experiencer $e0 $x0)
p200049	-0.02906	0.05353	0.07565	-0.10992	-0.11523	-0.00433	0.23085	-0.45965	0.24040	-0.36700	0.01692	-0.10015	0.03052	0.03016	0.11204	0.11415	-0.07114	-0.60157	-0.06521	-0.09553	0.02817	1.20590	0.02079	0.09590	-0.11062	0.08607	1.22509	-0.00352	0.35877	-0.23826	-0.01114	0.13901	(Location $e0 $x0)
p200061	0.17942	-0.18819	0.03043	0.08210	-0.02313	-0.42449	-0.07735	-0.38265	-0.15055	-0.20235	-0.07456	0.17448	0.01584	0.46935	0.05797	-0.36509	0.11326	0.15545	-0.04366	0.00301	0.23736	0.02477	-0.36357	0.33162	0.16597	0.06790	-0.20587	-0.00795	-0.25528	0.44751	0.49813	0.67500	(And (Agent $e0 $x0) (Patient $e0 $x1))
p200075	-0.15921	-0.07130	0.07226	-0.06872	0.11105	0.08746	0.16377	0.12707	0.03729	-0.12405	-0.12952	-0.12338	0.05976	-0.03381	0.21431	-0.15877	-0.02672	-0.06878	-0.04044	-0.06277	0.12086	-0.01763	0.02162	0.15884	0.02421	0.07344	-0.05967	-0.09167	-0.09624	-0.06418	0.00951	-0.06189	(Member $x0 thing)
p200076	-0.04208	-0.08514	-0.00344	-0.07381	-0.02664	-0.25078	1.22723	0.49663	-0.14540	0.14552	0.05637	0.06110	0.03730	-0.07683	-0.04369	-0.12692	-0.11416	-0.05746	0.39422	0.11372	-0.11174	-0.08352	0.02712	-0.16514	-0.09868	-0.01799	0.08331	-0.03683	-0.04711	-0.13333	0.01453	0.12398	(Theme $e0 $e1)
p200078	0.28292	0.01915	0.08045	-0.10296	-0.11065	-0.14284	-0.08621	0.17344	0.33035	-0.33939	0.01885	-0.13677	0.08673	-0.31282	0.17305	0.22229	-0.22134	0.61647	-0.16110	-0.06017	-0.04065	0.15032	-0.07464	-0.21299	-0.17857	-0.04180	-0.29129	0.07449	1.05971	0.26680	-0.02961	0.09634	(Cardinality $x0 <num>)
p200084	-0.12968	0.08717	0.49813	0.14544	0.01268	-0.18892	-0.01460	-0.02253	-0.37209	0.24432	-0.20701	0.13817	0.21493	-0.16476	0.09446	0.31860	0.43038	0.04099	-0.14587	-0.00712	0.01332	0.07600	-0.03855	0.07652	-0.09976	-0.13688	-0.04374	0.03055	0.01273	-0.06889	0.11113	-0.31882	(And (Agent $e0 $x0) (Past $e0) (Theme $e0 $x1))
p200093	-0.05832	-0.09654	-0.03121	-0.05171	0.02258	-0.06896	0.02140	-0.09576	-0.03983	0.03337	0.06220	-0.00783	-0.04532	-0.04005	-0.01485	-0.01417	0.05895	0.04159	-0.08468	-0.04571	0.00333	0.07393	-0.03423	0.03913	0.11279	0.04971	-0.02586	-0.03639	0.14026	0.00150	-0.01434	-0.06839	(LocatedIn $x0 $x1)
p200098	0.00522	-0.19981	-0.14417	0.00793	0.04812	-0.03801	0.28299	-0.28159	0.57072	-0.28574	-0.15903	-0.33261	-0.15215	-0.08397	0.12179	0.07455	0.24526	-0.28685	-0.22265	0.03700	0.33550	0.91228	-0.14161	0.24184	0.09290	-0.28747	0.42848	-0.16306	0.07628	-0.19198	0.02002	-0.06347	(And (Location $e0 $x0) (Past $e0))
p200105	-0.01144	0.65177	0.06745	-0.07327	-0.14582	0.13423	-0.26524	0.00895	-0.07077	0.01292	0.05483	0.05933	0.05664	-0.10760	-0.22933	-0.02949	-0.12592	-0.04513	0.07098	0.14826	-0.12669	-0.14236	-0.10847	-0.26036	0.47958	-0.06011	-0.03595	-0.03111	0.18763	-0.17325	-0.13685	0.41298	(And (Agent $e0 $x0) (Ongoing $e0))
p200113	0.16874	-0.20847	0.17102	-0.05994	0.05723	-0.28780	-0.07907	-0.23437	0.03153	-0.27994	0.30010	0.05131	0.01868	0.28774	0.19606	-0.29750	0.18108	0.02347	0.04140	0.01715	-0.25734	0.01995	-0.30912	0.31325	0.23132	-0.12952	-0.12695	-0.02722	-0.09208	0.34697	0.14239	0.15741	(And (Agent $e0 $x0) (Past $e0) (Patient $e0 $x1))
p200116	1.00129	-0.02058	-0.05461	-0.14673	-0.02366	0.20481	0.00821	-0.15879	-0.22646	-0.03324	-0.20851	0.17184	-0.04510	-0.27419	-0.11279	0.02797	-0.04398	-0.00079	-0.05035	-0.23153	0.11887	0.01093	0.93678	-0.19645	-0.05104	-0.33801	-0.03120	0.01646	-0.05232	0.12521	0.08688	-0.02674	(Goal $e0 $x0)
p200125	-0.26075	-0.11641	-0.04634	0.00589	0.19542	0.06173	-0.08914	-0.10753	0.08866	0.00785	-0.08400	-0.07381	0.00051	0.02998	0.00406	-0.29207	0.06409	0.18368	0.16836	0.78989	-0.01840	-0.11216	0.34558	-0.02377	0.03076	0.03432	0.09555	-0.04002	0.07990	0.10111	-0.02691	-0.01119	(Recipient $e0 $x0)
p200127	-0.16871	-0.08231	0.14551	-0.19153	-0.14654	0.33471	-0.11565	-0.12705	0.04746	-0.07159	0.17043	0.06510	0.04868	0.10473	0.04995	0.02652	-0.07425	-0.32535	-0.06056	-0.13067	-0.13882	0.27963	0.08704	0.07208	-0.09358	0.25165	0.56328	-0.07283	0.35318	-0.36830	-0.11238	0.31378	(And (Agent $e0 $x0) (Location $e0 $x1))
p200137	-0.00899	-0.03820	-0.09313	0.50397	-0.25482	0.45968	-0.23686	0.11288	0.32027	0.00125	-0.30777	-0.18383	0.08102	-0.03937	0.31340	0.30296	-0.05572	-0.21705	0.45079	-0.06520	-0.07423	-0.12891	-0.07079	-0.16172	-0.16197	-0.24359	-0.02442	-0.01863	-0.01697	-0.27465	0.11545	0.11918	(Future $e0)
p200145	-0.08806	-0.06760	0.00340	-0.11382	0.03611	-0.22562	0.67359	0.28405	-0.05263	0.22845	0.08758	-0.00779	-0.08321	-0.00594	-0.07593	-0.05589	-0.04123	0.03572	0.48474	-0.04373	0.01962	-0.08816	0.04336	-0.10569	-0.00179	0.02866	0.00421	-0.03194	0.07874	-0.13975	-0.07802	0.02770	(And (Past $e0) (Theme $e0 $e1))
p200149	0.21778	-0.03648	-0.31876	-0.01129	-0.12265	-0.26315	0.11181	-0.02883	0.12908	0.05886	-0.04979	-0.07650	-0.07566	0.47443	0.20563	0.36859	0.26711	0.19451	0.01197	0.18304	0.13558	-0.09102	-0.21667	-0.31618	0.00069	-0.13872	0.04329	0.58916	-0.21532	-0.25453	-0.07632	-0.00640	(And (Experiencer $e0 $x0) (Past $e0))
p200154	-0.08515	-0.16771	0.05099	-0.05791	-0.08397	0.11610	-0.11734	0.37150	0.04142	0.25071	-0.08437	-0.09460	0.00518	0.37542	-0.17276	-0.04153	-0.05395	-0.10845	-0.10373	-0.09894	-0.08306	0.32527	0.07754	-0.22134	0.25998	-0.10986	-0.15135	0.02909	-0.24559	0.25339	0.01751	-0.06102	(Possession $x0 $x1)
p200158	-0.04600	0.05855	-0.02596	-0.10031	0.04379	-0.07521	-0.01263	0.07142	-0.00387	-0.02229	0.04787	-0.03788	0.04974	0.01855	0.01780	0.06095	-0.00075	0.09662	0.06942	0.03709	-0.09060	-0.10408	-0.02942	-0.09671	-0.03936	-0.04220	0.06472	0.02562	-0.02158	-0.07983	0.01050	-0.00099	(Source $e0 $x0)
p200168	0.01136	-0.00014	0.00725	-0.04173	0.01019	0.00863	-0.01941	-0.06137	0.00441	-0.04676	0.03583	0.03326	0.02405	-0.04873	-0.02218	-0.03205	0.00991	-0.00749	-0.05613	-0.01489	-0.00164	0.04191	-0.01262	0.02539	0.04459	-0.02916	-0.01034	0.01170	0.08223	0.00622	0.00012	-0.01037	(PartOf $x0 $x1)
p200177	-0.22867	-0.11660	-0.05242	0.00077	0.24369	0.07660	-0.07559	-0.10197	0.08892	-0.00206	-0.09197	-0.02820	-0.06157	0.03515	0.00547	-0.25124	0.11493	0.16625	0.13225	0.65150	-0.07554	-0.08282	0.31094	-0.05748	0.05069	0.04441	0.07800	-0.02180	0.08736	0.08866	-0.00976	-0.02231	(And (Agent $e0 $x0) (Recipient $e0 $x1))
p200178	0.79023	-0.00865	-0.01896	-0.10871	-0.00948	0.16870	-0.01043	-0.13675	-0.16621	0.00072	-0.15334	0.11214	-0.04754	-0.19764	-0.09820	-0.00004	-0.00252	-0.01962	-0.03793	-0.18860	0.12960	-0.01483	0.75308	-0.15439	-0.01951	-0.25523	-0.01817	-0.00745	-0.06623	0.10352	0.05228	-0.06202	(And (Goal $e0 $x0) (Past $e0))
p200179	0.23058	0.47425	-0.09226	-0.05061	-0.06463	0.00666	0.05110	0.01751	0.16926	-0.16887	-0.00695	-0.08600	-0.06314	0.17454	0.13493	0.16378	0.19457	-0.05563	-0.17695	0.28615	0.10274	-0.01331	-0.19837	-0.24475	0.33575	-0.12411	-0.00185	-0.09758	-0.16707	-0.19407	-0.05670	-0.08942	(And (Ongoing $e0) (Past $e0))
p200191	-0.26435	-0.05100	0.18645	-0.16448	0.21311	0.51371	-0.04104	0.27431	0.15727	-0.13968	0.04747	-0.11073	-0.02526	-0.40120	0.01986	-0.29073	-0.20099	-0.26242	-0.20182	-0.06176	0.19496	-0.01257	0.19265	0.46540	0.17330	0.05356	-0.16041	0.44648	0.12313	-0.09462	0.05167	0.01054	(Result $e0 $e1)
p200199	-0.13017	0.33810	0.16648	-0.09686	0.17945	0.10343	0.12756	-0.00245	-0.04527	0.09151	-0.19842	-0.00726	-0.01409	-0.14519	0.09611	-0.08983	-0.08914	-0.10654	-0.10370	-0.06869	0.14406	-0.00873	0.08811	-0.03522	0.32113	0.21766	-0.04715	-0.07819	0.09353	-0.11379	0.34582	-0.13350	(And (Ongoing $e0) (Patient $e0 $x0))
p200200	-0.03426	0.07421	-0.01819	-0.01858	0.09630	-0.00974	0.05374	-0.15787	0.59126	0.27786	-0.02074	0.67030	0.03019	0.06885	-0.02193	-0.14629	-0.05167	-0.21014	-0.06269	-0.15468	-0.00994	-0.20904	0.03834	-0.00632	-0.07922	-0.13763	0.00845	0.00441	-0.06076	0.07325	-0.00602	0.01525	(Member $e0 have)
p200204	0.18445	0.05761	0.19838	0.11814	0.10502	-0.11506	0.02365	-0.01825	0.69957	0.26756	-0.03316	0.40603	0.01222	0.02622	-0.04568	-0.16602	-0.18557	0.10579	-0.10834	-0.14410	-0.11769	-0.07040	-0.11490	-0.14578	-0.06339	0.14496	-0.08840	0.01634	-0.02259	-0.00253	-0.01059	-0.00089	(Holder $e0 $x0)
p200216	0.03611	-0.07882	0.06226	0.02110	-0.06322	-0.02969	0.65071	0.21312	-0.07440	0.02393	-0.05410	0.03994	0.06444	-0.13420	-0.03174	-0.14055	-0.03211	-0.08414	0.07316	0.09567	-0.12561	-0.01045	0.04699	-0.06515	-0.06959	-0.06785	0.04730	-0.00775	-0.02370	-0.00845	0.00234	0.21639	(And (Agent $e0 $x0) (Theme $e0 $e1))
p200217	-0.03065	0.07249	-0.01661	-0.01555	0.09345	-0.00608	0.04193	-0.16344	0.58540	0.27421	-0.02312	0.66114	0.03592	0.06691	-0.02148	-0.14411	-0.05088	-0.20576	-0.06803	-0.15305	-0.01216	-0.20408	0.03713	-0.00849	-0.07219	-0.13480	0.00743	0.00787	-0.05669	0.07339	-0.00306	0.01758	(And (Member $e0 have) (Theme $e0 $x0))
p200224	0.07343	-0.01742	-0.02299	0.10656	0.14017	0.21327	-0.02085	-0.06576	-0.06623	0.23820	0.03423	-0.00983	-0.13407	0.18274	-0.09145	0.13192	0.02147	0.11058	-0.00319	-0.13384	0.17318	0.06075	-0.11841	-0.15756	-0.03997	0.26227	-0.02077	-0.05368	-0.10266	0.10725	0.04409	-0.04127	(Might $e0)
p200231	0.16708	0.05658	0.16988	0.09749	0.10120	-0.09936	0.02478	-0.02333	0.67136	0.24741	-0.02844	0.42885	0.02061	0.02176	-0.04108	-0.16296	-0.16889	0.06947	-0.09954	-0.14064	-0.10861	-0.07405	-0.09615	-0.12880	-0.06066	0.11538	-0.07973	0.01571	-0.01526	0.00467	-0.00789	0.00324	(And (Holder $e0 $x0) (Theme $e0 $x1))
p200240	-0.20955	-0.05306	-0.07651	0.08496	0.10994	-0.04025	-0.07475	-0.09726	0.03919	-0.22357	-0.05234	0.04267	0.03794	0.12015	-0.15302	-0.16899	0.07476	0.00607	0.22535	0.59277	-0.01170	0.12446	0.31116	0.08785	0.02759	0.13619	-0.13289	-0.02208	0.10502	-0.03162	0.00853	-0.04664	(And (Recipient $e0 $x0) (Theme $e0 $x1))
p200242	-0.04836	-0.00525	0.03400	-0.00137	-0.02116	0.02459	-0.05767	0.03522	0.05762	0.01736	0.01997	-0.05801	-0.02324	0.02514	-0.01421	0.02343	0.06224	0.06167	0.00940	-0.01590	-0.03848	-0.05001	-0.02880	-0.08460	-0.06573	-0.02211	0.00160	0.06058	0.01483	-0.03977	0.00116	-0.00441	(GroupOf $x0 person)
p200296	0.04117	0.06198	-0.00889	0.12049	-0.10245	0.20166	-0.01180	0.04665	-0.01809	-0.07576	0.13001	-0.00619	0.08764	-0.13034	-0.11501	-0.06903	-0.09652	-0.10307	-0.08778	0.14134	0.01250	-0.02325	-0.06119	0.01349	0.07576	-0.04364	-0.01034	0.02346	0.00384	0.04499	0.02752	0.11692	(Member $e0 make)
p200297	0.01084	-0.01912	-0.00764	-0.01462	-0.04054	0.03193	0.00088	0.01034	-0.02704	-0.03801	-0.02934	-0.00943	0.11833	0.00958	0.01285	-0.03726	-0.04344	-0.00875	-0.00467	0.00411	-0.00855	-0.00652	0.03484	-0.01655	0.02634	-0.01952	0.00516	0.01084	-0.03322	-0.00640	0.04561	0.00545	(Obligated $e0)
p200305	0.17742	-0.05165	0.11225	0.03961	0.01370	-0.24002	-0.14550	0.38164	0.24724	-0.17663	0.00428	-0.04445	0.09337	-0.24367	0.24693	0.02821	-0.14486	0.20907	-0.07678	0.06738	0.01841	0.12291	-0.14775	-0.28718	-0.08743	0.13038	-0.19047	0.02643	0.54698	0.15767	-0.01999	0.09030	(And (Cardinality $x0 <num>) (Theme $e0 $x0))
p200306	0.20925	0.18291	-0.14986	-0.01897	-0.07858	-0.08295	0.14790	-0.16035	0.10126	-0.12533	-0.09610	-0.03218	-0.01087	0.08792	0.17655	0.18048	0.12325	-0.08017	-0.13952	0.18369	0.04359	0.24483	-0.14698	-0.14974	0.26564	-0.09943	0.15592	0.00006	-0.00278	-0.17068	0.00902	0.00060	(And (Location $e0 $x0) (Ongoing $e0))
p200319	-0.19822	-0.04744	-0.07730	0.07805	0.16149	-0.03175	-0.06204	-0.07274	0.05171	-0.22881	-0.05017	0.07178	-0.04133	0.14679	-0.16062	-0.14008	0.10852	0.00275	0.20881	0.49551	-0.04321	0.12643	0.29396	0.05160	0.02989	0.13390	-0.13591	-0.01913	0.10920	-0.05156	0.01158	-0.06236	(And (Agent $e0 $x0) (Recipient $e0 $x1) (Theme $e0 $x2))
p200338	-0.01406	0.07119	-0.00642	-0.00406	0.09258	-0.01254	0.03288	-0.12048	0.51436	0.25291	-0.01832	0.56472	-0.03331	0.05147	-0.02430	-0.10156	-0.03139	-0.16670	-0.06426	-0.12795	-0.02720	-0.16284	0.02252	-0.01311	-0.07172	-0.10255	-0.00520	0.00725	-0.04637	0.05543	-0.00181	0.01117	(And (Holder $e0 $x0) (Member $e0 have) (Theme $e0 $x1))
p200341	-0.21496	-0.08796	0.16395	-0.13439	0.19880	0.39555	0.00495	0.19496	0.11236	-0.09863	0.00036	-0.06878	-0.02397	-0.33040	0.04776	-0.22631	-0.14593	-0.20290	-0.18523	-0.07699	0.11320	0.01742	0.17643	0.38745	0.12446	0.07184	-0.13219	0.44706	0.11027	-0.07596	0.10638	-0.00945	(And (Experiencer $e0 $x0) (Result $e1 $e0))
p200342	-0.01406	0.07119	-0.00642	-0.00406	0.09258	-0.01254	0.03288	-0.12048	0.51436	0.25291	-0.01832	0.56472	-0.03331	0.05147	-0.02430	-0.10156	-0.03139	-0.16670	-0.06426	-0.12795	-0.02720	-0.16284	0.02252	-0.01311	-0.07172	-0.10255	-0.00520	0.00725	-0.04637	0.05543	-0.00181	0.01117	(And (Holder $e0 $x0) (Member $e0 have))
p200343	-0.12648	-0.07233	0.01869	-0.08715	0.01968	0.29264	-0.11864	0.12956	0.08601	-0.04333	0.18593	-0.05079	-0.00110	-0.21283	-0.11742	-0.10145	-0.09136	-0.12902	-0.08330	0.01198	0.04668	-0.02484	0.07998	0.21580	0.10383	-0.06631	-0.06686	0.28148	0.13191	-0.04415	-0.02748	0.02569	(And (Past $e0) (Result $e0 $e1))
p200345	-0.06692	-0.16328	-0.06119	0.05331	-0.03821	0.04984	-0.00186	-0.25467	-0.03354	0.34991	-0.01257	-0.04383	-0.00734	-0.09848	-0.00907	0.09890	0.04331	-0.00891	0.20820	-0.15060	0.04452	-0.00910	0.05553	-0.08891	0.25934	0.02572	-0.00339	0.03090	0.34574	-0.10297	0.09477	-0.05812	(Member $e0 start)
p200378	-0.08295	-0.08098	-0.04435	-0.04263	-0.03021	-0.08339	0.16622	-0.14116	-0.08099	0.34921	0.02117	-0.00514	0.00102	-0.08397	-0.04726	0.02787	-0.00063	0.00672	0.26008	-0.08353	-0.01378	-0.02712	0.01172	-0.09553	0.31529	0.05611	-0.00454	0.02932	0.33978	-0.10659	0.01345	0.00900	(And (Ongoing $e0) (Theme $e1 $e0))
p200379	-0.21155	-0.08107	0.16680	-0.13269	0.19985	0.38970	0.00929	0.19282	0.11004	-0.10013	-0.00211	-0.06744	-0.02339	-0.32897	0.04977	-0.22580	-0.14632	-0.20234	-0.18383	-0.07707	0.11016	0.02032	0.17579	0.38330	0.12308	0.07512	-0.12902	0.42016	0.10796	-0.07260	0.11149	-0.01305	(And (Patient $e0 $x0) (Result $e0 $e1))
p200389	0.03803	-0.02714	-0.08182	0.02245	0.15966	0.19483	-0.00542	-0.07561	-0.09291	0.21328	0.08567	0.03947	-0.14382	0.15904	-0.11049	0.09846	0.05789	0.06355	-0.04699	-0.10437	0.18738	0.02651	-0.09230	-0.07453	0.00362	0.18628	-0.01312	-0.04785	-0.08553	0.13425	-0.01338	-0.01383	(And (Agent $e0 $x0) (Might $e0))
p200391	0.11736	0.02810	-0.04052	-0.13436	-0.00994	0.15263	-0.05146	-0.08402	-0.15083	-0.17102	0.00671	0.24634	-0.00648	-0.03211	-0.09771	-0.00414	-0.02041	0.16444	0.14723	0.07434	-0.03497	0.23297	0.02218	-0.06762	0.04275	-0.03860	-0.10689	0.04665	0.03686	-0.11619	-0.01468	0.07074	(GroupOf $x0 child)
p200392	0.04984	-0.00125	0.01829	0.08932	0.00655	0.06966	0.09318	-0.03864	-0.04787	-0.02557	0.09754	-0.00154	0.07265	-0.04713	-0.03972	-0.00932	0.02558	-0.05660	-0.07802	0.03641	-0.03709	-0.00923	-0.06635	-0.03875	0.00147	-0.00968	0.00599	-0.00471	-0.03449	0.05095	-0.00900	0.00627	(Member $x0 new)
p200404	0.00258	-0.05504	0.02851	-0.04830	-0.02052	-0.09068	0.32864	0.07999	-0.04514	0.11106	-0.04382	0.02267	-0.01217	-0.05454	-0.04283	-0.05097	-0.03926	0.01742	0.23638	-0.03090	-0.03318	-0.02229	0.07166	-0.05170	-0.00260	-0.01272	-0.00675	0.05555	0.07048	-0.07283	-0.05761	0.17780	(And (Agent $e0 $x0) (Theme $e1 $e0))
p200406	-0.17042	0.05593	0.31050	-0.14556	-0.07395	-0.01039	0.05925	-0.10727	-0.14179	-0.04085	0.27966	0.13658	0.08486	0.24215	0.20777	0.15658	-0.27591	-0.01994	0.02369	-0.08250	-0.16666	-0.00246	0.24245	-0.28186	-0.11307	0.26996	0.19634	0.02880	-0.05821	-0.10189	-0.04651	0.03956	(Member $e0 work)
p200418	0.45981	-0.03306	0.01686	-0.05692	-0.00564	0.10888	0.05438	-0.09845	-0.10049	-0.00605	-0.14958	0.08309	-0.02843	-0.13608	-0.03921	-0.00641	0.05191	0.00419	-0.04019	-0.12186	0.00218	0.02018	0.42227	-0.10221	-0.02786	-0.15155	-0.04358	0.03015	-0.00013	0.06053	0.03487	0.01066	(And (Agent $e0 $x0) (Goal $e0 $x1))
p200419	-0.03169	0.04055	0.01733	-0.04419	0.00552	-0.01381	-0.03718	0.03689	0.01157	-0.00482	0.05913	-0.03962	0.01119	0.01275	-0.01434	0.01376	0.00805	0.06541	0.01888	0.02135	-0.02180	-0.07034	-0.01985	-0.05765	-0.03163	-0.03525	0.03903	-0.02537	-0.00545	-0.02920	0.01080	-0.02833	(And (Past $e0) (Source $e0 $x0))
p200422	-0.00749	-0.00905	-0.01592	-0.00682	-0.00380	0.00111	-0.00443	0.00239	-0.00701	-0.00827	-0.01945	-0.00853	0.01548	-0.01116	0.00200	0.00943	-0.01362	0.00368	-0.00363	-0.00494	0.00425	-0.00039	0.00299	0.00025	-0.01573	-0.01155	0.00775	-0.01026	0.00429	-0.00787	0.01591	0.01552	(Can $e0)
p200435	-0.00940	-0.01105	-0.02553	0.35239	-0.15118	0.30922	-0.12939	0.05099	0.16712	0.00142	-0.22595	-0.14102	0.02461	-0.01454	0.21781	0.20824	-0.00238	-0.13285	0.32892	-0.05461	-0.02234	-0.05754	-0.03380	-0.11463	-0.11847	-0.12151	-0.03123	-0.04449	-0.02085	-0.16933	0.14085	-0.01420	(And (Future $e0) (Patient $e0 $x0))
p200436	-0.01816	-0.02953	0.04139	0.18136	-0.17179	-0.15722	-0.05855	0.22184	-0.21242	0.00194	0.03245	0.32568	-0.04027	-0.15141	-0.00140	0.18426	-0.02793	0.08490	-0.07544	0.12346	0.13897	0.05607	0.01398	0.19568	0.05225	-0.09277	0.02585	-0.01206	0.01135	-0.00432	-0.00313	0.02614	(And (Member $e0 buy) (Theme $e0 $x0))
p200441	-0.01816	-0.02953	0.04139	0.18136	-0.17179	-0.15722	-0.05855	0.22184	-0.21242	0.00194	0.03245	0.32568	-0.04027	-0.15141	-0.00140	0.18426	-0.02793	0.08490	-0.07544	0.12346	0.13897	0.05607	0.01398	0.19568	0.05225	-0.09277	0.02585	-0.01206	0.01135	-0.00432	-0.00313	0.02614	(Member $e0 buy)
p200442	-0.02880	-0.02675	-0.01959	-0.01017	0.00670	-0.01450	0.00235	-0.00717	0.00590	0.01203	0.01615	-0.02460	-0.01285	-0.00033	-0.00820	-0.01016	-0.01103	0.00632	0.03664	-0.02116	0.06499	0.00331	-0.00273	0.02379	0.01117	0.00031	0.01047	-0.00500	0.01871	-0.01275	-0.03272	-0.00841	(Stimulus $e0 $x0)
p200443	-0.02274	0.01007	0.01930	-0.00681	-0.00931	0.03020	-0.01439	0.00130	0.01185	-0.01355	-0.01475	-0.01016	0.04664	0.00277	-0.00269	-0.02954	-0.02212	-0.00825	-0.00115	-0.00730	0.01908	-0.01635	0.00489	-0.00458	0.00525	-0.01676	0.00403	-0.01503	-0.01558	-0.00895	0.00173	0.01652	(To $e0 $e1)
p200453	-0.06988	-0.09435	-0.03469	-0.04843	-0.01758	-0.08750	0.13801	-0.11567	-0.06775	0.29764	0.04972	-0.00672	-0.00922	-0.06703	-0.06079	0.00611	0.00640	0.02103	0.23636	-0.07502	-0.00763	-0.02424	0.00863	-0.06595	0.26779	0.04875	-0.01336	0.03957	0.29524	-0.07690	-0.02836	0.00855	(And (Ongoing $e0) (Past $e1) (Theme $e1 $e0))
p200461	-0.01931	-0.02737	0.04255	0.17976	-0.16822	-0.15563	-0.05942	0.22088	-0.20883	0.00523	0.03156	0.32064	-0.04659	-0.15079	0.00040	0.18477	-0.02566	0.08571	-0.07507	0.12130	0.14078	0.05494	0.01460	0.19363	0.04926	-0.09178	0.02566	-0.01239	0.01266	-0.00430	-0.00310	0.02552	(And (Member $e0 buy) (Past $e0) (Theme $e0 $x0))
p200467	-0.01931	-0.02737	0.04255	0.17976	-0.16822	-0.15563	-0.05942	0.22088	-0.20883	0.00523	0.03156	0.32064	-0.04659	-0.15079	0.00040	0.18477	-0.02566	0.08571	-0.07507	0.12130	0.14078	0.05494	0.01460	0.19363	0.04926	-0.09178	0.02566	-0.01239	0.01266	-0.00430	-0.00310	0.02552	(And (Member $e0 buy) (Past $e0))
p200468	-0.00295	-0.02631	0.00360	-0.01940	-0.00665	-0.07515	0.32016	0.02830	-0.07831	0.12479	-0.12189	0.04344	0.03510	-0.02484	0.01838	0.00455	0.03113	-0.02282	0.01183	0.00043	-0.04730	0.00306	0.06071	-0.09920	0.01673	0.00900	0.03859	-0.01316	0.02590	-0.03732	0.20578	-0.03140	(And (Patient $e0 $x0) (Theme $e1 $e0))
p200474	-0.04058	0.06879	-0.00165	0.11014	-0.06862	0.07004	0.02602	0.10924	0.05283	0.04695	-0.05372	-0.05829	-0.00517	-0.00634	0.05779	0.07877	-0.03296	-0.05866	0.26219	0.00243	-0.04731	-0.04899	-0.04844	-0.08503	-0.01375	-0.01575	-0.02356	-0.05355	0.02079	-0.10603	0.04079	-0.00205	(Member $e0 begin)
p200475	-0.00549	-0.01892	-0.01244	-0.00897	-0.01383	0.00728	0.00593	0.00530	-0.01091	-0.02093	0.00281	-0.00594	0.05702	-0.00571	0.00211	-0.01709	-0.02088	-0.00385	-0.00365	0.00549	-0.01123	-0.00673	0.00004	0.00489	0.00989	-0.00464	0.00496	-0.00360	-0.00944	-0.00163	0.00079	0.01646	(Member $e0 use)
p200476	0.01209	-0.01774	-0.00726	-0.00647	0.00709	-0.01445	0.00394	-0.01772	0.01012	-0.00784	0.00747	0.02543	0.02093	-0.01520	-0.01821	-0.00910	-0.01769	-0.01167	-0.01171	-0.01039	0.00615	0.02291	0.01015	0.01852	0.00123	-0.01798	0.02315	-0.01105	-0.00135	0.00531	0.01096	-0.00036	(Member $x0 house)
p200477	-0.10182	0.18249	-0.12895	0.16510	0.02961	-0.13766	-0.04004	0.05289	-0.01665	0.12316	0.11225	-0.03384	0.04231	0.01928	0.14437	-0.10957	0.09888	0.07122	-0.06138	-0.01287	-0.03335	0.11455	0.14487	0.07628	-0.11456	-0.05569	-0.08929	0.00241	0.05250	-0.10479	-0.03065	0.05721	(Member $x0 school)
p200490	-0.00203	-0.07093	0.03449	-0.04097	-0.00247	-0.07879	0.29115	0.05179	-0.03010	0.12003	-0.03493	0.00342	-0.02250	-0.05571	-0.03565	-0.05047	-0.01208	0.01873	0.22893	-0.04919	-0.01632	-0.02289	0.07187	-0.03840	0.00862	-0.00333	-0.01437	0.03184	0.08241	-0.05995	-0.05834	0.12449	(And (Agent $e0 $x0) (Past $e1) (Theme $e1 $e0))
p200500	-0.00610	-0.06567	0.06338	-0.02957	-0.00981	-0.05563	0.27388	0.03590	-0.02821	0.12408	-0.07079	0.00205	-0.02238	-0.05957	-0.03074	-0.06606	0.03692	-0.00048	0.18511	-0.05003	-0.04447	-0.01321	0.07423	-0.04589	0.01810	-0.00692	-0.01889	0.01812	0.08752	-0.04514	-0.02575	0.08970	(And (Agent $e0 $x0) (Past $e0) (Theme $e0 $e1))
p200511	0.17872	-0.00423	-0.03714	-0.04160	-0.02900	0.06063	-0.00749	-0.07056	-0.02908	-0.03399	-0.03139	0.02970	-0.01062	-0.12386	-0.04318	0.00251	-0.05193	-0.01689	-0.02132	-0.03139	0.02139	0.10632	0.17642	-0.01705	0.06046	-0.09469	0.05441	-0.00611	0.09036	-0.00415	-0.00217	0.06772	(Member $e0 walk)
p200512	0.01445	0.00559	-0.00730	-0.02010	-0.01759	-0.01551	-0.02983	0.01508	0.02331	-0.02009	0.04109	-0.02305	-0.00930	-0.01192	-0.00372	0.01845	0.00062	0.06486	-0.01771	0.01463	-0.01569	-0.01228	-0.02988	-0.04193	-0.01450	-0.02110	0.00243	0.00017	0.05998	-0.01304	0.00723	0.01033	(SubsetOf $x0 $x1)
p200540	0.01204	0.06607	-0.02683	-0.09341	-0.10533	0.14669	0.11345	-0.23350	0.03852	-0.05070	-0.03864	-0.03044	-0.00048	0.03447	-0.11389	0.15512	-0.04017	0.24774	-0.00762	-0.13027	0.00067	-0.02723	0.11407	0.14184	-0.05652	-0.13665	-0.08148	0.00734	0.26551	0.10800	-0.02653	0.03155	(And (Agent $e0 $x0) (Cardinality $x0 <num>))
p200541	-0.00106	-0.02413	-0.05824	0.10820	-0.07609	0.11738	-0.08935	0.07053	0.08616	-0.00959	-0.06182	-0.06833	0.01940	-0.03609	0.06459	0.08410	-0.04884	-0.04950	0.08472	0.00407	-0.01659	-0.04863	-0.02743	-0.02526	-0.04030	-0.08923	0.00569	-0.00178	0.01197	-0.07822	-0.01278	0.13705	(And (Agent $e0 $x0) (Future $e0))
p200542	0.22302	0.10005	-0.16321	-0.00613	-0.07597	-0.14264	0.18604	-0.10198	0.05101	-0.06172	-0.09367	0.00778	-0.01034	0.22935	0.22599	0.20679	0.18598	0.01414	-0.11399	0.18368	0.00821	0.04584	-0.14888	-0.17510	0.14342	-0.05221	0.01925	0.16185	-0.12870	-0.14228	0.00481	-0.05928	(And (Experiencer $e0 $x0) (Ongoing $e0))
p200543	0.00577	0.03855	-0.00793	0.02776	-0.04072	0.06153	-0.03406	0.01735	-0.00609	-0.02643	-0.00573	0.00697	0.02182	-0.05368	-0.05186	-0.01579	-0.04105	-0.03083	-0.03873	0.04740	0.00307	0.00908	-0.00771	0.01294	0.00240	-0.02557	0.00562	0.02187	0.00985	0.00663	0.09220	0.06146	(And (Member $e0 make) (Patient $e0 $x0))
p200546	0.08720	-0.06672	-0.08721	0.23799	0.13464	0.12770	0.14546	-0.15494	-0.05704	0.02633	0.28954	0.01866	-0.09100	-0.11366	-0.10942	0.08034	0.12721	-0.09170	-0.12683	-0.05302	0.11354	0.01075	-0.12710	-0.04493	0.08575	0.12487	-0.05989	-0.02311	-0.01717	0.09809	-0.07602	-0.05320	(Member $e0 decide)
p200547	0.00854	-0.00415	-0.00415	-0.01088	-0.00815	0.00199	-0.00425	-0.01533	0.00867	0.00724	-0.00178	0.03515	0.00394	0.00823	-0.01069	-0.01544	-0.00470	-0.00892	-0.01837	-0.00242	0.01194	-0.00393	0.01212	0.00341	0.00837	-0.01813	0.00010	0.01913	-0.00985	0.00884	0.01336	0.00230	(Member $x0 room)
p200566	0.01717	-0.04341	-0.04260	-0.03159	0.00486	-0.15857	-0.11630	0.30566	0.04194	-0.17895	0.01373	0.00580	0.03232	-0.18403	0.23337	0.10675	0.00036	0.00836	-0.03643	0.08539	0.04364	0.07037	-0.03899	-0.16796	-0.07612	-0.03201	-0.11452	0.01618	0.43269	0.16211	-0.00912	0.08006	(And (Agent $e0 $x0) (Cardinality $x1 <num>) (Theme $e0 $x1))
p200579	-0.01713	-0.01174	0.03911	0.16117	-0.13396	-0.14709	-0.05064	0.21463	-0.16466	0.01918	0.02126	0.28624	-0.09167	-0.14185	0.02327	0.17903	0.01488	0.07375	-0.08047	0.09483	0.07708	0.06492	0.01778	0.16797	0.03286	-0.08913	0.00808	-0.00846	0.02645	0.00345	-0.00077	0.00973	(And (Agent $e0 $x0) (Member $e0 buy) (Past $e0) (Theme $e0 $x1))
p200582	-0.13609	-0.10275	0.09333	0.02174	0.02560	0.10110	0.01566	-0.09034	0.23560	-0.07737	-0.05116	-0.11274	-0.08455	-0.09401	-0.04513	-0.07242	0.10247	-0.12226	-0.06730	-0.06968	0.03348	0.28581	-0.02218	0.14626	-0.02248	-0.07423	0.12972	-0.05595	0.09425	-0.03760	-0.02538	0.05647	(And (Agent $e0 $x0) (Location $e0 $x1) (Past $e0))
p200583	-0.01713	-0.01174	0.03911	0.16117	-0.13396	-0.14709	-0.05064	0.21463	-0.16466	0.01918	0.02126	0.28624	-0.09167	-0.14185	0.02327	0.17903	0.01488	0.07375	-0.08047	0.09483	0.07708	0.06492	0.01778	0.16797	0.03286	-0.08913	0.00808	-0.00846	0.02645	0.00345	-0.00077	0.00973	(And (Agent $e0 $x0) (Member $e0 buy) (Past $e0))
p200584	-0.01713	-0.01174	0.03911	0.16117	-0.13396	-0.14709	-0.05064	0.21463	-0.16466	0.01918	0.02126	0.28624	-0.09167	-0.14185	0.02327	0.17903	0.01488	0.07375	-0.08047	0.09483	0.07708	0.06492	0.01778	0.16797	0.03286	-0.08913	0.00808	-0.00846	0.02645	0.00345	-0.00077	0.00973	(And (Agent $e0 $x0) (Member $e0 buy) (Theme $e0 $x1))
p200591	-0.01713	-0.01174	0.03911	0.16117	-0.13396	-0.14709	-0.05064	0.21463	-0.16466	0.01918	0.02126	0.28624	-0.09167	-0.14185	0.02327	0.17903	0.01488	0.07375	-0.08047	0.09483	0.07708	0.06492	0.01778	0.16797	0.03286	-0.08913	0.00808	-0.00846	0.02645	0.00345	-0.00077	0.00973	(And (Agent $e0 $x0) (Member $e0 buy))
p200592	-0.04147	0.00951	-0.00524	-0.05085	0.06180	-0.03411	-0.00357	0.02254	0.00644	-0.00708	-0.00410	-0.02215	0.01933	-0.00509	0.01839	0.04018	0.01978	0.02776	0.04271	-0.00534	-0.05258	-0.03949	-0.01393	-0.02924	-0.01942	-0.02048	0.01530	0.00411	-0.00970	-0.04115	-0.00685	0.02724	(And (Agent $e0 $x0) (Source $e0 $x1))
p200593	0.20758	-0.00816	-0.17515	0.01095	-0.05838	-0.14609	0.20094	-0.12536	0.09364	-0.07190	-0.11563	-0.03058	-0.02041	0.18992	0.23260	0.20002	0.18932	-0.00909	-0.12005	0.14379	0.03905	0.14269	-0.13249	-0.11828	0.08916	-0.07978	0.08082	0.15044	-0.10135	-0.12209	0.00906	-0.05332	(And (Experiencer $e0 $x0) (Location $e0 $x1))
p200594	-0.03116	-0.05159	0.00126	-0.01424	0.02502	-0.04177	0.05432	-0.07626	0.03939	-0.01054	0.00445	-0.03213	0.00376	-0.07653	-0.03050	-0.00823	0.01427	-0.04510	-0.03239	-0.02591	-0.01389	0.18758	0.00698	0.03680	0.02354	-0.02035	0.10639	-0.03829	0.09052	-0.00813	0.10580	-0.03766	(And (Location $e0 $x0) (Patient $e0 $x1))
p200595	-0.05098	-0.16750	-0.04774	-0.03448	-0.00303	-0.01801	0.02251	-0.21297	-0.05571	0.27676	0.06410	-0.01055	-0.01140	-0.08777	-0.06801	0.02219	0.03120	0.02374	0.11049	-0.11288	0.03952	0.00913	0.05522	-0.02729	0.23914	0.03170	0.00316	0.05512	0.30089	-0.04431	0.01189	-0.01943	(And (Member $e0 start) (Past $e0))
p200596	0.10566	-0.00194	-0.04402	0.03920	0.15035	0.13878	0.02347	0.00266	-0.03505	0.10374	0.08623	0.01433	-0.10773	0.09656	-0.16474	0.06369	0.06728	0.03682	-0.00931	-0.09846	0.06259	0.10898	-0.11411	-0.02968	0.02395	0.14872	-0.06952	-0.03920	-0.03275	0.09015	-0.01969	-0.09133	(And (Might $e0) (Theme $e0 $x0))
p200597	0.01351	0.19976	0.02068	-0.03475	0.00943	0.01625	-0.06064	0.00211	-0.03986	-0.04937	0.02488	0.01034	0.10424	0.00518	-0.02599	0.00985	-0.02030	-0.01867	-0.01139	0.03837	-0.05795	-0.05515	-0.04499	-0.08012	0.11061	-0.00379	-0.01644	-0.01987	-0.01370	-0.03980	-0.01616	0.01073	(And (Ongoing $e0) (Theme $e0 $x0))
p200598	-0.05612	-0.12058	0.03808	-0.04532	-0.03600	0.09766	-0.09073	0.26490	0.03513	0.19854	-0.05781	-0.07204	0.02496	0.27050	-0.11851	-0.01301	-0.04900	-0.08486	-0.05974	-0.09066	-0.05896	0.22979	0.07074	-0.16459	0.19741	-0.08182	-0.10691	-0.01885	-0.18096	0.20555	0.00622	-0.06372	(And (Possession $x0 $x1) (Theme $e0 $x0))
p200603	0.02395	-0.01118	-0.01499	-0.02393	0.00013	0.03000	-0.01802	0.00963	0.00696	-0.00627	0.00836	-0.00881	-0.00022	-0.03907	-0.02110	0.01241	-0.01837	-0.00487	-0.00953	-0.01055	0.00886	0.00538	0.05179	0.00376	-0.02024	-0.03774	0.01563	0.00387	0.01725	-0.01077	0.04114	-0.00488	(Instrument $e0 $x0)
p200604	-0.09365	0.03613	0.10401	0.29170	0.20615	-0.14525	-0.01777	-0.00729	0.02439	-0.05295	-0.02343	-0.05935	-0.05749	0.29243	-0.04755	-0.18619	-0.09363	-0.09138	-0.05865	0.18951	0.01377	-0.06384	0.17289	0.01213	-0.04957	-0.12836	0.00902	-0.01352	0.23008	-0.06744	-0.00963	-0.04023	(Member $e0 give)
p200605	0.12284	0.00385	-0.03630	-0.03330	0.01216	0.03879	-0.03137	0.03259	-0.01602	-0.00305	0.03966	0.01362	-0.05119	-0.03977	-0.04656	0.01374	-0.04668	0.00289	0.02128	-0.03203	0.09791	-0.02579	0.12722	-0.00719	-0.02374	-0.04600	-0.00567	0.00819	-0.01986	0.00114	-0.03263	0.01912	(Member $e0 go)
p200606	0.20585	-0.02651	0.18941	0.11465	0.02228	-0.11325	-0.01564	0.10677	0.16773	0.00243	-0.01261	-0.17878	0.06832	-0.02711	-0.02044	-0.04520	-0.16418	0.28417	-0.03995	-0.01867	-0.09726	0.10358	-0.14434	-0.13969	0.01632	0.24920	-0.08543	0.02274	0.02219	-0.06663	-0.00955	0.00169	(Member $e0 require)
p200607	0.00403	-0.00908	-0.00748	-0.00798	-0.01738	0.04380	-0.02996	0.01598	0.00770	-0.00526	0.03194	0.00226	-0.00378	-0.02644	-0.03030	0.00046	0.00735	-0.01190	-0.02245	0.01067	-0.02648	-0.01477	0.02117	0.00283	0.00226	-0.03044	-0.00776	0.04949	0.01051	-0.00495	0.04545	0.00523	(Member $x0 door)
p200639	-0.08385	-0.09807	0.00266	-0.06076	0.00599	0.19533	-0.07772	0.06177	0.04332	-0.01469	0.14161	-0.01150	0.00859	-0.15865	-0.09236	-0.05409	-0.04974	-0.08303	-0.07517	0.00199	-0.03344	0.00227	0.06517	0.15308	0.06860	-0.04708	-0.04495	0.28369	0.12178	-0.02677	0.02001	0.01564	(And (Experiencer $e0 $x0) (Past $e1) (Result $e1 $e0))
p200662	0.34380	-0.02374	0.03652	-0.03316	0.00400	0.08610	0.04064	-0.09238	-0.07326	0.01902	-0.12258	0.05244	-0.02973	-0.09117	-0.03212	-0.01952	0.07692	-0.01206	-0.03481	-0.10029	0.01051	0.00521	0.32500	-0.08096	-0.01002	-0.10280	-0.03248	0.01855	-0.01456	0.05246	0.02644	-0.02586	(And (Agent $e0 $x0) (Goal $e0 $x1) (Past $e0))
p200663	0.06927	0.00128	-0.07841	0.01954	0.14708	0.15577	0.02712	-0.01955	-0.06430	0.10359	0.08796	0.04664	-0.11231	0.10319	-0.15995	0.07346	0.09340	-0.01330	-0.00293	-0.09543	0.07492	0.08943	-0.09024	-0.00731	0.02193	0.10073	-0.05371	-0.03969	-0.04006	0.10115	-0.01828	-0.08924	(And (Agent $e0 $x0) (Might $e0) (Theme $e0 $x1))
p200671	0.01979	-0.00643	-0.02678	0.00623	-0.03767	-0.07616	0.15580	0.05292	-0.04131	-0.04134	-0.07450	0.06203	0.02625	0.05336	-0.00545	-0.03380	0.00532	0.02056	-0.08501	0.08116	-0.00560	-0.01517	-0.02373	-0.00494	-0.08898	-0.01825	0.02380	-0.01200	-0.10189	0.03977	0.12485	0.10663	(And (Member $e0 destroy) (Patient $e0 $x0))
p200672	-0.09313	0.03670	0.10235	0.28740	0.20497	-0.14292	-0.01971	-0.00633	0.02541	-0.05021	-0.02344	-0.05905	-0.06428	0.28795	-0.04723	-0.18111	-0.09129	-0.08946	-0.05756	0.18918	0.01630	-0.06352	0.17297	0.01206	-0.05106	-0.12701	0.00849	-0.01357	0.22884	-0.06729	-0.00949	-0.03904	(And (Member $e0 give) (Recipient $e0 $x0))
p200673	-0.07964	0.03130	0.09658	0.28348	0.20312	-0.13939	-0.00779	-0.01138	0.01493	-0.05768	-0.02919	-0.04864	-0.04604	0.26996	-0.03923	-0.17888	-0.08178	-0.09450	-0.06495	0.16956	-0.00546	-0.04838	0.15913	0.01307	-0.04175	-0.12214	0.00290	-0.00622	0.22396	-0.06280	-0.00193	-0.03836	(And (Member $e0 give) (Theme $e0 $x0))
p200674	-0.04179	-0.04807	-0.04167	0.07006	-0.03293	0.07270	-0.03677	-0.08917	0.01003	0.15783	-0.02456	-0.03564	0.00182	-0.04297	0.02849	0.09920	0.01812	-0.03089	0.10420	-0.06268	0.00094	-0.02169	0.01952	-0.06823	0.08338	0.00251	0.00427	-0.00086	0.13040	-0.07046	0.12849	-0.06855	(And (Member $e0 start) (Patient $e0 $x0))
p200675	-0.04970	0.00210	0.04083	0.00519	-0.04092	0.00339	-0.03613	-0.02069	0.01019	0.02391	0.00183	-0.05443	0.04013	0.00285	-0.00492	-0.06191	-0.02873	0.03376	0.01715	0.16302	0.05055	-0.04669	0.02635	0.02254	-0.02933	-0.03178	0.01943	-0.01772	-0.00643	0.01962	-0.02001	0.01832	(And (Past $e0) (Recipient $e0 $x0))
p200676	-0.02697	0.00149	-0.01521	-0.04911	0.05744	-0.03434	0.01309	0.01635	-0.01075	-0.03801	-0.00733	-0.01860	0.06843	0.00237	0.02157	0.03787	-0.00457	0.01689	0.03908	-0.01454	-0.02498	-0.02141	-0.00016	-0.01908	-0.02038	-0.01345	0.01685	-0.00112	-0.02688	-0.04188	0.00212	0.00187	(And (Source $e0 $x0) (Theme $e0 $x1))
p200683	0.01979	-0.00643	-0.02678	0.00623	-0.03767	-0.07616	0.15580	0.05292	-0.04131	-0.04134	-0.07450	0.06203	0.02625	0.05336	-0.00545	-0.03380	0.00532	0.02056	-0.08501	0.08116	-0.00560	-0.01517	-0.02373	-0.00494	-0.08898	-0.01825	0.02380	-0.01200	-0.10189	0.03977	0.12485	0.10663	(Member $e0 destroy)
p200684	-0.05783	0.09687	0.18602	-0.09064	0.21579	0.13006	0.16248	0.15205	0.04959	-0.10510	-0.12658	-0.05318	-0.03846	-0.12858	0.13646	-0.18210	-0.10172	-0.09647	-0.09840	-0.07645	0.17711	-0.00321	0.13626	0.16523	0.02884	0.11543	-0.06603	-0.01250	-0.08121	-0.02453	0.06449	-0.05986	(Member $e0 get)
p200685	-0.00408	-0.04808	-0.01042	-0.00552	-0.01660	0.01525	0.01255	-0.03699	-0.02057	0.01506	-0.00812	-0.01853	0.05751	-0.02845	-0.01331	-0.00434	-0.02954	0.00426	0.03772	-0.02733	0.03414	0.02185	0.02608	-0.01317	0.01886	-0.02694	0.03350	0.00033	0.04398	-0.01131	0.01036	0.03301	(Member $e0 take)
p200686	-0.00104	0.01836	0.00121	0.00402	-0.00999	0.00408	-0.00313	-0.00001	-0.01371	-0.00434	-0.00272	0.00756	-0.00444	-0.00875	-0.00970	-0.01081	-0.00885	-0.00627	-0.01547	0.01382	0.00272	-0.00297	-0.00825	0.00851	0.00135	0.00794	-0.00722	-0.01140	-0.00233	0.00551	0.01158	0.01080	(Member $x0 big)
p200687	-0.03167	-0.01616	0.02220	-0.00817	-0.01005	0.02805	-0.03385	-0.00390	0.00882	-0.01503	0.02853	0.00244	-0.00156	-0.00151	-0.03039	-0.02401	0.01256	-0.00486	-0.02942	0.00249	-0.03008	0.00061	-0.01289	0.01306	0.01989	-0.01562	-0.01581	0.06106	0.00402	0.01215	0.00207	0.05401	(Member $x0 person)
p200733	-0.04439	-0.14135	-0.03655	-0.01840	-0.00518	-0.03573	0.06743	-0.22858	-0.07010	0.29725	-0.00404	-0.00417	0.00042	-0.06763	-0.02888	0.02998	0.04359	0.02293	0.11699	-0.11567	0.03383	0.00518	0.04742	-0.06055	0.26200	0.04966	-0.00518	0.02589	0.28956	-0.05205	0.03961	-0.03435	(And (Member $e0 start) (Ongoing $e1) (Theme $e0 $e1))
p200757	-0.07912	0.03187	0.09492	0.27918	0.20194	-0.13707	-0.00973	-0.01042	0.01595	-0.05494	-0.02921	-0.04834	-0.05283	0.26547	-0.03892	-0.17379	-0.07944	-0.09258	-0.06385	0.16923	-0.00294	-0.04807	0.15921	0.01300	-0.04325	-0.12079	0.00237	-0.00627	0.22273	-0.06266	-0.00179	-0.03717	(And (Agent $e0 $x0) (Member $e0 give) (Recipient $e0 $x1) (Theme $e0 $x2))
p200761	-0.07912	0.03187	0.09492	0.27918	0.20194	-0.13707	-0.00973	-0.01042	0.01595	-0.05494	-0.02921	-0.04834	-0.05283	0.26547	-0.03892	-0.17379	-0.07944	-0.09258	-0.06385	0.16923	-0.00294	-0.04807	0.15921	0.01300	-0.04325	-0.12079	0.00237	-0.00627	0.22273	-0.06266	-0.00179	-0.03717	(And (Agent $e0 $x0) (Member $e0 give) (Recipient $e0 $x1))
p200762	-0.07912	0.03187	0.09492	0.27918	0.20194	-0.13707	-0.00973	-0.01042	0.01595	-0.05494	-0.02921	-0.04834	-0.05283	0.26547	-0.03892	-0.17379	-0.07944	-0.09258	-0.06385	0.16923	-0.00294	-0.04807	0.15921	0.01300	-0.04325	-0.12079	0.00237	-0.00627	0.22273	-0.06266	-0.00179	-0.03717	(And (Agent $e0 $x0) (Member $e0 give) (Theme $e0 $x1))
p200763	-0.00274	0.20882	0.07075	-0.00567	-0.02467	0.05910	-0.07333	0.01806	0.02069	-0.03602	0.01168	-0.01606	-0.00289	0.01971	-0.04251	-0.00656	0.06539	-0.01234	-0.03038	0.05549	-0.04350	-0.05668	-0.06369	-0.09178	0.09686	-0.02087	-0.02995	-0.03978	-0.02253	-0.03954	-0.03495	0.00142	(And (Agent $e0 $x0) (Ongoing $e0) (Past $e0))
p200764	-0.07912	0.03187	0.09492	0.27918	0.20194	-0.13707	-0.00972	-0.01042	0.01595	-0.05494	-0.02921	-0.04834	-0.05283	0.26547	-0.03892	-0.17379	-0.07944	-0.09258	-0.06385	0.16923	-0.00294	-0.04807	0.15921	0.01300	-0.04325	-0.12079	0.00237	-0.00627	0.22273	-0.06266	-0.00179	-0.03717	(And (Member $e0 give) (Recipient $e0 $x0) (Theme $e0 $x1))
p200765	-0.08043	-0.09118	0.00552	-0.05906	0.00705	0.18949	-0.07337	0.05963	0.04100	-0.01619	0.13914	-0.01016	0.00918	-0.15722	-0.09035	-0.05357	-0.05013	-0.08247	-0.07377	0.00191	-0.03647	0.00516	0.06453	0.14893	0.06722	-0.04380	-0.04177	0.25680	0.11948	-0.02341	0.02512	0.01205	(And (Past $e0) (Patient $e0 $x0) (Result $e0 $e1))
p200777	0.07224	0.03294	-0.02778	-0.04288	-0.02832	0.04554	-0.03329	-0.00805	-0.03340	-0.06295	0.00534	0.05338	0.00987	-0.05479	-0.03611	0.01753	-0.05558	0.02551	0.01563	0.00318	-0.02236	0.04436	0.04727	-0.02300	0.02169	-0.05720	0.00155	0.02151	0.04908	-0.03299	-0.02512	0.09308	(And (Agent $e0 $x0) (GroupOf $x0 child))
p200778	-0.07912	0.03187	0.09492	0.27918	0.20194	-0.13707	-0.00973	-0.01042	0.01595	-0.05494	-0.02921	-0.04834	-0.05283	0.26547	-0.03892	-0.17379	-0.07944	-0.09258	-0.06385	0.16923	-0.00294	-0.04807	0.15921	0.01300	-0.04325	-0.12079	0.00237	-0.00627	0.22273	-0.06266	-0.00179	-0.03717	(And (Agent $e0 $x0) (Member $e0 give))
p200779	0.05853	0.01895	-0.01102	0.13638	-0.09324	0.13078	0.00726	-0.01487	-0.03815	-0.04742	0.07553	0.01756	0.07589	-0.06697	-0.06847	-0.04311	-0.04807	-0.06256	-0.07559	0.10523	-0.01181	-0.02424	-0.06421	-0.01253	0.04924	-0.02276	-0.01582	0.02975	-0.02180	0.05915	0.00697	0.12573	(And (Agent $e0 $x0) (Member $e0 make))
p200781	0.12751	-0.02390	-0.14763	-0.04896	-0.04350	0.12156	-0.03974	0.10442	-0.05631	0.01407	-0.05169	0.01389	0.12135	0.11562	-0.07069	-0.10540	0.13017	-0.13165	0.02943	-0.00094	0.01334	-0.03700	-0.12830	0.14451	-0.06843	0.10659	0.20086	-0.03539	0.12446	-0.12650	0.00299	-0.00136	(And (Location $e0 $x0) (Theme $e0 $x1))
p200782	-0.04439	-0.14135	-0.03655	-0.01840	-0.00518	-0.03573	0.06743	-0.22858	-0.07010	0.29725	-0.00403	-0.00417	0.00042	-0.06763	-0.02888	0.02998	0.04359	0.02293	0.11699	-0.11567	0.03383	0.00518	0.04742	-0.06055	0.26200	0.04966	-0.00518	0.02589	0.28956	-0.05205	0.03961	-0.03435	(And (Member $e0 start) (Theme $e0 $e1))
p200795	0.09673	0.01189	0.01684	-0.01473	-0.00717	0.02176	0.01216	-0.00642	-0.01292	-0.00285	-0.03615	0.01354	-0.02283	-0.01647	-0.01636	-0.00512	0.04405	0.01215	-0.01814	-0.02176	-0.01966	-0.01558	0.08669	-0.04617	-0.02731	-0.03936	-0.01003	0.01708	-0.01531	0.01549	0.02448	-0.00879	(Member $e0 come)
p200796	0.16408	0.26763	-0.03767	0.02208	0.08177	-0.03394	-0.10311	0.11021	-0.13221	0.09270	-0.05249	0.06245	0.00033	0.04382	-0.19745	-0.07994	0.07927	-0.15470	0.22830	-0.07011	-0.05877	-0.11907	-0.12645	0.10032	-0.23274	0.17128	0.28797	0.05788	0.05464	0.15892	0.01148	-0.05353	(Member $e0 discover)
p200797	0.03718	-0.01001	0.02493	0.01441	0.00295	-0.05426	0.06654	0.04443	0.01952	0.00092	-0.01542	-0.00769	0.01622	0.01226	0.00292	-0.00629	-0.02851	0.05605	0.00754	0.00368	-0.03800	0.00850	-0.02765	-0.03720	-0.03619	0.03876	-0.01130	0.04540	-0.02042	-0.02337	0.00815	0.00183	(Member $e0 need)
p200798	-0.01912	-0.07242	-0.01693	-0.20012	0.16105	0.25950	-0.03447	-0.07216	-0.10933	0.05682	-0.02759	0.13404	-0.01454	-0.08235	0.11064	-0.12317	0.01844	0.32325	0.08190	0.25373	-0.01593	0.05071	-0.05998	-0.13101	-0.00254	-0.03986	0.09528	-0.01217	-0.10300	0.02202	0.01394	-0.03020	(Member $e0 teach)
p200799	-0.00396	0.01568	-0.00532	-0.01310	0.01813	-0.01121	-0.00298	-0.01033	-0.00805	-0.01527	-0.00740	-0.00947	0.02423	-0.00429	0.00444	0.01475	0.00051	-0.00658	-0.00269	-0.00568	-0.00727	0.00787	-0.01141	-0.00503	0.00777	-0.00945	0.01328	0.00318	0.00001	-0.01859	0.00108	-0.00289	(Member $x0 car)
p200800	-0.05318	-0.04366	-0.03206	-0.08325	-0.08502	-0.06103	-0.04121	0.11373	-0.03263	-0.13872	-0.00806	0.11553	0.00530	-0.16965	0.13669	0.10623	0.10698	-0.13022	0.00812	0.16922	0.10480	-0.00304	0.00904	-0.07157	-0.02611	0.04248	-0.07163	-0.00922	0.19742	0.24253	0.00854	-0.00564	(Member $x0 depot)
p200801	0.00012	-0.01335	-0.04819	-0.02746	0.05409	-0.04409	-0.01058	0.01020	-0.00000	-0.00545	-0.02731	-0.00170	0.00159	-0.00252	0.00924	0.05359	-0.02179	0.00358	0.00526	-0.02446	0.00741	-0.00196	-0.00276	0.01875	-0.01749	-0.01181	0.00209	-0.00053	-0.02163	-0.02759	0.02156	0.05326	(Member $x0 physician)
p200802	-0.00826	0.00876	0.00688	-0.00390	0.00237	0.00013	0.00809	-0.00177	-0.01113	-0.00218	-0.02045	-0.00099	0.00331	0.00346	0.01117	-0.00904	-0.00036	0.00114	-0.00724	-0.00348	0.01424	-0.00439	0.00369	-0.00167	-0.00023	0.01185	-0.00418	-0.00254	-0.00813	-0.00459	0.01632	-0.01555	(Member $x0 problem)
p200803	-0.02100	0.02333	0.02325	-0.00819	0.02994	0.01210	0.02025	0.00966	0.02549	0.00017	-0.03206	0.01900	-0.01489	-0.00826	0.02625	-0.02429	-0.00687	-0.02143	-0.01794	-0.01781	0.01653	-0.00623	0.01234	0.02045	0.00036	0.02084	-0.01031	0.01897	-0.01266	-0.01097	0.01571	-0.01865	(Member $x0 weather)
p200804	-0.00590	-0.00403	-0.00025	0.00023	-0.00383	-0.00431	0.00334	-0.00576	-0.00843	0.00160	-0.00647	0.00274	-0.00881	-0.00119	0.00572	-0.00385	0.00728	0.00048	-0.00624	-0.00221	-0.00486	0.00053	-0.00299	0.00425	-0.00255	0.00991	-0.00548	-0.00687	0.00308	0.00082	-0.00048	-0.01174	(Past (LocatedIn $x0 $x1))
p200805	-0.00184	0.00791	-0.00005	0.00405	-0.01879	-0.00457	-0.00247	-0.01636	-0.01761	-0.00048	-0.01666	0.00458	0.02419	0.01910	0.01061	0.00132	0.01261	0.00846	0.00152	0.00230	-0.01326	-0.01299	-0.00717	-0.02411	0.00689	0.00600	-0.00459	0.03963	-0.00656	-0.01146	0.00686	-0.00614	(Time $e0 now)
p200826	-0.00394	0.00613	0.01913	-0.03673	-0.03455	-0.05101	-0.04072	0.10921	-0.05417	-0.07613	0.01535	0.19928	0.00977	-0.12491	0.20590	0.02839	0.05214	-0.06930	-0.04981	0.03686	0.15465	0.02830	-0.05620	-0.11875	-0.08211	-0.06649	-0.08913	-0.00209	0.27978	0.18430	0.00256	0.00216	(And (Cardinality $x0 <num>) (Past $e0) (Theme $e0 $x0))
p200844	-0.01641	-0.07249	-0.01588	-0.19543	0.16092	0.25624	-0.03117	-0.07347	-0.10973	0.05513	-0.02953	0.13624	-0.01304	-0.08113	0.10988	-0.12179	0.01975	0.31492	0.07854	0.24480	-0.01815	0.05642	-0.05947	-0.12840	-0.00080	-0.03732	0.09058	-0.01017	-0.10097	0.02338	0.01620	-0.02990	(And (Agent $e0 $x0) (Member $e0 teach))
p200845	-0.14610	0.03785	0.26390	-0.12357	-0.06153	0.01128	0.00975	-0.12874	-0.12986	-0.02179	0.24168	0.12495	0.05130	0.17629	0.18901	0.14996	-0.25461	-0.03923	0.00043	-0.08292	-0.12398	0.02491	0.23415	-0.22141	-0.09106	0.25749	0.19123	0.00131	-0.01672	-0.07689	-0.03975	0.04074	(And (Location $e0 $x0) (Member $e0 work))
p200846	0.00715	-0.00785	-0.04194	-0.04222	0.14064	-0.05104	-0.00767	-0.00049	0.00942	0.03104	0.00669	-0.01084	-0.04047	-0.01011	0.00394	0.09063	-0.02181	-0.00835	0.00616	-0.06144	0.02362	0.00377	-0.00813	0.01875	-0.01789	-0.00532	0.00038	-0.00889	-0.01576	-0.03983	-0.00124	0.00675	(And (Member $e0 answer) (Theme $e0 $x0))
p200847	0.18712	-0.02529	0.16305	0.09317	0.02035	-0.09698	-0.01326	0.10440	0.14705	-0.01812	-0.00771	-0.15636	0.07474	-0.03520	-0.01493	-0.04415	-0.14941	0.24498	-0.03227	-0.01493	-0.08833	0.09904	-0.12486	-0.11972	0.01862	0.21950	-0.07635	0.01073	0.02952	-0.05957	-0.00685	0.00485	(And (Member $e0 require) (Theme $e0 $x0))
p200848	-0.02016	-0.06999	-0.01310	-0.19248	0.15482	0.25466	-0.03312	-0.07104	-0.10484	0.05997	-0.02773	0.12843	-0.01648	-0.08067	0.11145	-0.12684	0.01875	0.31668	0.07805	0.25152	-0.01391	0.04514	-0.05790	-0.12843	-0.00278	-0.03799	0.09768	-0.01262	-0.10038	0.02728	0.01353	-0.03184	(And (Member $e0 teach) (Recipient $e0 $x0))
p200861	-0.00187	0.03601	-0.00019	-0.00493	-0.00737	-0.00096	-0.01223	0.01226	-0.00107	-0.00108	0.00009	-0.00083	-0.01033	0.01149	-0.00809	0.00796	0.01044	0.00619	-0.00204	0.01160	-0.01019	-0.02303	-0.01520	-0.02164	0.01134	-0.00476	-0.00939	0.01255	-0.00976	-0.01583	-0.01317	0.00925	(For $e0 $x0)
p200862	-0.00361	-0.00604	-0.00934	0.00340	-0.00601	0.00313	0.01461	-0.02670	-0.00009	0.00461	-0.02672	0.00408	0.05025	-0.00945	0.02073	0.00327	-0.00981	-0.00687	0.00361	-0.01404	-0.00622	0.00317	0.00291	-0.01717	0.01914	-0.00216	0.00867	-0.00785	0.02208	-0.00981	0.03467	-0.00652	(GroupOf $x0 thing)
p200863	0.07076	-0.02377	-0.02404	-0.03049	-0.00667	-0.00392	-0.00327	-0.04037	-0.02844	0.03418	0.04670	0.01097	0.01428	-0.03514	-0.03771	0.01634	-0.00709	0.00557	-0.01447	-0.01567	-0.01041	0.00417	0.08074	-0.03143	0.02151	-0.03170	0.02844	-0.00888	0.02932	0.01203	0.05836	-0.02556	(Manner $e0 quickly)
p200864	0.00715	-0.00784	-0.04194	-0.04222	0.14064	-0.05104	-0.00767	-0.00049	0.00942	0.03104	0.00669	-0.01084	-0.04047	-0.01011	0.00394	0.09063	-0.02181	-0.00835	0.00616	-0.06144	0.02362	0.00377	-0.00813	0.01875	-0.01789	-0.00532	0.00038	-0.00889	-0.01576	-0.03983	-0.00124	0.00675	(Member $e0 answer)
p200865	-0.02708	-0.02493	-0.00580	-0.00966	-0.00434	0.06338	-0.03285	0.00866	0.01606	-0.01730	0.01321	-0.01503	0.03109	-0.04578	-0.01622	-0.01454	-0.01395	-0.03063	-0.01538	-0.00077	-0.00348	0.00190	0.00584	0.04050	0.02222	-0.02751	-0.00609	0.06640	0.02430	-0.01616	-0.00280	0.03853	(Member $e0 leave)
p200866	0.06089	0.05912	0.02380	-0.02516	0.00220	-0.02410	0.15813	0.11972	-0.01320	-0.05416	-0.03107	0.01780	-0.00577	0.00326	-0.00511	-0.03708	-0.01267	-0.01573	0.02183	0.03601	-0.01982	-0.01325	0.04077	-0.02943	-0.04688	-0.02835	0.00359	-0.03669	-0.08583	-0.00643	0.00776	0.00963	(Member $e0 try)
p200867	0.08937	-0.06814	-0.06025	0.22371	0.06623	0.13428	0.13331	-0.10908	-0.05016	-0.00651	0.22699	0.01102	-0.02488	-0.10714	-0.08658	0.04031	0.07887	-0.08994	-0.13240	-0.00009	0.05824	0.01333	-0.10703	-0.03666	0.08655	0.08051	-0.04451	-0.00828	-0.02267	0.09558	-0.05836	-0.01486	(Member $x0 board)
p200868	-0.07596	0.12016	-0.15946	0.07649	-0.02824	-0.08196	-0.02319	0.03592	-0.02972	0.13066	0.10167	-0.01145	0.06348	-0.07692	0.16051	-0.06585	0.10408	0.07310	-0.03625	-0.05610	-0.01922	0.14824	0.10757	0.10980	-0.11104	-0.02373	-0.05102	-0.00099	0.00142	-0.07856	-0.02652	0.07191	(Member $x0 hall)
p200869	0.02598	0.03928	0.04026	-0.00940	0.01650	-0.00528	0.03020	0.00362	-0.01767	-0.00770	-0.04293	0.00780	0.00068	0.00687	-0.01479	-0.01487	0.03092	0.00522	-0.01285	0.00064	-0.00300	-0.01748	0.02824	-0.03416	-0.02840	-0.00720	-0.00838	0.00282	-0.04102	0.00686	0.03890	0.00858	(Member $x0 man)
p200870	0.02648	0.00137	-0.01516	-0.00377	-0.00163	-0.00794	0.00536	-0.01633	0.01665	0.00669	-0.00386	0.02669	-0.00553	0.00747	0.00161	0.00025	0.00430	-0.00689	-0.00929	-0.00467	0.00525	-0.00196	0.01142	-0.00410	0.00494	-0.01276	0.00028	0.01365	-0.00918	-0.00103	-0.00931	-0.00728	(Member $x0 place)
p200871	0.06255	0.01079	-0.06107	-0.00027	-0.01622	-0.03717	0.06999	-0.03691	0.04050	-0.03043	-0.04626	-0.02261	-0.00860	0.05758	0.08199	0.05675	0.06346	-0.01184	-0.04950	0.05332	0.04173	0.04567	-0.04615	-0.02933	0.04289	-0.02403	0.01749	-0.00956	-0.04304	-0.04456	0.01251	-0.03051	(Member $x0 table)
p200872	0.06631	-0.03112	-0.01898	0.10022	-0.06843	0.10126	0.01713	-0.02348	-0.02342	-0.02886	0.11982	-0.00719	0.05612	-0.05175	-0.05557	-0.01866	-0.03431	-0.02614	-0.03549	0.06400	0.00978	-0.01559	-0.03241	-0.02695	0.03490	-0.03037	0.00319	0.01841	0.00313	0.04536	-0.05311	0.05288	(Patient $e0 $e1)
p200873	-0.00325	-0.01085	-0.01969	0.05494	-0.04290	0.04914	-0.03719	0.01880	0.02911	0.01350	-0.04450	-0.02686	0.00319	0.00607	0.02483	0.04183	0.00104	-0.01186	0.03353	0.00034	-0.00574	-0.02665	-0.01179	-0.02936	-0.03200	-0.03001	-0.00304	0.01645	-0.01183	-0.03596	0.01940	0.03492	(Time $e0 (Hour <num>))
p200925	0.00698	-0.00650	-0.04214	-0.04133	0.14194	-0.05131	-0.00670	0.00351	0.01261	0.03109	0.00622	-0.00922	-0.05061	-0.01071	0.00422	0.09311	-0.01741	-0.00940	0.00457	-0.06055	0.01639	0.00579	-0.00937	0.01895	-0.01884	-0.00381	-0.00206	-0.00834	-0.01470	-0.03991	-0.00094	0.00625	(And (Agent $e0 $x0) (Member $e0 answer) (Theme $e0 $x1))
p200926	0.01423	-0.00411	-0.02270	0.01307	-0.03322	-0.05371	0.04207	-0.00456	-0.03012	-0.01737	-0.04800	0.04136	0.01422	0.05488	-0.01698	-0.02016	0.01189	0.02708	-0.04794	0.04393	0.00943	-0.01115	-0.03053	-0.00040	-0.04680	-0.00458	0.00350	-0.00076	-0.05795	0.03510	0.08684	0.08928	(And (Agent $e0 $x0) (Member $e0 destroy) (Patient $e0 $x1))
p200927	-0.01745	-0.07006	-0.01205	-0.18779	0.15469	0.25140	-0.02983	-0.07235	-0.10523	0.05827	-0.02967	0.13063	-0.01497	-0.07944	0.11069	-0.12546	0.02006	0.30835	0.07469	0.24259	-0.01613	0.05085	-0.05740	-0.12582	-0.00104	-0.03545	0.09298	-0.01062	-0.09836	0.02864	0.01579	-0.03154	(And (Agent $e0 $x0) (Member $e0 teach) (Recipient $e0 $x1))
p200933	0.00698	-0.00650	-0.04214	-0.04133	0.14194	-0.05131	-0.00670	0.00351	0.01261	0.03109	0.00622	-0.00922	-0.05061	-0.01071	0.00422	0.09311	-0.01741	-0.00940	0.00457	-0.06055	0.01639	0.00579	-0.00937	0.01895	-0.01884	-0.00381	-0.00206	-0.00834	-0.01470	-0.03991	-0.00094	0.00625	(And (Agent $e0 $x0) (Member $e0 answer))
p200934	0.08823	-0.06438	-0.08004	0.23432	0.13002	0.13064	0.11917	-0.17003	-0.05702	0.02974	0.26579	0.02249	-0.08530	-0.11223	-0.10190	0.08280	0.12948	-0.08818	-0.13871	-0.05436	0.09845	0.01656	-0.11933	-0.04597	0.09333	0.12513	-0.05924	-0.01242	-0.00853	0.09921	-0.06263	-0.04693	(And (Agent $e0 $x0) (Member $e0 decide))
p200935	0.01423	-0.00411	-0.02270	0.01307	-0.03322	-0.05371	0.04207	-0.00456	-0.03012	-0.01737	-0.04800	0.04136	0.01422	0.05487	-0.01698	-0.02016	0.01189	0.02708	-0.04794	0.04393	0.00943	-0.01115	-0.03053	-0.00040	-0.04680	-0.00458	0.00350	-0.00076	-0.05795	0.03510	0.08684	0.08928	(And (Agent $e0 $x0) (Member $e0 destroy))
p200936	-0.09774	0.20926	-0.09814	0.16080	0.02332	-0.10613	-0.06325	0.07598	-0.00849	0.11537	0.11150	-0.02326	0.01958	0.02355	0.11421	-0.11391	0.08898	0.06823	-0.06655	-0.01346	-0.03549	0.08084	0.13552	0.04865	-0.08534	-0.05569	-0.09630	-0.00431	0.04887	-0.09641	-0.04687	0.08090	(And (Agent $e0 $x0) (Member $x0 school))
p200937	0.07767	-0.00768	-0.01559	-0.02579	-0.00818	0.00325	-0.01022	-0.01808	-0.01990	-0.00224	0.03959	0.01039	0.01447	-0.02931	-0.03250	0.00886	-0.01172	0.00325	-0.01863	-0.00545	-0.01050	0.00456	0.07633	-0.02330	-0.00598	-0.03845	0.02468	-0.00911	-0.00003	0.01575	0.04387	-0.01320	(And (Manner $e0 quickly) (Past $e0))
p200938	-0.00610	0.02975	-0.00492	0.12625	-0.05580	0.10242	-0.03776	0.03661	0.05212	0.01741	-0.07808	-0.05134	0.00250	0.00862	0.07419	0.09458	-0.00322	-0.04644	0.14609	-0.01785	-0.01821	-0.02346	-0.02068	-0.07402	-0.05380	-0.02463	-0.01264	-0.03941	-0.01374	-0.07394	0.08225	-0.03099	(And (Member $e0 begin) (Patient $e0 $x0))
p200939	0.10714	0.00741	-0.02600	-0.02554	0.01050	0.04367	-0.04538	0.02136	-0.00756	0.00325	0.04281	0.00352	-0.05250	-0.03364	-0.04461	0.00702	-0.03734	0.00143	0.01797	-0.03212	0.10525	-0.02481	0.11579	-0.00427	-0.01319	-0.03666	-0.00497	-0.00512	-0.01228	0.00508	-0.02917	0.00094	(And (Member $e0 go) (Past $e0))
p200940	-0.02351	0.02409	0.00202	-0.01650	0.02119	0.00356	0.00492	-0.06380	0.14547	0.07555	-0.00790	0.18882	0.02691	0.01910	-0.00638	-0.05270	-0.03716	-0.05121	-0.00231	-0.04967	0.08686	-0.07135	0.01781	0.00248	-0.03312	-0.04875	0.00792	-0.00616	-0.00053	0.02343	-0.00596	0.01527	(And (Member $e0 have) (Past $e0))
p200941	-0.15540	-0.08667	-0.21887	-0.09826	-0.12925	-0.07893	-0.05179	0.02201	0.22928	-0.07533	-0.02162	-0.13784	0.04691	-0.17183	-0.05851	0.11632	0.19005	-0.08742	0.10612	0.21221	-0.05370	-0.06368	0.21652	0.09409	0.10579	0.28113	-0.02296	-0.01299	-0.07989	0.15330	-0.00573	0.02466	(And (Member $e0 lend) (Theme $e0 $x0))
p200942	0.00348	-0.01996	-0.01062	-0.00701	-0.01409	0.04065	-0.02505	0.01100	0.00563	-0.00394	0.02968	0.00387	0.00268	-0.03045	-0.02721	0.00169	0.00026	-0.01332	-0.01932	0.00601	-0.02427	-0.00658	0.02546	0.01015	-0.00212	-0.02631	-0.00343	0.04341	0.01444	-0.00157	0.05353	0.00601	(And (Member $x0 door) (Patient $e0 $x0))
p200953	-0.00791	-0.01136	-0.02004	0.05532	-0.04129	0.06860	-0.05824	0.03298	0.04829	0.01582	-0.01965	-0.03884	-0.01847	-0.00518	0.01711	0.03894	-0.00845	-0.01452	0.03334	0.00191	0.00954	-0.03794	-0.01746	-0.01603	-0.02430	-0.04169	-0.00573	-0.00273	-0.00730	-0.03237	-0.02716	0.07290	(Member $e0 arrive)
p200954	-0.15540	-0.08667	-0.21887	-0.09826	-0.12925	-0.07893	-0.05179	0.02201	0.22928	-0.07533	-0.02162	-0.13784	0.04691	-0.17183	-0.05851	0.11632	0.19005	-0.08742	0.10612	0.21221	-0.05370	-0.06368	0.21652	0.09409	0.10579	0.28113	-0.02296	-0.01299	-0.07989	0.15330	-0.00573	0.02466	(Member $e0 lend)
p200955	0.00182	0.01401	0.00577	0.00309	-0.04374	-0.00340	-0.01746	-0.01566	-0.03161	0.00390	0.00581	-0.02588	0.10125	-0.01689	0.00818	-0.02937	-0.05141	-0.00073	0.00366	0.08601	0.02130	0.00306	-0.00471	0.01970	0.01608	-0.00800	-0.00222	-0.00456	-0.00526	0.01122	-0.00657	0.02155	(Member $e0 sell)
p200956	-0.00151	-0.00148	-0.02455	-0.02137	0.03785	-0.02014	-0.00252	0.01005	0.02699	0.00811	-0.00367	0.01983	-0.00476	-0.00904	0.00608	0.03277	-0.01024	-0.01210	0.00191	-0.01807	-0.01563	-0.00944	0.00420	0.00620	-0.01443	-0.01381	0.00456	-0.00590	-0.00973	-0.01992	0.01630	0.00489	(Member $x0 bank)
p200957	0.04505	-0.00853	-0.03599	0.00178	-0.01541	-0.03726	0.04743	-0.03558	0.01837	-0.01700	-0.01424	-0.00200	-0.01442	0.05671	0.05507	0.03329	0.06583	0.00240	-0.04154	0.03782	0.00416	0.01581	-0.04376	-0.01962	0.02756	-0.00834	-0.00531	0.01378	-0.03207	-0.01353	0.00542	-0.01516	(Member $x0 book)
p200958	-0.00296	0.01154	0.01845	0.00273	-0.01043	0.00063	-0.00480	-0.01706	-0.00211	-0.00229	-0.00222	-0.00309	-0.00061	0.01722	-0.00794	-0.00375	0.03092	-0.00506	-0.02180	0.00555	-0.01972	0.01886	-0.02004	-0.01833	0.01734	-0.00679	-0.00343	0.02612	-0.00254	-0.00062	-0.00518	-0.00445	(Member $x0 cat)
p200959	0.13236	0.02730	0.16751	0.00871	-0.09971	-0.01072	-0.01864	-0.03127	-0.04314	0.25357	0.00393	-0.01065	-0.05404	-0.04594	-0.12563	0.15199	-0.16567	-0.11628	-0.02160	0.25868	-0.00349	0.08141	-0.11556	0.21579	-0.12042	0.01788	-0.07402	-0.00429	-0.04614	-0.08702	-0.00073	-0.00052	(Member $x0 crate)
p200960	0.01067	0.01312	-0.01629	-0.00659	-0.01297	-0.03921	0.04646	0.02989	-0.00126	-0.02401	-0.00782	0.01539	0.00378	0.02235	-0.01730	-0.00231	0.01032	0.01695	-0.03842	0.04111	-0.01168	-0.00723	-0.02218	-0.01211	-0.03483	-0.01394	0.01609	-0.00376	-0.03829	0.00860	0.06234	0.04124	(Member $x0 fire)
p200961	-0.00776	-0.00507	-0.00258	0.00037	0.01118	-0.00782	0.00136	-0.00104	-0.00339	-0.00211	-0.00546	-0.00339	0.00148	0.00268	0.00235	0.00096	0.00612	-0.00384	-0.00547	-0.00716	-0.00937	0.00092	-0.00270	0.00431	-0.00234	-0.00049	-0.00535	-0.00526	0.00057	-0.00468	-0.00148	-0.00249	(Member $x0 good)
p200962	0.04010	0.00704	0.00424	-0.00797	-0.00392	0.00072	-0.00900	-0.00291	-0.00555	0.00233	-0.00221	0.00257	-0.01617	-0.00832	-0.01553	0.00454	0.01630	0.01575	-0.00888	-0.00903	-0.01052	-0.00702	0.03161	-0.02409	-0.01891	-0.00962	0.00038	-0.00951	0.00146	0.00975	0.03047	-0.01609	(Member $x0 tree)
p200966	-0.03431	-0.14197	-0.03112	-0.02431	-0.00265	-0.03635	0.05164	-0.19578	-0.05928	0.24798	0.01818	-0.00371	-0.00398	-0.06141	-0.04258	0.01162	0.03562	0.02876	0.10207	-0.10052	0.03326	0.00915	0.04303	-0.03709	0.21927	0.03702	-0.00453	0.03413	0.25428	-0.03485	0.00152	-0.01013	(And (Member $e0 start) (Ongoing $e1) (Past $e0) (Theme $e0 $e1))
p201016	-0.03118	-0.05517	-0.00064	-0.01605	-0.03398	-0.02389	0.07124	-0.07226	-0.03174	0.14587	-0.01635	-0.00299	0.01022	-0.06743	-0.03424	-0.01751	-0.00858	0.00427	0.14643	-0.04022	-0.01736	-0.00129	0.02199	-0.02892	0.13768	0.00935	-0.00602	0.03240	0.17871	-0.04975	-0.03627	0.09116	(And (Agent $e0 $x0) (Ongoing $e1) (Theme $e0 $e1))
p201056	-0.01436	0.06431	0.01059	-0.01391	-0.03436	0.03016	-0.03547	-0.05046	-0.01728	-0.01213	0.00532	0.01254	0.02468	-0.05224	-0.04139	-0.00963	-0.04068	-0.03616	0.00550	0.00855	-0.01661	0.07447	-0.00951	-0.02306	0.09635	-0.02101	0.06731	-0.00462	0.08805	-0.03545	-0.01863	0.08155	(And (Agent $e0 $x0) (Location $e0 $x1) (Ongoing $e0))
p201057	0.08718	-0.06282	-0.07714	0.22979	0.12989	0.12675	0.11890	-0.16788	-0.05638	0.02905	0.26163	0.02208	-0.08278	-0.10862	-0.09929	0.08167	0.12828	-0.08630	-0.13489	-0.05467	0.09682	0.01796	-0.11672	-0.04547	0.09249	0.12486	-0.05829	-0.01263	-0.00854	0.09736	-0.05968	-0.05243	(And (Agent $e0 $x0) (Member $e0 decide) (Theme $e0 $x1))
p201058	0.16341	0.13686	-0.10462	-0.05394	0.07401	0.03178	-0.07051	0.14042	-0.08183	0.09284	-0.03842	0.04679	-0.00763	0.07993	-0.10305	-0.03980	0.12741	-0.12564	0.10376	-0.03241	-0.03178	-0.16592	-0.13319	0.12060	-0.15649	0.14280	0.20789	-0.02467	0.06950	-0.02138	0.00494	-0.04117	(And (Agent $e0 $x0) (Member $e0 discover) (Theme $e0 $x1))
p201059	-0.14725	-0.08165	-0.21170	-0.09464	-0.12134	-0.07641	-0.05068	0.02327	0.21943	-0.06983	-0.01971	-0.13116	0.03729	-0.16514	-0.05566	0.11773	0.18623	-0.08369	0.10080	0.20099	-0.04881	-0.06122	0.20347	0.08831	0.09894	0.27265	-0.02349	-0.01243	-0.07427	0.14495	-0.00552	0.02453	(And (Agent $e0 $x0) (Member $e0 lend) (Theme $e0 $x1))
p201060	0.00397	0.15200	0.01522	-0.02785	0.02116	0.01220	-0.05440	0.00682	-0.02589	-0.02900	0.01651	0.00478	0.05491	-0.00275	-0.02247	0.02357	-0.00610	-0.01504	-0.00660	0.02258	-0.04422	-0.04323	-0.03469	-0.05907	0.06991	-0.00769	-0.01359	-0.01238	-0.00696	-0.03343	-0.01312	0.01490	(And (Agent $e0 $x0) (Ongoing $e0) (Theme $e0 $x1))
p201061	-0.02212	0.00264	-0.01738	-0.04045	0.06125	-0.02860	-0.00604	0.00697	-0.00393	-0.02267	-0.00942	-0.01124	0.02734	-0.00220	0.01668	0.05219	0.01194	0.01142	0.02403	-0.01764	-0.03001	-0.01167	-0.00173	-0.01547	-0.01729	-0.01054	0.00616	0.00333	-0.01369	-0.03967	0.00391	0.00333	(And (Agent $e0 $x0) (Source $e0 $x1) (Theme $e0 $x2))
p201062	0.18978	0.07620	-0.14902	-0.00033	-0.03598	-0.08467	0.16043	-0.08208	0.13680	-0.08717	-0.08548	-0.05614	-0.04930	0.13399	0.19363	0.16680	0.16223	-0.03857	-0.12526	0.15540	0.08634	0.13594	-0.12277	-0.09472	0.12595	-0.07867	0.05453	-0.01160	-0.09913	-0.11024	0.00727	-0.05961	(And (Location $e0 $x0) (Ongoing $e0) (Past $e0))
p201063	-0.01545	-0.04374	-0.01230	-0.01292	0.01904	-0.02836	0.02501	-0.02826	0.05688	-0.03153	0.04000	-0.03027	-0.01267	-0.05397	-0.02943	-0.00348	0.00415	-0.03120	-0.03514	-0.00458	-0.01573	0.13763	-0.00171	0.04770	-0.00858	-0.03243	0.07376	-0.03225	0.04707	0.00039	0.06020	-0.02204	(And (Location $e0 $x0) (Past $e0) (Patient $e0 $x1))
p201064	-0.02089	0.02289	0.00317	-0.01395	0.01881	0.00700	-0.00628	-0.07089	0.14132	0.07362	-0.01051	0.18452	0.03085	0.01760	-0.00558	-0.05148	-0.03557	-0.04886	-0.00846	-0.04917	0.08426	-0.06804	0.01710	0.00123	-0.02691	-0.04673	0.00679	-0.00317	0.00331	0.02445	-0.00366	0.01688	(And (Member $e0 have) (Past $e0) (Theme $e0 $x0))
p201065	-0.03431	-0.14197	-0.03112	-0.02431	-0.00265	-0.03635	0.05164	-0.19578	-0.05928	0.24798	0.01818	-0.00371	-0.00398	-0.06141	-0.04258	0.01162	0.03562	0.02876	0.10207	-0.10052	0.03326	0.00915	0.04303	-0.03709	0.21927	0.03702	-0.00453	0.03413	0.25428	-0.03485	0.00152	-0.01013	(And (Member $e0 start) (Past $e0) (Theme $e0 $e1))
p201077	-0.00714	-0.01170	-0.01857	0.05614	-0.04122	0.06739	-0.05533	0.03044	0.04619	0.01514	-0.02207	-0.03652	-0.01548	-0.00511	0.01866	0.03821	-0.00734	-0.01515	0.03106	0.00214	0.00502	-0.03562	-0.01786	-0.01646	-0.02311	-0.03931	-0.00615	-0.00084	-0.00721	-0.03101	-0.02443	0.07295	(And (Agent $e0 $x0) (Member $e0 arrive))
p201078	-0.03548	-0.03798	-0.09208	0.07062	0.02536	-0.08302	-0.03915	-0.10892	-0.06347	0.08105	-0.10760	0.01221	-0.05900	0.10808	-0.08069	0.00627	-0.00621	0.10523	-0.01490	-0.07313	0.35518	0.01475	-0.04386	0.03089	-0.01588	0.18900	-0.05672	-0.00908	-0.05156	0.03884	0.06455	0.16255	(And (Agent $e0 $x0) (Member $e0 cancel))
p201079	0.16341	0.13686	-0.10462	-0.05394	0.07401	0.03178	-0.07051	0.14042	-0.08183	0.09284	-0.03842	0.04679	-0.00763	0.07993	-0.10305	-0.03980	0.12741	-0.12564	0.10376	-0.03241	-0.03178	-0.16592	-0.13318	0.12060	-0.15649	0.14280	0.20789	-0.02467	0.06951	-0.02138	0.00494	-0.04117	(And (Agent $e0 $x0) (Member $e0 discover))
p201080	-0.14725	-0.08165	-0.21170	-0.09464	-0.12134	-0.07641	-0.05068	0.02327	0.21943	-0.06983	-0.01971	-0.13116	0.03729	-0.16514	-0.05567	0.11773	0.18623	-0.08369	0.10080	0.20099	-0.04881	-0.06122	0.20347	0.08831	0.09894	0.27265	-0.02349	-0.01243	-0.07427	0.14495	-0.00552	0.02453	(And (Agent $e0 $x0) (Member $e0 lend))
p201081	0.08672	-0.06479	-0.05928	0.21348	0.06654	0.12958	0.12776	-0.10268	-0.04665	-0.00629	0.21838	0.00997	-0.02219	-0.10245	-0.08268	0.04168	0.07466	-0.08615	-0.12566	-0.00050	0.05606	0.01239	-0.10199	-0.03668	0.08257	0.07569	-0.04170	-0.00708	-0.02312	0.09045	-0.05464	-0.01220	(And (Agent $e0 $x0) (Member $x0 board))
p201082	-0.03880	-0.00957	0.03550	-0.00798	-0.01013	0.04077	-0.04190	-0.00053	0.01990	-0.01553	0.03188	-0.00221	-0.00810	-0.00203	-0.03430	-0.02038	0.01399	-0.00390	-0.02818	0.00159	-0.02929	-0.00968	-0.01022	0.00555	0.01049	-0.02191	-0.01439	0.05362	0.00217	0.00612	-0.00302	0.07096	(And (Agent $e0 $x0) (Member $x0 person))
p201083	0.00719	-0.01098	-0.00759	-0.01888	-0.00128	0.02645	-0.01918	0.01113	0.01231	-0.00452	0.03167	-0.01137	-0.00342	-0.02770	-0.02431	-0.00148	-0.01444	-0.00851	-0.00308	-0.00325	0.01268	0.00224	0.03154	0.01343	-0.00643	-0.02926	0.01522	0.00650	0.01343	-0.00783	0.00977	-0.00573	(And (Instrument $e0 $x0) (Past $e0))
p201084	0.01521	0.01995	-0.01490	-0.01327	-0.00886	0.01373	0.01273	-0.00764	0.01144	-0.04201	-0.00422	-0.00366	0.00035	-0.05797	-0.01960	-0.00366	-0.03865	-0.04041	-0.02061	0.01295	0.00522	0.09307	0.01909	0.01609	0.01665	-0.03754	0.07414	-0.02315	0.03159	-0.01590	0.00556	0.04241	(And (Location $e0 $x0) (Member $e0 walk))
p201085	0.08718	-0.06282	-0.07714	0.22979	0.12989	0.12675	0.11890	-0.16788	-0.05638	0.02905	0.26163	0.02209	-0.08278	-0.10862	-0.09929	0.08167	0.12828	-0.08629	-0.13489	-0.05466	0.09682	0.01797	-0.11672	-0.04547	0.09249	0.12486	-0.05829	-0.01263	-0.00854	0.09736	-0.05968	-0.05243	(And (Member $e0 decide) (Theme $e0 $x0))
p201086	0.16341	0.13686	-0.10462	-0.05394	0.07401	0.03178	-0.07051	0.14042	-0.08183	0.09284	-0.03842	0.04679	-0.00763	0.07993	-0.10305	-0.03980	0.12741	-0.12564	0.10376	-0.03241	-0.03178	-0.16592	-0.13318	0.12060	-0.15649	0.14280	0.20789	-0.02467	0.06951	-0.02138	0.00494	-0.04117	(And (Member $e0 discover) (Theme $e0 $x0))
p201087	-0.01241	0.02613	0.00217	-0.01651	-0.00769	0.05849	-0.03532	0.04833	0.02142	-0.02089	0.06985	-0.01834	0.00257	-0.04038	-0.03966	-0.02065	-0.03018	-0.02025	-0.01802	0.03212	0.01952	-0.01927	-0.00306	0.02550	0.01858	-0.01856	-0.00863	0.00864	0.01958	-0.00398	0.00105	0.00593	(And (Member $e0 make) (Past $e0))
p201088	0.11929	-0.08487	0.00709	-0.04327	0.05205	-0.10428	-0.04589	-0.05013	0.00687	-0.12028	0.03776	0.00191	0.03245	0.08137	0.23675	-0.06840	-0.06557	-0.03191	0.15713	-0.03349	-0.03127	-0.00604	-0.06037	0.18032	0.12830	-0.06397	-0.04084	-0.03201	-0.03256	0.08066	-0.03224	0.04678	(And (Member $e0 repair) (Patient $e0 $x0))
p201089	0.00100	0.00608	0.00482	0.00442	-0.04270	-0.00407	-0.01573	-0.01572	-0.02980	0.00566	0.00501	-0.02687	0.10073	-0.01693	0.00800	-0.02850	-0.05063	-0.00021	0.00520	0.08345	0.02269	0.00476	-0.00341	0.02223	0.00977	-0.00926	-0.00074	-0.00257	-0.00538	0.01268	-0.00541	0.02264	(And (Member $e0 sell) (Theme $e0 $x0))
p201090	0.04042	0.00865	0.01813	0.08028	0.01058	0.06885	0.07530	-0.03550	-0.04596	-0.01467	0.09087	-0.00087	0.06548	-0.03779	-0.03253	-0.00295	0.02402	-0.04666	-0.06055	0.03287	-0.02091	-0.02194	-0.06200	-0.03885	0.01192	0.00302	0.00348	0.00214	-0.02587	0.04160	-0.02092	-0.00686	(And (Member $x0 new) (Theme $e0 $x0))
p201091	-0.01948	-0.02632	0.01506	-0.00908	-0.01000	0.00990	0.04327	-0.00193	-0.01738	-0.04211	-0.01569	-0.02651	0.12570	0.01295	0.02314	-0.05443	-0.02380	-0.00414	0.00641	-0.00129	0.02076	-0.00763	0.00071	0.00759	0.01722	-0.00311	0.01160	-0.01011	-0.02898	-0.00164	0.00192	-0.00628	(And (Member $x0 thing) (Theme $e0 $x0))
p201092	-0.00810	-0.00545	-0.02701	0.08727	-0.01881	0.02647	-0.02667	-0.03675	-0.01095	0.04809	-0.08965	-0.01633	-0.01737	0.05319	-0.00139	0.04053	0.00686	0.02395	0.04155	-0.03913	0.12368	0.00424	-0.02337	-0.03654	-0.04003	0.06869	-0.02732	-0.02210	-0.03638	-0.00767	0.07823	0.02742	(And (Might $e0) (Patient $e0 $x0))
p201093	-0.00032	-0.02129	0.00019	0.00175	-0.02775	0.01351	0.00193	-0.00315	-0.01166	-0.02208	-0.00547	-0.01241	0.09488	0.01730	0.00341	-0.03077	-0.02488	-0.00412	0.00983	0.00064	-0.00447	0.00234	0.00304	-0.00902	0.02631	-0.00898	0.00496	0.00044	-0.01728	0.00586	-0.00039	0.00124	(And (Obligated $e0) (Theme $e0 $x0))
p201112	-0.06384	0.13787	-0.15008	0.08031	-0.02694	-0.09039	-0.02146	0.04982	-0.02855	0.13708	0.10422	-0.01161	0.05920	-0.05610	0.15469	-0.05936	0.11593	0.09783	-0.03933	-0.04817	-0.01840	0.11880	0.09662	0.07849	-0.11419	-0.01965	-0.08510	-0.00159	-0.01655	-0.07045	-0.00928	0.05852	(Beneficiary $e0 $x0)
p201113	-0.03548	-0.03799	-0.09208	0.07062	0.02536	-0.08302	-0.03915	-0.10892	-0.06347	0.08105	-0.10760	0.01221	-0.05900	0.10808	-0.08069	0.00627	-0.00621	0.10523	-0.01491	-0.07313	0.35518	0.01475	-0.04386	0.03089	-0.01588	0.18900	-0.05672	-0.00908	-0.05156	0.03884	0.06455	0.16255	(Member $e0 cancel)
p201114	-0.00132	-0.00260	0.00782	-0.01389	-0.00130	-0.03734	0.14004	0.05390	-0.00040	-0.04302	-0.02382	0.01320	0.01393	-0.00941	0.00083	-0.02406	0.00292	-0.01746	-0.06070	0.05732	-0.02893	0.03284	-0.00136	0.00259	-0.05006	-0.02922	0.04426	-0.02437	-0.05131	0.01218	0.05780	0.02317	(Member $e0 cause)
p201115	-0.00353	0.03471	-0.00503	-0.02347	-0.00412	0.00913	-0.02335	0.03091	0.00620	-0.00289	0.04030	-0.00609	-0.00417	-0.01642	-0.01942	0.01388	-0.01291	0.01464	-0.01320	0.01833	-0.02745	-0.02181	0.00000	-0.02242	0.00786	-0.00659	0.00814	0.00140	0.01850	-0.01783	0.03521	-0.01986	(Member $e0 fall)
p201116	-0.01015	-0.00954	-0.02205	-0.00755	0.01042	-0.00251	-0.01679	-0.00797	0.01117	0.02554	0.01027	-0.01944	-0.03163	-0.01057	-0.01989	0.00848	-0.00942	0.00234	0.03836	-0.02394	0.06588	0.00126	0.01469	0.01138	0.00621	-0.01150	0.00904	-0.02105	0.02304	-0.00884	-0.00918	-0.00870	(Member $e0 hear)
p201117	0.00628	0.03256	-0.00981	-0.01598	-0.02192	0.00976	-0.02083	0.00332	-0.01992	-0.02516	0.01448	0.01805	0.03932	-0.00580	-0.01440	-0.00013	-0.03416	0.00078	0.00512	0.01828	-0.01742	-0.00464	-0.00498	-0.01829	0.02530	-0.01014	0.00865	0.00980	0.00368	-0.01804	-0.00799	0.04185	(Member $e0 play)
p201118	0.11929	-0.08487	0.00709	-0.04327	0.05205	-0.10428	-0.04589	-0.05013	0.00687	-0.12028	0.03776	0.00191	0.03245	0.08137	0.23675	-0.06840	-0.06557	-0.03191	0.15713	-0.03349	-0.03126	-0.00604	-0.06037	0.18032	0.12830	-0.06397	-0.04084	-0.03201	-0.03256	0.08066	-0.03224	0.04678	(Member $e0 repair)
p201119	0.00038	0.05319	-0.00758	-0.01168	0.00815	0.00150	-0.00983	0.01559	-0.00040	-0.01582	0.01841	-0.00078	-0.00302	-0.00798	-0.01169	0.00705	-0.01518	-0.00992	0.00349	0.01021	0.00067	-0.00698	-0.01345	-0.01062	0.02786	-0.00528	-0.00093	-0.01791	-0.00120	-0.01636	-0.01787	0.00909	(Member $e0 study)
p201120	-0.00668	-0.00861	-0.00211	0.00236	-0.00061	0.00490	0.00058	-0.01095	0.01392	0.01103	-0.00727	0.03081	-0.00275	-0.00597	-0.00360	-0.01347	-0.00075	-0.01153	-0.01207	-0.00434	-0.00384	-0.00578	0.00003	0.01610	-0.00002	0.00003	-0.00679	0.02968	0.00040	0.00534	-0.00018	0.00935	(Member $x0 beautiful)
p201121	-0.01316	-0.01048	0.01363	-0.00589	0.00621	-0.01677	-0.00171	-0.01503	0.00697	-0.00409	0.02364	-0.00695	-0.00534	0.00743	-0.01344	-0.01049	0.02374	0.00491	-0.01356	-0.00271	-0.01158	0.01131	-0.01573	0.00905	-0.00158	-0.00604	0.00648	-0.00923	0.00482	0.00846	0.01509	-0.00597	(Member $x0 city)
p201122	0.00019	0.01523	0.01595	-0.00208	-0.00330	-0.00442	0.00524	-0.02375	0.00132	-0.00952	-0.00997	-0.00869	0.01257	0.01772	0.00845	0.00753	0.03192	-0.00301	-0.01849	0.00679	-0.01341	0.00903	-0.02152	-0.01864	0.01165	-0.01227	0.00434	0.00422	-0.00925	-0.01091	0.00034	-0.00742	(Member $x0 dog)
p201123	0.01538	0.01040	0.00509	-0.00461	-0.00395	0.00228	-0.01060	-0.01138	-0.01363	-0.00340	-0.00253	0.00360	-0.00041	-0.00705	-0.00911	0.00155	-0.00144	-0.00274	0.00007	-0.00535	0.00112	0.00644	0.01492	-0.00582	0.00428	-0.00719	0.00247	0.00805	0.00183	-0.00024	-0.00832	-0.00036	(Member $x0 huge)
p201124	-0.01841	0.21328	0.14589	0.10513	0.01771	-0.11831	-0.03593	-0.06243	-0.09802	-0.00834	-0.00631	0.03520	0.01670	-0.05224	-0.14212	-0.06966	-0.10327	-0.05321	0.18639	-0.07351	-0.06025	0.10158	0.04102	-0.04864	-0.13096	0.06079	0.16570	0.11835	-0.02422	0.30313	0.01210	-0.03396	(Member $x0 ledger)
p201125	-0.01629	0.00596	0.02029	-0.00483	0.00091	-0.00663	0.02411	0.00517	0.02666	0.00852	0.00549	0.02232	-0.00502	0.01949	-0.00382	-0.01199	0.00042	0.00416	0.00944	-0.00852	0.00969	-0.02229	-0.00219	-0.01268	-0.02814	-0.01089	-0.00181	0.00345	-0.01279	-0.00357	-0.00909	0.00072	(Member $x0 old)
p201126	-0.00633	-0.00410	-0.00331	-0.00926	0.00306	0.00829	-0.00816	0.00430	-0.00301	-0.00422	0.00900	0.00098	-0.00074	-0.01304	-0.00395	-0.00187	-0.00261	-0.00381	-0.00899	-0.00148	-0.01053	-0.00209	-0.00134	0.01250	0.00656	0.00049	-0.00825	0.02832	0.01719	-0.00603	-0.00432	-0.00098	(Member $x0 road)
p201127	-0.04110	0.03536	0.05636	-0.02925	0.06479	0.05167	0.02306	0.02938	0.05861	-0.01745	-0.04008	0.01017	-0.00485	-0.04956	0.04493	-0.06902	-0.03582	-0.03202	-0.03740	-0.01207	0.06597	-0.01701	0.02875	0.04361	0.00632	0.03148	-0.01549	0.00780	0.00408	-0.00016	0.02012	-0.00901	(Only $x0 $e0)
p201128	-0.00081	0.03424	0.01805	-0.00862	0.00081	-0.00415	0.01007	-0.00621	-0.02383	-0.00330	-0.02571	0.01014	0.01928	0.02248	0.01115	-0.00332	0.01341	0.00191	-0.01858	0.00315	-0.01419	-0.00039	-0.00373	-0.03071	0.02541	0.01548	-0.01635	0.03318	-0.01810	-0.01125	0.02257	-0.02306	(Probably $e0)
p201129	0.00499	0.20520	0.09112	0.09963	0.00249	-0.07333	-0.07572	-0.03640	-0.06436	-0.00015	-0.01599	0.01689	0.00060	-0.06020	-0.14899	-0.04807	-0.08039	-0.04143	0.18024	-0.05068	-0.02302	0.06034	0.02116	-0.04150	-0.09550	0.02157	0.11488	0.10443	-0.01617	0.23996	0.00687	0.00518	(Stimulus $e0 $e1)
p201172	-0.07749	0.13995	-0.11766	0.15833	0.03292	-0.12272	-0.01864	0.05429	-0.02267	0.11245	0.08692	-0.01425	0.02893	0.02935	0.13146	-0.09641	0.09764	0.05953	-0.05158	-0.02150	-0.02142	0.10423	0.13438	0.07351	-0.11077	-0.04671	-0.08091	-0.00153	0.04786	-0.08300	-0.01772	0.02932	(And (Agent $e0 $x0) (Member $x0 school) (Theme $e0 $x1))
p201173	0.02138	-0.01156	0.02773	-0.01359	-0.00111	-0.04266	0.23231	0.07560	-0.03702	-0.00492	-0.09347	0.03340	0.02042	-0.01189	0.00602	-0.04056	0.01635	-0.01935	-0.01998	0.02183	-0.02323	0.01326	0.04938	-0.03244	-0.06524	-0.01984	0.02502	-0.01490	-0.05714	0.00379	0.08848	0.02889	(And (Agent $e0 $x0) (Patient $e1 $x1) (Theme $e0 $e1))
p201174	0.15607	-0.00242	0.15035	0.07796	0.01895	-0.07666	-0.02094	0.07418	0.20110	0.02089	-0.00968	-0.05367	0.02886	-0.04087	-0.00689	-0.06219	-0.12727	0.19296	-0.03895	-0.03068	-0.04425	0.05662	-0.10219	-0.10452	-0.00889	0.17077	-0.07145	0.00833	0.07307	-0.03004	-0.00861	0.00232	(And (Cardinality $x0 <num>) (Holder $e0 $x1) (Theme $e0 $x0))
p201218	-0.08521	0.01466	0.01806	-0.06835	-0.09117	0.15941	0.03257	0.08192	0.05434	0.06604	-0.05540	-0.08853	0.01068	0.26334	-0.13567	0.05903	-0.05684	0.05801	-0.04190	-0.09856	-0.03420	0.11779	0.08274	0.00993	0.05094	-0.11249	-0.09859	-0.03672	-0.05032	0.22117	0.00294	-0.06190	(And (Agent $e0 $x0) (Member $e0 abandon) (Theme $e0 $x1))
p201219	0.00130	-0.01224	-0.04025	-0.03825	0.06899	-0.03140	-0.01057	0.02365	0.01334	-0.01147	-0.00030	-0.01111	0.00165	-0.02116	0.01267	0.06065	-0.02270	-0.00939	0.01148	-0.02684	-0.01281	-0.00093	0.00255	0.01935	-0.00582	-0.02077	0.00424	-0.00049	-0.00966	-0.03455	-0.00326	0.02699	(And (Agent $e0 $x0) (Member $e0 reject) (Theme $e0 $x1))
p201220	0.11880	-0.08437	0.00622	-0.03814	0.05289	-0.10087	-0.04095	-0.05355	0.00662	-0.11665	0.02993	0.00126	0.03074	0.07692	0.22914	-0.07306	-0.05669	-0.03291	0.15091	-0.03384	-0.02478	-0.00184	-0.06285	0.18342	0.12949	-0.05983	-0.04359	-0.03046	-0.03077	0.08365	-0.03514	0.04169	(And (Agent $e0 $x0) (Member $e0 repair) (Patient $e0 $x1))
p201221	-0.02966	-0.06066	0.00129	-0.01823	-0.02973	-0.02740	0.06295	-0.07855	-0.03205	0.14251	-0.00872	-0.00238	0.00768	-0.06412	-0.03846	-0.02150	-0.00454	0.00836	0.14094	-0.04243	-0.01444	0.00246	0.02187	-0.02343	0.13688	0.01147	-0.00646	0.03511	0.17749	-0.04277	-0.04408	0.08555	(And (Agent $e0 $x0) (Ongoing $e0) (Theme $e1 $e0))
p201245	-0.05057	0.00064	0.06293	0.00024	0.00933	0.05407	-0.02889	0.02176	0.06758	0.00354	-0.01848	-0.04922	-0.04099	0.00550	-0.00718	-0.00420	0.06076	0.00702	-0.00373	-0.02598	-0.01502	-0.01476	-0.01636	-0.02627	-0.03327	-0.02669	-0.01605	-0.00646	0.00005	-0.02310	-0.03120	0.01287	(And (Agent $e0 $x0) (GroupOf $x0 person))
p201246	-0.08521	0.01466	0.01806	-0.06835	-0.09117	0.15941	0.03257	0.08192	0.05434	0.06604	-0.05540	-0.08853	0.01068	0.26334	-0.13567	0.05903	-0.05684	0.05801	-0.04190	-0.09856	-0.03420	0.11779	0.08274	0.00993	0.05094	-0.11249	-0.09859	-0.03672	-0.05032	0.22117	0.00294	-0.06190	(And (Agent $e0 $x0) (Member $e0 abandon))
p201247	-0.00825	-0.01445	0.01095	-0.01161	-0.00141	-0.03481	0.13832	0.05451	-0.00545	-0.03650	-0.02852	0.01556	0.01748	-0.00572	0.00694	-0.02855	0.00321	-0.01280	-0.05689	0.05082	-0.03218	0.01371	-0.00031	0.00570	-0.05502	-0.02673	0.04034	-0.01589	-0.05069	0.01523	0.05068	0.02904	(And (Agent $e0 $x0) (Member $e0 cause))
p201248	0.00130	-0.01224	-0.04025	-0.03825	0.06899	-0.03140	-0.01058	0.02365	0.01334	-0.01147	-0.00030	-0.01111	0.00165	-0.02116	0.01267	0.06065	-0.02270	-0.00939	0.01148	-0.02684	-0.01281	-0.00093	0.00255	0.01935	-0.00582	-0.02077	0.00424	-0.00049	-0.00966	-0.03455	-0.00326	0.02699	(And (Agent $e0 $x0) (Member $e0 reject))
p201249	0.11880	-0.08437	0.00622	-0.03813	0.05289	-0.10087	-0.04095	-0.05355	0.00662	-0.11665	0.02993	0.00126	0.03074	0.07692	0.22914	-0.07306	-0.05669	-0.03291	0.15091	-0.03384	-0.02478	-0.00184	-0.06285	0.18342	0.12949	-0.05983	-0.04359	-0.03046	-0.03077	0.08365	-0.03514	0.04169	(And (Agent $e0 $x0) (Member $e0 repair))
p201250	0.10040	-0.03157	-0.01680	-0.02401	-0.02288	0.04583	-0.02405	-0.05983	-0.02867	0.00457	-0.02095	0.02439	-0.00255	-0.07230	-0.02316	-0.00225	-0.02340	-0.00021	-0.00098	-0.03586	-0.00123	0.04258	0.11181	-0.01089	0.03775	-0.04817	0.02415	0.01736	0.07754	-0.00326	-0.01338	0.05736	(And (Agent $e0 $x0) (Member $e0 walk))
p201251	-0.12969	0.00373	0.21677	-0.11725	-0.07148	0.04828	0.01221	-0.07372	-0.08110	-0.01195	0.22206	0.10068	0.03090	0.18756	0.19413	0.15819	-0.19425	-0.01576	-0.00243	-0.05316	-0.10347	-0.05076	0.18460	-0.20009	-0.07559	0.21938	0.09800	-0.00541	-0.03035	-0.13852	-0.04968	0.07452	(And (Agent $e0 $x0) (Member $e0 work))
p201252	0.00028	-0.01040	-0.03942	-0.02451	0.04866	-0.03579	-0.00950	0.01010	0.00255	-0.00461	-0.01912	-0.00334	0.00150	-0.00376	0.00725	0.04672	-0.01926	0.00222	0.00607	-0.02158	0.00569	-0.00169	-0.00150	0.01502	-0.01325	-0.01097	0.00245	0.00025	-0.01710	-0.02494	0.01512	0.04199	(And (Agent $e0 $x0) (Member $x0 physician))
p201253	0.00158	-0.01054	-0.02167	0.03005	-0.00724	0.03399	-0.02514	0.01282	0.07859	0.00116	-0.01898	0.01761	0.04136	-0.00582	0.02174	0.01242	-0.02015	-0.03437	0.03234	-0.01925	-0.02585	-0.01822	-0.00864	-0.00840	-0.01241	-0.03869	0.00951	0.00085	0.00551	-0.02524	-0.00337	0.02475	(And (Future $e0) (Theme $e0 $x0))
p201254	0.16716	-0.01230	0.16969	0.10083	0.01000	-0.08395	-0.00993	0.08610	0.14876	0.00980	-0.01214	-0.13823	0.03482	-0.02221	-0.01860	-0.05111	-0.12737	0.23187	-0.03523	-0.01245	-0.07168	0.07922	-0.11389	-0.10977	0.00873	0.20971	-0.06968	0.00679	0.01976	-0.05031	-0.00715	-0.00967	(And (Holder $e0 $x0) (Member $e0 require))
p201255	0.01104	-0.00375	-0.01115	-0.01742	0.00401	0.01395	-0.00527	0.01355	-0.00321	-0.00030	0.00907	0.00343	0.00352	-0.02354	-0.01279	0.01384	-0.00962	-0.00668	-0.01095	-0.00025	-0.01537	-0.00005	0.03081	-0.00148	-0.01372	-0.01509	0.00717	0.01046	0.00522	-0.00810	0.05205	-0.01430	(And (Instrument $e0 $x0) (Patient $e0 $x1))
p201256	-0.02552	0.22373	0.16523	0.10186	0.02045	-0.12700	-0.03235	-0.06850	-0.10664	-0.01216	0.00024	0.04029	0.02121	-0.05122	-0.14129	-0.07245	-0.11792	-0.05692	0.19079	-0.08035	-0.06988	0.11180	0.05483	-0.05799	-0.13917	0.06793	0.18887	0.12045	-0.02569	0.31602	0.01392	-0.03848	(And (Location $e0 $x0) (Member $x0 ledger))
p201257	0.04437	-0.02063	-0.02655	-0.02687	-0.00180	-0.01264	-0.00091	-0.02709	-0.01696	0.03511	0.05324	0.01032	-0.00364	-0.03031	-0.03377	0.02314	-0.00298	0.00498	-0.01323	-0.00853	-0.02449	0.00831	0.05423	-0.02463	0.02113	-0.01960	0.02535	-0.00860	0.03498	0.00672	0.05789	-0.02466	(And (Manner $e0 quickly) (Patient $e0 $x0))
p201258	-0.08521	0.01466	0.01806	-0.06835	-0.09117	0.15941	0.03257	0.08192	0.05435	0.06604	-0.05540	-0.08853	0.01068	0.26334	-0.13566	0.05903	-0.05684	0.05801	-0.04190	-0.09856	-0.03420	0.11779	0.08274	0.00993	0.05094	-0.11249	-0.09859	-0.03672	-0.05032	0.22117	0.00294	-0.06190	(And (Member $e0 abandon) (Theme $e0 $x0))
p201259	-0.03887	0.04787	0.00108	-0.02384	-0.01182	-0.04105	0.07565	0.08381	-0.00186	0.04314	0.03795	-0.00671	-0.00682	-0.01765	-0.02176	-0.00886	-0.03443	-0.01367	0.12813	0.02328	-0.04108	-0.02902	-0.02891	-0.02229	0.04269	0.01031	-0.00607	-0.02096	0.04454	-0.03833	-0.02144	0.01648	(And (Member $e0 begin) (Past $e0))
p201260	-0.00506	-0.00124	-0.01668	-0.00517	0.00879	0.00198	-0.02091	0.00416	0.01480	0.00800	0.00414	-0.01853	-0.02842	-0.00805	-0.01648	0.00671	-0.01035	0.00039	0.02689	-0.01684	0.05845	0.00234	0.01530	0.01185	-0.01086	-0.01541	0.01001	-0.02092	0.00535	-0.00563	-0.00462	-0.00475	(And (Member $e0 hear) (Past $e0))
p201261	0.00130	-0.01224	-0.04025	-0.03825	0.06899	-0.03140	-0.01057	0.02365	0.01334	-0.01147	-0.00030	-0.01111	0.00165	-0.02116	0.01267	0.06065	-0.02270	-0.00939	0.01148	-0.02684	-0.01281	-0.00093	0.00255	0.01935	-0.00582	-0.02077	0.00424	-0.00049	-0.00966	-0.03455	-0.00326	0.02699	(And (Member $e0 reject) (Theme $e0 $x0))
p201262	0.05856	0.04832	0.02102	-0.02035	0.00564	-0.01159	0.11105	0.08638	-0.00580	-0.04109	-0.02010	0.00868	-0.01025	0.00076	-0.00481	-0.02743	-0.00108	-0.00807	0.02172	0.02339	-0.00845	-0.01979	0.03974	-0.02648	-0.03402	-0.02463	-0.00325	-0.02936	-0.06646	-0.00621	-0.00206	-0.00159	(And (Member $e0 try) (Past $e0))
p201263	0.05535	0.02861	0.02023	-0.02119	0.00516	-0.03007	0.16462	0.10315	-0.01868	-0.04543	-0.03671	0.02090	0.00232	-0.00128	0.00099	-0.03501	-0.01539	-0.01518	0.02351	0.02409	-0.02216	-0.00068	0.04691	-0.01835	-0.05959	-0.02110	0.00788	-0.02529	-0.07610	0.00002	0.01766	0.01008	(And (Member $e0 try) (Theme $e0 $e1))
p201264	-0.01015	-0.00616	-0.00114	-0.00701	-0.00161	0.01092	0.00554	0.01290	-0.00385	-0.00483	-0.02249	-0.00102	0.00717	-0.00967	0.00629	-0.00194	-0.00480	-0.00449	-0.01080	0.00126	-0.00332	0.00149	0.01414	0.00340	-0.01421	-0.00125	0.00265	0.00508	-0.00644	-0.00833	0.05526	-0.00585	(And (Obligated $e0) (Patient $e0 $x0))
p201265	-0.01961	-0.00778	-0.01391	-0.00775	0.00747	0.00297	-0.01877	0.00945	0.01934	-0.00075	0.01489	-0.02602	-0.01576	-0.00059	-0.01087	-0.00416	-0.01359	0.00307	0.02600	-0.01181	0.06608	-0.00239	0.00168	0.01901	-0.00312	-0.01167	0.00915	-0.02227	0.00229	-0.00931	-0.02290	0.00089	(And (Past $e0) (Stimulus $e0 $x0))
p201266	-0.01857	0.00220	0.01574	-0.00488	-0.00166	0.01962	-0.01991	0.00439	0.02122	0.00445	-0.00677	-0.01124	0.01697	0.01061	-0.00567	-0.01171	-0.01441	0.00315	0.00842	-0.01160	0.03088	-0.02345	0.00520	-0.00797	-0.01325	-0.02146	0.00114	-0.00725	-0.01495	-0.00733	-0.00827	0.02467	(And (Past $e0) (To $e0 $e1))
p201267	-0.00191	0.02607	-0.00448	-0.02293	-0.00487	-0.01840	-0.01364	0.02635	0.00300	-0.00397	0.03757	-0.00339	0.00007	0.00014	-0.01286	0.01649	-0.00274	0.03103	-0.00644	0.01753	-0.04272	-0.02351	-0.00540	-0.03520	-0.01471	-0.00853	0.01945	-0.01316	0.00778	-0.00948	0.04830	-0.01784	(And (Patient $e0 $x0) (Source $e0 $x1))
p201289	0.00193	-0.01384	0.00030	-0.00876	-0.00071	0.02706	-0.02085	0.00250	0.00918	0.00309	0.01485	-0.01075	-0.00837	-0.01590	-0.01904	-0.00814	-0.00132	-0.00726	0.00277	-0.01124	0.01561	-0.00471	0.02000	0.01134	0.00063	-0.02141	0.00014	0.02512	0.01356	-0.00547	-0.01361	0.00182	(Again $e0)
p201290	0.00164	0.00617	-0.00509	0.15003	-0.06073	0.11132	-0.01235	0.05276	0.07249	-0.01693	-0.08756	-0.05997	0.00810	0.01463	0.08855	0.08792	-0.00359	-0.05654	0.15906	-0.01391	-0.00751	-0.01600	-0.02927	-0.05902	-0.06541	-0.05780	-0.01173	-0.01822	-0.04407	-0.07217	0.03253	0.00711	(Before $x0 $e0)
p201291	-0.08521	0.01466	0.01806	-0.06835	-0.09117	0.15941	0.03257	0.08192	0.05435	0.06604	-0.05540	-0.08853	0.01068	0.26334	-0.13566	0.05903	-0.05684	0.05801	-0.04190	-0.09856	-0.03420	0.11779	0.08274	0.00993	0.05094	-0.11249	-0.09859	-0.03672	-0.05032	0.22117	0.00294	-0.06190	(Member $e0 abandon)
p201292	0.09523	-0.04528	-0.00728	0.17076	-0.09169	0.14805	0.18258	0.02800	-0.04739	-0.07616	0.17146	0.01100	0.11075	-0.08586	-0.05298	-0.06614	-0.03379	-0.08671	-0.12571	0.14644	-0.06004	-0.01942	-0.08600	-0.03408	0.02821	-0.02851	0.00366	0.00725	-0.05487	0.09696	-0.05228	0.07093	(Member $e0 decision)
p201293	-0.01267	-0.01366	-0.00133	-0.00114	0.00429	-0.00256	0.00532	-0.00970	0.00883	-0.01360	-0.00420	-0.01100	-0.00855	-0.02269	-0.00634	-0.00784	-0.00990	-0.01916	-0.00030	-0.00908	0.01055	0.04793	0.00522	0.02491	-0.00909	-0.00752	0.04339	-0.01326	0.01755	-0.00177	0.00006	-0.00036	(Member $e0 live)
p201294	0.00672	-0.03014	-0.02610	-0.01591	0.07640	-0.00387	-0.01404	0.03400	0.00474	0.04847	0.02218	-0.01805	-0.03234	0.01622	-0.02556	0.05365	-0.00739	-0.01871	-0.01857	-0.04308	0.00469	0.04357	-0.00864	-0.02489	0.03211	-0.00403	-0.01975	-0.00884	-0.03428	0.01930	0.00113	-0.01072	(Member $e0 postpone)
p201295	0.00130	-0.01224	-0.04025	-0.03825	0.06899	-0.03140	-0.01058	0.02365	0.01334	-0.01147	-0.00030	-0.01111	0.00165	-0.02116	0.01267	0.06065	-0.02270	-0.00939	0.01148	-0.02684	-0.01281	-0.00093	0.00255	0.01935	-0.00582	-0.02077	0.00423	-0.00049	-0.00966	-0.03455	-0.00326	0.02699	(Member $e0 reject)
p201296	0.00184	-0.01409	-0.02524	-0.01806	0.03144	-0.02057	-0.00218	0.00339	-0.00028	-0.00874	-0.00185	-0.00472	0.00940	-0.00902	0.00661	0.03256	-0.00859	-0.00456	0.00227	-0.01423	-0.01479	0.00809	-0.00195	0.00727	-0.00217	-0.01203	0.00712	0.01444	-0.00168	-0.01618	-0.00320	0.01600	(Member $x0 automobile)
p201297	-0.04493	-0.03580	-0.09010	-0.04360	-0.04192	-0.04234	-0.02084	0.00383	0.06917	-0.04051	-0.02303	-0.03703	0.01908	-0.05639	0.00271	0.04324	0.06077	-0.04081	0.05376	0.09681	-0.01575	-0.02551	0.06882	0.04871	0.03209	0.08576	-0.00895	-0.00872	-0.04093	0.06101	0.00812	0.02781	(Member $x0 crew)
p201298	-0.00558	0.00845	0.00009	-0.00500	0.00555	-0.00554	0.00533	-0.01136	0.01403	0.01202	-0.00302	0.02896	-0.00732	0.00025	0.00082	-0.00751	0.00509	-0.00634	-0.01196	-0.00629	-0.00633	-0.00635	-0.00027	0.00061	0.00674	0.00653	-0.00430	-0.00646	0.00105	0.00128	0.00326	-0.01026	(Member $x0 garden)
p201299	-0.07876	-0.03942	-0.08963	-0.04657	-0.06092	-0.03738	-0.02137	-0.00447	0.09823	-0.03264	-0.01558	-0.06578	0.03214	-0.07586	-0.02986	0.05481	0.09568	-0.03904	0.05384	0.09368	-0.02834	-0.02876	0.10430	0.04387	0.04808	0.14145	-0.01344	-0.00555	-0.04194	0.06639	-0.00121	0.00135	(Member $x0 museum)
p201300	-0.01092	0.01555	0.00207	-0.00726	0.00208	-0.00075	0.00078	-0.01012	0.01741	0.03315	-0.00802	0.02265	-0.00969	0.00876	-0.00195	-0.00254	0.00888	-0.00746	-0.00785	-0.00856	-0.00493	-0.01326	0.00164	-0.01868	0.03328	-0.00017	-0.00502	-0.01201	0.00324	-0.00114	0.00998	-0.01715	(Member $x0 sky)
p201301	-0.00122	-0.01744	-0.00628	-0.09521	0.05072	0.11115	-0.01749	-0.05550	-0.10655	-0.09913	-0.00643	0.17401	-0.01033	0.01820	-0.05923	-0.01928	0.03665	0.12769	0.15156	0.05492	-0.00042	0.18810	-0.03489	-0.02885	0.00303	0.02713	-0.10670	0.00152	-0.02771	-0.09145	0.00999	-0.03136	(Member $x0 song)
p201302	0.00574	-0.01478	-0.01942	0.00197	-0.01775	-0.03726	0.05780	0.01485	-0.00798	-0.01118	-0.03549	0.01497	0.00501	0.03417	0.00447	-0.00451	0.00828	0.01333	-0.03094	0.03822	0.00344	-0.00004	-0.01183	-0.00968	-0.03402	-0.01670	0.01597	0.01653	-0.04440	0.01020	0.04179	0.03613	(Member $x0 storm)
p201303	0.00089	0.01165	-0.00023	-0.00257	-0.00049	-0.01273	0.01559	0.00673	0.01858	0.00614	0.00674	0.02042	0.01815	0.01118	-0.00004	-0.01370	-0.00858	-0.00352	0.00715	0.00070	-0.01551	-0.01303	-0.01192	-0.01055	0.01730	0.00333	-0.00526	0.01266	-0.00877	-0.00583	-0.01068	-0.00631	(To $e0 $x0)
p201305	-0.00894	0.00380	0.01029	-0.02811	-0.03255	-0.04582	-0.02604	0.12233	-0.09828	-0.08390	0.01721	0.15128	-0.01402	-0.10454	0.18591	0.05366	0.07928	-0.07092	-0.04205	0.03724	0.11074	0.04787	-0.04887	-0.10040	-0.06866	-0.04763	-0.08139	-0.00386	0.22460	0.15160	0.00640	-0.01086	(And (Agent $e0 $x0) (Cardinality $x1 <num>) (Past $e0) (Theme $e0 $x1))
p201306	-0.02819	-0.06793	0.00356	-0.01595	-0.02390	-0.02740	0.05880	-0.07959	-0.02935	0.14355	-0.01004	-0.00504	0.00436	-0.05672	-0.03410	-0.02094	0.00641	0.01272	0.13762	-0.04687	-0.01065	-0.00240	0.02327	-0.02282	0.13289	0.01461	-0.01551	0.03440	0.16943	-0.03728	-0.03999	0.06647	(And (Agent $e0 $x0) (Ongoing $e0) (Past $e1) (Theme $e1 $e0))
p201307	-0.02819	-0.06793	0.00356	-0.01595	-0.02390	-0.02740	0.05880	-0.07959	-0.02935	0.14355	-0.01004	-0.00504	0.00436	-0.05672	-0.03410	-0.02094	0.00641	0.01272	0.13762	-0.04687	-0.01065	-0.00240	0.02327	-0.02282	0.13289	0.01461	-0.01551	0.03440	0.16943	-0.03728	-0.03999	0.06647	(And (Agent $e0 $x0) (Ongoing $e1) (Past $e0) (Theme $e0 $e1))
p201308	-0.03830	0.04572	0.00278	-0.02241	-0.01037	-0.04043	0.07855	0.07894	-0.00364	0.04280	0.03139	-0.00538	-0.00622	-0.01739	-0.01984	-0.01260	-0.03266	-0.01390	0.12347	0.02137	-0.03680	-0.02697	-0.02817	-0.01921	0.04574	0.01227	-0.00767	-0.01844	0.04394	-0.03582	-0.02627	0.01916	(And (Member $e0 begin) (Ongoing $e1) (Past $e0) (Theme $e0 $e1))
p201388	-0.07441	0.11912	-0.00579	-0.06710	-0.06890	0.11570	0.13107	-0.15046	0.05418	-0.07868	-0.02947	-0.03700	0.00786	0.10709	-0.09286	0.13286	-0.02060	0.17723	-0.02199	-0.07687	0.00051	-0.04054	0.03250	0.16881	-0.10184	-0.08964	-0.05702	-0.02757	0.11522	0.11066	0.00028	-0.03523	(And (Agent $e0 $x0) (Cardinality $x0 <num>) (Theme $e0 $x1))
p201389	-0.04632	0.00043	0.05586	0.00363	0.00764	0.04707	-0.02071	0.01663	0.05720	0.00509	-0.01640	-0.03950	-0.03985	0.00802	-0.00815	-0.01194	0.06492	-0.00038	-0.00348	-0.02114	-0.00935	-0.01036	-0.01509	-0.01988	-0.02706	-0.01920	-0.01262	-0.00791	-0.00673	-0.01871	-0.02659	0.00266	(And (Agent $e0 $x0) (GroupOf $x0 person) (Past $e0))
p201390	0.05521	-0.04747	-0.05549	0.14795	0.09179	0.07679	0.06953	-0.09790	-0.03018	0.01580	0.15574	0.00659	-0.05347	-0.07370	-0.06212	0.06055	0.07771	-0.05767	-0.08351	-0.04139	0.06908	0.01603	-0.07158	-0.02462	0.06633	0.07632	-0.03850	-0.00868	-0.00785	0.05858	-0.03691	-0.02726	(And (Agent $e0 $x0) (Member $x0 board) (Theme $e0 $x1))
p201391	-0.03024	-0.02874	-0.01045	-0.06292	-0.05878	-0.04076	-0.02915	0.10350	-0.04130	-0.10762	-0.00264	0.11731	-0.01356	-0.12502	0.13471	0.08290	0.08992	-0.11875	-0.00623	0.11529	0.09134	0.00594	-0.01171	-0.08494	-0.03091	0.01734	-0.06271	-0.00795	0.17995	0.19749	0.00924	-0.01399	(And (Agent $e0 $x0) (Member $x0 depot) (Theme $e0 $x1))
p201392	-0.06618	0.15757	-0.12885	0.07521	-0.01913	-0.07573	-0.03467	0.06139	-0.02289	0.12785	0.10627	-0.00174	0.03710	-0.04972	0.13237	-0.05900	0.11303	0.08538	-0.04176	-0.05709	-0.02643	0.10215	0.08961	0.06174	-0.08050	-0.01713	-0.08442	-0.00171	-0.01693	-0.06940	-0.03156	0.06182	(And (Agent $e0 $x0) (Member $x0 school) (Past $e0))
p201393	-0.03830	0.04572	0.00278	-0.02241	-0.01037	-0.04043	0.07855	0.07894	-0.00364	0.04280	0.03139	-0.00538	-0.00623	-0.01739	-0.01984	-0.01260	-0.03266	-0.01390	0.12347	0.02137	-0.03680	-0.02697	-0.02817	-0.01921	0.04574	0.01227	-0.00767	-0.01844	0.04394	-0.03582	-0.02627	0.01915	(And (Member $e0 begin) (Ongoing $e1) (Theme $e0 $e1))
p201394	-0.00655	-0.04843	0.01326	-0.01972	0.01374	-0.03919	0.13057	-0.03863	-0.04294	0.11156	-0.03694	0.00848	0.00474	-0.02875	-0.01498	-0.00409	0.04022	-0.00703	0.03620	-0.04409	-0.01178	0.01638	0.04854	-0.04593	0.04193	0.01619	0.01523	-0.00533	0.07091	-0.01279	0.08526	-0.03952	(And (Past $e0) (Patient $e1 $x0) (Theme $e0 $e1))
p201445	-0.06633	-0.11243	0.04074	0.16113	-0.03735	-0.07903	-0.01972	0.08386	-0.04703	-0.11015	-0.07566	0.10838	-0.02461	-0.03640	-0.09682	0.06333	-0.00032	0.17975	-0.03035	-0.03313	-0.01709	-0.11389	0.07279	0.10399	0.22633	-0.07127	0.20911	-0.00106	-0.10066	-0.02194	0.00624	-0.02700	(And (Inheritance pottery_studio studio) (Member $x0 pottery_studio))
p201457	-0.06633	-0.11243	0.04074	0.16113	-0.03735	-0.07903	-0.01972	0.08386	-0.04703	-0.11015	-0.07566	0.10838	-0.02461	-0.03640	-0.09682	0.06333	-0.00032	0.17975	-0.03035	-0.03313	-0.01709	-0.11389	0.07279	0.10399	0.22633	-0.07127	0.20911	-0.00106	-0.10066	-0.02194	0.00624	-0.02700	(Inheritance pottery_studio studio)
p201468	-0.03404	-0.03394	-0.08013	0.07581	0.00936	-0.07206	-0.03537	-0.10695	-0.06324	0.07870	-0.10457	0.01435	-0.05798	0.10759	-0.07916	-0.00805	-0.00193	0.10253	-0.01742	-0.06403	0.34583	0.01381	-0.04219	0.02549	-0.01455	0.18499	-0.05507	-0.00952	-0.04761	0.04554	0.06430	0.15165	(And (Agent $e0 $x0) (Member $e0 cancel) (Patient $e0 $x1))
p201469	0.00800	0.02848	-0.00494	0.03263	-0.03435	0.03463	-0.02598	-0.00031	-0.01276	-0.01462	-0.02553	0.01355	0.01856	-0.01381	-0.02593	-0.01483	-0.02343	-0.01582	-0.01842	0.03075	0.01114	-0.01056	-0.01611	0.00448	0.00558	-0.01046	-0.00954	0.01706	-0.01272	0.01135	0.04447	0.07276	(And (Agent $e0 $x0) (Member $e0 make) (Patient $e0 $x1))
p201470	0.00656	-0.03090	-0.02419	-0.01338	0.07649	-0.00239	-0.01229	0.03100	0.00413	0.04770	0.01512	-0.01762	-0.03148	0.01645	-0.02274	0.05111	-0.00642	-0.02012	-0.01866	-0.04463	0.00748	0.04487	-0.00899	-0.02275	0.03362	-0.00229	-0.02178	-0.00689	-0.03472	0.02006	-0.00408	-0.00800	(And (Agent $e0 $x0) (Member $e0 postpone) (Theme $e0 $x1))
p201471	-0.00456	-0.02501	-0.01710	-0.13691	0.07285	0.16423	-0.01723	-0.06777	-0.13231	-0.12409	-0.00421	0.21868	-0.01393	0.00504	-0.07228	-0.05094	0.03905	0.17212	0.18656	0.14104	-0.00392	0.22667	-0.03414	-0.03331	0.00306	0.03339	-0.12019	-0.00178	-0.05039	-0.10844	0.01501	-0.03531	(And (Agent $e0 $x0) (Member $e0 teach) (Theme $e0 $x1))
p201472	-0.00631	0.07781	0.01339	0.00436	-0.01903	0.00248	-0.01962	-0.03713	-0.03989	0.02414	-0.04006	0.02489	0.02452	-0.00868	-0.03511	-0.01656	-0.02015	-0.00712	-0.00339	0.00618	0.01674	0.00076	-0.00646	-0.03416	0.05563	0.01718	-0.00526	-0.00372	0.02478	-0.00095	0.05215	0.05776	(And (Agent $e0 $x0) (Ongoing $e0) (Patient $e0 $x1))
p201473	0.05124	-0.00457	-0.01814	-0.02220	-0.00334	-0.00550	-0.00789	-0.00483	-0.00845	-0.00134	0.04611	0.00971	-0.00348	-0.02453	-0.02860	0.01562	-0.00764	0.00263	-0.01743	0.00166	-0.02461	0.00866	0.04979	-0.01653	-0.00639	-0.02639	0.02157	-0.00886	0.00560	0.01041	0.04337	-0.01234	(And (Manner $e0 quickly) (Past $e0) (Patient $e0 $x0))
p201474	-0.03830	0.04572	0.00278	-0.02241	-0.01037	-0.04043	0.07855	0.07894	-0.00364	0.04280	0.03139	-0.00538	-0.00623	-0.01739	-0.01984	-0.01260	-0.03266	-0.01390	0.12347	0.02137	-0.03680	-0.02697	-0.02817	-0.01921	0.04574	0.01227	-0.00767	-0.01844	0.04394	-0.03582	-0.02627	0.01915	(And (Member $e0 begin) (Past $e0) (Theme $e0 $e1))
p201475	-0.12174	-0.06181	-0.16615	-0.07550	-0.11503	-0.05658	-0.03757	0.00304	0.17341	-0.05843	-0.01857	-0.09967	0.03694	-0.13209	-0.05310	0.08688	0.15239	-0.07397	0.09519	0.19862	-0.04331	-0.04907	0.17984	0.07509	0.07717	0.22786	-0.01998	-0.01121	-0.07136	0.12256	-0.00146	0.01185	(And (Member $e0 lend) (Recipient $e0 $x0) (Theme $e0 $x1))
p201476	0.11145	-0.07589	0.01681	-0.04146	0.05321	-0.09217	-0.04132	-0.04618	0.00860	-0.11056	0.05288	-0.00100	0.02751	0.07351	0.21868	-0.06499	-0.05918	-0.03093	0.14718	-0.03312	-0.03703	-0.00531	-0.05739	0.16478	0.12359	-0.05813	-0.03892	-0.02984	-0.02510	0.07483	-0.04206	0.02751	(And (Member $e0 repair) (Past $e0) (Patient $e0 $x0))
p201477	-0.04345	-0.04526	-0.01671	-0.00499	-0.00128	-0.02236	0.06245	-0.09560	-0.04214	0.16041	-0.02364	-0.00182	0.01942	-0.03211	0.00088	0.03586	0.02338	-0.00908	0.04804	-0.04973	-0.00315	0.00857	0.01587	-0.05745	0.12333	0.03265	0.01576	-0.00808	0.13343	-0.03688	0.10024	-0.05093	(And (Ongoing $e0) (Patient $e0 $x0) (Theme $e1 $e0))
p201509	0.00163	-0.01212	0.00093	-0.00956	0.00078	0.02939	-0.02056	0.00478	0.01159	0.00187	0.01569	-0.01216	-0.00897	-0.01781	-0.01921	-0.00872	-0.00268	-0.00891	0.00277	-0.01104	0.01790	-0.00405	0.02090	0.01279	0.00129	-0.02196	0.00083	0.01409	0.01345	-0.00530	-0.01259	0.00145	(And (Again $e0) (Past $e0))
p201510	-0.05996	0.12571	-0.13710	0.07678	-0.01682	-0.08282	-0.01744	0.05268	-0.02761	0.13062	0.08805	0.00060	0.03924	-0.04578	0.14054	-0.05262	0.11679	0.08466	-0.03831	-0.06205	-0.01668	0.11185	0.08925	0.07255	-0.10238	-0.01652	-0.07959	0.00022	-0.02186	-0.06387	-0.01310	0.05485	(And (Agent $e0 $x0) (Beneficiary $e0 $x1))
p201512	0.00656	-0.03090	-0.02419	-0.01338	0.07649	-0.00239	-0.01229	0.03100	0.00413	0.04770	0.01512	-0.01762	-0.03148	0.01645	-0.02274	0.05111	-0.00642	-0.02012	-0.01866	-0.04463	0.00748	0.04487	-0.00899	-0.02275	0.03362	-0.00229	-0.02178	-0.00689	-0.03472	0.02006	-0.00408	-0.00800	(And (Agent $e0 $x0) (Member $e0 postpone))
p201513	-0.03024	-0.02874	-0.01045	-0.06291	-0.05878	-0.04076	-0.02915	0.10350	-0.04130	-0.10762	-0.00264	0.11731	-0.01356	-0.12502	0.13471	0.08290	0.08992	-0.11875	-0.00623	0.11529	0.09134	0.00594	-0.01171	-0.08494	-0.03091	0.01734	-0.06271	-0.00795	0.17995	0.19749	0.00924	-0.01399	(And (Agent $e0 $x0) (Member $x0 depot))
p201514	-0.00844	-0.01163	-0.00969	-0.00778	0.02223	0.01050	0.01449	0.02287	0.00573	-0.00744	-0.01333	-0.00967	0.00037	-0.00499	0.00522	0.00511	-0.00357	-0.00895	-0.00882	-0.00662	0.00637	-0.00016	-0.00275	0.01015	-0.00729	-0.00692	-0.00540	-0.00648	-0.01828	-0.00691	0.00158	0.02868	(And (Agent $e0 $x0) (Member $x0 thing))
p201515	-0.05994	0.13508	-0.15158	0.07750	-0.02445	-0.09160	-0.01637	0.04768	-0.03092	0.13285	0.11015	-0.00944	0.06174	-0.05713	0.15515	-0.05699	0.11649	0.09420	-0.03530	-0.04724	-0.02111	0.12079	0.09642	0.08011	-0.10503	-0.01578	-0.08224	-0.00213	-0.01213	-0.06927	-0.01317	0.03970	(And (Beneficiary $e0 $x0) (Past $e0))
p201516	-0.00094	-0.01777	0.04749	-0.04190	-0.04471	-0.03189	-0.02480	0.10565	-0.10356	-0.10855	-0.00098	0.15547	-0.00924	-0.10568	0.15354	0.05935	0.04063	-0.09064	-0.03508	0.07244	0.12648	0.02167	-0.06245	-0.10272	-0.05286	-0.04799	-0.06495	-0.00332	0.23060	0.18818	0.00967	-0.01436	(And (Cardinality $x0 <num>) (GroupOf $x0 forklift))
p201517	0.16338	-0.02424	-0.02224	-0.02840	-0.02016	0.04692	-0.02027	-0.06295	-0.04051	0.00802	-0.02723	0.03329	-0.01102	-0.06590	-0.02364	0.00615	-0.01329	0.02353	-0.00076	-0.04444	0.01613	0.01322	0.15738	-0.03319	0.04383	-0.05722	-0.01978	0.01699	0.05875	0.01170	-0.00776	0.02524	(And (Goal $e0 $x0) (Member $e0 walk))
p201518	0.10847	0.00570	-0.02000	-0.02339	-0.00548	0.01119	-0.00594	-0.01034	-0.03210	-0.00029	0.00180	0.02709	-0.00222	-0.03614	-0.02226	0.01909	-0.01856	-0.00320	-0.01178	-0.01642	-0.00689	0.00221	0.11525	-0.02931	-0.01441	-0.03602	0.01339	-0.00574	-0.00711	0.01586	0.05411	-0.02311	(And (Goal $e0 $x0) (Patient $e0 $x1))
p201519	-0.03829	0.04572	0.00278	-0.02241	-0.01037	-0.04043	0.07855	0.07894	-0.00364	0.04280	0.03139	-0.00538	-0.00622	-0.01739	-0.01984	-0.01260	-0.03266	-0.01390	0.12347	0.02137	-0.03680	-0.02697	-0.02817	-0.01921	0.04574	0.01227	-0.00767	-0.01844	0.04394	-0.03582	-0.02627	0.01916	(And (Member $e0 begin) (Theme $e0 $e1))
p201520	-0.03404	-0.03394	-0.08013	0.07581	0.00936	-0.07206	-0.03537	-0.10695	-0.06324	0.07870	-0.10457	0.01435	-0.05798	0.10759	-0.07916	-0.00805	-0.00193	0.10253	-0.01742	-0.06403	0.34583	0.01381	-0.04219	0.02549	-0.01455	0.18499	-0.05507	-0.00952	-0.04761	0.04554	0.06430	0.15165	(And (Member $e0 cancel) (Patient $e0 $x0))
p201521	0.09658	0.00355	0.01404	-0.01143	-0.00438	0.02944	-0.00946	-0.01696	-0.00499	-0.00502	-0.01939	0.00777	-0.02239	-0.01909	-0.01862	-0.00490	0.03592	0.00913	-0.01838	-0.02421	-0.00631	-0.00878	0.08311	-0.03169	-0.01579	-0.03841	-0.01059	0.00019	-0.00575	0.02027	0.01101	-0.00959	(And (Member $e0 come) (Past $e0))
p201522	-0.00481	0.01437	-0.00463	-0.01907	-0.00257	0.00870	-0.01683	0.02582	0.00586	0.00103	0.03410	-0.00535	-0.00131	-0.01827	-0.01776	0.01275	-0.01147	0.01294	-0.01070	0.01120	-0.02632	-0.01341	0.00496	-0.01410	-0.00557	-0.00602	0.00963	0.00822	0.02017	-0.01257	0.04024	-0.01668	(And (Member $e0 fall) (Patient $e0 $x0))
p201523	-0.01947	-0.01480	-0.01872	-0.00810	0.01064	-0.00395	-0.00991	-0.00603	0.01379	0.01890	0.01727	-0.01924	-0.02735	-0.00661	-0.01324	0.00248	-0.00573	0.00223	0.02872	-0.01783	0.05499	0.00276	0.00053	0.01706	0.01406	-0.00595	0.00468	-0.01768	0.02289	-0.01045	-0.02225	-0.00436	(And (Member $e0 hear) (Stimulus $e0 $x0))
p201524	-0.00209	0.00678	0.00031	-0.00684	-0.00399	-0.01428	-0.00756	0.00920	0.00220	0.00098	0.02639	0.00044	-0.00519	0.01343	-0.01568	0.00557	0.00958	0.01493	-0.00401	0.00940	-0.01875	-0.00999	-0.00851	-0.01545	-0.01452	-0.00317	0.00673	-0.01079	-0.00565	0.00417	0.04042	-0.00908	(And (Member $e0 kill) (Patient $e0 $x0))
p201525	-0.12174	-0.06181	-0.16615	-0.07550	-0.11503	-0.05658	-0.03757	0.00304	0.17341	-0.05843	-0.01857	-0.09967	0.03694	-0.13209	-0.05310	0.08688	0.15239	-0.07397	0.09519	0.19862	-0.04331	-0.04907	0.17984	0.07509	0.07717	0.22786	-0.01998	-0.01121	-0.07136	0.12256	-0.00146	0.01185	(And (Member $e0 lend) (Recipient $e0 $x0))
p201526	-0.00401	0.09666	0.01029	-0.00328	-0.01202	0.04601	-0.02257	0.03564	-0.00058	-0.02449	0.01371	-0.00115	0.01096	-0.03289	-0.03534	-0.02760	-0.04548	-0.03243	-0.00805	0.03706	0.03150	-0.01186	-0.01134	0.00028	0.04814	-0.00384	-0.00716	-0.02037	0.00307	-0.00670	0.00005	0.03026	(And (Member $e0 make) (Ongoing $e0))
p201527	-0.02161	0.02430	0.00922	-0.00975	-0.00638	0.08230	-0.03202	0.03939	0.01289	-0.02790	0.03082	-0.01074	0.02006	-0.05254	-0.02967	-0.04033	-0.04152	-0.04168	-0.02452	0.02510	0.02923	-0.01375	0.00418	0.04893	0.03963	-0.01195	-0.01844	0.03832	0.01567	-0.00556	-0.01495	0.03091	(And (Member $e0 make) (Result $e0 $e1))
p201528	0.00655	-0.03090	-0.02419	-0.01338	0.07649	-0.00239	-0.01229	0.03100	0.00413	0.04770	0.01512	-0.01762	-0.03148	0.01645	-0.02274	0.05111	-0.00642	-0.02012	-0.01866	-0.04463	0.00748	0.04487	-0.00899	-0.02275	0.03361	-0.00229	-0.02178	-0.00689	-0.03472	0.02006	-0.00408	-0.00800	(And (Member $e0 postpone) (Theme $e0 $x0))
p201529	0.11145	-0.07589	0.01681	-0.04146	0.05321	-0.09217	-0.04132	-0.04618	0.00860	-0.11056	0.05288	-0.00100	0.02751	0.07351	0.21868	-0.06499	-0.05918	-0.03093	0.14718	-0.03312	-0.03703	-0.00531	-0.05739	0.16478	0.12359	-0.05813	-0.03892	-0.02984	-0.02510	0.07483	-0.04206	0.02751	(And (Member $e0 repair) (Past $e0))
p201530	-0.02390	-0.02918	0.00642	-0.00796	-0.00784	-0.00455	0.00321	-0.04042	-0.01958	0.02843	0.00049	-0.01560	0.04551	-0.00548	-0.01055	-0.01311	-0.00644	0.00891	0.02992	-0.01959	0.03356	0.00335	0.00794	-0.01245	0.02793	-0.00133	0.02075	-0.00138	0.03464	-0.00681	0.01555	-0.00265	(And (Member $e0 take) (Past $e0))
p201531	-0.00456	-0.02501	-0.01710	-0.13691	0.07285	0.16423	-0.01723	-0.06777	-0.13231	-0.12409	-0.00421	0.21868	-0.01393	0.00504	-0.07229	-0.05094	0.03905	0.17212	0.18656	0.14104	-0.00392	0.22667	-0.03414	-0.03331	0.00306	0.03339	-0.12019	-0.00178	-0.05039	-0.10844	0.01501	-0.03531	(And (Member $e0 teach) (Theme $e0 $x0))
p201532	0.11260	0.01496	-0.01561	-0.01856	-0.00190	0.02658	-0.00201	-0.04814	-0.00716	0.00789	-0.02127	0.00581	-0.02112	-0.05093	-0.02553	0.00237	0.00412	-0.01406	-0.00642	-0.01822	0.03314	0.04234	0.10166	-0.02312	0.06121	-0.03939	0.00821	-0.01707	0.02895	-0.00185	0.00753	-0.01090	(And (Member $e0 walk) (Past $e0))
p201533	-0.03829	0.01928	0.04677	-0.01062	0.05584	0.05676	0.03381	0.05302	0.02952	-0.02867	-0.04938	-0.03013	-0.01248	-0.03531	0.06322	-0.03353	-0.02512	-0.03341	-0.01559	-0.02304	0.04384	-0.00280	0.02875	0.04248	-0.00220	0.03570	-0.01767	-0.01511	-0.02267	-0.02702	0.05626	-0.03191	(And (Member $x0 thing) (Patient $e0 $x0))
p201534	-0.09984	0.12227	0.15763	-0.07394	0.18532	0.15185	0.07497	0.14060	0.06739	-0.09079	-0.07124	-0.06031	-0.04637	-0.12346	0.10978	-0.15618	-0.10288	-0.10009	-0.09126	-0.04539	0.17076	-0.01343	0.06953	0.16864	0.07470	0.11905	-0.07283	0.00158	-0.04000	-0.03461	0.02297	-0.03985	(And (Ongoing $e0) (Result $e0 $e1))
p201535	-0.01472	0.03773	0.02083	-0.00407	-0.00234	0.01912	-0.02578	0.01578	0.01964	0.00469	0.02191	-0.01300	-0.02187	-0.00062	-0.01828	-0.00763	0.02153	0.00440	-0.01414	0.00457	-0.01310	-0.02234	-0.00543	-0.02288	0.00329	-0.01507	-0.00979	-0.01044	-0.00099	-0.00879	-0.01066	0.00938	(And (Past $e0) (Through $e0 $x0))
p201536	0.04271	-0.02552	-0.00704	0.05081	-0.02261	0.03381	0.18928	0.07116	-0.02482	-0.06299	0.07833	0.00554	0.08737	-0.02287	-0.00821	-0.04757	-0.02599	-0.03716	-0.03927	0.07263	-0.04674	-0.01343	-0.04041	-0.01867	-0.01979	-0.01687	0.01231	0.00353	-0.06380	0.03474	-0.02099	0.01946	(And (Theme $e0 $e1) (Theme $e1 $x0))
p201563	-0.06486	-0.00241	0.10875	-0.07177	-0.05086	0.02981	0.00358	-0.05493	-0.05724	0.00438	0.12948	0.06741	0.01689	0.12258	0.11074	0.11393	-0.10791	-0.00539	-0.00732	-0.02596	-0.05789	-0.02818	0.10760	-0.12194	-0.03527	0.12579	0.02462	0.02036	-0.01904	-0.08949	-0.02970	0.02771	(CoAgent $e0 $x0)
p201564	0.15186	-0.00750	0.14495	0.07694	0.01143	-0.07759	-0.01624	0.09495	0.12332	-0.01965	-0.01317	-0.13954	0.02962	-0.04226	-0.00808	-0.03468	-0.11830	0.20930	-0.03033	-0.00964	-0.06078	0.09353	-0.10209	-0.10034	0.01256	0.19043	-0.06228	0.00103	0.05321	-0.04933	0.00124	-0.00471	(GroupOf $x0 egg)
p201565	-0.00094	-0.01777	0.04749	-0.04190	-0.04471	-0.03189	-0.02480	0.10565	-0.10356	-0.10855	-0.00098	0.15547	-0.00924	-0.10568	0.15354	0.05935	0.04063	-0.09064	-0.03508	0.07244	0.12648	0.02167	-0.06245	-0.10272	-0.05286	-0.04799	-0.06495	-0.00332	0.23060	0.18818	0.00967	-0.01436	(GroupOf $x0 forklift)
p201566	-0.00322	-0.00695	-0.00160	-0.00162	-0.00624	-0.00952	-0.00844	0.00149	0.00456	0.00640	0.01134	-0.00476	-0.00986	0.02202	-0.00784	0.00354	0.01658	0.01100	-0.00145	0.00163	-0.00596	-0.00439	-0.01125	-0.01209	-0.00604	-0.00934	0.00180	0.02104	-0.00499	-0.00157	0.00046	-0.00039	(In $e0 $x0)
p201567	-0.00068	0.03040	0.00322	-0.00631	-0.00125	-0.00220	-0.00819	0.00939	-0.00269	-0.00215	-0.00036	0.00318	-0.00645	0.00559	-0.00881	0.00101	0.00119	0.00466	-0.00408	0.00623	0.00006	-0.01135	-0.00124	-0.01612	0.00034	0.00176	-0.00011	-0.01442	-0.00788	-0.00378	0.02838	-0.00326	(Member $e0 change)
p201568	-0.00208	0.00678	0.00030	-0.00683	-0.00399	-0.01428	-0.00755	0.00920	0.00220	0.00098	0.02639	0.00045	-0.00518	0.01343	-0.01568	0.00557	0.00958	0.01492	-0.00401	0.00940	-0.01875	-0.00999	-0.00851	-0.01545	-0.01452	-0.00317	0.00673	-0.01079	-0.00565	0.00417	0.04042	-0.00908	(Member $e0 kill)
p201569	0.00137	-0.00481	-0.00725	0.00042	-0.00980	0.02948	-0.01289	0.01602	0.00597	0.00224	0.00706	-0.00306	0.00077	-0.02002	-0.00940	0.01308	-0.00602	-0.01131	-0.00096	0.00302	-0.01271	-0.00498	0.01912	-0.00237	-0.01301	-0.01721	0.00315	0.01451	0.00797	-0.01218	0.04124	-0.01220	(Member $e0 open)
p201570	0.04984	-0.01091	0.00515	0.06448	-0.03725	0.05358	0.16050	0.06362	-0.02411	-0.06161	0.08497	0.01091	0.06130	-0.03166	-0.01862	-0.05199	-0.01646	-0.04638	-0.07214	0.09051	-0.04713	-0.01341	-0.04882	-0.01784	-0.00259	-0.01960	0.00526	-0.01181	-0.05628	0.05225	-0.01818	0.02700	(Member $e0 reach)
p201571	-0.01765	-0.00055	0.00342	-0.01020	0.02941	-0.01080	-0.00245	-0.00388	0.00349	-0.01043	-0.01143	-0.02284	0.03024	0.00673	0.01109	0.01400	-0.00112	0.00222	0.00635	-0.01590	0.00223	-0.00575	-0.00380	-0.00648	-0.01424	-0.01814	0.01668	-0.00204	-0.00406	-0.02390	-0.00069	0.00658	(Member $e0 receive)
p201572	0.02370	0.04711	-0.00980	-0.00512	-0.01729	-0.01360	0.00158	-0.00692	-0.00113	-0.01376	0.00178	0.00730	-0.00185	0.03221	0.01096	0.02326	0.01857	0.00655	-0.01517	0.03077	-0.01479	-0.00282	-0.02549	-0.03782	0.02987	-0.00678	-0.00257	0.04533	-0.01598	-0.02767	-0.00412	-0.00565	(Member $e0 sleep)
p201573	-0.00252	-0.03409	0.00290	-0.03141	0.01145	0.06501	-0.02615	0.01933	0.00559	0.00074	0.03385	-0.00401	0.00410	-0.06313	-0.02228	-0.00724	-0.01568	-0.02863	-0.01814	-0.01550	-0.00222	-0.00177	0.06414	0.03618	0.01564	-0.01517	-0.00695	0.07222	0.03569	-0.01229	0.03113	-0.01532	(Member $e0 turn)
p201574	0.05101	-0.03332	-0.02650	0.09926	0.02604	0.06352	0.08172	-0.04670	-0.02938	-0.01237	0.13274	0.01195	0.00914	-0.05162	-0.04383	0.01260	0.03082	-0.04629	-0.07672	0.02025	-0.00146	0.00094	-0.06191	-0.02105	0.03492	0.02299	-0.01624	0.00028	-0.01802	0.05606	-0.02701	0.00759	(Member $x0 case)
p201575	0.12980	0.02688	0.16455	0.00837	-0.09657	-0.00976	-0.01904	-0.02915	-0.04048	0.24703	0.00368	-0.01035	-0.05009	-0.04439	-0.12238	0.15083	-0.16317	-0.11235	-0.01993	0.25254	-0.00224	0.07870	-0.11103	0.20827	-0.11676	0.01417	-0.07027	-0.00257	-0.04584	-0.08532	0.00148	0.00138	(Member $x0 chef)
p201576	-0.00731	0.02014	0.02446	-0.00639	-0.00187	-0.00260	0.01377	0.00309	-0.00768	-0.00912	-0.01374	-0.00127	0.02024	0.00940	-0.00472	-0.01160	0.01777	0.00481	-0.01058	0.01374	-0.01612	-0.00902	-0.00893	-0.01669	-0.00120	-0.00769	-0.00701	-0.00342	-0.01188	0.00219	0.01259	0.00603	(Member $x0 company)
p201577	-0.00701	-0.00679	-0.00934	-0.01308	0.01747	-0.01611	0.01122	0.01218	0.00384	-0.00174	-0.01220	-0.00822	0.00957	0.00962	0.00177	0.01086	-0.00099	0.01025	0.01293	0.00184	0.00010	-0.01459	-0.00187	-0.00440	-0.01918	-0.01463	0.00394	0.01264	-0.02077	-0.01358	-0.00010	0.02307	(Member $x0 doctor)
p201578	-0.00453	-0.00060	-0.00032	0.00208	-0.00116	-0.00540	0.00295	-0.00475	0.01226	0.00779	-0.00226	0.03024	0.00116	-0.00114	-0.00553	-0.00480	-0.00724	-0.00859	-0.00174	-0.00279	0.00861	-0.00129	0.00181	0.00810	-0.00468	-0.00501	0.00879	-0.00575	-0.00368	0.00056	0.00329	-0.00304	(Member $x0 food)
p201579	-0.06633	-0.11243	0.04074	0.16113	-0.03735	-0.07903	-0.01972	0.08386	-0.04703	-0.11015	-0.07566	0.10838	-0.02461	-0.03640	-0.09682	0.06333	-0.00032	0.17975	-0.03035	-0.03314	-0.01709	-0.11389	0.07279	0.10399	0.22633	-0.07127	0.20911	-0.00106	-0.10066	-0.02194	0.00624	-0.02700	(Member $x0 kiln)
p201580	0.13605	0.01820	-0.13236	-0.05348	-0.03682	0.11021	-0.05773	0.14052	-0.07184	0.05337	-0.02381	0.05144	0.04085	0.13500	-0.07450	-0.07531	0.15755	-0.09675	0.02420	0.00851	-0.04247	-0.12424	-0.12509	0.09678	-0.07856	0.12996	0.14392	-0.00831	0.11053	-0.11619	-0.00628	-0.00707	(Member $x0 point)
p201581	-0.06633	-0.11243	0.04074	0.16113	-0.03735	-0.07903	-0.01972	0.08386	-0.04703	-0.11015	-0.07566	0.10838	-0.02461	-0.03640	-0.09682	0.06333	-0.00032	0.17975	-0.03035	-0.03313	-0.01709	-0.11389	0.07279	0.10399	0.22633	-0.07127	0.20911	-0.00106	-0.10066	-0.02194	0.00624	-0.02700	(Member $x0 pottery_studio)
p201582	0.14999	-0.01693	0.14206	0.07755	0.00951	-0.07612	-0.01899	0.09719	0.12336	-0.01645	-0.00788	-0.13865	0.02748	-0.03893	-0.00853	-0.03493	-0.11644	0.21105	-0.02632	-0.01032	-0.05948	0.08571	-0.10223	-0.09596	0.00646	0.18832	-0.06914	0.00485	0.05115	-0.04652	-0.00845	-0.00083	(Member $x0 recipe)
p201583	0.04397	-0.00622	-0.01526	0.07760	-0.00099	0.06646	0.07627	-0.02294	-0.00319	-0.00911	0.10547	0.03285	0.02524	-0.04219	-0.03574	-0.00725	0.00387	-0.05187	-0.06955	0.03579	-0.01930	-0.00698	-0.04558	-0.02434	0.02114	0.00145	0.00288	-0.00326	-0.01854	0.04376	-0.02044	0.01412	(Member $x0 roof)
p201584	0.05276	0.00451	-0.00232	-0.00523	0.00942	0.00084	0.01095	-0.02883	0.04404	0.01549	-0.02400	0.04991	-0.01335	-0.01033	0.00191	-0.00506	0.01441	-0.01403	-0.02267	-0.02283	-0.00303	0.00687	0.03789	-0.01713	-0.00343	-0.02402	0.00406	0.00820	0.00144	0.00664	0.00842	-0.00846	(Member $x0 town)
p201585	-0.01154	0.00823	0.00041	-0.00127	0.00147	-0.00091	-0.00501	-0.00102	0.01270	-0.00473	0.00607	-0.00958	-0.01041	-0.01310	-0.00781	-0.00522	-0.00050	-0.00549	-0.00953	-0.00139	0.00195	0.02390	0.00082	0.00613	0.00372	-0.00545	0.00765	-0.01205	0.00850	-0.00531	0.00270	0.00298	(Member $x0 water)
p201586	-0.01472	0.03773	0.02083	-0.00407	-0.00234	0.01913	-0.02578	0.01578	0.01964	0.00469	0.02191	-0.01300	-0.02187	-0.00062	-0.01828	-0.00763	0.02153	0.00440	-0.01414	0.00457	-0.01310	-0.02234	-0.00543	-0.02288	0.00329	-0.01507	-0.00979	-0.01044	-0.00099	-0.00879	-0.01066	0.00938	(Through $e0 $x0)
p201587	-0.00137	-0.00031	0.00147	0.01305	-0.01091	0.01154	-0.00118	-0.00256	-0.00080	0.00934	-0.03082	-0.00481	0.00553	0.00180	0.00737	0.01010	0.00918	-0.00379	0.00385	-0.00520	-0.00578	-0.00201	0.00632	-0.01726	-0.01669	-0.00238	-0.00051	-0.00639	-0.00476	-0.00965	0.03173	-0.00496	(Time $e0 morning)
p201593	-0.06193	0.13213	-0.14885	0.08018	-0.02295	-0.09001	-0.01302	0.04217	-0.03368	0.13454	0.10155	-0.00655	0.06149	-0.05150	0.15697	-0.05893	0.11922	0.08769	-0.03292	-0.04970	-0.01659	0.12089	0.09704	0.08309	-0.10122	-0.01303	-0.08217	-0.00099	-0.02079	-0.06803	-0.01849	0.04059	(And (Beneficiary $e0 $x0) (Member $x0 hall) (Past $e0) (Theme $e0 $x1))
p201594	0.00109	-0.01608	0.03976	-0.04376	-0.03663	-0.02686	-0.02324	0.10178	-0.09333	-0.10089	0.00090	0.14181	-0.00638	-0.09742	0.15968	0.04661	0.03891	-0.09492	-0.03209	0.06804	0.11895	0.01878	-0.05943	-0.11019	-0.05020	-0.04471	-0.05929	-0.00428	0.21811	0.18353	0.00881	-0.01342	(And (Cardinality $x0 <num>) (GroupOf $x0 forklift) (Past $e0) (Theme $e0 $x0))
p201695	-0.00108	-0.00839	-0.03079	-0.02712	0.05317	-0.02803	-0.00734	0.01308	0.00745	-0.00507	-0.00411	-0.00855	0.00009	-0.01032	0.00830	0.04542	-0.01601	-0.00236	0.00883	-0.02266	-0.00228	-0.00083	0.00024	0.01394	-0.00649	-0.01004	0.00225	-0.00018	-0.01014	-0.02625	-0.00072	0.02220	(And (Agent $e0 $x0) (Member $x0 physician) (Theme $e0 $x1))
p201696	0.01287	0.02162	0.01670	0.03353	0.04248	0.02511	0.02183	-0.03879	-0.02681	0.00928	0.04157	-0.00132	0.01545	-0.01466	-0.01827	0.02264	0.04075	-0.02211	-0.02517	-0.01298	-0.00737	-0.01353	-0.03673	-0.02765	0.00450	0.01453	-0.00114	0.00016	-0.00798	0.01173	-0.00631	-0.02632	(And (Agent $e0 $x0) (Member $x1 new) (Theme $e0 $x1))
p201697	-0.06193	0.13213	-0.14885	0.08018	-0.02295	-0.09001	-0.01302	0.04217	-0.03368	0.13454	0.10155	-0.00655	0.06149	-0.05150	0.15697	-0.05893	0.11922	0.08769	-0.03292	-0.04970	-0.01659	0.12089	0.09704	0.08309	-0.10122	-0.01303	-0.08217	-0.00099	-0.02079	-0.06802	-0.01849	0.04059	(And (Beneficiary $e0 $x0) (Member $x0 hall) (Past $e0))
p201698	-0.06193	0.13213	-0.14885	0.08018	-0.02295	-0.09001	-0.01302	0.04217	-0.03368	0.13454	0.10155	-0.00655	0.06149	-0.05150	0.15697	-0.05893	0.11922	0.08769	-0.03292	-0.04970	-0.01659	0.12089	0.09704	0.08309	-0.10122	-0.01303	-0.08217	-0.00099	-0.02079	-0.06803	-0.01849	0.04059	(And (Beneficiary $e0 $x0) (Member $x0 hall) (Theme $e0 $x1))
p201699	0.00109	-0.01608	0.03976	-0.04376	-0.03663	-0.02686	-0.02324	0.10178	-0.09333	-0.10089	0.00090	0.14181	-0.00638	-0.09742	0.15968	0.04661	0.03891	-0.09492	-0.03209	0.06804	0.11895	0.01878	-0.05943	-0.11019	-0.05020	-0.04471	-0.05929	-0.00428	0.21811	0.18353	0.00881	-0.01342	(And (GroupOf $x0 forklift) (Past $e0) (Theme $e0 $x0))
p201700	0.00395	-0.02052	-0.00472	-0.01769	-0.00570	0.03200	-0.01945	0.00720	0.00408	-0.00670	0.04996	0.00575	0.00254	-0.03121	-0.03007	-0.00799	0.00074	-0.01006	-0.02446	0.00612	-0.02713	-0.00372	0.02265	0.01753	0.01174	-0.01954	-0.00458	0.04814	0.01944	0.00542	0.02500	0.00322	(And (Member $x0 door) (Past $e0) (Patient $e0 $x0))
p201701	-0.06060	-0.10367	0.03197	0.15093	-0.03143	-0.07248	-0.01807	0.07744	-0.03790	-0.10314	-0.07029	0.09304	-0.02143	-0.03254	-0.08672	0.05213	-0.00105	0.16837	-0.02607	-0.03468	-0.01916	-0.10867	0.06940	0.09552	0.21079	-0.06648	0.19821	-0.00106	-0.09264	-0.01832	0.00526	-0.02423	(And (Member $x0 kiln) (Past $e0) (Theme $e0 $x0))
p201758	0.08171	-0.06317	0.01558	-0.02810	0.03911	-0.07388	-0.02525	-0.04511	0.00302	-0.08657	0.04210	0.00321	0.02172	0.06731	0.16869	-0.05922	-0.01620	-0.01599	0.09409	-0.02473	-0.03427	-0.00505	-0.05408	0.11019	0.10205	-0.04282	-0.03462	-0.02166	-0.02095	0.06986	-0.02537	0.01440	(And (Inheritance yard_floodlight floodlight) (Member $x0 yard_floodlight))
p201766	0.00607	-0.01135	-0.01086	-0.00239	-0.00252	-0.01485	-0.00388	-0.00573	-0.00403	-0.01073	-0.01685	0.00342	0.00210	0.00714	0.02115	-0.00538	-0.00449	-0.00158	0.00949	-0.00055	0.00507	-0.00081	-0.00377	0.01983	0.00541	-0.00250	-0.00392	-0.00472	-0.00743	0.00739	0.00690	0.01675	(Inheritance feed_pipe pipe)
p201767	0.08171	-0.06317	0.01558	-0.02810	0.03911	-0.07388	-0.02525	-0.04511	0.00302	-0.08657	0.04210	0.00321	0.02172	0.06731	0.16869	-0.05922	-0.01620	-0.01599	0.09409	-0.02473	-0.03427	-0.00505	-0.05408	0.11019	0.10205	-0.04282	-0.03462	-0.02166	-0.02095	0.06986	-0.02537	0.01440	(Inheritance yard_floodlight floodlight)
p201775	-0.11359	-0.05678	-0.15898	-0.07188	-0.10712	-0.05406	-0.03646	0.00430	0.16357	-0.05294	-0.01666	-0.09299	0.02732	-0.12540	-0.05025	0.08828	0.14857	-0.07024	0.08987	0.18740	-0.03842	-0.04661	0.16680	0.06930	0.07032	0.21938	-0.02052	-0.01065	-0.06574	0.11421	-0.00126	0.01172	(And (Agent $e0 $x0) (Member $e0 lend) (Recipient $e0 $x1) (Theme $e0 $x2))
p201776	0.11096	-0.07539	0.01593	-0.03633	0.05406	-0.08876	-0.03638	-0.04960	0.00835	-0.10693	0.04506	-0.00164	0.02580	0.06907	0.21108	-0.06964	-0.05030	-0.03194	0.14096	-0.03347	-0.03054	-0.00111	-0.05987	0.16788	0.12479	-0.05399	-0.04167	-0.02828	-0.02330	0.07782	-0.04497	0.02242	(And (Agent $e0 $x0) (Member $e0 repair) (Past $e0) (Patient $e0 $x1))
p201777	-0.00561	-0.02259	-0.01328	-0.12927	0.06662	0.15939	-0.01590	-0.06665	-0.12782	-0.12095	-0.00435	0.21307	-0.01587	0.00672	-0.07148	-0.05462	0.03935	0.16555	0.18271	0.13882	-0.00190	0.22109	-0.03206	-0.03074	0.00281	0.03526	-0.11779	-0.00224	-0.04778	-0.10318	0.01460	-0.03696	(And (Agent $e0 $x0) (Member $e0 teach) (Recipient $e0 $x1) (Theme $e0 $x2))
p201792	0.13563	0.01408	-0.14137	-0.05215	-0.03447	0.11549	-0.05966	0.14231	-0.06732	0.04651	-0.02538	0.04750	0.05088	0.12733	-0.07169	-0.07145	0.14645	-0.10545	0.02946	0.00566	-0.04196	-0.11406	-0.12342	0.10451	-0.07737	0.12721	0.15470	-0.01950	0.11612	-0.12148	-0.00269	-0.00131	(And (Agent $e0 $x0) (Location $e0 $x1) (Theme $e0 $x2))
p201793	-0.11359	-0.05678	-0.15898	-0.07188	-0.10712	-0.05406	-0.03646	0.00430	0.16357	-0.05294	-0.01666	-0.09299	0.02732	-0.12540	-0.05025	0.08828	0.14857	-0.07024	0.08987	0.18740	-0.03842	-0.04661	0.16680	0.06930	0.07032	0.21937	-0.02052	-0.01065	-0.06574	0.11421	-0.00126	0.01172	(And (Agent $e0 $x0) (Member $e0 lend) (Recipient $e0 $x1))
p201794	-0.00924	-0.00484	-0.00179	-0.02233	0.04692	-0.02134	0.01423	0.00830	0.00190	-0.00409	-0.01382	-0.01255	0.00936	-0.00826	0.01155	0.03592	0.00147	-0.00524	0.00680	-0.02016	-0.00970	-0.00367	-0.00156	0.00603	-0.01810	-0.01132	0.00226	-0.00063	-0.01560	-0.02534	0.00302	0.00372	(And (Agent $e0 $x0) (Member $e0 order) (Theme $e0 $x1))
p201795	0.11096	-0.07539	0.01593	-0.03633	0.05406	-0.08876	-0.03638	-0.04960	0.00835	-0.10693	0.04506	-0.00164	0.02580	0.06907	0.21108	-0.06964	-0.05030	-0.03194	0.14096	-0.03347	-0.03054	-0.00111	-0.05987	0.16788	0.12479	-0.05399	-0.04167	-0.02828	-0.02331	0.07782	-0.04497	0.02243	(And (Agent $e0 $x0) (Member $e0 repair) (Past $e0))
p201796	-0.06193	0.13213	-0.14885	0.08018	-0.02295	-0.09001	-0.01302	0.04217	-0.03368	0.13454	0.10155	-0.00655	0.06149	-0.05150	0.15697	-0.05893	0.11922	0.08769	-0.03292	-0.04970	-0.01659	0.12089	0.09704	0.08309	-0.10122	-0.01303	-0.08217	-0.00099	-0.02079	-0.06803	-0.01849	0.04059	(And (Beneficiary $e0 $x0) (Past $e0) (Theme $e0 $x1))
p201797	0.00109	-0.01608	0.03976	-0.04376	-0.03663	-0.02686	-0.02324	0.10178	-0.09333	-0.10089	0.00090	0.14181	-0.00638	-0.09742	0.15968	0.04661	0.03891	-0.09492	-0.03209	0.06804	0.11895	0.01878	-0.05943	-0.11019	-0.05020	-0.04471	-0.05929	-0.00428	0.21811	0.18353	0.00881	-0.01342	(And (Cardinality $x0 <num>) (GroupOf $x0 forklift) (Theme $e0 $x0))
p201798	0.18750	0.03600	-0.14684	0.00247	-0.04787	-0.10198	0.16733	-0.08773	0.08582	-0.06223	-0.08944	-0.02323	-0.02320	0.16535	0.20502	0.17200	0.16315	-0.01142	-0.10833	0.14285	0.04423	0.07698	-0.11485	-0.10570	0.09948	-0.05738	0.03622	0.05911	-0.10522	-0.10403	0.00897	-0.05054	(And (Experiencer $e0 $x0) (Location $e0 $x1) (Ongoing $e0))
p201799	0.16932	-0.00595	-0.15928	0.00860	-0.04095	-0.10000	0.17011	-0.08206	0.11113	-0.05151	-0.10036	-0.04270	-0.03588	0.16825	0.20738	0.17095	0.17331	-0.01485	-0.10144	0.12814	0.07720	0.09489	-0.10947	-0.08951	0.07781	-0.06686	0.03814	0.06084	-0.11547	-0.10181	0.00777	-0.04767	(And (Experiencer $e0 $x0) (Location $e0 $x1) (Past $e0))
p201800	0.15303	-0.01288	0.14746	0.08505	0.00728	-0.07255	-0.00861	0.08171	0.12777	-0.00435	-0.00858	-0.11988	0.04060	-0.02513	-0.01507	-0.04880	-0.11405	0.20383	-0.02884	-0.01007	-0.06481	0.07568	-0.09970	-0.09676	0.01030	0.18756	-0.06301	0.00631	0.02500	-0.04464	-0.00520	-0.00672	(And (Holder $e0 $x0) (Member $e0 require) (Theme $e0 $x1))
p201801	-0.00802	-0.03781	-0.00604	0.00334	-0.00885	0.00627	0.02007	-0.03772	0.01122	-0.03225	-0.02616	-0.03346	0.07064	-0.01150	0.00116	-0.03376	-0.01611	-0.02599	0.00015	-0.00647	0.05548	0.07726	-0.00465	0.04016	0.00914	-0.02046	0.04632	-0.01574	0.00852	-0.00487	0.00586	0.00009	(And (Location $e0 $x0) (Past $e0) (Theme $e0 $x1))
p201802	-0.01425	-0.00639	-0.01328	-0.00560	0.00911	0.00063	-0.01391	0.00620	0.01751	0.00146	0.01125	-0.01820	-0.02404	-0.00400	-0.00972	0.00080	-0.00655	0.00037	0.01735	-0.01061	0.04767	0.00395	0.00122	0.01764	-0.00293	-0.00975	0.00577	-0.01745	0.00530	-0.00713	-0.01758	-0.00030	(And (Member $e0 hear) (Past $e0) (Stimulus $e0 $x0))
p201803	-0.00561	-0.02259	-0.01328	-0.12927	0.06662	0.15939	-0.01590	-0.06665	-0.12782	-0.12095	-0.00435	0.21307	-0.01587	0.00672	-0.07148	-0.05462	0.03935	0.16555	0.18271	0.13882	-0.00190	0.22109	-0.03206	-0.03074	0.00281	0.03526	-0.11779	-0.00224	-0.04778	-0.10318	0.01460	-0.03696	(And (Member $e0 teach) (Recipient $e0 $x0) (Theme $e0 $x1))
p201804	-0.00115	0.01344	-0.00613	-0.02002	-0.00491	-0.01722	-0.01473	0.02478	0.00690	-0.00379	0.04622	-0.00574	-0.00106	0.00009	-0.01490	0.01442	-0.00319	0.03002	-0.00323	0.01586	-0.03907	-0.02075	-0.00717	-0.02681	-0.01623	-0.01209	0.01853	-0.00829	0.00989	-0.00556	0.03282	-0.01141	(And (Past $e0) (Patient $e0 $x0) (Source $e0 $x1))
p201837	-0.06575	-0.00072	0.11258	-0.07128	-0.04830	0.03334	0.00571	-0.05416	-0.05669	0.00149	0.12793	0.06754	0.01815	0.11451	0.10973	0.10881	-0.10987	-0.01032	-0.00969	-0.02668	-0.05994	-0.02390	0.10945	-0.11669	-0.03320	0.12771	0.02468	0.00836	-0.01715	-0.08564	-0.02689	0.02670	(And (Agent $e0 $x0) (CoAgent $e0 $x1))
p201838	0.09584	-0.00072	0.01482	-0.00686	-0.00535	0.03288	-0.00774	-0.02231	-0.00644	-0.00515	-0.02981	0.01004	-0.02038	-0.02021	-0.01450	-0.00757	0.03626	0.00454	-0.02116	-0.02593	-0.00440	-0.00528	0.08190	-0.02698	-0.01269	-0.03620	-0.01471	0.00441	-0.00573	0.02250	0.00579	0.00116	(And (Agent $e0 $x0) (Member $e0 come))
p201839	-0.01079	-0.00132	-0.00804	-0.00201	-0.00065	0.03243	-0.02718	0.01142	0.01372	-0.00723	0.01133	-0.00575	0.00610	-0.02042	-0.00782	0.00561	-0.00036	-0.01274	-0.00556	0.00207	-0.01411	-0.01098	-0.00420	0.00904	0.01324	-0.01808	-0.00831	0.02941	0.00916	-0.01047	-0.00882	0.03751	(And (Agent $e0 $x0) (Member $e0 leave))
p201840	-0.00924	-0.00484	-0.00179	-0.02233	0.04692	-0.02134	0.01423	0.00830	0.00190	-0.00409	-0.01382	-0.01255	0.00936	-0.00826	0.01155	0.03592	0.00147	-0.00524	0.00680	-0.02016	-0.00970	-0.00367	-0.00156	0.00603	-0.01810	-0.01132	0.00226	-0.00063	-0.01560	-0.02534	0.00302	0.00372	(And (Agent $e0 $x0) (Member $e0 order))
p201841	0.00549	-0.04084	-0.00677	-0.00103	-0.00252	0.00741	0.02857	-0.03510	-0.01863	0.01963	-0.02065	0.00062	0.01430	-0.03415	-0.00852	0.00391	-0.00676	-0.00585	0.01326	-0.02599	0.00514	0.03889	0.02217	-0.00492	0.01720	-0.01372	0.01709	0.00943	0.04679	-0.00463	0.00638	0.03391	(And (Agent $e0 $x0) (Member $e0 take))
p201842	-0.00607	-0.00584	-0.01065	-0.01322	0.02017	-0.01732	0.01195	0.01511	0.00662	-0.00088	-0.01192	-0.00638	-0.00161	0.00780	0.00188	0.01434	0.00308	0.00901	0.01071	0.00144	-0.00693	-0.01261	-0.00206	-0.00419	-0.02010	-0.01335	0.00186	0.01291	-0.01947	-0.01384	0.00024	0.02220	(And (Agent $e0 $x0) (Member $x0 doctor))
p201843	0.09169	0.04740	0.08385	-0.01441	0.04351	-0.00987	0.12275	0.01517	-0.04691	-0.02640	-0.10452	0.02477	0.01287	-0.00940	-0.00506	-0.03525	0.04502	-0.01331	-0.02094	-0.03040	-0.00077	-0.00210	0.09720	-0.04713	-0.06851	-0.01160	-0.01554	-0.00965	-0.08206	0.01959	0.07482	-0.00258	(And (Agent $e0 $x0) (Member $x0 man))
p201844	-0.06193	0.13213	-0.14885	0.08018	-0.02295	-0.09001	-0.01302	0.04217	-0.03368	0.13454	0.10155	-0.00655	0.06149	-0.05150	0.15697	-0.05893	0.11922	0.08769	-0.03292	-0.04970	-0.01659	0.12089	0.09704	0.08309	-0.10122	-0.01303	-0.08217	-0.00099	-0.02079	-0.06803	-0.01849	0.04059	(And (Beneficiary $e0 $x0) (Member $x0 hall))
p201845	-0.06193	0.13213	-0.14885	0.08018	-0.02295	-0.09001	-0.01302	0.04217	-0.03368	0.13454	0.10155	-0.00655	0.06149	-0.05150	0.15697	-0.05893	0.11922	0.08769	-0.03292	-0.04970	-0.01659	0.12089	0.09704	0.08309	-0.10122	-0.01303	-0.08217	-0.00099	-0.02079	-0.06803	-0.01849	0.04059	(And (Beneficiary $e0 $x0) (Theme $e0 $x1))
p201846	0.15076	-0.01654	0.14210	0.07749	0.00981	-0.07577	-0.01920	0.09782	0.12424	-0.01647	-0.00780	-0.13877	0.02818	-0.03882	-0.00904	-0.03450	-0.11694	0.21142	-0.02599	-0.01015	-0.05921	0.08576	-0.10195	-0.09661	0.00642	0.18769	-0.06863	0.00537	0.05091	-0.04691	-0.00768	-0.00004	(And (Cardinality $x0 <num>) (GroupOf $x0 egg))
p201847	0.01705	0.00651	-0.00378	-0.01262	-0.00800	-0.00961	-0.01651	0.00860	0.02200	-0.02048	0.01749	-0.02370	0.00281	-0.02283	0.00729	0.01169	-0.00869	0.04005	-0.01174	0.00619	-0.00264	0.00128	-0.01671	-0.02416	-0.00145	-0.01689	0.00407	-0.00787	0.05932	-0.00701	0.00317	-0.00063	(And (Cardinality $x0 <num>) (SubsetOf $x0 $x1))
p201848	-0.00013	-0.00950	-0.00618	0.00481	-0.01480	-0.01303	-0.00947	-0.00998	-0.01007	0.00994	-0.00039	-0.00032	0.01417	0.02294	-0.00050	0.00630	0.00576	0.01976	0.00935	0.00108	-0.00268	-0.01450	-0.00897	-0.01961	-0.00708	0.00042	0.00091	0.06997	-0.00333	-0.00660	-0.00926	0.00478	(And (Experiencer $e0 $x0) (GroupOf $x0 person))
p201849	0.01264	0.00086	-0.01822	-0.01052	-0.00875	-0.04432	0.07077	0.02644	-0.02438	0.00275	-0.01280	0.02213	0.01433	0.03140	0.00890	0.02145	-0.00075	0.02016	0.02495	0.01738	-0.03014	-0.01456	-0.00914	-0.03309	-0.02646	-0.00299	0.00153	0.08215	-0.02857	-0.02592	0.00918	0.01625	(And (Experiencer $e0 $x0) (Theme $e0 $e1))
p201850	0.11609	0.00111	-0.02320	-0.01980	0.00576	0.01873	-0.01469	-0.00622	-0.02301	-0.00423	-0.01275	0.01714	-0.01412	-0.02879	-0.01583	0.01246	-0.02409	-0.00554	0.00276	-0.02668	0.03543	-0.00232	0.10582	-0.01091	-0.00532	-0.04056	-0.00012	-0.00574	-0.01419	0.01163	-0.00068	-0.00174	(And (Goal $e0 $x0) (Member $e0 go))
p201851	0.11449	-0.00460	0.01630	-0.01456	0.00212	0.02951	0.00027	-0.04188	-0.03859	-0.00547	-0.04447	0.01181	0.04818	-0.02275	-0.00410	-0.00064	0.00427	-0.00786	-0.00810	-0.03617	0.01920	-0.00091	0.10953	-0.03409	-0.00734	-0.03352	-0.00006	0.00466	-0.02451	0.01379	0.02315	-0.01688	(And (Goal $e0 $x0) (Theme $e0 $x1))
p201852	0.00109	-0.01608	0.03976	-0.04376	-0.03663	-0.02686	-0.02324	0.10178	-0.09333	-0.10089	0.00090	0.14181	-0.00638	-0.09742	0.15968	0.04661	0.03891	-0.09492	-0.03209	0.06804	0.11895	0.01878	-0.05943	-0.11019	-0.05020	-0.04471	-0.05929	-0.00428	0.21811	0.18353	0.00881	-0.01342	(And (GroupOf $x0 forklift) (Theme $e0 $x0))
p201853	0.12900	0.02679	0.16361	0.00826	-0.09556	-0.00943	-0.01915	-0.02846	-0.03963	0.24493	0.00362	-0.01026	-0.04879	-0.04390	-0.12139	0.15045	-0.16237	-0.11113	-0.01944	0.25064	-0.00185	0.07788	-0.10961	0.20587	-0.11558	0.01297	-0.06907	-0.00202	-0.04575	-0.08477	0.00221	0.00201	(And (GroupOf $x0 lemon) (Member $x0 crate))
p201854	-0.00980	-0.01431	-0.00038	0.00033	0.00403	-0.00192	0.00954	-0.01479	0.00542	-0.01378	-0.00797	-0.00690	-0.00200	-0.02312	-0.00386	-0.00736	-0.00795	-0.02058	-0.00571	-0.00802	0.00361	0.05111	0.00517	0.02324	-0.00660	-0.00710	0.04216	-0.00856	0.01845	-0.00036	0.00588	0.00165	(And (Location $e0 $x0) (Member $e0 live))
p201855	-0.01719	-0.02991	0.00340	-0.00747	-0.00529	-0.01950	0.07224	-0.01944	-0.02165	0.00953	-0.01844	0.00529	0.02128	-0.03952	-0.00865	-0.01795	-0.01517	-0.02257	0.01161	-0.00746	-0.00870	0.05292	0.01094	0.00726	0.01165	-0.00933	0.04800	0.00435	0.04376	-0.00718	0.00651	0.04056	(And (Location $e0 $x0) (Theme $e1 $e0))
p201856	-0.02009	-0.00247	0.02772	-0.00096	0.00204	0.00655	-0.00160	-0.03117	-0.01798	0.00582	-0.01614	-0.01897	0.05038	0.01455	0.00129	-0.00448	0.01931	0.00476	0.00697	-0.01265	0.02587	-0.01203	-0.00568	-0.01301	-0.00519	-0.00258	0.00331	-0.00074	-0.01003	-0.00585	0.00331	-0.01982	(And (Member $e0 capture) (Past $e0))
p201857	0.08417	-0.04087	-0.00574	0.15077	-0.07699	0.13058	0.16015	0.01291	-0.04281	-0.06593	0.15412	0.00979	0.10267	-0.07263	-0.04542	-0.05766	-0.02542	-0.07428	-0.10916	0.12228	-0.05139	-0.01406	-0.07463	-0.03099	0.03009	-0.01988	0.00187	0.00684	-0.04592	0.08556	-0.04375	0.05266	(And (Member $e0 decision) (Theme $e0 $x0))
p201858	-0.00389	0.01427	-0.00824	-0.02258	-0.00373	0.00664	-0.02147	0.03131	0.01190	-0.00461	0.04802	-0.00883	-0.00336	-0.01740	-0.01871	0.01164	-0.01361	0.01432	-0.00784	0.01623	-0.02678	-0.01933	0.00079	-0.01096	-0.00032	-0.01514	0.01076	0.00880	0.01995	-0.01348	0.02034	-0.01181	(And (Member $e0 fall) (Past $e0))
p201859	0.03952	0.01915	0.02810	-0.01784	0.01914	0.01549	0.04222	0.02877	-0.00671	-0.02339	-0.02625	-0.00205	0.00709	-0.01878	0.00419	-0.03317	-0.01765	-0.01168	-0.00893	-0.01037	0.03255	-0.00769	0.05661	0.00210	-0.01674	-0.01631	-0.00207	-0.01546	-0.03103	0.00488	0.01541	-0.00634	(And (Member $e0 get) (Past $e0))
p201860	-0.00924	-0.00484	-0.00179	-0.02233	0.04692	-0.02134	0.01423	0.00830	0.00190	-0.00409	-0.01382	-0.01255	0.00936	-0.00826	0.01155	0.03592	0.00147	-0.00524	0.00680	-0.02016	-0.00970	-0.00367	-0.00156	0.00603	-0.01810	-0.01132	0.00226	-0.00063	-0.01560	-0.02534	0.00302	0.00372	(And (Member $e0 order) (Theme $e0 $x0))
p201861	-0.01395	-0.00135	-0.00083	-0.01020	0.02955	-0.01592	0.00203	-0.00737	-0.00231	-0.01164	-0.00980	-0.01888	0.03452	0.00656	0.01201	0.01392	-0.00367	0.00054	0.00690	-0.01494	0.00222	-0.00130	-0.00319	-0.00403	-0.01064	-0.01471	0.01749	-0.00207	-0.00268	-0.02168	0.00305	-0.00113	(And (Member $e0 receive) (Theme $e0 $x0))
p201862	-0.02103	-0.03641	0.00498	0.00037	-0.00297	0.00631	0.00822	-0.04880	-0.02130	0.02894	-0.01819	-0.01716	0.05740	-0.00201	-0.00350	-0.01147	-0.00361	0.00076	0.02921	-0.02843	0.03663	0.01154	0.00323	-0.01095	0.03425	0.00288	0.01184	0.00317	0.02852	-0.00636	0.00822	0.00363	(And (Member $e0 take) (Theme $e0 $x0))
p201863	0.00258	-0.03257	0.00280	-0.02839	0.01026	0.05567	-0.01951	0.01034	-0.00104	0.00159	0.02790	0.00083	0.00880	-0.05772	-0.01764	-0.00495	-0.01097	-0.02548	-0.02211	-0.01447	-0.01083	0.00141	0.06008	0.02957	0.01513	-0.01242	-0.00618	0.07074	0.03402	-0.00996	0.03696	-0.01622	(And (Member $e0 turn) (Patient $e0 $x0))
p201864	0.00067	-0.01330	-0.00559	-0.00646	-0.00705	0.00575	0.00265	-0.00287	-0.00661	-0.01860	0.00784	-0.00546	0.06353	-0.00122	-0.00052	-0.01427	-0.01681	-0.00317	0.00042	0.00266	-0.01033	-0.00036	0.00043	0.00089	0.01682	-0.00143	0.00591	0.00264	-0.00558	0.00009	0.00602	0.00317	(And (Member $e0 use) (Theme $e0 $x0))
p201865	0.07913	-0.05276	-0.03968	0.20997	0.03126	0.13119	0.12552	-0.09776	-0.04731	-0.00926	0.20180	0.01454	-0.01888	-0.08839	-0.07724	0.01205	0.07245	-0.07534	-0.11639	0.01384	0.05597	0.00665	-0.09351	-0.03439	0.07267	0.07798	-0.03813	-0.00762	-0.01730	0.09124	-0.05089	-0.01737	(And (Member $x0 budget) (Possession $x0 next_year))
p201866	-0.06060	-0.10367	0.03197	0.15093	-0.03143	-0.07248	-0.01807	0.07744	-0.03790	-0.10314	-0.07029	0.09304	-0.02143	-0.03254	-0.08672	0.05213	-0.00105	0.16837	-0.02607	-0.03468	-0.01916	-0.10867	0.06940	0.09552	0.21079	-0.06648	0.19821	-0.00106	-0.09264	-0.01832	0.00526	-0.02423	(And (Member $x0 kiln) (Theme $e0 $x0))
p201867	0.01623	-0.00474	-0.00516	-0.01175	-0.00839	0.00939	-0.00672	0.00362	-0.00774	-0.01010	0.00950	-0.00767	0.03084	-0.00205	-0.00490	-0.00928	-0.02107	0.00275	0.00569	-0.00117	0.02036	-0.00983	0.02458	-0.00488	0.00114	-0.01752	0.00957	-0.00901	-0.00806	-0.00093	0.00804	-0.00364	(And (Obligated $e0) (Past $e0))
p201868	-0.00502	-0.00294	-0.00640	-0.00051	-0.00580	0.00537	-0.01948	0.00444	0.00719	0.00532	0.02315	-0.01579	-0.00196	0.00413	-0.01492	0.00114	-0.01098	0.00699	0.02076	-0.00097	0.03298	-0.01085	-0.00174	-0.00391	-0.00246	-0.00947	0.01020	0.00230	0.00331	-0.00603	-0.01933	0.00132	(And (Past $e0) (Patient $e0 $e1))
p201869	0.00204	0.00888	-0.01284	-0.00360	-0.00835	-0.00727	-0.01958	0.01222	0.01108	0.00949	0.01497	-0.00990	-0.01472	0.02270	-0.00671	0.01708	0.00893	0.01713	0.01051	0.00880	0.01017	-0.02544	-0.01161	-0.02166	-0.00484	-0.01272	0.00075	0.02944	-0.00806	-0.01617	-0.01225	0.00202	(And (Past $e0) (Time $e0 yesterday))
p201870	-0.03162	-0.02557	-0.02309	-0.01041	0.00272	-0.02945	0.05960	-0.05099	-0.03021	0.12620	0.00775	0.00155	0.00271	-0.00664	0.00024	0.04209	0.01096	0.00542	0.03629	-0.03061	-0.00748	-0.01016	0.01019	-0.05506	0.08292	0.02904	0.01321	-0.00481	0.08644	-0.03160	0.08671	-0.06093	(And (Patient $e0 $x0) (Theme $e0 $e1))
p201913	0.01464	0.01223	-0.00075	0.00840	-0.01405	0.00180	-0.00068	-0.00479	0.00204	-0.01380	0.00248	-0.01188	0.04323	0.00612	-0.00650	-0.00268	-0.01209	0.00118	0.00310	0.00914	-0.00304	0.01595	-0.00901	-0.02102	0.01569	0.00312	0.00518	0.00107	-0.00977	-0.00783	0.01255	-0.00717	(Agent $e0 $e1)
p201914	0.00273	0.00357	-0.01257	-0.00842	-0.00387	-0.00903	-0.00661	-0.00751	-0.00157	0.00817	0.02409	0.00169	-0.00339	-0.00211	-0.01447	0.01716	0.00248	0.00641	-0.00303	0.00530	-0.01316	0.01104	-0.00152	-0.01489	0.00156	-0.00308	0.01074	0.00122	0.01174	-0.00935	0.03008	-0.01649	(Already $e0)
p201915	-0.00135	-0.00371	0.00905	0.00541	-0.00281	0.00220	-0.00055	-0.00590	-0.00162	-0.00310	-0.00627	-0.00805	0.01252	-0.00176	0.00573	0.00045	0.00590	0.00337	0.00010	-0.00443	-0.00745	0.00057	-0.00644	-0.00484	-0.00126	0.00099	-0.00502	-0.00078	0.00572	-0.00231	-0.00166	-0.00817	(For $x0 $x1)
p201916	-0.00553	-0.00355	-0.00112	-0.00380	0.00074	-0.00554	0.01572	0.01059	-0.00156	-0.00236	0.00048	-0.00093	-0.00623	-0.00269	0.00316	-0.00487	-0.00274	-0.00038	0.00536	-0.00000	0.00035	-0.00157	-0.00057	0.00644	-0.00682	0.00218	-0.00166	-0.00536	-0.00288	-0.00221	-0.00743	0.00213	(From $x0 $x1)
p201917	0.12900	0.02679	0.16361	0.00826	-0.09556	-0.00943	-0.01915	-0.02846	-0.03963	0.24493	0.00362	-0.01026	-0.04879	-0.04390	-0.12139	0.15045	-0.16237	-0.11113	-0.01944	0.25064	-0.00185	0.07788	-0.10961	0.20587	-0.11558	0.01297	-0.06907	-0.00202	-0.04575	-0.08477	0.00221	0.00201	(GroupOf $x0 lemon)
p201918	0.03123	0.00894	-0.00372	-0.00508	-0.00405	0.00784	-0.01491	-0.00431	-0.00463	0.00173	-0.00747	0.00355	-0.00628	-0.00037	-0.00880	0.00865	0.01056	0.00424	-0.00508	-0.00466	-0.00621	-0.01194	0.02081	-0.01797	0.00196	-0.01666	-0.00675	0.02432	-0.00693	-0.00263	-0.00934	0.01151	(GroupOf $x0 student)
p201919	0.00346	-0.00259	-0.00885	0.00096	-0.01109	-0.02165	0.00858	-0.00731	-0.01614	0.01215	-0.00729	0.00903	0.00350	0.02095	0.00417	0.01111	0.00975	0.01427	0.01096	0.00370	-0.01437	-0.00938	-0.00932	-0.01837	-0.00260	0.00340	-0.00275	0.05901	-0.00380	-0.00830	0.00033	-0.00236	(Like $e0 $x0)
p201920	-0.00035	-0.00849	-0.01740	-0.02162	0.02910	-0.02196	0.00640	0.01281	0.00687	-0.01305	0.00836	-0.00786	0.00296	-0.00940	0.00067	0.02191	-0.01215	0.00880	0.00753	-0.01229	-0.01124	-0.00329	-0.00474	0.00956	-0.00992	-0.01500	-0.00059	0.00049	0.00373	-0.00906	-0.00197	0.02381	(Member $e0 block)
p201921	-0.02009	-0.00247	0.02772	-0.00095	0.00205	0.00655	-0.00160	-0.03117	-0.01798	0.00583	-0.01614	-0.01896	0.05038	0.01455	0.00129	-0.00448	0.01931	0.00476	0.00697	-0.01265	0.02587	-0.01203	-0.00568	-0.01301	-0.00519	-0.00258	0.00331	-0.00074	-0.01003	-0.00585	0.00332	-0.01982	(Member $e0 capture)
p201922	-0.00188	-0.00491	-0.00235	0.00284	-0.00641	-0.00207	-0.00703	-0.00091	-0.00466	0.00605	-0.00452	0.00216	-0.00739	0.01117	-0.00906	-0.00261	0.00437	0.00413	-0.00837	-0.00015	0.00308	0.00067	-0.00495	-0.00254	-0.00371	-0.00050	-0.00569	-0.00356	-0.00748	0.00871	0.01400	0.01177	(Member $e0 close)
p201923	-0.01110	-0.01167	0.00925	-0.00151	-0.00131	0.00247	0.00979	-0.00095	0.00493	-0.01253	-0.00893	-0.00584	0.01611	0.00289	-0.00026	-0.01438	0.00979	-0.00734	-0.00919	-0.00318	-0.00809	0.02016	0.00005	0.00396	-0.00096	0.00059	0.00630	-0.00936	-0.00640	-0.00016	0.02816	-0.00610	(Member $e0 do)
p201924	-0.00464	-0.00730	0.00264	-0.00354	-0.00528	-0.00261	0.03704	0.01778	-0.00418	-0.01171	-0.00869	-0.00530	0.03478	0.00398	0.00381	-0.01776	-0.00523	-0.00136	0.00677	0.00426	-0.00287	-0.00541	0.00148	-0.00306	-0.00986	-0.00670	0.00663	-0.00494	-0.01711	-0.00171	0.00539	0.00380	(Member $e0 help)
p201925	-0.00024	-0.00710	-0.01193	-0.01997	0.01414	0.00204	-0.00341	0.00197	-0.00801	-0.01043	-0.00045	0.00607	0.02115	-0.00553	0.01046	0.00401	-0.00850	0.01527	0.00690	0.00132	-0.01447	-0.00126	-0.00389	-0.00761	0.00200	-0.00834	0.00648	0.00202	-0.00711	-0.00966	-0.00213	0.01115	(Member $e0 learn)
p201926	-0.00924	-0.00484	-0.00179	-0.02233	0.04692	-0.02134	0.01423	0.00830	0.00190	-0.00409	-0.01382	-0.01255	0.00936	-0.00826	0.01155	0.03592	0.00147	-0.00523	0.00680	-0.02016	-0.00970	-0.00367	-0.00156	0.00603	-0.01810	-0.01132	0.00226	-0.00063	-0.01560	-0.02534	0.00302	0.00372	(Member $e0 order)
p201927	0.01642	-0.01151	0.00498	-0.00760	-0.00293	0.01633	-0.00913	-0.02674	0.00115	0.03401	-0.00554	-0.00690	-0.01870	-0.01356	-0.01180	-0.00993	0.02080	0.00842	0.01434	-0.00653	0.01018	-0.01651	0.03117	-0.01381	0.03335	-0.01119	-0.00719	0.00088	0.02800	-0.00516	-0.01902	0.00402	(Member $e0 talk)
p201928	0.01357	0.00542	-0.01114	0.00000	-0.01291	-0.02550	0.01022	-0.00993	-0.01056	-0.00365	-0.00732	0.00514	0.00602	0.01380	0.00474	0.01604	0.00333	0.01085	-0.00290	0.00963	-0.01567	0.00725	-0.01157	-0.02162	-0.00070	-0.00936	0.01944	0.05782	0.00351	-0.01312	0.00143	0.00664	(Member $e0 wait)
p201929	-0.01295	0.02010	0.01749	-0.00773	0.00894	0.01471	-0.02228	0.01410	0.00903	0.00275	-0.00331	-0.01428	0.00138	0.00354	-0.00874	0.00998	0.00166	-0.00188	0.00394	-0.00576	-0.00773	-0.01269	-0.00468	-0.01728	-0.00301	-0.01414	-0.00592	-0.00187	-0.00982	-0.00891	-0.01114	0.01416	(Member $e0 watch)
p201930	-0.01572	-0.00954	0.01825	0.00128	0.00105	0.00281	-0.00829	-0.00986	0.01812	0.00460	-0.00057	-0.01592	-0.01064	0.01242	-0.00729	-0.00070	0.03583	0.00422	-0.00481	-0.00621	-0.00328	-0.00051	-0.01499	-0.00637	-0.01092	-0.01385	0.00145	0.02202	-0.00110	-0.00598	-0.00814	0.00160	(Member $x0 boy)
p201931	0.07913	-0.05276	-0.03968	0.20997	0.03126	0.13120	0.12552	-0.09776	-0.04731	-0.00926	0.20180	0.01454	-0.01888	-0.08839	-0.07724	0.01205	0.07245	-0.07534	-0.11639	0.01384	0.05597	0.00665	-0.09350	-0.03439	0.07267	0.07798	-0.03813	-0.00761	-0.01729	0.09124	-0.05089	-0.01737	(Member $x0 budget)
p201932	-0.00664	-0.00431	0.00672	-0.00299	-0.00558	-0.00434	0.00941	-0.00305	0.00282	-0.00583	-0.00017	0.00143	-0.00298	0.01085	0.00039	-0.00517	0.01044	-0.00188	-0.00961	0.00214	-0.01313	0.01133	-0.00754	-0.00219	0.00213	-0.00451	-0.00007	0.01816	-0.00364	-0.00277	-0.00230	0.00929	(Member $x0 child)
p201933	0.01230	-0.01140	-0.02095	-0.02112	0.05755	-0.01666	0.00284	0.01481	0.00104	0.01555	0.00252	-0.00429	-0.01754	-0.00411	-0.00301	0.03946	-0.00867	-0.00824	-0.00284	-0.02766	0.00111	0.01477	0.00296	-0.00229	0.00010	-0.00482	-0.00595	-0.00417	-0.01692	-0.00648	-0.00022	0.00106	(Member $x0 club)
p201934	0.04471	-0.02147	-0.01319	0.08194	-0.00525	0.06398	0.07774	-0.01947	-0.02659	-0.01703	0.09589	0.00883	0.02680	-0.04044	-0.02931	-0.00581	0.00948	-0.04015	-0.06087	0.03643	-0.01204	-0.00281	-0.04555	-0.01964	0.01997	0.00867	-0.00635	0.00048	-0.01957	0.04708	-0.02491	0.00944	(Member $x0 committee)
p201935	0.08171	-0.06317	0.01558	-0.02810	0.03911	-0.07388	-0.02525	-0.04511	0.00302	-0.08657	0.04210	0.00321	0.02172	0.06731	0.16869	-0.05922	-0.01620	-0.01599	0.09409	-0.02473	-0.03427	-0.00505	-0.05408	0.11019	0.10205	-0.04282	-0.03462	-0.02166	-0.02095	0.06986	-0.02537	0.01440	(Member $x0 electrician)
p201936	0.01458	0.03063	-0.00220	0.02038	-0.01544	0.02618	0.00791	0.02487	-0.00223	-0.01510	0.03079	0.00219	0.00751	-0.01394	-0.01893	-0.00077	-0.00711	-0.01315	-0.02009	0.03481	-0.01736	-0.01909	-0.02204	-0.01923	0.01208	-0.00849	-0.00112	-0.00551	-0.01280	0.00569	-0.01017	0.02898	(Member $x0 family)
p201937	-0.00188	0.00695	0.00251	-0.00400	-0.00477	-0.00151	-0.00444	-0.01115	-0.00742	-0.01097	0.00395	0.00792	0.00036	-0.00534	-0.00721	-0.00664	-0.00065	-0.00395	-0.00772	0.00275	-0.00977	0.01648	-0.00531	0.00280	0.00952	-0.00136	0.01171	-0.00482	0.01053	0.00088	0.00704	0.00710	(Member $x0 floor)
p201938	0.00847	-0.01690	-0.00893	-0.00027	-0.00046	-0.02722	0.02299	-0.01158	-0.01134	-0.00597	-0.01342	0.00439	0.01084	0.00321	0.01028	0.01303	0.00335	0.00406	-0.00341	-0.00238	-0.02178	0.02059	-0.00534	-0.00844	-0.01336	-0.00628	0.02069	0.04965	0.00596	-0.00711	0.00871	0.00032	(Member $x0 gate)
p201939	0.01211	-0.00702	0.01562	-0.00601	0.00622	0.00443	0.00416	-0.02113	-0.00660	-0.00031	-0.01062	-0.00802	0.01468	-0.00874	-0.00351	0.00102	0.02012	-0.00549	-0.00586	-0.01296	0.00273	0.01277	0.01894	-0.00418	-0.00529	-0.00877	0.00469	-0.00390	-0.00245	-0.00020	0.00921	-0.01956	(Member $x0 horse)
p201940	0.05038	-0.03181	-0.02975	0.09886	0.02649	0.06717	0.08221	-0.04301	-0.02886	-0.01043	0.12677	0.01052	0.00978	-0.05614	-0.04070	0.01627	0.02570	-0.04810	-0.07296	0.01899	0.00314	0.00140	-0.05674	-0.02127	0.03408	0.02400	-0.01421	0.00029	-0.01648	0.05062	-0.03126	0.00552	(Member $x0 judge)
p201941	0.00105	0.00341	0.00441	-0.00115	-0.00398	-0.00439	0.00628	-0.01101	-0.00074	-0.00176	-0.00456	-0.00133	-0.00392	0.00091	0.00271	-0.00093	0.00806	-0.00265	-0.00724	0.01487	-0.00999	0.00897	-0.00388	-0.00107	0.00307	-0.00291	0.01072	0.00618	-0.00020	-0.00210	-0.00443	-0.00498	(Member $x0 large)
p201942	-0.00293	0.00155	-0.00077	-0.00055	0.00364	-0.00336	0.00401	-0.00710	0.01830	0.01145	-0.00117	0.02607	-0.00639	0.00200	0.00064	-0.00661	0.00211	-0.00823	-0.00516	-0.00595	-0.00554	-0.00679	-0.00035	0.00359	-0.00288	0.00033	-0.00233	-0.00251	-0.00286	0.00341	-0.00357	-0.00426	(Member $x0 library)
p201943	-0.00545	0.01173	0.00964	-0.00436	0.00189	0.00110	0.00116	-0.00080	-0.00908	0.00453	-0.01069	0.00150	0.00478	0.00373	-0.00262	0.00562	0.00927	-0.00011	-0.00564	-0.00120	-0.00565	0.00395	0.00202	-0.01329	-0.00069	0.00352	-0.00253	-0.00794	-0.00381	-0.00461	0.02858	-0.01875	(Member $x0 light)
p201944	0.09627	-0.06396	0.01338	-0.03004	0.04571	-0.07441	-0.03296	-0.03996	0.00927	-0.09005	0.03614	-0.00347	0.01929	0.05360	0.17269	-0.05784	-0.05014	-0.02925	0.12219	-0.02813	-0.02324	0.00218	-0.04982	0.14964	0.10585	-0.04502	-0.03645	-0.02481	-0.01869	0.06128	-0.04043	0.02113	(Member $x0 mechanic)
p201945	-0.00326	-0.00114	-0.00929	0.00789	0.06633	-0.02961	-0.00223	-0.00551	0.00173	0.01108	-0.00576	-0.00170	-0.02703	0.01828	-0.00379	0.01621	-0.01046	-0.00970	-0.00647	-0.00770	0.01217	-0.00151	0.00736	0.01026	-0.01212	-0.00725	-0.00101	-0.00428	0.00746	-0.01502	0.00658	0.00379	(Member $x0 pilot)
p201946	0.00277	0.00701	-0.00965	-0.00380	-0.00289	-0.00818	0.00307	0.00272	0.00374	0.00018	0.00403	-0.00332	-0.00578	0.00709	0.00033	0.01044	0.00668	0.00074	-0.00905	0.00736	-0.00173	0.00597	-0.00483	-0.01296	0.00130	-0.00489	0.00634	-0.00002	-0.00464	-0.00788	0.01635	-0.01258	(Member $x0 rain)
p201947	-0.00970	-0.01343	-0.01155	-0.01455	0.01030	0.01117	-0.00712	0.03393	0.01034	-0.00133	-0.01014	-0.01753	0.01704	0.02371	-0.00615	0.01909	-0.01699	-0.01134	0.00247	-0.01922	-0.01590	0.01962	0.01241	-0.00455	0.01216	-0.02428	-0.01035	-0.00379	-0.02292	0.01375	-0.00072	0.00515	(Member $x0 search)
p201948	0.00043	0.01517	-0.00472	-0.01487	0.00223	0.01449	-0.00573	0.01410	0.01410	-0.01250	0.02492	-0.00848	-0.00660	-0.02454	-0.02310	0.00270	-0.01108	-0.01366	-0.01517	0.01143	-0.00084	0.03172	0.00970	0.00514	0.01325	-0.01331	0.01120	-0.00014	0.00888	-0.00769	0.02675	-0.01581	(Member $x0 sound)
p201949	-0.00981	-0.00830	-0.00419	-0.06153	0.04125	0.04382	-0.00605	-0.01132	-0.03710	-0.03808	-0.00153	0.04833	0.01111	-0.00447	-0.01334	-0.01215	0.01575	0.06041	0.05185	0.07633	-0.01495	0.04770	-0.00716	-0.02088	-0.00941	0.00759	-0.02312	0.01032	-0.02719	-0.04150	0.01229	-0.01402	(Member $x0 squad)
p201950	0.01099	-0.00415	-0.00551	-0.01262	0.00622	0.01354	-0.00998	0.00216	-0.00186	-0.00586	0.00981	0.00082	-0.00246	-0.02094	-0.00862	-0.00017	-0.00806	-0.00434	-0.00985	-0.00614	0.00044	0.00145	0.01699	0.01100	0.00970	-0.00897	-0.00751	0.01712	0.01733	-0.00292	-0.00169	-0.00065	(Member $x0 street)
p201951	-0.00356	0.00297	-0.00669	0.00752	0.07284	-0.02821	0.00293	-0.00943	0.02494	0.02150	0.00113	0.02039	-0.02952	0.01815	-0.00459	0.01187	-0.00943	-0.01890	-0.00853	-0.01292	0.00558	-0.00805	0.00827	0.00966	-0.01227	-0.01006	-0.00070	-0.00441	0.00594	-0.01335	-0.00095	-0.00495	(Member $x0 tower)
p201952	-0.00489	-0.00596	0.00500	-0.00107	-0.00416	-0.00202	-0.00372	-0.00876	-0.00407	-0.00037	-0.00045	-0.00501	0.00713	0.00082	0.00218	-0.00553	0.00412	0.01196	-0.00008	-0.00356	0.00338	-0.00378	-0.00426	-0.00346	0.00039	0.00032	-0.00165	0.01005	0.01004	0.00071	-0.00686	0.00038	(Member $x0 wall)
p201953	-0.01211	-0.02119	-0.00289	0.00759	-0.00872	0.00372	0.00064	-0.01963	-0.00062	0.03081	-0.00415	-0.00763	0.00377	-0.00714	0.00197	-0.00113	-0.00159	-0.00074	0.02500	-0.01440	0.00211	-0.00381	0.00082	-0.00246	0.02503	0.00010	-0.00553	0.00267	0.03148	-0.01148	-0.00575	0.00659	(Member $x0 whole)
p201954	-0.02924	0.02156	0.02639	0.08086	0.06217	-0.04654	-0.00455	0.00059	0.00395	-0.01524	-0.01087	-0.02347	-0.00504	0.07987	-0.00289	-0.03746	-0.01145	-0.01911	-0.01682	0.03216	-0.01042	-0.01613	0.04237	-0.00782	-0.02534	-0.03702	-0.00129	-0.00094	0.06342	-0.02981	0.00064	-0.01336	(Member $x0 winner)
p201955	0.13710	0.01548	-0.13612	-0.05302	-0.03784	0.10746	-0.05614	0.14147	-0.07426	0.05451	-0.02385	0.05297	0.04437	0.13764	-0.07470	-0.07411	0.15175	-0.09789	0.02331	0.00840	-0.04143	-0.11765	-0.12250	0.09577	-0.07325	0.13204	0.14272	-0.00793	0.10822	-0.11248	-0.00305	-0.00879	(Member $x0 wreck)
p201956	0.08171	-0.06317	0.01558	-0.02810	0.03911	-0.07388	-0.02524	-0.04511	0.00302	-0.08657	0.04210	0.00321	0.02172	0.06731	0.16869	-0.05922	-0.01620	-0.01599	0.09409	-0.02473	-0.03427	-0.00505	-0.05408	0.11019	0.10205	-0.04282	-0.03462	-0.02166	-0.02095	0.06986	-0.02537	0.01440	(Member $x0 yard_floodlight)
p201957	-0.00266	0.00032	0.00061	0.01062	-0.00525	0.01215	-0.00238	-0.00182	0.02969	0.00731	-0.00760	0.01642	0.01059	0.00451	0.00178	-0.00509	0.00193	-0.01252	0.00457	-0.00647	-0.00826	-0.01189	-0.00105	-0.00593	-0.00591	-0.01275	-0.00107	-0.00335	-0.00852	-0.00431	0.00212	-0.00066	(On $e0 $x0)
p201958	0.07913	-0.05276	-0.03968	0.20997	0.03126	0.13119	0.12552	-0.09776	-0.04731	-0.00927	0.20180	0.01454	-0.01888	-0.08839	-0.07724	0.01205	0.07245	-0.07534	-0.11639	0.01384	0.05597	0.00665	-0.09351	-0.03439	0.07267	0.07798	-0.03813	-0.00762	-0.01730	0.09124	-0.05089	-0.01737	(Possession $x0 next_year)
p201959	-0.00136	-0.00552	-0.00865	0.00309	-0.00619	0.00578	-0.00993	-0.00084	-0.00297	0.01001	-0.00106	0.00105	-0.00636	-0.00028	-0.00299	0.00439	-0.00266	0.00340	-0.00433	0.00051	0.00287	-0.00644	-0.00390	-0.00117	-0.00338	-0.00004	-0.00171	0.01212	-0.00086	0.00098	-0.00884	0.02323	(Time $e0 (Weekday sunday))
p201960	0.00206	0.00891	-0.01280	-0.00357	-0.00833	-0.00724	-0.01956	0.01224	0.01111	0.00951	0.01499	-0.00987	-0.01470	0.02273	-0.00668	0.01711	0.00896	0.01716	0.01054	0.00881	0.01020	-0.02541	-0.01157	-0.02164	-0.00482	-0.01269	0.00077	0.02947	-0.00803	-0.01615	-0.01222	0.00204	(Time $e0 yesterday)
p201968	-0.05605	0.12292	-0.13861	0.07397	-0.01433	-0.08403	-0.01236	0.05054	-0.02998	0.12639	0.09398	0.00277	0.04178	-0.04682	0.14099	-0.05025	0.11736	0.08103	-0.03428	-0.06111	-0.01940	0.11384	0.08904	0.07417	-0.09322	-0.01264	-0.07673	-0.00032	-0.01744	-0.06270	-0.01698	0.03603	(And (Agent $e0 $x0) (Beneficiary $e0 $x1) (Member $x0 school) (Member $x1 hall))
p201969	-0.05605	0.12292	-0.13861	0.07397	-0.01433	-0.08403	-0.01236	0.05054	-0.02998	0.12639	0.09398	0.00277	0.04178	-0.04682	0.14099	-0.05025	0.11736	0.08103	-0.03428	-0.06111	-0.01940	0.11384	0.08904	0.07417	-0.09322	-0.01264	-0.07673	-0.00032	-0.01744	-0.06270	-0.01698	0.03603	(And (Agent $e0 $x0) (Beneficiary $e0 $x1) (Member $x0 school) (Past $e0))
p201970	-0.05605	0.12292	-0.13861	0.07397	-0.01433	-0.08403	-0.01236	0.05054	-0.02998	0.12639	0.09398	0.00277	0.04178	-0.04682	0.14099	-0.05025	0.11736	0.08103	-0.03428	-0.06111	-0.01940	0.11384	0.08904	0.07417	-0.09322	-0.01264	-0.07673	-0.00032	-0.01744	-0.06270	-0.01698	0.03603	(And (Agent $e0 $x0) (Beneficiary $e0 $x1) (Member $x0 school) (Theme $e0 $x2))
p201971	-0.05605	0.12292	-0.13861	0.07397	-0.01433	-0.08403	-0.01236	0.05054	-0.02998	0.12639	0.09398	0.00277	0.04178	-0.04682	0.14099	-0.05025	0.11736	0.08103	-0.03428	-0.06111	-0.01940	0.11384	0.08904	0.07417	-0.09322	-0.01264	-0.07673	-0.00032	-0.01744	-0.06270	-0.01698	0.03603	(And (Agent $e0 $x0) (Beneficiary $e0 $x1) (Member $x1 hall) (Past $e0))
p201972	-0.05605	0.12292	-0.13861	0.07397	-0.01433	-0.08403	-0.01236	0.05054	-0.02998	0.12639	0.09398	0.00277	0.04178	-0.04682	0.14099	-0.05025	0.11736	0.08103	-0.03428	-0.06111	-0.01940	0.11384	0.08904	0.07417	-0.09322	-0.01264	-0.07673	-0.00032	-0.01744	-0.06270	-0.01698	0.03603	(And (Agent $e0 $x0) (Beneficiary $e0 $x1) (Member $x1 hall) (Theme $e0 $x2))
p201973	-0.07350	0.12197	-0.00952	-0.06339	-0.06737	0.12376	0.13388	-0.15305	0.06153	-0.06618	-0.02806	-0.04713	0.00850	0.12059	-0.08774	0.11398	-0.01802	0.16558	-0.01855	-0.07619	-0.00512	-0.04344	0.03563	0.15865	-0.09756	-0.08215	-0.05041	-0.02982	0.09271	0.10632	0.00034	-0.03855	(And (Agent $e0 $x0) (Cardinality $x0 <num>) (GroupOf $x0 climber) (Theme $e0 $x1))
p201974	-0.07350	0.12197	-0.00952	-0.06339	-0.06737	0.12376	0.13388	-0.15305	0.06154	-0.06618	-0.02806	-0.04713	0.00850	0.12059	-0.08774	0.11398	-0.01802	0.16558	-0.01855	-0.07619	-0.00512	-0.04344	0.03563	0.15865	-0.09756	-0.08215	-0.05041	-0.02982	0.09271	0.10632	0.00034	-0.03855	(And (Agent $e0 $x0) (Cardinality $x0 <num>) (Member $x1 north_route) (Theme $e0 $x1))
p201975	0.00157	-0.01317	0.03669	-0.04004	-0.02910	-0.02537	-0.01897	0.09974	-0.08691	-0.09047	0.00185	0.14208	-0.02162	-0.08676	0.14744	0.05599	0.04728	-0.09421	-0.03290	0.05228	0.10381	0.02018	-0.05722	-0.10331	-0.04814	-0.04093	-0.05743	-0.00430	0.19970	0.16312	0.00931	-0.01763	(And (Agent $e0 $x0) (Cardinality $x1 <num>) (GroupOf $x1 forklift) (Theme $e0 $x1))
p201976	0.00157	-0.01317	0.03669	-0.04004	-0.02910	-0.02537	-0.01897	0.09974	-0.08691	-0.09047	0.00185	0.14208	-0.02162	-0.08676	0.14744	0.05599	0.04728	-0.09421	-0.03290	0.05228	0.10381	0.02018	-0.05722	-0.10331	-0.04814	-0.04093	-0.05743	-0.00430	0.19970	0.16312	0.00931	-0.01763	(And (Agent $e0 $x0) (Cardinality $x1 <num>) (Member $x0 depot) (Theme $e0 $x1))
p201977	-0.07350	0.12197	-0.00952	-0.06339	-0.06737	0.12376	0.13388	-0.15305	0.06154	-0.06618	-0.02806	-0.04713	0.00850	0.12059	-0.08774	0.11398	-0.01802	0.16558	-0.01855	-0.07619	-0.00512	-0.04344	0.03563	0.15865	-0.09756	-0.08215	-0.05041	-0.02982	0.09271	0.10632	0.00034	-0.03855	(And (Agent $e0 $x0) (GroupOf $x0 climber) (Member $x1 north_route) (Theme $e0 $x1))
p201978	0.00157	-0.01317	0.03669	-0.04004	-0.02910	-0.02537	-0.01897	0.09974	-0.08691	-0.09047	0.00185	0.14208	-0.02162	-0.08676	0.14744	0.05599	0.04728	-0.09421	-0.03290	0.05228	0.10381	0.02018	-0.05722	-0.10331	-0.04814	-0.04093	-0.05743	-0.00430	0.19970	0.16312	0.00931	-0.01763	(And (Agent $e0 $x0) (GroupOf $x1 forklift) (Member $x0 depot) (Theme $e0 $x1))
p201979	0.00157	-0.01317	0.03669	-0.04004	-0.02910	-0.02537	-0.01897	0.09974	-0.08691	-0.09047	0.00185	0.14208	-0.02162	-0.08676	0.14744	0.05599	0.04728	-0.09421	-0.03290	0.05228	0.10381	0.02018	-0.05722	-0.10331	-0.04814	-0.04093	-0.05743	-0.00430	0.19970	0.16312	0.00931	-0.01763	(And (Agent $e0 $x0) (GroupOf $x1 forklift) (Past $e0) (Theme $e0 $x1))
p201980	-0.07350	0.12197	-0.00952	-0.06338	-0.06737	0.12376	0.13388	-0.15305	0.06154	-0.06618	-0.02806	-0.04713	0.00850	0.12059	-0.08773	0.11398	-0.01802	0.16558	-0.01855	-0.07619	-0.00512	-0.04344	0.03563	0.15865	-0.09756	-0.08215	-0.05041	-0.02982	0.09271	0.10632	0.00034	-0.03855	(And (Agent $e0 $x0) (Inheritance north_route north) (Member $x1 north_route) (Theme $e0 $x1))
p201981	-0.07350	0.12197	-0.00952	-0.06339	-0.06737	0.12376	0.13388	-0.15305	0.06154	-0.06618	-0.02806	-0.04713	0.00850	0.12059	-0.08774	0.11398	-0.01802	0.16558	-0.01855	-0.07619	-0.00512	-0.04344	0.03563	0.15865	-0.09756	-0.08215	-0.05041	-0.02982	0.09271	0.10632	0.00034	-0.03855	(And (Agent $e0 $x0) (Inheritance north_route route) (Member $x1 north_route) (Theme $e0 $x1))
p201982	-0.05497	-0.09659	0.03030	0.14229	-0.02404	-0.07019	-0.01568	0.08197	-0.03338	-0.09583	-0.06458	0.09545	-0.03566	-0.03065	-0.08173	0.05978	0.00703	0.15742	-0.02911	-0.04388	-0.02626	-0.10068	0.06227	0.08820	0.19957	-0.06252	0.18456	-0.00087	-0.08650	-0.02076	0.00531	-0.02703	(And (Agent $e0 $x0) (Inheritance pottery_studio studio) (Member $x0 pottery_studio) (Past $e0))
p201983	-0.05497	-0.09659	0.03030	0.14229	-0.02404	-0.07019	-0.01568	0.08197	-0.03338	-0.09583	-0.06458	0.09545	-0.03566	-0.03065	-0.08173	0.05978	0.00703	0.15742	-0.02911	-0.04388	-0.02626	-0.10068	0.06227	0.08820	0.19957	-0.06252	0.18456	-0.00087	-0.08650	-0.02076	0.00531	-0.02703	(And (Agent $e0 $x0) (Inheritance pottery_studio studio) (Member $x0 pottery_studio) (Theme $e0 $x1))
p201984	0.06948	-0.05367	0.01343	-0.02412	0.03411	-0.06295	-0.02097	-0.03892	0.00227	-0.07393	0.03555	0.00280	0.01845	0.05752	0.14444	-0.05099	-0.01382	-0.01443	0.08109	-0.02171	-0.02893	-0.00418	-0.04589	0.09588	0.08703	-0.03645	-0.02953	-0.01858	-0.01776	0.06034	-0.02244	0.01108	(And (Agent $e0 $x0) (Inheritance yard_floodlight floodlight) (Member $x1 yard_floodlight) (Patient $e0 $x1))
p201985	0.13681	0.01851	-0.13547	-0.05319	-0.03492	0.10846	-0.05429	0.13918	-0.07167	0.05059	-0.02224	0.05186	0.04358	0.13042	-0.07284	-0.07363	0.15005	-0.09818	0.02392	0.00889	-0.03816	-0.11876	-0.12131	0.09933	-0.07436	0.13167	0.14427	-0.01917	0.11003	-0.11320	-0.00219	-0.00856	(And (Agent $e0 $x0) (Location $e0 $x1) (Member $x1 point) (Theme $e0 $x2))
p201986	0.00432	-0.01075	-0.02041	-0.01916	0.05717	-0.01517	-0.00656	0.01315	0.00460	0.01737	0.00442	-0.00794	-0.01714	-0.00170	-0.00366	0.04040	-0.00766	-0.00700	-0.00187	-0.02690	0.00276	0.01385	-0.00435	-0.00151	0.00275	-0.00266	-0.00609	-0.00329	-0.01409	-0.00795	-0.00108	0.00316	(And (Agent $e0 $x0) (Member $x0 club) (Member $x1 tournament) (Theme $e0 $x1))
p201987	0.00157	-0.01317	0.03669	-0.04004	-0.02910	-0.02537	-0.01897	0.09974	-0.08691	-0.09047	0.00185	0.14208	-0.02162	-0.08676	0.14744	0.05599	0.04728	-0.09421	-0.03290	0.05228	0.10381	0.02018	-0.05722	-0.10331	-0.04814	-0.04093	-0.05743	-0.00430	0.19970	0.16312	0.00931	-0.01763	(And (Agent $e0 $x0) (Member $x0 depot) (Past $e0) (Theme $e0 $x1))
p201988	0.06948	-0.05367	0.01343	-0.02412	0.03411	-0.06295	-0.02097	-0.03892	0.00227	-0.07393	0.03555	0.00280	0.01845	0.05752	0.14444	-0.05099	-0.01382	-0.01443	0.08109	-0.02171	-0.02893	-0.00418	-0.04589	0.09588	0.08703	-0.03645	-0.02954	-0.01858	-0.01776	0.06034	-0.02244	0.01108	(And (Agent $e0 $x0) (Member $x0 electrician) (Member $x1 yard_floodlight) (Patient $e0 $x1))
p201989	0.06948	-0.05367	0.01343	-0.02412	0.03411	-0.06295	-0.02097	-0.03892	0.00227	-0.07393	0.03555	0.00280	0.01845	0.05752	0.14444	-0.05099	-0.01382	-0.01443	0.08109	-0.02171	-0.02893	-0.00418	-0.04589	0.09588	0.08703	-0.03645	-0.02954	-0.01858	-0.01776	0.06034	-0.02244	0.01108	(And (Agent $e0 $x0) (Member $x0 electrician) (Past $e0) (Patient $e0 $x1))
p201990	-0.05497	-0.09659	0.03030	0.14229	-0.02404	-0.07019	-0.01568	0.08197	-0.03338	-0.09583	-0.06458	0.09545	-0.03566	-0.03065	-0.08173	0.05978	0.00703	0.15742	-0.02911	-0.04388	-0.02626	-0.10068	0.06227	0.08820	0.19957	-0.06252	0.18456	-0.00087	-0.08650	-0.02076	0.00531	-0.02703	(And (Agent $e0 $x0) (Member $x0 pottery_studio) (Member $x1 kiln) (Theme $e0 $x1))
p201991	-0.05497	-0.09659	0.03030	0.14229	-0.02404	-0.07019	-0.01568	0.08197	-0.03338	-0.09583	-0.06458	0.09545	-0.03566	-0.03065	-0.08173	0.05978	0.00703	0.15742	-0.02911	-0.04388	-0.02626	-0.10068	0.06227	0.08820	0.19957	-0.06252	0.18456	-0.00087	-0.08650	-0.02076	0.00531	-0.02703	(And (Agent $e0 $x0) (Member $x0 pottery_studio) (Past $e0) (Theme $e0 $x1))
p201992	-0.05605	0.12292	-0.13861	0.07397	-0.01433	-0.08403	-0.01236	0.05054	-0.02998	0.12639	0.09398	0.00277	0.04178	-0.04682	0.14099	-0.05025	0.11736	0.08103	-0.03428	-0.06111	-0.01940	0.11384	0.08904	0.07417	-0.09322	-0.01264	-0.07673	-0.00032	-0.01744	-0.06270	-0.01698	0.03603	(And (Agent $e0 $x0) (Member $x0 school) (Past $e0) (Theme $e0 $x1))
p201993	-0.05497	-0.09659	0.03030	0.14229	-0.02404	-0.07019	-0.01568	0.08197	-0.03338	-0.09583	-0.06458	0.09545	-0.03566	-0.03065	-0.08173	0.05978	0.00703	0.15742	-0.02911	-0.04388	-0.02626	-0.10068	0.06227	0.08820	0.19957	-0.06252	0.18456	-0.00087	-0.08650	-0.02076	0.00531	-0.02703	(And (Agent $e0 $x0) (Member $x1 kiln) (Past $e0) (Theme $e0 $x1))
p201994	0.06948	-0.05367	0.01343	-0.02412	0.03411	-0.06295	-0.02097	-0.03892	0.00227	-0.07393	0.03555	0.00280	0.01845	0.05752	0.14444	-0.05099	-0.01382	-0.01443	0.08109	-0.02171	-0.02893	-0.00418	-0.04589	0.09588	0.08703	-0.03645	-0.02954	-0.01858	-0.01776	0.06034	-0.02244	0.01108	(And (Agent $e0 $x0) (Member $x1 yard_floodlight) (Past $e0) (Patient $e0 $x1))
p201995	-0.05211	0.11339	-0.11787	0.06621	-0.01670	-0.07253	-0.00794	0.02162	-0.02348	0.12283	0.08206	-0.01967	0.05858	-0.03918	0.12511	-0.05466	0.09640	0.06886	-0.02688	-0.03804	-0.02104	0.09427	0.08347	0.07159	-0.08379	-0.00853	-0.06235	-0.00036	-0.03248	-0.05232	-0.01466	0.03026	(And (Beneficiary $e0 $x0) (Member $x0 hall) (Member $x1 projector) (Theme $e0 $x1))
p201996	-0.05211	0.11339	-0.11787	0.06621	-0.01670	-0.07253	-0.00794	0.02161	-0.02348	0.12283	0.08206	-0.01967	0.05858	-0.03918	0.12511	-0.05466	0.09640	0.06886	-0.02688	-0.03804	-0.02104	0.09427	0.08347	0.07159	-0.08379	-0.00853	-0.06235	-0.00036	-0.03248	-0.05232	-0.01466	0.03026	(And (Beneficiary $e0 $x0) (Member $x1 projector) (Past $e0) (Theme $e0 $x1))
p201997	0.12513	0.02735	0.15189	0.00365	-0.08554	-0.00603	-0.01786	-0.03116	-0.02990	0.23386	0.00443	-0.02295	-0.04303	-0.04014	-0.10917	0.13318	-0.15893	-0.10590	-0.01652	0.23408	-0.00563	0.07197	-0.10171	0.19238	-0.11001	0.01339	-0.06299	-0.00208	-0.04092	-0.07671	0.00108	0.00300	(And (GroupOf $x0 lemon) (Member $x0 crate) (Past $e0) (Theme $e0 $x0))
p201998	-0.00047	-0.00043	-0.00983	0.13734	-0.05943	0.12312	-0.05807	0.02024	0.07228	-0.00175	-0.07596	-0.05851	0.00357	0.00151	0.08752	0.09126	-0.00064	-0.04838	0.13877	-0.02185	-0.00850	-0.02485	-0.01834	-0.05032	-0.05015	-0.04717	-0.01479	-0.02355	-0.01380	-0.06653	0.03577	-0.00634	(And (Inheritance apple_harvest harvest) (Member $x0 apple_harvest) (Patient $e0 $x0) (Time $e0 (Month september)))
p201999	-0.07350	0.12197	-0.00952	-0.06338	-0.06737	0.12376	0.13388	-0.15305	0.06154	-0.06618	-0.02806	-0.04713	0.00850	0.12059	-0.08773	0.11398	-0.01802	0.16558	-0.01855	-0.07619	-0.00512	-0.04344	0.03563	0.15865	-0.09756	-0.08215	-0.05041	-0.02982	0.09271	0.10632	0.00034	-0.03855	(And (Inheritance north_route north) (Inheritance north_route route) (Member $x0 north_route) (Theme $e0 $x0))
p202000	-0.00201	0.00444	-0.00054	0.02358	-0.01122	0.01109	-0.00140	-0.00362	-0.00197	0.01716	-0.03716	-0.00600	-0.00043	0.00676	0.01024	0.02204	0.00745	-0.00431	0.01391	-0.00692	0.00135	0.00145	0.00223	-0.02202	-0.02332	0.00737	-0.00121	-0.01002	-0.00585	-0.01503	0.04511	-0.01475	(And (Inheritance shoreline_survey survey) (Member $x0 shoreline_survey) (Patient $e0 $x0) (Time $e0 dawn))
p202001	0.06948	-0.05367	0.01343	-0.02412	0.03411	-0.06295	-0.02097	-0.03892	0.00227	-0.07393	0.03555	0.00280	0.01845	0.05752	0.14444	-0.05099	-0.01382	-0.01443	0.08109	-0.02171	-0.02893	-0.00418	-0.04589	0.09588	0.08703	-0.03645	-0.02954	-0.01858	-0.01776	0.06034	-0.02244	0.01108	(And (Inheritance yard_floodlight floodlight) (Member $x0 yard_floodlight) (Past $e0) (Patient $e0 $x0))
p202002	-0.03754	-0.05753	-0.01428	-0.00229	0.00170	-0.01836	0.03998	-0.10887	-0.03824	0.14367	-0.02210	-0.00209	0.01609	-0.02649	-0.00106	0.02814	0.03015	-0.00259	0.03342	-0.05295	0.00827	0.01428	0.01704	-0.04357	0.11767	0.03109	0.01274	-0.00023	0.12275	-0.02523	0.07793	-0.04614	(And (Member $e0 start) (Ongoing $e1) (Patient $e1 $x0) (Theme $e0 $e1))
p202274	-0.05605	0.12292	-0.13861	0.07397	-0.01433	-0.08403	-0.01236	0.05054	-0.02998	0.12639	0.09398	0.00277	0.04178	-0.04682	0.14099	-0.05025	0.11736	0.08103	-0.03428	-0.06111	-0.01940	0.11384	0.08904	0.07417	-0.09322	-0.01264	-0.07673	-0.00032	-0.01744	-0.06270	-0.01698	0.03603	(And (Agent $e0 $x0) (Beneficiary $e0 $x1) (Member $x0 school))
p202275	-0.05605	0.12292	-0.13861	0.07397	-0.01433	-0.08403	-0.01236	0.05054	-0.02998	0.12639	0.09398	0.00277	0.04178	-0.04682	0.14099	-0.05025	0.11736	0.08103	-0.03428	-0.06111	-0.01940	0.11384	0.08904	0.07417	-0.09322	-0.01264	-0.07673	-0.00032	-0.01744	-0.06270	-0.01698	0.03603	(And (Agent $e0 $x0) (Beneficiary $e0 $x1) (Member $x1 hall))
p202277	-0.07350	0.12197	-0.00952	-0.06338	-0.06737	0.12376	0.13388	-0.15305	0.06154	-0.06618	-0.02806	-0.04713	0.00850	0.12059	-0.08773	0.11398	-0.01802	0.16558	-0.01855	-0.07619	-0.00512	-0.04344	0.03563	0.15865	-0.09756	-0.08215	-0.05041	-0.02981	0.09271	0.10632	0.00034	-0.03855	(And (Agent $e0 $x0) (GroupOf $x0 climber) (Theme $e0 $x1))
p202278	0.00157	-0.01317	0.03669	-0.04004	-0.02910	-0.02537	-0.01897	0.09974	-0.08691	-0.09047	0.00185	0.14208	-0.02162	-0.08676	0.14744	0.05599	0.04728	-0.09421	-0.03290	0.05228	0.10381	0.02018	-0.05722	-0.10331	-0.04814	-0.04093	-0.05743	-0.00430	0.19970	0.16312	0.00931	-0.01763	(And (Agent $e0 $x0) (GroupOf $x1 forklift) (Theme $e0 $x1))
p202279	-0.05497	-0.09659	0.03030	0.14229	-0.02404	-0.07019	-0.01568	0.08197	-0.03338	-0.09583	-0.06458	0.09545	-0.03566	-0.03065	-0.08173	0.05978	0.00703	0.15742	-0.02911	-0.04388	-0.02626	-0.10068	0.06227	0.08820	0.19957	-0.06252	0.18456	-0.00087	-0.08650	-0.02076	0.00531	-0.02703	(And (Agent $e0 $x0) (Inheritance pottery_studio studio) (Member $x0 pottery_studio))
p202280	0.13681	0.01851	-0.13547	-0.05319	-0.03492	0.10846	-0.05429	0.13918	-0.07167	0.05059	-0.02224	0.05186	0.04358	0.13042	-0.07284	-0.07363	0.15004	-0.09818	0.02392	0.00889	-0.03816	-0.11876	-0.12131	0.09933	-0.07436	0.13167	0.14428	-0.01917	0.11003	-0.11319	-0.00219	-0.00856	(And (Agent $e0 $x0) (Location $e0 $x1) (Member $x1 point))
p202281	-0.01627	-0.02780	0.00232	-0.00590	-0.00706	-0.01492	0.05890	-0.02107	-0.01995	0.01397	-0.01759	0.00421	0.02084	-0.03664	-0.00950	-0.01492	-0.01424	-0.01929	0.01250	-0.00775	-0.00592	0.04514	0.01013	0.00398	0.01510	-0.00911	0.04140	0.00639	0.04386	-0.00759	0.00574	0.04290	(And (Agent $e0 $x0) (Location $e1 $x1) (Theme $e0 $e1))
p202282	0.00090	-0.00856	-0.02329	-0.01849	0.03298	-0.01335	-0.00637	0.00962	0.00376	-0.00721	0.00099	-0.00613	0.00908	-0.01010	0.00320	0.03139	-0.01091	-0.00439	0.00405	-0.01307	-0.00951	0.00121	-0.00005	0.00699	-0.00049	-0.01159	0.00119	0.00279	-0.00340	-0.01507	-0.00197	0.01780	(And (Agent $e0 $x0) (Member $x0 automobile) (Theme $e0 $x1))
p202283	-0.01853	-0.00655	0.02580	0.00114	0.00584	0.00981	-0.00301	-0.01184	0.01609	-0.00073	-0.00365	-0.01383	-0.00839	0.00171	-0.00692	-0.00971	0.03291	-0.00433	-0.01039	-0.00917	-0.00550	0.00803	-0.01015	0.00297	-0.00662	-0.01166	0.00032	-0.00311	0.00247	-0.00040	-0.00289	-0.00119	(And (Agent $e0 $x0) (Member $x0 boy) (Past $e0))
p202284	0.00427	-0.01080	-0.02047	-0.01920	0.05712	-0.01521	-0.00661	0.01311	0.00456	0.01732	0.00437	-0.00798	-0.01719	-0.00175	-0.00370	0.04036	-0.00770	-0.00705	-0.00193	-0.02694	0.00271	0.01380	-0.00439	-0.00156	0.00271	-0.00271	-0.00614	-0.00333	-0.01413	-0.00800	-0.00113	0.00312	(And (Agent $e0 $x0) (Member $x0 club) (Theme $e0 $x1))
p202285	0.00157	-0.01317	0.03669	-0.04004	-0.02910	-0.02537	-0.01897	0.09974	-0.08691	-0.09047	0.00185	0.14208	-0.02162	-0.08676	0.14744	0.05599	0.04728	-0.09421	-0.03290	0.05228	0.10381	0.02018	-0.05722	-0.10331	-0.04814	-0.04093	-0.05743	-0.00430	0.19970	0.16312	0.00931	-0.01763	(And (Agent $e0 $x0) (Member $x0 depot) (Past $e0))
p202286	0.06948	-0.05367	0.01343	-0.02412	0.03411	-0.06295	-0.02097	-0.03892	0.00227	-0.07393	0.03555	0.00280	0.01845	0.05752	0.14444	-0.05099	-0.01382	-0.01443	0.08109	-0.02171	-0.02893	-0.00418	-0.04589	0.09588	0.08703	-0.03645	-0.02954	-0.01858	-0.01776	0.06034	-0.02244	0.01108	(And (Agent $e0 $x0) (Member $x0 electrician) (Past $e0))
p202287	0.06948	-0.05367	0.01343	-0.02412	0.03411	-0.06295	-0.02097	-0.03892	0.00227	-0.07393	0.03555	0.00280	0.01845	0.05752	0.14444	-0.05099	-0.01382	-0.01443	0.08109	-0.02171	-0.02893	-0.00418	-0.04589	0.09588	0.08703	-0.03645	-0.02954	-0.01858	-0.01776	0.06034	-0.02244	0.01108	(And (Agent $e0 $x0) (Member $x0 electrician) (Patient $e0 $x1))
p202288	-0.02968	-0.01095	0.04304	-0.00319	-0.00768	0.02092	-0.01744	-0.00695	0.01616	-0.00799	0.03337	-0.00137	-0.01060	0.01599	-0.02167	-0.02175	0.03580	0.00471	-0.02264	-0.00030	-0.03130	-0.01334	-0.01218	-0.00404	0.00256	-0.00715	-0.01727	0.03043	-0.00290	0.01132	0.00365	0.01846	(And (Agent $e0 $x0) (Member $x0 person) (Past $e0))
p202289	-0.01587	-0.02276	0.00997	-0.00429	-0.00482	0.01476	-0.01291	-0.00905	0.00392	-0.01187	0.02367	0.00666	0.00487	-0.00410	-0.01884	-0.02558	0.01793	-0.00061	-0.02725	0.00580	-0.02168	-0.00242	-0.01246	0.02255	0.01412	-0.00732	-0.01405	0.04898	0.00543	0.01702	0.01989	0.02785	(And (Agent $e0 $x0) (Member $x0 person) (Patient $e0 $x1))
p202290	-0.05497	-0.09659	0.03030	0.14229	-0.02404	-0.07019	-0.01568	0.08197	-0.03338	-0.09583	-0.06458	0.09545	-0.03566	-0.03065	-0.08173	0.05978	0.00703	0.15742	-0.02911	-0.04388	-0.02626	-0.10068	0.06228	0.08820	0.19957	-0.06252	0.18456	-0.00087	-0.08650	-0.02076	0.00531	-0.02703	(And (Agent $e0 $x0) (Member $x0 pottery_studio) (Past $e0))
p202291	-0.05497	-0.09659	0.03030	0.14229	-0.02404	-0.07019	-0.01568	0.08197	-0.03338	-0.09583	-0.06458	0.09545	-0.03566	-0.03065	-0.08173	0.05978	0.00703	0.15742	-0.02911	-0.04388	-0.02626	-0.10068	0.06227	0.08820	0.19957	-0.06252	0.18456	-0.00087	-0.08650	-0.02076	0.00531	-0.02703	(And (Agent $e0 $x0) (Member $x0 pottery_studio) (Theme $e0 $x1))
p202292	-0.05497	-0.09659	0.03030	0.14229	-0.02404	-0.07019	-0.01568	0.08197	-0.03338	-0.09583	-0.06458	0.09545	-0.03566	-0.03065	-0.08173	0.05978	0.00703	0.15742	-0.02911	-0.04388	-0.02626	-0.10068	0.06227	0.08820	0.19957	-0.06252	0.18456	-0.00087	-0.08650	-0.02076	0.00531	-0.02703	(And (Agent $e0 $x0) (Member $x1 kiln) (Theme $e0 $x1))
p202293	-0.07350	0.12197	-0.00952	-0.06338	-0.06737	0.12376	0.13388	-0.15305	0.06154	-0.06618	-0.02806	-0.04713	0.00850	0.12059	-0.08773	0.11398	-0.01802	0.16558	-0.01855	-0.07619	-0.00512	-0.04344	0.03563	0.15865	-0.09756	-0.08215	-0.05041	-0.02982	0.09271	0.10632	0.00034	-0.03855	(And (Agent $e0 $x0) (Member $x1 north_route) (Theme $e0 $x1))
p202294	-0.00242	-0.01416	-0.00232	-0.08814	0.04507	0.11325	-0.01466	-0.05879	-0.10372	-0.09256	-0.00695	0.17208	-0.01140	0.02167	-0.05999	-0.02341	0.03947	0.12382	0.14880	0.05738	0.00313	0.18087	-0.03235	-0.02917	0.00229	0.02790	-0.10194	0.00159	-0.03144	-0.08596	0.01192	-0.03388	(And (Agent $e0 $x0) (Member $x1 song) (Theme $e0 $x1))
p202295	0.00432	-0.01074	-0.02040	-0.01915	0.05717	-0.01517	-0.00656	0.01315	0.00460	0.01737	0.00442	-0.00793	-0.01714	-0.00170	-0.00365	0.04041	-0.00766	-0.00700	-0.00187	-0.02690	0.00277	0.01385	-0.00434	-0.00151	0.00276	-0.00266	-0.00609	-0.00329	-0.01409	-0.00795	-0.00108	0.00316	(And (Agent $e0 $x0) (Member $x1 tournament) (Theme $e0 $x1))
p202296	0.06948	-0.05367	0.01343	-0.02412	0.03411	-0.06295	-0.02097	-0.03892	0.00227	-0.07393	0.03555	0.00280	0.01845	0.05752	0.14444	-0.05099	-0.01382	-0.01443	0.08109	-0.02171	-0.02893	-0.00418	-0.04589	0.09588	0.08703	-0.03645	-0.02954	-0.01858	-0.01776	0.06034	-0.02244	0.01108	(And (Agent $e0 $x0) (Member $x1 yard_floodlight) (Patient $e0 $x1))
p202297	-0.05211	0.11339	-0.11787	0.06621	-0.01670	-0.07253	-0.00794	0.02161	-0.02348	0.12283	0.08206	-0.01967	0.05858	-0.03918	0.12511	-0.05466	0.09640	0.06886	-0.02688	-0.03804	-0.02104	0.09427	0.08347	0.07159	-0.08379	-0.00853	-0.06235	-0.00036	-0.03248	-0.05232	-0.01466	0.03026	(And (Beneficiary $e0 $x0) (Member $x1 projector) (Theme $e0 $x1))
p202298	0.14404	-0.01511	0.13433	0.07442	0.01004	-0.07142	-0.01716	0.09087	0.11806	-0.01343	-0.00687	-0.12773	0.02919	-0.03491	-0.01026	-0.03341	-0.11053	0.19661	-0.02418	-0.00940	-0.05601	0.08006	-0.09615	-0.09148	0.00681	0.18002	-0.06386	0.00562	0.04278	-0.04458	-0.00633	0.00048	(And (Cardinality $x0 <num>) (Member $e0 require) (Theme $e0 $x0))
p202299	0.01069	0.00334	-0.01012	-0.01652	-0.00296	-0.01528	-0.01253	0.02015	0.01989	-0.01133	0.03647	-0.01679	-0.00234	-0.02583	-0.00779	0.01648	-0.01388	0.03351	-0.01006	0.00820	-0.02410	0.00671	-0.00580	-0.01757	-0.01621	-0.01553	0.01501	-0.00830	0.04770	-0.00678	0.02860	-0.00997	(And (Cardinality $x0 <num>) (Past $e0) (Patient $e0 $x0))
p202300	0.12513	0.02735	0.15189	0.00365	-0.08554	-0.00603	-0.01786	-0.03116	-0.02990	0.23386	0.00443	-0.02295	-0.04303	-0.04014	-0.10917	0.13318	-0.15893	-0.10590	-0.01652	0.23408	-0.00563	0.07197	-0.10171	0.19238	-0.11001	0.01339	-0.06299	-0.00208	-0.04092	-0.07671	0.00108	0.00300	(And (GroupOf $x0 lemon) (Past $e0) (Theme $e0 $x0))
p202301	-0.00047	-0.00043	-0.00983	0.13734	-0.05943	0.12312	-0.05807	0.02024	0.07228	-0.00175	-0.07596	-0.05851	0.00357	0.00151	0.08752	0.09126	-0.00064	-0.04838	0.13877	-0.02185	-0.00850	-0.02485	-0.01834	-0.05032	-0.05015	-0.04717	-0.01479	-0.02355	-0.01380	-0.06653	0.03577	-0.00634	(And (Inheritance apple_harvest harvest) (Member $x0 apple_harvest) (Patient $e0 $x0))
p202302	-0.07350	0.12197	-0.00952	-0.06338	-0.06737	0.12376	0.13388	-0.15305	0.06154	-0.06618	-0.02806	-0.04713	0.00850	0.12059	-0.08773	0.11398	-0.01802	0.16558	-0.01855	-0.07619	-0.00512	-0.04344	0.03563	0.15865	-0.09756	-0.08215	-0.05041	-0.02982	0.09271	0.10632	0.00034	-0.03855	(And (Inheritance north_route north) (Inheritance north_route route) (Member $x0 north_route))
p202303	-0.07350	0.12197	-0.00952	-0.06339	-0.06737	0.12376	0.13388	-0.15305	0.06154	-0.06618	-0.02806	-0.04713	0.00850	0.12059	-0.08774	0.11398	-0.01802	0.16558	-0.01855	-0.07619	-0.00512	-0.04344	0.03563	0.15865	-0.09756	-0.08215	-0.05041	-0.02982	0.09271	0.10632	0.00034	-0.03855	(And (Inheritance north_route north) (Member $x0 north_route) (Theme $e0 $x0))
p202304	-0.07350	0.12197	-0.00952	-0.06338	-0.06737	0.12376	0.13388	-0.15305	0.06154	-0.06618	-0.02806	-0.04713	0.00850	0.12059	-0.08774	0.11398	-0.01802	0.16558	-0.01855	-0.07619	-0.00512	-0.04344	0.03563	0.15865	-0.09756	-0.08215	-0.05041	-0.02982	0.09271	0.10632	0.00034	-0.03855	(And (Inheritance north_route route) (Member $x0 north_route) (Theme $e0 $x0))
p202305	-0.00201	0.00445	-0.00054	0.02359	-0.01122	0.01109	-0.00140	-0.00361	-0.00197	0.01716	-0.03715	-0.00600	-0.00042	0.00676	0.01024	0.02205	0.00745	-0.00430	0.01391	-0.00692	0.00136	0.00145	0.00223	-0.02201	-0.02332	0.00737	-0.00121	-0.01002	-0.00585	-0.01503	0.04512	-0.01474	(And (Inheritance shoreline_survey survey) (Member $x0 shoreline_survey) (Patient $e0 $x0))
p202306	0.06948	-0.05367	0.01343	-0.02412	0.03411	-0.06295	-0.02097	-0.03892	0.00227	-0.07393	0.03555	0.00280	0.01845	0.05752	0.14444	-0.05099	-0.01382	-0.01443	0.08109	-0.02171	-0.02893	-0.00418	-0.04589	0.09588	0.08703	-0.03645	-0.02954	-0.01858	-0.01776	0.06034	-0.02244	0.01108	(And (Inheritance yard_floodlight floodlight) (Member $x0 yard_floodlight) (Patient $e0 $x0))
p202307	0.13681	0.01851	-0.13547	-0.05319	-0.03492	0.10846	-0.05429	0.13918	-0.07167	0.05059	-0.02224	0.05186	0.04358	0.13042	-0.07284	-0.07363	0.15004	-0.09818	0.02392	0.00889	-0.03816	-0.11876	-0.12131	0.09933	-0.07436	0.13167	0.14428	-0.01917	0.11003	-0.11319	-0.00218	-0.00856	(And (Location $e0 $x0) (Member $x0 point) (Theme $e0 $x1))
p202309	-0.03754	-0.05753	-0.01428	-0.00229	0.00170	-0.01836	0.03998	-0.10887	-0.03824	0.14367	-0.02210	-0.00209	0.01609	-0.02649	-0.00106	0.02814	0.03015	-0.00259	0.03342	-0.05295	0.00827	0.01428	0.01704	-0.04357	0.11767	0.03109	0.01274	-0.00023	0.12275	-0.02523	0.07793	-0.04614	(And (Member $e0 start) (Patient $e1 $x0) (Theme $e0 $e1))
p202310	-0.00047	-0.00043	-0.00983	0.13734	-0.05943	0.12312	-0.05807	0.02024	0.07228	-0.00175	-0.07596	-0.05851	0.00357	0.00151	0.08752	0.09126	-0.00064	-0.04838	0.13877	-0.02185	-0.00850	-0.02485	-0.01834	-0.05032	-0.05015	-0.04717	-0.01479	-0.02355	-0.01380	-0.06653	0.03577	-0.00634	(And (Member $x0 apple_harvest) (Patient $e0 $x0) (Time $e0 (Month september)))
p202311	0.12513	0.02735	0.15189	0.00365	-0.08554	-0.00603	-0.01786	-0.03116	-0.02990	0.23386	0.00443	-0.02295	-0.04303	-0.04014	-0.10917	0.13318	-0.15893	-0.10590	-0.01652	0.23408	-0.00563	0.07197	-0.10171	0.19238	-0.11001	0.01339	-0.06299	-0.00208	-0.04092	-0.07671	0.00108	0.00300	(And (Member $x0 crate) (Past $e0) (Theme $e0 $x0))
p202312	-0.03862	-0.07938	0.03189	-0.02322	-0.06544	0.08801	-0.06986	0.21130	0.01620	0.13510	-0.04038	-0.06616	0.00371	0.20016	-0.08798	-0.02573	-0.04971	-0.05409	-0.03682	-0.04680	-0.03649	0.16759	0.06255	-0.11396	0.14058	-0.05915	-0.07459	-0.01766	-0.12133	0.16295	0.00160	-0.04203	(And (Member $x0 firm) (Member $x1 tender) (Possession $x1 $x0))
p202313	-0.05211	0.11339	-0.11787	0.06621	-0.01670	-0.07253	-0.00794	0.02162	-0.02348	0.12283	0.08206	-0.01967	0.05858	-0.03918	0.12511	-0.05466	0.09640	0.06886	-0.02688	-0.03804	-0.02104	0.09427	0.08347	0.07159	-0.08379	-0.00853	-0.06235	-0.00036	-0.03248	-0.05232	-0.01466	0.03026	(And (Member $x0 projector) (Past $e0) (Theme $e0 $x0))
p202314	-0.00201	0.00445	-0.00054	0.02358	-0.01122	0.01109	-0.00140	-0.00361	-0.00197	0.01716	-0.03715	-0.00600	-0.00042	0.00676	0.01024	0.02205	0.00745	-0.00430	0.01391	-0.00692	0.00136	0.00145	0.00223	-0.02201	-0.02332	0.00737	-0.00121	-0.01002	-0.00585	-0.01503	0.04512	-0.01474	(And (Member $x0 shoreline_survey) (Patient $e0 $x0) (Time $e0 dawn))
p202315	-0.01787	-0.01093	0.01313	-0.00432	-0.00628	0.01114	0.00051	-0.01113	-0.01115	-0.01220	-0.01266	-0.02059	0.05750	0.00909	0.00813	-0.02278	-0.01166	0.00277	0.01088	-0.00654	0.04063	-0.01095	0.00240	0.00245	0.00540	-0.00561	0.00752	-0.00727	-0.01116	-0.00381	-0.00147	-0.00216	(And (Member $x0 thing) (Past $e0) (Theme $e0 $x0))
p202316	0.06948	-0.05367	0.01343	-0.02412	0.03411	-0.06295	-0.02097	-0.03892	0.00227	-0.07393	0.03555	0.00280	0.01845	0.05752	0.14444	-0.05099	-0.01382	-0.01443	0.08109	-0.02171	-0.02893	-0.00418	-0.04589	0.09588	0.08703	-0.03645	-0.02954	-0.01858	-0.01776	0.06034	-0.02244	0.01108	(And (Member $x0 yard_floodlight) (Past $e0) (Patient $e0 $x0))
p202318	-0.02783	-0.02664	-0.02233	-0.00697	0.00201	-0.01888	0.03906	-0.06520	-0.02896	0.12659	-0.00282	0.00024	0.00481	-0.01891	0.00096	0.03631	0.01465	-0.00231	0.02897	-0.03325	-0.00643	-0.00541	0.01187	-0.04580	0.09556	0.02729	0.00993	-0.01232	0.09626	-0.02667	0.08217	-0.05646	(And (Ongoing $e0) (Patient $e1 $x0) (Theme $e1 $e0))
p202454	-0.02021	-0.02113	-0.05084	0.04166	0.01107	-0.04500	-0.02180	-0.06249	-0.03699	0.04563	-0.06071	0.00755	-0.03210	0.06139	-0.04687	0.00103	-0.00253	0.05852	-0.00926	-0.03970	0.20104	0.00868	-0.02509	0.01630	-0.00857	0.10847	-0.03271	-0.00503	-0.02863	0.02318	0.03677	0.09144	(And (Inheritance afternoon_session session) (Member $x0 afternoon_session))
p202455	-0.00047	-0.00043	-0.00983	0.13734	-0.05943	0.12312	-0.05807	0.02024	0.07228	-0.00175	-0.07596	-0.05851	0.00357	0.00151	0.08752	0.09126	-0.00064	-0.04838	0.13877	-0.02185	-0.00850	-0.02485	-0.01834	-0.05032	-0.05015	-0.04717	-0.01479	-0.02355	-0.01380	-0.06653	0.03577	-0.00634	(And (Inheritance apple_harvest harvest) (Member $x0 apple_harvest))
p202456	0.00089	0.00272	-0.00697	0.15584	-0.06087	0.12731	-0.06314	0.02578	0.07392	-0.01104	-0.07398	-0.06031	0.00317	0.00267	0.08892	0.08630	-0.00382	-0.05225	0.16075	-0.02476	-0.00770	-0.02387	-0.02514	-0.04848	-0.05077	-0.04820	-0.01785	-0.02338	-0.01648	-0.06525	0.02451	-0.00397	(And (Inheritance dress_rehearsal rehearsal) (Member $x0 dress_rehearsal))
p202457	-0.00339	-0.00869	-0.02327	-0.00373	0.02091	-0.01937	-0.00728	-0.00809	-0.00545	0.00550	-0.01251	-0.00065	-0.00209	0.00549	-0.00607	0.01970	-0.00577	0.00726	0.00110	-0.01481	0.02716	0.00261	-0.00459	0.00913	-0.00316	0.01293	-0.00541	0.00007	-0.00859	-0.00686	0.00740	0.02638	(And (Inheritance evening_flight flight) (Member $x0 evening_flight))
p202458	0.00026	-0.00604	-0.02030	-0.01994	0.03578	-0.01672	-0.00473	0.01209	0.00716	-0.00527	-0.00032	-0.00472	-0.00077	-0.01085	0.00779	0.03107	-0.01076	-0.00474	0.00591	-0.01396	-0.00655	-0.00067	0.00168	0.01130	-0.00331	-0.00985	0.00218	-0.00091	-0.00452	-0.01779	-0.00198	0.01273	(And (Inheritance loan_application application) (Member $x0 loan_application))
p202459	-0.07350	0.12197	-0.00952	-0.06339	-0.06737	0.12376	0.13388	-0.15305	0.06153	-0.06618	-0.02806	-0.04713	0.00850	0.12059	-0.08774	0.11398	-0.01802	0.16558	-0.01855	-0.07619	-0.00512	-0.04344	0.03563	0.15865	-0.09756	-0.08215	-0.05041	-0.02982	0.09271	0.10632	0.00034	-0.03855	(And (Inheritance north_route north) (Member $x0 north_route))
p202460	-0.07350	0.12197	-0.00952	-0.06339	-0.06737	0.12376	0.13388	-0.15305	0.06153	-0.06618	-0.02806	-0.04713	0.00850	0.12059	-0.08774	0.11398	-0.01802	0.16558	-0.01855	-0.07619	-0.00512	-0.04344	0.03563	0.15865	-0.09756	-0.08215	-0.05041	-0.02982	0.09271	0.10632	0.00034	-0.03855	(And (Inheritance north_route route) (Member $x0 north_route))
p202461	-0.01140	-0.01178	-0.01118	-0.02080	0.01498	0.00565	-0.00685	0.03354	0.00814	0.00123	-0.00895	-0.01545	0.00659	0.02288	-0.00906	0.01882	-0.01557	-0.00880	-0.00118	-0.01993	-0.01197	0.01991	0.01354	-0.00256	0.01064	-0.02204	-0.01075	-0.00433	-0.02177	0.01498	-0.00124	0.00433	(And (Inheritance rescue_team team) (Member $x0 rescue_team))
p202462	-0.00201	0.00445	-0.00054	0.02358	-0.01122	0.01109	-0.00140	-0.00362	-0.00197	0.01716	-0.03715	-0.00600	-0.00042	0.00676	0.01024	0.02205	0.00745	-0.00430	0.01391	-0.00692	0.00136	0.00145	0.00223	-0.02201	-0.02332	0.00737	-0.00121	-0.01002	-0.00585	-0.01503	0.04512	-0.01474	(And (Inheritance shoreline_survey survey) (Member $x0 shoreline_survey))
p202463	-0.02067	-0.01993	-0.04597	0.04469	0.00488	-0.04219	-0.01994	-0.06358	-0.03805	0.04578	-0.06092	0.00876	-0.03468	0.06221	-0.04687	-0.00588	0.00039	0.05888	-0.01063	-0.03735	0.20163	0.00856	-0.02494	0.01554	-0.00806	0.11021	-0.03311	-0.00625	-0.02724	0.02673	0.03639	0.08574	(And (Inheritance summer_fair fair) (Member $x0 summer_fair))
p202490	0.02179	-0.00140	0.03330	0.02706	0.00255	-0.02201	-0.00240	0.00250	0.02751	0.02735	-0.00659	-0.02825	-0.01028	0.00966	-0.00684	-0.00250	-0.01852	0.04880	-0.01108	-0.00532	-0.01193	0.00458	-0.02553	-0.02451	-0.00373	0.03905	-0.01209	0.01157	-0.00987	-0.00896	-0.00445	-0.00547	(And (Inheritance monthly_servicing monthly) (Inheritance monthly_servicing servicing))
p202491	-0.07350	0.12197	-0.00952	-0.06338	-0.06737	0.12376	0.13388	-0.15305	0.06154	-0.06618	-0.02806	-0.04713	0.00850	0.12059	-0.08774	0.11398	-0.01802	0.16558	-0.01855	-0.07619	-0.00512	-0.04344	0.03563	0.15865	-0.09756	-0.08215	-0.05041	-0.02982	0.09271	0.10632	0.00034	-0.03855	(And (Inheritance north_route north) (Inheritance north_route route))
p202508	-0.02021	-0.02113	-0.05084	0.04166	0.01107	-0.04500	-0.02180	-0.06249	-0.03699	0.04563	-0.06071	0.00755	-0.03210	0.06139	-0.04687	0.00103	-0.00253	0.05852	-0.00926	-0.03970	0.20104	0.00868	-0.02509	0.01630	-0.00857	0.10847	-0.03271	-0.00503	-0.02863	0.02318	0.03677	0.09144	(Inheritance afternoon_session session)
p202509	-0.00047	-0.00043	-0.00983	0.13734	-0.05943	0.12312	-0.05807	0.02024	0.07228	-0.00175	-0.07596	-0.05851	0.00357	0.00151	0.08752	0.09126	-0.00064	-0.04838	0.13877	-0.02185	-0.00850	-0.02485	-0.01834	-0.05032	-0.05015	-0.04717	-0.01479	-0.02355	-0.01380	-0.06653	0.03577	-0.00634	(Inheritance apple_harvest harvest)
p202510	0.00089	0.00272	-0.00697	0.15584	-0.06087	0.12731	-0.06314	0.02578	0.07392	-0.01104	-0.07398	-0.06031	0.00317	0.00267	0.08892	0.08630	-0.00382	-0.05225	0.16075	-0.02476	-0.00770	-0.02387	-0.02514	-0.04848	-0.05077	-0.04820	-0.01785	-0.02338	-0.01648	-0.06525	0.02451	-0.00397	(Inheritance dress_rehearsal rehearsal)
p202511	-0.00339	-0.00869	-0.02327	-0.00373	0.02091	-0.01937	-0.00728	-0.00809	-0.00545	0.00549	-0.01251	-0.00065	-0.00209	0.00549	-0.00607	0.01970	-0.00577	0.00726	0.00110	-0.01481	0.02716	0.00261	-0.00459	0.00913	-0.00316	0.01293	-0.00541	0.00007	-0.00859	-0.00686	0.00740	0.02638	(Inheritance evening_flight flight)
p202512	0.00010	-0.00621	-0.02048	-0.02010	0.03562	-0.01687	-0.00489	0.01193	0.00700	-0.00543	-0.00047	-0.00488	-0.00093	-0.01102	0.00764	0.03091	-0.01091	-0.00492	0.00573	-0.01411	-0.00672	-0.00084	0.00151	0.01115	-0.00347	-0.01001	0.00202	-0.00107	-0.00468	-0.01795	-0.00214	0.01258	(Inheritance loan_application application)
p202513	0.02180	-0.00140	0.03330	0.02707	0.00256	-0.02201	-0.00240	0.00250	0.02751	0.02735	-0.00658	-0.02824	-0.01028	0.00966	-0.00683	-0.00249	-0.01851	0.04880	-0.01107	-0.00531	-0.01193	0.00459	-0.02553	-0.02451	-0.00373	0.03905	-0.01209	0.01157	-0.00987	-0.00896	-0.00444	-0.00547	(Inheritance monthly_servicing monthly)
p202514	0.02181	-0.00139	0.03330	0.02708	0.00256	-0.02200	-0.00239	0.00251	0.02752	0.02736	-0.00657	-0.02823	-0.01027	0.00967	-0.00682	-0.00248	-0.01851	0.04881	-0.01106	-0.00531	-0.01192	0.00460	-0.02552	-0.02450	-0.00372	0.03906	-0.01208	0.01158	-0.00986	-0.00895	-0.00443	-0.00546	(Inheritance monthly_servicing servicing)
p202515	-0.07350	0.12197	-0.00952	-0.06339	-0.06737	0.12376	0.13388	-0.15305	0.06153	-0.06618	-0.02806	-0.04713	0.00850	0.12059	-0.08774	0.11398	-0.01802	0.16558	-0.01855	-0.07619	-0.00512	-0.04344	0.03563	0.15865	-0.09756	-0.08215	-0.05041	-0.02982	0.09271	0.10632	0.00034	-0.03855	(Inheritance north_route north)
p202516	-0.07350	0.12197	-0.00952	-0.06338	-0.06737	0.12376	0.13388	-0.15305	0.06154	-0.06618	-0.02806	-0.04713	0.00850	0.12059	-0.08774	0.11398	-0.01802	0.16558	-0.01855	-0.07619	-0.00512	-0.04344	0.03563	0.15865	-0.09756	-0.08215	-0.05041	-0.02982	0.09271	0.10632	0.00034	-0.03855	(Inheritance north_route route)
p202517	-0.01139	-0.01178	-0.01118	-0.02080	0.01498	0.00565	-0.00685	0.03354	0.00815	0.00123	-0.00895	-0.01545	0.00660	0.02288	-0.00906	0.01882	-0.01557	-0.00880	-0.00118	-0.01993	-0.01197	0.01991	0.01354	-0.00256	0.01064	-0.02204	-0.01075	-0.00433	-0.02177	0.01498	-0.00124	0.00433	(Inheritance rescue_team team)
p202518	-0.00201	0.00445	-0.00054	0.02359	-0.01122	0.01109	-0.00140	-0.00362	-0.00197	0.01716	-0.03715	-0.00600	-0.00043	0.00676	0.01024	0.02204	0.00745	-0.00430	0.01391	-0.00692	0.00135	0.00145	0.00223	-0.02202	-0.02332	0.00737	-0.00121	-0.01002	-0.00585	-0.01502	0.04511	-0.01475	(Inheritance shoreline_survey survey)
p202519	-0.02067	-0.01993	-0.04597	0.04469	0.00488	-0.04219	-0.01994	-0.06358	-0.03805	0.04578	-0.06092	0.00876	-0.03468	0.06221	-0.04687	-0.00588	0.00039	0.05888	-0.01063	-0.03735	0.20163	0.00856	-0.02494	0.01554	-0.00806	0.11021	-0.03311	-0.00625	-0.02724	0.02673	0.03639	0.08574	(Inheritance summer_fair fair)
p202543	-0.05605	0.12292	-0.13861	0.07397	-0.01433	-0.08403	-0.01236	0.05054	-0.02998	0.12639	0.09398	0.00277	0.04178	-0.04682	0.14099	-0.05025	0.11736	0.08103	-0.03428	-0.06111	-0.01940	0.11384	0.08904	0.07417	-0.09322	-0.01264	-0.07673	-0.00032	-0.01744	-0.06270	-0.01698	0.03603	(And (Agent $e0 $x0) (Beneficiary $e0 $x1) (Past $e0) (Theme $e0 $x2))
p202544	-0.00866	0.02093	0.00575	-0.00863	0.02184	-0.00050	-0.00572	-0.04239	0.11911	0.05808	-0.00706	0.13953	-0.00782	0.00559	-0.00313	-0.02958	-0.02165	-0.03151	-0.01256	-0.03718	0.04963	-0.04489	0.00756	-0.00200	-0.02477	-0.03190	-0.00292	-0.00173	0.01288	0.01778	-0.00336	0.01078	(And (Holder $e0 $x0) (Member $e0 have) (Past $e0) (Theme $e0 $x1))
p202564	-0.05605	0.12292	-0.13861	0.07397	-0.01433	-0.08403	-0.01236	0.05054	-0.02998	0.12639	0.09398	0.00277	0.04178	-0.04682	0.14099	-0.05025	0.11736	0.08103	-0.03428	-0.06111	-0.01940	0.11384	0.08904	0.07417	-0.09322	-0.01264	-0.07673	-0.00032	-0.01744	-0.06270	-0.01698	0.03603	(And (Agent $e0 $x0) (Beneficiary $e0 $x1) (Past $e0))
p202565	-0.05605	0.12292	-0.13861	0.07397	-0.01433	-0.08403	-0.01236	0.05054	-0.02998	0.12639	0.09398	0.00277	0.04178	-0.04682	0.14099	-0.05025	0.11736	0.08103	-0.03428	-0.06111	-0.01940	0.11384	0.08904	0.07417	-0.09322	-0.01264	-0.07673	-0.00032	-0.01744	-0.06270	-0.01698	0.03603	(And (Agent $e0 $x0) (Beneficiary $e0 $x1) (Theme $e0 $x2))
p202566	-0.07350	0.12197	-0.00952	-0.06339	-0.06737	0.12376	0.13388	-0.15305	0.06154	-0.06618	-0.02806	-0.04713	0.00850	0.12059	-0.08774	0.11398	-0.01802	0.16558	-0.01855	-0.07619	-0.00512	-0.04344	0.03563	0.15865	-0.09756	-0.08215	-0.05041	-0.02982	0.09271	0.10632	0.00034	-0.03855	(And (Agent $e0 $x0) (Cardinality $x0 <num>) (GroupOf $x0 climber))
p202567	-0.06515	0.00132	0.11370	-0.06948	-0.04491	0.03767	-0.00288	-0.05793	-0.05327	0.00169	0.12795	0.06342	0.01629	0.11131	0.10810	0.10628	-0.10641	-0.01215	-0.01124	-0.02900	-0.05511	-0.02124	0.10879	-0.11299	-0.02763	0.12804	0.02441	-0.00390	-0.01378	-0.08224	-0.02501	0.01792	(And (Agent $e0 $x0) (CoAgent $e0 $x1) (Location $e0 $x2))
p202568	-0.11102	-0.00128	0.17983	-0.11133	-0.07234	0.04837	-0.00860	-0.09396	-0.09087	-0.00584	0.21193	0.10432	0.04135	0.16714	0.18761	0.16011	-0.19228	-0.01925	-0.01839	-0.04822	-0.08990	-0.03889	0.17968	-0.18401	-0.05261	0.22200	0.10027	-0.00104	-0.01233	-0.12915	-0.04227	0.06675	(And (Agent $e0 $x0) (Location $e0 $x1) (Member $e0 work))
p202569	0.09511	-0.00010	0.01696	-0.00668	-0.00395	0.03081	-0.00552	-0.02344	-0.00664	-0.00549	-0.02896	0.00977	-0.01922	-0.01859	-0.01404	-0.00835	0.03757	0.00458	-0.01992	-0.02629	-0.00432	-0.00354	0.08075	-0.02672	-0.01160	-0.03367	-0.01473	0.00372	-0.00541	0.02238	0.00754	-0.00571	(And (Agent $e0 $x0) (Member $e0 come) (Past $e0))
p202570	-0.00415	0.00884	-0.00876	-0.01929	0.02920	-0.00981	-0.01235	0.01316	-0.00083	-0.00084	-0.00393	-0.00731	0.01207	0.00169	-0.00059	0.02626	-0.00376	-0.00624	0.00211	-0.01288	-0.01158	0.00050	-0.00204	-0.00735	0.00809	-0.00977	-0.00370	-0.00058	-0.01047	-0.01433	-0.00068	0.00765	(And (Agent $e0 $x0) (Member $e0 examine) (Theme $e0 $x1))
p202571	0.00307	-0.00505	-0.01320	0.00563	-0.00998	-0.01865	-0.00469	-0.00926	-0.01024	-0.00091	-0.02419	0.01194	0.00273	0.01843	-0.00519	-0.00159	-0.00118	0.01152	-0.00888	0.00400	0.01112	-0.00203	-0.00833	0.00237	-0.01272	-0.00271	-0.00151	0.00098	-0.01527	0.00844	0.03605	0.04176	(And (Agent $e0 $x0) (Member $e0 sign) (Patient $e0 $x1))
p202572	-0.02730	-0.00238	0.02748	-0.00736	0.00019	0.01126	-0.00868	-0.00431	0.02053	0.00552	-0.00740	-0.01638	-0.01443	0.00150	-0.00651	-0.02511	0.02296	0.01302	-0.00630	0.04244	-0.01162	-0.02256	0.00738	-0.00511	-0.00971	-0.01502	0.00439	-0.00415	-0.01132	0.01424	-0.00484	0.00477	(And (Agent $e0 $x0) (Past $e0) (Recipient $e0 $x1))
p202573	-0.01998	0.00750	0.03078	-0.00618	0.01232	-0.00329	-0.00253	-0.00739	0.00125	-0.00042	-0.00160	-0.01251	0.00476	0.01034	0.00094	0.00018	0.03441	0.01214	-0.00279	-0.00729	-0.02013	-0.01670	-0.01382	-0.01793	-0.01392	-0.00696	0.00122	0.00073	-0.00726	-0.00559	0.00253	-0.01138	(And (Agent $e0 $x0) (Past $e0) (Source $e0 $x1))
p202574	-0.01616	0.02121	0.02258	0.00155	-0.00248	0.02021	-0.02166	0.00997	0.01868	0.00497	0.00514	-0.01327	-0.02012	-0.00021	-0.01216	-0.01209	0.02251	0.00283	-0.00933	-0.00301	-0.00672	-0.01650	-0.00305	-0.01397	-0.00107	-0.01321	-0.01208	-0.00337	-0.00250	-0.00563	-0.02074	0.01665	(And (Agent $e0 $x0) (Past $e0) (Through $e0 $x1))
p202575	0.14683	-0.01561	0.13948	0.07695	0.01024	-0.07275	-0.01771	0.09631	0.12212	-0.01421	-0.00813	-0.13421	0.02862	-0.03559	-0.01040	-0.03420	-0.11420	0.20242	-0.02454	-0.00932	-0.05740	0.08333	-0.09847	-0.09352	0.00675	0.18400	-0.06578	0.00511	0.04277	-0.04652	-0.00653	0.00008	(And (Cardinality $x0 <num>) (GroupOf $x0 egg) (Theme $e0 $x0))
p202576	0.10425	0.00227	-0.01816	-0.01552	0.00001	0.01859	-0.01356	-0.00612	-0.02040	-0.00256	-0.01099	0.01477	-0.01591	-0.02420	-0.01501	0.00658	-0.02056	-0.00352	0.00302	-0.02225	0.03680	-0.00338	0.09549	-0.00993	-0.00501	-0.03505	-0.00013	-0.00656	-0.01201	0.01159	-0.00156	-0.00429	(And (Goal $e0 $x0) (Member $e0 go) (Past $e0))
p202577	0.09797	-0.00394	0.02149	-0.01037	-0.00337	0.02814	-0.00049	-0.04040	-0.03402	-0.00415	-0.03685	0.00794	0.04450	-0.01695	-0.00362	-0.00755	0.00724	-0.00546	-0.00634	-0.03078	0.02116	-0.00333	0.09367	-0.03008	-0.00435	-0.02685	-0.00089	0.00419	-0.02120	0.01383	0.01285	-0.01728	(And (Goal $e0 $x0) (Past $e0) (Theme $e0 $x1))
p202578	0.12513	0.02735	0.15189	0.00365	-0.08554	-0.00603	-0.01786	-0.03116	-0.02990	0.23386	0.00443	-0.02295	-0.04303	-0.04014	-0.10917	0.13318	-0.15893	-0.10590	-0.01652	0.23408	-0.00563	0.07197	-0.10171	0.19238	-0.11001	0.01339	-0.06299	-0.00208	-0.04092	-0.07671	0.00108	0.00300	(And (GroupOf $x0 lemon) (Member $x0 crate) (Theme $e0 $x0))
p202579	-0.00866	0.02093	0.00575	-0.00863	0.02184	-0.00050	-0.00572	-0.04239	0.11911	0.05808	-0.00706	0.13953	-0.00782	0.00559	-0.00313	-0.02958	-0.02165	-0.03151	-0.01256	-0.03718	0.04963	-0.04490	0.00756	-0.00200	-0.02477	-0.03190	-0.00292	-0.00174	0.01288	0.01778	-0.00336	0.01078	(And (Holder $e0 $x0) (Member $e0 have) (Past $e0))
p202580	-0.00866	0.02093	0.00575	-0.00863	0.02184	-0.00050	-0.00572	-0.04239	0.11911	0.05808	-0.00706	0.13953	-0.00782	0.00559	-0.00313	-0.02958	-0.02165	-0.03151	-0.01256	-0.03718	0.04963	-0.04490	0.00756	-0.00200	-0.02477	-0.03190	-0.00292	-0.00173	0.01288	0.01778	-0.00336	0.01078	(And (Holder $e0 $x0) (Past $e0) (Theme $e0 $x1))
p202581	-0.01894	-0.00300	0.02854	-0.00008	0.00177	0.00621	0.00050	-0.03255	-0.01908	0.00518	-0.01826	-0.01702	0.05297	0.01364	0.00266	-0.00470	0.01995	0.00359	0.00486	-0.01222	0.02112	-0.00992	-0.00562	-0.01313	-0.00417	-0.00086	0.00298	0.00107	-0.00969	-0.00486	0.00581	-0.01927	(And (Member $e0 capture) (Past $e0) (Theme $e0 $x0))
p202582	-0.00486	0.00221	-0.00697	-0.01971	-0.00278	0.00650	-0.01689	0.02631	0.00998	-0.00229	0.04289	-0.00702	-0.00099	-0.01932	-0.01740	0.00998	-0.01261	0.01219	-0.00711	0.01106	-0.02730	-0.01294	0.00410	-0.00546	-0.00767	-0.01315	0.01063	0.01339	0.02200	-0.00996	0.02404	-0.01019	(And (Member $e0 fall) (Past $e0) (Patient $e0 $x0))
p202583	-0.00170	0.00439	-0.00016	-0.00853	-0.00290	-0.01364	-0.01009	0.00805	0.00423	-0.00154	0.03519	-0.00090	-0.00618	0.01203	-0.01740	0.00204	0.00727	0.01356	-0.00325	0.00887	-0.01733	-0.01104	-0.01061	-0.01132	-0.00870	-0.00602	0.00504	-0.00850	-0.00430	0.00545	0.02440	-0.00479	(And (Member $e0 kill) (Past $e0) (Patient $e0 $x0))
p202584	-0.00186	-0.00109	-0.00224	-0.00853	-0.00695	0.01763	-0.01425	0.01786	0.00696	-0.00710	0.04473	-0.00314	0.00217	-0.02220	-0.02376	-0.00369	-0.00807	-0.00212	-0.01632	0.01773	-0.01702	-0.00347	-0.00213	0.01022	0.00081	-0.01169	-0.00133	0.01657	0.01862	0.00246	0.02149	0.00130	(And (Member $e0 make) (Past $e0) (Patient $e0 $x0))
p202585	0.00062	0.00003	0.00915	0.01256	-0.04349	-0.00488	-0.00993	-0.02353	-0.02462	0.01179	0.00300	-0.02252	0.07106	-0.02101	0.01090	-0.02667	-0.03806	0.00548	0.00741	0.08042	0.03593	0.00063	-0.00078	0.02858	-0.00894	-0.00624	0.00266	-0.00197	0.00202	0.01222	-0.00344	0.01541	(And (Member $e0 sell) (Past $e0) (Theme $e0 $x0))
p202586	-0.02730	-0.05193	-0.02934	-0.01913	0.00233	0.00221	-0.00796	-0.05399	-0.01537	0.09521	0.05376	-0.00129	-0.00261	-0.03345	-0.03041	0.02343	0.00723	0.00144	0.00936	-0.02683	-0.00460	-0.00447	0.01784	-0.00890	0.07217	0.01235	0.00984	0.02309	0.09551	-0.01485	0.04479	-0.03295	(And (Member $e0 start) (Past $e0) (Patient $e0 $x0))
p202587	0.05305	0.01784	0.01747	-0.01636	0.00862	-0.01754	0.11756	0.06983	-0.01126	-0.03233	-0.02572	0.01182	-0.00214	-0.00376	0.00132	-0.02533	-0.00378	-0.00748	0.02342	0.01149	-0.01076	-0.00720	0.04591	-0.01538	-0.04671	-0.01735	0.00107	-0.01794	-0.05671	0.00027	0.00787	-0.00112	(And (Member $e0 try) (Past $e0) (Theme $e0 $e1))
p202588	0.07685	-0.05045	-0.03900	0.20184	0.03154	0.12709	0.12124	-0.09305	-0.04490	-0.00900	0.19481	0.01378	-0.01733	-0.08491	-0.07392	0.01299	0.06943	-0.07242	-0.11139	0.01332	0.05417	0.00601	-0.08974	-0.03397	0.06964	0.07463	-0.03621	-0.00698	-0.01752	0.08731	-0.04836	-0.01573	(And (Member $x0 budget) (Possession $x0 next_year) (Theme $e0 $x0))
p202589	-0.00335	-0.00069	0.00794	0.01045	-0.04367	-0.00595	-0.01168	-0.02329	-0.02236	0.01071	-0.00034	-0.02254	0.06958	-0.01997	0.01037	-0.02755	-0.03759	0.00703	0.01113	0.08594	0.03633	0.00044	0.00419	0.03041	-0.00913	-0.00630	0.00242	-0.00246	0.00142	0.01151	-0.00290	0.01549	(And (Past $e0) (Recipient $e0 $x0) (Theme $e0 $x1))
p202649	-0.00045	-0.00587	-0.01392	-0.00760	0.00543	0.00193	-0.00848	0.00714	0.00472	-0.00439	-0.00115	-0.00489	0.00262	-0.00975	0.00043	0.01514	-0.00958	0.00512	-0.00351	-0.00295	-0.00477	-0.00361	-0.00015	0.00106	-0.00448	-0.01211	-0.00049	0.00371	0.00726	-0.00446	-0.00601	0.02923	(And (Agent $e0 $x0) (Can $e0))
p202650	-0.07350	0.12197	-0.00952	-0.06338	-0.06737	0.12376	0.13388	-0.15305	0.06154	-0.06618	-0.02806	-0.04713	0.00850	0.12059	-0.08773	0.11398	-0.01802	0.16558	-0.01855	-0.07619	-0.00512	-0.04344	0.03563	0.15865	-0.09756	-0.08215	-0.05041	-0.02981	0.09271	0.10632	0.00034	-0.03855	(And (Agent $e0 $x0) (GroupOf $x0 climber))
p202651	0.00183	-0.00745	-0.01551	-0.01881	0.02862	-0.01736	-0.00603	0.00109	0.00590	-0.01240	0.00670	-0.00672	0.00560	-0.00835	0.00155	0.02283	-0.00697	0.00824	-0.00060	-0.01331	-0.01215	-0.00036	-0.00507	0.00885	-0.00216	-0.01284	-0.00178	0.00218	0.00783	-0.00598	0.00193	0.01731	(And (Agent $e0 $x0) (Member $e0 block))
p202652	-0.00415	0.00884	-0.00876	-0.01929	0.02920	-0.00981	-0.01235	0.01316	-0.00083	-0.00084	-0.00393	-0.00731	0.01207	0.00169	-0.00059	0.02626	-0.00376	-0.00624	0.00211	-0.01288	-0.01158	0.00050	-0.00204	-0.00735	0.00809	-0.00977	-0.00370	-0.00058	-0.01047	-0.01433	-0.00068	0.00765	(And (Agent $e0 $x0) (Member $e0 examine))
p202653	0.00556	0.03607	-0.00862	-0.01341	-0.01447	0.01055	-0.02063	0.00552	-0.01481	-0.01851	0.00950	0.02049	0.00929	-0.00902	-0.01492	0.00678	-0.02532	-0.00223	0.00194	0.01507	-0.01662	-0.00111	-0.00474	-0.01456	0.02090	-0.01177	0.00309	0.01120	0.00732	-0.01828	-0.01394	0.04313	(And (Agent $e0 $x0) (Member $e0 play))
p202654	0.04507	-0.02145	0.00453	0.06741	-0.03566	0.05736	0.14272	0.04746	-0.02213	-0.05033	0.08033	0.00948	0.05434	-0.03529	-0.01797	-0.04677	-0.01166	-0.04363	-0.07572	0.08118	-0.04183	-0.01026	-0.04478	-0.01377	-0.00706	-0.01804	0.00584	-0.00486	-0.04526	0.05417	-0.01490	0.03116	(And (Agent $e0 $x0) (Member $e0 reach))
p202655	-0.01447	0.00636	0.00229	-0.01085	0.03284	-0.01291	-0.00472	0.00562	0.00463	-0.00403	-0.00660	-0.01501	0.00697	0.00705	0.01089	0.02351	0.00623	0.00510	0.00346	-0.01422	-0.01441	-0.01691	-0.00346	-0.01310	-0.01628	-0.01369	0.00652	0.00092	-0.00470	-0.02338	-0.00145	0.00572	(And (Agent $e0 $x0) (Member $e0 receive))
p202656	0.00307	-0.00505	-0.01320	0.00563	-0.00998	-0.01865	-0.00469	-0.00926	-0.01024	-0.00091	-0.02419	0.01194	0.00273	0.01843	-0.00519	-0.00159	-0.00118	0.01152	-0.00888	0.00400	0.01112	-0.00203	-0.00833	0.00237	-0.01272	-0.00271	-0.00151	0.00098	-0.01527	0.00844	0.03605	0.04176	(And (Agent $e0 $x0) (Member $e0 sign))
p202657	-0.01177	0.01932	0.01849	-0.00671	0.00867	0.01424	-0.01975	0.01172	0.00735	0.00216	-0.00580	-0.01216	0.00443	0.00295	-0.00711	0.00961	0.00264	-0.00280	0.00170	-0.00548	-0.01224	-0.01046	-0.00460	-0.01756	-0.00188	-0.01222	-0.00612	0.00012	-0.00945	-0.00777	-0.00835	0.01453	(And (Agent $e0 $x0) (Member $e0 watch))
p202658	0.00089	-0.00856	-0.02329	-0.01850	0.03297	-0.01334	-0.00638	0.00961	0.00377	-0.00722	0.00099	-0.00614	0.00907	-0.01010	0.00319	0.03139	-0.01091	-0.00439	0.00404	-0.01308	-0.00952	0.00120	-0.00005	0.00698	-0.00049	-0.01161	0.00118	0.00279	-0.00340	-0.01508	-0.00197	0.01779	(And (Agent $e0 $x0) (Member $x0 automobile))
p202659	-0.01877	-0.00678	0.02554	0.00092	0.00562	0.00965	-0.00322	-0.01203	0.01592	-0.00094	-0.00385	-0.01406	-0.00860	0.00149	-0.00713	-0.00992	0.03273	-0.00455	-0.01065	-0.00937	-0.00574	0.00780	-0.01035	0.00278	-0.00679	-0.01191	0.00012	-0.00332	0.00229	-0.00063	-0.00310	-0.00142	(And (Agent $e0 $x0) (Member $x0 boy))
p202660	0.00431	-0.01077	-0.02046	-0.01917	0.05714	-0.01521	-0.00658	0.01313	0.00456	0.01733	0.00440	-0.00795	-0.01716	-0.00174	-0.00368	0.04038	-0.00768	-0.00705	-0.00190	-0.02691	0.00274	0.01381	-0.00440	-0.00153	0.00272	-0.00268	-0.00611	-0.00331	-0.01411	-0.00797	-0.00111	0.00314	(And (Agent $e0 $x0) (Member $x0 club))
p202661	0.06948	-0.05367	0.01343	-0.02412	0.03411	-0.06295	-0.02097	-0.03892	0.00227	-0.07393	0.03555	0.00280	0.01845	0.05752	0.14444	-0.05099	-0.01382	-0.01443	0.08109	-0.02171	-0.02893	-0.00418	-0.04589	0.09588	0.08703	-0.03645	-0.02954	-0.01858	-0.01776	0.06034	-0.02244	0.01108	(And (Agent $e0 $x0) (Member $x0 electrician))
p202662	0.01488	0.03079	-0.00223	0.02019	-0.01499	0.02639	0.00767	0.02510	-0.00148	-0.01497	0.03074	0.00199	0.00826	-0.01369	-0.01914	-0.00022	-0.00745	-0.01295	-0.01954	0.03468	-0.01687	-0.01897	-0.02153	-0.01970	0.01206	-0.00921	-0.00063	-0.00490	-0.01288	0.00537	-0.00934	0.02973	(And (Agent $e0 $x0) (Member $x0 family))
p202663	0.00669	-0.00401	-0.00944	-0.00103	-0.00729	-0.02922	0.05057	0.01718	-0.01082	-0.01738	-0.01642	0.01908	0.00968	0.01736	-0.00555	-0.00994	0.00895	0.00609	-0.03006	0.02764	-0.00887	-0.00590	-0.01331	0.00183	-0.02754	-0.00530	0.00599	-0.00371	-0.03544	0.01525	0.04023	0.03677	(And (Agent $e0 $x0) (Member $x0 fire))
p202664	0.04657	-0.02794	-0.02368	0.09021	0.01729	0.06355	0.07734	-0.03494	-0.02652	-0.01088	0.11422	0.00989	0.01214	-0.04936	-0.03633	0.00885	0.02055	-0.04323	-0.06652	0.02239	0.00130	0.00076	-0.05089	-0.01966	0.02987	0.02043	-0.01191	0.00033	-0.01617	0.04782	-0.02823	0.00617	(And (Agent $e0 $x0) (Member $x0 judge))
p202665	-0.00279	-0.00089	-0.00928	0.00783	0.06597	-0.02877	-0.00254	-0.00494	0.00229	0.01078	-0.00556	-0.00203	-0.02583	0.01824	-0.00425	0.01664	-0.01085	-0.00949	-0.00601	-0.00727	0.01221	-0.00148	0.00761	0.00936	-0.01193	-0.00799	-0.00056	-0.00366	0.00717	-0.01509	0.00728	0.00466	(And (Agent $e0 $x0) (Member $x0 pilot))
p202666	-0.05497	-0.09659	0.03030	0.14229	-0.02404	-0.07019	-0.01568	0.08197	-0.03338	-0.09583	-0.06458	0.09545	-0.03566	-0.03065	-0.08173	0.05978	0.00703	0.15742	-0.02911	-0.04388	-0.02626	-0.10068	0.06227	0.08820	0.19957	-0.06252	0.18456	-0.00087	-0.08650	-0.02076	0.00531	-0.02703	(And (Agent $e0 $x0) (Member $x0 pottery_studio))
p202667	-0.02021	-0.02113	-0.05084	0.04166	0.01107	-0.04500	-0.02180	-0.06249	-0.03699	0.04563	-0.06071	0.00755	-0.03210	0.06139	-0.04687	0.00103	-0.00253	0.05852	-0.00926	-0.03970	0.20104	0.00868	-0.02509	0.01630	-0.00857	0.10847	-0.03271	-0.00503	-0.02863	0.02318	0.03677	0.09144	(And (Agent $e0 $x0) (Member $x0 tutor))
p202668	0.07148	-0.02806	-0.01250	0.10087	-0.06252	0.09599	0.03673	-0.02779	-0.03051	-0.03403	0.09680	0.00875	0.05821	-0.05579	-0.04049	-0.01969	-0.02324	-0.03302	-0.05612	0.06509	-0.02306	-0.00460	-0.03054	-0.02291	0.03747	-0.02076	-0.00688	0.01626	-0.00005	0.05150	-0.03364	0.05169	(And (Agent $e0 $x0) (Patient $e0 $e1))
p202669	-0.02198	-0.01205	0.00446	-0.00235	-0.00541	0.05477	-0.02431	0.01185	0.00846	-0.01303	0.00370	0.00143	0.00537	-0.04066	-0.01991	-0.03023	-0.00724	-0.02330	-0.02618	0.00817	0.00167	-0.00465	0.00340	0.04308	0.02135	-0.01095	-0.01756	0.06956	0.01491	0.00112	0.00225	0.04768	(And (Agent $e0 $x0) (Result $e0 $e1))
p202670	-0.01293	-0.04942	-0.00088	-0.06190	0.09200	0.09435	-0.01628	-0.00283	0.02496	0.18681	-0.02665	-0.08691	0.00075	-0.09091	0.19169	-0.07222	-0.02158	0.14980	-0.11329	0.10688	-0.01580	-0.18119	-0.02625	-0.09970	-0.00521	-0.07588	0.22201	-0.00790	-0.05249	0.13587	-0.00021	0.01245	(And (Agent $e0 $x0) (Theme $e0 glazing))
p202671	-0.01603	0.02128	0.02262	0.00162	-0.00243	0.02019	-0.02159	0.00999	0.01867	0.00501	0.00521	-0.01318	-0.02006	-0.00019	-0.01211	-0.01205	0.02254	0.00285	-0.00927	-0.00293	-0.00665	-0.01645	-0.00306	-0.01392	-0.00108	-0.01311	-0.01203	-0.00331	-0.00247	-0.00555	-0.02070	0.01673	(And (Agent $e0 $x0) (Through $e0 $x1))
p202672	-0.00443	-0.00776	-0.01106	0.03058	-0.02326	0.03736	-0.03025	0.01602	0.02496	0.00754	-0.01241	-0.02002	-0.00796	-0.00432	0.00994	0.02043	-0.00423	-0.00903	0.01616	0.00106	0.00206	-0.01902	-0.00967	-0.00830	-0.01225	-0.02194	-0.00361	0.00040	-0.00367	-0.01710	-0.01351	0.04048	(And (Agent $e0 $x0) (Time $e0 (Hour <num>)))
p202673	-0.00268	-0.00514	-0.01156	-0.00661	-0.00018	-0.00616	-0.00593	-0.00376	0.00447	0.01065	0.02371	-0.00462	-0.00506	-0.00818	-0.01503	0.01418	0.00033	0.00307	-0.00163	0.00052	-0.00784	0.01216	0.00238	-0.00705	-0.00471	-0.00375	0.01453	-0.00966	0.01340	-0.00481	0.03119	-0.01563	(And (Already $e0) (Patient $e0 $x0))
p202674	0.09834	-0.00673	-0.02057	-0.02052	-0.02445	0.02201	-0.01548	-0.03128	-0.02416	-0.02944	-0.01014	0.02637	0.00361	-0.03735	-0.00502	0.02026	-0.02577	0.03453	-0.01380	-0.01226	-0.00863	0.02299	0.06590	-0.02484	0.00798	-0.04235	-0.01247	0.02478	0.04759	0.00205	-0.00302	0.03143	(And (Cardinality $x0 <num>) (GroupOf $x0 child))
p202675	-0.07350	0.12197	-0.00952	-0.06339	-0.06737	0.12376	0.13388	-0.15305	0.06153	-0.06618	-0.02806	-0.04713	0.00850	0.12059	-0.08774	0.11398	-0.01802	0.16558	-0.01855	-0.07619	-0.00512	-0.04344	0.03563	0.15865	-0.09756	-0.08215	-0.05041	-0.02982	0.09271	0.10632	0.00034	-0.03855	(And (Cardinality $x0 <num>) (GroupOf $x0 climber))
p202676	0.01069	0.00334	-0.01012	-0.01652	-0.00296	-0.01528	-0.01253	0.02015	0.01989	-0.01133	0.03647	-0.01679	-0.00235	-0.02583	-0.00779	0.01648	-0.01388	0.03351	-0.01006	0.00820	-0.02410	0.00671	-0.00580	-0.01757	-0.01621	-0.01553	0.01501	-0.00830	0.04770	-0.00678	0.02860	-0.00997	(And (Cardinality $x0 <num>) (Patient $e0 $x0))
p202677	-0.06514	0.00132	0.11370	-0.06947	-0.04491	0.03767	-0.00288	-0.05793	-0.05326	0.00169	0.12795	0.06342	0.01629	0.11131	0.10810	0.10628	-0.10641	-0.01215	-0.01124	-0.02900	-0.05511	-0.02124	0.10879	-0.11299	-0.02763	0.12804	0.02442	-0.00390	-0.01378	-0.08224	-0.02501	0.01792	(And (CoAgent $e0 $x0) (Location $e0 $x1))
p202679	0.02658	0.02798	-0.01306	-0.00179	-0.01462	-0.02370	0.01350	-0.02065	-0.00974	-0.01033	-0.00842	0.01157	0.00445	0.03258	0.02038	0.02270	0.01738	0.00692	-0.01542	0.02371	-0.01581	0.00660	-0.02189	-0.03266	0.02353	-0.00480	0.00039	0.04941	-0.01380	-0.02152	-0.00334	-0.00660	(And (Experiencer $e0 $x0) (Member $e0 sleep))
p202680	0.00937	0.00246	-0.00727	-0.00126	-0.01046	-0.01971	0.00332	-0.01251	-0.01466	0.00079	-0.00480	0.00974	0.00650	0.01796	0.00668	0.01050	0.01041	0.01113	-0.00233	0.00696	-0.02126	-0.00302	-0.01056	-0.01815	0.00089	0.00053	0.00557	0.05635	-0.00199	-0.00941	-0.00340	-0.00088	(And (Experiencer $e0 $x0) (Source $e0 $x1))
p202681	0.14683	-0.01561	0.13948	0.07695	0.01024	-0.07275	-0.01771	0.09631	0.12211	-0.01421	-0.00813	-0.13421	0.02862	-0.03559	-0.01040	-0.03420	-0.11420	0.20242	-0.02454	-0.00932	-0.05740	0.08333	-0.09847	-0.09352	0.00675	0.18400	-0.06578	0.00511	0.04277	-0.04652	-0.00653	0.00008	(And (GroupOf $x0 egg) (Theme $e0 $x0))
p202682	0.12513	0.02735	0.15189	0.00365	-0.08554	-0.00603	-0.01786	-0.03116	-0.02990	0.23386	0.00443	-0.02295	-0.04303	-0.04014	-0.10917	0.13318	-0.15893	-0.10590	-0.01652	0.23408	-0.00563	0.07197	-0.10171	0.19238	-0.11001	0.01339	-0.06299	-0.00208	-0.04092	-0.07671	0.00108	0.00300	(And (GroupOf $x0 lemon) (Theme $e0 $x0))
p202683	-0.00491	0.01313	-0.01144	-0.01172	-0.00436	-0.01093	-0.01218	0.02613	0.00717	0.00706	0.04212	-0.00523	-0.00607	0.00291	-0.01812	0.02313	-0.00237	0.02242	0.00291	0.01161	-0.01867	-0.01698	-0.00101	-0.03143	-0.02377	0.00240	0.01839	-0.01424	-0.00033	-0.01228	0.04774	-0.02059	(And (GroupOf $x0 person) (Patient $e0 $x0))
p202684	-0.00430	-0.00963	-0.00803	-0.00618	-0.00207	0.00299	0.00682	-0.01862	0.00818	-0.00499	-0.00233	0.02009	0.06421	0.00766	0.00359	-0.01881	-0.01584	-0.01250	0.00161	-0.00832	0.00533	-0.00990	0.00412	0.00139	0.01029	-0.00857	0.00705	0.00126	-0.01082	0.00285	0.00152	0.00618	(And (GroupOf $x0 thing) (Theme $e0 $x0))
p202685	-0.00866	0.02093	0.00575	-0.00863	0.02184	-0.00050	-0.00572	-0.04239	0.11911	0.05808	-0.00706	0.13953	-0.00782	0.00559	-0.00313	-0.02958	-0.02165	-0.03151	-0.01256	-0.03718	0.04963	-0.04490	0.00756	-0.00200	-0.02477	-0.03190	-0.00292	-0.00173	0.01288	0.01778	-0.00336	0.01078	(And (Holder $e0 $x0) (Past $e0))
p202686	-0.00161	-0.00526	-0.00220	-0.00154	-0.00660	-0.00772	-0.01055	0.00421	0.00550	0.00814	0.01239	-0.00465	-0.00886	0.02417	-0.00864	0.00530	0.01671	0.01378	-0.00052	0.00295	-0.00483	-0.01096	-0.01130	-0.01532	-0.00510	-0.01034	-0.00307	0.02227	-0.00722	-0.00212	0.00114	0.00151	(And (In $e0 $x0) (Past $e0))
p202688	0.13681	0.01851	-0.13547	-0.05319	-0.03492	0.10846	-0.05429	0.13918	-0.07167	0.05059	-0.02224	0.05186	0.04358	0.13042	-0.07284	-0.07363	0.15004	-0.09818	0.02392	0.00889	-0.03816	-0.11876	-0.12131	0.09933	-0.07436	0.13167	0.14428	-0.01917	0.11003	-0.11319	-0.00218	-0.00856	(And (Location $e0 $x0) (Member $x0 point))
p202689	-0.00140	0.18299	0.09041	0.10006	0.00582	-0.08249	-0.05299	-0.04139	-0.06568	-0.00569	-0.01239	0.02001	0.01090	-0.05321	-0.13323	-0.05391	-0.07268	-0.04219	0.16494	-0.04767	-0.03502	0.07124	0.00894	-0.02944	-0.09014	0.03313	0.11088	0.10887	-0.01441	0.23959	0.00320	-0.00623	(And (Location $e0 $x0) (Stimulus $e1 $e0))
p202690	-0.01897	-0.00303	0.02851	-0.00010	0.00175	0.00620	0.00048	-0.03257	-0.01910	0.00516	-0.01828	-0.01705	0.05294	0.01362	0.00264	-0.00472	0.01993	0.00356	0.00483	-0.01223	0.02109	-0.00995	-0.00565	-0.01315	-0.00419	-0.00089	0.00296	0.00105	-0.00971	-0.00489	0.00578	-0.01930	(And (Member $e0 capture) (Theme $e0 $x0))
p202691	0.00011	0.01745	0.00497	-0.00378	0.00177	-0.00534	0.00149	0.00548	-0.00285	-0.00104	-0.00460	0.00338	-0.00329	0.00677	-0.00373	0.00064	0.00643	0.00442	-0.00455	0.00271	-0.00220	-0.00445	0.00099	-0.01244	-0.00555	0.00502	0.00112	-0.01130	-0.00843	-0.00018	0.03458	-0.01091	(And (Member $e0 change) (Patient $e0 $x0))
p202692	0.05185	-0.03351	-0.03782	-0.05413	0.04168	-0.06326	-0.06037	0.15007	0.05610	-0.06185	0.00056	-0.08100	0.05775	-0.07674	0.05565	0.06149	-0.08034	0.07803	0.00335	-0.01826	-0.05232	0.03168	-0.04129	-0.05794	-0.01572	-0.04039	-0.01171	0.02075	0.12482	-0.01587	-0.00886	0.08057	(And (Member $e0 contain) (Theme $e0 $x0))
p202693	0.00029	-0.00108	-0.00197	0.00311	-0.00039	-0.00476	0.00709	-0.00259	0.00141	0.00354	-0.01703	-0.00352	-0.00151	-0.00540	0.00012	0.00956	0.00293	0.00352	-0.00647	-0.00220	-0.00075	0.01719	0.00285	-0.00807	-0.01547	0.00362	0.01046	-0.00939	0.00560	-0.00346	0.04024	-0.01339	(And (Member $e0 die) (Patient $e0 $x0))
p202694	0.00177	0.00268	-0.00429	0.04146	-0.02190	0.03460	-0.01721	0.01045	0.02164	0.00003	-0.03214	-0.01972	0.00185	-0.00187	0.02773	0.03521	0.00011	-0.00937	0.03827	-0.00562	-0.00835	-0.00692	-0.00282	-0.02541	-0.02769	-0.01592	-0.00236	-0.01249	0.00088	-0.02527	0.03761	-0.01013	(And (Member $e0 end) (Patient $e0 $x0))
p202695	-0.00414	0.00884	-0.00876	-0.01928	0.02920	-0.00980	-0.01234	0.01317	-0.00082	-0.00084	-0.00392	-0.00731	0.01208	0.00169	-0.00058	0.02627	-0.00375	-0.00623	0.00212	-0.01288	-0.01157	0.00050	-0.00204	-0.00734	0.00810	-0.00977	-0.00370	-0.00058	-0.01047	-0.01433	-0.00067	0.00766	(And (Member $e0 examine) (Theme $e0 $x0))
p202696	-0.09699	0.09345	0.15945	-0.07242	0.19826	0.12007	0.10064	0.12081	0.06110	-0.07841	-0.09513	-0.05340	-0.05641	-0.10857	0.12820	-0.14361	-0.08301	-0.08448	-0.08884	-0.06573	0.15408	0.00076	0.07762	0.15982	0.05568	0.12974	-0.06689	0.00074	-0.04567	-0.03167	0.04674	-0.05948	(And (Member $e0 get) (Ongoing $e0))
p202697	-0.09242	0.08412	0.15337	-0.07035	0.19105	0.10871	0.10146	0.11350	0.05508	-0.07255	-0.08953	-0.04914	-0.05236	-0.10305	0.12226	-0.13519	-0.07914	-0.07701	-0.08531	-0.06439	0.14266	0.00247	0.07667	0.15050	0.04475	0.12842	-0.06060	0.00269	-0.04451	-0.02922	0.05635	-0.06033	(And (Member $e0 get) (Patient $e0 $x0))
p202698	-0.09648	0.08002	0.15398	-0.07095	0.19304	0.12057	0.09722	0.11992	0.06313	-0.07691	-0.08968	-0.05477	-0.05634	-0.10952	0.12593	-0.14224	-0.08184	-0.08470	-0.08533	-0.06507	0.15159	0.00173	0.07635	0.16664	0.05087	0.12490	-0.06626	0.00647	-0.04199	-0.03040	0.03747	-0.05446	(And (Member $e0 get) (Result $e0 $e1))
p202699	-0.00154	0.00456	0.00004	-0.00838	-0.00274	-0.01350	-0.00993	0.00819	0.00439	-0.00138	0.03533	-0.00073	-0.00603	0.01221	-0.01724	0.00219	0.00741	0.01374	-0.00306	0.00901	-0.01716	-0.01086	-0.01044	-0.01118	-0.00856	-0.00585	0.00519	-0.00834	-0.00415	0.00561	0.02455	-0.00464	(And (Member $e0 kill) (Past $e0))
p202700	-0.02121	-0.02903	0.00462	-0.00606	-0.00725	0.04254	-0.01452	-0.00281	0.01113	-0.01074	0.01874	-0.01049	0.02335	-0.02859	-0.01781	-0.02422	-0.00152	-0.01843	-0.01550	0.00005	0.00437	0.00904	0.00489	0.03267	0.01679	-0.01594	-0.00143	0.04835	0.01960	-0.00172	-0.00068	0.01296	(And (Member $e0 leave) (Past $e0))
p202701	0.00637	-0.00674	-0.00935	-0.00725	0.00204	-0.03049	0.06581	0.02816	-0.01469	-0.00570	-0.01365	0.01331	0.00884	0.01178	0.00572	0.00704	-0.00252	0.01035	0.01452	0.00782	-0.01987	-0.00262	-0.00161	-0.01345	-0.03320	-0.00085	0.00361	0.03403	-0.02379	-0.01410	0.01453	0.00576	(And (Member $e0 need) (Theme $e0 $e1))
p202702	-0.00061	0.00402	-0.00736	0.00568	-0.00940	0.01071	-0.00820	0.01231	0.00545	0.00447	-0.00336	-0.00519	-0.00041	-0.00357	-0.00155	0.01765	-0.00096	-0.00279	0.00712	0.00372	-0.00812	-0.00647	0.00590	-0.01475	-0.01822	-0.01050	0.00666	-0.00882	-0.00175	-0.01236	0.03902	-0.01193	(And (Member $e0 open) (Patient $e0 $x0))
p202703	0.00062	0.00003	0.00915	0.01256	-0.04349	-0.00488	-0.00993	-0.02353	-0.02462	0.01179	0.00300	-0.02252	0.07106	-0.02101	0.01090	-0.02667	-0.03806	0.00548	0.00741	0.08042	0.03593	0.00063	-0.00078	0.02858	-0.00894	-0.00624	0.00266	-0.00197	0.00202	0.01223	-0.00344	0.01541	(And (Member $e0 sell) (Past $e0))
p202704	0.00307	-0.00505	-0.01320	0.00563	-0.00998	-0.01865	-0.00469	-0.00926	-0.01024	-0.00091	-0.02419	0.01194	0.00273	0.01843	-0.00519	-0.00159	-0.00118	0.01153	-0.00888	0.00401	0.01112	-0.00203	-0.00833	0.00237	-0.01271	-0.00270	-0.00150	0.00098	-0.01527	0.00844	0.03605	0.04176	(And (Member $e0 sign) (Patient $e0 $x0))
p202705	0.02620	0.05170	-0.00838	-0.00362	-0.01711	-0.01533	0.00183	-0.00751	-0.00247	-0.01152	-0.00073	0.00917	0.00014	0.03411	0.01179	0.02409	0.01986	0.01014	-0.01405	0.03117	-0.01732	-0.00766	-0.02540	-0.04244	0.02981	-0.00371	-0.00580	0.03318	-0.01837	-0.02452	0.00034	-0.00584	(And (Member $e0 sleep) (Ongoing $e0))
p202706	0.01399	0.03808	-0.00873	-0.00665	-0.00389	-0.00915	-0.01257	0.00208	0.01797	-0.01007	0.00429	-0.01628	-0.00360	0.01309	0.00059	0.02052	0.01196	0.00815	-0.00952	0.02063	0.01155	-0.00023	-0.02140	-0.02998	0.02471	-0.01157	0.01071	0.00581	-0.00438	-0.02252	-0.00391	-0.00480	(And (Member $e0 stand) (Past $e0))
p202707	0.00452	0.05661	0.00075	-0.00783	-0.00134	0.00633	-0.01980	0.00484	-0.00856	-0.01070	0.01104	0.00757	0.00467	-0.00374	-0.00738	0.00209	-0.01059	-0.00452	-0.00618	0.01343	-0.01139	-0.01566	-0.01108	-0.01724	0.03461	0.00242	-0.00667	-0.00867	0.00213	-0.01018	-0.01010	0.00966	(And (Member $e0 study) (Ongoing $e0))
p202708	-0.00341	-0.02181	-0.00119	-0.02371	0.00570	0.04663	-0.02603	0.01208	0.00518	0.00471	0.04664	-0.00461	0.00204	-0.04534	-0.03088	0.00070	-0.01080	-0.01899	-0.00878	-0.00870	-0.00321	-0.00591	0.04353	0.02395	0.01104	-0.01377	-0.00157	0.04726	0.02909	-0.00815	0.01806	-0.01281	(And (Member $e0 turn) (Past $e0))
p202709	-0.02781	0.00343	0.03666	-0.00767	0.00158	-0.01284	0.04760	0.02720	0.01006	-0.00386	0.01942	-0.00544	-0.01742	0.03752	0.00153	0.00568	-0.00155	0.01228	0.01997	-0.00551	-0.00355	-0.00397	0.00316	-0.02831	-0.03956	0.00010	0.00414	0.01344	-0.02775	-0.01746	-0.01056	-0.00320	(And (Member $e0 work) (Past $e0))
p202710	-0.00047	-0.00043	-0.00983	0.13734	-0.05943	0.12312	-0.05807	0.02024	0.07228	-0.00175	-0.07596	-0.05851	0.00357	0.00151	0.08752	0.09126	-0.00064	-0.04838	0.13877	-0.02185	-0.00850	-0.02485	-0.01834	-0.05032	-0.05015	-0.04717	-0.01479	-0.02355	-0.01380	-0.06653	0.03577	-0.00634	(And (Member $x0 apple_harvest) (Patient $e0 $x0))
p202711	0.07685	-0.05045	-0.03900	0.20184	0.03154	0.12709	0.12124	-0.09305	-0.04490	-0.00900	0.19481	0.01378	-0.01733	-0.08491	-0.07392	0.01299	0.06943	-0.07243	-0.11139	0.01332	0.05417	0.00601	-0.08974	-0.03397	0.06964	0.07463	-0.03621	-0.00698	-0.01753	0.08731	-0.04836	-0.01573	(And (Member $x0 budget) (Theme $e0 $x0))
p202712	0.04657	-0.02794	-0.02368	0.09021	0.01729	0.06355	0.07734	-0.03494	-0.02652	-0.01088	0.11422	0.00989	0.01214	-0.04936	-0.03633	0.00885	0.02055	-0.04323	-0.06652	0.02239	0.00130	0.00076	-0.05089	-0.01966	0.02987	0.02043	-0.01191	0.00033	-0.01617	0.04782	-0.02823	0.00617	(And (Member $x0 case) (Theme $e0 $x0))
p202713	0.12513	0.02735	0.15189	0.00365	-0.08554	-0.00603	-0.01786	-0.03116	-0.02990	0.23386	0.00443	-0.02295	-0.04303	-0.04014	-0.10917	0.13318	-0.15893	-0.10590	-0.01652	0.23408	-0.00563	0.07197	-0.10171	0.19238	-0.11001	0.01339	-0.06299	-0.00208	-0.04092	-0.07671	0.00108	0.00300	(And (Member $x0 crate) (Theme $e0 $x0))
p202714	0.04791	0.12494	-0.01738	-0.01227	0.11221	-0.07968	-0.02807	0.02748	-0.01070	0.04361	-0.01076	0.00486	-0.06281	-0.04649	-0.04207	0.03543	-0.01958	-0.03933	0.09373	-0.04110	0.00785	-0.06240	-0.02115	0.04582	-0.09279	0.03426	0.09032	-0.01030	-0.02613	0.08670	0.00314	-0.01641	(And (Member $x0 file) (Member $x0 missing))
p202715	-0.03862	-0.07938	0.03189	-0.02322	-0.06544	0.08801	-0.06986	0.21130	0.01620	0.13510	-0.04038	-0.06616	0.00371	0.20016	-0.08798	-0.02573	-0.04971	-0.05409	-0.03682	-0.04680	-0.03649	0.16759	0.06255	-0.11396	0.14058	-0.05915	-0.07459	-0.01766	-0.12133	0.16295	0.00160	-0.04203	(And (Member $x0 firm) (Possession $x1 $x0))
p202716	0.09617	-0.06305	0.01345	-0.02977	0.04561	-0.07350	-0.03306	-0.03935	0.00985	-0.08923	0.03630	-0.00362	0.01986	0.05360	0.17087	-0.05697	-0.05024	-0.02891	0.12179	-0.02776	-0.02289	0.00204	-0.04927	0.14789	0.10511	-0.04540	-0.03574	-0.02406	-0.01887	0.06082	-0.03931	0.02183	(And (Member $x0 gearbox) (Member $x0 seized))
p202717	-0.07350	0.12197	-0.00952	-0.06338	-0.06737	0.12376	0.13388	-0.15305	0.06154	-0.06618	-0.02806	-0.04713	0.00850	0.12059	-0.08773	0.11398	-0.01802	0.16558	-0.01855	-0.07619	-0.00512	-0.04344	0.03563	0.15865	-0.09756	-0.08215	-0.05041	-0.02982	0.09271	0.10632	0.00034	-0.03855	(And (Member $x0 north_route) (Theme $e0 $x0))
p202718	-0.05211	0.11339	-0.11787	0.06621	-0.01670	-0.07253	-0.00794	0.02162	-0.02348	0.12283	0.08206	-0.01967	0.05858	-0.03918	0.12511	-0.05466	0.09640	0.06886	-0.02688	-0.03804	-0.02104	0.09427	0.08347	0.07159	-0.08379	-0.00853	-0.06235	-0.00036	-0.03248	-0.05232	-0.01466	0.03026	(And (Member $x0 projector) (Theme $e0 $x0))
p202719	0.04483	-0.01780	-0.01406	0.08160	0.00029	0.06320	0.08012	-0.02349	-0.00355	-0.00598	0.09565	0.03249	0.02602	-0.03759	-0.03143	-0.00887	0.00830	-0.04752	-0.06315	0.03128	-0.01520	-0.00959	-0.04380	-0.02078	0.01690	0.00332	-0.00523	0.00191	-0.02371	0.04845	-0.02335	0.01080	(And (Member $x0 roof) (Theme $e0 $x0))
p202721	-0.00201	0.00445	-0.00054	0.02359	-0.01122	0.01109	-0.00140	-0.00361	-0.00197	0.01716	-0.03715	-0.00600	-0.00042	0.00676	0.01024	0.02205	0.00745	-0.00430	0.01391	-0.00692	0.00136	0.00145	0.00223	-0.02201	-0.02332	0.00737	-0.00121	-0.01002	-0.00584	-0.01503	0.04512	-0.01474	(And (Member $x0 shoreline_survey) (Patient $e0 $x0))
p202722	-0.00242	-0.01416	-0.00232	-0.08814	0.04507	0.11325	-0.01466	-0.05879	-0.10371	-0.09256	-0.00695	0.17208	-0.01140	0.02167	-0.05999	-0.02341	0.03947	0.12382	0.14880	0.05738	0.00313	0.18087	-0.03235	-0.02917	0.00229	0.02790	-0.10194	0.00159	-0.03144	-0.08596	0.01192	-0.03388	(And (Member $x0 song) (Theme $e0 $x0))
p202723	0.00204	0.01623	-0.00516	-0.01404	0.00142	0.01422	-0.00744	0.01323	0.01391	-0.01122	0.02594	-0.00755	-0.00591	-0.02392	-0.02545	0.00432	-0.01142	-0.01297	-0.01427	0.01187	-0.00135	0.03145	0.00963	0.00289	0.01301	-0.01437	0.01207	0.00138	0.00938	-0.00732	0.02745	-0.01471	(And (Member $x0 sound) (Patient $e0 $x0))
p202724	-0.03862	-0.07938	0.03189	-0.02322	-0.06544	0.08801	-0.06986	0.21130	0.01620	0.13510	-0.04038	-0.06616	0.00371	0.20016	-0.08798	-0.02573	-0.04971	-0.05409	-0.03682	-0.04680	-0.03649	0.16759	0.06255	-0.11396	0.14058	-0.05915	-0.07459	-0.01766	-0.12133	0.16295	0.00160	-0.04203	(And (Member $x0 tender) (Possession $x0 $x1))
p202725	0.00430	-0.01076	-0.02042	-0.01916	0.05716	-0.01518	-0.00657	0.01314	0.00459	0.01736	0.00441	-0.00795	-0.01715	-0.00171	-0.00366	0.04040	-0.00767	-0.00701	-0.00188	-0.02691	0.00275	0.01384	-0.00435	-0.00152	0.00275	-0.00267	-0.00610	-0.00330	-0.01410	-0.00796	-0.00109	0.00315	(And (Member $x0 tournament) (Theme $e0 $x0))
p202726	0.06948	-0.05367	0.01343	-0.02412	0.03411	-0.06295	-0.02097	-0.03892	0.00227	-0.07393	0.03555	0.00280	0.01845	0.05752	0.14444	-0.05099	-0.01382	-0.01443	0.08109	-0.02171	-0.02893	-0.00418	-0.04589	0.09588	0.08703	-0.03645	-0.02954	-0.01858	-0.01776	0.06034	-0.02244	0.01108	(And (Member $x0 yard_floodlight) (Patient $e0 $x0))
p202727	-0.00675	0.00720	0.00141	-0.01059	0.01132	0.01384	-0.00658	0.00041	-0.00292	-0.01146	0.00343	-0.00852	0.03047	-0.00855	-0.00415	-0.00086	-0.00466	-0.01047	-0.00361	-0.00189	0.00911	-0.00369	-0.00261	0.00403	0.01245	-0.00514	-0.00377	-0.00090	-0.00201	-0.00650	-0.00430	0.00209	(And (PartOf $x0 $x1) (Theme $e0 $x0))
p202728	0.00525	0.03466	0.00246	-0.00103	-0.00727	0.01349	-0.03348	0.00407	0.00205	0.00028	0.00225	-0.00316	-0.01002	-0.01188	-0.02398	0.00549	-0.01681	-0.00316	0.01818	-0.00077	0.01247	-0.00248	0.01136	-0.01402	0.00391	-0.01503	0.00965	-0.00517	0.00381	-0.00141	-0.00162	0.02158	(And (Past $e0) (Stimulus $e0 $e1))
p202729	-0.00619	0.00980	-0.01061	-0.01126	0.00115	-0.00398	-0.02091	0.02850	0.01594	0.00473	0.02982	-0.01422	-0.01842	0.00531	-0.01808	0.01116	-0.01019	0.01387	0.02062	0.00293	0.02055	-0.01948	0.00266	-0.00935	-0.01451	-0.00837	0.01229	-0.01750	-0.00512	-0.00969	0.00521	-0.00848	(And (Past $e0) (Time $e0 (Year <num>)))
p202730	-0.01488	0.00200	0.02110	0.00328	-0.00645	0.00874	-0.01370	0.00340	0.01615	0.00535	0.00547	-0.01497	-0.01055	0.02847	-0.01207	-0.00925	0.03181	0.01666	0.00480	-0.00148	0.01477	-0.02291	-0.01519	-0.01961	-0.01458	-0.00486	-0.00660	0.00660	-0.01509	-0.00263	-0.01135	0.00374	(And (Past $e0) (TimeAtMost $e0 (Year <num>)))
p202731	-0.00047	-0.00043	-0.00983	0.13734	-0.05943	0.12312	-0.05807	0.02024	0.07228	-0.00175	-0.07596	-0.05851	0.00357	0.00151	0.08752	0.09126	-0.00064	-0.04838	0.13877	-0.02185	-0.00850	-0.02485	-0.01834	-0.05032	-0.05015	-0.04717	-0.01479	-0.02355	-0.01380	-0.06653	0.03577	-0.00634	(And (Patient $e0 $x0) (Time $e0 (Month september)))
p202732	-0.00201	0.00445	-0.00054	0.02359	-0.01122	0.01109	-0.00140	-0.00361	-0.00197	0.01716	-0.03715	-0.00600	-0.00042	0.00676	0.01024	0.02205	0.00745	-0.00430	0.01391	-0.00692	0.00136	0.00145	0.00223	-0.02201	-0.02332	0.00737	-0.00121	-0.01002	-0.00584	-0.01503	0.04512	-0.01474	(And (Patient $e0 $x0) (Time $e0 dawn))
p202733	0.07685	-0.05045	-0.03900	0.20184	0.03154	0.12709	0.12125	-0.09305	-0.04490	-0.00900	0.19481	0.01378	-0.01733	-0.08491	-0.07392	0.01299	0.06943	-0.07242	-0.11139	0.01332	0.05417	0.00601	-0.08974	-0.03397	0.06964	0.07463	-0.03620	-0.00698	-0.01752	0.08732	-0.04836	-0.01573	(And (Possession $x0 next_year) (Theme $e0 $x0))
p202797	-0.01026	0.01666	0.00970	-0.00695	0.00353	0.00833	-0.00062	0.00345	0.01117	-0.01082	0.00319	-0.01657	0.01212	0.00359	-0.00050	-0.00007	-0.00148	-0.00733	-0.00342	0.00477	0.02448	0.01198	-0.00205	-0.00961	0.00405	-0.00149	0.01065	-0.00167	-0.00715	-0.01253	0.00790	-0.01312	(During $e0 $e1)
p202798	-0.00397	0.00200	0.00672	-0.00598	0.00298	-0.00565	-0.00178	-0.00036	-0.00227	-0.00022	0.00352	-0.00561	0.00218	-0.00254	0.00135	0.00568	0.00613	0.00892	-0.00241	-0.00175	-0.00927	-0.00393	-0.00414	-0.00693	-0.00647	-0.00090	0.00063	-0.00255	0.00716	-0.00339	0.00478	-0.01107	(GroupOf $x0 book)
p202799	-0.00461	0.04499	0.00945	0.00141	-0.01360	0.02774	-0.02866	0.00723	-0.00028	-0.00850	-0.00698	0.00497	-0.00036	-0.00899	-0.01878	-0.01202	-0.00519	-0.00685	-0.01216	0.01615	-0.00110	-0.01727	-0.00910	-0.00593	0.02033	-0.00699	-0.01162	0.01292	-0.00199	-0.00511	0.00027	0.03668	(GroupOf $x0 boy)
p202800	-0.07350	0.12197	-0.00952	-0.06339	-0.06737	0.12376	0.13388	-0.15305	0.06154	-0.06618	-0.02806	-0.04713	0.00850	0.12059	-0.08774	0.11398	-0.01802	0.16558	-0.01855	-0.07619	-0.00512	-0.04344	0.03563	0.15865	-0.09756	-0.08215	-0.05041	-0.02982	0.09271	0.10632	0.00034	-0.03855	(GroupOf $x0 climber)
p202801	-0.00449	0.00775	0.00027	-0.00626	-0.00582	-0.00654	0.02705	0.01589	-0.00385	-0.00013	-0.00178	0.00332	-0.00039	-0.00795	-0.00556	-0.00257	-0.00462	-0.00490	0.00693	0.00698	-0.01298	0.00276	0.00108	-0.00493	-0.01074	-0.00537	0.01189	-0.00511	0.00134	-0.00766	0.00849	0.01240	(GroupOf $x0 cloud)
p202802	-0.00225	-0.00427	-0.00348	0.00055	-0.00198	-0.00485	0.00074	-0.00549	-0.00531	0.00098	-0.00568	0.00361	-0.00309	0.00122	0.00075	-0.00248	0.00216	0.00191	-0.00496	-0.00090	0.00238	0.00126	-0.00230	0.00407	0.00004	0.00430	-0.00283	-0.00221	0.00045	0.00253	0.00406	0.00449	(GroupOf $x0 flower)
p202803	-0.00025	-0.00552	-0.01941	-0.01718	0.03015	-0.01497	-0.00526	0.01045	0.00335	-0.00448	-0.00136	-0.00477	0.00339	-0.00608	0.00490	0.02744	-0.00926	-0.00319	0.00455	-0.01231	-0.00678	-0.00013	0.00014	0.00615	-0.00219	-0.00822	0.00096	0.00016	-0.00613	-0.01482	-0.00151	0.01334	(GroupOf $x0 sample)
p202804	-0.00263	0.01172	0.00030	0.00506	-0.00723	0.00963	-0.01229	0.01068	0.00875	0.00103	0.00564	-0.00694	-0.00492	0.00108	-0.00084	0.01030	0.00334	-0.00080	0.00712	0.00448	-0.01018	-0.01070	-0.00324	-0.01377	-0.00609	-0.00896	0.00139	-0.00905	-0.00072	-0.01084	0.01370	-0.00610	(Location $e0 here)
p202805	-0.00265	0.01180	-0.00154	-0.01020	-0.00034	-0.00242	-0.01670	0.01459	0.00639	-0.00391	0.01883	-0.00609	-0.00953	0.00741	0.00122	0.00586	-0.01413	0.00459	0.01557	0.00158	0.00830	-0.01498	0.00109	-0.00587	0.00067	-0.00811	0.00342	-0.01125	-0.00396	-0.00904	-0.00854	0.00273	(Measure $e0 duration <num> year)
p202806	-0.01837	-0.01570	0.00150	0.00613	-0.00749	0.04851	-0.01776	0.02088	0.01783	-0.00686	0.00117	-0.01748	0.01416	-0.02532	0.00306	-0.00473	-0.01464	-0.02102	0.00867	-0.00192	0.00445	-0.00671	0.01186	0.02093	-0.00317	-0.01459	-0.00357	0.03209	0.00966	-0.01670	0.01699	-0.00075	(Member $e0 become)
p202807	0.05185	-0.03351	-0.03782	-0.05413	0.04168	-0.06326	-0.06037	0.15007	0.05610	-0.06185	0.00056	-0.08100	0.05775	-0.07674	0.05565	0.06149	-0.08034	0.07803	0.00335	-0.01826	-0.05232	0.03168	-0.04129	-0.05794	-0.01572	-0.04039	-0.01171	0.02075	0.12482	-0.01587	-0.00886	0.08057	(Member $e0 contain)
p202808	0.00036	-0.00101	-0.00203	0.00320	-0.00033	-0.00464	0.00719	-0.00247	0.00152	0.00361	-0.01690	-0.00346	-0.00143	-0.00537	0.00020	0.00964	0.00305	0.00353	-0.00646	-0.00203	-0.00071	0.01723	0.00288	-0.00794	-0.01535	0.00364	0.01059	-0.00931	0.00571	-0.00339	0.04031	-0.01333	(Member $e0 die)
p202809	-0.00264	0.01129	0.00164	-0.00897	-0.00587	-0.01103	0.00083	0.01006	-0.00210	-0.00870	0.02490	0.00556	-0.00310	0.00705	-0.01478	-0.00526	0.00040	0.01050	0.00031	0.01136	-0.01824	-0.01065	-0.01229	-0.00800	-0.00135	-0.00703	-0.00160	-0.00329	-0.00461	0.00198	0.00696	0.01719	(Member $e0 eat)
p202810	0.00177	0.00268	-0.00429	0.04146	-0.02190	0.03460	-0.01721	0.01045	0.02163	0.00003	-0.03214	-0.01972	0.00185	-0.00187	0.02773	0.03521	0.00011	-0.00937	0.03827	-0.00562	-0.00835	-0.00692	-0.00282	-0.02541	-0.02769	-0.01592	-0.00236	-0.01249	0.00088	-0.02527	0.03761	-0.01013	(Member $e0 end)
p202811	-0.00414	0.00884	-0.00876	-0.01928	0.02920	-0.00980	-0.01234	0.01317	-0.00082	-0.00084	-0.00392	-0.00730	0.01208	0.00169	-0.00058	0.02627	-0.00375	-0.00623	0.00212	-0.01288	-0.01157	0.00051	-0.00203	-0.00734	0.00810	-0.00977	-0.00369	-0.00057	-0.01047	-0.01433	-0.00067	0.00766	(Member $e0 examine)
p202812	0.00205	-0.00432	-0.00165	0.00242	-0.00575	-0.01223	-0.00144	-0.00802	-0.00865	0.00319	-0.00150	0.00409	0.00214	0.00645	0.00452	0.00276	0.00516	0.01359	-0.00019	-0.00118	-0.01040	-0.00178	-0.00464	-0.00763	-0.00379	0.00342	-0.00374	0.03681	0.00880	-0.00043	-0.00422	0.00089	(Member $e0 look)
p202813	-0.01411	-0.00360	0.00775	-0.00642	0.00922	0.00518	-0.00486	-0.00484	0.00290	0.00439	-0.00892	-0.00929	0.00253	-0.00381	0.00027	-0.00072	0.01198	0.00210	-0.00272	0.01101	-0.00435	-0.00936	0.00388	-0.00201	-0.00435	-0.00619	0.00151	-0.00005	-0.00470	-0.00033	-0.00345	0.00299	(Member $e0 provide)
p202814	0.00771	0.01936	0.02847	0.01772	-0.01423	-0.02863	-0.00791	0.00305	-0.02055	0.06475	0.00266	-0.00983	0.00539	-0.03780	0.02901	0.02794	0.00781	-0.00719	-0.02297	0.03427	-0.00814	0.01931	-0.01101	0.04745	-0.03352	-0.01192	-0.00851	0.00065	0.01691	-0.00024	0.00064	-0.01238	(Member $e0 purchase)
p202815	-0.00779	-0.01042	-0.00923	-0.00184	-0.00685	0.00865	-0.01238	0.00416	0.00291	-0.00755	-0.00209	-0.01681	0.02820	0.00962	0.00248	-0.00497	-0.01326	0.00107	0.01843	-0.00387	0.02535	-0.00814	-0.00321	0.00243	-0.00320	-0.01071	0.01585	0.00548	-0.00141	-0.01418	-0.00869	0.01041	(Member $e0 say)
p202816	0.00307	-0.00505	-0.01320	0.00563	-0.00998	-0.01865	-0.00469	-0.00926	-0.01024	-0.00091	-0.02419	0.01194	0.00273	0.01843	-0.00519	-0.00159	-0.00118	0.01153	-0.00888	0.00401	0.01112	-0.00203	-0.00833	0.00237	-0.01271	-0.00271	-0.00150	0.00098	-0.01527	0.00844	0.03605	0.04176	(Member $e0 sign)
p202817	0.01399	0.03808	-0.00873	-0.00665	-0.00389	-0.00915	-0.01257	0.00208	0.01797	-0.01007	0.00429	-0.01628	-0.00360	0.01309	0.00059	0.02052	0.01197	0.00815	-0.00952	0.02063	0.01155	-0.00023	-0.02140	-0.02998	0.02471	-0.01157	0.01071	0.00581	-0.00438	-0.02252	-0.00391	-0.00480	(Member $e0 stand)
p202818	-0.03782	0.01311	0.01359	-0.01288	0.02013	-0.03964	0.11484	0.11703	0.01457	-0.02521	0.04131	-0.01050	-0.03601	0.04763	-0.00949	-0.00634	-0.02273	0.01276	0.07366	-0.00080	0.03991	0.00278	-0.00808	-0.01389	-0.07262	0.01609	0.01331	-0.02904	-0.05720	-0.02117	-0.01392	-0.01548	(Member $e0 stop)
p202819	-0.01000	0.05736	0.00905	-0.00441	-0.01437	0.01653	-0.03072	0.01150	0.00133	-0.01222	0.01817	0.00318	-0.00038	-0.01369	-0.01722	-0.01155	-0.01961	-0.00382	-0.01057	0.01254	-0.01642	0.00020	-0.00202	-0.01693	0.02987	-0.01011	0.00873	-0.00520	0.01167	-0.01545	-0.02198	0.04502	(Member $e0 swim)
p202820	-0.02512	-0.00119	0.02455	0.00090	0.00438	0.01560	0.01052	0.02043	0.03002	0.00139	-0.00616	-0.02001	-0.02840	0.00222	-0.00662	-0.01057	0.03229	-0.00025	0.01037	-0.00925	0.00633	-0.00223	-0.00655	-0.00595	-0.02349	-0.00641	-0.00385	-0.00943	-0.00924	-0.01035	-0.01803	0.00280	(Member $e0 travel)
p202821	-0.00488	0.00204	-0.00351	-0.00291	-0.00101	-0.00283	-0.01177	0.01118	0.00680	0.00352	0.01020	-0.00824	-0.01350	0.00702	-0.00669	0.00187	-0.00287	0.00766	0.01362	-0.00143	0.01580	-0.01151	-0.00137	-0.00197	-0.00638	-0.00262	0.00156	0.00195	-0.00360	-0.00488	-0.01388	-0.00254	(Member $e0 want)
p202822	-0.02021	-0.02113	-0.05084	0.04166	0.01107	-0.04500	-0.02180	-0.06249	-0.03699	0.04563	-0.06071	0.00755	-0.03210	0.06139	-0.04687	0.00103	-0.00253	0.05852	-0.00926	-0.03970	0.20104	0.00868	-0.02509	0.01630	-0.00857	0.10847	-0.03271	-0.00503	-0.02863	0.02318	0.03677	0.09144	(Member $x0 afternoon_session)
p202823	-0.00339	-0.00869	-0.02327	-0.00373	0.02091	-0.01937	-0.00728	-0.00809	-0.00545	0.00550	-0.01251	-0.00065	-0.00209	0.00549	-0.00607	0.01970	-0.00577	0.00726	0.00110	-0.01481	0.02716	0.00261	-0.00459	0.00913	-0.00316	0.01293	-0.00541	0.00007	-0.00859	-0.00686	0.00740	0.02638	(Member $x0 airline)
p202824	-0.00047	-0.00043	-0.00983	0.13734	-0.05943	0.12312	-0.05807	0.02024	0.07228	-0.00175	-0.07596	-0.05851	0.00357	0.00151	0.08752	0.09126	-0.00064	-0.04838	0.13877	-0.02185	-0.00850	-0.02485	-0.01834	-0.05032	-0.05015	-0.04717	-0.01479	-0.02355	-0.01380	-0.06653	0.03577	-0.00634	(Member $x0 apple_harvest)
p202825	-0.01293	-0.04942	-0.00088	-0.06190	0.09200	0.09435	-0.01628	-0.00283	0.02496	0.18681	-0.02665	-0.08691	0.00075	-0.09091	0.19169	-0.07222	-0.02158	0.14980	-0.11329	0.10688	-0.01580	-0.18119	-0.02625	-0.09970	-0.00521	-0.07588	0.22201	-0.00790	-0.05249	0.13587	-0.00021	0.01245	(Member $x0 apprentice)
p202826	0.00682	-0.00229	-0.01782	-0.00090	-0.00775	-0.02621	0.05272	0.02221	-0.01568	-0.01389	-0.03202	0.02050	0.01193	0.01469	-0.00034	-0.00293	-0.00588	0.00432	-0.02604	0.02426	0.00038	-0.00440	-0.00442	-0.00259	-0.03171	-0.00872	0.00964	-0.00394	-0.03583	0.00689	0.03980	0.03890	(Member $x0 archive)
p202827	-0.02837	0.02153	0.03363	-0.01589	0.04170	0.04255	0.01683	0.02665	0.03786	-0.00894	-0.01438	0.01261	-0.01196	-0.03419	0.01793	-0.03745	-0.02225	-0.03602	-0.02715	-0.01660	0.02189	-0.00683	0.02247	0.04291	0.01307	0.01628	-0.01809	0.01711	-0.00473	-0.00906	0.01547	-0.01353	(Member $x0 bad)
p202828	-0.00729	-0.00779	0.00553	0.00424	0.00059	0.00633	0.00544	-0.00775	0.00636	-0.00389	-0.00039	-0.00509	-0.00654	-0.00830	-0.00133	-0.00724	0.00827	-0.00842	-0.00892	-0.00279	-0.00065	0.01394	-0.00425	0.00929	-0.00054	-0.00189	0.00548	-0.00490	0.00681	0.00115	-0.00588	-0.00222	(Member $x0 bench)
p202829	-0.01422	-0.01752	0.00258	-0.00910	0.00341	0.02453	-0.00472	0.00393	0.00143	-0.00251	0.00663	-0.00062	-0.00068	-0.02361	-0.00543	-0.01120	-0.00387	-0.01213	-0.01351	-0.00393	-0.00319	0.00433	0.01102	0.02612	0.00863	-0.00034	-0.00856	0.03665	0.01742	-0.00407	0.00499	-0.00295	(Member $x0 black)
p202830	-0.01040	0.00279	0.00035	0.00213	-0.00565	-0.00498	0.00361	-0.02209	0.00094	0.02814	-0.00899	0.04263	0.01346	-0.00139	-0.00593	0.00105	-0.01252	-0.00481	-0.00040	-0.00440	0.03364	-0.01469	0.00627	0.00117	0.02684	0.00283	0.00643	-0.00796	0.00432	-0.00427	0.01716	-0.00610	(Member $x0 blue)
p202831	-0.00339	-0.00365	-0.00050	-0.00108	-0.00132	-0.00301	0.00128	-0.00470	-0.00520	-0.00061	-0.00021	0.00126	-0.00528	-0.00225	0.00159	-0.00399	0.00296	-0.00045	-0.00404	-0.00168	-0.00178	0.00111	-0.00252	0.00488	0.00150	0.00516	-0.00398	-0.00365	0.00296	0.00128	-0.00508	-0.00551	(Member $x0 box)
p202832	0.00056	-0.00657	-0.01401	-0.00940	0.01700	-0.01030	-0.00340	0.00307	-0.00168	-0.00233	-0.00052	-0.00132	0.00595	-0.00237	0.00200	0.01843	-0.00362	-0.00128	0.00192	-0.00746	-0.00857	0.00037	-0.00135	0.00188	-0.00055	-0.00476	-0.00063	0.01206	-0.00294	-0.00809	-0.00249	0.00958	(Member $x0 bridge)
p202833	-0.00602	-0.00172	-0.00672	0.00718	0.04875	-0.02505	-0.00248	0.00054	0.00357	-0.00255	-0.00208	-0.00592	-0.01089	0.01330	-0.00021	0.01094	-0.01198	-0.01160	-0.00239	0.00108	-0.00128	-0.00385	0.01179	0.00964	-0.00681	-0.01360	0.00119	-0.00222	0.01216	-0.01717	-0.00142	0.00208	(Member $x0 caller)
p202834	0.00208	-0.00428	-0.01660	0.00541	-0.00943	-0.01530	-0.00380	-0.00614	-0.01037	0.00093	-0.02997	0.01041	0.00220	0.01312	-0.00173	0.00168	-0.00563	0.00903	-0.00597	0.00227	0.01500	-0.00167	-0.00375	0.00240	-0.01327	-0.00108	-0.00011	0.00035	-0.01371	0.00332	0.03080	0.03818	(Member $x0 chart)
p202835	-0.00294	-0.00077	-0.01021	0.00186	0.07942	-0.03177	-0.00224	-0.00201	0.00564	0.01087	0.00086	-0.00635	-0.02875	0.01391	-0.00186	0.02517	-0.01210	-0.01132	-0.00286	-0.01259	0.00931	-0.00083	0.00778	0.01106	-0.01075	-0.00851	-0.00027	-0.00473	0.00859	-0.02075	-0.00040	-0.00238	(Member $x0 clerk)
p202836	-0.00905	-0.00584	-0.00686	-0.05904	0.03900	0.05311	-0.00964	-0.00942	-0.03320	-0.04129	-0.00274	0.05002	0.00040	-0.01530	-0.01557	-0.01802	0.00716	0.05346	0.05301	0.07576	-0.01226	0.05080	-0.00422	-0.01011	-0.00806	0.00002	-0.02585	-0.00120	-0.02355	-0.03600	0.00093	0.00244	(Member $x0 coach)
p202837	0.02199	-0.00223	0.00248	-0.00647	0.00288	0.00094	0.00138	-0.01188	-0.01158	0.00178	-0.00257	0.00419	0.00244	-0.00647	-0.00266	0.00319	0.00880	-0.00021	-0.00647	-0.00814	-0.00288	0.00114	0.02108	-0.00620	-0.00167	-0.00479	-0.00161	-0.00180	-0.00085	0.00284	0.00789	-0.01400	(Member $x0 corner)
p202838	-0.02067	-0.01993	-0.04597	0.04469	0.00488	-0.04219	-0.01994	-0.06358	-0.03805	0.04578	-0.06092	0.00876	-0.03468	0.06221	-0.04687	-0.00588	0.00039	0.05888	-0.01063	-0.03735	0.20163	0.00856	-0.02494	0.01554	-0.00806	0.11021	-0.03311	-0.00625	-0.02724	0.02673	0.03639	0.08574	(Member $x0 council)
p202839	-0.00574	-0.02680	-0.00245	-0.01175	0.02024	0.00679	-0.01784	0.04454	0.00260	0.04262	-0.00415	-0.01623	-0.01400	0.04018	-0.02093	0.01196	-0.00892	-0.01389	-0.01330	-0.02528	-0.00230	0.04774	0.00455	-0.02787	0.03844	-0.00744	-0.02186	-0.00533	-0.03316	0.03251	-0.00138	-0.01153	(Member $x0 departure)
p202840	-0.00025	-0.00439	-0.00067	0.00100	-0.00373	-0.00420	0.00218	-0.00502	-0.00611	-0.00109	-0.00086	0.00257	0.00650	0.00261	0.00142	-0.00349	0.00139	0.00128	-0.00135	-0.00032	-0.00633	0.00014	-0.00242	0.00024	0.00174	0.00376	-0.00203	0.00995	-0.00041	0.00147	-0.00315	-0.00249	(Member $x0 difficult)
p202841	0.13681	0.01851	-0.13547	-0.05319	-0.03492	0.10846	-0.05429	0.13918	-0.07167	0.05059	-0.02224	0.05186	0.04358	0.13042	-0.07284	-0.07363	0.15004	-0.09818	0.02392	0.00889	-0.03816	-0.11876	-0.12131	0.09933	-0.07436	0.13167	0.14427	-0.01917	0.11003	-0.11320	-0.00219	-0.00856	(Member $x0 diver)
p202842	0.00089	0.00272	-0.00697	0.15584	-0.06087	0.12731	-0.06314	0.02578	0.07392	-0.01104	-0.07398	-0.06031	0.00317	0.00267	0.08892	0.08630	-0.00382	-0.05225	0.16075	-0.02476	-0.00770	-0.02387	-0.02514	-0.04848	-0.05077	-0.04820	-0.01785	-0.02338	-0.01648	-0.06525	0.02451	-0.00397	(Member $x0 dress_rehearsal)
p202843	-0.02357	0.00596	0.02119	0.05666	0.05967	-0.03264	-0.00378	-0.00307	0.00642	-0.01409	-0.00873	-0.01354	-0.01507	0.05963	-0.00828	-0.03477	-0.01447	-0.02372	-0.01152	0.04047	-0.00334	-0.01900	0.03671	0.00554	-0.01312	-0.03330	0.00392	-0.00238	0.04397	-0.02152	-0.00329	-0.00530	(Member $x0 driver)
p202844	-0.00069	-0.00772	0.00097	-0.00006	-0.00722	0.00099	0.00274	0.00350	-0.00498	-0.00245	-0.00087	-0.00059	0.01637	0.00764	-0.00124	-0.00964	-0.00308	-0.00329	-0.00383	-0.00034	-0.00923	0.00698	-0.00016	-0.00321	0.01037	0.00096	-0.00355	-0.00113	-0.00651	0.00714	-0.00197	-0.00441	(Member $x0 easy)
p202845	0.00095	-0.00765	-0.02424	-0.02163	0.03935	-0.01714	-0.00645	0.01340	0.00659	-0.00678	0.00014	-0.00667	0.00382	-0.01149	0.00606	0.03565	-0.01288	-0.00558	0.00625	-0.01518	-0.00828	0.00012	0.00109	0.00995	-0.00247	-0.01205	0.00207	0.00043	-0.00583	-0.01910	-0.00187	0.01701	(Member $x0 editor)
p202846	-0.00339	-0.00869	-0.02327	-0.00373	0.02091	-0.01937	-0.00728	-0.00809	-0.00545	0.00550	-0.01251	-0.00065	-0.00209	0.00549	-0.00607	0.01970	-0.00577	0.00726	0.00110	-0.01481	0.02716	0.00261	-0.00459	0.00913	-0.00316	0.01293	-0.00541	0.00007	-0.00859	-0.00686	0.00740	0.02638	(Member $x0 evening_flight)
p202847	0.04791	0.12494	-0.01738	-0.01227	0.11221	-0.07968	-0.02807	0.02748	-0.01070	0.04361	-0.01076	0.00486	-0.06281	-0.04649	-0.04207	0.03543	-0.01958	-0.03933	0.09373	-0.04110	0.00785	-0.06240	-0.02115	0.04582	-0.09279	0.03426	0.09032	-0.01030	-0.02613	0.08670	0.00314	-0.01641	(Member $x0 file)
p202848	-0.03862	-0.07938	0.03189	-0.02322	-0.06544	0.08801	-0.06986	0.21130	0.01620	0.13510	-0.04038	-0.06616	0.00371	0.20016	-0.08798	-0.02573	-0.04971	-0.05409	-0.03682	-0.04680	-0.03649	0.16759	0.06255	-0.11396	0.14058	-0.05915	-0.07459	-0.01766	-0.12133	0.16295	0.00160	-0.04203	(Member $x0 firm)
p202849	0.00472	-0.00309	-0.01325	-0.00275	-0.00309	-0.02035	0.04862	0.02224	-0.01188	-0.01249	-0.02501	0.01557	0.00922	0.00803	0.00307	-0.00198	-0.00551	0.00090	-0.02138	0.01848	-0.00207	-0.00284	-0.00108	-0.00075	-0.02600	-0.00790	0.00838	-0.00460	-0.02903	0.00410	0.02996	0.02782	(Member $x0 flood)
p202850	0.00472	-0.00309	-0.01325	-0.00275	-0.00309	-0.02035	0.04862	0.02224	-0.01188	-0.01249	-0.02501	0.01557	0.00922	0.00803	0.00307	-0.00198	-0.00551	0.00090	-0.02138	0.01848	-0.00207	-0.00284	-0.00108	-0.00075	-0.02600	-0.00790	0.00838	-0.00460	-0.02903	0.00410	0.02996	0.02782	(Member $x0 footbridge)
p202851	-0.00269	0.00826	0.00197	-0.00181	0.00007	-0.00120	0.00111	-0.00296	-0.00555	-0.00020	-0.00442	0.00224	-0.00310	-0.00139	0.00203	-0.00220	0.00218	-0.00069	-0.00537	-0.00011	-0.00114	-0.00026	-0.00088	-0.00154	0.00636	0.00736	-0.00353	-0.00608	0.00135	-0.00128	0.00463	-0.00749	(Member $x0 fridge)
p202852	-0.00338	-0.00494	-0.00093	-0.00134	-0.00021	-0.00355	0.00171	-0.00551	-0.00441	0.00081	0.00091	0.00107	-0.00479	-0.00163	0.00139	-0.00302	0.00395	0.00110	-0.00450	-0.00207	-0.00050	0.00213	-0.00217	0.00462	0.00350	0.00579	-0.00362	-0.00297	0.00433	0.00118	-0.00420	-0.00493	(Member $x0 full)
p202853	-0.07156	-0.03629	-0.09801	-0.04485	-0.06009	-0.03671	-0.02330	0.00281	0.09993	-0.03106	-0.01006	-0.06026	0.01764	-0.07448	-0.02981	0.05585	0.08899	-0.03619	0.05372	0.09489	-0.02344	-0.02864	0.10231	0.04342	0.04600	0.13869	-0.01223	-0.00576	-0.03802	0.06389	-0.00208	0.00852	(Member $x0 gallery)
p202854	0.09617	-0.06305	0.01345	-0.02977	0.04561	-0.07350	-0.03306	-0.03935	0.00985	-0.08923	0.03630	-0.00362	0.01986	0.05360	0.17087	-0.05697	-0.05024	-0.02891	0.12179	-0.02776	-0.02289	0.00204	-0.04927	0.14789	0.10511	-0.04540	-0.03574	-0.02406	-0.01887	0.06082	-0.03931	0.02183	(Member $x0 gearbox)
p202855	-0.05212	-0.02570	-0.07933	-0.04119	-0.04012	-0.02893	-0.01624	0.00825	0.07113	-0.02998	-0.00692	-0.03977	0.01472	-0.06375	-0.01668	0.04707	0.06656	-0.03936	0.04339	0.09694	-0.02148	-0.02451	0.07171	0.03132	0.02695	0.09064	-0.00651	-0.00572	-0.03299	0.05451	-0.00094	0.00889	(Member $x0 generator)
p202856	0.00573	-0.00247	-0.01293	0.00212	-0.01267	-0.02347	0.05330	0.01948	-0.01592	-0.01196	-0.03271	0.02055	0.00873	0.01509	0.00184	-0.00838	-0.00438	0.00493	-0.02601	0.02484	0.00259	-0.00410	-0.00318	-0.00230	-0.03068	-0.00672	0.00918	-0.00462	-0.03369	0.00903	0.03895	0.03420	(Member $x0 greenhouse)
p202857	0.00519	-0.00572	0.00217	0.00294	-0.00347	-0.00331	0.00509	-0.00240	-0.00212	-0.00649	0.00077	-0.00323	0.02275	0.00162	0.00188	-0.00912	-0.00492	0.00390	-0.00179	0.00053	-0.00991	0.00401	-0.00432	-0.00126	0.00785	0.00743	-0.00142	0.00023	-0.00263	0.00147	-0.00136	-0.00259	(Member $x0 hard)
p202858	0.04791	0.12494	-0.01738	-0.01227	0.11221	-0.07968	-0.02807	0.02748	-0.01070	0.04361	-0.01076	0.00486	-0.06281	-0.04649	-0.04207	0.03543	-0.01958	-0.03933	0.09373	-0.04110	0.00785	-0.06240	-0.02115	0.04582	-0.09279	0.03426	0.09032	-0.01030	-0.02613	0.08670	0.00314	-0.01641	(Member $x0 intern)
p202859	0.00144	-0.00639	-0.01859	-0.01853	0.02872	-0.01367	-0.00495	0.00428	0.00550	-0.01016	0.00114	-0.00768	0.00564	-0.01293	0.00496	0.02629	-0.01156	0.00610	0.00233	-0.01435	-0.00776	0.00028	-0.00029	0.00883	-0.00256	-0.01103	-0.00018	0.00201	0.00947	-0.01056	-0.00298	0.01451	(Member $x0 lane)
p202860	-0.00193	0.01482	0.01269	-0.00180	-0.00332	-0.00095	-0.00424	-0.00570	-0.00837	-0.00564	0.00436	0.00067	0.01473	0.01111	-0.00618	-0.00778	0.01259	-0.00078	-0.00847	0.00404	-0.01513	-0.00304	-0.01162	-0.01198	0.01438	-0.00000	-0.00688	-0.00312	-0.00750	0.00542	0.00264	-0.00645	(Member $x0 language)
p202861	-0.00114	-0.00143	-0.00239	0.00220	-0.00413	-0.00227	0.00108	-0.00168	-0.00557	0.00345	-0.01211	0.00271	-0.00082	0.00112	0.00231	0.00362	0.00244	0.00154	-0.00277	0.00002	-0.00339	-0.00059	0.00105	-0.00406	-0.00766	0.00179	-0.00032	0.00788	-0.00199	-0.00171	0.01230	0.00139	(Member $x0 last)
p202862	0.02181	-0.00139	0.03331	0.02708	0.00257	-0.02200	-0.00238	0.00251	0.02752	0.02736	-0.00657	-0.02823	-0.01027	0.00967	-0.00682	-0.00248	-0.01850	0.04882	-0.01106	-0.00530	-0.01191	0.00460	-0.02552	-0.02450	-0.00372	0.03907	-0.01208	0.01158	-0.00986	-0.00895	-0.00443	-0.00546	(Member $x0 lathe)
p202863	0.00025	-0.00609	-0.02039	-0.01997	0.03573	-0.01679	-0.00477	0.01203	0.00708	-0.00532	-0.00035	-0.00475	-0.00081	-0.01092	0.00777	0.03102	-0.01081	-0.00482	0.00586	-0.01399	-0.00659	-0.00072	0.00160	0.01127	-0.00338	-0.00987	0.00214	-0.00095	-0.00457	-0.01783	-0.00202	0.01270	(Member $x0 loan_application)
p202864	0.00089	0.00272	-0.00697	0.15584	-0.06087	0.12731	-0.06314	0.02578	0.07392	-0.01104	-0.07398	-0.06031	0.00317	0.00267	0.08892	0.08630	-0.00382	-0.05225	0.16075	-0.02476	-0.00770	-0.02387	-0.02514	-0.04848	-0.05076	-0.04820	-0.01785	-0.02338	-0.01648	-0.06524	0.02451	-0.00397	(Member $x0 lunch)
p202865	-0.02113	0.00508	0.01740	0.05558	0.06023	-0.03702	-0.00008	-0.00556	0.00106	-0.01552	-0.00785	-0.00995	-0.01168	0.05842	-0.00678	-0.03467	-0.01918	-0.02395	-0.01244	0.04101	-0.00344	-0.01569	0.03799	0.00796	-0.01054	-0.02967	0.00508	-0.00242	0.04515	-0.01965	-0.00070	-0.00831	(Member $x0 manifest)
p202866	0.00095	-0.00765	-0.02424	-0.02163	0.03935	-0.01714	-0.00645	0.01340	0.00659	-0.00678	0.00014	-0.00667	0.00382	-0.01149	0.00606	0.03565	-0.01288	-0.00558	0.00626	-0.01518	-0.00828	0.00012	0.00109	0.00995	-0.00247	-0.01205	0.00207	0.00043	-0.00583	-0.01910	-0.00187	0.01701	(Member $x0 manuscript)
p202867	0.04791	0.12494	-0.01738	-0.01227	0.11221	-0.07968	-0.02807	0.02748	-0.01070	0.04361	-0.01076	0.00486	-0.06281	-0.04649	-0.04207	0.03543	-0.01958	-0.03933	0.09373	-0.04110	0.00785	-0.06240	-0.02115	0.04582	-0.09279	0.03426	0.09032	-0.01030	-0.02613	0.08670	0.00314	-0.01641	(Member $x0 missing)
p202868	-0.04266	-0.03147	-0.06142	-0.02822	-0.02357	-0.02649	-0.01403	0.01812	0.06623	-0.02562	-0.00442	-0.04610	0.02922	-0.04651	-0.00671	0.02682	0.04054	-0.01663	0.01757	0.02578	-0.01961	-0.01808	0.05058	0.02467	0.03830	0.06342	-0.00075	-0.00175	-0.01578	0.03965	-0.00424	0.01311	(Member $x0 neighbour)
p202869	-0.07350	0.12197	-0.00952	-0.06339	-0.06737	0.12376	0.13388	-0.15305	0.06154	-0.06618	-0.02806	-0.04713	0.00850	0.12059	-0.08774	0.11398	-0.01802	0.16558	-0.01855	-0.07619	-0.00512	-0.04344	0.03563	0.15865	-0.09756	-0.08215	-0.05041	-0.02982	0.09271	0.10632	0.00034	-0.03855	(Member $x0 north_route)
p202870	-0.00159	0.00387	-0.00402	-0.00481	-0.00737	0.00523	0.00123	-0.00327	-0.00656	-0.01189	-0.00761	0.00641	0.00449	-0.02114	-0.00751	-0.00662	-0.02132	-0.01275	-0.00595	0.00096	-0.00252	0.02248	0.00972	0.00883	-0.00213	-0.00982	0.02686	-0.00174	0.01376	-0.00414	0.00285	0.03497	(Member $x0 nurse)
p202871	-0.05169	-0.02656	-0.06883	-0.03201	-0.04259	-0.02418	-0.01490	-0.00501	0.06397	-0.02140	-0.00807	-0.04248	0.02429	-0.04872	-0.02209	0.03723	0.05841	-0.02650	0.04058	0.06512	-0.00914	-0.02322	0.07379	0.03365	0.03463	0.09540	-0.00475	-0.00509	-0.03930	0.04331	-0.00162	0.00654	(Member $x0 painting)
p202872	0.00034	-0.00657	-0.01952	-0.01741	0.03121	-0.01413	-0.00492	0.01033	0.00459	-0.00546	0.00001	-0.00513	0.00242	-0.00931	0.00539	0.02811	-0.00979	-0.00449	0.00466	-0.01229	-0.00698	0.00020	0.00061	0.00872	-0.00183	-0.00885	0.00117	-0.00018	-0.00442	-0.01509	-0.00222	0.01289	(Member $x0 panel)
p202873	0.05231	-0.00292	0.05044	0.03048	0.00269	-0.02686	0.00457	0.01473	0.04772	0.00349	-0.00215	-0.02060	0.02754	-0.00279	-0.00553	-0.02447	-0.04051	0.05896	-0.01350	-0.00538	-0.03164	0.01853	-0.03414	-0.03470	0.00413	0.05462	-0.01859	0.00423	-0.00098	-0.01045	-0.00170	-0.00401	(Member $x0 permit)
p202874	-0.01293	-0.04942	-0.00088	-0.06190	0.09200	0.09435	-0.01628	-0.00283	0.02496	0.18681	-0.02665	-0.08691	0.00075	-0.09091	0.19169	-0.07222	-0.02158	0.14979	-0.11329	0.10688	-0.01580	-0.18119	-0.02625	-0.09970	-0.00521	-0.07588	0.22201	-0.00790	-0.05249	0.13587	-0.00021	0.01245	(Member $x0 potter)
p202875	-0.05211	0.11339	-0.11787	0.06621	-0.01670	-0.07253	-0.00794	0.02162	-0.02348	0.12283	0.08206	-0.01967	0.05858	-0.03918	0.12511	-0.05466	0.09640	0.06886	-0.02688	-0.03804	-0.02104	0.09427	0.08347	0.07159	-0.08379	-0.00853	-0.06235	-0.00036	-0.03248	-0.05232	-0.01466	0.03026	(Member $x0 projector)
p202876	0.00033	-0.00655	-0.01949	-0.01740	0.03123	-0.01410	-0.00491	0.01034	0.00461	-0.00544	0.00001	-0.00513	0.00243	-0.00928	0.00539	0.02812	-0.00977	-0.00447	0.00468	-0.01229	-0.00697	0.00022	0.00064	0.00873	-0.00181	-0.00884	0.00119	-0.00017	-0.00440	-0.01508	-0.00221	0.01290	(Member $x0 proposal)
p202877	-0.00294	-0.00077	-0.01021	0.00186	0.07942	-0.03177	-0.00224	-0.00201	0.00564	0.01087	0.00086	-0.00635	-0.02875	0.01391	-0.00186	0.02517	-0.01210	-0.01132	-0.00286	-0.01259	0.00931	-0.00083	0.00778	0.01106	-0.01075	-0.00851	-0.00027	-0.00473	0.00859	-0.02075	-0.00040	-0.00238	(Member $x0 query)
p202878	-0.01139	-0.01178	-0.01118	-0.02080	0.01498	0.00566	-0.00684	0.03354	0.00815	0.00124	-0.00895	-0.01545	0.00660	0.02288	-0.00906	0.01882	-0.01557	-0.00879	-0.00117	-0.01993	-0.01197	0.01991	0.01355	-0.00256	0.01064	-0.02204	-0.01075	-0.00433	-0.02176	0.01498	-0.00124	0.00433	(Member $x0 rescue_team)
p202879	-0.00154	-0.00678	-0.02552	-0.02316	0.04751	-0.02531	-0.00380	0.01027	0.00720	-0.00396	-0.00431	-0.00772	-0.00175	-0.00911	0.00859	0.03931	-0.01290	-0.00117	0.00805	-0.02001	-0.00050	-0.00133	0.00016	0.01347	-0.00773	-0.00749	0.00250	-0.00045	-0.00892	-0.02343	-0.00010	0.01777	(Member $x0 scan)
p202880	0.09617	-0.06305	0.01345	-0.02977	0.04561	-0.07350	-0.03306	-0.03935	0.00985	-0.08923	0.03630	-0.00362	0.01986	0.05360	0.17087	-0.05697	-0.05024	-0.02891	0.12179	-0.02776	-0.02289	0.00204	-0.04927	0.14789	0.10511	-0.04540	-0.03574	-0.02406	-0.01887	0.06082	-0.03931	0.02183	(Member $x0 seized)
p202881	-0.00201	0.00445	-0.00054	0.02358	-0.01122	0.01109	-0.00140	-0.00361	-0.00197	0.01716	-0.03715	-0.00600	-0.00042	0.00676	0.01024	0.02205	0.00745	-0.00430	0.01391	-0.00692	0.00136	0.00145	0.00223	-0.02201	-0.02332	0.00737	-0.00121	-0.01002	-0.00585	-0.01503	0.04512	-0.01474	(Member $x0 shoreline_survey)
p202882	0.00104	0.00124	-0.00068	0.00085	-0.00086	0.00341	-0.00319	0.00454	0.00065	0.00183	-0.00167	-0.00446	0.00230	0.00250	0.00122	0.00525	-0.00312	-0.00811	-0.00237	0.00149	-0.00628	0.01378	-0.00307	-0.00206	0.01172	-0.00257	-0.00023	-0.00406	-0.00189	-0.00036	-0.00225	-0.00116	(Member $x0 small)
p202883	-0.02067	-0.01993	-0.04597	0.04469	0.00488	-0.04219	-0.01994	-0.06358	-0.03805	0.04578	-0.06092	0.00876	-0.03468	0.06221	-0.04687	-0.00588	0.00039	0.05888	-0.01063	-0.03735	0.20163	0.00856	-0.02494	0.01554	-0.00806	0.11022	-0.03311	-0.00625	-0.02724	0.02673	0.03639	0.08574	(Member $x0 summer_fair)
p202884	-0.06479	0.01737	0.11666	-0.07279	-0.04833	0.03249	-0.00671	-0.05763	-0.05513	0.00646	0.14265	0.06707	0.01580	0.12947	0.11425	0.12126	-0.10924	-0.00449	-0.01141	-0.02485	-0.05680	-0.04270	0.11105	-0.13313	-0.02469	0.14120	0.03161	0.00323	-0.02153	-0.08819	-0.02064	0.01369	(Member $x0 survey)
p202885	-0.03862	-0.07938	0.03189	-0.02322	-0.06544	0.08801	-0.06986	0.21130	0.01620	0.13510	-0.04038	-0.06616	0.00371	0.20016	-0.08798	-0.02573	-0.04971	-0.05409	-0.03682	-0.04680	-0.03649	0.16759	0.06255	-0.11396	0.14058	-0.05915	-0.07459	-0.01766	-0.12133	0.16295	0.00160	-0.04203	(Member $x0 tender)
p202886	0.00430	-0.01076	-0.02042	-0.01917	0.05716	-0.01518	-0.00657	0.01314	0.00459	0.01736	0.00441	-0.00795	-0.01715	-0.00171	-0.00366	0.04039	-0.00767	-0.00701	-0.00189	-0.02691	0.00275	0.01384	-0.00435	-0.00152	0.00274	-0.00267	-0.00610	-0.00330	-0.01410	-0.00796	-0.00109	0.00315	(Member $x0 tournament)
p202887	-0.00446	-0.01307	-0.00589	-0.00328	-0.00711	0.01551	-0.01528	0.00849	0.00792	0.00741	0.00740	-0.00574	-0.00744	0.00317	-0.00964	0.00443	0.00587	0.00252	-0.00277	0.00022	0.00126	-0.00877	0.00272	0.00011	-0.00090	-0.01470	-0.00640	0.04572	0.00123	-0.00863	-0.00751	0.01003	(Member $x0 train)
p202888	-0.02021	-0.02113	-0.05084	0.04166	0.01107	-0.04500	-0.02180	-0.06249	-0.03699	0.04563	-0.06071	0.00755	-0.03210	0.06139	-0.04687	0.00103	-0.00253	0.05852	-0.00926	-0.03970	0.20104	0.00868	-0.02509	0.01630	-0.00857	0.10847	-0.03271	-0.00503	-0.02863	0.02318	0.03677	0.09144	(Member $x0 tutor)
p202889	-0.00602	-0.00172	-0.00672	0.00718	0.04875	-0.02505	-0.00248	0.00054	0.00357	-0.00255	-0.00208	-0.00592	-0.01089	0.01330	-0.00021	0.01094	-0.01198	-0.01160	-0.00239	0.00108	-0.00128	-0.00385	0.01179	0.00964	-0.00681	-0.01360	0.00119	-0.00222	0.01216	-0.01717	-0.00142	0.00208	(Member $x0 vet)
p202890	0.01066	-0.01491	-0.02005	0.01419	0.03545	0.00359	0.00826	-0.01086	-0.00235	0.00323	0.02566	-0.00307	-0.00553	-0.01824	-0.00888	0.02875	0.00690	-0.01408	-0.01552	-0.01348	0.00274	0.00718	-0.01300	-0.00180	0.01438	0.00299	-0.00592	-0.00020	-0.00489	0.00481	-0.00699	0.00296	(Member $x0 vote)
p202891	0.00928	-0.00073	-0.00629	-0.00612	0.00544	-0.00161	-0.00294	0.00185	-0.00313	-0.00144	0.00090	0.00079	-0.00326	-0.00431	-0.00060	0.00526	-0.00333	0.00027	0.00135	-0.00478	0.00076	-0.00199	0.00932	0.00035	-0.00184	-0.00509	0.00001	-0.00286	-0.00202	-0.00080	-0.00403	-0.00029	(Member $x0 way)
p202892	0.00037	0.01044	0.00607	-0.00599	-0.00402	-0.01378	-0.00344	-0.00170	-0.00001	-0.00633	0.02444	0.00440	-0.00234	0.01032	-0.01514	-0.00680	0.01697	0.00869	-0.01468	0.01362	-0.01999	-0.00844	-0.01506	-0.00541	0.00079	0.00125	-0.00129	-0.00780	-0.00582	0.01095	0.03153	-0.00006	(Member $x0 wind)
p202893	-0.02190	-0.01698	0.01046	0.01473	-0.00187	0.02229	-0.00033	-0.01221	0.03994	-0.00819	-0.01740	-0.01997	-0.01427	-0.01348	0.00207	-0.00085	0.01283	-0.01872	0.00168	-0.01368	0.00863	0.03424	-0.00183	0.01960	-0.00935	-0.00613	0.01114	-0.01075	0.01198	-0.01097	-0.00085	0.00500	(Member $x0 world)
p202894	-0.01444	-0.00871	0.01930	-0.00089	0.00067	0.00343	0.00396	-0.02250	-0.00663	-0.00338	-0.01639	-0.01587	0.03541	-0.00031	0.00029	-0.00771	0.00845	-0.00590	0.00106	-0.00744	0.01444	0.01060	-0.00052	0.00433	-0.00064	-0.00502	0.00736	-0.00261	-0.00340	-0.00086	0.00331	-0.01270	(Of $x0 $x1)
p202895	-0.00154	-0.00678	-0.02552	-0.02316	0.04751	-0.02531	-0.00380	0.01027	0.00720	-0.00396	-0.00431	-0.00772	-0.00175	-0.00911	0.00859	0.03931	-0.01290	-0.00117	0.00805	-0.02001	-0.00050	-0.00133	0.00016	0.01347	-0.00773	-0.00749	0.00250	-0.00045	-0.00892	-0.02343	-0.00010	0.01777	(Ordinal $x0 <num> scan)
p202896	0.02992	0.00165	0.00665	-0.00566	-0.00617	0.02078	-0.01245	0.00254	0.00565	0.00153	-0.00400	-0.00360	-0.01345	-0.00785	-0.01080	0.00027	0.01565	0.00615	-0.00998	-0.00858	-0.00716	-0.00560	0.02800	-0.01776	-0.00690	-0.02207	-0.00723	-0.00025	0.00459	0.00649	-0.00118	0.00308	(Over $e0 $x0)
p202897	-0.00189	0.00010	-0.00283	-0.00412	-0.00289	-0.00221	-0.00524	0.00252	0.02109	0.01238	0.00673	0.01852	0.01572	0.01454	-0.00625	-0.00763	-0.00804	-0.00185	0.00574	-0.00348	0.00315	-0.01392	0.00110	-0.00813	-0.00223	-0.00417	0.00571	0.00710	-0.01032	0.00064	0.00180	-0.00160	(Still $e0)
p202898	-0.01293	-0.04942	-0.00088	-0.06190	0.09200	0.09435	-0.01628	-0.00283	0.02496	0.18681	-0.02665	-0.08691	0.00075	-0.09091	0.19169	-0.07222	-0.02158	0.14980	-0.11329	0.10688	-0.01580	-0.18119	-0.02625	-0.09970	-0.00521	-0.07588	0.22201	-0.00790	-0.05249	0.13587	-0.00021	0.01245	(Theme $e0 glazing)
p202899	-0.00047	-0.00043	-0.00983	0.13734	-0.05943	0.12312	-0.05807	0.02024	0.07228	-0.00175	-0.07596	-0.05851	0.00357	0.00151	0.08752	0.09126	-0.00064	-0.04838	0.13877	-0.02185	-0.00850	-0.02485	-0.01834	-0.05032	-0.05015	-0.04717	-0.01479	-0.02355	-0.01380	-0.06653	0.03577	-0.00634	(Time $e0 (Month september))
p202900	-0.00617	0.00981	-0.01060	-0.01125	0.00116	-0.00397	-0.02090	0.02851	0.01596	0.00475	0.02983	-0.01420	-0.01840	0.00532	-0.01806	0.01117	-0.01018	0.01388	0.02064	0.00294	0.02056	-0.01947	0.00267	-0.00934	-0.01450	-0.00835	0.01230	-0.01749	-0.00511	-0.00968	0.00522	-0.00847	(Time $e0 (Year <num>))
p202901	-0.00201	0.00445	-0.00054	0.02359	-0.01122	0.01109	-0.00140	-0.00361	-0.00197	0.01716	-0.03715	-0.00600	-0.00042	0.00676	0.01025	0.02205	0.00745	-0.00430	0.01391	-0.00692	0.00136	0.00145	0.00223	-0.02201	-0.02332	0.00737	-0.00121	-0.01002	-0.00584	-0.01503	0.04512	-0.01474	(Time $e0 dawn)
p202902	0.00135	-0.00571	-0.00164	0.00399	-0.00686	-0.00942	0.00301	-0.01274	-0.01133	0.00662	-0.01239	-0.00065	0.02322	0.02182	0.00203	0.00974	0.01591	0.01058	0.00161	-0.00106	-0.00568	-0.00866	-0.00773	-0.02090	-0.00813	-0.00246	0.00049	0.03756	-0.01026	-0.00879	0.01214	-0.00866	(Time $e0 today)
p202903	-0.01495	0.00191	0.02095	0.00321	-0.00655	0.00867	-0.01377	0.00333	0.01608	0.00527	0.00541	-0.01505	-0.01063	0.02838	-0.01214	-0.00933	0.03175	0.01656	0.00470	-0.00152	0.01467	-0.02300	-0.01529	-0.01967	-0.01464	-0.00495	-0.00666	0.00653	-0.01515	-0.00272	-0.01143	0.00366	(TimeAtMost $e0 (Year <num>))
p202904	-0.00113	-0.00292	0.00083	-0.00157	-0.00065	-0.00263	0.00090	-0.00067	-0.00107	-0.00357	-0.00084	-0.00241	-0.00352	-0.00406	0.00595	-0.00276	0.00072	0.00512	-0.00333	-0.00178	-0.00155	0.00089	-0.00278	0.00239	-0.00022	0.00383	-0.00411	-0.00292	0.00910	0.00112	-0.00410	-0.00345	(Yet $e0)
p202913	-0.04624	0.10417	-0.10764	0.05999	-0.00809	-0.06656	-0.00729	0.02998	-0.01979	0.11467	0.07449	-0.01036	0.03886	-0.03451	0.10912	-0.04599	0.09453	0.06220	-0.02825	-0.04946	-0.02386	0.08722	0.07546	0.06266	-0.07580	-0.00815	-0.05692	0.00030	-0.02913	-0.04700	-0.01316	0.02570	(And (Agent $e0 $x0) (Beneficiary $e0 $x1) (Member $x2 projector) (Theme $e0 $x2))
p202914	-0.00925	0.00988	-0.00907	-0.00860	-0.03227	-0.03536	-0.01803	0.10352	-0.07301	-0.05073	0.02315	0.12900	-0.02199	-0.06514	0.11832	0.03854	0.04651	-0.04544	-0.02622	0.02643	0.08013	0.04410	-0.02145	-0.05624	-0.04719	-0.03175	-0.05966	-0.00530	0.12865	0.09291	0.00240	0.00358	(And (Agent $e0 $x0) (Cardinality $x1 <num>) (Member $e0 buy) (Theme $e0 $x1))
p202915	0.11247	0.02557	0.13944	0.00376	-0.07008	-0.00846	-0.01516	-0.02331	-0.02471	0.21148	0.00387	-0.01520	-0.05164	-0.03628	-0.09777	0.12922	-0.14063	-0.09454	-0.01859	0.19357	-0.00973	0.06662	-0.08957	0.17271	-0.09895	0.01032	-0.05723	-0.00133	-0.03552	-0.06994	0.00159	0.00017	(And (Agent $e0 $x0) (GroupOf $x1 lemon) (Member $x0 chef) (Theme $e0 $x1))
p202916	0.11247	0.02557	0.13944	0.00376	-0.07008	-0.00846	-0.01516	-0.02331	-0.02471	0.21148	0.00387	-0.01520	-0.05164	-0.03628	-0.09777	0.12922	-0.14063	-0.09454	-0.01859	0.19357	-0.00973	0.06662	-0.08957	0.17271	-0.09895	0.01032	-0.05723	-0.00133	-0.03552	-0.06994	0.00159	0.00017	(And (Agent $e0 $x0) (GroupOf $x1 lemon) (Member $x1 crate) (Theme $e0 $x1))
p202917	0.11248	0.02557	0.13944	0.00376	-0.07008	-0.00846	-0.01516	-0.02331	-0.02471	0.21148	0.00387	-0.01520	-0.05164	-0.03628	-0.09777	0.12922	-0.14063	-0.09454	-0.01859	0.19357	-0.00973	0.06662	-0.08957	0.17271	-0.09895	0.01032	-0.05723	-0.00133	-0.03552	-0.06994	0.00159	0.00017	(And (Agent $e0 $x0) (GroupOf $x1 lemon) (Past $e0) (Theme $e0 $x1))
p202918	-0.01930	-0.01902	-0.04515	0.04238	0.00517	-0.04082	-0.01987	-0.06024	-0.03576	0.04379	-0.05907	0.00828	-0.03255	0.05982	-0.04459	-0.00448	-0.00140	0.05695	-0.00977	-0.03571	0.19486	0.00785	-0.02375	0.01476	-0.00854	0.10495	-0.03119	-0.00545	-0.02664	0.02467	0.03658	0.08567	(And (Agent $e0 $x0) (Inheritance afternoon_session session) (Member $x1 afternoon_session) (Patient $e0 $x1))
p202919	-0.01065	-0.01107	-0.01116	-0.02029	0.01527	0.00586	-0.00685	0.03277	0.00844	0.00123	-0.00846	-0.01521	0.00735	0.02233	-0.00946	0.01919	-0.01566	-0.00847	-0.00089	-0.01937	-0.01135	0.01919	0.01327	-0.00303	0.01016	-0.02213	-0.00999	-0.00363	-0.02128	0.01436	-0.00054	0.00519	(And (Agent $e0 $x0) (Inheritance rescue_team team) (Member $x0 rescue_team) (Theme $e0 $x1))
p202920	-0.01934	-0.01889	-0.04472	0.04293	0.00446	-0.04019	-0.01955	-0.06020	-0.03603	0.04372	-0.05900	0.00848	-0.03221	0.06030	-0.04495	-0.00526	-0.00066	0.05669	-0.01014	-0.03541	0.19429	0.00791	-0.02377	0.01408	-0.00825	0.10486	-0.03122	-0.00549	-0.02673	0.02567	0.03661	0.08495	(And (Agent $e0 $x0) (Inheritance summer_fair fair) (Member $x1 summer_fair) (Patient $e0 $x1))
p202921	0.11943	0.02017	-0.11428	-0.04444	-0.02864	0.09376	-0.04664	0.11978	-0.06112	0.04718	-0.01965	0.04494	0.03340	0.11273	-0.06322	-0.06307	0.13002	-0.08369	0.02267	0.00712	-0.03144	-0.10399	-0.10367	0.08415	-0.06526	0.11465	0.12193	-0.01706	0.09194	-0.09498	-0.00152	-0.01073	(And (Agent $e0 $x0) (Location $e0 $x1) (Member $e0 discover) (Member $x1 point))
p202922	-0.06682	0.00437	0.12009	-0.07030	-0.04581	0.03740	-0.00120	-0.06003	-0.05596	0.00369	0.13570	0.06711	0.01762	0.11977	0.11707	0.11273	-0.11053	-0.01052	-0.01190	-0.02975	-0.05618	-0.03457	0.11432	-0.12082	-0.02893	0.14130	0.03034	-0.00434	-0.01870	-0.08305	-0.02519	0.01709	(And (Agent $e0 $x0) (Location $e0 $x1) (Member $x0 biologist) (Member $x1 survey))
p202923	0.11864	0.01417	-0.11504	-0.04465	-0.03295	0.09516	-0.04558	0.12036	-0.06102	0.04473	-0.01864	0.04503	0.03565	0.11451	-0.06255	-0.06360	0.13117	-0.08341	0.01915	0.00907	-0.03140	-0.09997	-0.10386	0.08407	-0.06151	0.11488	0.11627	-0.01668	0.09329	-0.09668	-0.00196	-0.00943	(And (Agent $e0 $x0) (Location $e0 $x1) (Member $x0 diver) (Member $x1 point))
p202924	0.11863	0.01417	-0.11504	-0.04465	-0.03295	0.09516	-0.04559	0.12036	-0.06102	0.04473	-0.01864	0.04503	0.03565	0.11451	-0.06255	-0.06360	0.13117	-0.08341	0.01915	0.00906	-0.03140	-0.09997	-0.10386	0.08407	-0.06151	0.11488	0.11627	-0.01668	0.09329	-0.09668	-0.00196	-0.00943	(And (Agent $e0 $x0) (Location $e0 $x1) (Member $x0 diver) (Theme $e0 $x2))
p202925	0.11863	0.01417	-0.11504	-0.04465	-0.03295	0.09516	-0.04559	0.12036	-0.06102	0.04473	-0.01864	0.04503	0.03565	0.11451	-0.06255	-0.06360	0.13117	-0.08341	0.01915	0.00906	-0.03140	-0.09997	-0.10386	0.08407	-0.06151	0.11488	0.11627	-0.01668	0.09329	-0.09668	-0.00196	-0.00943	(And (Agent $e0 $x0) (Location $e0 $x1) (Member $x2 wreck) (Theme $e0 $x2))
p202926	0.00185	-0.00588	-0.01839	-0.01824	0.02878	-0.01302	-0.00513	0.00466	0.00610	-0.01002	0.00130	-0.00780	0.00646	-0.01262	0.00431	0.02656	-0.01190	0.00607	0.00263	-0.01404	-0.00734	0.00021	-0.00004	0.00800	-0.00258	-0.01166	0.00025	0.00252	0.00915	-0.01056	-0.00221	0.01522	(And (Agent $e0 $x0) (Member $e0 block) (Member $x1 lane) (Theme $e0 $x1))
p202927	0.05208	-0.02457	-0.00814	0.10446	-0.05643	0.08808	0.04136	-0.02128	-0.02520	-0.02788	0.09794	0.00368	0.05706	-0.04574	-0.03732	-0.02277	-0.01619	-0.04122	-0.05369	0.06867	-0.02264	-0.00907	-0.04586	-0.01908	0.03645	-0.01112	-0.00325	0.01245	-0.01113	0.04924	-0.03239	0.04278	(And (Agent $e0 $x0) (Member $e0 make) (Member $e1 decision) (Patient $e0 $e1))
p202928	0.04381	-0.01998	0.00167	0.06699	-0.03452	0.06072	0.14194	0.04998	-0.02144	-0.04756	0.07423	0.00800	0.05440	-0.03934	-0.01498	-0.04262	-0.01685	-0.04471	-0.07130	0.07847	-0.03669	-0.00962	-0.03937	-0.01429	-0.00749	-0.01671	0.00760	-0.00451	-0.04302	0.04844	-0.01917	0.02884	(And (Agent $e0 $x0) (Member $e0 reach) (Member $e1 decision) (Theme $e0 $e1))
p202929	-0.00524	-0.08509	0.00119	-0.00751	-0.01008	-0.00832	0.02524	-0.11452	-0.03086	0.12204	-0.01486	-0.00240	0.00542	-0.04268	-0.02221	-0.00886	0.02216	0.01748	0.06041	-0.05947	0.01326	0.01315	0.03747	-0.01829	0.11282	0.01125	-0.00872	0.03323	0.14070	-0.01725	-0.01420	0.02703	(And (Agent $e0 $x0) (Member $e0 start) (Ongoing $e1) (Theme $e0 $e1))
p202930	-0.00524	-0.08509	0.00119	-0.00751	-0.01008	-0.00832	0.02524	-0.11452	-0.03086	0.12204	-0.01486	-0.00240	0.00542	-0.04268	-0.02221	-0.00886	0.02216	0.01748	0.06041	-0.05947	0.01326	0.01315	0.03747	-0.01829	0.11282	0.01125	-0.00872	0.03323	0.14070	-0.01725	-0.01420	0.02703	(And (Agent $e0 $x0) (Member $e1 start) (Ongoing $e0) (Theme $e1 $e0))
p202931	-0.00524	-0.08509	0.00119	-0.00751	-0.01008	-0.00832	0.02524	-0.11452	-0.03086	0.12204	-0.01486	-0.00240	0.00542	-0.04268	-0.02221	-0.00886	0.02216	0.01748	0.06041	-0.05947	0.01326	0.01315	0.03747	-0.01829	0.11282	0.01125	-0.00872	0.03323	0.14070	-0.01725	-0.01420	0.02703	(And (Agent $e0 $x0) (Member $e1 start) (Past $e1) (Theme $e1 $e0))
p202932	0.01027	-0.01388	-0.01976	0.01207	0.03547	0.00298	0.00697	-0.00917	-0.00126	0.00318	0.02401	-0.00337	-0.00441	-0.01704	-0.00831	0.02916	0.00570	-0.01322	-0.01381	-0.01339	0.00235	0.00686	-0.01174	-0.00226	0.01342	0.00150	-0.00505	0.00035	-0.00513	0.00359	-0.00582	0.00397	(And (Agent $e0 $x0) (Member $x0 board) (Member $x1 vote) (Theme $e0 $x1))
p202933	0.11248	0.02557	0.13944	0.00376	-0.07008	-0.00846	-0.01516	-0.02331	-0.02471	0.21148	0.00387	-0.01520	-0.05164	-0.03628	-0.09777	0.12922	-0.14063	-0.09454	-0.01859	0.19357	-0.00973	0.06662	-0.08957	0.17271	-0.09895	0.01032	-0.05723	-0.00133	-0.03552	-0.06994	0.00159	0.00017	(And (Agent $e0 $x0) (Member $x0 chef) (Member $x1 crate) (Theme $e0 $x1))
p202934	0.11248	0.02557	0.13944	0.00376	-0.07008	-0.00846	-0.01516	-0.02331	-0.02471	0.21148	0.00387	-0.01520	-0.05164	-0.03628	-0.09777	0.12922	-0.14063	-0.09454	-0.01859	0.19357	-0.00973	0.06662	-0.08957	0.17271	-0.09895	0.01032	-0.05723	-0.00133	-0.03552	-0.06994	0.00159	0.00017	(And (Agent $e0 $x0) (Member $x0 chef) (Past $e0) (Theme $e0 $x1))
p202935	-0.01934	-0.01889	-0.04472	0.04293	0.00446	-0.04019	-0.01955	-0.06020	-0.03603	0.04372	-0.05900	0.00848	-0.03221	0.06030	-0.04495	-0.00526	-0.00066	0.05669	-0.01014	-0.03541	0.19429	0.00791	-0.02377	0.01408	-0.00825	0.10486	-0.03122	-0.00549	-0.02673	0.02568	0.03661	0.08495	(And (Agent $e0 $x0) (Member $x0 council) (Member $x1 summer_fair) (Patient $e0 $x1))
p202936	0.11864	0.01417	-0.11504	-0.04465	-0.03295	0.09516	-0.04558	0.12036	-0.06102	0.04473	-0.01864	0.04503	0.03565	0.11451	-0.06255	-0.06360	0.13117	-0.08341	0.01915	0.00906	-0.03140	-0.09997	-0.10386	0.08407	-0.06151	0.11488	0.11627	-0.01668	0.09329	-0.09668	-0.00196	-0.00943	(And (Agent $e0 $x0) (Member $x0 diver) (Member $x1 wreck) (Theme $e0 $x1))
p202937	0.00068	-0.00618	-0.01943	-0.01747	0.03169	-0.01380	-0.00522	0.01081	0.00539	-0.00549	0.00010	-0.00544	0.00298	-0.00927	0.00495	0.02864	-0.01041	-0.00443	0.00506	-0.01227	-0.00664	0.00006	0.00094	0.00806	-0.00196	-0.00976	0.00169	0.00032	-0.00467	-0.01545	-0.00152	0.01362	(And (Agent $e0 $x0) (Member $x0 editor) (Member $x1 manuscript) (Theme $e0 $x1))
p202939	-0.03568	-0.07335	0.02852	-0.02242	-0.06095	0.08367	-0.06517	0.19645	0.01585	0.12626	-0.03742	-0.06206	0.00488	0.18683	-0.08185	-0.02141	-0.04699	-0.05032	-0.03366	-0.04408	-0.03402	0.15506	0.05924	-0.10620	0.13046	-0.05631	-0.06873	-0.01628	-0.11289	0.15222	0.00204	-0.03838	(And (Agent $e0 $x0) (Member $x0 firm) (Member $x1 tender) (Theme $e0 $x1))
p202941	0.04720	0.11993	-0.01758	-0.01216	0.10951	-0.07607	-0.02742	0.02727	-0.00978	0.04198	-0.01017	0.00451	-0.06025	-0.04445	-0.04085	0.03598	-0.01905	-0.03792	0.09094	-0.03982	0.00768	-0.05996	-0.02055	0.04364	-0.08880	0.03229	0.08758	-0.00952	-0.02551	0.08265	0.00362	-0.01525	(And (Agent $e0 $x0) (Member $x0 intern) (Member $x1 file) (Theme $e0 $x1))
p202942	0.04720	0.11993	-0.01758	-0.01216	0.10951	-0.07607	-0.02742	0.02727	-0.00978	0.04198	-0.01017	0.00451	-0.06025	-0.04445	-0.04085	0.03598	-0.01905	-0.03792	0.09094	-0.03982	0.00768	-0.05996	-0.02055	0.04364	-0.08880	0.03229	0.08758	-0.00952	-0.02551	0.08265	0.00362	-0.01525	(And (Agent $e0 $x0) (Member $x0 intern) (Member $x1 missing) (Theme $e0 $x1))
p202943	0.08309	-0.05333	0.01127	-0.02571	0.04044	-0.06245	-0.02833	-0.03341	0.00878	-0.07636	0.02976	-0.00374	0.01656	0.04411	0.14600	-0.04883	-0.04656	-0.02711	0.10794	-0.02469	-0.01776	0.00273	-0.04108	0.13289	0.08963	-0.03879	-0.03052	-0.02086	-0.01567	0.05167	-0.03599	0.01803	(And (Agent $e0 $x0) (Member $x0 mechanic) (Member $x1 gearbox) (Patient $e0 $x1))
p202944	0.08308	-0.05333	0.01127	-0.02571	0.04044	-0.06245	-0.02833	-0.03341	0.00878	-0.07636	0.02976	-0.00374	0.01656	0.04411	0.14600	-0.04883	-0.04656	-0.02711	0.10794	-0.02469	-0.01776	0.00273	-0.04108	0.13289	0.08963	-0.03879	-0.03052	-0.02086	-0.01567	0.05167	-0.03599	0.01803	(And (Agent $e0 $x0) (Member $x0 mechanic) (Member $x1 seized) (Patient $e0 $x1))
p202945	0.08308	-0.05333	0.01127	-0.02571	0.04044	-0.06245	-0.02833	-0.03341	0.00878	-0.07636	0.02976	-0.00374	0.01656	0.04411	0.14600	-0.04883	-0.04656	-0.02711	0.10794	-0.02469	-0.01776	0.00273	-0.04108	0.13289	0.08963	-0.03879	-0.03052	-0.02086	-0.01567	0.05167	-0.03599	0.01803	(And (Agent $e0 $x0) (Member $x0 mechanic) (Past $e0) (Patient $e0 $x1))
p202946	0.00075	-0.00614	-0.01934	-0.01715	0.03125	-0.01353	-0.00510	0.01058	0.00514	-0.00538	0.00017	-0.00527	0.00328	-0.00904	0.00474	0.02837	-0.01013	-0.00444	0.00493	-0.01203	-0.00663	0.00016	0.00084	0.00786	-0.00184	-0.00954	0.00162	0.00041	-0.00462	-0.01508	-0.00147	0.01361	(And (Agent $e0 $x0) (Member $x0 panel) (Member $x1 proposal) (Theme $e0 $x1))
p202947	-0.01133	-0.01579	0.00983	-0.00327	-0.00462	0.00583	-0.00970	-0.00949	0.00435	-0.00982	0.03072	0.00559	0.00204	0.00313	-0.01757	-0.01943	0.02252	0.00280	-0.02241	0.00640	-0.02440	-0.00317	-0.01521	0.01197	0.01297	-0.00576	-0.01104	0.02980	0.00438	0.01728	0.01453	0.01603	(And (Agent $e0 $x0) (Member $x0 person) (Past $e0) (Patient $e0 $x1))
p202948	-0.01065	-0.01107	-0.01116	-0.02029	0.01527	0.00586	-0.00685	0.03277	0.00844	0.00122	-0.00846	-0.01521	0.00735	0.02233	-0.00946	0.01919	-0.01566	-0.00847	-0.00089	-0.01937	-0.01135	0.01919	0.01327	-0.00303	0.01016	-0.02214	-0.00999	-0.00363	-0.02128	0.01436	-0.00054	0.00519	(And (Agent $e0 $x0) (Member $x0 rescue_team) (Member $x1 search) (Theme $e0 $x1))
p202949	-0.04624	0.10417	-0.10764	0.05999	-0.00809	-0.06656	-0.00729	0.02998	-0.01979	0.11467	0.07449	-0.01036	0.03886	-0.03451	0.10912	-0.04599	0.09453	0.06220	-0.02825	-0.04946	-0.02386	0.08722	0.07546	0.06266	-0.07580	-0.00815	-0.05692	0.00030	-0.02913	-0.04700	-0.01316	0.02570	(And (Agent $e0 $x0) (Member $x0 school) (Member $x1 projector) (Theme $e0 $x1))
p202950	-0.01930	-0.01902	-0.04515	0.04238	0.00517	-0.04082	-0.01987	-0.06024	-0.03576	0.04379	-0.05907	0.00828	-0.03255	0.05982	-0.04459	-0.00448	-0.00140	0.05695	-0.00977	-0.03571	0.19486	0.00785	-0.02375	0.01476	-0.00854	0.10495	-0.03119	-0.00545	-0.02664	0.02467	0.03658	0.08567	(And (Agent $e0 $x0) (Member $x0 tutor) (Member $x1 afternoon_session) (Patient $e0 $x1))
p202951	0.11247	0.02557	0.13944	0.00376	-0.07008	-0.00846	-0.01516	-0.02331	-0.02471	0.21148	0.00387	-0.01520	-0.05164	-0.03628	-0.09777	0.12922	-0.14063	-0.09454	-0.01859	0.19357	-0.00973	0.06662	-0.08957	0.17271	-0.09895	0.01032	-0.05723	-0.00133	-0.03552	-0.06994	0.00159	0.00017	(And (Agent $e0 $x0) (Member $x1 crate) (Past $e0) (Theme $e0 $x1))
p202952	0.04720	0.11993	-0.01758	-0.01216	0.10951	-0.07607	-0.02742	0.02727	-0.00978	0.04198	-0.01017	0.00451	-0.06025	-0.04445	-0.04085	0.03598	-0.01905	-0.03792	0.09094	-0.03982	0.00768	-0.05996	-0.02055	0.04364	-0.08880	0.03229	0.08758	-0.00952	-0.02551	0.08265	0.00362	-0.01525	(And (Agent $e0 $x0) (Member $x1 file) (Member $x1 missing) (Theme $e0 $x1))
p202953	0.08309	-0.05333	0.01127	-0.02571	0.04044	-0.06245	-0.02833	-0.03341	0.00878	-0.07636	0.02976	-0.00374	0.01656	0.04411	0.14600	-0.04883	-0.04656	-0.02711	0.10794	-0.02469	-0.01776	0.00273	-0.04108	0.13289	0.08963	-0.03879	-0.03052	-0.02086	-0.01567	0.05167	-0.03599	0.01803	(And (Agent $e0 $x0) (Member $x1 gearbox) (Member $x1 seized) (Patient $e0 $x1))
p202954	0.08309	-0.05333	0.01127	-0.02571	0.04044	-0.06245	-0.02833	-0.03341	0.00878	-0.07636	0.02976	-0.00374	0.01656	0.04411	0.14600	-0.04883	-0.04656	-0.02711	0.10794	-0.02469	-0.01776	0.00273	-0.04108	0.13289	0.08963	-0.03879	-0.03051	-0.02086	-0.01567	0.05167	-0.03599	0.01803	(And (Agent $e0 $x0) (Member $x1 gearbox) (Past $e0) (Patient $e0 $x1))
p202955	-0.04624	0.10417	-0.10764	0.05999	-0.00809	-0.06656	-0.00729	0.02998	-0.01979	0.11467	0.07449	-0.01036	0.03886	-0.03451	0.10912	-0.04599	0.09453	0.06220	-0.02825	-0.04946	-0.02386	0.08722	0.07546	0.06266	-0.07580	-0.00815	-0.05692	0.00030	-0.02913	-0.04700	-0.01316	0.02570	(And (Agent $e0 $x0) (Member $x1 projector) (Past $e0) (Theme $e0 $x1))
p202957	0.08308	-0.05333	0.01127	-0.02571	0.04044	-0.06245	-0.02833	-0.03341	0.00878	-0.07636	0.02976	-0.00374	0.01656	0.04411	0.14600	-0.04883	-0.04656	-0.02711	0.10794	-0.02469	-0.01776	0.00273	-0.04108	0.13289	0.08963	-0.03879	-0.03052	-0.02086	-0.01567	0.05167	-0.03599	0.01803	(And (Agent $e0 $x0) (Member $x1 seized) (Past $e0) (Patient $e0 $x1))
p202959	0.01268	-0.02149	0.03130	-0.00539	0.00918	-0.01700	0.10290	0.00036	-0.02151	0.02378	-0.05796	0.00678	0.00474	-0.01481	-0.00221	-0.02297	0.03235	-0.01017	0.01934	-0.02411	-0.00419	0.01890	0.04253	-0.02126	-0.01984	-0.00227	0.00568	-0.00089	0.00003	-0.00026	0.04206	-0.00416	(And (Agent $e0 $x0) (Past $e0) (Patient $e1 $x1) (Theme $e0 $e1))
p202960	0.00113	0.00288	-0.00684	0.15004	-0.05823	0.12297	-0.06051	0.02495	0.07165	-0.01033	-0.07129	-0.05784	0.00361	0.00248	0.08525	0.08390	-0.00403	-0.05003	0.15524	-0.02381	-0.00710	-0.02296	-0.02376	-0.04735	-0.04902	-0.04666	-0.01663	-0.02209	-0.01619	-0.06277	0.02524	-0.00351	(And (Before $x0 $e0) (Inheritance dress_rehearsal rehearsal) (Member $x1 dress_rehearsal) (Patient $e0 $x1))
p202961	0.00113	0.00288	-0.00684	0.15004	-0.05823	0.12297	-0.06051	0.02495	0.07165	-0.01033	-0.07129	-0.05784	0.00361	0.00248	0.08525	0.08390	-0.00403	-0.05003	0.15524	-0.02381	-0.00710	-0.02296	-0.02376	-0.04735	-0.04902	-0.04666	-0.01663	-0.02209	-0.01619	-0.06277	0.02524	-0.00351	(And (Before $x0 $e0) (Member $x0 lunch) (Member $x1 dress_rehearsal) (Patient $e0 $x1))
p202962	0.12874	-0.01221	0.12627	0.07138	0.00552	-0.06080	-0.01253	0.08212	0.10880	-0.00899	-0.00824	-0.11572	0.02558	-0.02712	-0.01109	-0.03774	-0.09712	0.17784	-0.02248	-0.00758	-0.05056	0.07042	-0.08538	-0.08098	0.00697	0.16464	-0.05673	0.00360	0.03203	-0.04039	-0.00524	-0.00492	(And (Cardinality $x0 <num>) (GroupOf $x0 egg) (Holder $e0 $x1) (Theme $e0 $x0))
p202963	0.12426	-0.01401	0.11520	0.06396	0.00975	-0.06205	-0.01567	0.08055	0.10238	-0.01115	-0.00669	-0.11528	0.02149	-0.02968	-0.00956	-0.02591	-0.09509	0.17423	-0.02017	-0.00796	-0.04633	0.07046	-0.08313	-0.07847	0.00674	0.15907	-0.05574	0.00384	0.03377	-0.04110	-0.00556	0.00087	(And (Cardinality $x0 <num>) (GroupOf $x0 egg) (Member $e0 require) (Theme $e0 $x0))
p202964	0.12596	-0.01170	0.12114	0.06886	0.00532	-0.05946	-0.01198	0.07669	0.10475	-0.00821	-0.00698	-0.10923	0.02615	-0.02644	-0.01094	-0.03695	-0.09344	0.17204	-0.02212	-0.00766	-0.04916	0.06715	-0.08305	-0.07894	0.00704	0.16067	-0.05481	0.00411	0.03204	-0.03844	-0.00504	-0.00451	(And (Cardinality $x0 <num>) (Holder $e0 $x1) (Member $e0 require) (Theme $e0 $x0))
p202965	0.12874	-0.01221	0.12627	0.07138	0.00552	-0.06080	-0.01253	0.08212	0.10880	-0.00899	-0.00824	-0.11572	0.02558	-0.02712	-0.01109	-0.03774	-0.09712	0.17784	-0.02248	-0.00758	-0.05056	0.07042	-0.08538	-0.08098	0.00697	0.16464	-0.05673	0.00360	0.03203	-0.04039	-0.00524	-0.00492	(And (Cardinality $x0 <num>) (Holder $e0 $x1) (Member $x1 recipe) (Theme $e0 $x0))
p202966	-0.00925	0.00988	-0.00907	-0.00860	-0.03227	-0.03536	-0.01803	0.10352	-0.07301	-0.05073	0.02315	0.12900	-0.02199	-0.06514	0.11832	0.03854	0.04651	-0.04544	-0.02622	0.02643	0.08013	0.04410	-0.02145	-0.05624	-0.04719	-0.03175	-0.05966	-0.00530	0.12865	0.09291	0.00240	0.00358	(And (Cardinality $x0 <num>) (Member $e0 buy) (Past $e0) (Theme $e0 $x0))
p202967	-0.00016	0.17065	0.08877	0.10078	0.00988	-0.08670	-0.04214	-0.04032	-0.06627	-0.00028	-0.01815	0.02019	0.01073	-0.04820	-0.12486	-0.05346	-0.06349	-0.03813	0.16219	-0.04984	-0.03536	0.06296	0.00997	-0.02738	-0.09928	0.03674	0.10535	0.10974	-0.01985	0.24147	0.00863	-0.01628	(And (Experiencer $e0 $x0) (Location $e1 $x1) (Member $x1 ledger) (Stimulus $e0 $e1))
p202968	-0.00047	-0.00160	-0.00900	0.11891	-0.05151	0.10659	-0.05062	0.01809	0.06496	-0.00367	-0.06375	-0.05109	0.00376	-0.00115	0.07680	0.07825	-0.00123	-0.04278	0.11986	-0.01829	-0.00920	-0.02249	-0.01525	-0.04157	-0.04163	-0.04432	-0.01193	-0.01943	-0.01032	-0.05723	0.02782	-0.00423	(And (Future $e0) (Inheritance apple_harvest harvest) (Member $x0 apple_harvest) (Patient $e0 $x0))
p202969	-0.00047	-0.00160	-0.00900	0.11891	-0.05151	0.10659	-0.05062	0.01809	0.06496	-0.00367	-0.06375	-0.05109	0.00376	-0.00115	0.07680	0.07825	-0.00123	-0.04278	0.11986	-0.01829	-0.00920	-0.02249	-0.01525	-0.04157	-0.04163	-0.04432	-0.01193	-0.01943	-0.01032	-0.05723	0.02782	-0.00423	(And (Future $e0) (Member $x0 apple_harvest) (Patient $e0 $x0) (Time $e0 (Month september)))
p202970	0.12874	-0.01221	0.12627	0.07138	0.00552	-0.06079	-0.01253	0.08212	0.10880	-0.00899	-0.00824	-0.11572	0.02558	-0.02712	-0.01109	-0.03774	-0.09712	0.17785	-0.02248	-0.00758	-0.05055	0.07042	-0.08537	-0.08098	0.00697	0.16465	-0.05673	0.00360	0.03203	-0.04039	-0.00524	-0.00492	(And (GroupOf $x0 egg) (Holder $e0 $x1) (Member $x1 recipe) (Theme $e0 $x0))
p202971	0.11943	0.02017	-0.11428	-0.04444	-0.02864	0.09376	-0.04664	0.11978	-0.06112	0.04718	-0.01965	0.04494	0.03340	0.11273	-0.06322	-0.06307	0.13002	-0.08369	0.02267	0.00712	-0.03144	-0.10399	-0.10367	0.08415	-0.06526	0.11465	0.12193	-0.01706	0.09194	-0.09498	-0.00152	-0.01073	(And (Location $e0 $x0) (Member $e0 discover) (Member $x0 point) (Theme $e0 $x1))
p202972	0.11864	0.01417	-0.11504	-0.04465	-0.03295	0.09516	-0.04559	0.12036	-0.06102	0.04473	-0.01864	0.04503	0.03565	0.11451	-0.06255	-0.06360	0.13117	-0.08341	0.01915	0.00906	-0.03140	-0.09997	-0.10386	0.08407	-0.06151	0.11488	0.11627	-0.01668	0.09329	-0.09668	-0.00196	-0.00943	(And (Location $e0 $x0) (Member $x0 point) (Member $x1 wreck) (Theme $e0 $x1))
p202975	-0.02336	-0.03334	-0.02176	-0.00201	0.00081	-0.01131	0.02495	-0.07211	-0.02468	0.11328	-0.00884	-0.00055	0.00409	-0.01653	0.00331	0.03266	0.01745	0.00016	0.01990	-0.03418	0.00214	-0.00337	0.01323	-0.03733	0.09077	0.02369	0.00743	-0.00710	0.08688	-0.02193	0.06775	-0.04598	(And (Member $e0 start) (Ongoing $e1) (Patient $e0 $x0) (Theme $e0 $e1))
p202977	-0.03568	-0.07335	0.02852	-0.02242	-0.06095	0.08367	-0.06517	0.19645	0.01585	0.12626	-0.03742	-0.06206	0.00488	0.18683	-0.08185	-0.02141	-0.04699	-0.05032	-0.03366	-0.04408	-0.03402	0.15506	0.05924	-0.10620	0.13046	-0.05631	-0.06873	-0.01628	-0.11289	0.15222	0.00204	-0.03838	(And (Member $x0 firm) (Member $x1 tender) (Possession $x1 $x0) (Theme $e0 $x1))
p202978	0.08309	-0.05333	0.01127	-0.02571	0.04044	-0.06245	-0.02833	-0.03341	0.00878	-0.07636	0.02976	-0.00374	0.01656	0.04411	0.14600	-0.04883	-0.04656	-0.02711	0.10794	-0.02469	-0.01776	0.00273	-0.04108	0.13289	0.08963	-0.03879	-0.03052	-0.02086	-0.01567	0.05167	-0.03599	0.01803	(And (Member $x0 gearbox) (Member $x0 seized) (Past $e0) (Patient $e0 $x0))
p202979	-0.00206	0.00190	-0.00099	0.01285	-0.00738	0.00538	0.00098	-0.00309	-0.00244	0.01104	-0.02788	-0.00271	0.00103	0.00206	0.00866	0.01417	0.00585	-0.00328	0.00624	-0.00429	-0.00156	0.00104	0.00453	-0.01447	-0.01600	0.00294	0.00092	-0.00704	-0.00197	-0.01029	0.03552	-0.01159	(And (Member $x0 hearing) (Patient $e0 $x0) (Time $e0 (Weekday monday)) (Time $e0 morning))
p202980	-0.03345	-0.05115	-0.01056	-0.01462	0.00545	-0.02924	0.04268	-0.07574	-0.03498	0.11820	0.00773	0.00016	0.01197	-0.02389	-0.01712	0.01433	0.02053	0.00041	0.03038	-0.03881	-0.00146	0.01515	0.00988	-0.03092	0.08868	0.02587	0.01485	0.00245	0.10676	-0.01586	0.05340	-0.03554	(And (Ongoing $e0) (Past $e1) (Patient $e0 $x0) (Theme $e1 $e0))
p203430	0.02603	-0.02266	0.00568	-0.00508	-0.01773	0.00306	-0.00335	-0.03171	-0.01183	0.01529	-0.00747	0.00976	-0.01171	-0.03170	-0.01485	0.01670	0.01191	0.02878	0.00514	-0.01986	0.00925	-0.00016	0.02359	-0.00545	0.01926	-0.01596	-0.01931	0.01261	0.06994	0.00347	-0.01089	0.01217	(And (Agent $e0 $x0) (Cardinality $x0 <num>) (Past $e0))
p203431	0.00696	0.05045	-0.00405	-0.01080	-0.02005	0.02178	-0.03532	-0.00217	-0.01352	-0.02240	0.01224	0.02133	0.00688	-0.01562	-0.02075	-0.00053	-0.02609	-0.00609	-0.00087	0.01795	-0.01286	0.00821	-0.00599	-0.01311	0.03572	-0.01246	0.01163	-0.00238	0.01891	-0.01637	-0.01441	0.04059	(And (Agent $e0 $x0) (GroupOf $x0 child) (Ongoing $e0))
p203432	0.11248	0.02557	0.13944	0.00376	-0.07008	-0.00846	-0.01516	-0.02331	-0.02471	0.21148	0.00387	-0.01520	-0.05164	-0.03628	-0.09777	0.12922	-0.14063	-0.09454	-0.01859	0.19357	-0.00973	0.06662	-0.08957	0.17271	-0.09895	0.01032	-0.05723	-0.00133	-0.03552	-0.06994	0.00159	0.00017	(And (Agent $e0 $x0) (GroupOf $x1 lemon) (Theme $e0 $x1))
p203433	0.00011	-0.00503	-0.01894	-0.01681	0.03017	-0.01402	-0.00539	0.01075	0.00400	-0.00437	-0.00098	-0.00493	0.00434	-0.00579	0.00419	0.02764	-0.00952	-0.00314	0.00480	-0.01197	-0.00653	-0.00007	0.00048	0.00525	-0.00200	-0.00889	0.00140	0.00078	-0.00617	-0.01465	-0.00078	0.01395	(And (Agent $e0 $x0) (GroupOf $x1 sample) (Theme $e0 $x1))
p203434	-0.01066	-0.01108	-0.01115	-0.02030	0.01527	0.00586	-0.00685	0.03277	0.00844	0.00122	-0.00847	-0.01522	0.00735	0.02234	-0.00946	0.01918	-0.01566	-0.00847	-0.00089	-0.01938	-0.01136	0.01919	0.01328	-0.00304	0.01016	-0.02214	-0.01000	-0.00363	-0.02129	0.01436	-0.00054	0.00518	(And (Agent $e0 $x0) (Inheritance rescue_team team) (Member $x0 rescue_team))
p203435	-0.06682	0.00437	0.12009	-0.07030	-0.04581	0.03740	-0.00120	-0.06003	-0.05596	0.00369	0.13570	0.06711	0.01762	0.11978	0.11707	0.11272	-0.11053	-0.01052	-0.01190	-0.02975	-0.05618	-0.03457	0.11433	-0.12082	-0.02892	0.14131	0.03034	-0.00434	-0.01870	-0.08305	-0.02519	0.01709	(And (Agent $e0 $x0) (Location $e0 $x1) (Member $x0 biologist))
p203436	0.11864	0.01417	-0.11504	-0.04465	-0.03295	0.09516	-0.04558	0.12036	-0.06102	0.04473	-0.01864	0.04503	0.03565	0.11451	-0.06255	-0.06360	0.13117	-0.08341	0.01915	0.00907	-0.03140	-0.09997	-0.10386	0.08407	-0.06151	0.11488	0.11627	-0.01668	0.09329	-0.09668	-0.00196	-0.00943	(And (Agent $e0 $x0) (Location $e0 $x1) (Member $x0 diver))
p203437	-0.08537	0.00464	0.15156	-0.08830	-0.05846	0.04520	-0.00269	-0.07591	-0.07149	0.00188	0.17131	0.08519	0.02505	0.14676	0.14818	0.14033	-0.14473	-0.01385	-0.01492	-0.03773	-0.07133	-0.04196	0.14583	-0.15171	-0.03816	0.17861	0.05011	-0.00410	-0.02034	-0.10398	-0.03210	0.03000	(And (Agent $e0 $x0) (Location $e0 $x1) (Member $x1 survey))
p203438	0.05208	-0.02456	-0.00814	0.10446	-0.05643	0.08809	0.04136	-0.02128	-0.02520	-0.02788	0.09794	0.00368	0.05706	-0.04573	-0.03731	-0.02277	-0.01619	-0.04121	-0.05368	0.06867	-0.02263	-0.00907	-0.04585	-0.01907	0.03646	-0.01111	-0.00324	0.01246	-0.01112	0.04924	-0.03239	0.04278	(And (Agent $e0 $x0) (Member $e1 decision) (Patient $e0 $e1))
p203439	0.04381	-0.01998	0.00167	0.06699	-0.03452	0.06072	0.14194	0.04998	-0.02144	-0.04756	0.07423	0.00800	0.05440	-0.03934	-0.01498	-0.04262	-0.01685	-0.04471	-0.07130	0.07847	-0.03669	-0.00962	-0.03937	-0.01429	-0.00749	-0.01671	0.00760	-0.00451	-0.04302	0.04844	-0.01917	0.02884	(And (Agent $e0 $x0) (Member $e1 decision) (Theme $e0 $e1))
p203440	-0.00524	-0.08509	0.00119	-0.00751	-0.01008	-0.00832	0.02524	-0.11452	-0.03086	0.12204	-0.01486	-0.00240	0.00542	-0.04268	-0.02221	-0.00886	0.02216	0.01748	0.06041	-0.05947	0.01326	0.01315	0.03747	-0.01829	0.11282	0.01125	-0.00872	0.03323	0.14070	-0.01725	-0.01420	0.02703	(And (Agent $e0 $x0) (Member $e1 start) (Theme $e1 $e0))
p203441	-0.00713	0.01026	0.02115	0.00140	-0.00367	0.01309	-0.00843	-0.00442	0.00923	-0.00200	0.00045	-0.00990	-0.00189	0.00648	-0.01253	-0.00723	0.02272	-0.00880	-0.01601	0.00214	-0.00777	0.01484	-0.01189	-0.00982	0.01156	-0.01045	-0.00344	-0.00549	-0.00284	0.00360	-0.00071	-0.00061	(And (Agent $e0 $x0) (Member $x0 cat) (Past $e0))
p203442	0.11248	0.02557	0.13944	0.00376	-0.07008	-0.00846	-0.01516	-0.02331	-0.02471	0.21148	0.00387	-0.01520	-0.05164	-0.03628	-0.09777	0.12922	-0.14063	-0.09454	-0.01859	0.19357	-0.00973	0.06662	-0.08957	0.17271	-0.09895	0.01032	-0.05723	-0.00133	-0.03552	-0.06994	0.00159	0.00017	(And (Agent $e0 $x0) (Member $x0 chef) (Past $e0))
p203443	0.11247	0.02557	0.13944	0.00376	-0.07008	-0.00846	-0.01516	-0.02331	-0.02471	0.21148	0.00387	-0.01520	-0.05164	-0.03628	-0.09777	0.12922	-0.14063	-0.09454	-0.01859	0.19357	-0.00973	0.06662	-0.08957	0.17271	-0.09895	0.01032	-0.05723	-0.00133	-0.03552	-0.06994	0.00159	0.00017	(And (Agent $e0 $x0) (Member $x0 chef) (Theme $e0 $x1))
p203444	-0.00341	0.00001	-0.00596	0.00579	0.06865	-0.02726	-0.00146	-0.00326	0.00425	0.00985	0.00055	-0.00538	-0.02679	0.01548	-0.00282	0.01666	-0.01011	-0.01040	-0.00381	-0.00830	0.00942	-0.00111	0.00791	0.00907	-0.00946	-0.00708	-0.00054	-0.00453	0.00959	-0.01683	-0.00036	-0.00440	(And (Agent $e0 $x0) (Member $x0 clerk) (Theme $e0 $x1))
p203445	-0.01934	-0.01889	-0.04472	0.04293	0.00446	-0.04019	-0.01955	-0.06020	-0.03603	0.04372	-0.05900	0.00848	-0.03221	0.06030	-0.04495	-0.00526	-0.00066	0.05669	-0.01014	-0.03541	0.19429	0.00791	-0.02377	0.01408	-0.00825	0.10486	-0.03122	-0.00549	-0.02673	0.02567	0.03661	0.08495	(And (Agent $e0 $x0) (Member $x0 council) (Patient $e0 $x1))
p203446	-0.00034	-0.00737	-0.01559	0.03391	-0.02488	0.03711	-0.02958	0.01714	0.02400	0.00546	-0.01259	-0.01861	-0.00298	-0.00501	0.01521	0.02519	-0.01087	-0.01048	0.02120	0.00247	0.00197	-0.01761	-0.00854	-0.00788	-0.01109	-0.02155	-0.00147	-0.00006	-0.00269	-0.01840	-0.01023	0.04039	(And (Agent $e0 $x0) (Member $x0 delegation) (Time $e0 (Weekday thursday)))
p203447	0.11864	0.01417	-0.11504	-0.04465	-0.03295	0.09516	-0.04559	0.12036	-0.06102	0.04473	-0.01864	0.04503	0.03565	0.11451	-0.06255	-0.06360	0.13117	-0.08341	0.01915	0.00906	-0.03140	-0.09997	-0.10386	0.08407	-0.06151	0.11488	0.11627	-0.01668	0.09329	-0.09668	-0.00196	-0.00943	(And (Agent $e0 $x0) (Member $x0 diver) (Theme $e0 $x1))
p203448	0.00068	-0.00616	-0.01939	-0.01747	0.03171	-0.01378	-0.00520	0.01082	0.00541	-0.00547	0.00011	-0.00543	0.00299	-0.00924	0.00495	0.02866	-0.01040	-0.00439	0.00508	-0.01226	-0.00663	0.00008	0.00098	0.00807	-0.00193	-0.00975	0.00170	0.00033	-0.00465	-0.01543	-0.00150	0.01363	(And (Agent $e0 $x0) (Member $x0 editor) (Theme $e0 $x1))
p203449	-0.03568	-0.07335	0.02852	-0.02242	-0.06095	0.08367	-0.06517	0.19645	0.01585	0.12626	-0.03742	-0.06206	0.00488	0.18683	-0.08185	-0.02141	-0.04699	-0.05032	-0.03366	-0.04408	-0.03402	0.15506	0.05924	-0.10620	0.13046	-0.05631	-0.06873	-0.01628	-0.11289	0.15222	0.00204	-0.03838	(And (Agent $e0 $x0) (Member $x0 firm) (Theme $e0 $x1))
p203450	0.04720	0.11993	-0.01758	-0.01216	0.10951	-0.07607	-0.02742	0.02727	-0.00978	0.04198	-0.01017	0.00451	-0.06025	-0.04445	-0.04085	0.03598	-0.01905	-0.03792	0.09094	-0.03982	0.00768	-0.05996	-0.02055	0.04364	-0.08880	0.03229	0.08758	-0.00952	-0.02551	0.08265	0.00362	-0.01525	(And (Agent $e0 $x0) (Member $x0 intern) (Theme $e0 $x1))
p203451	0.03857	0.03778	0.02139	-0.00063	0.00011	-0.00199	0.03211	0.00813	-0.01883	-0.01423	-0.03100	0.02002	-0.00026	-0.00206	-0.01285	-0.02090	0.00245	-0.00348	-0.01350	0.00335	-0.00141	-0.00464	0.02709	-0.01890	-0.01291	-0.00393	-0.00731	-0.00618	-0.02822	0.01341	0.03467	0.02107	(And (Agent $e0 $x0) (Member $x0 man) (Patient $e0 $x1))
p203452	0.08308	-0.05333	0.01127	-0.02571	0.04044	-0.06245	-0.02833	-0.03341	0.00878	-0.07636	0.02976	-0.00374	0.01656	0.04411	0.14599	-0.04883	-0.04656	-0.02711	0.10794	-0.02469	-0.01776	0.00273	-0.04108	0.13289	0.08963	-0.03879	-0.03052	-0.02086	-0.01567	0.05167	-0.03599	0.01803	(And (Agent $e0 $x0) (Member $x0 mechanic) (Past $e0))
p203453	0.08308	-0.05333	0.01127	-0.02571	0.04044	-0.06245	-0.02833	-0.03341	0.00878	-0.07636	0.02976	-0.00374	0.01656	0.04411	0.14600	-0.04883	-0.04656	-0.02711	0.10794	-0.02469	-0.01776	0.00273	-0.04108	0.13289	0.08963	-0.03879	-0.03052	-0.02086	-0.01567	0.05167	-0.03599	0.01803	(And (Agent $e0 $x0) (Member $x0 mechanic) (Patient $e0 $x1))
p203454	-0.07185	-0.03386	-0.07868	-0.03924	-0.06155	-0.03028	-0.02094	-0.00521	0.09406	-0.02686	-0.01516	-0.05992	0.02210	-0.06933	-0.03025	0.04980	0.09232	-0.03629	0.05005	0.09172	-0.02137	-0.02547	0.09938	0.03897	0.04300	0.13193	-0.01401	-0.00470	-0.03637	0.06415	0.00064	-0.00024	(And (Agent $e0 $x0) (Member $x0 museum) (Theme $e0 $x1))
p203455	0.00074	-0.00614	-0.01935	-0.01716	0.03124	-0.01353	-0.00511	0.01058	0.00513	-0.00539	0.00017	-0.00528	0.00328	-0.00905	0.00473	0.02836	-0.01014	-0.00444	0.00492	-0.01203	-0.00663	0.00016	0.00083	0.00786	-0.00185	-0.00955	0.00161	0.00040	-0.00463	-0.01509	-0.00148	0.01360	(And (Agent $e0 $x0) (Member $x0 panel) (Theme $e0 $x1))
p203456	-0.00339	0.00010	-0.00615	0.00619	0.06760	-0.02694	-0.00142	-0.00377	0.00417	0.01024	0.00033	-0.00439	-0.02640	0.01606	-0.00323	0.01645	-0.00985	-0.01064	-0.00410	-0.00797	0.00945	-0.00141	0.00802	0.00882	-0.00957	-0.00730	-0.00053	-0.00431	0.00942	-0.01637	-0.00019	-0.00397	(And (Agent $e0 $x0) (Member $x0 pilot) (Theme $e0 $x1))
p203457	-0.01066	-0.01108	-0.01116	-0.02030	0.01526	0.00585	-0.00686	0.03276	0.00843	0.00122	-0.00847	-0.01522	0.00735	0.02233	-0.00947	0.01918	-0.01567	-0.00848	-0.00090	-0.01938	-0.01136	0.01918	0.01327	-0.00304	0.01016	-0.02215	-0.01000	-0.00364	-0.02129	0.01435	-0.00055	0.00518	(And (Agent $e0 $x0) (Member $x0 rescue_team) (Theme $e0 $x1))
p203458	-0.01930	-0.01902	-0.04515	0.04238	0.00517	-0.04082	-0.01987	-0.06024	-0.03576	0.04379	-0.05907	0.00828	-0.03255	0.05982	-0.04459	-0.00447	-0.00140	0.05695	-0.00977	-0.03571	0.19486	0.00785	-0.02375	0.01476	-0.00854	0.10495	-0.03119	-0.00545	-0.02664	0.02467	0.03658	0.08567	(And (Agent $e0 $x0) (Member $x0 tutor) (Patient $e0 $x1))
p203459	-0.01930	-0.01902	-0.04515	0.04238	0.00517	-0.04082	-0.01987	-0.06024	-0.03576	0.04379	-0.05907	0.00828	-0.03255	0.05982	-0.04459	-0.00447	-0.00140	0.05695	-0.00977	-0.03571	0.19486	0.00785	-0.02375	0.01476	-0.00854	0.10495	-0.03119	-0.00545	-0.02664	0.02467	0.03658	0.08567	(And (Agent $e0 $x0) (Member $x1 afternoon_session) (Patient $e0 $x1))
p203460	0.11247	0.02557	0.13944	0.00376	-0.07008	-0.00846	-0.01516	-0.02331	-0.02471	0.21148	0.00387	-0.01520	-0.05164	-0.03628	-0.09777	0.12922	-0.14063	-0.09454	-0.01859	0.19357	-0.00973	0.06662	-0.08957	0.17271	-0.09895	0.01032	-0.05723	-0.00133	-0.03552	-0.06994	0.00159	0.00017	(And (Agent $e0 $x0) (Member $x1 crate) (Theme $e0 $x1))
p203461	-0.00623	-0.00924	-0.01115	-0.05916	0.03908	0.04835	-0.00437	-0.01208	-0.03658	-0.04179	-0.00166	0.05230	0.00470	-0.01425	-0.01243	-0.01744	0.00478	0.05296	0.05043	0.07634	-0.01169	0.05396	-0.00395	-0.00776	-0.00367	0.00328	-0.02523	-0.00180	-0.02173	-0.03637	0.00468	-0.00454	(And (Agent $e0 $x0) (Member $x1 drill) (Theme $e0 $x1))
p203462	0.04720	0.11993	-0.01758	-0.01216	0.10951	-0.07607	-0.02742	0.02727	-0.00978	0.04198	-0.01017	0.00451	-0.06025	-0.04445	-0.04085	0.03598	-0.01905	-0.03792	0.09094	-0.03982	0.00768	-0.05996	-0.02055	0.04364	-0.08880	0.03229	0.08758	-0.00952	-0.02551	0.08265	0.00362	-0.01525	(And (Agent $e0 $x0) (Member $x1 file) (Theme $e0 $x1))
p203463	0.08308	-0.05333	0.01127	-0.02571	0.04044	-0.06245	-0.02833	-0.03341	0.00878	-0.07636	0.02976	-0.00374	0.01656	0.04411	0.14600	-0.04883	-0.04656	-0.02711	0.10794	-0.02469	-0.01776	0.00273	-0.04108	0.13289	0.08963	-0.03879	-0.03052	-0.02086	-0.01567	0.05167	-0.03599	0.01803	(And (Agent $e0 $x0) (Member $x1 gearbox) (Patient $e0 $x1))
p203464	-0.05067	-0.02483	-0.07773	-0.03980	-0.03881	-0.02776	-0.01610	0.00789	0.07113	-0.02866	-0.00689	-0.03994	0.01544	-0.06135	-0.01793	0.04679	0.06480	-0.03757	0.04308	0.09505	-0.02148	-0.02397	0.07105	0.03045	0.02661	0.08854	-0.00589	-0.00501	-0.03356	0.05161	-0.00021	0.00942	(And (Agent $e0 $x0) (Member $x1 generator) (Theme $e0 $x1))
p203465	0.00184	-0.00589	-0.01839	-0.01825	0.02877	-0.01303	-0.00514	0.00465	0.00609	-0.01003	0.00129	-0.00781	0.00645	-0.01263	0.00430	0.02656	-0.01191	0.00607	0.00262	-0.01405	-0.00735	0.00020	-0.00005	0.00799	-0.00259	-0.01166	0.00025	0.00251	0.00915	-0.01056	-0.00222	0.01522	(And (Agent $e0 $x0) (Member $x1 lane) (Theme $e0 $x1))
p203466	-0.02060	0.00534	0.01722	0.05520	0.06033	-0.03640	-0.00036	-0.00512	0.00175	-0.01545	-0.00765	-0.01011	-0.01083	0.05825	-0.00716	-0.03398	-0.01950	-0.02373	-0.01197	0.04111	-0.00314	-0.01563	0.03821	0.00724	-0.01048	-0.03027	0.00551	-0.00185	0.04474	-0.01981	0.00004	-0.00746	(And (Agent $e0 $x0) (Member $x1 manifest) (Theme $e0 $x1))
p203467	0.00077	-0.00615	-0.01946	-0.01743	0.03170	-0.01383	-0.00519	0.01082	0.00536	-0.00548	0.00012	-0.00539	0.00300	-0.00928	0.00499	0.02864	-0.01041	-0.00444	0.00508	-0.01223	-0.00661	0.00008	0.00092	0.00809	-0.00197	-0.00971	0.00172	0.00034	-0.00466	-0.01541	-0.00151	0.01367	(And (Agent $e0 $x0) (Member $x1 manuscript) (Theme $e0 $x1))
p203468	0.04720	0.11993	-0.01758	-0.01216	0.10951	-0.07607	-0.02742	0.02727	-0.00978	0.04198	-0.01017	0.00451	-0.06025	-0.04445	-0.04085	0.03598	-0.01905	-0.03792	0.09094	-0.03982	0.00768	-0.05996	-0.02055	0.04364	-0.08880	0.03229	0.08758	-0.00952	-0.02551	0.08265	0.00362	-0.01525	(And (Agent $e0 $x0) (Member $x1 missing) (Theme $e0 $x1))
p203469	-0.04624	0.10417	-0.10764	0.05999	-0.00809	-0.06656	-0.00729	0.02998	-0.01979	0.11467	0.07449	-0.01036	0.03886	-0.03451	0.10912	-0.04599	0.09453	0.06220	-0.02825	-0.04946	-0.02386	0.08722	0.07546	0.06266	-0.07580	-0.00815	-0.05692	0.00030	-0.02913	-0.04700	-0.01316	0.02570	(And (Agent $e0 $x0) (Member $x1 projector) (Theme $e0 $x1))
p203470	0.00074	-0.00615	-0.01935	-0.01716	0.03124	-0.01353	-0.00511	0.01058	0.00513	-0.00539	0.00017	-0.00528	0.00328	-0.00905	0.00473	0.02836	-0.01014	-0.00444	0.00492	-0.01203	-0.00663	0.00016	0.00083	0.00786	-0.00185	-0.00955	0.00161	0.00040	-0.00463	-0.01509	-0.00148	0.01360	(And (Agent $e0 $x0) (Member $x1 proposal) (Theme $e0 $x1))
p203471	-0.00141	-0.00550	-0.02101	-0.01920	0.03992	-0.02184	-0.00322	0.00824	0.00630	-0.00287	-0.00385	-0.00640	-0.00275	-0.00745	0.00749	0.03252	-0.01095	-0.00028	0.00707	-0.01699	0.00108	-0.00124	0.00019	0.01199	-0.00664	-0.00548	0.00216	-0.00052	-0.00736	-0.01979	-0.00002	0.01479	(And (Agent $e0 $x0) (Member $x1 scan) (Theme $e0 $x1))
p203472	-0.01066	-0.01107	-0.01115	-0.02030	0.01527	0.00586	-0.00685	0.03277	0.00844	0.00123	-0.00846	-0.01521	0.00735	0.02234	-0.00946	0.01919	-0.01566	-0.00847	-0.00089	-0.01937	-0.01135	0.01919	0.01328	-0.00304	0.01017	-0.02214	-0.01000	-0.00363	-0.02128	0.01436	-0.00054	0.00519	(And (Agent $e0 $x0) (Member $x1 search) (Theme $e0 $x1))
p203473	0.08308	-0.05333	0.01127	-0.02571	0.04044	-0.06245	-0.02833	-0.03341	0.00878	-0.07636	0.02976	-0.00374	0.01656	0.04411	0.14600	-0.04883	-0.04656	-0.02711	0.10794	-0.02469	-0.01776	0.00273	-0.04108	0.13289	0.08963	-0.03879	-0.03052	-0.02086	-0.01567	0.05167	-0.03599	0.01803	(And (Agent $e0 $x0) (Member $x1 seized) (Patient $e0 $x1))
p203474	-0.01934	-0.01889	-0.04472	0.04293	0.00446	-0.04019	-0.01955	-0.06020	-0.03603	0.04372	-0.05900	0.00848	-0.03221	0.06030	-0.04495	-0.00526	-0.00066	0.05669	-0.01014	-0.03541	0.19429	0.00791	-0.02377	0.01408	-0.00825	0.10486	-0.03122	-0.00549	-0.02673	0.02568	0.03661	0.08495	(And (Agent $e0 $x0) (Member $x1 summer_fair) (Patient $e0 $x1))
p203476	-0.03568	-0.07335	0.02852	-0.02242	-0.06095	0.08367	-0.06517	0.19645	0.01585	0.12626	-0.03742	-0.06206	0.00488	0.18683	-0.08185	-0.02141	-0.04699	-0.05032	-0.03366	-0.04408	-0.03402	0.15506	0.05924	-0.10620	0.13046	-0.05631	-0.06873	-0.01628	-0.11289	0.15222	0.00204	-0.03838	(And (Agent $e0 $x0) (Member $x1 tender) (Theme $e0 $x1))
p203477	0.01027	-0.01388	-0.01976	0.01207	0.03547	0.00298	0.00697	-0.00917	-0.00126	0.00318	0.02401	-0.00337	-0.00441	-0.01704	-0.00831	0.02916	0.00570	-0.01322	-0.01381	-0.01339	0.00235	0.00686	-0.01174	-0.00226	0.01342	0.00150	-0.00505	0.00035	-0.00513	0.00359	-0.00582	0.00397	(And (Agent $e0 $x0) (Member $x1 vote) (Theme $e0 $x1))
p203478	0.11864	0.01417	-0.11504	-0.04465	-0.03295	0.09516	-0.04559	0.12036	-0.06102	0.04473	-0.01864	0.04503	0.03565	0.11451	-0.06255	-0.06360	0.13117	-0.08341	0.01915	0.00906	-0.03140	-0.09997	-0.10386	0.08407	-0.06151	0.11488	0.11627	-0.01668	0.09329	-0.09668	-0.00196	-0.00943	(And (Agent $e0 $x0) (Member $x1 wreck) (Theme $e0 $x1))
p203479	-0.00141	-0.00549	-0.02101	-0.01920	0.03992	-0.02184	-0.00322	0.00824	0.00630	-0.00286	-0.00384	-0.00640	-0.00275	-0.00745	0.00749	0.03253	-0.01094	-0.00027	0.00707	-0.01699	0.00108	-0.00124	0.00019	0.01199	-0.00664	-0.00548	0.00216	-0.00052	-0.00736	-0.01979	-0.00002	0.01479	(And (Agent $e0 $x0) (Ordinal $x1 <num> scan) (Theme $e0 $x1))
p203480	0.00113	0.00288	-0.00684	0.15004	-0.05823	0.12297	-0.06051	0.02495	0.07165	-0.01033	-0.07129	-0.05784	0.00361	0.00249	0.08525	0.08390	-0.00403	-0.05003	0.15524	-0.02380	-0.00710	-0.02296	-0.02376	-0.04735	-0.04902	-0.04665	-0.01663	-0.02209	-0.01619	-0.06277	0.02524	-0.00351	(And (Before $x0 $e0) (Member $x0 lunch) (Patient $e0 $x1))
p203481	0.00113	0.00288	-0.00684	0.15004	-0.05823	0.12297	-0.06051	0.02495	0.07165	-0.01033	-0.07129	-0.05784	0.00361	0.00248	0.08525	0.08390	-0.00403	-0.05003	0.15524	-0.02381	-0.00710	-0.02296	-0.02376	-0.04735	-0.04902	-0.04666	-0.01663	-0.02209	-0.01619	-0.06277	0.02524	-0.00351	(And (Before $x0 $e0) (Member $x1 dress_rehearsal) (Patient $e0 $x1))
p203482	-0.00925	0.00988	-0.00907	-0.00860	-0.03227	-0.03536	-0.01803	0.10352	-0.07301	-0.05073	0.02315	0.12900	-0.02199	-0.06514	0.11832	0.03854	0.04651	-0.04544	-0.02622	0.02643	0.08013	0.04410	-0.02145	-0.05624	-0.04719	-0.03175	-0.05966	-0.00530	0.12865	0.09291	0.00240	0.00358	(And (Cardinality $x0 <num>) (Member $e0 buy) (Theme $e0 $x0))
p203483	0.00923	0.01065	0.00445	-0.00596	0.01393	-0.00862	-0.00704	-0.01874	0.08710	0.02916	-0.00086	0.08309	0.00099	-0.01248	0.00865	-0.02087	-0.01736	-0.00725	-0.01454	-0.02465	0.01227	-0.02552	-0.00463	-0.01319	-0.01668	-0.01739	-0.00801	0.00420	0.04136	0.01715	-0.00314	0.00871	(And (Cardinality $x0 <num>) (Member $e0 have) (Theme $e0 $x0))
p203484	-0.03532	-0.00895	-0.00749	0.03540	0.00194	-0.03930	-0.02212	0.01665	0.03800	-0.03526	-0.00704	-0.03673	0.01261	0.00913	0.00262	-0.02558	0.00072	-0.01861	0.00281	0.07456	0.00372	-0.01457	0.05056	-0.00614	0.00101	0.01495	-0.01150	-0.00064	0.07969	0.03322	-0.00311	0.00362	(And (Cardinality $x0 <num>) (Recipient $e0 $x1) (Theme $e0 $x0))
p203486	-0.00016	0.17065	0.08877	0.10078	0.00988	-0.08670	-0.04214	-0.04032	-0.06627	-0.00028	-0.01815	0.02019	0.01073	-0.04820	-0.12486	-0.05346	-0.06349	-0.03813	0.16219	-0.04984	-0.03536	0.06296	0.00997	-0.02738	-0.09928	0.03674	0.10535	0.10974	-0.01985	0.24147	0.00863	-0.01628	(And (Experiencer $e0 $x0) (Location $e1 $x1) (Stimulus $e0 $e1))
p203487	-0.00047	-0.00160	-0.00900	0.11891	-0.05151	0.10659	-0.05062	0.01809	0.06496	-0.00367	-0.06375	-0.05109	0.00376	-0.00115	0.07680	0.07825	-0.00123	-0.04278	0.11986	-0.01829	-0.00920	-0.02249	-0.01525	-0.04157	-0.04163	-0.04432	-0.01193	-0.01943	-0.01032	-0.05723	0.02782	-0.00423	(And (Future $e0) (Member $x0 apple_harvest) (Patient $e0 $x0))
p203488	0.12874	-0.01221	0.12627	0.07138	0.00552	-0.06080	-0.01253	0.08212	0.10880	-0.00899	-0.00824	-0.11572	0.02558	-0.02712	-0.01109	-0.03774	-0.09712	0.17785	-0.02248	-0.00758	-0.05055	0.07042	-0.08538	-0.08098	0.00697	0.16464	-0.05673	0.00360	0.03203	-0.04039	-0.00524	-0.00492	(And (GroupOf $x0 egg) (Holder $e0 $x1) (Theme $e0 $x0))
p203489	0.12426	-0.01401	0.11520	0.06396	0.00975	-0.06205	-0.01567	0.08055	0.10238	-0.01115	-0.00669	-0.11528	0.02149	-0.02968	-0.00956	-0.02591	-0.09509	0.17423	-0.02017	-0.00796	-0.04633	0.07046	-0.08313	-0.07847	0.00674	0.15907	-0.05575	0.00384	0.03377	-0.04111	-0.00556	0.00087	(And (GroupOf $x0 egg) (Member $e0 require) (Theme $e0 $x0))
p203490	0.05218	-0.00257	0.04982	0.03004	0.00294	-0.02609	0.00428	0.01496	0.04813	0.00339	-0.00203	-0.02031	0.02819	-0.00274	-0.00579	-0.02379	-0.04050	0.05820	-0.01296	-0.00527	-0.03101	0.01823	-0.03336	-0.03483	0.00402	0.05312	-0.01791	0.00473	-0.00101	-0.01054	-0.00096	-0.00318	(And (Holder $e0 $x0) (Member $x0 permit) (Theme $e0 $x1))
p203491	0.12874	-0.01221	0.12627	0.07138	0.00552	-0.06079	-0.01253	0.08212	0.10880	-0.00899	-0.00824	-0.11572	0.02558	-0.02712	-0.01109	-0.03774	-0.09712	0.17785	-0.02248	-0.00758	-0.05055	0.07042	-0.08537	-0.08098	0.00697	0.16465	-0.05673	0.00360	0.03203	-0.04039	-0.00524	-0.00492	(And (Holder $e0 $x0) (Member $x0 recipe) (Theme $e0 $x1))
p203492	-0.01930	-0.01902	-0.04515	0.04238	0.00517	-0.04082	-0.01987	-0.06024	-0.03576	0.04379	-0.05907	0.00828	-0.03255	0.05982	-0.04459	-0.00447	-0.00140	0.05695	-0.00977	-0.03571	0.19486	0.00785	-0.02375	0.01476	-0.00854	0.10495	-0.03119	-0.00545	-0.02664	0.02467	0.03658	0.08567	(And (Inheritance afternoon_session session) (Member $x0 afternoon_session) (Patient $e0 $x0))
p203493	0.00113	0.00288	-0.00684	0.15004	-0.05823	0.12297	-0.06051	0.02495	0.07165	-0.01033	-0.07129	-0.05784	0.00361	0.00248	0.08525	0.08390	-0.00403	-0.05003	0.15524	-0.02381	-0.00710	-0.02296	-0.02376	-0.04735	-0.04902	-0.04666	-0.01663	-0.02209	-0.01619	-0.06277	0.02524	-0.00351	(And (Inheritance dress_rehearsal rehearsal) (Member $x0 dress_rehearsal) (Patient $e0 $x0))
p203494	0.02163	-0.00110	0.03229	0.02606	0.00271	-0.02084	-0.00252	0.00280	0.02763	0.02626	-0.00636	-0.02721	-0.00933	0.00931	-0.00688	-0.00211	-0.01842	0.04713	-0.01041	-0.00513	-0.01146	0.00434	-0.02434	-0.02423	-0.00372	0.03680	-0.01135	0.01187	-0.00971	-0.00891	-0.00374	-0.00464	(And (Inheritance monthly_servicing monthly) (Inheritance monthly_servicing servicing) (Theme $e0 monthly_servicing))
p203495	-0.01934	-0.01889	-0.04472	0.04293	0.00446	-0.04019	-0.01955	-0.06020	-0.03603	0.04372	-0.05900	0.00848	-0.03221	0.06030	-0.04495	-0.00526	-0.00066	0.05669	-0.01014	-0.03541	0.19429	0.00791	-0.02377	0.01408	-0.00825	0.10486	-0.03122	-0.00549	-0.02673	0.02567	0.03661	0.08495	(And (Inheritance summer_fair fair) (Member $x0 summer_fair) (Patient $e0 $x0))
p203496	0.11943	0.02017	-0.11428	-0.04444	-0.02864	0.09376	-0.04664	0.11978	-0.06112	0.04718	-0.01965	0.04494	0.03340	0.11273	-0.06322	-0.06307	0.13002	-0.08369	0.02267	0.00712	-0.03144	-0.10399	-0.10367	0.08415	-0.06526	0.11465	0.12193	-0.01706	0.09194	-0.09498	-0.00152	-0.01073	(And (Location $e0 $x0) (Member $e0 discover) (Member $x0 point))
p203497	-0.00207	0.15372	0.08148	0.08970	0.01039	-0.07827	-0.03582	-0.03662	-0.05891	-0.00161	-0.01599	0.01712	0.00902	-0.04638	-0.11192	-0.05022	-0.05833	-0.03597	0.14262	-0.04557	-0.03128	0.05817	0.01117	-0.02364	-0.08885	0.03244	0.09946	0.09154	-0.01760	0.22211	0.00817	-0.01617	(And (Location $e0 $x0) (Member $e0 error) (Member $x0 ledger))
p203498	-0.00016	0.17065	0.08877	0.10078	0.00988	-0.08670	-0.04214	-0.04032	-0.06627	-0.00028	-0.01815	0.02019	0.01073	-0.04820	-0.12486	-0.05346	-0.06349	-0.03813	0.16219	-0.04984	-0.03536	0.06296	0.00997	-0.02738	-0.09928	0.03674	0.10535	0.10974	-0.01985	0.24147	0.00863	-0.01628	(And (Location $e0 $x0) (Member $x0 ledger) (Stimulus $e1 $e0))
p203499	0.15118	0.00888	-0.13533	0.00432	-0.03449	-0.07640	0.15203	-0.07259	0.09557	-0.05486	-0.08571	-0.03808	-0.01939	0.13793	0.18260	0.13753	0.14748	-0.02239	-0.09277	0.11756	0.07536	0.07779	-0.09589	-0.06946	0.08150	-0.05279	0.03185	0.01481	-0.09970	-0.08544	0.00897	-0.04523	(And (Location $e0 $x0) (Member $x0 table) (Past $e0))
p203500	0.11863	0.01417	-0.11504	-0.04465	-0.03295	0.09516	-0.04559	0.12036	-0.06102	0.04473	-0.01864	0.04502	0.03565	0.11451	-0.06255	-0.06360	0.13117	-0.08342	0.01915	0.00906	-0.03140	-0.09998	-0.10386	0.08407	-0.06151	0.11488	0.11626	-0.01668	0.09329	-0.09668	-0.00196	-0.00943	(And (Location $e0 $x0) (Member $x1 wreck) (Theme $e0 $x1))
p203501	0.00159	-0.00611	-0.01859	-0.01847	0.02857	-0.01320	-0.00535	0.00446	0.00591	-0.01023	0.00109	-0.00803	0.00624	-0.01283	0.00408	0.02636	-0.01210	0.00587	0.00240	-0.01426	-0.00757	-0.00001	-0.00023	0.00778	-0.00277	-0.01189	0.00004	0.00230	0.00895	-0.01078	-0.00242	0.01500	(And (Member $e0 block) (Member $x0 lane) (Theme $e0 $x0))
p203504	0.05208	-0.02456	-0.00814	0.10446	-0.05643	0.08809	0.04136	-0.02128	-0.02520	-0.02788	0.09794	0.00368	0.05706	-0.04573	-0.03731	-0.02277	-0.01619	-0.04121	-0.05368	0.06867	-0.02263	-0.00907	-0.04585	-0.01907	0.03646	-0.01111	-0.00324	0.01246	-0.01112	0.04924	-0.03239	0.04278	(And (Member $e0 decision) (Member $e1 make) (Patient $e1 $e0))
p203505	0.04381	-0.01998	0.00167	0.06699	-0.03452	0.06072	0.14195	0.04998	-0.02144	-0.04756	0.07423	0.00800	0.05440	-0.03934	-0.01498	-0.04262	-0.01685	-0.04471	-0.07130	0.07847	-0.03669	-0.00962	-0.03937	-0.01429	-0.00749	-0.01671	0.00760	-0.00450	-0.04302	0.04844	-0.01917	0.02883	(And (Member $e0 decision) (Member $e1 reach) (Theme $e1 $e0))
p203506	-0.00036	0.00285	-0.00666	0.00340	-0.00750	0.00983	-0.00941	0.01165	0.00660	0.00270	0.00588	-0.00533	-0.00138	-0.00359	-0.00291	0.01391	-0.00194	-0.00185	0.00758	0.00391	-0.00698	-0.00679	0.00405	-0.01050	-0.01243	-0.01085	0.00565	-0.00661	0.00030	-0.00956	0.02445	-0.00857	(And (Member $e0 open) (Member $x0 door) (Patient $e0 $x0))
p203507	-0.00523	-0.02618	-0.00250	-0.01168	0.02050	0.00717	-0.01788	0.04466	0.00329	0.04231	-0.00392	-0.01625	-0.01312	0.04000	-0.02115	0.01250	-0.00925	-0.01373	-0.01279	-0.02493	-0.00201	0.04733	0.00479	-0.02825	0.03809	-0.00819	-0.02116	-0.00471	-0.03306	0.03202	-0.00062	-0.01063	(And (Member $x0 departure) (Member $x1 ferry) (Possession $x0 $x1))
p203508	-0.03568	-0.07335	0.02852	-0.02242	-0.06095	0.08367	-0.06517	0.19645	0.01585	0.12626	-0.03742	-0.06206	0.00488	0.18683	-0.08185	-0.02141	-0.04699	-0.05032	-0.03366	-0.04408	-0.03402	0.15506	0.05924	-0.10620	0.13046	-0.05631	-0.06873	-0.01628	-0.11289	0.15222	0.00204	-0.03838	(And (Member $x0 firm) (Possession $x1 $x0) (Theme $e0 $x1))
p203509	0.08308	-0.05333	0.01127	-0.02571	0.04044	-0.06245	-0.02833	-0.03341	0.00878	-0.07636	0.02976	-0.00374	0.01656	0.04411	0.14600	-0.04883	-0.04656	-0.02711	0.10794	-0.02469	-0.01776	0.00273	-0.04108	0.13289	0.08963	-0.03879	-0.03052	-0.02086	-0.01567	0.05167	-0.03599	0.01803	(And (Member $x0 gearbox) (Past $e0) (Patient $e0 $x0))
p203510	-0.00198	0.00203	-0.00081	0.01295	-0.00724	0.00552	0.00110	-0.00297	-0.00231	0.01116	-0.02777	-0.00261	0.00115	0.00221	0.00876	0.01430	0.00599	-0.00313	0.00635	-0.00418	-0.00144	0.00117	0.00467	-0.01436	-0.01586	0.00304	0.00103	-0.00694	-0.00184	-0.01017	0.03564	-0.01149	(And (Member $x0 hearing) (Patient $e0 $x0) (Time $e0 (Weekday monday)))
p203511	-0.00203	0.00192	-0.00102	0.01288	-0.00737	0.00540	0.00100	-0.00306	-0.00242	0.01106	-0.02785	-0.00268	0.00105	0.00206	0.00869	0.01418	0.00587	-0.00328	0.00624	-0.00425	-0.00155	0.00105	0.00453	-0.01444	-0.01598	0.00296	0.00095	-0.00701	-0.00194	-0.01028	0.03554	-0.01157	(And (Member $x0 hearing) (Patient $e0 $x0) (Time $e0 morning))
p203512	-0.00653	0.01308	0.03333	0.00264	0.01188	0.00350	0.00517	-0.01882	-0.01821	0.00609	-0.00866	-0.01051	0.03209	0.00431	0.00028	-0.00154	0.02035	-0.00467	-0.00052	-0.00578	-0.00441	-0.01406	-0.01381	-0.01263	-0.01496	-0.00275	0.00972	0.00187	-0.00588	-0.00085	0.00463	-0.02258	(And (Member $x0 new) (Past $e0) (Theme $e0 $x0))
p203513	0.08309	-0.05333	0.01127	-0.02571	0.04044	-0.06245	-0.02833	-0.03341	0.00878	-0.07636	0.02976	-0.00374	0.01656	0.04411	0.14600	-0.04883	-0.04656	-0.02711	0.10794	-0.02469	-0.01776	0.00273	-0.04108	0.13289	0.08963	-0.03879	-0.03052	-0.02086	-0.01567	0.05167	-0.03599	0.01803	(And (Member $x0 seized) (Past $e0) (Patient $e0 $x0))
p203514	0.00072	0.00739	-0.00583	-0.01345	-0.00051	0.00980	-0.00796	0.01446	0.00995	-0.00643	0.02976	-0.00491	-0.00457	-0.01594	-0.02115	0.00548	-0.00789	-0.00726	-0.01014	0.01049	-0.00812	0.01832	0.00684	0.00197	0.00670	-0.01054	0.00538	0.00798	0.00646	-0.00633	0.02001	-0.01174	(And (Member $x0 sound) (Past $e0) (Patient $e0 $x0))
p203515	-0.01382	-0.00821	0.01928	-0.00086	0.00101	0.00383	0.00376	-0.02185	-0.00583	-0.00328	-0.01606	-0.01587	0.03618	-0.00010	-0.00006	-0.00706	0.00807	-0.00576	0.00155	-0.00716	0.01477	0.01056	-0.00016	0.00370	-0.00064	-0.00574	0.00792	-0.00196	-0.00353	-0.00107	0.00409	-0.01176	(And (Of $x0 $x1) (Past $e0) (Theme $e0 $x0))
p203516	-0.03634	0.01859	0.01447	-0.01499	0.01877	-0.04043	0.12000	0.13269	0.01215	-0.02129	0.05205	-0.00862	-0.03762	0.05668	-0.01048	-0.00614	-0.02492	0.02160	0.08177	0.00340	0.03963	-0.02200	-0.01035	-0.02148	-0.07423	0.01835	0.00278	-0.02762	-0.06561	-0.02193	-0.02496	-0.01346	(And (Past $e0) (Past $e1) (Theme $e0 $e1))
p203517	0.00513	0.00688	-0.00321	-0.01215	-0.00511	-0.01510	-0.00973	0.01712	0.00822	-0.00461	0.03916	-0.00524	-0.00165	-0.00113	-0.01174	0.01143	-0.00274	0.02972	-0.00842	0.01259	-0.02522	-0.01199	-0.01037	-0.02251	-0.01440	-0.00567	0.00936	-0.00570	0.01770	-0.00131	0.02799	-0.00559	(And (Past $e0) (Patient $e0 $x0) (SubsetOf $x0 $x1))
p203725	-0.00204	-0.00374	-0.00836	0.00157	-0.00751	0.00768	-0.01018	0.00627	0.00334	0.00204	-0.00188	-0.00211	-0.00371	-0.00540	0.00037	0.00391	-0.00615	-0.00113	-0.00211	0.00358	0.00035	-0.00726	-0.00095	0.00230	-0.00327	-0.00752	0.00015	0.00120	0.00013	-0.00266	-0.00772	0.02485	(And (GroupOf $x0 soil_sample) (Inheritance soil_sample sample))
p203726	0.02162	-0.00110	0.03228	0.02606	0.00270	-0.02085	-0.00252	0.00280	0.02762	0.02626	-0.00637	-0.02722	-0.00934	0.00930	-0.00689	-0.00212	-0.01842	0.04713	-0.01042	-0.00514	-0.01147	0.00433	-0.02435	-0.02424	-0.00372	0.03679	-0.01136	0.01186	-0.00972	-0.00892	-0.00375	-0.00464	(And (Inheritance monthly_servicing monthly) (Theme $e0 monthly_servicing))
p203727	0.02163	-0.00110	0.03229	0.02606	0.00271	-0.02084	-0.00252	0.00280	0.02763	0.02626	-0.00636	-0.02721	-0.00933	0.00931	-0.00688	-0.00211	-0.01842	0.04713	-0.01041	-0.00513	-0.01146	0.00434	-0.02434	-0.02423	-0.00372	0.03680	-0.01135	0.01187	-0.00971	-0.00891	-0.00374	-0.00464	(And (Inheritance monthly_servicing servicing) (Theme $e0 monthly_servicing))
p203728	-0.00211	-0.00186	-0.00027	-0.00027	-0.00134	-0.00208	0.00075	-0.00225	-0.00332	-0.00035	-0.00089	0.00049	-0.00362	-0.00092	0.00132	-0.00251	0.00154	-0.00060	-0.00203	-0.00094	-0.00148	-0.00010	-0.00173	0.00251	-0.00017	0.00324	-0.00250	-0.00272	0.00051	0.00078	-0.00338	-0.00366	(And (Inheritance night_crew crew) (Member $x0 night_crew))
p203729	-0.00170	-0.00135	0.00013	0.00003	-0.00108	-0.00170	0.00099	-0.00204	-0.00319	-0.00009	-0.00054	0.00095	-0.00332	-0.00070	0.00138	-0.00225	0.00179	-0.00036	-0.00177	-0.00057	-0.00113	0.00028	-0.00136	0.00288	0.00014	0.00355	-0.00224	-0.00241	0.00085	0.00119	-0.00306	-0.00334	(And (Inheritance spoil_mound mound) (Member $x0 spoil_mound))
p203762	-0.00212	-0.00170	0.00004	-0.00014	-0.00110	-0.00175	0.00091	-0.00202	-0.00300	-0.00012	-0.00073	0.00060	-0.00345	-0.00064	0.00148	-0.00228	0.00178	-0.00030	-0.00185	-0.00083	-0.00131	0.00013	-0.00137	0.00269	0.00016	0.00334	-0.00232	-0.00254	0.00075	0.00094	-0.00316	-0.00355	(Inheritance night_crew crew)
p203763	-0.00184	-0.00410	-0.00810	0.00174	-0.00410	0.00829	-0.00948	0.00141	0.00016	0.00799	-0.00063	-0.00120	-0.00664	-0.00287	-0.00361	0.00346	-0.00441	0.00089	-0.00457	0.00016	0.00494	-0.00559	-0.00273	-0.00004	-0.00294	-0.00202	-0.00087	0.00087	-0.00130	0.00073	-0.00729	0.02249	(Inheritance night_delivery delivery)
p203764	-0.00219	-0.00393	-0.00864	0.00140	-0.00771	0.00750	-0.01036	0.00612	0.00316	0.00187	-0.00205	-0.00227	-0.00389	-0.00563	0.00022	0.00372	-0.00633	-0.00135	-0.00232	0.00343	0.00015	-0.00745	-0.00116	0.00214	-0.00345	-0.00770	-0.00000	0.00103	-0.00003	-0.00286	-0.00790	0.02468	(Inheritance soil_sample sample)
p203765	-0.00165	-0.00127	0.00020	0.00010	-0.00100	-0.00162	0.00106	-0.00196	-0.00311	-0.00001	-0.00048	0.00101	-0.00326	-0.00062	0.00145	-0.00218	0.00186	-0.00028	-0.00170	-0.00050	-0.00106	0.00036	-0.00127	0.00295	0.00023	0.00361	-0.00216	-0.00233	0.00092	0.00126	-0.00298	-0.00328	(Inheritance spoil_mound mound)
p203790	0.11943	0.02017	-0.11428	-0.04444	-0.02864	0.09376	-0.04664	0.11978	-0.06112	0.04718	-0.01965	0.04494	0.03340	0.11273	-0.06322	-0.06307	0.13002	-0.08369	0.02267	0.00712	-0.03144	-0.10399	-0.10367	0.08415	-0.06526	0.11465	0.12193	-0.01706	0.09194	-0.09498	-0.00152	-0.01073	(And (Agent $e0 $x0) (Location $e0 $x1) (Member $e0 discover) (Theme $e0 $x2))
p203791	0.00800	0.01959	0.02833	0.01764	-0.01393	-0.02809	-0.00815	0.00355	-0.01983	0.06426	0.00278	-0.00986	0.00626	-0.03741	0.02848	0.02834	0.00747	-0.00697	-0.02243	0.03415	-0.00776	0.01919	-0.01053	0.04650	-0.03325	-0.01270	-0.00799	0.00120	0.01659	-0.00050	0.00136	-0.01155	(And (Agent $e0 $x0) (Member $e0 acquire) (Past $e0) (Theme $e0 $x1))
p203792	0.00800	0.01959	0.02834	0.01763	-0.01393	-0.02809	-0.00814	0.00354	-0.01983	0.06427	0.00279	-0.00986	0.00625	-0.03741	0.02848	0.02834	0.00748	-0.00697	-0.02245	0.03416	-0.00778	0.01920	-0.01054	0.04651	-0.03325	-0.01270	-0.00799	0.00119	0.01659	-0.00049	0.00136	-0.01157	(And (Agent $e0 $x0) (Member $e0 purchase) (Past $e0) (Theme $e0 $x1))
p203793	-0.01119	0.00515	-0.00233	-0.01123	0.03261	-0.01839	-0.00064	0.00176	-0.00155	-0.00561	-0.00536	-0.01146	0.01088	0.00647	0.01142	0.02305	0.00331	0.00301	0.00361	-0.01366	-0.01481	-0.01285	-0.00323	-0.01103	-0.01304	-0.01065	0.00696	0.00049	-0.00370	-0.02154	0.00191	-0.00238	(And (Agent $e0 $x0) (Member $e0 receive) (Source $e0 $x1) (Theme $e0 $x2))
p203794	-0.00524	-0.08509	0.00119	-0.00751	-0.01008	-0.00832	0.02524	-0.11452	-0.03086	0.12204	-0.01486	-0.00240	0.00542	-0.04268	-0.02221	-0.00886	0.02216	0.01748	0.06041	-0.05947	0.01326	0.01315	0.03747	-0.01829	0.11282	0.01125	-0.00872	0.03323	0.14070	-0.01725	-0.01420	0.02703	(And (Agent $e0 $x0) (Member $e0 start) (Past $e0) (Theme $e0 $e1))
p203795	-0.01164	-0.04726	0.00144	-0.05831	0.08827	0.09225	-0.01372	-0.00548	0.02281	0.17944	-0.02510	-0.08220	0.00112	-0.08594	0.18239	-0.07062	-0.01907	0.14303	-0.10779	0.10398	-0.01401	-0.17001	-0.02510	-0.09486	-0.00362	-0.07049	0.21098	-0.00816	-0.05034	0.13201	0.00142	0.00562	(And (Agent $e0 $x0) (Member $e0 teach) (Recipient $e0 $x1) (Theme $e0 glazing))
p203796	0.00045	0.00088	0.00691	0.01088	-0.03906	-0.00732	-0.01013	-0.01879	-0.01983	0.01274	0.00136	-0.01990	0.05771	-0.02113	0.01170	-0.02183	-0.03293	0.00550	0.00715	0.07677	0.02905	0.00291	0.00078	0.02894	-0.00991	-0.00521	0.00050	-0.00169	0.00345	0.01064	-0.00265	0.01425	(And (Member $e0 sell) (Past $e0) (Recipient $e0 $x0) (Theme $e0 $x1))
p203834	-0.00095	-0.00814	-0.01709	0.04331	-0.03178	0.04260	-0.03450	0.02264	0.03220	0.00113	-0.01712	-0.02400	-0.00041	-0.00735	0.02294	0.02996	-0.01290	-0.01497	0.03019	0.00401	-0.00183	-0.02119	-0.00925	-0.00851	-0.01364	-0.02921	-0.00117	-0.00022	-0.00208	-0.02526	-0.01100	0.04390	(And (Agent $e0 $x0) (Future $e0) (Member $e0 arrive))
p203835	0.10086	-0.03016	-0.01107	-0.01680	-0.01284	0.02919	-0.00871	-0.05007	-0.02682	0.01897	-0.02105	0.02087	-0.00748	-0.04451	-0.01424	0.00065	0.00075	0.01689	0.00490	-0.03366	0.00441	0.00950	0.09869	-0.02192	0.03149	-0.03227	-0.01482	0.01755	0.05069	0.00613	-0.00622	0.01992	(And (Agent $e0 $x0) (Goal $e0 $x1) (Member $e0 walk))
p203836	0.11943	0.02017	-0.11428	-0.04444	-0.02864	0.09376	-0.04664	0.11978	-0.06112	0.04718	-0.01965	0.04494	0.03340	0.11273	-0.06322	-0.06307	0.13002	-0.08369	0.02267	0.00712	-0.03144	-0.10399	-0.10367	0.08415	-0.06526	0.11465	0.12193	-0.01706	0.09194	-0.09498	-0.00152	-0.01073	(And (Agent $e0 $x0) (Location $e0 $x1) (Member $e0 discover))
p203837	-0.00062	-0.00149	-0.00574	-0.00729	-0.01007	0.01668	-0.01541	-0.00979	-0.00184	-0.01442	0.00003	0.00342	0.00488	-0.02780	-0.00899	-0.00294	-0.02417	-0.01710	-0.00595	-0.00230	-0.00571	0.03304	0.01316	0.01097	0.00629	-0.01601	0.03891	-0.00025	0.02682	-0.00946	-0.00720	0.03735	(And (Agent $e0 $x0) (Location $e0 $x1) (Member $e0 walk))
p203838	0.00800	0.01959	0.02833	0.01764	-0.01393	-0.02809	-0.00815	0.00355	-0.01983	0.06426	0.00278	-0.00986	0.00626	-0.03741	0.02848	0.02834	0.00747	-0.00697	-0.02243	0.03415	-0.00776	0.01919	-0.01053	0.04650	-0.03325	-0.01270	-0.00799	0.00120	0.01659	-0.00050	0.00136	-0.01155	(And (Agent $e0 $x0) (Member $e0 acquire) (Past $e0))
p203839	0.00800	0.01959	0.02833	0.01764	-0.01393	-0.02809	-0.00815	0.00355	-0.01983	0.06426	0.00278	-0.00986	0.00626	-0.03741	0.02848	0.02834	0.00747	-0.00697	-0.02243	0.03415	-0.00776	0.01919	-0.01053	0.04650	-0.03325	-0.01270	-0.00799	0.00120	0.01659	-0.00050	0.00136	-0.01155	(And (Agent $e0 $x0) (Member $e0 acquire) (Theme $e0 $x1))
p203840	0.00185	-0.00588	-0.01839	-0.01825	0.02878	-0.01302	-0.00513	0.00465	0.00610	-0.01003	0.00130	-0.00780	0.00646	-0.01262	0.00431	0.02656	-0.01191	0.00607	0.00262	-0.01404	-0.00735	0.00021	-0.00004	0.00800	-0.00258	-0.01166	0.00025	0.00251	0.00915	-0.01056	-0.00221	0.01522	(And (Agent $e0 $x0) (Member $e0 block) (Theme $e0 $x1))
p203841	0.00445	-0.00532	-0.00445	-0.00836	-0.00502	-0.02633	0.12933	0.06561	-0.01208	-0.02973	-0.02884	0.02136	0.01347	-0.00651	0.01194	-0.01751	-0.01149	-0.01071	-0.03992	0.04099	-0.01878	0.00208	0.00782	-0.00165	-0.04889	-0.01778	0.02875	-0.01249	-0.04701	0.00501	0.03811	0.02455	(And (Agent $e0 $x0) (Member $e0 cause) (Theme $e0 $e1))
p203842	0.05048	-0.03142	-0.03718	-0.05327	0.04281	-0.06210	-0.06072	0.14891	0.05635	-0.05862	0.00028	-0.07967	0.04921	-0.07614	0.05417	0.06368	-0.07785	0.07739	0.00327	-0.01834	-0.04838	0.03090	-0.04033	-0.05691	-0.01784	-0.04016	-0.01201	0.02022	0.12433	-0.01586	-0.00869	0.08032	(And (Agent $e0 $x0) (Member $e0 contain) (Theme $e0 $x1))
p203843	-0.00413	0.03728	0.01938	0.00104	-0.00710	0.02169	-0.01994	0.00839	0.01383	-0.00357	0.00165	-0.00768	-0.01428	0.00479	-0.01164	-0.00635	0.02359	-0.00101	-0.00715	0.00837	-0.00888	-0.01830	-0.01237	-0.01877	0.01314	-0.01028	-0.01190	-0.00804	-0.00548	-0.00689	-0.01606	0.00559	(And (Agent $e0 $x0) (Member $e0 jump) (Past $e0))
p203844	0.05208	-0.02456	-0.00814	0.10446	-0.05643	0.08809	0.04136	-0.02128	-0.02520	-0.02788	0.09794	0.00368	0.05706	-0.04573	-0.03731	-0.02277	-0.01619	-0.04121	-0.05368	0.06867	-0.02263	-0.00907	-0.04586	-0.01907	0.03646	-0.01111	-0.00324	0.01246	-0.01112	0.04924	-0.03239	0.04278	(And (Agent $e0 $x0) (Member $e0 make) (Patient $e0 $e1))
p203845	0.00800	0.01959	0.02834	0.01763	-0.01393	-0.02809	-0.00814	0.00354	-0.01983	0.06427	0.00279	-0.00986	0.00625	-0.03741	0.02848	0.02834	0.00748	-0.00697	-0.02245	0.03416	-0.00777	0.01920	-0.01054	0.04651	-0.03325	-0.01270	-0.00799	0.00119	0.01659	-0.00049	0.00136	-0.01157	(And (Agent $e0 $x0) (Member $e0 purchase) (Past $e0))
p203846	0.00800	0.01959	0.02834	0.01763	-0.01393	-0.02809	-0.00814	0.00354	-0.01983	0.06427	0.00279	-0.00986	0.00625	-0.03741	0.02848	0.02834	0.00748	-0.00697	-0.02245	0.03416	-0.00778	0.01920	-0.01054	0.04651	-0.03325	-0.01270	-0.00799	0.00119	0.01659	-0.00049	0.00136	-0.01157	(And (Agent $e0 $x0) (Member $e0 purchase) (Theme $e0 $x1))
p203847	0.04381	-0.01998	0.00167	0.06699	-0.03452	0.06072	0.14194	0.04998	-0.02144	-0.04756	0.07423	0.00800	0.05440	-0.03934	-0.01498	-0.04262	-0.01685	-0.04471	-0.07130	0.07847	-0.03669	-0.00962	-0.03937	-0.01429	-0.00749	-0.01671	0.00760	-0.00451	-0.04302	0.04844	-0.01917	0.02884	(And (Agent $e0 $x0) (Member $e0 reach) (Theme $e0 $e1))
p203848	-0.01120	0.00514	-0.00234	-0.01125	0.03260	-0.01840	-0.00065	0.00175	-0.00156	-0.00562	-0.00537	-0.01147	0.01086	0.00646	0.01141	0.02304	0.00330	0.00301	0.00360	-0.01367	-0.01482	-0.01286	-0.00324	-0.01105	-0.01305	-0.01066	0.00695	0.00048	-0.00371	-0.02155	0.00190	-0.00239	(And (Agent $e0 $x0) (Member $e0 receive) (Source $e0 $x1))
p203849	-0.01113	0.00520	-0.00232	-0.01118	0.03265	-0.01835	-0.00059	0.00180	-0.00152	-0.00556	-0.00531	-0.01141	0.01091	0.00650	0.01147	0.02308	0.00334	0.00304	0.00365	-0.01360	-0.01477	-0.01282	-0.00320	-0.01098	-0.01300	-0.01060	0.00701	0.00054	-0.00366	-0.02149	0.00195	-0.00234	(And (Agent $e0 $x0) (Member $e0 receive) (Theme $e0 $x1))
p203850	-0.00524	-0.08509	0.00119	-0.00751	-0.01008	-0.00832	0.02524	-0.11452	-0.03086	0.12204	-0.01486	-0.00240	0.00542	-0.04268	-0.02221	-0.00886	0.02216	0.01748	0.06041	-0.05947	0.01326	0.01315	0.03747	-0.01829	0.11282	0.01125	-0.00872	0.03323	0.14070	-0.01725	-0.01420	0.02703	(And (Agent $e0 $x0) (Member $e0 start) (Past $e0))
p203851	-0.00524	-0.08509	0.00119	-0.00751	-0.01008	-0.00832	0.02524	-0.11452	-0.03086	0.12204	-0.01486	-0.00240	0.00542	-0.04268	-0.02221	-0.00886	0.02216	0.01748	0.06041	-0.05947	0.01326	0.01315	0.03747	-0.01829	0.11282	0.01125	-0.00872	0.03323	0.14070	-0.01725	-0.01420	0.02703	(And (Agent $e0 $x0) (Member $e0 start) (Theme $e0 $e1))
p203852	-0.01011	0.05747	0.00885	-0.00338	-0.01466	0.01887	-0.03962	0.00737	0.00293	-0.01049	0.01811	0.00178	0.00015	-0.01314	-0.01787	-0.00997	-0.01915	-0.00294	-0.01046	0.01131	-0.01463	0.00031	-0.00227	-0.01747	0.03250	-0.01065	0.00858	-0.00376	0.01395	-0.01536	-0.02152	0.04640	(And (Agent $e0 $x0) (Member $e0 swim) (Ongoing $e0))
p203853	-0.01164	-0.04726	0.00144	-0.05831	0.08827	0.09225	-0.01372	-0.00548	0.02281	0.17944	-0.02510	-0.08220	0.00112	-0.08594	0.18239	-0.07062	-0.01907	0.14303	-0.10779	0.10398	-0.01401	-0.17001	-0.02510	-0.09486	-0.00362	-0.07049	0.21098	-0.00816	-0.05034	0.13201	0.00142	0.00562	(And (Agent $e0 $x0) (Member $e0 teach) (Theme $e0 glazing))
p203855	-0.01164	-0.04726	0.00144	-0.05831	0.08827	0.09225	-0.01372	-0.00548	0.02281	0.17943	-0.02511	-0.08221	0.00111	-0.08594	0.18238	-0.07062	-0.01907	0.14303	-0.10780	0.10398	-0.01402	-0.17001	-0.02510	-0.09487	-0.00363	-0.07050	0.21097	-0.00817	-0.05035	0.13200	0.00141	0.00562	(And (Agent $e0 $x0) (Recipient $e0 $x1) (Theme $e0 glazing))
p203856	-0.00322	-0.00585	-0.01158	-0.00923	0.00024	-0.00709	-0.00657	-0.00220	0.00653	0.00671	0.02887	-0.00499	-0.00423	-0.01027	-0.01421	0.01175	-0.00119	0.00191	-0.00107	0.00188	-0.01019	0.01074	0.00217	-0.00355	-0.00174	-0.00755	0.01487	-0.00807	0.01521	-0.00476	0.02275	-0.01306	(And (Already $e0) (Past $e0) (Patient $e0 $x0))
p203857	0.02494	0.03113	-0.01178	-0.00279	-0.01309	-0.01893	0.01025	-0.01584	-0.00742	-0.00922	-0.00633	0.01034	0.00285	0.03001	0.01840	0.02104	0.01543	0.00745	-0.01423	0.02361	-0.01208	0.00033	-0.02024	-0.03113	0.02462	-0.00392	-0.00483	0.03794	-0.01425	-0.02019	-0.00344	-0.00618	(And (Experiencer $e0 $x0) (Member $e0 sleep) (Ongoing $e0))
p203858	0.16765	0.02683	-0.14414	0.00398	-0.04111	-0.08787	0.15339	-0.07098	0.09403	-0.04911	-0.08550	-0.03127	-0.03079	0.16169	0.19714	0.16070	0.16041	-0.01034	-0.09834	0.13258	0.06392	0.05464	-0.10581	-0.09384	0.08627	-0.05448	0.02179	0.03972	-0.11247	-0.09484	0.00612	-0.04630	(And (Experiencer $e0 $x0) (Ongoing $e0) (Past $e0))
p203859	-0.00047	-0.00160	-0.00900	0.11891	-0.05151	0.10659	-0.05062	0.01809	0.06496	-0.00367	-0.06375	-0.05109	0.00376	-0.00115	0.07680	0.07825	-0.00123	-0.04278	0.11986	-0.01829	-0.00920	-0.02249	-0.01525	-0.04157	-0.04163	-0.04432	-0.01193	-0.01943	-0.01032	-0.05723	0.02782	-0.00423	(And (Future $e0) (Patient $e0 $x0) (Time $e0 (Month september)))
p203860	0.09698	-0.01456	-0.00906	-0.01465	-0.00484	0.02534	-0.00626	-0.04403	-0.02343	0.02563	-0.02057	0.01505	-0.01273	-0.03521	-0.01639	-0.00307	0.00732	0.00112	0.00657	-0.03092	0.01750	-0.00135	0.10226	-0.02055	0.04155	-0.02734	-0.00869	0.00563	0.02695	0.00525	-0.00589	0.00060	(And (Goal $e0 $x0) (Member $e0 walk) (Past $e0))
p203861	0.07813	0.00099	-0.01644	-0.02046	-0.00368	0.00674	-0.00605	-0.00668	-0.02108	-0.00136	0.01968	0.01838	-0.00103	-0.02707	-0.01866	0.01342	-0.01430	-0.00079	-0.01166	-0.00895	-0.01099	-0.00062	0.08238	-0.01977	-0.00403	-0.02620	0.01048	-0.00252	-0.00198	0.01152	0.02941	-0.01505	(And (Goal $e0 $x0) (Past $e0) (Patient $e0 $x1))
p203862	-0.00526	-0.00477	-0.00569	-0.01393	-0.00028	0.01246	-0.01055	0.01487	0.00498	-0.00073	0.03203	-0.00218	-0.00080	-0.01663	-0.01563	0.00327	-0.00901	-0.00315	-0.00611	0.00564	-0.01239	-0.00473	0.01006	0.00664	-0.00235	-0.01050	0.00512	0.01461	0.01113	-0.00537	0.01827	-0.00736	(And (Instrument $e0 $x0) (Past $e0) (Patient $e0 $x1))
p203863	0.11943	0.02017	-0.11428	-0.04444	-0.02864	0.09376	-0.04664	0.11978	-0.06112	0.04718	-0.01965	0.04494	0.03340	0.11273	-0.06322	-0.06307	0.13002	-0.08369	0.02267	0.00712	-0.03144	-0.10399	-0.10367	0.08415	-0.06526	0.11465	0.12193	-0.01706	0.09194	-0.09498	-0.00152	-0.01073	(And (Location $e0 $x0) (Member $e0 discover) (Theme $e0 $x1))
p203864	0.00800	0.01959	0.02833	0.01764	-0.01393	-0.02809	-0.00815	0.00355	-0.01983	0.06426	0.00278	-0.00986	0.00626	-0.03741	0.02848	0.02834	0.00747	-0.00697	-0.02243	0.03415	-0.00776	0.01919	-0.01053	0.04650	-0.03325	-0.01270	-0.00799	0.00120	0.01659	-0.00050	0.00136	-0.01155	(And (Member $e0 acquire) (Past $e0) (Theme $e0 $x0))
p203865	-0.09153	0.08131	0.15238	-0.06674	0.18835	0.10900	0.10046	0.10769	0.05364	-0.07093	-0.09540	-0.04821	-0.05066	-0.10083	0.12382	-0.13444	-0.07631	-0.07665	-0.08296	-0.06586	0.14302	0.00384	0.07504	0.14981	0.04728	0.12967	-0.06190	0.00606	-0.04349	-0.02873	0.05104	-0.05722	(And (Member $e0 get) (Ongoing $e0) (Patient $e0 $x0))
p203866	-0.09260	0.08094	0.15045	-0.06810	0.18836	0.11526	0.09492	0.11634	0.06098	-0.07404	-0.08779	-0.05272	-0.05417	-0.10423	0.12279	-0.13692	-0.07983	-0.08064	-0.08238	-0.06316	0.14782	0.00091	0.07357	0.15837	0.04978	0.12250	-0.06369	0.00713	-0.04213	-0.02978	0.03865	-0.05315	(And (Member $e0 get) (Ongoing $e0) (Result $e0 $e1))
p203867	-0.01608	0.01821	0.00643	-0.01146	-0.00011	0.05568	-0.02141	0.03044	0.01352	-0.01631	0.03161	-0.01219	0.00557	-0.03238	-0.02008	-0.02259	-0.02490	-0.02753	-0.01402	0.01546	0.02736	-0.01103	0.00380	0.02997	0.02502	-0.00873	-0.01211	0.01568	0.01149	-0.00655	-0.01438	0.00572	(And (Member $e0 make) (Past $e0) (Result $e0 $e1))
p203868	0.00800	0.01959	0.02834	0.01763	-0.01393	-0.02809	-0.00814	0.00354	-0.01983	0.06427	0.00279	-0.00986	0.00625	-0.03741	0.02848	0.02834	0.00748	-0.00697	-0.02245	0.03416	-0.00778	0.01920	-0.01054	0.04651	-0.03325	-0.01270	-0.00799	0.00119	0.01659	-0.00049	0.00136	-0.01157	(And (Member $e0 purchase) (Past $e0) (Theme $e0 $x0))
p203869	-0.01110	0.00522	-0.00229	-0.01116	0.03267	-0.01834	-0.00057	0.00183	-0.00150	-0.00554	-0.00529	-0.01138	0.01094	0.00653	0.01149	0.02311	0.00336	0.00307	0.00368	-0.01359	-0.01474	-0.01279	-0.00318	-0.01097	-0.01299	-0.01058	0.00703	0.00056	-0.00364	-0.02148	0.00197	-0.00231	(And (Member $e0 receive) (Source $e0 $x0) (Theme $e0 $x1))
p203870	0.00045	0.00088	0.00691	0.01088	-0.03906	-0.00732	-0.01013	-0.01879	-0.01983	0.01274	0.00136	-0.01990	0.05771	-0.02113	0.01170	-0.02183	-0.03293	0.00550	0.00716	0.07677	0.02905	0.00291	0.00078	0.02894	-0.00991	-0.00521	0.00050	-0.00169	0.00345	0.01064	-0.00265	0.01425	(And (Member $e0 sell) (Past $e0) (Recipient $e0 $x0))
p203871	0.00045	0.00088	0.00691	0.01088	-0.03906	-0.00732	-0.01013	-0.01879	-0.01983	0.01274	0.00136	-0.01990	0.05771	-0.02113	0.01170	-0.02183	-0.03293	0.00550	0.00715	0.07677	0.02905	0.00291	0.00078	0.02894	-0.00991	-0.00521	0.00050	-0.00169	0.00345	0.01064	-0.00265	0.01425	(And (Member $e0 sell) (Recipient $e0 $x0) (Theme $e0 $x1))
p203872	-0.02336	-0.03334	-0.02176	-0.00201	0.00081	-0.01131	0.02495	-0.07211	-0.02468	0.11328	-0.00884	-0.00055	0.00409	-0.01653	0.00331	0.03266	0.01745	0.00016	0.01990	-0.03418	0.00214	-0.00337	0.01323	-0.03733	0.09077	0.02369	0.00743	-0.00710	0.08688	-0.02193	0.06775	-0.04598	(And (Member $e0 start) (Patient $e0 $x0) (Theme $e0 $e1))
p203873	-0.02156	-0.03119	0.01150	-0.00156	-0.00740	-0.00218	0.01218	-0.04970	-0.02421	0.02630	-0.01747	-0.01047	0.05049	-0.00569	-0.00195	-0.01853	-0.00137	0.00290	0.02198	-0.02151	0.03060	0.01074	0.00618	-0.00756	0.03278	0.00373	0.01371	0.00532	0.03351	-0.00307	0.00944	0.00254	(And (Member $e0 take) (Past $e0) (Theme $e0 $x0))
p203874	-0.01164	-0.04726	0.00144	-0.05831	0.08827	0.09225	-0.01372	-0.00548	0.02281	0.17944	-0.02510	-0.08221	0.00112	-0.08594	0.18239	-0.07062	-0.01907	0.14303	-0.10779	0.10398	-0.01401	-0.17001	-0.02510	-0.09487	-0.00363	-0.07049	0.21098	-0.00816	-0.05034	0.13200	0.00141	0.00562	(And (Member $e0 teach) (Recipient $e0 $x0) (Theme $e0 glazing))
p203875	0.00168	-0.02030	-0.00130	-0.02071	0.00450	0.03728	-0.01940	0.00308	-0.00145	0.00555	0.04068	0.00022	0.00672	-0.03994	-0.02624	0.00298	-0.00609	-0.01584	-0.01275	-0.00768	-0.01184	-0.00273	0.03947	0.01733	0.01052	-0.01103	-0.00080	0.04577	0.02741	-0.00584	0.02388	-0.01372	(And (Member $e0 turn) (Past $e0) (Patient $e0 $x0))
p203876	0.04720	0.11993	-0.01758	-0.01216	0.10951	-0.07607	-0.02742	0.02727	-0.00978	0.04198	-0.01017	0.00451	-0.06025	-0.04445	-0.04085	0.03598	-0.01905	-0.03792	0.09094	-0.03982	0.00768	-0.05996	-0.02055	0.04364	-0.08880	0.03229	0.08758	-0.00952	-0.02551	0.08265	0.00362	-0.01525	(And (Member $x0 file) (Member $x0 missing) (Theme $e0 $x0))
p203877	0.08308	-0.05333	0.01127	-0.02571	0.04044	-0.06245	-0.02833	-0.03341	0.00878	-0.07636	0.02976	-0.00374	0.01656	0.04411	0.14599	-0.04883	-0.04656	-0.02711	0.10794	-0.02469	-0.01776	0.00273	-0.04108	0.13289	0.08963	-0.03879	-0.03052	-0.02086	-0.01567	0.05167	-0.03599	0.01803	(And (Member $x0 gearbox) (Member $x0 seized) (Patient $e0 $x0))
p203878	0.04474	-0.02073	-0.01333	0.08052	-0.00442	0.06380	0.07627	-0.01823	-0.02470	-0.01675	0.09483	0.00824	0.02812	-0.03944	-0.02943	-0.00453	0.00844	-0.03928	-0.05898	0.03597	-0.01119	-0.00278	-0.04411	-0.02054	0.01958	0.00703	-0.00534	0.00158	-0.01976	0.04567	-0.02312	0.01110	(And (Member $x0 new) (Member $x0 roof) (Theme $e0 $x0))
p203880	-0.03568	-0.07335	0.02852	-0.02242	-0.06095	0.08367	-0.06517	0.19645	0.01585	0.12626	-0.03742	-0.06206	0.00488	0.18683	-0.08185	-0.02141	-0.04699	-0.05032	-0.03366	-0.04408	-0.03402	0.15506	0.05924	-0.10620	0.13046	-0.05631	-0.06873	-0.01628	-0.11289	0.15222	0.00204	-0.03838	(And (Member $x0 tender) (Possession $x0 $x1) (Theme $e0 $x0))
p203881	-0.00267	0.07089	0.02923	-0.00561	-0.00227	0.01053	-0.01659	-0.01126	-0.01728	-0.01198	-0.00243	-0.00336	0.03605	0.01122	-0.00686	-0.00107	0.02008	-0.00357	-0.00870	0.01445	-0.01068	-0.02238	-0.02047	-0.03602	0.03492	-0.00112	-0.00814	-0.00939	-0.01112	-0.01173	-0.00241	-0.01684	(And (Ongoing $e0) (Past $e0) (Theme $e0 $x0))
p203882	-0.02302	-0.02585	-0.01877	-0.01774	0.00532	-0.03271	0.04822	-0.02472	-0.02261	0.08746	0.03159	0.00306	-0.00207	-0.00161	-0.01343	0.02467	0.00418	0.01093	0.02423	-0.01736	-0.00860	-0.00721	0.00444	-0.03390	0.04918	0.02026	0.01287	0.00314	0.06111	-0.01744	0.04780	-0.03981	(And (Past $e0) (Patient $e0 $x0) (Theme $e0 $e1))
p203883	-0.01522	0.00383	0.02253	-0.00633	0.00868	-0.00099	0.00231	-0.01429	-0.01211	-0.00296	-0.00974	-0.01363	0.03603	0.00522	0.00740	-0.00317	0.00744	0.00838	0.00512	-0.00858	0.00547	-0.01300	-0.00374	-0.01266	-0.00714	-0.00368	0.00925	-0.00038	-0.00656	-0.00760	0.00336	-0.01438	(And (Past $e0) (Source $e0 $x0) (Theme $e0 $x1))
p203885	-0.00215	0.00181	-0.00113	0.01276	-0.00747	0.00532	0.00090	-0.00316	-0.00251	0.01095	-0.02795	-0.00280	0.00095	0.00196	0.00858	0.01408	0.00579	-0.00339	0.00612	-0.00435	-0.00166	0.00094	0.00443	-0.01454	-0.01607	0.00284	0.00085	-0.00713	-0.00204	-0.01039	0.03543	-0.01168	(And (Patient $e0 $x0) (Time $e0 (Weekday monday)) (Time $e0 morning))
p203999	0.00043	0.02748	-0.00020	-0.00319	-0.00373	0.00593	-0.02082	0.00775	0.00673	-0.00056	0.00346	-0.00416	-0.00537	0.00769	-0.00940	0.00921	0.00798	0.00428	-0.00045	0.00815	-0.00541	-0.01764	-0.01109	-0.01631	0.01252	-0.00935	-0.00599	0.00940	-0.00577	-0.01149	-0.01354	0.01737	(And (Agent $e0 $x0) (For $e0 $x1))
p204000	-0.00005	0.05195	0.00936	0.00240	-0.01341	0.01874	-0.02546	0.00674	0.00010	-0.00648	0.00005	0.00389	-0.00321	-0.00175	-0.01755	-0.00589	-0.00062	-0.00342	-0.00729	0.01673	-0.00382	-0.01803	-0.01189	-0.01656	0.01912	-0.00542	-0.00865	-0.00630	-0.00309	-0.00486	-0.00513	0.02486	(And (Agent $e0 $x0) (GroupOf $x0 boy))
p204001	0.03096	0.01086	-0.00304	-0.00582	-0.00212	0.01071	-0.01470	-0.00147	-0.00128	0.00048	-0.00642	0.00179	-0.00612	-0.00229	-0.00934	0.00840	0.00873	0.00232	-0.00462	-0.00435	-0.00335	-0.01112	0.02197	-0.01662	0.00265	-0.01790	-0.00553	0.01365	-0.00716	-0.00270	-0.00760	0.01194	(And (Agent $e0 $x0) (GroupOf $x0 student))
p204002	0.00800	0.01959	0.02833	0.01764	-0.01393	-0.02809	-0.00815	0.00355	-0.01983	0.06426	0.00278	-0.00986	0.00626	-0.03741	0.02848	0.02834	0.00747	-0.00697	-0.02243	0.03415	-0.00776	0.01919	-0.01053	0.04650	-0.03325	-0.01270	-0.00799	0.00120	0.01659	-0.00050	0.00136	-0.01155	(And (Agent $e0 $x0) (Member $e0 acquire))
p204003	-0.00447	-0.00790	-0.01075	0.00203	-0.00367	0.01492	-0.01329	-0.00179	0.00175	0.01140	0.00045	-0.00251	-0.00635	-0.00782	-0.00568	0.00385	-0.00888	-0.00213	-0.00529	-0.00303	0.00868	0.00367	-0.00053	0.00516	-0.00510	-0.00270	0.01025	0.00193	0.00455	-0.00051	-0.00798	0.03354	(And (Agent $e0 $x0) (Member $e0 allow))
p204004	0.05048	-0.03142	-0.03718	-0.05327	0.04281	-0.06210	-0.06072	0.14891	0.05635	-0.05862	0.00028	-0.07967	0.04921	-0.07614	0.05417	0.06368	-0.07785	0.07739	0.00327	-0.01834	-0.04838	0.03090	-0.04033	-0.05691	-0.01784	-0.04016	-0.01201	0.02022	0.12433	-0.01586	-0.00869	0.08032	(And (Agent $e0 $x0) (Member $e0 contain))
p204005	-0.00251	0.01020	0.00370	-0.00631	-0.00534	-0.00917	0.00255	0.00746	-0.00259	-0.00931	0.01708	0.00583	-0.00252	0.00746	-0.01148	-0.00790	0.00113	0.00853	0.00050	0.00920	-0.01429	-0.00895	-0.01229	-0.00552	0.00048	-0.00533	-0.00420	-0.00140	-0.00552	0.00286	0.00157	0.02003	(And (Agent $e0 $x0) (Member $e0 eat))
p204006	-0.01014	0.00679	0.00624	-0.00009	-0.00394	0.01712	-0.01067	-0.00127	0.01532	-0.00731	-0.00194	-0.00775	-0.00782	-0.00983	-0.00618	-0.00446	0.00461	-0.01112	-0.00706	0.00091	-0.00130	0.01367	-0.00420	0.00532	0.00402	-0.01065	0.01182	-0.00511	0.00912	-0.00827	-0.01076	0.02030	(And (Agent $e0 $x0) (Member $e0 fly))
p204007	-0.00432	0.03708	0.01917	0.00085	-0.00729	0.02149	-0.02013	0.00820	0.01363	-0.00377	0.00146	-0.00788	-0.01447	0.00458	-0.01184	-0.00655	0.02339	-0.00122	-0.00735	0.00818	-0.00908	-0.01850	-0.01258	-0.01896	0.01294	-0.01047	-0.01209	-0.00822	-0.00567	-0.00708	-0.01626	0.00540	(And (Agent $e0 $x0) (Member $e0 jump))
p204008	-0.01346	-0.00311	0.00787	-0.00633	0.00962	0.00562	-0.00495	-0.00434	0.00360	0.00434	-0.00870	-0.00930	0.00341	-0.00374	-0.00002	-0.00018	0.01148	0.00212	-0.00215	0.01114	-0.00384	-0.00919	0.00432	-0.00248	-0.00432	-0.00684	0.00203	0.00052	-0.00480	-0.00048	-0.00261	0.00390	(And (Agent $e0 $x0) (Member $e0 provide))
p204009	0.00800	0.01959	0.02834	0.01763	-0.01393	-0.02809	-0.00814	0.00354	-0.01983	0.06427	0.00279	-0.00986	0.00625	-0.03741	0.02848	0.02834	0.00748	-0.00697	-0.02245	0.03416	-0.00777	0.01920	-0.01054	0.04651	-0.03325	-0.01270	-0.00799	0.00119	0.01659	-0.00049	0.00136	-0.01157	(And (Agent $e0 $x0) (Member $e0 purchase))
p204010	-0.00524	-0.08509	0.00119	-0.00751	-0.01008	-0.00832	0.02524	-0.11452	-0.03086	0.12204	-0.01486	-0.00240	0.00542	-0.04268	-0.02221	-0.00886	0.02216	0.01748	0.06041	-0.05947	0.01326	0.01315	0.03747	-0.01829	0.11282	0.01125	-0.00872	0.03323	0.14070	-0.01725	-0.01420	0.02703	(And (Agent $e0 $x0) (Member $e0 start))
p204011	-0.01011	0.05747	0.00885	-0.00338	-0.01466	0.01887	-0.03962	0.00737	0.00293	-0.01049	0.01811	0.00178	0.00015	-0.01314	-0.01787	-0.00997	-0.01915	-0.00294	-0.01046	0.01131	-0.01463	0.00031	-0.00227	-0.01747	0.03250	-0.01065	0.00858	-0.00376	0.01395	-0.01536	-0.02152	0.04640	(And (Agent $e0 $x0) (Member $e0 swim))
p204012	0.05562	0.03269	0.02193	-0.00722	-0.00192	-0.00224	0.07972	0.05083	-0.01204	-0.02228	-0.04220	0.01740	-0.00543	-0.00340	-0.00602	-0.02260	0.00317	-0.00998	-0.00191	0.00804	-0.01255	-0.00646	0.04265	-0.02440	-0.03062	-0.01864	-0.00716	-0.00983	-0.04976	0.00307	0.01824	0.02509	(And (Agent $e0 $x0) (Member $e0 try))
p204013	-0.00148	-0.00549	-0.01012	-0.00386	0.00174	0.00375	-0.00667	0.00449	0.00113	-0.00108	-0.00004	-0.00099	0.00128	-0.00566	-0.00024	0.00655	-0.00543	-0.00075	-0.00326	0.00018	-0.00170	-0.00298	0.00045	0.00289	0.00030	-0.00727	0.00025	0.00233	0.00036	-0.00253	-0.00587	0.02421	(And (Agent $e0 $x0) (Member $e0 use))
p204014	-0.00285	-0.00811	-0.02279	-0.00363	0.02084	-0.01834	-0.00732	-0.00729	-0.00469	0.00523	-0.01205	-0.00082	-0.00098	0.00545	-0.00633	0.01984	-0.00622	0.00694	0.00132	-0.01422	0.02654	0.00246	-0.00423	0.00809	-0.00316	0.01158	-0.00477	0.00063	-0.00866	-0.00680	0.00804	0.02682	(And (Agent $e0 $x0) (Member $x0 airline))
p204015	-0.06682	0.00437	0.12009	-0.07030	-0.04581	0.03740	-0.00120	-0.06003	-0.05596	0.00369	0.13570	0.06711	0.01762	0.11977	0.11707	0.11273	-0.11053	-0.01052	-0.01190	-0.02975	-0.05618	-0.03457	0.11432	-0.12082	-0.02893	0.14130	0.03034	-0.00434	-0.01870	-0.08305	-0.02519	0.01709	(And (Agent $e0 $x0) (Member $x0 biologist))
p204016	-0.00712	0.01027	0.02116	0.00141	-0.00367	0.01309	-0.00842	-0.00441	0.00924	-0.00200	0.00045	-0.00990	-0.00189	0.00648	-0.01252	-0.00722	0.02272	-0.00880	-0.01601	0.00214	-0.00777	0.01484	-0.01189	-0.00982	0.01157	-0.01045	-0.00344	-0.00549	-0.00284	0.00361	-0.00071	-0.00061	(And (Agent $e0 $x0) (Member $x0 cat))
p204017	0.11248	0.02557	0.13944	0.00376	-0.07008	-0.00846	-0.01515	-0.02331	-0.02471	0.21148	0.00387	-0.01520	-0.05164	-0.03628	-0.09777	0.12922	-0.14063	-0.09454	-0.01859	0.19357	-0.00973	0.06662	-0.08957	0.17271	-0.09895	0.01032	-0.05723	-0.00133	-0.03552	-0.06994	0.00159	0.00017	(And (Agent $e0 $x0) (Member $x0 chef))
p204018	-0.00341	0.00001	-0.00596	0.00579	0.06865	-0.02726	-0.00146	-0.00326	0.00425	0.00985	0.00055	-0.00538	-0.02679	0.01548	-0.00282	0.01666	-0.01011	-0.01040	-0.00381	-0.00830	0.00942	-0.00111	0.00791	0.00907	-0.00946	-0.00708	-0.00054	-0.00453	0.00959	-0.01683	-0.00036	-0.00440	(And (Agent $e0 $x0) (Member $x0 clerk))
p204019	0.04474	-0.02073	-0.01333	0.08052	-0.00442	0.06380	0.07627	-0.01823	-0.02470	-0.01675	0.09483	0.00824	0.02812	-0.03944	-0.02943	-0.00453	0.00844	-0.03928	-0.05898	0.03597	-0.01119	-0.00278	-0.04411	-0.02054	0.01958	0.00703	-0.00534	0.00158	-0.01976	0.04567	-0.02312	0.01110	(And (Agent $e0 $x0) (Member $x0 committee))
p204020	0.00064	0.02379	0.01858	-0.00479	-0.00611	-0.01030	0.03221	0.02200	-0.01387	-0.01126	-0.02140	0.00688	0.01904	0.01377	-0.00698	-0.00721	0.00516	0.00120	-0.01061	0.01202	-0.01432	-0.00386	-0.00912	-0.01905	-0.01022	-0.01035	-0.00727	-0.00342	-0.02245	0.00094	0.02468	0.02273	(And (Agent $e0 $x0) (Member $x0 company))
p204021	-0.01934	-0.01889	-0.04472	0.04293	0.00446	-0.04019	-0.01955	-0.06020	-0.03603	0.04372	-0.05900	0.00848	-0.03221	0.06030	-0.04495	-0.00526	-0.00066	0.05669	-0.01014	-0.03541	0.19429	0.00791	-0.02377	0.01408	-0.00825	0.10486	-0.03122	-0.00549	-0.02673	0.02568	0.03661	0.08495	(And (Agent $e0 $x0) (Member $x0 council))
p204022	-0.00035	-0.00738	-0.01560	0.03390	-0.02488	0.03710	-0.02959	0.01714	0.02399	0.00545	-0.01259	-0.01862	-0.00299	-0.00502	0.01520	0.02518	-0.01088	-0.01050	0.02119	0.00246	0.00196	-0.01762	-0.00855	-0.00789	-0.01110	-0.02156	-0.00147	-0.00007	-0.00270	-0.01841	-0.01024	0.04038	(And (Agent $e0 $x0) (Member $x0 delegation))
p204023	0.11863	0.01417	-0.11504	-0.04465	-0.03295	0.09516	-0.04559	0.12036	-0.06102	0.04473	-0.01864	0.04502	0.03565	0.11451	-0.06255	-0.06360	0.13117	-0.08342	0.01915	0.00906	-0.03140	-0.09998	-0.10386	0.08407	-0.06151	0.11488	0.11626	-0.01668	0.09329	-0.09668	-0.00196	-0.00943	(And (Agent $e0 $x0) (Member $x0 diver))
p204024	0.00077	-0.00615	-0.01946	-0.01743	0.03170	-0.01383	-0.00519	0.01082	0.00536	-0.00548	0.00012	-0.00538	0.00300	-0.00929	0.00499	0.02864	-0.01042	-0.00445	0.00508	-0.01223	-0.00661	0.00008	0.00091	0.00809	-0.00198	-0.00970	0.00172	0.00034	-0.00466	-0.01541	-0.00151	0.01367	(And (Agent $e0 $x0) (Member $x0 editor))
p204025	-0.03568	-0.07335	0.02852	-0.02242	-0.06095	0.08367	-0.06517	0.19645	0.01585	0.12626	-0.03742	-0.06206	0.00488	0.18683	-0.08185	-0.02141	-0.04699	-0.05032	-0.03366	-0.04408	-0.03402	0.15506	0.05924	-0.10620	0.13046	-0.05631	-0.06873	-0.01628	-0.11289	0.15222	0.00204	-0.03838	(And (Agent $e0 $x0) (Member $x0 firm))
p204026	0.00500	-0.00281	-0.01320	-0.00266	-0.00280	-0.01964	0.04762	0.02228	-0.01103	-0.01225	-0.02458	0.01512	0.00991	0.00800	0.00253	-0.00140	-0.00593	0.00093	-0.02068	0.01829	-0.00171	-0.00282	-0.00080	-0.00140	-0.02562	-0.00855	0.00869	-0.00395	-0.02871	0.00377	0.03046	0.02853	(And (Agent $e0 $x0) (Member $x0 flood))
p204027	0.04720	0.11993	-0.01758	-0.01216	0.10951	-0.07607	-0.02742	0.02727	-0.00978	0.04198	-0.01017	0.00451	-0.06025	-0.04445	-0.04085	0.03598	-0.01905	-0.03792	0.09094	-0.03982	0.00768	-0.05996	-0.02055	0.04364	-0.08880	0.03229	0.08758	-0.00952	-0.02551	0.08265	0.00362	-0.01525	(And (Agent $e0 $x0) (Member $x0 intern))
p204028	0.08309	-0.05333	0.01127	-0.02571	0.04044	-0.06245	-0.02833	-0.03341	0.00878	-0.07636	0.02976	-0.00374	0.01656	0.04411	0.14600	-0.04883	-0.04656	-0.02711	0.10794	-0.02469	-0.01776	0.00273	-0.04108	0.13289	0.08963	-0.03879	-0.03051	-0.02086	-0.01567	0.05167	-0.03599	0.01803	(And (Agent $e0 $x0) (Member $x0 mechanic))
p204029	-0.07185	-0.03386	-0.07868	-0.03924	-0.06155	-0.03028	-0.02094	-0.00521	0.09406	-0.02686	-0.01516	-0.05992	0.02210	-0.06933	-0.03026	0.04980	0.09232	-0.03629	0.05005	0.09172	-0.02137	-0.02548	0.09938	0.03897	0.04300	0.13193	-0.01401	-0.00470	-0.03637	0.06415	0.00064	-0.00024	(And (Agent $e0 $x0) (Member $x0 museum))
p204030	0.00075	-0.00613	-0.01931	-0.01714	0.03127	-0.01350	-0.00509	0.01060	0.00516	-0.00536	0.00019	-0.00526	0.00330	-0.00902	0.00475	0.02839	-0.01012	-0.00441	0.00494	-0.01202	-0.00661	0.00018	0.00087	0.00788	-0.00182	-0.00953	0.00163	0.00042	-0.00460	-0.01507	-0.00146	0.01362	(And (Agent $e0 $x0) (Member $x0 panel))
p204031	-0.01066	-0.01108	-0.01116	-0.02030	0.01526	0.00585	-0.00686	0.03276	0.00843	0.00122	-0.00847	-0.01522	0.00735	0.02233	-0.00947	0.01918	-0.01567	-0.00848	-0.00090	-0.01938	-0.01136	0.01918	0.01327	-0.00304	0.01016	-0.02214	-0.01000	-0.00364	-0.02129	0.01435	-0.00055	0.00518	(And (Agent $e0 $x0) (Member $x0 rescue_team))
p204032	0.00106	-0.00270	-0.00331	-0.00112	-0.00943	-0.02276	0.05015	0.01684	-0.00998	-0.01260	-0.02102	0.01589	0.00784	0.01475	-0.00028	-0.01308	-0.00023	0.00688	-0.02615	0.03255	-0.00602	-0.00588	-0.00392	-0.00221	-0.02648	-0.00823	0.01031	-0.00476	-0.03153	0.01525	0.03636	0.02713	(And (Agent $e0 $x0) (Member $x0 storm))
p204033	0.02878	-0.00053	0.00782	-0.00350	-0.00622	0.02129	-0.01088	-0.00176	0.00417	0.00018	-0.01238	-0.00391	-0.01363	-0.00743	-0.00847	-0.00316	0.01629	0.00337	-0.01081	-0.01143	-0.00364	-0.00421	0.02669	-0.01569	-0.00565	-0.02092	-0.01051	0.00060	0.00243	0.00698	-0.00722	0.00499	(And (Agent $e0 $x0) (Over $e0 $x1))
p204034	-0.00034	-0.00737	-0.01559	0.03391	-0.02488	0.03711	-0.02958	0.01714	0.02400	0.00546	-0.01259	-0.01861	-0.00298	-0.00501	0.01521	0.02519	-0.01087	-0.01049	0.02120	0.00247	0.00197	-0.01761	-0.00854	-0.00788	-0.01109	-0.02155	-0.00146	-0.00006	-0.00269	-0.01840	-0.01023	0.04038	(And (Agent $e0 $x0) (Time $e0 (Weekday thursday)))
p204035	-0.00331	-0.00592	-0.01164	-0.00931	0.00017	-0.00714	-0.00664	-0.00227	0.00648	0.00664	0.02881	-0.00507	-0.00430	-0.01033	-0.01429	0.01169	-0.00124	0.00184	-0.00115	0.00181	-0.01026	0.01067	0.00211	-0.00361	-0.00179	-0.00763	0.01480	-0.00815	0.01515	-0.00483	0.02268	-0.01314	(And (Already $e0) (Past $e0))
p204036	-0.00107	0.02446	0.00889	-0.00796	-0.00798	-0.00285	-0.02344	0.02286	0.01372	-0.00106	0.02276	-0.00727	-0.00911	0.01897	-0.00676	0.01472	-0.00475	0.01423	0.01323	0.00973	-0.01151	-0.02343	-0.00633	-0.02834	-0.00582	-0.00584	0.00380	0.00219	-0.01158	-0.01413	0.00619	0.00468	(And (Before $e0 $e1) (Past $e1))
p204037	0.00113	0.00288	-0.00684	0.15004	-0.05823	0.12297	-0.06051	0.02495	0.07165	-0.01033	-0.07129	-0.05784	0.00361	0.00249	0.08525	0.08390	-0.00403	-0.05003	0.15524	-0.02380	-0.00710	-0.02296	-0.02376	-0.04735	-0.04902	-0.04665	-0.01663	-0.02209	-0.01619	-0.06277	0.02524	-0.00351	(And (Before $x0 $e0) (Member $x0 lunch))
p204038	0.00113	0.00288	-0.00684	0.15004	-0.05823	0.12297	-0.06051	0.02495	0.07165	-0.01033	-0.07129	-0.05784	0.00361	0.00248	0.08525	0.08390	-0.00403	-0.05003	0.15524	-0.02381	-0.00710	-0.02296	-0.02376	-0.04735	-0.04902	-0.04666	-0.01663	-0.02209	-0.01619	-0.06277	0.02524	-0.00351	(And (Before $x0 $e0) (Patient $e0 $x1))
p204039	-0.00077	0.00263	0.00006	0.00387	-0.00355	0.00129	0.00509	-0.00062	-0.00572	0.00207	-0.01911	0.00278	0.00225	-0.00154	0.00188	0.00409	0.00297	-0.00184	-0.00396	0.00072	-0.00198	0.00319	0.00394	-0.00589	-0.01033	0.00276	0.00173	-0.00570	-0.00245	-0.00240	0.03110	-0.00868	(And (Can $e0) (Patient $e0 $x0))
p204040	-0.00134	-0.00610	-0.00754	-0.00569	0.00543	-0.00172	-0.00219	-0.00013	-0.00326	-0.00581	-0.00011	-0.00448	0.02521	-0.00003	-0.00016	0.00413	-0.00912	-0.00094	0.00264	-0.00339	-0.00038	-0.00156	-0.00070	0.00019	0.00294	-0.00534	0.00262	0.00137	-0.00430	-0.00378	-0.00099	0.00788	(And (Can $e0) (Theme $e0 $x0))
p204041	0.00374	-0.00752	0.00040	-0.00506	-0.00110	-0.00841	-0.00455	-0.00626	0.00101	-0.00811	0.00412	-0.00723	-0.00285	-0.01338	0.00648	-0.00030	-0.00202	0.02288	-0.00748	-0.00589	-0.00252	0.00569	-0.00708	-0.00404	0.00230	0.00334	-0.00842	0.00109	0.03807	0.00357	-0.00520	-0.00148	(And (Cardinality $x0 <num>) (LocatedIn $x0 $x1))
p204042	0.00063	0.00084	-0.00997	-0.00608	-0.00311	-0.00667	-0.00828	0.00756	0.00248	0.00469	0.01761	-0.00325	-0.00579	0.00761	-0.00728	0.01000	0.00023	0.00968	0.00497	0.00460	0.00049	-0.00998	-0.00219	-0.00880	-0.00678	-0.00769	0.00500	0.00662	-0.00089	-0.00647	0.00501	-0.00464	(And (During $e0 $x0) (Past $e0))
p204043	0.00391	-0.00284	-0.00886	0.00010	-0.00997	-0.02043	0.00707	-0.00642	-0.01366	0.01109	-0.00240	0.00783	0.00366	0.02019	0.00271	0.01014	0.00820	0.01377	0.01164	0.00390	-0.01330	-0.00991	-0.00988	-0.01691	-0.00004	0.00131	-0.00264	0.05994	-0.00320	-0.00775	-0.00645	0.00060	(And (Experiencer $e0 $x0) (Like $e0 $x1))
p204044	0.00713	-0.00809	-0.01094	-0.00529	0.00001	-0.02635	0.04222	0.01682	-0.01326	-0.00252	-0.00853	0.01186	0.00872	0.01340	0.00281	0.00917	-0.00176	0.01314	0.01525	0.00470	-0.01732	-0.00414	-0.00317	-0.01329	-0.02478	-0.00239	0.00131	0.04856	-0.01727	-0.01277	0.00469	0.01154	(And (Experiencer $e0 $x0) (Member $e0 need))
p204045	0.01135	-0.00625	-0.00473	0.00148	-0.00684	-0.02471	0.02257	-0.01410	-0.01201	-0.00558	-0.01224	0.00660	0.00941	0.00727	0.01042	0.00946	0.00551	0.00467	-0.00668	0.00385	-0.02029	0.01788	-0.00706	-0.01383	-0.00593	-0.00456	0.01973	0.04720	0.00572	-0.00670	0.00946	-0.00361	(And (Experiencer $e0 $x0) (Member $e0 wait))
p204046	-0.00189	-0.02479	-0.01017	-0.00422	-0.00833	0.00551	-0.00725	0.01226	0.01022	0.00595	0.00181	-0.00872	-0.00287	0.01174	-0.00549	0.00546	0.00312	0.00030	-0.00874	-0.00070	-0.00071	0.01519	-0.00104	-0.00268	0.00705	-0.01316	-0.00426	0.05430	0.00217	-0.00685	-0.00203	-0.00021	(And (Experiencer $e0 $x0) (Possession $x0 $x1))
p204047	0.01003	0.01418	-0.00252	-0.00096	-0.00960	-0.01197	-0.00062	-0.01193	-0.01604	-0.00045	-0.00159	0.01398	0.00498	0.01822	0.00327	0.00712	0.00816	0.00999	-0.00396	0.00850	-0.01507	-0.00552	-0.00967	-0.01943	0.01136	0.00386	-0.00804	0.04495	-0.00398	-0.00875	-0.00376	-0.00142	(And (Experiencer $e0 $x0) (Probably $e0))
p204048	-0.00016	0.17065	0.08877	0.10078	0.00988	-0.08670	-0.04214	-0.04032	-0.06627	-0.00028	-0.01815	0.02019	0.01073	-0.04820	-0.12486	-0.05346	-0.06349	-0.03813	0.16219	-0.04984	-0.03536	0.06296	0.00997	-0.02738	-0.09928	0.03674	0.10535	0.10974	-0.01985	0.24147	0.00863	-0.01628	(And (Experiencer $e0 $x0) (Stimulus $e0 $e1))
p204049	0.00219	0.00265	-0.00121	-0.00047	-0.00891	-0.01170	-0.00130	-0.01012	-0.01337	0.00223	-0.00165	0.00875	0.00523	0.01466	0.00381	0.00551	0.00444	0.00892	-0.00151	0.00276	-0.01481	-0.00714	-0.00531	-0.01537	0.00261	0.00361	-0.00323	0.04490	-0.00263	-0.00568	-0.00420	0.00007	(And (Experiencer $e0 $x0) (Time $e0 now))
p204050	-0.00095	-0.00814	-0.01709	0.04331	-0.03178	0.04260	-0.03450	0.02264	0.03220	0.00113	-0.01712	-0.02400	-0.00041	-0.00735	0.02294	0.02996	-0.01290	-0.01497	0.03019	0.00401	-0.00183	-0.02119	-0.00925	-0.00851	-0.01364	-0.02921	-0.00117	-0.00022	-0.00208	-0.02526	-0.01100	0.04390	(And (Future $e0) (Member $e0 arrive))
p204051	0.00021	-0.00635	-0.01104	0.04024	-0.02739	0.03694	-0.02400	0.01479	0.02503	-0.00144	-0.02077	-0.01975	0.01039	-0.00293	0.02228	0.02370	-0.00803	-0.01474	0.02963	0.00098	-0.00600	-0.01419	-0.00675	-0.01108	-0.01186	-0.02236	-0.00083	-0.00215	-0.00371	-0.02187	0.00215	0.02253	(And (Future $e0) (Time $e0 (Hour <num>)))
p204052	-0.00047	-0.00160	-0.00900	0.11891	-0.05151	0.10659	-0.05062	0.01809	0.06496	-0.00367	-0.06375	-0.05109	0.00376	-0.00115	0.07680	0.07825	-0.00123	-0.04278	0.11986	-0.01829	-0.00920	-0.02249	-0.01525	-0.04157	-0.04163	-0.04432	-0.01193	-0.01943	-0.01032	-0.05723	0.02782	-0.00423	(And (Future $e0) (Time $e0 (Month september)))
p204053	0.00013	-0.00509	-0.01908	-0.01684	0.03010	-0.01413	-0.00544	0.01068	0.00390	-0.00444	-0.00102	-0.00495	0.00429	-0.00591	0.00416	0.02756	-0.00959	-0.00326	0.00474	-0.01198	-0.00658	-0.00014	0.00035	0.00521	-0.00209	-0.00892	0.00136	0.00073	-0.00623	-0.01469	-0.00085	0.01392	(And (GroupOf $x0 sample) (Theme $e0 $x0))
p204054	0.05218	-0.00257	0.04982	0.03004	0.00294	-0.02609	0.00428	0.01496	0.04813	0.00339	-0.00203	-0.02031	0.02819	-0.00274	-0.00579	-0.02379	-0.04050	0.05820	-0.01296	-0.00527	-0.03101	0.01823	-0.03336	-0.03483	0.00402	0.05312	-0.01791	0.00473	-0.00101	-0.01054	-0.00096	-0.00318	(And (Holder $e0 $x0) (Member $x0 permit))
p204055	0.12874	-0.01221	0.12627	0.07138	0.00552	-0.06080	-0.01254	0.08212	0.10880	-0.00899	-0.00824	-0.11572	0.02558	-0.02712	-0.01109	-0.03774	-0.09712	0.17784	-0.02248	-0.00758	-0.05056	0.07042	-0.08538	-0.08098	0.00697	0.16464	-0.05673	0.00360	0.03203	-0.04039	-0.00524	-0.00492	(And (Holder $e0 $x0) (Member $x0 recipe))
p204056	-0.00394	-0.00562	-0.00150	-0.00226	0.00027	-0.00400	0.00149	-0.00651	-0.00416	0.00089	0.00135	0.00108	-0.00463	-0.00211	0.00039	-0.00318	0.00384	0.00099	-0.00534	-0.00270	-0.00026	0.00215	-0.00236	0.00416	0.00416	0.00523	-0.00368	-0.00289	0.00478	0.00071	-0.00386	-0.00480	(And (LocatedIn $x0 $x1) (Member $x1 garden))
p204057	-0.00351	-0.01220	0.00031	-0.00247	0.00344	-0.00628	0.00413	-0.01304	0.00352	-0.00807	0.00849	-0.00189	0.00281	-0.00288	-0.00500	-0.00977	0.00609	-0.00104	-0.00882	-0.00323	0.00071	0.01688	-0.00535	0.01193	0.00908	-0.00271	0.00390	-0.00388	0.00789	0.00595	0.00172	-0.00136	(And (LocatedIn $x0 $x1) (PartOf $x1 $x2))
p204058	-0.01535	-0.02316	-0.02474	-0.01471	0.00086	-0.02307	0.00715	-0.04555	-0.01812	0.08212	0.02672	0.00081	-0.00380	-0.00276	-0.01601	0.02786	0.01494	0.01560	0.00505	-0.01596	-0.00211	-0.00866	0.00345	-0.03202	0.06172	0.01660	0.01038	0.00548	0.06471	-0.01520	0.04587	-0.03432	(And (LocatedIn $x0 $x1) (Patient $e0 $x0))
p204059	0.11943	0.02017	-0.11428	-0.04445	-0.02864	0.09376	-0.04664	0.11978	-0.06112	0.04717	-0.01965	0.04494	0.03340	0.11273	-0.06322	-0.06307	0.13002	-0.08369	0.02267	0.00712	-0.03144	-0.10399	-0.10367	0.08415	-0.06527	0.11465	0.12193	-0.01706	0.09194	-0.09498	-0.00152	-0.01073	(And (Location $e0 $x0) (Member $e0 discover))
p204060	-0.00207	0.15372	0.08148	0.08970	0.01039	-0.07827	-0.03582	-0.03662	-0.05891	-0.00161	-0.01599	0.01712	0.00902	-0.04638	-0.11192	-0.05022	-0.05833	-0.03597	0.14262	-0.04557	-0.03128	0.05817	0.01117	-0.02364	-0.08885	0.03244	0.09946	0.09154	-0.01760	0.22211	0.00817	-0.01617	(And (Location $e0 $x0) (Member $e0 error))
p204061	-0.08537	0.00464	0.15156	-0.08830	-0.05846	0.04520	-0.00269	-0.07591	-0.07149	0.00188	0.17131	0.08519	0.02505	0.14676	0.14818	0.14033	-0.14473	-0.01385	-0.01492	-0.03773	-0.07133	-0.04196	0.14583	-0.15171	-0.03816	0.17861	0.05011	-0.00410	-0.02034	-0.10398	-0.03210	0.03000	(And (Location $e0 $x0) (Member $x0 survey))
p204062	0.15118	0.00888	-0.13533	0.00432	-0.03449	-0.07640	0.15204	-0.07259	0.09557	-0.05486	-0.08571	-0.03808	-0.01939	0.13793	0.18260	0.13753	0.14748	-0.02239	-0.09277	0.11756	0.07536	0.07779	-0.09589	-0.06946	0.08150	-0.05279	0.03185	0.01481	-0.09970	-0.08544	0.00897	-0.04523	(And (Location $e0 $x0) (Member $x0 table))
p204063	0.00861	0.01572	0.02440	-0.03460	-0.01680	0.03472	-0.00779	0.00522	-0.04557	0.01953	0.04249	0.03958	0.01048	0.08131	0.01490	0.01643	-0.00393	-0.02910	0.00596	-0.01775	-0.03010	-0.02476	0.01267	-0.02574	-0.03432	0.08880	0.05207	-0.00761	0.01370	-0.03993	-0.00641	-0.01373	(And (Location $e0 $x0) (Might $e0))
p204064	0.00800	0.01959	0.02833	0.01764	-0.01393	-0.02809	-0.00815	0.00355	-0.01983	0.06426	0.00278	-0.00986	0.00626	-0.03741	0.02848	0.02834	0.00747	-0.00697	-0.02243	0.03415	-0.00776	0.01919	-0.01053	0.04650	-0.03325	-0.01270	-0.00799	0.00120	0.01659	-0.00050	0.00136	-0.01155	(And (Member $e0 acquire) (Past $e0))
p204065	0.00800	0.01959	0.02833	0.01764	-0.01393	-0.02809	-0.00815	0.00355	-0.01983	0.06426	0.00278	-0.00986	0.00626	-0.03741	0.02848	0.02834	0.00747	-0.00697	-0.02243	0.03415	-0.00776	0.01919	-0.01053	0.04650	-0.03325	-0.01270	-0.00799	0.00120	0.01659	-0.00050	0.00136	-0.01155	(And (Member $e0 acquire) (Theme $e0 $x0))
p204066	-0.01329	-0.01289	0.00037	0.00844	-0.00508	0.03986	-0.01286	0.01730	0.01567	-0.00406	-0.00244	-0.01154	0.00363	-0.02179	0.00524	0.00164	-0.00713	-0.01823	0.00472	-0.00210	-0.00630	-0.00297	0.00926	0.01586	-0.00531	-0.01305	-0.00465	0.03064	0.00987	-0.01525	0.02079	-0.00276	(And (Member $e0 become) (Patient $e0 $x0))
p204067	0.00162	-0.00608	-0.01857	-0.01845	0.02859	-0.01318	-0.00533	0.00448	0.00593	-0.01021	0.00110	-0.00801	0.00626	-0.01280	0.00411	0.02638	-0.01208	0.00589	0.00242	-0.01425	-0.00755	0.00002	-0.00021	0.00780	-0.00275	-0.01187	0.00006	0.00232	0.00897	-0.01076	-0.00240	0.01502	(And (Member $e0 block) (Theme $e0 $x0))
p204068	-0.00513	0.00391	0.01458	-0.00479	0.00506	-0.01149	0.01076	-0.01361	0.01165	-0.01240	0.00622	-0.00795	0.00139	-0.00094	-0.01114	-0.00646	0.01629	-0.00610	-0.01852	0.01515	-0.00945	0.03243	-0.00891	0.00399	0.00088	-0.00872	0.01505	-0.01170	-0.00305	0.00749	0.02135	-0.00799	(And (Member $e0 cause) (Past $e0))
p204069	0.00445	-0.00532	-0.00445	-0.00836	-0.00502	-0.02633	0.12933	0.06561	-0.01208	-0.02973	-0.02885	0.02135	0.01347	-0.00651	0.01194	-0.01751	-0.01149	-0.01071	-0.03992	0.04098	-0.01878	0.00208	0.00782	-0.00165	-0.04889	-0.01778	0.02875	-0.01250	-0.04702	0.00501	0.03811	0.02454	(And (Member $e0 cause) (Theme $e0 $e1))
p204070	0.00049	0.00293	-0.00383	0.07726	-0.03244	0.06238	-0.02710	0.01332	0.03495	-0.00323	-0.04902	-0.02925	0.00279	0.00217	0.04572	0.04799	0.00076	-0.02604	0.07359	-0.01139	-0.00579	-0.01105	-0.00807	-0.02932	-0.03259	-0.02374	-0.00690	-0.01466	-0.01180	-0.03548	0.03067	-0.00697	(And (Member $e0 commence) (Patient $e0 $x0))
p204071	-0.00113	-0.00129	-0.00658	0.00169	0.00455	-0.00320	0.02515	0.01731	0.00135	-0.00353	0.02208	-0.00411	-0.00409	-0.00012	-0.00661	-0.00195	-0.00355	-0.00256	0.01370	0.00191	0.01448	-0.00589	-0.00621	0.00077	-0.00821	-0.00207	0.00051	-0.00990	-0.00881	-0.00219	-0.01200	-0.00496	(And (Member $e0 decide) (Past $e0))
p204072	0.05208	-0.02457	-0.00814	0.10446	-0.05643	0.08808	0.04136	-0.02128	-0.02520	-0.02788	0.09794	0.00368	0.05706	-0.04573	-0.03731	-0.02277	-0.01619	-0.04121	-0.05369	0.06867	-0.02263	-0.00907	-0.04586	-0.01907	0.03645	-0.01112	-0.00324	0.01246	-0.01112	0.04924	-0.03239	0.04278	(And (Member $e0 decision) (Patient $e1 $e0))
p204073	0.04381	-0.01998	0.00167	0.06699	-0.03452	0.06072	0.14195	0.04998	-0.02144	-0.04756	0.07423	0.00800	0.05440	-0.03934	-0.01498	-0.04262	-0.01685	-0.04471	-0.07130	0.07847	-0.03669	-0.00962	-0.03937	-0.01429	-0.00749	-0.01671	0.00760	-0.00450	-0.04302	0.04844	-0.01917	0.02884	(And (Member $e0 decision) (Theme $e1 $e0))
p204074	-0.00966	-0.00675	0.00852	-0.00015	-0.00080	0.00142	0.00276	-0.00098	0.00590	-0.00472	-0.00748	-0.00369	-0.00272	0.00170	-0.00522	-0.00558	0.01274	-0.00562	-0.00790	-0.00293	-0.00407	0.01854	-0.00005	0.00098	-0.00644	-0.00114	0.00598	-0.00844	-0.00284	-0.00071	0.02758	-0.00498	(And (Member $e0 do) (Patient $e0 $x0))
p204075	-0.00645	-0.01341	0.00007	0.00094	-0.00477	0.00327	0.00296	-0.01572	0.00182	-0.01095	-0.00619	-0.01495	0.03147	-0.00343	-0.00229	-0.01536	-0.01309	-0.00633	0.00467	-0.00329	0.03242	0.02251	0.00009	0.01386	0.00350	-0.00980	0.01803	-0.00764	0.00163	-0.00053	-0.00139	0.00095	(And (Member $e0 find) (Past $e0))
p204076	-0.00419	0.03722	0.01932	0.00098	-0.00715	0.02163	-0.01999	0.00833	0.01377	-0.00364	0.00159	-0.00775	-0.01434	0.00473	-0.01170	-0.00641	0.02353	-0.00108	-0.00721	0.00832	-0.00893	-0.01836	-0.01243	-0.01883	0.01308	-0.01034	-0.01196	-0.00810	-0.00554	-0.00694	-0.01612	0.00553	(And (Member $e0 jump) (Past $e0))
p204077	-0.00236	0.00532	-0.00666	-0.00726	0.00420	0.00305	-0.00768	-0.00520	-0.00227	-0.01180	-0.00033	-0.00763	0.03084	-0.00648	-0.00377	-0.00084	-0.01484	-0.00763	0.00273	-0.00149	0.00907	0.00716	-0.00278	0.00486	0.01074	-0.00923	0.00868	-0.00192	0.00167	-0.00763	-0.00259	0.01055	(And (Member $e0 leave) (Theme $e0 $x0))
p204078	0.05208	-0.02456	-0.00814	0.10446	-0.05643	0.08809	0.04136	-0.02128	-0.02520	-0.02787	0.09794	0.00368	0.05706	-0.04573	-0.03731	-0.02277	-0.01619	-0.04121	-0.05368	0.06867	-0.02263	-0.00907	-0.04585	-0.01907	0.03646	-0.01111	-0.00324	0.01246	-0.01112	0.04924	-0.03239	0.04278	(And (Member $e0 make) (Patient $e0 $e1))
p204079	-0.01271	0.01817	0.02191	-0.00010	0.00029	0.00199	-0.01175	-0.00397	-0.00366	0.00588	0.00278	-0.01180	0.02236	0.01117	-0.00582	-0.00066	0.01376	0.00915	-0.00305	-0.00085	-0.00177	-0.01635	-0.00586	-0.02513	-0.00103	-0.00084	0.00019	0.01254	-0.00867	-0.00908	0.00205	-0.00263	(And (Member $e0 pass) (Past $e0))
p204080	0.00800	0.01959	0.02834	0.01763	-0.01393	-0.02809	-0.00814	0.00354	-0.01983	0.06427	0.00279	-0.00986	0.00625	-0.03741	0.02848	0.02834	0.00748	-0.00697	-0.02245	0.03416	-0.00778	0.01920	-0.01054	0.04651	-0.03325	-0.01270	-0.00799	0.00119	0.01659	-0.00049	0.00136	-0.01157	(And (Member $e0 purchase) (Past $e0))
p204081	0.00800	0.01959	0.02834	0.01763	-0.01393	-0.02809	-0.00814	0.00354	-0.01983	0.06427	0.00279	-0.00986	0.00625	-0.03741	0.02848	0.02834	0.00748	-0.00697	-0.02245	0.03416	-0.00778	0.01920	-0.01054	0.04651	-0.03325	-0.01270	-0.00799	0.00119	0.01659	-0.00049	0.00136	-0.01157	(And (Member $e0 purchase) (Theme $e0 $x0))
p204082	0.04381	-0.01998	0.00167	0.06699	-0.03452	0.06072	0.14195	0.04998	-0.02144	-0.04756	0.07423	0.00800	0.05440	-0.03934	-0.01498	-0.04262	-0.01685	-0.04471	-0.07130	0.07847	-0.03669	-0.00962	-0.03937	-0.01429	-0.00749	-0.01671	0.00760	-0.00450	-0.04302	0.04844	-0.01917	0.02884	(And (Member $e0 reach) (Theme $e0 $e1))
p204083	-0.01242	-0.00333	0.01470	-0.00085	0.00259	0.00564	0.00002	-0.01172	0.00094	-0.00540	-0.00988	-0.01617	0.02554	0.00135	0.00205	-0.00682	0.00426	0.00018	0.00137	-0.00667	0.01150	0.00220	-0.00449	-0.00254	-0.00617	-0.00870	0.01100	-0.00264	-0.00290	-0.00657	-0.00132	0.00003	(And (Member $e0 receive) (Past $e0))
p204084	-0.01113	0.00519	-0.00231	-0.01119	0.03265	-0.01836	-0.00059	0.00180	-0.00152	-0.00557	-0.00532	-0.01141	0.01092	0.00650	0.01146	0.02309	0.00334	0.00304	0.00365	-0.01361	-0.01477	-0.01282	-0.00320	-0.01099	-0.01301	-0.01061	0.00700	0.00053	-0.00366	-0.02150	0.00195	-0.00233	(And (Member $e0 receive) (Source $e0 $x0))
p204085	-0.00647	-0.00589	-0.00326	-0.00279	-0.00725	0.00164	-0.00692	0.00106	-0.00141	-0.00341	0.00113	-0.01236	0.02098	0.01278	0.00140	-0.00708	-0.00962	0.00840	0.01299	-0.00055	0.02923	-0.01277	-0.00108	-0.00269	-0.00017	-0.00614	0.00549	0.00588	-0.00746	-0.00580	-0.00812	0.00325	(And (Member $e0 say) (Past $e0))
p204086	0.00045	0.00088	0.00691	0.01088	-0.03906	-0.00732	-0.01013	-0.01879	-0.01983	0.01274	0.00136	-0.01990	0.05771	-0.02113	0.01170	-0.02183	-0.03293	0.00550	0.00716	0.07677	0.02905	0.00291	0.00078	0.02894	-0.00991	-0.00521	0.00050	-0.00169	0.00345	0.01064	-0.00265	0.01425	(And (Member $e0 sell) (Recipient $e0 $x0))
p204087	-0.03607	0.01372	0.01250	-0.01301	0.01883	-0.03785	0.11039	0.11889	0.01507	-0.02339	0.04707	-0.01024	-0.03668	0.05059	-0.01009	-0.00593	-0.02215	0.01583	0.07472	0.00078	0.04051	-0.00579	-0.01015	-0.01536	-0.06875	0.01554	0.00628	-0.02676	-0.05837	-0.02088	-0.02258	-0.01243	(And (Member $e0 stop) (Past $e0))
p204088	-0.01012	0.05747	0.00885	-0.00338	-0.01466	0.01887	-0.03962	0.00737	0.00293	-0.01049	0.01811	0.00178	0.00015	-0.01314	-0.01787	-0.00997	-0.01915	-0.00294	-0.01046	0.01131	-0.01463	0.00031	-0.00227	-0.01747	0.03250	-0.01065	0.00858	-0.00376	0.01395	-0.01536	-0.02152	0.04640	(And (Member $e0 swim) (Ongoing $e0))
p204089	-0.01164	-0.04726	0.00144	-0.05831	0.08827	0.09225	-0.01372	-0.00548	0.02281	0.17944	-0.02510	-0.08220	0.00112	-0.08594	0.18239	-0.07062	-0.01907	0.14303	-0.10779	0.10398	-0.01401	-0.17001	-0.02510	-0.09487	-0.00362	-0.07049	0.21098	-0.00816	-0.05034	0.13201	0.00141	0.00562	(And (Member $e0 teach) (Theme $e0 glazing))
p204090	0.01226	0.05367	0.00575	-0.00723	-0.00867	-0.00077	0.02490	0.04738	-0.00030	-0.02095	-0.00126	0.00542	-0.00310	0.01162	-0.00834	-0.00775	-0.00856	-0.00531	-0.00121	0.02873	-0.00693	-0.01556	-0.00961	-0.02126	0.01393	-0.01024	-0.00627	-0.01880	-0.03042	-0.00909	-0.00212	0.01244	(And (Member $e0 try) (Ongoing $e0))
p204091	-0.03940	-0.04657	0.00778	-0.02762	0.01620	0.07635	-0.02596	0.03411	0.02107	-0.00565	0.02696	-0.01213	-0.00034	-0.06533	-0.00705	-0.02757	-0.02309	-0.03529	-0.01995	-0.01306	0.00604	0.00165	0.03888	0.06351	0.02934	-0.00525	-0.01711	0.09825	0.04562	-0.01823	0.01014	0.00058	(And (Member $e0 turn) (Result $e0 $e1))
p204092	-0.00294	-0.00339	0.00105	0.00019	-0.00327	0.00746	0.00242	0.00085	-0.00249	-0.00504	-0.00390	-0.00035	0.01042	-0.00421	0.00147	-0.00705	-0.00201	-0.00438	-0.00346	0.00118	-0.00316	0.00128	0.00156	0.00486	0.00325	0.00168	-0.00100	-0.00074	-0.00039	0.00043	0.00500	-0.00233	(And (Member $e0 use) (To $e0 $e1))
p204093	0.03739	0.04095	-0.01146	-0.01011	-0.00414	0.00759	-0.00835	-0.00775	0.00707	-0.02242	0.00246	-0.00068	-0.00695	-0.01979	-0.01197	0.00769	-0.01073	-0.01465	-0.01370	0.01149	0.01134	0.03619	0.02033	-0.01064	0.03336	-0.02016	0.01844	-0.02107	0.00389	-0.00880	0.00281	-0.00094	(And (Member $e0 walk) (Ongoing $e0))
p204094	-0.01930	-0.01902	-0.04515	0.04238	0.00517	-0.04082	-0.01987	-0.06024	-0.03576	0.04379	-0.05907	0.00828	-0.03255	0.05982	-0.04459	-0.00447	-0.00140	0.05695	-0.00977	-0.03571	0.19486	0.00785	-0.02375	0.01476	-0.00854	0.10495	-0.03119	-0.00545	-0.02664	0.02467	0.03658	0.08567	(And (Member $x0 afternoon_session) (Patient $e0 $x0))
p204095	0.00001	-0.00147	0.00089	0.00351	-0.00165	0.00074	0.00419	-0.00325	-0.00417	-0.00096	0.00222	0.00086	-0.00219	-0.00258	0.00001	-0.00319	0.00241	-0.00252	-0.00484	0.00126	-0.00228	0.00040	-0.00353	0.00179	0.00030	0.00280	-0.00176	-0.00239	0.00019	0.00335	-0.00344	-0.00384	(And (Member $x0 bench) (Member $x0 new))
p204096	-0.00523	-0.02618	-0.00250	-0.01168	0.02050	0.00716	-0.01788	0.04466	0.00329	0.04231	-0.00392	-0.01625	-0.01312	0.04000	-0.02115	0.01250	-0.00925	-0.01373	-0.01279	-0.02493	-0.00201	0.04733	0.00479	-0.02825	0.03809	-0.00820	-0.02116	-0.00471	-0.03306	0.03202	-0.00062	-0.01063	(And (Member $x0 departure) (Possession $x0 $x1))
p204097	0.00113	0.00288	-0.00684	0.15004	-0.05823	0.12297	-0.06051	0.02495	0.07165	-0.01033	-0.07129	-0.05784	0.00361	0.00248	0.08525	0.08390	-0.00403	-0.05003	0.15524	-0.02381	-0.00710	-0.02296	-0.02376	-0.04735	-0.04902	-0.04665	-0.01663	-0.02209	-0.01619	-0.06277	0.02524	-0.00351	(And (Member $x0 dress_rehearsal) (Patient $e0 $x0))
p204098	-0.00623	-0.00924	-0.01115	-0.05916	0.03909	0.04835	-0.00437	-0.01208	-0.03658	-0.04179	-0.00166	0.05230	0.00470	-0.01425	-0.01243	-0.01743	0.00478	0.05296	0.05043	0.07634	-0.01169	0.05396	-0.00394	-0.00776	-0.00367	0.00329	-0.02523	-0.00180	-0.02173	-0.03637	0.00468	-0.00454	(And (Member $x0 drill) (Theme $e0 $x0))
p204099	-0.00130	0.00032	-0.00167	0.00153	-0.00248	0.00039	0.00128	0.00074	-0.00299	0.00240	-0.01107	0.00141	-0.00132	-0.00087	0.00217	0.00309	0.00111	-0.00010	-0.00258	0.00024	-0.00088	0.00024	0.00220	-0.00232	-0.00678	0.00131	0.00049	-0.00290	-0.00180	-0.00139	0.01336	0.00122	(And (Member $x0 elm) (Member $x0 last))
p204100	-0.00523	-0.02618	-0.00250	-0.01168	0.02050	0.00717	-0.01788	0.04466	0.00329	0.04231	-0.00392	-0.01625	-0.01312	0.04000	-0.02115	0.01250	-0.00925	-0.01373	-0.01279	-0.02493	-0.00201	0.04733	0.00479	-0.02825	0.03809	-0.00820	-0.02116	-0.00471	-0.03306	0.03202	-0.00062	-0.01063	(And (Member $x0 ferry) (Possession $x1 $x0))
p204101	0.04720	0.11993	-0.01758	-0.01216	0.10951	-0.07607	-0.02742	0.02727	-0.00978	0.04198	-0.01017	0.00451	-0.06025	-0.04445	-0.04085	0.03598	-0.01905	-0.03792	0.09094	-0.03982	0.00768	-0.05996	-0.02055	0.04364	-0.08880	0.03229	0.08758	-0.00952	-0.02551	0.08265	0.00362	-0.01525	(And (Member $x0 file) (Theme $e0 $x0))
p204102	0.00258	0.02116	0.00501	-0.00196	-0.00799	-0.00939	-0.00265	0.00904	0.00395	-0.00987	0.01196	0.00444	-0.00370	0.01386	-0.01600	-0.00667	0.01446	0.00852	-0.01421	0.01940	-0.01006	-0.01292	-0.01612	-0.00743	-0.00348	0.00074	-0.00213	-0.00841	-0.01638	0.00763	0.02667	0.01400	(And (Member $x0 fire) (Patient $e0 $x0))
p204103	0.08309	-0.05333	0.01127	-0.02571	0.04044	-0.06245	-0.02833	-0.03341	0.00878	-0.07636	0.02976	-0.00374	0.01656	0.04411	0.14600	-0.04883	-0.04656	-0.02711	0.10794	-0.02469	-0.01776	0.00273	-0.04108	0.13289	0.08963	-0.03879	-0.03052	-0.02086	-0.01567	0.05167	-0.03599	0.01803	(And (Member $x0 gearbox) (Patient $e0 $x0))
p204104	-0.05067	-0.02483	-0.07773	-0.03980	-0.03881	-0.02776	-0.01610	0.00789	0.07113	-0.02866	-0.00689	-0.03994	0.01544	-0.06135	-0.01793	0.04679	0.06480	-0.03757	0.04308	0.09505	-0.02148	-0.02397	0.07105	0.03045	0.02661	0.08854	-0.00589	-0.00500	-0.03356	0.05161	-0.00021	0.00942	(And (Member $x0 generator) (Theme $e0 $x0))
p204105	-0.00206	0.00191	-0.00097	0.01286	-0.00736	0.00539	0.00099	-0.00308	-0.00243	0.01105	-0.02788	-0.00270	0.00104	0.00207	0.00867	0.01418	0.00587	-0.00327	0.00625	-0.00428	-0.00155	0.00105	0.00454	-0.01446	-0.01599	0.00295	0.00093	-0.00704	-0.00196	-0.01028	0.03553	-0.01158	(And (Member $x0 hearing) (Patient $e0 $x0))
p204106	-0.00059	-0.00788	-0.00275	-0.00079	-0.00471	-0.00285	-0.00167	-0.00266	-0.01239	-0.00744	0.00275	0.00498	0.02961	-0.00104	-0.00498	-0.00144	-0.01411	0.00062	0.00176	0.00242	0.01085	-0.00128	-0.00078	0.00506	0.00718	-0.00530	0.00471	-0.00043	-0.00458	-0.00209	-0.00149	0.00563	(And (Member $x0 house) (Theme $e0 $x0))
p204107	-0.04249	-0.08420	0.02204	0.11969	-0.03283	-0.05908	-0.01766	0.07723	-0.03579	-0.08312	-0.04809	0.10086	-0.03971	-0.02605	-0.07577	0.06125	-0.00220	0.13540	-0.02627	-0.02698	-0.01069	-0.07797	0.05056	0.07206	0.17674	-0.05122	0.14584	-0.00192	-0.07287	-0.02020	0.00256	-0.01511	(And (Member $x0 kiln) (Ordinal $x0 <num> buy))
p204108	-0.03329	-0.02330	-0.04516	-0.02014	-0.01855	-0.01763	-0.00755	0.00932	0.04734	-0.01836	-0.00474	-0.03233	0.02598	-0.03131	-0.00726	0.01654	0.03039	-0.01565	0.01533	0.02130	-0.01567	-0.01470	0.04144	0.02301	0.03076	0.04643	0.00179	-0.00199	-0.02254	0.02842	-0.00255	0.00789	(And (Member $x0 ladder) (Theme $e0 $x0))
p204109	0.00181	-0.00593	-0.01845	-0.01829	0.02873	-0.01308	-0.00518	0.00460	0.00603	-0.01008	0.00126	-0.00785	0.00641	-0.01268	0.00426	0.02651	-0.01196	0.00601	0.00257	-0.01409	-0.00740	0.00015	-0.00011	0.00795	-0.00265	-0.01170	0.00021	0.00247	0.00910	-0.01060	-0.00227	0.01518	(And (Member $x0 lane) (Theme $e0 $x0))
p204110	-0.02060	0.00534	0.01722	0.05520	0.06033	-0.03640	-0.00036	-0.00512	0.00175	-0.01545	-0.00765	-0.01011	-0.01083	0.05825	-0.00716	-0.03397	-0.01950	-0.02373	-0.01197	0.04111	-0.00314	-0.01563	0.03821	0.00724	-0.01048	-0.03027	0.00551	-0.00185	0.04474	-0.01981	0.00004	-0.00746	(And (Member $x0 manifest) (Theme $e0 $x0))
p204111	0.00068	-0.00617	-0.01941	-0.01747	0.03170	-0.01379	-0.00521	0.01082	0.00540	-0.00548	0.00010	-0.00543	0.00299	-0.00926	0.00495	0.02865	-0.01040	-0.00441	0.00507	-0.01226	-0.00664	0.00007	0.00096	0.00807	-0.00195	-0.00976	0.00169	0.00032	-0.00466	-0.01544	-0.00151	0.01363	(And (Member $x0 manuscript) (Theme $e0 $x0))
p204112	0.04720	0.11993	-0.01758	-0.01216	0.10951	-0.07607	-0.02742	0.02727	-0.00978	0.04198	-0.01017	0.00451	-0.06025	-0.04445	-0.04085	0.03598	-0.01905	-0.03792	0.09094	-0.03982	0.00768	-0.05996	-0.02055	0.04364	-0.08880	0.03229	0.08758	-0.00952	-0.02551	0.08265	0.00362	-0.01525	(And (Member $x0 missing) (Theme $e0 $x0))
p204113	0.04474	-0.02073	-0.01333	0.08052	-0.00442	0.06380	0.07627	-0.01823	-0.02470	-0.01675	0.09483	0.00824	0.02812	-0.03944	-0.02943	-0.00453	0.00844	-0.03927	-0.05898	0.03597	-0.01119	-0.00278	-0.04411	-0.02054	0.01958	0.00703	-0.00534	0.00158	-0.01976	0.04567	-0.02312	0.01110	(And (Member $x0 new) (Member $x0 roof))
p204114	-0.04956	-0.02544	-0.06707	-0.03109	-0.04119	-0.02298	-0.01470	-0.00466	0.06280	-0.02099	-0.00781	-0.04111	0.02492	-0.04691	-0.02178	0.03681	0.05653	-0.02576	0.04004	0.06402	-0.00871	-0.02261	0.07222	0.03180	0.03351	0.09189	-0.00428	-0.00437	-0.03843	0.04177	-0.00082	0.00718	(And (Member $x0 painting) (Theme $e0 $x0))
p204115	0.00075	-0.00614	-0.01934	-0.01715	0.03125	-0.01353	-0.00510	0.01058	0.00514	-0.00538	0.00018	-0.00527	0.00328	-0.00904	0.00474	0.02837	-0.01013	-0.00444	0.00493	-0.01203	-0.00663	0.00016	0.00084	0.00786	-0.00184	-0.00954	0.00162	0.00041	-0.00462	-0.01508	-0.00147	0.01361	(And (Member $x0 proposal) (Theme $e0 $x0))
p204116	-0.00140	-0.00548	-0.02099	-0.01918	0.03994	-0.02182	-0.00320	0.00826	0.00632	-0.00285	-0.00383	-0.00639	-0.00273	-0.00743	0.00750	0.03254	-0.01093	-0.00025	0.00709	-0.01698	0.00110	-0.00122	0.00021	0.01200	-0.00662	-0.00547	0.00217	-0.00051	-0.00734	-0.01978	-0.00001	0.01480	(And (Member $x0 scan) (Theme $e0 $x0))
p204117	-0.01065	-0.01107	-0.01116	-0.02029	0.01527	0.00586	-0.00684	0.03277	0.00844	0.00123	-0.00846	-0.01521	0.00736	0.02234	-0.00946	0.01919	-0.01566	-0.00847	-0.00089	-0.01937	-0.01135	0.01919	0.01327	-0.00303	0.01017	-0.02213	-0.00999	-0.00363	-0.02128	0.01436	-0.00054	0.00519	(And (Member $x0 search) (Theme $e0 $x0))
p204118	0.08309	-0.05333	0.01127	-0.02571	0.04044	-0.06245	-0.02833	-0.03341	0.00878	-0.07636	0.02976	-0.00374	0.01656	0.04411	0.14600	-0.04883	-0.04656	-0.02711	0.10794	-0.02469	-0.01776	0.00273	-0.04108	0.13289	0.08963	-0.03879	-0.03052	-0.02086	-0.01567	0.05167	-0.03599	0.01803	(And (Member $x0 seized) (Patient $e0 $x0))
p204119	-0.01934	-0.01889	-0.04472	0.04293	0.00446	-0.04019	-0.01955	-0.06020	-0.03603	0.04372	-0.05900	0.00848	-0.03221	0.06030	-0.04495	-0.00526	-0.00066	0.05669	-0.01014	-0.03541	0.19429	0.00791	-0.02377	0.01408	-0.00825	0.10486	-0.03122	-0.00549	-0.02673	0.02567	0.03661	0.08495	(And (Member $x0 summer_fair) (Patient $e0 $x0))
p204120	-0.03568	-0.07335	0.02852	-0.02242	-0.06095	0.08367	-0.06517	0.19645	0.01585	0.12626	-0.03742	-0.06206	0.00488	0.18683	-0.08185	-0.02141	-0.04699	-0.05032	-0.03366	-0.04408	-0.03402	0.15506	0.05924	-0.10620	0.13046	-0.05631	-0.06873	-0.01628	-0.11289	0.15222	0.00204	-0.03838	(And (Member $x0 tender) (Theme $e0 $x0))
p204121	0.01258	0.00637	0.00488	0.00005	-0.00067	-0.00022	-0.00512	-0.00185	-0.00030	0.00397	-0.00308	0.00099	-0.00770	0.00351	-0.01195	0.00257	0.01248	0.00613	-0.00006	-0.00410	-0.00017	-0.00318	0.01011	-0.01280	-0.01293	-0.00173	0.00117	-0.00568	-0.00674	0.00609	0.02695	-0.00700	(And (Member $x0 tree) (Patient $e0 $x0))
p204122	0.01027	-0.01388	-0.01976	0.01207	0.03547	0.00298	0.00697	-0.00917	-0.00126	0.00318	0.02401	-0.00337	-0.00441	-0.01704	-0.00831	0.02916	0.00570	-0.01322	-0.01381	-0.01339	0.00235	0.00686	-0.01174	-0.00226	0.01342	0.00150	-0.00505	0.00035	-0.00513	0.00359	-0.00582	0.00397	(And (Member $x0 vote) (Theme $e0 $x0))
p204123	0.11864	0.01417	-0.11504	-0.04465	-0.03295	0.09516	-0.04558	0.12036	-0.06102	0.04473	-0.01864	0.04503	0.03565	0.11451	-0.06255	-0.06360	0.13117	-0.08341	0.01915	0.00907	-0.03140	-0.09997	-0.10386	0.08407	-0.06151	0.11488	0.11627	-0.01668	0.09329	-0.09668	-0.00196	-0.00943	(And (Member $x0 wreck) (Theme $e0 $x0))
p204124	-0.01385	-0.00824	0.01924	-0.00089	0.00097	0.00381	0.00373	-0.02187	-0.00586	-0.00331	-0.01608	-0.01590	0.03615	-0.00014	-0.00009	-0.00709	0.00805	-0.00579	0.00151	-0.00719	0.01473	0.01052	-0.00019	0.00368	-0.00066	-0.00578	0.00789	-0.00199	-0.00356	-0.00110	0.00406	-0.01179	(And (Of $x0 $x1) (Theme $e0 $x0))
p204125	0.00434	0.04102	0.01003	-0.00845	0.00458	-0.00058	0.00558	-0.00188	-0.01259	-0.00848	-0.01155	0.01131	0.00141	0.00781	0.00882	-0.00134	0.00139	0.00089	-0.01360	0.00729	-0.00396	-0.00529	-0.00272	-0.01847	0.02386	0.01303	-0.01077	0.01124	-0.00844	-0.01223	0.01396	-0.01241	(And (Ongoing $e0) (Probably $e0))
p204126	-0.00083	0.03568	-0.00063	-0.01080	-0.00762	-0.01348	0.01139	0.01077	-0.00237	0.00220	-0.00027	0.00078	0.00007	0.00194	0.00026	0.00289	-0.00435	0.00256	0.01867	0.02145	-0.01713	-0.01059	-0.00991	-0.02012	0.02356	-0.00024	0.00450	0.00177	0.00469	-0.01808	-0.00378	0.00499	(And (Ongoing $e0) (Source $e0 $x0))
p204127	0.00587	0.03633	0.00002	-0.00878	-0.00606	-0.01562	0.04945	0.02450	-0.01633	0.00631	-0.02035	0.01401	0.00754	0.01096	0.00250	0.00205	-0.00741	-0.00366	-0.00013	0.01766	-0.01122	-0.00843	-0.00059	-0.02863	0.02361	0.00234	-0.00099	-0.00570	-0.01547	-0.01247	0.03352	-0.00263	(And (Ongoing $e0) (Theme $e0 $e1))
p204128	-0.00140	-0.00548	-0.02099	-0.01918	0.03994	-0.02182	-0.00320	0.00826	0.00632	-0.00285	-0.00383	-0.00638	-0.00273	-0.00743	0.00751	0.03254	-0.01093	-0.00025	0.00709	-0.01697	0.00110	-0.00122	0.00022	0.01201	-0.00662	-0.00547	0.00218	-0.00050	-0.00734	-0.01977	-0.00001	0.01480	(And (Ordinal $x0 <num> scan) (Theme $e0 $x0))
p204129	0.03070	0.00346	0.00739	-0.00556	-0.00391	0.01755	-0.00906	-0.00281	0.00467	-0.00126	-0.00281	-0.00267	-0.01243	-0.01030	-0.00896	0.00019	0.01752	0.00698	-0.00840	-0.00859	-0.00662	-0.00708	0.02676	-0.01553	-0.00835	-0.01928	-0.00589	-0.00089	0.00700	0.00414	0.00036	-0.00311	(And (Over $e0 $x0) (Past $e0))
p204130	-0.03634	0.01859	0.01447	-0.01500	0.01877	-0.04043	0.12000	0.13268	0.01215	-0.02129	0.05205	-0.00862	-0.03762	0.05668	-0.01048	-0.00614	-0.02492	0.02160	0.08177	0.00340	0.03963	-0.02200	-0.01035	-0.02148	-0.07423	0.01835	0.00277	-0.02762	-0.06561	-0.02194	-0.02496	-0.01346	(And (Past $e0) (Theme $e1 $e0))
p204131	-0.01369	0.00024	0.02193	0.00404	-0.00639	0.00743	-0.00877	-0.00267	0.01161	0.00454	0.00067	-0.01091	-0.00614	0.02637	-0.00883	-0.01015	0.03405	0.01430	-0.00125	-0.00167	0.00733	-0.01835	-0.01504	-0.01832	-0.01247	-0.00333	-0.00801	0.00947	-0.01324	-0.00076	-0.00684	0.00383	(And (Past $e0) (TimeAtLeast $e0 (Year <num>)))
p204132	0.00512	0.00687	-0.00323	-0.01216	-0.00513	-0.01511	-0.00974	0.01711	0.00821	-0.00462	0.03915	-0.00525	-0.00166	-0.00115	-0.01175	0.01141	-0.00275	0.02971	-0.00844	0.01257	-0.02523	-0.01201	-0.01038	-0.02252	-0.01441	-0.00568	0.00935	-0.00571	0.01769	-0.00132	0.02798	-0.00560	(And (Patient $e0 $x0) (SubsetOf $x0 $x1))
p204133	-0.00210	0.00188	-0.00101	0.01282	-0.00740	0.00537	0.00095	-0.00311	-0.00246	0.01102	-0.02791	-0.00274	0.00100	0.00203	0.00863	0.01414	0.00583	-0.00331	0.00620	-0.00432	-0.00159	0.00101	0.00451	-0.01450	-0.01602	0.00291	0.00089	-0.00707	-0.00199	-0.01032	0.03550	-0.01162	(And (Patient $e0 $x0) (Time $e0 (Weekday monday)))
p204134	-0.00202	0.00198	-0.00087	0.01291	-0.00729	0.00549	0.00106	-0.00301	-0.00234	0.01111	-0.02780	-0.00265	0.00110	0.00216	0.00871	0.01426	0.00596	-0.00318	0.00630	-0.00421	-0.00149	0.00112	0.00462	-0.01439	-0.01590	0.00299	0.00099	-0.00698	-0.00188	-0.01021	0.03559	-0.01153	(And (Patient $e0 $x0) (Time $e0 morning))
p204136	-0.01164	-0.04726	0.00144	-0.05831	0.08827	0.09225	-0.01372	-0.00548	0.02281	0.17944	-0.02510	-0.08220	0.00112	-0.08594	0.18239	-0.07062	-0.01907	0.14303	-0.10779	0.10398	-0.01401	-0.17001	-0.02510	-0.09486	-0.00362	-0.07049	0.21098	-0.00816	-0.05034	0.13201	0.00142	0.00562	(And (Recipient $e0 $x0) (Theme $e0 glazing))
p204137	-0.00780	-0.00709	0.00218	-0.00270	-0.00643	0.01289	0.00112	-0.01139	0.00086	-0.00632	-0.00209	0.00722	0.04071	0.00054	0.00035	-0.02124	-0.01329	-0.00806	0.00095	-0.00329	0.01416	-0.00634	0.00464	0.00675	0.00987	-0.00551	0.00395	0.00052	-0.00364	0.00312	-0.00153	0.00324	(And (Theme $e0 $x0) (To $e0 $e1))
p204138	-0.00205	0.00192	-0.00096	0.01286	-0.00735	0.00540	0.00100	-0.00307	-0.00242	0.01106	-0.02787	-0.00269	0.00105	0.00208	0.00868	0.01419	0.00587	-0.00325	0.00626	-0.00428	-0.00154	0.00106	0.00455	-0.01446	-0.01598	0.00296	0.00094	-0.00703	-0.00195	-0.01027	0.03554	-0.01157	(And (Time $e0 (Weekday monday)) (Time $e0 morning))
p204240	-0.00107	0.02446	0.00889	-0.00796	-0.00798	-0.00285	-0.02344	0.02286	0.01372	-0.00106	0.02276	-0.00727	-0.00911	0.01897	-0.00676	0.01472	-0.00475	0.01423	0.01323	0.00973	-0.01151	-0.02343	-0.00633	-0.02834	-0.00582	-0.00584	0.00380	0.00218	-0.01158	-0.01413	0.00619	0.00468	(Before $e0 $e1)
p204241	-0.00303	-0.00267	-0.00129	-0.00198	-0.00146	-0.00372	0.00036	-0.00279	-0.00399	-0.00078	-0.00066	0.00006	-0.00400	-0.00131	0.00112	-0.00269	0.00138	0.00018	-0.00282	-0.00145	-0.00271	-0.00092	-0.00250	0.00144	-0.00008	0.00290	-0.00256	-0.00306	0.00073	-0.00031	-0.00394	-0.00432	(Degree $x0 quantity excessive)
p204243	0.00076	0.00101	-0.00974	-0.00593	-0.00292	-0.00649	-0.00812	0.00773	0.00266	0.00486	0.01776	-0.00309	-0.00563	0.00780	-0.00714	0.01017	0.00040	0.00987	0.00514	0.00474	0.00066	-0.00980	-0.00199	-0.00864	-0.00659	-0.00753	0.00516	0.00678	-0.00072	-0.00630	0.00518	-0.00450	(During $e0 $x0)
p204244	-0.00378	-0.00125	0.00654	-0.00372	0.00381	0.00884	0.00763	0.00932	0.00381	-0.00342	-0.00465	-0.00274	-0.00783	-0.00707	0.00212	-0.00788	0.00260	-0.00489	-0.00532	-0.00194	0.00119	-0.00286	0.00488	0.00668	-0.00485	-0.00238	-0.00421	-0.00191	-0.00357	-0.00073	-0.00567	0.00419	(Every $e0 <num> day)
p204245	-0.00408	-0.00483	-0.00275	-0.00215	-0.00201	0.00088	-0.00213	0.00305	0.00655	-0.00767	0.00292	-0.01174	0.01330	0.00149	-0.00430	-0.00781	-0.00912	-0.00137	0.01020	-0.00167	0.01805	0.00723	-0.00083	0.00640	-0.00012	-0.00639	0.01034	-0.00767	-0.00207	-0.00328	-0.00619	-0.00068	(For $e0 $e1)
p204246	-0.00163	-0.00328	-0.00251	-0.00244	0.00220	-0.00102	-0.00143	-0.00200	-0.00397	-0.00135	-0.00042	-0.00243	0.01192	0.00075	0.00030	0.00079	-0.00466	-0.00015	0.00165	-0.00200	0.00472	-0.00098	-0.00037	0.00156	0.00168	-0.00137	0.00090	-0.00107	-0.00208	-0.00076	-0.00195	0.00227	(For $x0 $e0)
p204247	-0.01290	0.00989	0.02240	-0.01135	0.02678	0.00892	0.01538	0.01325	0.01436	-0.01244	-0.01661	0.00389	-0.00171	-0.01620	0.02210	-0.02461	-0.01257	-0.00989	-0.01494	-0.01373	0.01346	-0.00245	0.01002	0.02081	0.00320	0.01633	-0.01290	0.02671	0.00322	-0.00101	0.00403	-0.00654	(GroupOf $x0 day)
p204248	-0.00097	-0.02946	-0.00007	-0.00606	-0.01255	-0.00952	-0.00527	-0.02873	-0.00395	0.01644	0.00565	-0.01471	0.02017	-0.02217	0.00519	-0.00519	-0.01435	0.03613	0.01250	-0.01597	0.01674	-0.00023	-0.00849	-0.01314	0.03041	0.00041	-0.01153	0.01006	0.07866	-0.00229	-0.01413	0.01559	(GroupOf $x0 girl)
p204249	-0.00981	0.00345	0.00370	-0.00804	0.00751	0.01798	-0.00474	0.00557	0.02333	0.00588	-0.00965	0.02404	-0.00019	-0.01393	0.00452	-0.01269	-0.00784	-0.01697	-0.01318	-0.00603	-0.00480	-0.00796	0.00968	0.01030	0.00902	-0.00284	-0.00676	0.02354	0.00499	-0.00620	0.00848	0.00615	(GroupOf $x0 leaf)
p204250	0.00027	0.01919	0.01832	-0.00085	-0.00005	0.00034	-0.00684	-0.00731	-0.00068	-0.00642	-0.00163	-0.00265	0.00263	0.00530	-0.00416	-0.00491	0.02281	0.00665	-0.00695	0.00041	-0.01019	-0.00708	-0.01030	-0.01411	0.00559	0.00209	-0.00877	-0.00276	0.00154	0.00300	0.00369	-0.00573	(GroupOf $x0 man)
p204251	0.00070	0.00771	-0.00239	-0.00396	-0.00257	0.00210	-0.00690	0.00192	-0.00189	-0.00215	-0.00339	-0.00033	-0.00382	-0.00799	0.00136	0.00176	-0.00426	0.00608	-0.00745	0.00086	-0.00145	-0.00376	-0.00054	-0.00539	0.00357	0.00046	-0.00351	-0.00289	0.01015	-0.00213	0.00154	0.00965	(GroupOf $x0 pupil)
p204252	0.00468	0.03934	0.01049	-0.00240	0.00625	0.00601	-0.01296	0.00153	-0.01091	-0.00087	0.00366	0.00274	0.01038	-0.00341	-0.00884	0.00172	-0.00224	-0.00886	-0.00053	0.00430	-0.01219	-0.01592	-0.01279	-0.01036	0.00620	-0.00230	0.00388	-0.00221	0.00051	-0.00289	-0.00492	0.00409	(GroupOf $x0 scientist)
p204253	-0.00204	-0.00377	-0.00840	0.00155	-0.00754	0.00761	-0.01023	0.00624	0.00327	0.00203	-0.00194	-0.00211	-0.00374	-0.00546	0.00037	0.00386	-0.00623	-0.00118	-0.00212	0.00351	0.00034	-0.00727	-0.00098	0.00225	-0.00333	-0.00751	0.00011	0.00118	0.00009	-0.00270	-0.00775	0.02483	(GroupOf $x0 soil_sample)
p204254	0.02420	0.01254	0.00250	-0.00588	-0.00454	0.00483	-0.01057	-0.00295	-0.00416	-0.00320	0.00797	0.00638	-0.00505	-0.00251	-0.01190	-0.00186	0.00529	0.00200	-0.00813	0.00144	-0.00974	-0.00722	0.01442	-0.01084	0.00397	-0.01238	-0.00286	-0.00260	-0.00291	0.00585	0.00684	0.00633	(GroupOf $x0 soldier)
p204255	-0.00090	-0.00157	-0.00221	-0.00034	-0.00201	0.00060	-0.00196	0.00041	-0.00164	0.00033	-0.00054	0.00080	-0.00371	-0.00220	0.00073	-0.00044	-0.00058	0.00042	-0.00216	0.00020	-0.00059	-0.00170	-0.00037	0.00212	-0.00097	0.00030	-0.00141	-0.00110	0.00105	0.00048	-0.00425	0.00506	(LocatedIn $x0 here)
p204256	-0.00183	-0.00129	0.00220	-0.00203	-0.00507	0.00109	0.00434	0.00562	-0.00198	-0.00213	-0.00053	-0.00006	0.00562	0.00473	-0.00388	-0.00355	-0.00124	0.00656	0.00872	0.00153	0.00694	-0.00641	-0.00066	-0.00396	-0.00883	-0.00760	-0.00028	0.01078	-0.00592	-0.00479	-0.00749	0.01063	(Manner $e0 immediately)
p204257	-0.00582	0.00795	0.00079	-0.00644	0.00036	-0.01214	0.02957	0.02612	-0.00436	-0.00137	-0.00020	0.00076	-0.00312	0.00038	0.00131	-0.00383	-0.00546	-0.00362	0.01413	0.00491	-0.00878	-0.00397	-0.00397	-0.00432	-0.00333	0.00335	-0.00017	-0.01032	-0.00620	-0.00579	0.00187	-0.00988	(Manner $e0 often)
p204258	-0.00402	-0.00125	0.00464	-0.00008	-0.00249	0.00277	0.00235	0.00064	0.00006	-0.00286	-0.00683	-0.00338	0.00646	0.00136	0.00266	-0.00576	0.00448	-0.00053	-0.00199	-0.00006	-0.00390	-0.00154	-0.00089	-0.00120	-0.00190	-0.00027	-0.00161	-0.00277	-0.00384	-0.00125	0.00382	-0.00182	(Manner $e0 well)
p204259	0.00800	0.01959	0.02833	0.01764	-0.01393	-0.02809	-0.00815	0.00355	-0.01983	0.06426	0.00278	-0.00986	0.00626	-0.03741	0.02848	0.02834	0.00747	-0.00697	-0.02243	0.03415	-0.00776	0.01919	-0.01053	0.04650	-0.03325	-0.01270	-0.00799	0.00120	0.01659	-0.00050	0.00136	-0.01155	(Member $e0 acquire)
p204260	-0.00468	-0.00809	-0.01091	0.00184	-0.00383	0.01478	-0.01348	-0.00196	0.00160	0.01124	0.00027	-0.00270	-0.00652	-0.00798	-0.00586	0.00368	-0.00904	-0.00229	-0.00547	-0.00322	0.00851	0.00350	-0.00067	0.00499	-0.00524	-0.00289	0.01008	0.00176	0.00439	-0.00069	-0.00815	0.03336	(Member $e0 allow)
p204261	0.00068	0.00010	-0.00243	-0.00507	-0.00006	0.00026	-0.00206	0.00675	-0.00310	-0.00431	0.00037	-0.00119	0.02035	0.00722	-0.00174	-0.00188	-0.00644	-0.00384	-0.00225	-0.00110	-0.01079	0.00579	-0.00000	-0.00630	0.01682	-0.00170	-0.00323	-0.00070	-0.00698	0.00173	-0.00096	0.00040	(Member $e0 avoid)
p204262	-0.00656	-0.00729	-0.02383	0.00869	0.00698	-0.02058	-0.00962	-0.01780	-0.01279	0.01366	-0.01695	0.00335	-0.00976	0.01829	-0.01830	0.00750	-0.00348	0.01890	-0.00303	-0.01218	0.06325	0.00185	-0.00823	0.00566	-0.00672	0.03343	-0.00877	-0.00350	-0.01060	0.00285	0.02229	0.03387	(Member $e0 call_off)
p204263	0.00049	0.00293	-0.00383	0.07726	-0.03244	0.06238	-0.02710	0.01332	0.03495	-0.00323	-0.04902	-0.02925	0.00279	0.00217	0.04573	0.04799	0.00076	-0.02604	0.07359	-0.01139	-0.00579	-0.01105	-0.00807	-0.02932	-0.03259	-0.02374	-0.00690	-0.01466	-0.01180	-0.03548	0.03067	-0.00697	(Member $e0 commence)
p204264	-0.01207	0.02679	-0.01537	-0.01527	-0.01371	0.01063	0.03783	-0.01471	0.00963	-0.00368	-0.01281	-0.00933	0.00768	0.02573	-0.00774	0.03951	-0.00721	0.03213	0.01472	-0.00961	-0.01103	-0.01761	0.00030	0.01508	-0.01331	-0.02025	-0.00922	0.01658	0.01404	-0.00100	0.00397	0.00361	(Member $e0 continue)
p204265	-0.00418	0.00242	0.00608	-0.00222	0.00209	-0.00140	0.00151	-0.00219	-0.00498	0.00407	-0.00696	-0.00204	0.00496	0.00010	-0.00120	0.00711	0.00839	0.00046	-0.00215	-0.00180	-0.00486	-0.00079	0.00194	-0.00707	-0.00964	-0.00080	0.00216	-0.00423	-0.00239	-0.00413	0.02207	-0.01337	(Member $e0 cover)
p204266	-0.02848	-0.00435	-0.01143	-0.01396	0.01009	-0.02076	0.06132	0.06780	0.01333	0.00643	0.04198	-0.01580	-0.03258	0.01712	-0.01473	-0.00458	-0.01986	0.01632	0.06980	-0.00897	0.05386	-0.00269	-0.00939	-0.00219	-0.00326	0.01175	-0.00354	-0.02308	0.00464	-0.02290	-0.03542	0.00228	(Member $e0 cry)
p204267	-0.00473	-0.00723	-0.00426	-0.00441	-0.00270	-0.00195	0.00961	0.00664	0.00746	-0.00672	0.00046	-0.01077	0.00381	-0.00769	-0.00192	-0.00182	-0.01317	0.00520	0.00868	-0.00201	0.01415	0.00622	0.00047	0.00513	-0.00973	-0.01115	0.00740	-0.00433	0.00655	-0.00400	-0.00797	0.01394	(Member $e0 enter)
p204268	-0.00207	0.15372	0.08148	0.08970	0.01039	-0.07827	-0.03582	-0.03662	-0.05891	-0.00161	-0.01599	0.01712	0.00902	-0.04638	-0.11192	-0.05022	-0.05833	-0.03597	0.14262	-0.04557	-0.03128	0.05817	0.01117	-0.02364	-0.08885	0.03244	0.09946	0.09154	-0.01760	0.22211	0.00817	-0.01617	(Member $e0 error)
p204269	-0.00645	-0.01341	0.00007	0.00094	-0.00477	0.00327	0.00296	-0.01572	0.00182	-0.01096	-0.00619	-0.01495	0.03147	-0.00343	-0.00229	-0.01536	-0.01309	-0.00633	0.00467	-0.00329	0.03242	0.02251	0.00009	0.01386	0.00350	-0.00980	0.01803	-0.00764	0.00163	-0.00053	-0.00139	0.00095	(Member $e0 find)
p204270	-0.01115	0.00570	0.00401	-0.00037	-0.00544	0.01871	-0.01327	-0.00025	0.01571	-0.00738	-0.00270	-0.00832	-0.00929	-0.01174	-0.00686	-0.00424	0.00280	-0.01181	-0.00838	0.00122	-0.00152	0.01208	-0.00461	0.00564	0.00291	-0.01293	0.01157	-0.00503	0.00893	-0.00893	-0.01307	0.02697	(Member $e0 fly)
p204271	0.00164	0.02270	0.00165	-0.00326	0.00120	0.00152	-0.00944	0.00294	-0.00051	-0.00286	0.00306	0.00169	0.00083	0.00434	-0.00242	0.00580	0.00537	0.00180	-0.00205	0.00569	-0.00889	-0.00847	-0.00726	-0.01074	0.01413	-0.00095	-0.00456	0.00796	-0.00153	-0.00680	-0.00648	0.00514	(Member $e0 follow)
p204272	-0.02105	0.00442	-0.00157	-0.02358	-0.01600	0.03166	0.02590	0.03061	0.01623	0.00554	-0.01408	-0.02244	0.00654	0.05039	-0.02738	0.02192	-0.01817	0.01729	-0.00613	-0.02125	-0.01656	0.02114	0.01949	0.00998	0.00318	-0.02988	-0.02057	-0.01064	-0.01272	0.03985	0.00010	-0.01022	(Member $e0 give_up)
p204273	-0.00086	-0.00286	-0.00191	0.00042	-0.00302	-0.00582	-0.00190	-0.00385	-0.00513	0.00344	0.00026	0.00208	-0.00203	0.00624	-0.00032	0.00110	0.00312	0.00531	0.00131	-0.00095	-0.00104	-0.00361	-0.00238	-0.00339	-0.00210	0.00084	-0.00199	0.02125	-0.00042	-0.00149	-0.00501	-0.00094	(Member $e0 good)
p204274	-0.00359	0.02088	0.00230	-0.00595	0.00438	-0.00423	0.01045	0.01616	0.00521	-0.00506	0.00451	-0.00482	-0.00830	0.00227	-0.00285	-0.00021	-0.00657	0.00097	0.00841	0.00252	0.01113	-0.00204	-0.00022	-0.00708	0.00273	0.00097	0.00898	-0.01464	-0.00542	-0.00808	0.00014	-0.00894	(Member $e0 happen)
p204275	0.00037	0.00902	-0.00613	-0.00963	-0.00110	-0.00673	-0.00467	0.00405	0.00006	-0.00184	0.02267	-0.00072	-0.00173	-0.00339	-0.00826	0.00739	-0.00279	0.00309	-0.00360	0.00705	-0.01222	0.00070	-0.00125	-0.00843	0.00285	-0.00509	0.01210	-0.00872	0.00600	-0.00521	0.01541	-0.01064	(Member $e0 increase)
p204276	-0.00418	0.03723	0.01933	0.00099	-0.00714	0.02163	-0.01998	0.00834	0.01378	-0.00363	0.00160	-0.00774	-0.01433	0.00473	-0.01170	-0.00641	0.02354	-0.00107	-0.00720	0.00833	-0.00893	-0.01835	-0.01243	-0.01882	0.01309	-0.01033	-0.01195	-0.00809	-0.00553	-0.00693	-0.01612	0.00554	(Member $e0 jump)
p204277	0.00015	-0.00001	0.01455	-0.00243	0.00386	-0.00483	-0.00129	-0.00815	-0.00719	0.00727	-0.00748	-0.00419	0.01228	0.01149	-0.00057	0.00870	0.02074	0.00834	-0.00060	-0.00605	-0.00737	-0.00782	0.00106	-0.02032	-0.00941	0.00124	0.00040	0.02446	-0.00768	-0.00558	0.00935	-0.01658	(Member $e0 lead)
p204278	-0.01271	0.01817	0.02191	-0.00010	0.00029	0.00199	-0.01175	-0.00397	-0.00366	0.00588	0.00278	-0.01180	0.02236	0.01117	-0.00582	-0.00066	0.01376	0.00915	-0.00305	-0.00085	-0.00177	-0.01635	-0.00586	-0.02513	-0.00103	-0.00084	0.00019	0.01254	-0.00867	-0.00908	0.00205	-0.00263	(Member $e0 pass)
p204279	-0.00695	-0.00430	0.00948	0.00002	-0.00389	0.00450	-0.00065	-0.01597	-0.00746	-0.00360	-0.00882	-0.00850	0.02815	0.00185	0.00275	-0.00730	0.01475	0.00620	-0.00123	-0.00489	0.00836	-0.00463	-0.00470	-0.00558	-0.00025	-0.00307	-0.00073	0.00164	0.00468	-0.00036	0.00008	-0.00403	(Member $e0 present)
p204280	0.00060	-0.01247	-0.01207	-0.00508	0.02142	-0.00069	-0.00699	0.01460	0.00312	0.01113	0.00810	-0.00898	-0.00469	0.00518	-0.00895	0.01862	-0.00554	-0.00790	-0.00419	-0.01300	0.00154	0.01344	-0.00096	-0.00715	0.01305	-0.00773	-0.00660	-0.00242	-0.01226	0.00488	-0.00482	0.00219	(Member $e0 put_off)
p204281	-0.00552	0.00859	0.00491	0.00588	0.00114	0.01454	-0.00610	0.01125	0.00759	-0.00557	-0.00622	-0.00681	-0.00499	-0.00372	0.01222	-0.00292	-0.00386	-0.00888	0.00228	-0.00089	0.00404	-0.00801	-0.00196	0.00453	0.00433	-0.00286	-0.00813	0.01560	-0.00219	-0.00904	-0.00796	-0.00130	(Member $e0 ready)
p204282	0.04355	-0.00217	-0.00397	-0.00941	0.00514	0.00175	0.01416	0.00433	-0.00567	-0.00061	-0.00952	0.00419	-0.00686	-0.00265	-0.00543	0.00410	0.00701	0.00369	0.00504	-0.01099	-0.00016	-0.00726	0.03710	-0.01427	-0.01454	-0.02050	-0.00197	0.01255	-0.01539	-0.00079	-0.00412	0.00162	(Member $e0 run)
p204283	-0.00389	-0.00200	-0.00200	-0.00232	-0.00243	0.00025	0.00729	0.00844	-0.00195	-0.00119	0.00175	-0.00295	0.00585	0.00033	-0.00109	-0.00306	-0.00878	0.00120	0.00653	0.00203	0.00922	-0.00628	-0.00003	0.00104	-0.00604	-0.00508	0.00298	-0.00299	-0.00533	-0.00180	-0.00620	0.01018	(Member $e0 serve)
p204284	-0.00421	0.00200	-0.00440	-0.00465	0.00152	-0.00244	0.00414	0.01566	0.00426	0.00023	0.01197	-0.00675	-0.01143	0.00210	-0.00609	-0.00001	-0.00539	0.00276	0.01239	0.00092	0.01508	-0.00844	-0.00132	0.00107	-0.00828	-0.00669	0.00163	-0.00912	-0.00466	-0.00486	-0.01128	-0.00295	(Member $e0 war)
p204285	-0.00065	0.01068	0.00301	-0.00035	-0.00507	-0.00085	-0.00637	-0.00215	-0.00295	-0.00296	0.00336	0.00426	-0.00036	0.00370	-0.00504	-0.00307	0.00270	0.00148	-0.00659	0.00557	-0.00777	-0.00394	-0.00641	-0.00352	0.00659	-0.00012	-0.00369	-0.00187	-0.00062	0.00264	0.00764	0.00799	(Member $e0 write)
p204286	-0.01561	0.01182	0.01888	0.05656	0.05171	-0.03466	0.00011	-0.01064	-0.00189	-0.01288	-0.00681	-0.00451	-0.01308	0.05914	-0.00831	-0.03794	-0.01492	-0.02217	-0.01529	0.04501	-0.00212	-0.01439	0.03420	0.00398	-0.00251	-0.02506	0.00100	0.00744	0.04364	-0.01720	-0.00138	-0.01009	(Member $x0 answer)
p204287	-0.00207	0.15372	0.08148	0.08970	0.01039	-0.07827	-0.03582	-0.03662	-0.05891	-0.00160	-0.01599	0.01712	0.00902	-0.04638	-0.11192	-0.05022	-0.05833	-0.03597	0.14262	-0.04557	-0.03128	0.05817	0.01117	-0.02364	-0.08885	0.03244	0.09946	0.09154	-0.01760	0.22211	0.00817	-0.01617	(Member $x0 auditor)
p204288	-0.00338	-0.00448	0.00167	-0.00059	-0.00339	0.00009	-0.00175	0.00505	-0.00251	0.00406	-0.00227	-0.00128	-0.00347	0.00619	-0.00204	-0.00367	0.00035	-0.00205	-0.00332	-0.00208	-0.00282	0.00597	0.00017	-0.00247	0.00474	0.00137	-0.00518	-0.00242	-0.00414	0.00518	-0.00289	-0.00475	(Member $x0 beauty)
p204289	-0.06682	0.00437	0.12009	-0.07030	-0.04581	0.03740	-0.00120	-0.06003	-0.05596	0.00369	0.13570	0.06711	0.01762	0.11977	0.11707	0.11273	-0.11053	-0.01052	-0.01190	-0.02975	-0.05618	-0.03457	0.11432	-0.12082	-0.02893	0.14130	0.03034	-0.00434	-0.01870	-0.08305	-0.02519	0.01709	(Member $x0 biologist)
p204290	-0.00165	-0.00131	0.00008	0.00004	-0.00118	-0.00167	0.00084	-0.00193	-0.00315	-0.00012	-0.00064	0.00087	-0.00329	-0.00073	0.00131	-0.00221	0.00160	-0.00038	-0.00172	-0.00059	-0.00123	0.00019	-0.00134	0.00265	0.00004	0.00333	-0.00218	-0.00238	0.00075	0.00111	-0.00306	-0.00329	(Member $x0 boiler)
p204291	0.00209	0.00818	-0.01594	-0.00089	-0.01183	0.01068	-0.02353	0.01141	0.00476	0.00422	0.00042	-0.00024	-0.00592	-0.00185	-0.00615	0.01283	-0.01104	0.00529	-0.00297	0.00996	0.00210	-0.01837	-0.00192	-0.00718	0.00121	-0.01532	0.00094	0.01713	-0.00290	-0.00721	-0.01476	0.05251	(Member $x0 bus)
p204292	-0.00106	-0.00104	0.00046	0.00060	-0.00070	-0.00139	0.00148	-0.00142	-0.00262	0.00033	-0.00013	0.00129	-0.00265	-0.00012	0.00211	-0.00174	0.00211	0.00021	-0.00116	-0.00009	-0.00084	0.00068	-0.00102	0.00307	0.00053	0.00395	-0.00165	-0.00179	0.00117	0.00156	-0.00258	-0.00277	(Member $x0 calibration)
p204293	-0.00140	-0.00460	-0.00132	-0.00759	-0.00105	-0.00157	-0.00598	-0.00284	-0.00013	-0.00250	0.00366	-0.00603	-0.00395	-0.00858	0.00416	-0.00223	-0.00217	0.02010	-0.00118	0.00548	0.00037	-0.00326	-0.00464	-0.00451	-0.00048	-0.00041	-0.00027	-0.00210	0.01764	0.00031	-0.00598	-0.00199	(Member $x0 class)
p204294	0.00360	0.01077	-0.00284	0.00154	-0.00135	-0.00115	0.00364	-0.00289	0.01790	0.00418	0.00550	0.02993	0.00766	0.00451	-0.00419	-0.00681	-0.00281	-0.00963	-0.00661	0.00218	-0.00554	-0.01044	-0.00418	-0.00209	0.00898	-0.00540	-0.00113	-0.00408	-0.00836	0.00089	-0.00434	-0.00238	(Member $x0 computer)
p204295	0.03237	-0.00196	0.03119	0.01989	0.00228	-0.01760	0.00592	0.00428	0.03191	0.00564	-0.00211	-0.00830	0.01970	0.00230	-0.00498	-0.01710	-0.02519	0.03644	-0.00963	-0.00408	-0.02210	0.00879	-0.02124	-0.02181	0.00395	0.03351	-0.01060	0.00231	-0.01011	-0.00710	-0.00107	-0.00376	(Member $x0 countersignature)
p204296	-0.00122	-0.00086	0.00073	0.00065	-0.00045	-0.00100	0.00153	-0.00119	-0.00225	0.00060	-0.00005	0.00134	-0.00265	0.00009	0.00219	-0.00149	0.00233	0.00042	-0.00101	-0.00007	-0.00062	0.00081	-0.00062	0.00324	0.00076	0.00394	-0.00150	-0.00173	0.00139	0.00165	-0.00240	-0.00271	(Member $x0 courier)
p204297	0.00704	-0.00948	-0.01071	-0.00171	-0.00228	-0.01376	-0.00323	-0.00436	-0.00319	-0.00975	-0.02089	0.00343	0.00477	0.00769	0.02050	-0.00258	-0.00488	-0.00146	0.00994	-0.00017	0.00541	-0.00021	-0.00171	0.01608	0.00269	-0.00380	-0.00199	-0.00436	-0.00879	0.00592	0.01667	0.01675	(Member $x0 cracked)
p204298	-0.01607	-0.01271	-0.00235	-0.00605	-0.00916	-0.01134	0.01237	-0.00689	-0.00352	0.03930	0.01311	-0.00212	-0.00255	-0.01354	-0.01262	-0.00269	-0.00576	0.00324	0.04202	-0.00781	-0.01071	-0.00777	-0.00443	-0.00520	0.03469	0.00347	-0.00444	0.00711	0.04637	-0.01276	-0.01324	0.02051	(Member $x0 crowd)
p204299	-0.01248	-0.01283	-0.00928	-0.00434	-0.00504	0.01004	-0.00992	-0.00559	0.00474	-0.00489	-0.00010	-0.00417	0.00302	-0.02470	0.00182	-0.00552	-0.01579	-0.01461	-0.00244	-0.00530	-0.00182	0.02647	0.01012	0.02544	-0.00801	-0.01083	0.03269	0.00083	0.02192	-0.00938	-0.00685	0.03191	(Member $x0 curator)
p204300	-0.00034	-0.00737	-0.01559	0.03391	-0.02488	0.03711	-0.02958	0.01714	0.02400	0.00546	-0.01259	-0.01861	-0.00298	-0.00501	0.01521	0.02519	-0.01087	-0.01049	0.02120	0.00247	0.00197	-0.01761	-0.00854	-0.00788	-0.01109	-0.02155	-0.00146	-0.00006	-0.00269	-0.01840	-0.01023	0.04038	(Member $x0 delegation)
p204301	-0.00167	-0.00157	0.00017	0.00013	-0.00113	-0.00164	0.00106	-0.00176	-0.00295	-0.00008	-0.00056	0.00078	-0.00300	-0.00041	0.00164	-0.00219	0.00175	-0.00014	-0.00164	-0.00056	-0.00134	0.00034	-0.00129	0.00261	0.00035	0.00344	-0.00209	-0.00223	0.00074	0.00117	-0.00298	-0.00327	(Member $x0 descent)
p204302	-0.00623	-0.00924	-0.01115	-0.05916	0.03909	0.04835	-0.00437	-0.01208	-0.03658	-0.04179	-0.00166	0.05231	0.00470	-0.01425	-0.01243	-0.01743	0.00478	0.05297	0.05043	0.07634	-0.01169	0.05396	-0.00394	-0.00776	-0.00367	0.00329	-0.02523	-0.00179	-0.02173	-0.03637	0.00468	-0.00454	(Member $x0 drill)
p204303	0.00116	-0.01450	-0.01144	-0.08550	0.04100	0.11076	-0.01530	-0.05220	-0.09789	-0.09098	-0.00237	0.17029	-0.01626	0.01952	-0.05890	-0.02497	0.03144	0.12178	0.14543	0.06064	0.00359	0.17568	-0.03014	-0.02635	0.00438	0.02810	-0.09725	0.00104	-0.02965	-0.08175	0.01010	-0.02694	(Member $x0 elder)
p204304	-0.00161	0.00002	-0.00195	0.00122	-0.00278	0.00011	0.00101	0.00042	-0.00328	0.00206	-0.01134	0.00107	-0.00161	-0.00117	0.00182	0.00281	0.00086	-0.00040	-0.00292	-0.00001	-0.00120	-0.00009	0.00187	-0.00261	-0.00708	0.00097	0.00019	-0.00323	-0.00211	-0.00168	0.01303	0.00092	(Member $x0 elm)
p204305	-0.00523	-0.02618	-0.00250	-0.01168	0.02050	0.00717	-0.01788	0.04466	0.00329	0.04231	-0.00392	-0.01625	-0.01312	0.04000	-0.02115	0.01250	-0.00925	-0.01373	-0.01279	-0.02493	-0.00201	0.04733	0.00479	-0.02825	0.03809	-0.00820	-0.02116	-0.00471	-0.03306	0.03202	-0.00062	-0.01063	(Member $x0 ferry)
p204306	-0.02060	0.00534	0.01722	0.05520	0.06033	-0.03640	-0.00036	-0.00512	0.00175	-0.01545	-0.00765	-0.01011	-0.01083	0.05825	-0.00716	-0.03397	-0.01950	-0.02373	-0.01197	0.04111	-0.00314	-0.01563	0.03821	0.00724	-0.01048	-0.03027	0.00551	-0.00185	0.04474	-0.01981	0.00004	-0.00746	(Member $x0 foreman)
p204307	-0.00090	0.00181	0.00042	0.00454	-0.00186	-0.00056	0.00453	-0.00256	-0.00579	0.00614	-0.01729	0.00118	-0.00144	0.00272	0.00156	0.00476	0.00416	0.00105	-0.00253	-0.00239	0.00168	0.00323	0.00206	-0.00718	-0.01008	0.00753	-0.00023	-0.00573	-0.00441	-0.00182	0.02443	-0.00907	(Member $x0 founder)
p204308	-0.03108	-0.00601	0.04087	-0.02989	-0.01964	0.01066	-0.00605	-0.02413	-0.02368	-0.00706	0.04971	0.02497	0.01296	0.03031	0.04445	0.03268	-0.05444	-0.00794	-0.00528	-0.01295	-0.02457	0.00422	0.04426	-0.04084	-0.01528	0.04789	0.03774	0.00108	0.00650	-0.03399	-0.01307	0.03018	(Member $x0 frame)
p204309	-0.00083	-0.00643	-0.01245	0.02925	-0.02053	0.02954	-0.02386	0.01273	0.01875	0.00634	-0.01060	-0.01573	-0.00384	-0.00261	0.01189	0.02022	-0.00751	-0.00798	0.01663	0.00119	0.00216	-0.01448	-0.00841	-0.00716	-0.00912	-0.01546	-0.00208	-0.00072	-0.00293	-0.01451	-0.00871	0.03012	(Member $x0 freight)
p204310	0.00047	-0.00752	-0.00702	-0.00340	0.00275	-0.00586	-0.00148	0.00339	-0.00118	0.00131	0.00082	-0.00191	0.00985	0.00957	-0.00037	0.00168	0.00119	0.00339	0.00015	-0.00216	-0.00442	0.00040	-0.00223	-0.00485	0.00499	-0.00152	-0.00116	0.01330	-0.00476	-0.00130	-0.00329	0.00170	(Member $x0 girl)
p204311	0.02400	0.01293	-0.00509	-0.00449	-0.00590	0.00837	-0.01057	-0.00397	-0.00797	-0.00459	-0.00609	0.00707	-0.00170	-0.01224	-0.00737	0.00321	-0.01164	-0.00494	-0.00148	-0.00254	0.00145	0.00510	0.02225	-0.00727	0.00287	-0.01227	0.00946	-0.00273	0.00292	0.00052	0.00333	0.01167	(Member $x0 ground)
p204312	-0.00173	-0.00135	0.00012	0.00007	-0.00114	-0.00167	0.00098	-0.00186	-0.00300	-0.00007	-0.00063	0.00081	-0.00325	-0.00064	0.00145	-0.00219	0.00170	-0.00032	-0.00176	-0.00045	-0.00126	0.00020	-0.00140	0.00270	0.00008	0.00336	-0.00210	-0.00238	0.00074	0.00109	-0.00301	-0.00329	(Member $x0 hatch)
p204313	-0.00203	0.00192	-0.00102	0.01287	-0.00737	0.00540	0.00100	-0.00306	-0.00242	0.01106	-0.02786	-0.00268	0.00105	0.00206	0.00869	0.01418	0.00587	-0.00328	0.00624	-0.00426	-0.00155	0.00105	0.00453	-0.01444	-0.01598	0.00296	0.00095	-0.00702	-0.00194	-0.01028	0.03554	-0.01157	(Member $x0 hearing)
p204314	-0.00313	-0.00236	-0.00657	-0.00326	0.01224	-0.00405	0.00375	-0.00561	0.02759	0.00739	-0.00103	0.01911	-0.00432	-0.00231	-0.00252	0.00018	-0.00168	-0.01262	-0.00295	-0.00921	0.00091	0.00619	0.00091	0.00743	-0.00339	-0.00836	0.00534	-0.00348	-0.00253	-0.00072	-0.00219	0.00103	(Member $x0 hotel)
p204315	-0.00114	0.00200	0.00238	-0.00028	0.00352	-0.00538	0.00340	-0.00922	0.01930	0.00957	0.00012	0.02723	-0.00308	0.00679	-0.00305	-0.00735	0.00650	-0.00601	-0.00764	-0.00430	-0.00921	-0.00616	-0.00273	0.00050	-0.00442	-0.00320	-0.00207	-0.00148	-0.00499	0.00673	0.01135	-0.00099	(Member $x0 ivy)
p204316	-0.03329	-0.02330	-0.04516	-0.02014	-0.01855	-0.01763	-0.00755	0.00932	0.04734	-0.01836	-0.00474	-0.03233	0.02598	-0.03131	-0.00726	0.01654	0.03039	-0.01565	0.01533	0.02130	-0.01567	-0.01470	0.04144	0.02301	0.03076	0.04643	0.00179	-0.00199	-0.02254	0.02842	-0.00255	0.00789	(Member $x0 ladder)
p204317	-0.00321	-0.00573	0.00098	-0.00134	-0.00137	-0.00046	0.00309	0.00106	-0.00241	-0.00107	-0.00110	-0.00081	0.00583	0.00337	0.00144	-0.00646	-0.00004	-0.00154	-0.00346	-0.00174	-0.00326	0.00447	-0.00037	0.00154	0.00607	0.00301	-0.00327	-0.00211	-0.00235	0.00322	-0.00206	-0.00402	(Member $x0 lady)
p204318	-0.00179	-0.00393	-0.00780	0.00188	-0.00389	0.00851	-0.00935	0.00159	0.00038	0.00820	-0.00051	-0.00106	-0.00648	-0.00263	-0.00345	0.00364	-0.00425	0.00114	-0.00436	0.00023	0.00513	-0.00537	-0.00243	0.00010	-0.00271	-0.00185	-0.00072	0.00104	-0.00112	0.00090	-0.00709	0.02262	(Member $x0 licence)
p204319	-0.00461	-0.00163	0.00166	-0.00332	-0.00022	0.00156	-0.01167	-0.00240	0.00656	-0.00659	-0.00071	-0.00355	-0.00007	0.00442	-0.01238	-0.00372	0.00674	-0.00656	-0.00677	-0.00332	-0.00601	0.02414	-0.00520	-0.00293	0.01114	-0.00834	0.01159	0.00927	0.00184	-0.00338	0.00068	0.01535	(Member $x0 little)
p204320	-0.00568	0.00131	0.00221	-0.00596	-0.00215	0.01723	-0.00592	0.00544	-0.00042	-0.00664	0.01335	0.00094	0.00865	-0.01338	-0.00809	-0.00910	-0.00769	-0.00974	-0.00892	0.00461	-0.00723	-0.00121	0.00225	0.01202	0.01352	-0.00089	-0.00546	0.01838	0.00862	-0.00257	-0.00056	-0.00123	(Member $x0 matter)
p204321	0.00346	-0.00193	-0.00413	-0.00305	0.00266	-0.01269	0.02215	-0.00831	0.00190	-0.01097	-0.00123	-0.00004	-0.00153	-0.00254	0.00434	0.00121	0.00441	-0.00632	-0.00752	0.00371	-0.00141	0.02699	-0.00359	0.00600	0.00557	-0.00428	0.01895	0.00349	0.00456	-0.00426	-0.00080	-0.00646	(Member $x0 middle)
p204322	-0.00368	0.01923	0.00579	-0.00467	0.01110	-0.00014	-0.00345	-0.00675	0.01623	0.00972	-0.00176	0.02281	0.00754	0.00236	-0.00346	0.00133	0.00315	-0.00992	-0.00378	-0.00609	-0.00992	-0.01180	-0.00348	-0.00663	0.00264	-0.00485	-0.00227	-0.00066	-0.00520	-0.00322	-0.00102	-0.00154	(Member $x0 movie)
p204323	-0.00591	-0.00219	0.01173	-0.00689	-0.00538	-0.00350	0.00833	-0.01033	-0.01250	-0.00783	0.01038	0.00701	0.02679	0.01364	0.00747	-0.00282	-0.01325	-0.00108	-0.00076	-0.00484	-0.01659	0.00500	0.00828	-0.01434	0.00150	0.01131	0.01039	0.00066	-0.00532	-0.00088	-0.00023	-0.00538	(Member $x0 mural)
p204324	-0.00184	-0.00154	0.00008	0.00003	-0.00101	-0.00173	0.00107	-0.00193	-0.00298	-0.00002	-0.00057	0.00079	-0.00331	-0.00057	0.00163	-0.00218	0.00187	-0.00026	-0.00171	-0.00064	-0.00117	0.00023	-0.00137	0.00283	0.00018	0.00353	-0.00218	-0.00240	0.00084	0.00109	-0.00305	-0.00337	(Member $x0 night_crew)
p204325	-0.00185	-0.00055	-0.00077	-0.00204	-0.00247	-0.00193	-0.00081	0.00604	-0.00178	0.00314	0.00156	-0.00016	-0.00189	0.00358	-0.00233	0.00184	0.00008	0.00052	-0.00225	0.00097	-0.00491	0.00178	0.00151	-0.00461	-0.00197	0.00039	0.00006	-0.00456	-0.00232	0.00074	0.01136	-0.00708	(Member $x0 original)
p204326	0.00712	-0.00072	-0.00308	-0.00412	-0.00149	-0.00147	-0.00134	-0.00015	-0.00422	-0.00023	0.00450	0.00234	-0.00360	-0.00345	-0.00262	0.00107	-0.00119	0.00025	-0.00232	-0.00107	-0.00404	-0.00077	0.00689	-0.00217	-0.00187	-0.00289	0.00011	-0.00366	-0.00005	0.00127	0.00370	-0.00607	(Member $x0 party)
p204327	-0.01013	-0.00813	0.00933	-0.00284	-0.00309	0.00202	0.00092	-0.01495	-0.00317	-0.00511	-0.00446	-0.01345	0.03065	-0.00204	-0.00325	-0.00722	-0.00148	-0.00331	0.00260	-0.00265	0.01279	0.00931	0.00148	0.00342	0.00012	-0.00689	0.01137	-0.00431	-0.00057	-0.00032	0.00751	-0.00837	(Member $x0 picture)
p204328	0.08646	-0.01164	-0.01722	-0.01887	-0.02013	0.02792	-0.01834	-0.02471	-0.02224	-0.02356	-0.00923	0.02373	0.00163	-0.04000	-0.00936	0.01277	-0.02716	0.03047	-0.00952	-0.01807	-0.00230	0.01800	0.07155	-0.01695	0.00117	-0.03946	-0.01494	0.01467	0.04181	0.00805	-0.00253	0.03222	(Member $x0 pier)
p204329	-0.01301	-0.00791	0.01132	0.00341	-0.00129	0.01260	-0.00522	-0.00365	0.01674	-0.00061	-0.00682	-0.01112	-0.01163	-0.00380	-0.00376	-0.00631	0.01790	-0.00566	-0.00360	-0.00605	-0.00114	0.00828	-0.00415	0.00412	-0.00672	-0.01074	0.00240	0.00764	0.00423	-0.00519	-0.00998	0.00623	(Member $x0 plane)
p204330	-0.06682	0.00437	0.12009	-0.07030	-0.04581	0.03740	-0.00120	-0.06003	-0.05596	0.00369	0.13570	0.06711	0.01762	0.11977	0.11707	0.11272	-0.11053	-0.01052	-0.01190	-0.02975	-0.05618	-0.03457	0.11433	-0.12082	-0.02892	0.14131	0.03034	-0.00434	-0.01870	-0.08305	-0.02519	0.01709	(Member $x0 ranger)
p204331	-0.02189	0.00574	0.03018	0.07621	0.05837	-0.04128	-0.00534	0.00409	0.00691	-0.01709	-0.00916	-0.01828	-0.01224	0.08031	-0.00665	-0.03973	-0.02786	-0.02271	-0.01815	0.04100	-0.00569	-0.01710	0.03820	-0.00634	-0.01219	-0.03705	0.00200	-0.00091	0.06714	-0.01995	-0.00070	-0.00965	(Member $x0 recruit)
p204332	-0.01762	-0.01044	0.00565	-0.01381	0.00326	0.03568	-0.01435	0.01190	0.00628	-0.01069	0.00694	-0.00274	0.00356	-0.03256	-0.00123	-0.01519	-0.01526	-0.01898	-0.01622	-0.00171	-0.00465	0.00898	0.01296	0.02690	0.02198	-0.00365	-0.00156	0.04424	0.02464	-0.01168	0.00168	0.00976	(Member $x0 red)
p204333	-0.00163	-0.00153	0.00022	0.00017	-0.00109	-0.00160	0.00110	-0.00172	-0.00291	-0.00004	-0.00052	0.00082	-0.00296	-0.00037	0.00168	-0.00215	0.00179	-0.00010	-0.00160	-0.00052	-0.00130	0.00038	-0.00124	0.00265	0.00039	0.00348	-0.00205	-0.00219	0.00079	0.00121	-0.00294	-0.00323	(Member $x0 repair)
p204334	-0.00377	-0.01180	-0.00335	-0.00382	-0.00424	0.00469	0.00835	-0.00099	-0.00127	-0.01012	-0.00245	0.00158	0.00302	-0.01923	-0.00242	-0.00483	-0.01536	-0.01233	-0.00310	-0.00128	-0.00419	0.02508	0.00937	0.01359	-0.00750	-0.00994	0.02813	0.00025	0.01372	-0.00349	-0.00381	0.02564	(Member $x0 ridge)
p204335	0.01955	0.00819	0.00212	-0.00463	-0.00235	-0.00307	0.02785	0.01348	-0.00703	-0.01041	-0.00725	0.00613	0.00538	-0.00392	0.00023	-0.00893	-0.00108	-0.00412	0.00338	0.00244	-0.01028	-0.00280	0.01037	-0.00504	-0.00639	-0.00368	-0.00261	-0.00355	-0.01284	-0.00105	-0.00265	0.00405	(Member $x0 river)
p204336	0.00166	0.00807	-0.00982	-0.00579	-0.00296	-0.00028	-0.01226	-0.00130	-0.00396	-0.00532	0.00296	0.00340	0.00224	0.00046	-0.00552	0.00810	-0.00628	0.00002	0.00098	0.00272	-0.00398	0.00250	-0.00456	-0.00623	0.00782	-0.00758	0.00763	0.01052	0.00361	-0.00997	-0.00736	0.01389	(Member $x0 sea)
p204337	-0.00377	-0.01180	-0.00335	-0.00382	-0.00424	0.00469	0.00834	-0.00099	-0.00127	-0.01012	-0.00245	0.00157	0.00302	-0.01923	-0.00242	-0.00483	-0.01536	-0.01233	-0.00310	-0.00128	-0.00419	0.02508	0.00937	0.01359	-0.00750	-0.00994	0.02813	0.00025	0.01371	-0.00349	-0.00381	0.02564	(Member $x0 shepherd)
p204338	-0.00410	-0.00239	0.00062	0.00659	-0.00618	0.01043	-0.00811	0.00369	0.00691	0.00041	-0.00441	-0.00604	-0.00584	-0.00217	0.00296	0.00193	0.00387	-0.00311	0.00300	-0.00084	-0.00168	-0.00590	-0.00302	-0.00079	-0.00442	-0.00705	-0.00314	-0.00146	-0.00031	-0.00462	-0.00698	0.00873	(Member $x0 ship)
p204339	-0.00158	-0.00122	0.00018	0.00013	-0.00108	-0.00155	0.00093	-0.00184	-0.00304	-0.00001	-0.00055	0.00095	-0.00320	-0.00062	0.00141	-0.00211	0.00171	-0.00027	-0.00163	-0.00051	-0.00113	0.00029	-0.00122	0.00275	0.00015	0.00343	-0.00208	-0.00228	0.00085	0.00120	-0.00296	-0.00321	(Member $x0 skylight)
p204340	-0.00562	0.00443	0.00276	-0.00483	0.00334	-0.00555	0.02222	0.01027	0.00540	-0.00435	-0.00245	-0.00288	-0.00498	-0.00939	-0.00261	-0.00352	0.00040	-0.00596	0.00144	0.00133	-0.00502	0.01240	0.00193	0.00133	-0.00675	-0.00158	0.00617	-0.00880	-0.00160	-0.00501	0.01033	-0.00009	(Member $x0 snow)
p204341	-0.00191	-0.00157	-0.00013	-0.00019	-0.00132	-0.00196	0.00076	-0.00227	-0.00344	-0.00033	-0.00077	0.00072	-0.00355	-0.00095	0.00114	-0.00249	0.00154	-0.00061	-0.00201	-0.00079	-0.00137	0.00004	-0.00162	0.00264	-0.00011	0.00332	-0.00247	-0.00264	0.00061	0.00096	-0.00330	-0.00356	(Member $x0 spoil_mound)
p204342	0.05277	0.01452	-0.00210	-0.00394	-0.00532	0.01453	-0.01070	-0.01070	-0.01625	0.00461	-0.02134	0.01211	-0.00563	-0.00814	-0.01312	0.00065	-0.00395	-0.00185	-0.00780	-0.01162	0.01209	0.00290	0.04720	-0.01700	0.00283	-0.01244	-0.00593	-0.00313	-0.00687	0.00796	0.01634	0.00401	(Member $x0 store)
p204343	-0.00032	0.00740	-0.01090	-0.00760	-0.00936	-0.00697	-0.00176	0.00621	-0.00203	0.00230	0.01559	0.00108	0.00043	-0.00141	-0.01020	0.00829	-0.01066	0.00337	0.00620	0.00904	-0.00786	-0.00289	-0.00375	-0.00933	-0.00197	-0.00936	0.01357	0.00879	0.00738	-0.01110	0.00332	0.01473	(Member $x0 sun)
p204344	-0.00323	-0.00548	-0.00206	-0.00843	-0.00048	-0.00561	-0.00586	0.00768	0.00650	-0.00451	0.01358	-0.00534	-0.00364	0.00386	0.00240	0.00484	-0.01102	-0.00238	0.00464	-0.00073	-0.00417	0.00889	0.00312	-0.00140	-0.00157	-0.00970	0.00833	-0.00820	-0.00165	-0.00337	0.00573	-0.00042	(Member $x0 system)
p204345	-0.02189	0.00574	0.03018	0.07621	0.05837	-0.04128	-0.00534	0.00409	0.00691	-0.01709	-0.00916	-0.01828	-0.01224	0.08031	-0.00665	-0.03973	-0.02786	-0.02271	-0.01815	0.04100	-0.00569	-0.01710	0.03820	-0.00634	-0.01219	-0.03705	0.00200	-0.00092	0.06714	-0.01995	-0.00070	-0.00965	(Member $x0 trainer)
p204346	-0.00860	-0.00781	0.00393	0.00018	0.00146	0.00450	0.00185	-0.00595	0.00817	-0.00328	-0.00307	-0.00525	-0.00696	-0.00668	-0.00025	-0.00563	0.00690	-0.00640	-0.00522	-0.00465	0.00148	0.01463	-0.00134	0.01041	-0.00041	-0.00198	0.00469	-0.00433	0.00712	-0.00181	-0.00481	-0.00040	(Member $x0 village)
p204347	0.02135	-0.00015	-0.00678	-0.00829	-0.00222	0.00030	-0.00331	-0.00043	-0.00728	0.00047	0.01280	0.00530	-0.00239	-0.00904	-0.00754	0.00507	-0.00424	0.00062	-0.00468	-0.00089	-0.00738	-0.00197	0.02222	-0.00623	-0.00238	-0.00741	0.00410	-0.00300	0.00127	0.00258	0.01123	-0.00834	(Member $x0 war)
p204348	-0.00168	-0.01159	-0.00391	-0.00413	-0.00471	0.00572	0.00729	-0.00187	-0.00212	-0.01053	-0.00270	0.00264	0.00330	-0.02100	-0.00338	-0.00487	-0.01611	-0.01242	-0.00331	-0.00165	-0.00399	0.02584	0.01180	0.01328	-0.00645	-0.01147	0.02868	0.00049	0.01491	-0.00296	-0.00357	0.02619	(Member $x0 ward)
p204349	-0.00870	-0.02055	-0.01002	-0.00413	-0.00051	-0.01141	0.00668	-0.02800	-0.01335	0.03994	0.00669	0.00235	-0.00156	-0.00360	-0.00448	0.00733	0.00860	0.00521	0.00231	-0.01160	-0.00248	-0.00096	0.00103	-0.00926	0.02935	0.01063	0.00130	0.01098	0.03284	-0.00406	0.01176	-0.01429	(Member $x0 windshield)
p204350	-0.04249	-0.08420	0.02204	0.11969	-0.03283	-0.05908	-0.01766	0.07723	-0.03579	-0.08312	-0.04809	0.10086	-0.03971	-0.02605	-0.07577	0.06125	-0.00220	0.13540	-0.02627	-0.02699	-0.01069	-0.07797	0.05056	0.07206	0.17674	-0.05122	0.14584	-0.00192	-0.07287	-0.02020	0.00256	-0.01511	(Ordinal $x0 <num> buy)
p204351	-0.00077	-0.00744	-0.00203	0.00018	-0.00031	-0.00133	0.00573	-0.00448	0.00339	-0.00773	0.00029	-0.00331	0.01269	-0.00247	-0.00056	-0.00638	-0.00295	-0.00453	-0.00035	-0.00135	0.00132	0.01451	-0.00023	0.00734	0.00463	-0.00196	0.00629	-0.00331	0.00058	0.00114	-0.00160	-0.00219	(Permitted $e0)
p204352	0.00032	-0.00215	0.00135	-0.00090	-0.00330	-0.00452	-0.00081	-0.00157	-0.00208	-0.00151	0.00603	0.00253	-0.00267	0.00444	-0.00304	-0.00352	0.00431	0.00649	-0.00853	0.00434	-0.00535	-0.00276	-0.00642	-0.00031	-0.00197	-0.00088	-0.00205	-0.00019	-0.00015	0.00576	0.00230	0.00930	(ProportionOf $x0 $x1 most)
p204353	0.02162	-0.00110	0.03228	0.02606	0.00270	-0.02085	-0.00252	0.00280	0.02762	0.02626	-0.00637	-0.02722	-0.00934	0.00930	-0.00689	-0.00212	-0.01842	0.04713	-0.01042	-0.00514	-0.01147	0.00433	-0.02435	-0.02424	-0.00372	0.03679	-0.01136	0.01186	-0.00972	-0.00892	-0.00375	-0.00464	(Theme $e0 monthly_servicing)
p204354	-0.00201	0.00193	-0.00102	0.01289	-0.00736	0.00542	0.00102	-0.00304	-0.00240	0.01108	-0.02783	-0.00266	0.00107	0.00207	0.00871	0.01420	0.00589	-0.00327	0.00625	-0.00423	-0.00154	0.00107	0.00454	-0.01442	-0.01596	0.00297	0.00097	-0.00700	-0.00192	-0.01026	0.03556	-0.01155	(Time $e0 (Weekday monday))
p204355	-0.00034	-0.00737	-0.01559	0.03391	-0.02488	0.03711	-0.02958	0.01714	0.02400	0.00546	-0.01259	-0.01861	-0.00298	-0.00501	0.01521	0.02519	-0.01087	-0.01049	0.02120	0.00247	0.00196	-0.01761	-0.00854	-0.00788	-0.01109	-0.02155	-0.00146	-0.00006	-0.00269	-0.01840	-0.01023	0.04038	(Time $e0 (Weekday thursday))
p204356	0.00870	0.01059	-0.01277	-0.00506	0.00628	0.00079	-0.02259	0.02037	0.00444	0.00757	0.04804	-0.00591	-0.02832	0.00531	-0.02105	0.00928	-0.01496	0.01428	0.01972	-0.00403	0.05664	-0.01937	0.00933	-0.00891	-0.01170	0.00650	0.00236	-0.00631	-0.00635	-0.00482	-0.01877	0.00113	(Time $e0 night)
p204357	-0.05776	-0.04931	0.02865	0.01448	0.00575	0.03803	0.00683	-0.03870	0.10978	-0.02419	-0.02489	-0.04755	-0.03124	-0.02749	-0.01641	-0.01514	0.03452	-0.03951	-0.01224	-0.03329	0.02811	0.09987	-0.00478	0.05858	-0.01638	-0.01696	0.03998	0.00329	0.02973	-0.02059	-0.02235	0.02797	(Time $e0 this_year)
p204358	0.06281	0.01598	0.03387	-0.00775	0.01161	-0.00467	0.08304	0.02318	-0.02069	-0.01652	-0.05499	0.01922	-0.00906	-0.00871	0.00344	-0.02302	0.01298	-0.00780	-0.00849	-0.01342	-0.00387	0.00285	0.06975	-0.02338	-0.04147	-0.00710	-0.00577	-0.00882	-0.04341	0.01042	0.03565	-0.00459	(Time $e0 tonight)
p204359	-0.01370	0.00024	0.02193	0.00403	-0.00639	0.00742	-0.00877	-0.00268	0.01160	0.00453	0.00066	-0.01092	-0.00614	0.02637	-0.00884	-0.01015	0.03405	0.01430	-0.00126	-0.00167	0.00733	-0.01835	-0.01505	-0.01832	-0.01247	-0.00333	-0.00801	0.00947	-0.01324	-0.00076	-0.00684	0.00383	(TimeAtLeast $e0 (Year <num>))
p204360	-0.00174	-0.00294	0.00294	-0.00095	-0.00072	-0.00536	-0.00018	-0.00507	-0.00227	-0.00273	0.00480	0.00153	-0.00357	0.00319	-0.00171	-0.00586	0.00610	0.00147	-0.00501	-0.00010	-0.00580	-0.00036	-0.00588	0.00331	0.00056	0.00111	-0.00391	-0.00218	-0.00062	0.00524	0.00173	-0.00067	(To $x0 $x1)
p204387	-0.03380	0.07219	-0.09101	0.05160	-0.01814	-0.05467	-0.00894	0.04814	-0.02722	0.06053	0.06414	0.03069	0.01509	-0.03231	0.08528	-0.02361	0.06663	0.05377	-0.01884	-0.03717	-0.00128	0.08074	0.05880	0.05419	-0.05674	-0.01117	-0.05556	-0.00165	-0.00573	-0.04468	-0.01228	0.02963	(And (Agent $e0 $x0) (Beneficiary $e0 $x1) (Member $e0 buy) (Member $x0 school))
p204388	-0.03380	0.07219	-0.09101	0.05160	-0.01814	-0.05467	-0.00894	0.04814	-0.02722	0.06053	0.06414	0.03069	0.01509	-0.03231	0.08528	-0.02361	0.06663	0.05377	-0.01884	-0.03717	-0.00128	0.08074	0.05880	0.05419	-0.05674	-0.01117	-0.05556	-0.00165	-0.00573	-0.04468	-0.01228	0.02963	(And (Agent $e0 $x0) (Beneficiary $e0 $x1) (Member $e0 buy) (Member $x1 hall))
p204389	-0.04868	0.07921	-0.00317	-0.04012	-0.04543	0.08527	0.08800	-0.09800	0.03649	-0.04019	-0.01902	-0.02900	0.00407	0.08823	-0.06021	0.06902	-0.01037	0.10274	-0.01355	-0.05078	-0.00147	-0.02476	0.02548	0.09943	-0.06179	-0.05389	-0.03440	-0.02053	0.05550	0.07925	0.00074	-0.02946	(And (Agent $e0 $x0) (Cardinality $x0 <num>) (GroupOf $x0 climber) (Member $e0 abandon))
p204390	-0.04868	0.07921	-0.00317	-0.04012	-0.04543	0.08527	0.08800	-0.09800	0.03649	-0.04019	-0.01902	-0.02900	0.00407	0.08824	-0.06021	0.06902	-0.01037	0.10274	-0.01355	-0.05077	-0.00147	-0.02476	0.02548	0.09943	-0.06179	-0.05389	-0.03440	-0.02052	0.05550	0.07926	0.00075	-0.02946	(And (Agent $e0 $x0) (Cardinality $x0 <num>) (Member $e0 abandon) (Theme $e0 $x1))
p204391	-0.03481	-0.00604	-0.01057	0.03913	0.00946	-0.03783	-0.01785	0.01461	0.04440	-0.02484	-0.00610	-0.03645	-0.00264	0.01978	-0.00960	-0.01621	0.00909	-0.01791	0.00201	0.05880	-0.01142	-0.01316	0.05276	0.00074	0.00306	0.01875	-0.00963	-0.00065	0.06129	0.01280	-0.00260	-0.00059	(And (Agent $e0 $x0) (Cardinality $x1 <num>) (Recipient $e0 $x2) (Theme $e0 $x1))
p204392	-0.04828	0.00409	0.08860	-0.05231	-0.03318	0.02959	0.00028	-0.04416	-0.04045	0.00547	0.10007	0.04901	0.01017	0.09277	0.08594	0.08510	-0.07634	-0.00722	-0.00889	-0.02179	-0.04104	-0.02718	0.08281	-0.08996	-0.01970	0.10398	0.01056	-0.00460	-0.01709	-0.06214	-0.01830	0.00417	(And (Agent $e0 $x0) (CoAgent $e0 $x1) (Location $e0 $x2) (Member $x0 biologist))
p204393	-0.04828	0.00409	0.08860	-0.05231	-0.03318	0.02959	0.00028	-0.04416	-0.04045	0.00547	0.10007	0.04901	0.01017	0.09277	0.08594	0.08510	-0.07634	-0.00722	-0.00889	-0.02179	-0.04104	-0.02719	0.08281	-0.08996	-0.01970	0.10398	0.01055	-0.00460	-0.01709	-0.06214	-0.01830	0.00417	(And (Agent $e0 $x0) (CoAgent $e0 $x1) (Location $e0 $x2) (Member $x1 ranger))
p204394	-0.04828	0.00409	0.08860	-0.05231	-0.03318	0.02959	0.00028	-0.04416	-0.04045	0.00547	0.10007	0.04901	0.01017	0.09277	0.08594	0.08510	-0.07634	-0.00722	-0.00889	-0.02179	-0.04104	-0.02718	0.08281	-0.08996	-0.01970	0.10398	0.01056	-0.00460	-0.01709	-0.06214	-0.01830	0.00417	(And (Agent $e0 $x0) (CoAgent $e0 $x1) (Location $e0 $x2) (Member $x2 survey))
p204395	-0.04828	0.00409	0.08860	-0.05231	-0.03318	0.02959	0.00028	-0.04416	-0.04045	0.00547	0.10007	0.04901	0.01017	0.09277	0.08594	0.08510	-0.07634	-0.00722	-0.00889	-0.02179	-0.04104	-0.02719	0.08281	-0.08996	-0.01970	0.10398	0.01055	-0.00460	-0.01709	-0.06214	-0.01830	0.00417	(And (Agent $e0 $x0) (CoAgent $e0 $x1) (Member $x0 biologist) (Member $x1 ranger))
p204398	-0.00056	-0.00609	-0.01277	0.02973	-0.02300	0.03050	-0.02496	0.01630	0.02252	0.00004	-0.01213	-0.01682	-0.00025	-0.00621	0.01630	0.02127	-0.01001	-0.01105	0.02111	0.00313	-0.00164	-0.01529	-0.00631	-0.00561	-0.00984	-0.02153	-0.00079	-0.00026	-0.00128	-0.01820	-0.00827	0.03250	(And (Agent $e0 $x0) (Future $e0) (Member $x0 delegation) (Time $e0 (Weekday thursday)))
p204399	-0.04868	0.07920	-0.00317	-0.04012	-0.04543	0.08527	0.08800	-0.09800	0.03649	-0.04019	-0.01902	-0.02900	0.00407	0.08823	-0.06021	0.06902	-0.01037	0.10274	-0.01355	-0.05078	-0.00147	-0.02477	0.02548	0.09943	-0.06179	-0.05389	-0.03440	-0.02053	0.05550	0.07925	0.00074	-0.02946	(And (Agent $e0 $x0) (GroupOf $x0 climber) (Member $e0 abandon) (Theme $e0 $x1))
p204400	-0.00150	-0.00324	-0.00816	0.00158	-0.00700	0.00791	-0.01010	0.00660	0.00394	0.00205	-0.00166	-0.00211	-0.00284	-0.00509	0.00003	0.00437	-0.00645	-0.00097	-0.00164	0.00364	0.00071	-0.00703	-0.00055	0.00163	-0.00324	-0.00803	0.00067	0.00183	-0.00004	-0.00276	-0.00682	0.02547	(And (Agent $e0 $x0) (GroupOf $x0 soil_sample) (Inheritance soil_sample sample) (Instrument $e0 post))
p204401	0.00007	-0.01398	-0.00690	-0.07703	0.03455	0.10920	-0.01276	-0.05224	-0.09263	-0.08313	-0.00262	0.16199	-0.01828	0.01966	-0.05764	-0.03082	0.03296	0.11546	0.13610	0.06225	0.00639	0.16787	-0.02909	-0.02422	0.00505	0.03004	-0.09278	-0.00008	-0.02819	-0.07301	0.00996	-0.02971	(And (Agent $e0 $x0) (GroupOf $x1 child) (Member $e0 teach) (Recipient $e0 $x1))
p204402	0.00007	-0.01398	-0.00690	-0.07703	0.03455	0.10920	-0.01276	-0.05224	-0.09263	-0.08313	-0.00262	0.16199	-0.01828	0.01966	-0.05764	-0.03082	0.03296	0.11546	0.13610	0.06225	0.00639	0.16787	-0.02909	-0.02422	0.00505	0.03004	-0.09278	-0.00009	-0.02819	-0.07301	0.00996	-0.02971	(And (Agent $e0 $x0) (GroupOf $x1 child) (Member $x0 elder) (Recipient $e0 $x1))
p204403	0.00007	-0.01398	-0.00690	-0.07703	0.03455	0.10920	-0.01276	-0.05224	-0.09263	-0.08313	-0.00262	0.16199	-0.01828	0.01966	-0.05764	-0.03082	0.03296	0.11546	0.13610	0.06225	0.00639	0.16787	-0.02909	-0.02422	0.00505	0.03004	-0.09278	-0.00009	-0.02819	-0.07301	0.00996	-0.02971	(And (Agent $e0 $x0) (GroupOf $x1 child) (Recipient $e0 $x1) (Theme $e0 $x2))
p204404	0.00072	-0.00870	0.02206	-0.02243	-0.02588	-0.01773	-0.01280	0.08311	-0.06266	-0.06230	0.00381	0.11602	-0.02477	-0.05267	0.08661	0.04296	0.02384	-0.06410	-0.02003	0.03824	0.07582	0.01763	-0.03486	-0.06760	-0.02961	-0.02710	-0.03970	-0.00452	0.11712	0.10876	0.00637	-0.00660	(And (Agent $e0 $x0) (GroupOf $x1 forklift) (Member $e0 buy) (Theme $e0 $x1))
p204405	0.00011	-0.00352	-0.01416	-0.01290	0.02319	-0.01069	-0.00407	0.00863	0.00322	-0.00323	-0.00067	-0.00373	0.00323	-0.00416	0.00356	0.02107	-0.00719	-0.00224	0.00386	-0.00909	-0.00498	-0.00005	0.00048	0.00384	-0.00141	-0.00672	0.00120	0.00065	-0.00473	-0.01122	-0.00049	0.01047	(And (Agent $e0 $x0) (GroupOf $x1 sample) (Member $e0 examine) (Theme $e0 $x1))
p204406	0.00030	-0.00380	-0.01432	-0.01264	0.02308	-0.01078	-0.00413	0.00793	0.00315	-0.00319	-0.00070	-0.00357	0.00301	-0.00463	0.00332	0.02107	-0.00732	-0.00232	0.00375	-0.00914	-0.00447	0.00013	0.00050	0.00455	-0.00144	-0.00655	0.00115	0.00057	-0.00441	-0.01110	-0.00050	0.01073	(And (Agent $e0 $x0) (GroupOf $x1 sample) (Member $x0 physician) (Theme $e0 $x1))
p204407	-0.00105	-0.00556	-0.01595	-0.00814	0.02078	-0.01210	-0.00491	-0.00005	0.00015	0.00107	-0.00210	-0.00294	0.00223	-0.00102	-0.00157	0.01976	-0.00551	0.00102	0.00296	-0.01058	0.00523	0.00149	-0.00152	0.00560	-0.00065	0.00121	-0.00144	0.00125	-0.00459	-0.00867	-0.00013	0.01382	(And (Agent $e0 $x0) (Inheritance evening_flight flight) (Member $x1 evening_flight) (Theme $e0 $x1))
p204408	0.00058	-0.00413	-0.01490	-0.01472	0.02734	-0.01211	-0.00361	0.00946	0.00597	-0.00387	0.00001	-0.00371	-0.00007	-0.00798	0.00554	0.02371	-0.00842	-0.00334	0.00481	-0.01030	-0.00442	-0.00040	0.00156	0.00812	-0.00236	-0.00780	0.00209	-0.00017	-0.00342	-0.01334	-0.00086	0.01016	(And (Agent $e0 $x0) (Inheritance loan_application application) (Member $x1 loan_application) (Theme $e0 $x1))
p204409	-0.00153	-0.00397	-0.00841	0.00142	-0.00409	0.00811	-0.00985	0.00148	0.00038	0.00750	-0.00079	-0.00157	-0.00609	-0.00308	-0.00422	0.00356	-0.00518	0.00052	-0.00442	0.00001	0.00488	-0.00586	-0.00283	-0.00101	-0.00341	-0.00302	-0.00068	0.00113	-0.00186	0.00021	-0.00683	0.02291	(And (Agent $e0 $x0) (Inheritance night_delivery delivery) (Member $x0 licence) (Theme $e0 night_delivery))
p204410	-0.03676	-0.07544	0.01326	0.10947	-0.02692	-0.05254	-0.01602	0.07080	-0.02667	-0.07613	-0.04274	0.08551	-0.03654	-0.02221	-0.06568	0.05003	-0.00295	0.12401	-0.02202	-0.02854	-0.01277	-0.07276	0.04715	0.06357	0.16119	-0.04644	0.13493	-0.00193	-0.06486	-0.01659	0.00157	-0.01235	(And (Agent $e0 $x0) (Inheritance pottery_studio studio) (Member $e0 buy) (Member $x0 pottery_studio))
p204411	0.10126	0.01584	-0.09384	-0.03589	-0.02666	0.08046	-0.03793	0.10097	-0.05045	0.04133	-0.01604	0.03812	0.02548	0.09683	-0.05292	-0.05303	0.11115	-0.06892	0.01790	0.00731	-0.02466	-0.08519	-0.08621	0.06890	-0.05241	0.09787	0.09393	-0.01456	0.07521	-0.07845	-0.00128	-0.01158	(And (Agent $e0 $x0) (Location $e0 $x1) (Member $e0 discover) (Member $x0 diver))
p204412	-0.05497	0.00414	0.09847	-0.05747	-0.03750	0.02951	-0.00042	-0.04969	-0.04657	0.00399	0.11214	0.05496	0.01468	0.10118	0.09719	0.09319	-0.09014	-0.00798	-0.00925	-0.02489	-0.04535	-0.02940	0.09305	-0.10007	-0.02423	0.12116	0.02507	-0.00374	-0.01688	-0.06823	-0.02036	0.01334	(And (Agent $e0 $x0) (Location $e0 $x1) (Member $e0 work) (Member $x0 biologist))
p204413	-0.07351	0.00442	0.12995	-0.07546	-0.05014	0.03731	-0.00190	-0.06556	-0.06209	0.00219	0.14776	0.07305	0.02213	0.12818	0.12831	0.12082	-0.12433	-0.01129	-0.01227	-0.03286	-0.06050	-0.03679	0.12456	-0.13094	-0.03346	0.15847	0.04485	-0.00349	-0.01851	-0.08914	-0.02726	0.02626	(And (Agent $e0 $x0) (Location $e0 $x1) (Member $e0 work) (Member $x1 survey))
p204414	-0.01142	-0.01261	-0.00832	-0.00424	-0.00465	0.01108	-0.00982	-0.00489	0.00552	-0.00525	-0.00001	-0.00385	0.00391	-0.02366	0.00073	-0.00454	-0.01621	-0.01440	-0.00180	-0.00458	-0.00127	0.02587	0.01012	0.02412	-0.00709	-0.01118	0.03361	0.00158	0.02167	-0.00884	-0.00581	0.03250	(And (Agent $e0 $x0) (Location $e0 $x1) (Member $x0 curator) (Member $x1 hall))
p204415	-0.01155	-0.01276	-0.00851	-0.00438	-0.00481	0.01091	-0.00997	-0.00505	0.00535	-0.00542	-0.00016	-0.00399	0.00376	-0.02384	0.00058	-0.00470	-0.01637	-0.01458	-0.00196	-0.00472	-0.00143	0.02570	0.00993	0.02397	-0.00727	-0.01133	0.03346	0.00143	0.02151	-0.00900	-0.00597	0.03236	(And (Agent $e0 $x0) (Location $e0 $x1) (Member $x0 curator) (Theme $e0 photography))
p204416	-0.03046	-0.00565	0.04063	-0.02964	-0.01927	0.01103	-0.00623	-0.02357	-0.02279	-0.00704	0.04959	0.02458	0.01362	0.03023	0.04372	0.03299	-0.05459	-0.00795	-0.00490	-0.01273	-0.02409	0.00426	0.04429	-0.04113	-0.01524	0.04682	0.03815	0.00162	0.00627	-0.03397	-0.01230	0.03093	(And (Agent $e0 $x0) (Location $e0 $x1) (Member $x0 welder) (Member $x1 frame))
p204417	-0.01148	-0.01267	-0.00839	-0.00429	-0.00471	0.01103	-0.00987	-0.00494	0.00547	-0.00531	-0.00007	-0.00390	0.00386	-0.02372	0.00067	-0.00459	-0.01626	-0.01446	-0.00186	-0.00463	-0.00133	0.02581	0.01006	0.02406	-0.00715	-0.01124	0.03356	0.00152	0.02161	-0.00890	-0.00587	0.03245	(And (Agent $e0 $x0) (Location $e0 $x1) (Member $x1 hall) (Theme $e0 photography))
p204419	-0.02905	-0.05837	0.02445	-0.01742	-0.05060	0.06612	-0.05196	0.15835	0.01229	0.10290	-0.03070	-0.04996	0.00243	0.15597	-0.06754	-0.01834	-0.03769	-0.04009	-0.02685	-0.03635	-0.02677	0.12799	0.04721	-0.08645	0.10450	-0.04505	-0.05682	-0.01368	-0.09189	0.12669	0.00191	-0.03304	(And (Agent $e0 $x0) (Member $e0 abandon) (Member $x0 firm) (Theme $e0 $x1))
p204420	-0.04868	0.07920	-0.00317	-0.04012	-0.04543	0.08527	0.08800	-0.09800	0.03649	-0.04019	-0.01902	-0.02900	0.00407	0.08823	-0.06021	0.06902	-0.01037	0.10274	-0.01355	-0.05078	-0.00147	-0.02477	0.02548	0.09943	-0.06179	-0.05389	-0.03440	-0.02053	0.05550	0.07925	0.00074	-0.02946	(And (Agent $e0 $x0) (Member $e0 abandon) (Member $x1 north_route) (Theme $e0 $x1))
p204422	-0.02905	-0.05837	0.02445	-0.01741	-0.05060	0.06612	-0.05196	0.15835	0.01229	0.10290	-0.03070	-0.04995	0.00243	0.15597	-0.06754	-0.01835	-0.03769	-0.04009	-0.02685	-0.03635	-0.02677	0.12800	0.04722	-0.08644	0.10451	-0.04504	-0.05682	-0.01367	-0.09189	0.12669	0.00191	-0.03304	(And (Agent $e0 $x0) (Member $e0 abandon) (Member $x1 tender) (Theme $e0 $x1))
p204424	0.00289	-0.00143	-0.01222	-0.01294	0.05050	-0.01653	-0.00152	-0.00043	0.00384	0.01399	0.00288	-0.00276	-0.02169	-0.00238	0.00055	0.03002	-0.00446	-0.00234	0.00075	-0.02184	0.00890	0.00286	-0.00435	0.00583	-0.00661	0.00165	-0.00144	-0.00366	-0.00519	-0.01193	-0.00018	-0.00104	(And (Agent $e0 $x0) (Member $e0 answer) (Member $x0 clerk) (Theme $e0 $x1))
p204425	0.00290	-0.00141	-0.01245	-0.01261	0.04952	-0.01630	-0.00154	-0.00087	0.00369	0.01429	0.00266	-0.00199	-0.02138	-0.00190	0.00015	0.02983	-0.00427	-0.00260	0.00049	-0.02159	0.00888	0.00258	-0.00435	0.00556	-0.00674	0.00143	-0.00147	-0.00351	-0.00542	-0.01160	-0.00009	-0.00070	(And (Agent $e0 $x0) (Member $e0 answer) (Member $x0 pilot) (Theme $e0 $x1))
p204426	0.00290	-0.00143	-0.01222	-0.01294	0.05050	-0.01653	-0.00152	-0.00042	0.00384	0.01400	0.00289	-0.00276	-0.02169	-0.00238	0.00055	0.03002	-0.00445	-0.00234	0.00075	-0.02183	0.00891	0.00286	-0.00435	0.00583	-0.00661	0.00166	-0.00144	-0.00365	-0.00519	-0.01193	-0.00018	-0.00104	(And (Agent $e0 $x0) (Member $e0 answer) (Member $x1 query) (Theme $e0 $x1))
p204427	0.00289	-0.00140	-0.01242	-0.01260	0.04953	-0.01625	-0.00153	-0.00084	0.00374	0.01432	0.00268	-0.00198	-0.02136	-0.00187	0.00017	0.02985	-0.00424	-0.00256	0.00051	-0.02159	0.00888	0.00260	-0.00430	0.00558	-0.00671	0.00144	-0.00146	-0.00349	-0.00539	-0.01160	-0.00006	-0.00069	(And (Agent $e0 $x0) (Member $e0 answer) (Member $x1 tower) (Theme $e0 $x1))
p204428	-0.00036	-0.00595	-0.01229	0.02905	-0.02000	0.02978	-0.02379	0.01311	0.01937	0.00636	-0.01028	-0.01568	-0.00298	-0.00237	0.01145	0.02065	-0.00781	-0.00774	0.01695	0.00137	0.00254	-0.01431	-0.00792	-0.00767	-0.00901	-0.01605	-0.00149	-0.00007	-0.00304	-0.01454	-0.00784	0.03086	(And (Agent $e0 $x0) (Member $e0 arrive) (Member $x0 freight) (Time $e0 (Hour <num>)))
p204429	-0.02277	0.01733	0.00249	-0.00823	-0.01363	-0.01887	0.03375	0.03516	0.00174	0.02172	0.00500	-0.00243	-0.00087	-0.01385	-0.01166	-0.01190	-0.01556	-0.00457	0.07739	0.01279	-0.02372	-0.01534	-0.01398	-0.00432	0.02029	0.00355	-0.00658	0.00139	0.02894	-0.01986	-0.02558	0.03961	(And (Agent $e0 $x0) (Member $e0 begin) (Ongoing $e1) (Theme $e0 $e1))
p204430	0.00072	-0.00870	0.02206	-0.02243	-0.02588	-0.01773	-0.01280	0.08311	-0.06266	-0.06230	0.00381	0.11602	-0.02477	-0.05267	0.08661	0.04296	0.02384	-0.06410	-0.02003	0.03824	0.07582	0.01763	-0.03486	-0.06760	-0.02961	-0.02710	-0.03970	-0.00452	0.11712	0.10876	0.00637	-0.00660	(And (Agent $e0 $x0) (Member $e0 buy) (Member $x0 depot) (Past $e0))
p204431	0.00072	-0.00870	0.02206	-0.02243	-0.02588	-0.01773	-0.01280	0.08311	-0.06266	-0.06230	0.00381	0.11602	-0.02477	-0.05267	0.08661	0.04296	0.02384	-0.06410	-0.02003	0.03824	0.07582	0.01763	-0.03486	-0.06760	-0.02961	-0.02710	-0.03970	-0.00452	0.11712	0.10875	0.00637	-0.00660	(And (Agent $e0 $x0) (Member $e0 buy) (Member $x0 depot) (Theme $e0 $x1))
p204433	-0.03676	-0.07544	0.01326	0.10948	-0.02692	-0.05254	-0.01602	0.07080	-0.02667	-0.07613	-0.04274	0.08551	-0.03654	-0.02221	-0.06568	0.05003	-0.00295	0.12401	-0.02202	-0.02854	-0.01277	-0.07276	0.04715	0.06357	0.16119	-0.04644	0.13493	-0.00193	-0.06486	-0.01659	0.00157	-0.01235	(And (Agent $e0 $x0) (Member $e0 buy) (Member $x0 pottery_studio) (Past $e0))
p204434	-0.03676	-0.07544	0.01326	0.10947	-0.02692	-0.05254	-0.01603	0.07080	-0.02667	-0.07613	-0.04274	0.08551	-0.03654	-0.02221	-0.06568	0.05003	-0.00295	0.12401	-0.02202	-0.02854	-0.01277	-0.07276	0.04715	0.06357	0.16119	-0.04644	0.13493	-0.00193	-0.06486	-0.01659	0.00157	-0.01235	(And (Agent $e0 $x0) (Member $e0 buy) (Member $x0 pottery_studio) (Theme $e0 $x1))
p204435	-0.03380	0.07219	-0.09101	0.05160	-0.01814	-0.05467	-0.00894	0.04814	-0.02722	0.06053	0.06414	0.03069	0.01509	-0.03231	0.08528	-0.02361	0.06663	0.05377	-0.01884	-0.03717	-0.00128	0.08074	0.05880	0.05419	-0.05674	-0.01117	-0.05556	-0.00165	-0.00573	-0.04468	-0.01228	0.02963	(And (Agent $e0 $x0) (Member $e0 buy) (Member $x0 school) (Past $e0))
p204436	-0.03380	0.07219	-0.09101	0.05160	-0.01814	-0.05467	-0.00894	0.04814	-0.02722	0.06053	0.06414	0.03069	0.01509	-0.03231	0.08528	-0.02361	0.06663	0.05377	-0.01884	-0.03717	-0.00128	0.08074	0.05880	0.05419	-0.05674	-0.01117	-0.05556	-0.00165	-0.00573	-0.04468	-0.01228	0.02963	(And (Agent $e0 $x0) (Member $e0 buy) (Member $x0 school) (Theme $e0 $x1))
p204438	-0.03676	-0.07544	0.01326	0.10947	-0.02692	-0.05254	-0.01602	0.07080	-0.02667	-0.07613	-0.04274	0.08551	-0.03654	-0.02221	-0.06568	0.05003	-0.00295	0.12401	-0.02202	-0.02854	-0.01277	-0.07276	0.04715	0.06357	0.16119	-0.04644	0.13493	-0.00193	-0.06486	-0.01659	0.00157	-0.01235	(And (Agent $e0 $x0) (Member $e0 buy) (Member $x1 kiln) (Theme $e0 $x1))
p204441	-0.01624	-0.01576	-0.03661	0.03576	0.00428	-0.03275	-0.01646	-0.04992	-0.02939	0.03716	-0.04738	0.00610	-0.02735	0.05064	-0.03742	-0.00446	-0.00041	0.04810	-0.00813	-0.03019	0.16196	0.00635	-0.01982	0.01115	-0.00598	0.08718	-0.02597	-0.00456	-0.02189	0.02212	0.02798	0.06895	(And (Agent $e0 $x0) (Member $e0 cancel) (Member $x0 council) (Patient $e0 $x1))
p204442	-0.01620	-0.01585	-0.03691	0.03536	0.00483	-0.03323	-0.01669	-0.04995	-0.02918	0.03721	-0.04743	0.00594	-0.02761	0.05027	-0.03715	-0.00386	-0.00100	0.04830	-0.00785	-0.03040	0.16237	0.00630	-0.01982	0.01168	-0.00621	0.08725	-0.02595	-0.00452	-0.02183	0.02135	0.02796	0.06950	(And (Agent $e0 $x0) (Member $e0 cancel) (Member $x0 tutor) (Patient $e0 $x1))
p204443	-0.01620	-0.01585	-0.03691	0.03536	0.00483	-0.03323	-0.01670	-0.04995	-0.02918	0.03721	-0.04743	0.00594	-0.02761	0.05027	-0.03715	-0.00386	-0.00100	0.04830	-0.00785	-0.03040	0.16237	0.00630	-0.01982	0.01168	-0.00621	0.08725	-0.02595	-0.00452	-0.02183	0.02135	0.02796	0.06950	(And (Agent $e0 $x0) (Member $e0 cancel) (Member $x1 afternoon_session) (Patient $e0 $x1))
p204444	-0.01624	-0.01576	-0.03661	0.03576	0.00428	-0.03275	-0.01646	-0.04992	-0.02939	0.03716	-0.04738	0.00610	-0.02735	0.05064	-0.03742	-0.00446	-0.00041	0.04810	-0.00813	-0.03019	0.16196	0.00635	-0.01982	0.01115	-0.00598	0.08718	-0.02597	-0.00456	-0.02189	0.02212	0.02798	0.06895	(And (Agent $e0 $x0) (Member $e0 cancel) (Member $x1 summer_fair) (Patient $e0 $x1))
p204445	0.00550	-0.00225	-0.00384	-0.00683	-0.00433	-0.02229	0.11378	0.05754	-0.01104	-0.02387	-0.02646	0.02070	0.01208	-0.00134	0.01156	-0.01354	-0.00646	-0.00632	-0.03697	0.03722	-0.01495	-0.00389	0.00701	-0.00449	-0.04203	-0.01363	0.02033	-0.01119	-0.04385	0.00474	0.03811	0.01738	(And (Agent $e0 $x0) (Member $e0 cause) (Member $e1 destroy) (Theme $e0 $e1))
p204446	0.00550	-0.00225	-0.00384	-0.00682	-0.00433	-0.02229	0.11378	0.05754	-0.01104	-0.02387	-0.02646	0.02070	0.01208	-0.00134	0.01156	-0.01354	-0.00646	-0.00631	-0.03697	0.03722	-0.01495	-0.00389	0.00701	-0.00449	-0.04203	-0.01363	0.02033	-0.01119	-0.04385	0.00474	0.03811	0.01738	(And (Agent $e0 $x0) (Member $e0 cause) (Patient $e1 $x1) (Theme $e0 $e1))
p204447	0.04537	-0.03311	-0.03519	0.13634	0.05681	0.07432	0.06304	-0.08825	-0.02840	0.01311	0.13221	0.01042	-0.04858	-0.05613	-0.05333	0.03188	0.07250	-0.04392	-0.06922	-0.02755	0.06721	0.00967	-0.05931	-0.02189	0.05343	0.07529	-0.03298	-0.00856	-0.00223	0.05547	-0.03059	-0.03076	(And (Agent $e0 $x0) (Member $e0 decide) (Member $x0 board) (Theme $e0 $x1))
p204448	0.02193	-0.01581	-0.02180	0.05071	0.04225	0.02776	0.02937	-0.04393	-0.01385	0.01066	0.07108	0.00724	-0.02190	-0.02800	-0.02426	0.02757	0.03199	-0.02123	-0.03442	-0.01615	0.01993	0.00577	-0.02964	-0.01090	0.02317	0.02989	-0.01384	-0.00195	-0.00130	0.02310	-0.01534	-0.01247	(And (Agent $e0 $x0) (Member $e0 decide) (Member $x0 judge) (Theme $e0 $x1))
p204449	0.04537	-0.03311	-0.03519	0.13634	0.05681	0.07433	0.06304	-0.08825	-0.02840	0.01311	0.13221	0.01042	-0.04858	-0.05613	-0.05333	0.03188	0.07250	-0.04392	-0.06921	-0.02755	0.06721	0.00967	-0.05931	-0.02188	0.05343	0.07530	-0.03298	-0.00856	-0.00223	0.05547	-0.03059	-0.03076	(And (Agent $e0 $x0) (Member $e0 decide) (Member $x1 budget) (Theme $e0 $x1))
p204450	0.02193	-0.01581	-0.02180	0.05071	0.04225	0.02776	0.02937	-0.04393	-0.01385	0.01066	0.07108	0.00724	-0.02190	-0.02800	-0.02426	0.02757	0.03199	-0.02123	-0.03442	-0.01615	0.01993	0.00577	-0.02964	-0.01090	0.02317	0.02989	-0.01384	-0.00195	-0.00130	0.02310	-0.01534	-0.01247	(And (Agent $e0 $x0) (Member $e0 decide) (Member $x1 case) (Theme $e0 $x1))
p204451	0.04537	-0.03311	-0.03519	0.13634	0.05681	0.07432	0.06304	-0.08825	-0.02840	0.01311	0.13221	0.01042	-0.04858	-0.05613	-0.05333	0.03188	0.07250	-0.04392	-0.06921	-0.02755	0.06721	0.00967	-0.05931	-0.02189	0.05343	0.07530	-0.03298	-0.00856	-0.00223	0.05547	-0.03059	-0.03076	(And (Agent $e0 $x0) (Member $e0 decide) (Possession $x1 next_year) (Theme $e0 $x1))
p204452	0.00490	-0.00168	-0.00313	0.00466	-0.01029	-0.01848	0.01298	-0.00386	-0.00643	-0.00736	-0.00691	0.01300	0.00366	0.01889	-0.00850	-0.00993	0.01301	0.00961	-0.01681	0.01673	-0.00120	-0.00405	-0.01435	0.00349	-0.01213	0.00168	-0.00054	0.00024	-0.01813	0.01599	0.02791	0.02786	(And (Agent $e0 $x0) (Member $e0 destroy) (Member $x0 fire) (Patient $e0 $x1))
p204453	0.10126	0.01584	-0.09384	-0.03589	-0.02666	0.08046	-0.03793	0.10097	-0.05045	0.04133	-0.01604	0.03812	0.02548	0.09683	-0.05291	-0.05303	0.11115	-0.06892	0.01790	0.00731	-0.02466	-0.08519	-0.08621	0.06890	-0.05241	0.09787	0.09393	-0.01455	0.07521	-0.07845	-0.00128	-0.01158	(And (Agent $e0 $x0) (Member $e0 discover) (Member $x0 diver) (Theme $e0 $x1))
p204454	0.04159	0.09859	-0.01466	-0.00938	0.08991	-0.06209	-0.02241	0.02306	-0.00956	0.03596	-0.00857	0.00439	-0.05073	-0.03599	-0.03538	0.02574	-0.01323	-0.03196	0.07501	-0.03263	0.00773	-0.05022	-0.01866	0.03801	-0.07273	0.03035	0.07409	-0.00825	-0.02097	0.07143	0.00295	-0.01445	(And (Agent $e0 $x0) (Member $e0 discover) (Member $x0 intern) (Theme $e0 $x1))
p204455	0.04159	0.09859	-0.01466	-0.00938	0.08991	-0.06209	-0.02241	0.02306	-0.00956	0.03596	-0.00857	0.00439	-0.05073	-0.03599	-0.03538	0.02574	-0.01323	-0.03196	0.07501	-0.03263	0.00773	-0.05022	-0.01866	0.03801	-0.07273	0.03035	0.07409	-0.00825	-0.02097	0.07143	0.00295	-0.01445	(And (Agent $e0 $x0) (Member $e0 discover) (Member $x1 file) (Theme $e0 $x1))
p204456	0.04159	0.09859	-0.01466	-0.00938	0.08991	-0.06209	-0.02241	0.02306	-0.00956	0.03596	-0.00857	0.00439	-0.05073	-0.03599	-0.03538	0.02574	-0.01323	-0.03196	0.07501	-0.03263	0.00773	-0.05022	-0.01866	0.03801	-0.07273	0.03035	0.07409	-0.00825	-0.02097	0.07143	0.00295	-0.01445	(And (Agent $e0 $x0) (Member $e0 discover) (Member $x1 missing) (Theme $e0 $x1))
p204457	0.10126	0.01584	-0.09384	-0.03589	-0.02666	0.08046	-0.03793	0.10097	-0.05045	0.04133	-0.01604	0.03812	0.02548	0.09683	-0.05291	-0.05303	0.11115	-0.06892	0.01790	0.00731	-0.02466	-0.08519	-0.08621	0.06890	-0.05241	0.09787	0.09393	-0.01456	0.07521	-0.07845	-0.00128	-0.01158	(And (Agent $e0 $x0) (Member $e0 discover) (Member $x1 wreck) (Theme $e0 $x1))
p204458	-0.02154	0.01694	0.02088	0.08428	0.04718	-0.03873	-0.00637	0.00370	0.00726	-0.01399	-0.00715	-0.01710	-0.01293	0.07612	-0.00960	-0.04623	-0.01978	-0.02156	-0.01737	0.03952	-0.00210	-0.00968	0.04529	-0.00073	-0.01759	-0.03414	-0.00425	-0.00127	0.06524	-0.02039	-0.00080	-0.00680	(And (Agent $e0 $x0) (Member $e0 give) (Member $x0 school) (Recipient $e0 $x1))
p204459	-0.02154	0.01694	0.02088	0.08428	0.04718	-0.03873	-0.00637	0.00370	0.00726	-0.01399	-0.00715	-0.01710	-0.01293	0.07612	-0.00960	-0.04623	-0.01978	-0.02156	-0.01737	0.03952	-0.00210	-0.00968	0.04529	-0.00073	-0.01759	-0.03414	-0.00425	-0.00127	0.06524	-0.02039	-0.00080	-0.00680	(And (Agent $e0 $x0) (Member $e0 give) (Member $x0 school) (Theme $e0 $x1))
p204460	-0.02030	0.00526	0.03360	0.07944	0.04950	-0.03598	-0.00449	0.00143	0.00611	-0.01522	-0.00853	-0.01607	-0.01375	0.07834	-0.00953	-0.04676	-0.02574	-0.02331	-0.01977	0.04402	-0.00255	-0.01426	0.03829	-0.00475	-0.00981	-0.03384	-0.00000	-0.00107	0.06753	-0.01434	-0.00087	-0.01167	(And (Agent $e0 $x0) (Member $e0 give) (Member $x0 trainer) (Recipient $e0 $x1))
p204461	-0.02030	0.00526	0.03360	0.07944	0.04950	-0.03598	-0.00449	0.00143	0.00611	-0.01522	-0.00853	-0.01607	-0.01375	0.07834	-0.00953	-0.04676	-0.02574	-0.02331	-0.01977	0.04402	-0.00255	-0.01426	0.03829	-0.00475	-0.00981	-0.03384	-0.00000	-0.00107	0.06753	-0.01434	-0.00087	-0.01167	(And (Agent $e0 $x0) (Member $e0 give) (Member $x0 trainer) (Theme $e0 $x1))
p204462	-0.01868	0.00462	0.01939	0.05665	0.05391	-0.03161	0.00047	-0.00825	0.00147	-0.01239	-0.00679	-0.00742	-0.01430	0.05421	-0.00991	-0.03994	-0.01672	-0.02378	-0.01330	0.04142	0.00155	-0.01169	0.03737	0.00980	-0.00812	-0.02603	0.00300	-0.00218	0.04461	-0.01420	-0.00018	-0.00953	(And (Agent $e0 $x0) (Member $e0 give) (Member $x1 answer) (Theme $e0 $x1))
p204463	-0.01892	0.00475	0.02078	0.05856	0.05109	-0.03094	0.00035	-0.00750	0.00092	-0.01352	-0.00702	-0.00801	-0.01211	0.05655	-0.01009	-0.04110	-0.01747	-0.02413	-0.01363	0.04392	-0.00010	-0.01265	0.03809	0.00841	-0.00793	-0.02699	0.00336	-0.00195	0.04514	-0.01404	-0.00015	-0.00943	(And (Agent $e0 $x0) (Member $e0 give) (Member $x1 manifest) (Theme $e0 $x1))
p204464	-0.02030	0.00526	0.03360	0.07944	0.04950	-0.03598	-0.00449	0.00143	0.00611	-0.01522	-0.00853	-0.01607	-0.01375	0.07834	-0.00953	-0.04676	-0.02574	-0.02331	-0.01977	0.04402	-0.00255	-0.01426	0.03829	-0.00475	-0.00981	-0.03384	-0.00000	-0.00107	0.06753	-0.01434	-0.00087	-0.01167	(And (Agent $e0 $x0) (Member $e0 give) (Member $x1 recruit) (Recipient $e0 $x1))
p204465	-0.02155	0.01694	0.02088	0.08428	0.04718	-0.03873	-0.00637	0.00370	0.00726	-0.01399	-0.00715	-0.01710	-0.01293	0.07612	-0.00960	-0.04623	-0.01978	-0.02156	-0.01737	0.03952	-0.00210	-0.00968	0.04529	-0.00073	-0.01759	-0.03414	-0.00425	-0.00127	0.06524	-0.02039	-0.00080	-0.00680	(And (Agent $e0 $x0) (Member $e0 give) (Member $x1 winner) (Recipient $e0 $x1))
p204466	-0.06579	-0.03326	-0.08860	-0.03815	-0.06341	-0.03088	-0.02158	0.00051	0.09527	-0.02787	-0.00953	-0.05520	0.01509	-0.06873	-0.03035	0.04852	0.08552	-0.03456	0.05005	0.09393	-0.01988	-0.02522	0.09794	0.03994	0.04399	0.13242	-0.01308	-0.00524	-0.03401	0.06356	-0.00102	0.00588	(And (Agent $e0 $x0) (Member $e0 lend) (Member $x0 museum) (Recipient $e0 $x1))
p204467	-0.06579	-0.03326	-0.08860	-0.03816	-0.06341	-0.03088	-0.02159	0.00051	0.09527	-0.02787	-0.00953	-0.05520	0.01509	-0.06873	-0.03035	0.04852	0.08552	-0.03456	0.05005	0.09393	-0.01988	-0.02522	0.09794	0.03994	0.04399	0.13242	-0.01308	-0.00524	-0.03401	0.06355	-0.00103	0.00588	(And (Agent $e0 $x0) (Member $e0 lend) (Member $x0 museum) (Theme $e0 $x1))
p204468	-0.03343	-0.02461	-0.05243	-0.02252	-0.01396	-0.02210	-0.01397	0.01920	0.05611	-0.01664	-0.00282	-0.03793	0.01022	-0.03947	-0.00517	0.02970	0.03791	-0.01318	0.01119	0.01382	-0.01013	-0.01434	0.03695	0.01924	0.02887	0.05352	-0.00274	-0.00154	-0.00828	0.03099	-0.00401	0.01306	(And (Agent $e0 $x0) (Member $e0 lend) (Member $x0 neighbour) (Recipient $e0 ravi))
p204469	-0.03343	-0.02461	-0.05243	-0.02252	-0.01396	-0.02210	-0.01397	0.01920	0.05611	-0.01664	-0.00282	-0.03793	0.01021	-0.03947	-0.00517	0.02970	0.03791	-0.01318	0.01119	0.01382	-0.01013	-0.01434	0.03695	0.01924	0.02887	0.05352	-0.00274	-0.00154	-0.00828	0.03099	-0.00401	0.01306	(And (Agent $e0 $x0) (Member $e0 lend) (Member $x0 neighbour) (Theme $e0 $x1))
p204470	-0.06579	-0.03326	-0.08860	-0.03815	-0.06341	-0.03088	-0.02158	0.00051	0.09527	-0.02787	-0.00953	-0.05520	0.01509	-0.06873	-0.03035	0.04852	0.08552	-0.03456	0.05005	0.09393	-0.01988	-0.02522	0.09794	0.03994	0.04399	0.13242	-0.01308	-0.00524	-0.03401	0.06356	-0.00102	0.00588	(And (Agent $e0 $x0) (Member $e0 lend) (Member $x1 gallery) (Recipient $e0 $x1))
p204471	-0.04760	-0.02329	-0.07009	-0.03351	-0.04347	-0.02294	-0.01465	0.00402	0.06853	-0.02483	-0.00691	-0.03757	0.01246	-0.05640	-0.01968	0.04000	0.06328	-0.03540	0.04007	0.09367	-0.01829	-0.02114	0.06912	0.02957	0.02656	0.08719	-0.00723	-0.00519	-0.03151	0.05088	0.00001	0.00606	(And (Agent $e0 $x0) (Member $e0 lend) (Member $x1 generator) (Theme $e0 $x1))
p204472	0.04553	-0.02232	-0.00655	0.09044	-0.04710	0.07562	0.04008	-0.02137	-0.02256	-0.02468	0.08655	0.00351	0.05277	-0.03822	-0.03104	-0.02030	-0.01216	-0.03522	-0.04649	0.05761	-0.01988	-0.00638	-0.03936	-0.01707	0.03334	-0.00709	-0.00306	0.01059	-0.01005	0.04301	-0.02678	0.03235	(And (Agent $e0 $x0) (Member $e0 make) (Patient $e0 $e1) (Theme $e1 $x1))
p204473	-0.00088	-0.00378	-0.01521	-0.01604	0.03095	-0.01607	-0.00159	0.00840	0.00580	-0.00381	-0.00243	-0.00531	-0.00191	-0.00734	0.00749	0.02472	-0.00858	-0.00165	0.00542	-0.01242	-0.00314	-0.00161	0.00070	0.00877	-0.00570	-0.00696	0.00254	-0.00069	-0.00546	-0.01593	-0.00027	0.00942	(And (Agent $e0 $x0) (Member $e0 order) (Member $x1 scan) (Theme $e0 $x1))
p204474	-0.00046	-0.00329	-0.01464	-0.01559	0.03144	-0.01558	-0.00111	0.00885	0.00629	-0.00334	-0.00197	-0.00486	-0.00145	-0.00681	0.00794	0.02520	-0.00810	-0.00111	0.00591	-0.01198	-0.00266	-0.00111	0.00122	0.00922	-0.00521	-0.00650	0.00299	-0.00023	-0.00499	-0.01545	0.00021	0.00987	(And (Agent $e0 $x0) (Member $e0 order) (Ordinal $x1 <num> scan) (Theme $e0 $x1))
p204475	0.00346	-0.00730	-0.01189	-0.01171	0.04013	-0.00890	-0.00424	0.00813	0.00263	0.01617	0.00386	-0.00529	-0.01631	0.00084	-0.00410	0.02597	-0.00385	-0.00447	-0.00268	-0.01962	0.00483	0.01125	-0.00417	-0.00280	0.00262	0.00075	-0.00546	-0.00316	-0.01050	-0.00285	-0.00070	-0.00132	(And (Agent $e0 $x0) (Member $e0 postpone) (Member $x0 club) (Theme $e0 $x1))
p204476	0.00352	-0.00727	-0.01187	-0.01167	0.04015	-0.00889	-0.00420	0.00816	0.00265	0.01620	0.00389	-0.00524	-0.01628	0.00086	-0.00406	0.02600	-0.00383	-0.00445	-0.00265	-0.01958	0.00487	0.01128	-0.00415	-0.00277	0.00263	0.00080	-0.00543	-0.00312	-0.01047	-0.00281	-0.00067	-0.00128	(And (Agent $e0 $x0) (Member $e0 postpone) (Member $x1 tournament) (Theme $e0 $x1))
p204477	0.03923	-0.01788	0.00156	0.06095	-0.02921	0.05566	0.12073	0.03491	-0.01956	-0.04060	0.06822	0.00690	0.05054	-0.03369	-0.01376	-0.03668	-0.01257	-0.03834	-0.06200	0.06531	-0.03085	-0.00701	-0.03456	-0.01327	-0.00256	-0.01215	0.00556	-0.00312	-0.03521	0.04321	-0.01631	0.02094	(And (Agent $e0 $x0) (Member $e0 reach) (Theme $e0 $e1) (Theme $e1 $x1))
p204478	0.00198	-0.00277	-0.01236	0.00431	-0.00696	-0.01106	-0.00287	-0.00421	-0.00721	0.00089	-0.02232	0.00789	0.00246	0.01033	-0.00161	0.00173	-0.00447	0.00711	-0.00408	0.00204	0.01177	-0.00121	-0.00246	0.00133	-0.00997	-0.00127	0.00044	0.00088	-0.01039	0.00246	0.02387	0.02957	(And (Agent $e0 $x0) (Member $e0 sign) (Member $x1 chart) (Patient $e0 $x1))
p204479	0.00007	-0.01398	-0.00690	-0.07703	0.03455	0.10920	-0.01276	-0.05224	-0.09263	-0.08313	-0.00262	0.16199	-0.01828	0.01966	-0.05764	-0.03082	0.03296	0.11546	0.13610	0.06225	0.00639	0.16787	-0.02909	-0.02422	0.00505	0.03004	-0.09278	-0.00008	-0.02819	-0.07301	0.00996	-0.02971	(And (Agent $e0 $x0) (Member $e0 teach) (Member $x0 elder) (Recipient $e0 $x1))
p204480	0.00007	-0.01398	-0.00690	-0.07703	0.03455	0.10920	-0.01276	-0.05224	-0.09263	-0.08313	-0.00262	0.16199	-0.01828	0.01966	-0.05764	-0.03082	0.03296	0.11546	0.13610	0.06225	0.00639	0.16787	-0.02909	-0.02422	0.00505	0.03004	-0.09278	-0.00008	-0.02819	-0.07301	0.00996	-0.02971	(And (Agent $e0 $x0) (Member $e0 teach) (Member $x0 elder) (Theme $e0 $x1))
p204481	-0.00886	-0.03991	0.00163	-0.04725	0.07315	0.07524	-0.01100	-0.00424	0.02034	0.15245	-0.02129	-0.07138	0.00168	-0.07035	0.15558	-0.05752	-0.01610	0.12228	-0.09094	0.08464	-0.01199	-0.14288	-0.02235	-0.08054	-0.00223	-0.05883	0.17880	-0.00704	-0.04234	0.11043	0.00177	0.00287	(And (Agent $e0 $x0) (Member $e0 teach) (Member $x0 potter) (Recipient $e0 $x1))
p204482	-0.00886	-0.03991	0.00163	-0.04725	0.07315	0.07524	-0.01100	-0.00424	0.02034	0.15246	-0.02129	-0.07138	0.00168	-0.07035	0.15558	-0.05752	-0.01610	0.12228	-0.09094	0.08464	-0.01199	-0.14288	-0.02235	-0.08054	-0.00223	-0.05883	0.17880	-0.00704	-0.04234	0.11043	0.00177	0.00287	(And (Agent $e0 $x0) (Member $e0 teach) (Member $x0 potter) (Theme $e0 glazing))
p204483	-0.00886	-0.03991	0.00163	-0.04725	0.07315	0.07524	-0.01100	-0.00424	0.02034	0.15246	-0.02129	-0.07138	0.00168	-0.07035	0.15558	-0.05752	-0.01610	0.12228	-0.09094	0.08464	-0.01199	-0.14288	-0.02235	-0.08054	-0.00223	-0.05883	0.17880	-0.00704	-0.04234	0.11043	0.00177	0.00287	(And (Agent $e0 $x0) (Member $e0 teach) (Member $x1 apprentice) (Recipient $e0 $x1))
p204484	-0.00579	-0.00871	-0.00655	-0.05230	0.03198	0.05017	-0.00322	-0.01443	-0.03522	-0.03788	-0.00180	0.05098	0.00234	-0.01305	-0.01389	-0.02388	0.00634	0.04997	0.04648	0.07652	-0.00839	0.05313	-0.00304	-0.00656	-0.00226	0.00512	-0.02506	-0.00221	-0.01963	-0.03027	0.00458	-0.00735	(And (Agent $e0 $x0) (Member $e0 teach) (Member $x1 drill) (Theme $e0 $x1))
p204485	0.00007	-0.01398	-0.00690	-0.07703	0.03455	0.10920	-0.01276	-0.05224	-0.09263	-0.08313	-0.00262	0.16199	-0.01828	0.01966	-0.05764	-0.03082	0.03296	0.11546	0.13610	0.06225	0.00639	0.16787	-0.02909	-0.02422	0.00505	0.03004	-0.09278	-0.00009	-0.02819	-0.07301	0.00996	-0.02971	(And (Agent $e0 $x0) (Member $e0 teach) (Member $x1 song) (Theme $e0 $x1))
p204486	-0.02277	0.01733	0.00249	-0.00823	-0.01363	-0.01887	0.03375	0.03516	0.00174	0.02172	0.00500	-0.00243	-0.00087	-0.01385	-0.01166	-0.01190	-0.01556	-0.00457	0.07739	0.01279	-0.02372	-0.01534	-0.01398	-0.00432	0.02029	0.00355	-0.00658	0.00139	0.02894	-0.01986	-0.02558	0.03961	(And (Agent $e0 $x0) (Member $e1 begin) (Ongoing $e0) (Theme $e1 $e0))
p204487	-0.02277	0.01733	0.00249	-0.00823	-0.01363	-0.01887	0.03375	0.03516	0.00174	0.02172	0.00500	-0.00243	-0.00087	-0.01385	-0.01166	-0.01190	-0.01556	-0.00457	0.07739	0.01279	-0.02372	-0.01534	-0.01398	-0.00432	0.02029	0.00355	-0.00658	0.00139	0.02893	-0.01986	-0.02558	0.03961	(And (Agent $e0 $x0) (Member $e1 begin) (Past $e1) (Theme $e1 $e0))
p204488	0.04553	-0.02232	-0.00655	0.09044	-0.04710	0.07562	0.04008	-0.02137	-0.02256	-0.02468	0.08655	0.00351	0.05277	-0.03822	-0.03104	-0.02030	-0.01216	-0.03522	-0.04649	0.05761	-0.01988	-0.00638	-0.03936	-0.01707	0.03334	-0.00710	-0.00306	0.01059	-0.01005	0.04301	-0.02678	0.03235	(And (Agent $e0 $x0) (Member $e1 decision) (Patient $e0 $e1) (Theme $e1 $x1))
p204489	0.03923	-0.01788	0.00156	0.06095	-0.02921	0.05566	0.12073	0.03491	-0.01956	-0.04060	0.06822	0.00690	0.05054	-0.03369	-0.01376	-0.03668	-0.01257	-0.03835	-0.06200	0.06531	-0.03085	-0.00701	-0.03456	-0.01327	-0.00256	-0.01215	0.00556	-0.00312	-0.03521	0.04321	-0.01631	0.02094	(And (Agent $e0 $x0) (Member $e1 decision) (Theme $e0 $e1) (Theme $e1 $x1))
p204490	0.00550	-0.00225	-0.00384	-0.00682	-0.00433	-0.02229	0.11378	0.05754	-0.01104	-0.02387	-0.02646	0.02070	0.01208	-0.00134	0.01156	-0.01354	-0.00646	-0.00631	-0.03697	0.03722	-0.01495	-0.00389	0.00701	-0.00449	-0.04203	-0.01363	0.02033	-0.01119	-0.04385	0.00474	0.03811	0.01738	(And (Agent $e0 $x0) (Member $e1 destroy) (Patient $e1 $x1) (Theme $e0 $e1))
p204491	-0.00092	-0.00547	-0.01590	-0.00805	0.02084	-0.01207	-0.00483	0.00001	0.00019	0.00114	-0.00201	-0.00284	0.00231	-0.00097	-0.00149	0.01983	-0.00546	0.00106	0.00305	-0.01050	0.00531	0.00155	-0.00148	0.00568	-0.00062	0.00132	-0.00137	0.00134	-0.00454	-0.00859	-0.00006	0.01391	(And (Agent $e0 $x0) (Member $x0 airline) (Member $x1 evening_flight) (Theme $e0 $x1))
p204492	0.00057	-0.00414	-0.01491	-0.01473	0.02734	-0.01211	-0.00361	0.00946	0.00597	-0.00388	0.00000	-0.00372	-0.00008	-0.00798	0.00553	0.02370	-0.00842	-0.00334	0.00481	-0.01031	-0.00443	-0.00040	0.00156	0.00812	-0.00237	-0.00781	0.00209	-0.00018	-0.00342	-0.01335	-0.00087	0.01016	(And (Agent $e0 $x0) (Member $x0 bank) (Member $x1 loan_application) (Theme $e0 $x1))
p204493	0.04537	-0.03311	-0.03519	0.13634	0.05681	0.07432	0.06304	-0.08825	-0.02840	0.01311	0.13221	0.01042	-0.04858	-0.05613	-0.05333	0.03188	0.07250	-0.04392	-0.06921	-0.02755	0.06721	0.00967	-0.05931	-0.02189	0.05343	0.07530	-0.03298	-0.00856	-0.00223	0.05547	-0.03059	-0.03076	(And (Agent $e0 $x0) (Member $x0 board) (Member $x1 budget) (Theme $e0 $x1))
p204494	0.04537	-0.03311	-0.03519	0.13634	0.05681	0.07432	0.06304	-0.08825	-0.02840	0.01311	0.13221	0.01042	-0.04858	-0.05613	-0.05333	0.03188	0.07250	-0.04392	-0.06922	-0.02755	0.06721	0.00967	-0.05931	-0.02189	0.05343	0.07530	-0.03298	-0.00856	-0.00223	0.05547	-0.03059	-0.03076	(And (Agent $e0 $x0) (Member $x0 board) (Possession $x1 next_year) (Theme $e0 $x1))
p204495	0.00292	-0.00143	-0.01227	-0.01294	0.05048	-0.01657	-0.00153	-0.00044	0.00381	0.01398	0.00288	-0.00275	-0.02170	-0.00241	0.00054	0.03000	-0.00448	-0.00238	0.00073	-0.02183	0.00889	0.00283	-0.00439	0.00582	-0.00665	0.00165	-0.00144	-0.00366	-0.00521	-0.01194	-0.00020	-0.00104	(And (Agent $e0 $x0) (Member $x0 clerk) (Member $x1 query) (Theme $e0 $x1))
p204496	0.00007	-0.01398	-0.00690	-0.07703	0.03455	0.10920	-0.01276	-0.05224	-0.09263	-0.08313	-0.00262	0.16199	-0.01828	0.01966	-0.05764	-0.03082	0.03296	0.11546	0.13610	0.06224	0.00639	0.16787	-0.02909	-0.02422	0.00505	0.03004	-0.09278	-0.00009	-0.02819	-0.07301	0.00996	-0.02971	(And (Agent $e0 $x0) (Member $x0 elder) (Member $x1 song) (Theme $e0 $x1))
p204497	0.00007	-0.01398	-0.00690	-0.07703	0.03455	0.10920	-0.01276	-0.05224	-0.09263	-0.08313	-0.00262	0.16199	-0.01828	0.01966	-0.05764	-0.03082	0.03296	0.11546	0.13610	0.06225	0.00639	0.16787	-0.02909	-0.02422	0.00505	0.03004	-0.09278	-0.00009	-0.02819	-0.07301	0.00996	-0.02971	(And (Agent $e0 $x0) (Member $x0 elder) (Recipient $e0 $x1) (Theme $e0 $x2))
p204499	-0.00380	-0.02313	-0.00359	-0.01111	0.02180	0.00647	-0.01609	0.03956	0.00350	0.03832	-0.00274	-0.01470	-0.01172	0.03494	-0.01889	0.01399	-0.00867	-0.01230	-0.01105	-0.02331	-0.00104	0.04200	0.00395	-0.02530	0.03394	-0.00782	-0.01824	-0.00395	-0.02958	0.02819	-0.00004	-0.00861	(And (Agent $e0 $x0) (Member $x0 ferry) (Member $x1 departure) (Theme $e0 $x1))
p204501	0.02193	-0.01582	-0.02180	0.05070	0.04225	0.02775	0.02937	-0.04393	-0.01385	0.01066	0.07108	0.00724	-0.02190	-0.02800	-0.02427	0.02757	0.03199	-0.02123	-0.03442	-0.01615	0.01993	0.00577	-0.02964	-0.01090	0.02317	0.02988	-0.01384	-0.00195	-0.00130	0.02310	-0.01534	-0.01247	(And (Agent $e0 $x0) (Member $x0 judge) (Member $x1 case) (Theme $e0 $x1))
p204502	-0.06579	-0.03326	-0.08860	-0.03816	-0.06341	-0.03088	-0.02159	0.00051	0.09527	-0.02787	-0.00953	-0.05520	0.01509	-0.06873	-0.03035	0.04852	0.08552	-0.03456	0.05005	0.09393	-0.01988	-0.02522	0.09794	0.03994	0.04399	0.13242	-0.01308	-0.00524	-0.03401	0.06356	-0.00103	0.00588	(And (Agent $e0 $x0) (Member $x0 museum) (Member $x1 gallery) (Recipient $e0 $x1))
p204503	-0.06579	-0.03326	-0.08860	-0.03815	-0.06341	-0.03088	-0.02159	0.00051	0.09527	-0.02787	-0.00953	-0.05520	0.01509	-0.06873	-0.03035	0.04852	0.08552	-0.03456	0.05005	0.09393	-0.01988	-0.02522	0.09794	0.03994	0.04399	0.13242	-0.01308	-0.00524	-0.03401	0.06356	-0.00102	0.00588	(And (Agent $e0 $x0) (Member $x0 museum) (Recipient $e0 $x1) (Theme $e0 $x2))
p204504	-0.03343	-0.02461	-0.05243	-0.02252	-0.01396	-0.02210	-0.01397	0.01920	0.05611	-0.01664	-0.00282	-0.03793	0.01022	-0.03947	-0.00517	0.02970	0.03791	-0.01318	0.01119	0.01382	-0.01013	-0.01434	0.03695	0.01924	0.02887	0.05352	-0.00274	-0.00154	-0.00828	0.03099	-0.00401	0.01306	(And (Agent $e0 $x0) (Member $x0 neighbour) (Recipient $e0 ravi) (Theme $e0 $x1))
p204505	-0.00114	-0.00433	-0.01617	-0.01423	0.03034	-0.01701	-0.00296	0.00537	0.00453	-0.00163	-0.00317	-0.00474	-0.00267	-0.00542	0.00522	0.02460	-0.00846	0.00022	0.00535	-0.01331	0.00244	-0.00071	0.00002	0.00962	-0.00482	-0.00324	0.00133	-0.00049	-0.00551	-0.01490	0.00003	0.01170	(And (Agent $e0 $x0) (Member $x0 physician) (Member $x1 scan) (Theme $e0 $x1))
p204506	-0.00109	-0.00425	-0.01606	-0.01415	0.03044	-0.01688	-0.00287	0.00547	0.00466	-0.00153	-0.00309	-0.00466	-0.00258	-0.00530	0.00531	0.02470	-0.00836	0.00035	0.00544	-0.01323	0.00253	-0.00061	0.00015	0.00971	-0.00469	-0.00316	0.00142	-0.00040	-0.00540	-0.01482	0.00013	0.01178	(And (Agent $e0 $x0) (Member $x0 physician) (Ordinal $x1 <num> scan) (Theme $e0 $x1))
p204507	0.00298	-0.00131	-0.01232	-0.01252	0.04962	-0.01619	-0.00145	-0.00078	0.00379	0.01440	0.00275	-0.00189	-0.02128	-0.00178	0.00025	0.02993	-0.00418	-0.00248	0.00061	-0.02152	0.00898	0.00269	-0.00422	0.00565	-0.00665	0.00153	-0.00139	-0.00341	-0.00533	-0.01150	0.00002	-0.00061	(And (Agent $e0 $x0) (Member $x0 pilot) (Member $x1 tower) (Theme $e0 $x1))
p204508	-0.00886	-0.03991	0.00163	-0.04725	0.07315	0.07524	-0.01100	-0.00424	0.02034	0.15246	-0.02129	-0.07138	0.00168	-0.07035	0.15558	-0.05752	-0.01610	0.12228	-0.09094	0.08464	-0.01199	-0.14288	-0.02235	-0.08054	-0.00223	-0.05883	0.17880	-0.00704	-0.04234	0.11043	0.00177	0.00287	(And (Agent $e0 $x0) (Member $x0 potter) (Member $x1 apprentice) (Recipient $e0 $x1))
p204509	-0.00886	-0.03991	0.00163	-0.04725	0.07315	0.07524	-0.01100	-0.00424	0.02034	0.15246	-0.02129	-0.07138	0.00168	-0.07035	0.15558	-0.05753	-0.01610	0.12228	-0.09094	0.08464	-0.01199	-0.14288	-0.02235	-0.08054	-0.00223	-0.05883	0.17880	-0.00704	-0.04234	0.11043	0.00177	0.00287	(And (Agent $e0 $x0) (Member $x0 potter) (Recipient $e0 $x1) (Theme $e0 glazing))
p204510	-0.03676	-0.07544	0.01326	0.10947	-0.02692	-0.05254	-0.01602	0.07080	-0.02667	-0.07613	-0.04274	0.08551	-0.03654	-0.02221	-0.06568	0.05003	-0.00295	0.12401	-0.02202	-0.02854	-0.01277	-0.07276	0.04715	0.06357	0.16119	-0.04644	0.13493	-0.00193	-0.06486	-0.01659	0.00157	-0.01235	(And (Agent $e0 $x0) (Member $x0 pottery_studio) (Ordinal $x1 <num> buy) (Theme $e0 $x1))
p204511	-0.02155	0.01694	0.02088	0.08428	0.04718	-0.03873	-0.00637	0.00370	0.00726	-0.01399	-0.00715	-0.01710	-0.01293	0.07612	-0.00960	-0.04623	-0.01978	-0.02156	-0.01737	0.03952	-0.00210	-0.00968	0.04529	-0.00073	-0.01759	-0.03414	-0.00425	-0.00127	0.06523	-0.02039	-0.00080	-0.00680	(And (Agent $e0 $x0) (Member $x0 school) (Member $x1 winner) (Recipient $e0 $x1))
p204512	-0.02155	0.01694	0.02088	0.08428	0.04718	-0.03873	-0.00637	0.00370	0.00726	-0.01399	-0.00715	-0.01710	-0.01293	0.07612	-0.00960	-0.04623	-0.01978	-0.02156	-0.01737	0.03952	-0.00210	-0.00968	0.04529	-0.00073	-0.01759	-0.03414	-0.00425	-0.00127	0.06523	-0.02039	-0.00080	-0.00680	(And (Agent $e0 $x0) (Member $x0 school) (Recipient $e0 $x1) (Theme $e0 $x2))
p204513	-0.02030	0.00526	0.03360	0.07944	0.04950	-0.03598	-0.00449	0.00143	0.00611	-0.01521	-0.00853	-0.01607	-0.01375	0.07834	-0.00953	-0.04676	-0.02574	-0.02331	-0.01977	0.04402	-0.00254	-0.01426	0.03829	-0.00475	-0.00981	-0.03384	-0.00000	-0.00107	0.06753	-0.01434	-0.00087	-0.01167	(And (Agent $e0 $x0) (Member $x0 trainer) (Member $x1 recruit) (Recipient $e0 $x1))
p204514	-0.02030	0.00526	0.03360	0.07944	0.04950	-0.03598	-0.00449	0.00143	0.00611	-0.01521	-0.00853	-0.01607	-0.01375	0.07834	-0.00953	-0.04676	-0.02574	-0.02331	-0.01977	0.04402	-0.00254	-0.01426	0.03829	-0.00475	-0.00981	-0.03384	-0.00000	-0.00107	0.06753	-0.01433	-0.00087	-0.01167	(And (Agent $e0 $x0) (Member $x0 trainer) (Recipient $e0 $x1) (Theme $e0 $x2))
p204515	-0.00133	-0.00379	-0.00841	0.00183	-0.00426	0.00864	-0.01000	0.00186	0.00081	0.00822	-0.00047	-0.00139	-0.00580	-0.00262	-0.00409	0.00415	-0.00497	0.00107	-0.00419	0.00048	0.00524	-0.00598	-0.00260	-0.00093	-0.00305	-0.00288	-0.00041	0.00165	-0.00162	0.00036	-0.00664	0.02365	(And (Agent $e0 $x0) (Member $x0 warden) (Theme $e0 visitor) (Time $e0 (Weekday sunday)))
p204516	-0.01868	0.00462	0.01939	0.05665	0.05391	-0.03161	0.00047	-0.00825	0.00147	-0.01239	-0.00679	-0.00742	-0.01430	0.05421	-0.00991	-0.03994	-0.01672	-0.02378	-0.01330	0.04142	0.00155	-0.01169	0.03737	0.00980	-0.00812	-0.02603	0.00300	-0.00218	0.04461	-0.01420	-0.00018	-0.00953	(And (Agent $e0 $x0) (Member $x1 answer) (Recipient $e0 $x2) (Theme $e0 $x1))
p204517	-0.00886	-0.03991	0.00163	-0.04725	0.07315	0.07524	-0.01100	-0.00424	0.02034	0.15245	-0.02129	-0.07138	0.00168	-0.07035	0.15558	-0.05752	-0.01610	0.12227	-0.09094	0.08464	-0.01199	-0.14288	-0.02235	-0.08055	-0.00223	-0.05883	0.17879	-0.00704	-0.04234	0.11043	0.00177	0.00287	(And (Agent $e0 $x0) (Member $x1 apprentice) (Recipient $e0 $x1) (Theme $e0 glazing))
p204518	0.04537	-0.03311	-0.03519	0.13634	0.05681	0.07432	0.06304	-0.08825	-0.02840	0.01311	0.13221	0.01042	-0.04858	-0.05613	-0.05333	0.03188	0.07250	-0.04392	-0.06922	-0.02755	0.06721	0.00967	-0.05931	-0.02189	0.05343	0.07530	-0.03298	-0.00856	-0.00223	0.05547	-0.03059	-0.03076	(And (Agent $e0 $x0) (Member $x1 budget) (Possession $x1 next_year) (Theme $e0 $x1))
p204520	-0.00579	-0.00871	-0.00655	-0.05230	0.03198	0.05017	-0.00322	-0.01443	-0.03522	-0.03788	-0.00180	0.05098	0.00234	-0.01305	-0.01389	-0.02388	0.00634	0.04997	0.04648	0.07652	-0.00839	0.05313	-0.00304	-0.00656	-0.00226	0.00512	-0.02506	-0.00221	-0.01963	-0.03027	0.00458	-0.00735	(And (Agent $e0 $x0) (Member $x1 drill) (Recipient $e0 $x2) (Theme $e0 $x1))
p204521	-0.06579	-0.03326	-0.08860	-0.03816	-0.06341	-0.03088	-0.02159	0.00051	0.09527	-0.02787	-0.00953	-0.05520	0.01509	-0.06873	-0.03035	0.04852	0.08552	-0.03456	0.05005	0.09393	-0.01988	-0.02522	0.09794	0.03994	0.04399	0.13242	-0.01308	-0.00524	-0.03401	0.06356	-0.00103	0.00588	(And (Agent $e0 $x0) (Member $x1 gallery) (Recipient $e0 $x1) (Theme $e0 $x2))
p204522	-0.04760	-0.02329	-0.07009	-0.03351	-0.04347	-0.02294	-0.01465	0.00402	0.06853	-0.02483	-0.00691	-0.03757	0.01246	-0.05640	-0.01968	0.04000	0.06328	-0.03541	0.04007	0.09367	-0.01829	-0.02114	0.06912	0.02957	0.02656	0.08719	-0.00723	-0.00519	-0.03151	0.05088	0.00001	0.00606	(And (Agent $e0 $x0) (Member $x1 generator) (Recipient $e0 $x2) (Theme $e0 $x1))
p204523	-0.03676	-0.07544	0.01325	0.10948	-0.02692	-0.05254	-0.01602	0.07080	-0.02667	-0.07613	-0.04274	0.08551	-0.03654	-0.02221	-0.06568	0.05003	-0.00295	0.12401	-0.02202	-0.02854	-0.01277	-0.07276	0.04715	0.06357	0.16119	-0.04644	0.13493	-0.00193	-0.06486	-0.01659	0.00157	-0.01235	(And (Agent $e0 $x0) (Member $x1 kiln) (Ordinal $x1 <num> buy) (Theme $e0 $x1))
p204524	-0.01892	0.00475	0.02078	0.05856	0.05109	-0.03094	0.00035	-0.00750	0.00092	-0.01352	-0.00702	-0.00801	-0.01211	0.05655	-0.01009	-0.04110	-0.01747	-0.02413	-0.01363	0.04392	-0.00010	-0.01265	0.03809	0.00841	-0.00793	-0.02699	0.00336	-0.00195	0.04514	-0.01404	-0.00015	-0.00943	(And (Agent $e0 $x0) (Member $x1 manifest) (Recipient $e0 $x2) (Theme $e0 $x1))
p204525	-0.00698	0.01362	0.03071	0.00069	0.01599	0.00079	0.00468	-0.01434	-0.01370	0.00677	-0.01056	-0.00817	0.01845	0.00386	0.00080	0.00300	0.02520	-0.00499	-0.00111	-0.00968	-0.01161	-0.01210	-0.01257	-0.01253	-0.01620	-0.00202	0.00730	0.00188	-0.00472	-0.00275	0.00514	-0.02401	(And (Agent $e0 $x0) (Member $x1 new) (Past $e0) (Theme $e0 $x1))
p204526	-0.02030	0.00526	0.03360	0.07944	0.04950	-0.03598	-0.00449	0.00143	0.00611	-0.01522	-0.00853	-0.01607	-0.01375	0.07834	-0.00953	-0.04676	-0.02574	-0.02331	-0.01977	0.04402	-0.00255	-0.01426	0.03829	-0.00475	-0.00981	-0.03384	-0.00000	-0.00107	0.06753	-0.01434	-0.00087	-0.01167	(And (Agent $e0 $x0) (Member $x1 recruit) (Recipient $e0 $x1) (Theme $e0 $x2))
p204527	0.00007	-0.01398	-0.00690	-0.07703	0.03455	0.10920	-0.01276	-0.05224	-0.09263	-0.08313	-0.00262	0.16199	-0.01828	0.01966	-0.05764	-0.03082	0.03296	0.11546	0.13610	0.06225	0.00639	0.16787	-0.02909	-0.02422	0.00505	0.03004	-0.09278	-0.00009	-0.02819	-0.07301	0.00996	-0.02971	(And (Agent $e0 $x0) (Member $x1 song) (Recipient $e0 $x2) (Theme $e0 $x1))
p204528	-0.02155	0.01694	0.02088	0.08428	0.04718	-0.03873	-0.00637	0.00370	0.00726	-0.01399	-0.00715	-0.01710	-0.01293	0.07612	-0.00960	-0.04623	-0.01978	-0.02156	-0.01737	0.03952	-0.00210	-0.00968	0.04529	-0.00073	-0.01759	-0.03414	-0.00425	-0.00127	0.06523	-0.02039	-0.00080	-0.00680	(And (Agent $e0 $x0) (Member $x1 winner) (Recipient $e0 $x1) (Theme $e0 $x2))
p204529	-0.03676	-0.07544	0.01325	0.10948	-0.02692	-0.05254	-0.01602	0.07080	-0.02667	-0.07613	-0.04274	0.08551	-0.03654	-0.02221	-0.06568	0.05003	-0.00295	0.12401	-0.02202	-0.02854	-0.01277	-0.07276	0.04715	0.06357	0.16119	-0.04644	0.13493	-0.00193	-0.06486	-0.01659	0.00157	-0.01235	(And (Agent $e0 $x0) (Ordinal $x1 <num> buy) (Past $e0) (Theme $e0 $x1))
p204530	-0.01668	0.02843	0.04805	-0.00316	0.00601	-0.02260	0.00722	-0.01732	-0.02497	-0.00675	0.01321	0.01307	0.00615	0.00216	-0.00603	-0.00971	-0.03372	-0.00983	0.01317	-0.01857	-0.02140	0.02846	0.02865	-0.02141	-0.02245	0.02049	0.04679	0.00472	-0.00443	0.03901	0.00276	-0.01429	(And (Agent $e0 dara) (Location $e0 $x0) (Member $e0 work) (Member $x0 ledger))
p204531	0.00093	0.00152	-0.00601	0.12532	-0.04819	0.10072	-0.05052	0.02068	0.06039	-0.01022	-0.05692	-0.04771	0.00351	-0.00018	0.06931	0.06810	-0.00397	-0.04198	0.12932	-0.01936	-0.00736	-0.01950	-0.01929	-0.03701	-0.03892	-0.04104	-0.01277	-0.01705	-0.01182	-0.05091	0.01797	-0.00177	(And (Before $x0 $e0) (Future $e0) (Member $x0 lunch) (Patient $e0 $x1))
p204532	0.00093	0.00152	-0.00601	0.12532	-0.04819	0.10072	-0.05052	0.02068	0.06039	-0.01021	-0.05692	-0.04771	0.00351	-0.00018	0.06931	0.06810	-0.00397	-0.04198	0.12932	-0.01936	-0.00736	-0.01950	-0.01929	-0.03701	-0.03892	-0.04104	-0.01277	-0.01705	-0.01182	-0.05091	0.01797	-0.00177	(And (Before $x0 $e0) (Future $e0) (Member $x1 dress_rehearsal) (Patient $e0 $x1))
p204533	-0.03380	0.07219	-0.09101	0.05160	-0.01814	-0.05467	-0.00894	0.04814	-0.02722	0.06053	0.06414	0.03069	0.01509	-0.03231	0.08528	-0.02361	0.06663	0.05377	-0.01884	-0.03717	-0.00128	0.08074	0.05880	0.05419	-0.05674	-0.01117	-0.05556	-0.00165	-0.00573	-0.04468	-0.01228	0.02963	(And (Beneficiary $e0 $x0) (Member $e0 buy) (Member $x0 hall) (Past $e0))
p204534	-0.03380	0.07219	-0.09101	0.05160	-0.01814	-0.05467	-0.00894	0.04814	-0.02722	0.06053	0.06414	0.03069	0.01509	-0.03231	0.08528	-0.02361	0.06663	0.05377	-0.01884	-0.03717	-0.00128	0.08074	0.05880	0.05419	-0.05674	-0.01117	-0.05556	-0.00165	-0.00573	-0.04468	-0.01228	0.02963	(And (Beneficiary $e0 $x0) (Member $e0 buy) (Member $x0 hall) (Theme $e0 $x1))
p204535	0.00072	-0.00870	0.02206	-0.02243	-0.02588	-0.01773	-0.01280	0.08311	-0.06266	-0.06230	0.00381	0.11602	-0.02477	-0.05267	0.08661	0.04296	0.02384	-0.06410	-0.02003	0.03824	0.07582	0.01763	-0.03486	-0.06760	-0.02961	-0.02710	-0.03970	-0.00452	0.11712	0.10876	0.00637	-0.00660	(And (Cardinality $x0 <num>) (GroupOf $x0 forklift) (Member $e0 buy) (Theme $e0 $x0))
p204536	0.00748	0.01086	0.00494	-0.00391	0.01312	-0.00648	-0.00696	-0.01825	0.07663	0.03217	-0.00130	0.07447	-0.00444	-0.00852	0.00488	-0.01697	-0.01473	-0.00726	-0.01247	-0.02172	0.01595	-0.02341	-0.00376	-0.01055	-0.01592	-0.01485	-0.00663	0.00294	0.03203	0.01378	-0.00260	0.00759	(And (Cardinality $x0 <num>) (Holder $e0 $x1) (Member $e0 have) (Theme $e0 $x0))
p204537	-0.04828	0.00409	0.08860	-0.05231	-0.03318	0.02959	0.00028	-0.04416	-0.04045	0.00547	0.10007	0.04901	0.01017	0.09277	0.08594	0.08510	-0.07634	-0.00722	-0.00889	-0.02179	-0.04104	-0.02719	0.08281	-0.08996	-0.01970	0.10398	0.01055	-0.00460	-0.01709	-0.06214	-0.01830	0.00417	(And (CoAgent $e0 $x0) (Location $e0 $x1) (Member $x0 ranger) (Member $x1 survey))
p204538	0.00751	-0.01351	-0.00437	0.00239	-0.00462	-0.01843	0.00991	-0.01676	-0.00658	-0.00527	-0.00685	0.00156	0.00597	0.00190	0.00731	0.00620	0.00331	0.00333	-0.00424	-0.00222	-0.01394	0.01979	-0.00526	-0.00566	-0.00586	-0.00585	0.01934	0.03854	0.01099	-0.00269	0.00046	-0.00041	(And (Experiencer $e0 $x0) (Location $e0 $x1) (Member $e0 wait) (Member $x1 gate))
p204539	0.00058	0.13074	0.06699	0.07601	0.00776	-0.06568	-0.03262	-0.03021	-0.05035	-0.00013	-0.01409	0.01563	0.00793	-0.03610	-0.09442	-0.04015	-0.04815	-0.02903	0.12452	-0.03774	-0.02700	0.04687	0.00680	-0.02030	-0.07620	0.02846	0.08007	0.08255	-0.01486	0.18029	0.00655	-0.01240	(And (Experiencer $e0 $x0) (Location $e1 $x1) (Member $e0 discover) (Stimulus $e0 $e1))
p204540	-0.00077	0.14158	0.07390	0.08343	0.00870	-0.07072	-0.03476	-0.03255	-0.05360	-0.00008	-0.01458	0.01593	0.00867	-0.04071	-0.10198	-0.04478	-0.05259	-0.03110	0.13295	-0.04106	-0.02831	0.04872	0.00902	-0.02347	-0.08080	0.03031	0.08666	0.08802	-0.01760	0.20307	0.00708	-0.01366	(And (Experiencer $e0 $x0) (Location $e1 $x1) (Member $e1 error) (Stimulus $e0 $e1))
p204541	-0.00077	0.14158	0.07390	0.08343	0.00870	-0.07072	-0.03476	-0.03255	-0.05360	-0.00008	-0.01458	0.01593	0.00867	-0.04071	-0.10198	-0.04478	-0.05259	-0.03110	0.13295	-0.04106	-0.02831	0.04872	0.00902	-0.02347	-0.08080	0.03031	0.08666	0.08802	-0.01760	0.20307	0.00708	-0.01366	(And (Experiencer $e0 $x0) (Location $e1 $x1) (Member $x0 auditor) (Stimulus $e0 $e1))
p204542	-0.00077	0.14158	0.07390	0.08343	0.00870	-0.07072	-0.03476	-0.03255	-0.05360	-0.00008	-0.01458	0.01593	0.00867	-0.04071	-0.10198	-0.04478	-0.05259	-0.03110	0.13295	-0.04106	-0.02831	0.04872	0.00902	-0.02347	-0.08080	0.03031	0.08666	0.08802	-0.01761	0.20307	0.00708	-0.01366	(And (Experiencer $e0 $x0) (Member $e1 error) (Member $x0 auditor) (Stimulus $e0 $e1))
p204544	-0.08714	0.06881	0.14338	-0.06242	0.17845	0.10419	0.09474	0.10322	0.05352	-0.06656	-0.08805	-0.04753	-0.04842	-0.09650	0.11840	-0.12775	-0.07314	-0.07282	-0.07649	-0.06330	0.13677	0.00399	0.07099	0.14836	0.04138	0.12243	-0.05869	0.01244	-0.03996	-0.02684	0.04295	-0.05089	(And (Experiencer $e0 $x0) (Member $e1 get) (Ongoing $e1) (Result $e1 $e0))
p204549	0.00093	0.00152	-0.00601	0.12532	-0.04819	0.10072	-0.05052	0.02068	0.06039	-0.01021	-0.05692	-0.04771	0.00351	-0.00018	0.06931	0.06810	-0.00397	-0.04198	0.12932	-0.01936	-0.00736	-0.01950	-0.01929	-0.03701	-0.03892	-0.04104	-0.01277	-0.01705	-0.01182	-0.05091	0.01797	-0.00177	(And (Future $e0) (Inheritance dress_rehearsal rehearsal) (Member $x0 dress_rehearsal) (Patient $e0 $x0))
p204550	0.00007	-0.01398	-0.00690	-0.07703	0.03455	0.10920	-0.01276	-0.05224	-0.09263	-0.08313	-0.00262	0.16199	-0.01828	0.01966	-0.05764	-0.03082	0.03296	0.11546	0.13610	0.06224	0.00639	0.16787	-0.02909	-0.02422	0.00505	0.03004	-0.09278	-0.00009	-0.02819	-0.07301	0.00996	-0.02971	(And (GroupOf $x0 child) (Member $e0 teach) (Recipient $e0 $x0) (Theme $e0 $x1))
p204551	0.00007	-0.01398	-0.00690	-0.07703	0.03455	0.10920	-0.01276	-0.05224	-0.09263	-0.08313	-0.00262	0.16199	-0.01828	0.01966	-0.05764	-0.03082	0.03296	0.11546	0.13610	0.06225	0.00639	0.16787	-0.02909	-0.02422	0.00505	0.03004	-0.09278	-0.00008	-0.02819	-0.07301	0.00996	-0.02971	(And (GroupOf $x0 child) (Member $x1 song) (Recipient $e0 $x0) (Theme $e0 $x1))
p204552	0.10620	-0.01058	0.10202	0.05842	0.00506	-0.05007	-0.01047	0.06639	0.08909	-0.00590	-0.00678	-0.09675	0.01847	-0.02119	-0.01022	-0.02942	-0.07799	0.14968	-0.01808	-0.00620	-0.03946	0.05757	-0.07001	-0.06590	0.00699	0.13974	-0.04667	0.00235	0.02306	-0.03494	-0.00425	-0.00410	(And (GroupOf $x0 egg) (Holder $e0 $x1) (Member $e0 require) (Theme $e0 $x0))
p204553	0.00072	-0.00870	0.02206	-0.02243	-0.02588	-0.01773	-0.01280	0.08311	-0.06266	-0.06230	0.00381	0.11602	-0.02477	-0.05267	0.08661	0.04296	0.02384	-0.06410	-0.02003	0.03824	0.07582	0.01763	-0.03486	-0.06760	-0.02961	-0.02710	-0.03970	-0.00452	0.11712	0.10876	0.00637	-0.00660	(And (GroupOf $x0 forklift) (Member $e0 buy) (Past $e0) (Theme $e0 $x0))
p204554	0.01703	0.00072	0.02820	0.02036	0.00354	-0.01596	-0.00144	0.00482	0.02795	0.01989	-0.00502	-0.02313	-0.00869	0.00417	-0.00489	-0.00335	-0.01695	0.03602	-0.00911	-0.00377	-0.00938	0.00336	-0.01902	-0.01726	-0.00297	0.02927	-0.00895	0.00034	-0.00761	-0.00749	-0.00298	-0.00443	(And (Holder $e0 $x0) (Inheritance monthly_servicing monthly) (Inheritance monthly_servicing servicing) (Theme $e0 monthly_servicing))
p204555	0.01703	0.00072	0.02820	0.02036	0.00354	-0.01595	-0.00144	0.00482	0.02795	0.01989	-0.00502	-0.02313	-0.00868	0.00417	-0.00489	-0.00335	-0.01695	0.03603	-0.00910	-0.00376	-0.00938	0.00336	-0.01901	-0.01726	-0.00297	0.02927	-0.00895	0.00034	-0.00760	-0.00749	-0.00298	-0.00443	(And (Holder $e0 $x0) (Inheritance monthly_servicing monthly) (Member $x0 lathe) (Theme $e0 monthly_servicing))
p204556	0.01699	0.00067	0.02811	0.02032	0.00348	-0.01600	-0.00149	0.00478	0.02791	0.01984	-0.00506	-0.02317	-0.00873	0.00411	-0.00493	-0.00340	-0.01700	0.03596	-0.00917	-0.00380	-0.00944	0.00330	-0.01908	-0.01730	-0.00302	0.02922	-0.00899	0.00030	-0.00765	-0.00755	-0.00303	-0.00447	(And (Holder $e0 $x0) (Inheritance monthly_servicing servicing) (Member $x0 lathe) (Theme $e0 monthly_servicing))
p204557	0.04674	-0.00237	0.04533	0.02658	0.00216	-0.02250	0.00180	0.01531	0.03866	0.00151	-0.00186	-0.02319	0.02207	-0.00401	-0.00488	-0.01943	-0.03612	0.05408	-0.01083	-0.00392	-0.02542	0.01805	-0.02973	-0.03090	0.00330	0.04774	-0.01637	0.00391	0.00192	-0.00977	-0.00100	-0.00269	(And (Holder $e0 $x0) (Member $e0 require) (Member $x0 permit) (Theme $e0 $x1))
p204558	0.10620	-0.01058	0.10202	0.05842	0.00506	-0.05007	-0.01047	0.06639	0.08909	-0.00590	-0.00678	-0.09675	0.01847	-0.02119	-0.01022	-0.02942	-0.07799	0.14968	-0.01808	-0.00620	-0.03946	0.05757	-0.07001	-0.06590	0.00698	0.13974	-0.04667	0.00235	0.02306	-0.03494	-0.00425	-0.00410	(And (Holder $e0 $x0) (Member $e0 require) (Member $x0 recipe) (Theme $e0 $x1))
p204559	0.03225	-0.00160	0.03057	0.01945	0.00254	-0.01683	0.00563	0.00451	0.03233	0.00555	-0.00199	-0.00800	0.02036	0.00235	-0.00524	-0.01641	-0.02519	0.03569	-0.00909	-0.00396	-0.02147	0.00850	-0.02046	-0.02194	0.00384	0.03202	-0.00991	0.00281	-0.01014	-0.00719	-0.00032	-0.00293	(And (Holder $e0 $x0) (Member $x0 permit) (Member $x1 countersignature) (Theme $e0 $x1))
p204560	-0.01620	-0.01585	-0.03691	0.03536	0.00483	-0.03323	-0.01669	-0.04995	-0.02918	0.03721	-0.04743	0.00594	-0.02761	0.05027	-0.03715	-0.00386	-0.00100	0.04830	-0.00785	-0.03040	0.16237	0.00630	-0.01982	0.01168	-0.00621	0.08725	-0.02595	-0.00452	-0.02183	0.02135	0.02796	0.06950	(And (Inheritance afternoon_session session) (Member $e0 cancel) (Member $x0 afternoon_session) (Patient $e0 $x0))
p204561	0.01842	-0.00151	0.02607	0.02122	0.00166	-0.01650	-0.00266	0.00213	0.02044	0.02030	-0.00517	-0.02270	-0.00669	0.00781	-0.00577	-0.00132	-0.01503	0.03891	-0.00797	-0.00402	-0.00921	0.00426	-0.01973	-0.02023	-0.00253	0.02941	-0.00933	0.01176	-0.00758	-0.00734	-0.00296	-0.00343	(And (Inheritance monthly_servicing monthly) (Inheritance monthly_servicing servicing) (Member $e0 require) (Theme $e0 monthly_servicing))
p204562	-0.04868	0.07920	-0.00317	-0.04012	-0.04543	0.08527	0.08800	-0.09800	0.03649	-0.04019	-0.01902	-0.02900	0.00407	0.08823	-0.06021	0.06902	-0.01037	0.10274	-0.01355	-0.05078	-0.00147	-0.02477	0.02548	0.09943	-0.06179	-0.05389	-0.03440	-0.02053	0.05550	0.07925	0.00074	-0.02946	(And (Inheritance north_route north) (Member $e0 abandon) (Member $x0 north_route) (Theme $e0 $x0))
p204563	-0.04868	0.07921	-0.00317	-0.04012	-0.04543	0.08527	0.08800	-0.09800	0.03649	-0.04019	-0.01902	-0.02900	0.00407	0.08823	-0.06021	0.06902	-0.01037	0.10274	-0.01355	-0.05078	-0.00147	-0.02476	0.02548	0.09943	-0.06179	-0.05389	-0.03440	-0.02053	0.05550	0.07925	0.00075	-0.02946	(And (Inheritance north_route route) (Member $e0 abandon) (Member $x0 north_route) (Theme $e0 $x0))
p204564	-0.01624	-0.01576	-0.03662	0.03576	0.00428	-0.03275	-0.01646	-0.04992	-0.02939	0.03716	-0.04738	0.00610	-0.02735	0.05064	-0.03742	-0.00446	-0.00041	0.04810	-0.00813	-0.03019	0.16196	0.00635	-0.01982	0.01115	-0.00598	0.08718	-0.02597	-0.00455	-0.02189	0.02212	0.02798	0.06895	(And (Inheritance summer_fair fair) (Member $e0 cancel) (Member $x0 summer_fair) (Patient $e0 $x0))
p204566	0.10126	0.01584	-0.09384	-0.03589	-0.02666	0.08046	-0.03793	0.10097	-0.05045	0.04133	-0.01604	0.03812	0.02548	0.09683	-0.05291	-0.05303	0.11115	-0.06892	0.01790	0.00731	-0.02466	-0.08519	-0.08621	0.06890	-0.05241	0.09787	0.09393	-0.01455	0.07521	-0.07845	-0.00128	-0.01158	(And (Location $e0 $x0) (Member $e0 discover) (Member $x1 wreck) (Theme $e0 $x1))
p204567	-0.00077	0.14158	0.07390	0.08343	0.00870	-0.07072	-0.03476	-0.03255	-0.05360	-0.00008	-0.01458	0.01593	0.00867	-0.04071	-0.10198	-0.04478	-0.05259	-0.03110	0.13295	-0.04106	-0.02831	0.04872	0.00902	-0.02347	-0.08080	0.03031	0.08666	0.08802	-0.01760	0.20307	0.00708	-0.01366	(And (Location $e0 $x0) (Member $e0 error) (Member $x0 ledger) (Stimulus $e1 $e0))
p204568	0.00058	0.13074	0.06699	0.07601	0.00776	-0.06568	-0.03262	-0.03021	-0.05035	-0.00013	-0.01409	0.01563	0.00793	-0.03610	-0.09442	-0.04015	-0.04815	-0.02903	0.12452	-0.03774	-0.02700	0.04687	0.00680	-0.02030	-0.07620	0.02846	0.08007	0.08255	-0.01486	0.18029	0.00655	-0.01240	(And (Location $e0 $x0) (Member $e1 discover) (Member $x0 ledger) (Stimulus $e1 $e0))
p204569	-0.02905	-0.05837	0.02445	-0.01742	-0.05060	0.06612	-0.05196	0.15835	0.01229	0.10290	-0.03070	-0.04996	0.00243	0.15597	-0.06754	-0.01834	-0.03769	-0.04009	-0.02685	-0.03635	-0.02677	0.12799	0.04721	-0.08645	0.10450	-0.04505	-0.05682	-0.01368	-0.09189	0.12669	0.00191	-0.03304	(And (Member $e0 abandon) (Member $x0 firm) (Possession $x1 $x0) (Theme $e0 $x1))
p204570	-0.02905	-0.05837	0.02445	-0.01742	-0.05060	0.06612	-0.05196	0.15835	0.01229	0.10290	-0.03070	-0.04996	0.00243	0.15597	-0.06754	-0.01834	-0.03769	-0.04009	-0.02685	-0.03635	-0.02677	0.12799	0.04721	-0.08645	0.10450	-0.04505	-0.05682	-0.01368	-0.09189	0.12669	0.00191	-0.03304	(And (Member $e0 abandon) (Member $x0 tender) (Possession $x0 $x1) (Theme $e0 $x0))
p204572	-0.03676	-0.07544	0.01325	0.10948	-0.02692	-0.05254	-0.01602	0.07080	-0.02667	-0.07613	-0.04274	0.08551	-0.03654	-0.02221	-0.06568	0.05003	-0.00295	0.12401	-0.02202	-0.02854	-0.01277	-0.07276	0.04715	0.06357	0.16119	-0.04644	0.13493	-0.00193	-0.06486	-0.01659	0.00157	-0.01235	(And (Member $e0 buy) (Member $x0 kiln) (Past $e0) (Theme $e0 $x0))
p204574	0.00550	-0.00225	-0.00384	-0.00682	-0.00433	-0.02229	0.11378	0.05754	-0.01104	-0.02387	-0.02646	0.02070	0.01208	-0.00134	0.01156	-0.01354	-0.00646	-0.00632	-0.03697	0.03722	-0.01495	-0.00389	0.00701	-0.00449	-0.04203	-0.01363	0.02033	-0.01119	-0.04385	0.00474	0.03811	0.01738	(And (Member $e0 cause) (Member $e1 destroy) (Patient $e1 $x0) (Theme $e0 $e1))
p204575	0.04537	-0.03311	-0.03519	0.13634	0.05681	0.07433	0.06304	-0.08825	-0.02840	0.01311	0.13221	0.01042	-0.04858	-0.05613	-0.05333	0.03188	0.07250	-0.04392	-0.06921	-0.02755	0.06721	0.00967	-0.05931	-0.02188	0.05343	0.07530	-0.03298	-0.00856	-0.00223	0.05547	-0.03059	-0.03076	(And (Member $e0 decide) (Member $x0 budget) (Possession $x0 next_year) (Theme $e0 $x0))
p204576	0.04553	-0.02232	-0.00655	0.09044	-0.04710	0.07561	0.04008	-0.02137	-0.02257	-0.02469	0.08655	0.00351	0.05277	-0.03822	-0.03104	-0.02030	-0.01216	-0.03522	-0.04650	0.05761	-0.01988	-0.00638	-0.03937	-0.01707	0.03334	-0.00710	-0.00306	0.01059	-0.01005	0.04301	-0.02678	0.03235	(And (Member $e0 decision) (Member $e1 make) (Patient $e1 $e0) (Theme $e0 $x0))
p204577	0.03923	-0.01788	0.00156	0.06095	-0.02921	0.05566	0.12073	0.03491	-0.01956	-0.04060	0.06822	0.00690	0.05054	-0.03369	-0.01376	-0.03668	-0.01257	-0.03835	-0.06200	0.06531	-0.03085	-0.00701	-0.03456	-0.01327	-0.00256	-0.01216	0.00556	-0.00312	-0.03521	0.04321	-0.01631	0.02094	(And (Member $e0 decision) (Member $e1 reach) (Theme $e0 $x0) (Theme $e1 $e0))
p204578	0.04159	0.09859	-0.01466	-0.00938	0.08991	-0.06209	-0.02241	0.02306	-0.00956	0.03596	-0.00857	0.00439	-0.05073	-0.03599	-0.03538	0.02574	-0.01323	-0.03196	0.07501	-0.03263	0.00773	-0.05022	-0.01866	0.03801	-0.07273	0.03035	0.07409	-0.00825	-0.02097	0.07143	0.00295	-0.01445	(And (Member $e0 discover) (Member $x0 file) (Member $x0 missing) (Theme $e0 $x0))
p204579	-0.01868	0.00462	0.01939	0.05665	0.05391	-0.03161	0.00047	-0.00825	0.00147	-0.01239	-0.00679	-0.00742	-0.01430	0.05421	-0.00991	-0.03994	-0.01672	-0.02378	-0.01330	0.04142	0.00155	-0.01169	0.03737	0.00980	-0.00812	-0.02603	0.00300	-0.00218	0.04461	-0.01420	-0.00018	-0.00953	(And (Member $e0 give) (Member $x0 answer) (Recipient $e0 $x1) (Theme $e0 $x0))
p204580	-0.01892	0.00475	0.02078	0.05856	0.05109	-0.03094	0.00035	-0.00750	0.00092	-0.01352	-0.00702	-0.00801	-0.01211	0.05655	-0.01009	-0.04110	-0.01747	-0.02413	-0.01363	0.04392	-0.00010	-0.01265	0.03809	0.00841	-0.00793	-0.02699	0.00336	-0.00195	0.04514	-0.01404	-0.00015	-0.00943	(And (Member $e0 give) (Member $x0 manifest) (Recipient $e0 $x1) (Theme $e0 $x0))
p204581	-0.02030	0.00526	0.03360	0.07944	0.04950	-0.03598	-0.00449	0.00143	0.00611	-0.01522	-0.00853	-0.01607	-0.01375	0.07834	-0.00953	-0.04676	-0.02574	-0.02331	-0.01977	0.04402	-0.00255	-0.01426	0.03829	-0.00475	-0.00981	-0.03384	-0.00000	-0.00107	0.06753	-0.01434	-0.00087	-0.01167	(And (Member $e0 give) (Member $x0 recruit) (Recipient $e0 $x0) (Theme $e0 $x1))
p204582	-0.02155	0.01694	0.02088	0.08428	0.04718	-0.03873	-0.00637	0.00370	0.00726	-0.01399	-0.00715	-0.01710	-0.01293	0.07612	-0.00960	-0.04623	-0.01978	-0.02156	-0.01737	0.03952	-0.00210	-0.00968	0.04529	-0.00073	-0.01759	-0.03414	-0.00425	-0.00127	0.06524	-0.02039	-0.00080	-0.00680	(And (Member $e0 give) (Member $x0 winner) (Recipient $e0 $x0) (Theme $e0 $x1))
p204583	-0.06579	-0.03326	-0.08860	-0.03816	-0.06341	-0.03088	-0.02159	0.00051	0.09527	-0.02787	-0.00953	-0.05520	0.01509	-0.06873	-0.03035	0.04852	0.08552	-0.03456	0.05005	0.09393	-0.01988	-0.02522	0.09794	0.03994	0.04399	0.13242	-0.01308	-0.00524	-0.03401	0.06356	-0.00103	0.00588	(And (Member $e0 lend) (Member $x0 gallery) (Recipient $e0 $x0) (Theme $e0 $x1))
p204584	-0.04760	-0.02329	-0.07009	-0.03351	-0.04347	-0.02294	-0.01465	0.00402	0.06853	-0.02483	-0.00691	-0.03757	0.01246	-0.05640	-0.01968	0.04000	0.06328	-0.03541	0.04007	0.09367	-0.01829	-0.02114	0.06912	0.02957	0.02656	0.08719	-0.00723	-0.00519	-0.03151	0.05088	0.00001	0.00606	(And (Member $e0 lend) (Member $x0 generator) (Recipient $e0 $x1) (Theme $e0 $x0))
p204587	-0.02901	-0.05788	-0.01002	-0.00969	0.00423	-0.02169	0.02854	-0.08267	-0.03072	0.10486	0.00168	-0.00066	0.01123	-0.02153	-0.01479	0.01066	0.02331	0.00286	0.02130	-0.03977	0.00708	0.01716	0.01121	-0.02247	0.08386	0.02224	0.01232	0.00765	0.09736	-0.01114	0.03895	-0.02509	(And (Member $e0 start) (Past $e0) (Patient $e1 $x0) (Theme $e0 $e1))
p204588	-0.03341	0.01695	0.01387	-0.01271	0.01610	-0.03643	0.10693	0.11919	0.00873	-0.01987	0.04736	-0.00569	-0.03279	0.05336	-0.00891	-0.00517	-0.02117	0.01948	0.07377	0.00265	0.03335	-0.01849	-0.01010	-0.02117	-0.06696	0.01873	0.00088	-0.02253	-0.05919	-0.01964	-0.02117	-0.01109	(And (Member $e0 stop) (Past $e0) (Past $e1) (Theme $e0 $e1))
p204589	-0.00886	-0.03991	0.00163	-0.04725	0.07315	0.07524	-0.01100	-0.00424	0.02034	0.15245	-0.02129	-0.07138	0.00168	-0.07035	0.15558	-0.05752	-0.01610	0.12228	-0.09094	0.08464	-0.01199	-0.14288	-0.02235	-0.08054	-0.00223	-0.05883	0.17880	-0.00704	-0.04234	0.11043	0.00177	0.00287	(And (Member $e0 teach) (Member $x0 apprentice) (Recipient $e0 $x0) (Theme $e0 glazing))
p204590	-0.00579	-0.00871	-0.00655	-0.05230	0.03198	0.05017	-0.00322	-0.01443	-0.03522	-0.03788	-0.00180	0.05098	0.00234	-0.01305	-0.01389	-0.02388	0.00634	0.04997	0.04648	0.07652	-0.00839	0.05313	-0.00304	-0.00656	-0.00226	0.00512	-0.02506	-0.00221	-0.01963	-0.03027	0.00458	-0.00734	(And (Member $e0 teach) (Member $x0 drill) (Recipient $e0 $x1) (Theme $e0 $x0))
p204591	0.00007	-0.01398	-0.00690	-0.07703	0.03455	0.10920	-0.01276	-0.05224	-0.09263	-0.08313	-0.00262	0.16200	-0.01828	0.01966	-0.05764	-0.03082	0.03296	0.11546	0.13610	0.06225	0.00639	0.16787	-0.02909	-0.02422	0.00505	0.03004	-0.09278	-0.00008	-0.02819	-0.07301	0.00996	-0.02971	(And (Member $e0 teach) (Member $x0 song) (Recipient $e0 $x1) (Theme $e0 $x0))
p204592	-0.00380	-0.02313	-0.00359	-0.01111	0.02180	0.00647	-0.01609	0.03956	0.00350	0.03832	-0.00274	-0.01470	-0.01172	0.03494	-0.01889	0.01399	-0.00867	-0.01230	-0.01105	-0.02331	-0.00104	0.04200	0.00395	-0.02530	0.03394	-0.00782	-0.01824	-0.00395	-0.02958	0.02819	-0.00004	-0.00861	(And (Member $x0 departure) (Member $x1 ferry) (Possession $x0 $x1) (Theme $e0 $x0))
p204593	-0.03676	-0.07544	0.01326	0.10948	-0.02692	-0.05254	-0.01602	0.07080	-0.02667	-0.07613	-0.04274	0.08551	-0.03654	-0.02221	-0.06568	0.05003	-0.00295	0.12401	-0.02202	-0.02854	-0.01277	-0.07276	0.04715	0.06357	0.16119	-0.04644	0.13493	-0.00193	-0.06486	-0.01659	0.00157	-0.01235	(And (Member $x0 kiln) (Ordinal $x0 <num> buy) (Past $e0) (Theme $e0 $x0))
p204595	-0.01914	-0.02684	-0.01796	-0.01422	0.00467	-0.02207	0.02776	-0.03886	-0.02130	0.08792	0.02110	0.00182	0.00010	-0.01383	-0.01263	0.01896	0.00795	0.00326	0.01697	-0.01991	-0.00748	-0.00239	0.00617	-0.02455	0.06189	0.01858	0.00967	-0.00430	0.07101	-0.01244	0.04333	-0.03526	(And (Ongoing $e0) (Past $e1) (Patient $e1 $x0) (Theme $e1 $e0))
p205524	0.07965	-0.00568	-0.00906	-0.01395	-0.01259	0.02393	-0.01093	-0.02185	-0.01504	-0.01542	-0.01358	0.01586	-0.00317	-0.03050	-0.00713	0.00839	-0.00799	0.02127	-0.01067	-0.01854	-0.00118	0.00926	0.06515	-0.01654	-0.00298	-0.03158	-0.01214	0.00976	0.02882	0.01020	0.00022	0.01432	(And (Agent $e0 $x0) (Cardinality $x0 <num>) (Goal $e0 $x1))
p205525	-0.04868	0.07921	-0.00317	-0.04012	-0.04543	0.08527	0.08800	-0.09800	0.03649	-0.04019	-0.01902	-0.02900	0.00407	0.08823	-0.06021	0.06902	-0.01037	0.10274	-0.01355	-0.05078	-0.00147	-0.02476	0.02548	0.09943	-0.06179	-0.05389	-0.03440	-0.02052	0.05550	0.07925	0.00075	-0.02946	(And (Agent $e0 $x0) (Cardinality $x0 <num>) (Member $e0 abandon))
p205526	-0.04828	0.00409	0.08860	-0.05231	-0.03318	0.02959	0.00028	-0.04416	-0.04045	0.00547	0.10007	0.04901	0.01017	0.09277	0.08594	0.08510	-0.07634	-0.00722	-0.00889	-0.02179	-0.04104	-0.02719	0.08281	-0.08996	-0.01970	0.10398	0.01055	-0.00460	-0.01709	-0.06214	-0.01830	0.00417	(And (Agent $e0 $x0) (CoAgent $e0 $x1) (Member $x0 biologist))
p205527	-0.04828	0.00409	0.08860	-0.05231	-0.03318	0.02959	0.00028	-0.04416	-0.04045	0.00547	0.10007	0.04901	0.01017	0.09277	0.08594	0.08510	-0.07634	-0.00722	-0.00889	-0.02179	-0.04104	-0.02718	0.08281	-0.08996	-0.01970	0.10398	0.01056	-0.00460	-0.01709	-0.06214	-0.01830	0.00417	(And (Agent $e0 $x0) (CoAgent $e0 $x1) (Member $x1 ranger))
p205531	-0.01494	-0.02495	-0.00014	-0.00070	-0.00451	0.03678	-0.01318	0.00117	0.00267	-0.00750	-0.00077	0.00419	0.00921	-0.02838	-0.01256	-0.02036	-0.00464	-0.01418	-0.02037	0.00319	-0.00037	0.00158	0.00455	0.03441	0.01318	-0.00673	-0.01154	0.06670	0.01076	0.00366	0.01179	0.03415	(And (Agent $e0 $x0) (Experiencer $e1 $x1) (Result $e0 $e1))
p205532	-0.00056	-0.00609	-0.01277	0.02973	-0.02300	0.03050	-0.02496	0.01630	0.02252	0.00004	-0.01213	-0.01682	-0.00025	-0.00621	0.01630	0.02127	-0.01001	-0.01105	0.02111	0.00313	-0.00164	-0.01529	-0.00631	-0.00561	-0.00984	-0.02153	-0.00079	-0.00026	-0.00128	-0.01820	-0.00827	0.03250	(And (Agent $e0 $x0) (Future $e0) (Member $x0 delegation))
p205533	0.00268	0.05067	0.00510	0.00215	-0.01333	0.01561	-0.02346	0.00578	-0.00303	-0.00712	0.00143	0.00625	0.00093	-0.00256	-0.01586	-0.00390	-0.00668	-0.00351	-0.00661	0.01775	-0.00340	-0.01525	-0.01068	-0.01483	0.02170	-0.00268	-0.00685	-0.00560	-0.00173	-0.00428	-0.00219	0.02380	(And (Agent $e0 $x0) (GroupOf $x0 boy) (Ongoing $e0))
p205534	-0.00332	0.01814	0.00134	-0.00578	-0.01005	0.01978	-0.01876	-0.00850	0.00273	-0.01865	0.00340	0.00596	0.00188	-0.01785	-0.01323	-0.00517	-0.01073	-0.01276	-0.00357	0.00489	-0.00688	0.02641	-0.00241	0.00167	0.01887	-0.01378	0.02484	-0.00401	0.02039	-0.01210	-0.00953	0.02458	(And (Agent $e0 $x0) (GroupOf $x0 child) (Location $e0 $x1))
p205535	0.00587	0.02484	-0.00643	-0.01001	-0.00643	0.01134	-0.02033	-0.00020	-0.00940	-0.01562	0.00734	0.01426	0.00726	-0.00984	-0.01197	0.00456	-0.01634	-0.00294	0.00182	0.00822	-0.00911	0.00685	-0.00265	-0.00659	0.01893	-0.00947	0.00457	0.00013	0.00975	-0.01198	-0.00780	0.02536	(And (Agent $e0 $x0) (GroupOf $x0 child) (Member $e0 play))
p205536	-0.04868	0.07920	-0.00317	-0.04012	-0.04543	0.08527	0.08800	-0.09800	0.03649	-0.04019	-0.01902	-0.02900	0.00407	0.08823	-0.06021	0.06902	-0.01037	0.10274	-0.01355	-0.05078	-0.00147	-0.02477	0.02548	0.09943	-0.06179	-0.05389	-0.03440	-0.02053	0.05550	0.07925	0.00074	-0.02946	(And (Agent $e0 $x0) (GroupOf $x0 climber) (Member $e0 abandon))
p205537	-0.00167	-0.00340	-0.00833	0.00142	-0.00715	0.00776	-0.01026	0.00643	0.00378	0.00190	-0.00182	-0.00227	-0.00300	-0.00526	-0.00012	0.00421	-0.00660	-0.00114	-0.00181	0.00348	0.00057	-0.00718	-0.00071	0.00148	-0.00338	-0.00818	0.00051	0.00167	-0.00020	-0.00290	-0.00697	0.02530	(And (Agent $e0 $x0) (GroupOf $x0 soil_sample) (Inheritance soil_sample sample))
p205538	-0.00123	-0.00308	-0.00812	0.00174	-0.00691	0.00790	-0.00996	0.00668	0.00396	0.00214	-0.00152	-0.00192	-0.00271	-0.00503	0.00018	0.00446	-0.00638	-0.00092	-0.00150	0.00381	0.00086	-0.00693	-0.00055	0.00175	-0.00323	-0.00784	0.00079	0.00196	0.00003	-0.00261	-0.00672	0.02564	(And (Agent $e0 $x0) (GroupOf $x0 soil_sample) (Instrument $e0 post))
p205539	0.00007	-0.01398	-0.00690	-0.07703	0.03455	0.10920	-0.01276	-0.05224	-0.09263	-0.08313	-0.00262	0.16199	-0.01828	0.01966	-0.05764	-0.03082	0.03296	0.11546	0.13610	0.06225	0.00639	0.16787	-0.02909	-0.02422	0.00505	0.03004	-0.09278	-0.00009	-0.02819	-0.07301	0.00996	-0.02971	(And (Agent $e0 $x0) (GroupOf $x1 child) (Recipient $e0 $x1))
p205540	-0.00170	-0.00413	-0.00856	0.00126	-0.00425	0.00796	-0.01001	0.00132	0.00023	0.00735	-0.00094	-0.00174	-0.00625	-0.00324	-0.00438	0.00341	-0.00533	0.00037	-0.00458	-0.00015	0.00472	-0.00602	-0.00298	-0.00117	-0.00355	-0.00317	-0.00084	0.00097	-0.00202	0.00005	-0.00698	0.02275	(And (Agent $e0 $x0) (Inheritance night_delivery delivery) (Theme $e0 night_delivery))
p205542	-0.01154	-0.01275	-0.00849	-0.00437	-0.00480	0.01092	-0.00996	-0.00503	0.00536	-0.00541	-0.00015	-0.00398	0.00377	-0.02382	0.00059	-0.00469	-0.01636	-0.01456	-0.00195	-0.00471	-0.00142	0.02571	0.00995	0.02398	-0.00725	-0.01132	0.03347	0.00144	0.02152	-0.00899	-0.00596	0.03238	(And (Agent $e0 $x0) (Location $e0 $x1) (Member $x0 curator))
p205543	-0.03046	-0.00565	0.04063	-0.02964	-0.01928	0.01103	-0.00623	-0.02357	-0.02279	-0.00704	0.04959	0.02458	0.01362	0.03023	0.04372	0.03299	-0.05459	-0.00795	-0.00490	-0.01273	-0.02409	0.00426	0.04429	-0.04113	-0.01525	0.04682	0.03815	0.00162	0.00627	-0.03397	-0.01230	0.03093	(And (Agent $e0 $x0) (Location $e0 $x1) (Member $x0 welder))
p205544	-0.04386	-0.00837	0.05629	-0.04195	-0.02667	0.01412	-0.00911	-0.03323	-0.03264	-0.01016	0.07147	0.03491	0.02127	0.04206	0.06542	0.04496	-0.07894	-0.01084	-0.00732	-0.01805	-0.03396	0.00271	0.06270	-0.05904	-0.02242	0.06971	0.06260	0.00267	0.00938	-0.04768	-0.01774	0.04825	(And (Agent $e0 $x0) (Location $e0 $x1) (Member $x1 frame))
p205545	-0.01155	-0.01275	-0.00849	-0.00438	-0.00480	0.01093	-0.00996	-0.00503	0.00537	-0.00540	-0.00015	-0.00399	0.00377	-0.02382	0.00059	-0.00469	-0.01636	-0.01456	-0.00195	-0.00471	-0.00142	0.02572	0.00996	0.02398	-0.00725	-0.01132	0.03347	0.00144	0.02152	-0.00899	-0.00596	0.03237	(And (Agent $e0 $x0) (Location $e0 $x1) (Member $x1 hall))
p205546	-0.02905	-0.05837	0.02445	-0.01742	-0.05060	0.06612	-0.05196	0.15835	0.01229	0.10290	-0.03070	-0.04996	0.00243	0.15597	-0.06754	-0.01834	-0.03769	-0.04009	-0.02685	-0.03635	-0.02677	0.12799	0.04721	-0.08645	0.10450	-0.04505	-0.05682	-0.01368	-0.09189	0.12669	0.00191	-0.03304	(And (Agent $e0 $x0) (Member $e0 abandon) (Member $x0 firm))
p205548	0.00293	-0.00142	-0.01226	-0.01293	0.05049	-0.01656	-0.00152	-0.00043	0.00381	0.01399	0.00289	-0.00274	-0.02169	-0.00241	0.00055	0.03001	-0.00447	-0.00237	0.00074	-0.02182	0.00889	0.00284	-0.00439	0.00583	-0.00664	0.00166	-0.00144	-0.00365	-0.00520	-0.01193	-0.00019	-0.00103	(And (Agent $e0 $x0) (Member $e0 answer) (Member $x0 clerk))
p205549	0.00291	-0.00140	-0.01245	-0.01261	0.04952	-0.01630	-0.00153	-0.00087	0.00368	0.01430	0.00267	-0.00198	-0.02137	-0.00190	0.00015	0.02983	-0.00427	-0.00261	0.00050	-0.02159	0.00888	0.00258	-0.00436	0.00556	-0.00675	0.00143	-0.00147	-0.00350	-0.00542	-0.01160	-0.00009	-0.00070	(And (Agent $e0 $x0) (Member $e0 answer) (Member $x0 pilot))
p205550	-0.00036	-0.00594	-0.01229	0.02905	-0.02000	0.02979	-0.02379	0.01312	0.01937	0.00636	-0.01028	-0.01567	-0.00298	-0.00237	0.01146	0.02065	-0.00781	-0.00774	0.01696	0.00137	0.00254	-0.01430	-0.00792	-0.00767	-0.00901	-0.01605	-0.00149	-0.00006	-0.00304	-0.01454	-0.00784	0.03086	(And (Agent $e0 $x0) (Member $e0 arrive) (Member $x0 freight))
p205551	0.00072	-0.00870	0.02206	-0.02243	-0.02588	-0.01773	-0.01280	0.08311	-0.06266	-0.06230	0.00381	0.11602	-0.02477	-0.05267	0.08661	0.04296	0.02384	-0.06410	-0.02003	0.03824	0.07582	0.01763	-0.03486	-0.06760	-0.02961	-0.02710	-0.03970	-0.00452	0.11712	0.10875	0.00637	-0.00660	(And (Agent $e0 $x0) (Member $e0 buy) (Member $x0 depot))
p205552	-0.03676	-0.07544	0.01326	0.10947	-0.02692	-0.05254	-0.01602	0.07080	-0.02667	-0.07613	-0.04274	0.08551	-0.03654	-0.02221	-0.06568	0.05003	-0.00295	0.12401	-0.02202	-0.02854	-0.01277	-0.07276	0.04715	0.06357	0.16119	-0.04644	0.13493	-0.00193	-0.06486	-0.01659	0.00157	-0.01235	(And (Agent $e0 $x0) (Member $e0 buy) (Member $x0 pottery_studio))
p205553	-0.03380	0.07219	-0.09101	0.05160	-0.01814	-0.05467	-0.00894	0.04814	-0.02722	0.06053	0.06414	0.03069	0.01509	-0.03231	0.08528	-0.02361	0.06663	0.05377	-0.01884	-0.03717	-0.00128	0.08074	0.05880	0.05419	-0.05674	-0.01117	-0.05556	-0.00165	-0.00573	-0.04468	-0.01228	0.02963	(And (Agent $e0 $x0) (Member $e0 buy) (Member $x0 school))
p205555	-0.01624	-0.01576	-0.03661	0.03576	0.00428	-0.03275	-0.01646	-0.04992	-0.02939	0.03716	-0.04738	0.00610	-0.02735	0.05064	-0.03742	-0.00446	-0.00041	0.04810	-0.00813	-0.03019	0.16196	0.00635	-0.01982	0.01115	-0.00598	0.08718	-0.02598	-0.00456	-0.02189	0.02212	0.02798	0.06895	(And (Agent $e0 $x0) (Member $e0 cancel) (Member $x0 council))
p205556	-0.01620	-0.01585	-0.03691	0.03536	0.00483	-0.03323	-0.01670	-0.04995	-0.02918	0.03721	-0.04743	0.00594	-0.02761	0.05027	-0.03715	-0.00386	-0.00100	0.04830	-0.00785	-0.03040	0.16237	0.00630	-0.01982	0.01168	-0.00621	0.08725	-0.02595	-0.00452	-0.02183	0.02135	0.02796	0.06950	(And (Agent $e0 $x0) (Member $e0 cancel) (Member $x0 tutor))
p205557	0.04537	-0.03311	-0.03519	0.13634	0.05681	0.07433	0.06304	-0.08825	-0.02840	0.01311	0.13221	0.01042	-0.04858	-0.05613	-0.05333	0.03188	0.07250	-0.04392	-0.06921	-0.02755	0.06721	0.00967	-0.05931	-0.02188	0.05343	0.07530	-0.03298	-0.00856	-0.00223	0.05547	-0.03059	-0.03076	(And (Agent $e0 $x0) (Member $e0 decide) (Member $x0 board))
p205558	0.02193	-0.01582	-0.02180	0.05070	0.04225	0.02776	0.02937	-0.04393	-0.01385	0.01066	0.07108	0.00724	-0.02190	-0.02800	-0.02427	0.02757	0.03199	-0.02123	-0.03442	-0.01615	0.01993	0.00577	-0.02964	-0.01090	0.02317	0.02988	-0.01384	-0.00195	-0.00130	0.02310	-0.01534	-0.01247	(And (Agent $e0 $x0) (Member $e0 decide) (Member $x0 judge))
p205559	0.00490	-0.00168	-0.00314	0.00466	-0.01029	-0.01848	0.01298	-0.00386	-0.00643	-0.00736	-0.00692	0.01300	0.00366	0.01889	-0.00850	-0.00993	0.01301	0.00961	-0.01682	0.01673	-0.00120	-0.00405	-0.01435	0.00349	-0.01213	0.00168	-0.00054	0.00024	-0.01813	0.01599	0.02791	0.02786	(And (Agent $e0 $x0) (Member $e0 destroy) (Member $x0 fire))
p205560	0.10126	0.01583	-0.09384	-0.03589	-0.02666	0.08046	-0.03793	0.10097	-0.05045	0.04133	-0.01604	0.03812	0.02548	0.09683	-0.05292	-0.05303	0.11116	-0.06892	0.01790	0.00731	-0.02466	-0.08520	-0.08621	0.06889	-0.05241	0.09787	0.09393	-0.01456	0.07521	-0.07846	-0.00128	-0.01158	(And (Agent $e0 $x0) (Member $e0 discover) (Member $x0 diver))
p205561	0.04159	0.09859	-0.01466	-0.00938	0.08991	-0.06209	-0.02241	0.02306	-0.00956	0.03596	-0.00857	0.00439	-0.05073	-0.03599	-0.03538	0.02574	-0.01323	-0.03196	0.07501	-0.03263	0.00773	-0.05022	-0.01866	0.03801	-0.07273	0.03035	0.07409	-0.00825	-0.02097	0.07143	0.00295	-0.01445	(And (Agent $e0 $x0) (Member $e0 discover) (Member $x0 intern))
p205562	-0.02155	0.01694	0.02088	0.08428	0.04718	-0.03873	-0.00637	0.00370	0.00726	-0.01399	-0.00715	-0.01710	-0.01293	0.07612	-0.00960	-0.04623	-0.01978	-0.02156	-0.01737	0.03952	-0.00210	-0.00968	0.04529	-0.00073	-0.01759	-0.03414	-0.00425	-0.00127	0.06524	-0.02039	-0.00080	-0.00680	(And (Agent $e0 $x0) (Member $e0 give) (Member $x0 school))
p205563	-0.02030	0.00526	0.03360	0.07944	0.04950	-0.03598	-0.00449	0.00143	0.00611	-0.01521	-0.00853	-0.01607	-0.01375	0.07834	-0.00953	-0.04676	-0.02574	-0.02331	-0.01977	0.04402	-0.00254	-0.01426	0.03829	-0.00475	-0.00981	-0.03384	-0.00000	-0.00107	0.06753	-0.01434	-0.00087	-0.01167	(And (Agent $e0 $x0) (Member $e0 give) (Member $x0 trainer))
p205564	-0.06579	-0.03326	-0.08860	-0.03815	-0.06341	-0.03088	-0.02158	0.00051	0.09527	-0.02787	-0.00953	-0.05520	0.01509	-0.06873	-0.03035	0.04852	0.08552	-0.03456	0.05005	0.09393	-0.01988	-0.02522	0.09794	0.03994	0.04399	0.13242	-0.01308	-0.00524	-0.03401	0.06356	-0.00102	0.00588	(And (Agent $e0 $x0) (Member $e0 lend) (Member $x0 museum))
p205565	-0.03343	-0.02461	-0.05243	-0.02252	-0.01396	-0.02210	-0.01397	0.01920	0.05611	-0.01664	-0.00282	-0.03793	0.01022	-0.03947	-0.00517	0.02970	0.03791	-0.01318	0.01119	0.01382	-0.01013	-0.01434	0.03695	0.01924	0.02887	0.05352	-0.00274	-0.00154	-0.00828	0.03099	-0.00401	0.01306	(And (Agent $e0 $x0) (Member $e0 lend) (Member $x0 neighbour))
p205566	0.00341	-0.00734	-0.01191	-0.01174	0.04010	-0.00892	-0.00427	0.00810	0.00261	0.01614	0.00383	-0.00533	-0.01634	0.00082	-0.00413	0.02595	-0.00387	-0.00450	-0.00272	-0.01966	0.00480	0.01122	-0.00418	-0.00283	0.00260	0.00071	-0.00550	-0.00319	-0.01053	-0.00288	-0.00073	-0.00136	(And (Agent $e0 $x0) (Member $e0 postpone) (Member $x0 club))
p205567	0.00007	-0.01398	-0.00690	-0.07703	0.03455	0.10920	-0.01276	-0.05224	-0.09263	-0.08313	-0.00262	0.16199	-0.01828	0.01966	-0.05764	-0.03082	0.03296	0.11546	0.13610	0.06225	0.00639	0.16787	-0.02909	-0.02422	0.00505	0.03004	-0.09278	-0.00008	-0.02819	-0.07301	0.00996	-0.02971	(And (Agent $e0 $x0) (Member $e0 teach) (Member $x0 elder))
p205568	-0.00886	-0.03991	0.00163	-0.04725	0.07315	0.07524	-0.01100	-0.00424	0.02034	0.15246	-0.02129	-0.07138	0.00168	-0.07035	0.15558	-0.05753	-0.01610	0.12228	-0.09094	0.08464	-0.01199	-0.14288	-0.02235	-0.08054	-0.00223	-0.05883	0.17880	-0.00704	-0.04234	0.11043	0.00177	0.00287	(And (Agent $e0 $x0) (Member $e0 teach) (Member $x0 potter))
p205569	-0.05497	0.00414	0.09847	-0.05747	-0.03750	0.02951	-0.00042	-0.04969	-0.04657	0.00399	0.11214	0.05496	0.01468	0.10118	0.09719	0.09319	-0.09014	-0.00798	-0.00925	-0.02489	-0.04535	-0.02941	0.09305	-0.10007	-0.02423	0.12115	0.02507	-0.00374	-0.01688	-0.06823	-0.02036	0.01334	(And (Agent $e0 $x0) (Member $e0 work) (Member $x0 biologist))
p205570	-0.02277	0.01733	0.00249	-0.00823	-0.01363	-0.01887	0.03375	0.03516	0.00174	0.02172	0.00500	-0.00243	-0.00087	-0.01385	-0.01166	-0.01190	-0.01556	-0.00457	0.07739	0.01279	-0.02372	-0.01534	-0.01398	-0.00432	0.02029	0.00355	-0.00658	0.00139	0.02894	-0.01986	-0.02558	0.03961	(And (Agent $e0 $x0) (Member $e1 begin) (Theme $e1 $e0))
p205571	0.00550	-0.00225	-0.00384	-0.00682	-0.00433	-0.02229	0.11378	0.05754	-0.01104	-0.02387	-0.02646	0.02070	0.01208	-0.00134	0.01156	-0.01354	-0.00646	-0.00631	-0.03697	0.03722	-0.01495	-0.00389	0.00701	-0.00449	-0.04203	-0.01363	0.02033	-0.01119	-0.04385	0.00474	0.03811	0.01738	(And (Agent $e0 $x0) (Member $e1 destroy) (Theme $e0 $e1))
p205572	0.05347	0.01574	0.01724	-0.00666	0.00084	-0.00723	0.08413	0.04470	-0.01459	-0.01775	-0.04278	0.01802	-0.00263	-0.00516	-0.00252	-0.02038	-0.00168	-0.00899	0.00061	0.00208	-0.00881	-0.00041	0.04690	-0.01743	-0.03856	-0.01591	-0.00364	-0.00592	-0.04546	0.00586	0.02267	0.02317	(And (Agent $e0 $x0) (Member $e1 try) (Theme $e1 $e0))
p205573	-0.00102	-0.00554	-0.01592	-0.00812	0.02081	-0.01208	-0.00488	-0.00002	0.00017	0.00109	-0.00207	-0.00292	0.00226	-0.00100	-0.00155	0.01979	-0.00549	0.00104	0.00299	-0.01056	0.00526	0.00151	-0.00150	0.00563	-0.00063	0.00124	-0.00142	0.00128	-0.00457	-0.00865	-0.00010	0.01384	(And (Agent $e0 $x0) (Member $x0 airline) (Theme $e0 $x1))
p205574	0.00064	-0.00407	-0.01484	-0.01466	0.02740	-0.01205	-0.00355	0.00952	0.00603	-0.00382	0.00007	-0.00364	-0.00001	-0.00791	0.00560	0.02377	-0.00836	-0.00327	0.00488	-0.01024	-0.00436	-0.00034	0.00162	0.00818	-0.00231	-0.00773	0.00215	-0.00011	-0.00336	-0.01328	-0.00080	0.01023	(And (Agent $e0 $x0) (Member $x0 bank) (Theme $e0 $x1))
p205575	0.00164	0.01297	-0.01105	-0.01137	0.01666	-0.00434	-0.00956	0.00658	-0.00025	-0.00648	0.00382	-0.00106	0.00915	-0.00561	-0.00115	0.01636	-0.00921	-0.00320	0.00246	-0.00314	-0.00836	-0.00371	-0.00253	-0.00174	0.00712	-0.00579	-0.00014	0.00033	-0.00025	-0.01002	-0.00250	0.01257	(And (Agent $e0 $x0) (Member $x0 car) (Theme $e0 $x1))
p205576	-0.00596	-0.00102	0.01736	-0.00239	0.00530	-0.00413	0.00056	-0.01383	-0.00550	-0.00212	-0.00367	-0.00533	0.01143	0.00464	-0.00072	0.00041	0.02379	0.00628	-0.00645	-0.00567	-0.00661	-0.00091	-0.00952	-0.00606	-0.00403	-0.00289	-0.00569	0.00179	0.00372	0.00191	0.00759	-0.00895	(And (Agent $e0 $x0) (Member $x0 company) (Past $e0))
p205577	-0.01158	-0.01280	-0.00855	-0.00442	-0.00485	0.01087	-0.01000	-0.00508	0.00530	-0.00546	-0.00020	-0.00403	0.00373	-0.02388	0.00054	-0.00474	-0.01641	-0.01462	-0.00200	-0.00475	-0.00146	0.02566	0.00989	0.02393	-0.00731	-0.01137	0.03343	0.00139	0.02147	-0.00903	-0.00601	0.03233	(And (Agent $e0 $x0) (Member $x0 curator) (Theme $e0 photography))
p205578	0.00157	-0.00600	-0.01679	-0.01375	0.02217	-0.02021	0.01697	0.01488	0.00089	-0.00378	-0.00065	-0.00262	0.00483	0.00340	0.00452	0.01995	-0.00586	0.00346	0.01238	-0.00651	-0.00867	-0.00461	-0.00252	-0.00141	-0.01200	-0.00713	0.00227	0.01360	-0.01253	-0.01537	-0.00238	0.01008	(And (Agent $e0 $x0) (Member $x0 doctor) (Theme $e0 $x1))
p205579	0.00007	-0.01398	-0.00690	-0.07703	0.03455	0.10920	-0.01276	-0.05224	-0.09263	-0.08313	-0.00262	0.16199	-0.01828	0.01966	-0.05764	-0.03082	0.03296	0.11546	0.13610	0.06225	0.00639	0.16787	-0.02909	-0.02422	0.00505	0.03004	-0.09278	-0.00008	-0.02819	-0.07301	0.00996	-0.02971	(And (Agent $e0 $x0) (Member $x0 elder) (Recipient $e0 $x1))
p205580	0.00007	-0.01398	-0.00690	-0.07703	0.03455	0.10920	-0.01276	-0.05224	-0.09263	-0.08313	-0.00262	0.16199	-0.01828	0.01966	-0.05764	-0.03082	0.03296	0.11546	0.13610	0.06225	0.00639	0.16787	-0.02909	-0.02422	0.00505	0.03004	-0.09278	-0.00008	-0.02819	-0.07301	0.00996	-0.02971	(And (Agent $e0 $x0) (Member $x0 elder) (Theme $e0 $x1))
p205581	-0.00380	-0.02313	-0.00359	-0.01111	0.02180	0.00647	-0.01609	0.03956	0.00350	0.03832	-0.00274	-0.01470	-0.01172	0.03494	-0.01889	0.01399	-0.00867	-0.01230	-0.01105	-0.02331	-0.00104	0.04200	0.00395	-0.02530	0.03394	-0.00782	-0.01824	-0.00395	-0.02958	0.02819	-0.00004	-0.00861	(And (Agent $e0 $x0) (Member $x0 ferry) (Theme $e0 $x1))
p205582	0.00490	-0.00168	-0.00314	0.00466	-0.01029	-0.01848	0.01298	-0.00386	-0.00643	-0.00736	-0.00692	0.01300	0.00366	0.01889	-0.00850	-0.00993	0.01301	0.00961	-0.01682	0.01673	-0.00120	-0.00405	-0.01435	0.00349	-0.01213	0.00168	-0.00054	0.00024	-0.01813	0.01599	0.02791	0.02786	(And (Agent $e0 $x0) (Member $x0 fire) (Patient $e0 $x1))
p205583	-0.00037	-0.00595	-0.01229	0.02905	-0.02000	0.02978	-0.02379	0.01311	0.01937	0.00636	-0.01028	-0.01568	-0.00298	-0.00237	0.01145	0.02065	-0.00781	-0.00774	0.01695	0.00137	0.00254	-0.01431	-0.00792	-0.00767	-0.00901	-0.01606	-0.00149	-0.00007	-0.00304	-0.01454	-0.00784	0.03086	(And (Agent $e0 $x0) (Member $x0 freight) (Time $e0 (Hour <num>)))
p205584	0.02194	-0.01581	-0.02180	0.05071	0.04225	0.02776	0.02937	-0.04393	-0.01385	0.01066	0.07108	0.00725	-0.02190	-0.02800	-0.02426	0.02757	0.03199	-0.02123	-0.03442	-0.01615	0.01993	0.00577	-0.02964	-0.01090	0.02317	0.02989	-0.01384	-0.00195	-0.00130	0.02311	-0.01534	-0.01247	(And (Agent $e0 $x0) (Member $x0 judge) (Theme $e0 $x1))
p205585	-0.00133	-0.00359	-0.00787	0.00175	-0.00366	0.00865	-0.00946	0.00189	0.00091	0.00792	-0.00040	-0.00127	-0.00571	-0.00257	-0.00389	0.00401	-0.00470	0.00105	-0.00404	0.00036	0.00525	-0.00545	-0.00228	-0.00061	-0.00288	-0.00272	-0.00030	0.00149	-0.00143	0.00058	-0.00642	0.02322	(And (Agent $e0 $x0) (Member $x0 licence) (Theme $e0 night_delivery))
p205586	0.05466	0.01115	0.06975	-0.01096	0.03743	-0.00957	0.09124	0.00325	-0.02896	-0.01364	-0.06957	0.00737	0.01035	-0.00128	0.00534	-0.02347	0.04966	-0.00716	-0.01074	-0.03031	-0.00239	0.00094	0.06579	-0.02930	-0.05692	-0.00749	-0.00983	-0.00416	-0.05547	0.01316	0.04536	-0.02472	(And (Agent $e0 $x0) (Member $x0 man) (Past $e0))
p205587	-0.06579	-0.03326	-0.08860	-0.03816	-0.06341	-0.03088	-0.02159	0.00051	0.09527	-0.02787	-0.00953	-0.05520	0.01509	-0.06873	-0.03035	0.04852	0.08552	-0.03456	0.05005	0.09393	-0.01988	-0.02522	0.09794	0.03994	0.04399	0.13242	-0.01308	-0.00524	-0.03401	0.06355	-0.00103	0.00588	(And (Agent $e0 $x0) (Member $x0 museum) (Recipient $e0 $x1))
p205588	-0.03343	-0.02461	-0.05243	-0.02252	-0.01396	-0.02210	-0.01397	0.01920	0.05611	-0.01664	-0.00282	-0.03793	0.01021	-0.03947	-0.00517	0.02970	0.03791	-0.01318	0.01119	0.01382	-0.01013	-0.01434	0.03695	0.01924	0.02887	0.05352	-0.00274	-0.00154	-0.00828	0.03099	-0.00401	0.01306	(And (Agent $e0 $x0) (Member $x0 neighbour) (Recipient $e0 ravi))
p205589	-0.03343	-0.02461	-0.05243	-0.02252	-0.01396	-0.02210	-0.01397	0.01920	0.05611	-0.01664	-0.00282	-0.03793	0.01021	-0.03947	-0.00517	0.02970	0.03791	-0.01318	0.01119	0.01382	-0.01013	-0.01434	0.03695	0.01924	0.02887	0.05352	-0.00274	-0.00154	-0.00828	0.03099	-0.00401	0.01306	(And (Agent $e0 $x0) (Member $x0 neighbour) (Theme $e0 $x1))
p205590	-0.01329	-0.00618	0.01199	0.00206	0.00054	0.01467	-0.00470	-0.00157	0.01883	-0.00198	-0.00560	-0.01225	-0.01230	-0.00596	-0.00434	-0.00726	0.01648	-0.00725	-0.00394	-0.00588	0.00123	0.00909	-0.00304	0.00593	-0.00576	-0.01112	0.00310	-0.00341	0.00427	-0.00466	-0.00906	0.00570	(And (Agent $e0 $x0) (Member $x0 plane) (Past $e0))
p205591	-0.00886	-0.03991	0.00163	-0.04725	0.07315	0.07524	-0.01100	-0.00424	0.02034	0.15245	-0.02129	-0.07138	0.00168	-0.07035	0.15558	-0.05752	-0.01610	0.12227	-0.09094	0.08464	-0.01199	-0.14288	-0.02235	-0.08054	-0.00223	-0.05883	0.17879	-0.00704	-0.04234	0.11043	0.00177	0.00287	(And (Agent $e0 $x0) (Member $x0 potter) (Recipient $e0 $x1))
p205592	-0.00886	-0.03991	0.00163	-0.04725	0.07315	0.07524	-0.01100	-0.00424	0.02034	0.15245	-0.02129	-0.07138	0.00168	-0.07035	0.15558	-0.05752	-0.01610	0.12227	-0.09094	0.08464	-0.01199	-0.14288	-0.02236	-0.08055	-0.00223	-0.05883	0.17879	-0.00704	-0.04234	0.11043	0.00177	0.00287	(And (Agent $e0 $x0) (Member $x0 potter) (Theme $e0 glazing))
p205593	-0.02154	0.01694	0.02088	0.08428	0.04718	-0.03873	-0.00637	0.00370	0.00726	-0.01399	-0.00715	-0.01710	-0.01293	0.07612	-0.00960	-0.04623	-0.01978	-0.02156	-0.01737	0.03952	-0.00210	-0.00968	0.04529	-0.00073	-0.01759	-0.03414	-0.00424	-0.00127	0.06524	-0.02039	-0.00080	-0.00680	(And (Agent $e0 $x0) (Member $x0 school) (Recipient $e0 $x1))
p205594	-0.00043	-0.00160	-0.00182	0.00139	-0.00767	-0.01508	0.01241	-0.00209	-0.00606	-0.00445	-0.01189	0.00929	0.00404	0.01532	-0.00389	-0.00826	0.00214	0.00919	-0.01349	0.02030	-0.00076	-0.00430	-0.00602	-0.00040	-0.01226	-0.00336	0.00376	-0.00080	-0.01660	0.01385	0.02389	0.02162	(And (Agent $e0 $x0) (Member $x0 storm) (Patient $e0 $x1))
p205595	-0.00171	-0.00723	-0.01156	-0.00802	0.02176	0.00144	0.00102	0.00497	0.00090	0.00087	-0.00122	-0.00569	0.00267	-0.00002	-0.00025	0.01578	-0.00152	-0.00383	-0.00068	-0.01110	0.00170	0.00444	-0.00247	0.00223	0.00129	0.00039	-0.00350	-0.00221	-0.00723	-0.00608	-0.00006	0.00517	(And (Agent $e0 $x0) (Member $x0 thing) (Theme $e0 $x1))
p205596	-0.02030	0.00526	0.03360	0.07944	0.04950	-0.03598	-0.00449	0.00143	0.00611	-0.01522	-0.00853	-0.01607	-0.01375	0.07834	-0.00953	-0.04676	-0.02574	-0.02331	-0.01977	0.04402	-0.00255	-0.01426	0.03829	-0.00475	-0.00981	-0.03384	-0.00000	-0.00107	0.06753	-0.01434	-0.00087	-0.01167	(And (Agent $e0 $x0) (Member $x0 trainer) (Recipient $e0 $x1))
p205597	-0.02030	0.00526	0.03360	0.07944	0.04950	-0.03598	-0.00449	0.00143	0.00611	-0.01521	-0.00853	-0.01607	-0.01375	0.07834	-0.00953	-0.04676	-0.02574	-0.02331	-0.01977	0.04402	-0.00254	-0.01426	0.03829	-0.00475	-0.00981	-0.03384	-0.00000	-0.00107	0.06753	-0.01434	-0.00087	-0.01167	(And (Agent $e0 $x0) (Member $x0 trainer) (Theme $e0 $x1))
p205598	-0.00593	-0.00051	-0.00241	0.01100	0.03841	-0.01996	-0.00188	-0.00036	0.00288	-0.00325	-0.00213	-0.00504	-0.00838	0.01492	-0.00165	0.00314	-0.01027	-0.01043	-0.00293	0.00544	-0.00068	-0.00405	0.01212	0.00687	-0.00553	-0.01266	0.00136	-0.00145	0.01281	-0.01331	-0.00058	0.00072	(And (Agent $e0 $x0) (Member $x0 vet) (Theme $e0 $x1))
p205599	-0.00109	-0.00349	-0.00799	0.00210	-0.00394	0.00893	-0.00974	0.00212	0.00109	0.00853	-0.00023	-0.00111	-0.00551	-0.00227	-0.00381	0.00445	-0.00472	0.00142	-0.00385	0.00068	0.00556	-0.00565	-0.00223	-0.00069	-0.00276	-0.00256	-0.00016	0.00193	-0.00135	0.00065	-0.00634	0.02392	(And (Agent $e0 $x0) (Member $x0 warden) (Theme $e0 visitor))
p205600	-0.00122	-0.00352	-0.00791	0.00206	-0.00392	0.00899	-0.00977	0.00213	0.00114	0.00854	-0.00027	-0.00116	-0.00553	-0.00223	-0.00384	0.00446	-0.00471	0.00148	-0.00385	0.00061	0.00554	-0.00563	-0.00215	-0.00071	-0.00270	-0.00260	-0.00018	0.00192	-0.00134	0.00063	-0.00633	0.02387	(And (Agent $e0 $x0) (Member $x0 warden) (Time $e0 (Weekday sunday)))
p205601	-0.01868	0.00462	0.01939	0.05665	0.05391	-0.03161	0.00047	-0.00825	0.00147	-0.01239	-0.00679	-0.00742	-0.01430	0.05421	-0.00991	-0.03994	-0.01672	-0.02378	-0.01330	0.04142	0.00155	-0.01169	0.03737	0.00980	-0.00812	-0.02603	0.00300	-0.00218	0.04461	-0.01420	-0.00018	-0.00953	(And (Agent $e0 $x0) (Member $x1 answer) (Theme $e0 $x1))
p205602	-0.00886	-0.03991	0.00163	-0.04725	0.07315	0.07524	-0.01100	-0.00424	0.02034	0.15245	-0.02129	-0.07138	0.00168	-0.07035	0.15558	-0.05752	-0.01610	0.12228	-0.09094	0.08464	-0.01199	-0.14288	-0.02235	-0.08054	-0.00223	-0.05883	0.17879	-0.00704	-0.04234	0.11043	0.00177	0.00287	(And (Agent $e0 $x0) (Member $x1 apprentice) (Recipient $e0 $x1))
p205603	0.00069	-0.00432	-0.01311	-0.00982	0.01860	-0.00695	-0.00337	0.00575	0.00147	-0.00336	0.00059	-0.00288	0.00618	-0.00416	0.00108	0.01801	-0.00532	-0.00299	0.00222	-0.00694	-0.00569	0.00101	-0.00006	0.00274	0.00018	-0.00597	0.00054	0.00157	-0.00308	-0.00779	-0.00073	0.00999	(And (Agent $e0 $x0) (Member $x1 bridge) (Theme $e0 $x1))
p205604	0.04537	-0.03311	-0.03519	0.13634	0.05681	0.07432	0.06304	-0.08825	-0.02840	0.01311	0.13221	0.01042	-0.04858	-0.05613	-0.05333	0.03188	0.07250	-0.04392	-0.06921	-0.02755	0.06721	0.00967	-0.05931	-0.02189	0.05343	0.07530	-0.03298	-0.00856	-0.00223	0.05547	-0.03059	-0.03076	(And (Agent $e0 $x0) (Member $x1 budget) (Theme $e0 $x1))
p205605	0.02193	-0.01582	-0.02180	0.05070	0.04225	0.02776	0.02937	-0.04393	-0.01385	0.01066	0.07108	0.00724	-0.02190	-0.02800	-0.02427	0.02757	0.03199	-0.02123	-0.03442	-0.01615	0.01993	0.00577	-0.02964	-0.01090	0.02317	0.02988	-0.01384	-0.00195	-0.00130	0.02310	-0.01534	-0.01247	(And (Agent $e0 $x0) (Member $x1 case) (Theme $e0 $x1))
p205606	0.00199	-0.00276	-0.01235	0.00432	-0.00694	-0.01105	-0.00286	-0.00420	-0.00720	0.00090	-0.02231	0.00790	0.00247	0.01034	-0.00160	0.00174	-0.00446	0.00712	-0.00407	0.00205	0.01179	-0.00120	-0.00245	0.00134	-0.00996	-0.00126	0.00045	0.00089	-0.01038	0.00247	0.02388	0.02958	(And (Agent $e0 $x0) (Member $x1 chart) (Patient $e0 $x1))
p205608	-0.00380	-0.02313	-0.00359	-0.01111	0.02180	0.00647	-0.01609	0.03956	0.00350	0.03832	-0.00274	-0.01470	-0.01172	0.03494	-0.01889	0.01399	-0.00867	-0.01230	-0.01105	-0.02331	-0.00104	0.04200	0.00395	-0.02530	0.03394	-0.00782	-0.01824	-0.00395	-0.02958	0.02819	-0.00004	-0.00861	(And (Agent $e0 $x0) (Member $x1 departure) (Theme $e0 $x1))
p205609	-0.00652	-0.01451	-0.00007	-0.00070	-0.00431	0.01212	-0.00862	-0.00503	0.00181	-0.00475	0.01244	0.00551	0.00296	-0.00622	-0.01225	-0.01155	0.00968	-0.00287	-0.01651	0.00368	-0.00907	-0.00010	-0.00459	0.01373	0.00917	-0.00495	-0.00787	0.02875	0.00561	0.00895	0.01320	0.01980	(And (Agent $e0 $x0) (Member $x1 door) (Patient $e0 $x1))
p205610	-0.00138	-0.00590	-0.01630	-0.00846	0.02046	-0.01241	-0.00524	-0.00035	-0.00017	0.00075	-0.00241	-0.00327	0.00191	-0.00137	-0.00190	0.01944	-0.00582	0.00067	0.00262	-0.01090	0.00489	0.00115	-0.00185	0.00529	-0.00096	0.00088	-0.00175	0.00093	-0.00491	-0.00900	-0.00045	0.01350	(And (Agent $e0 $x0) (Member $x1 evening_flight) (Theme $e0 $x1))
p205611	-0.06579	-0.03326	-0.08860	-0.03816	-0.06341	-0.03088	-0.02159	0.00051	0.09527	-0.02787	-0.00953	-0.05520	0.01509	-0.06873	-0.03035	0.04852	0.08552	-0.03456	0.05005	0.09393	-0.01988	-0.02522	0.09794	0.03994	0.04399	0.13242	-0.01308	-0.00524	-0.03401	0.06355	-0.00103	0.00588	(And (Agent $e0 $x0) (Member $x1 gallery) (Recipient $e0 $x1))
p205612	0.00055	-0.00423	-0.01508	-0.01479	0.02722	-0.01226	-0.00370	0.00936	0.00583	-0.00399	-0.00007	-0.00378	-0.00016	-0.00812	0.00546	0.02360	-0.00853	-0.00349	0.00471	-0.01037	-0.00452	-0.00052	0.00140	0.00803	-0.00251	-0.00787	0.00200	-0.00026	-0.00353	-0.01344	-0.00097	0.01010	(And (Agent $e0 $x0) (Member $x1 loan_application) (Theme $e0 $x1))
p205613	-0.01665	0.01445	0.00914	0.05460	0.04104	-0.03078	-0.00285	0.00120	0.00291	-0.00804	-0.00574	-0.01120	-0.00774	0.05510	-0.00603	-0.02374	-0.01274	-0.01721	-0.00927	0.02296	-0.00325	-0.01004	0.03346	0.00252	-0.01478	-0.02517	0.00006	-0.00113	0.03426	-0.02052	0.00029	-0.00333	(And (Agent $e0 $x0) (Member $x1 medal) (Theme $e0 $x1))
p205614	-0.04768	-0.02380	-0.06686	-0.03072	-0.03757	-0.02395	-0.01353	-0.00138	0.06470	-0.01970	-0.00736	-0.03853	0.01381	-0.04751	-0.02125	0.03987	0.05979	-0.02615	0.03760	0.06307	-0.01541	-0.02026	0.07113	0.03140	0.03196	0.09291	-0.00619	-0.00378	-0.03666	0.04107	-0.00027	0.00639	(And (Agent $e0 $x0) (Member $x1 painting) (Theme $e0 $x1))
p205615	0.00289	-0.00144	-0.01223	-0.01295	0.05049	-0.01654	-0.00153	-0.00043	0.00383	0.01398	0.00288	-0.00277	-0.02170	-0.00239	0.00054	0.03001	-0.00446	-0.00235	0.00074	-0.02184	0.00890	0.00285	-0.00436	0.00582	-0.00662	0.00165	-0.00145	-0.00366	-0.00520	-0.01194	-0.00019	-0.00105	(And (Agent $e0 $x0) (Member $x1 query) (Theme $e0 $x1))
p205616	-0.02030	0.00526	0.03360	0.07944	0.04950	-0.03598	-0.00449	0.00143	0.00611	-0.01522	-0.00853	-0.01607	-0.01375	0.07834	-0.00953	-0.04676	-0.02574	-0.02331	-0.01977	0.04402	-0.00255	-0.01426	0.03829	-0.00475	-0.00981	-0.03384	-0.00000	-0.00107	0.06753	-0.01434	-0.00087	-0.01167	(And (Agent $e0 $x0) (Member $x1 recruit) (Recipient $e0 $x1))
p205617	0.00293	-0.00139	-0.01244	-0.01259	0.04953	-0.01629	-0.00152	-0.00085	0.00370	0.01431	0.00268	-0.00197	-0.02136	-0.00189	0.00017	0.02984	-0.00426	-0.00259	0.00051	-0.02157	0.00889	0.00259	-0.00434	0.00558	-0.00674	0.00145	-0.00145	-0.00349	-0.00541	-0.01158	-0.00007	-0.00068	(And (Agent $e0 $x0) (Member $x1 tower) (Theme $e0 $x1))
p205618	-0.01552	0.00474	0.01884	0.05093	0.04274	-0.02851	-0.00135	-0.00053	0.00201	-0.01023	-0.00707	-0.01030	-0.00829	0.05821	-0.00545	-0.02367	-0.01777	-0.01728	-0.01086	0.02624	-0.00368	-0.01334	0.02768	-0.00120	-0.00812	-0.02530	0.00341	-0.00117	0.03612	-0.01720	0.00021	-0.00706	(And (Agent $e0 $x0) (Member $x1 whistle) (Theme $e0 $x1))
p205619	-0.02155	0.01694	0.02088	0.08428	0.04718	-0.03873	-0.00637	0.00370	0.00726	-0.01399	-0.00715	-0.01710	-0.01293	0.07612	-0.00960	-0.04623	-0.01978	-0.02156	-0.01737	0.03952	-0.00210	-0.00968	0.04529	-0.00073	-0.01759	-0.03414	-0.00425	-0.00127	0.06524	-0.02039	-0.00080	-0.00680	(And (Agent $e0 $x0) (Member $x1 winner) (Recipient $e0 $x1))
p205620	-0.03676	-0.07544	0.01326	0.10947	-0.02692	-0.05254	-0.01602	0.07080	-0.02667	-0.07613	-0.04274	0.08551	-0.03654	-0.02221	-0.06568	0.05003	-0.00295	0.12401	-0.02202	-0.02854	-0.01277	-0.07276	0.04715	0.06357	0.16119	-0.04644	0.13493	-0.00193	-0.06486	-0.01659	0.00157	-0.01235	(And (Agent $e0 $x0) (Ordinal $x1 <num> buy) (Theme $e0 $x1))
p205621	-0.00347	-0.00396	-0.00063	-0.00732	0.01473	-0.00226	-0.00121	-0.00501	-0.00320	-0.00108	-0.00267	-0.00370	0.01114	-0.00280	-0.00002	0.01203	0.00647	-0.00236	-0.00157	-0.00783	-0.00414	0.00177	-0.00146	0.00023	0.00096	-0.00432	-0.00174	0.00199	-0.00037	-0.00571	0.00085	0.00018	(And (Agent $e0 $x0) (PartOf $x1 $x2) (Theme $e0 $x1))
p205622	-0.00414	0.02934	0.00571	-0.00164	-0.00711	0.01201	-0.02664	0.00595	0.00461	-0.00643	0.00921	-0.00303	-0.00581	-0.00798	-0.01742	-0.00056	-0.01315	-0.00335	0.00846	0.00533	0.00152	-0.00104	-0.00288	-0.00838	0.01172	-0.00956	0.00525	-0.00188	0.00361	-0.00307	-0.01475	0.02584	(And (Agent $e0 $x0) (Past $e1) (Stimulus $e1 $e0))
p205623	-0.01138	0.00433	0.01796	0.00052	0.00258	0.01073	-0.01186	0.00928	0.01490	0.00402	-0.00954	-0.01258	-0.00608	0.00442	-0.00225	0.00171	0.00098	0.00454	-0.00237	-0.00542	-0.00246	-0.00910	-0.00234	-0.01008	-0.01457	-0.00952	-0.00490	-0.00024	-0.00874	-0.00676	-0.00046	0.02140	(And (Agent $e0 $x0) (Past $e1) (To $e1 $e0))
p205624	0.04553	-0.02232	-0.00655	0.09044	-0.04710	0.07562	0.04008	-0.02137	-0.02257	-0.02469	0.08655	0.00351	0.05277	-0.03822	-0.03104	-0.02030	-0.01216	-0.03522	-0.04649	0.05761	-0.01988	-0.00638	-0.03937	-0.01707	0.03334	-0.00710	-0.00306	0.01059	-0.01005	0.04301	-0.02678	0.03235	(And (Agent $e0 $x0) (Patient $e0 $e1) (Theme $e1 $x1))
p205625	0.04537	-0.03311	-0.03519	0.13634	0.05681	0.07432	0.06304	-0.08825	-0.02840	0.01311	0.13221	0.01042	-0.04858	-0.05613	-0.05333	0.03188	0.07250	-0.04392	-0.06922	-0.02755	0.06721	0.00967	-0.05931	-0.02189	0.05343	0.07530	-0.03298	-0.00856	-0.00223	0.05547	-0.03059	-0.03076	(And (Agent $e0 $x0) (Possession $x1 next_year) (Theme $e0 $x1))
p205626	0.03923	-0.01788	0.00156	0.06095	-0.02921	0.05566	0.12073	0.03491	-0.01956	-0.04060	0.06822	0.00690	0.05054	-0.03370	-0.01377	-0.03668	-0.01257	-0.03835	-0.06201	0.06531	-0.03085	-0.00701	-0.03457	-0.01327	-0.00256	-0.01216	0.00556	-0.00312	-0.03521	0.04321	-0.01631	0.02095	(And (Agent $e0 $x0) (Theme $e0 $e1) (Theme $e1 $x1))
p205627	-0.01668	0.02843	0.04805	-0.00316	0.00602	-0.02260	0.00723	-0.01732	-0.02497	-0.00675	0.01321	0.01307	0.00615	0.00217	-0.00603	-0.00971	-0.03372	-0.00983	0.01317	-0.01857	-0.02140	0.02846	0.02865	-0.02141	-0.02245	0.02049	0.04679	0.00472	-0.00442	0.03901	0.00276	-0.01429	(And (Agent $e0 dara) (Location $e0 $x0) (Member $x0 ledger))
p205629	-0.00147	0.02504	0.00809	-0.00275	-0.00706	0.00062	-0.01843	0.01951	0.01353	0.00264	0.01501	-0.00783	-0.01074	0.01460	-0.01428	0.01014	0.00420	0.01331	0.00710	0.00946	-0.00494	-0.01916	-0.00874	-0.02516	-0.00456	-0.00161	0.00112	0.00382	-0.00972	-0.01106	0.00336	-0.00033	(And (Before $e0 $e1) (Past $e0) (Past $e1))
p205630	0.00093	0.00152	-0.00601	0.12532	-0.04819	0.10072	-0.05052	0.02068	0.06039	-0.01022	-0.05692	-0.04771	0.00351	-0.00018	0.06931	0.06810	-0.00397	-0.04198	0.12932	-0.01936	-0.00736	-0.01950	-0.01929	-0.03701	-0.03892	-0.04104	-0.01277	-0.01705	-0.01182	-0.05091	0.01797	-0.00177	(And (Before $x0 $e0) (Future $e0) (Member $x0 lunch))
p205631	-0.03380	0.07219	-0.09101	0.05160	-0.01814	-0.05467	-0.00894	0.04814	-0.02722	0.06053	0.06414	0.03069	0.01509	-0.03231	0.08528	-0.02361	0.06663	0.05377	-0.01884	-0.03717	-0.00128	0.08074	0.05880	0.05419	-0.05674	-0.01117	-0.05556	-0.00165	-0.00573	-0.04468	-0.01228	0.02963	(And (Beneficiary $e0 $x0) (Member $e0 buy) (Member $x0 hall))
p205632	-0.04828	0.00409	0.08860	-0.05231	-0.03318	0.02959	0.00028	-0.04416	-0.04045	0.00547	0.10007	0.04901	0.01017	0.09277	0.08594	0.08510	-0.07634	-0.00722	-0.00889	-0.02179	-0.04104	-0.02718	0.08281	-0.08996	-0.01970	0.10398	0.01056	-0.00460	-0.01709	-0.06214	-0.01830	0.00417	(And (CoAgent $e0 $x0) (Location $e0 $x1) (Member $x0 ranger))
p205633	-0.04828	0.00409	0.08860	-0.05231	-0.03318	0.02959	0.00028	-0.04416	-0.04045	0.00548	0.10007	0.04902	0.01017	0.09277	0.08595	0.08510	-0.07634	-0.00722	-0.00889	-0.02179	-0.04104	-0.02718	0.08281	-0.08996	-0.01970	0.10398	0.01056	-0.00460	-0.01708	-0.06214	-0.01829	0.00417	(And (CoAgent $e0 $x0) (Location $e0 $x1) (Member $x1 survey))
p205634	0.00777	-0.01323	-0.00405	0.00265	-0.00434	-0.01816	0.01019	-0.01651	-0.00630	-0.00500	-0.00658	0.00183	0.00623	0.00221	0.00757	0.00648	0.00357	0.00364	-0.00394	-0.00196	-0.01366	0.02007	-0.00496	-0.00540	-0.00560	-0.00557	0.01959	0.03880	0.01125	-0.00242	0.00073	-0.00014	(And (Experiencer $e0 $x0) (Location $e0 $x1) (Member $x1 gate))
p205635	-0.00077	0.14158	0.07390	0.08343	0.00870	-0.07072	-0.03476	-0.03255	-0.05360	-0.00008	-0.01458	0.01593	0.00867	-0.04071	-0.10198	-0.04478	-0.05259	-0.03110	0.13295	-0.04106	-0.02831	0.04872	0.00902	-0.02347	-0.08080	0.03031	0.08666	0.08802	-0.01761	0.20307	0.00708	-0.01366	(And (Experiencer $e0 $x0) (Member $e1 error) (Stimulus $e0 $e1))
p205637	-0.08714	0.06881	0.14338	-0.06242	0.17845	0.10419	0.09474	0.10322	0.05352	-0.06656	-0.08805	-0.04753	-0.04842	-0.09650	0.11840	-0.12775	-0.07314	-0.07282	-0.07649	-0.06330	0.13677	0.00399	0.07099	0.14836	0.04138	0.12243	-0.05869	0.01244	-0.03996	-0.02684	0.04295	-0.05089	(And (Experiencer $e0 $x0) (Member $e1 get) (Result $e1 $e0))
p205639	-0.01967	-0.02648	0.00257	-0.00957	-0.00031	0.04439	-0.01283	0.00743	0.00832	-0.00627	0.01777	-0.00032	0.00558	-0.03434	-0.01446	-0.01717	-0.00063	-0.01885	-0.02101	0.00012	-0.01148	0.00231	0.01112	0.03512	0.01596	-0.00779	-0.01215	0.06720	0.02191	-0.00254	0.00845	0.00929	(And (Experiencer $e0 $x0) (Member $e1 leave) (Result $e1 $e0))
p205641	-0.03430	-0.04505	0.00767	-0.02461	0.01500	0.06700	-0.01933	0.02511	0.01443	-0.00480	0.02101	-0.00730	0.00435	-0.05993	-0.00241	-0.02529	-0.01838	-0.03215	-0.02392	-0.01204	-0.00259	0.00482	0.03482	0.05689	0.02882	-0.00251	-0.01634	0.09676	0.04395	-0.01591	0.01596	-0.00033	(And (Experiencer $e0 $x0) (Member $e1 turn) (Result $e1 $e0))
p205642	-0.00077	0.14158	0.07390	0.08343	0.00870	-0.07072	-0.03476	-0.03255	-0.05360	-0.00008	-0.01458	0.01593	0.00867	-0.04071	-0.10198	-0.04478	-0.05259	-0.03110	0.13295	-0.04106	-0.02831	0.04872	0.00902	-0.02347	-0.08080	0.03031	0.08666	0.08802	-0.01760	0.20307	0.00708	-0.01366	(And (Experiencer $e0 $x0) (Member $x0 auditor) (Stimulus $e0 $e1))
p205644	-0.08714	0.06881	0.14338	-0.06242	0.17845	0.10419	0.09474	0.10322	0.05352	-0.06656	-0.08805	-0.04753	-0.04842	-0.09650	0.11840	-0.12775	-0.07314	-0.07282	-0.07649	-0.06330	0.13677	0.00399	0.07099	0.14836	0.04137	0.12242	-0.05869	0.01244	-0.03996	-0.02684	0.04295	-0.05089	(And (Experiencer $e0 $x0) (Ongoing $e1) (Result $e1 $e0))
p205645	0.00093	0.00152	-0.00601	0.12532	-0.04819	0.10072	-0.05052	0.02068	0.06039	-0.01021	-0.05692	-0.04771	0.00351	-0.00018	0.06931	0.06810	-0.00397	-0.04198	0.12932	-0.01936	-0.00736	-0.01950	-0.01929	-0.03701	-0.03892	-0.04104	-0.01277	-0.01705	-0.01182	-0.05091	0.01797	-0.00177	(And (Future $e0) (Member $x0 dress_rehearsal) (Patient $e0 $x0))
p205646	0.00007	-0.01398	-0.00690	-0.07703	0.03455	0.10920	-0.01276	-0.05224	-0.09263	-0.08313	-0.00262	0.16199	-0.01828	0.01966	-0.05764	-0.03082	0.03296	0.11546	0.13610	0.06225	0.00639	0.16787	-0.02909	-0.02422	0.00505	0.03004	-0.09278	-0.00008	-0.02819	-0.07301	0.00996	-0.02971	(And (GroupOf $x0 child) (Member $e0 teach) (Recipient $e0 $x0))
p205647	0.00007	-0.01398	-0.00690	-0.07703	0.03455	0.10920	-0.01275	-0.05224	-0.09263	-0.08313	-0.00262	0.16200	-0.01828	0.01966	-0.05764	-0.03082	0.03296	0.11546	0.13610	0.06225	0.00639	0.16787	-0.02909	-0.02422	0.00505	0.03004	-0.09277	-0.00008	-0.02819	-0.07301	0.00996	-0.02971	(And (GroupOf $x0 child) (Recipient $e0 $x0) (Theme $e0 $x1))
p205648	0.00072	-0.00870	0.02206	-0.02243	-0.02588	-0.01773	-0.01280	0.08311	-0.06266	-0.06230	0.00381	0.11602	-0.02477	-0.05267	0.08661	0.04296	0.02384	-0.06410	-0.02003	0.03824	0.07582	0.01763	-0.03486	-0.06760	-0.02961	-0.02710	-0.03970	-0.00452	0.11712	0.10876	0.00637	-0.00660	(And (GroupOf $x0 forklift) (Member $e0 buy) (Theme $e0 $x0))
p205649	-0.00371	0.01118	-0.01149	-0.01314	-0.00271	-0.01010	-0.01389	0.02514	0.00919	0.00459	0.05144	-0.00553	-0.00649	0.00188	-0.01940	0.01966	-0.00448	0.02106	0.00412	0.01165	-0.01648	-0.01732	-0.00247	-0.02611	-0.01719	-0.00010	0.01705	-0.01167	0.00124	-0.01009	0.03208	-0.01570	(And (GroupOf $x0 person) (Past $e0) (Patient $e0 $x0))
p205650	0.00013	-0.00350	-0.01415	-0.01289	0.02320	-0.01069	-0.00406	0.00864	0.00322	-0.00322	-0.00066	-0.00371	0.00324	-0.00416	0.00358	0.02108	-0.00719	-0.00223	0.00387	-0.00908	-0.00497	-0.00004	0.00049	0.00384	-0.00141	-0.00670	0.00121	0.00067	-0.00472	-0.01121	-0.00048	0.01049	(And (GroupOf $x0 sample) (Member $e0 examine) (Theme $e0 $x0))
p205651	0.01699	0.00067	0.02811	0.02032	0.00348	-0.01600	-0.00149	0.00479	0.02791	0.01984	-0.00505	-0.02317	-0.00873	0.00411	-0.00493	-0.00340	-0.01699	0.03596	-0.00916	-0.00380	-0.00944	0.00330	-0.01908	-0.01730	-0.00302	0.02922	-0.00899	0.00030	-0.00764	-0.00755	-0.00303	-0.00447	(And (Holder $e0 $x0) (Inheritance monthly_servicing monthly) (Theme $e0 monthly_servicing))
p205652	0.01702	0.00071	0.02819	0.02035	0.00353	-0.01596	-0.00145	0.00481	0.02794	0.01988	-0.00503	-0.02314	-0.00869	0.00416	-0.00490	-0.00336	-0.01696	0.03601	-0.00911	-0.00377	-0.00939	0.00335	-0.01903	-0.01727	-0.00298	0.02926	-0.00896	0.00033	-0.00761	-0.00750	-0.00299	-0.00444	(And (Holder $e0 $x0) (Inheritance monthly_servicing servicing) (Theme $e0 monthly_servicing))
p205653	0.04674	-0.00237	0.04533	0.02658	0.00216	-0.02250	0.00180	0.01531	0.03866	0.00151	-0.00186	-0.02319	0.02207	-0.00401	-0.00488	-0.01943	-0.03612	0.05408	-0.01083	-0.00392	-0.02542	0.01805	-0.02973	-0.03090	0.00330	0.04774	-0.01637	0.00391	0.00192	-0.00977	-0.00100	-0.00269	(And (Holder $e0 $x0) (Member $e0 require) (Member $x0 permit))
p205654	0.10620	-0.01058	0.10202	0.05842	0.00506	-0.05007	-0.01047	0.06639	0.08909	-0.00590	-0.00678	-0.09675	0.01847	-0.02119	-0.01022	-0.02942	-0.07799	0.14968	-0.01808	-0.00620	-0.03946	0.05757	-0.07001	-0.06590	0.00698	0.13974	-0.04667	0.00235	0.02306	-0.03494	-0.00425	-0.00410	(And (Holder $e0 $x0) (Member $e0 require) (Member $x0 recipe))
p205655	0.01702	0.00072	0.02819	0.02035	0.00353	-0.01596	-0.00145	0.00482	0.02795	0.01988	-0.00502	-0.02314	-0.00869	0.00416	-0.00489	-0.00336	-0.01695	0.03602	-0.00911	-0.00377	-0.00938	0.00335	-0.01902	-0.01727	-0.00298	0.02927	-0.00895	0.00034	-0.00761	-0.00749	-0.00298	-0.00443	(And (Holder $e0 $x0) (Member $x0 lathe) (Theme $e0 monthly_servicing))
p205656	0.03225	-0.00160	0.03057	0.01945	0.00254	-0.01682	0.00563	0.00451	0.03233	0.00555	-0.00199	-0.00800	0.02036	0.00235	-0.00524	-0.01642	-0.02519	0.03569	-0.00909	-0.00396	-0.02147	0.00850	-0.02046	-0.02194	0.00384	0.03202	-0.00991	0.00281	-0.01014	-0.00718	-0.00032	-0.00293	(And (Holder $e0 $x0) (Member $x1 countersignature) (Theme $e0 $x1))
p205657	-0.00115	-0.00566	-0.01604	-0.00824	0.02069	-0.01218	-0.00500	-0.00014	0.00007	0.00098	-0.00218	-0.00304	0.00214	-0.00111	-0.00168	0.01967	-0.00559	0.00093	0.00286	-0.01068	0.00513	0.00139	-0.00161	0.00551	-0.00073	0.00111	-0.00153	0.00116	-0.00468	-0.00877	-0.00022	0.01372	(And (Inheritance evening_flight flight) (Member $x0 evening_flight) (Theme $e0 $x0))
p205658	0.00742	-0.00977	-0.01034	-0.00211	-0.00143	-0.01301	-0.00428	-0.00408	-0.00156	-0.01017	-0.01579	0.00304	0.00468	0.00777	0.01971	-0.00347	-0.00543	-0.00103	0.01071	0.00016	0.00607	-0.00063	-0.00245	0.01771	0.00554	-0.00457	-0.00212	-0.00267	-0.00758	0.00682	0.00941	0.01922	(And (Inheritance feed_pipe pipe) (Member $x0 cracked) (Member $x0 feed_pipe))
p205659	0.00054	-0.00422	-0.01506	-0.01479	0.02724	-0.01223	-0.00369	0.00937	0.00586	-0.00397	-0.00007	-0.00378	-0.00015	-0.00810	0.00546	0.02361	-0.00851	-0.00347	0.00471	-0.01036	-0.00451	-0.00050	0.00142	0.00804	-0.00249	-0.00787	0.00201	-0.00026	-0.00351	-0.01343	-0.00096	0.01010	(And (Inheritance loan_application application) (Member $x0 loan_application) (Theme $e0 $x0))
p205660	0.01842	-0.00151	0.02606	0.02122	0.00166	-0.01650	-0.00266	0.00213	0.02044	0.02030	-0.00517	-0.02270	-0.00669	0.00781	-0.00577	-0.00132	-0.01503	0.03891	-0.00797	-0.00402	-0.00921	0.00426	-0.01973	-0.02023	-0.00253	0.02941	-0.00933	0.01176	-0.00758	-0.00735	-0.00296	-0.00344	(And (Inheritance monthly_servicing monthly) (Member $e0 require) (Theme $e0 monthly_servicing))
p205661	0.01842	-0.00151	0.02607	0.02122	0.00166	-0.01650	-0.00266	0.00213	0.02044	0.02030	-0.00517	-0.02270	-0.00669	0.00781	-0.00577	-0.00132	-0.01503	0.03891	-0.00796	-0.00402	-0.00921	0.00426	-0.01973	-0.02023	-0.00253	0.02941	-0.00933	0.01176	-0.00758	-0.00734	-0.00296	-0.00343	(And (Inheritance monthly_servicing servicing) (Member $e0 require) (Theme $e0 monthly_servicing))
p205662	-0.00660	-0.00485	-0.01520	-0.01005	-0.00071	-0.01451	-0.00065	-0.02029	-0.00769	0.04251	0.02297	0.00001	-0.00316	0.00326	-0.01122	0.01897	0.00750	0.01188	0.00301	-0.00446	-0.00283	-0.00965	-0.00030	-0.02255	0.03358	0.00681	0.00707	0.00637	0.03199	-0.01025	0.02426	-0.01905	(And (LocatedIn $x0 $x1) (Past $e0) (Patient $e0 $x0))
p205664	-0.00454	-0.00758	-0.00066	0.00171	0.00406	-0.00154	0.00763	-0.00791	0.00557	-0.00730	-0.00563	-0.00514	-0.00189	-0.01307	-0.00305	-0.00388	-0.00184	-0.01060	-0.00374	-0.00396	0.00608	0.02945	0.00287	0.01337	-0.00276	-0.00500	0.02163	-0.00644	0.00891	0.00106	0.00744	-0.00407	(And (Location $e0 $x0) (Member $e0 live) (Member $x0 house))
p205665	0.00779	-0.01321	-0.00405	0.00267	-0.00433	-0.01816	0.01020	-0.01650	-0.00629	-0.00499	-0.00657	0.00184	0.00625	0.00222	0.00758	0.00649	0.00358	0.00365	-0.00393	-0.00195	-0.01365	0.02008	-0.00496	-0.00539	-0.00560	-0.00556	0.01961	0.03881	0.01126	-0.00241	0.00074	-0.00013	(And (Location $e0 $x0) (Member $e0 wait) (Member $x0 gate))
p205667	-0.02426	0.04077	0.06874	-0.00535	0.00873	-0.03288	0.01067	-0.02424	-0.03519	-0.01048	0.01962	0.01876	0.00997	0.00251	-0.00663	-0.01371	-0.04885	-0.01405	0.01878	-0.02619	-0.03171	0.03924	0.04261	-0.03061	-0.03198	0.02890	0.07056	0.00703	-0.00598	0.05535	0.00407	-0.01984	(And (Location $e0 $x0) (Member $e0 work) (Member $x0 ledger))
p205668	-0.07351	0.00442	0.12995	-0.07546	-0.05014	0.03731	-0.00190	-0.06556	-0.06209	0.00219	0.14776	0.07305	0.02213	0.12818	0.12831	0.12082	-0.12433	-0.01129	-0.01227	-0.03286	-0.06050	-0.03679	0.12456	-0.13094	-0.03346	0.15848	0.04485	-0.00349	-0.01851	-0.08914	-0.02726	0.02626	(And (Location $e0 $x0) (Member $e0 work) (Member $x0 survey))
p205669	0.00058	0.13074	0.06699	0.07601	0.00776	-0.06568	-0.03262	-0.03021	-0.05035	-0.00013	-0.01409	0.01563	0.00793	-0.03610	-0.09442	-0.04015	-0.04815	-0.02903	0.12452	-0.03774	-0.02700	0.04687	0.00680	-0.02030	-0.07620	0.02846	0.08007	0.08255	-0.01486	0.18029	0.00655	-0.01240	(And (Location $e0 $x0) (Member $e1 discover) (Stimulus $e1 $e0))
p205670	-0.01148	-0.01267	-0.00840	-0.00430	-0.00471	0.01102	-0.00988	-0.00495	0.00546	-0.00532	-0.00007	-0.00391	0.00385	-0.02373	0.00066	-0.00460	-0.01627	-0.01447	-0.00187	-0.00464	-0.00134	0.02580	0.01005	0.02406	-0.00716	-0.01125	0.03355	0.00152	0.02160	-0.00891	-0.00587	0.03245	(And (Location $e0 $x0) (Member $x0 hall) (Theme $e0 photography))
p205671	-0.04868	0.07920	-0.00317	-0.04012	-0.04543	0.08527	0.08800	-0.09800	0.03649	-0.04019	-0.01902	-0.02900	0.00407	0.08823	-0.06021	0.06902	-0.01037	0.10274	-0.01355	-0.05078	-0.00147	-0.02477	0.02548	0.09943	-0.06179	-0.05389	-0.03440	-0.02053	0.05550	0.07925	0.00074	-0.02946	(And (Member $e0 abandon) (Member $x0 north_route) (Theme $e0 $x0))
p205672	-0.02905	-0.05837	0.02445	-0.01742	-0.05060	0.06612	-0.05196	0.15835	0.01229	0.10290	-0.03070	-0.04996	0.00243	0.15597	-0.06754	-0.01834	-0.03769	-0.04009	-0.02685	-0.03635	-0.02677	0.12799	0.04721	-0.08645	0.10450	-0.04505	-0.05682	-0.01368	-0.09189	0.12669	0.00191	-0.03304	(And (Member $e0 abandon) (Member $x0 tender) (Theme $e0 $x0))
p205673	-0.02905	-0.05837	0.02445	-0.01742	-0.05060	0.06612	-0.05196	0.15835	0.01229	0.10290	-0.03070	-0.04996	0.00243	0.15597	-0.06754	-0.01834	-0.03769	-0.04009	-0.02685	-0.03635	-0.02677	0.12799	0.04721	-0.08645	0.10450	-0.04505	-0.05682	-0.01368	-0.09189	0.12669	0.00191	-0.03304	(And (Member $e0 abandon) (Possession $x0 $x1) (Theme $e0 $x0))
p205674	0.00290	-0.00145	-0.01228	-0.01296	0.05046	-0.01658	-0.00155	-0.00046	0.00379	0.01396	0.00287	-0.00277	-0.02172	-0.00243	0.00052	0.02999	-0.00450	-0.00239	0.00071	-0.02185	0.00887	0.00281	-0.00441	0.00580	-0.00667	0.00163	-0.00146	-0.00368	-0.00523	-0.01196	-0.00022	-0.00106	(And (Member $e0 answer) (Member $x0 query) (Theme $e0 $x0))
p205675	0.00296	-0.00131	-0.01230	-0.01252	0.04963	-0.01616	-0.00145	-0.00076	0.00382	0.01441	0.00275	-0.00190	-0.02127	-0.00177	0.00025	0.02994	-0.00416	-0.00246	0.00061	-0.02152	0.00899	0.00270	-0.00419	0.00566	-0.00661	0.00153	-0.00138	-0.00341	-0.00531	-0.01150	0.00003	-0.00061	(And (Member $e0 answer) (Member $x0 tower) (Theme $e0 $x0))
p205676	-0.03676	-0.07544	0.01325	0.10948	-0.02692	-0.05254	-0.01602	0.07080	-0.02667	-0.07613	-0.04274	0.08551	-0.03654	-0.02221	-0.06568	0.05003	-0.00295	0.12401	-0.02202	-0.02854	-0.01277	-0.07276	0.04715	0.06357	0.16119	-0.04644	0.13493	-0.00193	-0.06486	-0.01659	0.00157	-0.01235	(And (Member $e0 buy) (Member $x0 kiln) (Theme $e0 $x0))
p205678	-0.01620	-0.01585	-0.03691	0.03536	0.00483	-0.03323	-0.01669	-0.04995	-0.02918	0.03721	-0.04743	0.00594	-0.02761	0.05027	-0.03714	-0.00386	-0.00100	0.04830	-0.00785	-0.03040	0.16237	0.00630	-0.01982	0.01168	-0.00621	0.08726	-0.02595	-0.00452	-0.02182	0.02135	0.02796	0.06950	(And (Member $e0 cancel) (Member $x0 afternoon_session) (Patient $e0 $x0))
p205679	-0.01624	-0.01576	-0.03661	0.03576	0.00428	-0.03275	-0.01646	-0.04992	-0.02939	0.03716	-0.04738	0.00610	-0.02735	0.05064	-0.03742	-0.00446	-0.00041	0.04810	-0.00813	-0.03019	0.16196	0.00635	-0.01982	0.01115	-0.00598	0.08718	-0.02597	-0.00455	-0.02189	0.02212	0.02798	0.06895	(And (Member $e0 cancel) (Member $x0 summer_fair) (Patient $e0 $x0))
p205680	0.00550	-0.00225	-0.00384	-0.00683	-0.00433	-0.02229	0.11378	0.05754	-0.01104	-0.02387	-0.02646	0.02070	0.01208	-0.00134	0.01156	-0.01354	-0.00646	-0.00632	-0.03697	0.03722	-0.01495	-0.00389	0.00701	-0.00449	-0.04203	-0.01363	0.02033	-0.01119	-0.04385	0.00474	0.03811	0.01738	(And (Member $e0 cause) (Member $e1 destroy) (Theme $e0 $e1))
p205681	0.00550	-0.00225	-0.00384	-0.00682	-0.00433	-0.02229	0.11378	0.05754	-0.01104	-0.02387	-0.02646	0.02070	0.01208	-0.00134	0.01156	-0.01354	-0.00646	-0.00631	-0.03697	0.03722	-0.01495	-0.00389	0.00701	-0.00449	-0.04203	-0.01363	0.02033	-0.01119	-0.04385	0.00474	0.03811	0.01738	(And (Member $e0 cause) (Patient $e1 $x0) (Theme $e0 $e1))
p205682	0.04537	-0.03311	-0.03519	0.13634	0.05681	0.07433	0.06304	-0.08825	-0.02840	0.01311	0.13221	0.01042	-0.04858	-0.05613	-0.05333	0.03188	0.07250	-0.04392	-0.06921	-0.02755	0.06721	0.00967	-0.05931	-0.02188	0.05343	0.07530	-0.03298	-0.00856	-0.00223	0.05547	-0.03059	-0.03076	(And (Member $e0 decide) (Member $x0 budget) (Theme $e0 $x0))
p205683	0.02193	-0.01581	-0.02180	0.05071	0.04225	0.02776	0.02937	-0.04393	-0.01385	0.01066	0.07108	0.00724	-0.02190	-0.02800	-0.02426	0.02757	0.03199	-0.02123	-0.03442	-0.01615	0.01993	0.00577	-0.02964	-0.01090	0.02317	0.02989	-0.01384	-0.00195	-0.00130	0.02310	-0.01534	-0.01247	(And (Member $e0 decide) (Member $x0 case) (Theme $e0 $x0))
p205684	0.04537	-0.03311	-0.03519	0.13634	0.05681	0.07432	0.06304	-0.08825	-0.02840	0.01311	0.13221	0.01042	-0.04858	-0.05613	-0.05333	0.03188	0.07250	-0.04392	-0.06921	-0.02755	0.06721	0.00967	-0.05931	-0.02189	0.05343	0.07530	-0.03298	-0.00856	-0.00223	0.05547	-0.03059	-0.03076	(And (Member $e0 decide) (Possession $x0 next_year) (Theme $e0 $x0))
p205685	0.00543	-0.00064	-0.00920	0.00093	-0.00894	-0.01838	0.04936	0.02012	-0.01161	-0.01092	-0.02401	0.01714	0.00820	0.01093	0.00141	-0.00671	-0.00318	0.00337	-0.02148	0.02211	0.00036	-0.00312	-0.00169	-0.00211	-0.02542	-0.00570	0.00903	-0.00374	-0.02761	0.00693	0.03139	0.02608	(And (Member $e0 destroy) (Member $x0 archive) (Patient $e0 $x0))
p205686	0.00488	-0.00131	-0.00869	0.00048	-0.00783	-0.01702	0.04780	0.02017	-0.01079	-0.01066	-0.02410	0.01584	0.00770	0.00903	0.00278	-0.00633	-0.00413	0.00224	-0.02039	0.01995	0.00051	-0.00276	-0.00032	-0.00171	-0.02472	-0.00631	0.00869	-0.00402	-0.02655	0.00595	0.03063	0.02530	(And (Member $e0 destroy) (Member $x0 footbridge) (Patient $e0 $x0))
p205687	0.00492	-0.00138	-0.00876	0.00085	-0.00862	-0.01768	0.04877	0.01999	-0.01120	-0.01049	-0.02434	0.01625	0.00803	0.01036	0.00246	-0.00665	-0.00374	0.00288	-0.02111	0.02135	0.00046	-0.00301	-0.00091	-0.00221	-0.02502	-0.00630	0.00900	-0.00376	-0.02731	0.00671	0.03098	0.02557	(And (Member $e0 destroy) (Member $x0 greenhouse) (Patient $e0 $x0))
p205688	0.04159	0.09859	-0.01466	-0.00938	0.08991	-0.06209	-0.02241	0.02306	-0.00956	0.03596	-0.00857	0.00439	-0.05073	-0.03599	-0.03538	0.02574	-0.01323	-0.03196	0.07501	-0.03263	0.00773	-0.05022	-0.01866	0.03801	-0.07273	0.03035	0.07409	-0.00825	-0.02097	0.07143	0.00295	-0.01445	(And (Member $e0 discover) (Member $x0 file) (Theme $e0 $x0))
p205689	0.04159	0.09859	-0.01466	-0.00938	0.08991	-0.06209	-0.02241	0.02306	-0.00956	0.03596	-0.00857	0.00439	-0.05073	-0.03599	-0.03538	0.02574	-0.01323	-0.03196	0.07501	-0.03263	0.00773	-0.05022	-0.01866	0.03801	-0.07273	0.03035	0.07409	-0.00825	-0.02097	0.07143	0.00295	-0.01445	(And (Member $e0 discover) (Member $x0 missing) (Theme $e0 $x0))
p205690	0.10126	0.01584	-0.09384	-0.03589	-0.02666	0.08046	-0.03793	0.10097	-0.05045	0.04133	-0.01604	0.03812	0.02548	0.09683	-0.05291	-0.05303	0.11115	-0.06892	0.01790	0.00731	-0.02466	-0.08519	-0.08621	0.06890	-0.05241	0.09787	0.09393	-0.01455	0.07521	-0.07845	-0.00128	-0.01158	(And (Member $e0 discover) (Member $x0 wreck) (Theme $e0 $x0))
p205691	-0.01868	0.00462	0.01939	0.05665	0.05391	-0.03161	0.00047	-0.00825	0.00147	-0.01239	-0.00679	-0.00742	-0.01430	0.05421	-0.00991	-0.03994	-0.01672	-0.02378	-0.01330	0.04142	0.00155	-0.01169	0.03737	0.00980	-0.00812	-0.02603	0.00300	-0.00218	0.04461	-0.01420	-0.00018	-0.00953	(And (Member $e0 give) (Member $x0 answer) (Theme $e0 $x0))
p205692	-0.01892	0.00475	0.02078	0.05856	0.05109	-0.03094	0.00035	-0.00750	0.00092	-0.01352	-0.00702	-0.00801	-0.01211	0.05655	-0.01009	-0.04110	-0.01747	-0.02413	-0.01363	0.04392	-0.00010	-0.01265	0.03809	0.00841	-0.00793	-0.02699	0.00336	-0.00195	0.04514	-0.01404	-0.00015	-0.00943	(And (Member $e0 give) (Member $x0 manifest) (Theme $e0 $x0))
p205693	-0.02030	0.00526	0.03360	0.07944	0.04950	-0.03598	-0.00449	0.00143	0.00611	-0.01522	-0.00853	-0.01607	-0.01375	0.07834	-0.00953	-0.04676	-0.02574	-0.02331	-0.01977	0.04402	-0.00255	-0.01426	0.03829	-0.00475	-0.00981	-0.03384	-0.00000	-0.00107	0.06753	-0.01434	-0.00087	-0.01167	(And (Member $e0 give) (Member $x0 recruit) (Recipient $e0 $x0))
p205694	-0.02154	0.01694	0.02088	0.08428	0.04718	-0.03873	-0.00637	0.00370	0.00726	-0.01399	-0.00715	-0.01710	-0.01293	0.07612	-0.00960	-0.04623	-0.01978	-0.02156	-0.01737	0.03952	-0.00210	-0.00968	0.04529	-0.00073	-0.01759	-0.03414	-0.00425	-0.00127	0.06524	-0.02039	-0.00080	-0.00680	(And (Member $e0 give) (Member $x0 winner) (Recipient $e0 $x0))
p205695	-0.06579	-0.03326	-0.08860	-0.03816	-0.06341	-0.03088	-0.02159	0.00051	0.09527	-0.02787	-0.00953	-0.05520	0.01509	-0.06873	-0.03035	0.04852	0.08552	-0.03456	0.05005	0.09393	-0.01988	-0.02522	0.09794	0.03994	0.04399	0.13242	-0.01308	-0.00524	-0.03401	0.06356	-0.00102	0.00588	(And (Member $e0 lend) (Member $x0 gallery) (Recipient $e0 $x0))
p205696	-0.04760	-0.02329	-0.07009	-0.03351	-0.04347	-0.02294	-0.01465	0.00402	0.06853	-0.02483	-0.00691	-0.03757	0.01246	-0.05640	-0.01968	0.04000	0.06328	-0.03540	0.04007	0.09367	-0.01829	-0.02114	0.06912	0.02957	0.02656	0.08719	-0.00723	-0.00519	-0.03151	0.05088	0.00001	0.00606	(And (Member $e0 lend) (Member $x0 generator) (Theme $e0 $x0))
p205697	-0.03222	-0.02148	-0.04336	-0.01808	-0.01687	-0.01578	-0.00861	0.00913	0.04704	-0.01489	-0.00507	-0.03085	0.01657	-0.03098	-0.00858	0.01800	0.03156	-0.01595	0.01426	0.02054	-0.01109	-0.01344	0.04084	0.02335	0.02818	0.04501	0.00033	-0.00236	-0.02068	0.02809	-0.00254	0.00796	(And (Member $e0 lend) (Member $x0 ladder) (Theme $e0 $x0))
p205698	0.04553	-0.02232	-0.00655	0.09044	-0.04710	0.07561	0.04008	-0.02137	-0.02257	-0.02469	0.08655	0.00350	0.05277	-0.03822	-0.03104	-0.02030	-0.01216	-0.03522	-0.04650	0.05761	-0.01988	-0.00638	-0.03937	-0.01707	0.03334	-0.00710	-0.00307	0.01059	-0.01006	0.04301	-0.02679	0.03235	(And (Member $e0 make) (Patient $e0 $e1) (Theme $e1 $x0))
p205699	-0.00083	-0.00374	-0.01519	-0.01600	0.03098	-0.01606	-0.00156	0.00843	0.00582	-0.00378	-0.00240	-0.00527	-0.00188	-0.00732	0.00754	0.02474	-0.00856	-0.00163	0.00546	-0.01239	-0.00311	-0.00157	0.00071	0.00880	-0.00569	-0.00692	0.00258	-0.00065	-0.00544	-0.01590	-0.00024	0.00947	(And (Member $e0 order) (Member $x0 scan) (Theme $e0 $x0))
p205700	-0.00042	-0.00325	-0.01460	-0.01556	0.03147	-0.01554	-0.00108	0.00889	0.00633	-0.00331	-0.00193	-0.00482	-0.00142	-0.00677	0.00797	0.02524	-0.00806	-0.00107	0.00595	-0.01194	-0.00263	-0.00108	0.00126	0.00926	-0.00518	-0.00647	0.00303	-0.00020	-0.00496	-0.01542	0.00024	0.00991	(And (Member $e0 order) (Ordinal $x0 <num> scan) (Theme $e0 $x0))
p205701	0.00358	-0.00718	-0.01174	-0.01159	0.04027	-0.00879	-0.00412	0.00824	0.00274	0.01629	0.00397	-0.00517	-0.01619	0.00097	-0.00397	0.02609	-0.00373	-0.00434	-0.00254	-0.01952	0.00498	0.01139	-0.00403	-0.00268	0.00274	0.00089	-0.00535	-0.00304	-0.01039	-0.00271	-0.00057	-0.00120	(And (Member $e0 postpone) (Member $x0 tournament) (Theme $e0 $x0))
p205702	0.03923	-0.01788	0.00156	0.06095	-0.02921	0.05566	0.12073	0.03491	-0.01956	-0.04060	0.06822	0.00690	0.05054	-0.03369	-0.01376	-0.03668	-0.01257	-0.03834	-0.06200	0.06531	-0.03085	-0.00701	-0.03456	-0.01327	-0.00256	-0.01215	0.00556	-0.00312	-0.03521	0.04321	-0.01631	0.02094	(And (Member $e0 reach) (Theme $e0 $e1) (Theme $e1 $x0))
p205703	0.00199	-0.00276	-0.01236	0.00432	-0.00695	-0.01106	-0.00287	-0.00421	-0.00720	0.00089	-0.02232	0.00790	0.00247	0.01034	-0.00160	0.00174	-0.00447	0.00712	-0.00407	0.00205	0.01178	-0.00120	-0.00246	0.00134	-0.00996	-0.00126	0.00044	0.00089	-0.01038	0.00246	0.02388	0.02958	(And (Member $e0 sign) (Member $x0 chart) (Patient $e0 $x0))
p205704	-0.03341	0.01695	0.01387	-0.01271	0.01610	-0.03643	0.10693	0.11919	0.00872	-0.01987	0.04736	-0.00569	-0.03279	0.05336	-0.00891	-0.00517	-0.02117	0.01948	0.07377	0.00265	0.03335	-0.01849	-0.01010	-0.02117	-0.06696	0.01873	0.00088	-0.02253	-0.05919	-0.01964	-0.02117	-0.01109	(And (Member $e0 stop) (Past $e1) (Theme $e0 $e1))
p205705	-0.00886	-0.03991	0.00163	-0.04725	0.07315	0.07524	-0.01100	-0.00424	0.02034	0.15245	-0.02129	-0.07138	0.00168	-0.07035	0.15558	-0.05752	-0.01610	0.12228	-0.09094	0.08464	-0.01199	-0.14288	-0.02235	-0.08054	-0.00223	-0.05883	0.17880	-0.00704	-0.04234	0.11043	0.00177	0.00287	(And (Member $e0 teach) (Member $x0 apprentice) (Recipient $e0 $x0))
p205706	-0.00579	-0.00871	-0.00655	-0.05230	0.03198	0.05017	-0.00322	-0.01443	-0.03522	-0.03788	-0.00180	0.05098	0.00234	-0.01305	-0.01389	-0.02388	0.00634	0.04997	0.04648	0.07652	-0.00839	0.05313	-0.00304	-0.00656	-0.00226	0.00512	-0.02506	-0.00221	-0.01963	-0.03027	0.00458	-0.00735	(And (Member $e0 teach) (Member $x0 drill) (Theme $e0 $x0))
p205707	0.00007	-0.01398	-0.00690	-0.07703	0.03455	0.10920	-0.01276	-0.05224	-0.09263	-0.08313	-0.00262	0.16199	-0.01828	0.01966	-0.05764	-0.03082	0.03296	0.11546	0.13610	0.06225	0.00639	0.16787	-0.02909	-0.02422	0.00505	0.03004	-0.09278	-0.00008	-0.02819	-0.07301	0.00996	-0.02971	(And (Member $e0 teach) (Member $x0 song) (Theme $e0 $x0))
p205708	-0.01868	0.00462	0.01939	0.05665	0.05391	-0.03161	0.00047	-0.00825	0.00147	-0.01239	-0.00679	-0.00742	-0.01430	0.05421	-0.00991	-0.03994	-0.01672	-0.02378	-0.01330	0.04142	0.00155	-0.01169	0.03737	0.00980	-0.00812	-0.02603	0.00300	-0.00218	0.04461	-0.01420	-0.00018	-0.00953	(And (Member $x0 answer) (Recipient $e0 $x1) (Theme $e0 $x0))
p205709	-0.00886	-0.03991	0.00163	-0.04725	0.07315	0.07524	-0.01100	-0.00424	0.02034	0.15245	-0.02129	-0.07138	0.00168	-0.07035	0.15558	-0.05752	-0.01610	0.12227	-0.09094	0.08464	-0.01199	-0.14288	-0.02235	-0.08055	-0.00223	-0.05883	0.17879	-0.00704	-0.04234	0.11043	0.00177	0.00287	(And (Member $x0 apprentice) (Recipient $e0 $x0) (Theme $e0 glazing))
p205710	-0.00579	-0.00871	-0.00655	-0.05230	0.03198	0.05017	-0.00322	-0.01443	-0.03522	-0.03788	-0.00180	0.05098	0.00234	-0.01305	-0.01389	-0.02388	0.00634	0.04997	0.04648	0.07652	-0.00839	0.05313	-0.00304	-0.00656	-0.00226	0.00512	-0.02506	-0.00221	-0.01963	-0.03027	0.00458	-0.00735	(And (Member $x0 drill) (Recipient $e0 $x1) (Theme $e0 $x0))
p205711	-0.00380	-0.02313	-0.00359	-0.01111	0.02180	0.00647	-0.01609	0.03956	0.00350	0.03832	-0.00274	-0.01470	-0.01172	0.03494	-0.01889	0.01399	-0.00867	-0.01230	-0.01105	-0.02331	-0.00104	0.04200	0.00395	-0.02530	0.03394	-0.00782	-0.01824	-0.00395	-0.02958	0.02819	-0.00004	-0.00861	(And (Member $x0 ferry) (Possession $x1 $x0) (Theme $e0 $x1))
p205712	0.00130	0.02131	0.00880	-0.00335	-0.00451	-0.00463	-0.00621	0.00899	0.00751	-0.00871	0.01940	0.00037	-0.00527	0.00912	-0.01477	-0.00578	0.01533	0.00622	-0.01028	0.01579	-0.01254	-0.01197	-0.01434	-0.00691	0.00159	0.00148	-0.00282	-0.00823	-0.01064	0.00548	0.01801	0.00445	(And (Member $x0 fire) (Past $e0) (Patient $e0 $x0))
p205713	-0.06579	-0.03326	-0.08860	-0.03815	-0.06341	-0.03088	-0.02159	0.00051	0.09527	-0.02787	-0.00953	-0.05520	0.01509	-0.06873	-0.03035	0.04852	0.08552	-0.03456	0.05005	0.09393	-0.01988	-0.02522	0.09794	0.03994	0.04399	0.13242	-0.01308	-0.00524	-0.03401	0.06356	-0.00102	0.00588	(And (Member $x0 gallery) (Recipient $e0 $x0) (Theme $e0 $x1))
p205714	-0.04760	-0.02329	-0.07009	-0.03351	-0.04347	-0.02294	-0.01465	0.00402	0.06853	-0.02483	-0.00691	-0.03757	0.01246	-0.05640	-0.01968	0.04000	0.06328	-0.03540	0.04007	0.09367	-0.01829	-0.02114	0.06912	0.02957	0.02656	0.08719	-0.00723	-0.00519	-0.03151	0.05088	0.00001	0.00606	(And (Member $x0 generator) (Recipient $e0 $x1) (Theme $e0 $x0))
p205715	-0.01892	0.00475	0.02078	0.05856	0.05109	-0.03094	0.00035	-0.00750	0.00092	-0.01352	-0.00702	-0.00801	-0.01211	0.05655	-0.01009	-0.04110	-0.01747	-0.02413	-0.01363	0.04392	-0.00010	-0.01265	0.03809	0.00841	-0.00793	-0.02699	0.00336	-0.00195	0.04514	-0.01404	-0.00015	-0.00943	(And (Member $x0 manifest) (Recipient $e0 $x1) (Theme $e0 $x0))
p205716	-0.00964	-0.00823	0.01147	-0.00023	-0.00252	0.00352	0.00298	-0.01648	-0.00310	-0.00546	-0.01109	-0.01278	0.03104	-0.00112	-0.00029	-0.00920	-0.00013	-0.00482	0.00217	-0.00380	0.01528	0.01093	0.00112	0.00551	0.00163	-0.00498	0.00900	-0.00236	-0.00169	0.00069	0.00249	-0.00568	(And (Member $x0 picture) (Past $e0) (Theme $e0 $x0))
p205717	-0.02030	0.00526	0.03360	0.07944	0.04950	-0.03598	-0.00449	0.00143	0.00611	-0.01521	-0.00853	-0.01607	-0.01375	0.07834	-0.00953	-0.04676	-0.02574	-0.02331	-0.01977	0.04402	-0.00255	-0.01426	0.03829	-0.00475	-0.00981	-0.03384	-0.00000	-0.00107	0.06753	-0.01434	-0.00087	-0.01167	(And (Member $x0 recruit) (Recipient $e0 $x0) (Theme $e0 $x1))
p205718	0.00007	-0.01398	-0.00690	-0.07703	0.03455	0.10920	-0.01276	-0.05224	-0.09263	-0.08313	-0.00262	0.16199	-0.01828	0.01966	-0.05764	-0.03082	0.03296	0.11546	0.13610	0.06225	0.00639	0.16787	-0.02909	-0.02422	0.00505	0.03004	-0.09278	-0.00009	-0.02819	-0.07301	0.00996	-0.02971	(And (Member $x0 song) (Recipient $e0 $x1) (Theme $e0 $x0))
p205719	-0.00486	-0.00050	0.00085	-0.00415	0.00208	0.00240	0.00658	0.00869	0.00081	-0.00348	-0.00695	-0.00293	0.00203	-0.00140	0.00740	-0.00039	-0.00039	-0.00139	-0.00314	0.00031	-0.00051	0.00036	0.00555	-0.00007	-0.00610	0.00073	0.00194	-0.00795	-0.00451	-0.00450	0.02135	-0.00807	(And (Member $x0 thing) (Obligated $e0) (Patient $e0 $x0))
p205720	-0.02154	0.01694	0.02088	0.08428	0.04718	-0.03873	-0.00636	0.00370	0.00726	-0.01398	-0.00715	-0.01710	-0.01293	0.07612	-0.00960	-0.04623	-0.01978	-0.02156	-0.01737	0.03952	-0.00210	-0.00968	0.04530	-0.00073	-0.01759	-0.03413	-0.00424	-0.00127	0.06524	-0.02039	-0.00080	-0.00680	(And (Member $x0 winner) (Recipient $e0 $x0) (Theme $e0 $x1))
p205721	0.00243	0.02409	-0.00081	-0.00531	-0.00632	-0.01175	0.03439	0.00758	-0.01588	0.01468	-0.02410	0.01321	0.00922	0.00781	0.00302	0.00416	-0.00414	-0.00196	-0.00469	0.00935	-0.00937	-0.00474	0.00271	-0.02489	0.02141	0.00397	-0.00014	0.00156	-0.00606	-0.00928	0.03672	0.00113	(And (Ongoing $e0) (Patient $e1 $x0) (Theme $e0 $e1))
p205722	-0.03676	-0.07544	0.01325	0.10948	-0.02692	-0.05254	-0.01602	0.07080	-0.02667	-0.07613	-0.04274	0.08551	-0.03654	-0.02221	-0.06568	0.05003	-0.00295	0.12401	-0.02202	-0.02854	-0.01277	-0.07276	0.04715	0.06357	0.16119	-0.04644	0.13493	-0.00193	-0.06486	-0.01659	0.00157	-0.01235	(And (Ordinal $x0 <num> buy) (Past $e0) (Theme $e0 $x0))
p205723	0.01357	-0.01515	0.00000	-0.01174	-0.00525	-0.00386	0.02863	-0.00746	-0.00790	0.03768	-0.00598	0.00046	-0.00665	-0.02069	-0.01021	-0.01215	0.00149	0.00553	0.04810	-0.00058	-0.00558	-0.01119	0.03182	-0.00902	0.02832	-0.00276	-0.00315	0.00567	0.03473	-0.01023	-0.01599	0.01534	(And (Past $e0) (Recipient $e1 $x0) (Theme $e0 $e1))
p205724	0.00309	-0.00372	-0.00906	-0.00894	0.00742	-0.02039	0.05220	0.03143	-0.00326	-0.01343	0.01044	-0.00039	0.01744	0.00966	0.00171	-0.00197	-0.00988	0.00327	0.02380	0.00498	-0.00923	-0.00709	-0.00510	-0.00590	-0.01893	-0.00484	0.00483	0.00736	-0.02250	-0.00921	-0.00607	-0.00024	(And (Past $e0) (Theme $e0 $e1) (Theme $e1 $x0))
p206103	0.00742	-0.00981	-0.01041	-0.00214	-0.00149	-0.01307	-0.00431	-0.00412	-0.00163	-0.01022	-0.01582	0.00301	0.00464	0.00771	0.01968	-0.00352	-0.00548	-0.00110	0.01067	0.00013	0.00602	-0.00069	-0.00253	0.01767	0.00547	-0.00460	-0.00215	-0.00270	-0.00763	0.00678	0.00936	0.01920	(And (Inheritance feed_pipe pipe) (Member $x0 feed_pipe))
p206104	-0.00569	-0.00581	0.00247	-0.00227	0.00171	0.00883	0.00106	0.00116	-0.00072	-0.00113	-0.00673	-0.00025	-0.00038	-0.00796	0.00229	-0.00532	-0.00023	-0.00505	-0.00457	-0.00240	-0.00003	0.00197	0.00424	0.01040	-0.00019	0.00228	-0.00393	0.01396	0.00303	-0.00201	0.00473	-0.00219	(And (Inheritance living_room room) (Member $x0 living_room))
p206105	-0.00118	-0.00344	-0.00774	0.00190	-0.00351	0.00879	-0.00932	0.00204	0.00106	0.00807	-0.00026	-0.00112	-0.00556	-0.00243	-0.00373	0.00415	-0.00457	0.00120	-0.00389	0.00050	0.00540	-0.00529	-0.00212	-0.00047	-0.00273	-0.00256	-0.00016	0.00164	-0.00128	0.00072	-0.00627	0.02337	(And (Inheritance night_delivery delivery) (Theme $e0 night_delivery))
p206157	-0.00796	-0.00770	0.00967	0.00225	-0.00035	0.00095	0.00039	-0.00627	0.00603	-0.00416	-0.00265	-0.00249	-0.00567	0.00216	-0.00647	-0.00917	0.01358	-0.00566	-0.00635	-0.00386	-0.00157	0.01847	-0.00462	0.00652	0.00028	0.00115	0.00232	-0.00340	0.00006	0.00341	0.00502	0.00132	(Inheritance dung_beetle beetle)
p206158	-0.00547	-0.00562	0.00260	-0.00206	0.00189	0.00901	0.00126	0.00138	-0.00052	-0.00093	-0.00653	-0.00003	-0.00019	-0.00779	0.00252	-0.00514	-0.00004	-0.00487	-0.00438	-0.00219	0.00016	0.00217	0.00442	0.01061	-0.00000	0.00248	-0.00371	0.01418	0.00323	-0.00183	0.00492	-0.00199	(Inheritance living_room room)
p206190	-0.03380	0.07219	-0.09102	0.05160	-0.01814	-0.05467	-0.00894	0.04814	-0.02722	0.06053	0.06414	0.03069	0.01509	-0.03231	0.08528	-0.02361	0.06663	0.05377	-0.01884	-0.03717	-0.00128	0.08074	0.05880	0.05419	-0.05674	-0.01117	-0.05556	-0.00165	-0.00573	-0.04468	-0.01228	0.02963	(And (Agent $e0 $x0) (Beneficiary $e0 $x1) (Member $e0 buy) (Past $e0))
p206191	-0.03380	0.07219	-0.09101	0.05160	-0.01814	-0.05467	-0.00894	0.04814	-0.02722	0.06053	0.06414	0.03069	0.01509	-0.03231	0.08528	-0.02361	0.06663	0.05377	-0.01884	-0.03717	-0.00128	0.08074	0.05880	0.05419	-0.05674	-0.01117	-0.05556	-0.00165	-0.00573	-0.04468	-0.01228	0.02963	(And (Agent $e0 $x0) (Beneficiary $e0 $x1) (Member $e0 buy) (Theme $e0 $x2))
p206192	-0.04722	0.00352	0.08544	-0.05080	-0.03236	0.02650	0.00006	-0.04298	-0.04023	0.00390	0.09684	0.04738	0.01107	0.08938	0.08187	0.08085	-0.07527	-0.00695	-0.00764	-0.02171	-0.03997	-0.02113	0.07972	-0.08652	-0.01989	0.10147	0.01174	-0.00376	-0.01538	-0.05999	-0.01768	0.00617	(And (Agent $e0 $x0) (CoAgent $e0 $x1) (Location $e0 $x2) (Member $e0 work))
p206193	0.09385	-0.00067	0.00396	-0.00815	-0.00399	0.02726	-0.00236	-0.02030	-0.01342	-0.00468	-0.02590	0.01225	-0.01099	-0.02398	-0.00823	-0.00149	0.01640	0.00137	-0.01586	-0.02279	0.00009	0.00074	0.08159	-0.02126	-0.00657	-0.03085	-0.00928	0.00430	-0.00029	0.01726	0.00403	-0.00686	(And (Agent $e0 $x0) (Goal $e0 $x1) (Member $e0 come) (Past $e0))
p206194	-0.02277	0.01733	0.00249	-0.00823	-0.01363	-0.01887	0.03375	0.03516	0.00174	0.02172	0.00500	-0.00243	-0.00087	-0.01385	-0.01166	-0.01190	-0.01556	-0.00457	0.07739	0.01279	-0.02372	-0.01534	-0.01398	-0.00432	0.02029	0.00355	-0.00658	0.00139	0.02894	-0.01986	-0.02558	0.03961	(And (Agent $e0 $x0) (Member $e0 begin) (Past $e0) (Theme $e0 $e1))
p206195	-0.01420	0.00052	0.02525	-0.00072	0.01043	0.00258	0.00386	-0.02136	-0.01058	0.00736	-0.01672	-0.00956	0.01895	0.00663	0.00242	0.00559	0.02978	-0.00036	-0.00239	-0.01208	-0.00065	-0.00232	-0.00476	-0.00924	-0.00656	-0.00078	-0.00314	0.00213	-0.00476	-0.00495	0.00649	-0.02114	(And (Agent $e0 $x0) (Member $e0 capture) (Past $e0) (Theme $e0 $x1))
p206196	0.03777	-0.02335	-0.02896	0.09156	0.05716	0.05428	0.04626	-0.06933	-0.02454	0.02450	0.10321	0.01065	-0.04339	-0.03637	-0.04284	0.03117	0.05617	-0.03204	-0.05447	-0.02694	0.05169	0.01111	-0.04710	-0.02119	0.03678	0.05750	-0.02601	-0.00711	-0.00633	0.04610	-0.02227	-0.02693	(And (Agent $e0 $x0) (Member $e0 decide) (Might $e0) (Theme $e0 $x1))
p206197	-0.03343	-0.02461	-0.05243	-0.02252	-0.01396	-0.02210	-0.01397	0.01920	0.05611	-0.01664	-0.00282	-0.03793	0.01021	-0.03947	-0.00517	0.02970	0.03791	-0.01318	0.01119	0.01382	-0.01013	-0.01434	0.03695	0.01924	0.02887	0.05352	-0.00274	-0.00154	-0.00828	0.03099	-0.00401	0.01306	(And (Agent $e0 $x0) (Member $e0 lend) (Recipient $e0 ravi) (Theme $e0 $x1))
p206198	-0.00459	0.05875	0.02727	-0.00453	0.00198	0.00851	-0.01356	-0.00916	-0.01356	-0.00793	-0.00362	-0.00233	0.02391	0.00779	-0.00614	0.00197	0.02436	-0.00371	-0.00805	0.00927	-0.01529	-0.01738	-0.01742	-0.03035	0.02630	-0.00001	-0.00835	-0.00633	-0.00807	-0.01007	-0.00119	-0.01635	(And (Agent $e0 $x0) (Ongoing $e0) (Past $e0) (Theme $e0 $x1))
p206199	-0.03380	0.07219	-0.09101	0.05160	-0.01814	-0.05467	-0.00894	0.04814	-0.02722	0.06053	0.06414	0.03069	0.01509	-0.03231	0.08528	-0.02361	0.06663	0.05377	-0.01884	-0.03717	-0.00128	0.08074	0.05880	0.05419	-0.05674	-0.01117	-0.05556	-0.00165	-0.00573	-0.04468	-0.01228	0.02963	(And (Beneficiary $e0 $x0) (Member $e0 buy) (Past $e0) (Theme $e0 $x1))
p206200	0.16034	0.01865	-0.13724	0.00485	-0.03723	-0.08336	0.15365	-0.07023	0.09270	-0.04900	-0.08506	-0.03109	-0.02927	0.15021	0.19151	0.15241	0.15423	-0.01473	-0.09568	0.12513	0.06202	0.06204	-0.09936	-0.08445	0.07995	-0.05153	0.02389	0.03080	-0.10703	-0.08825	0.00886	-0.04562	(And (Experiencer $e0 $x0) (Location $e0 $x1) (Ongoing $e0) (Past $e0))
p206201	-0.08714	0.06881	0.14338	-0.06242	0.17845	0.10419	0.09474	0.10322	0.05352	-0.06656	-0.08805	-0.04753	-0.04842	-0.09650	0.11840	-0.12775	-0.07314	-0.07282	-0.07649	-0.06330	0.13677	0.00399	0.07099	0.14836	0.04138	0.12243	-0.05869	0.01244	-0.03996	-0.02684	0.04295	-0.05089	(And (Member $e0 get) (Ongoing $e0) (Patient $e0 $x0) (Result $e0 $e1))
p206279	-0.03380	0.07219	-0.09101	0.05160	-0.01814	-0.05467	-0.00894	0.04814	-0.02722	0.06053	0.06414	0.03069	0.01509	-0.03231	0.08528	-0.02361	0.06663	0.05377	-0.01884	-0.03717	-0.00128	0.08074	0.05880	0.05419	-0.05674	-0.01117	-0.05556	-0.00165	-0.00573	-0.04468	-0.01228	0.02963	(And (Agent $e0 $x0) (Beneficiary $e0 $x1) (Member $e0 buy))
p206280	0.06471	-0.00844	-0.01307	-0.01400	-0.01609	0.02210	-0.01364	-0.01957	-0.01670	-0.01817	-0.00636	0.01782	0.00164	-0.02996	-0.00780	0.01048	-0.02066	0.02496	-0.00698	-0.01336	-0.00168	0.01334	0.05276	-0.01242	0.00073	-0.02991	-0.01140	0.01141	0.03255	0.00621	-0.00208	0.02480	(And (Agent $e0 $x0) (Cardinality $x0 <num>) (GroupOf $x0 child))
p206281	-0.04722	0.00352	0.08544	-0.05080	-0.03236	0.02650	0.00006	-0.04298	-0.04023	0.00390	0.09684	0.04738	0.01107	0.08938	0.08187	0.08085	-0.07527	-0.00695	-0.00764	-0.02171	-0.03997	-0.02113	0.07972	-0.08652	-0.01988	0.10147	0.01174	-0.00376	-0.01538	-0.05999	-0.01768	0.00617	(And (Agent $e0 $x0) (CoAgent $e0 $x1) (Member $e0 work))
p206282	0.00107	-0.00986	-0.01433	0.00635	0.00480	0.01120	-0.01738	0.01663	0.01860	-0.01191	-0.00794	-0.01713	0.01481	-0.01284	0.01145	0.01420	-0.01237	-0.00869	0.01380	-0.00869	-0.01061	0.00216	-0.00739	-0.00069	-0.00712	-0.01599	0.00858	0.00074	0.01634	-0.01531	-0.00285	0.01920	(And (Agent $e0 $x0) (Future $e0) (Theme $e0 $x1))
p206283	-0.00056	-0.00609	-0.01277	0.02973	-0.02299	0.03050	-0.02496	0.01630	0.02252	0.00004	-0.01213	-0.01682	-0.00025	-0.00621	0.01630	0.02127	-0.01001	-0.01105	0.02111	0.00313	-0.00164	-0.01529	-0.00630	-0.00561	-0.00983	-0.02153	-0.00079	-0.00026	-0.00128	-0.01820	-0.00827	0.03250	(And (Agent $e0 $x0) (Future $e0) (Time $e0 (Weekday thursday)))
p206284	0.09385	-0.00067	0.00396	-0.00815	-0.00399	0.02726	-0.00236	-0.02030	-0.01342	-0.00468	-0.02590	0.01225	-0.01099	-0.02398	-0.00823	-0.00149	0.01640	0.00137	-0.01586	-0.02279	0.00009	0.00074	0.08159	-0.02126	-0.00657	-0.03085	-0.00928	0.00430	-0.00029	0.01726	0.00403	-0.00686	(And (Agent $e0 $x0) (Goal $e0 $x1) (Member $e0 come))
p206285	0.06336	-0.00180	0.00512	-0.01021	0.01201	0.01057	0.00510	-0.02443	-0.02367	0.00018	-0.02793	0.01136	0.01581	-0.01601	-0.00189	0.01127	0.01161	-0.00759	-0.00980	-0.02284	-0.00104	0.00577	0.05940	-0.01745	-0.00652	-0.01942	-0.00274	0.00394	-0.01140	0.00620	0.02040	-0.01639	(And (Agent $e0 $x0) (Goal $e0 $x1) (Theme $e0 $x2))
p206286	-0.02178	0.00501	0.03650	0.00307	0.00642	0.02049	-0.00686	-0.00124	0.01785	0.00728	-0.01102	-0.01603	-0.01632	0.00924	-0.00562	-0.00598	0.04699	0.00060	-0.00155	-0.01226	-0.00183	-0.01210	-0.00788	-0.01517	-0.01411	-0.00295	-0.01224	-0.00312	-0.00864	-0.00613	-0.01027	-0.01048	(And (Agent $e0 $x0) (Goal $e0 home) (Past $e0))
p206287	-0.02327	-0.03864	0.01476	-0.00003	0.00484	-0.01395	0.02146	-0.04917	0.00219	0.02043	-0.00781	-0.00731	0.01044	-0.01551	-0.00982	-0.01666	0.02089	-0.01254	-0.00063	-0.02125	-0.00302	0.04853	-0.00361	0.01134	0.02767	0.00027	0.02459	0.00171	0.04515	0.00180	0.02244	0.00451	(And (Agent $e0 $x0) (Location $e0 $x1) (Patient $e0 $x2))
p206288	-0.01160	-0.01283	-0.00859	-0.00445	-0.00488	0.01083	-0.01003	-0.00511	0.00527	-0.00549	-0.00023	-0.00405	0.00370	-0.02391	0.00052	-0.00477	-0.01644	-0.01465	-0.00203	-0.00478	-0.00149	0.02563	0.00985	0.02390	-0.00734	-0.01139	0.03340	0.00136	0.02144	-0.00906	-0.00604	0.03230	(And (Agent $e0 $x0) (Location $e0 $x1) (Theme $e0 photography))
p206289	-0.00036	-0.00594	-0.01229	0.02905	-0.02000	0.02979	-0.02379	0.01312	0.01937	0.00636	-0.01028	-0.01567	-0.00298	-0.00237	0.01146	0.02065	-0.00781	-0.00774	0.01696	0.00137	0.00254	-0.01430	-0.00792	-0.00767	-0.00901	-0.01605	-0.00149	-0.00006	-0.00304	-0.01454	-0.00784	0.03086	(And (Agent $e0 $x0) (Member $e0 arrive) (Time $e0 (Hour <num>)))
p206290	-0.02277	0.01733	0.00249	-0.00823	-0.01363	-0.01887	0.03375	0.03516	0.00174	0.02172	0.00500	-0.00243	-0.00087	-0.01385	-0.01166	-0.01190	-0.01556	-0.00457	0.07739	0.01279	-0.02372	-0.01534	-0.01398	-0.00432	0.02029	0.00355	-0.00658	0.00139	0.02894	-0.01986	-0.02558	0.03961	(And (Agent $e0 $x0) (Member $e0 begin) (Past $e0))
p206291	-0.02277	0.01733	0.00249	-0.00823	-0.01363	-0.01887	0.03375	0.03516	0.00174	0.02172	0.00500	-0.00243	-0.00087	-0.01385	-0.01166	-0.01190	-0.01556	-0.00457	0.07739	0.01279	-0.02372	-0.01534	-0.01398	-0.00432	0.02029	0.00355	-0.00658	0.00139	0.02894	-0.01986	-0.02558	0.03961	(And (Agent $e0 $x0) (Member $e0 begin) (Theme $e0 $e1))
p206292	-0.01439	0.00043	0.02530	-0.00084	0.01038	0.00249	0.00372	-0.02151	-0.01076	0.00726	-0.01686	-0.00972	0.01885	0.00654	0.00225	0.00551	0.02965	-0.00050	-0.00248	-0.01224	-0.00072	-0.00241	-0.00486	-0.00937	-0.00665	-0.00090	-0.00326	0.00200	-0.00492	-0.00499	0.00640	-0.02128	(And (Agent $e0 $x0) (Member $e0 capture) (Past $e0))
p206293	-0.01443	0.00033	0.02516	-0.00092	0.01028	0.00238	0.00363	-0.02157	-0.01082	0.00719	-0.01696	-0.00976	0.01876	0.00645	0.00221	0.00539	0.02954	-0.00055	-0.00254	-0.01235	-0.00081	-0.00248	-0.00492	-0.00946	-0.00676	-0.00095	-0.00335	0.00194	-0.00497	-0.00512	0.00632	-0.02135	(And (Agent $e0 $x0) (Member $e0 capture) (Theme $e0 $x1))
p206294	-0.01192	-0.00783	0.01778	-0.00241	0.00505	-0.00887	0.00916	-0.01290	0.00669	-0.00579	0.00162	-0.00547	0.00505	0.00284	-0.00492	-0.01085	0.01667	-0.00137	-0.01461	0.00876	-0.01259	0.01339	-0.00778	0.00720	-0.00400	-0.00612	0.01124	-0.00312	-0.00234	0.01065	0.01433	-0.00201	(And (Agent $e0 $x0) (Member $e0 cause) (Past $e0))
p206295	0.03777	-0.02335	-0.02896	0.09156	0.05716	0.05428	0.04626	-0.06933	-0.02454	0.02450	0.10321	0.01065	-0.04339	-0.03637	-0.04284	0.03117	0.05617	-0.03204	-0.05447	-0.02694	0.05169	0.01111	-0.04710	-0.02119	0.03678	0.05750	-0.02601	-0.00711	-0.00633	0.04610	-0.02227	-0.02693	(And (Agent $e0 $x0) (Member $e0 decide) (Might $e0))
p206296	-0.01824	-0.01030	0.01585	-0.00179	0.00773	0.01345	0.00084	-0.01221	0.01809	-0.00734	-0.01132	-0.01475	-0.00267	-0.01233	-0.00186	-0.00506	0.01824	-0.01077	-0.00470	-0.01143	-0.00018	0.02493	-0.00156	0.01064	-0.00670	-0.01187	0.01574	-0.00459	0.01007	-0.00907	-0.00323	-0.00193	(And (Agent $e0 $x0) (Member $e0 draw) (Past $e0))
p206297	-0.02086	0.00404	-0.00253	-0.02141	-0.01638	0.03663	0.00812	0.01694	0.01788	0.00973	-0.01268	-0.02423	0.00644	0.04972	-0.02923	0.02486	-0.01669	0.01926	-0.00909	-0.02458	-0.01168	0.02103	0.01959	0.00985	0.00962	-0.02998	-0.02146	-0.00783	-0.00641	0.04014	-0.00027	-0.00780	(And (Agent $e0 $x0) (Member $e0 give_up) (Theme $e0 $x1))
p206298	-0.00067	-0.00322	-0.01145	-0.01892	0.01728	0.00188	-0.00627	0.00507	-0.00443	-0.00437	-0.00116	0.00490	0.00403	-0.00630	0.00950	0.01071	-0.00557	0.01610	0.00778	0.00110	-0.00789	-0.00254	-0.00306	-0.00816	-0.00364	-0.00918	0.00638	0.00181	-0.00569	-0.01099	-0.00136	0.01239	(And (Agent $e0 $x0) (Member $e0 learn) (Source $e0 $x1))
p206299	-0.03343	-0.02461	-0.05243	-0.02252	-0.01396	-0.02210	-0.01397	0.01920	0.05611	-0.01664	-0.00282	-0.03793	0.01022	-0.03947	-0.00517	0.02970	0.03791	-0.01318	0.01119	0.01382	-0.01013	-0.01434	0.03695	0.01924	0.02887	0.05352	-0.00274	-0.00154	-0.00828	0.03099	-0.00401	0.01306	(And (Agent $e0 $x0) (Member $e0 lend) (Recipient $e0 ravi))
p206300	0.00312	0.05250	0.00428	0.00492	-0.01325	0.01707	-0.02101	0.00686	-0.01014	-0.01015	-0.00434	0.00998	0.00660	-0.01205	-0.01970	-0.01130	-0.02198	-0.00976	-0.01076	0.01958	0.00340	-0.01192	-0.00738	-0.00663	0.01716	0.00046	-0.00644	-0.00318	-0.00189	0.00105	0.00859	0.03292	(And (Agent $e0 $x0) (Member $e0 make) (Ongoing $e0))
p206301	0.00512	0.03981	-0.00237	-0.00643	-0.01422	0.01559	-0.02601	0.00152	-0.00847	-0.01358	0.00953	0.01463	0.00485	-0.00951	-0.01447	0.00029	-0.01803	-0.00325	-0.00079	0.01473	-0.00849	-0.00034	-0.00486	-0.00997	0.02652	-0.00775	0.00509	-0.00131	0.01168	-0.01032	-0.01065	0.03050	(And (Agent $e0 $x0) (Member $e0 play) (Ongoing $e0))
p206302	0.00096	-0.01262	-0.01070	-0.00478	0.02165	-0.00162	-0.00463	0.01283	0.00205	0.01068	0.00436	-0.00705	-0.00200	0.00515	-0.00681	0.01831	-0.00433	-0.00849	-0.00583	-0.01323	-0.00295	0.01555	-0.00046	-0.00722	0.01362	-0.00579	-0.00678	-0.00063	-0.01202	0.00556	-0.00166	0.00230	(And (Agent $e0 $x0) (Member $e0 put_off) (Theme $e0 $x1))
p206303	0.02522	-0.00711	0.01133	0.00388	0.01598	-0.02009	-0.00820	0.02232	0.01741	-0.00711	0.00023	-0.02848	0.00882	-0.01151	0.00013	0.01317	-0.02662	0.03291	-0.00197	-0.00541	-0.01278	0.01850	-0.01905	-0.01677	0.00065	0.02389	-0.01189	0.00270	0.00845	-0.01371	-0.00199	0.01207	(And (Agent $e0 $x0) (Member $e0 require) (Theme $e0 $x1))
p206304	0.05229	0.02024	0.02126	-0.00605	0.00375	0.00081	0.06386	0.03289	-0.00789	-0.01773	-0.03337	0.01127	-0.00927	-0.00801	-0.00292	-0.01884	0.01244	-0.00749	0.00013	-0.00085	-0.00873	-0.00502	0.04241	-0.01793	-0.02755	-0.01493	-0.00639	-0.00725	-0.03670	0.00351	0.00966	0.00922	(And (Agent $e0 $x0) (Member $e0 try) (Past $e0))
p206305	0.05347	0.01574	0.01724	-0.00666	0.00084	-0.00723	0.08413	0.04470	-0.01459	-0.01775	-0.04278	0.01802	-0.00263	-0.00516	-0.00252	-0.02038	-0.00168	-0.00899	0.00061	0.00208	-0.00881	-0.00041	0.04690	-0.01743	-0.03856	-0.01591	-0.00364	-0.00592	-0.04546	0.00586	0.02267	0.02317	(And (Agent $e0 $x0) (Member $e0 try) (Theme $e0 $e1))
p206306	0.00054	-0.00435	-0.01419	-0.01248	0.02308	-0.00966	-0.00363	0.00780	0.00388	-0.00364	0.00020	-0.00356	0.00264	-0.00632	0.00328	0.02118	-0.00711	-0.00326	0.00356	-0.00877	-0.00495	0.00021	0.00077	0.00559	-0.00130	-0.00697	0.00121	0.00041	-0.00338	-0.01086	-0.00089	0.01009	(And (Agent $e0 $x0) (Member $e0 turn_down) (Theme $e0 $x1))
p206307	-0.00790	0.01789	0.01500	-0.00652	0.01114	0.00632	-0.01093	0.00387	0.00311	-0.00097	-0.00338	-0.00873	0.00992	0.00164	-0.00189	0.01023	0.00222	-0.00236	0.00088	-0.00475	-0.01094	-0.00862	-0.00545	-0.01283	0.00113	-0.00595	-0.00400	-0.00091	-0.00508	-0.01034	-0.00290	0.00157	(And (Agent $e0 $x0) (Member $e0 watch) (Theme $e0 $x1))
p206309	0.03046	0.00204	0.00923	-0.00265	-0.00328	0.01857	-0.00676	-0.00645	0.00379	-0.00193	-0.01051	-0.00215	-0.01191	-0.00918	-0.00584	-0.00257	0.01873	0.00490	-0.00842	-0.01075	-0.00233	-0.00493	0.02609	-0.01278	-0.00656	-0.01729	-0.00850	0.00072	0.00549	0.00534	-0.00497	-0.00044	(And (Agent $e0 $x0) (Over $e0 $x1) (Past $e0))
p206310	-0.01133	0.00443	0.01814	0.00058	0.00269	0.01082	-0.01178	0.00935	0.01499	0.00410	-0.00947	-0.01251	-0.00600	0.00454	-0.00219	0.00180	0.00107	0.00466	-0.00226	-0.00537	-0.00236	-0.00900	-0.00223	-0.01001	-0.01448	-0.00943	-0.00484	-0.00017	-0.00867	-0.00667	-0.00037	0.02147	(And (Agent $e0 $x0) (Past $e0) (To $e0 $e1))
p206311	-0.01494	-0.02495	-0.00014	-0.00070	-0.00451	0.03678	-0.01318	0.00117	0.00267	-0.00750	-0.00077	0.00419	0.00921	-0.02837	-0.01256	-0.02036	-0.00464	-0.01418	-0.02037	0.00319	-0.00037	0.00158	0.00455	0.03441	0.01318	-0.00673	-0.01154	0.06670	0.01076	0.00366	0.01179	0.03415	(And (Agent $e0 $x0) (Patient $e0 $x1) (Result $e0 $e1))
p206312	0.02086	-0.00865	0.02332	-0.00410	0.00151	-0.01171	0.07119	-0.00694	-0.02537	0.01848	-0.04758	0.01236	0.01146	-0.01074	-0.00718	-0.02000	0.01021	-0.00900	0.00864	-0.01695	0.00197	0.01828	0.03793	-0.02130	0.00245	-0.00230	0.00224	0.00206	0.00237	0.00269	0.03338	0.01615	(And (Agent $e0 $x0) (Patient $e0 $x1) (Theme $e1 $e0))
p206313	-0.03343	-0.02461	-0.05243	-0.02252	-0.01396	-0.02210	-0.01397	0.01920	0.05611	-0.01664	-0.00282	-0.03793	0.01021	-0.03947	-0.00517	0.02970	0.03791	-0.01318	0.01119	0.01382	-0.01013	-0.01434	0.03695	0.01924	0.02887	0.05352	-0.00274	-0.00154	-0.00828	0.03099	-0.00401	0.01306	(And (Agent $e0 $x0) (Recipient $e0 ravi) (Theme $e0 $x1))
p206314	-0.00102	-0.00342	-0.00791	0.00217	-0.00387	0.00899	-0.00966	0.00219	0.00115	0.00860	-0.00015	-0.00104	-0.00544	-0.00220	-0.00374	0.00453	-0.00464	0.00149	-0.00377	0.00075	0.00563	-0.00557	-0.00217	-0.00062	-0.00270	-0.00248	-0.00009	0.00200	-0.00128	0.00073	-0.00627	0.02400	(And (Agent $e0 $x0) (Theme $e0 visitor) (Time $e0 (Weekday sunday)))
p206315	-0.01668	0.02843	0.04805	-0.00316	0.00601	-0.02260	0.00722	-0.01732	-0.02497	-0.00675	0.01321	0.01307	0.00615	0.00216	-0.00603	-0.00971	-0.03372	-0.00983	0.01317	-0.01857	-0.02140	0.02846	0.02865	-0.02141	-0.02245	0.02049	0.04679	0.00472	-0.00443	0.03901	0.00276	-0.01429	(And (Agent $e0 dara) (Location $e0 $x0) (Member $e0 work))
p206316	0.00093	0.00152	-0.00601	0.12532	-0.04819	0.10072	-0.05052	0.02068	0.06039	-0.01021	-0.05692	-0.04771	0.00351	-0.00018	0.06931	0.06810	-0.00397	-0.04198	0.12932	-0.01936	-0.00736	-0.01950	-0.01929	-0.03701	-0.03892	-0.04104	-0.01277	-0.01705	-0.01182	-0.05091	0.01797	-0.00177	(And (Before $x0 $e0) (Future $e0) (Patient $e0 $x1))
p206317	-0.03380	0.07219	-0.09101	0.05160	-0.01814	-0.05467	-0.00894	0.04814	-0.02722	0.06053	0.06414	0.03069	0.01509	-0.03231	0.08528	-0.02361	0.06663	0.05377	-0.01884	-0.03717	-0.00128	0.08074	0.05880	0.05419	-0.05674	-0.01117	-0.05556	-0.00165	-0.00573	-0.04468	-0.01228	0.02963	(And (Beneficiary $e0 $x0) (Member $e0 buy) (Past $e0))
p206318	-0.03380	0.07219	-0.09101	0.05160	-0.01814	-0.05467	-0.00894	0.04814	-0.02722	0.06053	0.06414	0.03069	0.01509	-0.03231	0.08528	-0.02361	0.06663	0.05377	-0.01884	-0.03717	-0.00128	0.08074	0.05880	0.05419	-0.05674	-0.01117	-0.05556	-0.00165	-0.00573	-0.04468	-0.01228	0.02963	(And (Beneficiary $e0 $x0) (Member $e0 buy) (Theme $e0 $x1))
p206319	-0.04722	0.00352	0.08544	-0.05080	-0.03236	0.02650	0.00006	-0.04298	-0.04023	0.00390	0.09684	0.04738	0.01107	0.08937	0.08187	0.08085	-0.07527	-0.00695	-0.00764	-0.02171	-0.03997	-0.02113	0.07972	-0.08652	-0.01989	0.10147	0.01174	-0.00376	-0.01538	-0.05999	-0.01768	0.00617	(And (CoAgent $e0 $x0) (Location $e0 $x1) (Member $e0 work))
p206320	0.00778	-0.01322	-0.00405	0.00266	-0.00434	-0.01816	0.01019	-0.01650	-0.00630	-0.00500	-0.00658	0.00184	0.00624	0.00222	0.00757	0.00649	0.00358	0.00364	-0.00393	-0.00196	-0.01366	0.02008	-0.00497	-0.00540	-0.00560	-0.00557	0.01960	0.03881	0.01125	-0.00242	0.00074	-0.00014	(And (Experiencer $e0 $x0) (Location $e0 $x1) (Member $e0 wait))
p206321	0.00058	0.13074	0.06699	0.07601	0.00776	-0.06568	-0.03262	-0.03021	-0.05035	-0.00013	-0.01409	0.01563	0.00793	-0.03610	-0.09442	-0.04015	-0.04815	-0.02903	0.12452	-0.03774	-0.02700	0.04687	0.00680	-0.02030	-0.07620	0.02846	0.08007	0.08255	-0.01486	0.18029	0.00655	-0.01240	(And (Experiencer $e0 $x0) (Member $e0 discover) (Stimulus $e0 $e1))
p206322	0.00661	-0.00636	-0.01052	-0.00621	0.00129	-0.02314	0.04160	0.01871	-0.01086	-0.00374	-0.00762	0.01047	0.00794	0.01092	0.00238	0.00847	-0.00304	0.01064	0.01491	0.00479	-0.01499	-0.00371	-0.00197	-0.01167	-0.02377	-0.00354	0.00193	0.03720	-0.01709	-0.01236	0.00553	0.01107	(And (Experiencer $e0 $x0) (Member $e0 need) (Theme $e0 $e1))
p206323	-0.00484	-0.00751	-0.00867	0.08418	-0.03309	0.06719	-0.02603	-0.00905	0.03553	0.02070	-0.04887	-0.03316	0.00480	-0.00501	0.05475	0.05669	0.00363	-0.02946	0.08697	-0.02132	-0.00273	-0.01404	-0.00840	-0.03393	-0.01245	-0.02193	-0.00704	-0.01278	0.01196	-0.04117	0.03293	-0.01165	(And (Future $e0) (Member $e0 start) (Patient $e0 $x0))
p206324	0.06863	-0.00025	-0.00738	-0.01331	-0.00251	0.01096	-0.00360	-0.00970	-0.01652	-0.00007	0.00391	0.01418	-0.00386	-0.02112	-0.01301	0.00650	-0.00298	-0.00194	-0.01116	-0.01113	-0.00606	-0.00053	0.06822	-0.01653	-0.00324	-0.02249	0.00415	-0.00008	-0.00386	0.01103	0.01622	-0.00975	(And (Goal $e0 $x0) (Manner $e0 quickly) (Past $e0))
p206325	0.09385	-0.00067	0.00396	-0.00815	-0.00399	0.02726	-0.00236	-0.02030	-0.01342	-0.00468	-0.02590	0.01225	-0.01099	-0.02398	-0.00823	-0.00149	0.01640	0.00137	-0.01586	-0.02279	0.00009	0.00074	0.08159	-0.02126	-0.00657	-0.03085	-0.00928	0.00430	-0.00029	0.01726	0.00403	-0.00686	(And (Goal $e0 $x0) (Member $e0 come) (Past $e0))
p206326	-0.00077	0.14158	0.07390	0.08343	0.00870	-0.07072	-0.03476	-0.03255	-0.05360	-0.00008	-0.01458	0.01593	0.00867	-0.04071	-0.10198	-0.04478	-0.05259	-0.03110	0.13295	-0.04106	-0.02831	0.04872	0.00902	-0.02347	-0.08080	0.03031	0.08666	0.08802	-0.01760	0.20307	0.00708	-0.01366	(And (Location $e0 $x0) (Member $e0 error) (Stimulus $e1 $e0))
p206327	0.01616	0.03076	-0.00835	-0.00558	-0.00331	0.00179	-0.00406	-0.00543	0.01068	-0.01861	0.00469	-0.00458	-0.00494	-0.01465	-0.00910	0.00608	-0.00715	-0.01365	-0.01124	0.01364	0.00559	0.03767	-0.00279	-0.00537	0.02295	-0.01260	0.01945	-0.01765	0.00642	-0.00981	0.00306	0.00122	(And (Location $e0 $x0) (Member $e0 walk) (Ongoing $e0))
p206328	0.01547	0.02944	-0.00661	-0.00400	0.00288	0.00123	0.00416	-0.00416	0.01626	-0.01778	-0.00078	-0.00934	-0.00847	-0.01577	-0.00922	0.00537	-0.00326	-0.01521	-0.01307	0.01259	0.01556	0.04363	-0.00059	-0.00265	0.01965	-0.01214	0.01684	-0.02277	0.00195	-0.00719	0.01337	-0.01160	(And (Location $e0 $x0) (Member $e0 walk) (Past $e0))
p206329	-0.02628	0.01065	0.05536	-0.02263	-0.01077	0.00425	0.00440	-0.02732	-0.02830	0.00420	0.04689	0.02543	0.00438	0.04728	0.03322	0.03336	-0.04273	-0.00578	-0.00003	-0.01833	-0.02378	0.00292	0.04182	-0.04835	-0.01711	0.05396	0.02179	-0.00215	-0.01093	-0.01319	-0.00613	-0.00791	(And (Location $e0 $x0) (Member $e0 work) (Might $e0))
p206330	-0.01282	-0.00617	0.01200	-0.00194	0.00418	-0.00985	0.02154	-0.04347	-0.01604	0.02417	-0.02422	-0.00146	0.01492	-0.01668	-0.00187	-0.00448	0.01105	-0.00784	0.00491	-0.01825	0.00349	0.03299	0.00478	-0.01335	0.03935	0.01153	0.01858	-0.00182	0.04065	-0.00793	0.02842	-0.00970	(And (Location $e0 $x0) (Ongoing $e0) (Patient $e0 $x1))
p206331	-0.00054	0.00212	0.00042	0.00447	-0.00158	-0.00010	0.00425	-0.00210	-0.00502	0.00609	-0.01703	0.00097	-0.00064	0.00285	0.00113	0.00526	0.00374	0.00112	-0.00214	-0.00223	0.00195	0.00317	0.00239	-0.00776	-0.00998	0.00663	0.00027	-0.00515	-0.00454	-0.00209	0.02509	-0.00824	(And (Measure $x0 age <num> year) (Member $x0 founder) (Patient $e0 $x0))
p206332	-0.00011	0.00411	-0.00162	0.05091	-0.02110	0.04331	-0.01886	0.00584	0.01850	0.00657	-0.03526	-0.02003	-0.00114	0.00853	0.02848	0.03493	0.00198	-0.01462	0.05005	-0.01036	0.00277	-0.00571	-0.00875	-0.02559	-0.02491	-0.00547	-0.00811	-0.01201	-0.01095	-0.02510	0.02447	-0.00712	(And (Member $e0 begin) (Might $e0) (Patient $e0 $x0))
p206333	-0.00713	-0.00457	-0.01636	-0.01347	0.00837	-0.01061	-0.00122	0.00738	0.00708	-0.00939	0.00075	-0.00688	0.01623	-0.00850	0.00461	0.01292	0.00261	-0.00202	0.00791	0.00264	-0.01022	-0.00619	0.00605	0.00283	0.00421	0.00622	0.00478	0.00143	-0.00638	0.00053	0.00021	0.00725	(And (Member $e0 borrow) (Source $e0 $x0) (Theme $e0 $x1))
p206334	-0.00131	0.00374	0.00665	-0.00382	0.00179	-0.01111	0.00807	-0.00942	0.01466	-0.01341	0.01114	-0.00526	-0.00407	-0.00183	-0.01136	-0.00798	0.00794	-0.00521	-0.01642	0.01738	-0.00789	0.03253	-0.00744	0.00606	0.00379	-0.00762	0.01563	-0.01186	-0.00046	0.00891	0.01936	-0.00188	(And (Member $e0 cause) (Past $e0) (Patient $e0 $x0))
p206335	0.00090	-0.00217	0.00027	-0.00493	-0.00627	-0.00547	-0.00382	-0.00184	-0.00277	-0.00591	0.01758	-0.00290	0.02159	0.00681	-0.00656	-0.00531	-0.00347	0.00653	-0.00033	0.00600	-0.00519	-0.00673	-0.00456	-0.00714	0.00049	-0.00314	0.00635	-0.00352	-0.00464	0.00395	0.01682	-0.00111	(And (Member $e0 create) (Past $e0) (Patient $e0 $x0))
p206336	0.03777	-0.02335	-0.02896	0.09156	0.05716	0.05428	0.04626	-0.06933	-0.02453	0.02450	0.10321	0.01065	-0.04339	-0.03637	-0.04284	0.03117	0.05617	-0.03204	-0.05447	-0.02694	0.05169	0.01111	-0.04710	-0.02118	0.03678	0.05751	-0.02600	-0.00711	-0.00633	0.04610	-0.02227	-0.02693	(And (Member $e0 decide) (Might $e0) (Theme $e0 $x0))
p206337	0.04553	-0.02232	-0.00655	0.09044	-0.04710	0.07561	0.04008	-0.02137	-0.02257	-0.02469	0.08655	0.00350	0.05277	-0.03822	-0.03104	-0.02030	-0.01216	-0.03522	-0.04650	0.05761	-0.01988	-0.00638	-0.03937	-0.01707	0.03334	-0.00710	-0.00307	0.01059	-0.01006	0.04301	-0.02679	0.03235	(And (Member $e0 decision) (Patient $e1 $e0) (Theme $e0 $x0))
p206338	0.03923	-0.01788	0.00156	0.06095	-0.02921	0.05566	0.12073	0.03491	-0.01956	-0.04060	0.06822	0.00690	0.05054	-0.03369	-0.01376	-0.03668	-0.01257	-0.03835	-0.06200	0.06531	-0.03085	-0.00701	-0.03456	-0.01327	-0.00256	-0.01215	0.00556	-0.00312	-0.03521	0.04321	-0.01631	0.02094	(And (Member $e0 decision) (Theme $e0 $x0) (Theme $e1 $e0))
p206339	0.00550	-0.00225	-0.00384	-0.00682	-0.00433	-0.02229	0.11378	0.05754	-0.01104	-0.02387	-0.02646	0.02070	0.01208	-0.00134	0.01156	-0.01354	-0.00646	-0.00631	-0.03697	0.03722	-0.01495	-0.00389	0.00701	-0.00449	-0.04203	-0.01363	0.02033	-0.01119	-0.04385	0.00474	0.03811	0.01738	(And (Member $e0 destroy) (Patient $e0 $x0) (Theme $e1 $e0))
p206340	-0.00211	0.00004	0.00478	-0.00367	-0.00161	-0.01014	-0.00349	-0.00251	0.00046	-0.00358	0.02047	0.00276	-0.00072	0.01045	-0.00906	-0.00421	0.01078	0.00929	-0.00688	0.00584	-0.01599	-0.00443	-0.01032	-0.00395	-0.00103	-0.00296	0.00021	-0.00090	-0.00185	0.00880	0.01493	0.00192	(And (Member $e0 eat) (Past $e0) (Patient $e0 $x0))
p206341	0.00297	0.01872	-0.00451	-0.01100	-0.00290	-0.00546	-0.01121	0.01873	0.00728	-0.00367	0.02249	-0.00611	-0.00225	-0.00218	-0.00494	0.01084	-0.00584	0.01739	-0.00127	0.01178	-0.01439	-0.01423	-0.00508	-0.01738	0.00034	-0.00677	0.00859	-0.00745	0.00902	-0.00804	0.00819	-0.00619	(And (Member $e0 fall) (Past $e0) (Source $e0 $x0))
p206342	-0.00427	-0.00943	0.00174	0.00093	-0.00742	0.00386	0.00101	-0.01376	-0.00475	-0.00803	-0.00550	-0.01022	0.03491	0.00033	-0.00121	-0.01456	-0.01247	-0.00275	0.00431	-0.00127	0.02462	0.00965	-0.00028	0.00732	0.00391	-0.00625	0.01203	-0.00386	-0.00067	0.00032	-0.00015	0.00182	(And (Member $e0 find) (Past $e0) (Theme $e0 $x0))
p206343	-0.08714	0.06881	0.14338	-0.06242	0.17845	0.10419	0.09474	0.10322	0.05352	-0.06656	-0.08805	-0.04753	-0.04842	-0.09650	0.11840	-0.12775	-0.07314	-0.07282	-0.07649	-0.06330	0.13677	0.00399	0.07099	0.14836	0.04138	0.12243	-0.05869	0.01244	-0.03996	-0.02684	0.04295	-0.05089	(And (Member $e0 get) (Patient $e0 $x0) (Result $e0 $e1))
p206344	-0.00111	0.00149	-0.00718	-0.00867	-0.00144	-0.00594	-0.00577	0.00621	0.00051	0.00203	0.02232	-0.00148	-0.00255	-0.00222	-0.00951	0.00726	-0.00240	0.00534	-0.00140	0.00493	-0.01038	-0.00558	-0.00015	-0.00718	-0.00450	-0.00524	0.00691	-0.00624	0.00354	-0.00348	0.01538	-0.00901	(And (Member $e0 increase) (Past $e0) (Patient $e0 $x0))
p206345	-0.01967	-0.02648	0.00257	-0.00957	-0.00031	0.04439	-0.01283	0.00743	0.00832	-0.00627	0.01777	-0.00032	0.00558	-0.03434	-0.01446	-0.01717	-0.00063	-0.01885	-0.02101	0.00012	-0.01148	0.00231	0.01112	0.03512	0.01596	-0.00779	-0.01215	0.06720	0.02191	-0.00254	0.00845	0.00929	(And (Member $e0 leave) (Patient $e0 $x0) (Result $e0 $e1))
p206346	-0.03343	-0.02461	-0.05243	-0.02252	-0.01396	-0.02210	-0.01397	0.01920	0.05611	-0.01664	-0.00282	-0.03793	0.01021	-0.03947	-0.00517	0.02970	0.03791	-0.01318	0.01119	0.01382	-0.01013	-0.01434	0.03695	0.01924	0.02887	0.05352	-0.00274	-0.00154	-0.00828	0.03099	-0.00401	0.01306	(And (Member $e0 lend) (Recipient $e0 ravi) (Theme $e0 $x0))
p206347	0.00625	0.04637	0.00277	0.00517	-0.00886	0.01336	-0.01229	-0.00103	-0.00601	-0.00996	-0.01118	0.00717	0.00506	-0.01263	-0.01863	-0.00694	-0.01707	-0.00998	-0.01132	0.01528	0.01056	0.00586	-0.00241	-0.00769	0.01621	-0.00204	0.00337	-0.00991	-0.00097	0.00157	0.02118	0.01986	(And (Member $e0 make) (Ongoing $e0) (Patient $e0 $x0))
p206348	-0.00709	0.04147	0.00734	-0.00569	-0.00288	0.03671	-0.01982	0.02440	0.00653	-0.01659	0.01666	-0.00743	0.00794	-0.01908	-0.01284	-0.01912	-0.02294	-0.01929	-0.00870	0.01787	0.02310	-0.01416	-0.00387	0.01040	0.02505	-0.00326	-0.00900	-0.00538	0.00227	-0.00468	-0.01552	0.01345	(And (Member $e0 make) (Ongoing $e0) (Result $e0 $e1))
p206349	-0.00646	-0.00395	0.00941	-0.00002	-0.00359	0.00485	-0.00084	-0.01545	-0.00676	-0.00367	-0.00863	-0.00876	0.02881	0.00182	0.00233	-0.00674	0.01428	0.00617	-0.00088	-0.00469	0.00864	-0.00457	-0.00441	-0.00611	-0.00030	-0.00390	-0.00028	0.00214	0.00449	-0.00066	0.00079	-0.00325	(And (Member $e0 present) (Past $e0) (Theme $e0 $x0))
p206350	-0.00835	-0.00380	0.01077	-0.00052	0.00303	0.00075	0.00480	-0.01492	-0.00461	-0.00629	-0.00797	-0.01186	0.03013	0.00148	0.00332	-0.00661	0.00195	-0.00119	0.00228	-0.00545	0.01183	0.00698	-0.00358	0.00019	-0.00233	-0.00489	0.01211	-0.00234	-0.00123	-0.00403	0.00274	-0.00735	(And (Member $e0 receive) (Past $e0) (Theme $e0 $x0))
p206351	0.01526	0.02675	-0.00921	-0.00309	0.00108	-0.00289	0.00067	-0.00033	0.01845	-0.01455	0.00259	-0.01095	-0.00895	-0.00147	0.00712	0.00956	0.00377	-0.00278	-0.01137	0.01595	0.01545	0.01629	-0.01298	-0.00711	0.02523	-0.01088	0.00973	-0.01803	0.00413	-0.01103	-0.00568	-0.00557	(And (Member $e0 stand) (Ongoing $e0) (Past $e0))
p206352	0.01553	-0.00829	-0.00924	-0.00866	0.00426	-0.00466	0.00473	-0.00600	0.00742	-0.00700	0.01359	-0.00272	-0.00401	-0.01995	-0.01156	0.00521	-0.00443	-0.00794	-0.00763	-0.00304	-0.00322	0.03189	0.02163	0.00587	-0.00358	-0.01333	0.01802	-0.00934	0.00823	0.00143	0.02087	-0.01162	(And (Member $e0 stick) (Past $e0) (Patient $e0 $x0))
p206353	-0.03341	0.01695	0.01387	-0.01271	0.01610	-0.03643	0.10694	0.11919	0.00873	-0.01987	0.04736	-0.00569	-0.03279	0.05336	-0.00890	-0.00517	-0.02117	0.01948	0.07377	0.00265	0.03335	-0.01849	-0.01009	-0.02116	-0.06696	0.01874	0.00088	-0.02253	-0.05918	-0.01964	-0.02117	-0.01109	(And (Member $e0 stop) (Past $e0) (Theme $e0 $e1))
p206354	0.00925	0.04157	0.00546	-0.00571	-0.00264	0.00264	0.00939	0.02977	0.00420	-0.01605	0.00791	-0.00036	-0.00659	0.00738	-0.00489	-0.00362	0.00106	-0.00245	0.00120	0.02018	-0.00275	-0.01376	-0.00946	-0.01445	0.01734	-0.00619	-0.00516	-0.01587	-0.01702	-0.00829	-0.01034	-0.00308	(And (Member $e0 try) (Ongoing $e0) (Past $e0))
p206355	-0.02153	-0.02193	-0.00252	-0.01470	0.00285	0.04413	-0.02360	0.01590	0.01209	0.00236	0.03959	-0.00605	-0.00362	-0.03679	-0.02440	-0.00856	-0.01480	-0.01884	-0.00504	-0.00405	0.00281	-0.00331	0.01980	0.03336	0.01513	-0.00815	-0.00588	0.04746	0.03002	-0.00802	0.00151	-0.00020	(And (Member $e0 turn) (Past $e0) (Result $e0 $e1))
p206356	-0.03430	-0.04505	0.00767	-0.02461	0.01500	0.06700	-0.01933	0.02511	0.01443	-0.00480	0.02101	-0.00730	0.00435	-0.05993	-0.00241	-0.02529	-0.01838	-0.03215	-0.02392	-0.01204	-0.00259	0.00482	0.03482	0.05689	0.02882	-0.00251	-0.01634	0.09676	0.04395	-0.01591	0.01596	-0.00033	(And (Member $e0 turn) (Patient $e0 $x0) (Result $e0 $e1))
p206357	0.03542	0.03086	-0.01023	-0.00789	0.00021	0.00268	-0.00058	-0.00520	0.00876	-0.01674	0.00086	-0.00275	-0.00907	-0.01282	-0.00774	0.00823	-0.00324	-0.01039	-0.01132	0.00909	0.01462	0.02910	0.01983	-0.00880	0.02381	-0.01580	0.00919	-0.01953	-0.00345	-0.00512	0.00574	-0.01074	(And (Member $e0 walk) (Ongoing $e0) (Past $e0))
p206358	-0.00380	-0.02313	-0.00359	-0.01111	0.02180	0.00647	-0.01609	0.03956	0.00350	0.03832	-0.00274	-0.01470	-0.01172	0.03494	-0.01889	0.01399	-0.00867	-0.01230	-0.01105	-0.02331	-0.00104	0.04200	0.00395	-0.02530	0.03394	-0.00782	-0.01824	-0.00395	-0.02958	0.02819	-0.00004	-0.00861	(And (Member $x0 departure) (Possession $x0 $x1) (Theme $e0 $x0))
p206359	-0.03676	-0.07544	0.01325	0.10948	-0.02692	-0.05254	-0.01602	0.07080	-0.02667	-0.07613	-0.04274	0.08551	-0.03654	-0.02221	-0.06568	0.05003	-0.00295	0.12401	-0.02202	-0.02854	-0.01277	-0.07276	0.04715	0.06357	0.16119	-0.04644	0.13493	-0.00193	-0.06486	-0.01659	0.00157	-0.01235	(And (Member $x0 kiln) (Ordinal $x0 <num> buy) (Theme $e0 $x0))
p206360	0.00531	0.04195	-0.00398	-0.00922	-0.00192	-0.00493	-0.01093	0.00843	0.00114	0.00028	0.02426	0.00083	-0.00394	0.00955	-0.00860	0.01273	-0.00040	0.00576	-0.00782	0.01549	-0.00639	-0.01633	-0.00769	-0.02531	0.01657	-0.00118	0.00150	-0.00273	-0.00231	-0.01024	0.01400	-0.01230	(And (Ongoing $e0) (Past $e0) (Patient $e0 $x0))
p206361	-0.01127	0.03822	0.01193	-0.01098	0.00912	0.03935	-0.01184	0.03047	0.01382	-0.01951	0.01351	-0.01328	0.00159	-0.01978	-0.00357	-0.02313	-0.02152	-0.02198	-0.01146	0.01192	0.03412	-0.01301	0.00054	0.01803	0.02588	-0.00235	-0.01128	-0.01128	-0.00230	-0.00651	-0.01508	0.00066	(And (Ongoing $e0) (Past $e0) (Result $e0 $e1))
p206362	-0.08714	0.06881	0.14338	-0.06242	0.17845	0.10419	0.09474	0.10322	0.05352	-0.06656	-0.08805	-0.04753	-0.04842	-0.09650	0.11840	-0.12775	-0.07314	-0.07282	-0.07649	-0.06330	0.13677	0.00399	0.07099	0.14836	0.04138	0.12243	-0.05869	0.01244	-0.03996	-0.02684	0.04295	-0.05089	(And (Ongoing $e0) (Patient $e0 $x0) (Result $e0 $e1))
p206580	0.00724	-0.00648	0.00070	0.01060	-0.00837	0.00378	0.00314	-0.00279	0.00010	-0.00666	-0.00643	-0.00745	0.03379	0.00387	0.00130	-0.00538	-0.00781	0.00119	0.00183	-0.00102	-0.01136	0.00340	-0.00536	-0.01049	0.00498	0.00402	-0.00067	0.00001	-0.00764	-0.00245	0.00901	-0.00252	(And (Agent $e0 $e1) (Theme $e1 $x0))
p206581	-0.02178	0.00505	0.03656	0.00309	0.00646	0.02055	-0.00682	-0.00121	0.01790	0.00730	-0.01098	-0.01602	-0.01629	0.00930	-0.00562	-0.00593	0.04705	0.00064	-0.00153	-0.01221	-0.00180	-0.01208	-0.00785	-0.01513	-0.01406	-0.00294	-0.01221	-0.00310	-0.00860	-0.00609	-0.01025	-0.01047	(And (Agent $e0 $x0) (Goal $e0 home))
p206582	0.00466	0.03957	0.01038	-0.00312	0.00666	0.00589	-0.01365	0.00213	-0.00993	-0.00074	0.00309	0.00241	0.01101	-0.00292	-0.00887	0.00236	-0.00275	-0.00841	0.00039	0.00404	-0.01172	-0.01585	-0.01204	-0.01077	0.00602	-0.00313	0.00435	-0.00167	0.00040	-0.00361	-0.00402	0.00492	(And (Agent $e0 $x0) (GroupOf $x0 scientist))
p206583	-0.00164	-0.00343	-0.00839	0.00140	-0.00721	0.00768	-0.01029	0.00639	0.00370	0.00185	-0.00184	-0.00229	-0.00303	-0.00532	-0.00016	0.00416	-0.00665	-0.00120	-0.00184	0.00347	0.00053	-0.00724	-0.00079	0.00144	-0.00347	-0.00820	0.00047	0.00163	-0.00025	-0.00294	-0.00702	0.02529	(And (Agent $e0 $x0) (GroupOf $x0 soil_sample))
p206584	0.02418	0.01096	0.00442	-0.00327	-0.00381	0.00651	-0.00866	-0.00628	-0.00475	-0.00371	0.00036	0.00679	-0.00438	-0.00248	-0.00870	-0.00453	0.00615	0.00007	-0.00810	-0.00084	-0.00558	-0.00501	0.01449	-0.00784	0.00628	-0.01054	-0.00535	-0.00048	-0.00325	0.00683	0.00148	0.00923	(And (Agent $e0 $x0) (GroupOf $x0 soldier))
p206585	-0.00142	-0.00315	-0.00806	0.00167	-0.00691	0.00801	-0.01001	0.00669	0.00403	0.00215	-0.00156	-0.00202	-0.00275	-0.00499	0.00013	0.00447	-0.00635	-0.00087	-0.00154	0.00373	0.00082	-0.00693	-0.00044	0.00172	-0.00314	-0.00793	0.00076	0.00192	0.00005	-0.00266	-0.00672	0.02555	(And (Agent $e0 $x0) (Instrument $e0 post))
p206586	0.00166	-0.00244	-0.01037	0.00657	-0.01069	0.01251	-0.01446	0.01125	0.00930	0.00231	0.00364	-0.00558	-0.00144	-0.00597	0.00163	0.01306	-0.00707	-0.00169	0.00483	0.00506	-0.00444	-0.01002	0.00124	-0.00461	-0.00615	-0.01241	0.00394	0.00007	0.00042	-0.00714	0.00050	0.02271	(And (Agent $e0 $x0) (Member $e0 arrival))
p206587	-0.02277	0.01733	0.00249	-0.00823	-0.01363	-0.01887	0.03375	0.03516	0.00174	0.02172	0.00500	-0.00243	-0.00087	-0.01385	-0.01166	-0.01190	-0.01556	-0.00457	0.07739	0.01279	-0.02372	-0.01534	-0.01398	-0.00432	0.02029	0.00355	-0.00658	0.00139	0.02894	-0.01986	-0.02558	0.03961	(And (Agent $e0 $x0) (Member $e0 begin))
p206588	-0.00649	-0.00814	-0.02157	0.01106	0.00726	-0.01882	-0.00789	-0.02004	-0.01301	0.01299	-0.02378	0.00364	-0.00886	0.01836	-0.01526	0.00508	-0.00263	0.01707	-0.00304	-0.01383	0.06511	0.00342	-0.00828	0.00764	-0.00490	0.03484	-0.01079	-0.00151	-0.01114	0.00377	0.01706	0.03633	(And (Agent $e0 $x0) (Member $e0 call_off))
p206589	-0.01464	0.00015	0.02498	-0.00110	0.01010	0.00225	0.00346	-0.02172	-0.01095	0.00702	-0.01712	-0.00995	0.01858	0.00629	0.00202	0.00524	0.02941	-0.00072	-0.00274	-0.01250	-0.00100	-0.00266	-0.00508	-0.00962	-0.00689	-0.00116	-0.00351	0.00176	-0.00513	-0.00530	0.00614	-0.02153	(And (Agent $e0 $x0) (Member $e0 capture))
p206590	-0.00007	-0.00485	-0.00111	0.00096	-0.00494	-0.00180	-0.00578	0.00010	-0.00145	0.00098	-0.00092	0.00303	-0.00099	0.00809	-0.00692	-0.00369	0.00226	0.00193	-0.00808	0.00193	-0.00299	0.00107	-0.00384	-0.00079	0.00028	-0.00485	-0.00375	0.00173	-0.00534	0.00857	0.01024	0.01710	(And (Agent $e0 $x0) (Member $e0 close))
p206591	-0.01470	0.02498	-0.00898	-0.01351	-0.00912	0.02133	0.03007	-0.01587	0.01446	-0.01052	-0.01292	-0.01164	0.00674	0.01399	-0.00933	0.03246	-0.01063	0.02599	0.00400	-0.01366	-0.00689	-0.01115	0.00652	0.02478	-0.01612	-0.01965	-0.00802	-0.00727	0.01703	0.00530	0.00760	0.00414	(And (Agent $e0 $x0) (Member $e0 continue))
p206592	-0.00117	-0.00412	-0.00920	0.01029	-0.01160	0.01474	-0.01410	0.00899	0.00930	0.00122	-0.00519	-0.00646	-0.00202	-0.00498	0.00516	0.00946	-0.00692	-0.00410	0.00549	0.00300	-0.00029	-0.00909	-0.00226	-0.00103	-0.00529	-0.01195	-0.00007	0.00128	-0.00049	-0.00754	-0.00694	0.02648	(And (Agent $e0 $x0) (Member $e0 depart))
p206593	-0.01794	-0.01001	0.01615	-0.00152	0.00801	0.01369	0.00111	-0.01195	0.01835	-0.00706	-0.01106	-0.01445	-0.00240	-0.01204	-0.00157	-0.00479	0.01848	-0.01047	-0.00439	-0.01118	0.00012	0.02522	-0.00127	0.01090	-0.00646	-0.01156	0.01600	-0.00430	0.01033	-0.00879	-0.00295	-0.00165	(And (Agent $e0 $x0) (Member $e0 draw))
p206594	-0.02086	0.00404	-0.00253	-0.02141	-0.01638	0.03663	0.00812	0.01694	0.01787	0.00973	-0.01268	-0.02423	0.00644	0.04971	-0.02923	0.02486	-0.01669	0.01926	-0.00909	-0.02458	-0.01168	0.02103	0.01959	0.00985	0.00962	-0.02998	-0.02146	-0.00783	-0.00641	0.04014	-0.00027	-0.00780	(And (Agent $e0 $x0) (Member $e0 give_up))
p206595	0.00209	-0.00129	-0.00061	-0.00199	-0.00336	0.00203	0.00400	0.00817	-0.00049	-0.00104	-0.00039	0.00446	-0.00415	-0.00055	-0.00363	0.00105	0.00112	0.00533	0.00228	0.00203	-0.00329	-0.00339	0.00140	-0.00366	-0.00800	-0.00634	-0.00271	0.01378	-0.00257	-0.00360	-0.00684	0.01849	(And (Agent $e0 $x0) (Member $e0 go))
p206596	-0.00048	-0.00296	-0.01110	-0.01869	0.01756	0.00218	-0.00601	0.00532	-0.00414	-0.00411	-0.00092	0.00513	0.00427	-0.00599	0.00974	0.01099	-0.00530	0.01642	0.00805	0.00132	-0.00763	-0.00225	-0.00274	-0.00791	-0.00334	-0.00894	0.00662	0.00205	-0.00543	-0.01073	-0.00110	0.01262	(And (Agent $e0 $x0) (Member $e0 learn))
p206597	-0.00508	-0.00658	-0.00811	-0.00116	-0.00525	0.00807	-0.00955	0.00122	0.00334	0.00044	-0.00076	-0.00210	-0.00104	-0.01140	-0.00092	0.00051	-0.00955	-0.00501	-0.00268	0.00014	0.00077	0.00464	0.00310	0.00935	-0.00428	-0.00807	0.01165	0.00191	0.00732	-0.00382	-0.00644	0.02736	(And (Agent $e0 $x0) (Member $e0 permit))
p206598	0.00059	-0.01295	-0.01099	-0.00510	0.02136	-0.00188	-0.00495	0.01255	0.00178	0.01038	0.00404	-0.00739	-0.00231	0.00485	-0.00713	0.01801	-0.00461	-0.00879	-0.00616	-0.01355	-0.00327	0.01525	-0.00074	-0.00753	0.01336	-0.00613	-0.00708	-0.00096	-0.01231	0.00525	-0.00197	0.00198	(And (Agent $e0 $x0) (Member $e0 put_off))
p206599	0.02522	-0.00711	0.01133	0.00388	0.01598	-0.02009	-0.00820	0.02232	0.01741	-0.00711	0.00023	-0.02848	0.00882	-0.01151	0.00013	0.01316	-0.02662	0.03291	-0.00198	-0.00542	-0.01278	0.01850	-0.01905	-0.01677	0.00065	0.02389	-0.01189	0.00270	0.00845	-0.01371	-0.00199	0.01207	(And (Agent $e0 $x0) (Member $e0 require))
p206600	0.02617	-0.00248	-0.00113	-0.00662	0.00528	-0.00097	0.01603	0.00571	-0.00234	-0.00020	-0.00721	0.00204	-0.00408	0.00117	-0.00299	0.00315	0.00981	0.00391	0.00473	-0.00717	-0.00576	-0.00648	0.02106	-0.01206	-0.01343	-0.01397	-0.00207	0.01375	-0.01317	-0.00259	-0.00384	0.00303	(And (Agent $e0 $x0) (Member $e0 run))
p206601	0.00069	-0.00353	-0.00480	-0.00564	0.01038	-0.00846	-0.00014	0.00156	0.00046	-0.00452	0.00501	0.00052	0.00453	0.00385	-0.00260	0.00680	0.00293	0.00038	-0.00335	-0.00139	-0.00854	0.00025	-0.00534	0.00189	-0.00060	-0.00467	-0.00125	0.00086	-0.00507	0.00131	0.00483	0.00925	(And (Agent $e0 $x0) (Member $e0 save))
p206602	0.00398	0.02969	-0.00519	-0.00587	0.00656	0.00417	-0.01402	0.00666	-0.00296	-0.00579	0.00846	0.00358	0.00864	-0.00447	-0.00605	0.00987	-0.00992	-0.00340	-0.00054	0.00605	-0.00823	-0.00866	-0.00550	-0.00793	0.01622	-0.00313	-0.00111	-0.00100	0.00092	-0.00661	-0.00536	0.01735	(And (Agent $e0 $x0) (Member $e0 study))
p206603	0.01556	-0.02269	0.00742	-0.00492	-0.00238	0.01464	-0.00249	-0.03103	-0.00147	0.03465	-0.01093	-0.00378	-0.01222	-0.01613	-0.00932	-0.01093	0.02163	0.00680	0.01307	-0.00987	0.00148	-0.00940	0.03338	-0.01069	0.02661	-0.00827	-0.00580	0.00767	0.02969	-0.00153	-0.01214	0.00627	(And (Agent $e0 $x0) (Member $e0 talk))
p206604	0.00050	-0.00449	-0.01444	-0.01259	0.02291	-0.00988	-0.00375	0.00765	0.00367	-0.00380	0.00008	-0.00366	0.00251	-0.00654	0.00315	0.02101	-0.00728	-0.00349	0.00340	-0.00886	-0.00510	0.00003	0.00052	0.00546	-0.00151	-0.00708	0.00109	0.00028	-0.00355	-0.01099	-0.00106	0.00998	(And (Agent $e0 $x0) (Member $e0 turn_down))
p206605	0.00050	-0.00420	-0.01498	-0.01479	0.02728	-0.01218	-0.00368	0.00940	0.00591	-0.00394	-0.00006	-0.00378	-0.00014	-0.00805	0.00547	0.02364	-0.00848	-0.00341	0.00474	-0.01037	-0.00449	-0.00047	0.00149	0.00805	-0.00243	-0.00787	0.00203	-0.00024	-0.00348	-0.01341	-0.00093	0.01009	(And (Agent $e0 $x0) (Member $x0 bank))
p206606	-0.00125	-0.00332	-0.01108	-0.00063	-0.00587	0.01119	-0.01367	0.00887	0.00433	0.00241	-0.00241	-0.00100	-0.00555	-0.00809	-0.00228	0.00627	-0.01009	-0.00010	-0.00486	0.00371	0.00170	-0.01003	0.00217	0.00066	-0.00534	-0.01275	0.00147	0.00450	-0.00127	-0.00215	-0.00968	0.04169	(And (Agent $e0 $x0) (Member $x0 bus))
p206607	0.00162	0.01294	-0.01110	-0.01140	0.01663	-0.00438	-0.00959	0.00655	-0.00029	-0.00651	0.00379	-0.00109	0.00912	-0.00565	-0.00119	0.01632	-0.00924	-0.00324	0.00242	-0.00316	-0.00840	-0.00375	-0.00257	-0.00177	0.00708	-0.00582	-0.00018	0.00030	-0.00028	-0.01005	-0.00253	0.01255	(And (Agent $e0 $x0) (Member $x0 car))
p206608	-0.00676	-0.00249	-0.00019	-0.03493	0.02122	0.03829	-0.00749	-0.00701	-0.02024	-0.02495	-0.00233	0.03174	-0.00285	-0.00991	-0.01251	-0.01667	0.00657	0.03385	0.03358	0.05057	-0.00626	0.03230	-0.00248	-0.00678	-0.00596	0.00007	-0.01747	-0.00097	-0.01501	-0.02002	-0.00079	0.00198	(And (Agent $e0 $x0) (Member $x0 coach))
p206609	-0.01491	-0.01369	-0.03546	-0.01780	-0.00969	-0.01838	-0.00815	0.00229	0.02484	-0.01630	-0.00988	-0.01368	0.00996	-0.01915	0.00396	0.01834	0.01911	-0.01346	0.02162	0.03204	-0.00605	-0.01003	0.02421	0.02002	0.01189	0.02755	-0.00145	-0.00235	-0.01751	0.02031	0.00487	0.01555	(And (Agent $e0 $x0) (Member $x0 crew))
p206610	-0.01159	-0.01281	-0.00856	-0.00443	-0.00486	0.01086	-0.01001	-0.00509	0.00530	-0.00547	-0.00021	-0.00404	0.00372	-0.02389	0.00053	-0.00475	-0.01642	-0.01463	-0.00201	-0.00476	-0.00147	0.02565	0.00988	0.02392	-0.00732	-0.01137	0.03342	0.00138	0.02146	-0.00904	-0.00602	0.03232	(And (Agent $e0 $x0) (Member $x0 curator))
p206611	-0.00485	0.00975	0.01200	-0.00234	-0.00107	0.00094	-0.00656	-0.01072	-0.00390	-0.00474	0.00280	-0.00012	0.00686	0.00318	-0.00550	-0.00144	0.00876	-0.00154	-0.00653	0.00081	-0.00984	0.00430	-0.00849	-0.00549	0.00739	-0.00372	0.00461	-0.00101	0.00292	-0.00103	0.00327	0.00429	(And (Agent $e0 $x0) (Member $x0 dog))
p206612	-0.01125	0.00256	0.00709	0.01746	0.02542	-0.01223	-0.00426	0.00175	0.00564	-0.00530	-0.00428	-0.00849	-0.00727	0.02179	-0.00178	-0.00762	-0.00305	-0.00791	-0.00273	0.01098	-0.00354	-0.01087	0.01111	-0.00028	-0.00805	-0.01562	0.00148	-0.00132	0.01371	-0.01247	-0.00343	0.00073	(And (Agent $e0 $x0) (Member $x0 driver))
p206613	0.00007	-0.01398	-0.00690	-0.07703	0.03455	0.10920	-0.01276	-0.05224	-0.09263	-0.08313	-0.00262	0.16199	-0.01828	0.01966	-0.05764	-0.03082	0.03296	0.11546	0.13610	0.06225	0.00639	0.16787	-0.02909	-0.02422	0.00505	0.03004	-0.09278	-0.00009	-0.02819	-0.07301	0.00996	-0.02971	(And (Agent $e0 $x0) (Member $x0 elder))
p206614	-0.00380	-0.02313	-0.00359	-0.01111	0.02180	0.00647	-0.01609	0.03956	0.00350	0.03832	-0.00274	-0.01470	-0.01172	0.03494	-0.01889	0.01399	-0.00867	-0.01230	-0.01105	-0.02331	-0.00104	0.04200	0.00395	-0.02530	0.03394	-0.00782	-0.01824	-0.00395	-0.02958	0.02819	-0.00004	-0.00861	(And (Agent $e0 $x0) (Member $x0 ferry))
p206615	-0.00036	-0.00594	-0.01229	0.02905	-0.02000	0.02979	-0.02379	0.01312	0.01937	0.00636	-0.01028	-0.01567	-0.00298	-0.00237	0.01146	0.02065	-0.00781	-0.00774	0.01696	0.00137	0.00254	-0.01430	-0.00792	-0.00767	-0.00901	-0.01605	-0.00149	-0.00006	-0.00304	-0.01454	-0.00784	0.03086	(And (Agent $e0 $x0) (Member $x0 freight))
p206616	-0.00136	-0.00369	-0.00802	0.00168	-0.00377	0.00848	-0.00957	0.00178	0.00075	0.00782	-0.00052	-0.00133	-0.00581	-0.00272	-0.00395	0.00388	-0.00486	0.00090	-0.00412	0.00025	0.00517	-0.00554	-0.00242	-0.00073	-0.00304	-0.00276	-0.00041	0.00141	-0.00155	0.00048	-0.00652	0.02315	(And (Agent $e0 $x0) (Member $x0 licence))
p206617	-0.03343	-0.02461	-0.05243	-0.02252	-0.01396	-0.02210	-0.01397	0.01920	0.05611	-0.01664	-0.00282	-0.03793	0.01021	-0.03947	-0.00517	0.02970	0.03791	-0.01318	0.01119	0.01382	-0.01013	-0.01434	0.03695	0.01924	0.02887	0.05352	-0.00274	-0.00154	-0.00828	0.03099	-0.00401	0.01306	(And (Agent $e0 $x0) (Member $x0 neighbour))
p206618	-0.00043	0.00803	-0.00255	-0.00317	-0.00520	0.00164	0.00351	-0.00044	-0.00576	-0.00888	-0.00698	0.00561	0.00427	-0.01387	-0.00630	-0.00532	-0.01610	-0.00831	-0.00441	0.00259	-0.00143	0.01359	0.00569	0.00372	-0.00107	-0.00667	0.01733	-0.00167	0.00690	-0.00253	0.00497	0.02643	(And (Agent $e0 $x0) (Member $x0 nurse))
p206619	-0.01311	-0.00601	0.01222	0.00223	0.00070	0.01479	-0.00456	-0.00144	0.01895	-0.00181	-0.00546	-0.01207	-0.01213	-0.00577	-0.00418	-0.00709	0.01660	-0.00707	-0.00373	-0.00576	0.00142	0.00928	-0.00287	0.00606	-0.00564	-0.01092	0.00323	-0.00324	0.00440	-0.00450	-0.00890	0.00588	(And (Agent $e0 $x0) (Member $x0 plane))
p206620	-0.00886	-0.03991	0.00163	-0.04725	0.07315	0.07524	-0.01100	-0.00424	0.02034	0.15246	-0.02129	-0.07138	0.00168	-0.07035	0.15558	-0.05753	-0.01610	0.12228	-0.09094	0.08464	-0.01199	-0.14288	-0.02235	-0.08054	-0.00223	-0.05883	0.17880	-0.00704	-0.04234	0.11043	0.00177	0.00287	(And (Agent $e0 $x0) (Member $x0 potter))
p206621	-0.00331	-0.01127	-0.00336	-0.00378	-0.00397	0.00500	0.00803	-0.00058	-0.00058	-0.00995	-0.00227	0.00136	0.00374	-0.01876	-0.00278	-0.00423	-0.01562	-0.01211	-0.00269	-0.00114	-0.00385	0.02476	0.00951	0.01263	-0.00749	-0.01052	0.02841	0.00079	0.01332	-0.00375	-0.00307	0.02630	(And (Agent $e0 $x0) (Member $x0 shepherd))
p206622	-0.02030	0.00526	0.03360	0.07944	0.04950	-0.03598	-0.00449	0.00143	0.00611	-0.01521	-0.00853	-0.01607	-0.01375	0.07834	-0.00953	-0.04676	-0.02574	-0.02331	-0.01977	0.04402	-0.00254	-0.01426	0.03829	-0.00475	-0.00981	-0.03384	-0.00000	-0.00107	0.06753	-0.01433	-0.00087	-0.01167	(And (Agent $e0 $x0) (Member $x0 trainer))
p206623	-0.00592	-0.00050	-0.00240	0.01101	0.03842	-0.01995	-0.00187	-0.00035	0.00289	-0.00324	-0.00213	-0.00503	-0.00836	0.01493	-0.00163	0.00315	-0.01026	-0.01042	-0.00291	0.00544	-0.00066	-0.00404	0.01213	0.00688	-0.00552	-0.01264	0.00137	-0.00144	0.01282	-0.01330	-0.00057	0.00073	(And (Agent $e0 $x0) (Member $x0 vet))
p206624	-0.00177	-0.00416	-0.00856	0.00141	-0.00459	0.00826	-0.01040	0.00142	0.00038	0.00783	-0.00088	-0.00182	-0.00617	-0.00294	-0.00456	0.00381	-0.00534	0.00074	-0.00454	0.00002	0.00489	-0.00635	-0.00295	-0.00137	-0.00344	-0.00325	-0.00085	0.00121	-0.00206	0.00002	-0.00703	0.02326	(And (Agent $e0 $x0) (Member $x0 warden))
p206625	-0.03046	-0.00565	0.04063	-0.02964	-0.01928	0.01103	-0.00623	-0.02357	-0.02279	-0.00704	0.04958	0.02458	0.01362	0.03023	0.04372	0.03299	-0.05459	-0.00795	-0.00490	-0.01273	-0.02409	0.00426	0.04429	-0.04113	-0.01525	0.04682	0.03815	0.00162	0.00627	-0.03398	-0.01230	0.03093	(And (Agent $e0 $x0) (Member $x0 welder))
p206626	-0.00664	-0.00993	-0.00315	-0.00229	-0.00181	0.01357	-0.00571	0.00499	0.00106	-0.00356	-0.00921	-0.00034	0.00213	-0.01006	0.00083	-0.00688	-0.00816	-0.00422	-0.00736	0.00047	0.00326	-0.00209	0.00377	0.01280	0.00031	-0.00566	-0.00309	0.01940	-0.00042	-0.00137	0.00176	0.02558	(And (Agent $e0 $x0) (Obligated $e0))
p206627	-0.03343	-0.02461	-0.05243	-0.02252	-0.01396	-0.02210	-0.01397	0.01920	0.05611	-0.01664	-0.00282	-0.03793	0.01021	-0.03947	-0.00517	0.02970	0.03791	-0.01318	0.01119	0.01382	-0.01013	-0.01434	0.03695	0.01924	0.02887	0.05352	-0.00274	-0.00154	-0.00828	0.03099	-0.00401	0.01306	(And (Agent $e0 $x0) (Recipient $e0 ravi))
p206628	-0.00414	0.02934	0.00571	-0.00165	-0.00711	0.01201	-0.02664	0.00595	0.00460	-0.00643	0.00920	-0.00304	-0.00582	-0.00799	-0.01742	-0.00056	-0.01315	-0.00335	0.00846	0.00533	0.00152	-0.00105	-0.00289	-0.00838	0.01172	-0.00957	0.00525	-0.00188	0.00360	-0.00307	-0.01475	0.02584	(And (Agent $e0 $x0) (Stimulus $e1 $e0))
p206629	-0.00706	0.00050	0.00787	-0.00161	-0.00333	0.01450	-0.01560	0.00707	0.01758	0.00040	-0.00361	-0.01259	-0.01411	-0.00499	-0.00322	0.00221	0.00834	0.01118	-0.00395	-0.00399	-0.00040	-0.01317	-0.00297	-0.00726	-0.01117	-0.01314	-0.00518	0.00092	0.00791	-0.00570	-0.01331	0.02543	(And (Agent $e0 $x0) (SubsetOf $x0 $x1))
p206630	-0.00125	-0.00356	-0.00788	0.00180	-0.00364	0.00864	-0.00945	0.00193	0.00091	0.00797	-0.00039	-0.00120	-0.00568	-0.00257	-0.00382	0.00402	-0.00473	0.00106	-0.00398	0.00036	0.00529	-0.00540	-0.00226	-0.00060	-0.00289	-0.00263	-0.00028	0.00155	-0.00140	0.00060	-0.00638	0.02328	(And (Agent $e0 $x0) (Theme $e0 night_delivery))
p206631	-0.01159	-0.01281	-0.00857	-0.00443	-0.00487	0.01085	-0.01002	-0.00510	0.00529	-0.00547	-0.00021	-0.00404	0.00371	-0.02390	0.00053	-0.00476	-0.01642	-0.01464	-0.00201	-0.00476	-0.00148	0.02565	0.00987	0.02392	-0.00733	-0.01138	0.03341	0.00138	0.02145	-0.00905	-0.00602	0.03232	(And (Agent $e0 $x0) (Theme $e0 photography))
p206632	-0.00155	-0.00398	-0.00839	0.00156	-0.00446	0.00828	-0.01027	0.00151	0.00047	0.00797	-0.00080	-0.00161	-0.00605	-0.00277	-0.00437	0.00391	-0.00532	0.00094	-0.00429	0.00009	0.00507	-0.00615	-0.00279	-0.00128	-0.00341	-0.00301	-0.00076	0.00139	-0.00195	0.00015	-0.00689	0.02342	(And (Agent $e0 $x0) (Theme $e0 visitor))
p206633	-0.00110	-0.00350	-0.00797	0.00208	-0.00395	0.00887	-0.00977	0.00208	0.00102	0.00850	-0.00026	-0.00112	-0.00554	-0.00229	-0.00385	0.00443	-0.00476	0.00139	-0.00385	0.00065	0.00555	-0.00566	-0.00228	-0.00072	-0.00281	-0.00256	-0.00019	0.00191	-0.00139	0.00065	-0.00636	0.02391	(And (Agent $e0 $x0) (Time $e0 (Weekday sunday)))
p206634	-0.01145	0.00428	0.01792	0.00046	0.00253	0.01069	-0.01191	0.00923	0.01486	0.00397	-0.00959	-0.01264	-0.00613	0.00438	-0.00231	0.00166	0.00094	0.00449	-0.00242	-0.00548	-0.00251	-0.00915	-0.00239	-0.01013	-0.01461	-0.00957	-0.00496	-0.00029	-0.00879	-0.00682	-0.00051	0.02134	(And (Agent $e0 $x0) (To $e0 $e1))
p206635	-0.01135	0.00439	0.01809	0.00055	0.00265	0.01077	-0.01182	0.00931	0.01495	0.00407	-0.00951	-0.01254	-0.00603	0.00450	-0.00222	0.00176	0.00103	0.00462	-0.00230	-0.00540	-0.00240	-0.00903	-0.00227	-0.01005	-0.01452	-0.00946	-0.00487	-0.00020	-0.00871	-0.00670	-0.00040	0.02144	(And (Agent $e0 $x0) (To $e1 $e0))
p206636	-0.00546	-0.00185	0.01155	-0.00685	-0.00510	-0.00305	0.00804	-0.00984	-0.01168	-0.00777	0.01049	0.00674	0.02746	0.01364	0.00701	-0.00229	-0.01359	-0.00109	-0.00041	-0.00463	-0.01619	0.00491	0.00850	-0.01482	0.00147	0.01041	0.01087	0.00121	-0.00545	-0.00116	0.00049	-0.00455	(And (Agent $e0 ana) (Member $e0 work))
p206637	-0.00683	0.00141	-0.00214	-0.00503	0.00208	0.00745	-0.01113	0.01450	0.01009	0.00022	0.01142	-0.00937	-0.01154	-0.00197	-0.00746	-0.00110	-0.00688	0.00004	0.00876	-0.00120	0.01828	-0.00815	0.00204	0.00561	-0.00244	-0.00577	-0.00029	-0.00466	-0.00038	-0.00507	-0.01173	-0.00003	(And (Agent $e0 baya) (Past $e0))
p206638	0.02040	0.00177	-0.00605	-0.00504	0.00076	0.00550	-0.00783	0.00282	-0.00069	0.00115	0.00257	-0.00052	-0.00909	-0.00409	-0.00622	0.00231	-0.00620	0.00113	0.00514	-0.00538	0.01760	-0.00496	0.02097	-0.00102	-0.00275	-0.01120	0.00082	-0.00507	-0.00273	0.00052	-0.00549	-0.00117	(And (Agent $e0 daniel) (Past $e0))
p206639	-0.01668	0.02843	0.04805	-0.00316	0.00601	-0.02260	0.00722	-0.01732	-0.02497	-0.00675	0.01321	0.01307	0.00615	0.00216	-0.00603	-0.00971	-0.03372	-0.00983	0.01317	-0.01857	-0.02140	0.02846	0.02865	-0.02141	-0.02245	0.02049	0.04679	0.00472	-0.00443	0.03901	0.00276	-0.01429	(And (Agent $e0 dara) (Location $e0 $x0))
p206640	-0.01668	0.02843	0.04805	-0.00316	0.00602	-0.02260	0.00722	-0.01732	-0.02497	-0.00675	0.01321	0.01307	0.00615	0.00216	-0.00603	-0.00971	-0.03372	-0.00983	0.01317	-0.01857	-0.02140	0.02846	0.02865	-0.02141	-0.02245	0.02049	0.04679	0.00472	-0.00443	0.03901	0.00276	-0.01429	(And (Agent $e0 dara) (Member $e0 work))
p206641	0.00236	0.03297	0.00052	-0.00774	-0.00021	-0.00681	0.02170	0.03380	0.00045	-0.00859	0.01605	-0.00092	-0.00611	0.00452	-0.00540	-0.00273	-0.00923	-0.00459	0.01637	0.01705	-0.00064	-0.01132	-0.01121	-0.00977	0.01679	-0.00141	-0.00355	-0.01687	-0.00973	-0.00940	-0.01210	-0.00808	(And (Agent $e0 david) (Ongoing $e0))
p206642	0.00239	0.03300	0.00056	-0.00772	-0.00018	-0.00678	0.02173	0.03383	0.00048	-0.00856	0.01608	-0.00089	-0.00608	0.00455	-0.00537	-0.00270	-0.00921	-0.00455	0.01640	0.01707	-0.00061	-0.01129	-0.01117	-0.00975	0.01681	-0.00137	-0.00353	-0.01684	-0.00971	-0.00937	-0.01207	-0.00805	(And (Agent $e0 david) (Past $e0))
p206643	0.00995	0.02205	-0.00493	-0.00557	0.00214	0.00070	0.00076	0.00943	0.01140	-0.01043	0.00828	-0.00591	-0.00612	-0.00223	0.00013	0.00402	-0.00095	-0.00385	-0.00607	0.01246	0.00733	0.00626	-0.00334	-0.00402	0.01437	-0.00901	0.00744	-0.01518	-0.00351	-0.00661	0.00148	-0.00643	(And (Agent $e0 felix) (Past $e0))
p206644	-0.00659	0.01288	-0.00172	-0.01035	0.00267	-0.01069	0.02055	0.04257	0.00852	-0.00501	0.01923	-0.00995	-0.00375	0.00696	-0.00653	-0.00388	-0.01646	0.00280	0.03598	0.00509	0.00862	-0.01423	-0.00428	-0.00511	-0.00515	-0.00343	0.00507	-0.01569	-0.01149	-0.01011	-0.01556	-0.00636	(And (Agent $e0 mark) (Past $e0))
p206645	0.01520	0.00186	0.00959	-0.00195	-0.00162	0.01297	-0.00871	0.00107	0.00411	0.00017	-0.00084	-0.00762	0.00189	-0.00001	-0.00362	-0.00438	0.00289	0.00252	0.00656	-0.00715	0.01727	-0.00940	0.01790	-0.00907	-0.00520	-0.00522	-0.00057	-0.00381	-0.00730	-0.00055	-0.00695	0.00034	(And (Agent $e0 matthew) (Past $e0))
p206646	0.01667	0.00702	-0.00282	-0.00664	-0.00373	0.00885	-0.00691	-0.00449	-0.00600	-0.00682	-0.00376	-0.00235	0.00906	-0.00330	-0.00254	-0.00504	-0.01029	0.00077	0.00170	-0.00432	0.02018	-0.00621	0.02477	-0.00470	0.01187	-0.01155	0.00139	-0.00715	-0.00499	-0.00034	-0.00330	-0.00178	(And (Agent $e0 michael) (Past $e0))
p206647	-0.00588	-0.00279	-0.00364	-0.00337	0.00424	-0.00036	-0.00163	0.00460	0.01046	-0.00343	0.00345	-0.00985	-0.00904	-0.00267	-0.00183	-0.00085	-0.00275	-0.00085	0.00476	-0.00264	0.01661	0.00765	0.00028	0.00752	-0.00293	-0.00742	0.00729	-0.00861	0.00078	-0.00408	-0.00658	-0.00190	(And (Agent $e0 pietro) (Past $e0))
p206648	0.00689	0.02765	-0.00357	-0.00354	0.00015	0.00022	-0.00222	0.00141	0.00750	-0.00938	0.00350	-0.00406	-0.00629	0.00161	0.00147	0.00301	0.00164	-0.00419	-0.00692	0.01129	0.00830	0.00500	-0.00841	-0.00685	0.02168	-0.00437	0.00199	-0.01379	-0.00258	-0.00788	-0.00571	-0.00552	(And (Agent $e0 ziri) (Ongoing $e0))
p206649	-0.00832	0.00191	0.01160	-0.00122	0.00357	0.00390	-0.00351	-0.00265	0.00189	0.00318	-0.00397	-0.00767	-0.00194	0.00286	-0.00302	0.00010	0.01375	0.00048	0.00017	-0.00493	0.00290	-0.00550	-0.00328	-0.00408	-0.00602	-0.00549	-0.00291	-0.00213	-0.00335	-0.00363	-0.00418	-0.00593	(And (At $e0 $x0) (Past $e0))
p206650	-0.00147	0.02504	0.00809	-0.00275	-0.00706	0.00062	-0.01843	0.01951	0.01353	0.00264	0.01501	-0.00783	-0.01074	0.01460	-0.01429	0.01014	0.00420	0.01331	0.00710	0.00946	-0.00494	-0.01916	-0.00874	-0.02516	-0.00456	-0.00161	0.00112	0.00382	-0.00972	-0.01106	0.00336	-0.00033	(And (Before $e0 $e1) (Past $e0))
p206651	0.00093	0.00152	-0.00601	0.12532	-0.04819	0.10072	-0.05052	0.02068	0.06039	-0.01021	-0.05692	-0.04771	0.00351	-0.00018	0.06931	0.06810	-0.00397	-0.04198	0.12932	-0.01936	-0.00736	-0.01950	-0.01929	-0.03701	-0.03892	-0.04104	-0.01277	-0.01705	-0.01182	-0.05091	0.01797	-0.00177	(And (Before $x0 $e0) (Future $e0))
p206652	-0.00311	-0.00936	0.00093	0.00096	0.00300	-0.00870	0.03210	0.00970	0.00487	-0.00221	-0.00762	-0.00849	0.00046	0.00739	0.00620	0.00762	0.00957	-0.00416	0.00566	0.00080	0.00320	0.00822	-0.00585	-0.00538	-0.01344	-0.00767	0.00548	0.00627	-0.01498	-0.00916	-0.00146	-0.00547	(And (Before $x0 $e0) (Past $e0))
p206653	-0.03380	0.07219	-0.09101	0.05160	-0.01814	-0.05467	-0.00894	0.04814	-0.02722	0.06053	0.06414	0.03069	0.01509	-0.03231	0.08528	-0.02361	0.06663	0.05377	-0.01884	-0.03717	-0.00128	0.08074	0.05880	0.05419	-0.05674	-0.01117	-0.05556	-0.00165	-0.00573	-0.04468	-0.01228	0.02963	(And (Beneficiary $e0 $x0) (Member $e0 buy))
p206654	-0.00171	-0.00230	-0.00042	-0.00110	-0.00451	0.00148	-0.00143	-0.00131	-0.00267	-0.00336	0.00151	-0.00440	0.01756	0.00344	-0.00096	-0.00605	-0.00667	0.00246	0.00423	0.00026	0.00859	-0.00430	-0.00002	-0.00099	0.00172	-0.00331	0.00317	-0.00198	-0.00315	-0.00058	-0.00275	0.00034	(And (Can $e0) (Member $e0 help))
p206655	-0.00304	-0.00003	-0.00117	-0.00202	-0.00269	0.00209	-0.00528	0.00172	0.00007	-0.00026	0.00366	-0.00639	0.00608	0.00323	-0.00267	-0.00291	-0.00598	0.00398	0.00644	-0.00024	0.01625	-0.00682	0.00057	-0.00043	-0.00145	-0.00552	0.00317	-0.00425	-0.00224	-0.00221	-0.00540	0.00027	(And (Can $e0) (Past $e0))
p206656	-0.00272	-0.02493	-0.00165	-0.00472	-0.00917	-0.00763	-0.00144	-0.02717	-0.00332	0.02135	0.00466	-0.00952	0.00974	-0.01719	0.00055	-0.00138	-0.00825	0.02726	0.01381	-0.01490	0.00908	-0.00044	-0.00440	-0.00909	0.02873	0.00129	-0.00930	0.01007	0.06332	-0.00412	-0.01187	0.01410	(And (Cardinality $x0 <num>) (GroupOf $x0 girl))
p206657	-0.04722	0.00352	0.08544	-0.05080	-0.03236	0.02650	0.00006	-0.04298	-0.04023	0.00390	0.09684	0.04738	0.01107	0.08937	0.08187	0.08085	-0.07527	-0.00695	-0.00764	-0.02171	-0.03997	-0.02113	0.07972	-0.08652	-0.01989	0.10147	0.01174	-0.00376	-0.01538	-0.05999	-0.01768	0.00617	(And (CoAgent $e0 $x0) (Member $e0 work))
p206658	-0.04828	0.00409	0.08860	-0.05231	-0.03318	0.02959	0.00028	-0.04416	-0.04045	0.00548	0.10007	0.04901	0.01017	0.09277	0.08594	0.08510	-0.07634	-0.00722	-0.00889	-0.02179	-0.04104	-0.02718	0.08281	-0.08996	-0.01970	0.10398	0.01056	-0.00460	-0.01709	-0.06214	-0.01830	0.00417	(And (CoAgent $e0 $x0) (Member $x0 ranger))
p206660	-0.01117	0.01234	0.01309	-0.00657	0.00250	0.01031	-0.00559	0.00557	0.00588	-0.00630	0.00965	-0.01264	0.01531	0.00438	-0.00364	-0.00236	-0.00373	-0.00326	0.00051	0.00273	0.01781	0.00060	-0.00003	-0.00910	0.00098	0.00129	0.00593	0.00613	-0.00569	-0.00833	0.00173	-0.00825	(And (During $e0 $e1) (Past $e0))
p206661	-0.00537	0.01819	0.00602	-0.00541	0.00227	0.00985	-0.00464	0.00656	0.00908	-0.00813	0.00435	-0.01416	0.01417	0.00325	-0.00296	-0.00230	0.00269	-0.00410	-0.00311	0.00803	0.02067	-0.00200	-0.00647	-0.00882	0.00868	-0.00099	0.00528	0.00323	-0.00704	-0.00972	0.00219	-0.00881	(And (During $e0 $e1) (Past $e1))
p206662	0.00134	-0.00577	-0.00323	0.01689	-0.01179	0.00561	-0.00893	-0.00286	0.00190	0.00311	-0.00916	-0.00276	0.00365	0.00597	0.01023	0.01060	0.00309	-0.00114	0.01307	-0.00164	-0.00897	-0.00612	-0.00502	-0.00929	-0.00612	-0.00653	-0.00276	0.03260	-0.00019	-0.00876	-0.00279	0.00356	(And (Experiencer $e0 $x0) (Future $e0))
p206663	0.02030	0.01162	-0.00768	-0.00577	-0.01134	-0.01342	0.01085	-0.00508	-0.01286	-0.01172	-0.00214	0.01502	0.00475	0.00936	0.00333	0.01159	-0.00016	0.01102	-0.00124	0.01293	-0.01628	0.00356	-0.00933	-0.01851	0.00635	-0.00467	-0.00249	0.03407	0.00036	-0.01433	-0.00367	0.00768	(And (Experiencer $e0 $x0) (GroupOf $x0 child))
p206664	-0.00158	-0.00970	-0.00544	0.00335	-0.00606	0.00502	-0.00604	-0.00169	-0.00301	0.00215	-0.00656	0.00292	0.00276	0.00052	-0.00341	-0.00147	-0.00110	0.00178	-0.00281	0.00284	0.00465	-0.00420	-0.00181	0.00624	-0.00079	-0.00355	-0.00367	0.04425	-0.00047	-0.00208	0.00170	0.01551	(And (Experiencer $e0 $x0) (Member $e0 beautiful))
p206665	0.00058	0.13074	0.06699	0.07601	0.00776	-0.06568	-0.03262	-0.03021	-0.05035	-0.00013	-0.01409	0.01563	0.00793	-0.03610	-0.09442	-0.04015	-0.04815	-0.02903	0.12452	-0.03774	-0.02700	0.04687	0.00680	-0.02030	-0.07620	0.02846	0.08007	0.08255	-0.01486	0.18029	0.00655	-0.01240	(And (Experiencer $e0 $x0) (Member $e0 discover))
p206666	0.00111	-0.00314	-0.00199	0.00317	-0.00456	-0.00990	-0.00044	-0.00691	-0.00814	0.00519	-0.00171	0.00534	0.00322	0.00895	0.00227	0.00297	0.00543	0.00837	0.00128	-0.00005	-0.00864	-0.00240	-0.00276	-0.00633	-0.00325	0.00228	-0.00143	0.03628	0.00066	-0.00145	-0.00242	0.00188	(And (Experiencer $e0 $x0) (Member $e0 look))
p206667	-0.00230	0.00747	-0.00193	-0.00658	-0.00517	-0.01831	0.01925	0.01045	-0.00774	0.00095	0.01445	0.00587	-0.00031	0.02891	0.00411	0.01433	-0.00333	0.01532	0.00836	0.00587	-0.00605	-0.01296	-0.00451	-0.02434	-0.01060	0.00240	0.00273	0.02990	-0.01463	-0.01287	0.00038	-0.00463	(And (Experiencer $e0 $x0) (Member $e0 work))
p206668	-0.00077	0.14158	0.07390	0.08343	0.00870	-0.07072	-0.03476	-0.03255	-0.05360	-0.00008	-0.01458	0.01593	0.00867	-0.04071	-0.10198	-0.04478	-0.05259	-0.03110	0.13295	-0.04106	-0.02831	0.04872	0.00902	-0.02347	-0.08080	0.03031	0.08666	0.08802	-0.01761	0.20307	0.00708	-0.01366	(And (Experiencer $e0 $x0) (Member $x0 auditor))
p206669	0.00586	0.00326	-0.00262	0.00148	-0.00614	-0.01076	0.00275	-0.01010	-0.00879	-0.00053	-0.00284	0.00623	0.00377	0.01104	0.00382	0.00524	0.00601	0.00356	-0.00348	0.00416	-0.01089	0.00291	-0.00658	-0.01045	0.00440	0.00076	0.00206	0.03304	-0.00134	-0.00499	-0.00207	-0.00098	(And (Experiencer $e0 $x0) (Member $x0 cat))
p206670	-0.01424	-0.02228	-0.00009	-0.00635	-0.00370	0.03157	-0.01287	0.00313	0.00492	-0.00363	0.02285	0.00211	0.00499	-0.02383	-0.01514	-0.01191	0.00227	-0.01168	-0.01705	0.00211	-0.01410	-0.00027	0.00548	0.02364	0.01487	-0.00719	-0.00974	0.06246	0.01874	-0.00009	0.00188	0.00994	(And (Experiencer $e0 $x0) (Member $x0 door))
p206671	-0.02976	0.01612	0.04376	-0.02107	0.05916	0.03083	0.03274	0.03325	0.01706	-0.02041	-0.03207	-0.01735	-0.01668	-0.02266	0.04628	-0.04042	-0.01985	-0.01787	-0.02417	-0.02197	0.04955	-0.00338	0.01979	0.04490	0.01276	0.04233	-0.02102	0.02322	-0.01716	-0.01370	0.01155	-0.01652	(And (Experiencer $e0 $x0) (Member $x0 thing))
p206672	-0.01459	0.01035	0.01948	-0.01067	0.02619	0.01042	0.01385	0.01634	0.00693	-0.00780	-0.01691	-0.00696	-0.00960	-0.00705	0.01959	-0.01778	-0.00856	-0.00677	-0.01112	-0.01047	0.02295	-0.00451	0.00989	0.02057	0.00276	0.01715	-0.01151	0.02785	-0.00900	-0.00834	0.00302	-0.00719	(And (Experiencer $e0 $x0) (Member $x0 weather))
p206673	0.00296	-0.00504	-0.00949	0.00115	-0.00609	-0.00997	-0.00422	-0.00362	-0.00297	0.00761	-0.00055	0.00086	-0.00184	0.01839	0.00101	0.00961	0.00821	0.01263	0.00497	0.00133	0.00281	-0.00907	-0.00598	-0.01121	-0.00458	-0.00327	-0.00083	0.03698	-0.00395	-0.00708	-0.00577	0.00234	(And (Experiencer $e0 $x0) (Time $e0 today))
p206674	-0.00455	-0.00287	-0.00226	-0.00199	-0.00018	0.00099	-0.00356	0.00423	0.00795	-0.00484	0.00259	-0.01172	0.00444	0.00096	-0.00434	-0.00481	-0.00742	-0.00076	0.01046	-0.00197	0.02130	0.00676	-0.00040	0.00649	-0.00263	-0.00658	0.01003	-0.00796	-0.00094	-0.00389	-0.00610	-0.00037	(And (For $e0 $e1) (Past $e0))
p206675	0.00374	0.03714	0.00066	-0.00185	-0.00978	0.00526	-0.01961	0.00550	0.00159	-0.00240	0.00588	0.00080	-0.00394	0.00809	-0.00840	0.00495	0.00313	0.00443	-0.00191	0.01327	-0.00437	-0.01696	-0.01125	-0.01773	0.02129	-0.00333	-0.00604	0.00724	-0.00328	-0.01001	-0.01169	0.01178	(And (For $e0 $x0) (Ongoing $e0))
p206676	-0.00379	0.01800	0.00777	-0.00102	-0.00304	0.00841	-0.01208	0.00597	0.00763	-0.00105	0.00320	-0.00588	-0.01008	0.00329	-0.00693	-0.00223	0.00931	0.00098	-0.00044	0.00376	0.00041	-0.01144	-0.00700	-0.00847	0.00497	-0.00684	-0.00527	-0.00555	-0.00334	-0.00544	-0.01092	0.00317	(And (For $e0 $x0) (Past $e0))
p206677	-0.00484	-0.00751	-0.00867	0.08418	-0.03309	0.06719	-0.02603	-0.00905	0.03553	0.02070	-0.04887	-0.03316	0.00480	-0.00501	0.05475	0.05669	0.00363	-0.02946	0.08697	-0.02132	-0.00273	-0.01404	-0.00840	-0.03393	-0.01245	-0.02193	-0.00704	-0.01278	0.01196	-0.04117	0.03293	-0.01165	(And (Future $e0) (Member $e0 start))
p206678	-0.00056	-0.00609	-0.01277	0.02973	-0.02299	0.03050	-0.02496	0.01630	0.02252	0.00004	-0.01213	-0.01682	-0.00025	-0.00621	0.01630	0.02128	-0.01001	-0.01105	0.02111	0.00313	-0.00164	-0.01529	-0.00630	-0.00560	-0.00983	-0.02153	-0.00079	-0.00026	-0.00128	-0.01820	-0.00827	0.03250	(And (Future $e0) (Time $e0 (Weekday thursday)))
p206679	-0.00084	-0.00358	-0.00741	0.02238	-0.01569	0.02434	-0.01571	0.00871	0.01363	0.00004	-0.01501	-0.01073	0.00114	-0.00431	0.01323	0.01590	-0.00456	-0.00922	0.01695	-0.00013	-0.00208	-0.00812	-0.00209	-0.00627	-0.00966	-0.01504	-0.00063	-0.00150	-0.00055	-0.01380	0.00341	0.01718	(And (Future $e0) (Time $e0 tomorrow))
p206680	0.06863	-0.00025	-0.00738	-0.01331	-0.00251	0.01096	-0.00360	-0.00970	-0.01652	-0.00007	0.00391	0.01418	-0.00386	-0.02112	-0.01301	0.00650	-0.00298	-0.00194	-0.01116	-0.01113	-0.00606	-0.00053	0.06822	-0.01653	-0.00324	-0.02249	0.00415	-0.00008	-0.00386	0.01103	0.01622	-0.00975	(And (Goal $e0 $x0) (Manner $e0 quickly))
p206681	0.09385	-0.00067	0.00396	-0.00815	-0.00399	0.02726	-0.00236	-0.02030	-0.01342	-0.00468	-0.02590	0.01225	-0.01099	-0.02398	-0.00823	-0.00149	0.01640	0.00137	-0.01586	-0.02279	0.00009	0.00074	0.08159	-0.02126	-0.00657	-0.03085	-0.00928	0.00430	-0.00029	0.01726	0.00403	-0.00686	(And (Goal $e0 $x0) (Member $e0 come))
p206682	0.06471	-0.00844	-0.01307	-0.01400	-0.01609	0.02210	-0.01364	-0.01957	-0.01670	-0.01817	-0.00636	0.01782	0.00164	-0.02996	-0.00780	0.01048	-0.02066	0.02496	-0.00698	-0.01336	-0.00168	0.01334	0.05276	-0.01241	0.00073	-0.02991	-0.01140	0.01141	0.03256	0.00621	-0.00208	0.02480	(And (Goal $e0 $x0) (Member $x0 pier))
p206683	0.01352	0.00917	-0.01384	-0.00568	0.00500	0.00073	-0.01189	0.02495	0.00091	0.00250	0.04001	-0.00014	-0.02697	0.00409	-0.01964	0.00749	-0.01922	0.01454	0.02442	-0.00386	0.05820	-0.01735	0.01214	-0.00800	-0.01589	0.00475	-0.00036	-0.00200	-0.01086	-0.00702	-0.02497	0.01315	(And (Goal $e0 bed) (Member $e0 go))
p206684	-0.02199	0.00483	0.03635	0.00288	0.00625	0.02035	-0.00703	-0.00141	0.01770	0.00709	-0.01119	-0.01624	-0.01650	0.00908	-0.00583	-0.00615	0.04684	0.00043	-0.00174	-0.01242	-0.00202	-0.01229	-0.00806	-0.01534	-0.01425	-0.00316	-0.01242	-0.00331	-0.00880	-0.00630	-0.01045	-0.01068	(And (Goal $e0 home) (Past $e0))
p206685	0.00007	-0.01398	-0.00690	-0.07703	0.03455	0.10920	-0.01276	-0.05224	-0.09263	-0.08313	-0.00262	0.16199	-0.01828	0.01966	-0.05764	-0.03082	0.03296	0.11546	0.13610	0.06225	0.00639	0.16787	-0.02909	-0.02422	0.00505	0.03004	-0.09278	-0.00009	-0.02819	-0.07301	0.00996	-0.02971	(And (GroupOf $x0 child) (Recipient $e0 $x0))
p206686	-0.00247	-0.00127	0.00016	0.00004	-0.00125	-0.00060	-0.00072	-0.00113	-0.00128	0.00072	-0.00009	-0.00047	-0.00241	-0.00021	0.00115	-0.00099	0.00205	0.00136	-0.00120	-0.00087	-0.00209	-0.00071	-0.00178	0.00018	-0.00035	0.00252	-0.00157	-0.00076	0.00227	-0.00032	-0.00244	-0.00250	(And (GroupOf $x0 person) (Past (LocatedIn $x0 $x1)))
p206687	-0.00783	0.00118	-0.00465	0.02101	-0.00717	0.01046	0.01624	-0.03061	-0.00520	0.03639	-0.03884	-0.00567	0.00794	-0.00882	0.02434	0.02712	0.00856	-0.01239	0.01973	-0.01558	-0.00070	0.00560	0.00561	-0.02679	0.02233	0.00724	0.00780	-0.01257	0.02815	-0.02170	0.05711	-0.02640	(And (GroupOf $x0 thing) (Patient $e0 $x0))
p206688	0.03100	-0.00158	0.03477	0.02112	0.00216	-0.01875	0.00041	0.01594	0.03626	0.00463	-0.00297	-0.02076	0.01044	-0.00333	-0.00302	-0.01361	-0.02705	0.04035	-0.00915	-0.00398	-0.01910	0.01295	-0.02374	-0.02314	-0.00058	0.03749	-0.01374	0.00204	0.00380	-0.00793	-0.00188	-0.00268	(And (Holder $e0 $x0) (Member $e0 need))
p206689	0.01702	0.00072	0.02819	0.02035	0.00353	-0.01596	-0.00145	0.00482	0.02795	0.01988	-0.00502	-0.02314	-0.00869	0.00416	-0.00489	-0.00336	-0.01696	0.03602	-0.00911	-0.00377	-0.00939	0.00335	-0.01902	-0.01727	-0.00298	0.02926	-0.00895	0.00034	-0.00761	-0.00750	-0.00299	-0.00444	(And (Holder $e0 $x0) (Member $x0 lathe))
p206690	0.01703	0.00073	0.02820	0.02036	0.00354	-0.01595	-0.00144	0.00482	0.02795	0.01989	-0.00502	-0.02313	-0.00868	0.00417	-0.00488	-0.00335	-0.01695	0.03603	-0.00910	-0.00376	-0.00938	0.00336	-0.01901	-0.01726	-0.00297	0.02928	-0.00894	0.00035	-0.00760	-0.00749	-0.00298	-0.00443	(And (Holder $e0 $x0) (Theme $e0 monthly_servicing))
p206691	-0.00015	-0.00385	-0.00209	0.00067	-0.00468	-0.00796	-0.00093	-0.00620	-0.00760	0.00258	-0.00224	0.00359	0.00105	0.00582	0.00082	0.00153	0.00344	0.00563	0.00009	-0.00062	-0.00768	-0.00323	-0.00344	-0.00565	-0.00247	0.00175	-0.00170	0.02422	-0.00029	-0.00154	-0.00302	-0.00042	(And (Like $e0 $x0) (Member $e0 look))
p206692	-0.01114	-0.01399	0.00329	-0.00146	0.00738	-0.00029	0.01703	-0.00646	0.01543	-0.01063	-0.00330	-0.00967	-0.00772	-0.01438	-0.00225	-0.00885	0.00503	-0.01302	-0.00677	-0.00650	0.00617	0.03419	0.00026	0.01861	-0.00349	-0.00882	0.02109	-0.00851	0.01094	-0.00229	-0.00323	-0.00219	(And (LocatedIn $x0 $x1) (Location $e0 $x0))
p206693	-0.00319	-0.00214	-0.00360	-0.00309	0.00052	-0.00489	-0.00101	-0.00205	-0.00165	0.00282	0.00961	-0.00040	-0.00292	-0.00137	-0.00230	0.00096	0.00260	0.00366	-0.00377	-0.00012	-0.00343	0.00051	-0.00074	0.00038	0.00121	0.00126	0.00049	-0.00302	0.00571	-0.00115	0.00355	-0.00521	(And (LocatedIn $x0 $x1) (Member $x1 city))
p206694	-0.00245	-0.00415	-0.00093	-0.00130	0.00032	-0.00265	0.00124	-0.00449	-0.00287	0.00085	0.00123	0.00070	-0.00312	-0.00130	0.00063	-0.00191	0.00307	0.00123	-0.00358	-0.00170	0.00011	0.00204	-0.00146	0.00330	0.00340	0.00405	-0.00250	-0.00174	0.00392	0.00069	-0.00266	-0.00322	(And (LocatedIn $x0 $x1) (Member $x1 full))
p206695	-0.00131	-0.00463	-0.00183	-0.00106	0.00026	-0.00308	0.00303	-0.00465	-0.00220	0.00015	0.00035	0.00018	-0.00292	-0.00005	0.00291	-0.00091	0.00441	0.00132	-0.00448	-0.00066	0.00055	0.00255	-0.00232	0.00283	0.00398	0.00360	-0.00265	-0.00238	0.00272	-0.00036	-0.00222	-0.00352	(And (LocatedIn $x0 $x1) (Member $x1 table))
p206696	-0.00078	-0.00950	-0.00683	-0.00749	0.00820	-0.00293	-0.00112	0.00514	-0.00202	0.00008	0.00039	-0.00313	0.01347	0.00363	-0.00328	0.00478	-0.00397	-0.00332	-0.00360	-0.00571	-0.00723	0.01011	0.00116	-0.00233	0.01046	-0.00364	-0.00338	0.00089	-0.00483	0.00209	-0.00006	0.00306	(And (LocatedIn $x0 $x1) (Theme $e0 $x0))
p206697	0.00749	-0.01352	-0.00436	0.00238	-0.00462	-0.01843	0.00991	-0.01677	-0.00658	-0.00527	-0.00686	0.00155	0.00596	0.00191	0.00730	0.00620	0.00331	0.00333	-0.00424	-0.00223	-0.01394	0.01979	-0.00526	-0.00567	-0.00586	-0.00586	0.01934	0.03853	0.01098	-0.00269	0.00046	-0.00042	(And (Location $e0 $x0) (Member $e0 wait))
p206698	-0.04386	-0.00837	0.05629	-0.04195	-0.02667	0.01412	-0.00911	-0.03323	-0.03264	-0.01016	0.07146	0.03491	0.02127	0.04206	0.06542	0.04496	-0.07894	-0.01084	-0.00732	-0.01806	-0.03396	0.00271	0.06270	-0.05904	-0.02242	0.06971	0.06260	0.00267	0.00938	-0.04768	-0.01774	0.04825	(And (Location $e0 $x0) (Member $x0 frame))
p206699	0.00758	-0.01340	-0.00420	0.00248	-0.00450	-0.01831	0.01002	-0.01667	-0.00646	-0.00516	-0.00675	0.00165	0.00607	0.00205	0.00739	0.00632	0.00342	0.00348	-0.00411	-0.00214	-0.01383	0.01991	-0.00512	-0.00557	-0.00575	-0.00575	0.01943	0.03863	0.01109	-0.00259	0.00057	-0.00032	(And (Location $e0 $x0) (Member $x0 gate))
p206700	-0.01156	-0.01276	-0.00850	-0.00438	-0.00481	0.01093	-0.00996	-0.00504	0.00536	-0.00541	-0.00016	-0.00399	0.00377	-0.02382	0.00058	-0.00469	-0.01636	-0.01457	-0.00195	-0.00472	-0.00142	0.02571	0.00995	0.02397	-0.00725	-0.01132	0.03347	0.00143	0.02152	-0.00899	-0.00596	0.03237	(And (Location $e0 $x0) (Member $x0 hall))
p206701	-0.00468	-0.00774	-0.00083	0.00156	0.00391	-0.00169	0.00748	-0.00806	0.00541	-0.00745	-0.00578	-0.00528	-0.00204	-0.01323	-0.00319	-0.00404	-0.00199	-0.01076	-0.00389	-0.00411	0.00593	0.02930	0.00271	0.01323	-0.00291	-0.00515	0.02149	-0.00659	0.00876	0.00091	0.00729	-0.00421	(And (Location $e0 $x0) (Member $x0 house))
p206702	-0.00331	-0.01125	-0.00332	-0.00377	-0.00394	0.00504	0.00805	-0.00056	-0.00055	-0.00992	-0.00225	0.00137	0.00377	-0.01872	-0.00277	-0.00420	-0.01559	-0.01207	-0.00267	-0.00112	-0.00382	0.02479	0.00955	0.01265	-0.00745	-0.01050	0.02843	0.00081	0.01335	-0.00373	-0.00304	0.02631	(And (Location $e0 $x0) (Member $x0 ridge))
p206703	0.00724	0.01473	-0.00582	-0.00420	-0.00604	-0.00099	-0.00180	-0.01022	-0.00007	-0.01414	0.00197	0.00451	0.00192	-0.00358	-0.00239	0.00465	-0.00415	-0.00714	-0.00541	0.00865	-0.00364	0.02414	-0.00582	-0.00310	0.01658	-0.00977	0.02001	0.00526	0.00884	-0.01024	-0.00439	0.00766	(And (Location $e0 $x0) (PartOf $x0 $x1))
p206704	-0.01156	-0.01276	-0.00850	-0.00438	-0.00480	0.01093	-0.00996	-0.00504	0.00537	-0.00541	-0.00015	-0.00399	0.00377	-0.02382	0.00059	-0.00469	-0.01636	-0.01456	-0.00195	-0.00471	-0.00142	0.02571	0.00996	0.02398	-0.00725	-0.01132	0.03347	0.00144	0.02152	-0.00899	-0.00596	0.03237	(And (Location $e0 $x0) (Theme $e0 photography))
p206705	-0.00274	0.00366	0.00060	-0.00333	-0.00153	0.00115	-0.00687	0.00872	0.00636	0.00264	0.01387	-0.00403	-0.00523	0.00137	-0.00674	0.00475	0.00355	0.00383	0.00109	0.00387	-0.00729	-0.00702	-0.00096	-0.00661	-0.00651	-0.00643	0.00348	-0.00432	0.00055	-0.00347	0.00756	-0.00314	(And (Location $e0 here) (Past $e0))
p206706	-0.00033	0.00276	-0.00476	0.00463	-0.00628	0.00539	-0.00744	0.00831	0.00532	0.00099	0.00561	-0.00483	-0.00043	-0.00061	0.00012	0.01137	-0.00156	-0.00052	0.00796	0.00301	-0.00886	-0.00575	-0.00031	-0.00968	-0.00954	-0.00767	0.00433	-0.00654	-0.00044	-0.00766	0.01808	-0.00704	(And (Location $e0 here) (Patient $e0 $x0))
p206707	-0.00549	0.00024	0.00526	-0.00024	-0.00215	0.00540	-0.00479	-0.00009	0.00254	0.00077	0.00061	-0.00670	0.00406	0.00373	-0.00287	-0.00508	0.00207	0.00258	0.00379	-0.00134	0.01110	-0.00656	-0.00122	-0.00168	-0.00246	-0.00569	0.00041	-0.00282	-0.00262	-0.00147	-0.00588	0.00076	(And (Manner $e0 immediately) (Past $e0))
p206708	-0.00393	0.00320	-0.00366	-0.00397	0.00069	0.00040	-0.01002	0.01065	0.00737	0.00116	0.00948	-0.00833	-0.01110	0.00255	-0.00645	0.00140	-0.00499	0.00375	0.01044	-0.00107	0.01589	-0.00914	-0.00005	-0.00040	-0.00476	-0.00581	0.00201	-0.00774	-0.00279	-0.00469	-0.01029	-0.00136	(And (Measure $e0 duration <num> year) (Past $e0))
p206709	-0.00048	0.00213	0.00039	0.00450	-0.00157	-0.00016	0.00425	-0.00211	-0.00506	0.00609	-0.01705	0.00100	-0.00063	0.00280	0.00117	0.00523	0.00369	0.00108	-0.00212	-0.00224	0.00198	0.00317	0.00236	-0.00776	-0.01003	0.00667	0.00028	-0.00513	-0.00456	-0.00206	0.02509	-0.00822	(And (Measure $x0 age <num> year) (Member $x0 founder))
p206710	-0.00087	0.00178	0.00005	0.00415	-0.00191	-0.00041	0.00392	-0.00241	-0.00534	0.00577	-0.01735	0.00063	-0.00096	0.00250	0.00081	0.00493	0.00342	0.00076	-0.00249	-0.00255	0.00161	0.00282	0.00204	-0.00808	-0.01030	0.00629	-0.00004	-0.00547	-0.00486	-0.00242	0.02476	-0.00857	(And (Measure $x0 age <num> year) (Patient $e0 $x0))
p206711	-0.00071	-0.00417	-0.00804	-0.00753	0.01106	-0.00440	-0.00338	0.00132	-0.00111	-0.00340	-0.00011	-0.00437	0.01396	-0.00214	0.00119	0.00950	-0.00860	-0.00115	0.00395	-0.00510	0.00345	-0.00172	0.00040	0.00269	0.00059	-0.00581	0.00251	0.00000	-0.00351	-0.00618	-0.00110	0.00746	(And (Member $e0 accept) (Theme $e0 $x0))
p206712	-0.00336	-0.00351	0.00835	-0.00092	-0.00211	0.00184	0.00117	-0.01061	-0.00847	-0.00186	-0.00466	-0.00465	0.02657	0.00299	-0.00010	-0.00493	0.00189	-0.00014	0.00040	-0.00306	0.00260	-0.00203	-0.00030	-0.00353	0.00197	-0.00252	0.00156	0.00056	-0.00416	-0.00037	0.00137	-0.00569	(And (Member $e0 approve) (Theme $e0 $x0))
p206713	-0.00668	0.00091	0.00616	0.00150	-0.00173	0.00889	-0.00966	0.00599	0.01090	0.00297	-0.00015	-0.00923	-0.01148	0.00155	-0.00397	-0.00125	0.00877	0.00031	0.00284	-0.00198	0.00409	-0.00867	-0.00272	-0.00274	-0.00636	-0.00865	-0.00310	-0.00328	-0.00196	-0.00452	-0.00953	0.00406	(And (Member $e0 arrive) (Past $e0))
p206714	-0.00035	-0.00592	-0.01225	0.02908	-0.01996	0.02982	-0.02376	0.01314	0.01940	0.00639	-0.01025	-0.01565	-0.00295	-0.00233	0.01148	0.02069	-0.00777	-0.00771	0.01698	0.00139	0.00258	-0.01427	-0.00788	-0.00764	-0.00897	-0.01602	-0.00146	-0.00004	-0.00301	-0.01451	-0.00780	0.03089	(And (Member $e0 arrive) (Time $e0 (Hour <num>)))
p206715	0.00039	-0.00798	-0.00365	-0.00386	0.00033	-0.00052	-0.00048	0.00657	-0.00187	-0.00284	-0.00058	-0.00233	0.02040	0.00682	-0.00181	-0.00132	-0.00620	-0.00354	-0.00080	-0.00301	-0.00963	0.00737	0.00124	-0.00391	0.01042	-0.00315	-0.00176	0.00133	-0.00739	0.00319	0.00018	0.00164	(And (Member $e0 avoid) (Theme $e0 $x0))
p206716	-0.00159	-0.00297	-0.00856	-0.00257	0.00020	-0.00583	-0.00491	0.00471	0.00999	0.00104	0.00617	-0.00787	-0.00845	0.00470	-0.00646	0.00692	0.00041	0.00470	0.00686	0.00008	0.01258	0.00470	-0.00124	-0.00169	-0.00651	-0.00641	0.00913	0.00510	-0.00132	-0.00619	0.00103	-0.00267	(And (Member $e0 bear) (Past $e0))
p206717	-0.01225	-0.00968	0.00039	-0.00971	-0.00185	0.02353	-0.01218	0.01239	0.00684	-0.00412	0.02089	-0.00786	0.01076	-0.01706	-0.01119	-0.00840	-0.01358	-0.00877	-0.00105	0.00218	0.00519	-0.00499	0.00859	0.01641	0.00447	-0.00734	0.00010	0.02055	0.00957	-0.00505	0.00309	0.00012	(And (Member $e0 become) (Past $e0))
p206718	-0.01629	-0.01562	0.00343	-0.00006	-0.00342	0.03909	-0.01380	0.01402	0.01193	-0.00584	0.00386	-0.01196	0.01348	-0.02342	-0.00208	-0.01103	-0.01365	-0.01725	0.00155	-0.00221	0.00766	-0.00379	0.01114	0.02458	0.00337	-0.00934	-0.00479	0.03687	0.01074	-0.00976	0.00431	0.00348	(And (Member $e0 become) (Result $e0 $e1))
p206719	-0.00011	0.00411	-0.00162	0.05091	-0.02110	0.04332	-0.01886	0.00584	0.01850	0.00657	-0.03526	-0.02003	-0.00114	0.00853	0.02848	0.03493	0.00198	-0.01462	0.05005	-0.01036	0.00277	-0.00571	-0.00875	-0.02559	-0.02491	-0.00547	-0.00811	-0.01201	-0.01095	-0.02510	0.02447	-0.00712	(And (Member $e0 begin) (Might $e0))
p206720	-0.00744	-0.00489	-0.01669	-0.01378	0.00806	-0.01094	-0.00154	0.00706	0.00676	-0.00971	0.00043	-0.00720	0.01592	-0.00883	0.00429	0.01261	0.00229	-0.00236	0.00759	0.00232	-0.01054	-0.00652	0.00573	0.00251	0.00389	0.00590	0.00446	0.00111	-0.00670	0.00021	-0.00011	0.00694	(And (Member $e0 borrow) (Source $e0 $x0))
p206721	-0.00739	-0.00484	-0.01663	-0.01373	0.00811	-0.01088	-0.00149	0.00711	0.00681	-0.00966	0.00048	-0.00714	0.01597	-0.00877	0.00435	0.01266	0.00235	-0.00230	0.00765	0.00238	-0.01048	-0.00646	0.00578	0.00257	0.00395	0.00596	0.00451	0.00116	-0.00664	0.00027	-0.00006	0.00699	(And (Member $e0 borrow) (Theme $e0 $x0))
p206722	0.00053	0.02222	0.00010	-0.00389	-0.00497	0.00309	-0.01296	0.01318	0.00658	-0.00178	0.01637	-0.00380	-0.00635	0.00370	-0.01198	0.00563	0.00199	0.00482	0.00199	0.00978	-0.00420	-0.01239	-0.00577	-0.01378	0.00246	-0.00372	0.00126	-0.00891	-0.00401	-0.00635	0.00551	-0.00269	(And (Member $e0 break_out) (Past $e0))
p206723	-0.00182	0.00066	0.00638	0.00097	-0.00491	-0.00545	-0.00751	0.00385	0.00099	0.00323	0.00305	0.00041	-0.00073	0.01272	-0.00926	-0.00405	-0.00103	0.00747	-0.00822	0.00324	-0.00294	-0.00085	-0.00471	-0.00676	-0.00786	-0.00474	-0.00302	-0.00118	-0.00934	0.00626	0.02254	0.02037	(And (Member $e0 build) (Patient $e0 $x0))
p206724	-0.00642	-0.00556	-0.01869	0.01172	0.00016	-0.01681	-0.00810	-0.01839	-0.01303	0.01375	-0.01653	0.00432	-0.01080	0.01908	-0.01810	0.00094	-0.00157	0.01901	-0.00402	-0.00899	0.06286	0.00146	-0.00786	0.00394	-0.00644	0.03385	-0.00855	-0.00393	-0.00918	0.00586	0.02240	0.02961	(And (Member $e0 call_off) (Patient $e0 $x0))
p206725	-0.00131	0.00374	0.00665	-0.00382	0.00179	-0.01111	0.00807	-0.00942	0.01466	-0.01341	0.01114	-0.00526	-0.00407	-0.00183	-0.01136	-0.00798	0.00794	-0.00521	-0.01642	0.01738	-0.00789	0.03253	-0.00744	0.00606	0.00379	-0.00762	0.01562	-0.01186	-0.00046	0.00891	0.01936	-0.00188	(And (Member $e0 cause) (Patient $e0 $x0))
p206726	0.00051	0.00402	0.00017	-0.00370	0.00101	-0.00527	-0.00523	0.00658	0.00390	-0.00070	0.01305	-0.00193	-0.00685	0.00714	-0.00833	-0.00030	0.00405	0.00683	0.00270	0.00214	0.00307	-0.00669	-0.00277	-0.00390	-0.00607	-0.00340	0.00220	-0.00613	-0.00461	0.00242	0.00809	-0.00168	(And (Member $e0 change) (Past $e0))
p206727	0.00106	-0.00255	-0.00059	0.00350	-0.00328	-0.00432	-0.00196	-0.00698	-0.00469	0.00195	-0.00512	0.00416	-0.00099	0.00749	-0.00606	-0.00157	0.00541	0.00370	-0.00725	0.00033	-0.00029	0.00083	-0.00505	-0.00227	-0.00434	0.00156	-0.00294	-0.00066	-0.00493	0.00597	0.02004	0.00816	(And (Member $e0 close) (Patient $e0 $x0))
p206728	-0.00150	0.01410	0.00423	-0.00751	0.00098	-0.00614	0.02196	0.01820	-0.00220	-0.00040	-0.00629	0.00155	-0.00123	-0.00108	-0.00121	0.00024	0.00521	0.00172	0.00118	0.00480	-0.01328	-0.00596	0.00473	-0.01397	-0.01116	-0.00151	0.00501	-0.00813	-0.00862	-0.00581	0.02243	-0.00970	(And (Member $e0 come) (Patient $e0 $x0))
p206729	0.00124	0.01334	-0.00073	-0.00627	-0.00153	-0.00509	-0.00204	0.00385	-0.00468	0.00024	0.00253	0.00281	0.00125	0.00127	-0.00139	0.00478	0.00017	0.00653	-0.00268	0.00407	-0.01166	-0.00719	0.00131	-0.01352	0.00031	0.00067	0.00367	0.00601	-0.00119	-0.00478	0.01295	-0.00711	(And (Member $e0 come) (Source $e0 $x0))
p206730	-0.00038	0.00210	-0.00203	-0.00166	-0.00158	-0.00172	0.00071	0.00278	-0.00218	0.00193	-0.00240	0.00071	-0.00017	-0.00111	-0.00143	0.00491	0.00041	0.00096	-0.00149	0.00146	-0.00431	-0.00038	0.00324	-0.00506	-0.00748	-0.00006	0.00322	-0.00475	-0.00085	-0.00250	0.02044	-0.00748	(And (Member $e0 cover) (Patient $e0 $x0))
p206731	0.00089	-0.00217	0.00026	-0.00493	-0.00627	-0.00547	-0.00382	-0.00184	-0.00278	-0.00591	0.01758	-0.00290	0.02159	0.00681	-0.00656	-0.00531	-0.00347	0.00653	-0.00034	0.00600	-0.00519	-0.00673	-0.00456	-0.00714	0.00049	-0.00314	0.00635	-0.00352	-0.00465	0.00395	0.01682	-0.00111	(And (Member $e0 create) (Past $e0))
p206732	0.00117	-0.00194	0.00044	-0.00470	-0.00607	-0.00532	-0.00361	-0.00163	-0.00260	-0.00569	0.01778	-0.00265	0.02180	0.00700	-0.00631	-0.00512	-0.00330	0.00672	-0.00009	0.00621	-0.00496	-0.00651	-0.00437	-0.00693	0.00065	-0.00289	0.00656	-0.00329	-0.00444	0.00417	0.01703	-0.00087	(And (Member $e0 create) (Patient $e0 $x0))
p206733	0.03777	-0.02335	-0.02896	0.09156	0.05716	0.05428	0.04626	-0.06933	-0.02453	0.02450	0.10321	0.01065	-0.04339	-0.03637	-0.04284	0.03117	0.05617	-0.03204	-0.05447	-0.02694	0.05169	0.01111	-0.04710	-0.02118	0.03678	0.05751	-0.02600	-0.00711	-0.00633	0.04610	-0.02227	-0.02693	(And (Member $e0 decide) (Might $e0))
p206734	0.00550	-0.00225	-0.00384	-0.00682	-0.00433	-0.02229	0.11378	0.05754	-0.01104	-0.02387	-0.02646	0.02070	0.01208	-0.00134	0.01156	-0.01354	-0.00646	-0.00631	-0.03697	0.03722	-0.01495	-0.00389	0.00701	-0.00449	-0.04203	-0.01363	0.02033	-0.01119	-0.04385	0.00474	0.03811	0.01738	(And (Member $e0 destroy) (Theme $e1 $e0))
p206735	0.00058	0.13074	0.06699	0.07601	0.00776	-0.06568	-0.03262	-0.03021	-0.05035	-0.00013	-0.01409	0.01563	0.00793	-0.03610	-0.09442	-0.04015	-0.04815	-0.02903	0.12452	-0.03774	-0.02700	0.04687	0.00680	-0.02030	-0.07620	0.02846	0.08007	0.08255	-0.01486	0.18029	0.00655	-0.01240	(And (Member $e0 discover) (Stimulus $e0 $e1))
p206736	-0.01798	-0.01002	0.01627	-0.00155	0.00802	0.01366	0.00107	-0.01200	0.01831	-0.00708	-0.01110	-0.01448	-0.00242	-0.01201	-0.00161	-0.00479	0.01845	-0.01045	-0.00436	-0.01126	0.00013	0.02523	-0.00125	0.01084	-0.00649	-0.01156	0.01595	-0.00434	0.01028	-0.00879	-0.00297	-0.00166	(And (Member $e0 draw) (Past $e0))
p206737	-0.00214	0.00004	0.00477	-0.00366	-0.00160	-0.01007	-0.00346	-0.00249	0.00051	-0.00357	0.02050	0.00274	-0.00071	0.01047	-0.00907	-0.00418	0.01084	0.00931	-0.00690	0.00588	-0.01599	-0.00443	-0.01030	-0.00391	-0.00098	-0.00299	0.00023	-0.00090	-0.00182	0.00880	0.01494	0.00191	(And (Member $e0 eat) (Past $e0))
p206738	-0.00231	-0.00018	0.00451	-0.00385	-0.00182	-0.01032	-0.00368	-0.00268	0.00028	-0.00377	0.02029	0.00257	-0.00092	0.01023	-0.00924	-0.00442	0.01059	0.00907	-0.00710	0.00567	-0.01620	-0.00464	-0.01053	-0.00413	-0.00121	-0.00317	0.00003	-0.00108	-0.00203	0.00859	0.01474	0.00172	(And (Member $e0 eat) (Patient $e0 $x0))
p206739	-0.00077	0.14158	0.07390	0.08343	0.00870	-0.07072	-0.03476	-0.03255	-0.05360	-0.00008	-0.01458	0.01593	0.00867	-0.04071	-0.10198	-0.04478	-0.05259	-0.03110	0.13295	-0.04106	-0.02831	0.04872	0.00902	-0.02347	-0.08080	0.03031	0.08666	0.08802	-0.01760	0.20307	0.00708	-0.01366	(And (Member $e0 error) (Stimulus $e1 $e0))
p206740	0.00106	0.03148	0.00184	-0.00587	-0.00078	0.00169	-0.00678	0.00573	-0.00172	-0.00413	0.00248	0.00091	-0.00223	0.00127	-0.00103	0.00157	-0.00154	0.00121	-0.00533	0.00860	-0.00172	-0.00957	-0.00416	-0.01298	0.01891	0.00296	-0.00216	-0.01020	-0.00164	-0.00748	0.00292	-0.00681	(And (Member $e0 fall) (Ongoing $e0))
p206741	0.00293	0.01865	-0.00461	-0.01108	-0.00299	-0.00558	-0.01129	0.01863	0.00716	-0.00376	0.02241	-0.00618	-0.00234	-0.00228	-0.00503	0.01074	-0.00593	0.01728	-0.00135	0.01172	-0.01447	-0.01432	-0.00521	-0.01747	0.00022	-0.00684	0.00851	-0.00754	0.00893	-0.00811	0.00810	-0.00626	(And (Member $e0 fall) (Source $e0 $x0))
p206742	-0.00418	-0.00935	0.00182	0.00101	-0.00735	0.00392	0.00109	-0.01369	-0.00468	-0.00795	-0.00542	-0.01013	0.03499	0.00041	-0.00113	-0.01448	-0.01239	-0.00267	0.00440	-0.00120	0.02469	0.00973	-0.00021	0.00740	0.00398	-0.00616	0.01211	-0.00378	-0.00060	0.00040	-0.00007	0.00191	(And (Member $e0 find) (Theme $e0 $x0))
p206743	-0.00373	-0.00107	0.00700	-0.00370	-0.00033	0.00320	0.00410	-0.00233	-0.00568	-0.00874	-0.00400	-0.00564	0.02954	0.00064	0.00351	-0.01528	-0.01312	0.00025	0.00174	-0.00156	0.01361	-0.00409	0.00333	0.00245	0.00240	-0.00168	0.00423	-0.00289	-0.00618	0.00078	0.00002	-0.00064	(And (Member $e0 get) (Theme $e0 $x0))
p206744	-0.02085	0.00405	-0.00253	-0.02141	-0.01638	0.03663	0.00812	0.01695	0.01788	0.00973	-0.01268	-0.02423	0.00644	0.04972	-0.02922	0.02486	-0.01669	0.01927	-0.00909	-0.02458	-0.01168	0.02103	0.01959	0.00985	0.00963	-0.02998	-0.02146	-0.00783	-0.00641	0.04014	-0.00027	-0.00780	(And (Member $e0 give_up) (Theme $e0 $x0))
p206745	-0.00515	-0.00097	0.00411	-0.00223	-0.00206	-0.00253	0.02055	0.01228	-0.00146	-0.00051	-0.00821	-0.00446	0.00739	0.00295	-0.00029	-0.00685	0.00111	0.00090	0.00870	0.00086	0.00670	-0.00529	0.00225	-0.00391	-0.01312	-0.00539	0.00400	-0.00524	-0.00974	-0.00305	0.00553	-0.00159	(And (Member $e0 help) (Past $e0))
p206746	-0.00947	0.00168	0.02385	-0.00235	0.00977	0.00303	0.00208	-0.01164	-0.00608	0.00162	-0.01294	-0.00987	0.01689	0.00462	0.00211	-0.00356	0.01655	0.00037	0.00068	-0.00986	0.00807	-0.00562	-0.00005	-0.00737	-0.00772	-0.00123	-0.00153	-0.00082	-0.00825	-0.00288	0.00196	-0.01216	(And (Member $e0 hold_up) (Past $e0))
p206747	-0.00107	0.00157	-0.00705	-0.00860	-0.00133	-0.00581	-0.00569	0.00631	0.00064	0.00213	0.02240	-0.00141	-0.00246	-0.00210	-0.00943	0.00737	-0.00229	0.00546	-0.00131	0.00499	-0.01030	-0.00548	-0.00001	-0.00710	-0.00438	-0.00518	0.00700	-0.00616	0.00364	-0.00340	0.01548	-0.00893	(And (Member $e0 increase) (Past $e0))
p206748	-0.00128	0.00155	-0.00689	-0.00864	-0.00125	-0.00561	-0.00569	0.00638	0.00081	0.00221	0.02239	-0.00148	-0.00245	-0.00198	-0.00945	0.00743	-0.00219	0.00562	-0.00130	0.00493	-0.01029	-0.00542	0.00021	-0.00708	-0.00419	-0.00524	0.00702	-0.00615	0.00372	-0.00340	0.01554	-0.00899	(And (Member $e0 increase) (Patient $e0 $x0))
p206749	-0.00067	-0.00319	-0.01139	-0.01890	0.01733	0.00192	-0.00624	0.00508	-0.00440	-0.00434	-0.00114	0.00492	0.00405	-0.00626	0.00953	0.01074	-0.00554	0.01615	0.00782	0.00112	-0.00784	-0.00249	-0.00302	-0.00813	-0.00358	-0.00915	0.00641	0.00183	-0.00567	-0.01095	-0.00133	0.01241	(And (Member $e0 learn) (Source $e0 $x0))
p206750	0.00081	-0.00303	-0.00983	-0.01600	0.01185	-0.00086	-0.00271	0.00087	-0.00839	-0.01469	0.00040	0.00968	0.01228	-0.00099	-0.00010	0.00933	-0.00493	0.00864	0.01279	-0.00199	-0.00967	0.00886	-0.00274	-0.00402	-0.00005	-0.00387	-0.00482	0.00153	-0.00500	-0.01474	-0.00011	0.00475	(And (Member $e0 learn) (Theme $e0 $x0))
p206751	-0.01967	-0.02648	0.00257	-0.00957	-0.00031	0.04439	-0.01283	0.00743	0.00832	-0.00627	0.01777	-0.00032	0.00558	-0.03434	-0.01446	-0.01717	-0.00063	-0.01885	-0.02101	0.00012	-0.01148	0.00231	0.01112	0.03512	0.01596	-0.00779	-0.01215	0.06720	0.02191	-0.00254	0.00845	0.00929	(And (Member $e0 leave) (Patient $e0 $x0))
p206752	-0.01967	-0.02648	0.00257	-0.00957	-0.00031	0.04439	-0.01283	0.00743	0.00832	-0.00627	0.01777	-0.00032	0.00558	-0.03434	-0.01446	-0.01717	-0.00063	-0.01885	-0.02101	0.00012	-0.01148	0.00231	0.01112	0.03512	0.01596	-0.00779	-0.01215	0.06720	0.02191	-0.00254	0.00845	0.00929	(And (Member $e0 leave) (Result $e0 $e1))
p206753	-0.03343	-0.02461	-0.05243	-0.02252	-0.01396	-0.02210	-0.01397	0.01920	0.05611	-0.01664	-0.00282	-0.03793	0.01021	-0.03947	-0.00517	0.02970	0.03791	-0.01318	0.01119	0.01382	-0.01013	-0.01434	0.03695	0.01924	0.02887	0.05352	-0.00274	-0.00154	-0.00828	0.03099	-0.00401	0.01306	(And (Member $e0 lend) (Recipient $e0 ravi))
p206754	-0.00663	-0.00111	0.00622	-0.00365	0.00033	0.00099	-0.00035	-0.00499	-0.00505	-0.00047	0.00046	-0.00620	0.01673	0.00275	-0.00127	-0.00058	0.00432	0.00151	0.00112	-0.00174	0.00504	-0.00445	-0.00094	-0.00320	-0.00260	-0.00393	0.00268	-0.00288	-0.00315	-0.00322	0.00642	-0.00816	(And (Member $e0 pick_up) (Past $e0))
p206755	0.00512	0.03981	-0.00237	-0.00643	-0.01422	0.01559	-0.02601	0.00152	-0.00847	-0.01358	0.00953	0.01463	0.00485	-0.00951	-0.01447	0.00029	-0.01803	-0.00325	-0.00079	0.01473	-0.00849	-0.00034	-0.00486	-0.00997	0.02652	-0.00775	0.00509	-0.00131	0.01168	-0.01032	-0.01065	0.03050	(And (Member $e0 play) (Ongoing $e0))
p206756	0.00323	-0.00402	-0.00542	-0.00682	-0.00253	-0.00023	-0.00266	-0.00055	-0.00552	-0.01019	0.00584	-0.00062	0.03448	0.00167	-0.00140	-0.00126	-0.01242	0.00298	0.00578	0.00187	-0.00238	-0.00075	0.00068	-0.00493	0.00492	-0.00259	0.00489	0.00060	-0.00439	-0.00380	0.00686	0.00446	(And (Member $e0 play) (Theme $e0 $x0))
p206757	-0.00649	-0.00397	0.00944	-0.00004	-0.00360	0.00483	-0.00087	-0.01549	-0.00679	-0.00370	-0.00866	-0.00879	0.02879	0.00182	0.00229	-0.00676	0.01426	0.00616	-0.00089	-0.00473	0.00863	-0.00459	-0.00442	-0.00615	-0.00033	-0.00392	-0.00031	0.00211	0.00446	-0.00068	0.00077	-0.00327	(And (Member $e0 present) (Past $e0))
p206758	-0.00671	-0.00411	0.00934	-0.00020	-0.00372	0.00479	-0.00099	-0.01560	-0.00686	-0.00382	-0.00877	-0.00897	0.02866	0.00172	0.00212	-0.00686	0.01419	0.00606	-0.00106	-0.00484	0.00847	-0.00472	-0.00451	-0.00626	-0.00038	-0.00411	-0.00044	0.00196	0.00436	-0.00081	0.00064	-0.00343	(And (Member $e0 present) (Theme $e0 $x0))
p206759	0.00095	-0.01259	-0.01064	-0.00477	0.02168	-0.00157	-0.00461	0.01286	0.00210	0.01070	0.00438	-0.00704	-0.00198	0.00519	-0.00680	0.01834	-0.00429	-0.00845	-0.00581	-0.01321	-0.00294	0.01558	-0.00042	-0.00720	0.01366	-0.00579	-0.00676	-0.00062	-0.01199	0.00559	-0.00164	0.00231	(And (Member $e0 put_off) (Theme $e0 $x0))
p206760	0.00534	0.01846	-0.00449	-0.00555	-0.00091	-0.00297	-0.00678	-0.00021	-0.00509	-0.00692	0.00388	-0.00145	0.02422	0.01046	-0.00126	0.00041	-0.00507	0.00338	0.00062	0.00653	-0.00069	-0.01107	-0.00709	-0.01413	0.01571	-0.00313	0.00029	0.00929	-0.00710	-0.00770	-0.00392	0.00263	(And (Member $e0 read) (Theme $e0 $x0))
p206761	0.01842	-0.00151	0.02607	0.02122	0.00166	-0.01650	-0.00266	0.00213	0.02044	0.02030	-0.00517	-0.02270	-0.00669	0.00781	-0.00577	-0.00132	-0.01503	0.03891	-0.00796	-0.00403	-0.00921	0.00426	-0.01973	-0.02023	-0.00253	0.02941	-0.00933	0.01176	-0.00758	-0.00734	-0.00296	-0.00343	(And (Member $e0 require) (Theme $e0 monthly_servicing))
p206762	0.04137	0.00126	0.00321	-0.00494	-0.00052	0.01369	-0.00453	-0.00506	-0.00416	0.00060	-0.01002	0.00362	-0.01059	-0.00944	-0.00697	-0.00153	0.00798	-0.00128	-0.00472	-0.01120	0.00493	-0.00354	0.03960	-0.00998	-0.00512	-0.01811	-0.00334	-0.00103	-0.00667	0.00598	-0.00224	-0.00232	(And (Member $e0 run) (Past $e0))
p206763	-0.00755	-0.00854	-0.00302	-0.00061	-0.00436	0.01218	-0.00730	0.00278	0.00184	-0.01032	-0.00431	-0.01360	0.03269	0.00201	0.00408	-0.00902	-0.01457	-0.00457	0.01390	-0.00399	0.01800	-0.00143	-0.00030	0.00666	-0.00005	-0.00612	0.01572	-0.00415	0.00112	-0.00935	-0.00293	0.00988	(And (Member $e0 say) (Theme $e0 $x0))
p206764	-0.00820	0.00658	0.01254	-0.00357	0.00531	0.00930	-0.00158	-0.00589	0.00621	-0.00735	-0.00382	-0.00490	-0.00187	-0.00076	-0.00358	-0.00118	0.01266	-0.00400	0.00012	-0.00223	0.00469	0.01456	-0.00562	0.00055	0.00381	-0.00651	0.00068	-0.00676	0.00110	-0.00951	-0.00395	-0.00612	(And (Member $e0 sing) (Past $e0))
p206765	-0.00056	0.00284	0.00107	0.00179	-0.00043	0.00024	0.00508	0.00068	-0.00337	0.00247	-0.01491	0.00226	0.00121	0.00010	0.00365	0.00355	0.00292	-0.00044	-0.00203	-0.00018	-0.00015	0.00250	0.00472	-0.00362	-0.00800	0.00369	0.00161	-0.00420	-0.00238	-0.00163	0.02387	-0.00682	(And (Member $e0 solve) (Patient $e0 $x0))
p206766	0.01508	0.02659	-0.00936	-0.00325	0.00093	-0.00302	0.00051	-0.00047	0.01831	-0.01469	0.00244	-0.01111	-0.00910	-0.00162	0.00696	0.00941	0.00363	-0.00292	-0.01153	0.01579	0.01529	0.01614	-0.01311	-0.00726	0.02510	-0.01105	0.00957	-0.01818	0.00399	-0.01119	-0.00583	-0.00574	(And (Member $e0 stand) (Ongoing $e0))
p206767	0.01553	-0.00829	-0.00924	-0.00866	0.00426	-0.00466	0.00474	-0.00600	0.00742	-0.00699	0.01360	-0.00271	-0.00400	-0.01995	-0.01156	0.00521	-0.00442	-0.00794	-0.00763	-0.00304	-0.00321	0.03190	0.02163	0.00587	-0.00358	-0.01333	0.01802	-0.00933	0.00824	0.00144	0.02088	-0.01161	(And (Member $e0 stick) (Past $e0))
p206768	0.01553	-0.00829	-0.00924	-0.00866	0.00426	-0.00466	0.00474	-0.00600	0.00742	-0.00699	0.01360	-0.00271	-0.00400	-0.01995	-0.01156	0.00521	-0.00442	-0.00794	-0.00763	-0.00304	-0.00321	0.03190	0.02163	0.00587	-0.00358	-0.01333	0.01802	-0.00933	0.00824	0.00144	0.02088	-0.01161	(And (Member $e0 stick) (Patient $e0 $x0))
p206769	-0.03341	0.01695	0.01387	-0.01271	0.01610	-0.03643	0.10693	0.11919	0.00873	-0.01987	0.04736	-0.00569	-0.03279	0.05336	-0.00891	-0.00517	-0.02117	0.01948	0.07377	0.00265	0.03335	-0.01849	-0.01010	-0.02117	-0.06696	0.01873	0.00088	-0.02253	-0.05919	-0.01964	-0.02117	-0.01109	(And (Member $e0 stop) (Theme $e0 $e1))
p206770	-0.00636	0.01044	0.00849	-0.00279	-0.00064	0.00858	-0.00918	0.00231	0.00964	0.00197	-0.00014	-0.00806	-0.01045	0.00172	-0.00400	-0.00512	0.01050	0.00315	-0.00153	0.01052	0.00179	-0.01209	-0.00074	-0.00691	0.00401	-0.00779	-0.00223	-0.00551	-0.00370	-0.00203	-0.00924	0.00030	(And (Member $e0 talk) (Past $e0))
p206771	-0.02101	0.00036	0.02096	0.00212	0.00411	0.01877	-0.00833	0.00760	0.02790	0.00184	-0.00331	-0.01894	-0.02471	0.00374	-0.00718	-0.00610	0.03098	0.00063	0.00312	-0.01001	0.01019	0.00025	-0.00656	-0.00662	-0.01291	-0.00524	-0.00323	-0.00844	-0.00378	-0.00822	-0.01378	-0.00499	(And (Member $e0 travel) (Past $e0))
p206772	0.00048	-0.00450	-0.01445	-0.01261	0.02290	-0.00989	-0.00377	0.00763	0.00365	-0.00382	0.00007	-0.00368	0.00249	-0.00655	0.00313	0.02100	-0.00729	-0.00351	0.00339	-0.00888	-0.00512	0.00001	0.00051	0.00544	-0.00153	-0.00710	0.00107	0.00027	-0.00356	-0.01101	-0.00107	0.00996	(And (Member $e0 turn_down) (Theme $e0 $x0))
p206773	-0.00846	0.00478	0.01092	-0.00178	0.00355	0.00562	-0.00769	0.00015	0.00229	0.00300	-0.00354	-0.00771	-0.00247	0.00064	-0.00461	0.00191	0.00957	0.00059	0.00404	-0.00449	0.00275	-0.00657	-0.00218	-0.00489	-0.00809	-0.00618	-0.00176	-0.00114	-0.00412	-0.00304	-0.00524	0.00042	(And (Member $e0 watch) (Past $e0))
p206774	-0.00789	0.01788	0.01494	-0.00652	0.01112	0.00630	-0.01093	0.00387	0.00310	-0.00098	-0.00338	-0.00873	0.00991	0.00161	-0.00189	0.01021	0.00220	-0.00239	0.00085	-0.00474	-0.01096	-0.00864	-0.00548	-0.01283	0.00112	-0.00596	-0.00399	-0.00091	-0.00508	-0.01036	-0.00291	0.00156	(And (Member $e0 watch) (Theme $e0 $x0))
p206775	-0.02628	0.01065	0.05536	-0.02263	-0.01077	0.00425	0.00440	-0.02732	-0.02830	0.00420	0.04689	0.02543	0.00438	0.04729	0.03322	0.03336	-0.04273	-0.00578	-0.00003	-0.01833	-0.02378	0.00292	0.04182	-0.04835	-0.01711	0.05396	0.02180	-0.00215	-0.01093	-0.01319	-0.00613	-0.00791	(And (Member $e0 work) (Might $e0))
p206776	-0.01868	0.00462	0.01939	0.05665	0.05391	-0.03161	0.00047	-0.00825	0.00147	-0.01239	-0.00679	-0.00742	-0.01430	0.05421	-0.00991	-0.03994	-0.01672	-0.02378	-0.01330	0.04142	0.00155	-0.01169	0.03737	0.00980	-0.00812	-0.02603	0.00300	-0.00218	0.04461	-0.01420	-0.00018	-0.00953	(And (Member $x0 answer) (Theme $e0 $x0))
p206777	-0.00886	-0.03991	0.00163	-0.04725	0.07315	0.07524	-0.01100	-0.00424	0.02034	0.15245	-0.02129	-0.07138	0.00168	-0.07035	0.15558	-0.05752	-0.01610	0.12227	-0.09094	0.08464	-0.01199	-0.14288	-0.02235	-0.08054	-0.00223	-0.05883	0.17879	-0.00704	-0.04234	0.11043	0.00177	0.00287	(And (Member $x0 apprentice) (Recipient $e0 $x0))
p206778	0.00542	-0.00064	-0.00921	0.00093	-0.00894	-0.01839	0.04936	0.02012	-0.01161	-0.01092	-0.02402	0.01713	0.00819	0.01093	0.00140	-0.00672	-0.00318	0.00337	-0.02149	0.02211	0.00035	-0.00312	-0.00169	-0.00211	-0.02542	-0.00570	0.00902	-0.00374	-0.02761	0.00693	0.03138	0.02608	(And (Member $x0 archive) (Patient $e0 $x0))
p206779	-0.02669	0.01917	0.03458	-0.02015	0.03984	0.03866	0.01641	0.03030	0.01306	-0.01901	-0.01139	-0.00995	-0.01001	-0.03568	0.01617	-0.03441	-0.02222	-0.02604	-0.02679	-0.01111	0.02659	0.00089	0.02199	0.04259	0.01674	0.02182	-0.01717	0.01744	-0.00134	-0.00823	0.01603	-0.01359	(And (Member $x0 bad) (Patient $e0 $x0))
p206780	0.00149	0.02104	-0.00064	0.00319	-0.00698	0.00718	-0.00671	0.00635	-0.00519	-0.00609	-0.00345	0.00470	0.00377	-0.00555	-0.01049	-0.00562	-0.01277	-0.00410	-0.00907	0.01205	0.00514	-0.00571	-0.00309	-0.00143	0.00072	-0.00172	-0.00097	-0.00553	-0.00581	0.00229	0.01890	0.01872	(And (Member $x0 big) (Patient $e0 $x0))
p206781	-0.00613	0.00347	-0.00138	-0.00350	0.00100	-0.00342	0.00608	-0.01491	-0.00804	0.02044	-0.01047	0.00312	-0.00001	-0.00233	0.00351	0.00357	0.00393	-0.00121	-0.00154	-0.00643	0.00045	-0.00188	0.00375	-0.00945	0.02531	0.00802	-0.00082	-0.00596	0.01269	-0.00439	0.01774	-0.01358	(And (Member $x0 blue) (Member $x0 sky))
p206782	-0.00412	-0.00324	0.00773	-0.00180	0.00314	-0.00001	0.00302	-0.00958	-0.00536	-0.00127	-0.00257	-0.00135	0.01307	0.00013	0.00029	-0.00194	0.00830	-0.00072	-0.00311	-0.00405	-0.00334	0.00257	-0.00208	0.00029	0.00318	0.00079	-0.00210	0.00074	0.00111	-0.00039	0.00065	-0.00752	(And (Member $x0 bottom) (PartOf $x0 $x1))
p206783	0.00066	-0.00436	-0.01315	-0.00986	0.01857	-0.00701	-0.00341	0.00570	0.00141	-0.00341	0.00054	-0.00292	0.00613	-0.00421	0.00104	0.01796	-0.00537	-0.00305	0.00218	-0.00698	-0.00572	0.00097	-0.00011	0.00270	0.00013	-0.00601	0.00050	0.00152	-0.00314	-0.00782	-0.00077	0.00995	(And (Member $x0 bridge) (Theme $e0 $x0))
p206784	0.00198	-0.00277	-0.01236	0.00431	-0.00695	-0.01106	-0.00287	-0.00421	-0.00721	0.00089	-0.02232	0.00789	0.00246	0.01033	-0.00161	0.00173	-0.00447	0.00711	-0.00408	0.00204	0.01178	-0.00121	-0.00246	0.00133	-0.00997	-0.00127	0.00044	0.00088	-0.01039	0.00246	0.02387	0.02957	(And (Member $x0 chart) (Patient $e0 $x0))
p206785	0.03225	-0.00161	0.03057	0.01945	0.00254	-0.01683	0.00563	0.00451	0.03233	0.00555	-0.00199	-0.00800	0.02036	0.00235	-0.00524	-0.01641	-0.02519	0.03569	-0.00909	-0.00396	-0.02147	0.00850	-0.02046	-0.02194	0.00384	0.03202	-0.00991	0.00281	-0.01014	-0.00719	-0.00032	-0.00293	(And (Member $x0 countersignature) (Theme $e0 $x0))
p206786	0.00742	-0.00976	-0.01033	-0.00211	-0.00143	-0.01300	-0.00427	-0.00408	-0.00156	-0.01017	-0.01579	0.00304	0.00469	0.00778	0.01971	-0.00347	-0.00542	-0.00102	0.01072	0.00016	0.00607	-0.00063	-0.00244	0.01772	0.00554	-0.00457	-0.00211	-0.00266	-0.00758	0.00682	0.00941	0.01923	(And (Member $x0 cracked) (Member $x0 feed_pipe))
p206787	-0.00380	-0.02313	-0.00359	-0.01111	0.02180	0.00647	-0.01609	0.03956	0.00350	0.03832	-0.00274	-0.01470	-0.01172	0.03494	-0.01889	0.01399	-0.00867	-0.01230	-0.01105	-0.02331	-0.00104	0.04200	0.00395	-0.02530	0.03394	-0.00782	-0.01824	-0.00395	-0.02958	0.02819	-0.00004	-0.00861	(And (Member $x0 departure) (Theme $e0 $x0))
p206788	-0.00107	-0.00558	-0.01597	-0.00816	0.02076	-0.01212	-0.00493	-0.00006	0.00013	0.00105	-0.00212	-0.00296	0.00221	-0.00104	-0.00159	0.01974	-0.00553	0.00100	0.00294	-0.01060	0.00521	0.00146	-0.00154	0.00558	-0.00067	0.00119	-0.00146	0.00123	-0.00461	-0.00870	-0.00015	0.01380	(And (Member $x0 evening_flight) (Theme $e0 $x0))
p206790	0.00488	-0.00132	-0.00870	0.00048	-0.00783	-0.01702	0.04780	0.02016	-0.01079	-0.01066	-0.02411	0.01583	0.00769	0.00903	0.00278	-0.00633	-0.00414	0.00224	-0.02040	0.01994	0.00050	-0.00276	-0.00033	-0.00172	-0.02473	-0.00632	0.00869	-0.00403	-0.02656	0.00595	0.03063	0.02529	(And (Member $x0 footbridge) (Patient $e0 $x0))
p206791	-0.00059	0.00203	0.00027	0.00440	-0.00168	-0.00023	0.00416	-0.00220	-0.00514	0.00600	-0.01713	0.00089	-0.00073	0.00271	0.00106	0.00515	0.00362	0.00099	-0.00224	-0.00232	0.00186	0.00306	0.00226	-0.00785	-0.01011	0.00656	0.00019	-0.00523	-0.00465	-0.00218	0.02499	-0.00832	(And (Member $x0 founder) (Patient $e0 $x0))
p206792	-0.06579	-0.03326	-0.08860	-0.03816	-0.06341	-0.03088	-0.02159	0.00051	0.09526	-0.02787	-0.00953	-0.05520	0.01509	-0.06874	-0.03035	0.04852	0.08552	-0.03457	0.05005	0.09392	-0.01988	-0.02522	0.09794	0.03994	0.04399	0.13242	-0.01308	-0.00524	-0.03401	0.06355	-0.00103	0.00589	(And (Member $x0 gallery) (Recipient $e0 $x0))
p206793	0.00492	-0.00139	-0.00876	0.00085	-0.00862	-0.01768	0.04876	0.01998	-0.01120	-0.01049	-0.02434	0.01625	0.00803	0.01035	0.00246	-0.00665	-0.00374	0.00288	-0.02112	0.02134	0.00045	-0.00301	-0.00091	-0.00221	-0.02502	-0.00631	0.00900	-0.00376	-0.02731	0.00671	0.03098	0.02557	(And (Member $x0 greenhouse) (Patient $e0 $x0))
p206794	-0.00147	-0.00129	0.00197	-0.00055	-0.00176	-0.00392	0.00023	-0.00313	-0.00038	-0.00394	0.00809	0.00137	0.00076	-0.00025	-0.00802	-0.00259	0.00338	-0.00074	-0.00559	0.00300	-0.00883	0.00655	-0.00298	0.00096	-0.00369	-0.00372	0.00762	-0.00289	0.00109	0.00491	0.01799	-0.00177	(And (Member $x0 house) (Patient $e0 $x0))
p206795	-0.00056	0.01545	0.00064	-0.00077	-0.00140	-0.00054	0.00347	0.00321	-0.00576	0.00353	-0.01426	0.00325	0.00224	0.00011	-0.00011	0.00839	0.00176	0.00028	-0.00489	0.00297	-0.00461	-0.00011	0.00533	-0.01433	-0.00693	0.00514	0.00342	-0.00984	-0.00355	-0.00651	0.04278	-0.01396	(And (Member $x0 light) (Patient $e0 $x0))
p206796	0.00055	-0.00422	-0.01508	-0.01479	0.02722	-0.01226	-0.00370	0.00936	0.00583	-0.00399	-0.00007	-0.00378	-0.00016	-0.00812	0.00546	0.02360	-0.00853	-0.00349	0.00471	-0.01037	-0.00452	-0.00052	0.00140	0.00803	-0.00251	-0.00787	0.00200	-0.00026	-0.00353	-0.01343	-0.00097	0.01010	(And (Member $x0 loan_application) (Theme $e0 $x0))
p206797	-0.01665	0.01445	0.00914	0.05460	0.04104	-0.03078	-0.00285	0.00120	0.00291	-0.00804	-0.00574	-0.01120	-0.00774	0.05510	-0.00603	-0.02374	-0.01274	-0.01721	-0.00927	0.02296	-0.00325	-0.01004	0.03346	0.00252	-0.01478	-0.02517	0.00006	-0.00113	0.03426	-0.02052	0.00029	-0.00333	(And (Member $x0 medal) (Theme $e0 $x0))
p206798	-0.00972	-0.00833	0.01135	-0.00030	-0.00261	0.00341	0.00289	-0.01656	-0.00320	-0.00555	-0.01118	-0.01285	0.03095	-0.00123	-0.00036	-0.00931	-0.00024	-0.00493	0.00208	-0.00390	0.01519	0.01084	0.00102	0.00542	0.00153	-0.00505	0.00892	-0.00244	-0.00178	0.00059	0.00240	-0.00576	(And (Member $x0 picture) (Theme $e0 $x0))
p206799	-0.00522	0.01417	0.00952	-0.00372	0.00951	0.00483	0.00888	0.00473	-0.00239	-0.00310	-0.01795	0.00055	-0.00183	-0.00488	0.00772	-0.00488	-0.00175	-0.00455	-0.00829	-0.00324	0.00601	0.00123	0.00730	-0.00123	0.00006	0.00946	-0.00248	-0.00957	-0.00548	-0.00340	0.02390	-0.01132	(And (Member $x0 problem) (Patient $e0 $x0))
p206800	0.00296	-0.00137	-0.01216	-0.01288	0.05055	-0.01648	-0.00147	-0.00037	0.00389	0.01405	0.00294	-0.00270	-0.02164	-0.00232	0.00060	0.03008	-0.00441	-0.00228	0.00081	-0.02179	0.00896	0.00291	-0.00429	0.00588	-0.00657	0.00172	-0.00139	-0.00359	-0.00514	-0.01187	-0.00012	-0.00098	(And (Member $x0 query) (Theme $e0 $x0))
p206801	-0.02030	0.00526	0.03360	0.07944	0.04950	-0.03598	-0.00449	0.00143	0.00611	-0.01522	-0.00853	-0.01607	-0.01375	0.07834	-0.00953	-0.04676	-0.02574	-0.02331	-0.01977	0.04402	-0.00255	-0.01426	0.03829	-0.00475	-0.00981	-0.03384	-0.00000	-0.00107	0.06753	-0.01434	-0.00087	-0.01167	(And (Member $x0 recruit) (Recipient $e0 $x0))
p206802	-0.00245	-0.00684	0.00070	-0.00040	-0.00327	0.00576	-0.00602	-0.00014	-0.00060	-0.00382	0.00672	0.00322	0.00251	-0.00486	-0.00958	-0.00766	-0.00116	-0.00153	-0.00839	0.00528	-0.00347	-0.00128	-0.00275	0.01088	0.00104	-0.00496	-0.00259	0.01837	0.00068	0.00559	0.01474	0.01350	(And (Member $x0 room) (Patient $e0 $x0))
p206803	-0.01034	-0.00535	-0.00136	-0.00440	0.00040	0.00252	-0.00326	0.00341	0.00246	-0.00480	0.00108	-0.01099	0.00639	0.00166	0.00225	-0.00847	-0.00707	0.00138	0.00703	-0.00411	0.02220	-0.00626	0.00022	0.00576	0.00113	-0.00067	0.00123	-0.00837	-0.00330	-0.00379	-0.00707	-0.00042	(And (Member $x0 thing) (Stimulus $e0 $x0))
p206804	0.00288	-0.00139	-0.01239	-0.01260	0.04956	-0.01623	-0.00152	-0.00083	0.00375	0.01434	0.00268	-0.00197	-0.02135	-0.00185	0.00018	0.02987	-0.00423	-0.00254	0.00053	-0.02159	0.00891	0.00262	-0.00427	0.00559	-0.00668	0.00145	-0.00145	-0.00348	-0.00538	-0.01158	-0.00005	-0.00068	(And (Member $x0 tower) (Theme $e0 $x0))
p206805	-0.01709	0.02610	0.02766	-0.01280	0.03102	0.01739	0.01846	0.01968	0.00583	-0.01236	-0.02546	-0.00567	-0.00832	-0.01764	0.02084	-0.02211	-0.01247	-0.01501	-0.01753	-0.01025	0.02198	0.00015	0.01556	0.02077	0.00815	0.02369	-0.01141	-0.00211	-0.00918	-0.00743	0.02227	-0.01542	(And (Member $x0 weather) (Patient $e0 $x0))
p206806	-0.01552	0.00474	0.01884	0.05093	0.04274	-0.02851	-0.00135	-0.00053	0.00201	-0.01023	-0.00707	-0.01030	-0.00829	0.05821	-0.00545	-0.02367	-0.01777	-0.01728	-0.01086	0.02624	-0.00368	-0.01334	0.02768	-0.00120	-0.00812	-0.02530	0.00341	-0.00117	0.03612	-0.01720	0.00021	-0.00706	(And (Member $x0 whistle) (Theme $e0 $x0))
p206807	-0.02155	0.01694	0.02088	0.08428	0.04718	-0.03873	-0.00637	0.00370	0.00726	-0.01399	-0.00715	-0.01710	-0.01293	0.07612	-0.00960	-0.04623	-0.01978	-0.02156	-0.01737	0.03952	-0.00210	-0.00968	0.04529	-0.00073	-0.01759	-0.03414	-0.00425	-0.00127	0.06523	-0.02039	-0.00080	-0.00680	(And (Member $x0 winner) (Recipient $e0 $x0))
p206808	-0.00858	0.01735	0.00996	-0.00595	0.00361	0.01921	-0.01191	0.00004	0.03263	0.00621	0.00181	0.01739	0.00520	-0.00952	-0.00279	-0.02088	-0.01005	-0.00866	-0.00609	0.00590	0.02666	-0.01986	0.00116	-0.00004	0.00060	-0.01027	-0.00366	-0.00366	0.00869	0.00558	-0.00836	0.00632	(And (Only $x0 $e0) (Past $e0))
p206810	-0.03676	-0.07544	0.01326	0.10948	-0.02692	-0.05254	-0.01602	0.07080	-0.02667	-0.07613	-0.04274	0.08551	-0.03654	-0.02221	-0.06568	0.05003	-0.00295	0.12401	-0.02202	-0.02854	-0.01277	-0.07276	0.04715	0.06357	0.16119	-0.04644	0.13493	-0.00193	-0.06486	-0.01659	0.00157	-0.01235	(And (Ordinal $x0 <num> buy) (Theme $e0 $x0))
p206811	0.00111	-0.00273	0.00662	-0.00008	-0.00132	-0.00683	0.00011	-0.00831	-0.00178	-0.00380	0.00753	0.00497	-0.00022	0.00832	-0.00540	-0.00647	0.01184	0.00391	-0.00920	0.00264	-0.00983	0.00107	-0.00806	0.00098	0.00057	-0.00130	-0.00390	-0.00040	-0.00145	0.00980	0.01672	0.00244	(And (PartOf $x0 $x1) (Patient $e0 $x0))
p206813	0.00836	0.01217	-0.01203	-0.00591	0.00780	0.00336	-0.02218	0.02261	0.00697	0.00619	0.04877	-0.00736	-0.02878	0.00317	-0.02113	0.00853	-0.01626	0.01242	0.01963	-0.00387	0.05874	-0.01852	0.01042	-0.00724	-0.01091	0.00568	0.00306	-0.01734	-0.00631	-0.00463	-0.01770	0.00065	(And (Past $e0) (Time $e0 night))
p206814	-0.00063	-0.00293	-0.00051	0.00161	-0.00160	-0.00584	-0.00220	-0.00807	-0.00438	0.00820	-0.00246	-0.00399	0.00360	0.01628	0.00037	0.01058	0.01609	0.00926	0.00240	-0.00114	0.00305	-0.00989	-0.00831	-0.01365	-0.00635	-0.00489	-0.00076	0.02592	-0.00559	-0.00758	-0.00362	-0.00511	(And (Past $e0) (Time $e0 today))
p206815	0.00410	0.00923	-0.00377	-0.00153	-0.00350	-0.00109	-0.00422	0.00237	0.00599	0.00119	0.00078	-0.00458	-0.00804	0.01323	0.00319	0.00708	0.01093	0.00610	-0.00079	0.00626	0.00678	-0.01195	-0.00714	-0.01038	0.00354	-0.00757	-0.00315	0.00642	-0.00678	-0.00818	-0.00818	0.00032	(And (Past $e0) (With $e0 $x0))
p206816	0.04553	-0.02232	-0.00655	0.09044	-0.04710	0.07562	0.04008	-0.02137	-0.02256	-0.02468	0.08655	0.00351	0.05277	-0.03822	-0.03104	-0.02030	-0.01216	-0.03522	-0.04649	0.05761	-0.01988	-0.00638	-0.03936	-0.01707	0.03334	-0.00710	-0.00306	0.01059	-0.01005	0.04301	-0.02678	0.03235	(And (Patient $e0 $e1) (Theme $e1 $x0))
p206817	-0.00532	0.02524	0.01227	-0.00595	0.01077	0.00502	0.00818	0.00477	-0.00431	-0.00489	-0.01759	0.00190	-0.00185	-0.00429	0.00705	-0.00639	-0.00262	-0.00496	-0.01106	-0.00222	0.00537	-0.00076	0.00636	-0.00586	0.00803	0.01224	-0.00447	-0.01202	-0.00672	-0.00493	0.02405	-0.01363	(And (Patient $e0 $x0) (Probably $e0))
p206818	-0.00373	0.00255	0.00600	0.00537	-0.00284	0.00203	0.00098	-0.00108	-0.00054	0.00082	-0.01583	-0.00129	0.00101	-0.00163	-0.00203	-0.00242	-0.00114	-0.00130	-0.00510	-0.00087	0.00138	0.00768	0.00212	-0.00228	-0.01249	-0.00223	0.00587	-0.00311	-0.00349	-0.00030	0.02181	0.00771	(And (Patient $e0 $x0) (To $e1 $e0))
p206820	0.01357	-0.01515	0.00000	-0.01174	-0.00525	-0.00386	0.02863	-0.00746	-0.00790	0.03768	-0.00598	0.00046	-0.00665	-0.02069	-0.01021	-0.01215	0.00149	0.00553	0.04810	-0.00058	-0.00558	-0.01119	0.03182	-0.00902	0.02832	-0.00276	-0.00315	0.00567	0.03473	-0.01023	-0.01598	0.01534	(And (Recipient $e0 $x0) (Theme $e1 $e0))
p206821	-0.03343	-0.02461	-0.05243	-0.02252	-0.01396	-0.02210	-0.01397	0.01920	0.05611	-0.01664	-0.00282	-0.03793	0.01021	-0.03947	-0.00517	0.02970	0.03791	-0.01318	0.01119	0.01382	-0.01013	-0.01434	0.03695	0.01924	0.02887	0.05352	-0.00274	-0.00154	-0.00828	0.03099	-0.00401	0.01306	(And (Recipient $e0 ravi) (Theme $e0 $x0))
p206822	0.00508	-0.00137	0.00098	0.00214	0.00088	-0.00335	0.00677	-0.00589	0.02154	0.00525	0.00074	0.02153	0.02238	0.00506	-0.00129	-0.01158	-0.00639	-0.00398	-0.00380	-0.00411	-0.01337	-0.00389	-0.00247	-0.00364	0.00433	0.00087	0.00005	0.00227	-0.00720	0.00213	0.00066	-0.00039	(And (Theme $e0 $x0) (To $e0 $x1))
p206823	-0.00424	-0.00154	0.00749	-0.00319	0.00086	0.00715	-0.00417	0.00608	0.00754	-0.00447	0.00066	-0.00944	0.01732	0.00421	0.00024	-0.00116	-0.00633	0.00006	0.00372	-0.00316	-0.00539	-0.00433	0.00008	-0.00569	0.00046	-0.00608	-0.00029	-0.00060	-0.00584	-0.00421	-0.00386	0.00301	(And (Theme $e0 $x0) (To $e1 $e0))
p206824	-0.00079	-0.00314	-0.00759	0.00243	-0.00358	0.00929	-0.00940	0.00247	0.00145	0.00888	0.00010	-0.00077	-0.00517	-0.00190	-0.00347	0.00480	-0.00438	0.00180	-0.00348	0.00099	0.00591	-0.00528	-0.00185	-0.00035	-0.00240	-0.00222	0.00018	0.00228	-0.00101	0.00100	-0.00598	0.02425	(And (Theme $e0 visitor) (Time $e0 (Weekday sunday)))
p207026	-0.00973	-0.00591	0.00646	-0.00052	-0.00075	0.01334	-0.00860	0.00487	0.01074	0.00388	0.00060	-0.00708	-0.00862	0.00053	-0.00412	-0.00349	0.01326	0.00074	-0.00210	-0.00221	0.00181	-0.00766	-0.00179	0.00100	-0.00288	-0.00828	-0.00636	0.02633	0.00116	-0.00484	-0.01092	0.00563	(Against $e0 $x0)
p207027	0.02101	-0.00073	-0.00486	-0.00453	-0.00061	0.00430	-0.00457	-0.00223	-0.00424	-0.00075	-0.00082	0.00188	-0.00569	-0.00570	-0.00412	0.00058	-0.00406	0.00053	0.00101	-0.00534	0.01067	-0.00119	0.02065	-0.00122	0.00025	-0.00912	-0.00025	-0.00329	-0.00071	0.00164	-0.00314	-0.00237	(Agent $e0 adriano)
p207028	-0.00548	-0.00186	0.01153	-0.00686	-0.00511	-0.00306	0.00803	-0.00985	-0.01169	-0.00778	0.01048	0.00672	0.02744	0.01363	0.00700	-0.00231	-0.01360	-0.00111	-0.00042	-0.00464	-0.01620	0.00489	0.00848	-0.01484	0.00146	0.01039	0.01086	0.00119	-0.00546	-0.00117	0.00048	-0.00457	(Agent $e0 ana)
p207029	-0.00651	0.00164	-0.00199	-0.00479	0.00227	0.00765	-0.01089	0.01476	0.01036	0.00046	0.01167	-0.00908	-0.01130	-0.00173	-0.00717	-0.00088	-0.00665	0.00031	0.00901	-0.00096	0.01849	-0.00792	0.00227	0.00584	-0.00224	-0.00550	-0.00007	-0.00439	-0.00011	-0.00488	-0.01150	0.00024	(Agent $e0 baya)
p207030	0.01947	0.00211	-0.00747	-0.00627	0.00081	0.00614	-0.01079	0.00450	0.00068	0.00169	0.00444	-0.00272	-0.01225	-0.00384	-0.00802	0.00232	-0.00761	0.00187	0.00723	-0.00620	0.02271	-0.00752	0.02146	-0.00092	-0.00382	-0.01349	0.00090	-0.00733	-0.00327	-0.00068	-0.00842	-0.00154	(Agent $e0 daniel)
p207031	-0.01668	0.02843	0.04805	-0.00316	0.00602	-0.02260	0.00722	-0.01732	-0.02497	-0.00675	0.01321	0.01307	0.00615	0.00217	-0.00603	-0.00971	-0.03372	-0.00983	0.01317	-0.01857	-0.02140	0.02846	0.02865	-0.02141	-0.02245	0.02049	0.04679	0.00472	-0.00442	0.03901	0.00276	-0.01429	(Agent $e0 dara)
p207032	0.00282	0.05420	0.00165	-0.01379	-0.00008	-0.01463	0.04645	0.06317	-0.00097	-0.01471	0.02816	-0.00081	-0.00967	0.00663	-0.00957	-0.00625	-0.01788	-0.00929	0.03310	0.02939	-0.00447	-0.01838	-0.01938	-0.01581	0.02601	-0.00135	-0.00578	-0.02901	-0.01720	-0.01602	-0.02073	-0.01471	(Agent $e0 david)
p207033	-0.00275	-0.00440	-0.00404	0.00256	0.00264	0.00199	0.00262	-0.00290	0.00594	-0.00230	0.00136	-0.00552	-0.00628	-0.00767	-0.00490	-0.00045	0.00070	-0.00505	-0.00259	-0.00163	0.01281	0.01203	-0.00033	0.00711	-0.00169	-0.00436	0.00746	-0.00716	0.00391	-0.00062	0.00290	-0.00351	(Agent $e0 elias)
p207034	0.00962	0.02164	-0.00543	-0.00598	0.00168	0.00020	0.00035	0.00898	0.01091	-0.01088	0.00787	-0.00631	-0.00655	-0.00271	-0.00029	0.00357	-0.00140	-0.00434	-0.00650	0.01208	0.00691	0.00581	-0.00387	-0.00445	0.01387	-0.00940	0.00701	-0.01560	-0.00396	-0.00702	0.00103	-0.00684	(Agent $e0 felix)
p207035	-0.00724	-0.00422	0.00128	-0.00272	-0.00204	0.01057	-0.00771	0.00376	0.00240	-0.00111	0.00510	-0.00697	0.00654	-0.00420	-0.00453	-0.00678	-0.00857	-0.00176	0.00627	-0.00185	0.01641	-0.00477	0.00443	0.00706	0.00268	-0.00304	0.00115	0.00088	0.00163	-0.00155	-0.00688	0.00106	(Agent $e0 gustavo)
p207036	-0.00521	0.00719	-0.00589	-0.00656	-0.00117	-0.00351	-0.01186	0.01732	0.00834	0.00313	0.01944	-0.00770	-0.01064	0.00449	-0.01110	0.00770	-0.00372	0.01080	0.00859	0.00315	0.00553	-0.01280	-0.00118	-0.01042	-0.01048	-0.00226	0.00708	-0.00981	-0.00369	-0.00668	0.00595	-0.00729	(Agent $e0 ivan)
p207037	0.00207	0.00865	-0.00167	-0.00420	-0.00163	-0.00435	0.01487	0.00965	-0.00308	-0.00778	0.00357	0.00122	0.00386	0.00153	-0.00042	-0.00496	-0.00292	-0.00197	-0.00133	0.00626	-0.00295	-0.00482	-0.00312	-0.00318	0.00416	-0.00044	-0.00104	-0.00722	-0.00768	-0.00292	-0.00484	-0.00482	(Agent $e0 linda)
p207038	-0.00939	0.02082	-0.00192	-0.01738	0.00422	-0.02120	0.04986	0.06846	0.00731	-0.01001	0.02977	-0.01131	0.00196	0.00935	-0.00735	-0.00908	-0.02636	0.00121	0.05710	0.01054	0.00278	-0.01952	-0.00884	-0.00868	-0.00468	-0.00366	0.00680	-0.02384	-0.01794	-0.01572	-0.02208	-0.01213	(Agent $e0 mark)
p207039	0.01519	-0.00339	-0.00381	-0.00313	0.00272	-0.00156	0.01386	0.00212	0.00085	-0.00361	-0.00835	-0.00072	-0.00520	-0.00706	-0.00162	0.00034	-0.00279	-0.00418	-0.00005	-0.00405	0.01032	0.01282	0.01720	0.00196	-0.00789	-0.00865	0.00742	-0.00688	-0.00392	-0.00055	0.00753	-0.00601	(Agent $e0 martino)
p207040	-0.00310	-0.00265	0.00060	-0.00088	-0.00174	-0.00035	-0.00092	-0.00402	-0.00193	-0.00282	0.00106	-0.00440	0.00822	-0.00111	-0.00204	-0.00507	-0.00610	-0.00104	0.00347	-0.00136	0.01075	0.00377	0.00076	0.00377	-0.00073	-0.00383	0.00917	-0.00326	0.00101	0.00004	-0.00298	-0.00076	(Agent $e0 mary)
p207041	0.01464	0.00135	0.00915	-0.00247	-0.00209	0.01256	-0.00921	0.00059	0.00364	-0.00032	-0.00131	-0.00817	0.00141	-0.00049	-0.00417	-0.00484	0.00246	0.00203	0.00602	-0.00763	0.01676	-0.00991	0.01742	-0.00955	-0.00563	-0.00576	-0.00106	-0.00434	-0.00778	-0.00103	-0.00744	-0.00017	(Agent $e0 matthew)
p207042	0.01981	0.01041	-0.00383	-0.00603	-0.00068	0.00464	-0.00966	0.00548	-0.00115	-0.00156	0.00281	-0.00035	-0.00780	-0.00295	-0.00593	0.00135	-0.00759	0.00090	0.00543	-0.00244	0.01334	-0.00703	0.01813	-0.00547	0.00270	-0.00747	-0.00018	-0.00680	-0.00434	-0.00140	-0.00602	-0.00237	(Agent $e0 mennad)
p207043	0.01347	0.00382	-0.00077	-0.00715	-0.00628	0.01192	-0.00696	-0.00846	-0.00924	-0.00955	-0.00672	-0.00607	0.02317	-0.00182	-0.00046	-0.01143	-0.01552	0.00177	0.00420	-0.00577	0.03010	-0.00809	0.02650	-0.00381	0.01474	-0.01289	0.00375	-0.00834	-0.00634	-0.00006	-0.00335	-0.00066	(Agent $e0 michael)
p207044	-0.00551	-0.00243	-0.00329	-0.00306	0.00455	-0.00007	-0.00127	0.00488	0.01077	-0.00315	0.00380	-0.00953	-0.00871	-0.00232	-0.00154	-0.00051	-0.00241	-0.00051	0.00509	-0.00227	0.01693	0.00796	0.00056	0.00785	-0.00265	-0.00710	0.00760	-0.00831	0.00108	-0.00375	-0.00628	-0.00156	(Agent $e0 pietro)
p207045	-0.01062	0.01064	0.00450	0.00169	0.00501	-0.01469	0.02549	0.02259	-0.00232	-0.00062	0.01009	-0.00433	0.00872	0.00870	-0.00067	-0.01476	-0.01316	-0.00852	0.02211	0.00323	-0.00696	-0.00668	-0.00813	-0.00270	0.01641	0.00150	-0.00219	-0.01068	0.00609	-0.00812	-0.01045	-0.01062	(Agent $e0 william)
p207046	0.00732	0.02811	-0.00306	-0.00309	0.00062	0.00070	-0.00176	0.00187	0.00799	-0.00891	0.00396	-0.00361	-0.00583	0.00211	0.00192	0.00348	0.00211	-0.00368	-0.00644	0.01172	0.00876	0.00547	-0.00790	-0.00639	0.02216	-0.00392	0.00244	-0.01332	-0.00212	-0.00742	-0.00524	-0.00507	(Agent $e0 ziri)
p207047	-0.00813	0.00221	0.01203	-0.00096	0.00390	0.00428	-0.00321	-0.00236	0.00226	0.00349	-0.00368	-0.00743	-0.00164	0.00325	-0.00276	0.00044	0.01410	0.00089	0.00049	-0.00467	0.00321	-0.00517	-0.00288	-0.00379	-0.00565	-0.00524	-0.00264	-0.00186	-0.00304	-0.00333	-0.00387	-0.00566	(At $e0 $x0)
p207048	0.00151	-0.00606	-0.00217	0.00339	-0.00583	-0.00943	-0.00039	-0.00870	-0.00920	0.00471	-0.00326	0.00591	0.00359	0.00995	0.00057	0.00310	0.00551	0.00713	0.00062	-0.00049	-0.00903	-0.00258	-0.00355	-0.00678	-0.00272	0.00193	-0.00230	0.04423	-0.00032	-0.00077	-0.00292	0.00204	(But $e0 $e1)
p207049	0.00162	-0.00138	-0.00249	0.00013	-0.00434	-0.00383	-0.00227	-0.00058	-0.00447	0.00239	0.00683	0.00288	0.00161	0.00210	-0.00369	0.00322	0.00100	0.00381	-0.00085	0.00394	-0.00791	-0.00289	-0.00200	-0.00465	-0.00260	-0.00067	0.00093	0.02084	0.00119	-0.00041	0.00342	-0.00098	(But $e0 $x0)
p207050	-0.00127	-0.00072	0.00017	0.00012	-0.00088	-0.00116	0.00079	-0.00137	-0.00243	-0.00008	-0.00035	0.00079	-0.00248	-0.00059	0.00082	-0.00178	0.00127	-0.00037	-0.00147	-0.00012	-0.00075	0.00016	-0.00117	0.00231	0.00005	0.00276	-0.00168	-0.00190	0.00058	0.00099	-0.00222	-0.00240	(Degree $x0 big very)
p207051	0.00023	-0.00349	-0.00104	0.00184	-0.00314	-0.00530	-0.00025	-0.00486	-0.00554	0.00278	-0.00164	0.00322	0.00048	0.00436	0.00086	0.00101	0.00328	0.00387	-0.00009	-0.00039	-0.00456	-0.00131	-0.00214	-0.00247	-0.00124	0.00247	-0.00177	0.02170	0.00033	0.00005	-0.00263	0.00016	(Every $e0 <num> week)
p207052	-0.00100	0.00236	0.00098	0.00220	-0.00115	-0.00033	0.00265	0.00133	-0.00187	0.00340	-0.00877	0.00121	0.00038	0.00180	0.00240	0.00384	0.00336	0.00226	-0.00080	0.00054	-0.00168	0.00115	0.00206	-0.00397	-0.00575	0.00406	0.00161	-0.00232	-0.00059	-0.00117	0.01574	-0.00491	(Every $e0 <num> year)
p207053	-0.00561	0.00500	-0.00013	-0.00686	0.00473	0.01459	-0.00658	0.00392	0.02668	0.00833	0.00872	0.02217	-0.00276	-0.01113	-0.00951	-0.00603	-0.00666	-0.01130	-0.00883	-0.00378	-0.00393	-0.00847	0.00596	0.00733	0.00126	-0.00982	-0.00376	0.01769	0.01116	-0.00320	0.00767	-0.00155	(Experiencer $e0 $e1)
p207054	0.01352	0.00917	-0.01384	-0.00568	0.00500	0.00073	-0.01189	0.02494	0.00091	0.00249	0.04001	-0.00014	-0.02697	0.00409	-0.01965	0.00749	-0.01922	0.01454	0.02442	-0.00386	0.05820	-0.01736	0.01214	-0.00800	-0.01589	0.00474	-0.00037	-0.00200	-0.01086	-0.00702	-0.02497	0.01315	(Goal $e0 bed)
p207055	-0.02168	0.00510	0.03658	0.00316	0.00651	0.02058	-0.00677	-0.00114	0.01795	0.00737	-0.01093	-0.01593	-0.01623	0.00934	-0.00552	-0.00589	0.04708	0.00069	-0.00145	-0.01216	-0.00173	-0.01201	-0.00779	-0.01508	-0.01402	-0.00286	-0.01215	-0.00302	-0.00854	-0.00604	-0.01018	-0.01039	(Goal $e0 home)
p207056	-0.00362	-0.00179	-0.00113	-0.00129	0.00039	0.00221	-0.00111	0.00003	0.00049	0.00129	-0.00106	-0.00034	-0.00212	-0.00305	0.00196	-0.00363	0.00046	0.00162	-0.00193	0.00888	-0.00038	-0.00341	0.00302	0.00232	0.00006	0.00092	0.00156	-0.00053	0.00023	0.00282	-0.00261	0.00497	(GroupOf $x0 city)
p207057	-0.00290	-0.00121	0.00295	-0.00106	-0.00134	-0.00553	-0.00030	-0.00305	-0.00111	-0.00254	0.00610	0.00140	-0.00159	0.00565	-0.00167	-0.00418	0.00717	0.00463	-0.00488	0.00204	-0.00783	-0.00230	-0.00651	-0.00083	0.00010	0.00079	-0.00190	-0.00057	-0.00153	0.00451	0.00343	0.00056	(GroupOf $x0 cookie)
p207058	0.00141	-0.00499	-0.00361	-0.00108	-0.00443	-0.00477	-0.00265	0.00319	0.00008	0.00269	-0.00523	-0.00291	-0.00196	0.00762	0.00121	0.00470	0.00196	0.00830	-0.00160	-0.00128	0.00032	0.00102	-0.00203	-0.00817	-0.00208	-0.00160	-0.00377	0.01049	0.00229	-0.00304	0.00408	-0.00239	(GroupOf $x0 dish)
p207059	-0.00263	-0.00073	0.00328	-0.00154	0.00010	0.00180	-0.00144	-0.00295	0.01170	0.00080	-0.00113	0.00438	0.00020	-0.00109	0.00058	-0.00521	0.00420	0.00051	-0.00289	-0.00458	-0.00455	-0.00504	-0.00099	-0.00200	-0.00207	-0.00558	-0.00274	-0.00026	0.00513	0.00203	-0.00437	0.00055	(GroupOf $x0 friend)
p207060	-0.00122	-0.00509	-0.00531	0.00065	-0.00299	0.00505	-0.00617	-0.00037	0.00123	-0.00465	-0.00200	-0.00842	0.02343	0.00159	0.00099	0.00158	-0.00929	-0.00191	0.01037	-0.00254	0.00677	-0.00435	-0.00029	-0.00171	0.00175	-0.00774	0.00292	-0.00098	-0.00398	-0.00498	-0.00204	0.00514	(GroupOf $x0 measure)
p207061	-0.00849	-0.00868	-0.00138	-0.00234	0.00125	-0.00220	0.00200	-0.01221	-0.00130	0.01840	0.00490	-0.00359	-0.00841	-0.00215	-0.00465	-0.00053	0.00680	0.00200	0.01035	-0.00871	0.00666	-0.00364	-0.00234	-0.00136	0.01509	0.00185	-0.00345	-0.00153	0.01695	-0.00386	-0.00865	-0.00398	(GroupOf $x0 noise)
p207062	0.00019	-0.00349	-0.00023	-0.00084	-0.00282	-0.00054	0.00074	-0.00573	-0.00517	-0.00235	0.00073	-0.00121	0.01746	0.00120	0.00012	-0.00566	-0.00547	0.00058	0.00120	-0.00098	0.00442	-0.00139	0.00049	0.00065	0.00343	-0.00007	0.00220	-0.00077	-0.00178	0.00100	-0.00113	-0.00059	(GroupOf $x0 question)
p207063	-0.00252	-0.00194	0.00906	-0.00499	0.00314	-0.00620	-0.00270	-0.00547	-0.00043	-0.00241	0.00678	-0.00455	0.00417	0.00077	-0.00224	0.00190	0.01187	0.00741	-0.00438	-0.00259	-0.00852	-0.00222	-0.00519	-0.00475	-0.00383	0.00037	-0.00242	-0.00052	0.00529	0.00226	0.01196	-0.00693	(GroupOf $x0 road)
p207064	-0.00417	0.00737	0.00102	-0.00740	0.00057	-0.01259	0.01178	0.00703	-0.00352	0.01213	0.01913	0.00207	-0.00036	0.00230	-0.00789	0.00256	0.00200	0.00146	0.00606	0.00455	-0.01661	-0.00425	-0.00599	-0.01011	0.00383	0.00117	0.00305	-0.00717	0.00888	-0.00043	0.02426	-0.01091	(GroupOf $x0 tree)
p207065	-0.00280	-0.00307	-0.00352	-0.00085	-0.00098	0.00124	-0.00196	-0.00047	-0.00130	0.00254	-0.00458	0.00000	-0.00315	-0.00283	-0.00015	0.00251	-0.00050	0.00091	-0.00433	-0.00063	0.00049	-0.00106	0.00087	-0.00032	-0.00195	-0.00072	-0.00030	-0.00106	0.00119	-0.00137	0.00378	0.00817	(GroupOf $x0 woman)
p207066	0.00216	-0.00723	-0.01060	-0.00392	-0.00000	-0.00491	-0.00240	0.00154	-0.00195	-0.00452	0.00105	-0.00162	0.01908	0.00566	-0.00032	0.00084	-0.00357	0.00285	0.00075	-0.00008	-0.00797	-0.00531	-0.00350	-0.00534	0.00269	-0.00510	0.00129	0.01469	-0.00593	-0.00445	-0.00458	0.01017	(In $e0 $e1)
p207067	-0.00148	-0.00322	-0.00814	0.00160	-0.00698	0.00793	-0.01008	0.00662	0.00396	0.00207	-0.00164	-0.00209	-0.00282	-0.00507	0.00005	0.00439	-0.00643	-0.00094	-0.00162	0.00365	0.00074	-0.00701	-0.00053	0.00165	-0.00322	-0.00800	0.00069	0.00185	-0.00002	-0.00273	-0.00680	0.02548	(Instrument $e0 post)
p207068	-0.00468	-0.00065	0.00422	-0.00044	0.00049	0.00123	-0.00017	-0.00431	-0.00358	0.00105	-0.00462	-0.00346	0.01384	0.00083	0.00204	-0.00057	0.00663	-0.00025	-0.00174	-0.00315	-0.00416	-0.00076	-0.00068	-0.00213	-0.00172	-0.00228	-0.00154	0.00154	-0.00324	-0.00229	-0.00010	0.00122	(Manner $e0 carefully)
p207069	-0.00154	-0.00317	-0.00073	-0.00208	-0.00139	-0.00452	0.02204	-0.00187	-0.00665	0.00220	-0.00356	0.00051	0.01923	0.00000	0.00470	-0.00700	-0.00162	-0.00265	0.00105	0.00016	-0.00777	0.00024	-0.00113	-0.00335	0.00812	0.00491	0.00117	-0.00252	0.00293	-0.00312	0.00790	-0.00679	(Manner $e0 really)
p207070	-0.00436	0.00117	0.00096	-0.00039	-0.00039	0.01463	-0.00425	0.00266	0.00488	-0.00498	-0.00506	-0.00427	-0.00012	-0.00974	0.00337	-0.00152	-0.00298	-0.00865	-0.00116	-0.00043	0.00173	0.00481	0.00281	0.00753	0.00574	-0.00471	0.00171	0.01204	0.00541	-0.00784	0.00290	-0.00140	(Measure $e0 duration <num> day)
p207071	-0.00048	0.00209	0.00035	0.00444	-0.00166	-0.00023	0.00420	-0.00218	-0.00513	0.00603	-0.01707	0.00096	-0.00067	0.00278	0.00110	0.00520	0.00365	0.00104	-0.00216	-0.00229	0.00192	0.00311	0.00228	-0.00783	-0.01012	0.00665	0.00019	-0.00519	-0.00462	-0.00213	0.02503	-0.00824	(Measure $x0 age <num> year)
p207072	-0.00055	-0.00404	-0.00791	-0.00739	0.01119	-0.00429	-0.00324	0.00144	-0.00100	-0.00328	0.00002	-0.00423	0.01409	-0.00202	0.00132	0.00963	-0.00848	-0.00103	0.00409	-0.00497	0.00359	-0.00159	0.00051	0.00282	0.00070	-0.00567	0.00264	0.00013	-0.00339	-0.00604	-0.00098	0.00759	(Member $e0 accept)
p207073	-0.00289	-0.00309	0.00869	-0.00049	-0.00173	0.00220	0.00158	-0.01020	-0.00809	-0.00145	-0.00426	-0.00420	0.02697	0.00338	0.00035	-0.00455	0.00226	0.00026	0.00084	-0.00264	0.00302	-0.00162	0.00008	-0.00312	0.00234	-0.00208	0.00198	0.00100	-0.00375	0.00003	0.00179	-0.00526	(Member $e0 approve)
p207074	0.00065	-0.00335	-0.01118	0.00567	-0.01153	0.01175	-0.01537	0.01042	0.00850	0.00148	0.00275	-0.00651	-0.00231	-0.00681	0.00073	0.01221	-0.00789	-0.00252	0.00393	0.00414	-0.00533	-0.01088	0.00046	-0.00549	-0.00691	-0.01333	0.00307	-0.00082	-0.00041	-0.00804	-0.00035	0.02179	(Member $e0 arrival)
p207075	-0.00187	-0.00169	0.00682	0.00001	-0.00044	-0.00192	0.00982	0.00642	0.00330	-0.00288	0.00438	0.00055	-0.00396	0.00396	-0.00273	-0.00660	0.00884	0.00143	-0.00424	0.00416	-0.00652	-0.00328	-0.00535	0.00109	-0.00557	-0.00531	-0.00173	-0.00074	-0.00537	0.00490	0.00067	0.01069	(Member $e0 attack)
p207076	-0.00098	-0.00603	0.00027	0.00009	-0.00621	0.00082	0.00127	0.00354	-0.00342	-0.00024	-0.00598	-0.00103	0.01633	0.00751	-0.00225	-0.00599	-0.00358	-0.00342	-0.00257	-0.00163	-0.00814	0.00683	0.00137	-0.00646	0.00644	-0.00048	-0.00221	-0.00130	-0.00726	0.00440	0.00725	-0.00476	(Member $e0 base)
p207077	-0.00163	-0.00300	-0.00859	-0.00259	0.00018	-0.00584	-0.00494	0.00470	0.01000	0.00103	0.00615	-0.00789	-0.00847	0.00468	-0.00647	0.00690	0.00040	0.00470	0.00684	0.00005	0.01257	0.00468	-0.00124	-0.00171	-0.00651	-0.00643	0.00911	0.00508	-0.00133	-0.00622	0.00102	-0.00269	(Member $e0 bear)
p207078	-0.00195	-0.01004	-0.00577	0.00301	-0.00639	0.00473	-0.00637	-0.00200	-0.00331	0.00183	-0.00688	0.00257	0.00243	0.00019	-0.00375	-0.00179	-0.00140	0.00145	-0.00316	0.00252	0.00431	-0.00453	-0.00212	0.00591	-0.00109	-0.00391	-0.00399	0.04392	-0.00078	-0.00241	0.00137	0.01517	(Member $e0 beautiful)
p207079	-0.00726	-0.00472	-0.01652	-0.01361	0.00822	-0.01077	-0.00136	0.00723	0.00693	-0.00955	0.00061	-0.00702	0.01609	-0.00865	0.00446	0.01278	0.00247	-0.00219	0.00776	0.00251	-0.01037	-0.00635	0.00588	0.00268	0.00406	0.00607	0.00463	0.00127	-0.00653	0.00038	0.00005	0.00711	(Member $e0 borrow)
p207080	0.00063	0.02227	0.00009	-0.00384	-0.00496	0.00308	-0.01292	0.01321	0.00659	-0.00175	0.01642	-0.00373	-0.00630	0.00372	-0.01193	0.00566	0.00201	0.00482	0.00204	0.00984	-0.00416	-0.01236	-0.00579	-0.01374	0.00245	-0.00366	0.00130	-0.00887	-0.00397	-0.00632	0.00554	-0.00263	(Member $e0 break_out)
p207081	0.01399	-0.00204	-0.00441	0.00313	-0.01029	0.01214	-0.01210	-0.00076	-0.00057	-0.00155	-0.00133	-0.00807	0.01831	-0.00035	0.00043	0.00043	-0.01295	0.00107	0.01398	-0.00243	0.02165	-0.01119	0.01485	-0.00641	-0.00245	-0.00932	0.00589	-0.00264	-0.00624	-0.00325	-0.00451	0.00952	(Member $e0 bring)
p207082	-0.00188	0.00058	0.00628	0.00090	-0.00498	-0.00551	-0.00758	0.00379	0.00093	0.00316	0.00299	0.00034	-0.00080	0.01264	-0.00933	-0.00412	-0.00109	0.00739	-0.00831	0.00318	-0.00302	-0.00092	-0.00479	-0.00682	-0.00792	-0.00482	-0.00309	-0.00124	-0.00940	0.00618	0.02247	0.02030	(Member $e0 build)
p207083	0.00836	-0.00123	0.00487	0.00163	-0.00414	0.00794	0.00631	-0.00048	0.00460	-0.00101	-0.01211	-0.00118	-0.00418	-0.00448	-0.00524	-0.00311	0.00589	-0.00978	0.00035	-0.00509	0.00185	0.01373	0.01187	-0.00245	0.00007	-0.00904	0.00403	-0.00603	-0.00116	-0.00234	0.01407	0.00729	(Member $e0 climb)
p207084	0.00124	-0.00188	0.00050	-0.00464	-0.00601	-0.00527	-0.00355	-0.00158	-0.00255	-0.00564	0.01783	-0.00258	0.02186	0.00706	-0.00625	-0.00506	-0.00325	0.00678	-0.00003	0.00626	-0.00490	-0.00644	-0.00432	-0.00688	0.00070	-0.00282	0.00662	-0.00323	-0.00439	0.00423	0.01709	-0.00081	(Member $e0 create)
p207085	0.00026	-0.00482	-0.00966	-0.00623	0.01065	-0.00760	-0.00283	0.00106	-0.00182	-0.00142	-0.00090	-0.00087	0.00427	-0.00107	0.00063	0.01242	-0.00247	-0.00050	0.00115	-0.00524	-0.00656	-0.00048	-0.00139	-0.00016	-0.00104	-0.00376	-0.00070	0.01165	-0.00238	-0.00589	-0.00182	0.00656	(Member $e0 cross)
p207086	-0.00017	-0.00325	-0.00849	0.01116	-0.01082	0.01537	-0.01327	0.00973	0.00993	0.00199	-0.00437	-0.00556	-0.00120	-0.00426	0.00601	0.01023	-0.00622	-0.00343	0.00633	0.00386	0.00056	-0.00829	-0.00163	-0.00021	-0.00463	-0.01106	0.00074	0.00211	0.00025	-0.00668	-0.00615	0.02735	(Member $e0 depart)
p207087	0.00066	-0.00292	-0.00090	0.00149	-0.00378	-0.00316	0.00275	-0.00409	-0.00531	-0.00058	-0.00544	0.00249	0.00981	0.00306	0.00139	-0.00102	0.00078	0.00115	-0.00078	-0.00018	-0.00598	0.00046	-0.00030	-0.00344	-0.00082	0.00193	-0.00002	0.01015	-0.00187	-0.00013	0.00661	-0.00233	(Member $e0 difficult)
p207088	-0.01832	-0.01035	0.01589	-0.00187	0.00769	0.01339	0.00077	-0.01229	0.01801	-0.00740	-0.01138	-0.01482	-0.00274	-0.01235	-0.00195	-0.00510	0.01818	-0.01080	-0.00474	-0.01152	-0.00022	0.02488	-0.00160	0.01056	-0.00676	-0.01193	0.01565	-0.00467	0.00999	-0.00912	-0.00329	-0.00200	(Member $e0 draw)
p207089	-0.00473	0.00517	-0.00369	-0.00363	0.00024	0.00052	-0.01190	0.01556	0.00981	0.00273	0.00625	-0.01023	-0.01300	0.00464	-0.00711	0.00356	-0.00553	0.00531	0.01431	-0.00146	0.01883	-0.01098	0.00169	-0.00327	-0.00886	-0.00450	0.00331	-0.01026	-0.00535	-0.00661	-0.00448	-0.00339	(Member $e0 drink)
p207090	0.02217	0.05958	-0.00226	0.01323	0.01549	-0.02019	-0.02218	0.01355	-0.02660	0.00933	-0.00826	0.01157	0.00348	-0.00281	-0.04553	-0.01359	-0.00108	-0.02947	0.05485	-0.01754	-0.01514	-0.00840	-0.01624	0.01375	-0.04814	0.02722	0.06114	0.02383	0.00861	0.05417	0.00212	-0.00253	(Member $e0 find_out)
p207091	-0.01098	0.00599	0.00279	-0.00787	-0.00188	0.02330	-0.01598	0.01377	0.00315	0.00088	0.00912	-0.00126	-0.00170	-0.01120	-0.01710	-0.00908	-0.01368	-0.01165	-0.00946	0.00112	0.00393	0.00157	0.00715	0.01170	0.01226	-0.00527	-0.00923	0.01950	0.00529	-0.00131	0.00465	0.00863	(Member $e0 grow)
p207092	-0.00913	0.00195	0.02405	-0.00206	0.01002	0.00326	0.00236	-0.01135	-0.00580	0.00190	-0.01267	-0.00954	0.01717	0.00487	0.00245	-0.00331	0.01679	0.00065	0.00098	-0.00959	0.00835	-0.00533	0.00022	-0.00710	-0.00748	-0.00091	-0.00125	-0.00051	-0.00797	-0.00262	0.00224	-0.01186	(Member $e0 hold_up)
p207093	0.00105	-0.00418	-0.00503	0.00009	-0.00366	-0.00453	-0.00053	-0.00223	-0.00187	0.00062	0.00069	-0.00041	0.00571	0.00790	0.00042	0.00103	0.00187	0.00463	0.00218	0.00052	0.00011	-0.00330	-0.00325	-0.00321	0.00079	-0.00068	-0.00030	0.01170	-0.00239	-0.00239	-0.00355	-0.00008	(Member $e0 know)
p207094	-0.00412	-0.00718	0.00322	-0.00236	-0.00166	0.00133	0.01898	0.00368	-0.00386	-0.01294	-0.00338	-0.00527	0.03133	0.00268	0.00854	-0.01618	-0.00752	-0.00181	0.00001	0.00152	0.00304	-0.00091	0.00020	0.00445	0.00401	0.00012	0.00304	-0.00351	-0.00837	0.00039	0.00055	-0.00142	(Member $e0 mean)
p207095	-0.00484	-0.00635	-0.00789	-0.00094	-0.00504	0.00825	-0.00933	0.00141	0.00353	0.00064	-0.00055	-0.00188	-0.00083	-0.01119	-0.00070	0.00072	-0.00935	-0.00481	-0.00246	0.00035	0.00099	0.00485	0.00329	0.00956	-0.00410	-0.00785	0.01186	0.00212	0.00751	-0.00360	-0.00623	0.02757	(Member $e0 permit)
p207096	-0.00631	-0.00083	0.00637	-0.00331	0.00061	0.00134	-0.00004	-0.00462	-0.00471	-0.00015	0.00080	-0.00589	0.01704	0.00300	-0.00092	-0.00028	0.00465	0.00174	0.00137	-0.00137	0.00531	-0.00418	-0.00067	-0.00284	-0.00225	-0.00366	0.00305	-0.00255	-0.00280	-0.00293	0.00674	-0.00785	(Member $e0 pick_up)
p207097	-0.00102	-0.00250	0.00148	-0.00000	-0.00141	-0.00287	-0.00128	-0.00368	-0.00150	-0.00124	0.00077	0.00197	-0.00162	0.00288	-0.00247	-0.00236	0.00501	0.00222	-0.00602	0.00089	-0.00460	-0.00015	-0.00389	0.00022	-0.00111	-0.00149	-0.00204	-0.00119	-0.00092	0.00416	0.00981	0.00601	(Member $e0 produce)
p207098	0.01578	0.02157	0.00949	-0.00613	0.00118	-0.00013	0.02114	0.01517	-0.00578	-0.00816	-0.00655	0.00149	0.00347	-0.00072	-0.00279	-0.00345	0.00795	-0.00148	0.00546	0.00372	-0.00697	-0.01017	0.00690	-0.01344	-0.00690	-0.00823	-0.00189	-0.00493	-0.01532	-0.00501	-0.00347	0.00099	(Member $e0 pull)
p207099	0.00483	0.01796	-0.00501	-0.00603	-0.00138	-0.00340	-0.00726	-0.00066	-0.00556	-0.00739	0.00342	-0.00196	0.02376	0.00995	-0.00174	-0.00007	-0.00550	0.00286	0.00009	0.00607	-0.00118	-0.01157	-0.00757	-0.01459	0.01528	-0.00364	-0.00016	0.00881	-0.00756	-0.00818	-0.00440	0.00215	(Member $e0 read)
p207100	0.00073	-0.00351	-0.00478	-0.00561	0.01040	-0.00847	-0.00012	0.00156	0.00045	-0.00451	0.00502	0.00055	0.00455	0.00385	-0.00257	0.00681	0.00293	0.00039	-0.00332	-0.00137	-0.00850	0.00028	-0.00533	0.00191	-0.00060	-0.00463	-0.00123	0.00088	-0.00507	0.00134	0.00485	0.00928	(Member $e0 save)
p207101	-0.00140	-0.00144	-0.00121	-0.00160	0.00103	-0.00085	-0.00063	-0.00051	0.00002	-0.00175	0.00079	-0.00211	-0.00445	-0.00277	-0.00137	-0.00157	-0.00237	-0.00210	0.00177	-0.00290	0.00591	0.00464	0.00245	0.00421	-0.00223	-0.00147	0.00517	-0.00390	0.00180	-0.00028	-0.00351	-0.00176	(Member $e0 see)
p207102	0.00239	0.00728	-0.01346	-0.00412	-0.01296	-0.01448	0.00956	0.00183	-0.00770	0.00857	0.00186	0.00426	0.00269	0.01136	-0.00285	0.01074	-0.00495	0.00663	0.01649	0.00938	-0.00565	-0.00584	-0.01027	-0.01480	0.00476	-0.00615	0.00790	0.03655	0.00319	-0.01529	-0.01050	0.01952	(Member $e0 shine)
p207103	-0.01509	0.00044	0.01884	-0.00057	-0.00109	0.01735	-0.00576	0.00527	0.01022	0.00048	-0.00267	-0.00622	-0.00984	0.00145	-0.00319	-0.00489	0.01288	-0.00318	-0.00338	-0.00442	-0.00193	-0.00627	0.00377	-0.00324	-0.00700	-0.00315	-0.00589	0.00139	-0.00289	-0.00509	-0.00239	0.00211	(Member $e0 shoot)
p207104	-0.00855	0.00625	0.01230	-0.00392	0.00500	0.00897	-0.00192	-0.00623	0.00590	-0.00766	-0.00418	-0.00522	-0.00220	-0.00105	-0.00391	-0.00150	0.01233	-0.00426	-0.00016	-0.00261	0.00438	0.01427	-0.00588	0.00019	0.00348	-0.00682	0.00032	-0.00709	0.00078	-0.00985	-0.00427	-0.00644	(Member $e0 sing)
p207105	-0.00106	0.00233	0.00059	0.00130	-0.00094	-0.00029	0.00455	0.00019	-0.00384	0.00204	-0.01548	0.00183	0.00070	-0.00035	0.00323	0.00303	0.00233	-0.00082	-0.00242	-0.00080	-0.00062	0.00209	0.00435	-0.00417	-0.00853	0.00329	0.00107	-0.00463	-0.00285	-0.00219	0.02340	-0.00732	(Member $e0 solve)
p207106	-0.00248	0.01990	0.01018	-0.00090	0.00031	0.00240	-0.00338	-0.00400	-0.00628	-0.00217	-0.00101	0.00042	0.00635	0.00320	-0.00043	-0.00037	0.01033	-0.00066	-0.00340	0.00327	-0.00591	-0.00529	-0.00635	-0.00818	0.00960	0.00318	-0.00390	-0.00333	-0.00158	-0.00200	-0.00202	-0.00771	(Member $e0 speak)
p207107	0.01553	-0.00828	-0.00923	-0.00865	0.00426	-0.00466	0.00474	-0.00599	0.00742	-0.00699	0.01360	-0.00271	-0.00400	-0.01995	-0.01156	0.00522	-0.00442	-0.00794	-0.00763	-0.00304	-0.00321	0.03190	0.02163	0.00587	-0.00357	-0.01333	0.01802	-0.00933	0.00824	0.00144	0.02088	-0.01161	(Member $e0 stick)
p207108	-0.00668	-0.00263	0.00595	-0.00255	-0.00145	0.00174	0.01498	0.01555	0.00735	-0.00241	-0.00153	-0.00693	0.00075	-0.00008	-0.00233	-0.00853	0.00258	-0.00083	0.00928	-0.00039	-0.00166	-0.00687	-0.00015	-0.00153	-0.01124	-0.00771	-0.00084	-0.00226	-0.00831	-0.00391	-0.00870	0.01031	(Member $e0 take_off)
p207109	0.00018	-0.00470	-0.01454	-0.01282	0.02275	-0.00998	-0.00397	0.00748	0.00355	-0.00397	-0.00014	-0.00391	0.00231	-0.00667	0.00294	0.02085	-0.00743	-0.00361	0.00321	-0.00911	-0.00530	-0.00014	0.00044	0.00525	-0.00162	-0.00732	0.00088	0.00007	-0.00372	-0.01120	-0.00123	0.00975	(Member $e0 turn_down)
p207110	-0.00059	-0.00359	-0.00222	-0.00147	-0.00288	-0.00252	0.00947	0.00426	-0.00289	-0.00452	-0.00065	0.00086	0.00740	-0.00055	0.00077	-0.00407	-0.00363	-0.00081	-0.00117	0.00207	-0.00599	-0.00126	-0.00148	0.00010	-0.00175	-0.00078	0.00034	-0.00044	-0.00422	-0.00054	-0.00244	0.00462	(Member $e0 understand)
p207111	-0.00553	0.00031	0.01793	-0.00279	0.01004	-0.00117	0.00642	-0.01025	-0.00831	-0.00110	-0.01152	-0.00512	0.01857	0.00310	0.00454	-0.00172	0.01328	-0.00136	-0.00121	-0.00859	-0.00210	-0.00089	0.00062	-0.00552	-0.00392	0.00372	-0.00184	0.00015	-0.00713	-0.00171	0.00477	-0.01452	(Member $e0 wear)
p207112	-0.00760	0.01268	0.00789	-0.00356	-0.00318	0.00631	-0.00783	-0.01176	0.00011	0.00390	-0.00258	0.00810	0.02435	0.00485	-0.00224	-0.00439	-0.00133	-0.00443	0.00280	-0.00154	0.01080	-0.01385	-0.00063	-0.00676	0.00495	-0.00309	0.00249	-0.00101	-0.00460	-0.00308	-0.00186	0.00386	(Member $e0 win)
p207113	-0.00362	-0.00036	0.00443	0.00040	-0.00027	0.00226	-0.00134	-0.00032	0.00175	0.00082	-0.00149	-0.00226	-0.00561	0.00044	-0.00040	-0.00281	0.00696	0.00012	-0.00131	-0.00160	-0.00091	-0.00217	-0.00178	0.00000	-0.00205	-0.00098	-0.00269	-0.00178	-0.00047	-0.00000	-0.00440	-0.00087	(Member $x0 accident)
p207114	-0.00034	0.00135	-0.00085	-0.00016	0.00315	-0.00181	0.00457	-0.00638	0.01967	0.00903	-0.00009	0.02513	0.00528	0.00331	-0.00092	-0.00706	-0.00110	-0.00816	-0.00352	-0.00492	-0.00697	-0.00593	0.00052	0.00087	-0.00046	-0.00214	-0.00003	0.00033	-0.00444	0.00328	-0.00046	-0.00122	(Member $x0 atmosphere)
p207115	0.00093	-0.00315	0.00673	0.00006	-0.00087	-0.00837	-0.00067	-0.00786	-0.00121	-0.00380	0.01102	0.00374	-0.00145	0.01032	-0.00484	-0.00756	0.01092	0.00520	-0.00712	0.00267	-0.00828	-0.00000	-0.00992	0.00274	0.00223	-0.00074	-0.00428	-0.00026	-0.00196	0.01063	0.00845	0.00453	(Member $x0 author)
p207116	-0.00452	0.00126	0.00327	-0.00316	-0.00358	0.00169	-0.00532	0.00182	0.00083	-0.00009	0.00630	-0.00552	0.00666	0.00195	-0.00427	-0.00251	0.00014	0.00469	0.00191	0.00157	0.00101	-0.00793	-0.00149	-0.00566	-0.00393	-0.00621	0.00389	-0.00307	-0.00186	-0.00224	0.00169	-0.00119	(Member $x0 ball)
p207117	-0.00161	-0.00137	-0.00003	-0.00022	-0.00103	-0.00149	0.00038	-0.00162	-0.00246	-0.00025	-0.00079	0.00029	-0.00267	-0.00065	0.00091	-0.00182	0.00100	-0.00040	-0.00142	-0.00085	-0.00114	-0.00009	-0.00116	0.00165	-0.00019	0.00230	-0.00186	-0.00202	0.00028	0.00055	-0.00250	-0.00269	(Member $x0 beach)
p207118	-0.00465	-0.00380	0.00711	-0.00233	0.00258	-0.00054	0.00247	-0.01010	-0.00590	-0.00181	-0.00310	-0.00189	0.01253	-0.00046	-0.00024	-0.00250	0.00777	-0.00131	-0.00369	-0.00457	-0.00389	0.00201	-0.00265	-0.00023	0.00265	0.00024	-0.00262	0.00020	0.00058	-0.00094	0.00010	-0.00806	(Member $x0 bottom)
p207119	0.00512	0.00740	-0.00009	-0.00025	0.00077	-0.00517	0.00283	-0.00495	0.00713	-0.00744	0.00481	-0.00213	-0.00425	0.00461	0.00099	-0.00074	0.00860	-0.00135	-0.00747	0.00694	0.00153	0.01130	-0.00900	0.00109	0.00951	-0.00405	0.00292	-0.00748	-0.00181	0.00202	0.00291	-0.00087	(Member $x0 building)
p207120	-0.00614	-0.00312	0.00603	-0.00177	0.00350	-0.00002	0.00334	-0.00687	-0.00417	-0.00018	-0.00592	-0.00335	0.00457	0.00082	0.00301	-0.00019	0.01149	-0.00064	-0.00322	-0.00423	0.00102	0.00064	-0.00230	0.00117	0.00018	0.00111	-0.00298	-0.00170	-0.00058	-0.00229	0.00018	-0.00807	(Member $x0 camera)
p207121	-0.00078	-0.00472	-0.00260	-0.00720	-0.00131	0.00926	-0.00002	-0.00187	-0.00007	-0.00486	0.01137	0.00242	0.00227	-0.00879	-0.00239	0.00065	0.00029	-0.00686	-0.01246	0.00493	-0.00940	0.00734	0.00223	0.00877	0.01500	-0.00415	0.00110	0.03242	0.01227	-0.00696	0.00107	-0.00262	(Member $x0 ceiling)
p207122	-0.00176	-0.00379	-0.00038	-0.00117	0.00105	-0.00180	0.00165	-0.00458	-0.00244	0.00080	0.00199	0.00167	-0.00260	-0.00165	0.00077	-0.00183	0.00353	0.00140	-0.00348	-0.00153	0.00050	0.00313	-0.00063	0.00420	0.00433	0.00398	-0.00214	-0.00114	0.00539	0.00139	-0.00222	-0.00285	(Member $x0 church)
p207123	-0.00582	-0.00891	-0.00016	-0.00428	0.00012	0.01214	-0.00494	0.00275	0.00004	-0.00018	0.00856	0.00113	-0.00027	-0.01059	-0.00588	-0.00408	-0.00307	-0.00511	-0.00565	-0.00098	-0.00314	-0.00030	0.00590	0.01198	0.00289	-0.00216	-0.00426	0.03045	0.00818	-0.00186	0.00038	0.00022	(Member $x0 cold)
p207124	0.02306	-0.00206	0.00671	-0.00665	0.00371	0.00724	-0.00501	-0.01480	-0.00738	0.00849	-0.00499	-0.00024	0.00068	-0.00827	-0.00482	0.00649	0.01427	0.00204	-0.00265	-0.01280	-0.00522	-0.00378	0.02677	-0.01394	-0.00224	-0.01131	0.00069	0.00133	0.00301	0.00027	0.00847	-0.01303	(Member $x0 concert)
p207125	0.00927	-0.02607	0.00854	-0.00596	0.00964	-0.00404	0.01602	-0.04711	-0.02291	0.03076	-0.02338	0.00135	0.02042	-0.01609	-0.00512	0.00306	0.01899	-0.00625	0.00992	-0.02951	0.00478	0.01943	0.02548	-0.01275	0.02545	-0.00060	0.00361	0.00929	0.03100	-0.00224	0.01508	-0.00547	(Member $x0 cook)
p207126	-0.00230	-0.00633	0.00077	-0.00108	-0.00396	0.00004	-0.00050	0.00327	-0.00265	0.00157	-0.00100	-0.00142	0.00622	0.00625	-0.00240	-0.00553	-0.00143	-0.00197	-0.00326	-0.00206	-0.00471	0.00668	0.00013	-0.00289	0.00793	0.00078	-0.00391	-0.00125	-0.00385	0.00531	-0.00163	-0.00372	(Member $x0 country)
p207127	-0.00145	-0.00302	0.00461	-0.00099	-0.00064	-0.00402	-0.00266	-0.00064	-0.00165	0.00505	-0.00980	-0.00582	0.00350	0.00918	0.00106	0.00781	0.00891	0.00743	-0.00084	-0.00415	0.00003	-0.00043	-0.00337	-0.01117	-0.00556	-0.00346	-0.00417	0.01165	-0.00027	-0.00489	0.00602	-0.00713	(Member $x0 day)
p207128	0.00020	-0.00230	0.00034	-0.00124	-0.00063	-0.00268	-0.00043	-0.00211	-0.00096	-0.00180	0.00081	-0.00101	-0.00224	-0.00336	0.00248	-0.00098	0.00057	0.00527	-0.00270	-0.00160	-0.00121	0.00165	-0.00202	0.00050	0.00073	0.00245	-0.00299	-0.00077	0.00961	0.00165	-0.00257	-0.00197	(Member $x0 desk)
p207129	0.00007	-0.00060	-0.00067	0.00636	-0.00820	0.00621	0.00002	-0.00211	-0.00610	-0.00274	-0.01031	-0.00017	0.01464	-0.00051	-0.00226	-0.00491	-0.00678	-0.00163	-0.00262	0.00532	0.01039	-0.00135	-0.00071	0.00081	-0.00290	-0.00224	0.00209	-0.00201	-0.00511	0.00217	0.01451	0.00950	(Member $x0 difference)
p207130	-0.00172	-0.00136	0.00021	0.00013	-0.00090	-0.00156	0.00119	-0.00181	-0.00276	0.00014	-0.00048	0.00103	-0.00318	-0.00038	0.00170	-0.00202	0.00200	-0.00017	-0.00161	-0.00053	-0.00113	0.00026	-0.00120	0.00286	0.00025	0.00349	-0.00202	-0.00227	0.00090	0.00121	-0.00290	-0.00325	(Member $x0 different)
p207131	-0.00139	-0.00140	0.00159	0.00067	-0.00297	0.00090	0.00005	-0.00367	-0.00395	-0.00049	-0.00009	-0.00106	0.01001	0.00171	0.00101	-0.00430	-0.00292	0.00129	0.00159	0.00049	0.00682	-0.00141	-0.00007	0.00161	0.00163	0.00074	0.00148	-0.00110	-0.00035	0.00129	-0.00148	-0.00044	(Member $x0 dress)
p207132	-0.00778	-0.00842	0.00104	-0.00488	0.00054	0.01513	-0.00481	0.00484	0.00247	-0.00148	0.01007	-0.00066	-0.00080	-0.01310	-0.00552	-0.00542	-0.00395	-0.00734	-0.00627	-0.00009	-0.00317	0.00054	0.00506	0.01460	0.00431	-0.00230	-0.00407	0.01996	0.00953	-0.00192	0.00030	-0.00089	(Member $x0 earth)
p207133	-0.00147	-0.00126	-0.00020	-0.00010	-0.00099	-0.00134	0.00057	-0.00148	-0.00230	-0.00020	-0.00059	0.00037	-0.00259	-0.00061	0.00099	-0.00172	0.00118	-0.00040	-0.00146	-0.00053	-0.00113	-0.00008	-0.00121	0.00186	-0.00004	0.00227	-0.00169	-0.00193	0.00043	0.00063	-0.00244	-0.00263	(Member $x0 fact)
p207134	0.00741	-0.00981	-0.01041	-0.00214	-0.00149	-0.01307	-0.00432	-0.00412	-0.00162	-0.01022	-0.01583	0.00301	0.00464	0.00771	0.01967	-0.00352	-0.00548	-0.00110	0.01067	0.00013	0.00602	-0.00069	-0.00253	0.01767	0.00547	-0.00461	-0.00215	-0.00270	-0.00763	0.00677	0.00936	0.01919	(Member $x0 feed_pipe)
p207135	-0.00219	0.00074	0.00559	-0.00245	-0.00092	-0.00176	-0.00498	0.00078	0.00400	-0.00061	0.01158	-0.00175	-0.00562	0.00517	-0.00727	-0.00306	0.01056	0.00398	-0.00384	0.00176	-0.00872	-0.00504	-0.00545	-0.00366	-0.00353	-0.00574	-0.00167	-0.00262	-0.00200	0.00335	0.00627	0.00038	(Member $x0 field)
p207136	-0.00104	0.00015	-0.00233	-0.00229	-0.00079	-0.00281	-0.00014	0.00100	-0.00178	0.00229	0.00302	0.00051	-0.00135	-0.00049	-0.00176	0.00341	0.00111	0.00226	-0.00155	0.00123	-0.00334	-0.00043	0.00085	-0.00267	-0.00299	0.00095	0.00204	-0.00366	0.00163	-0.00141	0.01201	-0.00597	(Member $x0 film)
p207137	-0.03046	-0.00565	0.04063	-0.02964	-0.01928	0.01103	-0.00623	-0.02357	-0.02279	-0.00704	0.04959	0.02458	0.01362	0.03023	0.04372	0.03299	-0.05459	-0.00795	-0.00490	-0.01273	-0.02409	0.00426	0.04429	-0.04113	-0.01525	0.04682	0.03815	0.00162	0.00627	-0.03397	-0.01230	0.03093	(Member $x0 fitter)
p207138	-0.00746	-0.00652	0.00392	0.00080	0.00098	0.00498	0.00130	-0.00479	0.00882	-0.00330	-0.00352	-0.00525	-0.00587	-0.00587	-0.00061	-0.00471	0.00598	-0.00654	-0.00389	-0.00401	0.00136	0.01381	-0.00101	0.00879	-0.00164	-0.00342	0.00561	-0.00367	0.00565	-0.00197	-0.00391	0.00075	(Member $x0 flower)
p207139	0.01361	0.00167	-0.00300	-0.01052	0.00005	0.01988	-0.00948	0.00174	-0.00120	-0.00539	0.00843	0.00267	-0.00279	-0.01864	-0.00996	-0.00333	-0.00765	-0.00747	-0.00966	-0.00269	0.00225	-0.00105	0.02826	0.00802	0.01507	-0.01063	-0.00463	0.01596	0.00752	-0.00153	0.00067	-0.00323	(Member $x0 forest)
p207140	-0.00301	-0.00364	0.00572	-0.00292	0.00248	0.00063	-0.00622	0.00652	0.00419	0.00203	0.00350	-0.00386	-0.00247	0.01163	-0.00734	-0.00165	0.00944	-0.00000	-0.00547	-0.00304	-0.00928	0.00297	-0.00437	-0.00642	0.00307	-0.00721	-0.00650	-0.00087	-0.00794	0.00738	0.00161	0.00401	(Member $x0 fox)
p207141	0.00056	-0.00009	-0.00235	-0.00125	-0.00216	-0.00205	0.00116	0.00118	-0.00194	-0.00046	0.00252	0.00093	0.00797	0.00121	-0.00173	0.00131	-0.00120	0.00137	-0.00024	0.00190	-0.00499	-0.00006	0.00102	-0.00331	-0.00169	0.00020	0.00287	-0.00276	-0.00105	-0.00065	0.01307	-0.00479	(Member $x0 game)
p207142	-0.00780	0.01726	0.01317	-0.00040	0.00133	0.00455	-0.00789	-0.00422	-0.00183	0.00251	-0.01070	-0.00259	0.00220	0.00310	-0.00445	-0.00045	0.01067	0.00032	-0.00332	-0.00200	-0.00032	-0.00693	-0.00508	-0.00929	-0.00025	-0.00123	-0.00466	-0.00199	-0.00351	-0.00408	0.00525	0.00345	(Member $x0 government)
p207143	-0.00127	-0.00106	0.00002	0.00010	-0.00078	-0.00120	0.00073	-0.00129	-0.00215	0.00001	-0.00044	0.00060	-0.00241	-0.00042	0.00121	-0.00154	0.00132	-0.00020	-0.00121	-0.00039	-0.00090	0.00015	-0.00099	0.00203	0.00013	0.00250	-0.00150	-0.00172	0.00062	0.00082	-0.00223	-0.00244	(Member $x0 great)
p207144	-0.00488	-0.00027	0.00491	0.00066	-0.00059	0.00347	-0.00206	0.00082	0.00352	0.00125	-0.00164	-0.00320	-0.00599	0.00084	-0.00029	-0.00259	0.00778	0.00056	-0.00135	-0.00176	-0.00185	-0.00272	-0.00231	-0.00096	-0.00252	-0.00102	-0.00292	-0.00158	-0.00032	-0.00071	-0.00459	-0.00106	(Member $x0 king)
p207145	0.00028	-0.00139	0.00372	0.00051	-0.00019	-0.00404	0.00042	-0.00371	-0.00094	-0.00133	0.00577	0.00270	-0.00156	0.00521	-0.00120	-0.00393	0.00692	0.00268	-0.00314	0.00147	-0.00440	0.00039	-0.00463	0.00283	0.00154	0.00122	-0.00231	-0.00056	-0.00030	0.00619	0.00350	0.00127	(Member $x0 kitchen)
p207146	-0.00306	-0.00025	0.00852	0.00178	0.00257	0.00044	0.01559	0.00097	-0.00520	0.00016	-0.00286	-0.00108	0.00640	-0.00095	0.00139	-0.00054	0.00810	-0.00260	-0.00463	0.00147	-0.00435	-0.00247	-0.00370	-0.00289	-0.00688	-0.00138	0.00050	0.00033	-0.00520	0.00032	-0.00008	-0.00094	(Member $x0 law)
p207147	-0.00225	0.01902	0.00942	-0.00166	0.00049	0.00244	-0.00375	-0.00427	-0.00597	-0.00305	-0.00104	0.00011	0.00672	0.00207	-0.00125	-0.00056	0.00935	-0.00126	-0.00369	0.00287	-0.00564	-0.00511	-0.00629	-0.00833	0.00951	0.00163	-0.00382	-0.00305	-0.00146	-0.00264	-0.00179	-0.00706	(Member $x0 line)
p207148	-0.00563	-0.00572	0.00257	-0.00219	0.00180	0.00895	0.00116	0.00125	-0.00060	-0.00105	-0.00662	-0.00018	-0.00029	-0.00785	0.00236	-0.00521	-0.00010	-0.00494	-0.00449	-0.00229	0.00006	0.00206	0.00434	0.01051	-0.00007	0.00235	-0.00384	0.01404	0.00312	-0.00192	0.00481	-0.00211	(Member $x0 living_room)
p207149	-0.01665	0.01445	0.00914	0.05460	0.04104	-0.03078	-0.00285	0.00120	0.00291	-0.00804	-0.00574	-0.01120	-0.00774	0.05510	-0.00603	-0.02374	-0.01274	-0.01721	-0.00927	0.02296	-0.00325	-0.01004	0.03346	0.00252	-0.01478	-0.02517	0.00006	-0.00113	0.03426	-0.02052	0.00028	-0.00333	(Member $x0 medal)
p207150	-0.00079	-0.00026	-0.00205	-0.00159	-0.00278	-0.00092	-0.00672	0.00215	0.00240	-0.00136	0.01721	-0.00161	-0.00372	0.00106	-0.01030	-0.00117	0.00210	0.00159	-0.00141	0.00547	-0.00020	-0.00413	-0.00535	0.00164	-0.00061	-0.00455	0.00018	-0.00376	0.00009	0.00378	0.00619	0.00204	(Member $x0 noise)
p207151	-0.00386	-0.00317	0.00142	-0.00298	0.00429	-0.00496	0.01453	0.00029	0.01900	0.00948	-0.00189	0.02453	-0.00209	0.00538	-0.00242	-0.00877	-0.00078	-0.01125	-0.00601	-0.00605	-0.00758	0.00591	0.00319	0.00087	-0.00015	-0.00399	0.00408	-0.00216	-0.00579	0.00744	0.00027	-0.00452	(Member $x0 ocean)
p207152	-0.00300	-0.00349	0.00126	-0.00237	-0.00304	0.00173	-0.00354	-0.00239	-0.00135	-0.00453	-0.00036	-0.00750	0.01063	-0.00089	0.00235	-0.00623	-0.00715	0.00666	0.00337	-0.00283	0.01346	-0.00335	0.00005	-0.00026	0.00107	-0.00302	0.00073	-0.00295	0.00609	0.00005	-0.00394	0.00044	(Member $x0 opportunity)
p207153	-0.00338	-0.00308	0.00075	-0.00078	0.00120	-0.00336	0.00541	-0.00488	-0.00312	-0.00220	-0.00537	0.00069	-0.00197	-0.00460	0.00129	-0.00248	0.00132	-0.00301	-0.00352	-0.00277	-0.00116	0.01013	0.00122	0.00460	-0.00220	0.00319	0.00507	-0.00398	0.00390	0.00059	0.00624	-0.00590	(Member $x0 other)
p207154	-0.00741	-0.00967	0.00327	-0.00065	0.00078	0.00570	0.00258	-0.00801	0.00795	-0.00668	-0.00205	-0.00513	0.00299	-0.00743	-0.00182	-0.00804	0.00504	-0.00709	-0.00558	-0.00489	-0.00123	0.01631	-0.00094	0.00955	0.00267	-0.00407	0.00601	-0.00284	0.00738	-0.00155	-0.00350	0.00032	(Member $x0 page)
p207155	-0.00031	-0.00202	-0.00258	0.00163	-0.00158	-0.00287	0.00029	-0.00252	-0.00309	0.00089	-0.00553	0.00286	-0.00055	0.00232	0.00069	-0.00059	0.00082	0.00231	-0.00247	0.00043	0.00299	0.00113	-0.00096	0.00243	-0.00074	0.00235	-0.00091	-0.00058	-0.00069	0.00237	0.00613	0.00696	(Member $x0 park)
p207156	-0.00712	0.00077	0.01245	-0.00037	0.00345	0.00273	-0.00116	-0.00407	0.00001	0.00292	-0.00585	-0.00530	0.00026	0.00209	-0.00063	0.00016	0.01399	-0.00003	-0.00136	-0.00439	-0.00149	-0.00311	-0.00302	-0.00293	-0.00443	-0.00263	-0.00324	-0.00055	-0.00258	-0.00238	-0.00222	-0.00539	(Member $x0 patient)
p207157	-0.00121	-0.00115	0.00007	-0.00020	-0.00062	-0.00108	0.00073	-0.00187	-0.00225	-0.00026	-0.00011	0.00113	-0.00235	-0.00076	0.00099	-0.00179	0.00144	-0.00025	-0.00155	-0.00055	-0.00092	0.00048	-0.00093	0.00231	0.00047	0.00230	-0.00166	-0.00159	0.00128	0.00096	-0.00227	-0.00246	(Member $x0 plant)
p207158	-0.01081	-0.00298	0.00350	-0.00519	-0.00228	0.00675	0.01044	0.01152	0.00364	-0.00560	0.00028	-0.00661	0.00566	-0.00357	-0.00360	-0.01273	-0.00182	-0.00167	0.00899	0.01489	0.00951	-0.00681	0.00714	0.00832	-0.00547	-0.00591	0.00089	-0.00223	-0.00667	-0.00150	-0.00646	0.00201	(Member $x0 police)
p207159	-0.00028	-0.00358	-0.00243	-0.00361	-0.00431	0.00120	-0.00571	0.00970	0.00003	0.00551	0.00580	-0.00173	-0.00244	0.00371	-0.00623	0.00217	-0.00248	-0.00021	-0.00372	0.00093	-0.00641	0.00266	0.00381	-0.00716	0.00236	-0.00354	-0.00028	-0.00197	-0.00375	0.00377	0.00378	0.00061	(Member $x0 population)
p207160	0.00855	-0.00154	-0.00335	-0.00174	-0.00260	0.00308	-0.00106	-0.00142	-0.00476	-0.00000	-0.00749	0.00334	-0.00192	-0.00540	-0.00030	0.00135	-0.00201	-0.00198	-0.00377	-0.00228	-0.00129	-0.00012	0.01051	-0.00220	-0.00363	-0.00429	-0.00063	-0.00097	-0.00143	0.00068	0.00581	0.00248	(Member $x0 report)
p207161	-0.00131	-0.00205	-0.00197	0.00006	-0.00111	-0.00271	0.00215	-0.00554	0.00457	0.00304	-0.00135	0.01041	0.00496	0.00357	0.00107	-0.00323	0.00133	-0.00264	-0.00153	-0.00230	-0.00587	-0.00383	-0.00006	-0.00009	-0.00014	-0.00150	-0.00026	0.01068	-0.00184	0.00178	-0.00173	-0.00060	(Member $x0 right)
p207162	-0.00038	-0.00371	-0.00192	0.00064	-0.00389	-0.00724	-0.00067	-0.00544	-0.00663	0.00237	-0.00200	0.00320	0.00071	0.00500	0.00095	0.00114	0.00311	0.00489	0.00015	-0.00065	-0.00661	-0.00274	-0.00307	-0.00425	-0.00203	0.00189	-0.00155	0.02277	-0.00013	-0.00121	-0.00306	-0.00032	(Member $x0 spider)
p207163	-0.00137	-0.00539	-0.00154	-0.00108	0.00164	-0.00288	0.00089	-0.00307	0.00618	-0.00542	-0.00064	-0.00645	-0.00506	-0.00724	0.00088	-0.00152	-0.00132	0.00082	-0.00158	-0.00346	0.00626	0.01369	-0.00158	0.00572	-0.00118	-0.00268	0.00345	-0.00439	0.01030	0.00023	-0.00327	-0.00221	(Member $x0 station)
p207164	0.01507	-0.00324	-0.00493	-0.00628	-0.00274	0.00462	-0.00363	0.00470	-0.00395	0.00021	0.00218	0.00208	-0.00219	-0.00496	-0.00396	0.00146	-0.00525	-0.00183	-0.00526	-0.00261	-0.00307	0.00090	0.01996	-0.00485	0.00034	-0.00842	-0.00016	-0.00169	-0.00363	0.00367	0.00447	0.00149	(Member $x0 strong)
p207165	0.02409	-0.02424	-0.00739	-0.01260	0.00410	0.01220	-0.00097	-0.02987	-0.01269	0.02849	-0.00482	0.00668	-0.00549	-0.01685	-0.00904	-0.00058	0.00986	0.01184	0.01980	-0.01442	0.00559	0.00146	0.02934	-0.01020	0.02933	-0.00603	-0.00698	0.00753	0.02880	-0.00885	-0.00863	0.00577	(Member $x0 teacher)
p207166	-0.00260	-0.00848	-0.00092	0.00012	0.00417	0.00951	-0.00671	0.01092	0.00999	-0.00652	-0.00770	-0.00873	0.00489	-0.01491	0.01002	0.00165	-0.00587	-0.00136	-0.00074	-0.00499	-0.00411	0.00139	0.00043	0.00363	-0.00219	-0.00445	-0.00483	0.01622	0.01555	-0.00410	0.00408	0.00578	(Member $x0 theater)
p207167	-0.00113	-0.00262	0.00284	-0.00057	-0.00100	-0.00519	0.00056	-0.00636	-0.00337	-0.00229	0.00092	0.00233	-0.00162	0.00311	-0.00245	-0.00410	0.00654	0.00178	-0.00624	-0.00028	-0.00552	0.00117	-0.00468	0.00031	-0.00048	0.00049	-0.00307	-0.00250	-0.00035	0.00429	0.01057	-0.00191	(Member $x0 top)
p207168	-0.00116	-0.00700	-0.00039	0.01125	-0.00930	0.01180	-0.00139	-0.00761	0.00272	-0.00528	-0.01257	-0.01054	0.02455	-0.00096	0.00584	-0.00245	-0.00667	-0.00696	0.01038	-0.00190	0.01490	0.00965	0.00064	0.00206	-0.00223	-0.00856	0.01016	-0.00464	-0.00029	-0.00516	0.00869	-0.00009	(Member $x0 treaty)
p207169	-0.00287	-0.00460	-0.00305	-0.00368	0.00428	-0.00015	-0.00095	0.00591	0.00024	-0.00036	-0.00149	-0.00245	0.00139	0.00142	0.00110	0.00238	-0.00146	-0.00253	-0.00173	-0.00296	-0.00252	0.00337	0.00049	0.00115	0.00311	-0.00111	-0.00266	-0.00096	-0.00322	-0.00004	-0.00168	0.00164	(Member $x0 truth)
p207170	-0.00046	0.00133	-0.00110	-0.00049	0.00325	-0.00198	0.00443	-0.00636	0.01978	0.00895	-0.00018	0.02522	0.00503	0.00316	-0.00096	-0.00704	-0.00120	-0.00832	-0.00361	-0.00505	-0.00718	-0.00621	0.00048	0.00079	-0.00066	-0.00245	-0.00006	0.00020	-0.00460	0.00299	-0.00055	-0.00132	(Member $x0 valuable)
p207171	-0.00080	-0.00315	-0.00759	0.00243	-0.00357	0.00929	-0.00940	0.00247	0.00145	0.00888	0.00009	-0.00078	-0.00518	-0.00190	-0.00347	0.00480	-0.00438	0.00180	-0.00349	0.00099	0.00590	-0.00529	-0.00185	-0.00035	-0.00240	-0.00223	0.00018	0.00228	-0.00101	0.00100	-0.00599	0.02425	(Member $x0 warden)
p207172	-0.03046	-0.00565	0.04063	-0.02964	-0.01928	0.01103	-0.00623	-0.02357	-0.02279	-0.00704	0.04958	0.02458	0.01362	0.03023	0.04372	0.03299	-0.05459	-0.00795	-0.00490	-0.01273	-0.02409	0.00426	0.04429	-0.04113	-0.01525	0.04682	0.03815	0.00162	0.00627	-0.03398	-0.01230	0.03093	(Member $x0 welder)
p207173	-0.01552	0.00474	0.01884	0.05093	0.04274	-0.02851	-0.00135	-0.00053	0.00201	-0.01023	-0.00707	-0.01030	-0.00829	0.05821	-0.00545	-0.02367	-0.01777	-0.01728	-0.01086	0.02624	-0.00368	-0.01334	0.02768	-0.00120	-0.00812	-0.02530	0.00341	-0.00117	0.03612	-0.01720	0.00021	-0.00706	(Member $x0 whistle)
p207174	0.04505	-0.00107	0.00379	-0.00379	-0.00087	0.01393	-0.00097	-0.00968	-0.00784	-0.00066	-0.01467	0.00644	-0.00839	-0.01107	-0.00461	-0.00293	0.01036	-0.00306	-0.00737	-0.01199	0.00168	-0.00014	0.04119	-0.00899	-0.00359	-0.01562	-0.00490	0.00037	-0.00616	0.00800	0.00022	-0.00362	(Member $x0 wood)
p207175	0.00471	-0.00579	0.00095	0.00283	-0.00378	-0.00534	0.00212	-0.00328	-0.00251	-0.00358	-0.00100	-0.00327	0.01594	0.00253	0.00056	-0.00549	-0.00358	0.00545	-0.00165	-0.00032	-0.00947	0.00176	-0.00492	-0.00486	0.00404	0.00497	-0.00199	0.01123	-0.00271	-0.00079	-0.00157	-0.00106	(Member $x0 work)
p207176	-0.01047	-0.01818	0.00594	0.00035	-0.00494	0.01320	-0.00411	0.01030	-0.01049	-0.00840	-0.00357	0.00716	0.01550	-0.01776	0.00140	-0.00742	-0.01739	-0.00383	-0.00574	0.00406	0.02448	-0.00159	0.00821	0.02463	0.01256	0.00294	0.00011	0.02337	0.00274	-0.00774	0.00291	0.00511	(Member $x0 yellow)
p207177	0.03489	0.01590	0.01545	-0.00203	0.00373	-0.00652	0.04003	0.00656	-0.01428	-0.01014	-0.03303	0.01366	-0.00129	-0.00313	-0.00138	-0.01252	0.00379	-0.00419	-0.00682	-0.00451	-0.00170	0.00563	0.03211	-0.01414	-0.01809	-0.00457	0.00158	0.00675	-0.02242	0.00557	0.02222	0.00865	(Member $x0 young)
p207178	-0.00142	0.00014	0.00010	0.00134	-0.00020	-0.00163	0.00087	-0.00104	-0.00157	0.00126	0.00026	0.00054	-0.00201	0.00020	0.00241	-0.00149	0.00195	0.00050	-0.00079	-0.00052	-0.00056	0.00099	-0.00008	0.00267	-0.00027	0.00270	-0.00163	-0.00124	0.00152	0.00048	-0.00195	-0.00176	(Past (LocatedIn $x0 there))
p207179	0.00054	-0.00294	-0.00041	0.00183	-0.00286	-0.00569	0.00072	-0.00545	-0.00618	0.00323	-0.00180	0.00437	0.00124	0.00600	0.00160	0.00116	0.00428	0.00463	-0.00028	-0.00029	-0.00494	-0.00115	-0.00204	-0.00328	-0.00081	0.00319	-0.00190	0.02342	0.00023	-0.00002	-0.00198	-0.00006	(Probably (Member $x0 good))
p207180	0.00224	0.00115	-0.00879	-0.00644	-0.00481	-0.00560	-0.00701	0.00487	-0.00156	0.00056	0.01925	0.00305	-0.00336	0.00655	-0.00771	0.01065	0.00154	0.01506	0.00421	0.00539	-0.00569	-0.00509	-0.00422	-0.01402	-0.00657	-0.00124	0.00220	0.00895	0.00090	-0.00888	0.00739	-0.00441	(ProportionOf $x0 $x1 some)
p207181	-0.03343	-0.02461	-0.05243	-0.02252	-0.01396	-0.02210	-0.01397	0.01920	0.05611	-0.01664	-0.00282	-0.03793	0.01022	-0.03947	-0.00517	0.02970	0.03791	-0.01318	0.01119	0.01382	-0.01013	-0.01434	0.03695	0.01924	0.02887	0.05352	-0.00274	-0.00154	-0.00828	0.03099	-0.00401	0.01306	(Recipient $e0 ravi)
p207182	-0.00024	-0.00280	-0.00026	-0.00102	-0.00173	-0.00009	0.00169	-0.00360	-0.00321	-0.00381	0.00092	0.00169	0.00773	-0.00092	0.00060	-0.00484	-0.00062	-0.00078	-0.00188	-0.00038	-0.00358	0.00159	-0.00086	0.00213	0.00389	0.00128	-0.00106	-0.00044	0.00140	0.00142	-0.00169	-0.00184	(RestOf $x0 $x1)
p207183	0.00085	0.00928	-0.00264	-0.00203	-0.00230	-0.00159	-0.00760	0.00562	0.00237	0.00052	0.00722	-0.00322	-0.00597	0.00748	-0.00330	0.00302	-0.00149	0.00483	0.00592	0.00359	0.00785	-0.00955	-0.00351	-0.00695	0.00250	-0.00269	-0.00038	0.00473	-0.00334	-0.00608	-0.00855	-0.00115	(Start $e0 (Year <num>))
p207185	-0.00152	-0.00382	-0.00819	0.00155	-0.00390	0.00844	-0.00967	0.00170	0.00069	0.00770	-0.00059	-0.00148	-0.00593	-0.00284	-0.00409	0.00378	-0.00491	0.00077	-0.00430	0.00020	0.00501	-0.00569	-0.00255	-0.00080	-0.00309	-0.00295	-0.00049	0.00128	-0.00163	0.00035	-0.00664	0.02301	(Theme $e0 night_delivery)
p207186	-0.01156	-0.01276	-0.00851	-0.00438	-0.00481	0.01092	-0.00997	-0.00504	0.00536	-0.00541	-0.00016	-0.00400	0.00377	-0.02383	0.00058	-0.00470	-0.01636	-0.01457	-0.00196	-0.00472	-0.00142	0.02571	0.00995	0.02397	-0.00726	-0.01133	0.03346	0.00143	0.02151	-0.00900	-0.00597	0.03236	(Theme $e0 photography)
p207187	-0.00120	-0.00361	-0.00812	0.00199	-0.00406	0.00878	-0.00986	0.00199	0.00094	0.00841	-0.00035	-0.00122	-0.00563	-0.00241	-0.00393	0.00432	-0.00485	0.00129	-0.00396	0.00055	0.00544	-0.00577	-0.00237	-0.00081	-0.00290	-0.00266	-0.00029	0.00182	-0.00149	0.00054	-0.00646	0.02381	(Theme $e0 visitor)
p207188	-0.00214	0.00153	0.00343	0.00058	-0.00086	0.00518	-0.00364	0.00393	0.00280	0.00261	-0.00192	-0.00359	-0.00616	0.00149	-0.00298	-0.00087	0.00500	0.00003	0.00088	-0.00062	0.00345	-0.00441	-0.00109	-0.00191	-0.00578	-0.00374	-0.00028	-0.00358	-0.00089	-0.00263	0.00126	-0.00123	(Time $e0 $x0)
p207189	-0.00135	0.00465	-0.00394	0.01351	-0.01057	0.01306	-0.01286	-0.00027	0.00462	0.00567	-0.01120	-0.00537	0.00087	-0.00119	0.00850	0.01140	-0.00124	-0.00495	0.00832	-0.00116	-0.00303	-0.00808	-0.00278	-0.01026	0.00136	-0.00511	-0.00258	0.00786	0.00336	-0.01167	0.00429	0.00676	(Time $e0 soon)
p207190	-0.00117	0.00036	-0.00199	0.00121	-0.00245	0.00053	0.00073	0.00088	-0.00253	0.00203	-0.01100	0.00089	-0.00081	-0.00108	0.00142	0.00324	0.00038	-0.00039	-0.00249	0.00013	-0.00088	-0.00009	0.00214	-0.00315	-0.00693	0.00018	0.00070	-0.00264	-0.00221	-0.00189	0.01367	0.00173	(Time $e0 that_autumn)
p207191	-0.00084	-0.00358	-0.00741	0.02238	-0.01569	0.02434	-0.01571	0.00871	0.01363	0.00004	-0.01501	-0.01073	0.00114	-0.00431	0.01323	0.01590	-0.00456	-0.00921	0.01695	-0.00013	-0.00208	-0.00812	-0.00209	-0.00627	-0.00966	-0.01504	-0.00062	-0.00150	-0.00055	-0.01380	0.00341	0.01718	(Time $e0 tomorrow)
p207192	0.00439	0.00952	-0.00348	-0.00126	-0.00322	-0.00080	-0.00393	0.00265	0.00628	0.00147	0.00108	-0.00430	-0.00775	0.01353	0.00347	0.00738	0.01123	0.00640	-0.00050	0.00656	0.00707	-0.01166	-0.00686	-0.01009	0.00383	-0.00729	-0.00287	0.00670	-0.00649	-0.00790	-0.00790	0.00060	(With $e0 $x0)
