pattern_id	w0	w1	w2	w3	w4	w5	w6	w7	w8	w9	w10	w11	w12	w13	w14	w15	w16	w17	w18	w19	w20	w21	w22	w23	w24	w25	w26	w27	w28	w29	w30	w31	query
p200004	-0.02479	-0.37042	0.58541	0.07256	-0.03534	-0.32650	0.14083	-0.04357	-0.32985	0.30789	0.11193	-0.60804	1.16825	0.11628	-0.06022	0.04313	-0.11713	0.03377	0.18073	-0.10711	0.19340	0.83913	0.05182	-0.03783	-0.11872	-0.21708	-0.39052	-0.35078	1.11305	0.06818	0.07459	0.24139	(Past $e0)
p200009	0.10953	-0.51590	-0.33895	-0.45310	0.24023	0.53124	0.82839	0.17040	0.00625	0.17614	0.02008	-0.27620	0.08745	0.28218	-0.23878	0.90011	0.08799	0.08699	-0.14593	0.16764	-0.53575	-0.45234	0.18227	1.16112	0.04624	0.02817	-0.04051	-0.70344	0.16184	-0.40269	-0.35018	0.28891	(Agent $e0 $x0)
p200011	0.13244	0.25269	-0.15477	0.65352	-0.16212	0.09899	0.18142	0.12432	0.50019	0.07050	-0.73633	-0.11804	0.11332	0.15639	0.49986	-0.06620	0.27349	0.22788	0.35987	0.05873	-0.16059	-0.01451	-0.16208	-0.07176	0.22862	-1.03183	-0.18015	-0.47744	-0.09202	0.05957	-0.84295	-0.06745	(Patient $e0 $x0)
p200012	0.11973	0.79157	0.30509	-0.50864	0.28892	-0.28636	-0.07960	-0.18965	-0.54651	-0.14381	0.44217	0.12854	-0.12505	-0.23681	-0.41418	0.22394	-0.02947	0.25475	-0.07902	-0.21175	-0.16574	0.42044	0.29299	0.15325	-0.24352	0.17341	0.10309	0.09312	-0.08971	-0.28268	-1.16302	-0.10914	(Theme $e0 $x0)
p200025	0.10084	0.04001	-0.02579	0.30892	0.06863	0.01287	-0.43870	0.35321	-0.22732	-0.17955	-0.39214	-0.09829	0.37108	0.47494	-0.07284	-0.00099	-0.09686	0.44102	-0.13486	-0.53117	-0.18926	-0.47398	0.11612	0.67950	-0.40753	0.16023	0.16659	0.22348	0.03417	-0.14001	0.29130	1.05734	(And (Agent $e0 $x0) (Past $e0))
p200030	0.18968	-0.18088	0.25409	-0.06257	0.01310	0.06369	0.32075	-0.03529	0.28192	-0.09775	-0.28086	-0.28057	0.46492	0.07393	0.05573	-0.22232	-0.03602	0.21312	0.35782	-0.72273	0.21229	0.35477	0.23364	-0.08589	0.46845	-0.29798	0.11326	-0.38104	-0.91976	0.23212	-0.19062	-0.09135	(And (Past $e0) (Patient $e0 $x0))
p200036	0.01576	0.20333	-0.06751	-0.06278	0.25775	0.11506	-0.32484	0.29290	-0.09729	-0.34784	-0.07025	-0.81595	-0.71715	-0.17427	-0.00082	-0.04541	-0.03613	0.20242	0.19597	-0.53155	-0.50174	0.05368	-0.12752	-0.27517	-0.10205	0.19326	0.16560	0.44668	0.79309	0.02918	-0.41341	0.00335	(And (Past $e0) (Theme $e0 $x0))
p200038	-0.56212	0.14055	-0.17190	-0.56965	-0.35054	-0.34765	0.14414	0.05467	-0.65722	0.03554	-1.03293	-0.11640	-0.06581	-0.02922	0.19168	-0.08961	-0.19982	0.41142	0.63691	0.71677	0.04704	0.20036	-0.19289	0.03287	-0.21064	0.25203	0.52153	-0.21227	-0.14729	0.07110	0.27469	-0.13347	(Experiencer $e0 $x0)
p200040	0.08440	0.18099	-0.07922	0.07250	-0.45496	-0.03819	0.06251	0.01620	-0.03675	0.01171	0.44509	0.23827	-0.03678	0.38077	0.47379	-0.09687	0.26482	0.20658	0.71096	-0.08726	-0.07127	0.01808	-0.42204	-0.08793	0.10957	-0.14533	0.00156	-0.01364	0.11078	-1.31818	0.29195	-0.09081	(Ongoing $e0)
p200048	-0.00125	0.29786	-0.04624	-0.03744	0.22099	0.17630	0.08332	0.21040	0.22513	-0.13064	0.03749	0.22979	0.67038	-0.49836	-0.33751	0.55267	-0.10126	0.05861	-0.23635	-0.00991	-0.31315	0.17321	-0.30269	-0.02217	-0.28465	0.12912	1.14129	0.25010	-0.28052	-0.27787	-0.23292	0.01885	(And (Agent $e0 $x0) (Theme $e0 $x1))
p200049	-1.35455	0.32677	-0.01155	0.61704	-0.25576	0.17261	0.83596	-0.13807	-0.41520	-0.32512	0.09331	0.23381	0.01779	-0.10170	-0.37529	0.04259	0.06285	-0.24145	0.08896	-0.58828	-0.19609	-0.34369	0.64542	-0.08376	-0.17726	0.00542	-0.09310	-0.14783	0.11836	0.15389	0.04743	-0.17544	(Member $x0 thing)
p200051	-0.14519	0.13148	0.41878	0.01576	-0.07752	-0.10090	-0.02965	0.96816	-0.30994	-0.21475	-0.16276	0.28162	0.07637	0.08941	0.11059	-0.24669	-0.08516	-0.35029	-0.15193	0.11521	0.20413	-0.16080	-0.55099	0.30244	1.06246	0.23108	-0.07371	0.27806	0.11123	-0.09906	-0.21838	-0.02314	(Location $e0 $x0)
p200075	-0.19036	-0.37416	0.14747	-0.03042	0.50920	0.03146	-0.05258	-0.14618	-0.20445	0.04332	0.17111	0.08259	-0.18737	-0.11571	0.25019	-0.68327	-0.02154	0.58682	-0.03863	0.01086	0.72551	-0.35585	-0.12163	0.54655	-0.20932	-0.44876	0.00738	-0.10768	0.00179	0.03519	-0.24288	-0.10995	(And (Agent $e0 $x0) (Patient $e0 $x1))
p200080	-0.01380	0.00731	-0.02938	0.13551	-0.31759	-0.07956	-0.13224	0.51978	-0.31728	0.04684	0.06832	-0.01023	-0.15866	-0.05829	0.12561	0.85175	0.74452	0.12370	-0.05882	-0.00758	0.56751	0.16151	-0.48293	-0.05327	-0.13704	-0.16733	-0.40804	-0.18161	-0.14777	0.10840	0.08883	-0.15896	(Theme $e0 $e1)
p200083	0.26598	0.73212	0.72722	0.03581	-0.14779	1.10894	0.27618	-0.39648	-0.29049	0.99426	-0.00361	-0.56069	0.02986	0.13146	-0.20343	-0.01251	-0.25351	0.13925	-0.26310	0.17931	0.32837	-0.36822	-0.61890	-0.31133	0.06515	-0.04095	-0.04131	0.07650	-0.34006	-0.08049	0.39724	0.10475	(LocatedIn $x0 $x1)
p200093	-0.02827	0.25150	0.58895	-0.15980	0.63847	-0.16843	0.15190	-0.11896	0.52146	-0.25323	-0.19508	-0.08248	0.10582	-0.02504	-0.24183	-0.27993	0.91825	-0.35643	0.04363	0.10703	0.07238	-0.08121	0.15933	0.31245	-0.16171	0.21056	0.38820	-0.12327	0.02643	-0.11301	0.18528	-0.16599	(Cardinality $x0 <num>)
p200100	-0.07085	0.02859	0.22169	0.02150	-0.08400	-0.03073	-0.05458	0.41690	-0.10712	-0.45319	0.00652	0.20674	0.10091	0.69685	0.14150	-0.24924	-0.10251	-0.30372	-0.25164	0.16592	-0.02479	0.03879	-0.26691	0.25035	0.54340	-0.02141	0.34591	0.13736	0.28942	0.08984	-0.09437	-0.08157	(And (Location $e0 $x0) (Past $e0))
p200105	-0.02077	0.10049	-0.13436	0.18014	0.04096	0.13157	-0.23866	0.43364	0.17124	-0.29709	-0.18218	-0.22478	0.16616	-0.28853	-0.12870	0.33754	-0.17536	0.13902	-0.01276	-0.29140	-0.25474	-0.07172	-0.27676	-0.26322	-0.17266	0.15170	0.66100	0.59310	0.00545	-0.10424	0.01928	0.25803	(And (Agent $e0 $x0) (Past $e0) (Theme $e0 $x1))
p200112	0.02869	-0.20751	-0.16171	-0.15727	-0.01705	0.39914	0.09588	-0.05224	0.02230	0.12311	0.20785	0.14920	0.08617	-0.06450	-0.26359	-0.10104	0.28327	0.21864	0.60971	-0.09584	-0.09646	-0.07451	-0.18684	-0.16400	0.20588	0.26310	-0.29942	-0.06680	0.02490	-0.55041	-0.02429	0.09409	(And (Agent $e0 $x0) (Ongoing $e0))
p200114	0.34750	0.18368	-0.14269	-0.15987	0.33691	-0.08724	0.00963	0.42682	-0.11517	0.40228	0.16449	0.17882	-0.08079	-0.18109	-0.15893	-0.05645	-0.10440	-0.01510	0.37986	-0.10202	0.05600	0.00626	0.39221	0.10147	0.09333	-0.23892	0.07689	-0.46704	0.01364	0.27777	0.19012	-0.01973	(Member $x0 person)
p200128	0.21272	0.28418	-0.23104	0.36142	1.15591	-0.14823	0.20647	-0.20029	-0.15364	-0.00456	0.10108	-0.03528	0.01948	0.31642	-0.15471	0.25494	-0.13148	0.23212	0.21147	0.20839	-0.17242	0.04459	-0.14581	0.00044	0.34570	0.11465	-0.18411	-0.04642	-0.02160	0.18671	0.22057	-0.09436	(Possession $x0 $x1)
p200133	0.14171	0.16076	0.02698	0.12306	-0.10563	-0.08738	0.47330	-0.10056	0.30264	0.15657	-0.14153	0.28723	-0.48457	-0.14842	-0.06127	-0.05493	-0.21832	-0.03409	-0.04237	0.05165	0.55460	0.57905	-0.09863	0.13289	-0.02795	0.12057	-0.02185	-0.05516	0.13151	-0.05479	-0.00559	0.82588	(Goal $e0 $x0)
p200137	-0.02944	-0.26006	0.25305	-0.02876	0.25145	0.00860	-0.10939	0.01486	-0.20175	-0.12161	0.12057	0.04624	-0.13284	0.20340	0.22784	-0.57162	-0.05122	0.50005	-0.05628	-0.21921	0.53947	-0.13743	0.18283	0.41564	-0.20501	-0.20182	0.22267	-0.30628	-0.25536	0.07550	-0.03263	-0.09823	(And (Agent $e0 $x0) (Past $e0) (Patient $e0 $x1))
p200160	-0.07126	-0.03119	0.01045	0.06663	-0.17484	0.02616	-0.17988	0.16407	-0.20152	0.04576	0.09816	0.07207	-0.02755	0.04515	0.08839	0.62478	0.55338	0.04020	-0.02935	-0.07241	0.44623	0.19114	-0.41258	0.02394	-0.14718	-0.14188	-0.22232	-0.02730	-0.05897	0.14226	0.13776	-0.11290	(And (Past $e0) (Theme $e0 $e1))
p200163	-0.12894	0.00905	-0.15159	-0.14758	-0.05776	-0.15693	0.28320	-0.01136	-0.33701	-0.03164	-0.14733	-0.12341	0.21597	0.05582	0.24247	-0.16315	-0.17789	-0.09177	0.21644	0.43247	0.21323	0.12678	-0.36532	0.12084	-0.25799	0.03176	0.31826	0.17234	0.00787	0.07828	0.06515	-0.22837	(And (Experiencer $e0 $x0) (Past $e0))
p200164	0.09261	-0.02991	0.20364	-0.29525	-0.10300	0.20671	0.12503	-0.09528	0.15179	-0.01423	0.03147	-0.39116	-0.24750	-0.06154	0.31099	0.10257	-0.25209	-0.11218	-0.08506	-0.10537	0.05382	-0.07893	-0.04712	0.07008	0.13944	-0.05078	0.02971	0.03663	-0.01139	0.01378	0.09602	-0.13171	(PartOf $x0 $x1)
p200178	0.06478	0.15462	0.07412	-0.09519	-0.17161	-0.19654	-0.04342	-0.14571	0.18473	-0.19396	-0.00686	-0.03501	0.12699	0.29236	-0.32122	0.18436	-0.02763	0.04366	0.24060	0.11957	0.45433	-0.25342	0.45449	-0.06345	-0.04297	0.18505	-0.32732	0.43269	0.01050	0.05677	-0.17355	0.00482	(Member $e0 have)
p200192	-0.45577	0.07729	0.10537	-0.29614	-0.12365	-0.08360	-0.30357	-0.22103	0.26200	0.08686	0.03544	0.04300	-0.09248	-0.01009	-0.12003	0.19745	-0.05697	0.37852	-0.10459	0.10943	-0.16020	0.06546	0.30036	-0.00820	0.33552	-0.26870	0.10695	-0.38324	0.17372	-0.03288	0.18844	0.06106	(Result $e0 $e1)
p200196	0.07508	0.15345	0.07760	-0.10375	-0.16276	-0.18934	-0.04638	-0.14979	0.18303	-0.18585	-0.00997	-0.03494	0.11806	0.28731	-0.30718	0.16713	-0.02999	0.04126	0.23870	0.12230	0.43376	-0.24262	0.44807	-0.05350	-0.03959	0.18220	-0.31724	0.42191	0.00893	0.05068	-0.17649	0.00933	(And (Member $e0 have) (Theme $e0 $x0))
p200209	0.12101	0.12656	0.06516	0.09465	-0.07312	-0.09069	0.39284	-0.10006	0.25857	0.13789	-0.10804	0.24247	-0.40639	-0.11638	-0.03947	-0.07971	-0.20101	-0.00937	-0.03168	0.02215	0.45584	0.49427	-0.08054	0.11839	-0.02549	0.11418	-0.02885	-0.01095	0.11878	-0.05748	0.02633	0.70622	(And (Goal $e0 $x0) (Past $e0))
p200210	-0.05562	0.15387	-0.20257	0.01277	-0.19965	-0.06091	0.10207	0.04658	0.04487	-0.22308	0.39493	-0.14050	0.17982	0.15165	0.06663	-0.25514	-0.04910	-0.04628	0.11002	-0.05311	0.29362	0.02951	-0.24244	0.03237	0.04372	-0.16787	0.24519	0.17905	0.06731	-0.40460	0.24118	-0.04264	(And (Ongoing $e0) (Past $e0))
p200214	-0.00504	0.13100	0.16318	0.26448	0.04385	-0.18774	-0.11169	-0.24041	-0.01999	0.28797	-0.12601	0.19849	-0.03613	-0.11912	0.59814	0.15758	-0.03134	0.09614	0.01088	0.19015	-0.13835	-0.25934	-0.21038	-0.06914	-0.03861	-0.22882	-0.15988	0.12522	0.23678	-0.40640	-0.10205	0.05904	(And (Ongoing $e0) (Patient $e0 $x0))
p200233	0.12647	0.07940	-0.11185	-0.04636	-0.10562	0.27342	-0.03841	0.01961	-0.12860	-0.27695	-0.03575	0.11040	0.22245	-0.05389	0.26301	-0.20277	0.29920	-0.00492	0.00536	0.15997	-0.13940	0.00570	0.30130	-0.07003	-0.07268	0.05890	0.03238	-0.22059	0.03473	0.13487	-0.06010	0.21327	(GroupOf $x0 person)
p200243	-0.02989	-0.18607	0.16566	-0.15185	0.14332	0.15873	-0.04757	0.25970	-0.15844	0.04431	-0.17745	0.29419	0.15101	-0.13041	-0.00644	-0.14726	0.11072	-0.00297	0.01493	0.04787	0.04744	-0.31046	-0.12240	-0.17751	0.38325	0.18621	-0.18543	-0.01905	0.14213	-0.05406	-0.23703	0.24922	(And (Agent $e0 $x0) (Location $e0 $x1))
p200248	-0.03396	0.04219	-0.09934	0.02571	-0.03916	-0.07844	0.02561	0.01323	-0.01511	-0.00892	-0.02698	0.02672	0.01277	0.14309	0.01604	0.03117	0.07170	-0.04175	-0.07949	0.18913	-0.10908	-0.01944	-0.02871	-0.00588	-0.06932	-0.08248	-0.08332	-0.01299	0.01933	-0.01295	-0.18692	0.01997	(Future $e0)
p200249	0.06759	0.01658	-0.01721	0.06971	0.12665	0.04076	-0.10377	-0.03315	0.02440	-0.09890	-0.03215	0.01825	-0.03636	0.07562	-0.05550	0.05668	-0.00097	0.03062	0.19528	-0.07070	-0.01505	0.07022	-0.05665	0.09556	0.04819	0.06136	0.08508	-0.03435	0.03449	0.06746	0.08094	-0.09429	(Source $e0 $x0)
p200263	0.22741	0.27489	-0.18824	-0.22595	0.00293	-0.34661	-0.11106	0.48262	-0.03705	0.98421	0.21833	-0.01870	-0.03024	-0.07014	-0.23088	0.01905	-0.19411	-0.44941	0.33392	-0.09159	-0.07808	-0.18783	0.47407	0.20620	-0.05170	-0.38429	0.16217	-0.69187	0.00996	0.20104	0.10754	0.14095	(And (Agent $e0 $x0) (Member $x0 person))
p200292	-0.37043	0.12076	0.05855	-0.22764	-0.12207	-0.07576	-0.24430	-0.14855	0.20582	0.07063	-0.07340	0.02280	-0.08996	-0.01676	-0.09047	0.19356	-0.03055	0.32592	-0.05607	0.09042	-0.15665	0.05067	0.25667	-0.00968	0.30250	-0.18425	0.10821	-0.31171	0.08456	0.01292	0.15665	0.08780	(And (Experiencer $e0 $x0) (Result $e1 $e0))
p200293	-0.21681	0.06866	-0.20247	-0.11853	0.07340	-0.12861	0.15146	0.23915	0.06791	-0.04552	0.17629	-0.10631	0.11009	-0.23663	0.20661	-0.24005	-0.05647	-0.20855	0.09541	-0.02858	0.35275	-0.12089	-0.51647	0.07965	0.24763	-0.07496	0.01566	0.50126	0.08429	-0.20019	0.03170	-0.01187	(And (Location $e0 $x0) (Ongoing $e0))
p200320	-0.12779	-0.07727	-0.12346	-0.02894	-0.00498	0.15579	-0.04037	0.08638	0.02265	-0.03985	0.00104	-0.02349	-0.08771	-0.09991	0.05658	0.32614	0.28168	0.01399	0.13343	-0.09241	0.18686	0.01543	-0.30966	0.09024	0.08773	0.06650	-0.21364	0.09388	0.04240	0.15290	0.01317	0.02301	(And (Agent $e0 $x0) (Theme $e0 $e1))
p200321	0.03626	0.07114	-0.02542	-0.05180	-0.17163	-0.11931	-0.00163	-0.19529	0.09661	-0.07800	0.07377	0.07194	0.18597	0.37360	-0.23547	0.28584	-0.25460	0.10543	0.16410	0.10772	0.36605	-0.19087	0.29834	-0.16432	0.03552	0.12951	-0.20876	0.34249	-0.03138	0.10564	-0.16613	0.04031	(And (Holder $e0 $x0) (Member $e0 have))
p200322	-0.32064	0.06933	-0.03225	-0.29547	-0.00766	-0.03103	-0.15921	-0.08201	0.15555	0.00118	0.13684	-0.08957	0.04793	0.04815	-0.19681	-0.01735	0.09675	0.22089	-0.13561	0.04132	-0.10111	0.10903	0.07206	-0.06709	0.21423	-0.18628	-0.07533	-0.12379	-0.03073	0.00375	0.12909	0.14888	(And (Past $e0) (Result $e0 $e1))
p200323	-0.36222	0.12346	0.05816	-0.21344	-0.12088	-0.07472	-0.24332	-0.14455	0.21206	0.06581	-0.06408	0.02154	-0.09011	-0.01849	-0.08511	0.19522	-0.02645	0.31742	-0.05973	0.08261	-0.15482	0.04786	0.25888	-0.00637	0.30504	-0.18371	0.10350	-0.30757	0.08329	0.01080	0.15375	0.08900	(And (Patient $e0 $x0) (Result $e0 $e1))
p200326	-0.01188	0.01804	-0.04587	-0.05049	0.00354	0.02290	-0.00730	0.02385	0.03560	0.01914	0.02390	0.00987	-0.01598	-0.01086	0.00055	-0.02372	0.06251	-0.07386	-0.02668	0.07204	-0.05069	0.01847	0.02101	0.03913	-0.02207	-0.06354	-0.00001	-0.08885	0.04007	0.03385	-0.07210	-0.01386	(Can $e0)
p200327	0.03626	0.07114	-0.02542	-0.05180	-0.17163	-0.11931	-0.00163	-0.19529	0.09661	-0.07800	0.07377	0.07195	0.18597	0.37360	-0.23547	0.28584	-0.25460	0.10543	0.16410	0.10772	0.36605	-0.19087	0.29834	-0.16432	0.03552	0.12951	-0.20876	0.34249	-0.03138	0.10564	-0.16613	0.04031	(Holder $e0 $x0)
p200337	0.04817	0.06898	-0.02224	-0.05686	-0.16791	-0.11688	-0.00906	-0.19096	0.09538	-0.07514	0.07181	0.06973	0.17937	0.36901	-0.22860	0.28101	-0.24889	0.10523	0.16114	0.11206	0.35855	-0.18213	0.29474	-0.15936	0.03550	0.12580	-0.20463	0.33073	-0.03213	0.10131	-0.16608	0.03999	(And (Holder $e0 $x0) (Member $e0 have) (Theme $e0 $x1))
p200339	0.04817	0.06898	-0.02224	-0.05686	-0.16791	-0.11688	-0.00906	-0.19096	0.09538	-0.07514	0.07181	0.06973	0.17937	0.36901	-0.22860	0.28101	-0.24889	0.10523	0.16114	0.11206	0.35855	-0.18213	0.29474	-0.15936	0.03550	0.12580	-0.20463	0.33073	-0.03213	0.10131	-0.16608	0.03999	(And (Holder $e0 $x0) (Theme $e0 $x1))
p200343	-0.06217	0.04621	-0.03823	0.01168	-0.02076	0.01002	0.03109	-0.01856	-0.04089	0.00840	0.03505	0.08895	-0.03008	0.01187	-0.02700	-0.06032	0.01796	-0.01645	0.00769	0.03178	-0.04077	0.04520	0.04494	0.03854	-0.05220	-0.06718	-0.04098	-0.08255	0.04162	0.01617	-0.08477	0.00002	(Obligated $e0)
p200359	0.18502	0.09688	-0.04349	-0.08474	-0.02521	0.33123	0.05217	0.10027	0.01655	-0.26189	-0.01140	0.18531	0.03953	-0.32247	0.12521	0.00784	-0.15604	0.10450	-0.09915	0.02655	-0.16779	0.16907	0.23661	0.23698	-0.02284	-0.15502	-0.23443	0.29771	0.16312	0.04663	0.12104	-0.25260	(To $e0 $e1)
p200379	-0.08479	-0.13680	-0.04100	-0.09063	-0.00731	0.14613	-0.02454	0.15561	-0.01517	0.07760	-0.00979	0.03751	-0.13113	-0.15923	-0.03903	0.37153	0.22487	0.00851	0.18012	-0.09587	0.30177	0.05421	-0.32424	0.07543	0.10441	0.07267	-0.19701	0.02560	0.02600	0.14810	0.00246	-0.05760	(And (Agent $e0 $x0) (Theme $e1 $e0))
p200380	-0.07406	0.00604	0.08360	-0.11831	0.00783	0.06447	-0.11638	-0.13715	-0.04695	0.17573	-0.01190	0.20025	-0.05156	0.31976	0.38905	0.19265	0.20199	-0.12633	0.09817	-0.16579	-0.24364	0.13373	-0.39186	0.05782	-0.12170	-0.06330	-0.14115	0.30849	-0.05654	0.03815	0.01703	0.02732	(And (Ongoing $e0) (Theme $e1 $e0))
p200416	-0.10422	-0.04294	-0.00122	0.01478	0.05717	-0.01751	-0.02918	-0.09772	0.03908	-0.01443	0.11135	0.02888	-0.05775	0.10359	-0.11603	-0.06752	0.06343	0.08698	-0.05536	0.15655	-0.03209	-0.00222	-0.03296	0.08742	-0.00149	-0.20655	-0.04117	-0.07003	0.15631	-0.06980	-0.06414	-0.08635	(Member $e0 make)
p200422	-0.08294	-0.01850	0.20237	-0.08425	-0.01473	-0.14270	0.16523	0.23968	0.09870	0.21782	0.05913	0.09392	-0.01299	0.20756	0.35183	0.07549	0.06958	0.19358	0.03265	0.01421	-0.42453	0.03296	-0.31627	-0.12466	-0.21197	0.04728	-0.17340	0.32630	-0.08483	0.10631	0.00912	0.02181	(Member $e0 start)
p200425	0.17121	0.27636	-0.13725	-0.04357	0.07617	-0.33258	-0.13159	0.27209	-0.04847	0.65203	0.16639	-0.05187	0.03945	-0.01802	-0.08076	0.00391	-0.14684	-0.29741	0.28879	-0.13274	-0.07486	-0.17259	0.34230	0.17433	-0.05694	-0.22235	0.15728	-0.43838	-0.02156	0.17916	0.18348	0.19018	(And (Agent $e0 $x0) (Member $x0 person) (Past $e0))
p200431	0.03446	0.00299	0.00633	0.06552	0.14911	0.00146	-0.05062	-0.02122	0.05107	-0.05185	0.01894	0.00531	0.01628	0.00234	-0.04336	0.02670	-0.02097	0.04930	0.12352	-0.04420	-0.01602	0.01738	-0.04740	0.04718	0.04488	0.04651	0.04630	-0.00512	0.04472	0.06066	0.05350	-0.06280	(And (Past $e0) (Source $e0 $x0))
p200432	0.02817	0.01946	0.11129	-0.03699	0.02871	-0.04929	0.01977	0.13646	0.09640	-0.10693	-0.12256	-0.14687	-0.06651	-0.16787	-0.13939	-0.14346	0.32274	-0.06207	0.12590	0.01914	0.07153	-0.07648	0.09326	0.09862	-0.02868	0.11295	-0.08561	0.02336	0.02780	-0.13956	0.04683	-0.06244	(GroupOf $x0 child)
p200433	0.03361	-0.00067	0.03907	-0.08354	-0.02215	0.00135	-0.00232	-0.06364	-0.06007	0.05145	0.05564	0.04888	-0.00681	-0.01956	0.03569	-0.00064	-0.03353	-0.00664	-0.07376	0.03345	-0.01056	0.06042	0.00737	0.05068	-0.01529	-0.06051	-0.01141	-0.05127	-0.06533	-0.02312	-0.07095	-0.01259	(Member $e0 use)
p200434	0.04409	0.02232	0.05329	-0.05474	-0.04134	0.03999	-0.00266	0.00242	0.00705	0.03991	0.01475	-0.03672	-0.04314	-0.01135	0.02945	0.01841	-0.07891	-0.00765	-0.02800	-0.02036	0.03837	-0.00113	-0.02168	0.01048	0.02018	-0.02436	0.01249	0.00389	-0.00960	0.01119	-0.00932	-0.00916	(Member $x0 house)
p200451	-0.10223	-0.01461	0.07921	-0.14044	0.05323	0.11546	-0.14495	-0.23776	-0.04040	0.16757	-0.01525	0.21091	-0.02440	0.27817	0.28169	0.15618	0.15327	-0.15073	0.11410	-0.20292	-0.16663	0.14726	-0.34873	0.09921	-0.07709	-0.03900	-0.07220	0.29021	-0.04235	0.07508	0.03990	0.02357	(And (Ongoing $e0) (Past $e1) (Theme $e1 $e0))
p200463	-0.12849	-0.04877	-0.07924	-0.04739	0.02747	0.15707	-0.10051	-0.04187	0.01573	0.00045	-0.01538	0.03919	-0.03962	-0.06185	0.07396	0.23523	0.21137	-0.01902	0.11983	-0.11205	0.15950	0.04171	-0.29404	0.11907	0.05298	0.04799	-0.16619	0.17150	0.03588	0.15182	0.03150	0.07186	(And (Agent $e0 $x0) (Past $e0) (Theme $e0 $e1))
p200466	-0.33140	-0.10220	0.03669	0.08697	-0.01178	0.09673	0.19302	-0.03615	-0.07237	-0.11726	0.11963	-0.04434	-0.08151	0.02206	-0.10879	0.07688	-0.01800	-0.15825	0.01728	0.05963	-0.10555	-0.02468	0.15313	0.00634	-0.06359	-0.09639	0.04434	-0.04604	-0.04533	0.00787	-0.11560	0.03632	(And (Agent $e0 $x0) (Member $x0 thing))
p200480	-0.12102	-0.11051	-0.03771	-0.07738	0.03049	0.16536	-0.06270	-0.03260	0.01755	0.06367	-0.00157	0.06849	-0.07293	-0.05219	-0.00283	0.29443	0.18333	-0.03472	0.13399	-0.11664	0.23697	0.06559	-0.32197	0.09861	0.03884	0.03030	-0.11231	0.12347	0.06260	0.15250	0.02704	-0.02068	(And (Agent $e0 $x0) (Past $e1) (Theme $e1 $e0))
p200493	-0.03395	-0.09995	0.02700	-0.13490	0.26343	0.06960	0.02302	0.03298	-0.04016	0.03439	-0.08653	0.19051	0.09641	-0.17359	0.17402	-0.12695	0.08106	-0.04702	-0.02661	-0.06534	0.21224	-0.19818	-0.15719	-0.21605	0.15483	-0.04459	0.04323	0.09617	0.13699	0.06767	-0.12463	0.14889	(And (Location $e0 $x0) (Patient $e0 $x1))
p200494	-0.16436	0.16935	0.04624	0.06319	-0.04745	-0.00991	0.15567	0.06466	-0.20257	-0.12557	0.00525	0.13217	-0.02357	-0.16247	-0.03535	-0.04784	0.01648	0.04711	-0.07030	-0.21154	-0.05556	0.02052	0.17182	0.07658	-0.02199	-0.02300	-0.20478	0.04972	-0.00921	-0.02914	0.02948	-0.09138	(And (Member $x0 thing) (Theme $e0 $x0))
p200499	-0.06797	-0.01009	0.05199	0.00285	-0.01589	0.00042	0.02341	0.00161	-0.03008	0.05848	0.03427	0.03495	0.04131	0.00290	-0.00248	-0.00232	0.00002	0.00778	-0.03524	0.01322	-0.01812	-0.01122	-0.01411	-0.02924	-0.04099	-0.00962	-0.02035	0.00311	0.02127	0.01453	0.00826	-0.03356	(Stimulus $e0 $x0)
p200517	-0.24286	0.10356	-0.06906	-0.23971	-0.00777	-0.01885	-0.11032	-0.02563	0.10677	-0.01205	0.04640	-0.09406	0.04098	0.04016	-0.17284	-0.01927	0.11537	0.18252	-0.08961	0.02973	-0.10110	0.09798	0.04144	-0.05851	0.18900	-0.11855	-0.07380	-0.07009	-0.10523	0.03752	0.09711	0.16563	(And (Experiencer $e0 $x0) (Past $e1) (Result $e1 $e0))
p200535	0.03057	0.08237	-0.00608	0.08647	-0.08277	-0.03209	0.20739	-0.01044	0.14123	0.00070	-0.07927	0.07170	-0.23266	-0.03390	-0.03554	0.01843	-0.05159	0.02535	-0.00989	-0.00256	0.22735	0.19960	-0.07622	0.10977	-0.02150	0.08872	-0.01202	0.01353	0.04204	-0.00337	0.01457	0.36594	(And (Agent $e0 $x0) (Goal $e0 $x1))
p200536	0.19662	0.16478	-0.14417	0.08723	0.48030	-0.10979	0.09981	0.02096	-0.08889	0.04418	-0.01422	-0.01929	-0.00887	0.10324	-0.02890	0.12345	-0.08849	0.01936	0.05443	0.00773	-0.13842	0.02901	0.10098	-0.03308	0.10473	-0.03446	-0.15480	-0.01226	0.01888	0.04513	0.17642	-0.02339	(And (Member $x0 person) (Possession $x1 $x0))
p200546	-0.01389	0.17819	-0.17204	0.05793	-0.13158	0.38548	-0.06608	0.13144	0.16327	0.15913	-0.03053	0.12211	0.08190	0.11774	-0.22256	-0.11489	0.08668	-0.10764	0.07957	0.23413	-0.06767	0.03813	-0.08526	-0.03754	-0.13018	-0.11127	0.09867	-0.15349	0.30328	0.13505	-0.15885	0.00602	(Instrument $e0 $x0)
p200547	0.00834	0.09908	-0.05385	0.04831	-0.00416	0.18051	-0.00467	0.01042	0.04495	0.05697	-0.00405	-0.00754	-0.01957	0.09357	-0.10231	-0.03560	-0.00704	0.00444	0.06039	0.09431	0.01998	-0.01993	-0.06584	-0.01838	-0.02584	-0.04592	0.01870	-0.02762	0.12772	0.07078	-0.02357	-0.01806	(Member $x0 room)
p200548	-0.00933	-0.05867	0.04526	-0.02300	-0.02679	0.06692	-0.03527	-0.06338	0.02985	-0.04038	0.03424	0.04264	-0.03900	0.12056	0.01128	0.04960	-0.01057	0.00543	0.06107	-0.04095	-0.07949	0.06886	-0.01412	0.10219	-0.01290	0.01820	0.01460	0.01515	0.03234	0.07308	0.04208	-0.03238	(Recipient $e0 $x0)
p200549	0.01976	0.01424	0.05610	-0.00205	0.05312	0.02247	0.00461	-0.02318	0.03648	-0.05763	-0.02990	-0.02361	0.02566	-0.02184	0.00014	-0.05061	0.07562	-0.03217	0.02624	0.02400	-0.02871	0.00072	0.01125	0.06778	-0.01549	0.01805	0.02530	0.01228	0.00034	0.00206	0.03203	-0.02752	(SubsetOf $x0 $x1)
p200577	0.06038	-0.07960	0.16810	-0.01636	-0.00468	0.15222	-0.06001	0.10543	-0.14407	-0.17295	-0.13193	0.22443	0.06836	0.33230	-0.02688	-0.12922	0.09211	0.03113	-0.07687	0.05628	-0.10152	-0.13745	0.10179	-0.09027	0.16346	0.08421	0.09491	-0.18144	0.11870	0.04786	-0.10209	0.15935	(And (Agent $e0 $x0) (Location $e0 $x1) (Past $e0))
p200578	-0.23465	0.10626	-0.06945	-0.22551	-0.00658	-0.01781	-0.10934	-0.02162	0.11300	-0.01687	0.05571	-0.09531	0.04083	0.03843	-0.16748	-0.01761	0.11947	0.17403	-0.09327	0.02192	-0.09927	0.09516	0.04366	-0.05520	0.19154	-0.11802	-0.07851	-0.06595	-0.10650	0.03540	0.09420	0.16683	(And (Past $e0) (Patient $e0 $x0) (Result $e0 $e1))
p200582	-0.06618	0.03461	-0.04308	0.04494	0.12636	-0.12821	-0.00382	0.00947	-0.06286	0.14186	-0.07530	-0.02356	0.00608	-0.19336	0.35710	0.10309	0.10844	-0.02484	-0.09279	0.07429	0.11472	-0.15084	-0.39554	-0.07469	-0.08125	-0.14113	-0.26776	0.31773	0.04034	-0.04945	-0.11170	0.12601	(And (Patient $e0 $x0) (Theme $e1 $e0))
p200586	0.01152	-0.00991	0.05402	-0.01086	-0.01541	0.04037	0.06880	-0.05508	0.04485	0.08733	0.02422	0.08574	-0.00266	-0.06809	-0.03719	-0.00388	-0.04829	0.01077	-0.02749	0.09291	0.09175	0.10435	0.01339	0.00804	-0.02465	-0.00948	0.00157	-0.05102	0.06345	-0.00155	0.00668	0.07110	(Member $e0 go)
p200611	-0.06591	0.13366	-0.20054	-0.07692	-0.10717	-0.13553	0.14629	0.11814	-0.02775	-0.19637	0.07104	-0.18329	-0.04817	0.16429	0.20323	-0.16230	-0.06633	-0.14493	0.05051	0.02308	0.21068	0.06516	-0.27792	0.14933	-0.03762	-0.13006	0.25708	0.25069	-0.00262	-0.06356	0.12216	-0.11136	(And (Experiencer $e0 $x0) (Ongoing $e0))
p200612	-0.07215	-0.02103	-0.02522	0.04933	0.06219	-0.02300	0.00941	-0.04243	0.02893	-0.02097	0.04812	0.00505	-0.04619	0.07177	-0.09355	-0.06227	0.06095	0.07416	-0.03677	0.14850	-0.03969	-0.02745	-0.05035	0.07512	-0.00268	-0.14291	-0.04516	-0.01986	0.10797	-0.02510	-0.07881	-0.05557	(And (Member $e0 make) (Patient $e0 $x0))
p200613	0.05113	0.04368	-0.02646	-0.03608	-0.08280	0.03231	0.00931	0.00803	-0.05730	0.02295	0.07524	0.07568	0.07705	-0.03967	-0.08154	-0.04708	0.04198	0.07356	0.08962	-0.07652	0.01393	0.01866	0.01537	-0.08420	-0.00195	0.05459	0.02987	-0.10815	-0.09755	-0.21432	-0.01726	0.04239	(And (Ongoing $e0) (Theme $e0 $x0))
p200617	0.00360	-0.03769	0.00033	-0.00074	-0.00494	-0.00377	-0.00303	-0.00926	-0.01627	0.02151	0.01729	0.02768	0.04735	-0.01877	-0.01945	-0.00821	0.00518	0.01963	0.01882	0.03858	0.00110	0.00298	0.00737	-0.02481	-0.02646	0.01170	-0.01013	-0.02933	0.01258	-0.03864	-0.00070	-0.00380	(For $e0 $x0)
p200651	-0.02528	0.08504	0.14828	0.05528	-0.06543	-0.10929	-0.01674	0.14828	-0.16909	0.00517	-0.02048	0.07081	-0.09563	-0.07734	-0.02294	0.01783	0.00864	-0.01460	-0.03308	-0.09037	-0.01382	0.03685	0.05645	0.13766	0.19207	0.07604	-0.12418	-0.08672	-0.10605	-0.03177	-0.05965	-0.03098	(And (Location $e0 $x0) (Theme $e0 $x1))
p200652	-0.09851	-0.04132	0.17357	-0.09418	0.01330	-0.07473	0.15028	0.20482	0.12846	0.18067	0.10184	0.08475	0.00725	0.13574	0.21341	0.06422	0.06016	0.16918	0.04700	-0.03434	-0.31709	0.04239	-0.24715	-0.09274	-0.12601	0.07112	-0.12994	0.25746	-0.06411	0.13446	0.03061	0.00649	(And (Member $e0 start) (Past $e0))
p200653	0.09199	0.18975	-0.11058	0.24263	0.56205	-0.00631	0.00602	-0.13660	-0.03037	0.01279	0.16019	-0.02539	-0.03623	0.21970	-0.10334	0.13011	-0.04595	0.16676	0.23717	0.10580	-0.04879	0.05062	-0.17449	0.04740	0.20845	0.13345	0.06167	-0.14692	0.03748	0.19564	0.03946	-0.04749	(And (Possession $x0 $x1) (Theme $e0 $x0))
p200662	0.13665	0.07898	-0.11335	-0.00022	-0.07473	0.07624	0.04294	-0.07312	-0.08141	-0.18310	0.12457	-0.18545	0.07739	-0.23701	0.54734	0.03149	0.00453	-0.08122	0.05425	0.10894	-0.17619	0.03924	0.28824	0.09924	0.13635	0.09452	-0.17806	-0.12707	-0.06936	0.11395	-0.00630	0.10705	(Before $e0 $e1)
p200663	-0.01811	-0.01209	-0.00337	-0.02656	-0.00719	-0.03401	-0.00707	0.00989	0.02962	0.00182	-0.00492	-0.01030	-0.03372	-0.00805	-0.03501	-0.02212	-0.01975	0.03417	0.01375	-0.00206	0.01499	0.00891	-0.02668	0.03620	0.00312	-0.05858	-0.00335	0.00772	-0.00326	0.00778	-0.00169	0.01137	(Member $x0 door)
p200664	-0.05905	0.04331	-0.07068	-0.04846	-0.00667	-0.02810	-0.02908	0.01201	-0.00084	-0.02362	0.00480	-0.04062	0.00305	0.02830	-0.02611	-0.04098	0.06289	0.02822	-0.04416	0.02391	-0.02963	0.01955	-0.00670	-0.03204	0.01245	-0.03797	-0.04634	-0.00968	-0.02656	-0.01887	-0.00043	0.07227	(Time $e0 now)
p200720	0.03489	0.07024	0.01568	0.06905	-0.05681	-0.04477	0.16527	-0.01358	0.12301	0.00219	-0.07279	0.06736	-0.19690	-0.02622	-0.01589	-0.01049	-0.05429	0.03623	-0.00486	-0.01424	0.18653	0.17212	-0.07071	0.09593	-0.02490	0.08517	-0.01218	0.04401	0.03078	-0.01127	0.02881	0.33093	(And (Agent $e0 $x0) (Goal $e0 $x1) (Past $e0))
p200727	-0.08232	0.19201	-0.10265	-0.04719	-0.09979	-0.05252	0.14727	0.13372	-0.03220	-0.14872	0.04543	-0.22293	-0.04580	0.17527	0.17984	-0.13662	-0.14607	-0.18950	-0.00965	0.05572	0.22232	0.04445	-0.34534	0.22396	0.09031	-0.09021	0.27605	0.31804	-0.01589	0.03479	0.12658	-0.13171	(And (Experiencer $e0 $x0) (Location $e0 $x1))
p200728	-0.20763	0.07731	-0.17861	0.12374	0.00754	0.33622	-0.15798	0.21100	0.20121	0.27981	-0.06233	0.02920	0.09412	0.15299	-0.01861	-0.18426	-0.01742	-0.02668	-0.03638	0.09491	0.14690	0.16510	0.11362	0.06055	-0.16250	0.14079	-0.01382	-0.31220	0.08645	-0.03841	-0.17253	-0.19408	(And (Member $e0 build) (Patient $e0 $x0))
p200737	-0.20763	0.07731	-0.17861	0.12374	0.00754	0.33622	-0.15798	0.21100	0.20121	0.27981	-0.06233	0.02920	0.09412	0.15299	-0.01861	-0.18426	-0.01742	-0.02668	-0.03638	0.09491	0.14690	0.16510	0.11362	0.06055	-0.16250	0.14079	-0.01382	-0.31220	0.08645	-0.03841	-0.17253	-0.19408	(Member $e0 build)
p200738	-0.03298	0.00530	0.16697	0.12279	-0.11401	-0.06737	-0.05933	-0.12965	0.07505	0.04898	-0.05923	0.10638	-0.12974	-0.15441	0.16914	0.24501	-0.16356	0.10107	0.02055	0.00229	0.08325	-0.05962	0.21396	0.04624	0.09745	-0.02164	0.15442	-0.23512	0.20149	-0.07322	0.07195	-0.07587	(Member $e0 get)
p200739	-0.00701	-0.03182	-0.00753	-0.03892	-0.02143	0.01905	0.05276	0.01117	-0.01675	0.00415	0.00712	-0.02515	-0.03193	-0.02737	-0.02983	-0.00497	0.02222	-0.00308	0.03761	-0.01516	-0.00916	-0.00500	0.02598	-0.02210	0.02405	0.02376	-0.04305	-0.06061	-0.01092	-0.04428	-0.03159	-0.01943	(Member $e0 play)
p200740	-0.05467	-0.06799	-0.03930	-0.01063	0.04738	0.08545	-0.00021	0.03661	0.08783	0.00812	-0.00991	-0.17086	-0.06008	0.00135	0.23148	0.04572	-0.09326	0.01034	-0.07730	-0.00441	0.07778	0.04696	0.08014	0.04682	0.03184	0.13513	-0.07505	-0.13046	-0.02667	-0.05486	-0.03778	-0.12429	(Member $x0 company)
p200741	0.02106	0.00602	-0.02204	-0.00185	-0.02343	0.02551	-0.01689	0.01098	0.00609	-0.02983	-0.00324	0.00121	0.00972	-0.00335	-0.00245	0.01766	-0.01645	0.02309	-0.00939	-0.00968	-0.01675	0.00514	-0.04023	0.02178	-0.00498	-0.00132	0.04061	0.00531	0.00571	-0.00364	-0.02890	-0.01146	(Member $x0 new)
p200785	-0.06035	0.00096	0.15976	-0.04301	-0.01471	-0.10379	0.14352	0.22239	0.09442	0.16934	0.10238	0.07335	-0.02498	0.17632	0.31073	0.07336	0.09525	0.16290	0.01851	-0.00086	-0.34004	0.02391	-0.26587	-0.09028	-0.18028	0.03454	-0.15204	0.28244	-0.06083	0.09646	0.01876	0.01862	(And (Member $e0 start) (Ongoing $e1) (Theme $e0 $e1))
p200830	0.03749	0.02196	-0.06828	0.03784	-0.08700	0.06105	-0.01878	0.01176	-0.01708	-0.05429	0.06712	-0.00433	0.11311	-0.01077	-0.08161	-0.07840	0.05890	0.08027	0.11079	-0.05799	-0.00925	-0.04314	0.02621	-0.07829	0.01390	0.07535	-0.02331	-0.02327	-0.02716	-0.19399	0.05057	0.09047	(And (Agent $e0 $x0) (Ongoing $e0) (Past $e0))
p200844	0.11496	0.10966	-0.10211	0.04071	-0.05521	0.01819	-0.01147	-0.04799	-0.11052	-0.14241	0.10113	-0.10416	0.12316	-0.20323	0.41971	-0.02378	0.05687	-0.04699	0.06343	0.08206	-0.14752	0.04341	0.25485	0.06231	0.08783	0.08862	-0.15442	-0.10404	-0.09405	0.07908	0.00493	0.15220	(And (Before $e0 $e1) (Past $e1))
p200845	-0.04102	0.14549	0.24896	-0.03339	0.23244	-0.19509	0.03968	-0.08988	0.24661	-0.13220	-0.08341	-0.05194	0.10924	-0.06571	-0.15941	-0.06276	0.43129	-0.18763	0.01783	0.12071	0.03065	-0.04527	0.13850	0.24037	-0.10933	0.11027	0.10319	0.02417	-0.00478	-0.10623	0.00977	-0.12226	(And (Cardinality $x0 <num>) (Theme $e0 $x0))
p200846	0.01674	0.04020	0.05156	-0.05006	-0.05146	-0.02760	-0.02964	0.02136	0.12019	-0.10346	-0.05633	-0.13236	-0.05954	0.02905	-0.08664	-0.00056	0.09935	-0.03640	0.10661	0.01548	0.11412	-0.10378	0.16400	0.00237	-0.04490	0.05844	-0.10435	0.08259	0.12690	0.00823	-0.02683	-0.05737	(And (Member $e0 have) (Past $e0))
p200847	-0.06035	0.00096	0.15976	-0.04301	-0.01471	-0.10379	0.14352	0.22239	0.09442	0.16934	0.10238	0.07335	-0.02498	0.17632	0.31073	0.07336	0.09525	0.16290	0.01851	-0.00086	-0.34004	0.02391	-0.26587	-0.09028	-0.18028	0.03454	-0.15204	0.28244	-0.06083	0.09646	0.01876	0.01862	(And (Member $e0 start) (Theme $e0 $e1))
p200848	-0.20176	0.07011	-0.04565	0.12286	-0.12079	0.07852	0.13203	-0.03929	0.06833	0.02592	-0.05930	0.03317	0.03178	0.01903	-0.07531	0.05175	0.00329	-0.09547	0.07113	-0.07859	-0.05841	-0.06338	0.11439	-0.05708	0.00298	-0.00981	0.05502	-0.12412	0.13557	0.04286	-0.04934	-0.07676	(And (Member $x0 thing) (Patient $e0 $x0))
p200858	-0.11978	0.14252	-0.15116	-0.08071	-0.04120	0.02695	-0.06003	0.00970	0.02647	-0.05573	0.07138	-0.12111	0.06198	-0.00498	-0.04120	-0.03514	0.18177	0.04091	-0.10096	0.05604	-0.08504	0.06044	0.07636	-0.04793	0.12645	-0.07280	-0.12728	-0.07131	-0.08234	0.03399	0.02011	0.17772	(Member $e0 become)
p200859	-0.01453	0.01812	-0.06471	-0.06080	0.04698	0.17754	-0.29848	-0.45775	-0.13105	0.00940	-0.11406	0.13800	-0.01318	0.16908	0.08895	0.09983	0.06886	-0.32168	0.05610	-0.18545	0.08966	0.11533	-0.11850	0.18151	0.06552	-0.11975	0.04458	0.06071	0.01022	-0.05333	0.00277	0.02348	(Member $e0 begin)
p200860	0.02246	0.02030	0.01513	0.05531	-0.00669	-0.04314	0.03695	-0.01767	0.01691	-0.02471	-0.05477	0.01549	-0.05312	-0.01833	-0.00518	-0.01077	-0.00269	0.02125	0.01055	0.01644	0.05516	0.04107	-0.01755	0.06512	-0.01763	0.03181	-0.02033	0.00924	-0.00541	-0.02004	0.01094	0.10406	(Member $e0 come)
p200861	-0.09997	-0.01242	-0.00814	-0.06122	0.02515	0.01189	0.07432	0.15726	0.07283	0.11325	0.10685	0.06548	0.06207	-0.13454	0.00850	-0.07069	-0.00129	0.04406	0.04416	0.04677	-0.05157	-0.03399	-0.06764	-0.02595	-0.08185	-0.02614	-0.04179	0.01994	0.07532	0.08995	-0.08107	-0.02804	(Member $e0 take)
p200862	0.00892	0.00431	-0.01376	0.01656	-0.00797	0.00455	-0.01998	0.00441	0.00599	-0.00168	-0.01914	0.01057	-0.01165	0.00132	0.01197	-0.00050	-0.00122	-0.00345	0.00701	0.01785	-0.01332	-0.00419	0.00371	-0.00498	-0.01387	-0.01072	0.00647	-0.01253	0.03287	-0.00270	-0.01199	-0.00634	(Member $x0 problem)
p200863	0.00276	0.00057	0.01812	0.01819	-0.02472	-0.03016	-0.02585	-0.01952	0.00386	0.00944	-0.03518	0.03374	-0.00474	-0.00859	0.03626	0.04703	-0.04705	0.02734	0.01051	0.02333	0.00617	-0.02111	0.03033	-0.00776	0.01096	0.00605	0.01705	-0.00967	0.02284	-0.01657	-0.00151	-0.00908	(Member $x0 weather)
p200864	0.01143	0.00571	-0.02423	-0.00202	-0.00737	0.02924	-0.01671	0.01091	0.01286	-0.01072	-0.00224	-0.00125	0.00116	0.00034	0.01486	-0.01114	0.00695	-0.01356	-0.00341	0.00537	-0.01157	-0.00264	0.00246	-0.00807	-0.00659	-0.00598	0.00517	0.00445	0.01264	0.01597	-0.00126	0.00507	(Past (LocatedIn $x0 $x1))
p200899	-0.12427	-0.08007	-0.01583	-0.14828	0.11278	0.17070	-0.07591	-0.13764	0.05137	0.11204	-0.02265	0.13687	-0.01228	0.02082	0.09560	0.09124	0.08688	-0.09671	0.17460	-0.14664	-0.03987	0.03952	-0.27003	0.07501	0.05382	0.05427	-0.09608	0.22246	0.04824	0.08755	-0.01196	0.03078	(And (Agent $e0 $x0) (Ongoing $e1) (Theme $e0 $e1))
p200900	0.10574	0.10932	-0.09717	0.03746	-0.04852	0.01566	-0.01534	-0.04124	-0.10895	-0.13086	0.09702	-0.09615	0.11774	-0.19035	0.39236	-0.03093	0.05969	-0.03928	0.05955	0.07857	-0.13639	0.04049	0.23767	0.05324	0.07724	0.08382	-0.14740	-0.09958	-0.08611	0.07293	0.00785	0.15016	(And (Before $e0 $e1) (Past $e0) (Past $e1))
p200924	-0.11529	-0.09742	-0.04393	-0.11676	0.17280	0.03183	0.01115	0.03394	0.01127	0.18249	-0.01835	0.05246	0.11223	-0.39462	0.04080	-0.06927	0.01344	-0.02738	0.09646	-0.02706	0.14414	-0.17554	-0.23275	-0.10945	0.15223	0.06674	-0.22928	0.22402	0.06354	-0.11116	-0.08918	0.10884	(And (Agent $e0 $x0) (Location $e0 $x1) (Ongoing $e0))
p200925	0.09622	-0.06450	0.06033	-0.07375	0.05844	0.08736	0.06523	0.11995	-0.03966	-0.13890	-0.02671	0.12343	-0.01386	0.14667	0.06026	-0.08444	0.09730	0.02345	-0.02260	-0.05095	0.06861	-0.04282	0.10431	-0.16691	0.09492	-0.01786	0.19609	-0.18967	0.05800	0.09860	-0.03437	0.04085	(And (Location $e0 $x0) (Past $e0) (Patient $e0 $x1))
p200926	0.01564	0.04079	0.05126	-0.05372	-0.04690	-0.02401	-0.02636	0.01317	0.12158	-0.09987	-0.05791	-0.13027	-0.06115	0.02944	-0.08078	-0.01206	0.09059	-0.03851	0.10876	0.01376	0.10309	-0.10361	0.16328	0.00647	-0.04155	0.06059	-0.10017	0.08688	0.12588	0.00700	-0.02969	-0.05209	(And (Member $e0 have) (Past $e0) (Theme $e0 $x0))
p200935	0.10574	0.10932	-0.09717	0.03746	-0.04852	0.01566	-0.01534	-0.04124	-0.10895	-0.13086	0.09702	-0.09615	0.11774	-0.19035	0.39236	-0.03093	0.05969	-0.03928	0.05955	0.07857	-0.13639	0.04049	0.23767	0.05324	0.07724	0.08382	-0.14740	-0.09958	-0.08611	0.07293	0.00785	0.15016	(And (Before $e0 $e1) (Past $e0))
p200936	-0.02891	0.04905	-0.07073	0.06300	-0.01970	-0.02579	0.00392	0.02273	0.00844	-0.01764	-0.03361	-0.01448	-0.02150	0.08063	0.02928	-0.00204	0.05994	-0.02332	-0.04242	0.07760	-0.08119	-0.02324	-0.03413	-0.00909	-0.04186	-0.07300	-0.04338	0.01059	0.04684	0.00670	-0.07376	0.01842	(And (Future $e0) (Patient $e0 $x0))
p200937	-0.01253	0.16850	-0.17127	0.05716	-0.12150	0.33604	-0.05962	0.12975	0.14062	0.14563	-0.02891	0.09169	0.06928	0.10409	-0.20074	-0.09130	0.07612	-0.08690	0.07944	0.18897	-0.05232	0.02116	-0.08644	-0.04136	-0.11589	-0.11004	0.09354	-0.12801	0.24811	0.11965	-0.13685	-0.01012	(And (Instrument $e0 $x0) (Patient $e0 $x1))
p200955	-0.00015	0.03389	0.01303	0.00374	-0.00407	-0.04471	0.00946	0.01277	-0.00819	0.00170	-0.00019	0.00434	-0.01218	0.02742	0.04513	-0.00489	0.03440	-0.02008	-0.03168	0.02988	-0.04093	-0.00553	-0.01364	0.00579	-0.03813	-0.02878	-0.03175	0.00518	-0.01006	-0.02640	-0.04556	0.00593	(GroupOf $x0 thing)
p200956	0.00388	-0.00047	0.02413	-0.00508	0.03662	-0.02521	-0.00237	-0.01936	-0.03776	-0.00197	-0.01791	0.02160	0.02421	-0.00537	-0.00266	-0.03264	0.01814	0.00647	0.01423	0.03971	-0.00978	0.01308	-0.00829	0.03548	-0.02850	0.01030	-0.00202	-0.00807	-0.02652	0.00205	-0.01094	-0.00389	(In $e0 $x0)
p200957	0.03996	0.00839	0.02957	0.00350	-0.01453	-0.05289	0.05475	-0.00130	0.01765	0.01284	-0.03133	0.01528	-0.06183	0.03792	0.05713	0.00817	-0.02920	-0.01533	-0.01323	-0.02128	-0.00752	0.07375	-0.03799	0.01042	-0.00187	-0.01277	-0.02223	0.02040	-0.03689	-0.00214	-0.02741	0.07315	(Manner $e0 quickly)
p200958	0.02945	0.01501	-0.00930	-0.01405	-0.06812	-0.00620	-0.03567	0.05021	-0.00280	0.06927	0.05388	0.04648	0.04781	-0.02877	-0.03153	-0.01483	0.00891	-0.02239	0.05430	-0.01488	-0.00352	0.00295	0.05217	0.01608	-0.01270	-0.00573	0.03101	-0.07433	-0.01599	-0.03089	0.01527	0.01901	(Member $e0 study)
p200959	0.03999	0.00856	-0.03767	0.09147	-0.04377	-0.01478	0.04366	0.11922	-0.03948	-0.04167	0.05175	-0.07554	-0.06813	-0.10258	-0.07504	0.12261	0.08735	0.09315	-0.02008	0.03136	0.24480	-0.01254	-0.03998	-0.04182	0.01684	-0.03878	-0.07874	-0.09165	0.01374	-0.03777	0.04298	-0.00980	(Member $e0 try)
p200960	0.01795	0.00422	-0.00546	0.03541	-0.05227	-0.02322	-0.02446	0.03796	-0.04842	0.00120	0.00891	-0.00108	0.04535	-0.02510	-0.00496	0.03879	0.02722	0.00089	0.01373	0.03305	0.03602	0.00090	0.01721	0.01370	-0.01069	-0.00391	-0.00744	-0.04313	-0.01699	-0.00800	0.01812	-0.01287	(Member $e0 work)
p200961	0.01674	0.00661	-0.00073	0.05519	-0.01630	0.01421	0.03760	-0.00567	-0.01686	0.00273	-0.00293	-0.04562	-0.02467	-0.05244	-0.04001	0.01716	0.00091	0.07953	-0.01543	0.05364	0.10312	-0.04884	-0.06953	0.00795	-0.02094	-0.02680	-0.00827	-0.00448	0.03193	-0.03575	-0.00941	0.01860	(Member $x0 man)
p200962	0.00986	0.01205	0.00358	-0.00930	-0.01461	0.00631	0.00914	-0.01112	-0.00580	0.02010	0.00106	0.02082	0.00796	0.01483	-0.00719	-0.00501	-0.03032	0.00300	0.00183	0.02409	0.03578	0.01275	-0.00498	-0.01131	-0.00929	0.00375	0.00061	0.01424	-0.00224	-0.00291	-0.00210	0.01754	(Member $x0 place)
p200963	-0.02716	0.07968	-0.05397	-0.01159	-0.04148	0.02016	0.04323	0.02301	0.01761	-0.03177	0.07382	-0.08249	-0.00436	0.08428	0.05774	-0.05827	-0.04411	-0.07465	-0.03377	0.02037	0.07691	0.00845	-0.12952	0.05099	0.01072	-0.08492	0.09704	0.09477	0.03252	0.00642	0.03803	-0.04224	(Member $x0 table)
p200964	-0.04376	0.03599	0.09332	0.03728	-0.05346	-0.02783	-0.02400	-0.03880	0.02101	-0.00465	-0.03867	0.03689	-0.03245	-0.02451	0.02634	0.05544	-0.02176	0.00508	0.02422	-0.00355	-0.01097	-0.04648	0.10874	0.04767	0.03211	0.01653	0.01619	-0.05806	0.06646	-0.02485	0.00678	-0.04331	(Only $x0 $e0)
p200965	-0.00979	0.03137	-0.01457	0.04901	-0.00727	-0.02325	0.01637	-0.00173	-0.04619	-0.01512	-0.06618	0.01468	-0.02092	0.00557	0.00413	0.00332	0.00199	0.03029	0.05955	-0.00471	-0.00938	-0.02019	0.00533	-0.01360	-0.01987	0.03669	0.02101	-0.03073	0.00010	-0.03451	0.00839	-0.00370	(Probably $e0)
p201043	-0.12740	-0.08408	-0.00986	-0.15778	0.11846	0.17531	-0.07920	-0.14542	0.05297	0.11404	-0.02049	0.14009	-0.00617	0.00524	0.09383	0.08308	0.07319	-0.09807	0.17673	-0.15612	-0.03019	0.04028	-0.26509	0.07820	0.05921	0.05905	-0.08735	0.22809	0.04675	0.09520	-0.00566	0.03276	(And (Agent $e0 $x0) (Ongoing $e0) (Theme $e1 $e0))
p201063	-0.01021	-0.01825	-0.01774	-0.01082	0.00478	-0.01636	0.03382	-0.00823	0.00730	0.00081	0.01004	0.00379	0.00443	0.03651	-0.00622	0.02584	0.03361	-0.02458	-0.04124	0.08524	-0.04891	-0.00063	-0.01266	0.02821	-0.01109	-0.02297	-0.01109	-0.04189	0.00674	-0.01293	-0.07374	-0.02262	(And (Agent $e0 $x0) (Future $e0))
p201064	-0.08909	-0.15407	-0.10239	-0.03956	0.07854	0.22854	0.06362	0.06686	0.19761	-0.00240	0.00223	-0.39129	-0.16094	-0.02424	0.55220	0.13708	-0.21532	-0.01876	-0.15313	0.04686	0.13791	0.11183	0.20399	0.12424	0.11644	0.27201	-0.18329	-0.28606	-0.02725	-0.05836	-0.08868	-0.29224	(And (Agent $e0 $x0) (Member $x0 company))
p201065	-0.01585	0.04077	-0.03643	-0.01173	-0.04310	0.11278	-0.02578	0.04543	0.06465	0.08286	0.01326	0.06059	0.04548	0.02062	-0.08992	-0.05112	0.00603	-0.03013	0.03173	0.07218	-0.01240	0.02855	-0.02722	-0.00508	-0.03605	-0.04403	0.04120	-0.05574	0.09539	0.05316	-0.04938	0.00713	(And (Instrument $e0 $x0) (Past $e0))
p201066	0.03523	-0.00242	0.01437	-0.00191	-0.00494	-0.03247	0.04847	-0.01751	0.01930	0.00473	-0.03547	0.01172	-0.05789	0.00372	0.00700	-0.00253	-0.04152	-0.01941	0.00030	-0.02750	0.02934	0.06726	-0.01726	0.01758	0.02242	-0.00023	-0.01141	0.00425	-0.02315	-0.00477	-0.02318	0.06874	(And (Manner $e0 quickly) (Past $e0))
p201067	-0.11472	0.14164	-0.14517	-0.05511	-0.03974	0.01209	-0.05476	0.01245	0.02040	-0.08013	0.05059	-0.11257	0.06776	0.00553	-0.03854	-0.02952	0.18524	0.04999	-0.09895	0.04753	-0.07925	0.05527	0.07556	-0.05462	0.11874	-0.05496	-0.11762	-0.05528	-0.09399	0.02375	0.02622	0.17708	(And (Member $e0 become) (Patient $e0 $x0))
p201068	-0.02140	0.01218	-0.06123	-0.06984	0.05055	0.17746	-0.28944	-0.45137	-0.12915	0.01314	-0.10942	0.13401	-0.00923	0.15617	0.08424	0.09963	0.06453	-0.31729	0.05386	-0.18636	0.09716	0.11277	-0.12092	0.17914	0.06770	-0.11500	0.04278	0.06586	0.00862	-0.04301	0.00384	0.02229	(And (Member $e0 begin) (Past $e0))
p201069	0.00133	-0.00053	0.05412	-0.00010	-0.00633	0.03150	0.05763	-0.06130	0.04360	0.08486	0.02780	0.07659	0.00936	-0.04373	-0.03322	-0.01983	-0.05037	0.00910	-0.02546	0.07528	0.06961	0.08818	0.01184	-0.00389	-0.02173	-0.01142	0.00017	-0.03294	0.06657	-0.00404	0.01360	0.07492	(And (Member $e0 go) (Past $e0))
p201070	-0.01704	-0.00801	-0.00097	-0.02724	-0.00207	-0.02976	-0.00505	0.01059	0.03465	0.00456	-0.00604	-0.00854	-0.03789	-0.00678	-0.02952	-0.01655	-0.02014	0.02665	0.00991	-0.00440	0.00753	0.01248	-0.02454	0.03831	0.00944	-0.05861	-0.00181	0.00757	-0.00384	0.01963	-0.00891	0.00770	(And (Member $x0 door) (Patient $e0 $x0))
p201071	0.14140	0.11557	-0.03526	-0.02019	0.01874	0.21689	0.02019	0.11879	-0.01752	-0.21879	-0.07101	0.22033	0.09965	-0.24002	-0.03331	-0.02725	-0.07394	0.13654	-0.09030	-0.02043	-0.11362	0.14147	0.17317	0.14230	-0.07290	-0.11766	-0.18584	0.32282	0.11788	-0.00258	0.14099	-0.18186	(And (Past $e0) (To $e0 $e1))
p201086	-0.04349	0.05518	0.10867	0.05597	-0.03489	-0.06417	0.00668	0.03435	-0.10297	-0.01121	-0.00468	0.06232	-0.04967	-0.03728	-0.00076	-0.01247	-0.00667	-0.00763	-0.02683	-0.05969	-0.01632	0.03363	0.05310	0.08797	0.08783	0.04262	-0.08333	-0.04396	-0.03973	-0.02998	-0.01808	-0.00122	(Member $e0 find)
p201087	0.00927	0.00837	-0.01907	0.00619	0.03533	0.00120	0.00078	-0.02556	-0.00308	-0.00100	0.02526	0.00073	0.03251	0.01556	-0.01104	0.02348	-0.01169	0.02930	0.00741	0.00560	-0.00584	0.00872	-0.04211	-0.01756	0.00586	0.02417	0.05579	-0.02803	0.00301	-0.01615	-0.00812	-0.00944	(Member $e0 follow)
p201088	-0.03280	-0.01387	0.00869	-0.06457	-0.01727	-0.01107	-0.02934	0.01200	0.01621	0.01026	0.00811	0.00125	-0.03412	0.00899	-0.03255	-0.00936	-0.01477	0.02922	0.00816	-0.00371	-0.02532	0.01166	-0.00017	0.02861	0.01969	-0.03073	0.00563	-0.02888	0.00489	0.00219	-0.00605	-0.00492	(Member $e0 leave)
p201089	0.05225	-0.01609	0.03968	-0.01807	-0.05249	-0.03583	-0.01163	0.04138	0.00402	0.03942	0.02445	0.02047	-0.00660	-0.10456	-0.02754	-0.01900	-0.04105	0.00913	0.08196	-0.08563	0.05852	0.01378	0.03978	0.08020	0.00639	-0.05958	0.03612	-0.01004	-0.06794	0.01479	0.02299	-0.03988	(Member $e0 write)
p201090	-0.01163	0.02611	-0.02224	-0.02951	-0.02977	-0.02596	0.02048	0.01430	0.00115	-0.03230	0.05596	-0.04833	-0.02318	0.01764	0.05842	-0.05332	-0.05027	-0.03013	-0.00174	-0.02114	0.07666	0.00223	-0.06978	0.08769	-0.01292	-0.07489	0.08556	0.08373	-0.01308	0.02572	0.04370	-0.03662	(Member $x0 book)
p201091	0.01012	0.02322	0.01379	0.02374	0.01088	0.02174	-0.00246	-0.01169	-0.03163	0.00775	-0.01234	-0.01409	0.00987	0.02337	-0.02730	-0.01465	-0.01442	0.03918	0.01841	0.01444	0.01240	-0.02395	-0.04912	0.00619	0.01500	0.02197	0.01267	0.01540	-0.01839	-0.02035	0.02010	0.00922	(Member $x0 cat)
p201092	0.00989	0.00668	0.00422	-0.00838	-0.00396	0.00957	-0.00203	-0.01538	-0.00569	0.01604	0.00590	0.00472	0.01234	0.00195	0.00352	0.00838	-0.00984	-0.00336	-0.02340	0.00650	-0.00373	-0.00119	-0.01335	0.00101	-0.00539	-0.00521	0.01339	-0.00284	-0.02105	-0.00459	-0.00920	0.00344	(Member $x0 good)
p201093	0.01958	0.01575	0.01727	0.02680	0.01558	-0.00295	0.01703	-0.02526	0.02041	0.00298	-0.02509	0.00386	-0.01362	-0.00679	-0.01367	-0.01288	-0.00551	-0.00200	0.00265	0.00022	0.02546	0.01453	-0.01869	0.02467	-0.00142	0.00267	0.00136	0.01331	-0.00687	-0.00331	0.00728	0.04185	(Member $x0 tree)
p201094	-0.04402	0.01216	-0.00828	-0.00565	-0.03332	-0.01024	0.01628	-0.04777	-0.04535	-0.00677	0.00726	0.02549	-0.00050	0.05372	-0.01961	0.01270	0.00085	-0.02677	0.00383	-0.03204	0.02412	0.00165	0.02746	-0.00301	-0.01940	-0.00981	0.00034	-0.02936	-0.01889	-0.01384	-0.00821	-0.00556	(To $e0 $x0)
p201102	-0.13258	-0.07320	-0.00303	-0.14866	0.13484	0.17203	-0.10029	-0.21647	0.04417	0.12031	-0.02668	0.14588	0.00111	0.03248	0.10117	0.07281	0.05440	-0.11322	0.15679	-0.15805	-0.03157	0.04439	-0.27144	0.09846	0.04721	0.04109	-0.06599	0.25563	0.04765	0.09821	-0.00231	0.04008	(And (Agent $e0 $x0) (Ongoing $e0) (Past $e1) (Theme $e1 $e0))
p201103	-0.13258	-0.07320	-0.00303	-0.14867	0.13484	0.17203	-0.10029	-0.21647	0.04416	0.12031	-0.02669	0.14587	0.00111	0.03248	0.10117	0.07281	0.05440	-0.11322	0.15679	-0.15805	-0.03157	0.04438	-0.27144	0.09846	0.04721	0.04109	-0.06599	0.25563	0.04765	0.09821	-0.00231	0.04008	(And (Agent $e0 $x0) (Ongoing $e1) (Past $e0) (Theme $e0 $e1))
p201104	-0.02520	0.01147	-0.06052	-0.07136	0.05233	0.17564	-0.28574	-0.44455	-0.12906	0.01573	-0.10535	0.13437	-0.01028	0.14752	0.08528	0.09691	0.06394	-0.30988	0.05171	-0.18194	0.10080	0.10714	-0.12225	0.17671	0.06563	-0.11298	0.03959	0.06757	0.01271	-0.04299	0.00443	0.02370	(And (Member $e0 begin) (Ongoing $e1) (Past $e0) (Theme $e0 $e1))
p201105	-0.08057	-0.02688	0.14220	-0.06505	0.00830	-0.05448	0.13897	0.20023	0.10783	0.15253	0.10275	0.07468	-0.01156	0.12273	0.19742	0.05496	0.07866	0.15466	0.05191	-0.02692	-0.27172	0.03220	-0.22166	-0.07268	-0.12934	0.07168	-0.11349	0.23065	-0.04645	0.12242	0.03160	0.00526	(And (Member $e0 start) (Ongoing $e1) (Past $e0) (Theme $e0 $e1))
p201166	-0.00002	0.02228	0.03004	-0.07487	-0.07475	-0.01922	-0.07278	0.10635	0.01838	0.14708	0.10835	0.08003	-0.03633	-0.11984	-0.08571	-0.10546	-0.04748	0.02756	0.11268	-0.03325	0.08603	-0.00780	0.05056	0.18759	-0.05841	-0.15823	0.11308	-0.08664	-0.00981	0.08792	0.01094	-0.05163	(And (Agent $e0 $x0) (Member $x0 person) (Patient $e0 $x1))
p201167	-0.18199	-0.15895	0.14457	0.08925	0.09109	0.12578	-0.04833	0.08852	-0.08941	-0.14694	0.11578	-0.04844	-0.09391	-0.02732	-0.11113	0.07199	-0.06583	-0.12926	0.08007	0.14447	-0.12509	0.07697	0.14766	-0.05049	-0.09301	-0.13543	0.09588	0.10858	-0.16743	-0.05719	-0.07761	0.15001	(And (Agent $e0 $x0) (Member $x0 thing) (Theme $e0 $x1))
p201168	-0.02520	0.01147	-0.06052	-0.07136	0.05233	0.17564	-0.28574	-0.44455	-0.12906	0.01573	-0.10535	0.13437	-0.01028	0.14752	0.08528	0.09691	0.06394	-0.30988	0.05171	-0.18194	0.10080	0.10714	-0.12225	0.17671	0.06563	-0.11298	0.03959	0.06757	0.01271	-0.04299	0.00443	0.02370	(And (Member $e0 begin) (Ongoing $e1) (Theme $e0 $e1))
p201169	-0.10581	0.00067	-0.02005	-0.01818	0.15096	-0.06332	-0.02996	-0.05957	-0.02953	0.14591	-0.05202	0.01973	0.05510	-0.23669	0.25430	0.04177	0.04800	-0.05373	-0.06485	0.00173	0.14669	-0.12632	-0.33027	-0.03701	-0.03032	-0.08880	-0.19235	0.30479	0.04623	-0.00544	-0.07814	0.12910	(And (Past $e0) (Patient $e1 $x0) (Theme $e0 $e1))
p201219	-0.12444	-0.07297	-0.04446	-0.04718	0.25376	-0.00671	-0.00711	-0.18015	-0.02182	0.19062	-0.01162	0.06854	0.07572	-0.29695	0.08691	-0.08270	-0.00123	-0.00070	0.02553	0.04693	0.14330	-0.17318	-0.27255	-0.02824	0.03752	-0.07093	-0.18329	0.26242	0.11754	-0.09252	-0.10862	0.08385	(And (Agent $e0 $x0) (Ongoing $e0) (Patient $e0 $x1))
p201220	0.04290	0.01916	-0.04002	-0.03190	-0.06249	0.05253	0.01113	0.00527	-0.00955	0.01938	0.04561	0.04687	0.08443	-0.02895	-0.07351	-0.01589	0.02746	0.05390	0.06919	-0.04354	0.00451	0.00632	-0.00295	-0.08104	-0.00435	0.05297	0.05483	-0.06954	-0.05860	-0.14716	-0.01192	0.03020	(And (Agent $e0 $x0) (Ongoing $e0) (Theme $e0 $x1))
p201221	-0.10166	0.11432	-0.15688	-0.02780	-0.07507	-0.10354	0.11419	0.09695	0.06402	-0.19662	0.20427	-0.13755	0.03383	0.17847	0.15469	-0.14198	-0.09168	-0.17128	-0.02973	0.01536	0.18092	0.05781	-0.25729	0.17235	0.06449	-0.15460	0.24877	0.27020	0.04968	-0.02656	0.10196	-0.10849	(And (Location $e0 $x0) (Ongoing $e0) (Past $e0))
p201222	-0.02520	0.01147	-0.06052	-0.07136	0.05233	0.17564	-0.28574	-0.44455	-0.12906	0.01573	-0.10535	0.13436	-0.01028	0.14752	0.08528	0.09691	0.06394	-0.30988	0.05171	-0.18194	0.10080	0.10714	-0.12225	0.17671	0.06563	-0.11298	0.03959	0.06757	0.01271	-0.04299	0.00443	0.02370	(And (Member $e0 begin) (Past $e0) (Theme $e0 $e1))
p201223	-0.20699	-0.00817	-0.09163	0.08839	0.08375	0.12551	-0.11705	0.15577	0.14240	0.20862	-0.06179	-0.02775	0.06457	0.10818	0.07360	-0.12986	-0.05298	0.02015	-0.07642	-0.02597	0.18392	0.15843	0.13437	0.04225	-0.08972	0.21619	-0.06465	-0.23463	-0.06734	-0.10907	-0.09490	-0.15799	(And (Member $e0 build) (Past $e0) (Patient $e0 $x0))
p201224	-0.08057	-0.02688	0.14220	-0.06505	0.00830	-0.05448	0.13897	0.20023	0.10783	0.15253	0.10275	0.07468	-0.01156	0.12273	0.19742	0.05496	0.07866	0.15466	0.05191	-0.02692	-0.27172	0.03220	-0.22167	-0.07268	-0.12934	0.07168	-0.11349	0.23065	-0.04645	0.12242	0.03160	0.00526	(And (Member $e0 start) (Past $e0) (Theme $e0 $e1))
p201225	-0.08748	0.02507	0.01417	-0.03660	0.15313	-0.08723	-0.04461	-0.11945	-0.04360	0.19577	-0.05373	0.05755	0.07518	-0.11311	0.36465	0.02238	0.03107	-0.09020	-0.08172	0.01586	-0.02126	-0.11955	-0.34084	-0.05535	-0.06531	-0.11728	-0.19207	0.35628	0.02061	-0.04396	-0.10146	0.12813	(And (Ongoing $e0) (Patient $e0 $x0) (Theme $e1 $e0))
p201240	0.00698	0.07951	-0.04072	0.04778	-0.09013	0.14360	-0.08422	-0.02526	-0.04754	-0.13043	0.02112	0.06263	0.17329	-0.03117	0.04395	-0.05981	0.11143	0.02467	-0.03029	0.13158	-0.14064	0.02082	0.10104	0.11686	-0.02515	0.02915	-0.06897	-0.00870	0.00436	0.04774	-0.01285	0.08445	(And (Agent $e0 $x0) (GroupOf $x0 person))
p201241	-0.00885	-0.03443	0.03131	-0.01830	-0.03582	0.06390	-0.01744	-0.05922	0.02735	-0.04216	0.00717	0.03070	-0.04124	0.12718	0.01226	0.03811	-0.00566	0.00209	0.05474	-0.04089	-0.09117	0.05319	-0.01934	0.09904	-0.00570	0.02828	0.01531	0.03232	0.00295	0.05422	0.02838	-0.00569	(And (Agent $e0 $x0) (Recipient $e0 $x1))
p201244	-0.10503	0.02064	0.03624	0.05405	-0.06487	-0.02095	0.06590	-0.04843	-0.06542	0.01918	-0.11556	0.05774	-0.02518	-0.03210	0.01703	0.04678	-0.04101	0.02970	0.07493	-0.02952	-0.01491	-0.05487	0.10453	-0.01660	-0.01983	0.06332	0.07267	-0.08865	0.04254	0.00189	0.03574	-0.04294	(And (Experiencer $e0 $x0) (Member $x0 thing))
p201245	-0.02520	0.01147	-0.06052	-0.07136	0.05233	0.17564	-0.28574	-0.44455	-0.12906	0.01573	-0.10535	0.13436	-0.01028	0.14752	0.08528	0.09691	0.06394	-0.30988	0.05171	-0.18194	0.10080	0.10714	-0.12225	0.17671	0.06563	-0.11298	0.03959	0.06757	0.01271	-0.04299	0.00443	0.02370	(And (Member $e0 begin) (Theme $e0 $e1))
p201246	-0.20699	-0.00817	-0.09163	0.08838	0.08375	0.12551	-0.11705	0.15577	0.14240	0.20862	-0.06179	-0.02775	0.06457	0.10818	0.07360	-0.12986	-0.05298	0.02015	-0.07642	-0.02597	0.18392	0.15843	0.13437	0.04225	-0.08972	0.21619	-0.06465	-0.23463	-0.06734	-0.10907	-0.09490	-0.15799	(And (Member $e0 build) (Past $e0))
p201247	0.14765	-0.06876	-0.02218	-0.15318	0.06357	0.17194	0.12841	0.04946	-0.07498	-0.19790	0.04630	0.09666	-0.01950	0.05921	0.24168	-0.17679	0.17637	0.05774	-0.01183	-0.07358	0.16715	-0.08761	0.22956	-0.27484	-0.01920	-0.06793	0.25047	-0.29026	0.10044	0.13536	-0.00328	0.11113	(And (Member $e0 kill) (Patient $e0 $x0))
p201248	-0.06844	-0.02496	0.01768	-0.03305	0.03507	-0.02265	-0.02013	-0.05028	0.04056	-0.00025	0.06392	-0.00619	0.01041	0.02735	-0.05700	-0.02275	0.01609	0.03748	-0.03894	0.02631	0.00227	0.00462	-0.00912	0.00400	0.01528	-0.07975	-0.00585	-0.02258	0.04612	-0.02267	0.00692	-0.02318	(And (Member $e0 make) (Past $e0))
p201249	0.02205	0.05514	0.07085	0.02217	-0.04202	-0.09415	0.02847	0.05368	-0.00018	0.06962	-0.00333	0.00125	-0.00636	0.13380	0.21583	0.04087	0.02829	0.02970	-0.06529	0.04902	-0.17875	0.00233	-0.11229	-0.05550	-0.10062	-0.07449	-0.07645	0.09909	-0.05248	-0.02015	-0.02999	0.03036	(And (Member $e0 start) (Patient $e0 $x0))
p201250	0.02290	0.01858	0.04386	-0.06902	-0.01193	-0.00779	0.00044	-0.05921	-0.06074	0.05558	0.04294	0.04369	0.00194	-0.00950	0.01659	-0.00895	-0.02469	0.00167	-0.05564	0.01758	-0.00176	0.04924	-0.00250	0.03165	-0.01428	-0.04164	-0.00367	-0.04553	-0.06620	-0.03005	-0.06107	0.00123	(And (Member $e0 use) (Theme $e0 $x0))
p201251	-0.00982	0.02082	0.00524	-0.01573	0.02028	-0.01985	-0.00170	-0.02204	-0.04978	0.00901	0.03624	0.03600	-0.01240	0.00808	0.00728	-0.02938	0.00505	0.00620	-0.01393	0.00724	-0.01415	0.02999	0.00781	0.01590	-0.01907	-0.02148	-0.03429	-0.03521	-0.01283	-0.00163	-0.04187	0.00605	(And (Obligated $e0) (Theme $e0 $x0))
p201252	-0.01662	-0.04199	0.03883	-0.00151	0.00165	0.00343	-0.02088	-0.04505	0.00087	-0.01841	0.01986	0.00700	0.01684	0.02104	0.01200	-0.00121	-0.02606	0.01490	0.00078	0.00542	-0.03238	-0.00570	-0.00238	0.04029	-0.01859	-0.00294	-0.00635	0.01334	0.03093	0.01867	0.00921	-0.01249	(And (Past $e0) (Recipient $e0 $x0))
p201266	-0.01344	-0.01414	0.02479	-0.01516	-0.00551	-0.00365	-0.00442	-0.01379	0.00750	0.01200	-0.00295	0.02912	0.01828	-0.00622	-0.00882	-0.00274	-0.01922	0.01646	-0.00683	0.01672	-0.01754	0.02272	0.00458	0.00874	-0.00082	0.00108	-0.01277	0.00520	0.00565	0.00415	0.00204	0.01357	(Again $e0)
p201267	0.01041	0.00712	0.00185	0.01368	0.02667	-0.00899	-0.01032	-0.00903	0.03453	-0.01621	-0.01342	0.00323	0.01400	0.00094	-0.02564	0.00349	0.01539	0.00582	0.03849	-0.01666	-0.01262	0.01135	-0.00279	-0.00381	0.02349	-0.00031	0.00927	-0.00645	-0.00658	-0.01924	0.01660	-0.01054	(Member $e0 fall)
p201268	-0.03538	-0.00471	0.04754	0.01095	-0.00589	0.00692	0.02197	-0.01108	0.00321	0.06769	0.03089	0.02994	0.04261	0.01986	0.00132	0.00269	-0.00758	0.00253	-0.03157	0.03164	-0.02426	-0.00113	-0.03059	-0.02580	-0.03102	-0.01489	-0.01348	0.01557	0.02803	0.00830	0.00215	-0.01313	(Member $e0 hear)
p201269	0.14765	-0.06876	-0.02218	-0.15318	0.06357	0.17194	0.12841	0.04946	-0.07498	-0.19790	0.04630	0.09666	-0.01950	0.05921	0.24168	-0.17679	0.17637	0.05774	-0.01183	-0.07358	0.16715	-0.08761	0.22956	-0.27484	-0.01920	-0.06793	0.25047	-0.29026	0.10044	0.13536	-0.00328	0.11113	(Member $e0 kill)
p201270	0.00802	-0.01144	-0.01749	0.00325	-0.02652	-0.02311	0.00259	0.05046	-0.03767	0.00339	-0.03815	-0.00707	-0.01131	-0.03633	-0.02043	0.04222	0.04080	0.01114	0.00106	0.03166	0.06917	0.00251	-0.01588	-0.01728	-0.02742	-0.00002	-0.00117	-0.04319	-0.01308	0.00172	-0.01354	-0.02009	(Member $e0 need)
p201271	0.00138	0.00011	-0.02219	0.00309	-0.00410	-0.01111	-0.00100	0.01141	0.03331	-0.00180	-0.02748	-0.00677	-0.00103	0.00295	-0.02012	0.00926	-0.00102	-0.00387	0.00722	0.00295	-0.01296	0.01414	-0.01295	-0.01210	0.01416	-0.02163	-0.00789	0.00412	0.00293	0.00826	-0.02020	0.00564	(Member $e0 open)
p201272	0.07330	-0.04921	0.06617	-0.01521	-0.02300	0.00367	0.09479	-0.04571	0.02429	0.03746	-0.07613	-0.09852	-0.01487	-0.03226	0.00323	0.08319	-0.09272	-0.03376	0.07332	-0.10348	-0.01337	0.02145	-0.01531	-0.03163	0.10317	0.03220	-0.02079	0.03110	-0.09945	0.00281	-0.01644	-0.05046	(Member $e0 produce)
p201273	0.03409	0.02029	-0.00867	-0.01399	-0.05391	-0.04350	0.00081	0.10278	-0.05941	-0.00170	-0.01533	-0.01086	-0.01195	-0.06923	0.01051	0.00084	0.00120	0.00544	0.05310	-0.00898	0.04382	0.01197	0.01096	0.01168	0.05668	0.03555	-0.03106	-0.03056	-0.06244	-0.04622	0.01172	0.00063	(Member $e0 sleep)
p201274	-0.00180	0.00150	0.00239	-0.01078	-0.00876	0.01314	-0.00712	-0.01863	-0.00127	0.01242	-0.00196	0.00053	-0.00896	0.02831	-0.02087	0.00607	-0.01970	0.02309	0.00185	0.02389	0.01063	-0.01357	0.00138	-0.00183	-0.00177	-0.01094	-0.00098	0.01164	0.00481	0.01081	-0.00414	-0.00546	(Member $x0 beautiful)
p201275	-0.03896	0.00035	0.00080	0.02294	-0.00097	0.01465	0.05411	-0.03929	-0.00115	0.00988	0.02062	-0.00163	-0.01856	0.00601	-0.01653	-0.00367	-0.00519	0.00177	-0.00925	0.01663	0.00441	-0.01954	-0.00169	0.01282	-0.00366	-0.02478	-0.00105	-0.01920	0.02023	-0.00860	-0.01669	-0.01310	(Member $x0 big)
p201276	0.01160	0.00341	-0.00842	-0.00211	0.00031	0.00511	-0.01368	0.01082	0.00670	-0.01123	0.00659	-0.00010	-0.00215	0.00375	-0.00069	0.00242	-0.00617	0.00704	0.00955	-0.01659	-0.00738	0.00268	-0.01603	-0.00610	0.01170	0.00758	0.01470	-0.00281	0.00481	-0.01621	-0.00124	-0.00689	(Member $x0 car)
p201277	0.01610	0.00685	0.05828	0.00501	-0.00498	0.03886	0.00208	-0.02681	-0.02678	0.02530	0.00026	-0.02313	0.00703	0.02246	-0.01274	-0.00969	-0.02715	0.03376	-0.02048	-0.00428	0.01539	-0.03334	-0.04638	0.00650	0.00002	-0.01737	0.01582	0.01921	-0.02507	0.00252	0.01260	-0.00036	(Member $x0 city)
p201278	-0.00347	0.00508	-0.01902	-0.00153	-0.01839	-0.01674	0.00032	0.02617	-0.00065	-0.03122	0.00703	-0.02030	0.01474	0.00011	0.00494	-0.01378	-0.01057	0.00863	-0.00257	-0.01585	0.00580	-0.01326	-0.03679	0.01235	0.00407	0.00389	0.02673	0.03519	-0.00985	-0.01945	0.00314	0.00340	(Member $x0 dog)
p201279	0.00146	-0.00768	0.00211	0.00815	-0.02151	-0.00614	-0.01350	0.00226	-0.00314	-0.01603	-0.00617	-0.02091	0.00888	0.01065	-0.02394	0.03491	0.00744	0.01166	0.00634	0.01078	0.04164	-0.01883	0.00521	-0.00508	-0.01167	0.00712	-0.01313	0.00076	0.01342	0.01078	0.00040	-0.01369	(Member $x0 old)
p201280	-0.00750	-0.00437	0.00290	-0.02626	0.00736	-0.00835	-0.00828	-0.00559	0.01257	-0.00046	-0.00743	0.00053	-0.00021	-0.00339	-0.00709	0.00379	0.00129	0.00594	-0.00168	-0.00666	-0.00460	0.00620	-0.00147	-0.00239	0.00738	0.00091	0.01617	-0.00486	-0.01391	-0.00726	0.00956	-0.00335	(Member $x0 road)
p201344	-0.00206	0.06346	-0.03947	0.05014	-0.08309	0.09308	-0.07239	-0.01695	-0.05106	-0.11275	0.01066	0.03325	0.13979	-0.01355	0.04468	-0.04369	0.10037	0.02276	-0.02732	0.09824	-0.11929	0.00790	0.08787	0.08185	-0.01292	0.03646	-0.06703	-0.01010	-0.00879	0.03403	-0.00790	0.09159	(And (Agent $e0 $x0) (GroupOf $x0 person) (Past $e0))
p201345	0.00491	0.08621	0.10773	-0.02465	0.03429	-0.06901	-0.01101	0.03422	0.14293	-0.11020	-0.09683	-0.12647	-0.03190	-0.04394	-0.10106	-0.08572	0.23547	-0.08239	0.08123	0.02317	0.06895	-0.09017	0.11541	0.09634	-0.06776	0.06905	-0.07041	0.13122	0.05593	-0.03620	0.02460	-0.04438	(And (Cardinality $x0 <num>) (Member $e0 have) (Theme $e0 $x0))
p201433	0.00260	-0.00916	-0.00930	-0.00453	0.00384	-0.00719	-0.00985	0.00659	0.00794	-0.00807	0.00205	-0.00047	-0.00363	-0.00474	0.00968	-0.00097	-0.00278	-0.00350	-0.00576	-0.01139	-0.00105	-0.00046	0.00160	-0.00260	0.00130	-0.00105	0.00476	0.01205	-0.00294	0.00456	0.00644	-0.00016	(ConditionalProperty bicycle permitted footpath)
p201434	0.00253	-0.00922	-0.00936	-0.00460	0.00378	-0.00726	-0.00990	0.00654	0.00788	-0.00813	0.00200	-0.00053	-0.00369	-0.00480	0.00963	-0.00102	-0.00283	-0.00356	-0.00583	-0.01145	-0.00111	-0.00052	0.00155	-0.00266	0.00124	-0.00113	0.00470	0.01201	-0.00300	0.00450	0.00638	-0.00021	(ConditionalProperty pedestrian permitted footpath)
p201435	0.00253	-0.00921	-0.00935	-0.00459	0.00379	-0.00725	-0.00989	0.00655	0.00789	-0.00812	0.00201	-0.00052	-0.00367	-0.00479	0.00964	-0.00101	-0.00283	-0.00355	-0.00583	-0.01144	-0.00110	-0.00052	0.00155	-0.00265	0.00125	-0.00112	0.00471	0.01203	-0.00299	0.00451	0.00639	-0.00020	(Inheritance bicycle permitted) ~NEG
p201436	0.00265	-0.00910	-0.00924	-0.00447	0.00391	-0.00714	-0.00979	0.00666	0.00800	-0.00800	0.00213	-0.00040	-0.00355	-0.00469	0.00976	-0.00090	-0.00272	-0.00344	-0.00571	-0.01132	-0.00098	-0.00040	0.00166	-0.00253	0.00135	-0.00100	0.00481	0.01214	-0.00287	0.00462	0.00651	-0.00010	(Inheritance pedestrian permitted) ~NEG
p201446	-0.17284	-0.02123	-0.07710	0.06166	0.06900	0.12718	-0.15951	0.15091	0.12556	0.20915	-0.03266	-0.01345	0.03468	0.08701	0.10782	-0.14307	-0.06484	0.03645	-0.09664	0.02040	0.18179	0.16486	0.14764	0.11229	-0.10765	0.17644	-0.05096	-0.24170	-0.05613	-0.10728	-0.10249	-0.16543	(And (Agent $e0 $x0) (Member $e0 build) (Patient $e0 $x1))
p201476	-0.01296	-0.01248	0.02513	-0.01230	-0.00482	-0.00237	-0.00441	-0.01494	0.01158	0.01118	0.00474	0.02829	0.01987	-0.00548	-0.00896	-0.00164	-0.01789	0.01438	-0.01108	0.01429	-0.01686	0.02228	0.00562	0.00948	0.00217	-0.00255	-0.01440	0.00529	0.00751	0.00362	0.00201	0.01364	(And (Again $e0) (Past $e0))
p201477	0.02104	-0.03991	0.00425	-0.02378	-0.02664	0.02749	0.02741	0.06460	-0.00103	-0.00026	-0.01416	-0.02059	-0.01892	-0.04483	-0.06381	0.00327	0.05158	0.01580	0.05212	0.01111	0.01799	-0.01620	0.01765	-0.02333	0.04620	0.05506	-0.04416	-0.05883	-0.00454	-0.06408	-0.01220	-0.01611	(And (Agent $e0 $x0) (GroupOf $x0 child))
p201478	-0.17284	-0.02123	-0.07710	0.06166	0.06900	0.12718	-0.15951	0.15091	0.12556	0.20915	-0.03266	-0.01345	0.03468	0.08701	0.10782	-0.14307	-0.06484	0.03645	-0.09664	0.02040	0.18179	0.16486	0.14764	0.11229	-0.10765	0.17644	-0.05096	-0.24170	-0.05613	-0.10728	-0.10249	-0.16543	(And (Agent $e0 $x0) (Member $e0 build))
p201479	-0.04397	-0.03785	-0.01327	0.03023	0.03980	-0.00319	0.02540	-0.05293	-0.00356	-0.00582	0.05039	0.00413	-0.05729	0.05018	-0.06516	-0.05334	0.03047	0.07419	-0.00402	0.10772	-0.01615	-0.03637	-0.03005	0.06582	-0.02147	-0.09866	-0.02755	-0.02498	0.08313	-0.02993	-0.05457	-0.05175	(And (Agent $e0 $x0) (Member $e0 make))
p201480	0.28207	0.07261	-0.14487	-0.21303	0.42362	-0.17686	0.32870	0.15940	-0.12325	0.03300	-0.38358	0.03173	-0.06118	0.17629	-0.28472	0.19959	-0.14990	-0.07392	-0.41119	-0.16017	-0.23164	0.05667	0.26577	-0.25907	-0.06249	-0.34044	-0.43365	0.36006	0.07666	-0.33508	0.28744	-0.18445	(And (Agent $e0 $x0) (Possession $x0 $x1))
p201481	0.17474	0.08543	-0.06405	-0.06860	0.01023	0.25484	0.08416	0.09072	0.01702	-0.21481	-0.05988	0.10565	0.04722	-0.24745	0.08611	0.04862	-0.12929	0.07978	-0.10337	0.00376	-0.13599	0.11945	0.15833	0.16845	-0.00260	-0.11214	-0.18302	0.30118	0.10813	0.02672	0.13139	-0.20914	(And (Agent $e0 $x0) (To $e0 $e1))
p201482	0.17474	0.08543	-0.06405	-0.06860	0.01023	0.25484	0.08416	0.09072	0.01702	-0.21481	-0.05988	0.10565	0.04722	-0.24745	0.08611	0.04862	-0.12929	0.07978	-0.10337	0.00376	-0.13599	0.11945	0.15833	0.16845	-0.00260	-0.11214	-0.18302	0.30118	0.10813	0.02672	0.13139	-0.20914	(And (Agent $e0 $x0) (To $e1 $e0))
p201483	0.00072	0.01379	0.00434	-0.02512	-0.00742	-0.03365	0.00551	-0.02256	-0.01165	0.01207	0.02159	0.04861	0.05234	0.02117	-0.02011	0.02445	-0.00688	-0.00367	-0.02659	0.05339	0.01334	0.00543	0.01786	-0.00149	-0.01130	-0.00004	-0.01925	-0.00398	-0.03168	-0.00878	-0.06689	0.00965	(And (Future $e0) (Theme $e0 $x0))
p201484	0.09952	0.02335	-0.06267	-0.05840	-0.02015	0.12355	0.04156	0.03233	-0.05181	-0.15616	0.01694	0.03022	0.05987	-0.02245	0.19218	-0.08968	0.16434	0.00674	0.00114	-0.00219	0.01658	-0.00875	0.19294	-0.13783	0.02131	-0.00776	0.07631	-0.17351	0.00719	0.08793	-0.00984	0.11558	(And (GroupOf $x0 person) (Patient $e0 $x0))
p201485	-0.05398	0.07014	0.12527	0.07980	-0.04365	-0.07463	0.01554	0.03562	-0.11856	-0.01209	-0.00865	0.07946	-0.03895	-0.04741	-0.00980	-0.00362	-0.00568	-0.00820	-0.03041	-0.07005	-0.01232	0.03100	0.06675	0.10718	0.11139	0.05630	-0.08573	-0.04454	-0.06871	-0.03431	-0.00952	0.00118	(And (Location $e0 $x0) (Member $e0 find))
p201486	-0.10542	-0.05413	-0.00816	-0.10341	0.16110	-0.01159	-0.02755	0.03414	-0.03544	0.21320	-0.04737	0.05355	0.08248	-0.41229	0.09068	0.02047	-0.00929	-0.04706	0.01497	-0.03291	0.19968	-0.15227	-0.25081	-0.05852	0.11626	0.01205	-0.21005	0.21905	0.02688	-0.01086	-0.08992	0.08698	(And (Location $e0 $x0) (Theme $e1 $e0))
p201487	0.03291	0.00488	0.02620	0.00874	-0.01175	-0.04533	0.04564	0.00514	0.01590	0.01044	-0.02478	0.01493	-0.03130	0.03894	0.05147	0.01737	-0.01936	-0.01357	-0.00989	-0.01509	-0.01955	0.05413	-0.03490	0.00506	0.00227	-0.01475	-0.01272	0.02363	-0.04671	0.00230	-0.02072	0.04534	(And (Manner $e0 quickly) (Patient $e0 $x0))
p201488	-0.09180	0.11670	-0.11339	-0.06884	-0.02653	0.01259	-0.05098	-0.00577	0.01663	-0.06967	0.06980	-0.11065	0.07214	-0.00554	-0.01733	-0.03504	0.15529	0.04666	-0.09893	0.03347	-0.06880	0.05830	0.06647	-0.04875	0.11376	-0.04562	-0.11316	-0.03842	-0.09464	0.01532	0.03129	0.16330	(And (Member $e0 become) (Past $e0))
p201489	-0.12157	0.11852	-0.11504	-0.08275	-0.02518	0.00713	-0.06796	0.00860	0.02113	-0.05866	0.05617	-0.10103	0.04239	0.01491	-0.04996	-0.02934	0.15827	0.06698	-0.10347	0.04791	-0.06241	0.05411	0.05142	-0.04959	0.10473	-0.06119	-0.10715	-0.05381	-0.07039	0.01675	0.03279	0.15844	(And (Member $e0 become) (Result $e0 $e1))
p201490	-0.03032	-0.00156	0.03253	0.01725	-0.00202	0.01561	0.01677	-0.01715	0.00306	0.04773	0.02098	0.02079	0.03853	0.00817	-0.01083	-0.00234	-0.01285	-0.00560	-0.02728	0.03568	-0.00632	-0.00511	-0.01694	-0.01871	-0.01835	-0.01295	-0.00809	-0.00382	0.03461	0.00526	-0.00370	-0.00890	(And (Member $e0 hear) (Past $e0))
p201491	0.07295	-0.04421	0.06708	-0.01217	-0.02230	0.00232	0.09090	-0.04334	0.02258	0.03777	-0.07608	-0.09450	-0.01157	-0.03332	0.00236	0.07916	-0.09049	-0.03121	0.07366	-0.10458	-0.01066	0.02229	-0.01607	-0.03364	0.10022	0.03122	-0.02036	0.03301	-0.09917	0.00226	-0.01448	-0.04771	(And (Member $e0 produce) (Patient $e0 $x0))
p201492	-0.09401	0.00279	-0.00768	-0.05697	0.02395	0.01284	0.06301	0.15114	0.06076	0.10502	0.09803	0.06604	0.04739	-0.12474	0.00985	-0.07205	0.00175	0.04687	0.04220	0.03655	-0.04325	-0.03498	-0.06326	-0.01857	-0.07882	-0.02203	-0.03463	0.02100	0.06849	0.08209	-0.07039	-0.01916	(And (Member $e0 take) (Theme $e0 $x0))
p201493	0.02274	0.00366	-0.03327	0.06760	-0.04603	-0.02155	0.02309	0.07874	-0.02432	-0.04114	0.04085	-0.03654	-0.04436	-0.07595	-0.06304	0.07647	0.06775	0.06427	-0.01426	0.01503	0.19576	0.00305	-0.01978	-0.02082	-0.00540	-0.03454	-0.04563	-0.06910	0.02259	-0.03315	0.03415	0.00743	(And (Member $e0 try) (Past $e0))
p201494	0.03706	0.01036	-0.02936	0.08227	-0.03684	-0.01507	0.04311	0.11749	-0.03596	-0.03755	0.03196	-0.07264	-0.07984	-0.09085	-0.05835	0.12990	0.07818	0.08049	-0.02833	0.03295	0.21740	-0.00643	-0.04077	-0.02871	0.01775	-0.03534	-0.07117	-0.08175	0.00787	-0.00950	0.03030	-0.01442	(And (Member $e0 try) (Theme $e0 $e1))
p201495	0.04573	-0.01143	0.04117	-0.01419	-0.04848	-0.04192	-0.01267	0.03862	0.00376	0.04133	0.01953	0.01617	-0.00464	-0.09906	-0.02302	-0.01577	-0.04190	0.00339	0.07204	-0.08222	0.06034	0.01149	0.03381	0.07943	0.00380	-0.06149	0.03996	-0.00664	-0.06542	0.02445	0.01966	-0.03691	(And (Member $e0 write) (Patient $e0 $x0))
p201496	-0.04801	0.02548	-0.04030	0.03633	-0.02895	0.02118	0.01672	0.01866	0.01855	0.00093	-0.01533	0.01643	-0.00722	0.01577	-0.03970	-0.01194	0.02163	-0.02008	0.02226	0.01216	-0.02713	-0.01344	0.01703	0.00354	-0.01771	-0.03256	0.00412	-0.03216	0.04624	0.02763	-0.03356	-0.01318	(And (Obligated $e0) (Patient $e0 $x0))
p201497	-0.04919	-0.00552	0.03837	0.01121	-0.00420	0.01735	0.01887	-0.02194	-0.01191	0.03941	0.03356	0.01464	0.03996	0.00321	-0.01321	-0.00604	-0.01035	-0.00388	-0.02725	0.01737	-0.00591	-0.01321	-0.00266	-0.01893	-0.01822	-0.01005	-0.01037	-0.01148	0.03631	0.00696	0.00383	-0.02438	(And (Past $e0) (Stimulus $e0 $x0))
p201498	0.03034	0.01106	0.00727	0.03449	0.03753	-0.00884	-0.01428	0.00101	0.02813	-0.01175	-0.01556	0.00824	0.00282	-0.01085	-0.02719	0.00218	0.00551	0.00320	0.06178	-0.02559	-0.00026	0.00777	-0.00495	0.03240	0.01914	-0.00113	0.02107	-0.00424	-0.01035	0.01215	0.01512	-0.02423	(And (Patient $e0 $x0) (Source $e0 $x1))
p201527	0.08636	-0.08784	-0.06842	0.10917	-0.09316	-0.03727	0.04286	-0.13081	-0.10236	0.21991	0.00180	-0.01916	-0.03948	0.02920	-0.12098	-0.06377	0.15686	0.07631	-0.08615	0.02480	-0.08781	0.06754	0.13154	0.02140	0.13979	0.06498	0.14115	0.17567	0.01733	0.00065	-0.03971	-0.05977	(For $e0 $e1)
p201528	-0.00879	-0.00263	-0.00974	-0.01589	-0.01430	-0.00969	0.01645	0.00572	-0.03749	-0.00148	-0.03513	0.00613	-0.00340	0.01021	-0.00173	0.00346	0.00986	0.00506	0.01898	0.01520	-0.00622	0.00808	-0.00960	-0.00661	-0.03258	0.01380	0.02040	-0.02371	-0.01374	-0.00263	-0.01395	-0.00792	(Like $e0 $x0)
p201529	0.01529	-0.00940	-0.00383	0.01758	-0.00555	-0.00583	0.00169	-0.00401	-0.00260	-0.00603	-0.00719	-0.01234	-0.01028	-0.00148	-0.00127	-0.00636	0.00314	0.01106	0.01200	0.00585	-0.00336	-0.01154	-0.00761	-0.00511	-0.00591	-0.02113	-0.01837	-0.00672	0.01554	-0.02201	-0.01664	-0.00793	(Member $e0 change)
p201530	0.01156	0.00594	0.03424	0.00952	-0.01279	0.02285	-0.01119	0.04407	0.00148	0.00633	-0.00867	-0.00491	-0.00451	-0.01193	0.00284	0.00861	-0.01809	-0.00763	-0.01701	0.01992	-0.00961	-0.00502	-0.01238	0.01313	0.04245	0.01200	-0.02298	0.00789	0.00512	0.00590	-0.00213	-0.01274	(Member $e0 live)
p201531	0.02496	-0.00982	-0.00570	-0.04455	-0.00618	0.07700	0.07435	-0.05400	0.00669	-0.02347	0.05153	-0.07487	-0.04331	-0.02852	0.12305	0.05504	-0.05753	-0.02276	-0.00169	0.02773	-0.03076	0.00230	0.02528	0.03233	0.05684	0.01219	-0.02077	-0.05572	0.00532	0.01759	-0.02137	-0.04905	(Member $e0 sell)
p201532	0.00915	-0.02423	-0.01579	-0.02641	-0.00764	-0.00200	-0.00142	0.02318	0.00758	0.01833	0.01867	-0.01269	-0.02505	-0.01587	0.00177	0.01246	-0.00099	-0.01701	0.00235	-0.00127	0.00590	0.00112	0.01581	0.00215	0.00357	-0.01520	-0.00132	-0.03001	0.01006	0.01582	-0.00669	-0.01742	(Member $e0 serve)
p201533	-0.00935	-0.01728	0.02424	-0.01160	-0.01577	0.02896	0.01603	0.00464	0.04006	-0.00489	0.02653	0.03400	-0.00519	0.02486	0.02547	0.00049	-0.01556	0.03048	0.02703	-0.00903	-0.05316	0.03146	-0.02026	0.02906	-0.01643	0.02357	-0.01114	0.05788	0.01633	0.03126	0.02557	0.00994	(Member $e0 talk)
p201534	-0.00567	0.00456	0.02673	0.01134	-0.01778	-0.00983	0.06337	0.03292	0.07376	0.00601	0.03994	0.05475	-0.03762	0.02349	0.00436	-0.01659	-0.03112	0.01807	0.03744	-0.00846	0.00671	0.07415	-0.04657	0.02699	0.03664	0.03569	-0.01442	0.05108	0.02090	-0.02608	0.02276	0.06473	(Member $e0 walk)
p201535	0.02903	0.04363	0.03180	0.00891	-0.01871	0.05941	0.00526	-0.03164	-0.01396	0.05410	0.00081	-0.02082	0.00475	0.02249	-0.01596	0.01102	-0.02767	0.01657	-0.00426	0.01376	0.03041	-0.02792	-0.01713	-0.02875	0.00374	-0.00013	-0.01121	0.01435	-0.01879	-0.00899	0.01679	0.01159	(Member $x0 garden)
p201536	-0.08188	-0.02089	-0.02392	0.03287	0.04583	0.01779	-0.07347	0.05615	0.05134	0.07542	-0.03532	-0.01614	0.02741	0.06852	0.06565	-0.02620	-0.04668	0.02474	-0.06665	-0.01167	0.10566	0.08062	0.07500	0.01325	-0.02047	0.13638	-0.04914	-0.08400	-0.06450	-0.07557	-0.04117	-0.06298	(Member $x0 hotel)
p201537	0.01804	0.01595	0.00035	0.02371	0.00821	-0.03537	-0.00454	-0.00357	-0.00314	-0.00658	0.01336	0.00530	0.01223	0.02900	0.04362	0.01416	-0.00610	0.01903	-0.00388	0.01894	-0.00967	-0.01639	-0.01508	-0.01259	-0.01622	-0.01023	-0.03105	0.04533	-0.00730	-0.01822	-0.00033	0.01105	(Member $x0 sky)
p201538	0.01360	-0.01512	0.01287	-0.03183	-0.00664	-0.02031	0.01384	-0.00209	0.01496	0.00689	-0.01410	-0.03138	0.00199	-0.01131	0.00854	0.02103	-0.01640	-0.02442	-0.01116	-0.03721	-0.00163	0.00659	-0.01019	-0.02104	0.00182	-0.01240	0.01654	-0.00589	-0.01270	-0.01222	-0.01411	-0.02104	(Member $x0 song)
p201539	0.00537	0.00259	-0.02757	0.01306	-0.01138	-0.00397	-0.00688	0.00524	-0.00719	-0.00855	-0.03751	-0.00189	-0.00713	0.02565	0.00333	-0.00108	0.00998	-0.01170	0.00250	0.03586	-0.03023	-0.00079	-0.00957	0.00479	-0.01971	-0.00846	-0.00760	-0.00520	0.01326	0.00337	-0.03322	0.00212	(Time $e0 (Hour <num>))
p201545	0.00797	0.02029	0.03712	-0.05489	-0.05235	-0.03019	-0.06521	0.08779	0.00639	0.11165	0.08900	0.05833	-0.02607	-0.10330	-0.06589	-0.09175	-0.04330	0.02946	0.09474	-0.05577	0.08894	-0.01086	0.02483	0.15676	-0.04634	-0.12436	0.08664	-0.04851	-0.02930	0.06748	0.02899	-0.03338	(And (Agent $e0 $x0) (Member $x0 person) (Past $e0) (Patient $e0 $x1))
p201670	-0.16695	-0.04553	-0.04659	0.06143	0.10839	0.05614	-0.14272	0.11399	0.11055	0.13767	-0.09019	-0.09578	0.01237	0.09831	0.17057	-0.07492	-0.07392	0.04727	-0.13494	-0.06255	0.19268	0.14273	0.12537	0.03064	-0.05895	0.25778	-0.07406	-0.19302	-0.10840	-0.15683	-0.05354	-0.12851	(And (Agent $e0 $x0) (Member $x0 company) (Past $e0))
p201671	0.27711	0.07349	-0.14098	-0.22376	0.40416	-0.17431	0.32168	0.16696	-0.11943	0.03242	-0.38669	0.03176	-0.05429	0.16378	-0.27675	0.20222	-0.15366	-0.08660	-0.41926	-0.17226	-0.22626	0.06026	0.27215	-0.25651	-0.06585	-0.33759	-0.42324	0.36512	0.07293	-0.32163	0.29036	-0.18148	(And (Agent $e0 $x0) (Member $x1 person) (Possession $x0 $x1))
p201673	-0.12839	-0.05591	-0.06829	-0.03073	0.20070	-0.02770	0.00276	-0.05475	-0.00582	0.13251	-0.03818	-0.00863	0.05843	-0.38519	0.11587	0.02742	0.01616	-0.01493	-0.02045	0.00704	0.26868	-0.16761	-0.29343	-0.04273	0.04743	-0.04127	-0.19334	0.26726	0.09440	-0.00367	-0.07364	0.10225	(And (Agent $e0 $x0) (Patient $e1 $x1) (Theme $e0 $e1))
p201674	0.05678	-0.02398	0.03807	-0.05832	0.09331	0.05778	0.05906	0.01983	0.01398	-0.08464	-0.01079	0.05074	0.00150	0.04077	0.03070	-0.07222	0.11391	-0.00215	0.01159	-0.03730	0.07110	-0.02705	0.08367	-0.10072	0.01363	-0.01195	0.14036	-0.13251	0.04234	0.05101	0.01334	0.01666	(And (Cardinality $x0 <num>) (Past $e0) (Patient $e0 $x0))
p201676	-0.11156	0.11729	-0.11316	-0.07203	-0.02687	0.00714	-0.06232	0.01218	0.02044	-0.05783	0.04511	-0.09339	0.04370	0.01478	-0.04916	-0.02363	0.15265	0.06542	-0.09459	0.04671	-0.05888	0.05022	0.04970	-0.04517	0.10152	-0.05328	-0.09740	-0.04796	-0.07622	0.01697	0.03469	0.15220	(And (Experiencer $e0 $x0) (Member $e1 become) (Result $e1 $e0))
p201677	-0.10677	0.02895	0.00188	0.00742	-0.02098	0.00863	0.04870	-0.00088	-0.04551	-0.02762	0.02729	-0.01704	-0.03905	-0.02369	0.01082	-0.04043	0.00968	-0.00616	0.00357	-0.07147	-0.02321	-0.02495	0.03326	-0.01152	-0.03430	-0.00596	-0.04423	-0.03229	0.06535	0.01986	-0.02197	-0.02348	(And (Member $x0 thing) (Past $e0) (Theme $e0 $x0))
p201679	0.06611	0.14066	-0.09570	0.19153	0.42850	-0.00487	-0.02478	-0.05898	-0.01132	0.00081	0.10369	-0.04840	-0.06931	0.16208	-0.07218	0.07602	-0.01947	0.11717	0.21583	0.04675	-0.06003	0.02970	-0.12718	0.03413	0.15061	0.09903	0.03699	-0.12284	0.07932	0.16314	0.05092	-0.03459	(And (Past $e0) (Possession $x0 $x1) (Theme $e0 $x0))
p201767	-0.06309	-0.11424	0.00460	-0.17826	0.27025	0.09105	0.02615	-0.10423	-0.06719	0.07163	-0.03275	0.15872	0.09084	-0.21721	0.20002	-0.14148	0.06423	-0.01199	-0.02306	-0.07401	0.24761	-0.20799	-0.13141	-0.19244	0.06694	-0.05967	0.03885	0.11509	0.13611	0.07079	-0.08230	0.15783	(And (Agent $e0 $x0) (Location $e0 $x1) (Patient $e0 $x2))
p201768	-0.04076	-0.03046	-0.01377	0.03450	0.04066	-0.00847	0.02508	-0.04672	-0.00831	-0.00743	0.04031	0.00119	-0.05200	0.04531	-0.05510	-0.05174	0.02884	0.06570	-0.00948	0.10256	-0.01298	-0.03502	-0.03491	0.06598	-0.02581	-0.09345	-0.02642	-0.01411	0.07397	-0.01876	-0.05486	-0.04626	(And (Agent $e0 $x0) (Member $e0 make) (Patient $e0 $x1))
p201769	0.02827	-0.00586	0.01108	0.00341	-0.00208	-0.02483	0.03944	-0.01099	0.01763	0.00241	-0.02884	0.01146	-0.02728	0.00480	0.00142	0.00676	-0.03160	-0.01757	0.00373	-0.02123	0.01737	0.04771	-0.01410	0.01230	0.02662	-0.00212	-0.00183	0.00755	-0.03288	-0.00024	-0.01640	0.04100	(And (Manner $e0 quickly) (Past $e0) (Patient $e0 $x0))
p201770	-0.08182	0.11542	-0.11153	-0.05817	-0.02825	0.01257	-0.04537	-0.00222	0.01590	-0.06887	0.05870	-0.10306	0.07341	-0.00569	-0.01655	-0.02936	0.14965	0.04507	-0.09009	0.03224	-0.06528	0.05437	0.06473	-0.04438	0.11051	-0.03777	-0.10344	-0.03261	-0.10050	0.01547	0.03315	0.15704	(And (Member $e0 become) (Past $e0) (Patient $e0 $x0))
p201771	-0.11157	0.11729	-0.11316	-0.07203	-0.02687	0.00714	-0.06232	0.01218	0.02044	-0.05783	0.04511	-0.09339	0.04370	0.01478	-0.04916	-0.02363	0.15265	0.06542	-0.09459	0.04671	-0.05888	0.05022	0.04970	-0.04517	0.10152	-0.05328	-0.09740	-0.04796	-0.07622	0.01697	0.03469	0.15220	(And (Member $e0 become) (Patient $e0 $x0) (Result $e0 $e1))
p201772	0.13727	-0.07393	-0.00684	-0.15415	0.07126	0.15974	0.12819	0.04137	-0.07627	-0.18534	0.05113	0.09483	-0.01738	0.05806	0.22340	-0.16897	0.16276	0.06338	-0.01139	-0.07869	0.17200	-0.08549	0.21808	-0.26453	-0.01305	-0.06127	0.24462	-0.27641	0.08961	0.12781	0.00544	0.10423	(And (Member $e0 kill) (Past $e0) (Patient $e0 $x0))
p201773	0.07030	-0.04508	0.06985	-0.01510	-0.02102	0.00211	0.09027	-0.04534	0.02025	0.03863	-0.07100	-0.09159	-0.00803	-0.03407	0.00116	0.07679	-0.08971	-0.02881	0.07233	-0.10439	-0.00815	0.02350	-0.01458	-0.03255	0.09886	0.03240	-0.01931	0.03206	-0.10018	0.00184	-0.01165	-0.04715	(And (Member $e0 produce) (Past $e0) (Patient $e0 $x0))
p201774	0.04340	-0.01314	0.04425	-0.01772	-0.04671	-0.04142	-0.01098	0.03509	0.00167	0.04258	0.02277	0.01614	-0.00240	-0.09769	-0.02350	-0.01610	-0.04272	0.00460	0.07061	-0.08273	0.06133	0.01205	0.03448	0.07828	0.00434	-0.05868	0.04015	-0.00689	-0.06690	0.02369	0.02227	-0.03651	(And (Member $e0 write) (Past $e0) (Patient $e0 $x0))
p201812	-0.00870	-0.00490	-0.01529	-0.03753	-0.00729	0.03030	0.02458	-0.00469	0.02029	0.03738	0.02708	0.00560	0.00229	-0.01103	-0.00839	0.00839	0.00016	-0.04119	0.00041	0.03190	-0.02217	0.00342	0.01167	0.02942	-0.00127	-0.01856	0.01661	-0.05023	0.01255	0.02255	-0.03163	-0.02015	(And (Agent $e0 $x0) (Can $e0))
p201813	0.00413	0.07444	0.08741	-0.00987	0.05042	-0.06348	-0.00669	0.06849	0.10261	-0.09822	-0.09649	-0.11458	-0.04867	-0.09917	-0.06673	-0.12276	0.24824	-0.08086	0.05836	0.00413	0.04295	-0.05185	0.06861	0.11230	-0.05729	0.05343	-0.03344	0.08089	0.03053	-0.05633	0.04821	-0.03661	(And (Cardinality $x0 <num>) (GroupOf $x0 child))
p201814	0.05678	-0.02398	0.03807	-0.05832	0.09331	0.05778	0.05906	0.01983	0.01398	-0.08464	-0.01079	0.05074	0.00150	0.04077	0.03070	-0.07222	0.11391	-0.00215	0.01159	-0.03730	0.07110	-0.02705	0.08367	-0.10072	0.01363	-0.01195	0.14036	-0.13251	0.04234	0.05101	0.01334	0.01666	(And (Cardinality $x0 <num>) (Patient $e0 $x0))
p201815	0.00098	0.05215	-0.06178	-0.02088	-0.05048	0.02442	-0.04380	0.01662	-0.07367	-0.07890	-0.03195	-0.02505	0.05252	-0.05394	0.09025	-0.02067	0.10105	0.02856	0.01460	0.06512	-0.06936	0.03850	0.08557	-0.00025	0.00743	0.04693	-0.05947	-0.05521	-0.05827	0.03169	0.00301	0.08089	(And (Experiencer $e0 $x0) (GroupOf $x0 person))
p201816	0.08312	-0.08765	-0.06954	0.11174	-0.09171	-0.03343	0.04383	-0.12506	-0.09470	0.21379	-0.00096	-0.02375	-0.03868	0.02898	-0.12084	-0.06055	0.15526	0.07492	-0.08086	0.02390	-0.08628	0.06254	0.12932	0.01834	0.13902	0.06684	0.14126	0.17508	0.02343	0.00313	-0.03458	-0.06060	(And (For $e0 $e1) (Past $e0))
p201817	-0.00670	-0.02567	0.01255	0.00661	-0.00012	0.00133	-0.00426	-0.01956	-0.00359	0.01208	0.02388	0.01356	0.03946	-0.00539	-0.01344	-0.00846	-0.00096	0.00906	0.00102	0.02226	-0.00246	-0.00046	0.00832	-0.01160	-0.01349	0.00387	-0.01234	-0.01001	0.02168	-0.01814	0.00642	0.00094	(And (For $e0 $x0) (Past $e0))
p201818	0.03623	0.02463	-0.01012	0.02060	-0.00662	-0.01744	0.06020	-0.01070	0.04082	0.02531	-0.04017	0.03349	-0.05880	-0.01488	-0.01085	-0.00260	-0.03310	-0.02298	0.00574	-0.00272	0.05713	0.07982	-0.01283	0.00028	0.01334	-0.00005	-0.00382	-0.00659	-0.00528	-0.00777	-0.01829	0.09633	(And (Goal $e0 $x0) (Patient $e0 $x1))
p201820	0.01453	0.01850	0.02659	0.03702	0.00270	-0.03198	0.03756	-0.04328	0.02376	-0.01024	-0.03056	0.02573	-0.03787	-0.00872	-0.01226	-0.02340	-0.01675	0.00767	-0.00119	0.00206	0.04932	0.04498	-0.00755	0.06074	-0.00817	0.02423	-0.00892	0.01433	-0.00543	-0.01573	0.01295	0.10490	(And (Member $e0 come) (Past $e0))
p201821	0.00644	0.00647	0.00366	0.01025	0.02589	-0.00787	-0.00633	-0.00655	0.03275	-0.01236	-0.02311	-0.00130	0.00918	0.00069	-0.02301	0.00876	0.01346	0.00164	0.02817	-0.01075	-0.01659	0.01026	-0.00361	-0.00088	0.02287	0.00022	0.00732	-0.00428	-0.00835	-0.00293	0.00699	-0.00815	(And (Member $e0 fall) (Patient $e0 $x0))
p201822	-0.04087	0.05418	0.07615	0.04489	-0.03177	-0.05366	0.01280	0.02233	-0.09734	-0.01175	-0.00183	0.03789	-0.04043	-0.04553	0.00030	-0.01122	0.00496	0.00285	-0.01202	-0.07205	-0.00986	0.00801	0.05251	0.06497	0.06335	0.03385	-0.07050	-0.03641	-0.05521	-0.02901	-0.00920	-0.00444	(And (Member $e0 find) (Theme $e0 $x0))
p201823	-0.03600	-0.00680	0.04783	0.00318	-0.00532	0.00892	0.01566	-0.01072	-0.00431	0.05720	0.03493	0.02299	0.04153	0.01899	-0.00084	0.00403	-0.00563	0.00603	-0.02842	0.01829	-0.02154	-0.00560	-0.02342	-0.02099	-0.02348	-0.00929	-0.00797	0.01514	0.01582	0.00800	0.01129	-0.02144	(And (Member $e0 hear) (Stimulus $e0 $x0))
p201824	0.13727	-0.07393	-0.00684	-0.15415	0.07126	0.15974	0.12819	0.04137	-0.07627	-0.18534	0.05113	0.09483	-0.01738	0.05806	0.22340	-0.16897	0.16276	0.06338	-0.01139	-0.07869	0.17200	-0.08549	0.21808	-0.26453	-0.01305	-0.06127	0.24462	-0.27641	0.08961	0.12781	0.00544	0.10423	(And (Member $e0 kill) (Past $e0))
p201825	-0.01909	-0.01900	0.01202	0.00858	0.00327	0.00032	-0.02242	-0.04562	0.00390	0.00333	0.05825	0.02517	-0.03084	0.04447	-0.03691	-0.02373	0.02363	0.03530	0.00272	0.04415	0.00116	0.00452	0.00057	0.01790	0.00021	-0.07069	-0.01425	-0.05536	0.06939	-0.08400	-0.00688	-0.03650	(And (Member $e0 make) (Ongoing $e0))
p201826	-0.07145	-0.01981	0.00955	-0.05649	0.00459	-0.00104	-0.03139	-0.04518	0.03598	0.00567	0.06958	0.00605	-0.02321	0.03453	-0.05242	-0.01840	0.00241	0.05430	-0.03277	0.03505	-0.01254	0.00933	0.01084	0.01027	0.02154	-0.08317	-0.00526	-0.04404	0.05960	-0.03063	0.00572	-0.02132	(And (Member $e0 make) (Result $e0 $e1))
p201827	0.01119	0.00045	-0.02261	0.01940	-0.00349	-0.00715	0.00296	0.01357	0.02147	-0.00474	-0.02460	-0.00895	0.00677	0.00337	-0.00870	0.00853	0.00473	-0.01378	0.00817	0.00653	-0.01479	0.00343	-0.01343	-0.01106	0.00427	-0.01524	-0.01009	0.00618	0.00560	0.00615	-0.02568	-0.00401	(And (Member $e0 open) (Patient $e0 $x0))
p201828	0.07027	-0.04512	0.06983	-0.01515	-0.02106	0.00209	0.09025	-0.04536	0.02021	0.03860	-0.07105	-0.09164	-0.00807	-0.03407	0.00114	0.07676	-0.08973	-0.02885	0.07230	-0.10443	-0.00817	0.02346	-0.01460	-0.03259	0.09883	0.03235	-0.01934	0.03203	-0.10020	0.00178	-0.01168	-0.04717	(And (Member $e0 produce) (Past $e0))
p201829	-0.07148	-0.03259	0.01634	-0.02932	0.05824	-0.02847	0.06653	0.11762	0.04743	0.03332	0.04775	0.01510	0.03110	-0.11089	0.04796	-0.03574	0.00245	0.07166	0.02663	0.00380	-0.05278	-0.03800	-0.07027	-0.05846	-0.03763	0.02786	-0.08834	0.08144	0.04244	0.04985	-0.03006	-0.00293	(And (Member $e0 take) (Past $e0))
p201830	-0.00759	0.00895	0.02843	0.01216	-0.01563	-0.01323	0.05666	0.01544	0.07091	0.00553	0.03625	0.05369	-0.03767	0.03117	0.01414	-0.01193	-0.03462	0.01177	0.02605	-0.00980	0.00876	0.07698	-0.04741	0.03401	0.02309	0.02426	-0.00337	0.05575	0.02199	-0.01338	0.02504	0.06289	(And (Member $e0 walk) (Past $e0))
p201831	0.04340	-0.01314	0.04425	-0.01771	-0.04671	-0.04142	-0.01098	0.03509	0.00167	0.04258	0.02277	0.01614	-0.00240	-0.09769	-0.02350	-0.01609	-0.04272	0.00460	0.07061	-0.08273	0.06133	0.01205	0.03449	0.07828	0.00434	-0.05868	0.04015	-0.00689	-0.06690	0.02369	0.02227	-0.03651	(And (Member $e0 write) (Past $e0))
p201832	-0.05595	-0.01053	0.16566	0.05516	-0.09607	-0.04216	-0.09084	-0.15930	0.08141	0.07071	-0.01762	0.11194	-0.07208	-0.07603	0.14348	0.18495	-0.15534	0.08767	0.02389	0.00304	-0.01005	-0.05714	0.20917	0.02954	0.09538	-0.03624	0.16571	-0.20950	0.18239	-0.09808	0.07940	-0.09850	(And (Ongoing $e0) (Result $e0 $e1))
p201833	0.00647	0.00670	0.03717	-0.06063	-0.02329	0.02466	0.00434	-0.02968	0.00379	0.02355	0.02418	-0.02481	-0.01839	-0.00950	0.02431	0.01153	-0.03998	-0.00336	-0.03266	-0.01403	0.00748	0.00390	-0.01582	0.00585	0.00041	-0.02471	0.02133	-0.01844	-0.00783	-0.02086	-0.00747	-0.01699	(And (PartOf $x0 $x1) (Theme $e0 $x0))
p201834	0.01438	0.00996	0.02895	0.01981	-0.02788	0.04325	0.00898	-0.03864	-0.01313	0.02148	-0.00044	-0.02225	0.03060	0.01717	-0.01464	-0.00267	-0.01018	0.01878	0.00286	0.01456	-0.01439	-0.02803	-0.01088	-0.00270	-0.00206	0.01414	-0.02050	0.00232	-0.01002	-0.03424	0.01522	0.02085	(And (Past $e0) (Through $e0 $x0))
p201867	-0.01833	-0.00004	-0.00916	0.01702	0.07140	-0.01941	0.02242	-0.01453	-0.02540	0.01138	0.01979	0.00067	-0.00268	0.03331	-0.02164	0.00274	-0.00363	-0.00146	-0.00110	0.00517	-0.02990	0.00680	0.01505	-0.01821	0.00290	-0.00667	-0.04223	-0.02168	0.01948	0.00341	0.00808	-0.00864	(As $e0 $x0)
p201868	-0.00519	-0.01637	0.03613	-0.00447	-0.00456	-0.01356	0.00052	0.00174	-0.02340	0.01899	-0.02572	0.02844	-0.00549	-0.00277	-0.00292	-0.00679	-0.01872	0.00095	0.00071	0.03243	-0.00272	0.03013	0.00125	0.00832	-0.00246	0.01810	-0.00985	-0.01571	0.01705	-0.00365	-0.00811	0.00224	(But $e0 $e1)
p201869	-0.01051	-0.00028	-0.01391	0.00160	-0.01644	0.00203	-0.00206	0.02280	0.01194	-0.01586	-0.00343	-0.01860	0.00257	-0.01548	0.00027	0.02459	0.00121	0.00049	-0.01205	-0.02917	0.01757	-0.01267	-0.01611	-0.01186	-0.00437	0.00792	0.02532	0.00468	0.00592	0.00770	0.00768	-0.00835	(From $x0 $x1)
p201870	0.04979	0.03812	-0.02427	0.03496	0.00805	-0.01624	0.00124	-0.02121	-0.03503	-0.01033	0.05554	-0.02280	0.05430	-0.09386	0.17601	0.00926	-0.02698	-0.02733	0.04922	0.04198	-0.04864	0.00231	0.08912	0.04480	0.03392	0.03775	-0.05086	-0.04306	-0.02970	0.04235	0.01530	0.04226	(Measure $e0 duration <num> year)
p201871	-0.01126	0.01384	-0.01415	-0.00697	-0.03365	0.00077	0.00088	0.03607	-0.01784	0.01443	0.03109	0.01462	-0.00445	-0.02871	-0.00416	-0.00627	0.02892	-0.00643	-0.00790	0.01895	0.00946	0.00686	0.01996	0.02272	-0.02987	-0.03362	-0.00872	-0.05218	0.00811	0.01578	-0.03519	-0.01500	(Member $e0 help)
p201872	0.02378	-0.04928	-0.03766	-0.13331	0.05560	-0.19183	0.08568	0.00669	-0.05483	0.16344	-0.13927	-0.10523	-0.06608	0.22435	-0.10626	0.07132	-0.02495	-0.18534	-0.17894	-0.06867	-0.05621	-0.08060	0.10002	-0.18327	-0.04348	-0.14082	-0.07551	-0.07491	0.01390	-0.17677	0.01627	0.04158	(Member $e0 sing)
p201873	-0.03896	-0.00219	0.01590	-0.05297	-0.00853	-0.01695	-0.00307	-0.01979	0.05209	0.02554	-0.03137	0.01210	-0.02048	0.01189	-0.04102	0.03172	-0.03941	0.03541	-0.00425	-0.01577	-0.00771	0.04143	-0.00936	-0.02121	0.03567	-0.01685	0.02125	-0.01516	-0.00231	0.00465	0.01066	0.03400	(Member $e0 turn)
p201874	-0.00906	-0.03069	0.02332	-0.00490	0.00601	-0.00398	-0.00239	-0.01289	-0.00268	0.01958	0.01005	0.00570	0.02836	-0.01867	-0.00479	-0.00494	-0.00234	-0.00117	-0.00360	0.02496	0.00456	0.00258	0.00799	-0.01233	-0.01855	0.00063	-0.00490	-0.00741	0.02396	-0.00299	0.00642	-0.01627	(Member $e0 want)
p201875	0.09108	-0.08117	-0.08282	0.09510	-0.11137	-0.01675	0.04355	-0.11658	-0.08147	0.19768	-0.00651	-0.03620	-0.04783	0.01619	-0.11943	-0.06039	0.15747	0.08237	-0.05942	0.00872	-0.08056	0.05188	0.14727	0.00681	0.12522	0.07422	0.14277	0.15891	0.02890	-0.00912	-0.03846	-0.05485	(Member $e0 win)
p201876	-0.08689	0.05115	-0.02649	-0.03329	-0.02081	-0.04007	-0.04746	-0.04398	0.04985	-0.00785	0.03597	-0.01245	0.01762	0.02088	-0.01968	0.03643	0.01458	0.06068	-0.07018	0.02406	-0.00721	0.00242	0.04844	-0.03187	0.07644	-0.05526	-0.01935	-0.02892	0.00090	-0.02113	0.02286	0.06271	(Member $x0 bad)
p201877	0.00491	-0.00172	-0.00246	-0.00410	-0.00765	-0.00644	-0.00782	0.00587	0.00173	-0.00361	0.00238	0.00367	0.00046	0.01219	-0.00276	0.00749	-0.01173	0.00272	0.00014	0.00458	0.00748	-0.00647	0.01061	-0.01265	0.00201	0.00051	-0.01610	0.01071	0.00649	0.00573	-0.01362	0.00012	(Member $x0 food)
p201878	0.00667	0.00420	0.00700	-0.00077	0.00128	0.00806	-0.00091	0.00076	-0.00634	0.00884	0.00223	-0.00472	-0.00939	-0.00097	0.00077	-0.00498	-0.00432	0.00294	-0.01028	0.00655	0.00245	-0.00517	-0.01050	0.00596	0.00325	-0.00731	-0.00562	0.00351	-0.00671	0.00064	-0.00351	-0.00210	(Member $x0 park)
p201879	0.01691	0.04511	0.02313	0.01705	-0.02515	-0.00289	0.03000	-0.01213	0.01345	0.01292	-0.01715	0.00733	-0.00334	0.03524	-0.02953	0.00658	-0.02627	0.00385	0.00320	0.03144	0.05606	0.00227	-0.00479	0.00379	0.00239	0.02244	-0.01891	0.03887	-0.00927	-0.01040	-0.00137	0.05299	(Member $x0 town)
p201880	0.01099	-0.00065	0.01079	0.00247	-0.01238	0.02456	0.00234	0.01283	0.00367	0.00473	-0.00519	-0.01071	0.00186	0.01318	-0.00650	0.00158	-0.00606	-0.00392	-0.00100	0.00582	-0.01089	-0.00915	-0.00946	-0.01008	0.02162	0.00749	-0.00811	-0.00063	0.00264	-0.00806	-0.00111	-0.00113	(Member $x0 water)
p201881	0.01438	0.00996	0.02895	0.01981	-0.02788	0.04325	0.00898	-0.03864	-0.01313	0.02148	-0.00044	-0.02225	0.03060	0.01717	-0.01464	-0.00267	-0.01018	0.01878	0.00286	0.01456	-0.01439	-0.02803	-0.01088	-0.00270	-0.00206	0.01414	-0.02050	0.00232	-0.01002	-0.03424	0.01522	0.02085	(Through $e0 $x0)
p201882	0.00555	-0.01076	-0.00792	-0.03444	-0.02025	-0.01825	0.00474	0.02214	-0.07029	0.01902	-0.12850	0.01097	-0.01241	-0.01160	-0.00364	-0.01247	-0.01625	0.02699	0.05557	0.03402	-0.01248	0.00349	-0.02781	-0.02356	-0.05917	0.04986	0.01572	-0.00382	-0.01960	-0.00655	-0.02359	0.00015	(Time $e0 today)
p201891	0.17362	0.07392	-0.08936	-0.10977	0.18604	-0.08876	0.14767	0.12045	-0.08620	-0.00090	-0.23046	0.05800	0.00469	0.07239	-0.16489	0.09134	-0.08192	-0.04328	-0.24898	-0.11813	-0.14611	0.05017	0.20755	-0.12807	-0.06838	-0.20944	-0.25252	0.24329	0.04720	-0.19286	0.18916	-0.09196	(And (Agent $e0 $x0) (Member $x1 person) (Past $e0) (Possession $x0 $x1))
p201892	-0.13482	-0.04769	-0.05726	-0.04166	0.18629	-0.02683	-0.01879	-0.06889	-0.00572	0.14152	-0.04925	0.01715	0.07641	-0.37457	0.11652	0.00432	0.00835	-0.03329	-0.02515	-0.00737	0.25307	-0.15842	-0.28264	-0.03417	0.03249	-0.03957	-0.17421	0.27924	0.09084	-0.00063	-0.07292	0.11639	(And (Agent $e0 $x0) (Past $e0) (Patient $e1 $x1) (Theme $e0 $e1))
p201893	-0.10985	-0.00686	0.00778	-0.07065	0.17826	-0.04036	-0.05231	-0.14460	-0.03063	0.18472	-0.04688	0.06491	0.09254	-0.17409	0.26368	-0.00113	0.00480	-0.09585	-0.04720	-0.02433	0.04594	-0.10849	-0.29748	-0.03828	-0.01583	-0.07658	-0.15010	0.31733	0.02660	-0.01356	-0.07884	0.11659	(And (Ongoing $e0) (Past $e1) (Patient $e0 $x0) (Theme $e1 $e0))
p202010	-0.15851	-0.05584	-0.05645	0.08449	0.12357	0.04947	-0.11789	0.12858	0.09180	0.13766	-0.06731	-0.09443	-0.00533	0.09518	0.15469	-0.06798	-0.05622	0.07286	-0.12031	-0.02989	0.20908	0.14695	0.13094	0.02984	-0.04328	0.24713	-0.11695	-0.20930	-0.11532	-0.15911	-0.05552	-0.13806	(And (Agent $e0 $x0) (Member $x0 company) (Patient $e0 $x1))
p202011	0.17362	0.07392	-0.08936	-0.10977	0.18604	-0.08876	0.14767	0.12045	-0.08620	-0.00090	-0.23046	0.05800	0.00469	0.07239	-0.16489	0.09134	-0.08192	-0.04328	-0.24898	-0.11813	-0.14611	0.05017	0.20755	-0.12807	-0.06838	-0.20944	-0.25252	0.24329	0.04720	-0.19286	0.18916	-0.09196	(And (Agent $e0 $x0) (Past $e0) (Possession $x0 $x1))
p202013	-0.00179	0.04960	0.06985	-0.02003	0.02163	-0.03545	-0.00847	0.02923	0.10891	-0.07519	-0.06827	-0.10428	-0.03408	-0.01829	-0.05902	-0.04008	0.14790	-0.05565	0.05223	0.00513	0.03146	-0.06513	0.07014	0.04393	-0.04491	0.04911	-0.02889	0.06028	0.06808	-0.02000	0.01618	-0.04051	(And (Cardinality $x0 <num>) (Past $e0) (Theme $e0 $x0))
p202014	0.08807	0.01547	-0.04672	-0.06236	-0.01113	0.10996	0.04381	0.02419	-0.05193	-0.14265	0.02300	0.02741	0.05786	-0.02096	0.17372	-0.08190	0.14915	0.01276	0.00002	-0.00928	0.02510	-0.00761	0.17997	-0.12968	0.02668	-0.00387	0.07371	-0.16129	-0.00121	0.08069	-0.00092	0.10686	(And (GroupOf $x0 person) (Past $e0) (Patient $e0 $x0))
p202015	-0.01767	-0.00733	0.01515	-0.03975	-0.00324	-0.02522	-0.00460	0.00470	0.02578	0.01042	0.00220	-0.00325	-0.02640	-0.01437	-0.02733	-0.01329	-0.02608	0.02923	0.01294	-0.02436	0.01698	0.01703	-0.01312	0.03018	0.01594	-0.03812	0.00579	0.00535	-0.02154	0.01527	0.01131	0.01276	(And (Member $x0 door) (Past $e0) (Patient $e0 $x0))
p202016	-0.12142	0.04250	-0.05039	0.04952	-0.06575	0.07609	0.10187	0.00362	0.04693	0.02231	-0.02932	0.00402	0.05506	0.01882	-0.09652	-0.00728	0.01823	-0.07843	0.05750	-0.07272	-0.02635	-0.01529	0.03004	-0.05973	-0.01127	0.00279	0.00837	-0.04398	0.05526	0.04001	-0.04171	-0.04350	(And (Member $x0 thing) (Past $e0) (Patient $e0 $x0))
p202114	-0.17488	-0.02794	-0.06588	0.06866	0.08979	0.08564	-0.15075	0.15042	0.11438	0.19017	-0.05384	-0.03586	0.02995	0.10177	0.11643	-0.12686	-0.05725	0.04601	-0.10371	-0.01313	0.18990	0.15881	0.13396	0.06750	-0.09002	0.21294	-0.07016	-0.21988	-0.08718	-0.12877	-0.08127	-0.14041	(And (Agent $e0 $x0) (Member $e0 build) (Past $e0) (Patient $e0 $x1))
p202136	-0.11227	-0.06216	-0.01730	-0.11241	0.17198	-0.02118	-0.03152	0.00185	-0.02644	0.20478	-0.04531	0.06782	0.08817	-0.39396	0.09988	0.00016	-0.01633	-0.05532	0.02202	-0.03861	0.18185	-0.14351	-0.24054	-0.05167	0.10024	0.00603	-0.19165	0.22554	0.03711	-0.01214	-0.09336	0.09184	(And (Agent $e0 $x0) (Location $e0 $x1) (Theme $e1 $e0))
p202137	-0.17488	-0.02794	-0.06588	0.06866	0.08979	0.08564	-0.15075	0.15042	0.11438	0.19017	-0.05384	-0.03586	0.02995	0.10177	0.11643	-0.12686	-0.05725	0.04601	-0.10371	-0.01313	0.18990	0.15881	0.13396	0.06750	-0.09002	0.21294	-0.07016	-0.21988	-0.08718	-0.12877	-0.08127	-0.14041	(And (Agent $e0 $x0) (Member $e0 build) (Past $e0))
p202139	-0.08474	0.12261	-0.16854	-0.05677	-0.07462	-0.09427	0.13064	0.08897	0.04130	-0.18026	0.13211	-0.17478	-0.02657	0.15948	0.18205	-0.13127	-0.08536	-0.16580	-0.01574	0.01172	0.17497	0.05354	-0.25092	0.17173	0.01604	-0.14290	0.24657	0.25868	0.02946	0.01279	0.09690	-0.10620	(And (Experiencer $e0 $x0) (Location $e0 $x1) (Ongoing $e0))
p202140	-0.09955	0.10510	-0.15759	-0.04793	-0.05281	-0.09220	0.12570	0.06506	0.02118	-0.16841	0.12854	-0.14631	0.00401	0.16188	0.18085	-0.11923	-0.10631	-0.16172	-0.03336	0.04776	0.15989	0.05672	-0.25702	0.17670	0.01560	-0.14085	0.23428	0.26730	0.04470	0.04764	0.07658	-0.11334	(And (Experiencer $e0 $x0) (Location $e0 $x1) (Past $e0))
p202141	0.00194	0.00720	0.03175	-0.00133	-0.00439	-0.01987	-0.03333	0.03351	-0.03167	-0.01783	-0.00782	-0.00681	-0.06412	0.04120	0.01101	-0.01221	-0.00823	-0.02029	-0.02295	-0.01357	-0.03722	0.02877	-0.01273	0.04680	0.06459	0.00677	-0.02056	-0.00278	0.02554	0.00718	-0.03503	-0.02619	(And (Location $e0 $x0) (Past $e0) (Theme $e0 $x1))
p202142	-0.10207	0.10144	-0.09268	-0.07530	-0.01815	0.00971	-0.05212	-0.00448	0.01672	-0.05219	0.06312	-0.09316	0.04976	0.00976	-0.03360	-0.03107	0.13290	0.05631	-0.09690	0.03285	-0.05414	0.04810	0.04404	-0.04287	0.09463	-0.04783	-0.09669	-0.03494	-0.07136	0.01152	0.03480	0.14079	(And (Member $e0 become) (Past $e0) (Result $e0 $e1))
p202143	-0.03089	-0.00361	0.03285	0.00951	-0.00141	0.01765	0.01049	-0.01675	-0.00442	0.03728	0.02507	0.01388	0.03749	0.00733	-0.01295	-0.00096	-0.01087	-0.00206	-0.02409	0.02237	-0.00357	-0.00954	-0.00974	-0.01385	-0.01077	-0.00731	-0.00255	-0.00421	0.02243	0.00501	0.00548	-0.01718	(And (Member $e0 hear) (Past $e0) (Stimulus $e0 $x0))
p202144	0.02148	0.00179	0.01357	0.01834	0.03785	-0.01132	-0.00766	-0.00064	0.02481	-0.00703	-0.00734	0.00540	0.00833	-0.01687	-0.02925	0.00169	0.00113	0.00204	0.05259	-0.03048	0.00672	0.00914	-0.00253	0.03104	0.02013	0.00226	0.02263	-0.00114	-0.01791	0.01920	0.01818	-0.02427	(And (Past $e0) (Patient $e0 $x0) (Source $e0 $x1))
p202190	0.06638	0.04361	-0.06452	-0.00714	-0.03317	0.04685	0.03944	-0.03592	-0.03404	-0.09287	0.06507	-0.12449	0.01971	-0.13405	0.32847	0.06171	-0.02900	-0.04296	0.03190	0.08918	-0.10387	0.00952	0.15755	0.09081	0.09297	0.06037	-0.10021	-0.07860	-0.03968	0.09230	0.00943	0.04065	(And (Agent $e0 $x0) (Before $e1 $e0))
p202191	0.01194	0.01626	0.02343	0.02940	-0.00407	-0.02844	0.04132	-0.04289	0.02085	-0.00967	-0.02903	0.02075	-0.04665	-0.00254	-0.00808	-0.02337	-0.01551	0.00536	-0.00768	0.00684	0.04499	0.04139	-0.00511	0.06303	-0.01017	0.02246	-0.00930	0.01053	-0.00501	-0.01714	0.00820	0.10572	(And (Agent $e0 $x0) (Member $e0 come))
p202192	0.01050	0.01737	-0.02107	0.00763	0.03168	0.00375	0.00381	-0.02032	0.00133	-0.00526	0.02341	-0.00388	0.02408	0.01655	-0.00930	0.02653	-0.00969	0.02528	0.00084	0.00009	-0.00627	0.00613	-0.04166	-0.01013	0.01142	0.02104	0.05547	-0.02402	-0.00246	-0.00988	-0.01320	-0.00561	(And (Agent $e0 $x0) (Member $e0 follow))
p202193	0.00649	-0.00713	0.01322	-0.03491	-0.01136	0.01775	0.02716	-0.03140	-0.00384	0.02974	0.01853	-0.00237	0.00517	0.00161	0.00632	0.02174	-0.02025	-0.01231	-0.02890	0.02231	-0.00570	0.00699	-0.01097	0.01397	0.00141	-0.01069	0.02050	-0.02563	-0.02310	-0.00698	-0.02464	-0.01311	(And (Agent $e0 $x0) (Member $e0 use))
p202194	0.02248	0.02240	-0.04349	0.10913	-0.03612	-0.01414	0.07287	0.06804	0.00416	-0.04760	-0.00524	-0.08730	-0.09246	-0.13865	-0.06245	0.06969	0.02825	0.12999	-0.04229	0.06201	0.25699	-0.06286	-0.10676	0.00480	-0.01906	-0.04397	-0.01939	-0.02143	0.07740	-0.03855	-0.01211	0.05453	(And (Agent $e0 $x0) (Member $x0 man))
p202195	0.02286	0.00894	-0.00925	0.01369	-0.00623	0.04453	-0.06858	-0.02989	0.00517	-0.04254	-0.01018	0.01435	-0.01590	0.06919	-0.02486	0.03482	0.00111	-0.00598	0.06029	-0.05593	-0.02526	0.02987	-0.00813	0.07090	0.00848	0.01478	0.05822	-0.01326	0.00097	0.03099	0.03030	-0.02159	(And (Agent $e0 $x0) (Source $e0 $x1))
p202196	-0.02155	0.00230	-0.00607	0.02279	0.07288	-0.01962	0.02168	-0.02062	-0.02779	0.00079	0.01493	0.00063	0.00200	0.03729	-0.01955	0.00175	-0.00138	0.00396	-0.00710	0.00447	-0.02886	0.00631	0.00819	-0.02194	0.00076	-0.00359	-0.04409	-0.01173	0.01853	-0.00129	0.00945	-0.00597	(And (As $e0 $x0) (Past $e0))
p202197	-0.00170	0.01951	-0.03747	0.00984	-0.01007	0.00632	-0.01302	0.02506	0.01461	-0.01408	-0.01737	-0.01113	-0.01849	0.01049	0.00112	-0.00119	0.02965	-0.00762	-0.00612	0.02532	-0.01625	-0.00161	-0.00068	-0.00669	-0.00220	-0.02920	-0.00911	-0.01925	0.02280	0.01161	-0.02294	0.00821	(And (Can $e0) (Patient $e0 $x0))
p202198	0.00571	0.01602	0.01211	-0.03200	0.01612	-0.01295	-0.00397	-0.00443	-0.00554	0.01768	0.01680	0.02285	0.00568	-0.01151	0.00003	-0.01539	0.02399	-0.02163	-0.01253	0.01477	-0.00932	0.02138	0.00846	0.02154	-0.01937	-0.01361	0.00982	-0.03976	-0.01525	-0.00548	-0.02881	-0.00258	(And (Can $e0) (Theme $e0 $x0))
p202199	-0.00469	0.01462	0.04426	0.00137	0.06027	-0.01833	0.00313	-0.00739	0.04887	-0.03159	-0.01244	-0.01314	0.00990	0.00303	-0.02161	-0.02696	0.06276	-0.03495	0.01405	-0.00389	-0.00932	0.00228	-0.00424	0.03505	-0.00197	0.01466	0.03075	0.00049	0.00892	-0.01257	0.02542	-0.02238	(And (Cardinality $x0 <num>) (SubsetOf $x0 $x1))
p202200	-0.01406	0.00269	-0.00800	-0.00221	-0.01679	-0.01526	0.02120	0.00968	-0.04191	-0.00482	-0.05942	0.00417	-0.01531	-0.00787	-0.00396	-0.01506	0.00189	0.01209	0.04515	-0.00932	0.00277	-0.00960	0.00627	-0.01397	-0.02466	0.03288	0.00827	-0.00989	-0.01449	-0.01891	0.01066	-0.00218	(And (Experiencer $e0 $x0) (Probably $e0))
p202201	0.01513	-0.00702	-0.02153	-0.00343	-0.03764	-0.02480	0.01378	0.05403	-0.06187	-0.00198	-0.05719	-0.01275	-0.02421	-0.02142	-0.01959	0.04485	0.05371	0.01683	0.02770	0.04052	0.06984	0.01283	-0.01983	-0.01342	-0.03689	0.00926	0.00060	-0.05762	-0.02565	-0.00992	-0.01101	-0.02648	(And (Experiencer $e0 $x0) (Theme $e0 $e1))
p202202	0.08602	-0.07659	-0.07200	0.10489	-0.09229	-0.03481	0.04323	-0.11879	-0.09629	0.20562	-0.00482	-0.02268	-0.04868	0.03217	-0.11463	-0.06212	0.15255	0.07544	-0.07926	0.01714	-0.08860	0.06353	0.12582	0.02424	0.13871	0.06602	0.13937	0.17550	0.00962	0.00225	-0.03986	-0.05408	(And (For $e0 $e1) (Theme $e0 $x0))
p202203	0.01797	0.01549	0.01013	0.00217	-0.00217	0.00271	0.05902	-0.02808	0.03730	0.04901	0.00285	0.06382	-0.03448	-0.02704	-0.01215	-0.01535	-0.03470	-0.01064	-0.01420	0.03191	0.06516	0.08312	-0.00102	0.00592	-0.01111	0.00199	0.01116	-0.02518	0.02649	-0.00760	-0.00773	0.08705	(And (Goal $e0 $x0) (Member $e0 go))
p202204	0.01996	0.04149	-0.01580	-0.00175	-0.02606	-0.00293	0.04265	-0.01124	0.03805	0.01278	-0.03674	0.02063	-0.06802	-0.01230	0.00231	-0.02313	-0.02948	-0.01555	-0.01484	-0.00998	0.04174	0.06886	-0.02856	0.01184	-0.01749	0.01610	0.01376	-0.00599	0.03075	-0.01472	-0.03053	0.12135	(And (Goal $e0 $x0) (Theme $e0 $x1))
p202205	0.00146	-0.01201	0.00439	0.00397	0.01699	-0.00733	0.00607	-0.01664	-0.03292	0.00063	-0.01837	0.00697	0.02466	-0.00208	-0.00152	-0.01687	-0.00421	0.01727	0.02333	0.03494	-0.00437	0.00121	-0.01299	0.01414	-0.02251	0.01057	-0.00120	0.00215	-0.00998	0.01062	-0.00338	-0.00426	(And (In $e0 $x0) (Past $e0))
p202206	0.01119	0.01145	0.03069	0.00874	-0.01420	0.02288	-0.00822	0.04608	0.00070	0.00391	-0.01371	-0.00584	-0.01092	-0.00553	-0.00161	0.00792	-0.01484	-0.00626	-0.01470	0.01599	-0.00904	-0.00601	-0.01520	0.01445	0.04230	0.01132	-0.02032	0.00756	0.00135	0.00403	-0.00450	-0.01079	(And (Location $e0 $x0) (Member $e0 live))
p202207	0.02602	-0.01881	-0.00100	-0.01028	-0.01086	0.00921	0.01201	0.02874	0.01188	0.01396	-0.01752	0.01385	0.02697	-0.03396	-0.02295	0.00721	-0.01165	-0.01265	0.04367	-0.02087	0.02099	0.02083	0.01523	-0.02533	0.02026	0.01024	0.01587	-0.01738	-0.00997	0.01524	-0.00279	-0.01647	(And (Member $e0 bear) (Past $e0))
p202208	0.00118	0.00448	-0.01187	-0.01666	-0.01866	0.00069	-0.02511	0.01907	0.00957	-0.01475	-0.01773	-0.03101	-0.00405	-0.01212	0.01523	0.00954	-0.01286	0.00412	-0.01468	-0.03802	-0.00828	-0.01177	-0.02920	-0.02180	-0.01639	0.00795	0.02656	0.01448	0.02826	-0.00452	-0.01144	-0.00065	(And (Member $e0 capture) (Past $e0))
p202209	0.01335	-0.00180	-0.00182	0.02066	-0.00409	-0.01071	-0.00240	-0.00208	-0.00362	-0.00820	-0.01323	-0.01250	-0.01166	-0.00175	0.00465	-0.00418	0.00093	0.00777	0.00463	0.00412	-0.00099	-0.01059	-0.01073	0.00112	-0.00763	-0.02373	-0.01353	0.00013	0.01215	-0.01190	-0.01707	-0.00563	(And (Member $e0 change) (Patient $e0 $x0))
p202210	0.00129	-0.00052	0.00837	-0.00053	0.02947	-0.00577	-0.00487	-0.01187	0.03192	-0.01244	-0.00897	-0.00039	0.01792	-0.00338	-0.02986	0.00638	0.00837	0.00364	0.03104	-0.01964	-0.00547	0.01400	-0.00238	-0.00030	0.02581	0.00475	0.01312	-0.00268	-0.01100	-0.00165	0.01879	-0.01300	(And (Member $e0 fall) (Past $e0))
p202211	-0.00241	0.00368	0.04969	0.00476	-0.00517	-0.01902	-0.01770	0.01736	-0.02408	-0.00261	-0.00551	0.02128	-0.03659	0.00652	0.00865	-0.00912	-0.01530	-0.01314	-0.01982	0.00011	-0.01668	0.03349	0.00335	0.03527	0.03543	0.00927	-0.03319	-0.01629	0.02430	-0.00413	-0.02160	-0.00220	(And (Member $e0 find) (Past $e0))
p202212	0.00630	-0.00467	0.01209	0.02930	-0.01181	-0.01707	0.01663	0.00745	0.01755	-0.01268	0.00569	-0.00972	-0.05826	-0.06169	0.00224	0.03523	-0.01699	0.03392	-0.00269	0.00494	0.09715	0.00421	0.00231	0.00765	0.00934	-0.01607	-0.00786	-0.03834	0.05238	-0.01092	0.00933	0.01015	(And (Member $e0 get) (Past $e0))
p202213	0.03241	0.02996	-0.02357	0.06730	0.16313	0.02021	-0.01583	-0.03207	-0.01628	-0.04751	0.03239	-0.02833	-0.06171	0.05841	-0.00925	0.01487	-0.00897	0.06469	0.06635	0.02816	-0.04869	0.03146	-0.05506	0.04492	0.07447	0.03953	-0.02785	-0.00722	0.05297	0.06223	0.00207	-0.04045	(And (Member $e0 receive) (Past $e0))
p202214	-0.03074	0.00420	0.01000	-0.04668	-0.00973	-0.01603	0.00028	-0.01401	0.04689	0.02078	-0.03991	0.01044	-0.02463	0.01103	-0.03731	0.02975	-0.03613	0.03210	0.00104	-0.01902	-0.00669	0.03803	-0.01237	-0.01846	0.03351	-0.01202	0.02216	-0.01136	-0.00887	0.00433	0.00734	0.03523	(And (Member $e0 turn) (Patient $e0 $x0))
p202215	0.00569	0.00477	0.00130	0.03145	-0.04064	-0.01824	-0.02422	0.03506	-0.03867	0.01464	0.00655	0.00177	0.03778	-0.00730	-0.03285	0.03860	0.02759	0.00458	0.00278	0.02839	0.04230	-0.00280	0.00043	0.00887	-0.01963	-0.01144	0.00251	-0.03601	-0.00619	0.00245	0.01606	-0.01459	(And (Member $e0 work) (Past $e0))
p202216	0.08629	-0.03486	-0.01780	-0.07971	0.01358	0.08504	0.05984	0.07712	-0.00002	-0.04914	-0.00681	0.06011	0.00576	-0.01979	0.01558	-0.05033	0.07392	0.02060	0.06318	-0.07786	0.10743	-0.00592	0.12327	-0.15252	0.03915	-0.01844	0.12451	-0.15720	0.01676	0.07225	0.00353	0.03355	(And (Member $x0 person) (Patient $e0 $x0))
p202217	0.09680	0.06291	0.00091	-0.02893	-0.01138	0.02652	-0.00065	0.16675	-0.04321	-0.01973	-0.05464	0.08784	0.00212	-0.15201	-0.04394	0.02555	-0.03344	0.04992	-0.01949	-0.05702	-0.01447	0.05567	0.07769	0.03705	0.01445	-0.03160	-0.11481	0.09199	0.00095	-0.01492	0.05786	-0.06528	(And (Member $x0 person) (Theme $e0 $x0))
p202218	-0.02367	0.01433	-0.00367	0.00708	-0.01479	0.02185	0.02186	-0.00608	-0.00108	0.00540	0.00858	0.02860	-0.00519	-0.00681	-0.01491	-0.02279	0.00054	-0.01107	0.00470	-0.00090	-0.00394	0.02407	0.01713	0.00150	-0.01914	-0.01314	-0.01420	-0.02106	0.03349	0.01133	-0.02020	0.00372	(And (Obligated $e0) (Past $e0))
p202219	-0.00867	-0.02131	0.01860	-0.01032	0.00221	-0.00289	-0.00534	-0.00647	-0.00805	0.01520	0.00725	0.01019	0.02266	-0.00988	0.00802	-0.00749	-0.00574	0.00023	-0.00447	0.01961	-0.01263	0.00665	0.00275	-0.01050	-0.01187	0.00386	-0.01457	-0.00396	0.02206	0.00260	-0.00465	-0.00869	(And (Past $e0) (Patient $e0 $e1))
p202220	-0.00443	-0.01980	0.00590	-0.00646	-0.00566	-0.00419	0.01033	-0.01275	-0.01960	0.01086	-0.01408	0.00452	0.02698	-0.00135	-0.00174	-0.00819	-0.01048	0.00574	0.01740	0.02508	-0.00048	0.00277	-0.00859	-0.00903	-0.02436	0.00970	0.00761	-0.00129	0.00581	-0.00656	0.00252	-0.01085	(And (Past $e0) (Time $e0 yesterday))
p202221	0.05326	0.07754	0.04977	0.06034	-0.06233	-0.08578	-0.00841	0.03531	-0.05447	0.01931	-0.01277	-0.00285	-0.02064	0.17871	0.22855	0.07315	0.06737	-0.00939	-0.07698	0.05506	-0.15033	0.02487	-0.09066	-0.02433	-0.11611	-0.09179	-0.05551	0.05991	-0.06124	-0.02828	-0.02064	0.01619	(And (Patient $e0 $x0) (Theme $e0 $e1))
p202222	0.01786	0.02176	-0.01571	0.03266	0.07891	-0.00028	-0.02341	0.01185	-0.00089	-0.03076	0.01525	-0.01250	-0.02376	0.00850	-0.01145	0.03016	0.00103	0.04400	0.03691	-0.01374	0.00804	0.01077	-0.04218	0.00043	0.01916	0.02186	0.01093	-0.01884	0.02654	0.03070	0.01043	-0.02333	(And (Source $e0 $x0) (Theme $e0 $x1))
p202223	0.05508	0.05605	-0.01100	-0.02860	0.01040	0.07025	0.01819	0.06769	-0.01301	-0.09700	-0.03637	0.09102	0.01407	-0.10504	-0.01565	-0.01066	-0.03248	0.06221	-0.04246	-0.04398	-0.04321	0.06375	0.09531	0.03938	-0.02933	-0.05324	-0.09538	0.13524	0.04437	-0.01317	0.06306	-0.08076	(And (Theme $e0 $x0) (To $e0 $e1))
p202273	0.00744	0.01085	0.00309	-0.00798	0.00032	-0.01659	-0.01013	-0.00519	-0.02369	-0.00248	0.01313	0.01953	0.00578	-0.00240	0.00759	-0.01814	-0.00075	-0.00111	0.00009	0.00787	-0.00289	0.02036	-0.00313	0.00803	0.00103	-0.01101	-0.01605	-0.01127	-0.01018	-0.02334	-0.02290	0.00341	(Agent $e0 $e1)
p202274	0.01288	-0.00351	0.00176	0.00219	-0.00353	-0.01479	0.00705	0.01839	0.00557	-0.00376	-0.02538	-0.00088	0.00508	0.00489	0.00698	0.00346	-0.00282	-0.00969	0.01410	-0.00991	-0.01529	0.00551	-0.01344	-0.01075	0.00897	0.00330	-0.00257	0.00957	-0.01612	-0.00419	-0.00918	-0.00310	(Already $e0)
p202275	-0.00356	-0.00952	-0.00485	0.01789	0.03629	-0.01450	0.02060	0.01783	0.00419	-0.02249	0.00696	-0.03535	-0.00008	-0.01919	-0.00814	0.03990	0.03304	0.00809	-0.00257	0.02814	0.03310	-0.01096	-0.03073	0.00062	0.01241	0.00574	0.00322	-0.01809	0.01606	0.00541	0.00712	-0.03729	(Before $x0 $e0)
p202276	-0.03062	-0.00463	0.00920	-0.00894	-0.01943	-0.00538	-0.00179	-0.00196	0.00688	-0.00649	-0.00295	-0.00949	0.00112	0.00650	-0.00328	0.00025	-0.01755	-0.01817	-0.00311	-0.01204	-0.00415	-0.00229	-0.01406	-0.00450	0.00390	-0.01606	0.00848	-0.00706	0.03894	-0.01581	-0.01093	-0.02264	(During $e0 $e1)
p202277	0.00177	0.00430	-0.00168	-0.00443	0.00515	-0.00802	-0.01046	0.00268	0.00658	-0.00740	-0.00466	0.00029	0.00457	-0.00344	0.00275	-0.00109	0.00599	-0.00399	-0.00907	-0.00873	-0.00387	-0.00072	-0.00667	0.00162	-0.00689	0.00308	0.01437	0.00628	-0.00378	-0.00291	-0.00141	0.00233	(For $x0 $x1)
p202278	0.00636	-0.00673	0.00567	-0.00920	-0.01226	-0.00086	0.02277	-0.01983	-0.00332	0.00954	-0.01786	0.00806	-0.00960	-0.00007	-0.00539	-0.00506	-0.01476	0.00429	0.00932	0.01462	0.00900	0.01677	-0.00468	0.00943	-0.01049	0.01942	0.00393	-0.00853	-0.00798	-0.01959	-0.00293	0.02948	(GroupOf $x0 student)
p202279	0.00593	0.03226	-0.02447	0.06399	0.14712	0.00346	0.00443	-0.04175	-0.02134	-0.02669	0.03241	-0.01513	-0.04220	0.05869	-0.01457	0.01017	0.00002	0.04535	0.06062	0.02396	-0.03062	0.01531	-0.04142	0.01801	0.05065	0.02918	-0.03412	-0.03123	0.03055	0.04670	-0.00119	-0.01825	(Manner $e0 well)
p202280	-0.05440	0.02643	-0.02826	0.01746	-0.03496	0.01796	0.06150	-0.01626	0.01885	-0.00187	-0.01969	0.00092	-0.02625	0.00628	-0.02170	0.00043	-0.00314	-0.04140	0.00193	-0.02642	-0.00202	0.00862	0.00183	-0.00514	-0.01155	-0.00026	0.01014	-0.02916	0.03542	0.00787	-0.03720	0.02728	(Member $e0 add)
p202281	0.02602	-0.01881	-0.00100	-0.01028	-0.01087	0.00921	0.01201	0.02874	0.01188	0.01396	-0.01752	0.01385	0.02696	-0.03397	-0.02295	0.00721	-0.01165	-0.01265	0.04367	-0.02087	0.02099	0.02083	0.01523	-0.02533	0.02026	0.01024	0.01587	-0.01738	-0.00997	0.01523	-0.00279	-0.01647	(Member $e0 bear)
p202282	0.00114	0.00444	-0.01191	-0.01669	-0.01870	0.00066	-0.02514	0.01902	0.00952	-0.01479	-0.01777	-0.03105	-0.00409	-0.01216	0.01519	0.00950	-0.01290	0.00408	-0.01472	-0.03806	-0.00832	-0.01181	-0.02924	-0.02184	-0.01642	0.00791	0.02652	0.01444	0.02821	-0.00456	-0.01148	-0.00068	(Member $e0 capture)
p202283	-0.00303	-0.01854	0.01725	0.00823	-0.00386	-0.01772	-0.00415	0.02218	-0.00252	-0.02920	0.00606	0.00402	0.00585	0.00548	-0.00499	0.00724	-0.00975	0.01625	-0.00972	-0.00615	0.00280	-0.01289	-0.02539	0.02737	0.02634	-0.00487	0.01120	0.01349	-0.00692	-0.00029	-0.00987	-0.01333	(Member $e0 cause)
p202284	0.00146	-0.01657	-0.00191	0.00573	0.02612	-0.00967	0.00485	-0.01633	0.00256	-0.01447	0.00906	-0.01357	-0.01913	0.00848	0.00670	-0.00423	-0.00922	0.01097	-0.00382	0.01396	-0.00339	-0.00882	-0.01786	0.02853	0.00246	-0.02109	-0.00619	0.01157	0.00452	0.01175	-0.00718	-0.01322	(Member $e0 close)
p202285	0.01103	-0.02416	0.01246	-0.00511	-0.02095	-0.00459	0.05729	-0.01678	0.01632	0.01110	-0.02546	-0.02826	0.00609	-0.02209	-0.01201	0.04163	-0.03256	-0.02783	0.03000	-0.04323	-0.00942	0.01214	0.00557	-0.01069	0.03800	0.00669	0.00083	-0.00354	-0.03755	0.00357	-0.02350	-0.03257	(Member $e0 direct)
p202286	-0.04023	0.01887	0.00041	0.03831	0.00085	-0.00557	0.01413	-0.01859	-0.02472	-0.01750	-0.00433	0.02166	0.00914	0.01905	-0.01682	-0.01208	0.00973	-0.00389	-0.00125	-0.00708	-0.02064	-0.01509	0.00626	0.02113	0.00177	-0.00549	-0.01593	-0.00719	0.00109	0.00867	-0.02121	0.00189	(Member $e0 do)
p202287	-0.00094	-0.00294	0.00547	-0.00688	-0.00352	0.00578	-0.00605	0.02491	0.00187	-0.00913	0.00578	0.00158	-0.00519	-0.00182	-0.00639	0.00174	0.02019	-0.01034	-0.00868	0.01468	0.00447	0.00914	-0.00071	0.01115	0.00347	-0.00037	-0.00759	-0.02005	0.01400	0.00905	-0.01204	-0.01439	(Member $e0 enter)
p202288	-0.03103	0.00587	-0.01335	-0.00187	-0.02338	-0.00172	0.02924	-0.01209	-0.00120	-0.00510	-0.02630	0.00344	0.01119	-0.01199	-0.00337	0.01270	-0.01524	-0.01585	-0.00327	-0.01408	0.00187	-0.00022	-0.01096	-0.00733	-0.01857	0.01600	0.03082	-0.00753	-0.00054	-0.00249	-0.01611	0.01666	(Member $e0 lead)
p202289	0.00216	-0.00612	0.00615	-0.03276	-0.00536	0.00182	-0.00793	0.00299	0.00643	-0.01139	-0.01057	-0.04843	-0.03364	-0.00037	0.02308	-0.00131	-0.00709	-0.01074	-0.01007	-0.02686	-0.01296	-0.00663	-0.01255	-0.01088	-0.00934	-0.00613	-0.00869	-0.00562	0.02908	-0.00380	-0.01327	-0.01101	(Member $e0 present)
p202290	0.03241	0.02996	-0.02357	0.06730	0.16313	0.02021	-0.01583	-0.03207	-0.01628	-0.04751	0.03239	-0.02833	-0.06171	0.05841	-0.00925	0.01487	-0.00897	0.06469	0.06635	0.02816	-0.04869	0.03146	-0.05506	0.04492	0.07447	0.03953	-0.02785	-0.00722	0.05297	0.06223	0.00207	-0.04045	(Member $e0 receive)
p202291	0.00312	-0.01173	0.01503	0.00553	-0.01559	-0.01411	0.02541	-0.01484	-0.00358	0.02248	-0.00274	0.02418	0.00024	-0.01881	-0.01697	0.01167	-0.00789	0.00184	-0.01120	0.02746	0.05761	0.03495	-0.00283	0.00499	-0.01772	0.00812	0.00672	-0.02639	0.00825	-0.00705	-0.00186	0.03231	(Member $e0 run)
p202292	-0.00164	-0.01435	-0.00123	-0.00193	-0.00740	0.00478	-0.01020	-0.00267	0.00469	0.00726	0.01849	0.00507	0.03500	-0.01486	-0.00892	-0.00523	-0.00163	0.00643	0.00089	-0.00388	0.00490	-0.00235	0.00045	-0.02631	-0.01121	0.00477	0.00579	-0.00082	0.01282	-0.01936	0.00932	0.00042	(Member $e0 speak)
p202293	0.01583	0.00839	-0.00937	0.00242	-0.00461	0.05222	-0.00841	-0.01932	-0.00329	-0.01656	0.02262	0.03085	0.05372	-0.01876	-0.00795	-0.00005	-0.00341	0.02229	0.00071	0.03399	-0.02708	0.01032	0.00212	0.02678	-0.00365	0.00769	0.00379	-0.00147	0.00243	-0.00205	-0.00883	-0.00406	(Member $e0 watch)
p202294	-0.00126	-0.00294	0.02938	0.00731	-0.01714	0.01205	-0.00644	-0.01210	-0.02758	0.00254	-0.02849	-0.00512	0.02554	0.01278	-0.00699	-0.00536	-0.01613	0.01983	-0.00449	0.01724	-0.01501	-0.02188	-0.02522	0.01531	-0.01483	0.01716	0.00724	0.01666	-0.00388	-0.00277	0.00158	0.00655	(Member $x0 boy)
p202295	-0.00738	-0.00390	0.00090	0.01285	0.00323	-0.00021	0.00117	0.00176	-0.02423	-0.01469	-0.01828	0.00443	-0.00207	0.00964	-0.00995	-0.00476	0.00445	0.01174	0.01575	0.00784	-0.00235	-0.01209	-0.00779	0.01341	0.00323	0.01275	-0.00585	-0.00564	-0.00474	0.00128	-0.00245	-0.00088	(Member $x0 child)
p202296	0.07223	0.05525	-0.04565	0.05766	0.07112	-0.03116	0.01656	-0.03764	-0.06140	-0.00904	0.05147	-0.02313	0.06172	-0.03574	0.12516	0.01470	-0.01054	-0.00746	0.05813	0.04737	-0.06838	0.01235	0.08720	0.01781	0.05263	0.05222	-0.07044	-0.05514	-0.05922	0.00230	0.02813	0.06237	(Member $x0 family)
p202297	0.01543	0.00784	0.02253	0.00038	-0.00700	0.02910	0.01109	0.01694	-0.00719	0.01517	-0.00343	-0.02246	-0.00988	-0.01320	-0.01508	-0.01123	-0.00228	0.01466	0.00552	0.00174	0.01249	-0.02348	-0.01717	-0.00760	0.01814	0.00374	-0.01790	0.00298	-0.01278	-0.01612	0.00616	0.00184	(Member $x0 floor)
p202298	0.01539	0.01431	0.00055	0.00817	-0.01656	0.00677	0.00190	0.00420	0.00747	0.00622	-0.02046	-0.00893	-0.00882	0.00116	-0.00419	0.00603	-0.01210	0.00345	-0.01688	-0.01669	0.00953	0.00802	-0.02160	-0.00654	0.00918	0.01584	0.02447	0.01456	0.00460	-0.00405	-0.00246	0.02725	(Member $x0 horse)
p202299	0.01077	0.00017	-0.00527	-0.00386	-0.00888	0.00807	0.00167	0.02575	0.00999	0.01396	-0.00789	0.01539	-0.00280	-0.01978	-0.01596	-0.00671	-0.00796	0.00388	0.02066	0.00315	0.00776	0.01251	-0.00505	-0.00757	0.00204	0.01743	0.00735	-0.01086	0.00805	-0.00899	-0.00210	0.01745	(Member $x0 huge)
p202300	-0.00865	0.00232	0.01168	-0.02013	-0.02033	0.00925	0.01946	0.00600	0.00888	-0.01363	0.00099	-0.02943	-0.01840	0.00245	0.03006	0.00967	-0.03000	-0.01966	-0.00589	-0.01940	0.00160	-0.00702	-0.01246	0.01397	0.01355	0.00176	0.01501	0.01352	-0.00798	0.00210	0.01236	-0.01236	(Member $x0 large)
p202301	0.01479	0.01191	-0.01341	0.01794	0.00512	-0.00042	-0.00432	0.00517	0.01306	-0.01112	-0.01544	-0.01578	-0.00460	0.00510	0.01481	0.01170	-0.00300	-0.00130	0.00254	-0.00189	-0.01349	-0.00760	-0.01674	-0.00736	0.00389	-0.00218	0.00517	0.00563	0.00624	-0.00516	-0.00619	-0.00068	(Member $x0 light)
p202302	0.03073	-0.00986	0.00793	-0.00651	-0.02166	-0.00165	0.02681	-0.01701	0.01233	0.00775	-0.01510	-0.00974	0.02448	-0.00236	-0.01499	0.04322	-0.03626	0.00213	0.03458	-0.03276	0.00659	0.00611	0.00974	-0.02763	0.03499	0.03062	0.00601	0.01264	-0.04513	-0.01138	-0.01421	-0.00576	(Member $x0 movie)
p202303	0.00790	0.01346	0.00366	0.01677	0.01019	0.00522	0.00662	-0.00454	-0.00615	0.00494	-0.00808	-0.00951	0.01028	0.00004	0.00417	-0.00111	-0.01020	-0.00076	0.00592	0.01129	0.00700	-0.00512	-0.02414	-0.00306	0.00909	-0.00065	-0.00207	0.01333	-0.00617	-0.00553	0.00430	-0.00510	(Member $x0 rain)
p202304	0.01203	-0.00747	0.00720	-0.00392	-0.01760	0.03194	0.01213	0.00484	-0.00730	0.01178	-0.00767	-0.01133	0.00605	0.01077	-0.02129	-0.00543	0.00101	0.01306	0.01931	0.00707	-0.01244	-0.01462	-0.00313	-0.02060	0.01229	0.02197	-0.01414	-0.01018	-0.00565	-0.02406	0.00159	0.00812	(Member $x0 school)
p202305	-0.02158	0.00419	0.00462	0.02238	0.02039	-0.02056	0.00196	0.00066	0.02072	-0.01277	0.01060	0.01267	0.02172	0.00008	-0.02077	0.00772	-0.00891	0.00860	0.01094	0.00252	-0.00635	0.00878	-0.01119	0.00411	0.04188	-0.00436	-0.00707	0.00555	0.00249	-0.01120	0.00403	-0.01012	(Member $x0 sound)
p202306	0.00364	0.01992	0.03130	-0.02586	-0.00380	0.02717	0.01495	-0.02389	0.01227	0.03665	-0.00109	-0.01447	-0.00813	-0.00560	-0.01242	0.00181	-0.01292	0.00402	-0.01374	-0.00034	0.01955	0.00538	-0.01542	-0.00905	0.00950	-0.00537	0.01096	-0.00852	-0.01415	-0.01333	0.01911	0.01256	(Member $x0 street)
p202307	0.00669	0.01100	0.01700	0.00831	-0.00759	0.00930	-0.01381	0.01355	-0.01052	0.00546	-0.01273	0.00660	0.00154	0.00883	-0.00537	-0.00025	-0.00433	-0.00311	-0.01323	0.00763	-0.01109	-0.00595	-0.00824	0.00505	0.01970	0.00744	-0.01139	0.00194	-0.00663	-0.00278	-0.00776	0.00776	(Member $x0 village)
p202308	0.00394	0.01400	0.02171	-0.00464	0.00805	0.02777	0.00226	-0.00710	-0.00418	0.02073	-0.00670	-0.01769	-0.00355	0.00043	-0.00610	-0.00915	-0.00125	0.00712	0.00226	0.00590	0.00052	-0.01208	-0.02022	-0.00486	-0.00811	0.00745	-0.00196	0.00274	-0.00003	0.00299	0.01149	0.00057	(Member $x0 wall)
p202309	-0.02254	-0.00714	0.00615	-0.00626	-0.00777	0.01173	0.01663	0.02129	0.01762	0.00867	0.01732	0.01803	-0.00927	0.04364	-0.00244	0.01444	0.01955	0.01448	0.02449	-0.01408	-0.04146	0.01261	-0.01275	-0.00489	-0.01260	0.01715	-0.00529	-0.00066	0.00104	0.02893	0.00243	-0.01171	(Member $x0 whole)
p202310	0.00297	0.00626	0.01797	0.01083	-0.01280	0.01949	-0.01895	0.01349	-0.01101	-0.00099	-0.02811	0.01268	0.00526	0.05136	-0.01469	-0.00359	-0.00118	-0.01013	-0.01492	0.01882	-0.03411	-0.01185	-0.01310	0.00083	0.01247	0.01050	-0.01309	0.00208	0.00687	-0.00084	-0.01563	0.01998	(Member $x0 world)
p202311	0.00314	0.00312	-0.00383	-0.00220	-0.00902	-0.01359	-0.00865	-0.01341	-0.00639	-0.00074	0.00699	0.01463	0.01614	0.01700	-0.00544	0.00711	-0.01149	0.00386	-0.00664	0.01544	0.00739	-0.00280	0.00718	-0.00134	-0.00734	-0.00392	-0.01749	0.01401	-0.00604	0.00052	-0.02148	0.01056	(On $e0 $x0)
p202312	-0.00875	-0.02137	0.01854	-0.01039	0.00215	-0.00296	-0.00540	-0.00653	-0.00811	0.01513	0.00719	0.01012	0.02260	-0.00994	0.00796	-0.00755	-0.00580	0.00016	-0.00455	0.01955	-0.01269	0.00658	0.00268	-0.01057	-0.01192	0.00378	-0.01463	-0.00401	0.02200	0.00253	-0.00471	-0.00874	(Patient $e0 $e1)
p202313	0.00096	-0.02974	0.02771	0.00428	-0.00124	-0.00008	0.01975	-0.02305	0.01029	0.02846	0.00619	0.01384	0.05347	-0.02582	-0.01388	0.00932	-0.01655	-0.00415	0.00463	0.02581	0.00506	0.01793	0.00743	-0.02027	-0.00643	-0.00416	-0.00175	-0.00593	0.01380	0.00164	-0.00481	-0.01851	(Time $e0 night)
p202314	-0.00447	-0.01982	0.00587	-0.00648	-0.00569	-0.00423	0.01029	-0.01278	-0.01962	0.01081	-0.01410	0.00450	0.02696	-0.00139	-0.00178	-0.00822	-0.01052	0.00572	0.01737	0.02505	-0.00053	0.00273	-0.00863	-0.00906	-0.02439	0.00968	0.00758	-0.00132	0.00578	-0.00658	0.00248	-0.01089	(Time $e0 yesterday)
p202333	-0.05171	-0.02539	-0.06472	-0.09024	0.09385	0.16982	-0.20981	-0.36573	-0.07015	0.05830	-0.09095	0.09611	0.01586	0.01124	0.03920	0.05164	0.01643	-0.23232	0.06470	-0.12712	0.11612	0.03300	-0.13723	0.13271	0.09127	-0.06076	0.00683	0.11787	0.04320	-0.01122	-0.02100	0.03543	(And (Agent $e0 $x0) (Member $e0 begin) (Ongoing $e1) (Theme $e0 $e1))
p202334	-0.05171	-0.02539	-0.06472	-0.09024	0.09385	0.16982	-0.20981	-0.36573	-0.07015	0.05830	-0.09095	0.09611	0.01586	0.01124	0.03920	0.05164	0.01643	-0.23232	0.06470	-0.12712	0.11612	0.03300	-0.13723	0.13271	0.09127	-0.06076	0.00683	0.11787	0.04320	-0.01122	-0.02100	0.03543	(And (Agent $e0 $x0) (Member $e1 begin) (Ongoing $e0) (Theme $e1 $e0))
p202335	-0.05171	-0.02539	-0.06472	-0.09024	0.09385	0.16982	-0.20981	-0.36573	-0.07015	0.05830	-0.09095	0.09611	0.01586	0.01124	0.03920	0.05164	0.01643	-0.23232	0.06470	-0.12712	0.11612	0.03300	-0.13723	0.13271	0.09127	-0.06076	0.00683	0.11787	0.04320	-0.01122	-0.02100	0.03543	(And (Agent $e0 $x0) (Member $e1 begin) (Past $e1) (Theme $e1 $e0))
p202336	-0.16494	-0.04761	-0.04542	0.07357	0.10918	0.05033	-0.13944	0.11445	0.09190	0.14667	-0.07837	-0.06864	0.01265	0.10579	0.15534	-0.09107	-0.06402	0.05451	-0.12501	-0.04429	0.19347	0.15614	0.14174	0.03841	-0.05822	0.24884	-0.09781	-0.19732	-0.11887	-0.15607	-0.05479	-0.12392	(And (Agent $e0 $x0) (Member $x0 company) (Past $e0) (Patient $e0 $x1))
p202339	-0.09205	0.10021	-0.09079	-0.06458	-0.01983	0.00973	-0.04647	-0.00089	0.01603	-0.05136	0.05208	-0.08552	0.05108	0.00964	-0.03279	-0.02535	0.12728	0.05477	-0.08801	0.03166	-0.05060	0.04422	0.04233	-0.03844	0.09143	-0.03991	-0.08694	-0.02910	-0.07718	0.01174	0.03671	0.13455	(And (Experiencer $e0 $x0) (Member $e1 become) (Past $e1) (Result $e1 $e0))
p202342	-0.01513	0.03503	0.06174	0.01624	0.00832	-0.10812	0.07372	0.14627	0.01986	0.07866	0.03069	0.00648	0.01153	0.02983	0.24025	0.01572	0.04369	0.07685	-0.05039	0.05800	-0.16620	-0.04475	-0.15674	-0.08052	-0.11720	-0.03016	-0.12060	0.16356	-0.02708	0.01062	-0.03701	0.04056	(And (Member $e0 start) (Ongoing $e1) (Patient $e1 $x0) (Theme $e0 $e1))
p202558	-0.13470	-0.07037	-0.03782	-0.10193	0.19256	-0.00427	-0.01868	-0.06595	0.00059	0.17046	-0.03916	0.05119	0.10199	-0.34969	0.11549	-0.01774	-0.01183	-0.05943	0.00998	-0.02998	0.15956	-0.14783	-0.24648	-0.05541	0.06712	-0.00613	-0.16234	0.25900	0.06728	-0.01004	-0.08034	0.09128	(And (Agent $e0 $x0) (Location $e1 $x1) (Theme $e0 $e1))
p202559	-0.05171	-0.02539	-0.06472	-0.09024	0.09385	0.16982	-0.20981	-0.36573	-0.07015	0.05830	-0.09095	0.09611	0.01586	0.01124	0.03920	0.05164	0.01643	-0.23232	0.06470	-0.12711	0.11612	0.03300	-0.13723	0.13271	0.09127	-0.06076	0.00683	0.11787	0.04320	-0.01122	-0.02100	0.03543	(And (Agent $e0 $x0) (Member $e1 begin) (Theme $e1 $e0))
p202560	0.00120	0.00428	0.02635	0.01372	-0.01559	0.01255	-0.01434	-0.00849	-0.01313	-0.00470	-0.01487	-0.00634	0.01935	0.01321	-0.00653	-0.00126	-0.01154	0.01647	-0.01480	0.00293	-0.01504	-0.02527	-0.01973	0.01846	-0.00234	0.00955	0.00088	0.01813	-0.00408	-0.00447	0.00200	0.01319	(And (Agent $e0 $x0) (Member $x0 boy) (Past $e0))
p202561	0.01074	0.07995	-0.05262	0.00686	0.02422	0.02059	-0.03246	0.07383	0.04262	0.15145	0.07417	0.04330	0.04289	-0.01786	-0.07068	-0.00396	-0.01640	-0.03638	0.08900	0.02411	0.00477	-0.01206	0.00374	0.03955	-0.01891	-0.03646	0.10793	-0.11485	0.03587	0.08382	-0.00974	-0.00553	(And (Agent $e0 $x0) (Member $x0 person) (Theme $e0 $x1))
p202562	-0.07955	-0.09444	0.08595	0.06081	0.04482	0.07161	-0.05795	0.05496	-0.04806	-0.08645	0.04798	-0.03931	-0.06260	-0.00560	-0.05822	0.03017	-0.03207	-0.05994	0.05454	0.08323	-0.07088	0.03750	0.08728	-0.02402	-0.04548	-0.06802	0.03037	0.07271	-0.08427	-0.03232	-0.02468	0.09850	(And (Agent $e0 $x0) (Member $x0 thing) (Past $e0))
p202564	0.14806	0.11643	-0.04874	-0.01281	0.03287	0.18186	0.02934	0.11498	-0.01751	-0.19939	-0.09307	0.18782	0.09742	-0.20307	-0.03971	-0.00679	-0.06789	0.12461	-0.10110	-0.03047	-0.10511	0.12230	0.12582	0.12039	-0.05565	-0.10815	-0.15950	0.33437	0.07758	-0.01862	0.14679	-0.15843	(And (Agent $e0 $x0) (Past $e1) (To $e1 $e0))
p202569	-0.01513	0.03503	0.06174	0.01624	0.00832	-0.10812	0.07372	0.14627	0.01986	0.07866	0.03069	0.00648	0.01153	0.02983	0.24025	0.01572	0.04369	0.07685	-0.05039	0.05800	-0.16620	-0.04475	-0.15674	-0.08052	-0.11720	-0.03016	-0.12060	0.16356	-0.02708	0.01062	-0.03701	0.04056	(And (Member $e0 start) (Patient $e1 $x0) (Theme $e0 $e1))
p202570	0.09543	-0.04357	-0.00622	-0.07574	0.01814	0.08611	0.06842	0.06561	-0.00146	-0.04676	-0.00425	0.06344	0.01014	-0.01799	0.02470	-0.05320	0.05945	0.01420	0.06410	-0.08401	0.10837	-0.00992	0.11821	-0.14864	0.03337	-0.01235	0.13040	-0.14476	0.01742	0.06806	0.00322	0.02582	(And (Member $x0 person) (Past $e0) (Patient $e0 $x0))
p202571	0.04813	0.07613	0.04946	0.04787	-0.05491	-0.07886	-0.00686	0.02658	-0.03538	0.01732	-0.00762	-0.00175	-0.03273	0.18321	0.23685	0.05264	0.05214	-0.01631	-0.07225	0.03967	-0.16395	0.02166	-0.08616	-0.01689	-0.10703	-0.08535	-0.05150	0.06998	-0.05219	-0.02776	-0.02169	0.02615	(And (Ongoing $e0) (Patient $e1 $x0) (Theme $e1 $e0))
p202724	-0.05171	-0.02539	-0.06472	-0.09024	0.09385	0.16982	-0.20981	-0.36573	-0.07015	0.05830	-0.09095	0.09611	0.01586	0.01124	0.03920	0.05164	0.01643	-0.23232	0.06470	-0.12712	0.11612	0.03300	-0.13723	0.13271	0.09127	-0.06076	0.00683	0.11787	0.04320	-0.01122	-0.02100	0.03543	(And (Agent $e0 $x0) (Member $e0 begin) (Past $e0) (Theme $e0 $e1))
p202725	0.00285	0.00837	0.00913	-0.02661	-0.03873	-0.00700	-0.00445	-0.02402	0.06763	-0.03611	-0.01145	-0.04994	-0.00337	0.07610	-0.04849	0.04980	-0.02253	-0.00366	0.05704	0.01469	0.07166	-0.06869	0.07540	-0.03710	-0.00392	0.03247	-0.04044	0.06139	0.06382	0.02602	-0.02461	-0.02291	(And (Holder $e0 $x0) (Member $e0 have) (Past $e0) (Theme $e0 $x1))
p202726	-0.09209	0.10018	-0.09081	-0.06460	-0.01986	0.00970	-0.04649	-0.00092	0.01600	-0.05138	0.05207	-0.08554	0.05106	0.00962	-0.03282	-0.02538	0.12725	0.05475	-0.08804	0.03164	-0.05062	0.04418	0.04231	-0.03847	0.09141	-0.03996	-0.08696	-0.02914	-0.07720	0.01170	0.03668	0.13453	(And (Member $e0 become) (Past $e0) (Patient $e0 $x0) (Result $e0 $e1))
p202758	-0.05171	-0.02539	-0.06472	-0.09024	0.09385	0.16982	-0.20981	-0.36573	-0.07015	0.05830	-0.09095	0.09611	0.01586	0.01124	0.03920	0.05164	0.01643	-0.23232	0.06470	-0.12712	0.11612	0.03300	-0.13723	0.13271	0.09127	-0.06076	0.00683	0.11787	0.04320	-0.01122	-0.02100	0.03543	(And (Agent $e0 $x0) (Member $e0 begin) (Past $e0))
p202759	-0.05171	-0.02539	-0.06472	-0.09024	0.09385	0.16982	-0.20981	-0.36573	-0.07015	0.05830	-0.09095	0.09611	0.01586	0.01124	0.03920	0.05164	0.01643	-0.23232	0.06470	-0.12711	0.11612	0.03300	-0.13723	0.13271	0.09127	-0.06076	0.00683	0.11787	0.04320	-0.01122	-0.02100	0.03543	(And (Agent $e0 $x0) (Member $e0 begin) (Theme $e0 $e1))
p202760	0.01189	0.02062	0.02458	0.03161	-0.00388	-0.02911	0.03731	-0.03983	0.01907	-0.00886	-0.02904	0.02352	-0.04284	-0.00375	-0.00890	-0.02579	-0.01425	0.00777	-0.00688	0.00390	0.04735	0.04128	-0.00587	0.05937	-0.01212	0.02195	-0.00840	0.01234	-0.00560	-0.01747	0.01076	0.10651	(And (Agent $e0 $x0) (Member $e0 come) (Past $e0))
p202761	0.00880	0.01762	-0.01673	0.00510	0.03669	-0.00101	0.00445	-0.01931	0.00252	-0.00225	0.01687	-0.00411	0.01610	0.01480	-0.00155	0.03371	-0.01405	0.01826	-0.00806	0.00273	-0.00532	0.00999	-0.04257	-0.00469	0.01199	0.01663	0.05856	-0.02160	-0.00175	0.00512	-0.01793	-0.01219	(And (Agent $e0 $x0) (Member $e0 follow) (Theme $e0 $x1))
p202762	-0.00881	-0.02059	0.02132	0.00512	-0.00660	-0.00073	-0.01132	-0.02572	-0.00271	-0.02221	0.00242	0.00035	0.00793	0.01732	0.00767	-0.00033	-0.01521	0.01609	-0.00116	-0.00051	-0.02295	-0.01496	-0.00464	0.03696	-0.01061	0.00086	-0.00456	0.01741	0.00292	0.00941	0.00564	0.00587	(And (Agent $e0 $x0) (Past $e0) (Recipient $e0 $x1))
p202763	0.01028	0.00694	-0.00233	0.01966	0.01394	-0.00190	-0.03142	0.00926	0.01126	-0.01713	-0.00234	-0.00177	0.00588	-0.00150	-0.01201	0.01128	-0.01513	0.02511	0.03043	-0.02752	-0.00579	-0.01214	-0.01959	0.03047	0.00040	0.01370	0.03343	0.01194	0.00449	0.02014	0.01733	-0.00457	(And (Agent $e0 $x0) (Past $e0) (Source $e0 $x1))
p202764	0.00346	-0.00146	0.01837	0.01162	-0.02246	0.02983	0.00404	-0.02793	-0.00983	0.00887	-0.00115	-0.01465	0.02098	0.01739	-0.01448	-0.00336	-0.00460	0.01587	-0.00089	0.01621	-0.01931	-0.02371	-0.00259	0.00662	-0.00544	0.01721	-0.01762	0.00248	0.00069	-0.02044	0.00919	0.01979	(And (Agent $e0 $x0) (Past $e0) (Through $e0 $x1))
p202765	0.14806	0.11643	-0.04874	-0.01281	0.03287	0.18186	0.02933	0.11498	-0.01751	-0.19939	-0.09307	0.18782	0.09742	-0.20307	-0.03971	-0.00679	-0.06789	0.12461	-0.10110	-0.03047	-0.10511	0.12230	0.12582	0.12039	-0.05565	-0.10815	-0.15950	0.33437	0.07758	-0.01862	0.14679	-0.15843	(And (Agent $e0 $x0) (Past $e0) (To $e0 $e1))
p202766	-0.12938	-0.06131	-0.05203	-0.05798	0.21713	-0.01264	0.00305	-0.10963	-0.00429	0.15437	-0.03421	0.01565	0.06396	-0.36172	0.11070	0.00362	-0.01493	-0.03308	-0.01115	-0.00421	0.24413	-0.15741	-0.27665	-0.04188	0.05851	-0.03933	-0.16928	0.26924	0.09354	-0.01158	-0.07280	0.10552	(And (Agent $e0 $x0) (Patient $e0 $x1) (Theme $e1 $e0))
p202767	0.08278	-0.07640	-0.07311	0.10746	-0.09084	-0.03097	0.04420	-0.11304	-0.08862	0.19950	-0.00758	-0.02726	-0.04788	0.03194	-0.11449	-0.05890	0.15096	0.07404	-0.07397	0.01625	-0.08707	0.05854	0.12360	0.02118	0.13795	0.06788	0.13947	0.17491	0.01573	0.00474	-0.03472	-0.05491	(And (For $e0 $e1) (Past $e0) (Theme $e0 $x0))
p202768	0.01581	0.01361	0.00939	0.00699	-0.00228	0.00370	0.05109	-0.02159	0.03418	0.04280	0.00112	0.05466	-0.03453	-0.02334	-0.01199	-0.01836	-0.02922	-0.00798	-0.00925	0.02776	0.06006	0.07350	0.00189	0.00288	-0.01045	0.00147	0.00396	-0.01919	0.03108	-0.00492	-0.00083	0.07881	(And (Goal $e0 $x0) (Member $e0 go) (Past $e0))
p202769	0.01718	0.02963	-0.00648	-0.00308	-0.01879	-0.01284	0.03498	-0.00985	0.02863	0.00510	-0.03127	0.01052	-0.06584	-0.01331	0.00819	-0.02294	-0.02827	-0.00667	-0.01250	-0.02103	0.03908	0.05842	-0.02170	0.01017	-0.01248	0.01965	0.00649	0.00282	0.02389	-0.01530	-0.01614	0.10731	(And (Goal $e0 $x0) (Past $e0) (Theme $e0 $x1))
p202770	0.00285	0.00837	0.00913	-0.02661	-0.03873	-0.00700	-0.00445	-0.02402	0.06763	-0.03611	-0.01145	-0.04994	-0.00337	0.07610	-0.04849	0.04980	-0.02252	-0.00365	0.05704	0.01469	0.07166	-0.06869	0.07541	-0.03710	-0.00392	0.03247	-0.04044	0.06139	0.06382	0.02602	-0.02461	-0.02291	(And (Holder $e0 $x0) (Member $e0 have) (Past $e0))
p202771	0.00285	0.00837	0.00913	-0.02661	-0.03873	-0.00700	-0.00445	-0.02402	0.06763	-0.03611	-0.01145	-0.04994	-0.00337	0.07610	-0.04849	0.04980	-0.02252	-0.00365	0.05704	0.01469	0.07166	-0.06869	0.07540	-0.03710	-0.00392	0.03247	-0.04044	0.06139	0.06382	0.02602	-0.02461	-0.02291	(And (Holder $e0 $x0) (Past $e0) (Theme $e0 $x1))
p202772	-0.01528	0.03422	-0.03646	-0.01544	-0.03111	0.07477	-0.01783	0.04307	0.05055	0.06551	0.01435	0.03172	0.03682	0.00917	-0.07099	-0.03410	0.00838	-0.01774	0.03288	0.03884	-0.00544	0.01201	-0.02358	-0.00270	-0.02665	-0.04222	0.03927	-0.03803	0.04857	0.04188	-0.03123	-0.01016	(And (Instrument $e0 $x0) (Past $e0) (Patient $e0 $x1))
p202773	-0.05138	0.06911	0.09273	0.06868	-0.04056	-0.06416	0.02163	0.02357	-0.11296	-0.01265	-0.00580	0.05501	-0.02974	-0.05569	-0.00877	-0.00240	0.00591	0.00225	-0.01562	-0.08244	-0.00588	0.00535	0.06614	0.08415	0.08688	0.04750	-0.07293	-0.03701	-0.08422	-0.03337	-0.00067	-0.00207	(And (Location $e0 $x0) (Member $e0 find) (Theme $e0 $x1))
p202774	-0.13376	-0.04158	-0.03166	-0.07281	0.20861	-0.01546	-0.03874	-0.11338	-0.00270	0.17851	-0.04818	0.06495	0.11336	-0.31692	0.11595	-0.04417	-0.02063	-0.06844	-0.00205	-0.02109	0.14814	-0.15014	-0.25633	-0.04640	0.05179	-0.02679	-0.14610	0.28676	0.07502	-0.03188	-0.08072	0.10796	(And (Location $e0 $x0) (Ongoing $e0) (Patient $e0 $x1))
p202775	0.00232	0.00748	-0.01279	-0.01588	-0.01880	0.00120	-0.02415	0.02009	0.00877	-0.01590	-0.01938	-0.03118	-0.00720	-0.01040	0.01474	0.00960	-0.01176	0.00502	-0.01313	-0.03888	-0.00872	-0.01164	-0.02935	-0.01977	-0.01486	0.00868	0.02702	0.01454	0.02490	-0.00465	-0.01215	0.00084	(And (Member $e0 capture) (Past $e0) (Theme $e0 $x0))
p202776	-0.00021	-0.00076	0.00939	-0.00328	0.02770	-0.00546	-0.00244	-0.00920	0.02995	-0.00955	-0.01630	-0.00302	0.01275	-0.00304	-0.02718	0.00931	0.00792	0.00135	0.02433	-0.01666	-0.00927	0.01310	-0.00208	0.00073	0.02526	0.00527	0.01099	-0.00172	-0.01389	0.00697	0.01217	-0.01005	(And (Member $e0 fall) (Past $e0) (Patient $e0 $x0))
p202777	-0.03646	-0.00610	0.00050	-0.00988	0.03158	-0.01874	-0.00427	-0.02427	0.02137	-0.00850	0.01953	-0.00716	0.01088	0.01685	-0.04038	-0.01463	0.02262	0.02223	-0.02300	0.01633	-0.00234	0.00097	-0.01453	0.00919	0.01289	-0.04265	-0.00631	0.00124	0.00421	0.00113	-0.00390	-0.00416	(And (Member $e0 make) (Past $e0) (Patient $e0 $x0))
p202778	0.00180	-0.00511	0.00688	-0.03202	-0.00579	0.00229	-0.00695	0.00260	0.00583	-0.01085	-0.01058	-0.04810	-0.03289	-0.00012	0.02204	-0.00120	-0.00658	-0.01029	-0.00940	-0.02583	-0.01282	-0.00635	-0.01260	-0.01035	-0.00936	-0.00596	-0.00878	-0.00668	0.02935	-0.00416	-0.01380	-0.01097	(And (Member $e0 present) (Past $e0) (Theme $e0 $x0))
p202779	0.02655	0.03172	-0.02551	0.06503	0.16592	0.00511	-0.01273	-0.02942	-0.01811	-0.03249	0.02845	-0.02958	-0.06276	0.06698	-0.01447	0.01528	-0.00418	0.06019	0.06619	0.01726	-0.03817	0.02714	-0.06224	0.02112	0.07412	0.04296	-0.02085	-0.01764	0.04582	0.05534	-0.00164	-0.03205	(And (Member $e0 receive) (Past $e0) (Theme $e0 $x0))
p202780	0.00050	0.02315	0.05619	-0.01196	-0.02037	-0.04511	0.02348	0.03392	0.00882	0.04923	0.00438	0.00062	0.00282	0.07845	0.10569	0.02650	0.01282	0.02354	-0.03093	0.00712	-0.10430	0.01607	-0.06579	-0.03503	-0.04558	-0.03127	-0.03495	0.05075	-0.05155	0.01135	-0.00628	0.01516	(And (Member $e0 start) (Past $e0) (Patient $e0 $x0))
p202781	0.01982	0.00547	-0.02495	0.05841	-0.03909	-0.02184	0.02254	0.07701	-0.02080	-0.03701	0.02107	-0.03363	-0.05606	-0.06422	-0.04635	0.08376	0.05858	0.05162	-0.02251	0.01663	0.16836	0.00918	-0.02056	-0.00770	-0.00448	-0.03109	-0.03806	-0.05920	0.01673	-0.00487	0.02147	0.00282	(And (Member $e0 try) (Past $e0) (Theme $e0 $e1))
p202782	0.08238	-0.07589	-0.08028	0.10071	-0.10024	-0.02979	0.04436	-0.11738	-0.08343	0.20199	-0.01132	-0.03368	-0.03768	0.01910	-0.11145	-0.05539	0.14937	0.07634	-0.07756	0.00667	-0.08040	0.05108	0.12170	0.00813	0.12167	0.06734	0.15191	0.17888	0.01730	-0.00132	-0.03364	-0.04818	(And (Member $e0 win) (Past $e0) (Theme $e0 $x0))
p202783	0.01343	0.01917	-0.01575	0.02722	0.08286	0.00585	-0.01955	0.00238	0.01108	-0.02872	0.00817	-0.01354	-0.02124	0.01631	-0.00400	0.01825	-0.01156	0.03727	0.04288	-0.01495	-0.01595	0.00592	-0.04149	0.00258	0.02205	0.02954	0.01606	-0.00450	0.03026	0.03201	0.00907	-0.01829	(And (Past $e0) (Source $e0 $x0) (Theme $e0 $x1))
p202849	0.06449	0.00127	-0.03898	-0.01034	-0.03889	0.05336	0.05755	-0.03772	0.00602	-0.07641	0.06033	-0.10765	-0.01096	-0.09850	0.25288	0.05989	-0.05708	-0.05362	0.03058	0.03716	-0.07141	-0.00312	0.12180	0.07348	0.08605	0.03795	-0.06204	-0.05455	-0.01181	0.05063	0.00006	-0.00603	(And (Agent $e0 $x0) (Before $e0 $e1))
p202850	-0.02584	-0.00643	0.06742	-0.02359	0.02876	0.02374	0.05106	0.03098	0.08405	0.00872	0.00968	0.02704	-0.03345	0.07453	-0.00983	0.00906	0.07338	0.01555	0.05759	-0.00212	-0.08095	0.03873	-0.03298	0.04119	-0.02039	0.06902	0.00164	0.00157	0.00541	0.04852	0.02659	0.00249	(And (Agent $e0 $x0) (Cardinality $x0 <num>))
p202851	-0.05171	-0.02539	-0.06472	-0.09024	0.09385	0.16982	-0.20981	-0.36573	-0.07015	0.05830	-0.09095	0.09611	0.01586	0.01124	0.03920	0.05164	0.01643	-0.23232	0.06470	-0.12711	0.11612	0.03300	-0.13723	0.13271	0.09127	-0.06076	0.00683	0.11787	0.04320	-0.01122	-0.02100	0.03543	(And (Agent $e0 $x0) (Member $e0 begin))
p202852	-0.00059	-0.01907	0.01545	0.00356	-0.00280	-0.01002	-0.00531	0.01848	-0.00875	-0.02339	-0.00457	0.00081	-0.00500	0.01035	-0.00466	0.00872	-0.00336	0.02116	-0.01030	-0.00353	-0.00445	-0.01679	-0.01976	0.02307	0.01214	-0.00202	0.00949	0.00539	-0.00653	0.00983	-0.01232	-0.00972	(And (Agent $e0 $x0) (Member $e0 cause))
p202853	-0.01421	-0.01220	0.00171	-0.03379	-0.01350	-0.00577	-0.00521	0.00609	0.00781	0.01125	0.01778	0.00426	-0.00584	-0.00125	-0.02072	-0.00843	-0.00600	0.01590	0.00964	0.00082	-0.00894	-0.00085	0.00003	0.02340	0.00028	-0.01665	0.00711	-0.01698	-0.00858	-0.00412	-0.00230	-0.00064	(And (Agent $e0 $x0) (Member $e0 leave))
p202854	0.01548	-0.02483	-0.00620	-0.02471	-0.01491	0.01977	0.02791	0.02989	-0.00073	0.00358	-0.00124	-0.01700	-0.01552	-0.02653	-0.02950	-0.00207	0.02475	0.01260	0.04007	0.00412	0.00085	-0.00746	0.01233	-0.01942	0.02371	0.03211	-0.02468	-0.03817	-0.01047	-0.04419	-0.00889	-0.01018	(And (Agent $e0 $x0) (Member $e0 play))
p202855	0.02459	-0.04577	-0.03542	-0.12843	0.05755	-0.18389	0.08510	0.00921	-0.05302	0.16021	-0.14343	-0.10265	-0.06725	0.21879	-0.10299	0.07474	-0.02663	-0.17936	-0.17446	-0.06352	-0.06292	-0.07833	0.09931	-0.17288	-0.03908	-0.13245	-0.07528	-0.07111	0.01302	-0.16076	0.01243	0.04091	(And (Agent $e0 $x0) (Member $e0 sing))
p202856	0.02031	0.01708	-0.01210	-0.02098	-0.05620	-0.00263	-0.01997	0.03510	0.00240	0.07248	0.03545	0.02964	0.03351	-0.01731	-0.03268	-0.01604	0.00031	-0.02638	0.04922	-0.01411	-0.01444	-0.00378	0.04366	0.02006	-0.01463	-0.00318	0.03627	-0.06018	-0.01788	-0.01131	0.00354	0.02584	(And (Agent $e0 $x0) (Member $e0 study))
p202857	-0.07138	-0.00250	-0.01344	-0.04775	0.01621	0.00857	0.06183	0.13557	0.06863	0.10840	0.07653	0.05523	0.05624	-0.10661	0.00466	-0.04652	0.00075	0.03273	0.03382	0.04502	-0.03221	-0.04167	-0.06709	-0.01502	-0.06062	-0.01659	-0.01018	0.02765	0.04307	0.06945	-0.05803	-0.01019	(And (Agent $e0 $x0) (Member $e0 take))
p202858	0.01700	0.01132	-0.01065	0.00264	-0.00540	0.05215	-0.00753	-0.01740	-0.00392	-0.01819	0.01982	0.02934	0.04917	-0.01680	-0.00802	0.00014	-0.00246	0.02259	0.00214	0.03159	-0.02728	0.00997	0.00152	0.02817	-0.00231	0.00836	0.00440	-0.00116	-0.00087	-0.00243	-0.00940	-0.00249	(And (Agent $e0 $x0) (Member $e0 watch))
p202859	0.00125	0.00431	0.02639	0.01376	-0.01554	0.01259	-0.01429	-0.00844	-0.01309	-0.00465	-0.01483	-0.00629	0.01939	0.01325	-0.00647	-0.00121	-0.01150	0.01651	-0.01476	0.00297	-0.01500	-0.02522	-0.01969	0.01851	-0.00231	0.00960	0.00092	0.01818	-0.00403	-0.00443	0.00204	0.01323	(And (Agent $e0 $x0) (Member $x0 boy))
p202860	-0.04528	-0.01571	0.00782	-0.04219	-0.01262	-0.00735	-0.02676	0.00369	0.02227	0.01962	0.02771	0.01111	-0.03799	0.00705	-0.04678	-0.02214	-0.00903	0.04925	0.01535	0.02518	-0.01201	-0.00664	0.01058	0.05129	0.00115	-0.05882	0.01282	-0.03059	0.03206	0.01100	0.00303	-0.01893	(And (Agent $e0 $x0) (Result $e0 $e1))
p202861	0.00346	-0.00146	0.01837	0.01162	-0.02246	0.02983	0.00404	-0.02793	-0.00983	0.00887	-0.00115	-0.01465	0.02097	0.01739	-0.01448	-0.00336	-0.00460	0.01587	-0.00089	0.01621	-0.01931	-0.02371	-0.00259	0.00662	-0.00544	0.01721	-0.01762	0.00248	0.00069	-0.02044	0.00919	0.01979	(And (Agent $e0 $x0) (Through $e0 $x1))
p202862	0.00936	-0.00448	0.00408	0.00498	-0.00030	-0.00975	0.00552	0.01338	0.01192	-0.00072	-0.01521	0.00177	0.00976	0.00812	0.00632	0.00963	-0.00637	-0.01149	0.00340	-0.00769	-0.01890	0.00585	-0.01292	-0.00867	0.01334	-0.00187	-0.00300	0.01039	-0.01150	0.00716	-0.01300	-0.00336	(And (Already $e0) (Patient $e0 $x0))
p202863	-0.00992	-0.00123	0.00625	0.00703	0.02196	-0.01358	-0.00089	0.00376	0.00437	-0.01341	-0.00403	-0.00949	0.01798	-0.00853	-0.00742	0.01688	0.02529	-0.01020	-0.00720	0.01382	0.01755	-0.00169	-0.01987	0.00926	-0.00247	0.00752	0.02242	-0.00602	0.01257	0.00852	0.00791	-0.02309	(And (Before $x0 $e0) (Past $e0))
p202864	0.00456	0.01243	-0.02109	-0.01309	-0.01792	-0.02603	0.01380	0.02671	-0.02747	-0.01842	-0.02547	-0.01807	-0.01355	0.00137	0.01641	-0.02438	-0.00813	-0.00543	0.03180	-0.00173	0.02509	0.00619	-0.02523	0.00566	-0.00019	0.01001	0.01989	0.01920	-0.01920	-0.03307	0.01845	-0.00654	(And (Experiencer $e0 $x0) (Member $e0 sleep))
p202865	0.01436	0.02325	-0.02468	-0.00082	0.01526	-0.00981	-0.00068	0.01088	-0.03691	0.01754	-0.00716	-0.00227	0.01745	-0.04620	0.04403	-0.00341	-0.00232	0.00839	0.04776	0.04714	-0.01041	0.01237	0.02419	0.00910	0.00241	0.02356	-0.01924	-0.03756	-0.01759	0.03050	0.00591	0.01894	(And (Experiencer $e0 $x0) (Member $x0 person))
p202866	0.00386	0.00082	-0.00799	-0.01348	-0.00358	-0.00479	0.00076	0.01621	-0.01494	-0.01002	-0.04107	-0.00871	-0.02012	0.00367	0.00561	-0.00750	-0.01177	0.00440	0.03399	0.00089	0.00405	0.00568	-0.01689	0.00571	-0.00402	0.02178	0.01672	0.01041	-0.01020	0.00023	0.01113	-0.00682	(And (Experiencer $e0 $x0) (Source $e0 $x1))
p202867	-0.00231	-0.02176	0.00073	-0.03486	-0.01251	-0.01488	0.01405	0.01542	-0.06528	0.02159	-0.11252	0.00890	-0.01242	-0.01061	-0.00495	-0.01500	-0.01608	0.02680	0.05935	0.03713	-0.00592	0.00416	-0.01638	-0.02008	-0.04967	0.05235	0.01061	-0.00484	-0.01797	-0.00135	-0.00628	-0.00577	(And (Experiencer $e0 $x0) (Time $e0 today))
p202868	-0.00645	0.01412	0.01080	-0.02778	-0.00948	-0.01574	0.00200	-0.01478	-0.02155	-0.00060	0.01233	0.00569	-0.01051	0.00161	0.00360	-0.00996	0.00017	-0.00820	-0.00804	-0.00364	0.00414	0.00461	0.01668	0.00666	-0.01741	-0.00861	-0.02441	-0.00908	-0.00963	-0.00955	-0.03588	0.00089	(And (GroupOf $x0 thing) (Theme $e0 $x0))
p202869	0.00285	0.00837	0.00913	-0.02661	-0.03873	-0.00700	-0.00445	-0.02402	0.06763	-0.03611	-0.01145	-0.04994	-0.00337	0.07610	-0.04849	0.04980	-0.02252	-0.00365	0.05704	0.01469	0.07166	-0.06869	0.07541	-0.03710	-0.00392	0.03247	-0.04044	0.06139	0.06382	0.02602	-0.02461	-0.02291	(And (Holder $e0 $x0) (Past $e0))
p202870	0.02325	0.06223	0.07611	0.01663	-0.03526	0.08057	0.00490	0.02830	-0.04032	0.05513	-0.03637	-0.04073	-0.00697	0.00661	-0.02144	0.01188	-0.02927	0.00138	-0.02082	0.02145	0.02664	-0.02746	-0.05140	0.00290	0.05235	0.02608	-0.01191	0.01397	-0.02858	-0.00025	0.02782	-0.00205	(And (LocatedIn $x0 $x1) (Location $e0 $x0))
p202871	0.01883	0.09003	0.06854	0.00912	-0.03863	0.03795	0.02551	0.00792	-0.02745	0.09707	0.01082	-0.05123	0.01129	0.08055	0.07105	0.00645	0.02851	0.03378	-0.04659	0.04461	-0.06477	-0.00744	-0.08671	-0.05410	-0.04033	-0.04298	-0.04478	0.03244	-0.06451	-0.01165	0.01875	0.03652	(And (LocatedIn $x0 $x1) (Patient $e0 $x0))
p202872	0.03730	0.03689	-0.01833	0.03098	0.01669	-0.01817	-0.00075	-0.01495	-0.03249	0.00201	0.04804	-0.01721	0.04813	-0.07961	0.14656	0.00471	-0.02536	-0.02138	0.04121	0.04109	-0.03738	-0.00104	0.06947	0.03733	0.02320	0.03252	-0.04308	-0.03625	-0.01971	0.04385	0.01536	0.03897	(And (Measure $e0 duration <num> year) (Past $e0))
p202873	0.00225	0.00742	-0.01284	-0.01593	-0.01884	0.00114	-0.02419	0.02004	0.00873	-0.01596	-0.01943	-0.03124	-0.00724	-0.01046	0.01469	0.00955	-0.01182	0.00495	-0.01320	-0.03893	-0.00877	-0.01170	-0.02941	-0.01982	-0.01491	0.00861	0.02697	0.01451	0.02485	-0.00470	-0.01221	0.00079	(And (Member $e0 capture) (Theme $e0 $x0))
p202874	-0.05003	0.05115	0.13342	-0.00702	0.20571	-0.14466	0.05865	-0.14224	0.08692	-0.00420	0.03749	0.10573	0.17029	-0.02554	-0.05499	0.04460	0.16838	-0.09245	-0.08158	0.10633	-0.03037	0.05554	0.00992	0.14209	-0.03384	0.03603	0.18429	-0.11223	-0.08898	-0.07198	-0.02873	-0.07641	(And (Member $e0 contain) (Theme $e0 $x0))
p202875	-0.08476	-0.03833	-0.02908	-0.07453	0.15940	0.02256	-0.09316	-0.26264	-0.06222	0.14558	-0.06718	0.03921	0.07644	-0.22435	0.08120	-0.02857	-0.04474	-0.12337	-0.02115	-0.04918	0.17935	-0.09465	-0.18204	0.02251	0.06831	-0.07196	-0.07990	0.21106	0.04352	-0.04357	-0.06747	0.08342	(And (Member $e0 create) (Patient $e0 $x0))
p202876	0.01105	-0.02302	0.01290	0.00058	-0.02001	-0.00305	0.05385	-0.01299	0.01652	0.00914	-0.02791	-0.03150	0.00188	-0.01990	-0.01180	0.03676	-0.02969	-0.02563	0.03505	-0.04496	-0.00812	0.00990	0.00811	-0.01177	0.03894	0.00719	-0.00622	0.00200	-0.03155	0.00575	-0.01694	-0.02968	(And (Member $e0 direct) (Patient $e0 $x0))
p202877	0.00170	-0.00525	0.01317	0.01560	-0.00647	0.01517	-0.02290	0.00373	0.00564	-0.00818	-0.02460	0.01392	0.03158	0.01400	-0.01834	0.00818	-0.00431	-0.00548	0.00092	0.00647	-0.02703	-0.00820	-0.00848	0.00074	0.01968	0.02173	0.00490	0.00352	0.01895	0.00324	-0.01310	0.00378	(And (Member $e0 draw) (Past $e0))
p202878	0.00072	-0.00158	-0.00654	-0.00356	-0.00462	0.00551	-0.01281	-0.00018	0.00259	-0.00490	0.00960	-0.01439	0.01536	-0.00289	-0.00271	-0.00103	-0.00435	0.01273	-0.00022	-0.01415	-0.00147	-0.00541	-0.01903	-0.02123	-0.00960	0.00820	0.02091	-0.00548	0.02338	-0.01741	-0.00102	0.00151	(And (Member $e0 follow) (Past $e0))
p202879	0.00880	0.01762	-0.01673	0.00510	0.03669	-0.00101	0.00445	-0.01931	0.00252	-0.00225	0.01687	-0.00411	0.01610	0.01480	-0.00155	0.03371	-0.01405	0.01826	-0.00806	0.00273	-0.00532	0.00999	-0.04257	-0.00469	0.01199	0.01663	0.05856	-0.02160	-0.00175	0.00512	-0.01793	-0.01219	(And (Member $e0 follow) (Theme $e0 $x0))
p202880	-0.02889	0.00896	0.16051	0.09059	-0.09943	-0.05016	-0.08747	-0.14350	0.06610	0.06637	-0.06043	0.11885	-0.06350	-0.08988	0.17143	0.20300	-0.15589	0.07246	0.02741	0.00185	-0.01490	-0.06021	0.21091	0.03457	0.08958	-0.00871	0.16984	-0.19224	0.15495	-0.07592	0.07152	-0.08301	(And (Member $e0 get) (Ongoing $e0))
p202881	-0.02173	0.01076	0.15394	0.09424	-0.09618	-0.04845	-0.07906	-0.13596	0.06088	0.06476	-0.07260	0.11141	-0.06152	-0.09097	0.16984	0.20024	-0.15061	0.06620	0.02994	0.00200	-0.01934	-0.06021	0.20220	0.03376	0.08745	-0.00290	0.16063	-0.18056	0.14386	-0.06504	0.06247	-0.07964	(And (Member $e0 get) (Patient $e0 $x0))
p202882	-0.03713	0.00288	0.15891	0.07620	-0.09449	-0.04762	-0.08520	-0.14167	0.06836	0.06719	-0.05518	0.11471	-0.06156	-0.09226	0.16579	0.19963	-0.15750	0.06992	0.02221	-0.00313	-0.01067	-0.05768	0.20553	0.03511	0.09149	-0.00813	0.16919	-0.18512	0.15107	-0.06374	0.07341	-0.08325	(And (Member $e0 get) (Result $e0 $e1))
p202883	-0.02834	-0.00255	0.01607	-0.04461	-0.00836	-0.01511	-0.03144	0.01709	0.00916	0.00668	0.00726	-0.00297	-0.02810	0.00360	-0.02113	-0.01636	-0.01360	0.02442	0.00364	-0.01371	-0.01319	0.00843	-0.00434	0.02821	0.01432	-0.02707	-0.00255	-0.00727	0.00525	0.01363	0.00486	-0.00001	(And (Member $e0 leave) (Past $e0))
p202884	0.00973	-0.00514	-0.01596	0.00700	-0.02648	-0.01908	0.00459	0.04735	-0.03304	0.00075	-0.03204	-0.00877	-0.01326	-0.03127	-0.02027	0.04358	0.04093	0.00969	0.00073	0.02785	0.06650	0.00310	-0.01488	-0.01208	-0.02127	-0.00206	-0.00163	-0.04320	-0.01326	0.00092	-0.01448	-0.01864	(And (Member $e0 need) (Theme $e0 $e1))
p202885	0.00180	-0.00510	0.00688	-0.03202	-0.00579	0.00229	-0.00694	0.00260	0.00584	-0.01085	-0.01058	-0.04810	-0.03289	-0.00012	0.02205	-0.00119	-0.00658	-0.01028	-0.00939	-0.02582	-0.01282	-0.00635	-0.01260	-0.01035	-0.00935	-0.00596	-0.00878	-0.00668	0.02935	-0.00416	-0.01380	-0.01097	(And (Member $e0 present) (Past $e0))
p202886	0.00180	-0.00510	0.00688	-0.03202	-0.00579	0.00229	-0.00695	0.00260	0.00583	-0.01085	-0.01058	-0.04810	-0.03289	-0.00012	0.02205	-0.00119	-0.00658	-0.01029	-0.00940	-0.02582	-0.01282	-0.00635	-0.01260	-0.01035	-0.00935	-0.00596	-0.00878	-0.00668	0.02935	-0.00416	-0.01380	-0.01097	(And (Member $e0 present) (Theme $e0 $x0))
p202887	0.02655	0.03172	-0.02551	0.06503	0.16592	0.00511	-0.01273	-0.02942	-0.01811	-0.03249	0.02845	-0.02958	-0.06276	0.06698	-0.01447	0.01528	-0.00418	0.06019	0.06619	0.01726	-0.03817	0.02714	-0.06224	0.02112	0.07412	0.04296	-0.02085	-0.01764	0.04582	0.05534	-0.00164	-0.03205	(And (Member $e0 receive) (Theme $e0 $x0))
p202888	0.00279	-0.00759	0.01719	0.00981	-0.00596	-0.00857	0.01956	-0.02428	0.00865	0.01841	0.00074	0.02105	-0.00340	-0.00732	-0.00608	-0.00521	-0.01729	-0.00135	-0.01089	0.01807	0.02591	0.02856	0.00381	0.00692	-0.00987	0.00695	-0.00652	-0.00691	0.01568	-0.00936	0.00293	0.04265	(And (Member $e0 run) (Past $e0))
p202889	0.00109	0.02042	0.00660	-0.00373	0.01480	0.01867	0.02041	-0.02828	-0.02178	0.01795	0.02457	0.00445	0.00346	0.00449	-0.00647	0.00238	-0.00589	0.01024	0.00435	0.00256	-0.00183	0.00567	-0.00964	-0.00326	0.00852	0.00719	0.00363	-0.03031	-0.01901	-0.01045	-0.01214	-0.00445	(And (Member $e0 sell) (Theme $e0 $x0))
p202890	0.02484	-0.04104	-0.03453	-0.12520	0.05559	-0.18608	0.08155	0.00913	-0.05534	0.16032	-0.13540	-0.09764	-0.05959	0.21495	-0.10530	0.06732	-0.02433	-0.17615	-0.17079	-0.06761	-0.05312	-0.07739	0.09867	-0.17709	-0.04317	-0.13631	-0.07392	-0.07186	0.01427	-0.17121	0.01973	0.04200	(And (Member $e0 sing) (Past $e0))
p202891	0.01674	0.01799	-0.03351	0.00025	-0.02721	-0.01817	0.01687	0.01149	-0.02814	-0.03566	-0.00452	-0.02342	0.00677	-0.00792	0.03194	-0.03029	0.00566	-0.00318	0.04248	-0.00494	0.00934	0.00808	0.00832	0.00431	0.00572	0.01656	0.00704	0.00947	-0.02754	-0.04628	0.02411	0.00669	(And (Member $e0 sleep) (Ongoing $e0))
p202892	-0.01085	-0.00510	-0.00067	-0.00588	-0.00996	-0.01302	0.00591	0.00598	0.00467	-0.01010	0.00877	-0.00307	0.02899	0.00854	-0.01165	-0.01651	-0.00057	-0.01222	0.01735	0.00620	0.01074	0.00368	-0.02563	-0.00196	-0.00184	0.00265	0.02697	0.00644	0.00998	-0.04263	0.00871	-0.01584	(And (Member $e0 stand) (Past $e0))
p202893	0.01942	-0.00138	-0.00876	-0.00807	-0.01812	0.01376	0.00121	0.00421	-0.00310	0.00440	0.02087	0.01975	0.01145	-0.00813	-0.01246	-0.01237	0.01016	0.01600	0.03051	-0.00998	-0.00244	0.00468	0.01385	-0.01762	0.00149	0.00898	0.00062	-0.02603	-0.01324	-0.05000	0.00571	0.00301	(And (Member $e0 study) (Ongoing $e0))
p202894	-0.02311	-0.00428	0.01559	-0.04186	-0.00416	-0.01231	0.00198	-0.01646	0.03755	0.01833	-0.01353	0.00352	-0.00246	0.00838	-0.02805	0.02005	-0.02723	0.02080	-0.00626	-0.02036	-0.00735	0.03353	-0.01189	-0.01875	0.02609	-0.01095	0.01339	-0.00358	-0.01176	0.00197	0.00943	0.02589	(And (Member $e0 turn) (Past $e0))
p202895	0.08238	-0.07589	-0.08028	0.10071	-0.10024	-0.02979	0.04436	-0.11738	-0.08343	0.20199	-0.01132	-0.03368	-0.03768	0.01910	-0.11145	-0.05539	0.14937	0.07634	-0.07756	0.00667	-0.08040	0.05108	0.12170	0.00813	0.12167	0.06734	0.15191	0.17888	0.01730	-0.00132	-0.03364	-0.04818	(And (Member $e0 win) (Past $e0))
p202896	0.08238	-0.07589	-0.08028	0.10071	-0.10024	-0.02979	0.04436	-0.11738	-0.08343	0.20199	-0.01132	-0.03368	-0.03768	0.01910	-0.11145	-0.05539	0.14937	0.07634	-0.07756	0.00667	-0.08040	0.05108	0.12170	0.00813	0.12167	0.06734	0.15191	0.17888	0.01730	-0.00132	-0.03364	-0.04818	(And (Member $e0 win) (Theme $e0 $x0))
p202897	-0.08781	0.04922	-0.02254	-0.03037	-0.01457	-0.03259	-0.04518	-0.03658	0.04768	-0.00673	0.03133	-0.01856	0.00674	0.00971	-0.01174	0.02610	0.02694	0.05552	-0.07076	0.01779	-0.02313	0.00900	0.04200	-0.02461	0.07499	-0.05720	-0.01020	-0.04711	0.00570	-0.02430	0.03113	0.05748	(And (Member $x0 bad) (Patient $e0 $x0))
p202898	0.01031	0.01266	0.01160	-0.02582	-0.00684	0.01744	-0.00507	-0.00688	-0.01176	0.01624	0.00455	-0.01922	-0.01609	-0.00273	0.01044	-0.00060	-0.01461	0.00376	-0.01497	-0.01141	0.00071	0.00171	-0.02221	-0.00949	-0.00836	-0.00624	0.00896	-0.01234	0.00622	-0.00576	-0.01593	-0.00368	(And (Member $x0 house) (Theme $e0 $x0))
p202899	0.01053	0.01190	-0.01967	-0.00362	-0.00835	0.01088	-0.01645	0.01510	0.01038	-0.01289	-0.00981	-0.00950	0.01462	-0.01014	-0.00389	0.01718	-0.00881	0.01771	0.00816	-0.03186	-0.00672	-0.00775	-0.03011	-0.02094	-0.00365	0.02348	0.03815	0.00436	0.00559	-0.01330	-0.00554	0.00214	(And (Member $x0 new) (Theme $e0 $x0))
p202900	-0.01197	0.07279	-0.07500	0.04274	-0.05344	0.17589	-0.03558	0.04303	0.04991	0.04982	-0.02061	0.03395	0.01432	0.07557	-0.10261	-0.04880	0.04141	-0.01743	0.03570	0.10557	-0.03182	-0.00633	-0.04638	-0.00597	-0.06075	-0.06570	0.03632	-0.05660	0.13753	0.05886	-0.06558	-0.02294	(And (Member $x0 room) (Patient $e0 $x0))
p202901	-0.01020	0.00192	0.00642	0.01702	0.02221	-0.02040	-0.00473	0.00168	0.02220	-0.01036	0.00890	0.01137	0.02054	0.00042	-0.01820	0.00803	-0.01047	0.01033	0.01069	0.00894	-0.00605	0.01316	-0.01514	0.00566	0.04264	-0.00560	-0.00732	0.00673	0.00120	-0.01345	0.00217	-0.00880	(And (Member $x0 sound) (Patient $e0 $x0))
p202902	0.00660	-0.01452	-0.00173	0.00208	-0.01192	0.01205	0.01410	0.01659	0.00873	0.02101	0.00994	0.00723	0.00778	-0.00577	-0.01923	-0.00799	0.00311	0.00298	0.02196	0.02464	-0.01415	-0.00044	0.00333	-0.01240	0.00487	0.00883	-0.02369	-0.02197	0.01631	-0.02172	-0.01409	0.00937	(And (Past $e0) (Stimulus $e0 $e1))
p202903	-0.00314	-0.02446	0.01104	0.00130	0.00270	-0.00401	0.00757	-0.00821	0.00949	0.01497	0.01009	0.00194	0.03299	-0.01756	-0.00571	0.00466	-0.00876	-0.00452	0.00132	0.00814	0.00068	0.00460	0.00048	-0.01687	-0.00245	-0.00438	-0.00656	-0.00081	0.01235	0.00322	-0.00355	-0.01552	(And (Past $e0) (Time $e0 (Year <num>)))
p202904	0.00132	-0.02789	0.02811	0.00710	-0.00055	0.00119	0.01953	-0.02424	0.01441	0.02742	0.01404	0.01309	0.05488	-0.02481	-0.01393	0.01031	-0.01521	-0.00617	0.00025	0.02327	0.00556	0.01765	0.00845	-0.01923	-0.00333	-0.00793	-0.00352	-0.00575	0.01562	0.00116	-0.00478	-0.01824	(And (Past $e0) (Time $e0 night))
p202905	-0.01060	-0.02105	0.02526	0.00560	-0.00928	-0.00978	-0.00903	-0.02264	-0.02388	-0.01299	-0.00359	-0.00974	0.01997	0.00360	0.00614	-0.01811	-0.00478	0.01965	-0.00577	0.01997	-0.01899	-0.01772	-0.00342	0.02977	-0.02836	0.00166	-0.01569	0.01418	0.00719	-0.00190	-0.00173	0.00311	(And (Past $e0) (TimeAtMost $e0 (Year <num>)))
p202908	0.14766	0.11961	-0.03963	-0.02391	0.03722	0.14879	0.03075	0.12463	-0.03076	-0.18203	-0.09273	0.20319	0.09841	-0.20327	-0.04185	-0.00749	-0.06140	0.12561	-0.10179	-0.05412	-0.09306	0.13126	0.13273	0.08428	-0.05529	-0.09613	-0.16001	0.32069	0.05127	-0.03245	0.14362	-0.14077	(And (Theme $e0 $x0) (To $e1 $e0))
p202970	0.00308	0.00302	-0.00071	0.00250	0.01130	-0.00421	-0.00760	0.00339	0.01676	-0.01166	-0.00903	-0.00511	0.00729	-0.00626	-0.00329	0.00418	0.00474	-0.00358	0.00311	-0.01479	-0.00275	-0.00181	-0.00972	0.00217	0.00083	0.00798	0.01931	0.00945	-0.00138	0.00167	0.00654	-0.00420	(GroupOf $x0 book)
p202971	-0.00598	-0.01645	-0.00948	0.00059	-0.00937	0.00768	0.00262	-0.00213	-0.00082	0.00858	0.02169	0.00641	-0.00958	0.00405	-0.03784	-0.02860	0.01568	0.03638	0.03006	0.02880	-0.01300	-0.01637	0.01168	0.00910	-0.00576	-0.01613	-0.01674	-0.02653	0.02299	-0.03769	-0.00774	-0.00321	(GroupOf $x0 boy)
p202972	0.00367	0.01034	0.02388	-0.00454	0.01034	0.00744	0.00116	-0.00513	0.00376	0.00634	-0.00402	-0.00470	-0.00513	-0.00052	-0.00482	-0.00351	0.01051	-0.00905	-0.00612	0.00203	-0.00167	-0.00161	-0.00415	0.01385	0.00502	0.00554	0.00262	-0.00397	-0.00945	-0.00302	0.00547	-0.00483	(GroupOf $x0 city)
p202973	0.00805	-0.01219	-0.01837	0.00429	-0.02471	-0.00759	0.02057	0.10181	0.01090	-0.01964	0.00116	-0.02045	-0.00842	-0.04524	-0.00472	0.02332	0.03305	0.02215	0.01607	0.00227	0.01363	-0.01005	-0.00332	-0.02570	0.00862	0.01661	-0.03596	-0.02583	-0.00483	0.00138	-0.00465	-0.01007	(GroupOf $x0 cloud)
p202974	0.00983	0.01413	0.01423	0.00170	-0.00191	0.03236	0.00791	-0.01323	-0.00700	0.02717	0.00175	-0.01800	-0.00674	0.00337	-0.00539	-0.00355	-0.00908	0.00663	-0.00962	0.01069	0.01027	-0.01454	-0.01989	-0.00415	-0.00059	-0.00925	-0.00257	0.00487	-0.00466	0.00058	0.00650	-0.00047	(GroupOf $x0 flower)
p202975	0.01063	-0.00453	-0.01065	0.00402	-0.00918	0.00264	0.00145	0.00063	0.00341	-0.01212	-0.00449	-0.00114	0.00653	0.00757	0.00943	-0.00326	0.00798	-0.00540	0.00301	-0.00162	-0.00691	-0.00104	0.00729	-0.01020	-0.00356	-0.00524	0.00312	-0.00706	0.00193	-0.00267	-0.00625	0.00527	(Location $e0 here)
p202976	0.02656	0.00039	-0.00840	-0.07072	-0.00376	-0.13628	0.03306	0.03488	-0.03410	0.16765	-0.05656	-0.05639	-0.03313	0.12124	-0.01630	0.02144	-0.01205	-0.12136	-0.08713	-0.02395	-0.06014	-0.05655	0.05004	-0.09023	-0.06872	-0.11164	-0.05535	-0.03466	0.00317	-0.09424	0.01101	0.05069	(Member $e0 appear)
p202977	-0.05003	0.05115	0.13342	-0.00702	0.20571	-0.14466	0.05865	-0.14224	0.08692	-0.00420	0.03749	0.10573	0.17029	-0.02554	-0.05499	0.04460	0.16838	-0.09245	-0.08158	0.10633	-0.03037	0.05554	0.00992	0.14209	-0.03384	0.03603	0.18429	-0.11223	-0.08898	-0.07198	-0.02873	-0.07641	(Member $e0 contain)
p202978	-0.08476	-0.03833	-0.02908	-0.07453	0.15940	0.02256	-0.09316	-0.26264	-0.06222	0.14558	-0.06718	0.03921	0.07644	-0.22435	0.08120	-0.02857	-0.04474	-0.12337	-0.02115	-0.04918	0.17935	-0.09465	-0.18204	0.02251	0.06831	-0.07196	-0.07990	0.21106	0.04352	-0.04357	-0.06747	0.08342	(Member $e0 create)
p202979	0.00170	-0.00525	0.01317	0.01560	-0.00647	0.01517	-0.02290	0.00373	0.00564	-0.00818	-0.02460	0.01392	0.03158	0.01400	-0.01834	0.00818	-0.00431	-0.00548	0.00092	0.00647	-0.02703	-0.00820	-0.00848	0.00074	0.01968	0.02173	0.00490	0.00352	0.01895	0.00324	-0.01310	0.00378	(Member $e0 draw)
p202980	0.01226	-0.01622	0.00950	-0.00007	-0.00524	-0.00959	-0.00164	0.01517	-0.00611	0.00216	0.01698	-0.00317	-0.01262	-0.01889	-0.02490	-0.00386	0.00529	0.02179	0.02889	-0.01682	0.03244	-0.00496	0.00019	0.03005	-0.00016	-0.01604	0.00293	-0.01476	-0.01627	0.00310	0.00925	-0.01917	(Member $e0 eat)
p202981	-0.00137	-0.02008	0.00883	0.00435	0.00381	-0.00518	0.00250	-0.01522	-0.00050	-0.00046	0.00805	-0.00434	0.00989	0.00008	-0.00081	-0.00150	-0.00575	0.00169	-0.00392	0.01127	-0.00110	-0.00323	-0.00440	0.00845	-0.00595	-0.01494	-0.00445	0.00129	0.00586	0.00330	-0.00625	-0.01016	(Member $e0 form)
p202982	-0.00006	-0.00411	0.00160	-0.01001	0.00724	-0.00686	-0.00229	0.00480	-0.00832	-0.00166	-0.03146	0.00175	-0.00670	-0.00246	-0.00327	-0.00785	0.00692	0.00194	0.01685	0.00541	-0.00349	0.00150	-0.00305	0.00045	-0.01229	0.01613	0.00886	-0.00038	-0.00704	0.00033	0.00382	-0.00173	(Member $e0 look)
p202983	0.06299	-0.06193	-0.06225	0.08153	-0.07486	-0.02321	0.03890	-0.09532	-0.06209	0.16372	-0.00677	-0.02129	-0.02515	0.01652	-0.09016	-0.04330	0.11540	0.05701	-0.06032	0.01044	-0.06100	0.03879	0.09089	0.01055	0.09914	0.05137	0.11822	0.15050	0.00516	0.00204	-0.02084	-0.03780	(Member $e0 portray)
p202984	-0.00168	-0.00696	-0.00108	-0.00694	-0.00732	0.00118	-0.00262	-0.00580	0.00876	-0.00777	-0.00113	0.00019	0.01006	0.00257	0.00476	0.01522	-0.00965	0.00005	-0.00873	-0.00312	-0.01402	-0.00302	-0.00878	0.00884	-0.00397	0.00728	0.02022	0.00241	-0.00032	0.00165	-0.00667	-0.00212	(Member $e0 provide)
p202985	-0.03413	-0.00087	0.00937	-0.00186	-0.01017	-0.00617	0.02156	-0.00072	-0.02661	0.00497	0.00452	0.00933	0.00527	-0.01091	-0.00122	-0.00805	0.00106	-0.00460	-0.00457	0.00049	-0.00803	-0.00280	0.01010	-0.00449	-0.01202	0.00341	-0.01209	-0.02257	0.01429	0.00147	-0.01773	-0.01309	(Member $e0 say)
p202986	-0.01094	-0.00517	-0.00075	-0.00595	-0.01003	-0.01310	0.00584	0.00590	0.00461	-0.01019	0.00871	-0.00313	0.02893	0.00846	-0.01172	-0.01658	-0.00064	-0.01229	0.01727	0.00613	0.01066	0.00360	-0.02571	-0.00203	-0.00190	0.00257	0.02690	0.00638	0.00991	-0.04269	0.00863	-0.01591	(Member $e0 stand)
p202987	0.00844	-0.00112	0.02018	0.08046	-0.04735	-0.02873	-0.02965	0.07640	-0.06416	0.00840	0.02776	-0.00856	0.05133	-0.05099	-0.08172	0.12179	0.08502	0.04406	-0.06285	0.06615	0.17404	-0.00686	-0.02587	-0.03173	-0.02107	-0.04733	-0.01684	-0.07451	0.00416	-0.00197	0.02235	-0.06034	(Member $e0 stop)
p202988	0.01325	-0.02376	-0.00801	-0.00570	-0.02157	0.02703	0.02173	0.03888	-0.00083	0.00413	0.00808	-0.01070	0.00481	-0.02289	-0.04283	-0.01301	0.02505	0.02781	0.04230	0.00695	-0.00642	-0.02142	0.01280	-0.03388	0.03141	0.04028	-0.04578	-0.02760	-0.00202	-0.05790	-0.00437	0.01085	(Member $e0 swim)
p202989	-0.00424	0.00293	-0.00893	0.02758	-0.03381	0.01855	-0.02331	0.01442	-0.01010	-0.03654	0.00276	0.00235	0.04457	0.00432	-0.00014	0.00452	0.03591	0.00510	-0.01404	0.03752	-0.01941	-0.00707	0.00820	0.02552	-0.00878	0.01754	-0.02454	-0.00310	0.01195	0.01530	-0.00435	0.02235	(Member $e0 travel)
p202990	0.00929	0.00419	-0.01287	0.00760	-0.01039	-0.00510	-0.00280	-0.00157	0.00735	-0.00570	-0.00724	0.00333	0.00783	0.01760	-0.00769	0.01401	-0.00812	0.00020	0.00721	0.00741	0.00576	-0.00574	0.00950	-0.01079	0.00217	-0.00017	-0.01019	0.01298	-0.00219	0.00595	-0.01606	0.00287	(Member $x0 bank)
p202991	-0.00951	0.01420	0.02069	-0.02469	-0.00770	0.02811	-0.00585	-0.01627	0.00880	0.03050	-0.01162	-0.01771	-0.01233	0.00745	-0.01718	0.01003	-0.01908	0.01795	-0.00706	0.00097	0.00239	-0.00449	-0.01262	-0.01371	0.01686	-0.01073	0.00726	-0.00494	-0.00661	0.00262	0.01867	0.00466	(Member $x0 black)
p202992	0.01548	0.01173	0.00675	-0.00437	-0.02074	-0.02214	-0.00524	0.00650	-0.00423	-0.00191	-0.00020	-0.02053	-0.02731	0.03589	0.05243	0.00827	-0.00630	0.00698	-0.00603	0.01080	-0.01682	-0.01760	-0.00491	-0.02281	-0.02840	-0.02062	-0.03909	0.02714	0.01958	-0.01230	-0.02066	0.00101	(Member $x0 blue)
p202993	0.00652	0.00389	0.00702	-0.00550	-0.00128	0.01570	-0.00023	-0.00448	0.00162	0.01134	0.00131	-0.01233	-0.00544	-0.00190	0.00523	0.00043	-0.00960	-0.00140	-0.00756	-0.00531	0.00595	-0.00699	-0.00807	-0.00671	0.00257	-0.00205	0.00214	0.00769	-0.00562	0.00176	0.01065	0.00022	(Member $x0 box)
p202994	0.01476	0.02478	0.01059	0.00269	-0.00887	0.02486	0.01471	-0.01005	0.00692	0.02608	-0.01284	-0.01067	-0.00835	-0.00644	-0.00480	-0.00072	-0.01696	0.00083	-0.00902	-0.00792	0.02074	0.00360	-0.02493	-0.01149	0.00057	0.00533	0.00917	0.01010	-0.00795	-0.00449	0.00799	0.02990	(Member $x0 corner)
p202995	0.01895	0.00145	0.01442	-0.00527	-0.00552	0.01432	0.01396	-0.00997	0.00006	0.01935	-0.01889	-0.02793	-0.00613	-0.00801	-0.00099	0.01074	-0.01830	-0.00890	0.01065	-0.01906	-0.00443	-0.00005	-0.01392	-0.01794	0.01498	-0.00095	-0.01305	0.00349	-0.01010	-0.00032	-0.00871	-0.00977	(Member $x0 film)
p202996	0.02045	-0.00256	0.01460	0.01854	-0.00530	-0.00798	0.00698	-0.01237	-0.01521	-0.03252	-0.00518	-0.00237	0.02205	-0.01738	0.01913	-0.01319	0.00732	0.00916	0.02374	-0.00352	-0.00492	-0.00184	0.02847	0.02427	0.01324	0.01077	0.00166	-0.00757	-0.02505	-0.00869	0.00528	0.00143	(Member $x0 fire)
p202997	0.00984	0.01077	0.00432	0.00779	-0.00302	0.01124	-0.00260	-0.00363	-0.00221	0.01145	-0.00194	-0.00469	-0.00257	0.00184	0.00457	-0.00179	-0.00187	0.00302	-0.00281	0.00277	0.00042	-0.00792	-0.00720	-0.00817	-0.00170	-0.00389	-0.00263	0.00184	-0.00214	-0.01006	0.00519	0.00350	(Member $x0 fridge)
p202998	0.01355	0.02522	0.02440	-0.00008	-0.00564	0.04602	0.00755	-0.01612	-0.01037	0.04216	0.00052	-0.02147	0.00006	0.00183	-0.00808	-0.00140	-0.01339	0.00551	-0.01151	0.00429	0.01633	-0.01595	-0.02334	-0.01672	0.00144	-0.00204	-0.00089	0.00613	-0.01298	-0.00201	0.01771	0.00565	(Member $x0 full)
p202999	0.00524	-0.00228	-0.01029	0.00334	-0.00961	0.00809	0.00207	-0.00614	0.00085	-0.00803	0.00483	0.00186	0.01488	-0.00108	0.00078	0.00231	0.00526	0.01059	-0.00506	0.01725	-0.01774	-0.00728	-0.00524	0.00749	-0.00765	0.00181	0.00823	-0.00685	0.00380	-0.01386	-0.01617	0.00113	(Member $x0 government)
p203000	0.00849	0.00248	-0.00506	0.00802	0.00163	-0.00342	-0.00592	-0.00604	-0.01145	-0.01047	0.00969	-0.00335	0.00635	0.00745	-0.00937	-0.00872	0.00159	0.02556	0.00712	-0.01257	-0.00767	-0.00533	-0.00896	-0.00066	-0.00148	0.00267	0.00387	0.00871	-0.01713	-0.01787	0.00334	0.00577	(Member $x0 language)
p203001	-0.04603	0.01520	-0.01764	0.01861	-0.02310	0.01052	0.02757	0.00080	-0.00283	-0.01456	0.01018	-0.00329	0.01235	-0.00640	-0.01423	-0.00519	0.00713	-0.00305	0.00849	-0.05048	0.00211	-0.02743	0.01398	-0.02459	-0.00499	0.01308	0.01180	-0.00287	0.00206	-0.00765	0.01626	0.00154	(Member $x0 line)
p203002	0.00735	-0.00164	-0.00434	-0.00066	0.00368	-0.00312	0.00110	0.00380	0.00684	0.00190	-0.00089	0.00466	-0.00307	-0.00899	0.00075	-0.00069	-0.00517	-0.00316	0.00356	-0.00670	0.00734	0.00691	0.00072	-0.00250	0.00365	-0.00019	0.00138	0.00099	-0.00445	0.00357	0.00215	0.00697	(Member $x0 party)
p203003	-0.01636	-0.01274	0.00041	-0.01212	0.01463	-0.00865	0.00562	-0.01559	-0.00640	0.00359	-0.01720	-0.00193	0.00698	0.00640	-0.01244	0.00294	-0.00937	0.01629	0.01069	0.02510	-0.01056	0.00474	-0.01015	0.00181	0.00075	0.00987	-0.00159	-0.00238	-0.00071	0.00604	0.00201	-0.00032	(Member $x0 train)
p203004	0.00279	-0.00285	-0.00012	-0.00392	0.00634	-0.00181	0.00314	-0.00809	0.00696	0.00474	0.00464	0.01186	0.00271	-0.00628	0.00142	0.00382	-0.00813	-0.00313	-0.00464	0.00257	0.00521	0.01045	-0.00323	0.00281	0.00045	0.00183	0.00936	-0.00299	-0.00172	0.00088	-0.00266	0.00518	(Member $x0 way)
p203005	0.01146	-0.00607	0.01669	0.01865	0.00188	-0.01757	-0.00016	-0.01879	-0.01463	-0.01888	-0.00313	-0.00467	0.00300	-0.00009	0.00736	-0.01504	-0.00412	0.02233	0.00652	-0.00798	0.00219	-0.01441	-0.00928	0.02951	-0.00718	-0.02167	-0.00636	0.01579	-0.02284	-0.00806	-0.00430	-0.00146	(Member $x0 wind)
p203006	0.02133	0.03028	-0.01841	0.04537	0.15147	-0.00117	-0.00284	-0.04040	-0.02818	-0.01769	0.02862	-0.01052	-0.04738	0.05520	-0.01081	0.00778	-0.00517	0.05032	0.06267	0.02837	-0.02324	0.02810	-0.04564	0.01722	0.05008	0.03022	-0.02886	-0.03258	0.01811	0.04277	-0.00289	-0.01852	(Member $x0 work)
p203007	0.00225	0.00546	-0.00275	-0.00793	-0.01101	-0.00332	-0.02111	0.01764	0.00288	-0.01342	-0.01315	-0.01346	-0.00932	0.00021	0.00976	0.00604	-0.00913	-0.00204	-0.01220	-0.02394	-0.01151	-0.00202	-0.01858	-0.00187	0.00211	0.00714	0.01720	0.00845	0.01441	-0.00085	-0.01078	-0.00184	(Of $x0 $x1)
p203008	0.00401	0.00472	0.00785	0.01994	0.01844	-0.01039	0.01665	-0.02581	0.01515	-0.01156	-0.01077	0.00359	-0.00542	0.01167	-0.01005	-0.00261	0.00172	-0.00017	0.00347	0.00875	-0.00107	0.01334	-0.00412	0.02611	0.00379	0.01913	-0.00638	0.00321	-0.00224	-0.00378	0.00609	0.03626	(Over $e0 $x0)
p203009	0.00463	-0.00168	0.01685	-0.00341	0.00295	0.01176	0.00438	-0.01575	-0.01003	0.00536	-0.00597	-0.01112	-0.00551	0.00067	-0.00047	-0.00815	-0.00542	0.00883	0.00048	0.00718	0.00251	-0.01040	-0.01171	0.01429	-0.00596	-0.00330	0.00144	0.00679	-0.01105	0.00189	0.00503	-0.00256	(ProportionOf $x0 $x1 most)
p203010	0.00663	-0.00276	0.00653	-0.00800	0.00823	-0.01016	-0.00124	-0.02136	-0.01338	0.00643	0.00383	0.00453	0.00672	0.01330	-0.00836	0.00939	-0.01786	0.01041	0.00906	0.00969	0.01104	0.00356	0.00965	-0.00999	0.00176	0.00439	-0.01861	0.00302	-0.00678	0.00221	-0.01205	-0.00127	(Still $e0)
p203011	0.00660	-0.01452	-0.00173	0.00208	-0.01192	0.01205	0.01410	0.01659	0.00873	0.02101	0.00994	0.00723	0.00778	-0.00577	-0.01923	-0.00799	0.00311	0.00298	0.02196	0.02464	-0.01415	-0.00044	0.00333	-0.01240	0.00487	0.00883	-0.02369	-0.02197	0.01631	-0.02172	-0.01409	0.00937	(Stimulus $e0 $e1)
p203012	-0.00308	-0.02441	0.01110	0.00135	0.00276	-0.00395	0.00763	-0.00815	0.00954	0.01504	0.01014	0.00199	0.03304	-0.01750	-0.00565	0.00472	-0.00871	-0.00447	0.00138	0.00819	0.00073	0.00466	0.00054	-0.01681	-0.00240	-0.00433	-0.00651	-0.00075	0.01240	0.00328	-0.00349	-0.01547	(Time $e0 (Year <num>))
p203013	-0.01056	-0.02101	0.02531	0.00565	-0.00923	-0.00974	-0.00898	-0.02260	-0.02382	-0.01295	-0.00354	-0.00969	0.02003	0.00363	0.00619	-0.01806	-0.00475	0.01969	-0.00572	0.02002	-0.01896	-0.01767	-0.00338	0.02982	-0.02832	0.00171	-0.01564	0.01423	0.00723	-0.00185	-0.00168	0.00315	(TimeAtMost $e0 (Year <num>))
p203014	0.00071	-0.00707	0.00361	0.00003	0.00486	-0.00715	-0.00538	-0.00564	-0.00344	-0.00743	0.00331	-0.00171	-0.00312	0.00065	0.00261	-0.00707	-0.00355	0.00778	-0.00439	-0.00598	0.00374	-0.00568	-0.00522	0.01055	-0.00269	-0.00848	0.00132	0.01051	-0.00866	0.00213	0.00311	0.00083	(To $x0 $x1)
p203015	-0.01182	0.00202	0.00136	0.00388	0.00916	-0.00426	0.00353	-0.00137	0.00706	-0.00725	-0.00067	0.00060	0.00068	-0.00275	-0.00246	-0.00531	0.01121	-0.00805	-0.00138	-0.00892	-0.00184	-0.00530	0.00476	0.00259	-0.00298	0.00329	0.00533	0.00239	0.00075	0.00250	0.00739	-0.00321	(Yet $e0)
p203046	0.04468	0.07427	-0.05329	0.03376	-0.01366	-0.01122	-0.01498	-0.01080	-0.06316	-0.05219	0.04161	-0.04322	0.06547	-0.10028	0.20083	0.00642	0.02333	-0.00875	0.04105	0.06228	-0.07521	0.01366	0.12415	0.05387	0.04443	0.05445	-0.07658	-0.05558	-0.06438	0.05740	0.02064	0.08580	(And (Agent $e0 $x0) (Before $e1 $e0) (Past $e0) (Past $e1))
p203047	-0.10860	-0.17079	0.14925	0.09497	0.10202	0.12432	-0.11663	0.11565	-0.07615	-0.14864	0.08213	-0.07055	-0.12131	-0.01935	-0.10230	0.05301	-0.06121	-0.10162	0.10186	0.15624	-0.11850	0.08556	0.13752	-0.04910	-0.07533	-0.12862	0.06558	0.14961	-0.15739	-0.06219	-0.04381	0.16701	(And (Agent $e0 $x0) (GroupOf $x1 view) (Member $x0 thing) (Theme $e0 $x1))
p203048	-0.10860	-0.17079	0.14925	0.09497	0.10202	0.12432	-0.11663	0.11565	-0.07615	-0.14864	0.08213	-0.07055	-0.12131	-0.01935	-0.10230	0.05301	-0.06121	-0.10162	0.10186	0.15624	-0.11850	0.08556	0.13752	-0.04911	-0.07533	-0.12862	0.06558	0.14961	-0.15739	-0.06219	-0.04381	0.16701	(And (Agent $e0 $x0) (GroupOf $x1 view) (Past $e0) (Theme $e0 $x1))
p203049	-0.06336	-0.09420	0.08625	0.05338	0.04996	0.07138	-0.06512	0.06080	-0.04544	-0.08104	0.04653	-0.03896	-0.06715	-0.00981	-0.05497	0.02949	-0.03302	-0.05634	0.05590	0.08713	-0.06575	0.04476	0.08192	-0.02662	-0.04201	-0.06975	0.03207	0.07409	-0.08770	-0.03402	-0.02553	0.09715	(And (Agent $e0 $x0) (GroupOf $x1 view) (Possession $x1 free_soil_party) (Theme $e0 $x1))
p203050	-0.06336	-0.09420	0.08625	0.05338	0.04996	0.07138	-0.06512	0.06080	-0.04544	-0.08104	0.04653	-0.03896	-0.06715	-0.00981	-0.05497	0.02949	-0.03302	-0.05634	0.05590	0.08713	-0.06575	0.04476	0.08192	-0.02662	-0.04201	-0.06975	0.03207	0.07409	-0.08770	-0.03402	-0.02553	0.09715	(And (Agent $e0 $x0) (GroupOf $x1 view) (Possession $x1 republican_party) (Theme $e0 $x1))
p203053	-0.08238	-0.02005	-0.02551	0.03809	0.05172	0.02708	-0.07094	0.06032	0.04837	0.07632	-0.04120	-0.03036	0.00850	0.05369	0.07296	-0.04336	-0.02916	0.02416	-0.06061	-0.02071	0.09729	0.08131	0.07151	0.01549	-0.02849	0.12902	-0.04664	-0.10101	-0.05668	-0.07831	-0.02749	-0.06078	(And (Agent $e0 $x0) (Location $e0 kazakhstan) (Member $e0 build) (Member $x0 company))
p203054	-0.08238	-0.02005	-0.02551	0.03809	0.05172	0.02708	-0.07094	0.06032	0.04837	0.07632	-0.04120	-0.03036	0.00850	0.05369	0.07296	-0.04336	-0.02916	0.02416	-0.06061	-0.02071	0.09729	0.08131	0.07151	0.01549	-0.02849	0.12902	-0.04664	-0.10101	-0.05668	-0.07831	-0.02749	-0.06078	(And (Agent $e0 $x0) (Location $e0 kazakhstan) (Member $x0 company) (Past $e0))
p203055	-0.08238	-0.02005	-0.02551	0.03809	0.05172	0.02708	-0.07094	0.06032	0.04837	0.07632	-0.04120	-0.03036	0.00850	0.05369	0.07296	-0.04336	-0.02916	0.02416	-0.06061	-0.02071	0.09729	0.08131	0.07151	0.01549	-0.02849	0.12902	-0.04664	-0.10101	-0.05668	-0.07831	-0.02749	-0.06078	(And (Agent $e0 $x0) (Location $e0 kazakhstan) (Member $x0 company) (Patient $e0 $x1))
p203056	-0.13439	-0.06677	-0.03694	-0.10390	0.19653	-0.00127	-0.02070	-0.08354	0.00125	0.17333	-0.03861	0.05583	0.10585	-0.33980	0.11787	-0.02900	-0.01669	-0.06095	0.01173	-0.03222	0.15301	-0.14543	-0.24413	-0.05641	0.05838	-0.01013	-0.15396	0.26361	0.06960	-0.01247	-0.07769	0.09595	(And (Agent $e0 $x0) (Location $e1 $x1) (Ongoing $e1) (Theme $e0 $e1))
p203063	-0.16476	-0.04011	-0.05101	0.07615	0.10344	0.05416	-0.14187	0.12066	0.09672	0.15266	-0.08243	-0.06075	0.01697	0.10740	0.14593	-0.08671	-0.05830	0.04831	-0.12123	-0.04144	0.19461	0.16262	0.14303	0.03096	-0.05701	0.25801	-0.09328	-0.20203	-0.11334	-0.15666	-0.05496	-0.12153	(And (Agent $e0 $x0) (Member $e0 build) (Member $x0 company) (Past $e0))
p203064	-0.16476	-0.04011	-0.05101	0.07615	0.10344	0.05416	-0.14187	0.12066	0.09672	0.15266	-0.08243	-0.06075	0.01697	0.10740	0.14593	-0.08671	-0.05830	0.04831	-0.12123	-0.04144	0.19461	0.16262	0.14303	0.03096	-0.05701	0.25801	-0.09328	-0.20203	-0.11334	-0.15666	-0.05496	-0.12153	(And (Agent $e0 $x0) (Member $e0 build) (Member $x0 company) (Patient $e0 $x1))
p203065	-0.08238	-0.02005	-0.02551	0.03809	0.05172	0.02708	-0.07094	0.06032	0.04837	0.07632	-0.04120	-0.03036	0.00850	0.05369	0.07296	-0.04336	-0.02916	0.02416	-0.06061	-0.02071	0.09729	0.08131	0.07151	0.01549	-0.02849	0.12902	-0.04664	-0.10101	-0.05668	-0.07831	-0.02749	-0.06078	(And (Agent $e0 $x0) (Member $e0 build) (Member $x1 hotel) (Patient $e0 $x1))
p203066	-0.08013	-0.04714	0.06239	-0.05778	0.04169	0.00290	0.11018	0.14993	0.11506	0.06275	0.06497	0.05050	-0.01404	0.02183	0.06266	0.02188	0.03860	0.11982	0.09283	-0.03022	-0.14699	0.01214	-0.13356	-0.03353	-0.04346	0.10262	-0.07217	0.13839	0.00518	0.11014	0.01943	0.00526	(And (Agent $e0 $x0) (Member $e0 start) (Ongoing $e1) (Theme $e0 $e1))
p203067	-0.08013	-0.04714	0.06239	-0.05778	0.04169	0.00290	0.11018	0.14993	0.11506	0.06275	0.06497	0.05050	-0.01404	0.02183	0.06266	0.02188	0.03860	0.11982	0.09283	-0.03022	-0.14699	0.01214	-0.13356	-0.03353	-0.04346	0.10262	-0.07217	0.13839	0.00518	0.11014	0.01943	0.00526	(And (Agent $e0 $x0) (Member $e1 start) (Ongoing $e0) (Theme $e1 $e0))
p203068	-0.08013	-0.04714	0.06239	-0.05778	0.04169	0.00290	0.11018	0.14993	0.11506	0.06275	0.06497	0.05050	-0.01404	0.02183	0.06266	0.02188	0.03860	0.11982	0.09283	-0.03022	-0.14699	0.01214	-0.13356	-0.03353	-0.04346	0.10262	-0.07217	0.13839	0.00518	0.11014	0.01943	0.00526	(And (Agent $e0 $x0) (Member $e1 start) (Past $e1) (Theme $e1 $e0))
p203069	-0.08238	-0.02005	-0.02551	0.03809	0.05172	0.02708	-0.07094	0.06032	0.04837	0.07632	-0.04120	-0.03036	0.00850	0.05369	0.07296	-0.04336	-0.02916	0.02416	-0.06061	-0.02071	0.09729	0.08131	0.07151	0.01549	-0.02849	0.12902	-0.04664	-0.10101	-0.05668	-0.07831	-0.02749	-0.06078	(And (Agent $e0 $x0) (Member $x0 company) (Member $x1 hotel) (Patient $e0 $x1))
p203070	-0.10860	-0.17079	0.14925	0.09497	0.10202	0.12432	-0.11663	0.11565	-0.07615	-0.14864	0.08213	-0.07055	-0.12131	-0.01935	-0.10230	0.05301	-0.06121	-0.10162	0.10186	0.15624	-0.11850	0.08556	0.13752	-0.04910	-0.07533	-0.12862	0.06558	0.14961	-0.15739	-0.06219	-0.04381	0.16701	(And (Agent $e0 $x0) (Member $x0 thing) (Past $e0) (Theme $e0 $x1))
p203071	-0.06336	-0.09420	0.08625	0.05338	0.04996	0.07138	-0.06512	0.06080	-0.04544	-0.08104	0.04653	-0.03896	-0.06715	-0.00981	-0.05497	0.02949	-0.03302	-0.05634	0.05590	0.08713	-0.06575	0.04476	0.08192	-0.02662	-0.04201	-0.06975	0.03207	0.07409	-0.08770	-0.03402	-0.02553	0.09715	(And (Agent $e0 $x0) (Member $x0 thing) (Possession $x1 free_soil_party) (Theme $e0 $x1))
p203072	-0.06336	-0.09420	0.08625	0.05338	0.04996	0.07138	-0.06512	0.06080	-0.04544	-0.08104	0.04653	-0.03896	-0.06715	-0.00981	-0.05497	0.02949	-0.03302	-0.05634	0.05590	0.08713	-0.06575	0.04476	0.08192	-0.02662	-0.04201	-0.06975	0.03207	0.07409	-0.08770	-0.03402	-0.02553	0.09715	(And (Agent $e0 $x0) (Member $x0 thing) (Possession $x1 republican_party) (Theme $e0 $x1))
p203073	-0.08238	-0.02005	-0.02551	0.03809	0.05172	0.02708	-0.07094	0.06032	0.04837	0.07632	-0.04120	-0.03036	0.00850	0.05369	0.07296	-0.04336	-0.02916	0.02416	-0.06061	-0.02071	0.09729	0.08131	0.07151	0.01549	-0.02849	0.12902	-0.04664	-0.10101	-0.05668	-0.07831	-0.02749	-0.06078	(And (Agent $e0 $x0) (Member $x1 hotel) (Past $e0) (Patient $e0 $x1))
p203074	-0.06336	-0.09420	0.08625	0.05338	0.04996	0.07138	-0.06512	0.06080	-0.04544	-0.08104	0.04653	-0.03896	-0.06715	-0.00981	-0.05497	0.02949	-0.03302	-0.05634	0.05590	0.08713	-0.06575	0.04476	0.08192	-0.02662	-0.04201	-0.06975	0.03207	0.07409	-0.08770	-0.03402	-0.02553	0.09715	(And (Agent $e0 $x0) (Member free_soil_party party) (Possession $x1 free_soil_party) (Theme $e0 $x1))
p203075	-0.06336	-0.09420	0.08625	0.05338	0.04996	0.07138	-0.06512	0.06080	-0.04544	-0.08104	0.04653	-0.03896	-0.06715	-0.00981	-0.05497	0.02949	-0.03302	-0.05634	0.05590	0.08713	-0.06575	0.04476	0.08192	-0.02662	-0.04201	-0.06975	0.03207	0.07409	-0.08770	-0.03402	-0.02553	0.09715	(And (Agent $e0 $x0) (Member republican_party party) (Possession $x1 republican_party) (Theme $e0 $x1))
p203076	-0.06336	-0.09420	0.08625	0.05338	0.04996	0.07138	-0.06512	0.06080	-0.04544	-0.08104	0.04653	-0.03896	-0.06715	-0.00981	-0.05497	0.02949	-0.03302	-0.05634	0.05590	0.08713	-0.06575	0.04476	0.08192	-0.02662	-0.04201	-0.06975	0.03207	0.07409	-0.08770	-0.03402	-0.02553	0.09715	(And (Agent $e0 $x0) (Past $e0) (Possession $x1 free_soil_party) (Theme $e0 $x1))
p203077	-0.06336	-0.09420	0.08625	0.05338	0.04996	0.07138	-0.06512	0.06080	-0.04544	-0.08104	0.04653	-0.03896	-0.06715	-0.00981	-0.05497	0.02949	-0.03302	-0.05634	0.05590	0.08713	-0.06575	0.04476	0.08192	-0.02662	-0.04201	-0.06975	0.03207	0.07409	-0.08770	-0.03402	-0.02553	0.09715	(And (Agent $e0 $x0) (Past $e0) (Possession $x1 republican_party) (Theme $e0 $x1))
p203078	-0.13581	-0.05308	-0.04100	-0.06891	0.20273	-0.01178	-0.01849	-0.12377	-0.00419	0.16338	-0.04528	0.04143	0.08194	-0.35111	0.11135	-0.01947	-0.02274	-0.05144	-0.01585	-0.01861	0.22852	-0.14822	-0.26586	-0.03332	0.04357	-0.03763	-0.15014	0.28123	0.08998	-0.00854	-0.07208	0.11966	(And (Agent $e0 $x0) (Past $e1) (Patient $e0 $x1) (Theme $e1 $e0))
p203079	0.00615	0.06155	0.07298	-0.00589	0.03291	-0.04678	-0.01084	0.05514	0.08372	-0.08100	-0.07815	-0.09661	-0.04060	-0.08843	-0.06002	-0.10177	0.21095	-0.06125	0.04879	0.00646	0.03484	-0.04754	0.07266	0.09204	-0.05344	0.04230	-0.04577	0.07121	0.03254	-0.04123	0.03206	-0.02816	(And (Cardinality $x0 <num>) (GroupOf $x0 child) (Holder $e0 kristoffer) (Theme $e0 $x0))
p203080	0.00615	0.06155	0.07298	-0.00589	0.03291	-0.04678	-0.01084	0.05514	0.08372	-0.08100	-0.07815	-0.09661	-0.04060	-0.08843	-0.06002	-0.10177	0.21095	-0.06125	0.04879	0.00646	0.03483	-0.04754	0.07266	0.09204	-0.05344	0.04230	-0.04577	0.07121	0.03254	-0.04123	0.03206	-0.02816	(And (Cardinality $x0 <num>) (GroupOf $x0 child) (Member $e0 have) (Theme $e0 $x0))
p203081	0.00615	0.06155	0.07298	-0.00589	0.03292	-0.04678	-0.01084	0.05514	0.08372	-0.08100	-0.07815	-0.09661	-0.04060	-0.08843	-0.06002	-0.10177	0.21095	-0.06125	0.04879	0.00646	0.03484	-0.04754	0.07266	0.09205	-0.05344	0.04230	-0.04577	0.07121	0.03254	-0.04123	0.03206	-0.02816	(And (Cardinality $x0 <num>) (Holder $e0 kristoffer) (Member $e0 have) (Theme $e0 $x0))
p203082	0.00079	0.03834	0.05226	-0.01744	0.00602	-0.02582	-0.00680	0.02504	0.08927	-0.06438	-0.05553	-0.09045	-0.03339	-0.01343	-0.05372	-0.03757	0.12024	-0.04720	0.05472	0.00913	0.04046	-0.06053	0.07314	0.03731	-0.03431	0.03869	-0.03954	0.06029	0.05968	-0.01246	0.01169	-0.03383	(And (Cardinality $x0 <num>) (Member $e0 have) (Past $e0) (Theme $e0 $x0))
p203087	0.07850	-0.07553	-0.07446	0.10007	-0.09506	-0.02760	0.04810	-0.11713	-0.08090	0.20096	-0.00721	-0.02526	-0.03534	0.02224	-0.11182	-0.05595	0.14695	0.07015	-0.07141	0.01439	-0.07667	0.05144	0.12554	0.01256	0.12154	0.06243	0.14178	0.17068	0.01048	0.00092	-0.02848	-0.04819	(And (For $e0 $e1) (Member $e0 win) (Member $x0 emmy) (Theme $e0 $x0))
p203088	0.07850	-0.07553	-0.07446	0.10007	-0.09506	-0.02760	0.04810	-0.11713	-0.08090	0.20096	-0.00721	-0.02526	-0.03534	0.02224	-0.11182	-0.05595	0.14695	0.07015	-0.07141	0.01439	-0.07667	0.05144	0.12554	0.01256	0.12154	0.06243	0.14178	0.17068	0.01048	0.00092	-0.02848	-0.04819	(And (For $e0 $e1) (Member $x0 emmy) (Past $e0) (Theme $e0 $x0))
p203089	0.00615	0.06155	0.07298	-0.00589	0.03292	-0.04678	-0.01084	0.05515	0.08372	-0.08100	-0.07815	-0.09661	-0.04060	-0.08843	-0.06002	-0.10177	0.21095	-0.06125	0.04879	0.00646	0.03484	-0.04754	0.07266	0.09205	-0.05344	0.04230	-0.04577	0.07121	0.03254	-0.04123	0.03206	-0.02816	(And (GroupOf $x0 child) (Holder $e0 kristoffer) (Member $e0 have) (Theme $e0 $x0))
p203092	-0.06336	-0.09420	0.08625	0.05338	0.04996	0.07138	-0.06512	0.06080	-0.04544	-0.08104	0.04653	-0.03896	-0.06715	-0.00981	-0.05497	0.02949	-0.03302	-0.05634	0.05590	0.08713	-0.06575	0.04476	0.08192	-0.02662	-0.04201	-0.06975	0.03207	0.07409	-0.08770	-0.03402	-0.02553	0.09715	(And (GroupOf $x0 view) (Member free_soil_party party) (Possession $x0 free_soil_party) (Theme $e0 $x0))
p203093	-0.06336	-0.09420	0.08625	0.05338	0.04996	0.07138	-0.06512	0.06080	-0.04544	-0.08104	0.04653	-0.03896	-0.06715	-0.00981	-0.05497	0.02949	-0.03302	-0.05634	0.05590	0.08713	-0.06575	0.04476	0.08192	-0.02662	-0.04201	-0.06975	0.03207	0.07409	-0.08770	-0.03402	-0.02553	0.09715	(And (GroupOf $x0 view) (Member republican_party party) (Possession $x0 republican_party) (Theme $e0 $x0))
p203094	-0.06336	-0.09420	0.08625	0.05338	0.04996	0.07138	-0.06512	0.06080	-0.04544	-0.08104	0.04653	-0.03896	-0.06715	-0.00981	-0.05497	0.02949	-0.03302	-0.05634	0.05590	0.08713	-0.06575	0.04476	0.08192	-0.02662	-0.04201	-0.06975	0.03207	0.07409	-0.08770	-0.03402	-0.02553	0.09715	(And (GroupOf $x0 view) (Past $e0) (Possession $x0 free_soil_party) (Theme $e0 $x0))
p203095	-0.06336	-0.09420	0.08625	0.05338	0.04996	0.07138	-0.06512	0.06080	-0.04544	-0.08104	0.04653	-0.03896	-0.06715	-0.00981	-0.05497	0.02949	-0.03302	-0.05634	0.05590	0.08713	-0.06575	0.04476	0.08192	-0.02662	-0.04201	-0.06975	0.03207	0.07409	-0.08770	-0.03402	-0.02553	0.09715	(And (GroupOf $x0 view) (Past $e0) (Possession $x0 republican_party) (Theme $e0 $x0))
p203096	-0.05109	0.06625	0.08137	0.06751	-0.03793	-0.05891	0.02841	0.01825	-0.10359	-0.01001	-0.00278	0.05259	-0.01855	-0.05747	-0.01163	-0.00114	0.00827	0.00544	-0.01170	-0.07782	0.00004	0.00043	0.06461	0.07294	0.07487	0.04489	-0.06481	-0.03370	-0.08489	-0.03211	0.00475	0.00088	(And (Location $e0 $x0) (Member $e0 find) (Member $x1 thing) (Theme $e0 $x1))
p203107	-0.08238	-0.02005	-0.02551	0.03809	0.05172	0.02708	-0.07094	0.06032	0.04837	0.07632	-0.04120	-0.03036	0.00850	0.05369	0.07296	-0.04336	-0.02916	0.02416	-0.06061	-0.02071	0.09729	0.08131	0.07151	0.01549	-0.02849	0.12902	-0.04664	-0.10101	-0.05668	-0.07831	-0.02749	-0.06078	(And (Member $e0 build) (Member $x0 hotel) (Past $e0) (Patient $e0 $x0))
p203111	0.03096	0.05740	0.04997	0.03633	-0.04145	-0.07341	0.01911	0.05092	-0.01930	0.04499	0.00556	-0.00570	-0.01890	0.11348	0.19598	0.03249	0.03770	0.01611	-0.06242	0.04823	-0.13045	-0.00306	-0.08710	-0.03283	-0.09444	-0.06239	-0.05836	0.07900	-0.03893	-0.01887	-0.02193	0.02460	(And (Member $e0 start) (Ongoing $e1) (Patient $e0 $x0) (Theme $e0 $e1))
p203113	0.07850	-0.07553	-0.07446	0.10007	-0.09506	-0.02760	0.04810	-0.11713	-0.08090	0.20096	-0.00721	-0.02526	-0.03534	0.02224	-0.11182	-0.05595	0.14695	0.07015	-0.07141	0.01439	-0.07667	0.05144	0.12554	0.01256	0.12154	0.06243	0.14178	0.17068	0.01048	0.00092	-0.02848	-0.04819	(And (Member $e0 win) (Member $x0 emmy) (Past $e0) (Theme $e0 $x0))
p203116	0.04471	0.09571	-0.06287	0.11472	0.25774	-0.01026	-0.02208	-0.01620	-0.00208	0.03320	0.07251	-0.02038	-0.03540	0.08174	-0.05276	0.04619	-0.01360	0.05548	0.15546	0.02276	-0.03179	0.01116	-0.05420	0.02475	0.09125	0.05513	0.02790	-0.09886	0.04748	0.11161	0.04186	-0.01310	(And (Member $x0 person) (Past $e0) (Possession $x1 $x0) (Theme $e0 $x1))
p203119	-0.06336	-0.09420	0.08625	0.05338	0.04996	0.07138	-0.06512	0.06080	-0.04544	-0.08104	0.04653	-0.03896	-0.06715	-0.00981	-0.05497	0.02949	-0.03302	-0.05634	0.05590	0.08713	-0.06575	0.04476	0.08192	-0.02662	-0.04201	-0.06975	0.03207	0.07409	-0.08770	-0.03402	-0.02553	0.09715	(And (Member free_soil_party party) (Past $e0) (Possession $x0 free_soil_party) (Theme $e0 $x0))
p203120	-0.06336	-0.09420	0.08625	0.05338	0.04996	0.07138	-0.06512	0.06080	-0.04544	-0.08104	0.04653	-0.03896	-0.06715	-0.00981	-0.05497	0.02949	-0.03302	-0.05634	0.05590	0.08713	-0.06575	0.04476	0.08191	-0.02662	-0.04201	-0.06975	0.03207	0.07409	-0.08770	-0.03402	-0.02553	0.09715	(And (Member republican_party party) (Past $e0) (Possession $x0 republican_party) (Theme $e0 $x0))
p203710	0.04468	0.07427	-0.05329	0.03376	-0.01366	-0.01122	-0.01498	-0.01080	-0.06316	-0.05219	0.04161	-0.04322	0.06547	-0.10028	0.20083	0.00642	0.02333	-0.00875	0.04105	0.06228	-0.07521	0.01366	0.12415	0.05387	0.04443	0.05445	-0.07658	-0.05558	-0.06438	0.05740	0.02064	0.08580	(And (Agent $e0 $x0) (Before $e1 $e0) (Past $e1))
p203712	0.01691	-0.02384	-0.00369	-0.01817	-0.01138	0.02528	0.02568	0.04049	0.00817	0.00407	0.00248	-0.01636	-0.01291	-0.03186	-0.03981	-0.01924	0.02673	0.01645	0.05026	-0.00297	-0.00431	-0.01550	0.01676	-0.02983	0.03874	0.03941	-0.03975	-0.02893	-0.00238	-0.05979	-0.00237	-0.00201	(And (Agent $e0 $x0) (GroupOf $x0 child) (Ongoing $e0))
p203713	-0.10860	-0.17079	0.14925	0.09497	0.10202	0.12432	-0.11663	0.11565	-0.07615	-0.14864	0.08213	-0.07055	-0.12131	-0.01935	-0.10230	0.05301	-0.06121	-0.10162	0.10186	0.15624	-0.11850	0.08556	0.13752	-0.04911	-0.07533	-0.12862	0.06558	0.14961	-0.15739	-0.06219	-0.04381	0.16701	(And (Agent $e0 $x0) (GroupOf $x1 view) (Theme $e0 $x1))
p203714	-0.08238	-0.02005	-0.02551	0.03809	0.05172	0.02708	-0.07094	0.06032	0.04837	0.07632	-0.04120	-0.03036	0.00850	0.05369	0.07296	-0.04336	-0.02916	0.02416	-0.06061	-0.02071	0.09729	0.08131	0.07151	0.01549	-0.02849	0.12902	-0.04664	-0.10101	-0.05668	-0.07831	-0.02749	-0.06078	(And (Agent $e0 $x0) (Location $e0 kazakhstan) (Member $x0 company))
p203716	-0.16476	-0.04011	-0.05101	0.07615	0.10344	0.05416	-0.14187	0.12066	0.09672	0.15266	-0.08243	-0.06075	0.01697	0.10740	0.14593	-0.08671	-0.05830	0.04831	-0.12123	-0.04144	0.19461	0.16262	0.14303	0.03096	-0.05701	0.25801	-0.09328	-0.20203	-0.11334	-0.15666	-0.05496	-0.12153	(And (Agent $e0 $x0) (Member $e0 build) (Member $x0 company))
p203717	-0.08013	-0.04714	0.06239	-0.05778	0.04169	0.00290	0.11018	0.14993	0.11506	0.06275	0.06497	0.05050	-0.01404	0.02183	0.06266	0.02188	0.03860	0.11982	0.09283	-0.03022	-0.14699	0.01214	-0.13356	-0.03353	-0.04346	0.10262	-0.07217	0.13839	0.00518	0.11014	0.01943	0.00526	(And (Agent $e0 $x0) (Member $e1 start) (Theme $e1 $e0))
p203718	0.00072	0.01531	0.00735	0.02977	0.01799	0.01679	-0.00281	-0.01855	-0.00975	-0.00449	0.01319	-0.00636	0.01852	0.02984	-0.02741	-0.00869	-0.00395	0.03181	0.00494	0.01217	-0.00031	-0.02010	-0.03443	0.01034	0.01373	0.00755	0.00888	0.00970	0.00035	-0.01072	0.00910	0.00744	(And (Agent $e0 $x0) (Member $x0 cat) (Past $e0))
p203719	0.00736	-0.00821	-0.01221	0.04772	-0.00013	-0.01423	0.03420	0.01855	-0.00901	-0.01986	0.01358	-0.02454	-0.05132	-0.04347	-0.03185	-0.00391	0.02377	0.06258	-0.00119	0.04529	0.09044	-0.02724	-0.03040	0.01873	-0.01262	-0.03861	-0.03722	-0.01500	0.03436	-0.02943	-0.01199	0.00885	(And (Agent $e0 $x0) (Member $x0 man) (Patient $e0 $x1))
p203720	-0.08238	-0.02005	-0.02551	0.03809	0.05172	0.02708	-0.07094	0.06032	0.04837	0.07632	-0.04120	-0.03036	0.00850	0.05369	0.07296	-0.04336	-0.02916	0.02416	-0.06061	-0.02071	0.09729	0.08131	0.07151	0.01549	-0.02849	0.12902	-0.04664	-0.10101	-0.05668	-0.07831	-0.02749	-0.06078	(And (Agent $e0 $x0) (Member $x1 hotel) (Patient $e0 $x1))
p203721	0.00948	0.01255	-0.01996	0.00125	-0.00885	0.00971	-0.01471	0.01524	0.01249	-0.01244	-0.01112	-0.00493	0.02138	-0.00954	-0.00790	0.01954	-0.00722	0.01738	0.00802	-0.02913	-0.00485	-0.00877	-0.02884	-0.01940	-0.00263	0.02478	0.04145	0.00639	0.00002	-0.01389	-0.00193	0.00416	(And (Agent $e0 $x0) (Member $x1 new) (Theme $e0 $x1))
p203722	-0.06336	-0.09420	0.08625	0.05338	0.04996	0.07138	-0.06512	0.06080	-0.04544	-0.08104	0.04653	-0.03896	-0.06715	-0.00981	-0.05497	0.02949	-0.03302	-0.05634	0.05590	0.08713	-0.06575	0.04476	0.08191	-0.02662	-0.04201	-0.06975	0.03207	0.07409	-0.08770	-0.03402	-0.02553	0.09715	(And (Agent $e0 $x0) (Possession $x1 free_soil_party) (Theme $e0 $x1))
p203723	-0.06336	-0.09420	0.08625	0.05338	0.04996	0.07138	-0.06512	0.06080	-0.04544	-0.08104	0.04653	-0.03896	-0.06715	-0.00981	-0.05497	0.02949	-0.03302	-0.05634	0.05590	0.08713	-0.06575	0.04476	0.08191	-0.02662	-0.04201	-0.06975	0.03207	0.07409	-0.08770	-0.03402	-0.02553	0.09715	(And (Agent $e0 $x0) (Possession $x1 republican_party) (Theme $e0 $x1))
p203724	-0.00394	-0.01105	0.03594	0.00753	-0.00092	-0.00799	-0.00129	-0.00271	-0.00521	0.01433	0.00720	0.02536	0.00205	0.00037	-0.00349	-0.00301	-0.01318	-0.00753	-0.01487	0.02354	-0.00037	0.02775	0.00490	0.01151	0.00963	0.00393	-0.01366	-0.01428	0.02485	-0.00380	-0.00775	0.00284	(And (But $e0 $e1) (Past $e0) (Past $e1))
p203725	0.00615	0.06155	0.07298	-0.00589	0.03291	-0.04678	-0.01084	0.05514	0.08372	-0.08100	-0.07815	-0.09661	-0.04060	-0.08843	-0.06002	-0.10177	0.21095	-0.06125	0.04879	0.00646	0.03483	-0.04755	0.07266	0.09204	-0.05344	0.04230	-0.04577	0.07121	0.03254	-0.04123	0.03206	-0.02817	(And (Cardinality $x0 <num>) (Holder $e0 kristoffer) (Theme $e0 $x0))
p203729	-0.09308	0.04545	-0.02899	-0.04407	-0.00854	-0.02838	-0.03812	-0.03033	0.04526	-0.00687	0.03597	-0.02651	0.01124	0.01093	-0.02006	0.01625	0.03132	0.05074	-0.07410	0.01454	-0.02038	0.01271	0.03166	-0.02608	0.07279	-0.05473	-0.01563	-0.03549	-0.00312	-0.01206	0.02987	0.06004	(And (Experiencer $e0 $x0) (Member $x0 bad) (Result $e1 $e0))
p203730	0.07850	-0.07553	-0.07446	0.10007	-0.09506	-0.02760	0.04810	-0.11713	-0.08090	0.20096	-0.00721	-0.02526	-0.03534	0.02224	-0.11182	-0.05595	0.14695	0.07015	-0.07141	0.01439	-0.07667	0.05144	0.12554	0.01256	0.12154	0.06243	0.14178	0.17068	0.01048	0.00092	-0.02848	-0.04819	(And (For $e0 $e1) (Member $x0 emmy) (Theme $e0 $x0))
p203731	0.00615	0.06155	0.07298	-0.00589	0.03291	-0.04678	-0.01084	0.05514	0.08372	-0.08100	-0.07815	-0.09661	-0.04060	-0.08843	-0.06002	-0.10177	0.21095	-0.06125	0.04879	0.00646	0.03483	-0.04754	0.07266	0.09204	-0.05344	0.04230	-0.04577	0.07121	0.03254	-0.04123	0.03206	-0.02817	(And (GroupOf $x0 child) (Holder $e0 kristoffer) (Theme $e0 $x0))
p203732	0.00615	0.06155	0.07298	-0.00589	0.03291	-0.04678	-0.01084	0.05514	0.08372	-0.08100	-0.07815	-0.09661	-0.04060	-0.08843	-0.06002	-0.10177	0.21095	-0.06125	0.04879	0.00646	0.03483	-0.04754	0.07266	0.09204	-0.05344	0.04230	-0.04577	0.07121	0.03254	-0.04123	0.03206	-0.02816	(And (GroupOf $x0 child) (Member $e0 have) (Theme $e0 $x0))
p203733	0.06993	-0.01700	-0.01499	-0.06464	0.02089	0.08761	0.05577	0.02361	-0.03633	-0.08945	0.02310	0.04674	0.00458	0.01330	0.12240	-0.08064	0.08865	0.01562	-0.00433	-0.02121	0.06479	-0.03526	0.11736	-0.12416	-0.00136	-0.02034	0.10627	-0.13763	0.04634	0.06263	-0.00277	0.06135	(And (GroupOf $x0 person) (Member $e0 kill) (Patient $e0 $x0))
p203734	-0.06336	-0.09420	0.08625	0.05338	0.04996	0.07138	-0.06512	0.06080	-0.04544	-0.08104	0.04653	-0.03896	-0.06715	-0.00981	-0.05497	0.02949	-0.03302	-0.05634	0.05590	0.08713	-0.06575	0.04476	0.08192	-0.02662	-0.04201	-0.06975	0.03207	0.07409	-0.08770	-0.03402	-0.02553	0.09715	(And (GroupOf $x0 view) (Member free_soil_party party) (Possession $x0 free_soil_party))
p203735	-0.06336	-0.09420	0.08625	0.05338	0.04996	0.07138	-0.06512	0.06080	-0.04544	-0.08104	0.04653	-0.03896	-0.06715	-0.00981	-0.05497	0.02949	-0.03302	-0.05634	0.05590	0.08713	-0.06575	0.04476	0.08192	-0.02662	-0.04201	-0.06975	0.03207	0.07409	-0.08770	-0.03402	-0.02553	0.09715	(And (GroupOf $x0 view) (Member republican_party party) (Possession $x0 republican_party))
p203736	-0.10860	-0.17079	0.14925	0.09497	0.10202	0.12432	-0.11663	0.11565	-0.07615	-0.14864	0.08213	-0.07055	-0.12131	-0.01935	-0.10230	0.05301	-0.06121	-0.10162	0.10186	0.15624	-0.11850	0.08556	0.13752	-0.04911	-0.07533	-0.12862	0.06558	0.14961	-0.15739	-0.06219	-0.04381	0.16701	(And (GroupOf $x0 view) (Past $e0) (Theme $e0 $x0))
p203737	0.00634	0.05958	0.04022	-0.00192	-0.02315	0.03252	0.01407	-0.00586	-0.01893	0.05959	0.00800	-0.03841	0.01586	0.04344	0.02686	-0.00033	0.01752	0.02529	-0.02754	0.02753	-0.03052	-0.00228	-0.04977	-0.03723	-0.01400	-0.02599	-0.02830	0.01338	-0.04577	-0.01261	0.01896	0.02732	(And (LocatedIn $x0 $x1) (Past $e0) (Patient $e0 $x0))
p203739	-0.08397	0.09863	-0.14019	-0.04590	-0.06416	-0.07530	0.09901	0.05798	0.03758	-0.15545	0.14541	-0.13394	-0.01442	0.15200	0.16718	-0.10885	-0.08733	-0.14871	-0.04246	0.01466	0.14401	0.05264	-0.21688	0.16145	0.01499	-0.14865	0.21042	0.22466	0.04912	0.03271	0.06702	-0.09826	(And (Location $e0 $x0) (Member $x0 table) (Past $e0))
p203740	-0.05109	0.06625	0.08137	0.06751	-0.03793	-0.05891	0.02841	0.01825	-0.10359	-0.01001	-0.00278	0.05259	-0.01855	-0.05747	-0.01163	-0.00114	0.00827	0.00544	-0.01170	-0.07782	0.00004	0.00043	0.06461	0.07294	0.07487	0.04489	-0.06481	-0.03370	-0.08489	-0.03211	0.00475	0.00088	(And (Location $e0 $x0) (Member $x1 thing) (Theme $e0 $x1))
p203744	-0.09313	0.04538	-0.02904	-0.04412	-0.00860	-0.02844	-0.03817	-0.03038	0.04520	-0.00694	0.03592	-0.02657	0.01117	0.01088	-0.02012	0.01618	0.03127	0.05069	-0.07416	0.01448	-0.02043	0.01265	0.03162	-0.02614	0.07273	-0.05480	-0.01568	-0.03556	-0.00317	-0.01214	0.02982	0.05997	(And (Member $e0 bad) (Patient $e1 $x0) (Result $e1 $e0))
p203746	-0.08238	-0.02005	-0.02551	0.03809	0.05172	0.02708	-0.07094	0.06032	0.04837	0.07632	-0.04120	-0.03036	0.00850	0.05369	0.07296	-0.04336	-0.02916	0.02416	-0.06061	-0.02071	0.09729	0.08131	0.07151	0.01549	-0.02849	0.12902	-0.04664	-0.10101	-0.05668	-0.07831	-0.02749	-0.06078	(And (Member $e0 build) (Member $x0 hotel) (Patient $e0 $x0))
p203749	-0.04122	0.05137	0.05889	0.05105	-0.02983	-0.04527	0.02428	0.01690	-0.07902	-0.00869	0.00069	0.04089	-0.01321	-0.04385	-0.00950	-0.00346	0.00855	0.00537	-0.00716	-0.05994	0.00029	0.00001	0.04966	0.05257	0.05229	0.03320	-0.05025	-0.02775	-0.06413	-0.02602	0.00340	0.00092	(And (Member $e0 find) (Member $x0 thing) (Theme $e0 $x0))
p203750	0.00349	-0.00195	-0.01180	0.00818	-0.00101	-0.00611	0.00084	0.00697	0.01287	-0.00147	-0.01109	-0.00424	0.00358	0.00122	-0.00630	0.00349	0.00153	-0.00736	0.00254	0.00447	-0.00661	0.00222	-0.00847	-0.00530	0.00097	-0.01056	-0.00587	0.00444	0.00534	0.00331	-0.01372	-0.00253	(And (Member $e0 open) (Member $x0 door) (Patient $e0 $x0))
p203751	0.07850	-0.07553	-0.07446	0.10007	-0.09506	-0.02760	0.04810	-0.11713	-0.08090	0.20096	-0.00721	-0.02526	-0.03534	0.02224	-0.11182	-0.05595	0.14695	0.07015	-0.07141	0.01439	-0.07667	0.05144	0.12554	0.01256	0.12154	0.06243	0.14178	0.17068	0.01048	0.00092	-0.02848	-0.04819	(And (Member $e0 win) (Member $x0 emmy) (Theme $e0 $x0))
p203753	-0.09312	0.04541	-0.02902	-0.04411	-0.00858	-0.02842	-0.03814	-0.03036	0.04522	-0.00690	0.03594	-0.02656	0.01120	0.01092	-0.02009	0.01621	0.03130	0.05070	-0.07414	0.01450	-0.02039	0.01267	0.03164	-0.02612	0.07275	-0.05478	-0.01567	-0.03553	-0.00314	-0.01212	0.02984	0.06001	(And (Member $x0 bad) (Patient $e0 $x0) (Result $e0 $e1))
p203754	0.07850	-0.07553	-0.07446	0.10007	-0.09506	-0.02760	0.04810	-0.11713	-0.08090	0.20096	-0.00721	-0.02526	-0.03534	0.02224	-0.11182	-0.05595	0.14695	0.07015	-0.07141	0.01439	-0.07667	0.05144	0.12554	0.01256	0.12154	0.06243	0.14178	0.17068	0.01048	0.00092	-0.02848	-0.04819	(And (Member $x0 emmy) (Past $e0) (Theme $e0 $x0))
p203755	0.05214	0.04679	-0.03331	0.04854	0.08737	-0.04143	0.01134	-0.02753	-0.04984	0.00376	0.03408	-0.02695	0.03438	-0.01779	0.11826	0.02105	-0.02393	-0.01554	0.03427	0.04856	-0.05667	0.00566	0.05427	0.02062	0.03876	0.03207	-0.06270	-0.03465	-0.03466	0.03084	0.02564	0.04785	(And (Member $x0 family) (Member $x1 person) (Possession $x0 $x1))
p203756	-0.08238	-0.02005	-0.02551	0.03809	0.05172	0.02708	-0.07094	0.06032	0.04837	0.07632	-0.04120	-0.03036	0.00850	0.05369	0.07296	-0.04336	-0.02916	0.02416	-0.06061	-0.02071	0.09729	0.08131	0.07151	0.01549	-0.02849	0.12902	-0.04664	-0.10101	-0.05668	-0.07831	-0.02749	-0.06078	(And (Member $x0 hotel) (Past $e0) (Patient $e0 $x0))
p203757	0.00496	0.01112	-0.01694	0.00200	-0.00113	0.00538	-0.01970	0.01453	0.01213	-0.01857	-0.01601	-0.01888	0.00463	-0.00611	0.00506	0.01793	-0.01223	0.01241	0.00018	-0.02984	-0.00745	-0.01054	-0.03225	-0.01269	-0.00337	0.01798	0.03202	0.01666	0.01431	0.00295	-0.00213	0.00038	(And (Member $x0 new) (Past $e0) (Theme $e0 $x0))
p203758	0.07472	0.05833	-0.01872	-0.02037	0.01319	0.04646	0.01019	0.08137	-0.01550	-0.05116	-0.04791	0.07589	0.01982	-0.09785	-0.02594	-0.00358	-0.03380	0.04432	-0.02975	-0.05060	-0.04330	0.05377	0.07411	0.03233	-0.02739	-0.04773	-0.07710	0.13007	0.03344	-0.01521	0.07355	-0.06116	(And (Member $x0 person) (Past $e0) (Theme $e0 $x0))
p203759	0.04471	0.09571	-0.06287	0.11472	0.25774	-0.01026	-0.02208	-0.01620	-0.00208	0.03320	0.07251	-0.02038	-0.03540	0.08174	-0.05276	0.04619	-0.01360	0.05548	0.15546	0.02276	-0.03179	0.01116	-0.05420	0.02475	0.09125	0.05513	0.02790	-0.09886	0.04748	0.11161	0.04186	-0.01310	(And (Member $x0 person) (Possession $x1 $x0) (Theme $e0 $x1))
p203760	-0.00947	-0.00049	0.00231	0.00487	0.02255	-0.01451	-0.00007	-0.00507	0.01972	-0.00766	0.00752	0.00237	0.01889	-0.00532	-0.01886	0.00966	-0.01196	0.00911	0.01289	-0.00394	0.00161	0.01228	-0.01288	0.00177	0.03826	-0.00156	-0.00140	0.00892	-0.00957	-0.00288	0.00817	-0.00587	(And (Member $x0 sound) (Past $e0) (Patient $e0 $x0))
p203763	-0.06336	-0.09420	0.08625	0.05338	0.04996	0.07138	-0.06512	0.06080	-0.04544	-0.08104	0.04653	-0.03896	-0.06715	-0.00981	-0.05497	0.02949	-0.03302	-0.05634	0.05590	0.08713	-0.06575	0.04476	0.08191	-0.02662	-0.04201	-0.06975	0.03207	0.07409	-0.08770	-0.03402	-0.02553	0.09715	(And (Member free_soil_party party) (Possession $x0 free_soil_party) (Theme $e0 $x0))
p203764	-0.06336	-0.09420	0.08625	0.05338	0.04996	0.07138	-0.06512	0.06080	-0.04544	-0.08104	0.04653	-0.03896	-0.06715	-0.00981	-0.05497	0.02949	-0.03302	-0.05634	0.05590	0.08713	-0.06575	0.04476	0.08192	-0.02662	-0.04201	-0.06975	0.03207	0.07409	-0.08770	-0.03402	-0.02553	0.09715	(And (Member republican_party party) (Possession $x0 republican_party) (Theme $e0 $x0))
p203765	0.00168	0.00601	-0.00210	-0.00776	-0.01156	-0.00307	-0.02019	0.01680	0.00191	-0.01306	-0.01337	-0.01368	-0.00915	0.00044	0.00858	0.00593	-0.00904	-0.00186	-0.01178	-0.02306	-0.01162	-0.00205	-0.01878	-0.00176	0.00182	0.00692	0.01653	0.00700	0.01441	-0.00155	-0.01167	-0.00204	(And (Of $x0 $x1) (Past $e0) (Theme $e0 $x0))
p203766	0.00808	-0.00689	0.01809	0.07591	-0.04900	-0.02930	-0.02616	0.06540	-0.06930	0.01365	0.03932	-0.01449	0.05370	-0.05640	-0.08411	0.12992	0.09382	0.05115	-0.06279	0.06299	0.18837	-0.00286	-0.02256	-0.03909	-0.03672	-0.05312	-0.01642	-0.08253	0.00045	-0.00275	0.03144	-0.06345	(And (Past $e0) (Past $e1) (Theme $e0 $e1))
p203767	0.01555	0.00338	0.01519	0.00648	0.02402	0.00139	0.00569	-0.01467	0.01217	-0.02783	-0.01340	-0.00487	0.01826	-0.00643	0.00117	-0.01407	0.03009	-0.01036	0.01700	-0.00744	-0.00718	0.00350	0.01079	0.01446	0.00172	0.00147	0.01269	-0.00403	-0.01562	0.00628	0.00495	-0.00409	(And (Past $e0) (Patient $e0 $x0) (SubsetOf $x0 $x1))
p203768	-0.06336	-0.09420	0.08625	0.05338	0.04996	0.07138	-0.06512	0.06080	-0.04544	-0.08104	0.04653	-0.03896	-0.06715	-0.00981	-0.05497	0.02949	-0.03302	-0.05634	0.05590	0.08713	-0.06575	0.04476	0.08192	-0.02662	-0.04201	-0.06975	0.03207	0.07409	-0.08770	-0.03402	-0.02553	0.09715	(And (Past $e0) (Possession $x0 free_soil_party) (Theme $e0 $x0))
p203769	-0.06336	-0.09420	0.08625	0.05338	0.04996	0.07138	-0.06512	0.06080	-0.04544	-0.08104	0.04653	-0.03896	-0.06715	-0.00981	-0.05498	0.02949	-0.03302	-0.05634	0.05590	0.08713	-0.06575	0.04476	0.08191	-0.02662	-0.04201	-0.06975	0.03207	0.07409	-0.08770	-0.03402	-0.02553	0.09715	(And (Past $e0) (Possession $x0 republican_party) (Theme $e0 $x0))
p203770	0.14437	0.11708	-0.04117	-0.02093	0.03865	0.14615	0.03408	0.12549	-0.02650	-0.18012	-0.09590	0.19489	0.09834	-0.19888	-0.04465	-0.00382	-0.05996	0.12352	-0.10008	-0.05584	-0.09075	0.12527	0.12831	0.07810	-0.05298	-0.09278	-0.15603	0.32082	0.05322	-0.03277	0.14710	-0.14014	(And (Past $e0) (Theme $e1 $x0) (To $e0 $e1))
p203992	-0.06336	-0.09420	0.08625	0.05338	0.04996	0.07138	-0.06512	0.06080	-0.04544	-0.08104	0.04653	-0.03896	-0.06715	-0.00981	-0.05497	0.02949	-0.03302	-0.05634	0.05590	0.08713	-0.06575	0.04476	0.08192	-0.02662	-0.04201	-0.06975	0.03207	0.07409	-0.08770	-0.03402	-0.02553	0.09715	(And (Member free_soil_party party) (Possession $x0 free_soil_party))
p203993	-0.06336	-0.09420	0.08625	0.05338	0.04996	0.07138	-0.06512	0.06080	-0.04544	-0.08104	0.04653	-0.03896	-0.06715	-0.00981	-0.05497	0.02949	-0.03302	-0.05634	0.05590	0.08713	-0.06575	0.04476	0.08191	-0.02662	-0.04201	-0.06975	0.03207	0.07409	-0.08770	-0.03402	-0.02553	0.09715	(And (Member republican_party party) (Possession $x0 republican_party))
p204124	0.00124	-0.00357	-0.00363	-0.00153	0.00201	-0.00228	-0.00431	0.00215	0.00288	-0.00259	0.00067	0.00026	-0.00138	-0.00209	0.00358	-0.00074	-0.00110	-0.00147	-0.00261	-0.00415	-0.00033	-0.00055	0.00043	-0.00138	0.00031	-0.00031	0.00155	0.00495	-0.00142	0.00182	0.00273	0.00017	(And (Inheritance regional_unit regional) (Inheritance regional_unit unit))
p204173	0.00122	-0.00345	-0.00352	-0.00144	0.00201	-0.00213	-0.00423	0.00200	0.00275	-0.00243	0.00063	0.00032	-0.00134	-0.00207	0.00342	-0.00077	-0.00109	-0.00144	-0.00256	-0.00397	-0.00032	-0.00059	0.00038	-0.00138	0.00027	-0.00027	0.00145	0.00481	-0.00142	0.00177	0.00266	0.00017	(Inheritance metropolitan_statistical_area area)
p204174	0.00128	-0.00354	-0.00359	-0.00150	0.00206	-0.00224	-0.00428	0.00219	0.00291	-0.00255	0.00071	0.00030	-0.00133	-0.00206	0.00363	-0.00070	-0.00107	-0.00143	-0.00258	-0.00411	-0.00029	-0.00051	0.00047	-0.00134	0.00034	-0.00027	0.00159	0.00501	-0.00138	0.00185	0.00277	0.00021	(Inheritance regional_unit regional)
p204175	0.00129	-0.00351	-0.00360	-0.00146	0.00206	-0.00223	-0.00428	0.00218	0.00294	-0.00256	0.00074	0.00033	-0.00132	-0.00207	0.00361	-0.00070	-0.00108	-0.00140	-0.00255	-0.00409	-0.00031	-0.00050	0.00047	-0.00132	0.00036	-0.00023	0.00160	0.00499	-0.00138	0.00189	0.00278	0.00019	(Inheritance regional_unit unit)
p204176	-0.06336	-0.09420	0.08625	0.05338	0.04996	0.07138	-0.06512	0.06080	-0.04544	-0.08104	0.04653	-0.03896	-0.06715	-0.00981	-0.05497	0.02949	-0.03302	-0.05634	0.05590	0.08713	-0.06575	0.04476	0.08192	-0.02662	-0.04201	-0.06975	0.03207	0.07409	-0.08770	-0.03402	-0.02553	0.09715	(Member free_soil_party party)
p204177	-0.06336	-0.09420	0.08625	0.05338	0.04996	0.07138	-0.06512	0.06080	-0.04544	-0.08104	0.04653	-0.03896	-0.06715	-0.00981	-0.05497	0.02949	-0.03302	-0.05634	0.05590	0.08713	-0.06575	0.04476	0.08192	-0.02662	-0.04201	-0.06975	0.03207	0.07409	-0.08770	-0.03402	-0.02553	0.09715	(Member republican_party party)
p204178	-0.00011	-0.00456	-0.00154	0.00057	-0.00004	-0.00300	-0.00323	-0.00185	0.00094	0.00031	0.01079	0.00298	0.00924	-0.00414	-0.00002	-0.00445	0.00008	0.00040	-0.00005	-0.00069	0.00631	-0.00033	0.00090	-0.00586	-0.00333	-0.00365	0.00050	-0.00044	0.00421	-0.00906	0.00663	-0.00229	(Symmetric Married)
p204216	-0.13439	-0.06677	-0.03694	-0.10390	0.19653	-0.00127	-0.02070	-0.08354	0.00125	0.17333	-0.03861	0.05583	0.10585	-0.33980	0.11787	-0.02900	-0.01669	-0.06095	0.01173	-0.03222	0.15301	-0.14543	-0.24413	-0.05641	0.05838	-0.01013	-0.15396	0.26361	0.06960	-0.01247	-0.07769	0.09595	(And (Agent $e0 $x0) (Location $e0 $x1) (Ongoing $e0) (Theme $e1 $e0))
p204217	0.07568	-0.05910	0.03400	-0.08425	0.05659	0.09485	0.06726	0.04965	-0.06047	-0.10870	0.01125	0.09626	-0.02309	0.09476	0.07410	-0.10297	0.09906	0.06330	-0.01567	-0.04067	0.09530	-0.06747	0.11839	-0.15708	0.01989	-0.03244	0.17075	-0.17671	0.06487	0.07939	-0.00874	0.05394	(And (Agent $e0 $x0) (Location $e0 $x1) (Past $e0) (Patient $e0 $x2))
p204218	-0.08238	-0.02005	-0.02551	0.03809	0.05172	0.02708	-0.07094	0.06032	0.04837	0.07632	-0.04120	-0.03036	0.00850	0.05369	0.07296	-0.04336	-0.02916	0.02416	-0.06061	-0.02071	0.09729	0.08131	0.07151	0.01549	-0.02849	0.12902	-0.04664	-0.10101	-0.05668	-0.07831	-0.02749	-0.06078	(And (Agent $e0 $x0) (Location $e0 kazakhstan) (Member $e0 build) (Past $e0))
p204219	-0.08238	-0.02005	-0.02551	0.03809	0.05172	0.02708	-0.07094	0.06032	0.04837	0.07632	-0.04120	-0.03036	0.00850	0.05369	0.07296	-0.04336	-0.02916	0.02416	-0.06061	-0.02071	0.09729	0.08131	0.07151	0.01549	-0.02849	0.12902	-0.04664	-0.10101	-0.05668	-0.07831	-0.02749	-0.06078	(And (Agent $e0 $x0) (Location $e0 kazakhstan) (Member $e0 build) (Patient $e0 $x1))
p204220	-0.08238	-0.02005	-0.02551	0.03809	0.05172	0.02708	-0.07094	0.06032	0.04837	0.07633	-0.04120	-0.03036	0.00850	0.05369	0.07296	-0.04336	-0.02916	0.02416	-0.06061	-0.02071	0.09729	0.08131	0.07151	0.01549	-0.02849	0.12902	-0.04664	-0.10101	-0.05668	-0.07831	-0.02749	-0.06078	(And (Agent $e0 $x0) (Location $e0 kazakhstan) (Past $e0) (Patient $e0 $x1))
p204221	0.10974	-0.07555	0.01172	-0.14102	0.08747	0.13514	0.11277	0.04270	-0.07137	-0.15367	0.03899	0.10011	-0.03511	0.07814	0.15510	-0.15187	0.14136	0.07775	-0.01478	-0.07403	0.17110	-0.09232	0.17792	-0.24020	-0.01422	-0.06135	0.23202	-0.24712	0.09194	0.10881	0.00865	0.08383	(And (Agent $e0 $x0) (Member $e0 kill) (Past $e0) (Patient $e0 $x1))
p204222	-0.08013	-0.04714	0.06239	-0.05778	0.04169	0.00290	0.11018	0.14993	0.11506	0.06275	0.06497	0.05050	-0.01404	0.02183	0.06266	0.02188	0.03860	0.11982	0.09283	-0.03022	-0.14699	0.01214	-0.13356	-0.03353	-0.04346	0.10262	-0.07217	0.13839	0.00518	0.11014	0.01943	0.00526	(And (Agent $e0 $x0) (Member $e0 start) (Past $e0) (Theme $e0 $e1))
p204223	0.07850	-0.07553	-0.07446	0.10007	-0.09506	-0.02760	0.04810	-0.11713	-0.08090	0.20096	-0.00721	-0.02526	-0.03534	0.02224	-0.11182	-0.05595	0.14695	0.07015	-0.07141	0.01439	-0.07667	0.05144	0.12554	0.01256	0.12154	0.06243	0.14178	0.17068	0.01048	0.00092	-0.02848	-0.04819	(And (For $e0 $e1) (Member $e0 win) (Past $e0) (Theme $e0 $x0))
p204224	-0.08238	-0.02005	-0.02551	0.03809	0.05172	0.02708	-0.07094	0.06032	0.04837	0.07632	-0.04120	-0.03036	0.00850	0.05369	0.07296	-0.04336	-0.02916	0.02416	-0.06061	-0.02071	0.09729	0.08131	0.07151	0.01549	-0.02849	0.12902	-0.04664	-0.10101	-0.05668	-0.07831	-0.02749	-0.06078	(And (Location $e0 kazakhstan) (Member $e0 build) (Past $e0) (Patient $e0 $x0))
p204278	0.04468	0.07427	-0.05329	0.03376	-0.01366	-0.01122	-0.01498	-0.01080	-0.06316	-0.05219	0.04161	-0.04322	0.06547	-0.10028	0.20083	0.00642	0.02333	-0.00875	0.04105	0.06228	-0.07521	0.01366	0.12415	0.05387	0.04443	0.05445	-0.07658	-0.05558	-0.06438	0.05740	0.02064	0.08580	(And (Agent $e0 $x0) (Before $e1 $e0) (Past $e0))
p204279	-0.08238	-0.02005	-0.02551	0.03809	0.05172	0.02708	-0.07094	0.06032	0.04837	0.07632	-0.04120	-0.03036	0.00850	0.05369	0.07296	-0.04336	-0.02916	0.02416	-0.06061	-0.02071	0.09729	0.08131	0.07151	0.01549	-0.02849	0.12902	-0.04664	-0.10101	-0.05668	-0.07831	-0.02749	-0.06078	(And (Agent $e0 $x0) (Location $e0 kazakhstan) (Member $e0 build))
p204280	-0.08238	-0.02005	-0.02551	0.03809	0.05172	0.02708	-0.07094	0.06032	0.04837	0.07632	-0.04120	-0.03036	0.00850	0.05369	0.07296	-0.04336	-0.02916	0.02416	-0.06061	-0.02071	0.09729	0.08131	0.07151	0.01549	-0.02849	0.12902	-0.04664	-0.10101	-0.05668	-0.07831	-0.02749	-0.06078	(And (Agent $e0 $x0) (Location $e0 kazakhstan) (Past $e0))
p204281	-0.08238	-0.02005	-0.02551	0.03809	0.05172	0.02708	-0.07094	0.06032	0.04837	0.07632	-0.04120	-0.03036	0.00850	0.05369	0.07296	-0.04336	-0.02916	0.02416	-0.06061	-0.02071	0.09729	0.08131	0.07151	0.01549	-0.02849	0.12902	-0.04664	-0.10101	-0.05668	-0.07831	-0.02749	-0.06078	(And (Agent $e0 $x0) (Location $e0 kazakhstan) (Patient $e0 $x1))
p204282	-0.04992	0.04880	0.12908	-0.00478	0.20025	-0.13856	0.05984	-0.13683	0.08987	-0.00587	0.03434	0.09941	0.16745	-0.02516	-0.05522	0.04629	0.16554	-0.09102	-0.07764	0.10426	-0.02982	0.05139	0.00943	0.13719	-0.03203	0.03732	0.18285	-0.10863	-0.08312	-0.06936	-0.02524	-0.07645	(And (Agent $e0 $x0) (Member $e0 contain) (Theme $e0 $x1))
p204283	0.00092	-0.00301	-0.00636	0.01310	-0.01513	0.00734	-0.00501	-0.00940	-0.00502	-0.01371	0.01081	0.00022	0.02502	0.00974	-0.01947	-0.01936	0.01286	0.01812	0.01618	-0.00144	-0.01271	-0.01361	0.00602	-0.00227	-0.00631	0.01521	-0.01491	0.00021	-0.00116	-0.03651	0.01169	0.02457	(And (Agent $e0 $x0) (Member $e0 jump) (Past $e0))
p204284	0.10974	-0.07555	0.01172	-0.14102	0.08747	0.13514	0.11277	0.04270	-0.07137	-0.15367	0.03899	0.10011	-0.03511	0.07814	0.15510	-0.15187	0.14136	0.07775	-0.01478	-0.07403	0.17110	-0.09232	0.17792	-0.24020	-0.01422	-0.06135	0.23202	-0.24712	0.09194	0.10881	0.00865	0.08383	(And (Agent $e0 $x0) (Member $e0 kill) (Past $e0))
p204285	0.10974	-0.07555	0.01172	-0.14102	0.08747	0.13514	0.11277	0.04270	-0.07137	-0.15367	0.03899	0.10011	-0.03511	0.07814	0.15510	-0.15187	0.14136	0.07775	-0.01478	-0.07403	0.17110	-0.09232	0.17792	-0.24020	-0.01422	-0.06135	0.23202	-0.24712	0.09194	0.10881	0.00865	0.08383	(And (Agent $e0 $x0) (Member $e0 kill) (Patient $e0 $x1))
p204286	0.02556	-0.03930	-0.03326	-0.12233	0.05791	-0.18082	0.08072	0.01179	-0.05348	0.15790	-0.14092	-0.09663	-0.06240	0.21171	-0.10201	0.07095	-0.02603	-0.17273	-0.16910	-0.06413	-0.06003	-0.07602	0.09823	-0.16941	-0.03948	-0.12954	-0.07384	-0.06771	0.01278	-0.15694	0.01597	0.04184	(And (Agent $e0 $x0) (Member $e0 sing) (Past $e0))
p204287	-0.08013	-0.04714	0.06239	-0.05778	0.04169	0.00290	0.11018	0.14993	0.11506	0.06275	0.06497	0.05050	-0.01404	0.02183	0.06266	0.02188	0.03860	0.11982	0.09283	-0.03022	-0.14699	0.01214	-0.13356	-0.03353	-0.04346	0.10262	-0.07217	0.13839	0.00518	0.11014	0.01943	0.00526	(And (Agent $e0 $x0) (Member $e0 start) (Past $e0))
p204288	-0.08013	-0.04714	0.06239	-0.05778	0.04169	0.00290	0.11018	0.14993	0.11506	0.06275	0.06497	0.05050	-0.01404	0.02183	0.06266	0.02188	0.03860	0.11982	0.09283	-0.03022	-0.14699	0.01214	-0.13356	-0.03353	-0.04346	0.10262	-0.07217	0.13839	0.00518	0.11014	0.01943	0.00526	(And (Agent $e0 $x0) (Member $e0 start) (Theme $e0 $e1))
p204289	0.01159	-0.02351	-0.00691	-0.00724	-0.01930	0.02883	0.02335	0.03325	0.00146	0.00442	0.00719	-0.01086	0.00620	-0.01899	-0.04085	-0.01785	0.02056	0.02593	0.04465	0.00714	-0.01436	-0.02229	0.01322	-0.03160	0.03213	0.04188	-0.04351	-0.02395	0.00011	-0.05764	-0.00559	0.01155	(And (Agent $e0 $x0) (Member $e0 swim) (Ongoing $e0))
p204290	-0.06843	0.00240	-0.00968	-0.04435	0.01683	0.00747	0.05750	0.13474	0.06542	0.10722	0.07348	0.05663	0.05673	-0.10838	0.00452	-0.04760	0.00043	0.03555	0.03578	0.03743	-0.02734	-0.04046	-0.06603	-0.01694	-0.05940	-0.01435	-0.00849	0.03020	0.03928	0.06689	-0.05164	-0.00747	(And (Agent $e0 $x0) (Member $e0 take) (Theme $e0 $x1))
p204292	0.00751	-0.00661	0.00851	0.00052	-0.00013	-0.00950	0.00631	0.01087	0.00970	0.00105	-0.01142	0.00243	0.01208	0.00623	0.00547	0.00928	-0.00803	-0.00973	0.00318	-0.01056	-0.01606	0.00651	-0.01097	-0.00877	0.01395	0.00103	-0.00179	0.00969	-0.01441	0.00623	-0.00907	-0.00388	(And (Already $e0) (Past $e0) (Patient $e0 $x0))
p204294	0.00615	0.06155	0.07298	-0.00589	0.03291	-0.04678	-0.01084	0.05514	0.08372	-0.08100	-0.07815	-0.09661	-0.04060	-0.08843	-0.06002	-0.10177	0.21095	-0.06125	0.04879	0.00646	0.03483	-0.04755	0.07266	0.09204	-0.05344	0.04230	-0.04577	0.07121	0.03254	-0.04123	0.03206	-0.02817	(And (Cardinality $x0 <num>) (GroupOf $x0 child) (Theme $e0 $x0))
p204295	-0.09308	0.04545	-0.02899	-0.04407	-0.00854	-0.02838	-0.03812	-0.03033	0.04526	-0.00687	0.03597	-0.02651	0.01124	0.01093	-0.02006	0.01624	0.03132	0.05074	-0.07410	0.01454	-0.02037	0.01271	0.03167	-0.02608	0.07279	-0.05473	-0.01564	-0.03550	-0.00311	-0.01207	0.02987	0.06003	(And (Experiencer $e0 $x0) (Member $e0 bad) (Result $e1 $e0))
p204296	0.00288	0.01131	-0.02361	-0.01201	-0.01479	-0.02196	0.01537	0.01836	-0.01993	-0.01853	-0.01444	-0.01732	-0.00921	0.00648	0.01695	-0.02494	-0.00428	-0.00520	0.02678	-0.00233	0.02040	0.00525	-0.02212	0.00131	-0.00681	0.00280	0.01927	0.01807	-0.01264	-0.03277	0.01803	-0.00574	(And (Experiencer $e0 $x0) (Member $e0 sleep) (Ongoing $e0))
p204298	-0.08652	0.10429	-0.16608	-0.05199	-0.06754	-0.08148	0.12316	0.05554	0.03214	-0.15894	0.14724	-0.14698	-0.00058	0.15067	0.17417	-0.11978	-0.09093	-0.14788	-0.02949	0.02429	0.16291	0.05231	-0.23141	0.15178	-0.00354	-0.15286	0.22621	0.24025	0.03994	0.02286	0.08103	-0.09848	(And (Experiencer $e0 $x0) (Ongoing $e0) (Past $e0))
p204299	0.07850	-0.07553	-0.07446	0.10007	-0.09506	-0.02760	0.04810	-0.11713	-0.08090	0.20096	-0.00721	-0.02526	-0.03534	0.02224	-0.11182	-0.05595	0.14695	0.07015	-0.07141	0.01439	-0.07667	0.05144	0.12554	0.01256	0.12154	0.06243	0.14178	0.17068	0.01048	0.00092	-0.02848	-0.04819	(And (For $e0 $e1) (Member $e0 win) (Past $e0))
p204300	0.07850	-0.07553	-0.07446	0.10007	-0.09506	-0.02760	0.04810	-0.11713	-0.08090	0.20096	-0.00721	-0.02526	-0.03534	0.02224	-0.11182	-0.05595	0.14695	0.07015	-0.07141	0.01439	-0.07667	0.05144	0.12554	0.01256	0.12154	0.06243	0.14178	0.17068	0.01048	0.00092	-0.02848	-0.04819	(And (For $e0 $e1) (Member $e0 win) (Theme $e0 $x0))
p204301	-0.00121	0.00417	0.02309	-0.00797	-0.01226	0.00624	0.05976	-0.00158	0.05682	0.02067	0.01215	0.03946	-0.05393	0.02436	0.01384	-0.00501	-0.02572	0.01989	0.02756	-0.01891	0.00242	0.06855	-0.03346	0.02139	-0.00583	0.03360	-0.00599	0.04328	0.00887	0.01513	0.02349	0.07211	(And (Goal $e0 $x0) (Member $e0 walk) (Past $e0))
p204302	0.02740	0.01393	-0.00026	0.00675	-0.00409	-0.01572	0.04793	-0.01137	0.02675	0.01812	-0.02646	0.02271	-0.04242	-0.01179	-0.00775	-0.00011	-0.02831	-0.01514	0.00587	-0.01437	0.04401	0.06382	-0.00622	0.00160	0.01549	0.00578	-0.00079	-0.00285	-0.01683	-0.00653	-0.00600	0.06867	(And (Goal $e0 $x0) (Past $e0) (Patient $e0 $x1))
p204303	-0.06336	-0.09420	0.08625	0.05338	0.04996	0.07138	-0.06512	0.06080	-0.04544	-0.08104	0.04653	-0.03896	-0.06715	-0.00981	-0.05497	0.02949	-0.03302	-0.05634	0.05590	0.08713	-0.06575	0.04476	0.08192	-0.02662	-0.04201	-0.06975	0.03207	0.07409	-0.08770	-0.03402	-0.02553	0.09715	(And (GroupOf $x0 view) (Possession $x0 free_soil_party) (Theme $e0 $x0))
p204304	-0.06336	-0.09420	0.08625	0.05338	0.04996	0.07138	-0.06512	0.06080	-0.04544	-0.08104	0.04653	-0.03896	-0.06715	-0.00981	-0.05497	0.02949	-0.03302	-0.05634	0.05590	0.08713	-0.06575	0.04476	0.08192	-0.02662	-0.04201	-0.06975	0.03207	0.07409	-0.08770	-0.03402	-0.02553	0.09715	(And (GroupOf $x0 view) (Possession $x0 republican_party) (Theme $e0 $x0))
p204305	0.00615	0.06155	0.07298	-0.00589	0.03291	-0.04678	-0.01084	0.05514	0.08372	-0.08100	-0.07815	-0.09661	-0.04060	-0.08843	-0.06002	-0.10177	0.21095	-0.06125	0.04879	0.00646	0.03483	-0.04755	0.07266	0.09204	-0.05344	0.04230	-0.04577	0.07121	0.03254	-0.04123	0.03206	-0.02817	(And (Holder $e0 kristoffer) (Member $e0 have) (Theme $e0 $x0))
p204306	-0.00304	0.00376	0.04382	0.01211	-0.00584	-0.01586	-0.01296	0.01728	-0.01511	-0.00215	-0.00600	0.02670	-0.02053	0.01001	0.00174	-0.00259	-0.01404	-0.01380	-0.01886	0.00762	-0.01242	0.03044	0.00205	0.03410	0.03640	0.01124	-0.02103	-0.01091	0.01608	-0.00239	-0.01439	0.00024	(And (Location $e0 $x0) (Member $e0 find) (Past $e0))
p204307	-0.13439	-0.06677	-0.03694	-0.10390	0.19653	-0.00127	-0.02070	-0.08354	0.00125	0.17333	-0.03861	0.05583	0.10585	-0.33980	0.11787	-0.02900	-0.01669	-0.06095	0.01173	-0.03222	0.15301	-0.14543	-0.24413	-0.05641	0.05838	-0.01013	-0.15396	0.26361	0.06960	-0.01247	-0.07769	0.09595	(And (Location $e0 $x0) (Ongoing $e0) (Theme $e1 $e0))
p204308	-0.08238	-0.02005	-0.02551	0.03809	0.05172	0.02708	-0.07094	0.06032	0.04837	0.07632	-0.04120	-0.03036	0.00850	0.05369	0.07296	-0.04336	-0.02916	0.02416	-0.06061	-0.02071	0.09729	0.08131	0.07151	0.01549	-0.02849	0.12902	-0.04664	-0.10101	-0.05668	-0.07831	-0.02749	-0.06078	(And (Location $e0 kazakhstan) (Member $e0 build) (Past $e0))
p204309	-0.08238	-0.02005	-0.02551	0.03809	0.05172	0.02708	-0.07094	0.06032	0.04837	0.07632	-0.04120	-0.03036	0.00850	0.05369	0.07296	-0.04336	-0.02916	0.02416	-0.06061	-0.02071	0.09729	0.08131	0.07151	0.01549	-0.02849	0.12902	-0.04664	-0.10101	-0.05668	-0.07831	-0.02749	-0.06078	(And (Location $e0 kazakhstan) (Member $e0 build) (Patient $e0 $x0))
p204310	-0.08238	-0.02005	-0.02551	0.03809	0.05172	0.02708	-0.07094	0.06032	0.04837	0.07632	-0.04120	-0.03036	0.00850	0.05369	0.07296	-0.04336	-0.02916	0.02416	-0.06061	-0.02071	0.09729	0.08131	0.07151	0.01549	-0.02849	0.12902	-0.04664	-0.10101	-0.05668	-0.07831	-0.02749	-0.06078	(And (Location $e0 kazakhstan) (Past $e0) (Patient $e0 $x0))
p204311	0.02806	-0.01340	-0.00676	-0.01150	-0.01091	0.01096	0.01595	0.02320	0.01017	0.01387	-0.01946	0.00781	0.01935	-0.03495	-0.02138	0.00573	-0.00809	-0.00842	0.04728	-0.02522	0.02261	0.01794	0.01571	-0.02618	0.01420	0.00796	0.01599	-0.01793	-0.01647	0.01317	-0.00222	-0.01124	(And (Member $e0 bear) (Past $e0) (Patient $e0 $x0))
p204312	0.02859	-0.01975	0.02091	-0.00404	-0.01305	-0.00728	0.03086	-0.00710	0.01355	0.01253	-0.02779	-0.02492	0.00764	-0.02631	-0.00606	0.03056	-0.03169	-0.01451	0.03532	-0.04611	-0.00182	0.01736	0.00186	-0.01367	0.03720	0.00981	-0.00554	0.00966	-0.04018	0.00128	-0.00796	-0.02272	(And (Member $e0 direct) (Past $e0) (Patient $e0 $x0))
p204313	-0.02991	0.01761	-0.00946	-0.00564	-0.01125	0.00211	0.00590	0.00797	-0.01083	-0.01700	-0.00196	-0.02825	-0.01789	-0.01256	0.01420	-0.00758	-0.00335	-0.00095	-0.00278	-0.04230	-0.00978	-0.01720	-0.01127	-0.01393	-0.01510	0.00418	-0.00195	-0.00206	0.03218	0.00465	-0.01378	-0.00379	(And (Member $e0 discover) (Past $e0) (Theme $e0 $x0))
p204314	-0.02439	0.01258	0.15001	0.08980	-0.09436	-0.04643	-0.07984	-0.13224	0.05805	0.06488	-0.07019	0.11070	-0.06266	-0.08454	0.16593	0.19418	-0.14537	0.06594	0.02755	0.00444	-0.02117	-0.06008	0.19847	0.03264	0.08300	-0.00293	0.15885	-0.17861	0.14354	-0.06499	0.06214	-0.07613	(And (Member $e0 get) (Ongoing $e0) (Patient $e0 $x0))
p204315	-0.03417	0.00519	0.15407	0.07687	-0.09340	-0.04596	-0.08040	-0.13725	0.06368	0.06625	-0.05580	0.11089	-0.05899	-0.08864	0.16311	0.19315	-0.15149	0.06767	0.02405	-0.00141	-0.01213	-0.05651	0.20058	0.03310	0.08738	-0.00626	0.16442	-0.18059	0.14614	-0.06371	0.07026	-0.08044	(And (Member $e0 get) (Ongoing $e0) (Result $e0 $e1))
p204316	-0.05576	-0.00873	0.00564	-0.04016	0.00465	-0.00977	-0.02247	-0.02666	0.03005	0.00307	0.05070	-0.00654	-0.00321	0.01982	-0.03187	-0.00977	0.00437	0.02875	-0.03097	0.00857	-0.00154	0.00698	0.00637	-0.01015	0.01986	-0.05115	-0.00460	-0.02560	0.03392	-0.02333	0.01486	-0.00426	(And (Member $e0 make) (Past $e0) (Result $e0 $e1))
p204317	0.00743	-0.00675	-0.00372	0.00234	0.00025	-0.00586	0.00677	0.00285	0.01221	-0.00019	-0.00915	-0.00599	0.01066	-0.00644	-0.00700	0.00763	-0.00454	-0.00624	0.00881	-0.01025	-0.00206	0.00561	-0.00576	-0.00840	0.01010	-0.00282	-0.00298	0.00601	-0.01081	0.00346	-0.00669	-0.00448	(And (Member $e0 open) (Past $e0) (Patient $e0 $x0))
p204318	0.03105	0.05747	0.05005	0.03641	-0.04138	-0.07333	0.01918	0.05100	-0.01923	0.04508	0.00563	-0.00562	-0.01883	0.11354	0.19606	0.03257	0.03778	0.01618	-0.06233	0.04830	-0.13037	-0.00298	-0.08702	-0.03276	-0.09438	-0.06230	-0.05829	0.07905	-0.03885	-0.01879	-0.02184	0.02466	(And (Member $e0 start) (Patient $e0 $x0) (Theme $e0 $e1))
p204319	-0.06845	-0.02225	0.01306	-0.02845	0.05644	-0.02640	0.05957	0.11235	0.03859	0.02629	0.04199	0.01429	0.01596	-0.09932	0.04947	-0.03600	0.00582	0.07168	0.02273	0.00119	-0.04931	-0.04018	-0.06692	-0.04914	-0.03580	0.02974	-0.08286	0.07997	0.03942	0.04457	-0.02576	0.00326	(And (Member $e0 take) (Past $e0) (Theme $e0 $x0))
p204320	-0.01479	0.00219	0.00977	-0.03550	-0.00528	-0.01130	0.00542	-0.01059	0.03242	0.01368	-0.02199	0.00194	-0.00653	0.00761	-0.02424	0.01817	-0.02386	0.01757	-0.00088	-0.02353	-0.00623	0.03022	-0.01481	-0.01591	0.02399	-0.00604	0.01438	0.00030	-0.01823	0.00172	0.00619	0.02722	(And (Member $e0 turn) (Past $e0) (Patient $e0 $x0))
p204321	0.01445	0.01789	-0.02924	-0.00486	-0.03551	0.02048	-0.01567	0.01611	0.00005	-0.00995	0.01246	-0.00540	0.02960	-0.01169	-0.02560	-0.01945	0.01118	0.02659	0.03125	-0.04595	0.00638	-0.01161	-0.01402	-0.04623	-0.00997	0.02057	0.02148	-0.00302	-0.00505	-0.06754	0.00951	0.02343	(And (Ongoing $e0) (Past $e0) (Theme $e0 $x0))
p204322	0.03412	0.04975	0.03750	0.03592	-0.04277	-0.04343	-0.01272	0.01803	-0.04294	0.00639	-0.00794	0.00144	-0.00924	0.13338	0.12946	0.05793	0.05486	-0.01354	-0.04447	0.02448	-0.09274	0.03529	-0.05216	-0.01031	-0.07191	-0.05572	-0.02216	0.01547	-0.05367	-0.00537	-0.00420	0.00274	(And (Past $e0) (Patient $e0 $x0) (Theme $e0 $e1))
p204323	0.05243	0.05458	-0.02054	-0.01295	0.01374	0.06545	0.02569	0.07536	-0.00870	-0.09608	-0.04738	0.08100	0.02018	-0.09818	-0.02475	-0.00629	-0.02372	0.05899	-0.03332	-0.04666	-0.04027	0.05304	0.08835	0.02551	-0.02835	-0.03968	-0.08903	0.13825	0.04689	-0.01242	0.06834	-0.07696	(And (Past $e0) (Theme $e0 $x0) (To $e0 $e1))
p204457	0.00108	-0.01280	-0.00464	-0.00425	-0.00690	0.00685	0.00793	-0.01162	-0.00920	0.00251	0.00666	0.00748	0.02207	0.00514	-0.01651	-0.00768	0.00355	0.01366	0.01915	0.01482	-0.01051	-0.00207	-0.00083	-0.00511	-0.00848	0.01547	-0.00069	-0.01410	-0.00446	-0.02930	-0.00350	0.00394	(And (Agent $e0 $x0) (For $e0 $x1))
p204458	0.00287	-0.01345	-0.00926	0.01057	-0.00314	0.01109	0.00787	-0.01035	-0.00476	-0.00119	0.01921	0.00095	0.00232	0.01031	-0.02870	-0.02338	0.01828	0.02831	0.02230	0.01953	-0.01084	-0.01537	0.00187	-0.00436	-0.00348	-0.00172	-0.02162	-0.01451	0.01407	-0.04521	-0.00422	0.00378	(And (Agent $e0 $x0) (GroupOf $x0 boy))
p204459	0.00618	-0.00445	0.00653	-0.00594	-0.01208	0.00056	0.02331	-0.02100	0.00037	0.00875	-0.00969	0.00742	-0.00735	0.00113	-0.00607	-0.00358	-0.01314	0.00269	0.00544	0.01301	0.00933	0.01649	-0.00347	0.01070	-0.00737	0.01551	0.00190	-0.00941	-0.00552	-0.02013	-0.00364	0.02917	(And (Agent $e0 $x0) (GroupOf $x0 student))
p204460	-0.08238	-0.02005	-0.02551	0.03809	0.05172	0.02708	-0.07094	0.06032	0.04837	0.07632	-0.04120	-0.03036	0.00850	0.05369	0.07296	-0.04336	-0.02916	0.02416	-0.06061	-0.02071	0.09729	0.08131	0.07151	0.01549	-0.02849	0.12902	-0.04664	-0.10101	-0.05668	-0.07831	-0.02749	-0.06078	(And (Agent $e0 $x0) (Location $e0 kazakhstan))
p204461	-0.02559	0.01869	-0.02217	0.00727	-0.02261	0.01235	0.04339	-0.01247	0.01972	0.00181	-0.01189	0.00973	-0.01945	0.00244	-0.01103	0.00378	-0.00741	-0.02572	-0.00701	-0.00677	0.00727	0.01351	-0.00348	0.00364	-0.00677	0.00398	0.01740	-0.01689	0.01702	0.00251	-0.02195	0.03554	(And (Agent $e0 $x0) (Member $e0 add))
p204462	-0.04992	0.04880	0.12908	-0.00478	0.20025	-0.13856	0.05984	-0.13683	0.08987	-0.00587	0.03434	0.09941	0.16745	-0.02516	-0.05522	0.04629	0.16553	-0.09102	-0.07764	0.10426	-0.02982	0.05139	0.00943	0.13719	-0.03203	0.03732	0.18285	-0.10863	-0.08312	-0.06936	-0.02524	-0.07645	(And (Agent $e0 $x0) (Member $e0 contain))
p204463	0.00986	-0.01448	0.00903	-0.00095	-0.00515	-0.00779	-0.00307	0.01468	-0.00810	0.00210	0.01898	-0.00224	-0.01560	-0.01669	-0.02385	-0.00587	0.00675	0.02286	0.02626	-0.01340	0.03277	-0.00623	0.00118	0.03135	-0.00270	-0.01579	0.00331	-0.01627	-0.01234	0.00234	0.01019	-0.01749	(And (Agent $e0 $x0) (Member $e0 eat))
p204464	0.00057	-0.01254	0.00441	0.00284	-0.01168	0.00899	-0.00361	0.00957	-0.00369	-0.00871	-0.00419	0.00530	0.00892	0.01167	-0.01383	-0.00224	0.00293	0.00212	0.00322	0.00942	-0.02131	-0.01050	0.00452	0.00290	0.01906	0.01771	-0.01459	-0.00711	0.00337	-0.01618	-0.00820	0.00765	(And (Agent $e0 $x0) (Member $e0 fly))
p204465	0.00092	-0.00301	-0.00635	0.01309	-0.01512	0.00734	-0.00500	-0.00938	-0.00503	-0.01369	0.01081	0.00022	0.02502	0.00976	-0.01945	-0.01935	0.01288	0.01811	0.01618	-0.00144	-0.01269	-0.01361	0.00604	-0.00227	-0.00631	0.01520	-0.01491	0.00022	-0.00115	-0.03652	0.01169	0.02459	(And (Agent $e0 $x0) (Member $e0 jump))
p204466	0.10974	-0.07555	0.01172	-0.14102	0.08747	0.13514	0.11277	0.04270	-0.07137	-0.15367	0.03899	0.10011	-0.03511	0.07814	0.15510	-0.15187	0.14136	0.07775	-0.01478	-0.07403	0.17110	-0.09232	0.17792	-0.24020	-0.01422	-0.06135	0.23202	-0.24712	0.09194	0.10881	0.00865	0.08383	(And (Agent $e0 $x0) (Member $e0 kill))
p204467	-0.03307	0.00525	-0.00964	0.00100	-0.02080	-0.00163	0.02712	-0.01230	0.00179	-0.00470	-0.01622	-0.00112	0.01555	-0.00772	-0.00558	0.01748	-0.01367	-0.01508	-0.00681	-0.01690	-0.00129	-0.00540	-0.01131	-0.00537	-0.01410	0.01118	0.02906	-0.00525	0.00200	-0.00293	-0.01481	0.00654	(And (Agent $e0 $x0) (Member $e0 lead))
p204468	-0.00205	-0.00616	-0.00060	-0.00670	-0.00816	0.00186	-0.00153	-0.00595	0.00839	-0.00730	-0.00116	-0.00037	0.01000	0.00303	0.00389	0.01557	-0.00956	0.00029	-0.00819	-0.00267	-0.01367	-0.00305	-0.00882	0.00873	-0.00378	0.00716	0.01982	0.00121	0.00028	0.00122	-0.00717	-0.00216	(And (Agent $e0 $x0) (Member $e0 provide))
p204469	0.03279	-0.01728	-0.00740	-0.04095	-0.00670	0.07928	0.06978	-0.04566	0.02261	-0.02209	0.03924	-0.07971	-0.03412	-0.02752	0.11625	0.06369	-0.05684	-0.02439	-0.00318	0.03845	-0.02730	-0.00084	0.02004	0.03133	0.05955	0.01481	-0.00975	-0.04348	0.00800	0.02374	-0.01368	-0.04805	(And (Agent $e0 $x0) (Member $e0 sell))
p204470	-0.08013	-0.04714	0.06239	-0.05778	0.04169	0.00290	0.11018	0.14993	0.11506	0.06275	0.06497	0.05050	-0.01404	0.02183	0.06266	0.02188	0.03860	0.11982	0.09283	-0.03022	-0.14699	0.01214	-0.13356	-0.03353	-0.04346	0.10262	-0.07217	0.13839	0.00518	0.11014	0.01943	0.00526	(And (Agent $e0 $x0) (Member $e0 start))
p204471	0.01159	-0.02351	-0.00691	-0.00724	-0.01930	0.02883	0.02335	0.03325	0.00146	0.00442	0.00719	-0.01086	0.00620	-0.01899	-0.04085	-0.01785	0.02056	0.02593	0.04465	0.00714	-0.01436	-0.02229	0.01322	-0.03160	0.03213	0.04188	-0.04351	-0.02395	0.00011	-0.05764	-0.00559	0.01155	(And (Agent $e0 $x0) (Member $e0 swim))
p204472	0.01749	-0.00631	-0.03626	0.05328	-0.01486	-0.00402	0.05250	0.06069	0.00073	-0.03950	0.01713	-0.05850	-0.06302	-0.06048	-0.03639	0.06368	0.03705	0.05869	0.00314	0.02773	0.12999	-0.01343	-0.02879	-0.00826	0.01783	-0.00709	-0.04995	-0.04047	0.02330	-0.01371	0.01162	0.01207	(And (Agent $e0 $x0) (Member $e0 try))
p204473	0.02496	-0.00386	0.02989	-0.02028	-0.03401	-0.02365	-0.02589	0.03312	-0.01231	0.03342	0.04293	0.02794	-0.02282	-0.07041	-0.01891	-0.03774	-0.02168	0.02018	0.05456	-0.04594	0.05080	-0.00366	0.03533	0.08257	-0.01470	-0.05181	0.03289	-0.02100	-0.03012	0.01217	0.02648	-0.02053	(And (Agent $e0 $x0) (Member $e0 write))
p204474	0.00072	0.01531	0.00735	0.02977	0.01799	0.01679	-0.00281	-0.01855	-0.00975	-0.00449	0.01319	-0.00636	0.01852	0.02984	-0.02741	-0.00869	-0.00395	0.03181	0.00494	0.01217	-0.00031	-0.02010	-0.03443	0.01034	0.01373	0.00755	0.00888	0.00970	0.00035	-0.01072	0.00910	0.00744	(And (Agent $e0 $x0) (Member $x0 cat))
p204475	0.03397	0.01039	-0.02153	0.02882	0.05609	-0.01425	0.01436	-0.02996	-0.02985	-0.00552	0.01548	-0.00212	0.03135	0.03036	-0.01240	0.00994	0.01037	0.01114	0.01553	0.01594	-0.03156	0.01584	0.02538	-0.02125	0.02709	0.02065	-0.03276	-0.02313	-0.03118	-0.03900	0.01548	0.02086	(And (Agent $e0 $x0) (Member $x0 family))
p204476	0.20421	0.15119	-0.06878	-0.02694	0.06568	0.16075	0.07615	0.20571	-0.02718	-0.25522	-0.16631	0.23317	0.09871	-0.26024	-0.07921	0.01320	-0.08162	0.17372	-0.13188	-0.12569	-0.11976	0.15593	0.17752	0.06630	-0.06137	-0.11567	-0.22663	0.46844	0.06698	-0.07617	0.23255	-0.19498	(And (Agent $e0 $x0) (Member $x0 father))
p204477	0.00453	-0.00409	-0.00805	-0.00141	-0.00343	0.00278	0.00708	-0.00400	0.00345	-0.00087	0.00500	0.00047	0.00590	-0.00394	-0.00112	0.00585	-0.00088	0.00998	-0.00354	0.01069	-0.00870	-0.00596	-0.01106	0.00210	-0.00402	-0.00131	0.01144	-0.00651	0.00242	-0.01506	-0.01537	-0.00500	(And (Agent $e0 $x0) (Member $x0 government))
p204478	0.00184	0.00571	0.00767	0.01876	0.01704	-0.00994	0.01540	-0.02485	0.01171	-0.01076	-0.00815	0.00418	-0.00858	0.01238	-0.00783	-0.00470	0.00208	0.00165	-0.00019	0.01214	0.00045	0.01144	-0.00322	0.02731	0.00052	0.01843	-0.00650	0.00215	0.00084	-0.00475	0.00649	0.03745	(And (Agent $e0 $x0) (Over $e0 $x1))
p204480	0.00751	-0.00660	0.00850	0.00053	-0.00013	-0.00951	0.00630	0.01086	0.00972	0.00103	-0.01140	0.00245	0.01210	0.00622	0.00545	0.00927	-0.00804	-0.00972	0.00319	-0.01055	-0.01609	0.00651	-0.01098	-0.00876	0.01397	0.00105	-0.00178	0.00970	-0.01442	0.00625	-0.00907	-0.00389	(And (Already $e0) (Past $e0))
p204482	0.01307	-0.01922	-0.01521	-0.07400	0.01839	-0.10314	0.03769	0.01177	-0.02720	0.12697	-0.05786	-0.05185	-0.02850	0.10292	-0.05914	0.02363	-0.01598	-0.10830	-0.07939	-0.03217	-0.02910	-0.04186	0.06108	-0.08504	-0.03715	-0.08374	-0.04084	-0.04607	0.00806	-0.07797	0.01431	0.03017	(And (Also appear $e0) (Past $e0))
p204483	-0.00394	-0.01105	0.03594	0.00753	-0.00092	-0.00799	-0.00129	-0.00271	-0.00521	0.01433	0.00720	0.02536	0.00205	0.00037	-0.00349	-0.00301	-0.01318	-0.00753	-0.01487	0.02354	-0.00037	0.02775	0.00490	0.01151	0.00963	0.00393	-0.01366	-0.01428	0.02485	-0.00380	-0.00775	0.00284	(And (But $e0 $e1) (Past $e0))
p204484	-0.00394	-0.01105	0.03594	0.00753	-0.00092	-0.00799	-0.00129	-0.00271	-0.00521	0.01433	0.00720	0.02536	0.00205	0.00037	-0.00349	-0.00301	-0.01318	-0.00753	-0.01487	0.02354	-0.00037	0.02775	0.00490	0.01151	0.00963	0.00393	-0.01366	-0.01428	0.02485	-0.00380	-0.00775	0.00284	(And (But $e0 $e1) (Past $e1))
p204485	0.04610	-0.02106	0.01256	-0.06782	0.04870	0.07149	0.05482	0.01550	-0.01524	-0.06609	0.01272	0.05846	0.00435	0.03331	0.05242	-0.06763	0.09189	0.01252	-0.01096	-0.00450	0.06073	-0.03459	0.09152	-0.09879	-0.01002	-0.01846	0.11136	-0.13248	0.04692	0.04534	-0.00820	0.03579	(And (Cardinality $x0 <num>) (GroupOf $x0 person))
p204486	0.01059	0.04394	0.05533	-0.00257	0.02157	0.05450	0.01455	-0.02686	0.00736	0.04613	-0.01021	-0.03133	0.00406	0.00119	-0.02401	-0.01442	0.02076	-0.00949	-0.01071	0.00973	0.01837	-0.02156	-0.03066	-0.00521	-0.00616	0.00555	0.01159	-0.00073	-0.01274	-0.00887	0.03054	-0.00035	(And (Cardinality $x0 <num>) (LocatedIn $x0 $x1))
p204487	-0.02990	-0.00617	0.00969	-0.01265	-0.01588	-0.00155	-0.00057	-0.00883	0.00229	-0.00074	-0.00541	-0.00875	0.00085	0.00482	-0.00951	0.00085	-0.01276	-0.01072	-0.00041	-0.01266	-0.00604	-0.00200	-0.00715	-0.00882	-0.00327	-0.01034	0.00632	-0.01492	0.03253	-0.01208	-0.01057	-0.01739	(And (During $e0 $e1) (Past $e0))
p204488	-0.03132	-0.00440	0.00729	-0.01471	-0.01724	-0.00372	0.00184	-0.01009	0.00450	-0.00376	0.00182	-0.01113	0.00058	0.00165	-0.00336	-0.00350	-0.01522	-0.01223	-0.00040	-0.01577	0.00015	-0.00287	-0.01112	-0.00705	-0.00396	-0.01625	0.00942	-0.00875	0.03379	-0.01754	-0.00688	-0.01847	(And (During $e0 $e1) (Past $e1))
p204489	0.00157	-0.00969	0.00187	-0.00180	0.00143	-0.00363	0.00681	-0.00402	-0.00323	0.00626	-0.00911	0.00003	0.01485	-0.00704	-0.00148	0.00067	-0.00558	-0.00188	0.00792	0.00649	0.00007	0.00365	-0.00502	-0.00754	-0.00420	0.00276	0.00002	0.00166	-0.00299	0.00270	-0.00300	-0.00655	(And (During $e0 $x0) (Past $e0))
p204490	0.00474	-0.00402	-0.00419	-0.01220	-0.00881	-0.00870	0.00139	0.01182	-0.03307	0.00124	-0.04071	0.00520	-0.00888	0.00671	-0.00199	0.00134	0.00762	0.01150	0.02841	0.01241	0.00260	0.01035	-0.00806	-0.00716	-0.02320	0.01680	0.00767	-0.00901	-0.01464	-0.00235	0.00450	-0.00599	(And (Experiencer $e0 $x0) (Like $e0 $x1))
p204491	-0.09310	0.04542	-0.02900	-0.04409	-0.00856	-0.02840	-0.03813	-0.03034	0.04524	-0.00688	0.03596	-0.02654	0.01121	0.01093	-0.02007	0.01623	0.03131	0.05072	-0.07412	0.01452	-0.02038	0.01269	0.03166	-0.02610	0.07277	-0.05476	-0.01565	-0.03552	-0.00312	-0.01210	0.02986	0.06002	(And (Experiencer $e0 $x0) (Member $e0 bad))
p204492	0.00478	-0.00983	-0.00935	-0.00520	-0.02152	-0.01346	0.00888	0.03240	-0.03240	0.00478	-0.03598	-0.00467	-0.01087	-0.02591	-0.02003	0.03044	0.02661	0.00966	0.01093	0.02662	0.05327	0.00476	-0.01208	-0.00766	-0.02055	0.00783	0.00760	-0.03731	-0.01312	0.00143	-0.01191	-0.01733	(And (Experiencer $e0 $x0) (Member $e0 need))
p204493	-0.09310	0.04543	-0.02901	-0.04409	-0.00856	-0.02840	-0.03813	-0.03034	0.04524	-0.00688	0.03596	-0.02653	0.01122	0.01092	-0.02007	0.01622	0.03131	0.05072	-0.07412	0.01452	-0.02038	0.01269	0.03165	-0.02610	0.07277	-0.05476	-0.01565	-0.03552	-0.00313	-0.01210	0.02985	0.06001	(And (Experiencer $e0 $x0) (Member $x0 bad))
p204494	-0.02017	0.00383	0.00192	0.00287	0.07283	-0.01881	0.00806	-0.01737	-0.00722	-0.00448	-0.01619	-0.00157	0.00887	0.01255	-0.01761	0.00085	-0.00545	0.01904	0.02210	0.03413	-0.00517	0.00792	-0.03315	0.00842	0.02075	0.01909	0.00086	0.00811	-0.00442	0.01779	0.01134	-0.01102	(And (Experiencer $e0 $x0) (Possession $x0 $x1))
p204495	-0.00206	0.03833	-0.03870	0.00389	-0.03721	-0.00742	-0.02569	0.03224	-0.05206	-0.03607	-0.01333	-0.01864	0.02648	-0.01750	0.01579	0.03020	0.08374	0.02876	-0.00189	0.04285	-0.00717	0.03045	0.03216	-0.01124	0.00268	0.00009	-0.03546	-0.04832	-0.04634	0.01132	0.01314	0.02782	(And (Experiencer $e0 $x0) (Theme $e1 $e0))
p204496	-0.00125	-0.00285	-0.00816	-0.01219	-0.00336	-0.00796	-0.00101	0.00666	-0.01894	-0.00109	-0.02904	0.00106	-0.00819	0.00092	-0.00035	-0.00999	-0.00047	0.00914	0.02060	0.00705	-0.00035	0.00299	-0.00660	-0.00453	-0.01371	0.01159	0.00512	-0.00128	-0.00918	-0.00678	0.00262	0.00164	(And (Experiencer $e0 $x0) (Time $e0 now))
p204497	0.07850	-0.07553	-0.07446	0.10007	-0.09506	-0.02760	0.04810	-0.11713	-0.08090	0.20096	-0.00721	-0.02526	-0.03534	0.02224	-0.11182	-0.05595	0.14695	0.07015	-0.07141	0.01439	-0.07667	0.05144	0.12554	0.01256	0.12154	0.06243	0.14178	0.17068	0.01048	0.00092	-0.02848	-0.04819	(And (For $e0 $e1) (Member $e0 win))
p204498	-0.00121	0.00417	0.02309	-0.00797	-0.01226	0.00624	0.05976	-0.00158	0.05682	0.02067	0.01215	0.03946	-0.05393	0.02436	0.01384	-0.00501	-0.02572	0.01989	0.02756	-0.01891	0.00242	0.06855	-0.03346	0.02139	-0.00583	0.03360	-0.00599	0.04328	0.00887	0.01513	0.02349	0.07211	(And (Goal $e0 $x0) (Member $e0 walk))
p204499	0.00615	0.06155	0.07298	-0.00589	0.03291	-0.04678	-0.01084	0.05514	0.08372	-0.08100	-0.07815	-0.09661	-0.04060	-0.08843	-0.06002	-0.10177	0.21095	-0.06125	0.04879	0.00646	0.03483	-0.04754	0.07266	0.09204	-0.05344	0.04230	-0.04577	0.07121	0.03254	-0.04123	0.03206	-0.02816	(And (GroupOf $x0 child) (Theme $e0 $x0))
p204500	-0.06336	-0.09420	0.08625	0.05338	0.04996	0.07138	-0.06512	0.06080	-0.04544	-0.08104	0.04653	-0.03896	-0.06715	-0.00981	-0.05497	0.02949	-0.03302	-0.05634	0.05590	0.08713	-0.06575	0.04476	0.08192	-0.02662	-0.04201	-0.06975	0.03207	0.07409	-0.08770	-0.03402	-0.02553	0.09715	(And (GroupOf $x0 view) (Possession $x0 free_soil_party))
p204501	-0.06336	-0.09420	0.08625	0.05338	0.04996	0.07138	-0.06512	0.06080	-0.04544	-0.08104	0.04653	-0.03896	-0.06715	-0.00981	-0.05497	0.02949	-0.03302	-0.05634	0.05590	0.08713	-0.06575	0.04476	0.08192	-0.02662	-0.04201	-0.06975	0.03207	0.07409	-0.08770	-0.03402	-0.02553	0.09715	(And (GroupOf $x0 view) (Possession $x0 republican_party))
p204502	-0.10860	-0.17079	0.14925	0.09497	0.10202	0.12432	-0.11663	0.11565	-0.07615	-0.14864	0.08213	-0.07055	-0.12131	-0.01935	-0.10230	0.05301	-0.06121	-0.10162	0.10186	0.15624	-0.11850	0.08556	0.13752	-0.04910	-0.07533	-0.12862	0.06558	0.14961	-0.15739	-0.06219	-0.04381	0.16701	(And (GroupOf $x0 view) (Theme $e0 $x0))
p204503	0.00615	0.06155	0.07298	-0.00589	0.03291	-0.04678	-0.01084	0.05514	0.08372	-0.08100	-0.07815	-0.09661	-0.04060	-0.08843	-0.06002	-0.10177	0.21095	-0.06125	0.04879	0.00646	0.03483	-0.04754	0.07266	0.09204	-0.05344	0.04230	-0.04577	0.07121	0.03254	-0.04123	0.03206	-0.02817	(And (Holder $e0 kristoffer) (Member $e0 have))
p204504	0.00615	0.06155	0.07298	-0.00589	0.03291	-0.04678	-0.01084	0.05514	0.08372	-0.08100	-0.07815	-0.09661	-0.04060	-0.08843	-0.06002	-0.10177	0.21095	-0.06125	0.04879	0.00646	0.03483	-0.04755	0.07266	0.09204	-0.05344	0.04230	-0.04577	0.07121	0.03254	-0.04123	0.03206	-0.02817	(And (Holder $e0 kristoffer) (Theme $e0 $x0))
p204505	0.01738	0.03599	0.03477	0.00122	-0.00887	0.06228	0.01253	-0.02285	-0.01570	0.05751	0.00063	-0.02881	0.00099	0.00400	-0.01301	-0.00094	-0.01742	0.00882	-0.01350	0.00790	0.02211	-0.02108	-0.03113	-0.02129	0.00219	-0.00250	-0.00236	0.00544	-0.01657	-0.00376	0.02212	0.00734	(And (LocatedIn $x0 $x1) (Member $x1 garden))
p204506	0.02230	0.02983	0.06395	-0.01477	-0.01622	0.06414	0.01805	-0.02759	-0.01793	0.05172	0.00047	-0.04882	-0.01699	0.00571	0.00275	0.00244	-0.03765	0.00555	-0.01941	-0.00349	0.02496	-0.02368	-0.03816	-0.00023	0.01531	-0.00872	-0.00366	0.00998	-0.02544	-0.00275	0.02418	-0.00590	(And (LocatedIn $x0 $x1) (PartOf $x1 $x2))
p204507	-0.00472	0.04713	0.06254	0.02648	-0.02366	0.01593	0.00001	0.00969	-0.04970	0.01854	-0.03134	-0.00134	-0.01141	-0.00288	-0.01025	0.00546	-0.02472	-0.01130	-0.01342	-0.00770	0.01449	-0.00612	-0.01476	0.04262	0.06787	0.03057	-0.00645	0.01267	-0.03664	-0.00175	0.01289	-0.00728	(And (Location $e0 $x0) (Location $e0 $x1))
p204508	0.01732	0.01414	0.00663	-0.01356	-0.03298	-0.03257	-0.00137	0.10154	-0.03529	0.01980	-0.00742	-0.00174	-0.01995	-0.04779	-0.00811	0.02026	-0.01055	-0.00727	0.01407	-0.00301	0.04434	0.00721	-0.01769	0.01668	0.05324	0.01369	-0.02071	-0.01830	-0.03800	-0.00256	-0.00806	-0.01231	(And (Location $e0 $x0) (Member $e0 sleep))
p204509	-0.00458	0.00027	0.00358	0.01914	-0.00561	-0.01618	0.00355	0.03444	0.01682	-0.01471	0.02765	0.01513	0.01619	-0.00088	-0.00953	-0.01166	-0.00544	-0.00196	0.00975	0.01032	0.00427	0.00549	-0.01317	0.00549	0.04237	0.00193	-0.00852	0.00776	0.01197	-0.04139	-0.00082	-0.00741	(And (Location $e0 $x0) (Member $e0 walk))
p204510	-0.08397	0.09863	-0.14019	-0.04590	-0.06416	-0.07530	0.09901	0.05798	0.03758	-0.15545	0.14541	-0.13394	-0.01442	0.15200	0.16718	-0.10885	-0.08733	-0.14871	-0.04246	0.01466	0.14401	0.05264	-0.21688	0.16145	0.01499	-0.14865	0.21042	0.22466	0.04912	0.03271	0.06702	-0.09826	(And (Location $e0 $x0) (Member $x0 table))
p204511	-0.00639	0.06117	-0.02417	0.02049	0.01374	-0.01597	0.02587	-0.01111	-0.06059	-0.01498	0.04928	-0.04887	-0.00858	-0.07635	0.15577	-0.02259	-0.01753	-0.02524	0.04809	-0.00364	-0.04831	-0.01680	0.06910	0.03078	0.01097	0.02493	-0.07709	-0.04983	0.01297	0.05165	-0.00647	0.03051	(And (Location $e0 japan) (Past $e0))
p204512	-0.08238	-0.02005	-0.02551	0.03809	0.05172	0.02708	-0.07094	0.06032	0.04837	0.07632	-0.04120	-0.03036	0.00850	0.05369	0.07296	-0.04336	-0.02916	0.02416	-0.06061	-0.02071	0.09729	0.08131	0.07151	0.01549	-0.02849	0.12902	-0.04664	-0.10101	-0.05668	-0.07831	-0.02749	-0.06078	(And (Location $e0 kazakhstan) (Member $e0 build))
p204513	-0.08238	-0.02005	-0.02551	0.03809	0.05172	0.02708	-0.07094	0.06032	0.04837	0.07632	-0.04120	-0.03036	0.00850	0.05369	0.07296	-0.04336	-0.02916	0.02416	-0.06061	-0.02071	0.09729	0.08131	0.07151	0.01549	-0.02849	0.12902	-0.04664	-0.10101	-0.05668	-0.07831	-0.02749	-0.06078	(And (Location $e0 kazakhstan) (Past $e0))
p204514	-0.08238	-0.02005	-0.02551	0.03809	0.05172	0.02708	-0.07094	0.06032	0.04837	0.07632	-0.04120	-0.03036	0.00850	0.05369	0.07296	-0.04336	-0.02916	0.02416	-0.06061	-0.02071	0.09729	0.08131	0.07151	0.01549	-0.02849	0.12902	-0.04664	-0.10101	-0.05668	-0.07831	-0.02749	-0.06078	(And (Location $e0 kazakhstan) (Patient $e0 $x0))
p204515	0.06515	-0.01800	-0.00282	-0.03176	0.12176	0.06408	0.05250	0.00286	-0.03946	-0.08143	0.03602	0.05079	-0.03020	0.06768	0.04674	-0.06386	0.06521	0.06380	0.03104	-0.02344	0.08080	-0.03034	0.06786	-0.09887	0.02626	-0.01330	0.11178	-0.13341	0.04634	0.07498	0.01826	0.02866	(And (Manner $e0 directly) (Past $e0))
p204516	-0.02306	0.03006	-0.02121	0.01312	-0.02592	0.01255	0.03444	-0.00422	0.02112	0.00356	-0.02495	0.00486	-0.02163	-0.00058	-0.01552	-0.00533	-0.00430	-0.02734	0.00286	-0.01766	0.00373	0.01835	-0.01098	-0.00656	-0.01253	-0.00059	0.01069	-0.01648	0.02906	0.00239	-0.03238	0.03398	(And (Member $e0 add) (Theme $e0 $x0))
p204517	0.01518	-0.01403	-0.01621	-0.08347	0.00660	-0.11399	0.03097	0.02419	-0.02762	0.16291	-0.05508	-0.05455	-0.02662	0.10064	-0.06706	0.01560	-0.01926	-0.12589	-0.07321	-0.03779	-0.03194	-0.05024	0.06805	-0.08228	-0.04570	-0.09325	-0.03728	-0.05616	0.00735	-0.07722	0.01687	0.04404	(And (Member $e0 appear) (Past $e0))
p204518	-0.09310	0.04542	-0.02901	-0.04410	-0.00856	-0.02840	-0.03813	-0.03034	0.04524	-0.00688	0.03595	-0.02654	0.01121	0.01093	-0.02007	0.01622	0.03131	0.05072	-0.07413	0.01452	-0.02038	0.01269	0.03165	-0.02610	0.07277	-0.05476	-0.01565	-0.03552	-0.00313	-0.01210	0.02985	0.06001	(And (Member $e0 bad) (Result $e1 $e0))
p204519	0.02806	-0.01340	-0.00676	-0.01150	-0.01091	0.01096	0.01595	0.02320	0.01017	0.01386	-0.01946	0.00781	0.01935	-0.03495	-0.02138	0.00572	-0.00809	-0.00843	0.04728	-0.02522	0.02261	0.01794	0.01571	-0.02618	0.01420	0.00796	0.01599	-0.01793	-0.01647	0.01317	-0.00223	-0.01124	(And (Member $e0 bear) (Patient $e0 $x0))
p204520	0.01181	0.00653	0.02095	-0.04160	-0.00312	0.02147	-0.00827	-0.00650	-0.02891	0.01769	0.00589	-0.03827	-0.05947	0.00421	0.01971	-0.02623	-0.00949	0.00288	-0.00677	-0.01382	-0.00613	0.00583	-0.01199	-0.01246	-0.01458	-0.02029	-0.03543	-0.02188	0.02965	-0.00599	-0.02308	-0.00751	(And (Member $e0 buy) (Theme $e0 $x0))
p204521	-0.00196	-0.01049	0.02002	0.00948	0.00096	-0.01574	-0.00923	0.00605	-0.00383	-0.02558	0.00525	0.01147	0.01231	0.01333	-0.00358	-0.00635	-0.01449	0.01813	-0.00604	-0.01229	-0.00009	-0.01002	-0.02367	0.02289	0.01657	-0.00740	0.02003	0.02080	-0.00615	-0.00385	-0.00360	-0.00587	(And (Member $e0 cause) (Past $e0))
p204522	0.00269	-0.01394	0.00893	-0.00039	0.00146	-0.00757	0.00293	-0.00903	-0.00504	-0.00211	0.00169	-0.01288	-0.00082	-0.00680	-0.00193	-0.00606	-0.00589	0.00659	-0.00094	-0.00386	0.00741	-0.00422	-0.00875	0.00234	-0.00494	-0.01608	-0.00880	0.00438	0.00514	-0.00065	-0.00694	-0.00901	(And (Member $e0 change) (Past $e0))
p204523	0.00451	-0.00762	0.00321	-0.00888	0.00078	-0.00180	0.00008	-0.00215	-0.00038	0.00263	-0.00021	-0.00893	-0.00269	-0.00527	0.00393	-0.00278	-0.00415	-0.00355	0.00196	-0.00714	-0.00547	0.00626	-0.00170	-0.00856	-0.00082	-0.00523	-0.00977	-0.00177	0.00829	0.00080	-0.01033	-0.00802	(And (Member $e0 conduct) (Past $e0))
p204524	-0.00062	-0.00593	0.00443	0.00310	-0.00619	-0.01083	-0.00752	0.01074	-0.01286	0.00540	0.01499	0.00481	0.01186	-0.01579	-0.00906	0.01706	0.01669	0.00442	-0.01474	0.00621	0.03461	0.00551	-0.00154	-0.00957	-0.01067	-0.01204	-0.00825	-0.01956	0.00205	-0.00060	0.00308	-0.01130	(And (Member $e0 decide) (Past $e0))
p204525	0.02821	-0.00179	-0.00398	-0.00341	-0.00402	0.01443	0.00740	0.03226	0.02115	-0.00570	-0.01986	0.01099	0.01324	-0.01509	-0.01403	0.00195	0.01258	-0.01894	0.03152	-0.02233	0.00700	0.01527	0.01850	-0.02041	0.02139	0.00599	0.02188	-0.02286	-0.00755	0.01414	-0.00519	-0.00617	(And (Member $e0 die) (Patient $e0 $x0))
p204526	0.02840	-0.01993	0.02071	-0.00421	-0.01325	-0.00747	0.03067	-0.00730	0.01336	0.01230	-0.02798	-0.02511	0.00744	-0.02649	-0.00627	0.03036	-0.03188	-0.01470	0.03513	-0.04630	-0.00202	0.01715	0.00167	-0.01386	0.03704	0.00962	-0.00571	0.00946	-0.04039	0.00109	-0.00816	-0.02290	(And (Member $e0 direct) (Past $e0))
p204527	-0.02992	0.01758	-0.00945	-0.00567	-0.01125	0.00210	0.00590	0.00799	-0.01086	-0.01698	-0.00199	-0.02828	-0.01792	-0.01254	0.01422	-0.00757	-0.00333	-0.00098	-0.00280	-0.04232	-0.00975	-0.01721	-0.01126	-0.01395	-0.01512	0.00415	-0.00196	-0.00206	0.03220	0.00461	-0.01379	-0.00378	(And (Member $e0 discover) (Past $e0))
p204528	-0.02995	0.01758	-0.00949	-0.00567	-0.01128	0.00208	0.00587	0.00794	-0.01087	-0.01702	-0.00199	-0.02829	-0.01792	-0.01258	0.01417	-0.00761	-0.00337	-0.00099	-0.00281	-0.04233	-0.00980	-0.01723	-0.01130	-0.01397	-0.01513	0.00414	-0.00198	-0.00208	0.03216	0.00461	-0.01381	-0.00381	(And (Member $e0 discover) (Theme $e0 $x0))
p204529	-0.01467	0.00732	-0.00219	0.03162	0.00595	0.00047	0.00010	-0.01210	-0.00821	-0.01520	-0.01216	0.01019	0.00730	0.02227	-0.01363	-0.00582	0.00535	-0.00179	0.00219	0.00709	-0.01920	-0.01148	-0.00479	0.01793	0.00751	-0.00489	-0.00782	0.00066	0.00809	0.00830	-0.01634	0.00159	(And (Member $e0 do) (Patient $e0 $x0))
p204530	0.00091	-0.00301	-0.00636	0.01309	-0.01514	0.00733	-0.00501	-0.00940	-0.00503	-0.01372	0.01081	0.00022	0.02502	0.00974	-0.01948	-0.01936	0.01286	0.01811	0.01617	-0.00145	-0.01271	-0.01362	0.00602	-0.00227	-0.00631	0.01520	-0.01492	0.00021	-0.00117	-0.03652	0.01168	0.02457	(And (Member $e0 jump) (Past $e0))
p204531	0.00744	-0.00674	-0.00371	0.00235	0.00026	-0.00586	0.00678	0.00285	0.01222	-0.00016	-0.00914	-0.00598	0.01066	-0.00644	-0.00699	0.00764	-0.00453	-0.00623	0.00883	-0.01024	-0.00204	0.00562	-0.00575	-0.00839	0.01011	-0.00280	-0.00298	0.00601	-0.01080	0.00347	-0.00668	-0.00448	(And (Member $e0 open) (Past $e0))
p204532	0.00068	-0.00653	-0.00826	-0.01054	-0.01766	0.00591	-0.00373	0.00330	-0.00179	-0.00347	-0.02134	-0.01469	0.01152	-0.00511	-0.00727	0.00468	-0.00566	0.00571	0.01034	-0.01166	-0.01224	-0.00942	-0.01636	-0.01832	-0.01224	0.01657	0.00942	-0.00005	0.00979	-0.01867	-0.01116	0.00462	(And (Member $e0 pass) (Past $e0))
p204533	0.00805	-0.00045	0.00915	-0.02370	-0.00026	-0.00578	0.00105	-0.00802	-0.01632	0.00805	0.00528	-0.00140	-0.01013	-0.00937	0.00443	-0.00587	-0.00091	-0.00125	-0.00541	-0.00523	-0.00311	0.01263	0.00109	0.00039	-0.00409	-0.00633	-0.01096	-0.01771	-0.00930	-0.01118	-0.02229	-0.00387	(And (Member $e0 play) (Theme $e0 $x0))
p204534	0.00722	0.00077	0.00696	-0.01232	-0.01055	-0.00465	-0.01770	0.01106	-0.00579	0.03471	0.01274	0.00177	-0.00536	-0.01695	-0.00096	-0.00977	-0.00814	-0.01211	0.01503	-0.00602	-0.00521	0.00271	0.01952	0.00943	-0.00987	-0.00945	-0.00612	-0.02655	0.01736	0.00713	-0.00055	0.00113	(And (Member $e0 replace) (Past $e0))
p204535	0.00581	0.00669	0.00578	-0.01759	0.00549	-0.00976	0.00308	-0.01580	-0.01580	0.00964	0.01514	0.02079	0.00816	-0.00080	0.00353	0.00541	-0.00544	0.00050	-0.01454	0.00770	-0.00231	0.01673	-0.00380	0.01098	-0.00384	-0.00487	0.00786	-0.01957	-0.02572	-0.00749	-0.02409	-0.00023	(And (Member $e0 require) (Theme $e0 $x0))
p204536	-0.03479	-0.00161	0.00519	0.00007	-0.00652	-0.00248	0.02006	-0.00725	-0.02232	0.00176	0.00530	0.00055	-0.00108	-0.00713	0.00089	-0.01394	0.00122	-0.00277	0.00168	-0.00674	-0.00402	-0.00484	0.01060	-0.00756	-0.01882	-0.00100	-0.01282	-0.01421	0.02151	0.00484	-0.00576	-0.01245	(And (Member $e0 say) (Past $e0))
p204537	-0.00241	-0.01164	0.00127	-0.00094	-0.00861	0.00570	-0.00705	-0.00433	0.00238	0.00819	0.01719	0.00402	0.03423	-0.01259	-0.01082	-0.00453	-0.00106	0.00676	0.00267	-0.00130	0.00457	-0.00152	-0.00015	-0.02420	-0.01100	0.00474	0.00435	-0.00412	0.01349	-0.02011	0.00711	0.00024	(And (Member $e0 speak) (Past $e0))
p204538	0.00649	-0.00460	0.02011	0.07381	-0.04549	-0.02776	-0.02783	0.06303	-0.06504	0.01049	0.03355	-0.00982	0.05258	-0.04848	-0.08028	0.12025	0.08249	0.04453	-0.06177	0.06235	0.17512	-0.00388	-0.02359	-0.03062	-0.02542	-0.04742	-0.01354	-0.07361	0.00191	-0.00224	0.02673	-0.06011	(And (Member $e0 stop) (Past $e0))
p204539	0.00882	0.01744	-0.00036	-0.00458	-0.04483	-0.01557	-0.03652	0.04026	0.00379	0.06160	0.02516	0.02132	0.02717	-0.01228	-0.01459	-0.01710	-0.00828	-0.03922	0.03217	-0.00860	-0.01479	-0.00581	0.04062	0.03591	-0.01006	-0.01078	0.02532	-0.03518	0.00284	0.02031	0.01234	0.02254	(And (Member $e0 study) (Past $e0))
p204540	0.01159	-0.02351	-0.00691	-0.00724	-0.01930	0.02883	0.02335	0.03325	0.00146	0.00442	0.00719	-0.01086	0.00620	-0.01899	-0.04085	-0.01785	0.02056	0.02593	0.04465	0.00714	-0.01436	-0.02229	0.01322	-0.03160	0.03213	0.04188	-0.04351	-0.02395	0.00011	-0.05764	-0.00559	0.01155	(And (Member $e0 swim) (Ongoing $e0))
p204541	0.01473	-0.00518	-0.02405	0.02896	-0.00013	-0.00574	0.01946	0.02725	-0.01148	-0.01979	0.03809	-0.03101	-0.00956	-0.02065	-0.02342	0.02739	0.03058	0.03767	0.01185	0.01077	0.05480	-0.01310	-0.00949	-0.02695	0.01246	-0.01359	-0.02999	-0.03235	0.00485	-0.04228	0.01881	-0.01372	(And (Member $e0 try) (Ongoing $e0))
p204542	-0.07002	-0.01366	0.02615	-0.07039	-0.00622	-0.01506	-0.02495	-0.01833	0.04380	0.02733	-0.02292	0.01164	-0.01876	0.01830	-0.04878	0.03651	-0.03426	0.06287	-0.00277	-0.00055	-0.02631	0.02101	0.00901	-0.02059	0.04123	-0.02128	0.01396	-0.02682	0.00805	0.01090	0.02339	0.00146	(And (Member $e0 turn) (Result $e0 $e1))
p204543	0.00639	0.00141	0.00138	-0.00791	-0.00446	0.01094	-0.01249	-0.00274	0.00040	-0.00731	0.00899	0.01603	-0.00381	-0.01140	0.01290	-0.00550	-0.00813	0.00353	-0.00887	0.00983	-0.00892	0.01261	0.00849	0.01804	-0.00246	-0.01820	-0.00796	0.00230	0.00530	0.00431	-0.00610	-0.00613	(And (Member $e0 use) (To $e0 $e1))
p204544	-0.00021	0.00222	-0.00061	0.00876	-0.00655	-0.01306	0.01917	0.02387	0.02218	-0.00843	0.03286	0.01559	0.00681	-0.00943	-0.01229	-0.01696	-0.01303	-0.00217	0.01571	-0.00463	0.02791	0.01902	-0.01236	0.00064	0.03823	0.00608	-0.00157	0.00803	0.00407	-0.04175	0.01070	0.01328	(And (Member $e0 walk) (Ongoing $e0))
p204545	-0.00944	-0.02733	0.02454	-0.00182	0.00521	-0.00210	-0.00061	-0.01481	0.00049	0.01892	0.01746	0.00449	0.02985	-0.01651	-0.00615	-0.00348	-0.00068	-0.00328	-0.00693	0.02349	0.00477	0.00292	0.00892	-0.01067	-0.01547	-0.00332	-0.00725	-0.00963	0.02626	-0.00410	0.00485	-0.01598	(And (Member $e0 want) (Past $e0))
p204546	0.07850	-0.07553	-0.07446	0.10007	-0.09506	-0.02760	0.04810	-0.11713	-0.08090	0.20096	-0.00721	-0.02526	-0.03534	0.02224	-0.11182	-0.05595	0.14695	0.07015	-0.07141	0.01439	-0.07667	0.05144	0.12554	0.01256	0.12154	0.06243	0.14178	0.17068	0.01048	0.00092	-0.02848	-0.04819	(And (Member $x0 emmy) (Theme $e0 $x0))
p204547	0.05213	0.04679	-0.03331	0.04854	0.08737	-0.04143	0.01134	-0.02753	-0.04984	0.00376	0.03408	-0.02695	0.03438	-0.01779	0.11826	0.02105	-0.02393	-0.01554	0.03427	0.04856	-0.05667	0.00566	0.05427	0.02062	0.03876	0.03207	-0.06270	-0.03465	-0.03466	0.03084	0.02564	0.04785	(And (Member $x0 family) (Possession $x0 $x1))
p204548	-0.08238	-0.02005	-0.02551	0.03809	0.05172	0.02708	-0.07094	0.06032	0.04837	0.07632	-0.04120	-0.03036	0.00850	0.05369	0.07296	-0.04336	-0.02916	0.02416	-0.06061	-0.02071	0.09729	0.08131	0.07151	0.01549	-0.02849	0.12902	-0.04664	-0.10101	-0.05668	-0.07831	-0.02749	-0.06078	(And (Member $x0 hotel) (Patient $e0 $x0))
p204549	0.00555	0.00172	0.00280	0.01775	-0.00016	-0.00769	0.00420	-0.01012	0.00356	-0.00391	-0.01161	0.00273	-0.00028	-0.00371	-0.00407	-0.00775	-0.00371	0.00357	0.00088	0.00594	0.00480	0.00059	-0.00959	0.01610	-0.00540	-0.00834	-0.00704	0.00894	0.00079	-0.00136	-0.00857	0.01582	(And (Member $x0 tree) (Patient $e0 $x0))
p204550	0.00195	0.00628	-0.00187	-0.00751	-0.01131	-0.00283	-0.01994	0.01704	0.00217	-0.01277	-0.01312	-0.01341	-0.00886	0.00064	0.00885	0.00618	-0.00880	-0.00160	-0.01152	-0.02281	-0.01135	-0.00180	-0.01857	-0.00149	0.00205	0.00720	0.01676	0.00727	0.01469	-0.00128	-0.01140	-0.00184	(And (Of $x0 $x1) (Theme $e0 $x0))
p204551	0.01709	0.01020	0.00013	0.01850	-0.01524	-0.01697	-0.00696	0.00182	-0.01211	-0.00583	-0.02677	0.00731	-0.01532	-0.00323	0.01737	-0.00095	0.00149	0.01220	0.02657	0.00345	-0.00073	-0.00656	0.00952	-0.00476	-0.00848	0.00399	0.00406	-0.01652	0.00350	-0.04460	0.00631	-0.00027	(And (Ongoing $e0) (Probably $e0))
p204552	0.02179	0.01392	-0.01334	0.00211	-0.02538	0.04338	-0.03869	-0.03109	-0.00277	-0.03853	-0.00832	0.00894	-0.02966	0.07814	-0.00324	0.01604	0.01241	-0.03199	0.04858	-0.03364	-0.01306	0.04312	0.00018	0.04483	0.01289	0.00019	0.03268	-0.01829	-0.00044	-0.01158	0.02670	-0.02319	(And (Ongoing $e0) (Source $e0 $x0))
p204553	0.02730	0.01352	-0.01468	0.03930	-0.00847	-0.03667	0.02090	0.04478	-0.02386	-0.01296	0.01022	-0.03443	-0.03111	0.00735	0.04459	0.04337	0.03836	0.03269	-0.00839	0.03355	0.01231	-0.01472	-0.03221	-0.02864	-0.01721	-0.03356	-0.04626	-0.00759	-0.00430	-0.04118	0.00023	-0.01275	(And (Ongoing $e0) (Theme $e0 $e1))
p204554	0.00303	0.00615	0.01094	0.01524	0.00172	-0.01075	0.01191	-0.01795	0.01450	-0.00909	-0.01467	0.00602	-0.00394	0.00526	-0.00847	-0.00770	0.00321	-0.00254	0.00085	0.00104	0.00346	0.01272	0.00010	0.02163	-0.00365	0.01595	-0.00374	0.00504	-0.00216	-0.00794	0.00659	0.03924	(And (Over $e0 $x0) (Past $e0))
p204555	0.00808	-0.00689	0.01809	0.07591	-0.04900	-0.02930	-0.02616	0.06540	-0.06930	0.01365	0.03932	-0.01449	0.05370	-0.05640	-0.08411	0.12992	0.09382	0.05115	-0.06279	0.06299	0.18837	-0.00286	-0.02256	-0.03909	-0.03672	-0.05312	-0.01642	-0.08253	0.00045	-0.00275	0.03144	-0.06345	(And (Past $e0) (Theme $e1 $e0))
p204556	-0.00829	-0.01523	0.02037	0.00566	-0.01005	-0.00923	-0.00852	-0.01860	-0.02324	-0.01688	-0.00807	-0.01122	0.01327	0.00539	0.00641	-0.01775	-0.00338	0.01996	-0.00380	0.01474	-0.01897	-0.01888	-0.00486	0.03179	-0.02516	0.00275	-0.01403	0.01582	0.00187	-0.00163	-0.00233	0.00584	(And (Past $e0) (TimeAtLeast $e0 (Year <num>)))
p204557	0.01555	0.00338	0.01519	0.00648	0.02402	0.00139	0.00569	-0.01467	0.01217	-0.02782	-0.01339	-0.00487	0.01826	-0.00642	0.00117	-0.01407	0.03009	-0.01036	0.01701	-0.00744	-0.00717	0.00350	0.01079	0.01446	0.00172	0.00147	0.01269	-0.00403	-0.01562	0.00628	0.00495	-0.00408	(And (Patient $e0 $x0) (SubsetOf $x0 $x1))
p204558	-0.05359	0.04760	-0.05529	-0.02484	-0.00127	-0.01333	-0.01990	0.00208	0.02397	-0.01931	0.02752	-0.03901	0.01566	0.02252	-0.02988	-0.01959	0.05754	0.02066	-0.05264	0.01479	-0.01979	0.01446	0.00100	-0.02675	0.03692	-0.04062	-0.03926	-0.00565	-0.02015	-0.01106	0.00782	0.06395	(And (Patient $e0 $x0) (Time $e0 now))
p204559	-0.06336	-0.09420	0.08625	0.05338	0.04996	0.07138	-0.06512	0.06080	-0.04544	-0.08104	0.04653	-0.03896	-0.06715	-0.00981	-0.05497	0.02949	-0.03302	-0.05634	0.05590	0.08713	-0.06575	0.04476	0.08192	-0.02662	-0.04201	-0.06975	0.03207	0.07409	-0.08770	-0.03402	-0.02553	0.09715	(And (Possession $x0 free_soil_party) (Theme $e0 $x0))
p204560	-0.06336	-0.09420	0.08625	0.05338	0.04996	0.07138	-0.06512	0.06080	-0.04544	-0.08104	0.04653	-0.03896	-0.06715	-0.00981	-0.05497	0.02949	-0.03302	-0.05634	0.05590	0.08713	-0.06575	0.04476	0.08192	-0.02662	-0.04201	-0.06975	0.03207	0.07409	-0.08770	-0.03402	-0.02553	0.09715	(And (Possession $x0 republican_party) (Theme $e0 $x0))
p204561	-0.00646	0.01032	0.00306	0.00418	-0.02432	-0.02583	0.00537	0.02500	-0.05285	0.00280	0.01610	0.01623	0.00220	-0.02947	-0.02574	0.03506	0.04091	0.01436	-0.01948	0.00330	0.07862	0.01711	-0.00205	-0.00326	-0.02144	-0.01656	-0.00645	-0.05622	-0.02664	-0.00287	-0.01045	-0.01825	(And (Theme $e0 $e1) (Theme $e1 $x0))
p204683	0.00059	-0.00722	-0.00384	-0.00879	0.00012	-0.00081	0.00529	-0.00520	0.00341	0.00118	0.00511	0.00176	0.00320	-0.00110	0.00285	0.00815	-0.00394	-0.00456	-0.00801	0.00473	-0.00401	0.00181	-0.00161	0.00326	0.00108	-0.00076	0.00843	-0.00515	-0.00516	-0.00019	-0.00818	-0.00492	(Agent $e0 jica)
p204684	-0.02410	0.00426	0.00528	0.00255	-0.00968	-0.00537	0.01437	0.00584	-0.01849	-0.00627	-0.00838	0.00370	-0.01532	0.00927	-0.00453	-0.00023	-0.00101	-0.01075	-0.00156	-0.01078	-0.01147	-0.00150	0.00914	0.00725	0.01053	0.00851	-0.00754	-0.01442	0.00145	0.00292	-0.01148	-0.00808	(Also $x0 $e0)
p204685	0.01307	-0.01922	-0.01521	-0.07400	0.01839	-0.10314	0.03769	0.01177	-0.02720	0.12697	-0.05786	-0.05185	-0.02850	0.10292	-0.05914	0.02363	-0.01598	-0.10830	-0.07939	-0.03217	-0.02910	-0.04186	0.06108	-0.08504	-0.03715	-0.08374	-0.04084	-0.04607	0.00806	-0.07797	0.01431	0.03017	(Also appear $e0)
p204686	0.00110	-0.00416	-0.00168	0.00209	0.00728	0.02601	0.00036	-0.01687	0.01578	-0.01045	0.00216	0.00176	0.00728	-0.00216	-0.00582	-0.00672	0.00265	-0.00756	-0.00234	0.02418	-0.01136	0.00368	-0.00395	0.03135	-0.00451	-0.02100	0.00115	0.00075	0.02206	0.01024	-0.01056	-0.02336	(Beneficiary $e0 $x0)
p204687	0.03842	0.03708	-0.02748	0.02355	0.01022	-0.01888	0.00864	-0.00074	-0.04535	-0.00286	0.02247	-0.02600	0.02809	-0.07511	0.14004	0.00968	-0.01792	-0.01519	0.05374	0.04503	-0.03087	-0.00182	0.05896	0.03994	0.01912	0.04141	-0.03989	-0.04094	-0.03171	0.04562	0.00993	0.03457	(CoAgent $e0 $x0)
p204688	0.00598	0.00635	0.00565	0.00029	0.00101	0.01405	-0.00148	-0.00477	-0.00148	0.01056	0.00025	-0.00563	-0.00131	0.00034	-0.00116	-0.00007	-0.00519	0.00139	-0.00292	-0.00174	0.00506	-0.00429	-0.00738	-0.00441	0.00164	0.00018	0.00167	0.00451	-0.00489	0.00139	0.00824	0.00102	(Degree $x0 quantity excessive)
p204690	0.00160	-0.00966	0.00189	-0.00177	0.00145	-0.00361	0.00683	-0.00401	-0.00321	0.00628	-0.00909	0.00005	0.01487	-0.00704	-0.00147	0.00068	-0.00557	-0.00186	0.00795	0.00652	0.00009	0.00367	-0.00500	-0.00751	-0.00417	0.00279	0.00005	0.00168	-0.00297	0.00273	-0.00297	-0.00654	(During $e0 $x0)
p204691	-0.00221	-0.00818	0.00418	0.00184	-0.00593	-0.00498	-0.00371	-0.00513	0.00359	-0.00311	-0.00006	0.00109	-0.00516	-0.00313	0.00129	0.01381	-0.00324	0.00314	-0.00719	0.00200	0.00339	-0.00183	0.00601	0.00801	0.00322	-0.00065	-0.00022	-0.00801	0.00370	-0.00114	0.00311	0.00031	(Every $e0 <num> day)
p204692	0.00144	-0.00262	-0.00117	-0.01004	0.00192	-0.00210	-0.00053	-0.00206	-0.00086	0.00103	0.00465	0.00072	-0.00213	-0.00297	0.00475	0.00125	-0.00278	-0.00177	-0.00626	-0.00116	-0.00294	0.00360	-0.00281	-0.00022	-0.00268	-0.00222	0.00398	-0.00453	-0.00020	-0.00066	-0.00851	-0.00363	(For $x0 $e0)
p204693	-0.00126	0.00427	0.03937	0.00362	-0.00954	-0.02054	-0.01675	-0.02325	0.00864	0.00725	-0.03772	0.02113	-0.01326	-0.02163	0.02277	0.02758	-0.01762	0.01114	0.01377	0.00715	0.00059	-0.01094	0.03728	0.01443	0.00272	0.01225	0.02219	-0.02044	0.01622	-0.01669	0.01141	-0.01502	(GroupOf $x0 day)
p204694	-0.00026	0.00025	0.00775	-0.00253	0.00251	-0.00668	-0.00596	-0.00672	0.00519	-0.00792	-0.00149	0.00200	0.00380	0.00594	-0.00318	-0.00220	0.00546	-0.00269	-0.00020	0.00052	-0.00240	-0.00302	0.00719	0.00942	-0.00532	0.00494	-0.00294	0.00641	-0.00287	-0.00084	0.00064	0.00277	(GroupOf $x0 friend)
p204695	-0.00880	0.01939	0.06833	-0.02357	0.03437	0.03432	0.02051	0.00258	0.04086	0.02719	0.00329	-0.01673	-0.02362	0.03584	-0.00987	-0.00734	0.05171	0.00277	0.02691	-0.00907	-0.03881	0.00508	-0.03231	0.01344	-0.01946	0.03010	0.00440	0.00270	0.00424	0.01880	0.02894	-0.02354	(GroupOf $x0 girl)
p204696	-0.01082	-0.00299	-0.00322	-0.01974	-0.01611	-0.00020	-0.00489	-0.01031	0.01560	0.00259	-0.00779	0.00482	-0.01049	0.02170	-0.02088	0.02304	-0.01984	0.02251	0.01465	0.00813	0.00305	-0.00547	0.01821	-0.01299	0.01495	-0.00062	-0.00393	-0.00598	0.00657	-0.00190	-0.00476	-0.00069	(GroupOf $x0 leaf)
p204697	0.00300	0.00428	0.00330	0.00547	-0.00229	-0.00242	-0.00763	-0.00638	0.00134	-0.01330	-0.00138	-0.00192	0.01340	-0.00724	-0.01079	-0.01616	0.00876	0.01390	0.00667	-0.01508	0.00424	-0.01045	-0.00844	0.00884	-0.00970	0.00609	0.00849	0.01135	-0.00873	-0.02132	0.00815	0.01345	(GroupOf $x0 man)
p204698	0.00855	0.00734	0.01252	0.00290	0.00442	0.01757	0.00766	-0.01333	0.00740	0.01043	-0.00346	-0.01076	-0.00612	0.00274	0.00012	-0.00065	0.00667	-0.00532	-0.00194	0.01445	-0.00526	-0.00817	-0.00579	0.00526	-0.00062	-0.00145	0.00007	-0.00665	0.00263	-0.01077	0.00258	-0.00377	(GroupOf $x0 pupil)
p204699	0.00950	-0.00048	-0.01258	-0.00947	-0.01624	0.01224	0.00127	0.00778	0.00391	0.00244	0.00509	0.00500	0.01406	-0.00739	-0.01407	0.00190	0.00383	0.01063	0.01423	-0.01407	-0.00279	-0.00281	-0.00267	-0.01945	-0.00015	0.01430	0.01528	-0.01356	-0.00779	-0.02840	-0.00316	0.00395	(GroupOf $x0 scientist)
p204700	0.01386	-0.00697	0.00130	-0.00026	-0.00754	0.00248	0.01841	-0.01235	0.00140	-0.00976	0.00104	0.00435	-0.01567	0.00366	0.00118	-0.01419	-0.00197	0.01003	0.00806	-0.00701	0.01867	0.00952	0.00561	0.00722	-0.00138	-0.00022	0.00307	-0.00928	-0.00575	-0.00861	0.00095	0.02661	(GroupOf $x0 soldier)
p204701	-0.10860	-0.17079	0.14925	0.09497	0.10202	0.12432	-0.11663	0.11565	-0.07615	-0.14864	0.08213	-0.07055	-0.12131	-0.01935	-0.10230	0.05301	-0.06121	-0.10162	0.10186	0.15624	-0.11850	0.08556	0.13752	-0.04910	-0.07533	-0.12862	0.06558	0.14961	-0.15739	-0.06219	-0.04381	0.16701	(GroupOf $x0 view)
p204702	0.00615	0.06155	0.07298	-0.00589	0.03291	-0.04678	-0.01084	0.05514	0.08372	-0.08100	-0.07815	-0.09661	-0.04060	-0.08843	-0.06002	-0.10177	0.21095	-0.06125	0.04879	0.00646	0.03483	-0.04754	0.07266	0.09204	-0.05344	0.04230	-0.04577	0.07121	0.03254	-0.04123	0.03206	-0.02816	(Holder $e0 kristoffer)
p204703	0.00133	-0.00629	-0.00199	-0.00351	0.00168	0.00215	0.00077	-0.00228	0.00443	-0.00145	0.00134	-0.00223	-0.00354	-0.00103	0.00291	0.00150	-0.00176	-0.00327	-0.00260	0.00202	-0.00290	-0.00065	0.00105	0.00328	0.00165	-0.00015	0.00074	0.00122	0.00069	0.00230	-0.00010	-0.00242	(LocatedIn $x0 here)
p204704	-0.00639	0.06117	-0.02417	0.02049	0.01374	-0.01597	0.02587	-0.01111	-0.06059	-0.01498	0.04928	-0.04887	-0.00858	-0.07635	0.15577	-0.02259	-0.01753	-0.02524	0.04809	-0.00364	-0.04831	-0.01680	0.06910	0.03078	0.01097	0.02493	-0.07709	-0.04983	0.01297	0.05165	-0.00647	0.03051	(Location $e0 japan)
p204705	-0.08238	-0.02005	-0.02551	0.03809	0.05172	0.02708	-0.07094	0.06032	0.04837	0.07632	-0.04120	-0.03036	0.00850	0.05369	0.07296	-0.04336	-0.02916	0.02416	-0.06061	-0.02071	0.09729	0.08131	0.07151	0.01549	-0.02849	0.12902	-0.04664	-0.10101	-0.05668	-0.07831	-0.02749	-0.06078	(Location $e0 kazakhstan)
p204706	0.06515	-0.01800	-0.00282	-0.03176	0.12176	0.06408	0.05250	0.00286	-0.03946	-0.08143	0.03602	0.05079	-0.03020	0.06768	0.04674	-0.06386	0.06521	0.06380	0.03104	-0.02344	0.08080	-0.03034	0.06786	-0.09887	0.02626	-0.01330	0.11178	-0.13341	0.04634	0.07498	0.01826	0.02866	(Manner $e0 directly)
p204707	0.00320	-0.01073	0.00284	-0.00463	-0.00918	0.00145	-0.00404	0.00906	-0.00991	-0.00619	-0.00966	-0.00683	-0.00642	-0.01295	-0.00460	0.00430	0.00725	0.00548	0.00240	0.00697	0.00650	0.00053	0.00316	0.00353	-0.00884	0.00375	-0.01212	-0.00657	0.00650	-0.00128	-0.00154	-0.00610	(Manner $e0 immediately)
p204708	0.01522	0.00801	-0.00470	0.01261	-0.01438	-0.00161	-0.02523	-0.00478	-0.01962	-0.00995	-0.00466	0.00833	-0.01248	0.01550	0.00039	0.02580	0.02118	-0.01252	-0.00455	-0.01533	0.02620	0.01862	0.00319	0.00640	-0.00285	-0.01561	0.00534	-0.02281	-0.01031	-0.00752	0.01002	-0.00741	(Manner $e0 often)
p204709	-0.00530	-0.01006	-0.00266	0.00239	-0.00770	0.00611	-0.00286	-0.00807	0.00296	-0.00254	0.00136	-0.00133	0.01102	0.01326	-0.00324	0.00128	0.00054	-0.00488	-0.00628	0.01619	-0.01600	-0.00543	0.00111	0.00693	-0.00846	-0.00032	-0.00355	-0.00239	0.01278	0.00214	-0.00614	0.00304	(Member $e0 arrive)
p204710	0.04221	0.03563	-0.01246	0.00100	0.03298	0.02309	0.00909	0.02492	-0.01569	-0.04481	-0.01509	0.05217	0.01452	-0.03771	-0.01100	-0.00098	-0.01470	0.03899	-0.01722	-0.01607	-0.02316	0.03797	0.02730	0.01802	-0.00529	-0.01991	-0.04452	0.07176	0.00199	-0.01405	0.03659	-0.03257	(Member $e0 avoid)
p204711	-0.09309	0.04544	-0.02900	-0.04408	-0.00855	-0.02840	-0.03813	-0.03034	0.04525	-0.00688	0.03597	-0.02652	0.01122	0.01092	-0.02007	0.01623	0.03131	0.05073	-0.07411	0.01453	-0.02039	0.01270	0.03166	-0.02609	0.07278	-0.05474	-0.01564	-0.03551	-0.00313	-0.01208	0.02986	0.06002	(Member $e0 bad)
p204712	-0.00063	-0.00849	0.00563	-0.00468	-0.00451	-0.00043	0.00583	-0.00998	-0.00066	-0.00008	0.00185	-0.00792	-0.01286	0.00276	0.00420	-0.00699	-0.00534	-0.00084	-0.00696	0.00868	-0.00576	0.00884	0.00125	0.00669	-0.00876	0.00100	-0.01499	-0.00725	0.02122	-0.00257	-0.00976	0.01292	(Member $e0 bring)
p204713	0.01180	0.00653	0.02094	-0.04161	-0.00312	0.02147	-0.00827	-0.00650	-0.02891	0.01769	0.00589	-0.03828	-0.05947	0.00421	0.01971	-0.02624	-0.00949	0.00287	-0.00677	-0.01382	-0.00613	0.00583	-0.01199	-0.01246	-0.01459	-0.02030	-0.03544	-0.02188	0.02964	-0.00600	-0.02309	-0.00752	(Member $e0 buy)
p204714	0.00446	-0.00767	0.00318	-0.00894	0.00074	-0.00184	0.00005	-0.00218	-0.00043	0.00259	-0.00027	-0.00898	-0.00273	-0.00530	0.00390	-0.00282	-0.00418	-0.00361	0.00190	-0.00720	-0.00549	0.00621	-0.00174	-0.00861	-0.00087	-0.00530	-0.00981	-0.00180	0.00826	0.00073	-0.01037	-0.00804	(Member $e0 conduct)
p204715	-0.00190	-0.00806	-0.00481	0.00446	0.00136	0.00403	-0.00279	0.00050	0.00117	-0.01083	0.00713	0.00477	-0.00417	0.00317	-0.00062	-0.01562	0.00313	0.00788	-0.00125	0.01144	-0.01637	-0.00385	0.00552	0.02206	-0.01141	-0.02064	-0.00151	0.00590	0.00749	0.00863	-0.00999	-0.01100	(Member $e0 connect)
p204716	0.00179	-0.00035	-0.00122	-0.00403	0.00173	-0.00398	-0.00503	-0.00097	-0.00359	-0.00018	0.00317	0.00552	-0.00164	-0.00065	0.00349	-0.00354	-0.00040	-0.00102	-0.00444	-0.00199	-0.00134	0.00339	0.00153	0.00151	-0.00205	-0.00273	-0.00172	0.00026	-0.00532	-0.00027	-0.00295	0.00205	(Member $e0 consider)
p204717	0.00539	0.01224	-0.01944	0.01150	-0.01014	0.01460	-0.00805	0.01416	0.01566	-0.00311	-0.01448	-0.00272	0.00762	0.00413	-0.00742	0.00326	0.00423	-0.00616	0.00196	0.00344	-0.00990	-0.00338	-0.01444	-0.00811	-0.00716	-0.00476	0.01315	0.00217	0.01578	0.00599	-0.01327	0.00106	(Member $e0 cover)
p204718	-0.02008	-0.01764	0.04134	0.02179	-0.01831	-0.01297	-0.00193	0.05877	-0.00225	0.02521	0.06285	0.00730	0.02588	-0.01183	-0.04837	0.08130	0.06724	0.04477	-0.02530	0.02797	0.10068	0.01083	-0.03477	-0.02363	-0.02021	-0.02491	-0.00425	-0.04119	0.01640	0.01509	0.03629	-0.05896	(Member $e0 cry)
p204719	-0.00072	-0.00602	0.00434	0.00302	-0.00628	-0.01092	-0.00760	0.01066	-0.01294	0.00529	0.01491	0.00472	0.01177	-0.01588	-0.00914	0.01698	0.01660	0.00433	-0.01484	0.00613	0.03452	0.00541	-0.00163	-0.00967	-0.01075	-0.01214	-0.00834	-0.01964	0.00196	-0.00069	0.00298	-0.01138	(Member $e0 decide)
p204720	0.02821	-0.00179	-0.00398	-0.00341	-0.00402	0.01443	0.00740	0.03226	0.02115	-0.00570	-0.01986	0.01099	0.01323	-0.01509	-0.01403	0.00195	0.01258	-0.01894	0.03152	-0.02233	0.00699	0.01527	0.01850	-0.02041	0.02139	0.00599	0.02188	-0.02286	-0.00755	0.01413	-0.00519	-0.00617	(Member $e0 die)
p204721	-0.02990	0.01760	-0.00943	-0.00565	-0.01123	0.00213	0.00592	0.00801	-0.01084	-0.01695	-0.00198	-0.02827	-0.01790	-0.01251	0.01424	-0.00755	-0.00331	-0.00096	-0.00277	-0.04230	-0.00972	-0.01719	-0.01125	-0.01394	-0.01511	0.00417	-0.00195	-0.00205	0.03222	0.00462	-0.01376	-0.00376	(Member $e0 discover)
p204722	0.00038	-0.01719	0.00284	0.00033	-0.01238	0.01058	-0.00056	0.00773	-0.00218	-0.00947	-0.00367	0.00247	0.00661	0.01326	-0.01357	0.00057	0.00214	0.00004	0.00241	0.01211	-0.02467	-0.01143	0.00559	0.00504	0.02126	0.01820	-0.01558	-0.00937	0.00419	-0.01578	-0.01079	0.00547	(Member $e0 fly)
p204723	-0.00028	-0.00728	0.00051	-0.00520	-0.00107	-0.00460	-0.00127	0.00231	-0.01053	0.00358	-0.01999	0.00356	-0.00126	-0.00430	0.00093	-0.00218	-0.00388	0.00451	0.01036	0.00512	-0.00122	-0.00039	-0.00083	-0.00527	-0.00922	0.01035	0.00268	-0.00030	-0.00164	-0.00003	0.00103	-0.00113	(Member $e0 good)
p204724	0.00288	-0.00104	0.00471	0.01743	-0.00726	-0.01142	-0.00316	0.02513	-0.00445	0.00413	0.01126	0.00383	0.01114	-0.00832	-0.01218	0.00676	0.01800	0.00834	-0.00288	0.01391	0.01398	-0.00134	-0.00197	-0.01604	-0.00540	-0.00685	-0.01247	-0.01516	0.00817	-0.01964	0.00314	-0.00649	(Member $e0 happen)
p204725	0.00767	0.00241	0.00088	0.00429	0.00647	-0.00799	0.01254	-0.00582	0.01466	0.00067	-0.01368	0.00152	0.02794	-0.00322	-0.00782	0.01038	0.01358	-0.01796	-0.00222	0.01159	-0.01417	0.00790	-0.00154	-0.00459	0.00021	-0.00407	-0.00118	-0.00421	-0.01311	-0.00428	-0.02092	-0.00656	(Member $e0 hold)
p204726	0.01247	0.01029	0.01110	0.00605	-0.00663	0.01439	0.00823	0.00388	0.00076	0.01386	-0.00269	-0.01204	0.01033	-0.00424	-0.00714	0.00283	-0.00637	-0.00125	0.00594	-0.00680	0.00565	-0.00265	-0.01340	-0.01280	0.01349	0.00060	-0.00491	0.00273	-0.01765	-0.00753	0.00437	-0.00075	(Member $e0 increase)
p204727	0.00091	-0.00301	-0.00636	0.01309	-0.01513	0.00733	-0.00501	-0.00940	-0.00503	-0.01371	0.01081	0.00022	0.02502	0.00974	-0.01947	-0.01936	0.01286	0.01811	0.01617	-0.00145	-0.01271	-0.01362	0.00602	-0.00227	-0.00631	0.01520	-0.01492	0.00021	-0.00117	-0.03652	0.01168	0.02457	(Member $e0 jump)
p204728	0.00048	-0.01550	0.01005	-0.00523	-0.00009	0.00160	0.00344	-0.01173	-0.00499	0.01362	0.01607	0.01086	0.01105	-0.00346	-0.00745	-0.00435	-0.00083	0.00392	0.00198	0.01342	-0.00064	0.00746	0.00805	-0.00708	-0.00431	0.00010	-0.00863	-0.01529	0.00702	-0.01376	-0.00370	-0.00316	(Member $e0 lose)
p204729	0.02368	-0.04029	-0.01117	-0.04331	-0.02612	0.06857	0.06028	-0.02924	0.02931	-0.03881	0.02882	-0.08649	-0.03982	-0.03521	0.12172	0.05244	-0.05105	-0.02859	-0.00091	0.03161	-0.03452	-0.01069	0.03834	0.02988	0.05071	0.01369	-0.03378	-0.02897	0.02942	0.02230	-0.01066	-0.04309	(Member $e0 move)
p204730	0.00071	-0.00649	-0.00823	-0.01050	-0.01763	0.00594	-0.00370	0.00332	-0.00175	-0.00345	-0.02131	-0.01465	0.01156	-0.00509	-0.00725	0.00471	-0.00564	0.00575	0.01037	-0.01162	-0.01223	-0.00939	-0.01634	-0.01828	-0.01221	0.01661	0.00945	-0.00001	0.00981	-0.01863	-0.01113	0.00465	(Member $e0 pass)
p204731	-0.00567	-0.00985	0.00600	-0.00489	-0.00574	-0.00931	-0.01001	-0.00823	-0.00093	0.00338	-0.00597	0.01234	-0.00215	-0.00549	0.00651	0.00553	-0.01155	0.00970	0.00577	0.00643	0.00271	-0.00032	0.01091	-0.00226	-0.00264	-0.00022	0.01308	-0.01377	0.00886	-0.01098	0.00631	-0.00638	(Member $e0 ready)
p204732	0.00720	0.00076	0.00695	-0.01234	-0.01057	-0.00467	-0.01771	0.01104	-0.00581	0.03469	0.01272	0.00175	-0.00537	-0.01696	-0.00098	-0.00979	-0.00816	-0.01213	0.01501	-0.00604	-0.00523	0.00269	0.01950	0.00941	-0.00988	-0.00947	-0.00613	-0.02655	0.01734	0.00710	-0.00056	0.00112	(Member $e0 replace)
p204733	0.00579	0.00665	0.00578	-0.01765	0.00548	-0.00979	0.00307	-0.01579	-0.01583	0.00965	0.01510	0.02074	0.00813	-0.00078	0.00354	0.00539	-0.00543	0.00045	-0.01457	0.00767	-0.00229	0.01671	-0.00380	0.01095	-0.00387	-0.00492	0.00784	-0.01956	-0.02573	-0.00755	-0.02410	-0.00022	(Member $e0 require)
p204734	0.01583	0.06487	-0.04256	0.04903	0.05912	-0.01876	-0.02966	0.03493	0.02317	0.05710	0.02024	-0.00538	0.02783	0.00717	-0.03116	0.03533	-0.00993	-0.00832	0.06234	-0.01205	-0.00924	-0.02575	-0.01299	0.00191	0.01383	0.01739	0.06311	-0.05058	0.01667	0.05041	0.02427	0.01870	(Member $e0 spend)
p204735	0.00949	0.00359	-0.00272	-0.01576	0.00472	-0.00305	-0.00538	0.01036	-0.00091	0.02060	0.01426	0.01755	-0.00016	-0.01269	-0.00185	0.00049	-0.00654	-0.00541	0.00760	-0.00169	0.00169	0.01030	0.00688	0.00569	-0.00108	-0.00700	0.00779	-0.02184	-0.00929	0.00787	-0.00675	-0.00226	(Member $e0 tell)
p204736	-0.00191	-0.00959	0.00355	0.00330	-0.00073	-0.00504	-0.00495	0.00139	-0.00319	0.00382	0.01158	0.00312	0.01523	-0.01320	0.00054	0.00897	0.00514	0.00030	-0.00775	0.00710	0.01381	0.00221	0.00246	-0.00736	-0.00581	-0.00427	-0.00600	-0.00794	0.00843	0.00207	0.00505	-0.00798	(Member $e0 war)
p204737	-0.00068	0.00339	-0.00889	0.00261	-0.01180	-0.00189	-0.01430	0.00733	0.00889	-0.01352	-0.01183	-0.00974	0.01326	-0.00303	0.00285	0.01117	-0.00650	0.00362	-0.01010	-0.01654	-0.00801	-0.01095	-0.01594	-0.00374	-0.00769	0.01028	0.02343	0.01406	0.00379	-0.00247	0.00024	0.00688	(Member $e0 welcome)
p204738	0.00320	0.00122	-0.00680	0.01154	0.03543	-0.00547	-0.00028	-0.00747	0.00027	-0.00420	0.00557	0.00039	0.00001	0.00658	-0.00165	0.00356	-0.00161	0.00678	0.00459	0.00477	-0.00302	0.00098	-0.00897	-0.00037	0.01099	0.00622	-0.00382	0.00425	-0.00319	0.00721	0.00582	-0.00119	(Member $x0 beauty)
p204739	-0.00161	-0.03706	-0.01019	-0.02476	-0.00669	0.01415	0.03104	-0.01672	0.00270	0.00381	0.00118	-0.01843	-0.01433	0.01191	-0.00500	0.00932	-0.00489	-0.00786	0.01003	0.02834	-0.01886	-0.00225	0.00513	0.00693	0.00640	0.00776	-0.00608	-0.02183	0.00679	-0.00830	-0.01976	-0.01461	(Member $x0 bus)
p204740	0.00515	0.01870	0.03047	-0.00090	0.01617	0.02917	0.00413	-0.01719	0.00709	0.02270	-0.00297	-0.01338	0.00423	0.00074	-0.01215	-0.00665	0.00833	-0.00472	-0.00276	0.00443	0.00763	-0.00954	-0.01619	-0.00086	-0.00285	0.00438	0.00767	0.00096	-0.00219	-0.00116	0.01916	-0.00439	(Member $x0 class)
p204741	-0.03748	-0.01057	-0.02488	-0.03156	0.07622	0.03821	-0.04116	-0.13791	-0.01345	0.07097	-0.03743	0.03724	0.03337	-0.12096	0.04237	-0.01873	-0.03366	-0.07206	-0.01172	-0.00457	0.09632	-0.03003	-0.09358	0.03488	0.03075	-0.04493	-0.03775	0.10766	0.04528	-0.01237	-0.03761	0.04823	(Member $x0 community)
p204742	0.00571	0.00527	-0.00155	-0.00962	-0.00872	-0.01006	-0.00564	-0.01239	-0.00762	0.00102	0.01725	0.01202	0.01067	0.01602	-0.00695	0.00319	-0.01364	0.00655	0.00206	0.00120	0.02591	-0.00074	0.00520	-0.00807	-0.00397	-0.00419	-0.00939	0.00759	-0.01158	-0.00896	-0.00896	0.00516	(Member $x0 computer)
p204743	0.00802	0.01344	0.00496	0.00780	0.02229	0.01020	0.00132	-0.01325	-0.00806	0.01155	0.00740	-0.00308	-0.00107	0.00856	-0.00395	0.00209	-0.00516	0.00838	0.00007	0.00579	0.00258	-0.00004	-0.01337	-0.00188	0.00847	0.00322	-0.00312	-0.00065	-0.01031	0.00429	0.00596	0.00164	(Member $x0 country)
p204744	0.00896	-0.00784	0.00425	-0.02073	-0.03180	0.06523	-0.02471	-0.01683	0.01558	-0.02550	0.00521	0.02170	-0.03360	0.11967	-0.00868	0.04304	0.03460	-0.01732	0.05800	-0.04582	-0.06421	0.06133	0.00072	0.03763	0.00437	0.02088	0.02457	-0.02731	-0.01312	0.03716	0.02289	-0.02922	(Member $x0 crowd)
p204745	-0.00196	-0.01087	0.00188	-0.00307	-0.01053	-0.00525	-0.00064	0.00119	-0.01624	-0.00271	-0.00273	-0.00110	0.00359	-0.00376	-0.00885	0.01560	0.00695	0.00813	-0.00143	0.01178	0.01974	0.00210	-0.00791	0.00569	-0.01331	0.00395	0.00560	-0.01827	0.00157	0.00359	-0.00688	-0.00744	(Member $x0 doctor)
p204746	0.07850	-0.07553	-0.07446	0.10007	-0.09506	-0.02760	0.04810	-0.11713	-0.08090	0.20096	-0.00721	-0.02526	-0.03534	0.02224	-0.11182	-0.05595	0.14695	0.07015	-0.07141	0.01439	-0.07667	0.05144	0.12554	0.01256	0.12154	0.06243	0.14178	0.17068	0.01048	0.00092	-0.02848	-0.04819	(Member $x0 emmy)
p204747	0.07299	0.04762	-0.02291	-0.00833	0.01644	0.06021	0.02396	0.07058	-0.00976	-0.09136	-0.05402	0.08058	0.03497	-0.09005	-0.03005	0.00230	-0.02637	0.06425	-0.03800	-0.04256	-0.04552	0.05241	0.06498	0.02595	-0.02056	-0.03591	-0.08164	0.15798	0.02181	-0.03253	0.08168	-0.06469	(Member $x0 father)
p204748	0.00377	-0.00427	0.00258	-0.00951	-0.00194	0.00341	-0.00071	-0.00019	0.00641	-0.00223	0.00113	-0.01083	-0.00892	-0.00326	0.01353	0.00275	-0.00915	-0.00536	-0.00473	-0.00852	0.00137	-0.00242	-0.00090	-0.00035	0.00350	-0.00215	0.00295	0.00599	-0.00190	0.00293	0.00645	-0.00312	(Member $x0 former)
p204749	0.00347	0.00682	0.00860	-0.00600	0.01580	0.00580	0.00750	-0.01701	-0.01675	0.02085	0.00131	0.00285	0.00979	0.00058	-0.00390	0.00251	-0.00864	0.00541	-0.00316	0.01935	0.00183	0.00299	-0.01675	-0.00148	-0.00331	0.00337	-0.00048	-0.00640	-0.01458	-0.00135	-0.00670	-0.00186	(Member $x0 girl)
p204750	-0.01393	-0.00083	-0.00553	0.00386	-0.00319	-0.00023	0.01548	-0.00654	0.00485	-0.00259	0.00097	0.00246	-0.00797	-0.00115	-0.00071	0.00069	-0.00363	-0.00859	-0.00268	-0.00608	0.00380	0.00130	0.00478	0.00242	0.00070	0.00234	0.00144	-0.00245	0.00196	0.00324	-0.00063	0.00812	(Member $x0 great)
p204751	0.00622	-0.00349	-0.00679	0.00287	-0.00477	0.00290	0.01828	0.01425	0.01237	0.00600	-0.00216	0.00589	-0.01134	-0.01171	-0.01084	-0.00522	-0.00142	-0.00060	0.00844	0.00983	0.00810	0.00844	-0.00125	-0.00523	0.01210	0.01038	-0.01298	-0.00908	0.00588	-0.01369	-0.00913	0.01965	(Member $x0 ground)
p204752	0.01259	0.00243	0.00447	-0.01235	-0.00508	0.00748	-0.01412	0.00551	-0.02467	-0.02082	0.00153	-0.01867	-0.01603	-0.00722	0.05263	-0.01325	-0.00350	-0.00986	-0.00239	0.00769	-0.03422	0.00256	0.01073	0.00928	0.01791	0.01255	-0.04061	-0.01237	0.01427	0.00639	-0.02665	0.01213	(Member $x0 group)
p204753	0.00611	-0.00204	0.00042	-0.00118	-0.00781	-0.00760	-0.00267	-0.01173	-0.00023	-0.01101	0.00327	-0.00205	-0.00051	0.01754	-0.00015	0.00642	-0.01554	0.00932	0.00303	0.00254	0.01347	-0.01167	0.00675	0.00561	-0.00093	-0.00781	-0.00870	0.01800	-0.00731	0.00690	-0.00947	0.00193	(Member $x0 ivy)
p204754	-0.00512	0.01451	0.00614	0.00846	0.01306	0.01066	0.00906	-0.01292	-0.01076	0.01183	0.00625	-0.00290	0.00091	0.00399	-0.00590	-0.00059	-0.00365	0.00413	-0.00256	-0.00159	0.00392	-0.00695	-0.00806	-0.00514	0.00337	0.00222	-0.00504	-0.00074	-0.00878	0.00301	0.00580	0.00134	(Member $x0 lady)
p204755	-0.00015	-0.00955	0.01011	0.01036	0.02818	-0.00561	0.00602	-0.00735	-0.01857	-0.00253	-0.00195	0.01461	0.01622	0.00523	-0.01825	-0.00355	-0.00650	0.02085	0.01292	0.02413	-0.01172	-0.00601	-0.01715	0.01397	0.02432	0.02069	-0.01418	-0.00251	-0.01022	-0.00974	-0.01281	0.00071	(Member $x0 little)
p204756	0.00571	-0.00179	-0.00248	0.00463	-0.00513	-0.00518	-0.00265	-0.00610	-0.00432	0.00190	-0.00340	0.00164	0.00424	0.00341	-0.00041	-0.00065	0.00221	-0.00131	-0.00526	0.00256	-0.00947	0.00229	0.00067	0.00399	0.00015	-0.00366	-0.00344	0.00309	-0.00543	-0.00162	-0.00959	0.00330	(Member $x0 machine)
p204757	-0.02402	0.00505	-0.00814	-0.02097	0.00242	-0.01035	-0.01167	-0.00642	0.00650	-0.00083	0.01845	-0.00007	0.00215	0.00930	-0.01769	-0.00798	0.01230	0.01620	-0.01713	0.00051	-0.00476	0.00762	0.00360	-0.00855	0.01315	-0.01967	-0.00824	-0.00785	-0.00779	-0.00997	0.00368	0.01413	(Member $x0 matter)
p204758	0.01749	0.03546	0.03262	0.00091	-0.02066	0.04567	0.01157	0.02265	-0.01249	0.02918	-0.00629	-0.03907	-0.01283	0.00000	-0.00193	0.00654	-0.01847	0.00049	-0.00979	0.00442	0.02735	-0.01451	-0.03656	-0.00900	0.02268	0.00330	-0.00517	0.01293	-0.01477	-0.00537	0.02538	-0.00626	(Member $x0 middle)
p204759	0.00936	0.03195	0.02914	0.00544	-0.01537	0.03218	0.00240	0.01053	-0.02199	0.02176	-0.02515	-0.02255	-0.01156	0.00502	-0.00620	0.00098	-0.01825	-0.00524	-0.00240	0.00447	0.01737	-0.00836	-0.02672	0.01017	0.02759	0.01596	0.00750	0.01365	-0.02189	0.00300	0.01637	-0.00264	(Member $x0 northern)
p204760	0.00169	0.00567	-0.01308	0.01136	0.01665	0.00658	-0.00168	0.00285	0.00906	0.00047	-0.00150	0.00203	0.00589	0.00168	-0.00562	-0.00053	0.00107	-0.00329	0.00647	0.00605	-0.00318	0.00067	-0.00851	-0.00410	0.00298	-0.00228	-0.00203	-0.00028	0.00541	0.00759	-0.00444	-0.00278	(Member $x0 original)
p204761	0.01101	0.01629	0.00571	0.01060	0.01535	0.01547	0.00780	-0.00434	-0.00069	0.01355	0.00385	-0.00671	0.00142	0.00602	-0.00324	0.01370	-0.00906	0.00561	-0.00564	0.01100	0.00422	-0.00416	-0.02074	-0.00406	0.01614	0.00399	0.01027	-0.00483	-0.00891	0.00532	0.00202	-0.00438	(Member $x0 other)
p204762	-0.02941	-0.00218	-0.00634	0.00095	-0.01160	0.00087	0.02436	-0.01436	-0.00356	-0.00730	0.00642	-0.00146	-0.00407	0.00868	-0.00754	0.00612	-0.00058	-0.01391	-0.00062	-0.00908	-0.00127	-0.01069	0.01927	0.00176	-0.00031	0.00112	-0.00597	-0.00875	0.00199	0.00470	-0.00864	-0.00492	(Member $x0 personality)
p204763	0.00203	0.00067	0.00191	-0.00901	-0.00745	-0.00322	-0.01177	0.01564	0.00189	-0.00758	-0.00902	-0.01214	-0.01169	0.00023	0.00797	0.00145	-0.00710	-0.00459	-0.00569	-0.01738	-0.01154	0.00178	-0.01241	-0.00193	0.00547	0.00196	0.00278	0.00293	0.01188	0.00138	-0.01281	-0.00562	(Member $x0 picture)
p204764	-0.00480	-0.00997	0.00906	0.00456	-0.01057	-0.00110	-0.01350	-0.00104	-0.00924	-0.00924	-0.01793	0.00641	0.01024	0.01649	-0.00410	-0.00030	-0.00301	0.00170	-0.00347	0.01065	-0.02262	-0.00932	0.00130	0.01135	0.00153	0.01396	-0.00629	0.00326	0.00414	-0.00118	-0.00480	0.01071	(Member $x0 plane)
p204765	-0.03163	0.01330	-0.00522	-0.03146	-0.00860	0.01421	-0.00699	0.00997	0.01499	0.01396	-0.00279	-0.01417	-0.00436	-0.00120	-0.04087	0.00143	0.00946	0.03642	-0.00223	0.00778	-0.00884	0.00064	0.00423	-0.02585	0.04007	-0.00074	-0.01763	-0.01905	-0.00808	-0.01082	0.01288	0.02170	(Member $x0 red)
p204766	0.00336	0.00538	-0.00869	-0.00717	-0.00256	0.00104	-0.01376	0.00822	0.00517	-0.00851	-0.00446	-0.01685	-0.00395	-0.00337	0.00802	0.00572	-0.00694	0.00560	-0.00738	-0.02016	-0.00154	-0.00344	-0.02068	-0.01172	-0.00553	0.00520	0.02697	0.00193	0.01511	-0.00155	-0.00594	-0.00098	(Member $x0 region)
p204767	0.00985	0.00016	-0.00823	0.00851	-0.01406	-0.00243	0.00454	0.01559	-0.00437	-0.00896	0.00493	-0.00373	-0.01986	-0.00925	-0.01056	0.02188	0.01229	0.01132	0.00058	-0.00390	0.03114	0.01098	-0.00098	0.00172	0.00432	0.00124	-0.00929	-0.01705	-0.00623	-0.00415	0.00474	0.00651	(Member $x0 river)
p204768	0.00245	-0.01101	-0.00166	-0.01125	-0.00169	0.00243	0.01197	0.01285	-0.00411	0.00751	-0.00400	0.00342	0.00876	-0.01720	-0.01212	-0.00375	0.00262	0.00554	0.01314	0.01074	-0.00005	-0.00189	-0.00191	-0.01040	0.00741	0.01791	-0.00390	-0.01085	-0.00602	-0.01746	-0.00852	-0.00385	(Member $x0 sea)
p204769	-0.00229	-0.00906	-0.00386	-0.00195	-0.00238	-0.00164	-0.00083	-0.00381	0.00248	-0.00456	0.00066	-0.00374	0.00021	0.00694	0.00183	0.00251	-0.00065	-0.00378	-0.00596	0.00537	-0.00957	-0.00362	0.00095	0.00565	-0.00153	-0.00073	-0.00244	0.00118	0.00250	0.00115	-0.00342	0.00092	(Member $x0 ship)
p204770	0.00657	-0.00209	-0.00431	0.01445	-0.01343	-0.00289	-0.00241	0.02753	0.00307	-0.01243	-0.00623	-0.00377	-0.00680	0.00873	-0.00419	0.02555	0.01047	0.00223	0.00042	0.00133	0.00821	-0.00027	-0.00769	-0.00271	0.01125	0.00196	-0.00566	-0.01293	0.00157	0.00110	-0.00327	-0.00625	(Member $x0 snow)
p204771	-0.01043	0.06134	0.06268	0.03416	-0.03202	0.00767	0.01660	0.01957	-0.06618	0.01843	-0.02397	-0.00155	-0.01845	-0.01839	-0.01458	-0.00105	-0.01283	-0.00074	-0.00274	-0.02749	0.01968	-0.00760	-0.00145	0.03858	0.06043	0.03518	-0.02031	-0.00442	-0.05805	-0.01671	0.01842	-0.00139	(Member $x0 southern)
p204772	0.01337	0.00700	-0.00218	0.01671	0.01548	-0.00695	0.02896	-0.01565	0.01644	0.00683	-0.00610	0.01136	-0.03551	0.00957	-0.00627	-0.00790	-0.01191	0.00802	0.00674	0.01281	0.01776	0.02421	-0.01217	0.00784	0.00389	0.00211	-0.01210	-0.00325	0.01190	-0.01586	-0.00187	0.03903	(Member $x0 store)
p204773	0.00675	-0.01870	-0.00846	-0.01208	-0.01811	-0.00048	0.02758	0.07217	0.00603	-0.00373	-0.00539	-0.00854	0.00205	-0.03556	-0.00955	0.01081	0.01452	0.01300	0.02867	0.00413	0.00172	-0.00235	0.00115	-0.02852	0.00927	0.02034	-0.02227	-0.02730	-0.00625	-0.00131	-0.00767	-0.01309	(Member $x0 sun)
p204774	0.00715	0.00312	-0.00823	0.01288	0.00967	0.00723	0.00060	-0.00109	0.00519	-0.01147	0.00620	-0.00144	0.01647	-0.00775	0.02025	0.00745	-0.00556	-0.01271	0.00664	0.01136	-0.01485	0.00691	0.00852	0.00941	0.02107	0.00709	-0.00881	-0.00460	-0.00144	0.01403	-0.00581	-0.00437	(Member $x0 system)
p204775	0.00998	0.03215	0.02903	0.00625	-0.01400	0.03307	0.00126	0.00988	-0.02157	0.02066	-0.02560	-0.02209	-0.01220	0.00595	-0.00701	0.00159	-0.01871	-0.00472	-0.00025	0.00386	0.01705	-0.00780	-0.02716	0.01138	0.02842	0.01683	0.00840	0.01360	-0.02146	0.00400	0.01719	-0.00370	(Member $x0 view)
p204776	0.01041	0.00034	-0.00126	0.00056	-0.00041	-0.00695	0.01323	-0.00295	0.01063	0.00486	-0.01007	0.00548	-0.01049	-0.00454	-0.00135	0.00220	-0.01047	-0.00657	0.00190	-0.00962	0.01145	0.01958	-0.00251	-0.00282	0.00718	0.00175	0.00033	0.00247	-0.00962	-0.00093	-0.00136	0.01850	(Member $x0 war)
p204777	-0.02050	0.01094	-0.01078	0.00789	-0.01528	-0.00151	0.00885	0.00750	-0.00714	-0.01065	-0.02756	-0.00254	0.00825	-0.00713	-0.00479	0.00874	-0.00405	0.00564	0.00574	-0.02526	-0.00443	-0.01587	-0.00625	-0.01213	-0.01312	0.02116	0.02869	0.00402	0.00333	0.00238	0.00323	0.00024	(Member $x0 widespread)
p204778	0.00762	0.01614	0.02102	0.00355	-0.01223	-0.01338	0.00691	0.02003	-0.01038	0.02428	-0.00305	-0.00409	-0.00614	0.03288	0.04921	0.00492	0.01154	0.00957	-0.01266	0.01191	-0.03755	0.00034	-0.02929	-0.01383	-0.03003	-0.00935	-0.01245	0.02088	-0.02087	0.00223	0.00002	0.00734	(Member $x0 windshield)
p204779	-0.00918	0.01164	-0.01276	0.00885	-0.00432	-0.00077	0.01027	0.00326	0.00095	-0.00189	-0.00036	0.00982	0.00223	0.00055	-0.00138	0.00207	0.00457	-0.00907	-0.00430	0.00814	-0.00975	-0.00143	-0.00268	0.00145	-0.00865	-0.01271	0.00113	-0.00995	0.00281	0.00349	-0.02282	-0.00099	(Might $e0)
p204780	0.00233	0.00042	0.00880	-0.00645	-0.00094	-0.00779	-0.00906	0.00214	-0.00855	0.00099	0.00559	0.01219	0.00020	0.00225	0.00381	-0.00280	-0.00466	-0.00363	-0.01011	0.00130	-0.00198	0.00921	0.00046	0.00845	0.00405	-0.00333	-0.00311	-0.00271	-0.00705	-0.00166	-0.00823	-0.00108	(Permitted $e0)
p204781	-0.06336	-0.09420	0.08625	0.05338	0.04996	0.07138	-0.06512	0.06080	-0.04544	-0.08104	0.04653	-0.03896	-0.06715	-0.00981	-0.05497	0.02949	-0.03302	-0.05634	0.05590	0.08713	-0.06575	0.04476	0.08192	-0.02662	-0.04201	-0.06975	0.03207	0.07409	-0.08770	-0.03402	-0.02553	0.09715	(Possession $x0 free_soil_party)
p204782	-0.06336	-0.09420	0.08625	0.05338	0.04996	0.07138	-0.06512	0.06080	-0.04544	-0.08104	0.04653	-0.03896	-0.06715	-0.00981	-0.05497	0.02949	-0.03302	-0.05634	0.05590	0.08713	-0.06575	0.04476	0.08192	-0.02662	-0.04201	-0.06975	0.03207	0.07409	-0.08770	-0.03402	-0.02553	0.09715	(Possession $x0 republican_party)
p204783	0.01462	0.01744	0.01200	0.00065	-0.01438	0.02413	0.00662	0.00625	-0.01525	0.00034	-0.02754	-0.01457	0.00987	-0.01057	0.00708	-0.00918	0.00713	-0.01063	0.01091	0.01005	0.00212	0.00005	0.00088	0.00031	0.00805	0.01601	0.00360	0.00130	-0.01529	0.00407	0.00535	0.00074	(ProportionOf $x0 $x1 some)
p204784	-0.00229	-0.00410	0.01040	0.00585	-0.00345	-0.00299	-0.01029	0.00138	-0.00379	-0.00281	-0.00240	0.00412	0.00028	0.00737	0.00214	-0.00111	-0.00291	-0.00500	-0.00803	0.00914	-0.01434	0.00285	-0.00013	0.00896	0.00362	-0.00052	-0.01062	-0.00316	0.01530	0.00032	-0.00904	-0.00218	(Time $e0 $x0)
p204785	0.00149	-0.00516	-0.00216	0.00443	0.00078	-0.00167	-0.00082	-0.00096	0.00511	0.00174	-0.00100	0.00017	0.00926	-0.00392	0.00009	0.00174	-0.00077	-0.00468	-0.00086	0.00370	-0.00233	0.00051	-0.00128	-0.00573	-0.00114	-0.00472	-0.00309	0.00078	0.00611	0.00184	-0.00369	-0.00358	(Time $e0 later)
p204786	-0.00876	-0.01218	0.05581	0.01094	-0.03510	0.01352	-0.04962	0.04277	-0.04809	-0.02802	-0.08363	0.06405	0.02303	0.13610	-0.04122	-0.01168	-0.00574	-0.01902	-0.01753	0.05196	-0.09812	-0.01144	-0.01334	0.02186	0.03195	0.05173	-0.03085	-0.01168	0.01720	-0.00600	-0.05324	0.04891	(Time $e0 this_year)
p204787	0.01044	0.00680	-0.03033	0.05736	-0.02395	-0.01755	0.04247	0.06601	0.00625	-0.03696	-0.00366	-0.04163	-0.06741	-0.08075	-0.02878	0.03587	0.02908	0.04886	-0.01442	0.03088	0.15495	-0.01793	-0.03283	0.00086	-0.00892	-0.02522	-0.03922	-0.02292	0.04085	-0.00700	0.00210	0.03285	(Time $e0 tonight)
p204788	-0.00834	-0.01525	0.02029	0.00567	-0.01010	-0.00927	-0.00858	-0.01868	-0.02324	-0.01697	-0.00807	-0.01122	0.01325	0.00530	0.00632	-0.01780	-0.00347	0.01995	-0.00382	0.01473	-0.01909	-0.01892	-0.00493	0.03177	-0.02518	0.00275	-0.01407	0.01574	0.00179	-0.00160	-0.00239	0.00576	(TimeAtLeast $e0 (Year <num>))
p204824	-0.08996	-0.15269	0.12652	0.08368	0.10464	0.10639	-0.10253	0.11022	-0.06089	-0.13461	0.07173	-0.06264	-0.10780	-0.01860	-0.09411	0.04757	-0.05590	-0.09003	0.09246	0.13875	-0.10497	0.08214	0.11171	-0.04444	-0.06619	-0.11719	0.06750	0.15158	-0.13881	-0.05581	-0.03602	0.14018	(And (Agent $e0 $x0) (GroupOf $x1 view) (Theme $e0 $x1) (Theme $e0 $x2))
p204827	-0.13886	-0.05522	-0.02943	-0.09413	0.21359	-0.00387	-0.04114	-0.15392	-0.00683	0.18033	-0.04410	0.06234	0.11385	-0.31196	0.12590	-0.03857	-0.03485	-0.07540	-0.00750	-0.03342	0.15231	-0.14060	-0.24984	-0.03544	0.04698	-0.02735	-0.13196	0.29178	0.07121	-0.00875	-0.07362	0.10388	(And (Agent $e0 $x0) (Location $e0 $x1) (Past $e1) (Theme $e1 $e0))
p204829	-0.06194	-0.01501	-0.02032	0.02859	0.04058	0.02012	-0.05337	0.04533	0.03643	0.05696	-0.03126	-0.02312	0.00650	0.04078	0.05490	-0.03275	-0.02184	0.01791	-0.04572	-0.01622	0.07270	0.06120	0.05337	0.01097	-0.02125	0.09703	-0.03542	-0.07560	-0.04266	-0.05913	-0.02050	-0.04566	(And (Agent $e0 $x0) (Location $e0 eskisehir) (Member $e0 build) (Member $x0 company))
p204830	-0.06194	-0.01501	-0.02032	0.02859	0.04058	0.02012	-0.05337	0.04533	0.03643	0.05696	-0.03126	-0.02312	0.00650	0.04078	0.05490	-0.03275	-0.02184	0.01791	-0.04572	-0.01622	0.07270	0.06120	0.05337	0.01097	-0.02125	0.09703	-0.03542	-0.07560	-0.04266	-0.05913	-0.02050	-0.04566	(And (Agent $e0 $x0) (Location $e0 eskisehir) (Member $x0 company) (Past $e0))
p204831	-0.06194	-0.01501	-0.02032	0.02859	0.04058	0.02012	-0.05337	0.04533	0.03643	0.05696	-0.03126	-0.02312	0.00650	0.04078	0.05490	-0.03275	-0.02184	0.01791	-0.04572	-0.01622	0.07270	0.06120	0.05337	0.01097	-0.02125	0.09703	-0.03542	-0.07560	-0.04266	-0.05913	-0.02050	-0.04566	(And (Agent $e0 $x0) (Location $e0 eskisehir) (Member $x0 company) (Patient $e0 $x1))
p204832	-0.06194	-0.01501	-0.02032	0.02859	0.04058	0.02012	-0.05337	0.04533	0.03643	0.05696	-0.03126	-0.02312	0.00650	0.04078	0.05490	-0.03275	-0.02184	0.01791	-0.04572	-0.01622	0.07270	0.06120	0.05337	0.01097	-0.02125	0.09704	-0.03542	-0.07560	-0.04265	-0.05913	-0.02050	-0.04566	(And (Agent $e0 $x0) (Location $e0 eskisehir) (Member $x1 hotel) (Patient $e0 $x1))
p204833	-0.13886	-0.05522	-0.02943	-0.09413	0.21359	-0.00387	-0.04114	-0.15392	-0.00683	0.18033	-0.04410	0.06234	0.11385	-0.31196	0.12590	-0.03857	-0.03485	-0.07540	-0.00750	-0.03342	0.15231	-0.14060	-0.24984	-0.03544	0.04698	-0.02735	-0.13196	0.29178	0.07121	-0.00875	-0.07362	0.10388	(And (Agent $e0 $x0) (Location $e1 $x1) (Past $e0) (Theme $e0 $e1))
p204834	-0.13886	-0.05522	-0.02943	-0.09413	0.21359	-0.00387	-0.04114	-0.15392	-0.00683	0.18033	-0.04410	0.06234	0.11385	-0.31196	0.12590	-0.03857	-0.03485	-0.07540	-0.00750	-0.03342	0.15231	-0.14060	-0.24984	-0.03544	0.04698	-0.02735	-0.13196	0.29178	0.07121	-0.00875	-0.07362	0.10388	(And (Agent $e0 $x0) (Location $e1 $x1) (Patient $e1 $x2) (Theme $e0 $e1))
p204836	0.01949	-0.00040	0.03183	-0.01782	-0.03045	-0.03077	-0.02836	0.03047	-0.01275	0.03561	0.03903	0.02486	-0.02145	-0.06660	-0.01294	-0.03482	-0.02375	0.01412	0.04373	-0.04384	0.05326	-0.00501	0.03016	0.08294	-0.01740	-0.05480	0.03735	-0.01698	-0.02929	0.02193	0.02375	-0.01779	(And (Agent $e0 $x0) (Member $e0 write) (Member $x0 person) (Past $e0))
p204837	0.01950	-0.00040	0.03184	-0.01781	-0.03044	-0.03076	-0.02835	0.03047	-0.01274	0.03562	0.03903	0.02487	-0.02144	-0.06659	-0.01293	-0.03481	-0.02375	0.01412	0.04373	-0.04384	0.05326	-0.00501	0.03016	0.08295	-0.01740	-0.05480	0.03735	-0.01697	-0.02928	0.02193	0.02376	-0.01778	(And (Agent $e0 $x0) (Member $e0 write) (Member $x0 person) (Patient $e0 $x1))
p204838	-0.04471	-0.07608	0.06353	0.04210	0.05259	0.05346	-0.05101	0.05538	-0.03017	-0.06700	0.03613	-0.03105	-0.05362	-0.00906	-0.04677	0.02406	-0.02769	-0.04474	0.04651	0.06965	-0.05220	0.04135	0.05611	-0.02194	-0.03286	-0.05830	0.03400	0.07607	-0.06911	-0.02763	-0.01772	0.07032	(And (Agent $e0 $x0) (Member $x0 thing) (Theme $e0 $x1) (Theme $e0 $x2))
p204839	0.00399	0.01184	-0.01720	0.00695	-0.00159	0.00428	-0.01792	0.01472	0.01431	-0.01808	-0.01726	-0.01425	0.01144	-0.00549	0.00108	0.02034	-0.01061	0.01215	0.00013	-0.02705	-0.00555	-0.01150	-0.03093	-0.01110	-0.00231	0.01936	0.03536	0.01871	0.00880	0.00243	0.00154	0.00242	(And (Agent $e0 $x0) (Member $x1 new) (Past $e0) (Theme $e0 $x1))
p204840	-0.13886	-0.05522	-0.02943	-0.09413	0.21359	-0.00387	-0.04114	-0.15392	-0.00683	0.18033	-0.04410	0.06234	0.11385	-0.31196	0.12590	-0.03857	-0.03485	-0.07540	-0.00750	-0.03342	0.15231	-0.14060	-0.24984	-0.03544	0.04698	-0.02735	-0.13196	0.29178	0.07121	-0.00875	-0.07362	0.10388	(And (Agent $e0 $x0) (Ongoing $e1) (Patient $e1 $x1) (Theme $e0 $e1))
p204843	0.14106	0.11648	-0.04628	-0.01807	0.04030	0.13965	0.03890	0.12753	-0.02246	-0.17762	-0.10131	0.18040	0.09329	-0.18996	-0.04696	0.00138	-0.05706	0.11971	-0.09813	-0.06162	-0.08715	0.11601	0.12093	0.06917	-0.04816	-0.08768	-0.15011	0.31967	0.05001	-0.03409	0.14980	-0.13623	(And (Agent $e0 $x0) (Past $e0) (Theme $e1 $x1) (To $e0 $e1))
p204845	0.14106	0.11648	-0.04628	-0.01807	0.04030	0.13965	0.03890	0.12753	-0.02246	-0.17762	-0.10131	0.18040	0.09329	-0.18996	-0.04696	0.00138	-0.05706	0.11971	-0.09813	-0.06162	-0.08715	0.11601	0.12093	0.06917	-0.04816	-0.08768	-0.15011	0.31967	0.05001	-0.03409	0.14980	-0.13623	(And (Agent $e0 $x0) (Past $e1) (Theme $e0 $x1) (To $e1 $e0))
p204846	-0.04471	-0.07608	0.06353	0.04210	0.05259	0.05346	-0.05101	0.05538	-0.03017	-0.06700	0.03613	-0.03105	-0.05362	-0.00906	-0.04677	0.02406	-0.02769	-0.04474	0.04651	0.06965	-0.05220	0.04135	0.05611	-0.02194	-0.03286	-0.05830	0.03400	0.07607	-0.06911	-0.02763	-0.01772	0.07032	(And (Agent $e0 $x0) (Possession $x1 free_soil_party) (Theme $e0 $x1) (Theme $e0 $x2))
p204847	-0.04471	-0.07608	0.06353	0.04210	0.05258	0.05346	-0.05101	0.05538	-0.03017	-0.06702	0.03613	-0.03105	-0.05362	-0.00906	-0.04680	0.02405	-0.02769	-0.04474	0.04651	0.06965	-0.05222	0.04135	0.05610	-0.02195	-0.03286	-0.05830	0.03399	0.07605	-0.06911	-0.02763	-0.01772	0.07032	(And (Agent $e0 $x0) (Possession $x1 republican_party) (Theme $e0 $x1) (Theme $e0 $x2))
p204848	0.02384	0.04739	-0.05243	0.00132	-0.03613	0.02311	-0.00891	0.00047	-0.02424	-0.06890	0.02278	-0.03415	0.05336	-0.05247	0.10292	-0.01186	0.07320	-0.00768	-0.00628	0.02157	-0.04321	0.02623	0.08278	-0.00579	0.03476	0.01735	-0.04133	-0.03581	-0.04776	0.02567	0.00399	0.06899	(And (Before $e0 $e1) (Past $e0) (Past $e1) (Patient $e0 $x0))
p204849	-0.00098	0.01691	0.02321	-0.01590	-0.00605	-0.01378	0.00131	-0.01697	0.05142	-0.02455	-0.01414	-0.02973	0.00627	0.04746	-0.03522	0.02142	0.01237	-0.01508	0.03041	0.01401	0.02952	-0.03971	0.03750	-0.00598	-0.00930	0.02294	-0.02151	0.05190	0.02562	0.00918	-0.00751	-0.01490	(And (Cardinality $x0 <num>) (Holder $e0 $x1) (Member $e0 have) (Theme $e0 $x0))
p204850	0.05210	-0.02859	0.01522	-0.06117	0.04425	0.06513	0.04968	0.03231	-0.02072	-0.06858	0.00632	0.05533	-0.01113	0.04138	0.05382	-0.06370	0.07387	0.02009	-0.00360	-0.03149	0.07241	-0.03368	0.08415	-0.11073	0.00968	-0.01713	0.11738	-0.12266	0.04458	0.05012	0.00289	0.03435	(And (Cardinality $x0 <num>) (Location $e0 $x1) (Past $e0) (Patient $e0 $x0))
p204852	-0.08558	0.04318	-0.05358	-0.05339	0.00491	-0.01761	-0.02353	-0.00736	0.03300	-0.01757	0.04410	-0.04377	0.02127	0.02606	-0.05261	-0.01960	0.06020	0.03437	-0.07090	0.01291	-0.01848	0.02217	0.00560	-0.02999	0.05411	-0.05070	-0.04050	-0.00829	-0.02593	-0.00155	0.01788	0.07076	(And (Experiencer $e0 $x0) (Member $e0 bad) (Past $e1) (Result $e1 $e0))
p204854	-0.02967	0.00881	0.14357	0.07607	-0.08833	-0.04223	-0.07277	-0.12598	0.05563	0.06476	-0.06556	0.10273	-0.05815	-0.08330	0.15762	0.18433	-0.14097	0.06115	0.02419	0.00118	-0.01840	-0.05637	0.18814	0.03118	0.08080	-0.00047	0.15344	-0.16696	0.13474	-0.05277	0.06088	-0.07356	(And (Experiencer $e0 $x0) (Member $e1 get) (Ongoing $e1) (Result $e1 $e0))
p204859	-0.08554	0.04322	-0.05354	-0.05335	0.00495	-0.01757	-0.02349	-0.00732	0.03304	-0.01753	0.04414	-0.04374	0.02131	0.02609	-0.05258	-0.01956	0.06023	0.03441	-0.07087	0.01295	-0.01844	0.02221	0.00563	-0.02995	0.05415	-0.05066	-0.04046	-0.00825	-0.02589	-0.00151	0.01792	0.07079	(And (Experiencer $e0 $x0) (Member $x0 bad) (Past $e1) (Result $e1 $e0))
p204861	0.06138	-0.05914	-0.05944	0.08049	-0.07509	-0.02172	0.04016	-0.09418	-0.06206	0.16230	-0.00680	-0.02136	-0.02453	0.01717	-0.08996	-0.04224	0.11402	0.05666	-0.05802	0.01189	-0.05998	0.03851	0.08989	0.01096	0.09709	0.05049	0.11586	0.14559	0.00605	0.00134	-0.02172	-0.03740	(And (For $e0 $e1) (Member $e0 win) (Member $e1 portray) (Past $e0))
p204862	0.06138	-0.05914	-0.05944	0.08049	-0.07509	-0.02172	0.04016	-0.09418	-0.06206	0.16230	-0.00680	-0.02136	-0.02453	0.01717	-0.08996	-0.04224	0.11402	0.05666	-0.05802	0.01189	-0.05998	0.03851	0.08989	0.01096	0.09709	0.05049	0.11586	0.14559	0.00605	0.00134	-0.02172	-0.03740	(And (For $e0 $e1) (Member $e0 win) (Member $e1 portray) (Theme $e0 $x0))
p204863	0.06138	-0.05914	-0.05944	0.08049	-0.07509	-0.02172	0.04016	-0.09418	-0.06206	0.16230	-0.00680	-0.02136	-0.02453	0.01717	-0.08996	-0.04224	0.11402	0.05666	-0.05802	0.01188	-0.05998	0.03851	0.08989	0.01096	0.09709	0.05048	0.11586	0.14560	0.00605	0.00134	-0.02172	-0.03740	(And (For $e0 $e1) (Member $e1 portray) (Member $x0 emmy) (Theme $e0 $x0))
p204864	0.06138	-0.05914	-0.05944	0.08049	-0.07509	-0.02172	0.04016	-0.09418	-0.06206	0.16230	-0.00680	-0.02136	-0.02453	0.01717	-0.08996	-0.04224	0.11402	0.05666	-0.05802	0.01189	-0.05998	0.03851	0.08989	0.01096	0.09709	0.05049	0.11586	0.14559	0.00605	0.00134	-0.02172	-0.03740	(And (For $e0 $e1) (Member $e1 portray) (Past $e0) (Theme $e0 $x0))
p204865	0.06303	-0.02058	-0.00636	-0.06491	0.02643	0.07940	0.05581	0.01957	-0.03573	-0.08118	0.02532	0.04488	0.00413	0.01406	0.10925	-0.07536	0.08010	0.01866	-0.00430	-0.02420	0.06823	-0.03434	0.10803	-0.11815	0.00221	-0.01780	0.10296	-0.12889	0.04106	0.05799	0.00160	0.05604	(And (GroupOf $x0 person) (Member $e0 kill) (Past $e0) (Patient $e0 $x0))
p204875	-0.08996	-0.15269	0.12652	0.08368	0.10464	0.10639	-0.10253	0.11022	-0.06089	-0.13462	0.07173	-0.06265	-0.10780	-0.01860	-0.09412	0.04756	-0.05590	-0.09003	0.09246	0.13875	-0.10497	0.08214	0.11170	-0.04444	-0.06619	-0.11719	0.06750	0.15157	-0.13881	-0.05581	-0.03602	0.14018	(And (GroupOf $x0 view) (Past $e0) (Theme $e0 $x0) (Theme $e0 $x1))
p204876	-0.04471	-0.07608	0.06353	0.04210	0.05259	0.05346	-0.05101	0.05538	-0.03017	-0.06700	0.03613	-0.03105	-0.05362	-0.00906	-0.04678	0.02406	-0.02769	-0.04474	0.04651	0.06965	-0.05221	0.04135	0.05611	-0.02194	-0.03286	-0.05830	0.03400	0.07606	-0.06911	-0.02763	-0.01772	0.07032	(And (GroupOf $x0 view) (Possession $x0 free_soil_party) (Theme $e0 $x0) (Theme $e0 $x1))
p204877	-0.04471	-0.07608	0.06353	0.04210	0.05259	0.05346	-0.05101	0.05538	-0.03017	-0.06700	0.03613	-0.03105	-0.05362	-0.00906	-0.04677	0.02406	-0.02769	-0.04474	0.04651	0.06965	-0.05220	0.04135	0.05611	-0.02194	-0.03286	-0.05830	0.03400	0.07607	-0.06911	-0.02763	-0.01772	0.07032	(And (GroupOf $x0 view) (Possession $x0 republican_party) (Theme $e0 $x0) (Theme $e0 $x1))
p204878	-0.04471	-0.07608	0.06353	0.04210	0.05259	0.05346	-0.05101	0.05538	-0.03017	-0.06700	0.03613	-0.03105	-0.05362	-0.00906	-0.04677	0.02406	-0.02769	-0.04474	0.04651	0.06965	-0.05220	0.04135	0.05611	-0.02194	-0.03286	-0.05830	0.03400	0.07607	-0.06911	-0.02763	-0.01772	0.07032	(And (GroupOf $x0 view) (Possession $x1 free_soil_party) (Theme $e0 $x0) (Theme $e0 $x1))
p204879	-0.04471	-0.07608	0.06353	0.04210	0.05259	0.05346	-0.05101	0.05538	-0.03017	-0.06700	0.03613	-0.03105	-0.05362	-0.00906	-0.04677	0.02406	-0.02769	-0.04474	0.04651	0.06965	-0.05220	0.04135	0.05611	-0.02194	-0.03286	-0.05830	0.03400	0.07607	-0.06911	-0.02763	-0.01772	0.07032	(And (GroupOf $x0 view) (Possession $x1 republican_party) (Theme $e0 $x0) (Theme $e0 $x1))
p204882	-0.13886	-0.05522	-0.02943	-0.09413	0.21359	-0.00387	-0.04114	-0.15392	-0.00683	0.18033	-0.04410	0.06234	0.11385	-0.31196	0.12590	-0.03857	-0.03485	-0.07540	-0.00750	-0.03342	0.15231	-0.14060	-0.24984	-0.03544	0.04698	-0.02735	-0.13196	0.29178	0.07121	-0.00875	-0.07362	0.10388	(And (Location $e0 $x0) (Ongoing $e0) (Past $e1) (Theme $e1 $e0))
p204883	-0.13886	-0.05522	-0.02943	-0.09413	0.21359	-0.00387	-0.04114	-0.15392	-0.00683	0.18033	-0.04410	0.06234	0.11385	-0.31196	0.12590	-0.03857	-0.03485	-0.07540	-0.00750	-0.03342	0.15231	-0.14060	-0.24984	-0.03544	0.04698	-0.02735	-0.13196	0.29178	0.07121	-0.00875	-0.07362	0.10388	(And (Location $e0 $x0) (Past $e1) (Patient $e0 $x1) (Theme $e1 $e0))
p204889	-0.06194	-0.01501	-0.02032	0.02859	0.04058	0.02012	-0.05337	0.04533	0.03643	0.05696	-0.03126	-0.02312	0.00650	0.04078	0.05490	-0.03275	-0.02184	0.01791	-0.04572	-0.01622	0.07270	0.06120	0.05337	0.01097	-0.02125	0.09703	-0.03542	-0.07560	-0.04266	-0.05913	-0.02050	-0.04566	(And (Location $e0 eskisehir) (Member $e0 build) (Member $x0 hotel) (Patient $e0 $x0))
p204890	-0.06194	-0.01501	-0.02032	0.02859	0.04058	0.02012	-0.05337	0.04533	0.03643	0.05696	-0.03126	-0.02312	0.00650	0.04078	0.05490	-0.03275	-0.02184	0.01791	-0.04572	-0.01622	0.07270	0.06120	0.05337	0.01097	-0.02125	0.09703	-0.03542	-0.07560	-0.04266	-0.05913	-0.02050	-0.04566	(And (Location $e0 eskisehir) (Member $x0 hotel) (Past $e0) (Patient $e0 $x0))
p204893	-0.08555	0.04321	-0.05354	-0.05335	0.00495	-0.01757	-0.02349	-0.00733	0.03304	-0.01754	0.04414	-0.04373	0.02131	0.02608	-0.05258	-0.01956	0.06023	0.03441	-0.07087	0.01295	-0.01845	0.02221	0.00563	-0.02995	0.05414	-0.05067	-0.04047	-0.00826	-0.02589	-0.00151	0.01792	0.07079	(And (Member $e0 bad) (Past $e1) (Patient $e1 $x0) (Result $e1 $e0))
p204894	0.02671	-0.00853	-0.00757	-0.00887	-0.00960	0.01149	0.01086	0.02554	0.01553	0.00912	-0.01002	0.00750	0.01222	-0.03003	-0.01924	0.00572	-0.00372	-0.00794	0.03906	-0.03089	0.01926	0.01537	0.01936	-0.02245	0.01841	0.00531	0.01360	-0.01742	-0.01487	0.01203	0.00010	-0.00709	(And (Member $e0 bear) (Member $x0 person) (Past $e0) (Patient $e0 $x0))
p204895	-0.07558	-0.01408	-0.04165	-0.06249	0.15041	0.02543	-0.12168	-0.27355	-0.06201	0.11906	-0.08239	0.05412	0.06963	-0.15852	0.12257	-0.00159	-0.02634	-0.16856	-0.02932	-0.05175	0.15462	-0.07413	-0.17921	0.02824	0.05719	-0.08249	-0.06280	0.19827	0.04615	-0.04710	-0.05823	0.08953	(And (Member $e0 begin) (Ongoing $e1) (Patient $e1 $x0) (Theme $e0 $e1))
p204896	-0.07558	-0.01408	-0.04165	-0.06249	0.15041	0.02543	-0.12168	-0.27355	-0.06201	0.11906	-0.08239	0.05412	0.06963	-0.15852	0.12257	-0.00159	-0.02634	-0.16856	-0.02932	-0.05175	0.15462	-0.07413	-0.17921	0.02824	0.05719	-0.08249	-0.06280	0.19827	0.04615	-0.04710	-0.05823	0.08953	(And (Member $e0 begin) (Past $e0) (Patient $e1 $x0) (Theme $e0 $e1))
p204901	-0.03433	0.00717	0.04942	-0.00824	0.02782	-0.06584	0.06936	0.12893	0.03133	0.06567	0.03546	0.01071	0.02287	-0.01555	0.14109	0.00044	0.03113	0.07263	-0.01795	0.02736	-0.10867	-0.03440	-0.11829	-0.06657	-0.07305	0.00584	-0.08731	0.11907	-0.01957	0.03346	-0.02064	0.02706	(And (Member $e0 start) (Past $e0) (Patient $e1 $x0) (Theme $e0 $e1))
p204902	0.00822	-0.00355	0.01555	0.07000	-0.04482	-0.02546	-0.02339	0.05734	-0.06394	0.01200	0.03278	-0.01415	0.04814	-0.05109	-0.07750	0.11805	0.08348	0.04722	-0.05626	0.05768	0.17378	-0.00502	-0.02165	-0.03345	-0.03203	-0.04774	-0.01340	-0.07343	-0.00183	-0.00299	0.02785	-0.05610	(And (Member $e0 stop) (Past $e0) (Past $e1) (Theme $e0 $e1))
p204903	-0.08563	0.04314	-0.05362	-0.05342	0.00487	-0.01765	-0.02357	-0.00740	0.03296	-0.01763	0.04407	-0.04381	0.02123	0.02602	-0.05266	-0.01964	0.06015	0.03434	-0.07095	0.01288	-0.01853	0.02213	0.00556	-0.03003	0.05408	-0.05075	-0.04054	-0.00833	-0.02597	-0.00159	0.01784	0.07072	(And (Member $x0 bad) (Past $e0) (Patient $e0 $x0) (Result $e0 $e1))
p204905	-0.04471	-0.07608	0.06353	0.04210	0.05259	0.05346	-0.05101	0.05538	-0.03017	-0.06700	0.03613	-0.03105	-0.05362	-0.00906	-0.04677	0.02406	-0.02769	-0.04474	0.04651	0.06965	-0.05221	0.04135	0.05611	-0.02194	-0.03286	-0.05830	0.03400	0.07606	-0.06911	-0.02763	-0.01772	0.07032	(And (Member free_soil_party party) (Possession $x0 free_soil_party) (Theme $e0 $x0) (Theme $e0 $x1))
p204906	-0.04471	-0.07608	0.06353	0.04210	0.05259	0.05346	-0.05101	0.05538	-0.03017	-0.06700	0.03613	-0.03105	-0.05362	-0.00906	-0.04677	0.02406	-0.02769	-0.04474	0.04651	0.06965	-0.05220	0.04135	0.05611	-0.02194	-0.03286	-0.05830	0.03400	0.07607	-0.06911	-0.02763	-0.01772	0.07032	(And (Member republican_party party) (Possession $x0 republican_party) (Theme $e0 $x0) (Theme $e0 $x1))
p204909	0.02901	0.04835	0.03722	0.02347	-0.03533	-0.03648	-0.01116	0.00932	-0.02382	0.00442	-0.00277	0.00256	-0.02131	0.13790	0.13778	0.03744	0.03965	-0.02044	-0.03971	0.00911	-0.10635	0.03209	-0.04764	-0.00285	-0.06281	-0.04926	-0.01814	0.02555	-0.04460	-0.00483	-0.00523	0.01272	(And (Ongoing $e0) (Past $e1) (Patient $e1 $x0) (Theme $e1 $e0))
p204911	-0.04471	-0.07608	0.06353	0.04210	0.05259	0.05346	-0.05101	0.05538	-0.03017	-0.06700	0.03613	-0.03105	-0.05362	-0.00906	-0.04677	0.02406	-0.02769	-0.04474	0.04651	0.06965	-0.05221	0.04135	0.05611	-0.02194	-0.03286	-0.05830	0.03400	0.07606	-0.06911	-0.02763	-0.01772	0.07032	(And (Past $e0) (Possession $x0 free_soil_party) (Theme $e0 $x0) (Theme $e0 $x1))
p204912	-0.04471	-0.07608	0.06353	0.04210	0.05259	0.05346	-0.05101	0.05538	-0.03017	-0.06700	0.03613	-0.03105	-0.05362	-0.00906	-0.04677	0.02406	-0.02769	-0.04474	0.04651	0.06965	-0.05220	0.04135	0.05611	-0.02194	-0.03286	-0.05830	0.03400	0.07607	-0.06911	-0.02763	-0.01772	0.07032	(And (Past $e0) (Possession $x0 republican_party) (Theme $e0 $x0) (Theme $e0 $x1))
p204913	-0.04471	-0.07608	0.06353	0.04210	0.05259	0.05346	-0.05101	0.05538	-0.03017	-0.06700	0.03613	-0.03105	-0.05362	-0.00906	-0.04677	0.02406	-0.02769	-0.04474	0.04651	0.06965	-0.05220	0.04135	0.05611	-0.02194	-0.03286	-0.05830	0.03400	0.07606	-0.06911	-0.02763	-0.01772	0.07032	(And (Possession $x0 free_soil_party) (Possession $x1 republican_party) (Theme $e0 $x0) (Theme $e0 $x1))
p205979	0.04278	0.03192	-0.02775	0.03055	-0.01939	-0.00473	0.00312	-0.01260	-0.02311	-0.03573	0.03687	-0.02638	0.03478	-0.06473	0.12524	0.00460	-0.00476	-0.01943	0.03972	0.01025	-0.04274	0.00102	0.08839	0.03654	0.03751	0.03202	-0.03842	-0.03153	-0.03652	0.01572	0.01126	0.03911	(And (Agent $e0 $x0) (Before $e0 $e1) (Past $e1))
p205980	-0.01177	0.00109	0.03854	-0.00548	0.01643	0.00137	0.03045	0.00542	0.04441	0.00433	0.00091	0.01580	-0.02380	0.03712	-0.00475	0.00245	0.03232	0.01071	0.02803	-0.00737	-0.02927	0.02654	-0.01902	0.02586	-0.01453	0.03762	0.00117	0.00657	-0.00050	0.01971	0.02055	0.01933	(And (Agent $e0 $x0) (Cardinality $x0 <num>) (Past $e0))
p205981	-0.04464	0.05477	0.12927	-0.00454	0.18574	-0.12325	0.05183	-0.12190	0.09570	-0.01758	0.01726	0.08060	0.14733	-0.02097	-0.05664	0.03146	0.18089	-0.09838	-0.06554	0.09813	-0.03338	0.04400	0.02176	0.13601	-0.03629	0.03864	0.17193	-0.10433	-0.06774	-0.06787	-0.01676	-0.07193	(And (Agent $e0 $x0) (Cardinality $x1 <num>) (Theme $e0 $x1))
p205985	-0.03483	-0.00565	0.00522	-0.03543	-0.00910	-0.01135	-0.02111	0.01477	0.01384	0.02084	0.01379	0.00899	-0.03485	-0.00287	-0.03418	-0.02173	-0.00986	0.03736	0.01502	0.01879	-0.00373	-0.00377	0.00314	0.04610	-0.00417	-0.05062	0.01475	-0.01904	0.01989	0.02235	-0.00003	-0.01639	(And (Agent $e0 $x0) (Experiencer $e1 $x1) (Result $e0 $e1))
p205986	0.00410	-0.01112	-0.01015	0.00754	-0.00034	0.01134	0.00994	-0.00752	-0.00387	0.00141	0.01978	0.00251	-0.00107	0.00760	-0.02757	-0.02376	0.01835	0.02644	0.02395	0.01710	-0.00749	-0.01157	0.00170	-0.00768	-0.00121	-0.00311	-0.01948	-0.01587	0.01227	-0.04402	-0.00473	0.00080	(And (Agent $e0 $x0) (GroupOf $x0 boy) (Ongoing $e0))
p205987	0.00823	-0.01612	0.00916	-0.00679	-0.00942	0.01605	0.00583	0.03467	0.00184	-0.00045	-0.01072	-0.00441	-0.00190	-0.01687	-0.02903	-0.01217	0.01424	0.00569	0.02472	0.00306	-0.01077	-0.01600	0.00871	-0.01388	0.04103	0.03518	-0.03039	-0.01414	0.00189	-0.03612	-0.00787	0.00443	(And (Agent $e0 $x0) (GroupOf $x0 child) (Location $e0 $x1))
p205988	0.01086	-0.01416	0.00063	-0.01842	-0.00762	0.01351	0.01874	0.02073	0.00567	0.00385	0.00208	-0.01033	-0.00649	-0.02159	-0.02005	-0.00581	0.01420	0.00530	0.02361	-0.00104	-0.00207	-0.00651	0.00893	-0.01437	0.02025	0.02187	-0.01560	-0.02177	-0.00692	-0.03454	-0.00627	-0.00472	(And (Agent $e0 $x0) (GroupOf $x0 child) (Member $e0 play))
p205989	0.02715	0.00034	0.01988	-0.01186	-0.02874	-0.01678	-0.01028	0.10680	-0.02746	0.04049	0.00004	0.01519	-0.01649	-0.06629	-0.03045	0.02367	0.00234	0.00737	0.02773	-0.00476	0.02829	0.00075	0.00803	0.00002	0.05307	0.02382	-0.04747	-0.05090	-0.03361	-0.01071	-0.01732	-0.00379	(And (Agent $e0 $x0) (Location $e0 $x1) (Member $x0 person))
p205990	-0.06194	-0.01501	-0.02032	0.02859	0.04058	0.02012	-0.05337	0.04533	0.03643	0.05696	-0.03126	-0.02312	0.00650	0.04078	0.05490	-0.03275	-0.02184	0.01791	-0.04572	-0.01622	0.07270	0.06120	0.05337	0.01097	-0.02125	0.09703	-0.03542	-0.07560	-0.04266	-0.05913	-0.02050	-0.04566	(And (Agent $e0 $x0) (Location $e0 eskisehir) (Member $x0 company))
p205991	0.01950	-0.00040	0.03184	-0.01781	-0.03044	-0.03076	-0.02835	0.03047	-0.01274	0.03562	0.03903	0.02487	-0.02144	-0.06659	-0.01293	-0.03481	-0.02375	0.01412	0.04373	-0.04384	0.05326	-0.00501	0.03016	0.08295	-0.01740	-0.05480	0.03735	-0.01697	-0.02928	0.02193	0.02376	-0.01778	(And (Agent $e0 $x0) (Member $e0 write) (Member $x0 person))
p205992	0.01484	-0.00679	-0.03032	0.04801	-0.00906	-0.00768	0.05283	0.06026	0.00328	-0.03541	0.00990	-0.05634	-0.06854	-0.05765	-0.02581	0.06883	0.03046	0.05082	-0.00492	0.03024	0.12120	-0.00869	-0.03015	-0.00260	0.01701	-0.00969	-0.04478	-0.03556	0.02339	0.00297	0.00590	0.00527	(And (Agent $e0 $x0) (Member $e1 try) (Theme $e1 $e0))
p205993	0.02781	0.00868	-0.01908	0.03208	0.05997	-0.02067	0.01066	-0.02669	-0.02639	-0.00986	0.00812	-0.01192	0.02008	0.03389	-0.00430	0.01098	0.00692	0.00518	0.00746	0.01461	-0.03093	0.01205	0.02292	-0.01537	0.02583	0.01438	-0.03719	-0.01122	-0.02149	-0.02382	0.01913	0.01876	(And (Agent $e0 $x0) (Member $x0 family) (Past $e0))
p205994	0.13310	0.10284	-0.04393	-0.01520	0.04459	0.10334	0.04756	0.13546	-0.01893	-0.17113	-0.11409	0.15377	0.06819	-0.17136	-0.04870	0.01064	-0.05610	0.11290	-0.09580	-0.08205	-0.08022	0.10279	0.11604	0.04647	-0.04369	-0.07880	-0.14971	0.31719	0.04520	-0.04462	0.15435	-0.12713	(And (Agent $e0 $x0) (Member $x0 father) (Past $e0))
p205995	0.01206	0.01750	-0.03505	0.06943	-0.03230	-0.01872	0.03182	0.05427	0.01058	-0.05066	-0.01968	-0.06296	-0.05104	-0.09310	-0.02988	0.06324	0.00863	0.07734	-0.03510	0.01004	0.16842	-0.03875	-0.07177	0.00015	-0.00994	-0.01376	0.00997	0.00415	0.04669	-0.00580	0.00150	0.04557	(And (Agent $e0 $x0) (Member $x0 man) (Past $e0))
p205996	-0.00445	-0.00844	0.00989	0.00709	-0.00975	0.00016	-0.01329	-0.00235	-0.00492	-0.00978	-0.00969	0.00589	0.01192	0.01670	-0.00427	0.00085	-0.00209	-0.00005	-0.00779	0.00789	-0.02153	-0.00953	0.00238	0.01215	0.00472	0.01028	-0.00775	0.00337	0.00575	-0.00171	-0.00446	0.01073	(And (Agent $e0 $x0) (Member $x0 plane) (Past $e0))
p205997	-0.01568	-0.00922	0.01367	-0.02377	0.00081	-0.01691	-0.00846	0.00455	0.00389	0.00172	0.01518	-0.00738	-0.02581	-0.00685	-0.00887	-0.02113	-0.01380	0.02698	0.00559	-0.00493	0.00852	-0.00852	-0.01343	0.04418	-0.00364	-0.03780	0.00403	0.00575	-0.00633	0.01414	0.00433	-0.00731	(And (Agent $e0 $x0) (Member $x1 door) (Patient $e0 $x1))
p205998	0.05112	0.05870	-0.02604	-0.00298	0.01592	0.05180	0.02930	0.06918	-0.00933	-0.08881	-0.05851	0.07428	0.03646	-0.08912	-0.02602	0.00822	-0.02814	0.05406	-0.04956	-0.05669	-0.03822	0.04435	0.05571	0.01806	-0.02448	-0.03515	-0.05999	0.15572	0.02488	-0.02088	0.07634	-0.06404	(And (Agent $e0 $x0) (Member $x1 thing) (Theme $e0 $x1))
p205999	0.00737	0.00903	0.01542	-0.02543	-0.01412	0.02052	0.01184	-0.01283	0.00459	0.01985	0.00260	-0.01745	0.00389	-0.00706	0.00864	0.01698	-0.02184	-0.00450	-0.02029	-0.00522	0.00457	-0.00454	-0.02211	-0.00217	-0.00112	-0.00185	0.02625	-0.00358	-0.01350	-0.00643	-0.00479	-0.00579	(And (Agent $e0 $x0) (PartOf $x1 $x2) (Theme $e0 $x1))
p206000	0.00598	-0.01661	-0.00146	-0.00570	-0.01135	0.01405	0.00778	0.01694	0.00121	0.01051	0.01397	0.00028	0.00669	-0.00666	-0.02139	-0.00665	0.00505	0.00647	0.02510	0.01128	-0.01145	-0.00491	0.01048	-0.00760	0.01241	0.01442	-0.01819	-0.02241	0.00409	-0.02203	-0.00497	0.00105	(And (Agent $e0 $x0) (Past $e1) (Stimulus $e1 $e0))
p206002	0.00941	0.02195	-0.01761	0.03242	0.05525	-0.00031	0.01037	-0.02611	-0.00015	-0.00423	0.01915	0.00439	0.01685	0.03135	-0.01229	0.03146	-0.00702	0.02333	0.00908	0.01777	-0.00668	0.00969	-0.03297	0.00471	0.02403	0.02107	0.04147	-0.01669	-0.01012	0.01538	-0.00049	-0.00947	(And (Agent $e0 $x0) (Possession $x1 $x2) (Theme $e0 $x1))
p206004	0.14106	0.11648	-0.04628	-0.01807	0.04030	0.13965	0.03890	0.12753	-0.02246	-0.17762	-0.10131	0.18040	0.09329	-0.18996	-0.04696	0.00138	-0.05706	0.11971	-0.09813	-0.06162	-0.08715	0.11601	0.12093	0.06917	-0.04816	-0.08768	-0.15011	0.31967	0.05001	-0.03409	0.14980	-0.13623	(And (Agent $e0 $x0) (Theme $e1 $x1) (To $e0 $e1))
p206006	-0.00607	-0.01936	0.01503	-0.00742	0.00090	-0.00181	0.00819	-0.00802	-0.01368	0.01454	-0.00845	0.00188	0.01836	-0.01051	-0.00462	-0.00734	-0.00097	0.00117	0.00954	0.02506	0.00244	0.00426	0.00038	-0.00709	-0.02021	0.00798	0.00217	-0.00657	0.01238	-0.00157	0.00192	-0.01429	(And (Because $e0 $e1) (Past $e0) (Past $e1))
p206007	0.04742	0.04514	-0.02906	0.03197	0.00831	-0.01444	0.00606	-0.01444	-0.03318	-0.01506	0.04002	-0.02912	0.03574	-0.07896	0.16491	0.01188	-0.02373	-0.02640	0.04640	0.03485	-0.04793	-0.00062	0.07900	0.04809	0.03608	0.03628	-0.04473	-0.03645	-0.03599	0.04733	0.00969	0.04358	(And (Before $e0 $e1) (Measure $e0 duration <num> year) (Past $e1))
p206008	0.02384	0.04739	-0.05243	0.00132	-0.03613	0.02311	-0.00891	0.00047	-0.02424	-0.06890	0.02278	-0.03415	0.05336	-0.05247	0.10292	-0.01186	0.07320	-0.00768	-0.00628	0.02157	-0.04321	0.02623	0.08278	-0.00579	0.03476	0.01735	-0.04133	-0.03581	-0.04776	0.02567	0.00399	0.06899	(And (Before $e0 $e1) (Past $e1) (Patient $e0 $x0))
p206009	-0.00096	0.01693	0.02323	-0.01588	-0.00603	-0.01376	0.00133	-0.01695	0.05145	-0.02453	-0.01412	-0.02970	0.00630	0.04748	-0.03520	0.02145	0.01239	-0.01506	0.03043	0.01403	0.02954	-0.03969	0.03751	-0.00596	-0.00928	0.02296	-0.02149	0.05192	0.02564	0.00920	-0.00749	-0.01488	(And (Cardinality $x0 <num>) (Holder $e0 $x1) (Theme $e0 $x0))
p206010	0.05210	-0.02859	0.01522	-0.06117	0.04425	0.06513	0.04968	0.03231	-0.02072	-0.06858	0.00632	0.05533	-0.01113	0.04138	0.05382	-0.06370	0.07387	0.02009	-0.00360	-0.03149	0.07241	-0.03368	0.08415	-0.11073	0.00968	-0.01713	0.11738	-0.12266	0.04458	0.05012	0.00289	0.03435	(And (Cardinality $x0 <num>) (Location $e0 $x1) (Patient $e0 $x0))
p206011	-0.02777	-0.00489	0.00512	-0.01530	-0.01482	0.00047	0.00384	-0.01484	0.00242	0.00130	-0.00554	-0.01309	-0.00304	0.00078	-0.00821	-0.00039	-0.01107	-0.00699	0.00381	-0.01640	-0.00410	-0.00364	-0.00559	-0.01229	-0.00962	-0.01150	0.00634	-0.01553	0.02858	-0.01317	-0.00919	-0.01371	(And (During $e0 $e1) (Past $e0) (Past $e1))
p206013	-0.02967	0.00881	0.14357	0.07607	-0.08833	-0.04223	-0.07277	-0.12598	0.05563	0.06476	-0.06556	0.10273	-0.05815	-0.08330	0.15762	0.18432	-0.14097	0.06115	0.02419	0.00118	-0.01840	-0.05637	0.18814	0.03118	0.08080	-0.00047	0.15344	-0.16696	0.13474	-0.05277	0.06088	-0.07356	(And (Experiencer $e0 $x0) (Member $e1 get) (Result $e1 $e0))
p206015	-0.03422	0.00005	0.00843	-0.04331	-0.00634	-0.01538	-0.02638	0.01118	0.01999	0.01308	0.00027	0.00359	-0.02047	-0.00455	-0.02969	-0.00697	-0.01280	0.03257	0.01002	-0.00728	-0.00329	0.00642	-0.00048	0.02047	0.01239	-0.03108	0.01220	-0.01032	-0.00268	0.01407	0.01481	0.00142	(And (Experiencer $e0 $x0) (Member $e1 leave) (Result $e1 $e0))
p206017	-0.06167	-0.00716	0.02034	-0.06399	-0.00733	-0.01403	-0.02151	-0.01247	0.03870	0.02269	-0.03135	0.01010	-0.02281	0.01753	-0.04498	0.03464	-0.03089	0.05967	0.00264	-0.00369	-0.02521	0.01772	0.00610	-0.01772	0.03917	-0.01632	0.01498	-0.02293	0.00158	0.01071	0.02018	0.00279	(And (Experiencer $e0 $x0) (Member $e1 turn) (Result $e1 $e0))
p206018	0.02113	0.01529	-0.01168	0.00667	0.01897	-0.00795	0.00887	-0.00521	-0.03361	0.01650	0.00196	-0.00204	0.02381	-0.03983	0.05413	-0.00448	-0.01509	-0.00066	0.04030	0.03891	-0.01078	0.00687	0.01808	0.01364	-0.00107	0.02596	-0.01462	-0.02114	-0.01486	0.02421	0.00484	0.01135	(And (Experiencer $e0 $x0) (Member $x0 person) (Past $e0))
p206020	-0.02967	0.00881	0.14357	0.07607	-0.08833	-0.04223	-0.07277	-0.12598	0.05563	0.06476	-0.06556	0.10273	-0.05815	-0.08330	0.15762	0.18432	-0.14097	0.06115	0.02419	0.00118	-0.01840	-0.05637	0.18814	0.03118	0.08080	-0.00047	0.15344	-0.16696	0.13474	-0.05277	0.06088	-0.07356	(And (Experiencer $e0 $x0) (Ongoing $e1) (Result $e1 $e0))
p206021	0.00709	0.02963	-0.02711	0.00787	-0.03265	-0.00633	-0.01711	0.02073	-0.05347	-0.03368	-0.01076	-0.01529	0.03088	-0.01570	0.02492	0.02734	0.06928	0.02237	-0.00095	0.03672	-0.00623	0.02646	0.02710	-0.00735	-0.00309	0.00619	-0.02955	-0.03588	-0.04567	0.00715	0.01284	0.02009	(And (Experiencer $e0 $x0) (Past $e1) (Theme $e1 $e0))
p206022	0.06138	-0.05914	-0.05944	0.08049	-0.07509	-0.02172	0.04016	-0.09418	-0.06206	0.16230	-0.00680	-0.02136	-0.02453	0.01717	-0.08996	-0.04224	0.11402	0.05666	-0.05802	0.01189	-0.05998	0.03851	0.08989	0.01096	0.09709	0.05049	0.11586	0.14559	0.00605	0.00134	-0.02172	-0.03740	(And (For $e0 $e1) (Member $e0 win) (Member $e1 portray))
p206023	0.06138	-0.05914	-0.05944	0.08049	-0.07509	-0.02172	0.04016	-0.09418	-0.06206	0.16230	-0.00680	-0.02136	-0.02453	0.01717	-0.08996	-0.04224	0.11402	0.05666	-0.05802	0.01189	-0.05998	0.03851	0.08989	0.01096	0.09709	0.05049	0.11586	0.14559	0.00605	0.00134	-0.02172	-0.03740	(And (For $e0 $e1) (Member $e1 portray) (Past $e0))
p206024	0.06138	-0.05914	-0.05944	0.08049	-0.07509	-0.02172	0.04016	-0.09418	-0.06206	0.16230	-0.00680	-0.02136	-0.02453	0.01717	-0.08996	-0.04224	0.11402	0.05666	-0.05802	0.01189	-0.05998	0.03851	0.08989	0.01096	0.09709	0.05049	0.11586	0.14559	0.00605	0.00134	-0.02172	-0.03740	(And (For $e0 $e1) (Member $e1 portray) (Theme $e0 $x0))
p206028	-0.08996	-0.15269	0.12652	0.08368	0.10464	0.10639	-0.10253	0.11022	-0.06089	-0.13461	0.07173	-0.06264	-0.10780	-0.01860	-0.09411	0.04757	-0.05590	-0.09003	0.09246	0.13875	-0.10497	0.08214	0.11170	-0.04444	-0.06619	-0.11719	0.06750	0.15158	-0.13881	-0.05581	-0.03602	0.14018	(And (GroupOf $x0 view) (Theme $e0 $x0) (Theme $e0 $x1))
p206032	0.00863	0.01412	0.02260	0.00588	-0.01004	0.02389	-0.00486	0.01960	0.00096	0.00757	-0.00632	-0.00785	-0.00678	-0.00060	0.00050	0.00340	-0.01257	-0.00409	-0.01139	0.01162	-0.00162	-0.00398	-0.01408	0.00879	0.02103	-0.00058	-0.00982	0.00715	0.00449	0.00363	0.00115	-0.00824	(And (Location $e0 $x0) (Member $e0 live) (Member $x0 house))
p206033	0.02376	0.00568	0.02217	-0.00965	-0.02769	-0.02400	-0.01239	0.09376	-0.03524	0.03155	-0.01775	0.01120	-0.02205	-0.05925	-0.01852	0.02970	-0.00348	0.00537	0.01528	-0.00582	0.03354	0.00284	0.00047	0.00906	0.04845	0.02334	-0.03709	-0.03695	-0.03904	-0.00001	-0.01526	-0.00490	(And (Location $e0 $x0) (Member $e0 sleep) (Member $x0 couch))
p206034	0.00265	0.00963	0.04189	0.01186	-0.00901	0.00903	-0.00489	0.00880	-0.01119	0.01186	-0.01112	0.01883	-0.00460	0.01123	-0.00730	-0.00323	-0.01363	-0.00539	-0.01693	0.01770	-0.00858	0.01368	-0.00623	0.01700	0.02422	0.01359	-0.01703	-0.00630	0.01344	-0.00383	-0.00715	0.01102	(And (Location $e0 $x0) (Member $x0 bench) (Past $e0))
p206035	-0.13886	-0.05522	-0.02943	-0.09413	0.21359	-0.00387	-0.04114	-0.15392	-0.00683	0.18033	-0.04410	0.06234	0.11385	-0.31196	0.12590	-0.03857	-0.03485	-0.07540	-0.00750	-0.03342	0.15231	-0.14060	-0.24984	-0.03544	0.04698	-0.02735	-0.13196	0.29178	0.07121	-0.00875	-0.07362	0.10388	(And (Location $e0 $x0) (Past $e1) (Theme $e1 $e0))
p206037	-0.06194	-0.01501	-0.02032	0.02859	0.04058	0.02012	-0.05337	0.04533	0.03643	0.05696	-0.03126	-0.02312	0.00650	0.04078	0.05490	-0.03275	-0.02184	0.01791	-0.04572	-0.01622	0.07270	0.06120	0.05337	0.01097	-0.02125	0.09703	-0.03542	-0.07560	-0.04265	-0.05913	-0.02050	-0.04566	(And (Location $e0 eskisehir) (Member $x0 hotel) (Patient $e0 $x0))
p206038	-0.08576	0.04302	-0.05375	-0.05353	0.00475	-0.01777	-0.02369	-0.00753	0.03284	-0.01777	0.04395	-0.04393	0.02110	0.02590	-0.05280	-0.01977	0.06003	0.03421	-0.07108	0.01275	-0.01867	0.02199	0.00543	-0.03016	0.05397	-0.05088	-0.04065	-0.00847	-0.02611	-0.00170	0.01770	0.07060	(And (Member $e0 bad) (Past $e1) (Result $e1 $e0))
p206039	0.02671	-0.00852	-0.00757	-0.00887	-0.00960	0.01149	0.01086	0.02554	0.01553	0.00912	-0.01002	0.00750	0.01222	-0.03003	-0.01924	0.00572	-0.00372	-0.00794	0.03906	-0.03089	0.01926	0.01537	0.01936	-0.02245	0.01841	0.00531	0.01360	-0.01742	-0.01487	0.01203	0.00010	-0.00709	(And (Member $e0 bear) (Member $x0 person) (Patient $e0 $x0))
p206040	-0.07558	-0.01408	-0.04165	-0.06249	0.15041	0.02543	-0.12168	-0.27355	-0.06201	0.11906	-0.08239	0.05412	0.06963	-0.15852	0.12257	-0.00159	-0.02634	-0.16856	-0.02932	-0.05175	0.15462	-0.07413	-0.17921	0.02824	0.05719	-0.08249	-0.06280	0.19827	0.04615	-0.04710	-0.05823	0.08953	(And (Member $e0 begin) (Patient $e1 $x0) (Theme $e0 $e1))
p206042	0.00822	-0.00355	0.01555	0.07000	-0.04482	-0.02546	-0.02339	0.05734	-0.06394	0.01200	0.03278	-0.01415	0.04814	-0.05109	-0.07750	0.11805	0.08348	0.04722	-0.05626	0.05768	0.17378	-0.00502	-0.02165	-0.03345	-0.03203	-0.04774	-0.01340	-0.07343	-0.00183	-0.00299	0.02785	-0.05610	(And (Member $e0 stop) (Past $e1) (Theme $e0 $e1))
p206043	-0.08579	0.04298	-0.05377	-0.05357	0.00472	-0.01780	-0.02372	-0.00756	0.03280	-0.01780	0.04392	-0.04397	0.02107	0.02588	-0.05283	-0.01980	0.06000	0.03418	-0.07111	0.01272	-0.01869	0.02196	0.00541	-0.03019	0.05394	-0.05092	-0.04068	-0.00849	-0.02614	-0.00174	0.01767	0.07058	(And (Member $x0 bad) (Past $e0) (Patient $e0 $x0))
p206044	0.01860	0.00069	0.00549	0.02220	-0.01336	-0.00624	0.00295	-0.02110	-0.01720	-0.02892	0.00901	-0.00811	0.01678	-0.02292	0.02294	-0.01078	0.00153	0.01686	0.01817	-0.00912	-0.00379	-0.00650	0.03140	0.02677	0.01073	0.00318	-0.01233	-0.00012	-0.02662	-0.01275	0.00607	0.00833	(And (Member $x0 fire) (Past $e0) (Patient $e0 $x0))
p206045	0.00756	0.01103	0.00868	-0.01633	-0.00544	0.01955	-0.00677	-0.00177	-0.00767	0.01140	-0.00099	-0.02578	-0.01909	-0.00075	0.00789	-0.00437	-0.01044	0.00493	-0.00744	-0.01321	0.00078	-0.00397	-0.02028	-0.01308	-0.00650	-0.00373	0.00315	-0.00509	0.01622	-0.00265	-0.00665	-0.00262	(And (Member $x0 house) (Past $e0) (Theme $e0 $x0))
p206046	0.00164	0.00270	0.00234	-0.00886	-0.00762	-0.00244	-0.01454	0.01281	-0.00178	-0.00860	-0.00860	-0.01156	-0.01554	0.00386	0.00836	0.00082	-0.00609	-0.00413	-0.00808	-0.01577	-0.00996	0.00121	-0.01058	0.00106	0.00449	0.00254	0.00436	0.00147	0.01337	-0.00059	-0.01066	-0.00407	(And (Member $x0 picture) (Past $e0) (Theme $e0 $x0))
p206047	0.00192	-0.00667	-0.00180	-0.02060	-0.00743	-0.00819	-0.00175	0.00443	-0.00001	0.00094	-0.01165	-0.02568	-0.01377	0.00911	0.00512	0.00150	-0.00395	-0.01223	-0.01170	-0.02006	-0.00524	-0.00326	-0.00822	-0.02189	-0.00945	-0.00898	0.00568	-0.00755	0.01543	-0.00986	-0.01164	-0.00492	(And (Member $x0 song) (Past $e0) (Theme $e0 $x0))
p206048	-0.04107	0.01543	-0.01742	0.02877	-0.01453	0.00892	0.02522	-0.00112	0.00235	-0.00894	-0.00594	0.00548	0.00350	0.01077	-0.01920	-0.00170	0.01279	-0.01697	0.00871	-0.01353	-0.01156	-0.01305	0.01376	-0.00650	-0.00668	-0.00384	0.00015	-0.01367	0.01695	0.01098	-0.00981	-0.00601	(And (Member $x0 thing) (Obligated $e0) (Patient $e0 $x0))
p206049	0.02232	0.01104	-0.01025	0.02920	-0.00138	-0.03044	0.02349	0.03316	-0.01575	-0.00741	0.00001	-0.03189	-0.03049	0.01054	0.05215	0.03071	0.02468	0.02498	-0.00545	0.03375	-0.00573	-0.01642	-0.03276	-0.02076	-0.01491	-0.02365	-0.04124	0.00442	-0.00313	-0.02976	-0.00807	-0.00723	(And (Ongoing $e0) (Patient $e1 $x0) (Theme $e0 $e1))
p206052	0.00293	-0.00522	0.00869	-0.01175	-0.03214	0.05674	-0.01353	-0.01668	0.02048	-0.01948	0.00780	0.03216	-0.04429	0.09643	-0.00408	0.04436	0.02349	-0.00489	0.05097	-0.04359	-0.03835	0.06958	-0.01793	0.04858	-0.00071	0.02090	0.01578	0.00945	-0.00118	0.04177	0.03094	-0.01029	(And (Past $e0) (Recipient $e1 $x0) (Theme $e0 $e1))
p206053	0.00585	-0.00047	-0.00031	0.00120	-0.01760	-0.01749	-0.00108	0.02462	-0.03383	0.00377	0.00955	0.00681	0.00253	-0.02533	-0.02283	0.03588	0.03122	0.01310	-0.01308	0.01192	0.07326	0.01505	-0.00871	-0.00649	-0.01555	-0.01262	0.00342	-0.04474	-0.01532	-0.00047	-0.00496	-0.01861	(And (Past $e0) (Theme $e0 $e1) (Theme $e1 $x0))
p206054	-0.04471	-0.07608	0.06353	0.04210	0.05259	0.05346	-0.05101	0.05538	-0.03017	-0.06700	0.03613	-0.03105	-0.05362	-0.00906	-0.04677	0.02406	-0.02769	-0.04474	0.04651	0.06965	-0.05220	0.04135	0.05611	-0.02194	-0.03286	-0.05830	0.03400	0.07607	-0.06911	-0.02763	-0.01772	0.07032	(And (Possession $x0 free_soil_party) (Theme $e0 $x0) (Theme $e0 $x1))
p206055	-0.04471	-0.07608	0.06353	0.04210	0.05259	0.05346	-0.05101	0.05538	-0.03017	-0.06700	0.03613	-0.03105	-0.05362	-0.00906	-0.04677	0.02406	-0.02769	-0.04474	0.04651	0.06965	-0.05220	0.04135	0.05611	-0.02194	-0.03286	-0.05830	0.03400	0.07607	-0.06911	-0.02763	-0.01772	0.07032	(And (Possession $x0 republican_party) (Theme $e0 $x0) (Theme $e0 $x1))
p206419	-0.00617	-0.00103	-0.00229	-0.00450	-0.00123	-0.00231	-0.00881	-0.00028	0.00552	-0.00070	-0.00922	0.00194	-0.00684	0.00182	-0.00249	0.00396	-0.00265	0.00395	0.00055	0.00288	-0.00447	0.00014	0.00167	0.00019	0.00259	-0.00413	0.00544	-0.00372	0.00484	0.00236	0.00078	-0.00044	(And (Inheritance living_room room) (Member $x0 living_room))
p206538	0.00090	-0.00263	-0.00270	-0.00111	0.00149	-0.00166	-0.00322	0.00152	0.00209	-0.00189	0.00048	0.00021	-0.00103	-0.00159	0.00259	-0.00059	-0.00085	-0.00110	-0.00195	-0.00304	-0.00027	-0.00045	0.00028	-0.00105	0.00020	-0.00023	0.00110	0.00363	-0.00109	0.00134	0.00200	0.00011	(And (Inheritance metropolitan_statistical_area area) (Inheritance metropolitan_statistical_area metropolitan))
p206589	0.00028	-0.00636	-0.00301	-0.00842	-0.00038	-0.00034	0.00624	-0.00557	0.00273	0.00167	0.00489	0.00160	0.00346	-0.00062	0.00201	0.00829	-0.00364	-0.00418	-0.00735	0.00555	-0.00392	0.00191	-0.00169	0.00358	0.00100	-0.00070	0.00803	-0.00625	-0.00481	-0.00066	-0.00876	-0.00494	(Inheritance border_section section)
p206590	-0.00040	-0.00375	0.01065	0.01317	0.01411	-0.00397	-0.00927	-0.01462	-0.01177	-0.01027	-0.00332	0.00880	0.00544	0.01246	-0.00485	-0.00496	-0.00505	0.00982	-0.00283	0.00529	-0.00761	-0.00777	-0.00730	0.01988	0.01229	0.00194	-0.00458	0.00842	-0.00277	0.00315	-0.00272	0.00340	(Inheritance dung_beetle beetle)
p206591	-0.00615	-0.00101	-0.00227	-0.00448	-0.00121	-0.00229	-0.00879	-0.00027	0.00554	-0.00069	-0.00919	0.00196	-0.00682	0.00182	-0.00247	0.00398	-0.00263	0.00397	0.00057	0.00291	-0.00446	0.00017	0.00169	0.00021	0.00261	-0.00410	0.00546	-0.00370	0.00486	0.00239	0.00080	-0.00043	(Inheritance living_room room)
p206592	0.00081	-0.00272	-0.00278	-0.00119	0.00140	-0.00174	-0.00330	0.00143	0.00200	-0.00200	0.00039	0.00012	-0.00111	-0.00166	0.00249	-0.00068	-0.00093	-0.00119	-0.00204	-0.00313	-0.00036	-0.00054	0.00019	-0.00114	0.00013	-0.00032	0.00103	0.00354	-0.00119	0.00125	0.00190	0.00003	(Inheritance metropolitan_statistical_area metropolitan)
p206645	0.01290	0.02373	0.01406	0.02147	-0.00216	-0.02042	0.03924	-0.02455	0.02553	0.00144	-0.02532	0.02378	-0.04564	-0.00519	-0.00806	-0.01680	-0.01073	-0.00349	-0.00379	0.00292	0.04726	0.04748	-0.00224	0.03403	-0.00493	0.02257	-0.00276	0.00077	-0.00044	-0.01454	0.00880	0.09325	(And (Agent $e0 $x0) (Goal $e0 $x1) (Member $e0 come) (Past $e0))
p206646	-0.13886	-0.05522	-0.02943	-0.09413	0.21359	-0.00387	-0.04114	-0.15392	-0.00683	0.18033	-0.04410	0.06234	0.11385	-0.31196	0.12590	-0.03857	-0.03485	-0.07540	-0.00750	-0.03342	0.15231	-0.14060	-0.24984	-0.03544	0.04698	-0.02735	-0.13196	0.29178	0.07121	-0.00875	-0.07362	0.10388	(And (Agent $e0 $x0) (Location $e0 $x1) (Ongoing $e0) (Patient $e0 $x2))
p206647	-0.13886	-0.05522	-0.02943	-0.09413	0.21359	-0.00387	-0.04114	-0.15392	-0.00683	0.18033	-0.04410	0.06234	0.11385	-0.31196	0.12590	-0.03857	-0.03485	-0.07540	-0.00750	-0.03342	0.15231	-0.14060	-0.24984	-0.03544	0.04698	-0.02735	-0.13196	0.29178	0.07121	-0.00875	-0.07362	0.10388	(And (Agent $e0 $x0) (Location $e0 $x1) (Patient $e0 $x2) (Theme $e1 $e0))
p206648	-0.06194	-0.01501	-0.02032	0.02859	0.04058	0.02012	-0.05337	0.04533	0.03643	0.05696	-0.03126	-0.02312	0.00650	0.04078	0.05490	-0.03275	-0.02184	0.01791	-0.04572	-0.01622	0.07270	0.06120	0.05337	0.01097	-0.02125	0.09703	-0.03542	-0.07560	-0.04266	-0.05913	-0.02050	-0.04566	(And (Agent $e0 $x0) (Location $e0 eskisehir) (Member $e0 build) (Past $e0))
p206649	-0.06194	-0.01501	-0.02032	0.02859	0.04058	0.02012	-0.05337	0.04533	0.03643	0.05696	-0.03126	-0.02312	0.00650	0.04078	0.05490	-0.03275	-0.02184	0.01791	-0.04572	-0.01622	0.07270	0.06120	0.05337	0.01097	-0.02125	0.09703	-0.03542	-0.07560	-0.04266	-0.05913	-0.02050	-0.04566	(And (Agent $e0 $x0) (Location $e0 eskisehir) (Member $e0 build) (Patient $e0 $x1))
p206650	-0.06194	-0.01501	-0.02032	0.02859	0.04058	0.02012	-0.05337	0.04533	0.03643	0.05696	-0.03126	-0.02312	0.00650	0.04078	0.05490	-0.03275	-0.02184	0.01791	-0.04572	-0.01622	0.07270	0.06120	0.05337	0.01097	-0.02125	0.09703	-0.03542	-0.07560	-0.04266	-0.05913	-0.02050	-0.04566	(And (Agent $e0 $x0) (Location $e0 eskisehir) (Past $e0) (Patient $e0 $x1))
p206651	0.05641	-0.02927	0.00526	-0.05113	0.06450	0.06336	0.05239	0.01268	-0.03708	-0.07284	0.02342	0.05267	-0.01849	0.04659	0.05430	-0.06918	0.06520	0.04762	0.00672	-0.02980	0.08665	-0.03912	0.08042	-0.10238	0.00729	-0.02400	0.11317	-0.12043	0.04035	0.05797	0.01038	0.03606	(And (Agent $e0 $x0) (Manner $e0 directly) (Past $e0) (Patient $e0 $x1))
p206652	0.00104	0.00918	-0.01549	-0.00203	-0.01789	0.00035	-0.01770	0.01834	0.01596	-0.01416	-0.02024	-0.01703	0.01373	-0.00996	0.00510	0.01897	-0.01022	0.00389	-0.01264	-0.03061	-0.00286	-0.01414	-0.02659	-0.01537	-0.00824	0.01324	0.03796	0.02020	0.00744	-0.00396	-0.00116	0.00580	(And (Agent $e0 $x0) (Member $e0 capture) (Past $e0) (Theme $e0 $x1))
p206653	0.01421	0.06219	-0.03792	0.04440	0.05939	-0.01920	-0.02815	0.03219	0.02086	0.05852	0.02366	-0.00478	0.02917	0.00597	-0.03142	0.03485	-0.01176	-0.00665	0.06153	-0.01435	-0.00682	-0.02451	-0.01118	0.00236	0.01431	0.01988	0.06365	-0.05051	0.01388	0.04918	0.02757	0.01829	(And (Agent $e0 $x0) (Member $e0 spend) (Past $e0) (Theme $e0 $x1))
p206654	0.01948	-0.00041	0.03183	-0.01783	-0.03046	-0.03078	-0.02836	0.03046	-0.01276	0.03561	0.03902	0.02485	-0.02145	-0.06660	-0.01294	-0.03483	-0.02376	0.01411	0.04372	-0.04385	0.05325	-0.00502	0.03015	0.08293	-0.01741	-0.05481	0.03734	-0.01698	-0.02929	0.02192	0.02374	-0.01779	(And (Agent $e0 $x0) (Member $e0 write) (Past $e0) (Patient $e0 $x1))
p206655	0.01211	0.01652	-0.02764	-0.00054	-0.03207	0.02060	-0.01357	0.01542	0.00410	-0.00930	0.00632	-0.00307	0.03348	-0.01159	-0.02503	-0.01101	0.00906	0.02367	0.02594	-0.04006	0.00404	-0.01223	-0.01344	-0.04116	-0.00715	0.02324	0.02385	0.00171	-0.00792	-0.05554	0.01001	0.02303	(And (Agent $e0 $x0) (Ongoing $e0) (Past $e0) (Theme $e0 $x1))
p206656	-0.13886	-0.05522	-0.02943	-0.09413	0.21359	-0.00387	-0.04114	-0.15392	-0.00683	0.18033	-0.04410	0.06234	0.11385	-0.31196	0.12590	-0.03857	-0.03485	-0.07540	-0.00750	-0.03342	0.15231	-0.14060	-0.24984	-0.03544	0.04698	-0.02735	-0.13196	0.29178	0.07121	-0.00875	-0.07362	0.10387	(And (Agent $e0 $x0) (Ongoing $e0) (Patient $e0 $x1) (Theme $e1 $e0))
p206657	-0.04471	-0.07608	0.06353	0.04210	0.05259	0.05346	-0.05101	0.05538	-0.03017	-0.06700	0.03613	-0.03105	-0.05362	-0.00906	-0.04677	0.02406	-0.02769	-0.04474	0.04651	0.06965	-0.05220	0.04135	0.05611	-0.02194	-0.03286	-0.05830	0.03400	0.07607	-0.06911	-0.02763	-0.01772	0.07032	(And (Agent $e0 $x0) (Past $e0) (Theme $e0 $x1) (Theme $e0 $x2))
p206658	-0.08441	0.10379	-0.16001	-0.04750	-0.06501	-0.07664	0.11657	0.05676	0.03731	-0.15700	0.14569	-0.14472	-0.00589	0.15221	0.16773	-0.11176	-0.08671	-0.14771	-0.03386	0.01953	0.15319	0.05154	-0.22322	0.15368	0.00536	-0.14976	0.22140	0.23443	0.03899	0.03120	0.07697	-0.09559	(And (Experiencer $e0 $x0) (Location $e0 $x1) (Ongoing $e0) (Past $e0))
p206659	-0.13886	-0.05522	-0.02943	-0.09413	0.21359	-0.00387	-0.04114	-0.15392	-0.00683	0.18033	-0.04410	0.06234	0.11385	-0.31196	0.12590	-0.03857	-0.03485	-0.07540	-0.00750	-0.03342	0.15231	-0.14060	-0.24984	-0.03544	0.04698	-0.02735	-0.13196	0.29178	0.07121	-0.00875	-0.07362	0.10388	(And (Location $e0 $x0) (Ongoing $e0) (Patient $e0 $x1) (Theme $e1 $e0))
p206660	-0.06194	-0.01501	-0.02032	0.02859	0.04058	0.02012	-0.05337	0.04533	0.03643	0.05696	-0.03126	-0.02312	0.00650	0.04078	0.05490	-0.03275	-0.02184	0.01791	-0.04572	-0.01622	0.07270	0.06120	0.05337	0.01097	-0.02125	0.09703	-0.03542	-0.07560	-0.04265	-0.05913	-0.02050	-0.04566	(And (Location $e0 eskisehir) (Member $e0 build) (Past $e0) (Patient $e0 $x0))
p206661	-0.02967	0.00881	0.14357	0.07607	-0.08833	-0.04223	-0.07277	-0.12598	0.05563	0.06476	-0.06556	0.10273	-0.05815	-0.08330	0.15762	0.18433	-0.14097	0.06115	0.02420	0.00118	-0.01840	-0.05637	0.18814	0.03118	0.08080	-0.00047	0.15344	-0.16696	0.13474	-0.05277	0.06088	-0.07356	(And (Member $e0 get) (Ongoing $e0) (Patient $e0 $x0) (Result $e0 $e1))
p206792	-0.00129	0.00517	0.00941	-0.01085	0.00656	-0.01132	0.00965	-0.00311	0.00043	0.00567	0.00190	0.02029	0.02592	-0.00619	-0.00561	0.01275	0.01292	-0.01271	-0.02056	0.02681	-0.01187	0.00725	-0.00030	0.00923	-0.00138	0.00485	0.00969	-0.02370	-0.01726	-0.01144	-0.02879	-0.00373	(And (Agent $e0 $x0) (Future $e0) (Theme $e0 $x1))
p206793	0.01290	0.02373	0.01406	0.02147	-0.00216	-0.02042	0.03924	-0.02455	0.02553	0.00144	-0.02532	0.02378	-0.04564	-0.00519	-0.00806	-0.01680	-0.01073	-0.00349	-0.00379	0.00292	0.04726	0.04748	-0.00224	0.03403	-0.00493	0.02257	-0.00276	0.00077	-0.00044	-0.01454	0.00880	0.09325	(And (Agent $e0 $x0) (Goal $e0 $x1) (Member $e0 come))
p206794	0.01046	0.03282	-0.01963	0.00464	-0.01857	0.00417	0.02405	0.00038	0.03346	0.00695	-0.02788	0.01734	-0.02631	-0.01026	-0.00356	-0.00341	-0.01587	-0.01249	-0.00983	-0.00622	0.02380	0.03568	-0.02553	0.00329	-0.00989	0.01075	0.02799	0.00125	0.01365	-0.00650	-0.01853	0.06935	(And (Agent $e0 $x0) (Goal $e0 $x1) (Theme $e0 $x2))
p206795	-0.00436	-0.00033	0.00430	0.01691	-0.02690	0.00251	-0.01787	-0.00016	-0.00103	-0.02589	-0.01143	-0.00814	0.03120	-0.00031	0.00195	0.00208	-0.00157	0.01293	-0.01280	0.00022	-0.02540	-0.01912	0.00064	0.01978	-0.01520	0.01660	-0.00235	0.02325	0.00328	-0.00529	0.00577	0.02056	(And (Agent $e0 $x0) (Goal $e0 home) (Past $e0))
p206796	-0.06194	-0.01501	-0.02032	0.02859	0.04058	0.02012	-0.05337	0.04533	0.03643	0.05696	-0.03126	-0.02312	0.00650	0.04078	0.05490	-0.03275	-0.02184	0.01791	-0.04572	-0.01622	0.07270	0.06120	0.05337	0.01097	-0.02125	0.09703	-0.03542	-0.07560	-0.04266	-0.05913	-0.02050	-0.04566	(And (Agent $e0 $x0) (Location $e0 eskisehir) (Member $e0 build))
p206797	-0.06194	-0.01501	-0.02032	0.02859	0.04058	0.02012	-0.05337	0.04533	0.03643	0.05696	-0.03126	-0.02312	0.00650	0.04078	0.05490	-0.03275	-0.02184	0.01791	-0.04572	-0.01622	0.07270	0.06120	0.05337	0.01097	-0.02125	0.09703	-0.03542	-0.07560	-0.04265	-0.05913	-0.02050	-0.04566	(And (Agent $e0 $x0) (Location $e0 eskisehir) (Past $e0))
p206798	-0.06194	-0.01501	-0.02032	0.02859	0.04058	0.02012	-0.05337	0.04533	0.03643	0.05696	-0.03126	-0.02312	0.00650	0.04078	0.05490	-0.03275	-0.02184	0.01791	-0.04572	-0.01622	0.07270	0.06120	0.05337	0.01097	-0.02125	0.09703	-0.03542	-0.07560	-0.04266	-0.05913	-0.02050	-0.04566	(And (Agent $e0 $x0) (Location $e0 eskisehir) (Patient $e0 $x1))
p206799	0.05641	-0.02927	0.00526	-0.05113	0.06450	0.06336	0.05239	0.01268	-0.03708	-0.07284	0.02342	0.05267	-0.01849	0.04659	0.05430	-0.06918	0.06520	0.04762	0.00672	-0.02980	0.08665	-0.03912	0.08042	-0.10238	0.00729	-0.02400	0.11317	-0.12043	0.04035	0.05797	0.01038	0.03606	(And (Agent $e0 $x0) (Manner $e0 directly) (Past $e0))
p206800	0.05641	-0.02927	0.00526	-0.05113	0.06450	0.06336	0.05239	0.01268	-0.03708	-0.07284	0.02342	0.05267	-0.01849	0.04659	0.05430	-0.06918	0.06520	0.04762	0.00672	-0.02980	0.08665	-0.03912	0.08042	-0.10238	0.00729	-0.02400	0.11317	-0.12043	0.04035	0.05797	0.01038	0.03606	(And (Agent $e0 $x0) (Manner $e0 directly) (Patient $e0 $x1))
p206801	0.00087	0.00902	-0.01563	-0.00220	-0.01805	0.00019	-0.01785	0.01819	0.01580	-0.01432	-0.02040	-0.01720	0.01357	-0.01008	0.00494	0.01881	-0.01036	0.00373	-0.01281	-0.03079	-0.00301	-0.01431	-0.02673	-0.01553	-0.00838	0.01306	0.03783	0.02007	0.00727	-0.00414	-0.00133	0.00568	(And (Agent $e0 $x0) (Member $e0 capture) (Past $e0))
p206802	0.00107	0.00921	-0.01545	-0.00202	-0.01787	0.00038	-0.01767	0.01837	0.01599	-0.01411	-0.02021	-0.01701	0.01376	-0.00991	0.00513	0.01900	-0.01018	0.00392	-0.01260	-0.03059	-0.00283	-0.01411	-0.02655	-0.01533	-0.00821	0.01327	0.03800	0.02025	0.00747	-0.00394	-0.00113	0.00584	(And (Agent $e0 $x0) (Member $e0 capture) (Theme $e0 $x1))
p206803	0.00044	-0.01106	0.01821	0.00476	0.00200	-0.00806	-0.01038	0.00236	-0.01010	-0.01975	-0.00542	0.00821	0.00144	0.01822	-0.00324	-0.00488	-0.00809	0.02299	-0.00666	-0.00970	-0.00732	-0.01394	-0.01805	0.01856	0.00234	-0.00460	0.01831	0.01271	-0.00575	0.00620	-0.00606	-0.00225	(And (Agent $e0 $x0) (Member $e0 cause) (Past $e0))
p206804	-0.09141	-0.03793	-0.03523	-0.06828	0.15890	0.02610	-0.09469	-0.25490	-0.05404	0.14041	-0.06673	0.04427	0.07911	-0.21970	0.08029	-0.02625	-0.04121	-0.12281	-0.02099	-0.04371	0.18075	-0.10330	-0.18095	0.02389	0.06679	-0.06607	-0.07001	0.21482	0.05183	-0.03889	-0.05800	0.08525	(And (Agent $e0 $x0) (Member $e0 create) (Patient $e0 $x1))
p206805	-0.00007	0.00192	0.00921	0.01241	-0.00612	0.01558	-0.02612	0.00843	0.00158	-0.01291	-0.02358	0.01387	0.01702	0.01851	-0.01388	0.00426	-0.00123	-0.00230	-0.00220	0.00546	-0.02587	-0.01102	-0.00803	0.00743	0.01699	0.02260	0.00687	0.00322	0.01696	0.00195	-0.01023	0.00901	(And (Agent $e0 $x0) (Member $e0 draw) (Past $e0))
p206806	0.00443	0.00671	-0.01118	-0.00389	-0.00839	0.00662	-0.01224	0.00613	0.00251	-0.01035	0.00192	-0.01653	0.00480	-0.00070	-0.00147	-0.00115	-0.00196	0.01334	0.00279	-0.02066	-0.00244	-0.00683	-0.01963	-0.01623	-0.00617	0.00971	0.02283	-0.00279	0.01488	-0.01746	-0.00255	0.00557	(And (Agent $e0 $x0) (Member $e0 follow) (Past $e0))
p206807	-0.01860	0.00367	-0.00672	-0.00378	-0.01619	-0.00285	0.00903	-0.00462	-0.00103	-0.00373	-0.01674	-0.00330	0.02237	-0.00800	-0.00252	0.01618	-0.01090	-0.00779	-0.00601	-0.01372	-0.00517	-0.00713	-0.01579	-0.00881	-0.01460	0.00871	0.02866	0.00051	-0.00090	-0.00485	-0.01232	-0.00128	(And (Agent $e0 $x0) (Member $e0 lead) (Theme $e0 $x1))
p206808	-0.00427	-0.01696	-0.00481	0.01322	0.01335	0.00429	0.01018	-0.01891	0.00020	0.00694	0.02773	0.00711	-0.02048	0.01200	-0.03038	-0.02288	0.01684	0.03701	0.01257	0.04308	-0.00439	-0.01373	-0.00473	0.00803	-0.00293	-0.03017	-0.01874	-0.02208	0.03486	-0.04131	-0.01690	-0.01642	(And (Agent $e0 $x0) (Member $e0 make) (Ongoing $e0))
p206809	0.01269	-0.01878	-0.00390	-0.01571	-0.00912	0.02060	0.02030	0.02188	0.00538	0.00375	0.00514	-0.01306	-0.01194	-0.01657	-0.02662	-0.01258	0.01658	0.01211	0.03609	-0.00296	-0.00419	-0.00972	0.01247	-0.02195	0.02439	0.02448	-0.02613	-0.02292	-0.00142	-0.04262	-0.00097	-0.00286	(And (Agent $e0 $x0) (Member $e0 play) (Ongoing $e0))
p206810	0.01421	0.06219	-0.03792	0.04440	0.05939	-0.01920	-0.02815	0.03219	0.02086	0.05852	0.02366	-0.00478	0.02917	0.00597	-0.03142	0.03485	-0.01176	-0.00665	0.06153	-0.01435	-0.00682	-0.02451	-0.01118	0.00236	0.01431	0.01988	0.06365	-0.05051	0.01388	0.04918	0.02757	0.01829	(And (Agent $e0 $x0) (Member $e0 spend) (Past $e0))
p206811	0.01421	0.06219	-0.03792	0.04440	0.05939	-0.01920	-0.02815	0.03219	0.02086	0.05852	0.02366	-0.00478	0.02917	0.00597	-0.03142	0.03485	-0.01176	-0.00665	0.06153	-0.01435	-0.00682	-0.02451	-0.01118	0.00236	0.01431	0.01988	0.06365	-0.05051	0.01388	0.04918	0.02757	0.01829	(And (Agent $e0 $x0) (Member $e0 spend) (Theme $e0 $x1))
p206812	0.01105	0.00190	-0.02524	0.04234	-0.02928	-0.00317	0.03094	0.04654	0.00081	-0.03051	0.00604	-0.03273	-0.04506	-0.04988	-0.03574	0.04057	0.02923	0.04032	-0.00157	0.01331	0.11438	-0.00425	-0.01801	0.00030	0.00288	-0.00541	-0.03083	-0.02850	0.01974	-0.01069	0.01233	0.02620	(And (Agent $e0 $x0) (Member $e0 try) (Past $e0))
p206813	0.01484	-0.00679	-0.03032	0.04801	-0.00906	-0.00768	0.05283	0.06026	0.00328	-0.03541	0.00990	-0.05634	-0.06854	-0.05765	-0.02581	0.06883	0.03046	0.05082	-0.00492	0.03024	0.12120	-0.00869	-0.03015	-0.00260	0.01701	-0.00969	-0.04478	-0.03556	0.02339	0.00297	0.00590	0.00527	(And (Agent $e0 $x0) (Member $e0 try) (Theme $e0 $e1))
p206814	0.00678	0.00651	0.01590	-0.02434	-0.00785	0.01343	0.01677	-0.02220	-0.00596	0.02846	0.01306	0.00378	0.01263	-0.00391	0.00279	0.01428	-0.01585	-0.00487	-0.02264	0.01195	0.00310	0.00633	-0.01410	0.00405	-0.00245	-0.00683	0.02169	-0.01718	-0.02353	-0.00856	-0.01525	-0.00612	(And (Agent $e0 $x0) (Member $e0 use) (Theme $e0 $x1))
p206815	0.01705	0.01843	-0.00705	-0.00179	-0.01750	0.04770	-0.01509	-0.00678	-0.00497	-0.01393	0.01492	0.03535	0.04776	-0.02720	-0.00503	-0.00626	-0.00087	0.01920	0.00063	0.01762	-0.01561	0.01348	0.00335	0.02072	-0.00908	0.00245	0.01062	0.00229	-0.00323	-0.00639	-0.00595	-0.00188	(And (Agent $e0 $x0) (Member $e0 watch) (Theme $e0 $x1))
p206816	-0.00056	0.00452	-0.00764	0.00326	-0.01179	-0.00104	-0.01286	0.00714	0.00853	-0.01252	-0.01148	-0.00937	0.01384	-0.00224	0.00237	0.01165	-0.00588	0.00436	-0.00904	-0.01511	-0.00758	-0.01029	-0.01558	-0.00294	-0.00738	0.01068	0.02325	0.01314	0.00449	-0.00249	-0.00005	0.00711	(And (Agent $e0 $x0) (Member $e0 welcome) (Past $e0))
p206817	0.01948	-0.00041	0.03182	-0.01783	-0.03046	-0.03078	-0.02836	0.03046	-0.01276	0.03561	0.03902	0.02485	-0.02145	-0.06660	-0.01295	-0.03483	-0.02376	0.01411	0.04372	-0.04385	0.05325	-0.00502	0.03015	0.08293	-0.01741	-0.05481	0.03734	-0.01698	-0.02929	0.02192	0.02374	-0.01779	(And (Agent $e0 $x0) (Member $e0 write) (Past $e0))
p206818	0.01948	-0.00041	0.03183	-0.01783	-0.03046	-0.03078	-0.02836	0.03046	-0.01276	0.03561	0.03902	0.02485	-0.02145	-0.06660	-0.01295	-0.03483	-0.02376	0.01411	0.04372	-0.04385	0.05325	-0.00502	0.03015	0.08293	-0.01741	-0.05481	0.03734	-0.01698	-0.02929	0.02192	0.02374	-0.01779	(And (Agent $e0 $x0) (Member $e0 write) (Patient $e0 $x1))
p206819	0.00086	0.00715	0.01077	0.01407	0.00032	-0.01030	0.01067	-0.01699	0.01105	-0.00829	-0.01205	0.00662	-0.00709	0.00598	-0.00625	-0.00979	0.00357	-0.00072	-0.00281	0.00443	0.00498	0.01082	0.00100	0.02283	-0.00692	0.01524	-0.00385	0.00398	0.00092	-0.00890	0.00698	0.04044	(And (Agent $e0 $x0) (Over $e0 $x1) (Past $e0))
p206820	-0.03483	-0.00565	0.00524	-0.03543	-0.00908	-0.01134	-0.02109	0.01478	0.01385	0.02087	0.01380	0.00900	-0.03483	-0.00284	-0.03416	-0.02171	-0.00984	0.03737	0.01502	0.01880	-0.00370	-0.00376	0.00316	0.04612	-0.00416	-0.05062	0.01476	-0.01901	0.01990	0.02235	-0.00001	-0.01637	(And (Agent $e0 $x0) (Patient $e0 $x1) (Result $e0 $e1))
p206821	-0.04471	-0.07608	0.06353	0.04210	0.05259	0.05346	-0.05101	0.05538	-0.03017	-0.06700	0.03613	-0.03105	-0.05362	-0.00906	-0.04677	0.02406	-0.02769	-0.04474	0.04651	0.06965	-0.05221	0.04135	0.05611	-0.02194	-0.03286	-0.05830	0.03400	0.07606	-0.06911	-0.02763	-0.01772	0.07032	(And (Agent $e0 $x0) (Theme $e0 $x1) (Theme $e0 $x2))
p206822	0.14106	0.11648	-0.04628	-0.01807	0.04030	0.13965	0.03890	0.12753	-0.02246	-0.17762	-0.10131	0.18040	0.09329	-0.18996	-0.04696	0.00138	-0.05706	0.11971	-0.09813	-0.06162	-0.08715	0.11601	0.12093	0.06917	-0.04816	-0.08768	-0.15011	0.31967	0.05001	-0.03409	0.14980	-0.13623	(And (Agent $e0 $x0) (Theme $e0 $x1) (To $e1 $e0))
p206823	0.02384	0.04739	-0.05243	0.00132	-0.03613	0.02311	-0.00891	0.00047	-0.02424	-0.06890	0.02278	-0.03415	0.05336	-0.05247	0.10292	-0.01186	0.07320	-0.00768	-0.00628	0.02157	-0.04321	0.02623	0.08278	-0.00579	0.03476	0.01735	-0.04133	-0.03581	-0.04776	0.02567	0.00399	0.06899	(And (Before $e0 $e1) (Past $e0) (Patient $e0 $x0))
p206824	0.03436	0.01905	-0.02909	0.02203	-0.02730	0.00932	0.00709	-0.01575	-0.01175	-0.04314	0.01876	-0.02617	0.03709	-0.04062	0.06058	-0.00048	0.02259	-0.01365	0.02012	0.00238	-0.03449	0.01408	0.07029	0.01047	0.03727	0.02266	-0.03023	-0.01723	-0.03960	-0.00411	0.00127	0.03064	(And (Before $e0 $e1) (Past $e1) (Patient $e1 $x0))
p206825	-0.00162	-0.00781	0.00003	-0.00397	0.01910	-0.00594	0.01034	-0.00682	-0.02433	0.01327	-0.01791	0.00688	0.01333	-0.00563	-0.00219	-0.00754	-0.00797	0.00909	0.02252	0.03075	0.00297	0.00582	-0.01319	-0.00199	-0.01632	0.01488	0.00328	-0.00379	-0.00098	0.00784	-0.00046	-0.00913	(And (Experiencer $e0 $x0) (In $e0 $x1) (Past $e0))
p206826	0.00557	-0.00795	-0.00894	-0.00246	-0.02030	-0.01177	0.00850	0.03036	-0.02733	0.00335	-0.02784	-0.00531	-0.00935	-0.02451	-0.01944	0.03131	0.02722	0.00745	0.00706	0.02381	0.05275	0.00494	-0.01079	-0.00602	-0.01669	0.00449	0.00611	-0.03631	-0.01118	0.00121	-0.01157	-0.01682	(And (Experiencer $e0 $x0) (Member $e0 need) (Theme $e0 $e1))
p206827	0.01983	0.01246	0.00219	0.00782	-0.00673	-0.01496	0.03799	-0.01345	0.01988	0.01229	-0.02219	0.01940	-0.03851	-0.00491	-0.00419	-0.00201	-0.02310	-0.00968	-0.00033	-0.00869	0.03704	0.05092	-0.00398	0.00905	0.00765	0.00940	-0.00134	-0.00139	-0.01081	-0.00829	-0.00172	0.06528	(And (Goal $e0 $x0) (Manner $e0 quickly) (Past $e0))
p206828	0.01290	0.02373	0.01406	0.02147	-0.00216	-0.02042	0.03924	-0.02455	0.02553	0.00144	-0.02532	0.02378	-0.04564	-0.00519	-0.00806	-0.01680	-0.01073	-0.00349	-0.00379	0.00292	0.04726	0.04748	-0.00224	0.03403	-0.00493	0.02257	-0.00276	0.00077	-0.00044	-0.01454	0.00880	0.09325	(And (Goal $e0 $x0) (Member $e0 come) (Past $e0))
p206829	-0.01087	0.11922	-0.11054	0.04057	-0.08449	0.24422	-0.04978	0.10173	0.08131	0.11581	-0.00348	0.06472	0.04861	0.06751	-0.13388	-0.07501	0.05208	-0.05885	0.05877	0.12764	-0.02620	0.00028	-0.05980	-0.02113	-0.09291	-0.07498	0.06704	-0.09168	0.17694	0.08493	-0.08611	-0.02205	(And (Instrument $e0 $x0) (Member $e0 build) (Patient $e0 $x1))
p206830	-0.00390	-0.00218	-0.00056	0.00695	-0.00532	-0.01033	0.00818	0.02764	0.01428	-0.01205	0.02622	0.00608	0.01450	-0.00665	-0.01024	-0.01008	-0.00697	-0.00323	0.01190	-0.00261	0.01189	0.00456	-0.01096	0.00155	0.03795	0.00591	-0.00263	0.00990	0.00115	-0.03088	0.00512	-0.00452	(And (Location $e0 $x0) (Member $e0 walk) (Ongoing $e0))
p206831	-0.00644	0.00472	0.00533	0.02002	-0.00341	-0.01952	-0.00311	0.01701	0.01402	-0.01513	0.02402	0.01413	0.01620	0.00684	0.00030	-0.00696	-0.00889	-0.00820	-0.00159	0.00904	0.00637	0.00839	-0.01396	0.01256	0.02887	-0.00944	0.00259	0.01248	0.01311	-0.02863	0.00151	-0.00920	(And (Location $e0 $x0) (Member $e0 walk) (Past $e0))
p206832	-0.13886	-0.05522	-0.02943	-0.09413	0.21359	-0.00387	-0.04114	-0.15392	-0.00683	0.18033	-0.04410	0.06234	0.11385	-0.31196	0.12590	-0.03857	-0.03485	-0.07540	-0.00750	-0.03342	0.15231	-0.14060	-0.24984	-0.03544	0.04698	-0.02735	-0.13196	0.29178	0.07121	-0.00875	-0.07362	0.10387	(And (Location $e0 $x0) (Patient $e0 $x1) (Theme $e1 $e0))
p206833	-0.06194	-0.01501	-0.02032	0.02859	0.04058	0.02012	-0.05337	0.04533	0.03643	0.05696	-0.03126	-0.02312	0.00650	0.04078	0.05490	-0.03275	-0.02184	0.01791	-0.04572	-0.01622	0.07270	0.06120	0.05337	0.01097	-0.02125	0.09703	-0.03542	-0.07560	-0.04266	-0.05913	-0.02050	-0.04566	(And (Location $e0 eskisehir) (Member $e0 build) (Past $e0))
p206834	-0.06194	-0.01501	-0.02032	0.02859	0.04058	0.02012	-0.05337	0.04533	0.03643	0.05696	-0.03126	-0.02312	0.00650	0.04078	0.05490	-0.03275	-0.02184	0.01791	-0.04572	-0.01622	0.07270	0.06120	0.05337	0.01097	-0.02125	0.09703	-0.03542	-0.07560	-0.04266	-0.05913	-0.02050	-0.04566	(And (Location $e0 eskisehir) (Member $e0 build) (Patient $e0 $x0))
p206835	-0.06194	-0.01501	-0.02032	0.02859	0.04058	0.02012	-0.05337	0.04533	0.03643	0.05696	-0.03126	-0.02312	0.00650	0.04078	0.05490	-0.03275	-0.02184	0.01791	-0.04572	-0.01622	0.07270	0.06120	0.05337	0.01097	-0.02125	0.09703	-0.03542	-0.07560	-0.04266	-0.05913	-0.02050	-0.04566	(And (Location $e0 eskisehir) (Past $e0) (Patient $e0 $x0))
p206836	0.05641	-0.02927	0.00526	-0.05113	0.06450	0.06336	0.05239	0.01268	-0.03708	-0.07284	0.02342	0.05267	-0.01849	0.04659	0.05430	-0.06918	0.06520	0.04762	0.00672	-0.02980	0.08665	-0.03912	0.08042	-0.10238	0.00729	-0.02400	0.11317	-0.12043	0.04035	0.05797	0.01038	0.03606	(And (Manner $e0 directly) (Past $e0) (Patient $e0 $x0))
p206837	-0.02574	0.01830	-0.01184	0.01193	-0.01857	0.00275	0.02682	-0.00279	0.01181	-0.00408	-0.01937	-0.00512	-0.01935	-0.00158	-0.00960	-0.00507	-0.00306	-0.01834	0.00532	-0.02860	0.00108	0.00800	-0.00407	-0.00813	-0.00743	0.00309	0.00348	-0.00765	0.02226	0.00196	-0.01792	0.01997	(And (Member $e0 add) (Past $e0) (Theme $e0 $x0))
p206838	0.01016	0.00506	0.01915	-0.03761	-0.00299	0.02360	-0.00654	-0.00467	-0.02406	0.01617	0.00363	-0.04106	-0.05759	0.00400	0.01812	-0.02405	-0.00903	0.00256	-0.00439	-0.01336	-0.00606	0.00292	-0.01283	-0.01390	-0.01295	-0.01812	-0.03293	-0.01920	0.03398	-0.00413	-0.01925	-0.00878	(And (Member $e0 buy) (Past $e0) (Theme $e0 $x0))
p206839	-0.00239	-0.01330	0.02309	0.00888	0.00434	-0.01497	-0.00402	0.00218	-0.00763	-0.02104	0.00991	0.01434	0.00742	0.01623	-0.00475	-0.01160	-0.01136	0.01556	-0.00270	-0.00479	0.00156	-0.00673	-0.01563	0.02459	0.01885	-0.01157	0.00842	0.01464	-0.00778	-0.00307	-0.00304	-0.00734	(And (Member $e0 cause) (Past $e0) (Patient $e0 $x0))
p206840	0.00367	-0.01087	0.00774	-0.00010	0.00064	-0.00689	0.00353	-0.00738	-0.00539	-0.00360	-0.00036	-0.01359	-0.00412	-0.00496	-0.00198	-0.00581	-0.00498	0.00715	0.00041	-0.00552	0.00678	-0.00428	-0.00912	0.00392	-0.00357	-0.01524	-0.00784	0.00458	0.00190	-0.00065	-0.00753	-0.00745	(And (Member $e0 change) (Past $e0) (Patient $e0 $x0))
p206841	0.01508	-0.00829	0.00841	-0.00337	-0.01004	-0.00457	0.01146	0.00184	0.01107	0.00319	-0.00961	-0.01013	0.00981	-0.01899	-0.00102	0.01227	-0.01398	-0.00794	0.01380	-0.02454	0.00480	0.00882	0.00083	-0.00415	0.01404	-0.00379	0.00145	0.00671	-0.02218	0.00177	-0.00020	-0.01194	(And (Member $e0 compose) (Past $e0) (Patient $e0 $x0))
p206842	0.00757	-0.00594	0.01169	-0.00090	-0.00485	-0.00871	0.00215	-0.01381	-0.01668	-0.00161	0.00161	-0.01140	-0.00746	0.00357	-0.00093	-0.00722	-0.00434	0.01234	-0.00206	-0.00643	-0.00920	0.00381	-0.00224	0.00980	-0.00182	-0.01285	-0.01059	0.00337	-0.01634	-0.00578	-0.00942	-0.00488	(And (Member $e0 create) (Past $e0) (Patient $e0 $x0))
p206843	-0.02743	0.01307	-0.02311	0.01658	-0.02957	0.03928	0.04337	0.00669	0.03401	0.01953	-0.02134	0.00157	0.04463	0.00307	-0.04997	0.00437	0.00283	-0.03580	0.03316	-0.02968	-0.01020	0.00314	0.00525	-0.03447	0.00458	0.00443	0.00846	-0.00906	0.00764	0.01733	-0.01895	-0.02133	(And (Member $e0 design) (Past $e0) (Patient $e0 $x0))
p206844	0.02371	-0.00602	0.00339	-0.00704	-0.00047	0.00911	0.00965	0.02821	0.02048	-0.00042	-0.01597	0.01009	0.01173	-0.01433	-0.01930	0.00451	0.00599	-0.01590	0.03043	-0.02638	0.01212	0.01554	0.01491	-0.01821	0.02324	0.00740	0.02264	-0.01933	-0.01062	0.01159	-0.00059	-0.00954	(And (Member $e0 die) (Past $e0) (Patient $e0 $x0))
p206845	0.00846	-0.00556	0.01275	0.00272	0.00246	-0.01532	-0.00868	0.00123	-0.00639	0.00372	0.00972	0.00354	-0.00518	-0.01079	-0.01074	-0.01349	-0.00919	0.01537	0.01954	-0.01752	0.01510	-0.00589	-0.00094	0.03357	-0.00315	-0.01913	0.01007	0.00262	-0.01761	0.01010	0.00655	-0.00834	(And (Member $e0 eat) (Past $e0) (Patient $e0 $x0))
p206846	0.00784	0.00230	0.00629	0.00965	0.02632	-0.00239	-0.00125	-0.00707	0.01773	-0.01245	-0.00146	0.00177	0.01113	-0.00239	-0.01448	-0.00070	0.01050	-0.00272	0.02382	-0.01177	0.00155	0.00599	-0.00255	0.00506	0.00956	0.00753	0.01210	-0.00171	-0.00142	-0.00467	0.01486	-0.01289	(And (Member $e0 fall) (Past $e0) (Source $e0 $x0))
p206847	0.00036	0.00282	0.01726	-0.00615	-0.00194	-0.00839	-0.01149	0.00542	-0.01831	-0.00307	-0.00249	-0.00297	-0.02721	-0.00170	0.00979	-0.00776	-0.00360	-0.00250	-0.00485	-0.01210	-0.01016	0.00801	0.00285	0.01241	0.01107	0.00067	-0.02026	-0.00866	0.00892	-0.00296	-0.01260	-0.00537	(And (Member $e0 find) (Past $e0) (Theme $e0 $x0))
p206848	-0.02967	0.00881	0.14357	0.07607	-0.08833	-0.04223	-0.07277	-0.12598	0.05563	0.06476	-0.06556	0.10273	-0.05815	-0.08330	0.15762	0.18432	-0.14097	0.06115	0.02419	0.00118	-0.01840	-0.05637	0.18814	0.03118	0.08080	-0.00047	0.15344	-0.16696	0.13474	-0.05277	0.06088	-0.07356	(And (Member $e0 get) (Patient $e0 $x0) (Result $e0 $e1))
p206849	0.01126	0.00831	0.01141	0.00390	-0.00415	0.01800	0.00869	-0.00789	0.00004	0.01695	-0.00559	-0.01204	0.01124	-0.00235	-0.00696	0.00549	-0.00741	-0.00184	0.00270	-0.00423	0.00357	-0.00211	-0.01183	-0.01197	0.00731	-0.00193	-0.00308	0.00294	-0.01519	0.00036	0.00216	-0.00069	(And (Member $e0 increase) (Past $e0) (Patient $e0 $x0))
p206850	-0.03421	0.00006	0.00844	-0.04330	-0.00633	-0.01537	-0.02637	0.01120	0.02001	0.01310	0.00028	0.00360	-0.02046	-0.00453	-0.02967	-0.00695	-0.01279	0.03258	0.01004	-0.00727	-0.00327	0.00643	-0.00046	0.02048	0.01241	-0.03106	0.01221	-0.01030	-0.00266	0.01408	0.01482	0.00144	(And (Member $e0 leave) (Patient $e0 $x0) (Result $e0 $e1))
p206851	-0.00179	-0.00716	-0.00120	0.02962	0.01386	-0.00688	0.00520	-0.00595	-0.00206	0.00264	0.01904	0.01317	-0.01354	0.01288	-0.01966	-0.02291	0.01671	0.02974	0.00490	0.05080	-0.00889	-0.01150	-0.01185	0.01207	-0.00288	-0.02900	-0.02353	-0.01339	0.03647	-0.04072	-0.02319	-0.01386	(And (Member $e0 make) (Ongoing $e0) (Patient $e0 $x0))
p206852	-0.02180	-0.01573	0.01160	-0.02174	-0.00266	0.00380	-0.01043	-0.02204	0.01772	0.00448	0.03816	0.00102	-0.01310	0.01263	-0.01961	-0.00819	-0.00383	0.01997	-0.00018	0.00444	0.00212	-0.00064	0.00861	-0.00357	0.00799	-0.03000	0.00130	-0.02888	0.03626	-0.03440	0.00915	-0.01804	(And (Member $e0 make) (Ongoing $e0) (Result $e0 $e1))
p206853	0.01421	0.06219	-0.03792	0.04440	0.05939	-0.01920	-0.02815	0.03219	0.02086	0.05852	0.02366	-0.00478	0.02917	0.00597	-0.03142	0.03485	-0.01176	-0.00665	0.06153	-0.01435	-0.00682	-0.02451	-0.01118	0.00236	0.01431	0.01988	0.06365	-0.05051	0.01388	0.04918	0.02757	0.01829	(And (Member $e0 spend) (Past $e0) (Theme $e0 $x0))
p206854	-0.00815	0.00588	0.00239	0.00453	-0.00083	-0.01455	-0.00001	0.01296	0.01420	-0.01606	0.02880	-0.00130	0.01596	0.01030	-0.00296	-0.01654	0.00532	-0.01316	-0.00037	-0.00140	0.01676	0.00244	-0.01528	0.00795	0.01145	-0.00948	0.01905	0.01280	0.00821	-0.02714	0.01690	-0.01206	(And (Member $e0 stand) (Ongoing $e0) (Past $e0))
p206855	0.01219	0.00170	0.00501	0.00640	-0.00307	-0.00491	0.00946	0.01758	0.01080	-0.00372	-0.01654	0.01363	-0.00596	0.01103	-0.00634	0.00656	-0.00956	-0.01466	-0.00075	-0.00563	0.00351	0.02131	-0.00574	-0.00334	0.02681	0.00507	0.00509	-0.00375	-0.00520	0.00428	-0.01025	0.01333	(And (Member $e0 stick) (Past $e0) (Patient $e0 $x0))
p206856	0.00822	-0.00355	0.01555	0.07000	-0.04482	-0.02546	-0.02339	0.05734	-0.06394	0.01200	0.03278	-0.01415	0.04814	-0.05109	-0.07750	0.11805	0.08348	0.04722	-0.05626	0.05768	0.17378	-0.00502	-0.02165	-0.03345	-0.03203	-0.04774	-0.01340	-0.07343	-0.00183	-0.00299	0.02785	-0.05610	(And (Member $e0 stop) (Past $e0) (Theme $e0 $e1))
p206857	0.00838	0.00312	-0.01294	0.01811	-0.01445	-0.00480	-0.00202	0.01319	-0.01130	-0.01070	0.02711	-0.00514	0.00851	-0.00997	-0.02269	0.00438	0.02284	0.01939	0.00723	-0.00354	0.03926	-0.00382	0.00138	-0.01829	-0.00241	-0.01181	-0.01078	-0.02028	0.00138	-0.03916	0.01961	0.00049	(And (Member $e0 try) (Ongoing $e0) (Past $e0))
p206858	-0.03166	-0.00987	0.01751	-0.04053	0.00056	-0.00738	-0.00752	-0.00982	0.02466	0.01557	0.00193	0.00099	0.00321	0.01093	-0.02432	0.01256	-0.01355	0.02865	-0.00631	-0.00522	-0.01736	0.01644	-0.00051	-0.01589	0.02245	-0.01308	-0.00234	-0.00530	-0.00626	0.00511	0.01326	0.00499	(And (Member $e0 turn) (Past $e0) (Result $e0 $e1))
p206859	-0.06163	-0.00713	0.02037	-0.06396	-0.00730	-0.01398	-0.02148	-0.01242	0.03873	0.02273	-0.03132	0.01013	-0.02278	0.01757	-0.04494	0.03468	-0.03085	0.05971	0.00268	-0.00366	-0.02517	0.01776	0.00613	-0.01769	0.03919	-0.01629	0.01500	-0.02291	0.00163	0.01074	0.02021	0.00282	(And (Member $e0 turn) (Patient $e0 $x0) (Result $e0 $e1))
p206860	-0.00211	0.00663	0.00110	0.00960	-0.00438	-0.01644	0.01247	0.00641	0.01934	-0.00889	0.02919	0.01456	0.00678	-0.00174	-0.00250	-0.01229	-0.01651	-0.00844	0.00433	-0.00595	0.02998	0.02188	-0.01319	0.00768	0.02470	-0.00532	0.00950	0.01271	0.00518	-0.02903	0.01300	0.01145	(And (Member $e0 walk) (Ongoing $e0) (Past $e0))
p206861	0.01907	0.02374	0.02207	0.01485	-0.01189	0.01961	0.01062	-0.02280	-0.01580	0.02644	0.00177	-0.01196	0.01976	0.00048	0.00514	-0.00510	-0.01073	0.00968	0.01149	0.00775	0.01411	-0.00845	-0.01778	-0.01880	-0.00462	-0.00679	-0.00255	-0.00544	-0.01685	-0.04057	0.01500	0.00137	(And (Ongoing $e0) (Past $e0) (Patient $e0 $x0))
p206862	-0.02320	-0.01208	0.02151	-0.01681	-0.00699	-0.00531	-0.01848	-0.02719	0.02089	0.00427	0.03772	0.00611	-0.00877	0.00237	-0.00415	0.00213	-0.01605	0.01788	-0.00590	-0.00344	0.01148	0.00046	0.01609	-0.00160	0.01014	-0.03071	0.01332	-0.03174	0.03841	-0.03431	0.01813	-0.01950	(And (Ongoing $e0) (Past $e0) (Result $e0 $e1))
p206863	-0.02967	0.00881	0.14357	0.07607	-0.08833	-0.04223	-0.07277	-0.12598	0.05563	0.06476	-0.06556	0.10273	-0.05815	-0.08330	0.15762	0.18433	-0.14097	0.06115	0.02419	0.00118	-0.01840	-0.05637	0.18814	0.03118	0.08080	-0.00047	0.15344	-0.16696	0.13474	-0.05277	0.06088	-0.07356	(And (Ongoing $e0) (Patient $e0 $x0) (Result $e0 $e1))
p206864	0.01018	-0.00678	0.00162	0.00529	-0.00210	-0.00314	0.01119	-0.00318	0.01051	0.00355	-0.00970	-0.00421	0.02059	-0.00731	-0.00717	0.01079	-0.00547	-0.00702	0.00968	-0.00889	-0.00407	0.00833	-0.00269	-0.00990	0.01188	-0.00152	-0.00172	0.00628	-0.01522	0.00172	-0.00768	-0.00786	(And (Past $e0) (Patient $e0 $x0) (Time $e0 night))
p206865	-0.04471	-0.07608	0.06353	0.04210	0.05259	0.05346	-0.05101	0.05538	-0.03017	-0.06700	0.03613	-0.03105	-0.05362	-0.00906	-0.04677	0.02406	-0.02769	-0.04474	0.04651	0.06965	-0.05220	0.04135	0.05611	-0.02194	-0.03286	-0.05830	0.03400	0.07606	-0.06911	-0.02763	-0.01772	0.07032	(And (Past $e0) (Theme $e0 $x0) (Theme $e0 $x1))
p207152	0.00722	0.01206	0.00104	-0.00575	0.00514	-0.01056	-0.00663	-0.00806	-0.01915	0.00370	0.00603	0.01509	-0.00384	0.00537	0.00340	-0.00707	0.00245	0.00107	-0.00760	0.00730	-0.00514	0.01280	-0.00117	0.00883	-0.00573	-0.01045	-0.01123	-0.01159	-0.01453	-0.00571	-0.02190	0.00609	(And (Agent $e0 $e1) (Theme $e1 $x0))
p207153	0.03937	0.03978	-0.02749	0.02597	0.01014	-0.01729	0.00554	0.00078	-0.03826	-0.00529	0.02847	-0.02654	0.02371	-0.07161	0.13609	0.01188	-0.01497	-0.01620	0.04856	0.03635	-0.03114	-0.00302	0.06129	0.04035	0.02521	0.03709	-0.04118	-0.04047	-0.03171	0.04371	0.01044	0.03675	(And (Agent $e0 $x0) (CoAgent $e0 $x1))
p207154	-0.00446	-0.00044	0.00422	0.01677	-0.02700	0.00241	-0.01795	-0.00025	-0.00115	-0.02597	-0.01157	-0.00828	0.03109	-0.00036	0.00186	0.00197	-0.00164	0.01281	-0.01292	0.00008	-0.02546	-0.01924	0.00055	0.01966	-0.01530	0.01647	-0.00243	0.02318	0.00318	-0.00545	0.00567	0.02050	(And (Agent $e0 $x0) (Goal $e0 home))
p207155	0.00913	0.00036	-0.01166	-0.00904	-0.01655	0.01258	0.00227	0.00722	0.00329	0.00288	0.00499	0.00485	0.01424	-0.00679	-0.01470	0.00213	0.00404	0.01091	0.01472	-0.01301	-0.00279	-0.00261	-0.00279	-0.01883	-0.00020	0.01423	0.01489	-0.01458	-0.00736	-0.02863	-0.00379	0.00382	(And (Agent $e0 $x0) (GroupOf $x0 scientist))
p207156	0.00718	-0.00365	0.00420	0.00415	-0.00421	-0.00286	0.01409	-0.01296	0.00050	-0.00345	0.00065	0.00412	-0.01622	0.00369	-0.00788	-0.01154	-0.00547	0.01212	0.00641	-0.00217	0.01488	0.00744	-0.00271	0.01502	-0.00120	0.00135	-0.00476	-0.00144	-0.00600	-0.01276	0.00171	0.02500	(And (Agent $e0 $x0) (GroupOf $x0 soldier))
p207157	-0.00995	0.02125	-0.00880	-0.01139	-0.01718	0.04859	-0.01787	0.03215	0.02578	0.04105	0.01351	0.03278	0.02846	0.00228	-0.03654	-0.03435	0.01011	-0.02361	0.01575	0.03580	-0.00928	-0.00383	-0.01006	0.02401	-0.01994	-0.01880	0.02779	-0.03012	0.03637	0.02718	-0.02598	-0.00447	(And (Agent $e0 $x0) (Instrument $e0 $x1))
p207158	-0.06194	-0.01501	-0.02032	0.02859	0.04058	0.02012	-0.05337	0.04533	0.03643	0.05696	-0.03126	-0.02312	0.00650	0.04078	0.05490	-0.03275	-0.02184	0.01791	-0.04572	-0.01622	0.07270	0.06120	0.05337	0.01097	-0.02125	0.09703	-0.03542	-0.07560	-0.04265	-0.05913	-0.02050	-0.04566	(And (Agent $e0 $x0) (Location $e0 eskisehir))
p207159	0.05641	-0.02927	0.00526	-0.05113	0.06450	0.06336	0.05239	0.01268	-0.03708	-0.07284	0.02342	0.05267	-0.01849	0.04659	0.05430	-0.06918	0.06520	0.04762	0.00672	-0.02980	0.08665	-0.03912	0.08042	-0.10238	0.00729	-0.02400	0.11317	-0.12043	0.04035	0.05797	0.01038	0.03606	(And (Agent $e0 $x0) (Manner $e0 directly))
p207160	-0.00379	-0.00968	-0.00119	0.00191	-0.00627	-0.00060	-0.00079	-0.00822	-0.00010	-0.00609	-0.00114	-0.00457	0.00571	0.01192	0.00023	0.00354	-0.00030	-0.00254	-0.00635	0.00976	-0.01456	-0.00653	0.00171	0.00912	-0.00443	0.00186	-0.00468	0.00035	0.00435	-0.00052	-0.00442	0.00426	(And (Agent $e0 $x0) (Member $e0 arrive))
p207161	0.00094	0.00909	-0.01555	-0.00214	-0.01798	0.00026	-0.01777	0.01827	0.01588	-0.01422	-0.02033	-0.01713	0.01364	-0.01000	0.00502	0.01889	-0.01028	0.00380	-0.01273	-0.03071	-0.00293	-0.01423	-0.02665	-0.01545	-0.00831	0.01314	0.03789	0.02015	0.00736	-0.00407	-0.00125	0.00574	(And (Agent $e0 $x0) (Member $e0 capture))
p207162	0.00031	-0.01205	0.00388	0.00222	0.02099	-0.00579	0.00880	-0.01669	-0.00207	-0.01126	0.00894	-0.01254	-0.01737	0.00855	0.00232	-0.00362	-0.00820	0.01373	-0.00010	0.01069	-0.00047	-0.00762	-0.01462	0.02845	0.00375	-0.01545	-0.00461	0.00579	-0.00142	0.00829	-0.00540	-0.01078	(And (Agent $e0 $x0) (Member $e0 close))
p207163	-0.09141	-0.03793	-0.03523	-0.06828	0.15890	0.02610	-0.09469	-0.25490	-0.05404	0.14041	-0.06673	0.04427	0.07911	-0.21970	0.08029	-0.02625	-0.04121	-0.12281	-0.02099	-0.04371	0.18075	-0.10330	-0.18095	0.02389	0.06679	-0.06607	-0.07001	0.21482	0.05183	-0.03889	-0.05800	0.08525	(And (Agent $e0 $x0) (Member $e0 create))
p207164	-0.00005	0.00194	0.00922	0.01244	-0.00610	0.01560	-0.02610	0.00844	0.00161	-0.01290	-0.02355	0.01390	0.01704	0.01851	-0.01387	0.00428	-0.00122	-0.00227	-0.00217	0.00548	-0.02587	-0.01100	-0.00801	0.00745	0.01700	0.02263	0.00689	0.00323	0.01697	0.00198	-0.01021	0.00902	(And (Agent $e0 $x0) (Member $e0 draw))
p207165	0.00525	-0.00073	0.01097	-0.00114	-0.01028	0.01902	0.01038	-0.00584	-0.00871	0.01258	-0.01024	-0.01348	-0.00502	-0.00305	-0.01258	0.00930	0.00378	0.00423	0.00052	0.01753	0.01183	-0.00655	-0.00694	0.00602	-0.00277	0.00673	-0.00433	-0.01157	-0.00246	-0.00217	0.00218	-0.00424	(And (Agent $e0 $x0) (Member $e0 go))
p207166	0.02519	-0.03633	-0.01173	-0.04177	-0.02611	0.06910	0.06095	-0.02672	0.02908	-0.03928	0.02710	-0.08581	-0.04213	-0.03247	0.12088	0.05279	-0.04885	-0.02687	0.00103	0.03059	-0.03417	-0.01019	0.03812	0.03190	0.05192	0.01493	-0.03225	-0.02804	0.02658	0.02233	-0.01064	-0.04072	(And (Agent $e0 $x0) (Member $e0 move))
p207167	0.00417	-0.00078	0.00185	0.00369	-0.01751	-0.01049	0.01624	-0.00179	-0.00742	0.00522	-0.01151	0.00943	-0.00650	-0.00899	-0.01331	0.01449	0.00124	0.00353	-0.00503	0.01172	0.04316	0.01847	-0.00708	0.00927	-0.01089	0.00893	0.01011	-0.01833	-0.00730	-0.00347	-0.00270	0.02186	(And (Agent $e0 $x0) (Member $e0 run))
p207168	0.00604	-0.01309	-0.00893	-0.01779	-0.00575	0.00465	0.00913	0.00942	0.00773	0.02149	0.01141	-0.00666	-0.01429	-0.00549	-0.00395	0.00665	-0.00598	-0.01447	0.01049	0.00703	-0.00652	-0.00092	0.01531	0.01009	0.00750	-0.00635	0.00276	-0.02487	0.00392	0.01061	-0.00834	-0.00897	(And (Agent $e0 $x0) (Member $e0 serve))
p207169	0.03599	0.01131	0.00979	0.00375	-0.03693	-0.01610	-0.00928	0.07857	-0.03584	0.01436	0.00326	0.00592	-0.00165	-0.06852	-0.00297	0.02385	0.01034	0.00768	0.02601	-0.00897	0.01782	0.00479	0.03406	0.00778	0.05443	0.02995	-0.04988	-0.04661	-0.04734	-0.01315	-0.00954	0.00836	(And (Agent $e0 $x0) (Member $e0 sleep))
p207170	0.01421	0.06219	-0.03792	0.04440	0.05939	-0.01920	-0.02815	0.03219	0.02086	0.05852	0.02366	-0.00478	0.02917	0.00597	-0.03142	0.03485	-0.01176	-0.00665	0.06153	-0.01435	-0.00682	-0.02451	-0.01118	0.00236	0.01431	0.01988	0.06365	-0.05051	0.01388	0.04918	0.02757	0.01829	(And (Agent $e0 $x0) (Member $e0 spend))
p207171	-0.01521	-0.01213	0.02201	-0.00907	-0.01250	0.01432	0.02205	0.00570	0.03228	0.00218	0.01062	0.01781	-0.01445	0.04063	0.01680	0.00876	-0.00631	0.02438	0.02420	-0.01370	-0.05206	0.02139	-0.02809	0.02193	-0.01152	0.02998	-0.00923	0.04972	0.00364	0.03173	0.01553	0.01830	(And (Agent $e0 $x0) (Member $e0 talk))
p207172	-0.00637	-0.00572	0.01706	-0.00793	-0.01283	0.01286	0.04403	0.02432	0.04251	0.01182	0.00937	0.02706	-0.03397	0.02404	0.00333	-0.00093	-0.00668	0.02793	0.03628	-0.01440	-0.02816	0.03802	-0.02952	0.01326	0.00596	0.04330	-0.01852	0.04034	0.00090	0.01392	0.01260	0.04197	(And (Agent $e0 $x0) (Member $e0 walk))
p207173	-0.00053	0.00454	-0.00762	0.00329	-0.01177	-0.00102	-0.01284	0.00716	0.00855	-0.01249	-0.01146	-0.00934	0.01385	-0.00223	0.00239	0.01167	-0.00586	0.00439	-0.00902	-0.01509	-0.00756	-0.01026	-0.01556	-0.00292	-0.00737	0.01070	0.02326	0.01315	0.00451	-0.00246	-0.00003	0.00712	(And (Agent $e0 $x0) (Member $e0 welcome))
p207174	0.02823	-0.02414	-0.02867	0.02894	-0.03962	-0.00070	0.01560	-0.03875	-0.02204	0.05516	-0.00415	-0.01786	-0.00822	0.00445	-0.03647	-0.00778	0.04200	0.03016	-0.01796	-0.00370	-0.02615	0.00840	0.02918	-0.00128	0.03699	0.02877	0.05431	0.05122	0.00567	-0.01229	-0.01213	-0.01190	(And (Agent $e0 $x0) (Member $e0 win))
p207175	0.01328	0.00829	-0.00756	0.02029	-0.03619	-0.00349	-0.01656	0.01550	-0.01248	-0.00011	0.01441	-0.01248	0.01642	-0.01590	0.00605	0.02973	0.01178	-0.00954	0.00854	0.00455	0.01154	-0.00513	0.02658	0.02717	0.00300	-0.00193	-0.00328	-0.02757	-0.01118	0.01712	0.00951	0.00526	(And (Agent $e0 $x0) (Member $e0 work))
p207176	-0.00227	-0.02850	-0.00857	-0.01902	-0.00401	0.01011	0.02453	-0.01277	0.00959	-0.00135	0.00473	-0.02023	-0.01771	0.01028	0.00190	0.01462	-0.00564	-0.01220	-0.00458	0.01851	-0.01575	-0.00413	0.00494	0.01140	0.01100	-0.00002	-0.00443	-0.01417	0.00668	0.00353	-0.01766	-0.01145	(And (Agent $e0 $x0) (Member $x0 bus))
p207177	-0.00249	-0.00995	0.00121	0.00153	-0.01119	-0.00508	0.00156	0.00081	-0.01366	-0.00234	-0.00349	0.00257	0.01019	-0.00295	-0.01169	0.01887	0.00731	0.00778	-0.00124	0.01407	0.02154	0.00106	-0.00727	0.00708	-0.01126	0.00564	0.00977	-0.01635	-0.00397	0.00362	-0.00313	-0.00575	(And (Agent $e0 $x0) (Member $x0 doctor))
p207178	0.00195	-0.00557	-0.00044	0.00152	-0.00727	-0.00302	0.00017	0.01845	-0.00045	-0.01084	0.00006	-0.00591	0.00413	-0.01082	-0.00872	-0.00595	-0.00048	0.01733	0.00710	-0.01003	0.00142	-0.01328	-0.01159	0.00184	0.00520	0.00766	0.00152	0.00698	-0.00688	-0.01295	-0.00274	0.00265	(And (Agent $e0 $x0) (Member $x0 dog))
p207179	-0.00442	-0.00842	0.00990	0.00712	-0.00973	0.00018	-0.01329	-0.00234	-0.00490	-0.00978	-0.00967	0.00591	0.01193	0.01670	-0.00427	0.00085	-0.00208	-0.00002	-0.00776	0.00791	-0.02153	-0.00951	0.00239	0.01216	0.00473	0.01031	-0.00774	0.00337	0.00576	-0.00169	-0.00444	0.01073	(And (Agent $e0 $x0) (Member $x0 plane))
p207180	-0.02448	-0.00889	-0.00453	-0.01084	-0.01106	0.00082	0.01037	-0.00058	0.00332	0.00751	0.00833	0.00342	-0.01599	-0.00128	-0.01086	-0.00128	-0.00292	-0.00059	0.00512	0.01067	-0.00867	-0.00483	0.01713	0.01965	-0.00158	-0.01706	0.00387	-0.02094	0.01330	0.01168	-0.00966	-0.01298	(And (Agent $e0 $x0) (Obligated $e0))
p207181	0.00598	-0.01661	-0.00146	-0.00570	-0.01135	0.01405	0.00778	0.01694	0.00121	0.01051	0.01397	0.00028	0.00669	-0.00665	-0.02139	-0.00665	0.00505	0.00647	0.02510	0.01128	-0.01145	-0.00491	0.01048	-0.00760	0.01241	0.01442	-0.01819	-0.02241	0.00409	-0.02203	-0.00497	0.00105	(And (Agent $e0 $x0) (Stimulus $e1 $e0))
p207182	0.00934	-0.00720	0.01277	0.00340	0.00115	0.03167	-0.00247	-0.01303	0.01234	-0.03536	0.00543	-0.00200	0.00291	-0.01337	0.00762	-0.00226	-0.00019	0.00352	-0.00015	0.02901	-0.03073	0.00548	0.01640	0.05953	-0.00212	-0.00211	-0.01260	0.01861	0.01799	0.01355	0.00925	-0.01761	(And (Agent $e0 $x0) (SubsetOf $x0 $x1))
p207183	-0.00987	-0.01196	0.00823	-0.00496	0.00263	-0.00169	-0.00477	-0.00823	0.00461	0.00808	0.01465	0.00424	0.01418	-0.00592	-0.00361	0.00124	-0.00347	0.00219	-0.00817	0.00903	0.00206	0.00290	0.00419	-0.00558	-0.00155	-0.00651	-0.00289	-0.00564	0.01297	0.00020	0.00418	-0.00526	(And (Agent $e0 baya) (Past $e0))
p207184	0.00390	-0.00021	0.00397	0.00124	-0.00249	0.01328	0.00626	-0.00502	0.01170	0.00995	0.00686	0.02086	0.00276	-0.01174	-0.00229	-0.00728	-0.00939	-0.00115	-0.00185	0.01571	0.00950	0.02055	0.00418	0.00263	-0.00783	-0.00343	-0.00025	-0.00347	0.01971	0.00432	0.00082	0.01070	(And (Agent $e0 daniel) (Past $e0))
p207185	0.00847	0.00434	-0.00435	0.00766	-0.01761	-0.00839	-0.01919	-0.00894	-0.02202	-0.00722	0.01650	0.00712	-0.00230	0.01877	-0.00876	0.01612	0.02588	-0.01040	-0.00694	-0.01505	0.03261	0.01668	0.00455	-0.00644	-0.01113	-0.02869	0.00265	-0.02949	-0.00331	-0.03489	0.01891	-0.01020	(And (Agent $e0 david) (Ongoing $e0))
p207186	0.00877	0.00463	-0.00406	0.00794	-0.01732	-0.00810	-0.01892	-0.00864	-0.02172	-0.00689	0.01680	0.00742	-0.00199	0.01902	-0.00846	0.01642	0.02615	-0.01010	-0.00663	-0.01475	0.03290	0.01699	0.00482	-0.00613	-0.01088	-0.02837	0.00292	-0.02920	-0.00300	-0.03459	0.01923	-0.00994	(And (Agent $e0 david) (Past $e0))
p207187	-0.01662	0.00392	-0.00569	0.01299	-0.00799	-0.00638	0.01070	0.00550	0.00644	-0.00992	0.02072	0.00140	0.01171	0.00322	-0.01172	-0.00570	0.00015	-0.00671	0.00635	-0.01123	0.01708	-0.00034	-0.00209	-0.00387	0.01001	-0.00578	0.00704	-0.00023	0.00620	-0.01599	0.00973	-0.00692	(And (Agent $e0 felix) (Past $e0))
p207188	0.03035	0.00949	0.02297	-0.00744	-0.03428	-0.01661	-0.02887	0.06696	-0.04309	0.02774	-0.00810	0.02361	-0.02299	-0.03245	-0.01445	0.03920	0.01104	-0.00928	0.00935	-0.02098	0.03524	0.02129	0.00929	0.01487	0.03874	0.00734	-0.02889	-0.05261	-0.04133	-0.00811	-0.00720	-0.00778	(And (Agent $e0 jessica) (Theme $e0 $e1))
p207189	0.00040	-0.00625	-0.00291	-0.00829	-0.00027	-0.00023	0.00634	-0.00548	0.00284	0.00177	0.00501	0.00173	0.00359	-0.00054	0.00212	0.00840	-0.00354	-0.00406	-0.00723	0.00567	-0.00382	0.00203	-0.00160	0.00370	0.00110	-0.00057	0.00813	-0.00614	-0.00470	-0.00053	-0.00864	-0.00485	(And (Agent $e0 jica) (Member $e0 fund))
p207190	0.01275	-0.00556	0.01035	0.01156	-0.01532	-0.00524	-0.02335	-0.02421	-0.03595	0.01091	0.01533	0.01757	0.00382	0.01125	-0.01180	0.02116	0.02828	-0.00798	-0.01522	-0.00334	0.03363	0.03045	0.01285	0.00507	-0.00644	-0.01967	0.00559	-0.03340	-0.00353	-0.01252	0.01062	-0.01578	(And (Agent $e0 mark) (Past $e0))
p207191	-0.00083	-0.00560	0.00760	0.00004	-0.00509	-0.00309	0.00497	-0.01314	0.00128	0.00467	0.00123	0.00367	-0.00270	-0.00056	0.00148	-0.00855	-0.00662	-0.00074	-0.00682	0.00787	0.00074	0.01041	0.00228	0.00649	-0.00784	0.00252	-0.00898	-0.00265	0.01454	-0.00348	-0.00362	0.02056	(And (Agent $e0 matthew) (Past $e0))
p207192	-0.01638	0.00434	0.00109	0.00121	-0.00398	0.00483	0.01590	0.00069	0.00614	-0.00193	0.01794	0.01765	-0.00773	-0.01340	-0.00127	-0.01798	-0.00480	0.00208	0.00553	-0.00570	0.00998	0.01530	0.00999	0.00041	-0.00953	-0.00456	-0.00981	-0.00648	0.02026	-0.00329	0.00223	0.01011	(And (Agent $e0 michael) (Past $e0))
p207193	-0.01578	-0.00304	0.00988	0.01110	0.00189	-0.00412	0.00018	-0.00045	-0.00183	-0.00361	0.00501	0.01073	0.00996	0.00078	-0.00415	0.00186	-0.00271	-0.00533	-0.00280	-0.00086	-0.00406	0.00070	0.00498	0.00567	0.00699	0.00482	-0.00239	-0.00282	0.01051	0.00450	0.00289	-0.00953	(And (Agent $e0 pietro) (Past $e0))
p207194	-0.00058	0.00166	-0.00304	0.00339	-0.00564	-0.00768	-0.00246	0.00633	0.00298	-0.00831	0.02169	0.00277	0.00872	0.00671	0.00041	-0.01079	-0.00062	-0.00192	0.00425	-0.00464	0.01031	0.00202	-0.00553	-0.00239	0.00594	-0.00689	0.00633	0.00258	0.00316	-0.02509	0.01164	-0.00405	(And (Agent $e0 ziri) (Ongoing $e0))
p207195	-0.00213	-0.00181	-0.00100	0.00360	-0.00693	-0.00062	-0.00835	-0.00030	0.00301	-0.00583	-0.00376	-0.00463	0.01241	-0.00210	0.00007	0.00488	-0.00367	0.00373	-0.00680	-0.00326	-0.00483	-0.00780	-0.00747	-0.00042	-0.00674	0.00507	0.00874	0.00725	0.00642	-0.00229	0.00076	0.00311	(And (At $e0 $x0) (Past $e0))
p207196	-0.00604	-0.01934	0.01506	-0.00742	0.00093	-0.00179	0.00823	-0.00799	-0.01367	0.01457	-0.00845	0.00189	0.01839	-0.01048	-0.00459	-0.00732	-0.00093	0.00118	0.00955	0.02507	0.00247	0.00428	0.00041	-0.00707	-0.02019	0.00799	0.00220	-0.00650	0.01240	-0.00157	0.00195	-0.01425	(And (Because $e0 $e1) (Past $e0))
p207197	-0.00617	-0.01944	0.01494	-0.00751	0.00082	-0.00191	0.00812	-0.00811	-0.01377	0.01443	-0.00855	0.00178	0.01829	-0.01059	-0.00472	-0.00743	-0.00105	0.00107	0.00943	0.02496	0.00235	0.00416	0.00029	-0.00718	-0.02028	0.00788	0.00210	-0.00662	0.01227	-0.00167	0.00183	-0.01435	(And (Because $e0 $e1) (Past $e1))
p207198	0.04742	0.04514	-0.02906	0.03197	0.00831	-0.01444	0.00606	-0.01444	-0.03318	-0.01506	0.04002	-0.02912	0.03574	-0.07896	0.16491	0.01188	-0.02373	-0.02640	0.04640	0.03485	-0.04793	-0.00062	0.07900	0.04809	0.03608	0.03628	-0.04473	-0.03645	-0.03599	0.04733	0.00969	0.04358	(And (Before $e0 $e1) (Measure $e0 duration <num> year))
p207199	0.02384	0.04739	-0.05243	0.00132	-0.03613	0.02311	-0.00891	0.00047	-0.02424	-0.06890	0.02278	-0.03415	0.05336	-0.05247	0.10292	-0.01186	0.07320	-0.00768	-0.00628	0.02157	-0.04321	0.02623	0.08278	-0.00579	0.03476	0.01735	-0.04133	-0.03581	-0.04776	0.02567	0.00399	0.06899	(And (Before $e0 $e1) (Patient $e0 $x0))
p207200	0.03436	0.01905	-0.02909	0.02203	-0.02730	0.00932	0.00709	-0.01575	-0.01175	-0.04314	0.01876	-0.02617	0.03709	-0.04062	0.06058	-0.00048	0.02259	-0.01365	0.02012	0.00238	-0.03449	0.01408	0.07029	0.01047	0.03727	0.02266	-0.03023	-0.01723	-0.03960	-0.00411	0.00127	0.03064	(And (Before $e0 $e1) (Patient $e1 $x0))
p207201	0.00121	0.00002	-0.00016	0.00448	0.00760	0.02421	-0.00286	-0.01492	0.01385	-0.00978	0.00110	0.00448	0.00953	-0.00380	-0.00656	-0.00959	0.00343	-0.00543	-0.00150	0.02129	-0.00855	0.00424	-0.00475	0.02850	-0.00633	-0.02096	0.00128	0.00274	0.02085	0.00918	-0.00832	-0.02095	(And (Beneficiary $e0 $x0) (Patient $e0 $x1))
p207202	0.00042	-0.00001	-0.00077	-0.01032	-0.00134	0.00076	-0.00600	-0.00043	-0.00708	0.00091	0.00813	0.00390	-0.00080	-0.00416	0.00617	-0.01119	0.00583	-0.00423	-0.00544	0.00572	-0.00433	0.00660	0.00485	0.00010	-0.00964	-0.00818	-0.00783	-0.01072	0.00763	0.00057	-0.01168	0.00030	(And (Can $e0) (Member $e0 help))
p207203	-0.00198	-0.00475	-0.00102	-0.00732	-0.00064	0.00291	-0.00470	-0.00030	-0.00164	0.00105	0.00767	0.00086	0.00312	-0.00540	0.00505	-0.00915	0.00456	-0.00498	-0.00427	0.00706	-0.00361	0.00370	0.00432	-0.00357	-0.00901	-0.00667	-0.00656	-0.00802	0.01548	0.00237	-0.00686	-0.00227	(And (Can $e0) (Past $e0))
p207204	-0.01119	0.00673	0.04791	-0.01923	0.02366	0.02265	0.01905	0.00999	0.03605	0.01854	0.00756	-0.00412	-0.01737	0.03501	-0.00507	0.00167	0.04030	0.00812	0.02778	-0.01005	-0.03773	0.00895	-0.02629	0.01013	-0.01449	0.02782	0.00329	0.00410	0.00092	0.02172	0.02196	-0.01908	(And (Cardinality $x0 <num>) (GroupOf $x0 girl))
p207205	-0.00107	0.01207	0.02078	-0.00858	0.02667	-0.01481	-0.00345	-0.00951	0.00563	-0.00430	-0.00203	0.00764	0.00091	-0.00167	-0.00547	-0.01757	0.03209	-0.01509	-0.00559	0.00497	-0.00434	0.00835	0.00475	0.02088	-0.01158	-0.00031	0.00618	-0.01075	-0.00942	-0.00858	-0.00077	-0.00202	(And (Cardinality $x0 <num>) (GroupOf $x0 way))
p207206	0.03724	0.04210	-0.02411	0.02630	0.01507	-0.01856	0.00529	-0.00922	-0.03871	-0.00108	0.02991	-0.02058	0.03470	-0.06958	0.14150	0.00253	-0.02387	-0.01767	0.04770	0.04004	-0.03653	-0.00235	0.05949	0.03860	0.01940	0.03579	-0.03642	-0.03247	-0.02806	0.04309	0.01209	0.03935	(And (CoAgent $e0 $x0) (Past $e0))
p207207	-0.00286	-0.00455	-0.00528	-0.00747	-0.00250	-0.00635	0.00011	0.00384	-0.01422	0.00226	-0.02434	0.00209	-0.00397	0.00346	0.00045	-0.00420	-0.00067	0.00346	0.00987	0.01358	-0.00566	0.00048	-0.00440	-0.00362	-0.01236	0.00806	0.00224	-0.00138	-0.00368	0.00096	-0.00563	0.00108	(And (Experiencer $e0 $x0) (Future $e0))
p207208	0.00518	0.00337	-0.00123	-0.00797	-0.00761	-0.01451	0.01072	0.02604	-0.00797	-0.01079	-0.02824	-0.01813	-0.01757	-0.01366	-0.00637	-0.00742	0.02443	-0.00387	0.02374	0.00340	0.02595	-0.00048	-0.00837	0.00789	-0.00466	0.01535	0.00687	-0.00287	-0.00959	-0.02028	0.01019	-0.00911	(And (Experiencer $e0 $x0) (GroupOf $x0 child))
p207209	-0.00166	-0.00783	0.00000	-0.00400	0.01908	-0.00597	0.01031	-0.00685	-0.02435	0.01323	-0.01793	0.00685	0.01331	-0.00567	-0.00223	-0.00757	-0.00801	0.00907	0.02249	0.03072	0.00293	0.00579	-0.01322	-0.00202	-0.01635	0.01485	0.00325	-0.00382	-0.00101	0.00782	-0.00049	-0.00916	(And (Experiencer $e0 $x0) (In $e0 $x1))
p207210	-0.02274	0.00123	-0.00228	0.00479	-0.00851	-0.00301	0.02141	-0.00202	-0.02318	0.00200	-0.02435	0.00659	0.00329	-0.00362	-0.00714	-0.00367	-0.00065	0.00359	0.01705	-0.00063	0.00068	-0.00809	0.00663	-0.00760	-0.01525	0.01597	0.00707	-0.00769	0.00014	0.00501	0.00357	-0.00646	(And (Experiencer $e0 $x0) (Location $e0 europe))
p207211	-0.01350	-0.01017	-0.00060	-0.01012	-0.00028	0.00020	-0.00031	-0.00778	-0.00765	0.00551	-0.01410	0.00312	-0.01133	0.01084	-0.01190	-0.00705	-0.00492	0.01793	0.00813	0.02940	-0.00574	-0.00152	-0.00808	0.01018	-0.01239	-0.01023	0.00867	-0.00584	0.01639	0.00653	-0.00673	-0.01385	(And (Experiencer $e0 $x0) (Member $e0 beautiful))
p207212	0.00085	-0.00522	-0.00189	-0.00842	-0.00159	-0.00306	-0.00081	0.00508	-0.01398	0.00146	-0.02841	0.00243	-0.00674	-0.00166	-0.00131	-0.00329	-0.00312	0.00672	0.01772	0.00587	-0.00233	0.00171	-0.00337	-0.00272	-0.00964	0.01434	0.00542	-0.00106	-0.00620	0.00155	0.00050	-0.00098	(And (Experiencer $e0 $x0) (Member $e0 look))
p207213	0.00384	-0.00079	-0.00319	0.00733	-0.01106	-0.01238	0.00198	0.00982	-0.03327	0.00422	-0.01725	0.00078	0.01479	-0.00601	-0.00724	0.01322	0.01455	0.01076	0.00623	0.02484	0.01772	0.00489	-0.00937	-0.01117	-0.02153	-0.00210	-0.00087	-0.01233	-0.01163	-0.00814	0.00244	-0.01225	(And (Experiencer $e0 $x0) (Member $e0 work))
p207214	-0.00455	-0.00755	0.00483	-0.01608	-0.00231	-0.00871	0.00579	0.00793	-0.01562	0.00849	-0.03199	0.00402	-0.00730	0.00418	0.00880	-0.00500	-0.00730	0.01075	0.01729	0.00908	-0.01431	0.00153	-0.01139	-0.00579	-0.01789	0.01641	0.00347	0.00803	-0.00989	0.00451	-0.00083	0.00011	(And (Experiencer $e0 $x0) (Member $x0 bridge))
p207215	0.00434	0.00056	-0.00047	-0.00653	-0.00670	-0.00911	-0.00020	0.01210	-0.01856	-0.00045	-0.02572	-0.00139	-0.00897	-0.00675	0.00213	-0.00526	-0.00572	0.00503	0.01767	0.00186	0.00756	0.00164	-0.00660	0.00136	0.00027	0.01441	0.00351	0.00166	-0.01326	-0.00927	0.00422	-0.00031	(And (Experiencer $e0 $x0) (Member $x0 cat))
p207216	-0.02799	-0.00169	0.00715	-0.04163	-0.00466	-0.01556	-0.01968	0.01369	0.01122	0.01271	0.00105	0.00169	-0.01571	-0.00741	-0.02496	-0.01253	-0.01069	0.02901	0.01210	-0.00879	0.00014	0.00591	-0.00331	0.01801	0.00644	-0.02352	0.00850	-0.00438	-0.00967	0.01275	0.01462	0.00293	(And (Experiencer $e0 $x0) (Member $x0 door))
p207217	-0.00889	-0.00428	0.02606	0.00399	-0.01523	-0.01433	-0.01157	-0.02314	-0.00070	0.01611	-0.02796	0.02065	-0.00895	-0.01793	0.03303	0.03341	-0.03406	0.02135	0.00836	0.01295	-0.00189	-0.00899	0.02268	0.00050	0.00721	0.00557	0.02963	-0.02886	0.02245	-0.01019	0.01082	-0.01438	(And (Experiencer $e0 $x0) (Member $x0 weather))
p207218	0.06138	-0.05914	-0.05944	0.08049	-0.07509	-0.02172	0.04016	-0.09418	-0.06206	0.16230	-0.00680	-0.02136	-0.02453	0.01717	-0.08996	-0.04224	0.11402	0.05666	-0.05802	0.01189	-0.05998	0.03851	0.08989	0.01096	0.09709	0.05049	0.11586	0.14559	0.00605	0.00134	-0.02172	-0.03740	(And (For $e0 $e1) (Member $e1 portray))
p207219	0.00505	-0.00938	-0.00618	-0.00312	-0.00994	0.00817	0.00422	-0.00422	-0.00958	0.00272	0.00588	0.00590	0.01248	0.00294	-0.01614	-0.01632	0.00757	0.01383	0.02786	0.00560	-0.00414	-0.00160	0.00413	-0.01248	-0.00660	0.01221	-0.00629	-0.01284	-0.00226	-0.03621	0.00487	0.00417	(And (For $e0 $x0) (Ongoing $e0))
p207220	-0.00269	-0.00635	-0.01324	-0.00098	-0.00155	0.00124	0.00724	0.00239	0.00744	-0.00044	0.00067	-0.00411	-0.00290	0.01142	0.00201	0.00398	0.00537	-0.00919	-0.00587	0.02035	-0.01377	-0.00202	-0.00254	0.00446	-0.00266	-0.00813	-0.00467	-0.00406	0.01108	0.00485	-0.01757	-0.00320	(And (Future $e0) (Time $e0 tomorrow))
p207221	0.01983	0.01245	0.00218	0.00781	-0.00673	-0.01497	0.03799	-0.01346	0.01987	0.01229	-0.02219	0.01939	-0.03852	-0.00491	-0.00419	-0.00201	-0.02310	-0.00969	-0.00033	-0.00869	0.03704	0.05091	-0.00398	0.00905	0.00765	0.00940	-0.00134	-0.00139	-0.01081	-0.00830	-0.00173	0.06528	(And (Goal $e0 $x0) (Manner $e0 quickly))
p207222	0.01290	0.02373	0.01406	0.02147	-0.00216	-0.02042	0.03924	-0.02455	0.02553	0.00144	-0.02532	0.02378	-0.04564	-0.00519	-0.00806	-0.01680	-0.01073	-0.00349	-0.00379	0.00292	0.04726	0.04748	-0.00224	0.03403	-0.00493	0.02257	-0.00276	0.00077	-0.00044	-0.01454	0.00880	0.09325	(And (Goal $e0 $x0) (Member $e0 come))
p207223	-0.00661	-0.02711	0.02673	-0.00151	-0.00424	0.00473	0.01330	-0.01234	-0.00183	0.02657	0.01392	0.01432	0.02589	-0.02757	-0.01543	0.00694	-0.00131	0.00367	-0.00422	0.04121	0.02578	0.01112	0.01118	-0.00874	-0.01838	-0.00209	-0.00391	-0.02451	0.03002	-0.00120	0.00056	-0.01485	(And (Goal $e0 bed) (Member $e0 go))
p207224	-0.00447	-0.00045	0.00422	0.01676	-0.02701	0.00241	-0.01795	-0.00025	-0.00116	-0.02597	-0.01158	-0.00830	0.03108	-0.00035	0.00186	0.00197	-0.00164	0.01280	-0.01293	0.00007	-0.02545	-0.01924	0.00055	0.01965	-0.01531	0.01646	-0.00244	0.02318	0.00318	-0.00547	0.00566	0.02050	(And (Goal $e0 home) (Past $e0))
p207225	0.00638	0.00193	-0.00605	-0.00468	-0.00537	0.01280	-0.00564	0.00184	0.00052	-0.00841	-0.00018	-0.00043	0.00299	-0.00348	0.01357	-0.00593	0.00553	-0.00527	-0.00100	0.00136	-0.00711	0.00052	0.00825	-0.00205	-0.00222	0.00098	0.00036	-0.00208	0.00099	0.00546	0.00031	0.00454	(And (GroupOf $x0 person) (Past (LocatedIn $x0 $x1)))
p207226	0.01911	0.03728	0.00269	0.03907	-0.02185	-0.04664	0.00427	0.03631	-0.00653	0.01388	-0.01261	-0.00426	-0.01161	0.05091	0.09320	0.01532	0.02199	-0.00069	-0.03620	0.04492	-0.06536	-0.01399	-0.04615	-0.01747	-0.04254	-0.03957	-0.04001	0.04304	-0.00117	-0.02290	-0.03044	0.01705	(And (GroupOf $x0 thing) (Patient $e0 $x0))
p207227	0.00137	0.01200	0.01773	-0.01078	0.01932	-0.01481	-0.00492	-0.01047	-0.00466	-0.00061	0.00264	0.01221	0.00005	-0.00105	-0.00196	-0.01606	0.02319	-0.01024	-0.00751	0.00498	-0.00398	0.01186	0.00530	0.01924	-0.01101	-0.00353	0.00068	-0.01267	-0.01418	-0.00898	-0.00752	0.00088	(And (In $e0 $x0) (Theme $e0 $x1))
p207228	-0.01087	0.11922	-0.11054	0.04057	-0.08449	0.24422	-0.04978	0.10173	0.08131	0.11581	-0.00348	0.06472	0.04861	0.06751	-0.13388	-0.07501	0.05208	-0.05885	0.05877	0.12764	-0.02620	0.00028	-0.05980	-0.02113	-0.09291	-0.07498	0.06704	-0.09168	0.17694	0.08493	-0.08611	-0.02205	(And (Instrument $e0 $x0) (Member $e0 build))
p207229	0.00102	-0.00422	-0.00299	-0.00638	-0.00031	-0.00290	-0.00203	0.00449	-0.00953	-0.00011	-0.02043	0.00188	-0.00525	-0.00087	-0.00080	-0.00296	-0.00129	0.00425	0.01215	0.00296	-0.00209	0.00159	-0.00241	-0.00239	-0.00707	0.01010	0.00373	0.00015	-0.00497	0.00133	0.00072	-0.00012	(And (Like $e0 $x0) (Member $e0 look))
p207230	-0.03030	0.03187	0.02607	0.01807	-0.01200	0.04584	0.03108	-0.02334	-0.01710	0.03823	0.00884	-0.01417	0.01116	0.00501	-0.01948	-0.00197	-0.00721	0.00032	-0.00960	-0.00621	0.01228	-0.02687	-0.01356	-0.01855	-0.00561	0.00093	-0.00262	-0.00644	-0.00286	0.00320	0.01748	-0.00171	(And (LocatedIn $x0 $x1) (Member $x0 thing))
p207231	0.01490	0.02693	0.02846	0.00209	-0.00776	0.04783	0.01082	-0.01837	-0.01146	0.04328	-0.00144	-0.02255	0.00499	0.00317	-0.01076	0.00111	-0.01346	0.00562	-0.00811	0.00413	0.01453	-0.01411	-0.02460	-0.01705	0.00343	-0.00248	-0.00250	0.00404	-0.01674	-0.00272	0.01507	0.00459	(And (LocatedIn $x0 $x1) (Member $x1 city))
p207232	0.01249	0.02603	0.02532	0.00040	-0.00647	0.04560	0.00930	-0.01660	-0.01131	0.04212	0.00022	-0.02116	0.00059	0.00268	-0.00944	-0.00106	-0.01260	0.00591	-0.01013	0.00586	0.01593	-0.01527	-0.02296	-0.01563	0.00127	-0.00195	-0.00150	0.00381	-0.01206	-0.00273	0.01599	0.00529	(And (LocatedIn $x0 $x1) (Member $x1 full))
p207233	0.01081	0.02668	0.02224	-0.00030	-0.00691	0.04499	0.00963	-0.01641	-0.00925	0.03910	0.00275	-0.02327	0.00012	0.00482	-0.00772	-0.00198	-0.01304	0.00303	-0.01151	0.00488	0.01778	-0.01474	-0.02508	-0.01359	0.00109	-0.00497	0.00172	0.00607	-0.01053	-0.00141	0.01650	0.00410	(And (LocatedIn $x0 $x1) (Member $x1 table))
p207234	0.01586	0.03359	0.02743	-0.00339	0.01115	0.04468	0.02084	-0.03543	-0.01528	0.04671	0.01397	-0.01841	0.00632	0.00645	-0.00735	0.01261	-0.01923	0.00807	-0.01428	0.01835	0.01482	-0.00645	-0.03382	-0.00516	0.01005	0.00055	0.01373	-0.01511	-0.02474	-0.00295	0.00252	-0.00185	(And (LocatedIn $x0 $x1) (Theme $e0 $x0))
p207235	0.00265	0.00963	0.04189	0.01186	-0.00901	0.00903	-0.00489	0.00880	-0.01119	0.01186	-0.01112	0.01883	-0.00460	0.01123	-0.00730	-0.00323	-0.01363	-0.00539	-0.01693	0.01770	-0.00858	0.01368	-0.00623	0.01700	0.02422	0.01359	-0.01703	-0.00630	0.01344	-0.00383	-0.00715	0.01102	(And (Location $e0 $x0) (Member $x0 bench))
p207236	0.04586	0.01028	0.04184	-0.01820	-0.05223	-0.04392	-0.02319	0.17917	-0.06294	0.06304	-0.02448	0.02315	-0.03973	-0.11336	-0.03648	0.05888	-0.00308	0.01098	0.02555	-0.01223	0.06244	0.00476	0.00408	0.01379	0.09030	0.03947	-0.07477	-0.07497	-0.07149	0.00027	-0.03091	-0.00896	(And (Location $e0 $x0) (Member $x0 couch))
p207237	0.00862	0.01411	0.02259	0.00587	-0.01005	0.02388	-0.00486	0.01959	0.00094	0.00756	-0.00633	-0.00786	-0.00679	-0.00060	0.00049	0.00339	-0.01258	-0.00410	-0.01140	0.01161	-0.00162	-0.00399	-0.01409	0.00878	0.02102	-0.00060	-0.00983	0.00714	0.00448	0.00361	0.00114	-0.00825	(And (Location $e0 $x0) (Member $x0 house))
p207238	0.00270	0.00418	0.01055	0.00878	-0.00669	-0.00341	-0.01364	0.01803	-0.00844	-0.00627	-0.01336	0.01278	0.00160	0.00861	-0.00384	0.00010	-0.00006	-0.00462	-0.00782	0.00756	-0.01537	-0.00097	-0.00148	0.01040	0.01822	0.00832	-0.01109	-0.00159	-0.00170	-0.00247	-0.01413	0.00537	(And (Location $e0 $x0) (Member $x0 village))
p207240	0.00546	-0.00318	0.00470	-0.01422	-0.01127	0.00618	0.01111	0.03453	0.00723	-0.00876	-0.00406	-0.02205	-0.01635	-0.00549	0.00223	-0.00781	-0.00747	-0.00723	0.01499	-0.00521	0.00508	-0.00370	-0.01106	-0.00019	0.02946	0.01474	-0.00592	0.00667	-0.00030	-0.01870	0.00706	-0.00998	(And (Location $e0 $x0) (PartOf $x0 $x1))
p207241	-0.06194	-0.01501	-0.02032	0.02859	0.04058	0.02012	-0.05337	0.04533	0.03643	0.05696	-0.03126	-0.02312	0.00650	0.04078	0.05490	-0.03275	-0.02184	0.01791	-0.04572	-0.01622	0.07270	0.06120	0.05337	0.01097	-0.02125	0.09703	-0.03542	-0.07560	-0.04266	-0.05913	-0.02050	-0.04566	(And (Location $e0 eskisehir) (Member $e0 build))
p207242	-0.06194	-0.01501	-0.02032	0.02859	0.04058	0.02012	-0.05337	0.04533	0.03643	0.05696	-0.03126	-0.02312	0.00650	0.04078	0.05490	-0.03275	-0.02184	0.01791	-0.04572	-0.01622	0.07270	0.06120	0.05337	0.01097	-0.02125	0.09703	-0.03542	-0.07560	-0.04266	-0.05913	-0.02050	-0.04566	(And (Location $e0 eskisehir) (Past $e0))
p207243	-0.06194	-0.01501	-0.02032	0.02859	0.04058	0.02012	-0.05337	0.04533	0.03643	0.05696	-0.03126	-0.02312	0.00650	0.04078	0.05490	-0.03275	-0.02184	0.01791	-0.04572	-0.01622	0.07270	0.06120	0.05337	0.01097	-0.02125	0.09703	-0.03542	-0.07560	-0.04265	-0.05913	-0.02050	-0.04566	(And (Location $e0 eskisehir) (Patient $e0 $x0))
p207244	0.00742	-0.00756	-0.00256	-0.00154	-0.00678	0.00424	0.00391	-0.00254	0.00211	-0.00928	-0.00268	-0.00201	0.00771	0.00239	0.00835	-0.00063	0.00237	-0.00347	0.00182	-0.00516	-0.00208	0.00011	0.00854	-0.00697	-0.00076	-0.00042	0.00580	-0.00582	-0.00133	0.00417	-0.00210	0.00362	(And (Location $e0 here) (Past $e0))
p207245	0.00958	-0.00201	-0.01066	0.00137	-0.00479	0.00386	0.00489	0.00325	0.00472	-0.00858	-0.00593	-0.00202	0.00293	0.00311	0.00925	-0.00130	0.00683	-0.00765	0.00154	-0.00114	-0.00207	0.00186	0.00534	-0.01126	-0.00069	-0.00674	0.00500	-0.00694	0.00175	0.00552	-0.00909	0.00166	(And (Location $e0 here) (Patient $e0 $x0))
p207246	0.05641	-0.02927	0.00526	-0.05113	0.06450	0.06336	0.05239	0.01268	-0.03708	-0.07284	0.02342	0.05267	-0.01849	0.04659	0.05430	-0.06918	0.06520	0.04762	0.00672	-0.02980	0.08665	-0.03912	0.08042	-0.10238	0.00729	-0.02400	0.11317	-0.12043	0.04035	0.05797	0.01038	0.03606	(And (Manner $e0 directly) (Patient $e0 $x0))
p207247	0.00121	-0.00460	0.00387	-0.00145	-0.00341	0.00221	-0.00768	-0.00072	-0.00351	-0.00645	0.00101	-0.00154	0.00153	-0.00405	0.00348	-0.00380	-0.00200	0.00325	-0.00342	0.00043	-0.00748	0.00036	0.00343	0.00328	-0.00646	-0.00127	-0.00970	0.00460	0.00892	-0.00073	0.00043	-0.00013	(And (Manner $e0 immediately) (Past $e0))
p207248	0.01666	0.02429	-0.01915	0.05476	0.14336	0.00469	-0.00160	-0.03914	-0.01516	-0.02262	0.03027	-0.01900	-0.03902	0.05748	-0.01403	0.01279	-0.00374	0.04719	0.05933	0.02711	-0.02588	0.01763	-0.04358	0.01618	0.05113	0.03069	-0.02729	-0.02609	0.03048	0.04300	0.00469	-0.01791	(And (Manner $e0 well) (Past $e0))
p207249	0.00530	0.03308	-0.01886	0.05562	0.14339	0.00324	0.00812	-0.03982	-0.02266	-0.02109	0.03476	-0.01378	-0.04314	0.05253	-0.01422	0.00968	-0.00220	0.04470	0.05990	0.01778	-0.02201	0.01875	-0.03904	0.01460	0.05138	0.02902	-0.02983	-0.03203	0.02572	0.04426	0.00188	-0.02087	(And (Manner $e0 well) (Theme $e0 $x0))
p207250	-0.02573	0.01832	-0.01183	0.01195	-0.01855	0.00275	0.02684	-0.00278	0.01183	-0.00407	-0.01934	-0.00510	-0.01932	-0.00157	-0.00959	-0.00506	-0.00305	-0.01833	0.00533	-0.02858	0.00111	0.00801	-0.00407	-0.00812	-0.00742	0.00310	0.00351	-0.00762	0.02227	0.00197	-0.01790	0.02000	(And (Member $e0 add) (Past $e0))
p207251	0.00256	0.00440	-0.00194	-0.00823	-0.00305	-0.00386	-0.00810	0.00211	-0.00374	-0.00322	-0.00179	-0.00224	-0.00474	-0.00234	0.00606	-0.00142	-0.00361	0.00145	-0.00636	-0.01024	-0.00411	0.00294	-0.00745	-0.00134	-0.00669	-0.00048	0.00509	0.00017	0.00260	-0.00277	-0.00939	0.00334	(And (Member $e0 approve) (Theme $e0 $x0))
p207252	-0.00425	-0.00563	0.00043	0.00468	-0.00729	0.00576	-0.00616	-0.00563	0.00178	-0.00201	0.00068	0.00117	0.01268	0.00916	-0.00372	-0.00124	0.00011	-0.00138	-0.00349	0.01019	-0.01143	-0.00468	0.00103	0.00459	-0.00881	0.00123	-0.00201	-0.00004	0.01082	0.00158	-0.00107	0.00494	(And (Member $e0 arrive) (Past $e0))
p207253	0.03794	0.03476	-0.01196	0.00061	0.03525	0.01974	0.01135	0.02383	-0.01571	-0.04151	-0.01847	0.04831	0.01489	-0.03538	-0.01372	0.00186	-0.01436	0.03576	-0.02123	-0.01450	-0.02188	0.03576	0.02432	0.01704	-0.00515	-0.01894	-0.04300	0.07160	0.00156	-0.00833	0.03298	-0.03144	(And (Member $e0 avoid) (Theme $e0 $x0))
p207254	0.02656	0.02515	-0.00326	0.02184	-0.01838	-0.00459	-0.03495	-0.03453	-0.01758	-0.03229	-0.02084	0.00658	-0.01549	0.08708	0.04411	0.02275	0.01894	-0.04091	-0.00511	-0.01058	-0.04326	0.03074	0.00345	0.01873	-0.01271	-0.02873	0.00944	-0.01520	-0.01519	-0.01939	-0.00208	0.00145	(And (Member $e0 begin) (Patient $e0 $x0))
p207255	0.01524	0.00241	-0.00890	0.01331	-0.01193	0.00271	0.00237	-0.00888	-0.00616	-0.01576	0.01089	-0.00590	0.02430	-0.01926	0.01524	-0.00392	0.00858	0.00014	0.01666	-0.00277	-0.01164	0.00417	0.03154	-0.00065	0.01384	0.01335	-0.01427	-0.00821	-0.01513	-0.01284	0.00550	0.01027	(And (Member $e0 break_out) (Past $e0))
p207256	0.00039	-0.00407	0.00863	-0.00222	-0.00411	-0.00076	0.00245	-0.00761	-0.00185	0.00043	0.00113	-0.00530	-0.01089	-0.00101	0.00367	-0.00943	-0.00564	0.00263	-0.00421	0.00306	-0.00149	0.00950	0.00113	0.00435	-0.00923	0.00258	-0.01343	-0.00483	0.01939	-0.00307	-0.00485	0.01477	(And (Member $e0 bring) (Past $e0))
p207257	0.01013	0.00504	0.01912	-0.03763	-0.00301	0.02357	-0.00656	-0.00470	-0.02408	0.01613	0.00361	-0.04108	-0.05761	0.00397	0.01809	-0.02407	-0.00906	0.00254	-0.00442	-0.01338	-0.00609	0.00290	-0.01286	-0.01392	-0.01297	-0.01814	-0.03296	-0.01922	0.03395	-0.00415	-0.01927	-0.00881	(And (Member $e0 buy) (Past $e0))
p207258	-0.00239	-0.01331	0.02310	0.00887	0.00435	-0.01497	-0.00400	0.00220	-0.00764	-0.02101	0.00991	0.01433	0.00741	0.01626	-0.00472	-0.01159	-0.01133	0.01555	-0.00271	-0.00480	0.00160	-0.00672	-0.01561	0.02459	0.01885	-0.01158	0.00842	0.01466	-0.00775	-0.00309	-0.00303	-0.00732	(And (Member $e0 cause) (Patient $e0 $x0))
p207259	0.00108	-0.00857	0.00249	0.00189	0.00402	-0.00649	0.00322	-0.00638	-0.00060	-0.01062	0.00116	-0.01087	-0.01829	0.00400	0.00467	-0.00843	-0.00510	0.00951	-0.00260	0.00576	0.00117	-0.00897	-0.01240	0.02398	-0.00436	-0.02164	-0.00324	0.00827	0.00149	0.00496	-0.00892	-0.00731	(And (Member $e0 close) (Patient $e0 $x0))
p207260	0.01032	0.00844	-0.00897	0.02904	-0.00395	-0.01061	-0.00370	0.02564	0.00351	-0.01620	-0.00942	-0.00868	-0.00401	-0.01155	0.00312	0.01506	0.01659	0.01189	0.00792	0.00416	0.00875	-0.00329	-0.01018	0.00199	-0.00117	0.00018	-0.01358	-0.00179	0.00067	-0.00406	0.00061	-0.00230	(And (Member $e0 come) (Patient $e0 $x0))
p207261	0.01039	0.00458	-0.00150	0.01364	0.00472	-0.00381	-0.00469	-0.00093	0.00028	-0.00585	-0.01634	0.00456	-0.00393	-0.00008	0.00006	0.00227	-0.00040	0.00513	0.01926	0.00013	-0.00428	0.00300	-0.00324	0.00326	0.00195	0.00597	0.00067	-0.00084	-0.00148	-0.00680	0.00184	-0.00146	(And (Member $e0 come) (Source $e0 $x0))
p207262	0.01514	-0.00823	0.00848	-0.00332	-0.00998	-0.00451	0.01152	0.00190	0.01113	0.00327	-0.00955	-0.01006	0.00988	-0.01893	-0.00095	0.01233	-0.01392	-0.00788	0.01386	-0.02448	0.00486	0.00889	0.00089	-0.00408	0.01410	-0.00373	0.00151	0.00678	-0.02211	0.00183	-0.00013	-0.01189	(And (Member $e0 compose) (Past $e0))
p207263	0.01513	-0.00825	0.00845	-0.00333	-0.01000	-0.00453	0.01150	0.00188	0.01110	0.00324	-0.00957	-0.01009	0.00984	-0.01896	-0.00098	0.01231	-0.01395	-0.00790	0.01385	-0.02450	0.00484	0.00886	0.00087	-0.00411	0.01407	-0.00375	0.00149	0.00673	-0.02213	0.00181	-0.00015	-0.01191	(And (Member $e0 compose) (Patient $e0 $x0))
p207264	0.00485	0.00889	-0.01545	0.01103	-0.00641	0.01439	-0.00316	0.00998	0.01163	0.00130	-0.00977	0.00077	0.00288	0.00675	-0.00836	-0.00158	0.00667	-0.00792	0.00516	0.01062	-0.00826	-0.00028	-0.00686	-0.00548	-0.00450	-0.00881	0.00129	-0.00275	0.01377	0.00684	-0.01259	-0.00080	(And (Member $e0 cover) (Patient $e0 $x0))
p207265	0.00804	-0.00547	0.01212	-0.00046	-0.00440	-0.00827	0.00259	-0.01338	-0.01621	-0.00109	0.00207	-0.01091	-0.00697	0.00395	-0.00044	-0.00677	-0.00391	0.01281	-0.00159	-0.00596	-0.00873	0.00427	-0.00184	0.01027	-0.00141	-0.01235	-0.01018	0.00383	-0.01584	-0.00530	-0.00894	-0.00451	(And (Member $e0 create) (Past $e0))
p207266	-0.01249	0.02102	0.01905	-0.00492	0.01154	-0.02023	0.00332	-0.00799	-0.01907	-0.00288	0.00700	0.01748	0.00013	-0.00496	-0.00614	-0.01475	0.03249	-0.00948	-0.01191	-0.00391	0.00169	0.01057	0.01094	0.01996	-0.01536	-0.00619	-0.00740	-0.02196	-0.02074	-0.00978	-0.00939	-0.00011	(And (Member $e0 define) (Theme $e0 $x0))
p207267	-0.02742	0.01308	-0.02310	0.01659	-0.02956	0.03929	0.04338	0.00670	0.03402	0.01954	-0.02133	0.00158	0.04464	0.00307	-0.04996	0.00438	0.00283	-0.03579	0.03317	-0.02967	-0.01019	0.00315	0.00526	-0.03446	0.00459	0.00444	0.00847	-0.00905	0.00765	0.01734	-0.01894	-0.02132	(And (Member $e0 design) (Past $e0))
p207268	-0.02742	0.01308	-0.02311	0.01659	-0.02956	0.03929	0.04338	0.00669	0.03402	0.01953	-0.02134	0.00158	0.04463	0.00306	-0.04997	0.00437	0.00283	-0.03579	0.03317	-0.02967	-0.01020	0.00315	0.00525	-0.03446	0.00459	0.00444	0.00847	-0.00906	0.00764	0.01734	-0.01894	-0.02133	(And (Member $e0 design) (Patient $e0 $x0))
p207269	0.02371	-0.00602	0.00339	-0.00704	-0.00047	0.00911	0.00965	0.02821	0.02048	-0.00042	-0.01597	0.01009	0.01173	-0.01433	-0.01930	0.00451	0.00599	-0.01591	0.03043	-0.02638	0.01212	0.01554	0.01491	-0.01821	0.02324	0.00740	0.02264	-0.01933	-0.01062	0.01159	-0.00059	-0.00954	(And (Member $e0 die) (Past $e0))
p207270	0.00856	-0.00546	0.01283	0.00283	0.00254	-0.01523	-0.00860	0.00131	-0.00630	0.00381	0.00983	0.00365	-0.00509	-0.01071	-0.01066	-0.01340	-0.00911	0.01547	0.01965	-0.01742	0.01517	-0.00578	-0.00086	0.03367	-0.00306	-0.01901	0.01015	0.00269	-0.01752	0.01021	0.00664	-0.00827	(And (Member $e0 eat) (Past $e0))
p207271	0.00857	-0.00546	0.01284	0.00282	0.00255	-0.01522	-0.00860	0.00133	-0.00630	0.00382	0.00982	0.00364	-0.00509	-0.01070	-0.01065	-0.01339	-0.00909	0.01547	0.01966	-0.01742	0.01518	-0.00578	-0.00085	0.03367	-0.00306	-0.01901	0.01015	0.00269	-0.01751	0.01020	0.00665	-0.00826	(And (Member $e0 eat) (Patient $e0 $x0))
p207272	0.00873	0.00520	-0.00328	0.01196	-0.00108	-0.00363	-0.00653	-0.00210	0.00200	-0.00474	0.00699	0.00654	0.00300	0.00266	0.00186	-0.00606	0.00522	0.00617	0.01332	-0.00256	-0.00068	-0.00112	0.00099	-0.00473	-0.00130	-0.00325	-0.00087	-0.00504	0.00466	-0.02686	0.00786	-0.00113	(And (Member $e0 fall) (Ongoing $e0))
p207273	0.00781	0.00227	0.00625	0.00962	0.02628	-0.00242	-0.00129	-0.00710	0.01770	-0.01249	-0.00150	0.00173	0.01109	-0.00243	-0.01452	-0.00074	0.01047	-0.00275	0.02378	-0.01181	0.00151	0.00595	-0.00259	0.00502	0.00953	0.00750	0.01207	-0.00175	-0.00146	-0.00470	0.01483	-0.01293	(And (Member $e0 fall) (Source $e0 $x0))
p207274	-0.00268	-0.01766	0.01457	0.00285	0.00491	-0.00699	0.00041	-0.01532	-0.00401	0.00163	0.01074	-0.00028	0.01415	-0.00288	-0.00204	-0.00460	-0.00645	0.00562	-0.00275	0.00599	0.00430	-0.00111	-0.00326	0.00639	-0.00689	-0.01167	-0.00294	0.00296	0.00221	0.00181	-0.00024	-0.00791	(And (Member $e0 form) (Past $e0))
p207275	0.00271	-0.00483	0.00098	0.00638	0.00151	-0.00586	-0.00092	-0.00550	-0.00221	-0.00805	-0.00306	-0.00404	-0.00073	0.00151	-0.00083	-0.00507	-0.00205	0.00454	0.00059	-0.00133	-0.00066	-0.00556	-0.00779	0.00948	-0.00296	-0.01239	-0.00203	0.00613	-0.00611	0.00218	-0.00614	-0.00253	(And (Member $e0 form) (Patient $e0 $x0))
p207276	0.00360	-0.00127	0.00923	-0.00590	0.00637	-0.00390	-0.00941	-0.00685	-0.00519	-0.00057	0.00220	-0.00027	-0.01992	-0.00666	0.00947	0.00181	-0.00901	0.00456	0.00274	-0.00738	0.00171	0.00411	0.00248	0.00424	0.00115	-0.00247	-0.00347	-0.01221	0.01351	-0.00022	-0.00652	-0.00768	(And (Member $e0 get) (Theme $e0 $x0))
p207277	0.00558	-0.00324	0.00417	-0.00255	-0.00211	0.01572	-0.00407	-0.00070	0.00622	-0.00421	0.00749	0.01450	0.00416	-0.01604	0.00747	-0.00379	-0.00918	0.00421	-0.00089	0.00771	-0.00199	0.01013	0.00822	0.01005	-0.00296	-0.00483	-0.00287	0.00661	0.01092	0.00718	0.00445	-0.00627	(And (Member $e0 go) (To $e0 $e1))
p207278	-0.00048	0.00072	-0.00989	0.00697	-0.00971	-0.00405	-0.00436	0.02857	-0.00352	-0.01131	0.00369	-0.01239	-0.00273	-0.01512	0.00739	0.00331	0.02044	0.00562	-0.00741	0.01035	0.00815	-0.00224	-0.00483	-0.00288	-0.01300	-0.00653	-0.01779	-0.00822	0.01205	0.00600	-0.00742	-0.00293	(And (Member $e0 help) (Past $e0))
p207279	0.00921	-0.00228	-0.00595	0.00859	-0.00416	-0.00284	0.00795	0.00002	0.00929	0.00082	-0.01297	-0.00488	0.01501	-0.00050	-0.00466	0.00780	0.00006	-0.00985	0.00540	-0.00127	-0.00864	0.00559	-0.00427	-0.00903	0.00598	-0.00623	-0.00364	0.00513	-0.00799	0.00169	-0.01335	-0.00515	(And (Member $e0 hold) (Patient $e0 $x0))
p207280	0.00193	0.00570	-0.00686	0.00486	-0.00845	0.00057	-0.01136	-0.00288	0.00335	-0.00847	-0.01000	-0.01383	0.00556	-0.00393	0.00395	0.01339	-0.00829	0.00998	-0.01059	-0.01123	-0.00276	-0.01054	-0.01719	-0.00606	-0.00340	0.00843	0.01880	0.00970	0.01315	-0.00340	-0.00354	0.00879	(And (Member $e0 hold_up) (Past $e0))
p207281	0.01124	0.00826	0.01139	0.00385	-0.00418	0.01798	0.00866	-0.00791	-0.00001	0.01692	-0.00565	-0.01210	0.01118	-0.00236	-0.00697	0.00546	-0.00742	-0.00189	0.00266	-0.00429	0.00356	-0.00215	-0.01185	-0.01202	0.00726	-0.00198	-0.00312	0.00290	-0.01521	0.00029	0.00213	-0.00071	(And (Member $e0 increase) (Past $e0))
p207282	0.01133	0.00835	0.01147	0.00394	-0.00410	0.01807	0.00873	-0.00783	0.00008	0.01701	-0.00557	-0.01201	0.01127	-0.00228	-0.00690	0.00554	-0.00735	-0.00179	0.00275	-0.00420	0.00363	-0.00206	-0.01177	-0.01193	0.00734	-0.00188	-0.00303	0.00298	-0.01513	0.00038	0.00222	-0.00064	(And (Member $e0 increase) (Patient $e0 $x0))
p207283	0.01433	0.00824	-0.00616	0.03418	0.08172	-0.00123	0.00122	-0.02274	-0.01204	-0.02482	0.02102	-0.00236	-0.01053	0.03679	-0.01246	-0.00152	0.00006	0.03883	0.03344	0.00957	-0.00184	0.00139	-0.01448	0.01835	0.02211	0.01251	0.00105	-0.01478	0.00439	0.02694	0.01642	-0.00338	(And (Member $e0 influence) (Past $e0))
p207284	-0.01889	0.00340	-0.00697	-0.00405	-0.01645	-0.00312	0.00879	-0.00487	-0.00131	-0.00402	-0.01701	-0.00359	0.02209	-0.00822	-0.00278	0.01592	-0.01115	-0.00807	-0.00631	-0.01400	-0.00543	-0.00742	-0.01604	-0.00910	-0.01484	0.00840	0.02842	0.00027	-0.00117	-0.00514	-0.01261	-0.00150	(And (Member $e0 lead) (Theme $e0 $x0))
p207285	-0.03422	0.00005	0.00842	-0.04331	-0.00635	-0.01539	-0.02638	0.01118	0.02000	0.01308	0.00027	0.00359	-0.02048	-0.00456	-0.02969	-0.00697	-0.01280	0.03257	0.01002	-0.00728	-0.00329	0.00642	-0.00049	0.02046	0.01239	-0.03107	0.01220	-0.01032	-0.00269	0.01407	0.01480	0.00142	(And (Member $e0 leave) (Patient $e0 $x0))
p207286	-0.03418	0.00009	0.00847	-0.04326	-0.00629	-0.01534	-0.02634	0.01123	0.02004	0.01313	0.00032	0.00364	-0.02043	-0.00451	-0.02964	-0.00692	-0.01276	0.03262	0.01007	-0.00723	-0.00325	0.00646	-0.00044	0.02051	0.01243	-0.03103	0.01224	-0.01027	-0.00263	0.01411	0.01486	0.00146	(And (Member $e0 leave) (Result $e0 $e1))
p207287	0.00488	0.00028	0.00455	-0.01408	-0.00617	0.00396	-0.00531	0.00629	-0.00773	0.00194	0.00600	0.00420	-0.01025	0.00420	-0.00475	-0.00704	0.00008	0.00185	0.00426	-0.00551	-0.00819	0.00888	-0.00185	-0.00124	0.00712	0.00221	-0.00280	-0.01599	0.00335	-0.01381	-0.01357	-0.00460	(And (Member $e0 leave) (Theme $e0 $x0))
p207288	-0.01215	0.00518	-0.00275	0.00312	-0.00842	0.00088	0.00292	0.00217	-0.00071	-0.00732	-0.00331	-0.00713	0.00147	-0.00620	0.00081	0.00162	-0.00168	-0.00183	-0.00062	-0.02028	-0.00321	-0.00561	-0.00195	-0.00573	-0.00372	0.00287	0.00825	-0.00027	0.00526	0.00202	-0.00377	-0.00159	(And (Member $e0 pick_up) (Past $e0))
p207289	0.01278	-0.01871	-0.00382	-0.01564	-0.00905	0.02068	0.02037	0.02196	0.00546	0.00382	0.00521	-0.01298	-0.01186	-0.01650	-0.02655	-0.01250	0.01665	0.01219	0.03618	-0.00288	-0.00412	-0.00964	0.01255	-0.02187	0.02445	0.02457	-0.02605	-0.02285	-0.00134	-0.04255	-0.00089	-0.00279	(And (Member $e0 play) (Ongoing $e0))
p207290	0.00693	-0.00217	0.00682	-0.01323	0.00059	-0.00295	0.00008	-0.00595	-0.00974	0.00554	0.00037	-0.00698	-0.00882	-0.00629	0.00363	-0.00572	-0.00409	-0.00068	0.00097	-0.00918	-0.00312	0.00915	-0.00102	-0.00436	0.00008	-0.00715	-0.01445	-0.00708	-0.00171	-0.00431	-0.01381	-0.00350	(And (Member $e0 play) (Past $e0))
p207291	0.00326	-0.00074	0.00183	-0.01548	-0.00527	-0.00644	0.00171	-0.00692	-0.01876	0.00896	0.00657	0.00883	0.00579	-0.00407	-0.00255	-0.00990	-0.00064	0.00674	0.00850	0.00420	0.00248	0.00712	-0.00438	-0.00598	-0.01146	0.00002	-0.00070	-0.01599	-0.00911	-0.02547	-0.01138	-0.00088	(And (Member $e0 read) (Theme $e0 $x0))
p207292	0.00362	0.00162	0.00885	0.00563	0.00710	-0.00599	0.00088	-0.01461	-0.00480	-0.01610	-0.00139	-0.00654	0.02349	-0.02054	0.02416	-0.00695	0.01907	-0.01023	0.00377	0.02237	-0.01391	0.00175	0.02828	0.01618	-0.00626	0.01589	-0.00653	-0.00927	-0.00016	0.00235	0.00673	0.00156	(And (Member $e0 return) (Past $e0))
p207293	0.00166	0.00407	-0.00578	-0.00690	-0.00274	0.00142	-0.01237	0.00569	0.00436	-0.00592	-0.00259	-0.01614	0.00023	-0.00413	0.00654	0.00594	-0.00734	0.00562	-0.00751	-0.01672	-0.00091	-0.00286	-0.02035	-0.01257	-0.00692	0.00465	0.02549	-0.00061	0.01887	-0.00222	-0.00653	-0.00248	(And (Member $e0 rule) (Past $e0))
p207294	-0.03000	0.00577	0.00764	0.00174	-0.01068	-0.00401	0.01816	0.00227	-0.02025	-0.00006	0.00868	0.00735	-0.00190	-0.00764	-0.00196	-0.00521	0.00428	-0.00498	-0.00751	-0.00917	-0.00947	-0.00384	0.01254	-0.00131	-0.00351	0.00085	-0.01342	-0.02149	0.00982	0.00005	-0.01752	-0.00854	(And (Member $e0 say) (Theme $e0 $x0))
p207295	0.00458	0.01195	-0.01839	0.01578	-0.00635	0.01280	-0.00683	0.01125	0.01038	-0.00259	-0.01288	0.00143	-0.00307	0.00834	-0.00495	-0.00187	0.00925	-0.00806	0.00339	0.01501	-0.01037	-0.00325	-0.00572	-0.00238	-0.00665	-0.01063	-0.00018	-0.00414	0.01927	0.00593	-0.01474	0.00043	(And (Member $e0 solve) (Patient $e0 $x0))
p207296	0.01421	0.06219	-0.03792	0.04440	0.05939	-0.01920	-0.02815	0.03219	0.02086	0.05852	0.02366	-0.00478	0.02917	0.00597	-0.03142	0.03485	-0.01176	-0.00665	0.06153	-0.01435	-0.00682	-0.02451	-0.01118	0.00236	0.01431	0.01988	0.06365	-0.05051	0.01388	0.04918	0.02757	0.01829	(And (Member $e0 spend) (Past $e0))
p207297	0.01421	0.06219	-0.03792	0.04440	0.05939	-0.01920	-0.02815	0.03219	0.02086	0.05852	0.02366	-0.00478	0.02917	0.00597	-0.03142	0.03485	-0.01176	-0.00665	0.06153	-0.01435	-0.00682	-0.02451	-0.01118	0.00236	0.01431	0.01988	0.06365	-0.05051	0.01388	0.04918	0.02757	0.01829	(And (Member $e0 spend) (Theme $e0 $x0))
p207298	-0.00815	0.00588	0.00239	0.00453	-0.00083	-0.01454	-0.00000	0.01297	0.01420	-0.01605	0.02880	-0.00129	0.01597	0.01030	-0.00296	-0.01654	0.00532	-0.01316	-0.00037	-0.00140	0.01676	0.00244	-0.01527	0.00796	0.01145	-0.00948	0.01905	0.01281	0.00821	-0.02713	0.01691	-0.01206	(And (Member $e0 stand) (Ongoing $e0))
p207299	0.01221	0.00172	0.00503	0.00642	-0.00305	-0.00489	0.00947	0.01759	0.01081	-0.00371	-0.01652	0.01365	-0.00594	0.01104	-0.00632	0.00657	-0.00954	-0.01464	-0.00073	-0.00562	0.00352	0.02133	-0.00573	-0.00332	0.02682	0.00509	0.00510	-0.00374	-0.00519	0.00430	-0.01023	0.01334	(And (Member $e0 stick) (Past $e0))
p207300	0.01223	0.00174	0.00506	0.00644	-0.00302	-0.00487	0.00950	0.01763	0.01084	-0.00366	-0.01649	0.01367	-0.00591	0.01108	-0.00628	0.00661	-0.00950	-0.01462	-0.00071	-0.00559	0.00356	0.02136	-0.00569	-0.00329	0.02685	0.00511	0.00513	-0.00369	-0.00515	0.00432	-0.01020	0.01338	(And (Member $e0 stick) (Patient $e0 $x0))
p207301	0.00822	-0.00355	0.01555	0.07000	-0.04482	-0.02546	-0.02339	0.05734	-0.06394	0.01200	0.03278	-0.01415	0.04814	-0.05109	-0.07750	0.11805	0.08348	0.04722	-0.05626	0.05768	0.17378	-0.00502	-0.02165	-0.03345	-0.03203	-0.04774	-0.01340	-0.07343	-0.00183	-0.00299	0.02785	-0.05610	(And (Member $e0 stop) (Theme $e0 $e1))
p207302	0.00090	-0.00523	0.00758	-0.00584	-0.00302	-0.00311	-0.00867	0.00137	-0.00329	0.02138	0.01164	0.00227	0.00364	-0.00953	-0.00153	-0.00496	-0.00534	-0.00664	0.00562	0.00211	-0.00233	0.00276	0.01105	0.00206	-0.00747	-0.00611	-0.00493	-0.01563	0.01434	0.00356	0.00046	-0.00220	(And (Member $e0 succeed) (Past $e0))
p207303	0.01265	-0.00109	-0.00798	0.01955	0.07483	-0.02552	0.00893	-0.02233	-0.01785	0.00911	0.00038	-0.00476	0.00764	0.04776	-0.01953	0.01629	-0.00417	0.00266	-0.00964	0.01903	-0.02009	0.00964	-0.00793	-0.02028	0.01232	0.00018	-0.02615	-0.00250	-0.00380	-0.01010	0.01370	0.00509	(And (Member $e0 suggest) (Past $e0))
p207304	0.01317	0.00447	0.00010	-0.01374	0.00264	-0.00106	-0.00873	-0.01257	-0.02691	-0.02243	0.01441	-0.02736	-0.02100	-0.01391	0.05929	-0.02245	-0.00436	0.00141	0.00218	-0.00336	-0.01541	0.00323	0.00543	0.01485	-0.00345	-0.00728	-0.03217	-0.00419	0.00491	0.00845	-0.01732	0.00929	(And (Member $e0 take_over) (Past $e0))
p207305	-0.00347	-0.00691	0.00448	0.00271	-0.00658	0.00045	-0.00398	-0.00888	0.00184	-0.00707	0.00796	0.00216	0.01111	0.00849	0.00112	-0.00285	-0.00386	0.00466	0.00198	0.00040	-0.00870	-0.00384	-0.00022	0.00664	-0.00632	0.00212	-0.00184	0.00457	0.00535	-0.00677	0.00717	0.00440	(And (Member $e0 talk) (Past $e0))
p207306	0.00546	-0.00339	0.00341	-0.00246	-0.00237	0.01559	-0.00501	0.00039	0.00633	-0.00614	0.00734	0.01353	0.00409	-0.01520	0.00839	-0.00380	-0.00870	0.00425	0.00008	0.00641	-0.00415	0.00960	0.00831	0.01052	-0.00280	-0.00424	-0.00304	0.00773	0.01060	0.00791	0.00478	-0.00719	(And (Member $e0 talk) (To $e1 $e0))
p207307	-0.00300	0.00815	-0.00333	0.02308	-0.02380	0.01754	-0.02363	-0.00251	-0.01104	-0.02831	0.00099	0.01179	0.04960	0.00523	0.00684	-0.01751	0.02591	-0.00070	-0.01322	0.03737	-0.03436	-0.00544	0.01353	0.02434	-0.01012	0.01411	-0.01882	0.00535	0.01232	0.00667	-0.00721	0.02834	(And (Member $e0 travel) (Past $e0))
p207308	-0.00114	-0.00478	-0.00333	0.00045	-0.00847	0.00636	-0.00351	-0.00052	0.00457	-0.00458	0.00040	-0.00431	0.01441	-0.00178	-0.00040	0.00549	-0.00348	0.00374	-0.00572	0.00347	-0.00892	-0.00654	-0.00447	-0.00059	-0.00497	0.00615	0.00716	0.00311	0.00744	-0.00058	-0.00356	0.00284	(And (Member $e0 watch) (Past $e0))
p207309	0.01705	0.01843	-0.00705	-0.00179	-0.01750	0.04770	-0.01509	-0.00678	-0.00497	-0.01393	0.01492	0.03535	0.04776	-0.02720	-0.00503	-0.00626	-0.00087	0.01920	0.00063	0.01762	-0.01561	0.01348	0.00335	0.02072	-0.00908	0.00245	0.01062	0.00229	-0.00323	-0.00639	-0.00595	-0.00188	(And (Member $e0 watch) (Theme $e0 $x0))
p207310	-0.00056	0.00451	-0.00764	0.00326	-0.01179	-0.00105	-0.01286	0.00714	0.00852	-0.01252	-0.01149	-0.00937	0.01383	-0.00225	0.00237	0.01165	-0.00589	0.00436	-0.00905	-0.01512	-0.00758	-0.01029	-0.01558	-0.00295	-0.00739	0.01067	0.02324	0.01313	0.00449	-0.00250	-0.00006	0.00711	(And (Member $e0 welcome) (Past $e0))
p207311	0.00372	0.00159	-0.00615	-0.00016	-0.00641	-0.00641	-0.00145	0.00191	-0.00820	-0.00262	0.00558	0.00352	0.00337	-0.00133	-0.00037	-0.01139	0.00453	0.00619	0.01175	-0.00184	0.00994	0.00059	-0.00076	-0.00765	-0.00753	-0.00280	0.00049	-0.00544	-0.00222	-0.02635	0.00928	0.00062	(And (Member $e0 work) (Ongoing $e0))
p207312	-0.01427	-0.00914	-0.00326	0.02175	0.00854	-0.00237	0.01846	-0.01872	-0.00171	-0.00169	0.01303	0.00321	-0.01362	0.00727	-0.01440	-0.01102	0.00758	0.01621	0.00301	0.02538	-0.00491	-0.01251	-0.00069	0.01502	-0.00360	-0.02439	-0.00977	-0.01103	0.02491	-0.01170	-0.01694	-0.01800	(And (Member $x0 big) (Patient $e0 $x0))
p207313	0.01281	0.01361	0.00680	0.01287	-0.00898	-0.02434	0.00023	0.01197	-0.00552	0.00399	-0.00081	-0.00177	-0.00689	0.02137	0.05506	0.00589	0.00682	0.00445	-0.01593	0.01346	-0.02907	-0.00698	-0.01828	-0.00864	-0.02381	-0.01909	-0.01875	0.02552	-0.00451	-0.01651	-0.00475	0.00780	(And (Member $x0 blue) (Member $x0 sky))
p207314	0.00891	0.01370	0.01552	-0.01418	-0.01154	0.02365	0.00326	-0.00383	0.00260	0.01385	-0.00116	-0.02382	-0.00523	-0.00389	0.01096	0.00809	-0.01675	0.00038	-0.01136	-0.01297	0.00838	-0.00918	-0.01707	-0.00620	0.00140	0.00037	0.01170	0.00700	-0.00581	-0.00133	0.00787	0.00030	(And (Member $x0 bottom) (PartOf $x0 $x1))
p207315	0.01860	0.00068	0.00549	0.02220	-0.01337	-0.00624	0.00294	-0.02110	-0.01722	-0.02892	0.00900	-0.00812	0.01676	-0.02292	0.02294	-0.01079	0.00153	0.01685	0.01816	-0.00913	-0.00379	-0.00650	0.03140	0.02676	0.01072	0.00317	-0.01234	-0.00014	-0.02662	-0.01276	0.00606	0.00832	(And (Member $x0 fire) (Patient $e0 $x0))
p207316	0.00692	-0.00265	0.01357	-0.01561	-0.00852	0.00924	0.00214	0.00563	0.00879	-0.00204	-0.00087	-0.02161	-0.01741	-0.00581	0.02225	0.00775	-0.01856	-0.00938	-0.00728	-0.01157	0.00249	-0.00409	-0.00368	0.00353	0.01310	-0.00106	0.00135	0.00678	-0.00336	0.00367	0.00872	-0.00737	(And (Member $x0 house) (Member $x0 large))
p207317	0.00982	0.00318	0.00576	0.00357	-0.00850	-0.00351	-0.00907	0.01646	0.00101	0.00578	0.00398	0.00466	-0.00604	-0.01181	-0.00544	-0.00818	-0.00669	0.00190	0.00919	-0.00237	0.00519	-0.00141	0.00390	0.02313	0.00227	-0.01930	0.00193	-0.00209	-0.00300	0.00935	-0.00278	-0.00716	(And (Member $x0 house) (Patient $e0 $x0))
p207318	0.01392	0.01444	-0.01904	0.02796	-0.00784	-0.00093	-0.00377	0.01199	0.00850	-0.00740	-0.02158	-0.00401	-0.00569	0.00948	0.00635	0.00259	0.01168	-0.00479	0.00665	0.01347	-0.01762	-0.00462	-0.00630	-0.00597	-0.00328	-0.01158	-0.00898	-0.00355	0.01140	-0.00766	-0.01952	0.00154	(And (Member $x0 light) (Patient $e0 $x0))
p207320	0.00178	-0.00264	0.00139	-0.01522	0.00109	-0.00132	-0.00002	-0.00258	-0.00442	0.00209	0.00492	-0.00395	-0.00920	-0.00270	0.00661	-0.00127	-0.00354	-0.00143	-0.00498	-0.00273	-0.00486	0.00528	-0.00336	-0.00136	-0.00436	-0.00367	-0.00074	-0.00908	0.00573	-0.00163	-0.01370	-0.00584	(And (Member $x0 orchestra) (Theme $e0 $x0))
p207321	0.00170	0.00277	0.00240	-0.00879	-0.00757	-0.00238	-0.01448	0.01286	-0.00172	-0.00853	-0.00852	-0.01149	-0.01547	0.00391	0.00841	0.00087	-0.00604	-0.00406	-0.00800	-0.01570	-0.00992	0.00127	-0.01052	0.00113	0.00455	0.00261	0.00442	0.00152	0.01342	-0.00052	-0.01060	-0.00402	(And (Member $x0 picture) (Theme $e0 $x0))
p207322	0.00818	0.01331	-0.00723	0.02514	-0.01148	0.00790	-0.01247	0.00226	0.01066	-0.00072	-0.01375	0.01006	-0.00589	0.00564	0.00303	0.00787	0.00276	-0.00141	0.00649	0.01550	-0.01033	-0.00586	0.00624	-0.00044	-0.00352	-0.01017	0.00625	-0.01584	0.02495	-0.00722	-0.00969	-0.00250	(And (Member $x0 problem) (Patient $e0 $x0))
p207323	0.00192	-0.00667	-0.00180	-0.02060	-0.00743	-0.00819	-0.00175	0.00443	-0.00001	0.00094	-0.01165	-0.02568	-0.01377	0.00911	0.00512	0.00150	-0.00395	-0.01223	-0.01170	-0.02006	-0.00524	-0.00326	-0.00822	-0.02189	-0.00945	-0.00898	0.00568	-0.00755	0.01543	-0.00986	-0.01164	-0.00492	(And (Member $x0 song) (Theme $e0 $x0))
p207324	-0.03618	0.01239	-0.00964	0.03337	0.04272	-0.00566	0.02378	-0.01728	-0.00758	-0.00988	0.01205	0.00345	0.00485	0.01217	-0.01427	0.00455	0.00345	0.00426	0.01098	-0.00744	-0.00535	-0.01111	-0.00278	-0.00214	0.01196	0.01298	-0.00727	-0.00499	0.00104	0.01487	0.00869	-0.00526	(And (Member $x0 thing) (Possession $x1 $x0))
p207325	-0.04006	0.01360	0.01456	0.01341	-0.01103	0.02120	0.02600	-0.01429	-0.01541	0.01249	0.01433	-0.00031	0.00776	-0.00350	-0.00861	-0.00713	-0.00106	-0.00201	-0.00583	-0.01145	-0.00088	-0.01599	0.00820	-0.00961	-0.01124	-0.00265	-0.00935	-0.01034	0.01547	0.00659	0.00598	-0.01069	(And (Member $x0 thing) (Stimulus $e0 $x0))
p207326	-0.00005	0.00868	0.01968	0.02408	-0.01749	-0.01447	-0.01958	-0.02080	0.01272	0.00799	-0.01646	0.01953	-0.01501	-0.01196	0.03912	0.03695	-0.02524	0.01773	0.00023	0.00819	-0.00877	-0.01389	0.02615	0.00178	0.01546	-0.00991	0.02095	-0.03149	0.02967	-0.02181	0.00607	-0.00950	(And (Member $x0 weather) (Patient $e0 $x0))
p207327	0.03902	0.05900	-0.03634	0.09815	0.29088	0.00550	-0.00152	-0.07586	-0.03807	-0.03709	0.06586	-0.02956	-0.08756	0.10853	-0.02431	0.02094	-0.00715	0.09244	0.11727	0.05013	-0.04316	0.04796	-0.08670	0.03034	0.10402	0.05393	-0.05486	-0.06029	0.04916	0.08387	0.00052	-0.03876	(And (Member $x0 work) (Theme $e0 $x0))
p207328	0.00636	0.00942	-0.01095	0.01011	-0.00111	-0.00256	-0.00435	0.00458	0.00098	-0.00342	-0.00980	0.00211	-0.00638	0.00474	0.00109	-0.00128	0.00574	-0.00512	-0.00117	0.00827	-0.00797	0.00080	-0.00488	0.00197	-0.00372	-0.01089	-0.00568	-0.00185	0.00395	-0.00036	-0.01564	0.00302	(And (Might $e0) (Patient $e0 $x0))
p207329	-0.01354	-0.00424	0.01985	-0.01832	-0.00711	-0.00201	-0.00814	-0.01804	0.02799	-0.01188	0.00553	-0.02019	-0.00744	0.02040	-0.01193	0.00463	-0.00284	-0.00060	0.00888	0.00179	0.00730	-0.02071	0.01476	0.00001	-0.00412	-0.00343	-0.01019	0.01176	0.03596	-0.00687	0.00174	-0.01436	(And (Only $x0 $e0) (Past $e0))
p207332	0.00340	-0.01007	0.01464	-0.00647	-0.00073	-0.00477	0.00196	-0.01229	-0.00330	-0.01425	0.00320	-0.01944	-0.01911	0.00227	0.01527	-0.00952	-0.01452	0.01056	-0.00412	-0.00825	0.00747	-0.01304	-0.01300	0.02733	-0.00414	-0.02365	0.00040	0.01324	-0.00831	0.00562	0.00004	-0.00608	(And (PartOf $x0 $x1) (Patient $e0 $x0))
p207334	-0.00014	-0.00725	0.00213	0.00036	0.00155	-0.00189	0.00043	-0.00342	0.00318	0.00331	0.00258	0.00083	0.01085	-0.00519	-0.00052	0.00149	-0.00264	-0.00295	-0.00090	0.00124	0.00033	0.00156	0.00021	-0.00531	-0.00038	-0.00185	-0.00206	0.00049	0.00350	0.00114	-0.00008	-0.00395	(And (Past $e0) (Time $e0 later))
p207335	-0.05738	0.04007	-0.04697	-0.03970	-0.00238	-0.01139	-0.01998	-0.00116	0.01883	-0.02175	0.02941	-0.04635	0.00989	0.02264	-0.03196	-0.01931	0.05117	0.02156	-0.05485	0.00401	-0.01842	0.01622	0.00388	-0.02043	0.03740	-0.03339	-0.03920	-0.00527	-0.02201	-0.00305	0.01073	0.06306	(And (Past $e0) (Time $e0 now))
p207336	-0.00159	-0.00551	-0.00402	-0.00747	-0.00577	-0.00253	0.00128	0.00410	-0.01114	0.00353	-0.02565	-0.00189	0.01187	-0.00668	0.00095	0.00097	-0.00862	0.00553	0.00888	0.00793	-0.00016	-0.00218	-0.01562	-0.00972	-0.01807	0.01497	0.01635	0.00569	0.00279	0.00016	-0.00311	-0.00339	(And (Past $e0) (Time $e0 today))
p207337	-0.00553	-0.00477	-0.00478	-0.00362	-0.00530	-0.00581	0.00408	-0.00446	-0.00496	-0.00322	0.00442	-0.00179	0.01225	-0.00018	0.00674	-0.00929	-0.00429	-0.00118	0.00056	0.00939	0.00542	-0.00118	-0.00658	0.00056	-0.01416	-0.00404	0.00213	0.00556	0.00652	-0.00830	0.00406	-0.00124	(And (Past $e0) (With $e0 $x0))
p207338	0.00233	-0.00781	-0.01253	0.01405	0.06000	-0.00688	0.02155	-0.00230	-0.00159	-0.01946	0.02131	-0.02480	-0.02280	0.00639	-0.01807	0.02302	0.00488	0.05154	0.01919	0.01753	0.02231	-0.00679	-0.01888	-0.00401	0.03719	-0.00568	-0.01491	-0.01919	-0.00334	0.01233	0.01208	-0.01494	(And (Patient $e0 $x0) (Possession $x0 $x1))
p207339	0.01282	0.01086	0.00071	0.02954	-0.00952	-0.00770	-0.01095	-0.00300	0.00260	-0.00268	-0.01324	0.00935	-0.00978	0.00101	0.01379	0.01037	0.00034	0.00673	0.00742	0.01029	-0.00815	-0.00863	0.00967	-0.00115	-0.00114	-0.00792	0.00068	-0.01559	0.01593	-0.02360	-0.00462	-0.00072	(And (Patient $e0 $x0) (Probably $e0))
p207340	0.01009	-0.00688	0.00155	0.00518	-0.00219	-0.00322	0.01112	-0.00326	0.01040	0.00347	-0.00982	-0.00433	0.02047	-0.00736	-0.00725	0.01071	-0.00553	-0.00713	0.00958	-0.00900	-0.00413	0.00824	-0.00276	-0.01000	0.01179	-0.00164	-0.00180	0.00620	-0.01531	0.00159	-0.00777	-0.00792	(And (Patient $e0 $x0) (Time $e0 night))
p207341	0.00699	0.00796	-0.00755	0.01253	-0.00902	0.03527	-0.01312	0.00168	0.00769	-0.01404	-0.00060	0.01051	-0.00184	-0.00796	0.00600	-0.00857	-0.00663	-0.00060	-0.00529	0.03309	-0.01642	0.00443	-0.00418	0.03866	-0.00397	-0.02535	-0.00994	0.00771	0.03050	0.01310	-0.01576	-0.01857	(And (Patient $e0 $x0) (To $e1 $e0))
p207343	0.00293	-0.00522	0.00869	-0.01175	-0.03214	0.05674	-0.01353	-0.01668	0.02048	-0.01948	0.00780	0.03216	-0.04429	0.09643	-0.00408	0.04436	0.02349	-0.00489	0.05097	-0.04359	-0.03835	0.06958	-0.01793	0.04858	-0.00071	0.02090	0.01578	0.00945	-0.00118	0.04177	0.03094	-0.01029	(And (Recipient $e0 $x0) (Theme $e1 $e0))
p207344	-0.04471	-0.07608	0.06353	0.04210	0.05259	0.05346	-0.05101	0.05538	-0.03017	-0.06700	0.03613	-0.03105	-0.05362	-0.00906	-0.04677	0.02406	-0.02769	-0.04474	0.04651	0.06965	-0.05221	0.04135	0.05611	-0.02194	-0.03286	-0.05830	0.03400	0.07606	-0.06911	-0.02763	-0.01772	0.07032	(And (Theme $e0 $x0) (Theme $e0 $x1))
p207345	0.00506	0.00892	0.00284	-0.01211	-0.00729	-0.01199	-0.00438	-0.01473	-0.01384	0.00388	0.01104	0.01554	0.00621	0.01738	-0.00655	0.00570	-0.01312	0.00511	-0.00145	0.00316	0.02038	0.00326	0.00727	-0.00151	-0.00352	-0.00221	-0.01170	0.00392	-0.01864	-0.00213	-0.01827	0.00750	(And (Theme $e0 $x0) (To $e0 $x1))
p207568	-0.00877	-0.00304	-0.00057	-0.00745	-0.01012	0.00406	-0.00823	-0.00895	-0.00956	-0.00511	-0.01056	0.00132	0.01238	0.00832	-0.00371	-0.00485	0.00164	0.00981	0.00050	0.01579	-0.01576	-0.00139	0.00418	0.00565	-0.00835	0.00441	-0.00030	-0.00307	0.00352	0.00293	0.00290	0.00811	(Against $e0 $x0)
p207569	0.00186	-0.00234	0.00386	-0.00398	0.00064	-0.00098	0.00995	-0.00583	0.01057	0.00697	0.00290	0.00611	-0.00931	-0.00627	0.00364	-0.00356	-0.00972	-0.00517	-0.00357	0.00113	0.01228	0.01436	-0.00060	0.00091	-0.00097	-0.00081	-0.00024	-0.00051	0.00817	0.00044	0.00283	0.01317	(Agent $e0 adriano)
p207570	-0.00454	-0.01126	0.00601	-0.00127	0.00226	-0.00107	-0.00198	-0.00645	0.00073	0.00714	0.01034	0.00211	0.01259	-0.00332	-0.00092	-0.00108	-0.00173	-0.00254	-0.00502	0.00932	0.00088	0.00304	0.00251	-0.00559	-0.00564	-0.00363	-0.00253	-0.00390	0.01081	0.00020	0.00142	-0.00438	(Agent $e0 alexander)
p207571	-0.00988	-0.01197	0.00822	-0.00497	0.00263	-0.00170	-0.00478	-0.00824	0.00460	0.00806	0.01464	0.00423	0.01418	-0.00593	-0.00362	0.00123	-0.00347	0.00218	-0.00819	0.00902	0.00205	0.00290	0.00418	-0.00559	-0.00156	-0.00652	-0.00289	-0.00563	0.01296	0.00019	0.00417	-0.00526	(Agent $e0 baya)
p207572	0.00545	-0.00240	0.00662	0.00083	-0.00340	0.01990	0.00385	-0.00542	0.01376	0.00765	0.01073	0.02702	0.00717	-0.01875	0.00033	-0.00902	-0.01264	0.00079	-0.00179	0.01973	0.00757	0.02460	0.00820	0.00669	-0.01000	-0.00545	-0.00227	-0.00073	0.02596	0.00732	0.00300	0.00641	(Agent $e0 daniel)
p207573	0.01828	0.01104	-0.00682	0.01874	-0.03229	-0.01091	-0.03864	-0.01459	-0.04155	-0.01617	0.02810	0.01588	-0.00676	0.03486	-0.01360	0.03650	0.05063	-0.01679	-0.01156	-0.02600	0.05893	0.03539	0.00924	-0.00455	-0.01803	-0.04996	0.00595	-0.05420	-0.00745	-0.05488	0.03473	-0.02001	(Agent $e0 david)
p207574	0.00309	0.00867	0.01406	0.00345	-0.00410	0.01994	-0.00061	0.00195	0.00140	0.01288	-0.00030	-0.00923	0.00030	0.00554	-0.00299	0.00061	-0.00564	-0.00458	-0.01153	0.01359	0.00147	-0.00521	-0.01250	-0.00154	0.00596	-0.00693	-0.00492	0.00143	0.01019	0.00182	0.00105	-0.00639	(Agent $e0 elias)
p207575	-0.01674	0.00381	-0.00580	0.01290	-0.00810	-0.00649	0.01060	0.00539	0.00634	-0.01005	0.02062	0.00130	0.01161	0.00310	-0.01184	-0.00581	0.00003	-0.00681	0.00624	-0.01134	0.01696	-0.00046	-0.00220	-0.00398	0.00991	-0.00589	0.00694	-0.00034	0.00608	-0.01609	0.00961	-0.00703	(Agent $e0 felix)
p207576	-0.01079	-0.00916	0.00534	-0.01268	0.00341	-0.00172	-0.00392	0.00113	0.00614	0.00532	0.01311	-0.00059	-0.00122	-0.00396	-0.00007	-0.00393	-0.00393	0.00614	-0.00473	0.00190	-0.00460	0.00358	0.00022	-0.00619	-0.00218	-0.00632	-0.00690	-0.00364	0.01325	0.00353	-0.00125	-0.00348	(Agent $e0 gustavo)
p207577	0.02857	0.01296	-0.02603	-0.01013	-0.01890	0.02779	0.01229	-0.00600	-0.01210	-0.03804	0.02557	-0.01045	0.03681	-0.04274	0.10392	-0.02449	0.02831	-0.02208	-0.00147	0.01072	-0.01304	0.00628	0.04948	-0.01938	0.00192	0.00593	-0.00630	-0.02680	-0.00280	0.02254	-0.00218	0.03453	(Agent $e0 ivan)
p207578	0.03859	0.01441	0.02627	-0.00628	-0.04400	-0.01330	-0.04694	0.04851	-0.05844	0.02399	-0.00946	0.03529	-0.02827	-0.01081	-0.01093	0.04925	0.02168	-0.02415	0.00844	-0.03555	0.04157	0.04067	0.01497	0.02503	0.03566	-0.00144	-0.02007	-0.06716	-0.05021	-0.01647	0.00126	-0.01149	(Agent $e0 jessica)
p207579	0.00436	0.00004	-0.00069	0.00025	-0.00569	-0.00719	-0.00476	0.00768	-0.00891	0.00108	0.01259	0.00647	0.00245	-0.00824	-0.00344	0.00369	0.00898	0.00632	-0.00431	-0.00119	0.01962	0.00487	-0.00034	-0.00640	-0.00540	-0.00739	-0.00565	-0.01078	-0.00638	-0.01150	0.00326	-0.00140	(Agent $e0 linda)
p207580	0.02540	0.00192	0.01369	0.01811	-0.02900	-0.00809	-0.04528	-0.03320	-0.06331	0.00513	0.02102	0.03024	-0.00401	0.02511	-0.01573	0.04310	0.05151	-0.01616	-0.02214	-0.01672	0.06398	0.05466	0.01784	0.01305	-0.01244	-0.03617	0.00926	-0.06230	-0.01612	-0.02223	0.02044	-0.02453	(Agent $e0 mark)
p207581	0.00355	0.00285	0.00072	0.01042	-0.00359	-0.00863	0.00225	0.01264	0.00322	0.00143	-0.00485	0.00896	-0.00588	-0.00386	-0.00072	0.00489	0.00082	-0.00433	-0.00951	0.01034	0.01429	0.01144	-0.00532	0.00025	0.00277	-0.00231	-0.00652	-0.00358	0.00826	-0.00024	-0.00485	0.01031	(Agent $e0 martino)
p207582	0.00227	-0.00469	0.00457	-0.00209	-0.00113	-0.00155	-0.00406	0.00463	-0.00384	0.00469	0.00054	-0.00295	-0.00549	-0.00460	0.00152	-0.00315	-0.00121	-0.00004	-0.00462	-0.00050	-0.00334	0.00173	-0.00031	-0.00050	0.00623	0.00166	-0.00552	0.00260	0.00699	0.00038	-0.00378	-0.00482	(Agent $e0 mary)
p207583	-0.00081	-0.00557	0.00761	0.00009	-0.00507	-0.00306	0.00498	-0.01313	0.00131	0.00468	0.00127	0.00371	-0.00267	-0.00056	0.00149	-0.00853	-0.00661	-0.00070	-0.00679	0.00791	0.00073	0.01043	0.00229	0.00652	-0.00782	0.00256	-0.00897	-0.00265	0.01455	-0.00342	-0.00361	0.02056	(Agent $e0 matthew)
p207584	0.00316	-0.00311	0.00569	0.00112	-0.00054	-0.00110	0.00981	-0.00908	0.00578	0.01141	0.00847	0.01351	-0.00196	-0.00631	-0.00055	-0.00570	-0.00699	-0.00080	-0.00121	0.00758	0.01295	0.01665	0.00350	-0.00324	-0.00432	-0.00175	-0.00160	-0.00771	0.01026	-0.00871	0.00319	0.01368	(Agent $e0 mennad)
p207585	-0.03449	0.00707	0.00198	0.00171	-0.00679	0.01244	0.02129	0.00564	0.00351	-0.00900	0.02576	0.02419	-0.01134	-0.02182	-0.00093	-0.02743	-0.00404	0.00473	0.00912	-0.01262	0.00346	0.01526	0.02021	0.00268	-0.01645	-0.00687	-0.01966	-0.00944	0.03277	0.00363	-0.00055	0.00379	(Agent $e0 michael)
p207586	-0.01573	-0.00298	0.00992	0.01117	0.00194	-0.00408	0.00022	-0.00041	-0.00177	-0.00356	0.00508	0.01079	0.01002	0.00081	-0.00411	0.00191	-0.00268	-0.00527	-0.00275	-0.00080	-0.00403	0.00076	0.00503	0.00573	0.00705	0.00489	-0.00235	-0.00277	0.01055	0.00457	0.00294	-0.00950	(Agent $e0 pietro)
p207587	0.00464	0.00372	0.00238	0.00410	-0.00012	-0.00483	0.00566	0.00333	0.00929	0.00225	-0.00350	0.01495	-0.00921	-0.00308	0.00001	-0.00314	-0.01017	-0.00694	-0.00673	0.00309	0.01527	0.01810	-0.00348	0.00492	0.00772	0.00460	0.00126	0.00297	0.00245	0.00029	-0.00019	0.02247	(Agent $e0 roger)
p207588	-0.00380	0.02197	0.00254	0.00458	-0.02103	0.00362	-0.03575	-0.04281	-0.04157	-0.01313	0.00308	0.03240	-0.00761	0.05425	0.00188	0.01191	0.02339	-0.03314	-0.00634	-0.04434	0.00731	0.03433	0.01211	0.02193	-0.01348	-0.02222	0.01668	-0.03267	-0.02064	-0.01471	0.01290	-0.00750	(Agent $e0 william)
p207589	-0.00045	0.00179	-0.00293	0.00353	-0.00551	-0.00755	-0.00235	0.00645	0.00311	-0.00819	0.02182	0.00291	0.00885	0.00681	0.00053	-0.01067	-0.00051	-0.00178	0.00439	-0.00451	0.01042	0.00216	-0.00541	-0.00226	0.00606	-0.00674	0.00644	0.00269	0.00328	-0.02494	0.01177	-0.00395	(Agent $e0 ziri)
p207590	-0.00206	-0.00174	-0.00097	0.00368	-0.00687	-0.00056	-0.00831	-0.00026	0.00308	-0.00578	-0.00368	-0.00455	0.01247	-0.00209	0.00011	0.00493	-0.00364	0.00381	-0.00672	-0.00318	-0.00481	-0.00773	-0.00742	-0.00035	-0.00669	0.00515	0.00878	0.00728	0.00647	-0.00219	0.00082	0.00313	(At $e0 $x0)
p207591	-0.00608	-0.01937	0.01502	-0.00745	0.00089	-0.00184	0.00818	-0.00804	-0.01370	0.01453	-0.00847	0.00186	0.01835	-0.01052	-0.00465	-0.00737	-0.00098	0.00115	0.00952	0.02503	0.00243	0.00425	0.00037	-0.00710	-0.02022	0.00796	0.00217	-0.00655	0.01235	-0.00160	0.00191	-0.01429	(Because $e0 $e1)
p207592	-0.00182	-0.00551	-0.00211	-0.00413	0.00150	-0.00444	0.00122	0.00029	-0.00525	0.00194	-0.01528	0.00084	-0.00041	-0.00021	-0.00438	-0.00222	-0.00132	0.00406	0.00817	0.00643	-0.00174	0.00158	-0.00487	-0.00238	-0.00459	0.00325	0.00230	0.00058	-0.00279	0.00120	-0.00295	-0.00314	(But $e0 $x0)
p207593	-0.00048	-0.00438	-0.00174	-0.00612	-0.00089	-0.00301	-0.00071	0.00308	-0.00767	0.00131	-0.01562	0.00133	-0.00354	-0.00221	0.00106	-0.00232	-0.00277	0.00371	0.00817	0.00392	-0.00107	0.00037	-0.00203	-0.00236	-0.00613	0.00738	0.00374	0.00081	-0.00393	0.00140	0.00063	-0.00034	(Every $e0 <num> week)
p207594	0.01186	0.00712	-0.01697	0.00363	-0.00865	0.01329	-0.00331	0.00874	0.00073	-0.01414	-0.00605	0.00293	0.00173	-0.00200	0.01940	-0.00807	0.01510	-0.00647	0.00056	0.00628	-0.00868	-0.00129	0.01318	-0.00858	-0.00542	-0.00392	0.00291	-0.01117	0.00819	0.00771	-0.00838	0.00889	(Every $e0 <num> year)
p207595	-0.00576	0.00390	0.00557	-0.01513	-0.00811	-0.00707	-0.00641	-0.01202	0.01517	-0.00049	-0.00184	0.00064	0.00663	0.01667	-0.02009	0.01132	-0.00385	0.00934	0.00588	0.00431	0.00699	-0.00184	0.01616	-0.00867	0.00879	-0.00304	-0.00585	0.00271	-0.00217	-0.00487	-0.00043	0.00095	(Experiencer $e0 $e1)
p207596	-0.00661	-0.02711	0.02673	-0.00151	-0.00424	0.00473	0.01330	-0.01234	-0.00183	0.02657	0.01392	0.01432	0.02589	-0.02757	-0.01543	0.00694	-0.00131	0.00367	-0.00422	0.04121	0.02578	0.01112	0.01118	-0.00874	-0.01838	-0.00209	-0.00391	-0.02451	0.03002	-0.00120	0.00056	-0.01485	(Goal $e0 bed)
p207597	-0.00445	-0.00044	0.00422	0.01680	-0.02700	0.00242	-0.01795	-0.00024	-0.00114	-0.02598	-0.01155	-0.00826	0.03109	-0.00038	0.00187	0.00198	-0.00164	0.01283	-0.01290	0.00010	-0.02547	-0.01923	0.00056	0.01967	-0.01529	0.01649	-0.00245	0.02315	0.00320	-0.00542	0.00567	0.02048	(Goal $e0 home)
p207598	0.00612	0.00010	0.00391	-0.00066	0.00116	-0.00828	-0.01074	0.00693	-0.00061	0.00839	0.01006	0.00531	-0.00663	-0.00956	-0.00693	-0.00992	-0.00621	0.00564	0.01471	-0.01271	0.01131	-0.00244	0.00366	0.02229	-0.00243	-0.01243	0.01187	-0.00136	-0.00714	0.00968	0.00871	-0.00613	(GroupOf $x0 cookie)
p207599	0.00155	0.01307	0.00730	0.00838	0.02249	0.01113	0.00788	-0.01109	-0.00469	0.01238	-0.01020	-0.00636	0.00347	0.00663	-0.00918	-0.00469	0.00426	0.00084	0.00588	0.01828	0.00106	-0.00438	-0.01781	-0.00179	-0.00463	0.00434	0.00149	-0.00092	0.00053	0.00333	0.00391	-0.00306	(GroupOf $x0 dish)
p207600	0.00759	0.00375	-0.00357	0.01025	0.02266	-0.00540	0.00413	-0.00768	-0.00041	-0.00079	0.00226	0.00055	0.00587	0.00568	-0.00521	0.00687	-0.00236	0.00340	0.00887	0.00120	-0.00397	0.00742	-0.00820	-0.00141	0.01260	0.00306	-0.00467	-0.00173	-0.01094	0.00585	-0.00400	-0.00227	(GroupOf $x0 law)
p207601	-0.00238	-0.00081	0.00111	-0.01403	0.00040	-0.00422	0.00142	-0.00308	-0.00625	0.00697	0.01135	0.00740	0.00328	-0.00272	0.00343	-0.00348	-0.00112	-0.00101	-0.00956	0.00753	-0.00536	0.00767	-0.00314	-0.00003	-0.00928	-0.00728	-0.00198	-0.01144	0.00191	-0.00165	-0.01796	-0.00275	(GroupOf $x0 measure)
p207602	-0.00623	-0.00643	0.01554	-0.00469	-0.00610	-0.01011	0.00232	0.00389	0.00020	0.01695	0.00960	0.00831	0.00733	0.01505	0.01306	0.00534	0.00458	0.00854	-0.00688	-0.00349	-0.02281	0.00110	-0.01309	-0.00391	-0.01504	-0.00045	-0.00665	0.02225	-0.00613	0.00289	0.00719	-0.00103	(GroupOf $x0 noise)
p207603	0.00228	-0.00022	0.00216	-0.00870	0.00152	-0.00431	-0.00380	-0.00147	-0.00643	0.00135	0.00298	0.00075	-0.00881	-0.00098	0.00552	-0.00541	-0.00175	0.00000	-0.00367	-0.00406	-0.00188	0.00487	-0.00013	0.00001	-0.00351	-0.00362	-0.00595	-0.00272	0.00007	-0.00151	-0.00704	0.00088	(GroupOf $x0 question)
p207604	-0.00002	-0.00046	0.00870	-0.00088	0.00706	-0.00734	-0.00474	-0.01092	0.00523	-0.01053	-0.00719	-0.00639	0.00577	0.00062	-0.00404	-0.00292	0.00114	0.00076	-0.00207	-0.01211	0.00148	-0.00688	-0.01455	0.01252	-0.00645	-0.00604	0.01941	0.00814	-0.00621	-0.00098	0.00066	0.00008	(GroupOf $x0 road)
p207605	0.00706	0.00929	0.00797	0.00239	0.01352	0.01549	0.00457	-0.01032	-0.00201	0.01241	0.00301	-0.01230	-0.00342	0.00387	0.00019	0.00308	-0.00875	0.00373	-0.00205	0.00210	0.00488	-0.00567	-0.01283	-0.00509	0.00752	0.00160	-0.00181	0.00415	-0.00586	0.00320	0.01023	-0.00018	(GroupOf $x0 rock)
p207606	-0.00116	0.01199	0.02049	-0.00856	0.02627	-0.01460	-0.00339	-0.00948	0.00564	-0.00424	-0.00172	0.00747	0.00095	-0.00172	-0.00537	-0.01736	0.03166	-0.01499	-0.00575	0.00486	-0.00419	0.00817	0.00469	0.02059	-0.01138	-0.00049	0.00610	-0.01063	-0.00929	-0.00848	-0.00083	-0.00203	(GroupOf $x0 sequence)
p207607	0.01399	-0.01525	-0.01036	-0.06044	0.03805	-0.08375	0.04471	0.00044	-0.01838	0.07610	-0.06088	-0.05061	-0.03517	0.09673	-0.04694	0.03017	-0.00674	-0.08465	-0.07537	-0.02855	-0.02572	-0.03298	0.05116	-0.07209	-0.02118	-0.06496	-0.03744	-0.03211	0.00430	-0.07101	0.01689	0.01317	(GroupOf $x0 sister)
p207608	0.01991	0.01379	0.00610	0.01499	-0.01122	-0.01094	-0.02564	-0.03246	-0.02114	-0.03339	-0.01312	0.00122	-0.01191	0.07109	0.04112	0.01564	0.01124	-0.02559	-0.00864	-0.01293	-0.03122	0.02069	-0.00457	0.02617	-0.01411	-0.03104	0.00582	-0.00220	-0.02324	-0.00797	-0.00096	0.00094	(GroupOf $x0 tree)
p207609	-0.00116	0.01201	0.02073	-0.00867	0.02660	-0.01489	-0.00350	-0.00957	0.00557	-0.00434	-0.00209	0.00755	0.00085	-0.00172	-0.00552	-0.01763	0.03204	-0.01518	-0.00568	0.00489	-0.00438	0.00827	0.00470	0.02081	-0.01164	-0.00040	0.00613	-0.01078	-0.00948	-0.00867	-0.00084	-0.00206	(GroupOf $x0 way)
p207610	0.00886	0.01176	0.01133	-0.00153	-0.00738	0.03523	0.01382	-0.01227	-0.00349	0.02777	-0.00156	-0.02198	-0.00598	0.00691	-0.00566	0.00442	-0.00751	-0.00111	-0.00770	0.01325	0.00228	-0.01319	-0.01527	-0.00807	0.00335	-0.00424	-0.00427	-0.00320	-0.00313	-0.00025	0.00069	0.00042	(GroupOf $x0 woman)
p207611	-0.00007	-0.00721	0.00363	-0.01914	-0.00062	-0.00840	0.00680	-0.01114	-0.01693	0.01056	0.00120	0.00918	0.00491	-0.00412	0.00251	0.00227	-0.00571	-0.00141	-0.00559	0.01503	-0.00384	0.00930	-0.00215	0.00590	-0.00812	0.00020	-0.00158	-0.01380	-0.01483	-0.00628	-0.02012	-0.00394	(In $e0 $e1)
p207612	0.00179	0.00261	0.00153	-0.00318	0.00595	-0.00235	0.00204	-0.00033	0.00301	-0.00237	-0.01182	0.00427	-0.00368	-0.00488	0.00058	-0.00786	0.00762	-0.00430	0.00385	0.00337	0.00313	0.00527	0.00115	0.00236	-0.00591	0.00694	0.00553	-0.00176	-0.00197	-0.00023	0.00233	0.00894	(In $x0 $x1)
p207613	0.01864	0.06715	0.05826	0.01176	-0.03350	0.06818	0.00663	0.02023	-0.04675	0.04255	-0.05046	-0.04353	-0.01939	0.01054	-0.01273	0.00014	-0.03227	-0.01001	-0.00271	0.01378	0.03252	-0.01576	-0.05066	0.02062	0.05338	0.03236	0.01340	0.02179	-0.04191	0.00562	0.02932	-0.00352	(LocatedIn $x0 india)
p207614	-0.06194	-0.01501	-0.02032	0.02859	0.04058	0.02012	-0.05337	0.04533	0.03643	0.05696	-0.03126	-0.02312	0.00650	0.04078	0.05490	-0.03275	-0.02184	0.01791	-0.04572	-0.01622	0.07270	0.06120	0.05337	0.01097	-0.02125	0.09703	-0.03542	-0.07560	-0.04266	-0.05913	-0.02050	-0.04566	(Location $e0 eskisehir)
p207615	-0.02281	0.00115	-0.00238	0.00472	-0.00861	-0.00310	0.02132	-0.00213	-0.02327	0.00188	-0.02443	0.00651	0.00319	-0.00373	-0.00723	-0.00376	-0.00074	0.00352	0.01698	-0.00072	0.00058	-0.00818	0.00653	-0.00769	-0.01533	0.01588	0.00698	-0.00782	0.00004	0.00494	0.00347	-0.00656	(Location $e0 europe)
p207616	0.00166	0.00153	-0.00471	-0.00460	-0.00478	0.00126	-0.00403	-0.00011	0.00024	-0.00392	0.00055	-0.00015	0.00391	-0.00204	0.00275	0.00433	-0.00307	0.00094	-0.00651	-0.00186	-0.00563	0.00029	-0.00553	0.00305	-0.00336	0.00148	0.00872	-0.00018	-0.00138	-0.00116	-0.00816	0.00112	(Manner $e0 carefully)
p207617	-0.00975	0.01296	0.00449	0.00459	-0.01103	-0.01524	0.00544	0.00775	-0.01923	0.00127	0.00745	0.01171	-0.00411	0.00537	0.01198	0.00249	0.01571	0.00364	-0.00733	-0.01091	-0.00800	0.00309	-0.00058	-0.00083	-0.01355	-0.00801	-0.01627	-0.00402	-0.01574	-0.00487	-0.00549	0.00069	(Manner $e0 really)
p207618	-0.00783	-0.00048	-0.00042	-0.00329	-0.00358	-0.00668	-0.00818	0.00882	0.00559	-0.00063	-0.00320	0.00325	-0.00381	0.00122	-0.00531	0.00057	-0.00168	0.00505	0.00276	0.00511	-0.00263	0.00081	-0.00027	-0.00075	0.00709	-0.00391	0.00146	-0.00608	0.00646	-0.00587	0.00130	-0.00183	(Measure $e0 duration <num> day)
p207619	-0.02180	0.00164	-0.00126	0.00741	-0.00690	-0.00254	0.01765	-0.00297	-0.01629	-0.00028	-0.01702	0.00638	0.00132	-0.00321	-0.00732	-0.00232	0.00063	0.00170	0.01228	-0.00810	-0.00116	-0.00878	0.01042	-0.00769	-0.00963	0.01271	0.00313	-0.00757	0.00226	0.00318	0.00474	-0.00447	(Member $e0 active)
p207620	0.00260	0.00443	-0.00190	-0.00820	-0.00301	-0.00382	-0.00806	0.00215	-0.00371	-0.00318	-0.00176	-0.00221	-0.00471	-0.00231	0.00612	-0.00138	-0.00357	0.00148	-0.00632	-0.01020	-0.00405	0.00298	-0.00742	-0.00131	-0.00667	-0.00045	0.00513	0.00021	0.00265	-0.00275	-0.00935	0.00338	(Member $e0 approve)
p207621	-0.00127	-0.01069	0.00261	0.00332	-0.00342	-0.00562	-0.00070	-0.00188	-0.00653	-0.01247	0.00313	-0.00842	-0.00347	0.00352	-0.00151	0.00191	0.00411	0.00895	-0.00347	0.00027	0.00376	-0.00788	-0.00488	0.01662	-0.00371	-0.00616	-0.00482	0.00100	-0.00589	0.00321	-0.00070	-0.00147	(Member $e0 attack)
p207622	0.02395	-0.03231	-0.01152	-0.04056	-0.01990	0.05785	0.05655	-0.02561	0.03150	-0.04111	0.02183	-0.08336	-0.04306	-0.03595	0.12867	0.05740	-0.05405	-0.03623	-0.00737	0.02461	-0.02954	-0.00318	0.03291	0.03505	0.05124	0.00535	-0.02440	-0.02217	0.02224	0.03609	-0.01258	-0.04666	(Member $e0 bake)
p207623	0.00616	0.01025	-0.00468	0.00909	0.02242	-0.00596	-0.00250	-0.00803	-0.00821	-0.00103	0.00580	0.00684	-0.00282	0.01046	-0.00087	0.00127	0.00084	0.00593	0.00247	0.00820	-0.00552	0.00715	-0.00693	0.00478	0.00537	-0.00067	-0.00639	-0.00597	-0.00747	0.00367	-0.00826	0.00162	(Member $e0 base)
p207624	-0.01344	-0.01010	-0.00057	-0.01002	-0.00023	0.00025	-0.00027	-0.00775	-0.00757	0.00553	-0.01401	0.00321	-0.01125	0.01084	-0.01188	-0.00701	-0.00491	0.01801	0.00820	0.02948	-0.00574	-0.00146	-0.00805	0.01026	-0.01232	-0.01014	0.00872	-0.00580	0.01642	0.00664	-0.00668	-0.01384	(Member $e0 beautiful)
p207625	0.01524	0.00241	-0.00890	0.01331	-0.01193	0.00271	0.00237	-0.00888	-0.00616	-0.01576	0.01089	-0.00590	0.02430	-0.01926	0.01524	-0.00392	0.00858	0.00014	0.01666	-0.00277	-0.01164	0.00417	0.03154	-0.00065	0.01384	0.01335	-0.01427	-0.00821	-0.01513	-0.01284	0.00550	0.01026	(Member $e0 break_out)
p207626	0.00475	0.00876	0.00454	0.00211	-0.00329	-0.00796	-0.00763	0.01392	-0.00996	-0.00133	-0.00305	0.01058	-0.00438	-0.00043	0.00105	-0.00285	0.00144	-0.00239	-0.00602	0.00386	-0.00599	0.00646	-0.00062	0.00856	0.00706	-0.00098	-0.01053	-0.00485	-0.00915	-0.00316	-0.01410	0.00268	(Member $e0 celebrate)
p207627	0.00518	0.00446	0.00693	0.02477	0.00747	-0.00746	0.00389	-0.01027	-0.00879	-0.00537	-0.00656	0.01195	-0.00652	0.02540	-0.00632	0.00097	0.00444	0.01024	-0.00427	0.01952	-0.00546	0.00249	-0.01327	0.01688	0.00571	-0.00174	-0.01394	-0.00150	0.00483	-0.00578	-0.00959	0.01521	(Member $e0 climb)
p207628	0.01503	-0.00833	0.00837	-0.00342	-0.01009	-0.00461	0.01142	0.00179	0.01102	0.00314	-0.00966	-0.01018	0.00976	-0.01903	-0.00107	0.01222	-0.01403	-0.00798	0.01376	-0.02459	0.00475	0.00877	0.00079	-0.00420	0.01400	-0.00384	0.00141	0.00666	-0.02223	0.00172	-0.00024	-0.01198	(Member $e0 compose)
p207629	-0.01247	0.02105	0.01907	-0.00490	0.01156	-0.02021	0.00334	-0.00797	-0.01905	-0.00286	0.00702	0.01751	0.00016	-0.00494	-0.00612	-0.01473	0.03251	-0.00945	-0.01189	-0.00388	0.00171	0.01060	0.01096	0.01998	-0.01534	-0.00616	-0.00738	-0.02194	-0.02072	-0.00975	-0.00937	-0.00010	(Member $e0 define)
p207630	-0.02743	0.01307	-0.02311	0.01658	-0.02957	0.03928	0.04338	0.00669	0.03402	0.01953	-0.02134	0.00157	0.04463	0.00307	-0.04997	0.00437	0.00283	-0.03580	0.03316	-0.02968	-0.01020	0.00314	0.00525	-0.03447	0.00458	0.00443	0.00846	-0.00906	0.00764	0.01733	-0.01895	-0.02133	(Member $e0 design)
p207631	0.00266	0.00244	-0.00328	-0.00195	-0.00150	-0.00415	-0.00298	0.00221	-0.00727	0.00045	-0.00963	0.00320	-0.00445	0.00064	0.00224	-0.00305	0.00105	0.00017	0.00173	0.00488	-0.00362	0.00212	-0.00176	0.00045	-0.00581	-0.00122	-0.00198	-0.00238	-0.00399	-0.00087	-0.00784	0.00187	(Member $e0 difficult)
p207632	-0.00394	-0.01233	0.00597	0.00333	0.00167	-0.00063	-0.00207	-0.00720	0.00222	0.00891	0.00839	0.00341	0.01537	-0.00422	-0.00101	0.00011	-0.00241	-0.00366	-0.00545	0.01467	-0.00042	0.00208	0.00169	-0.00736	-0.00785	-0.00631	-0.00412	-0.00456	0.01686	0.00029	-0.00160	-0.00636	(Member $e0 drink)
p207633	0.00033	-0.00632	-0.00299	-0.00837	-0.00035	-0.00030	0.00627	-0.00555	0.00277	0.00168	0.00494	0.00166	0.00350	-0.00061	0.00203	0.00832	-0.00362	-0.00413	-0.00730	0.00560	-0.00391	0.00196	-0.00167	0.00362	0.00103	-0.00065	0.00806	-0.00623	-0.00479	-0.00060	-0.00873	-0.00492	(Member $e0 fund)
p207634	-0.01949	-0.00690	0.01406	-0.00840	0.00077	-0.00030	0.00199	-0.01637	-0.01286	0.00236	0.01729	0.00107	-0.00386	0.00107	0.00697	-0.00973	-0.00473	-0.00392	-0.00227	-0.00577	-0.00827	0.00470	0.00692	0.00066	-0.01214	-0.00753	-0.01337	-0.01225	0.02222	0.00477	-0.00697	-0.01228	(Member $e0 give)
p207635	-0.01377	-0.00333	-0.00190	-0.00029	0.03842	-0.00764	-0.00029	-0.01833	0.00697	0.00281	0.01025	-0.00008	-0.00298	0.01651	-0.02386	0.00362	-0.00021	0.02987	0.00667	0.01757	-0.01139	0.00177	-0.00906	-0.00658	0.02131	-0.00836	-0.01450	-0.00969	0.00478	-0.00856	0.00524	-0.00212	(Member $e0 grow)
p207636	0.00190	0.00567	-0.00691	0.00484	-0.00850	0.00052	-0.01141	-0.00293	0.00331	-0.00854	-0.01002	-0.01385	0.00553	-0.00400	0.00389	0.01334	-0.00835	0.00995	-0.01063	-0.01126	-0.00283	-0.01058	-0.01724	-0.00609	-0.00343	0.00840	0.01876	0.00963	0.01309	-0.00340	-0.00359	0.00873	(Member $e0 hold_up)
p207637	0.02276	-0.02871	-0.00014	-0.04917	0.16483	-0.06323	0.09931	-0.01073	0.00827	0.02846	-0.05306	-0.06703	-0.06378	0.08259	-0.04098	0.07837	-0.02135	-0.02562	-0.05813	0.00832	-0.02730	-0.01178	-0.04950	-0.06988	0.04755	-0.01389	-0.05262	-0.00048	0.00479	-0.04229	0.00971	-0.04485	(Member $e0 include)
p207638	0.01433	0.00824	-0.00616	0.03418	0.08172	-0.00123	0.00122	-0.02274	-0.01204	-0.02482	0.02102	-0.00236	-0.01053	0.03679	-0.01246	-0.00152	0.00006	0.03883	0.03344	0.00957	-0.00184	0.00139	-0.01448	0.01835	0.02211	0.01251	0.00105	-0.01478	0.00439	0.02694	0.01642	-0.00338	(Member $e0 influence)
p207639	-0.00147	-0.00323	0.00227	-0.00693	0.00060	-0.00498	0.00093	-0.00299	-0.01084	0.00518	-0.00331	0.00547	0.00344	-0.00234	0.00259	-0.00456	-0.00317	0.00181	0.00069	0.00727	0.00093	0.00343	-0.00262	-0.00030	-0.00912	0.00103	0.00077	-0.00139	-0.00395	-0.00007	-0.00370	-0.00211	(Member $e0 know)
p207640	0.00787	0.00200	0.00667	-0.01240	-0.00434	0.00464	-0.00551	-0.00385	-0.00636	-0.00233	0.00744	0.00741	-0.00544	-0.00797	0.01241	-0.00421	-0.00776	0.00087	-0.00627	-0.00090	-0.00266	0.01002	0.00709	0.01094	-0.00184	-0.00739	-0.00580	-0.00068	-0.00721	0.00007	-0.00440	-0.00231	(Member $e0 learn)
p207641	-0.00443	-0.01148	0.00617	-0.00016	0.00231	-0.00187	-0.00160	-0.00702	0.00003	0.00752	0.00966	0.00274	0.01304	-0.00219	-0.00067	-0.00033	-0.00223	-0.00244	-0.00531	0.01045	0.00041	0.00261	0.00208	-0.00573	-0.00611	-0.00347	-0.00285	-0.00327	0.01104	-0.00001	0.00049	-0.00449	(Member $e0 marry)
p207642	-0.03871	0.01663	0.00261	0.00983	-0.01175	-0.00583	0.02004	-0.00211	-0.02823	-0.00791	0.01266	0.01042	-0.00476	-0.00853	-0.00421	-0.00748	0.01222	-0.00112	-0.00650	-0.02386	0.00075	-0.00492	0.01756	0.00183	-0.01149	-0.00507	-0.01865	-0.01684	-0.00260	0.00249	-0.00580	-0.00569	(Member $e0 mean)
p207643	0.00495	-0.00491	-0.00183	0.00815	-0.00530	-0.00595	0.00217	0.00639	-0.00470	0.00369	-0.01477	-0.00315	0.00946	-0.00867	-0.00498	0.01020	0.00547	-0.00122	0.00461	0.00885	0.00589	0.00114	-0.00437	-0.01110	-0.00382	-0.00263	-0.00672	-0.00539	0.00063	0.00067	-0.00773	-0.00576	(Member $e0 paint)
p207644	-0.01222	0.00512	-0.00281	0.00306	-0.00848	0.00082	0.00287	0.00212	-0.00077	-0.00737	-0.00337	-0.00720	0.00140	-0.00624	0.00075	0.00156	-0.00173	-0.00189	-0.00069	-0.02034	-0.00326	-0.00568	-0.00200	-0.00579	-0.00377	0.00280	0.00820	-0.00032	0.00520	0.00195	-0.00383	-0.00164	(Member $e0 pick_up)
p207645	0.00910	0.00352	-0.01688	0.01387	-0.01964	0.01101	0.00209	0.01907	0.00437	-0.01269	0.00398	-0.00927	-0.00466	-0.01207	-0.02110	0.02368	0.01241	0.01664	0.01049	-0.01099	0.03136	0.00462	-0.00885	-0.01000	0.00333	0.01101	0.00142	-0.01335	0.00412	-0.00989	0.01056	0.00812	(Member $e0 pull)
p207646	0.00661	-0.00033	0.00280	0.00889	-0.00404	-0.01405	-0.00511	0.00346	-0.01861	-0.00989	0.01512	-0.00011	-0.00320	-0.00139	-0.00651	0.00465	0.01126	0.01664	-0.00550	-0.00240	0.02215	0.00019	-0.00309	0.00555	-0.00706	-0.01912	-0.00689	-0.00915	-0.01200	-0.01218	0.00447	-0.00408	(Member $e0 reach)
p207647	0.00333	-0.00068	0.00188	-0.01542	-0.00521	-0.00637	0.00176	-0.00686	-0.01869	0.00902	0.00663	0.00890	0.00585	-0.00402	-0.00249	-0.00984	-0.00059	0.00681	0.00856	0.00427	0.00253	0.00718	-0.00433	-0.00592	-0.01140	0.00009	-0.00064	-0.01593	-0.00905	-0.02540	-0.01132	-0.00084	(Member $e0 read)
p207648	0.00362	0.00162	0.00885	0.00563	0.00710	-0.00599	0.00088	-0.01461	-0.00480	-0.01610	-0.00139	-0.00655	0.02349	-0.02054	0.02416	-0.00695	0.01907	-0.01023	0.00377	0.02237	-0.01391	0.00175	0.02828	0.01618	-0.00626	0.01589	-0.00653	-0.00927	-0.00016	0.00235	0.00673	0.00156	(Member $e0 return)
p207649	0.00169	0.00410	-0.00576	-0.00687	-0.00272	0.00145	-0.01235	0.00572	0.00439	-0.00589	-0.00257	-0.01611	0.00025	-0.00411	0.00657	0.00597	-0.00731	0.00565	-0.00748	-0.01669	-0.00088	-0.00283	-0.02033	-0.01255	-0.00690	0.00468	0.02551	-0.00059	0.01890	-0.00219	-0.00650	-0.00246	(Member $e0 rule)
p207650	0.00084	-0.00235	0.00398	0.00023	-0.00138	0.00489	-0.00417	0.00787	0.00276	-0.00169	0.00364	0.00890	0.00376	-0.01075	0.00185	-0.00241	-0.00314	-0.00003	-0.00437	0.00656	-0.00036	0.00412	0.00288	0.00485	0.00142	-0.00213	-0.00402	0.00251	0.00675	0.00345	0.00052	-0.00428	(Member $e0 see)
p207651	0.00641	-0.01457	-0.00970	-0.01731	-0.02452	-0.00444	0.02595	0.07714	-0.01707	-0.00420	-0.01383	-0.00363	-0.00674	-0.02234	-0.00849	0.01185	0.02667	0.02050	0.03499	0.01518	0.00673	0.00422	-0.00202	-0.02780	-0.00850	0.02360	-0.01826	-0.03659	-0.00906	-0.00676	-0.00068	-0.01604	(Member $e0 shine)
p207652	-0.00335	0.00732	-0.00564	0.00139	-0.01815	-0.00662	-0.01830	0.00896	0.00566	0.01414	0.00737	0.00233	0.00632	0.00506	-0.00824	-0.00544	0.00085	-0.01166	0.00707	0.00050	-0.01347	-0.00635	0.01608	0.01914	-0.00624	-0.01134	0.00635	-0.01294	0.00644	0.00803	0.00298	0.01247	(Member $e0 shoot)
p207653	0.00459	0.01196	-0.01835	0.01576	-0.00633	0.01282	-0.00680	0.01129	0.01039	-0.00254	-0.01289	0.00142	-0.00306	0.00840	-0.00490	-0.00184	0.00929	-0.00806	0.00339	0.01501	-0.01030	-0.00324	-0.00569	-0.00238	-0.00664	-0.01064	-0.00016	-0.00409	0.01930	0.00590	-0.01472	0.00048	(Member $e0 solve)
p207654	0.01220	0.00170	0.00501	0.00641	-0.00306	-0.00491	0.00946	0.01758	0.01080	-0.00372	-0.01653	0.01363	-0.00595	0.01103	-0.00633	0.00656	-0.00955	-0.01466	-0.00075	-0.00563	0.00351	0.02132	-0.00574	-0.00334	0.02681	0.00507	0.00509	-0.00375	-0.00520	0.00428	-0.01025	0.01333	(Member $e0 stick)
p207655	0.00093	-0.00521	0.00763	-0.00582	-0.00299	-0.00308	-0.00863	0.00141	-0.00326	0.02141	0.01167	0.00229	0.00368	-0.00949	-0.00149	-0.00492	-0.00530	-0.00662	0.00564	0.00213	-0.00229	0.00279	0.01108	0.00208	-0.00745	-0.00609	-0.00490	-0.01557	0.01437	0.00357	0.00050	-0.00216	(Member $e0 succeed)
p207656	0.01282	-0.00092	-0.00785	0.01976	0.07499	-0.02535	0.00906	-0.02219	-0.01767	0.00926	0.00058	-0.00455	0.00782	0.04786	-0.01939	0.01645	-0.00405	0.00285	-0.00946	0.01922	-0.01997	0.00981	-0.00780	-0.02010	0.01247	0.00038	-0.02601	-0.00237	-0.00365	-0.00988	0.01386	0.00520	(Member $e0 suggest)
p207657	0.00052	-0.00679	0.00185	0.00360	-0.01507	0.00693	-0.00562	0.01170	-0.00442	-0.01282	0.00575	0.00374	0.00275	-0.00573	-0.00582	0.01830	0.00615	0.01051	-0.00397	0.00753	0.00744	0.00489	0.00265	0.01369	-0.00532	-0.00010	-0.01363	-0.00737	0.00407	0.00873	0.00014	-0.00705	(Member $e0 take_off)
p207658	0.01316	0.00446	0.00007	-0.01375	0.00262	-0.00109	-0.00876	-0.01260	-0.02692	-0.02246	0.01440	-0.02736	-0.02101	-0.01394	0.05926	-0.02248	-0.00439	0.00140	0.00217	-0.00337	-0.01545	0.00321	0.00541	0.01484	-0.00346	-0.00729	-0.03218	-0.00420	0.00488	0.00845	-0.01734	0.00926	(Member $e0 take_over)
p207659	0.01066	0.01622	0.00158	0.01535	-0.00855	0.01355	-0.00054	0.02007	-0.00467	0.00832	-0.00887	-0.01129	-0.00533	-0.00614	-0.00574	0.00961	0.00602	0.00347	-0.00505	0.00841	0.00639	-0.00866	-0.01111	-0.00891	0.00583	-0.00363	-0.01237	-0.00150	-0.00268	0.00028	-0.00097	0.00069	(Member $e0 task)
p207660	0.00227	-0.00382	-0.00151	-0.00501	-0.00372	-0.00460	0.00005	0.00319	-0.00719	0.00052	0.00333	0.00004	-0.00483	-0.00283	0.00015	0.00630	0.00478	-0.00062	-0.00638	0.00203	0.00516	0.00251	0.00157	0.00135	-0.00147	-0.00390	-0.00535	-0.00935	-0.00684	-0.00148	-0.00601	-0.00275	(Member $e0 understand)
p207661	0.00543	-0.00845	-0.00860	0.00155	-0.00815	-0.00452	0.00670	-0.00005	-0.01784	0.00794	-0.01131	-0.00140	0.00077	0.00047	-0.00729	-0.00479	0.01215	0.00720	0.01563	0.01795	0.00288	0.00183	-0.00199	-0.01009	-0.01013	0.00476	-0.00487	-0.01030	0.00077	-0.02172	-0.00387	-0.00510	(Member $e0 wait)
p207662	0.00618	0.01031	-0.00759	0.00361	-0.00722	0.00352	-0.01143	-0.00113	0.00232	-0.00760	-0.00658	-0.00008	0.00861	-0.01207	0.00456	0.01169	-0.00901	0.01069	-0.01088	-0.00906	0.00124	-0.00278	-0.01239	-0.00210	-0.00196	0.00468	0.02025	0.01089	0.00428	-0.00224	-0.00359	0.00646	(Member $e0 wear)
p207663	-0.00063	-0.00381	-0.00080	0.00166	-0.00199	-0.00172	-0.00435	-0.00160	0.00095	-0.00417	-0.00072	-0.00128	0.00272	0.00271	0.00169	0.00050	-0.00097	-0.00006	-0.00321	-0.00075	-0.00473	-0.00328	0.00064	0.00273	-0.00189	0.00173	-0.00057	0.00388	0.00030	0.00034	0.00204	0.00335	(Member $x0 accident)
p207664	-0.01503	0.01390	0.00261	-0.01421	0.00087	0.00950	-0.00215	-0.01320	-0.01067	0.00491	0.00262	-0.01939	0.00859	0.00973	-0.01740	-0.01430	0.01140	0.02375	-0.01130	0.01374	-0.00133	0.00055	-0.01149	-0.00054	0.00548	-0.01255	-0.01052	0.00231	-0.01957	0.00268	0.00947	0.01681	(Member $x0 army)
p207665	0.00439	0.00232	-0.00161	-0.00590	-0.00646	-0.00785	-0.00319	-0.00853	-0.00134	-0.00151	0.00585	0.00800	0.00813	0.01210	-0.00388	0.00985	-0.01381	0.00526	0.00127	0.00314	0.01047	-0.00255	0.00892	-0.00432	0.00104	0.00300	-0.01062	0.01879	-0.00960	0.00318	-0.00985	0.00393	(Member $x0 atmosphere)
p207666	0.00051	-0.01094	0.01412	-0.00164	0.00334	-0.00891	-0.00038	-0.01321	-0.00961	-0.01194	0.00617	-0.00780	-0.00790	0.00208	0.00663	-0.01193	-0.00909	0.01495	-0.00305	-0.00779	0.00822	-0.01099	-0.00969	0.02426	-0.00632	-0.01715	0.00129	0.01261	-0.01264	0.00330	0.00203	-0.00266	(Member $x0 author)
p207667	0.00237	-0.00359	0.00178	0.00072	0.00199	-0.00043	-0.00433	-0.00312	0.00065	-0.00527	-0.00231	-0.00524	-0.00052	0.00155	0.00004	-0.00007	-0.00208	0.00080	0.00446	-0.00479	-0.00769	-0.00001	-0.00173	0.00263	0.00025	0.00170	-0.00473	0.00075	0.00424	0.00210	-0.00204	-0.00172	(Member $x0 ball)
p207668	0.00089	-0.00246	-0.00251	-0.00099	0.00150	-0.00144	-0.00307	0.00134	0.00193	-0.00164	0.00043	0.00029	-0.00096	-0.00152	0.00240	-0.00061	-0.00079	-0.00105	-0.00187	-0.00278	-0.00022	-0.00048	0.00023	-0.00103	0.00017	-0.00017	0.00098	0.00345	-0.00105	0.00127	0.00192	0.00015	(Member $x0 beach)
p207669	0.00265	0.00963	0.04189	0.01186	-0.00901	0.00903	-0.00489	0.00880	-0.01119	0.01186	-0.01112	0.01883	-0.00460	0.01123	-0.00730	-0.00323	-0.01363	-0.00539	-0.01693	0.01770	-0.00858	0.01368	-0.00623	0.01700	0.02422	0.01359	-0.01703	-0.00630	0.01344	-0.00383	-0.00715	0.01102	(Member $x0 bench)
p207670	0.00792	0.01275	0.01460	-0.01510	-0.01248	0.02271	0.00236	-0.00476	0.00163	0.01280	-0.00211	-0.02481	-0.00622	-0.00472	0.00997	0.00714	-0.01765	-0.00060	-0.01236	-0.01395	0.00742	-0.01017	-0.01796	-0.00719	0.00056	-0.00065	0.01083	0.00606	-0.00682	-0.00232	0.00686	-0.00051	(Member $x0 bottom)
p207671	-0.00455	-0.00754	0.00483	-0.01608	-0.00231	-0.00871	0.00580	0.00794	-0.01561	0.00849	-0.03199	0.00403	-0.00729	0.00418	0.00881	-0.00500	-0.00729	0.01076	0.01729	0.00908	-0.01431	0.00153	-0.01139	-0.00578	-0.01788	0.01641	0.00348	0.00804	-0.00988	0.00451	-0.00083	0.00011	(Member $x0 bridge)
p207672	-0.00315	-0.00380	0.00382	0.00364	0.00022	-0.01158	-0.00261	0.00183	-0.00151	-0.01349	0.01366	-0.00166	0.00220	0.00789	0.00135	-0.01089	-0.00487	0.00264	-0.00231	-0.00389	0.00929	-0.00324	-0.01098	0.01477	0.00434	-0.01148	0.00728	0.01224	-0.00416	-0.00668	0.00499	-0.00435	(Member $x0 building)
p207673	-0.00960	0.01479	0.00608	0.00261	-0.01213	0.01870	0.00715	-0.00430	-0.00127	0.00588	-0.00102	-0.01468	0.00109	-0.00332	0.00088	0.00348	-0.00850	-0.00156	-0.00787	-0.01646	0.00573	-0.01343	-0.00942	-0.00665	-0.00216	0.00236	0.01425	0.00433	-0.00155	0.00149	0.00892	0.00112	(Member $x0 camera)
p207674	-0.00307	0.02175	0.01504	-0.02112	-0.01060	0.02375	0.00638	-0.00172	0.00344	0.01749	-0.00649	-0.02666	-0.01259	0.01102	-0.00924	-0.00054	-0.01835	0.00970	0.00014	-0.00443	0.01174	-0.00193	-0.02314	-0.00731	0.01740	-0.00528	0.00904	0.01008	-0.01326	-0.00372	0.02365	0.00175	(Member $x0 ceiling)
p207675	0.01329	0.02561	0.02720	-0.00310	-0.00746	0.04464	0.01153	-0.01567	-0.00858	0.03630	0.00071	-0.02548	-0.00360	0.00251	-0.00415	0.00024	-0.01487	0.00404	-0.01077	0.00294	0.01626	-0.01505	-0.02201	-0.01313	0.00273	-0.00323	-0.00083	0.00630	-0.01192	-0.00175	0.01820	0.00352	(Member $x0 church)
p207676	0.00369	-0.00798	-0.00258	-0.00228	-0.00627	0.00971	0.00406	-0.00128	0.00042	-0.00010	0.00338	-0.00503	0.00229	-0.00025	-0.00575	-0.00357	0.00246	0.00620	0.00846	0.00127	-0.00626	-0.00696	0.00454	-0.00651	0.00306	0.00836	-0.00885	-0.00342	0.00043	-0.01258	0.00117	0.00418	(Member $x0 clear)
p207677	-0.01059	-0.00286	0.00114	-0.01597	-0.00060	-0.00259	-0.00592	-0.00262	0.00398	0.00443	-0.00977	0.00159	-0.00218	-0.00074	-0.00973	0.00125	-0.00421	0.01139	0.00306	0.00250	-0.00355	0.00551	0.00105	-0.00423	0.00588	-0.00120	0.00329	-0.00315	-0.00399	0.00241	0.00468	0.00393	(Member $x0 cold)
p207678	0.00165	-0.00320	-0.00661	0.00126	-0.00057	0.00142	0.00111	0.00056	0.00422	-0.00263	-0.00252	-0.00394	-0.00458	0.00250	0.00205	0.00294	0.00046	-0.00428	-0.00174	0.00449	-0.00551	-0.00225	-0.00106	0.00176	0.00104	-0.00328	-0.00118	-0.00055	0.00340	0.00201	-0.00539	-0.00222	(Member $x0 complex)
p207679	0.00686	0.00876	0.00384	0.00787	-0.00006	-0.00970	0.00899	-0.00236	0.01576	-0.00092	-0.01519	0.00653	-0.00678	-0.00134	0.00661	0.00482	-0.01396	0.00348	0.00025	-0.01080	0.00341	0.01378	-0.01724	0.00446	-0.00315	0.01407	0.00631	0.01467	-0.00310	-0.00045	0.00122	0.03242	(Member $x0 concert)
p207680	-0.04312	-0.01266	0.00594	-0.02327	0.04351	-0.03897	0.06714	0.09375	0.05250	0.03605	0.01707	0.02081	0.02433	-0.09164	0.04527	-0.01372	-0.00343	0.05763	0.00395	0.00412	-0.02639	-0.02644	-0.08171	-0.04609	-0.02677	0.04001	-0.04397	0.08457	0.01042	0.02426	-0.02405	0.04218	(Member $x0 cook)
p207681	0.02373	0.00566	0.02217	-0.00970	-0.02771	-0.02403	-0.01239	0.09375	-0.03528	0.03157	-0.01780	0.01114	-0.02208	-0.05923	-0.01852	0.02969	-0.00347	0.00533	0.01524	-0.00586	0.03357	0.00281	0.00047	0.00903	0.04842	0.02329	-0.03710	-0.03694	-0.03905	-0.00008	-0.01527	-0.00489	(Member $x0 couch)
p207682	-0.00118	0.01129	-0.00703	0.01246	0.02995	-0.00537	-0.00184	0.00048	0.00594	-0.00503	-0.01412	-0.00391	0.01140	0.00046	-0.00534	0.00496	0.00439	0.00218	0.01011	0.00797	-0.00430	-0.00471	-0.02170	-0.00173	-0.00420	0.01291	0.01216	0.00275	0.00576	0.00588	0.00095	-0.00205	(Member $x0 day)
p207683	0.00318	0.01015	0.01124	-0.00035	0.00651	0.01343	0.00148	-0.00573	0.00354	0.01082	-0.00205	-0.00750	0.00038	0.00038	-0.00547	-0.00428	0.00468	-0.00288	-0.00336	0.00184	0.00447	-0.00581	-0.00784	-0.00180	-0.00175	0.00081	0.00398	0.00215	-0.00250	-0.00063	0.00873	-0.00010	(Member $x0 desk)
p207684	-0.01703	-0.00147	-0.01070	0.00917	0.00443	-0.00057	0.00843	-0.00673	-0.00235	-0.00726	0.00513	-0.00514	-0.01744	0.01124	-0.00831	-0.01189	0.00899	0.00036	-0.00632	0.01387	-0.00999	-0.00706	-0.00409	0.00939	-0.00891	-0.02133	-0.00947	-0.00678	0.02397	0.00371	-0.01903	-0.01215	(Member $x0 difference)
p207685	0.00157	-0.00366	-0.00384	-0.00201	0.00155	-0.00111	-0.00383	0.00179	0.00320	-0.00293	0.00093	-0.00070	-0.00184	-0.00221	0.00502	-0.00030	-0.00190	-0.00200	-0.00254	-0.00363	-0.00072	-0.00061	0.00069	-0.00120	0.00077	-0.00036	0.00121	0.00478	-0.00086	0.00248	0.00245	-0.00018	(Member $x0 different)
p207686	0.00116	-0.00246	-0.00102	-0.00532	0.00186	-0.00108	-0.00415	0.00126	-0.00110	-0.00142	0.00120	-0.00360	-0.00749	-0.00156	0.00457	-0.00379	-0.00098	-0.00044	-0.00140	-0.00430	-0.00217	0.00081	-0.00051	-0.00208	-0.00174	-0.00182	-0.00350	0.00043	0.00487	0.00089	-0.00242	-0.00149	(Member $x0 dress)
p207687	-0.01823	0.01102	-0.01650	-0.01530	0.00095	-0.00160	-0.00963	0.00141	0.00877	-0.00704	0.00788	-0.01209	0.00549	0.00318	-0.01301	-0.00557	0.01807	0.00997	-0.01392	0.00091	-0.00723	0.00757	0.00485	-0.00887	0.01709	-0.00832	-0.01187	-0.00085	-0.01089	0.00237	0.00690	0.02048	(Member $x0 earth)
p207688	0.00525	0.00814	-0.00142	0.00499	0.02330	-0.00618	-0.00261	-0.01000	-0.01087	-0.00025	0.00993	0.00994	-0.00145	0.00758	-0.00064	-0.00085	-0.00080	0.00764	0.00153	0.00587	-0.00278	0.00938	-0.00421	0.00622	0.00496	0.00075	-0.00597	-0.00571	-0.00990	0.00293	-0.00456	0.00164	(Member $x0 easy)
p207689	0.00089	-0.00245	-0.00251	-0.00099	0.00151	-0.00144	-0.00307	0.00135	0.00194	-0.00165	0.00044	0.00030	-0.00095	-0.00152	0.00240	-0.00061	-0.00079	-0.00105	-0.00187	-0.00278	-0.00022	-0.00048	0.00023	-0.00102	0.00018	-0.00017	0.00099	0.00347	-0.00105	0.00128	0.00192	0.00015	(Member $x0 fact)
p207690	0.00147	-0.00739	0.00841	0.00590	-0.00059	-0.00543	-0.00050	-0.01169	-0.00597	-0.00681	-0.00089	-0.00297	0.00591	0.00391	-0.00158	-0.00467	-0.00375	0.00845	-0.00037	-0.00127	-0.00152	-0.00658	-0.00484	0.01365	-0.00394	-0.00547	-0.00290	0.00783	-0.00904	-0.00004	-0.00079	0.00297	(Member $x0 field)
p207691	-0.00071	-0.00436	0.00553	0.00295	-0.00207	0.00101	-0.00974	0.00278	-0.00238	-0.00468	-0.00693	0.00747	0.00458	0.00892	-0.00228	-0.00026	-0.00183	-0.00254	-0.00538	0.00277	-0.01044	-0.00397	0.00054	0.00373	0.00902	0.00663	-0.00238	0.00252	0.00271	0.00028	-0.00348	0.00436	(Member $x0 flower)
p207692	-0.00311	0.01213	0.00995	-0.01095	-0.00279	0.01008	0.00778	-0.01232	0.01232	0.01836	0.00404	0.00214	-0.00755	-0.00072	-0.01621	-0.00412	-0.01145	0.01234	0.00115	-0.00204	0.01678	0.01455	-0.00672	-0.00844	0.01096	-0.00412	0.00175	-0.00384	-0.00425	-0.01034	0.01587	0.02216	(Member $x0 forest)
p207693	0.00784	-0.00570	-0.00348	0.00014	0.02220	0.00004	0.01156	-0.01437	-0.00855	-0.01802	0.01253	0.00281	0.00412	0.01660	0.01507	-0.00410	0.00376	0.01657	-0.00279	0.00169	0.00405	-0.00661	-0.00137	-0.00316	-0.00244	-0.00201	0.01809	-0.01370	-0.00330	0.00924	-0.00041	0.00474	(Member $x0 fox)
p207694	0.00496	0.00263	-0.00328	0.00228	-0.00009	-0.00299	-0.00134	0.00046	-0.00041	-0.00034	-0.00305	0.00200	0.00107	0.00009	0.00086	0.00025	0.00077	-0.00268	0.00014	0.00014	-0.00382	0.00312	-0.00192	-0.00079	0.00015	-0.00476	-0.00370	-0.00091	-0.00476	0.00025	-0.00879	0.00060	(Member $x0 game)
p207695	0.02234	-0.03176	-0.01251	-0.04180	-0.01946	0.05843	0.05367	-0.02482	0.03028	-0.04189	0.02392	-0.08215	-0.04658	-0.03451	0.13001	0.05552	-0.05343	-0.03509	-0.00978	0.02618	-0.02921	-0.00433	0.03377	0.03676	0.04908	0.00579	-0.02350	-0.02187	0.02482	0.03607	-0.01074	-0.04551	(Member $x0 headquarters)
p207696	0.00496	-0.00088	0.00425	-0.00891	0.00118	-0.00303	-0.00245	-0.00536	-0.00795	0.00393	0.00155	-0.00215	-0.00548	-0.00451	0.00329	-0.00433	-0.00316	-0.00018	-0.00231	-0.00607	-0.00061	0.00618	-0.00012	-0.00117	-0.00044	-0.00526	-0.00830	-0.00321	-0.00488	-0.00374	-0.00714	-0.00077	(Member $x0 important)
p207697	0.00922	0.01246	0.01723	-0.00050	-0.00567	0.01783	0.00847	0.00013	0.00399	0.01580	-0.00360	-0.00312	-0.01000	-0.00186	-0.00003	-0.00014	-0.01550	-0.00491	-0.00942	0.00307	0.01637	0.00603	-0.01142	-0.00062	0.01019	0.00248	-0.00110	0.00375	-0.00101	-0.00017	0.00733	0.01302	(Member $x0 isolated)
p207698	0.00120	0.00026	-0.00400	0.00410	-0.00535	0.00447	-0.00741	-0.00137	-0.00151	-0.00852	-0.00008	0.00164	0.00852	0.00194	0.00349	-0.00421	0.00579	-0.00018	-0.00281	0.00478	-0.00958	-0.00170	0.00611	0.00480	-0.00370	0.00304	-0.00276	0.00200	0.00061	0.00208	0.00044	0.00634	(Member $x0 king)
p207699	0.00080	-0.00602	0.00429	0.00094	0.00347	-0.00578	-0.00271	-0.00559	-0.00466	-0.00653	0.00274	-0.00112	-0.00259	0.00123	0.00159	-0.00675	-0.00311	0.00770	-0.00160	-0.00383	0.00369	-0.00495	-0.00450	0.01098	-0.00346	-0.00773	0.00072	0.00760	-0.00695	0.00185	0.00112	0.00024	(Member $x0 kitchen)
p207700	0.00165	-0.00155	-0.01050	-0.00091	-0.00818	0.00081	-0.00471	0.01334	0.00466	-0.00873	-0.00621	-0.00984	0.00043	-0.00599	0.00018	0.01350	0.00308	0.00194	-0.00440	-0.00858	0.00317	-0.00474	-0.01003	-0.00428	-0.00111	0.00546	0.00945	0.00189	0.00106	0.00178	-0.00162	-0.00244	(Member $x0 law)
p207701	-0.00615	-0.00101	-0.00227	-0.00448	-0.00121	-0.00229	-0.00879	-0.00026	0.00554	-0.00069	-0.00919	0.00196	-0.00682	0.00183	-0.00247	0.00398	-0.00263	0.00397	0.00057	0.00291	-0.00445	0.00017	0.00169	0.00021	0.00261	-0.00411	0.00546	-0.00370	0.00486	0.00239	0.00080	-0.00043	(Member $x0 living_room)
p207702	0.00878	-0.00572	0.00048	0.00342	-0.00262	-0.00255	0.00799	-0.00227	0.00818	0.00231	-0.00857	-0.00380	0.01583	-0.00583	-0.00471	0.00783	-0.00418	-0.00635	0.00687	-0.00841	-0.00352	0.00660	-0.00186	-0.00829	0.00862	-0.00155	-0.00095	0.00633	-0.01281	0.00128	-0.00577	-0.00606	(Member $x0 mass)
p207703	-0.00182	-0.00657	0.00176	-0.00097	0.00230	-0.00148	-0.00214	-0.00278	0.00179	0.00273	0.00466	0.00217	0.00708	-0.00400	0.00113	-0.00045	-0.00201	-0.00157	-0.00326	0.00247	0.00110	0.00045	0.00112	-0.00335	-0.00241	-0.00123	-0.00103	0.00076	0.00596	0.00095	0.00215	-0.00269	(Member $x0 method)
p207704	0.00167	0.00322	-0.00386	-0.00435	-0.00458	-0.00381	-0.00899	0.00299	0.00003	-0.00462	-0.00397	-0.00125	0.00213	-0.00375	0.00316	0.00292	-0.00399	0.00073	-0.00713	-0.01060	-0.00228	-0.00119	-0.00747	-0.00210	-0.00426	0.00178	0.01020	0.00384	-0.00317	-0.00275	-0.00431	0.00261	(Member $x0 museum)
p207705	-0.02911	0.00589	0.00246	-0.00443	-0.00108	-0.00019	0.01821	-0.00473	-0.01710	-0.00453	0.00912	-0.01874	-0.01898	-0.00978	0.00965	-0.01624	0.00042	-0.00538	0.00466	-0.02269	-0.00738	-0.00758	0.00488	-0.00921	-0.00898	-0.00564	-0.02715	-0.01166	0.02885	0.00705	-0.01430	-0.01124	(Member $x0 name)
p207706	-0.00916	-0.00518	0.00274	0.00406	0.01087	-0.00574	-0.00092	-0.01203	-0.00293	-0.00264	0.01319	-0.00266	0.01155	0.00043	-0.00882	-0.01084	0.00558	0.01136	-0.00923	0.00860	0.00208	-0.00545	-0.01002	0.00772	-0.00229	-0.01698	-0.00797	0.00653	-0.00245	0.00173	-0.00359	0.00020	(Member $x0 noise)
p207707	0.01563	0.02594	0.01372	0.01369	0.00833	0.01921	0.00681	-0.00179	-0.01159	0.02112	0.00611	-0.01032	0.00969	-0.00181	-0.02024	0.01999	-0.01385	0.02086	0.00056	0.01399	0.03716	-0.01750	-0.01151	-0.01759	0.01739	0.00979	-0.02248	0.01619	-0.01700	0.00540	0.00767	0.00434	(Member $x0 ocean)
p207708	-0.02052	0.00137	0.00684	-0.00050	0.00551	0.00466	0.00440	0.00264	0.00367	-0.00818	0.00777	0.00680	0.00055	-0.01141	-0.00152	-0.01308	0.00868	-0.00208	0.00209	-0.00526	-0.00667	-0.00048	0.01128	0.00448	-0.01038	-0.00118	-0.00710	-0.00319	0.01628	0.00618	0.00097	-0.00950	(Member $x0 opportunity)
p207709	0.00177	-0.00264	0.00138	-0.01522	0.00109	-0.00133	-0.00002	-0.00258	-0.00442	0.00208	0.00492	-0.00396	-0.00920	-0.00270	0.00661	-0.00128	-0.00354	-0.00143	-0.00499	-0.00273	-0.00486	0.00528	-0.00336	-0.00136	-0.00436	-0.00368	-0.00074	-0.00907	0.00572	-0.00163	-0.01371	-0.00584	(Member $x0 orchestra)
p207710	0.00517	0.01066	0.02001	-0.00575	-0.01184	0.03047	-0.00497	-0.00638	-0.00517	0.01462	-0.00556	-0.00460	0.00121	0.00964	-0.00143	-0.00074	-0.01163	-0.00523	-0.00971	0.00532	-0.00402	-0.00905	-0.00933	-0.00017	0.00928	0.00263	-0.00104	-0.00237	0.00137	0.00093	-0.00151	0.00445	(Member $x0 page)
p207711	-0.00042	-0.00001	-0.00401	0.00410	-0.00210	-0.00088	-0.00788	0.00032	0.00342	-0.00795	-0.00429	-0.00376	0.00846	0.00103	0.00069	0.00546	-0.00298	0.00411	-0.00403	-0.00497	-0.00661	-0.00603	-0.00792	0.00077	-0.00373	0.00689	0.00991	0.00697	0.00297	-0.00032	0.00062	0.00446	(Member $x0 patient)
p207712	0.00193	-0.00312	-0.00004	-0.00457	-0.00010	0.00072	-0.00155	0.00034	0.00362	-0.00174	0.00067	-0.00475	-0.00447	-0.00185	0.00660	0.00094	-0.00442	-0.00268	-0.00276	-0.00478	0.00055	-0.00137	-0.00028	-0.00060	0.00161	-0.00108	0.00150	0.00417	-0.00116	0.00176	0.00351	-0.00137	(Member $x0 plant)
p207713	-0.00509	-0.00518	0.00216	-0.00159	-0.00643	-0.00344	-0.01104	0.00412	-0.00223	-0.00693	0.01024	-0.00545	-0.00740	-0.00040	-0.00556	0.01170	0.00766	0.00856	-0.00867	-0.00178	0.01255	0.00231	0.00079	0.00170	-0.00226	-0.01028	-0.00647	-0.01153	0.01083	0.00275	0.00469	-0.00572	(Member $x0 police)
p207714	0.00503	-0.00210	-0.00511	0.00985	0.03272	-0.00511	0.00689	-0.01280	0.00233	-0.00316	0.00208	-0.00313	-0.00107	0.00926	-0.00233	0.00881	-0.00499	0.00178	0.00695	0.00546	-0.00700	0.00495	-0.00975	0.00346	0.01559	0.00597	-0.00557	0.00192	-0.00636	0.00709	-0.00012	-0.00220	(Member $x0 population)
p207715	0.00351	-0.00964	-0.00996	-0.01528	-0.00461	0.00162	0.00551	0.01313	0.00806	0.02228	0.01245	-0.00141	-0.00990	-0.00679	-0.00402	0.00297	-0.00444	-0.01386	0.00987	0.00867	-0.00686	-0.00038	0.01259	0.00938	0.00286	-0.00850	0.00230	-0.02248	0.00549	0.01183	-0.00926	-0.00813	(Member $x0 president)
p207716	0.00450	-0.00207	-0.00763	-0.00002	-0.00434	-0.00319	-0.00583	0.00066	-0.00130	-0.00005	-0.00396	-0.00841	-0.00308	-0.00416	0.00196	0.00013	0.00193	0.00550	-0.00751	-0.00971	-0.00390	-0.00078	-0.00375	-0.00525	0.00025	0.00481	0.01089	0.01060	0.00615	-0.00146	-0.00394	0.00008	(Member $x0 race)
p207717	0.00328	-0.00115	-0.00658	0.00097	-0.00087	0.00002	0.00590	-0.00063	0.00742	-0.00001	-0.00459	0.00039	-0.00999	0.00079	0.00055	0.00226	-0.00297	-0.00524	-0.00134	0.00373	0.00122	0.00473	-0.00144	0.00193	0.00206	-0.00183	-0.00033	-0.00189	0.00281	0.00096	-0.00553	0.00769	(Member $x0 report)
p207718	0.00217	-0.00001	0.00030	-0.00611	-0.00322	-0.00583	-0.00316	-0.00080	-0.00553	-0.00115	-0.00682	0.00326	-0.00110	0.00087	-0.00119	-0.00078	-0.00293	0.00250	0.00484	0.00218	0.00400	-0.00045	0.00540	-0.00043	-0.00430	0.00463	-0.00381	0.00379	-0.00651	-0.00035	-0.00368	0.00182	(Member $x0 right)
p207719	0.01206	0.00996	0.01082	0.00414	-0.01537	0.01001	0.00444	-0.00750	-0.00352	0.00946	0.00367	-0.00019	0.01196	0.01501	-0.01032	0.01332	-0.01575	0.00872	0.00641	0.00900	0.01356	-0.01182	0.00661	-0.01267	0.01175	0.00719	-0.01465	0.00578	-0.01194	-0.01119	-0.00459	0.00355	(Member $x0 roof)
p207720	0.00562	0.00636	0.00272	0.00169	-0.00334	0.01715	0.00524	-0.00544	-0.00021	0.01208	-0.00249	-0.01085	-0.00397	0.00392	-0.00194	0.00279	-0.00366	-0.00185	-0.00449	0.00741	0.00008	-0.00704	-0.00879	-0.00314	0.00136	-0.00387	-0.00193	-0.00039	-0.00037	0.00067	-0.00067	-0.00036	(Member $x0 simple)
p207721	0.00685	0.01496	0.00311	0.00818	0.01604	0.01010	0.00823	-0.00641	-0.00371	0.01047	0.01201	-0.00448	0.00427	0.00869	-0.00414	0.00532	-0.00470	0.00495	0.00047	0.01069	0.00194	-0.00047	-0.01703	-0.00064	0.01520	0.00563	0.00650	-0.00727	-0.01088	-0.00415	0.00232	-0.00258	(Member $x0 small)
p207722	-0.00067	-0.00474	-0.00241	-0.00627	-0.00108	-0.00318	-0.00213	0.00258	-0.00950	-0.00016	-0.01882	0.00187	-0.00518	-0.00138	-0.00107	-0.00277	-0.00320	0.00350	0.01042	0.00190	-0.00221	0.00045	-0.00278	-0.00246	-0.00711	0.00847	0.00376	-0.00047	-0.00503	0.00109	0.00056	-0.00165	(Member $x0 spider)
p207723	-0.00326	0.00052	0.01225	0.00312	0.00774	-0.00715	-0.00588	0.00431	0.00458	-0.00522	-0.00294	0.00573	0.00191	0.00132	-0.00183	-0.00233	0.00566	-0.00795	-0.00564	0.00106	-0.00407	0.00240	-0.00010	0.01065	0.00699	0.00441	0.00183	0.00172	0.00164	-0.00013	0.00270	-0.00482	(Member $x0 station)
p207724	-0.00851	-0.00841	0.00930	0.00130	0.01886	-0.01345	0.00549	-0.00818	-0.01784	-0.00858	-0.00797	0.00123	0.00642	0.00091	0.00543	-0.01023	-0.01363	0.00939	0.00758	0.01678	0.00531	-0.00247	-0.02317	0.02191	-0.00344	0.00128	0.00426	0.01895	-0.00359	0.01118	0.00061	-0.01121	(Member $x0 storm)
p207725	0.00177	0.00808	-0.01052	0.00709	0.00963	-0.00236	-0.00865	0.00460	0.00765	-0.01038	-0.00768	-0.00767	0.01021	-0.00205	0.00049	0.01267	-0.00592	0.00751	-0.00373	-0.01260	-0.00421	-0.00653	-0.02054	-0.00602	0.00043	0.01216	0.02184	0.01184	0.00219	0.00142	0.00140	0.00306	(Member $x0 story)
p207726	-0.00706	0.00287	-0.00598	0.00951	0.01314	-0.00345	0.02226	-0.00976	0.00659	0.00044	0.00038	0.00328	-0.01054	0.00171	-0.00707	0.00316	-0.00554	-0.00477	0.00438	-0.00183	0.00653	0.01004	-0.00191	0.00283	0.00870	0.00377	-0.00286	-0.00548	-0.00093	0.00540	-0.00169	0.01113	(Member $x0 strong)
p207727	-0.01244	-0.00931	0.01838	-0.01642	-0.00477	0.01129	0.02944	0.00717	0.03182	0.01332	0.01644	0.02336	-0.01127	0.02999	0.01502	0.01249	-0.00556	0.02013	0.01953	-0.01027	-0.04083	0.02903	-0.03102	0.01205	-0.00898	0.02527	-0.00032	0.03969	-0.00175	0.02827	0.00782	0.00955	(Member $x0 teacher)
p207728	-0.00530	0.00564	0.00584	-0.01215	0.00553	-0.00034	-0.00294	-0.00736	0.01074	-0.00288	-0.00982	0.00478	0.00539	-0.00093	0.00041	0.00577	0.01093	-0.00663	-0.00646	0.01638	-0.01228	0.00275	0.00670	0.00511	-0.00312	-0.00190	0.00774	-0.01584	0.00028	-0.00213	-0.00680	-0.00166	(Member $x0 theater)
p207729	0.00925	0.00218	0.01777	-0.00289	-0.00448	0.01287	0.00661	-0.01211	-0.00293	0.00609	-0.00417	-0.02314	-0.01447	0.00263	0.00712	0.00065	-0.01441	0.00306	-0.00252	-0.00745	0.00601	-0.01197	-0.01346	0.00875	0.00349	-0.00898	0.00035	0.00897	-0.01033	0.00135	0.00629	-0.00472	(Member $x0 top)
p207730	0.00169	0.00237	-0.00075	-0.00266	-0.00067	-0.00557	-0.00828	0.00871	-0.00587	-0.00516	-0.00751	-0.00638	-0.02059	0.01174	0.00554	-0.00537	0.00023	-0.00856	-0.00674	0.00017	-0.01343	0.00444	-0.00640	0.00248	0.00456	-0.00592	-0.01205	-0.00383	0.01328	0.00010	-0.01727	-0.00326	(Member $x0 treaty)
p207731	-0.00891	0.00620	-0.00632	0.00162	0.01469	-0.00412	0.00805	0.00093	-0.00030	0.01350	0.01204	0.00925	0.00548	-0.00383	-0.00707	0.00474	-0.00246	-0.00486	0.00460	-0.00021	-0.00154	-0.00018	0.00111	0.00025	0.00237	-0.00022	0.00492	-0.01508	-0.00447	0.00850	-0.00353	-0.00344	(Member $x0 truth)
p207732	0.00474	0.00261	-0.00120	-0.00508	-0.00745	-0.00791	-0.00393	-0.00934	-0.00272	-0.00143	0.00627	0.00985	0.00719	0.01425	-0.00631	0.00993	-0.01172	0.00540	0.00245	0.00317	0.01265	-0.00215	0.01432	-0.00498	0.00097	0.00296	-0.00889	0.00936	-0.00939	0.00229	-0.01002	0.00434	(Member $x0 valuable)
p207733	0.00758	0.00875	0.00053	0.00993	-0.00843	-0.00813	0.01793	-0.01008	0.01311	0.00168	-0.01154	0.01192	-0.02431	-0.00143	-0.00253	-0.00564	-0.01207	-0.00132	-0.00473	-0.00086	0.02604	0.02553	-0.00111	0.01469	-0.00169	0.01037	-0.00130	0.00065	0.00164	-0.00600	0.00381	0.04931	(Member $x0 wood)
p207734	-0.01700	-0.00395	0.00729	-0.02781	-0.00281	-0.00174	-0.01266	-0.00373	0.00324	0.00612	-0.01124	-0.00636	-0.03108	0.00460	-0.00481	0.00389	-0.01226	0.01708	0.00087	-0.00353	-0.00807	0.00467	0.00301	-0.00586	0.00502	-0.01007	-0.00252	-0.01658	0.01929	0.00200	-0.00222	-0.00521	(Member $x0 yellow)
p207735	0.00573	0.00102	-0.01328	0.03214	-0.01086	-0.01116	0.02903	0.03720	-0.00427	-0.01740	-0.00610	-0.02304	-0.04199	-0.04491	-0.01871	0.01143	0.01469	0.03574	0.00001	0.02843	0.08116	-0.01377	-0.02381	0.00607	-0.00209	-0.01148	-0.02481	-0.01223	0.02232	-0.01264	-0.00340	0.01262	(Member $x0 young)
p207736	-0.04976	0.01026	-0.00716	0.01892	-0.01245	0.00390	0.03269	-0.00478	-0.00485	-0.01075	0.00802	-0.00203	0.00155	-0.00192	-0.00642	-0.00141	0.00425	-0.01031	0.00032	-0.03537	0.00057	-0.02272	0.01829	-0.01002	-0.00275	0.00520	0.00341	-0.00434	0.00495	0.01043	0.01213	-0.00626	(Ordinal $x0 <num> line)
p207737	0.00083	-0.00249	-0.00243	-0.00111	0.00141	-0.00082	-0.00291	0.00155	0.00206	-0.00146	0.00041	0.00044	-0.00082	-0.00109	0.00214	-0.00066	-0.00064	-0.00079	-0.00139	-0.00283	-0.00080	-0.00051	0.00017	-0.00135	0.00019	0.00030	0.00078	0.00354	-0.00099	0.00148	0.00193	0.00018	(Past (LocatedIn $x0 there))
p207738	0.00078	-0.00429	-0.00072	-0.00476	-0.00185	-0.00399	-0.00065	0.00393	-0.01091	0.00200	-0.02191	0.00260	-0.00481	-0.00247	0.00085	-0.00197	-0.00293	0.00517	0.01164	0.00355	-0.00171	-0.00060	-0.00129	-0.00364	-0.00786	0.01090	0.00346	-0.00005	-0.00465	-0.00016	0.00038	0.00025	(Probably (Member $x0 good))
p207739	0.00694	-0.00163	0.00839	-0.01550	-0.00558	0.00785	-0.00049	-0.00302	0.00257	-0.00233	0.00424	-0.00841	-0.01189	-0.00617	0.01751	0.00121	-0.01270	-0.00412	-0.00585	-0.00692	0.00028	0.00277	0.00312	0.00607	0.00278	-0.00557	-0.00109	0.00293	-0.00382	0.00206	0.00304	-0.00488	(RestOf $x0 $x1)
p207740	-0.00175	-0.00864	0.00427	-0.00451	-0.00132	-0.00461	-0.00003	-0.00507	-0.00580	0.00503	0.00183	0.00286	0.00775	-0.00275	0.00316	-0.00501	-0.00342	0.00114	0.00231	0.00694	0.00214	0.00282	-0.00015	-0.00490	-0.00883	-0.00080	-0.00049	-0.00188	0.00494	-0.00829	0.00370	-0.00401	(Start $e0 (Year <num>))
p207741	0.00041	-0.00379	-0.00230	-0.00390	-0.00002	-0.00190	-0.00138	0.00251	-0.00306	0.00001	-0.00784	0.00067	-0.00237	-0.00234	0.00155	-0.00158	-0.00151	0.00125	0.00360	0.00062	-0.00073	-0.00010	-0.00036	-0.00226	-0.00290	0.00401	0.00191	0.00152	-0.00251	0.00108	0.00094	-0.00010	(Time $e0 (Weekday sunday))
p207742	0.00002	-0.00355	0.00164	-0.00199	-0.00222	-0.00424	0.00100	-0.00854	-0.00406	-0.00242	0.00142	0.00220	-0.00192	0.00471	0.00184	-0.00034	-0.00137	-0.00081	-0.00537	0.00459	-0.00679	0.00237	0.00285	0.01100	-0.00221	0.00039	-0.00530	-0.00293	-0.00334	-0.00225	-0.00593	0.00555	(Time $e0 morning)
p207743	0.00165	-0.00150	-0.00371	0.00234	-0.00332	-0.00688	0.00286	0.00036	-0.00368	0.00246	-0.00967	0.00080	-0.00479	0.01232	0.00733	0.00025	0.00317	0.00050	0.00110	0.01515	-0.01553	-0.00298	-0.00456	-0.00207	-0.00918	-0.00269	-0.00549	-0.00141	0.00210	-0.00899	-0.00964	0.00060	(Time $e0 soon)
p207744	-0.00404	-0.00764	-0.01451	-0.00223	-0.00284	-0.00004	0.00602	0.00111	0.00612	-0.00188	-0.00063	-0.00546	-0.00425	0.01028	0.00067	0.00267	0.00414	-0.01051	-0.00722	0.01901	-0.01508	-0.00338	-0.00376	0.00311	-0.00378	-0.00953	-0.00585	-0.00536	0.00970	0.00350	-0.01895	-0.00433	(Time $e0 tomorrow)
p207745	-0.00553	-0.00477	-0.00478	-0.00362	-0.00530	-0.00581	0.00407	-0.00447	-0.00495	-0.00322	0.00443	-0.00178	0.01225	-0.00019	0.00674	-0.00929	-0.00430	-0.00118	0.00056	0.00939	0.00541	-0.00118	-0.00658	0.00056	-0.01416	-0.00403	0.00213	0.00555	0.00651	-0.00829	0.00406	-0.00124	(With $e0 $x0)
