pattern_id	w0	w1	w2	w3	w4	w5	w6	w7	w8	w9	w10	w11	w12	w13	w14	w15	query
p200004	-0.12988	0.38204	-0.21266	0.65358	-0.47622	0.02866	0.32564	0.04486	-0.58909	0.43684	0.36998	1.93668	0.33748	0.22117	-0.71574	-1.40103	(Agent $e0 $x0)
p200008	-1.72308	0.75790	0.68688	-0.71644	-0.66582	-0.01900	0.51442	-0.33193	-0.37047	-0.48415	0.68706	0.68068	-0.03696	0.22743	0.70280	-0.64026	(Theme $e0 $x0)
p200013	0.01679	0.57476	-0.39109	0.77098	-0.70070	0.91493	-0.93200	0.16719	-1.10361	0.08686	0.21215	-0.11499	0.44058	0.13719	1.48008	-0.04985	(Past $e0)
p200015	-0.86822	0.19622	0.72166	-0.27689	-0.43452	-0.01177	0.22228	0.14939	-0.18769	-0.44070	-0.10250	0.98421	-0.21229	0.56784	-0.05085	-0.74955	(And (Agent $e0 $x0) (Theme $e0 $x1))
p200022	-0.61238	-0.16415	0.01996	1.65147	0.17483	-0.17368	0.23269	0.18834	0.00724	0.10670	-0.70134	-0.00825	-0.12857	-0.15248	0.35687	0.11282	(Patient $e0 $x0)
p200033	0.24491	0.10083	-0.51512	0.51732	0.10368	0.64373	-0.18940	0.40929	-0.40227	0.14240	0.58718	0.21339	0.34164	0.46241	-0.34655	-0.42026	(And (Agent $e0 $x0) (Past $e0))
p200039	-0.05658	0.37126	-0.61393	-0.10539	-0.38505	-0.16383	0.05266	-0.33124	0.51891	0.92543	-0.64527	0.08941	0.95241	-0.06582	0.03243	-0.04249	(Location $e0 $x0)
p200041	-0.43388	0.17612	-0.26869	-0.49555	-0.05932	0.45024	-0.21457	0.29740	-0.64388	-0.23774	0.22592	-0.09808	0.44839	0.44496	0.51582	-0.17390	(And (Past $e0) (Theme $e0 $x0))
p200049	-0.38006	-0.22666	0.15330	1.10742	0.06903	-0.08227	-0.07887	0.12812	0.37623	-0.01307	-0.30381	-0.11222	-0.09645	0.02721	0.66226	0.18776	(And (Past $e0) (Patient $e0 $x0))
p200051	0.14791	0.43826	-0.09519	-0.10468	0.55427	-0.01671	0.78786	-0.34981	-0.38893	0.37160	-0.06674	-0.18602	-0.02850	0.08478	0.25878	0.17932	(Cardinality $x0 <num>)
p200053	-0.25764	-0.51194	-0.28917	0.68691	0.52969	-0.02971	0.40649	0.07417	0.27697	0.25805	0.16311	0.18718	0.12518	0.04431	-0.23411	-0.23543	(And (Agent $e0 $x0) (Patient $e0 $x1))
p200070	0.26987	0.29501	-0.06001	0.17760	-0.29075	0.07095	-0.20025	0.04241	-0.21217	0.01990	0.12083	0.18039	-0.13554	-0.13156	-0.05916	-0.15266	(Member $x0 person)
p200071	-0.08547	0.04040	0.38916	0.01538	0.24687	-0.17589	-0.57226	-0.39898	-0.30745	0.36246	0.03946	0.25209	-0.16997	0.29229	-0.01625	0.56720	(Recipient $e0 $x0)
p200073	-0.11828	0.05319	-0.22541	-0.21311	0.08278	0.42157	-0.07471	0.47160	-0.42396	-0.10886	-0.15935	0.01106	0.15696	0.46336	-0.06234	-0.18411	(And (Agent $e0 $x0) (Past $e0) (Theme $e0 $x1))
p200076	0.10949	0.03636	-0.09915	-0.04326	-0.05325	-0.02817	-0.13994	0.06161	0.00988	0.14570	-0.11949	-0.07321	0.04200	-0.04818	0.06755	0.06498	(Experiencer $e0 $x0)
p200089	0.14049	0.18732	-0.04004	0.01825	-0.21875	-0.01388	-0.11283	0.10176	-0.18586	-0.04511	0.20867	0.13838	-0.04713	-0.06126	0.01824	-0.15176	(Possession $x0 $x1)
p200091	-0.13636	0.06093	0.47307	0.04829	0.20230	-0.12667	-0.51234	-0.46403	-0.24883	0.36141	0.11152	0.11467	-0.19355	0.26181	-0.01259	0.37574	(And (Recipient $e0 $x0) (Theme $e0 $x1))
p200099	-0.06930	0.03353	0.35907	0.03239	0.19551	-0.20922	-0.50765	-0.31886	-0.29592	0.36141	0.02137	0.28210	-0.15524	0.28060	-0.04164	0.53545	(And (Agent $e0 $x0) (Recipient $e0 $x1))
p200103	-0.02293	0.08780	0.00390	0.00352	-0.00487	-0.13621	0.08468	0.01631	0.05616	-0.04863	-0.08369	0.10991	0.05841	0.00177	-0.00716	0.00727	(Might $e0)
p200125	-0.10235	0.28995	-0.34349	0.04600	-0.27819	-0.11282	0.12390	-0.28830	0.53361	0.54793	-0.45825	0.13612	0.65444	0.00229	0.00045	-0.09137	(And (Agent $e0 $x0) (Location $e0 $x1))
p200136	-0.10182	0.04319	0.44868	0.06159	0.17064	-0.15945	-0.46932	-0.39149	-0.22873	0.36315	0.09855	0.13435	-0.18806	0.25032	-0.04552	0.34662	(And (Agent $e0 $x0) (Recipient $e0 $x1) (Theme $e0 $x2))
p200147	-0.16617	0.52307	-0.15952	-0.07701	0.60274	-0.12742	0.11663	-0.33773	-0.38656	0.16905	0.05177	-0.06209	-0.14659	0.06147	0.11476	-0.02069	(And (Cardinality $x0 <num>) (Theme $e0 $x0))
p200159	-0.11718	-0.55406	-0.11608	0.38703	0.48337	0.00923	0.15115	0.07249	0.56916	0.10240	0.36952	0.00196	0.06978	0.14779	-0.03749	-0.09309	(And (Agent $e0 $x0) (Past $e0) (Patient $e0 $x1))
p200170	-0.01734	0.04604	0.02968	-0.01147	-0.06808	-0.10038	0.07769	0.03280	0.07593	-0.06764	-0.07565	0.13539	0.05106	0.01633	0.00439	-0.01297	(And (Agent $e0 $x0) (Might $e0))
p200191	0.35691	0.43153	-0.02739	0.29381	-0.37360	0.15279	-0.15715	-0.05301	-0.30704	-0.00694	0.16818	0.18437	-0.08739	-0.15370	-0.19988	-0.14645	(And (Agent $e0 $x0) (Member $x0 person))
p200205	-0.03664	0.06069	-0.08064	-0.05311	0.14398	-0.07355	0.01360	-0.12394	-0.13868	0.01068	0.07231	0.07033	0.02738	-0.00778	0.05696	0.16982	(GroupOf $x0 child)
p200219	-0.10398	-0.03504	-0.14296	0.05018	-0.03621	0.06934	0.10350	-0.13153	-0.07638	0.22344	-0.17843	0.20333	0.14105	-0.13819	-0.03700	-0.08242	(Theme $e0 $e1)
p200237	-0.11160	0.25085	-0.10004	-0.04430	0.22037	-0.13769	0.08371	-0.13994	-0.14581	0.03252	0.14180	-0.06115	-0.05204	-0.06715	0.04650	0.00219	(Holder $e0 $x0)
p200249	-0.05992	-0.00235	-0.00982	-0.04127	0.20016	0.41457	-0.03378	-0.01378	-0.10731	-0.09866	-0.27996	-0.00366	0.06318	0.16926	-0.08151	-0.07236	(And (Agent $e0 $x0) (Member $e0 buy) (Past $e0) (Theme $e0 $x1))
p200250	-0.05991	-0.00233	-0.01007	-0.04134	0.20005	0.41446	-0.03364	-0.01355	-0.10743	-0.09868	-0.28001	-0.00353	0.06327	0.16936	-0.08149	-0.07221	(And (Agent $e0 $x0) (Member $e0 buy) (Past $e0))
p200251	-0.05987	-0.00224	-0.01079	-0.04153	0.19966	0.41412	-0.03328	-0.01279	-0.10777	-0.09875	-0.28021	-0.00314	0.06354	0.16967	-0.08148	-0.07177	(And (Agent $e0 $x0) (Member $e0 buy) (Theme $e0 $x1))
p200252	-0.05990	-0.00180	-0.01252	-0.04199	0.19854	0.41318	-0.03271	-0.01072	-0.10887	-0.09886	-0.28068	-0.00213	0.06417	0.17037	-0.08149	-0.07093	(And (Member $e0 buy) (Past $e0) (Theme $e0 $x0))
p200255	-0.05989	-0.00229	-0.01036	-0.04142	0.19988	0.41431	-0.03349	-0.01320	-0.10757	-0.09871	-0.28010	-0.00338	0.06339	0.16950	-0.08148	-0.07203	(And (Agent $e0 $x0) (Member $e0 buy))
p200256	-0.05991	-0.00233	-0.00998	-0.04132	0.20008	0.41450	-0.03370	-0.01363	-0.10739	-0.09867	-0.28000	-0.00357	0.06324	0.16933	-0.08150	-0.07227	(And (Member $e0 buy) (Past $e0))
p200257	-0.05992	-0.00234	-0.00989	-0.04129	0.20012	0.41455	-0.03375	-0.01372	-0.10734	-0.09867	-0.27997	-0.00362	0.06320	0.16929	-0.08150	-0.07232	(And (Member $e0 buy) (Theme $e0 $x0))
p200259	-0.05988	-0.00229	-0.01040	-0.04143	0.19988	0.41430	-0.03347	-0.01316	-0.10759	-0.09871	-0.28011	-0.00337	0.06339	0.16951	-0.08149	-0.07201	(Member $e0 buy)
p200266	0.30843	0.35531	0.00610	0.22881	-0.26042	0.13645	-0.18240	-0.06373	-0.27334	-0.01497	0.22739	0.05496	-0.06754	-0.10922	-0.15456	-0.08507	(And (Agent $e0 $x0) (Member $x0 person) (Past $e0))
p200281	-0.11554	0.28549	-0.01105	0.00824	-0.19362	-0.10068	-0.08588	-0.12933	0.58081	-0.06713	-0.13884	0.01508	0.07986	0.08229	0.02128	-0.05018	(And (Location $e0 $x0) (Theme $e0 $x1))
p200282	0.19915	0.18112	-0.07193	0.02419	-0.13299	0.01497	-0.12720	0.05894	-0.16461	0.01187	0.14833	0.13628	-0.05890	-0.04964	-0.00918	-0.08267	(And (Member $x0 person) (Possession $x1 $x0))
p200283	-0.04488	0.09239	0.07430	-0.01157	-0.03683	-0.09172	0.07766	-0.01640	0.08200	-0.10316	-0.00704	0.07646	0.00698	0.01291	0.03317	-0.03006	(And (Might $e0) (Theme $e0 $x0))
p200288	0.06129	-0.00925	-0.04559	-0.03020	0.02643	0.01588	-0.01359	-0.02233	-0.05409	0.06676	-0.02120	-0.00744	-0.00338	-0.02049	0.01385	-0.01925	(Goal $e0 $x0)
p200289	0.01239	0.06254	-0.18131	-0.10981	-0.07950	-0.07436	0.02977	-0.06442	0.05197	0.31139	-0.06796	-0.02141	0.32943	-0.04509	0.02984	-0.00598	(Member $e0 work)
p200326	0.00134	0.02247	0.46913	0.08284	0.03261	-0.04508	-0.29140	-0.23158	-0.09247	0.35190	0.05080	-0.12203	-0.22117	0.15126	-0.03972	-0.15065	(And (Agent $e0 $x0) (Member $e0 give) (Recipient $e0 $x1) (Theme $e0 $x2))
p200329	0.00032	0.02331	0.47209	0.08407	0.03324	-0.04365	-0.29463	-0.23582	-0.08976	0.35073	0.04861	-0.12034	-0.22195	0.15009	-0.03949	-0.15158	(And (Agent $e0 $x0) (Member $e0 give) (Recipient $e0 $x1))
p200330	0.00119	0.02263	0.46957	0.08305	0.03269	-0.04485	-0.29199	-0.23215	-0.09192	0.35172	0.05017	-0.12160	-0.22137	0.15109	-0.03966	-0.15085	(And (Agent $e0 $x0) (Member $e0 give) (Theme $e0 $x1))
p200331	-0.03355	0.05000	0.09090	-0.00608	-0.08702	-0.06710	0.06893	0.00817	0.10823	-0.11123	-0.02723	0.08219	0.01375	0.02128	0.02384	-0.02977	(And (Agent $e0 $x0) (Might $e0) (Theme $e0 $x1))
p200332	0.00140	0.02240	0.46906	0.08281	0.03261	-0.04511	-0.29130	-0.23143	-0.09256	0.35195	0.05083	-0.12207	-0.22116	0.15129	-0.03973	-0.15063	(And (Member $e0 give) (Recipient $e0 $x0) (Theme $e0 $x1))
p200338	0.00098	0.02283	0.47024	0.08331	0.03281	-0.04455	-0.29265	-0.23305	-0.09133	0.35147	0.04970	-0.12123	-0.22155	0.15083	-0.03961	-0.15106	(And (Agent $e0 $x0) (Member $e0 give))
p200339	-0.11900	0.24728	-0.09082	-0.03976	0.21490	-0.13192	0.08280	-0.14442	-0.13788	0.03135	0.13791	-0.05249	-0.04806	-0.06577	0.05223	-0.00737	(And (Holder $e0 $x0) (Theme $e0 $x1))
p200340	0.00088	0.02292	0.47045	0.08341	0.03286	-0.04444	-0.29295	-0.23340	-0.09110	0.35138	0.04950	-0.12111	-0.22162	0.15075	-0.03959	-0.15113	(And (Member $e0 give) (Recipient $e0 $x0))
p200341	0.00136	0.02243	0.46909	0.08282	0.03262	-0.04509	-0.29133	-0.23159	-0.09254	0.35192	0.05094	-0.12211	-0.22113	0.15127	-0.03974	-0.15061	(And (Member $e0 give) (Theme $e0 $x0))
p200350	0.01913	-0.01459	0.01373	0.05998	0.02392	-0.00852	0.00347	0.02807	0.00867	-0.01772	-0.04097	-0.02200	-0.02916	-0.01178	-0.05409	-0.00627	(Future $e0)
p200351	-0.07426	0.26700	0.00343	0.00045	-0.18944	-0.10648	-0.08885	-0.02248	0.42714	-0.09138	-0.12241	0.01215	0.04589	0.09692	0.03750	-0.04056	(Member $e0 discover)
p200352	0.00068	0.02306	0.47099	0.08363	0.03299	-0.04417	-0.29352	-0.23425	-0.09062	0.35117	0.04920	-0.12083	-0.22174	0.15053	-0.03956	-0.15127	(Member $e0 give)
p200353	-0.05885	0.15979	-0.16187	-0.04156	0.25707	0.07412	0.09705	-0.18730	-0.15948	0.07711	-0.08016	0.02350	-0.09191	0.15514	0.02129	0.09770	(Member $x0 depot)
p200354	-0.07337	-0.01979	0.02274	0.01576	-0.02380	-0.00385	0.06268	0.00408	-0.00911	-0.03431	0.00394	0.04893	-0.03061	-0.03714	-0.03258	-0.07185	(Member $x0 physician)
p200355	-0.09587	-0.00360	-0.00175	-0.03681	-0.06711	0.01562	0.04859	-0.00302	-0.02980	-0.03591	0.04765	0.04708	-0.02025	-0.02095	0.00304	-0.06996	(Source $e0 $x0)
p200377	-0.04508	0.18695	-0.02593	-0.02205	0.34319	0.03247	0.01644	-0.16209	-0.18265	0.09864	-0.07323	-0.00444	-0.08633	0.11836	0.00503	-0.03833	(And (Agent $e0 $x0) (Cardinality $x1 <num>) (Theme $e0 $x1))
p200400	-0.10682	-0.00260	-0.13244	0.06686	-0.02286	0.03695	0.10416	-0.09261	-0.16537	0.19579	-0.16254	0.18699	0.13866	-0.11665	-0.05284	-0.06509	(And (Agent $e0 $x0) (Theme $e0 $e1))
p200401	0.04033	0.00694	-0.05861	-0.03566	-0.00589	-0.01120	-0.02450	0.00303	0.00278	0.08010	-0.04193	-0.02070	0.04728	-0.00723	0.00215	0.02033	(And (Experiencer $e0 $x0) (Location $e0 $x1))
p200402	-0.05537	-0.01398	-0.04030	0.09301	0.05984	-0.02153	0.09278	0.00721	-0.07916	0.03422	-0.06416	0.02125	-0.02521	-0.02942	-0.06444	-0.06042	(And (Member $e0 destroy) (Patient $e0 $x0))
p200403	-0.11049	0.04469	0.01383	-0.07945	-0.12217	-0.00325	0.01101	0.06030	-0.05392	-0.05051	0.03751	0.04208	0.00643	-0.03160	0.11392	-0.09326	(And (Possession $x0 $x1) (Theme $e0 $x0))
p200409	-0.01836	0.05479	-0.01604	-0.01135	-0.03680	0.00234	-0.03834	0.00216	-0.06737	0.01934	0.00315	-0.01606	-0.01052	-0.03009	0.11467	-0.01056	(Before $e0 $e1)
p200410	-0.08476	0.00250	0.04895	-0.01128	-0.06480	-0.00277	0.05354	0.01183	0.00027	-0.04871	0.02114	0.05672	-0.03101	-0.05346	-0.01770	-0.08156	(Member $e0 decide)
p200411	-0.05541	-0.01403	-0.04032	0.09299	0.05992	-0.02152	0.09275	0.00712	-0.07920	0.03423	-0.06407	0.02123	-0.02513	-0.02943	-0.06444	-0.06038	(Member $e0 destroy)
p200412	-0.08539	-0.00305	0.03177	-0.01624	-0.05418	0.00144	0.04741	0.00456	-0.00881	-0.03986	0.02231	0.06088	-0.02843	-0.05486	-0.01647	-0.07403	(Member $x0 board)
p200413	-0.00821	0.08776	0.21735	-0.01333	0.16385	0.04321	-0.18197	0.26057	-0.07935	-0.11429	-0.21891	0.01359	0.23446	-0.13663	-0.05163	-0.06759	(Member $x0 hall)
p200414	-0.02987	0.10312	0.35417	0.01731	0.18655	0.03056	-0.24492	0.20296	-0.13537	-0.05713	-0.17982	-0.01716	0.14406	-0.09535	-0.05691	-0.10033	(Member $x0 school)
p200470	-0.09558	-0.00990	0.04141	-0.01380	-0.06562	-0.00408	0.06848	0.00753	0.00191	-0.04931	0.02312	0.07189	-0.03174	-0.03793	-0.01262	-0.08412	(And (Agent $e0 $x0) (Member $e0 answer) (Theme $e0 $x1))
p200471	-0.02161	-0.04932	-0.10128	-0.04397	0.08928	-0.09570	-0.12613	-0.00132	-0.11274	-0.05129	-0.06345	0.32797	0.09003	0.07282	0.00350	0.47734	(And (Agent $e0 $x0) (Member $e0 teach) (Recipient $e0 $x1))
p200480	0.35563	-0.15772	0.10336	-0.05293	0.10457	-0.04082	0.27380	-0.01487	0.02675	-0.07492	-0.09429	0.07942	0.07586	0.10399	0.15135	-0.07553	(And (Agent $e0 $x0) (Cardinality $x0 <num>))
p200481	-0.09553	-0.00981	0.04112	-0.01391	-0.06586	-0.00443	0.06882	0.00853	0.00189	-0.04919	0.02271	0.07182	-0.03176	-0.03779	-0.01253	-0.08417	(And (Agent $e0 $x0) (Member $e0 answer))
p200482	-0.08859	0.00459	0.04898	-0.01025	-0.06648	-0.00330	0.05509	0.01136	-0.00221	-0.04766	0.02116	0.05912	-0.02981	-0.05278	-0.01574	-0.08300	(And (Agent $e0 $x0) (Member $e0 decide))
p200483	-0.02158	-0.04979	-0.10124	-0.04408	0.09024	-0.09588	-0.12652	-0.00138	-0.11294	-0.05138	-0.06358	0.32798	0.09030	0.07351	0.00362	0.47759	(And (Agent $e0 $x0) (Member $e0 teach))
p200484	-0.01554	0.08844	-0.07705	-0.03987	0.11600	-0.05946	0.06222	-0.06987	-0.10718	0.05131	0.05269	-0.01725	-0.02024	-0.02445	0.04290	-0.01036	(And (Cardinality $x0 <num>) (GroupOf $x0 child))
p200486	-0.09558	-0.00989	0.04139	-0.01381	-0.06564	-0.00410	0.06852	0.00759	0.00192	-0.04930	0.02308	0.07187	-0.03175	-0.03792	-0.01261	-0.08412	(And (Member $e0 answer) (Theme $e0 $x0))
p200487	-0.05636	-0.34277	-0.06579	0.01977	0.31024	0.13432	-0.07180	0.17392	0.39604	0.17694	0.10853	0.26637	-0.24349	-0.14883	0.15986	-0.14560	(And (Member $e0 build) (Patient $e0 $x0))
p200488	-0.08360	0.06641	-0.00572	-0.01395	0.10483	-0.08289	-0.08050	-0.11693	-0.11380	0.05897	0.06243	0.09298	-0.03891	0.04956	-0.00680	0.18520	(And (Member $e0 lend) (Theme $e0 $x0))
p200489	-0.02157	-0.04994	-0.10122	-0.04412	0.09052	-0.09596	-0.12664	-0.00134	-0.11301	-0.05142	-0.06363	0.32798	0.09040	0.07372	0.00366	0.47765	(And (Member $e0 teach) (Recipient $e0 $x0))
p200490	-0.10320	0.00101	0.00331	-0.03335	-0.07066	0.01645	0.05132	-0.00609	-0.02970	-0.03601	0.04984	0.04280	-0.01796	-0.01899	0.00697	-0.06941	(And (Source $e0 $x0) (Theme $e0 $x1))
p200498	-0.08231	0.07738	0.09930	-0.01188	-0.22295	0.15095	0.27205	0.07664	0.10043	0.06960	0.08332	-0.16590	-0.09604	-0.09931	-0.03403	0.24750	(Can $e0)
p200499	-0.09558	-0.00990	0.04139	-0.01381	-0.06564	-0.00411	0.06851	0.00761	0.00192	-0.04930	0.02309	0.07188	-0.03175	-0.03792	-0.01261	-0.08412	(Member $e0 answer)
p200500	-0.05637	-0.34354	-0.06588	0.01963	0.31049	0.13427	-0.07124	0.17446	0.39613	0.17687	0.10861	0.26620	-0.24303	-0.14874	0.15988	-0.14537	(Member $e0 build)
p200501	-0.08343	0.06645	-0.00499	-0.01371	0.10505	-0.08261	-0.08084	-0.11764	-0.11325	0.05875	0.06267	0.09259	-0.03913	0.04951	-0.00691	0.18465	(Member $e0 lend)
p200502	-0.06543	0.20100	-0.09005	-0.03449	0.23311	-0.12135	0.05344	-0.11513	-0.13480	0.03684	0.10430	-0.02990	-0.04091	-0.04779	0.03522	-0.00039	(Member $e0 require)
p200503	-0.02157	-0.04993	-0.10122	-0.04412	0.09050	-0.09595	-0.12664	-0.00134	-0.11300	-0.05142	-0.06362	0.32798	0.09039	0.07371	0.00366	0.47764	(Member $e0 teach)
p200504	-0.01739	-0.11005	-0.03023	-0.03005	-0.04384	0.20911	-0.02359	-0.04686	0.01789	-0.03386	-0.04034	-0.01927	-0.00186	0.11341	-0.03340	0.00090	(Member $x0 crate)
p200525	-0.04099	0.15945	-0.12877	-0.05285	0.32483	0.07204	0.11186	-0.12311	-0.15778	0.03248	-0.07954	-0.01568	-0.03732	0.08650	0.05078	-0.01702	(And (Cardinality $x0 <num>) (Past $e0) (Theme $e0 $x0))
p200550	-0.09138	0.00711	0.05047	-0.00913	-0.06707	-0.00407	0.05504	0.01220	-0.00213	-0.04893	0.01998	0.05749	-0.02751	-0.05049	-0.01303	-0.07679	(And (Agent $e0 $x0) (Member $e0 decide) (Theme $e0 $x1))
p200551	-0.07698	0.06945	-0.00760	-0.01132	0.09221	-0.08047	-0.07164	-0.10629	-0.11065	0.05642	0.05284	0.09249	-0.03530	0.04928	-0.00772	0.18979	(And (Agent $e0 $x0) (Member $e0 lend) (Theme $e0 $x1))
p200558	-0.06076	-0.01117	-0.01527	0.05847	0.03514	-0.02034	0.06628	0.01758	-0.05431	0.00004	-0.03564	0.02971	-0.02622	-0.02474	-0.04625	-0.06011	(And (Agent $e0 $x0) (Member $e0 cancel))
p200559	-0.07688	0.06946	-0.00687	-0.01109	0.09248	-0.08015	-0.07199	-0.10717	-0.11015	0.05624	0.05314	0.09213	-0.03552	0.04918	-0.00782	0.18926	(And (Agent $e0 $x0) (Member $e0 lend))
p200560	-0.09224	0.00136	0.03182	-0.01402	-0.05723	0.00047	0.04987	0.00282	-0.01394	-0.03760	0.02221	0.06563	-0.02590	-0.05305	-0.01256	-0.07600	(And (Agent $e0 $x0) (Member $x0 board))
p200561	-0.08485	-0.00577	-0.00152	-0.02676	-0.05921	0.01225	0.05320	-0.00047	-0.02921	-0.03113	0.03349	0.05389	-0.01650	-0.01318	-0.00495	-0.06327	(And (Agent $e0 $x0) (Source $e0 $x1))
p200562	0.03022	0.07257	-0.18795	-0.09239	-0.07332	-0.08035	0.03254	-0.03569	0.03513	0.31721	-0.09955	-0.01058	0.32293	-0.02890	0.00669	0.00406	(And (Location $e0 $x0) (Member $e0 work))
p200563	-0.09151	0.00718	0.05074	-0.00892	-0.06672	-0.00339	0.05474	0.01029	-0.00225	-0.04885	0.02042	0.05761	-0.02761	-0.05078	-0.01313	-0.07663	(And (Member $e0 decide) (Theme $e0 $x0))
p200564	-0.08266	0.25796	0.02779	0.01341	-0.18073	-0.09421	-0.07456	-0.03142	0.43506	-0.12508	-0.10648	0.01877	0.01126	0.09640	0.03903	-0.05114	(And (Member $e0 discover) (Theme $e0 $x0))
p200573	-0.06393	0.00366	-0.06672	0.12078	-0.00777	0.02709	0.06695	-0.05487	-0.09837	0.12465	-0.16230	0.09698	0.11686	-0.07427	-0.06576	0.01700	(Member $e0 begin)
p200574	-0.06069	-0.01107	-0.01530	0.05850	0.03509	-0.02038	0.06636	0.01771	-0.05443	0.00007	-0.03581	0.02977	-0.02633	-0.02472	-0.04625	-0.06017	(Member $e0 cancel)
p200575	0.02361	0.01198	-0.06147	-0.03564	-0.01758	-0.02430	-0.02918	0.00768	0.00385	0.08767	-0.03580	-0.02085	0.09315	-0.00480	-0.00590	0.02539	(Member $x0 ledger)
p200620	-0.01855	0.10350	0.32114	0.01993	0.16423	0.01638	-0.22920	0.21780	-0.13203	-0.04166	-0.17524	-0.01984	0.14122	-0.07462	-0.06213	-0.09652	(And (Agent $e0 $x0) (Member $x0 school) (Theme $e0 $x1))
p200621	0.64738	0.44247	-0.13417	0.14938	-0.23240	-0.02811	-0.26861	0.10741	-0.32446	-0.01342	0.26199	0.37632	-0.12867	-0.06383	-0.13387	-0.14258	(And (Agent $e0 $x0) (Member $x1 person) (Possession $x0 $x1))
p200661	0.18137	-0.10166	0.12002	-0.03166	-0.00187	-0.04968	0.17464	0.02982	0.03657	-0.08878	-0.03935	0.06333	0.04879	0.05121	0.09946	-0.07056	(And (Agent $e0 $x0) (Member $e0 abandon) (Theme $e0 $x1))
p200662	-0.03681	-0.01166	-0.02471	0.07047	0.04097	-0.01856	0.07214	0.01424	-0.04835	0.01470	-0.03958	0.00324	-0.02053	-0.01442	-0.04926	-0.04213	(And (Agent $e0 $x0) (Member $e0 destroy) (Patient $e0 $x1))
p200663	-0.07741	-0.01120	0.03269	-0.01169	-0.04868	0.00082	0.05035	0.00028	-0.00107	-0.03978	0.02136	0.05882	-0.02328	-0.03390	-0.01065	-0.06687	(And (Agent $e0 $x0) (Member $e0 reject) (Theme $e0 $x1))
p200664	-0.03422	-0.08485	-0.01170	0.17519	0.06699	-0.09954	0.10267	0.03471	0.07021	-0.11840	0.10693	-0.11474	0.09120	0.16779	-0.11190	0.05841	(And (Agent $e0 $x0) (Member $e0 repair) (Patient $e0 $x1))
p200665	-0.08820	-0.00304	0.00337	-0.02443	-0.06106	0.01335	0.05367	-0.00266	-0.02684	-0.03235	0.03560	0.04747	-0.01539	-0.01173	-0.00298	-0.06122	(And (Agent $e0 $x0) (Source $e0 $x1) (Theme $e0 $x2))
p200675	0.18119	-0.10160	0.12018	-0.03154	-0.00178	-0.04958	0.17469	0.02889	0.03685	-0.08893	-0.03875	0.06325	0.04897	0.05098	0.09945	-0.07031	(And (Agent $e0 $x0) (Member $e0 abandon))
p200676	-0.03686	-0.01171	-0.02472	0.07045	0.04102	-0.01854	0.07209	0.01415	-0.04836	0.01470	-0.03950	0.00322	-0.02046	-0.01443	-0.04926	-0.04209	(And (Agent $e0 $x0) (Member $e0 destroy))
p200677	-0.07741	-0.01118	0.03276	-0.01166	-0.04867	0.00089	0.05027	0.00011	-0.00108	-0.03981	0.02141	0.05884	-0.02328	-0.03393	-0.01067	-0.06686	(And (Agent $e0 $x0) (Member $e0 reject))
p200678	-0.03414	-0.08480	-0.01171	0.17520	0.06698	-0.09959	0.10263	0.03474	0.07020	-0.11836	0.10689	-0.11475	0.09118	0.16786	-0.11189	0.05837	(And (Agent $e0 $x0) (Member $e0 repair))
p200679	-0.06742	-0.01197	0.02202	0.01043	-0.02590	-0.00255	0.05158	0.00137	-0.01010	-0.02844	0.00594	0.04589	-0.02320	-0.03065	-0.02118	-0.06148	(And (Agent $e0 $x0) (Member $x0 physician))
p200680	-0.01838	0.10349	0.32108	0.01992	0.16426	0.01634	-0.22923	0.21800	-0.13206	-0.04175	-0.17541	-0.01975	0.14124	-0.07456	-0.06214	-0.09649	(And (Agent $e0 $x0) (Member $x0 school))
p200681	0.64686	0.44171	-0.13323	0.14966	-0.23201	-0.02736	-0.26863	0.10610	-0.32342	-0.01424	0.26265	0.37615	-0.12849	-0.06431	-0.13399	-0.14269	(And (Agent $e0 $x0) (Possession $x0 $x1))
p200682	-0.09026	0.08304	0.09854	-0.00954	-0.22647	0.14872	0.27393	0.07541	0.09287	0.07127	0.08230	-0.15976	-0.09323	-0.09807	-0.02997	0.24438	(And (Can $e0) (Theme $e0 $x0))
p200683	-0.06143	0.20103	-0.08177	-0.02698	0.17786	-0.10851	0.05753	-0.09349	-0.12058	0.03444	0.08247	-0.03652	-0.03582	-0.04194	0.03408	0.00745	(And (Holder $e0 $x0) (Member $e0 require))
p200684	0.01967	0.01746	-0.07114	-0.03993	-0.02393	-0.02865	-0.02891	0.00555	0.00042	0.10397	-0.04027	-0.02135	0.11299	-0.00600	-0.00396	0.02670	(And (Location $e0 $x0) (Member $x0 ledger))
p200685	0.18131	-0.10166	0.12008	-0.03163	-0.00184	-0.04964	0.17466	0.02952	0.03668	-0.08884	-0.03914	0.06330	0.04885	0.05113	0.09946	-0.07048	(And (Member $e0 abandon) (Theme $e0 $x0))
p200686	-0.07006	0.09510	-0.04782	-0.03667	0.09956	-0.05705	0.04562	-0.08496	-0.06825	0.01390	0.08854	-0.02808	-0.01787	-0.03285	0.05535	-0.00255	(And (Member $e0 have) (Theme $e0 $x0))
p200687	-0.07741	-0.01119	0.03275	-0.01166	-0.04867	0.00089	0.05028	0.00014	-0.00108	-0.03981	0.02140	0.05885	-0.02328	-0.03393	-0.01067	-0.06686	(And (Member $e0 reject) (Theme $e0 $x0))
p200688	-0.03406	-0.08473	-0.01172	0.17521	0.06696	-0.09967	0.10254	0.03477	0.07020	-0.11833	0.10685	-0.11474	0.09115	0.16795	-0.11190	0.05831	(And (Member $e0 repair) (Patient $e0 $x0))
p200696	0.18122	-0.10162	0.12015	-0.03156	-0.00179	-0.04960	0.17469	0.02904	0.03681	-0.08891	-0.03884	0.06326	0.04894	0.05102	0.09945	-0.07035	(Member $e0 abandon)
p200697	-0.06212	-0.00711	-0.02256	-0.02129	-0.01952	0.00841	0.02692	-0.02014	-0.03296	0.00529	0.01404	0.06256	-0.01435	-0.05002	-0.01103	-0.06152	(Member $e0 decision)
p200698	-0.07008	0.09510	-0.04780	-0.03666	0.09956	-0.05705	0.04561	-0.08495	-0.06825	0.01389	0.08854	-0.02808	-0.01787	-0.03285	0.05534	-0.00256	(Member $e0 have)
p200699	-0.07741	-0.01120	0.03267	-0.01170	-0.04869	0.00080	0.05037	0.00034	-0.00107	-0.03976	0.02135	0.05881	-0.02328	-0.03389	-0.01064	-0.06687	(Member $e0 reject)
p200700	-0.03421	-0.08485	-0.01171	0.17519	0.06699	-0.09955	0.10267	0.03472	0.07021	-0.11839	0.10692	-0.11474	0.09120	0.16782	-0.11190	0.05841	(Member $e0 repair)
p200701	0.02146	-0.00415	-0.05906	-0.02466	0.01329	-0.01117	0.02169	-0.01935	-0.01614	0.07504	-0.03151	0.02369	0.04337	-0.01825	-0.01040	-0.04019	(Member $e0 walk)
p200702	-0.03505	-0.01220	0.00812	-0.01413	-0.02444	-0.00152	0.02398	0.00186	0.00434	-0.01719	0.00932	0.03056	-0.01062	-0.01822	-0.01057	-0.03512	(Member $x0 automobile)
p200703	0.03265	-0.01559	-0.00364	-0.00942	0.01299	0.00337	-0.01669	0.00715	0.01840	-0.00549	-0.00381	-0.01895	-0.00870	-0.00268	-0.01508	0.01574	(Member $x0 big)
p200704	-0.03417	0.01242	-0.01237	0.01100	0.05174	-0.04089	-0.01744	-0.03978	-0.04815	0.01964	0.02667	0.02433	-0.01220	0.03438	-0.02427	0.10616	(Member $x0 crew)
p200705	0.00565	0.02475	-0.03851	-0.01983	-0.04303	0.01258	-0.02761	0.04079	-0.06249	0.03106	0.04337	0.02710	-0.02482	-0.03523	0.01889	-0.04712	(Member $x0 family)
p200706	-0.02488	-0.00822	0.00474	-0.01225	-0.01402	0.00361	0.01345	-0.00368	0.00197	-0.01503	0.00867	0.02124	-0.01332	-0.02659	-0.01240	-0.02528	(Member $x0 new)
p200707	-0.06868	0.00109	0.01696	0.04033	-0.00272	-0.03165	-0.05571	-0.04895	-0.03865	-0.05694	-0.02153	0.08479	0.04370	0.01381	0.06476	0.19162	(Member $x0 song)
p200758	0.34384	-0.15652	0.12102	-0.04581	0.07882	-0.03466	0.26232	-0.00544	0.05375	-0.09438	-0.09360	0.07437	0.08018	0.10805	0.15471	-0.05968	(And (Agent $e0 $x0) (Cardinality $x0 <num>) (Theme $e0 $x1))
p200759	-0.07057	0.00176	0.03517	-0.00866	-0.04964	-0.00222	0.04232	0.00969	-0.00538	-0.03602	0.01709	0.04729	-0.02203	-0.03797	-0.01022	-0.05979	(And (Agent $e0 $x0) (Member $x0 board) (Theme $e0 $x1))
p200760	-0.03230	0.13159	-0.13221	-0.02656	0.23206	0.05607	0.09132	-0.14760	-0.12196	0.06126	-0.07448	0.01381	-0.07502	0.12417	0.01535	0.05724	(And (Agent $e0 $x0) (Member $x0 depot) (Theme $e0 $x1))
p200762	-0.00617	0.04640	-0.01770	-0.01790	-0.06666	0.00977	-0.03932	0.01823	-0.06022	0.01845	0.01025	-0.00871	0.00128	-0.01991	0.10694	-0.01063	(And (Before $e0 $e1) (Past $e0) (Past $e1))
p200793	-0.03836	-0.12898	-0.03387	-0.02628	-0.05856	0.25761	-0.02006	-0.07836	0.01739	-0.03613	-0.04830	-0.01159	0.00046	0.14368	-0.03688	-0.01021	(And (Inheritance pottery_studio studio) (Member $x0 pottery_studio))
p200801	-0.03845	-0.12885	-0.03404	-0.02630	-0.05868	0.25758	-0.02008	-0.07843	0.01731	-0.03601	-0.04843	-0.01145	0.00050	0.14370	-0.03687	-0.01016	(Inheritance pottery_studio studio)
p200805	-0.04144	-0.00782	-0.02332	0.06110	0.04518	-0.02073	0.05601	0.01838	-0.05309	0.00937	-0.03999	0.01356	-0.02003	-0.01585	-0.04324	-0.04294	(And (Agent $e0 $x0) (Member $e0 cancel) (Patient $e0 $x1))
p200806	-0.06701	0.24904	0.03317	0.03222	-0.16329	-0.10368	-0.06391	-0.02179	0.44398	-0.12314	-0.12129	0.02327	0.00568	0.10215	0.00208	-0.04725	(And (Agent $e0 $x0) (Member $e0 discover) (Theme $e0 $x1))
p200807	-0.06962	0.00171	0.03595	-0.00880	-0.05109	-0.00514	0.04589	0.00988	-0.00035	-0.03857	0.02026	0.04544	-0.02067	-0.03394	-0.00887	-0.05883	(And (Agent $e0 $x0) (Member $e0 postpone) (Theme $e0 $x1))
p200808	-0.04025	-0.37204	-0.04506	0.00387	0.36005	0.14924	-0.10279	0.11982	0.49198	0.16555	0.14079	0.25122	-0.23101	-0.14328	0.17098	-0.15434	(And (Member $e0 build) (Past $e0) (Patient $e0 $x0))
p200809	-0.05535	0.05766	-0.00710	-0.00916	0.08542	-0.07094	-0.09817	-0.09611	-0.09408	0.06352	0.04450	0.07602	-0.02780	0.05642	-0.00470	0.20393	(And (Member $e0 lend) (Recipient $e0 $x0) (Theme $e0 $x1))
p200822	0.00621	0.03225	-0.08752	-0.04670	-0.05513	-0.02517	0.00105	-0.00493	0.01736	0.14827	-0.01204	-0.00015	0.13173	-0.02610	0.01976	-0.02633	(And (Agent $e0 $x0) (CoAgent $e0 $x1))
p200823	-0.06678	0.24853	0.03365	0.03254	-0.16215	-0.10338	-0.06424	-0.02368	0.44448	-0.12303	-0.12084	0.02304	0.00567	0.10231	0.00203	-0.04737	(And (Agent $e0 $x0) (Member $e0 discover))
p200824	-0.06962	0.00170	0.03595	-0.00880	-0.05110	-0.00516	0.04590	0.00992	-0.00034	-0.03857	0.02025	0.04543	-0.02066	-0.03394	-0.00887	-0.05884	(And (Agent $e0 $x0) (Member $e0 postpone))
p200825	-0.03232	0.13156	-0.13231	-0.02659	0.23208	0.05594	0.09136	-0.14741	-0.12202	0.06116	-0.07455	0.01397	-0.07492	0.12422	0.01537	0.05734	(And (Agent $e0 $x0) (Member $x0 depot))
p200827	-0.00617	0.04634	-0.01759	-0.01787	-0.06663	0.00982	-0.03936	0.01813	-0.06006	0.01833	0.01027	-0.00871	0.00131	-0.01994	0.10694	-0.01067	(And (Before $e0 $e1) (Past $e0))
p200828	-0.00617	0.04625	-0.01742	-0.01783	-0.06656	0.00989	-0.03943	0.01798	-0.05981	0.01815	0.01032	-0.00872	0.00136	-0.02000	0.10693	-0.01075	(And (Before $e0 $e1) (Past $e1))
p200829	-0.02584	0.08726	0.24092	0.00602	0.17204	0.04864	-0.17770	0.25834	-0.10295	-0.15212	-0.20082	0.00996	0.20506	-0.13020	-0.03719	-0.05007	(And (Beneficiary $e0 $x0) (Past $e0))
p200830	-0.02847	0.13671	-0.15643	-0.03631	0.22106	0.10509	0.13254	-0.14177	-0.11400	0.05017	-0.10261	-0.01149	-0.07702	0.12887	0.02877	-0.00938	(And (Cardinality $x0 <num>) (GroupOf $x0 forklift))
p200831	-0.00377	-0.00186	0.02355	0.06502	0.01753	-0.00879	0.00211	0.02511	0.00909	-0.02669	-0.03990	-0.02672	-0.01743	-0.00567	-0.04025	0.02600	(And (Future $e0) (Patient $e0 $x0))
p200832	-0.00657	-0.00380	0.01694	0.05800	0.02261	-0.00665	0.00487	0.01373	0.01172	-0.02110	-0.03633	-0.02395	-0.01453	-0.00804	-0.03567	0.02264	(And (Member $e0 begin) (Patient $e0 $x0))
p200833	-0.03960	-0.36787	-0.04626	0.00408	0.35675	0.14721	-0.10457	0.12473	0.48936	0.16565	0.13874	0.25183	-0.23269	-0.14207	0.17055	-0.15551	(And (Member $e0 build) (Past $e0))
p200834	-0.04151	-0.00789	-0.02329	0.06108	0.04522	-0.02070	0.05590	0.01826	-0.05300	0.00933	-0.03985	0.01352	-0.01993	-0.01588	-0.04325	-0.04288	(And (Member $e0 cancel) (Patient $e0 $x0))
p200835	-0.05537	0.05765	-0.00723	-0.00921	0.08537	-0.07099	-0.09813	-0.09595	-0.09415	0.06354	0.04443	0.07612	-0.02776	0.05643	-0.00468	0.20402	(And (Member $e0 lend) (Recipient $e0 $x0))
p200836	-0.06962	0.00171	0.03597	-0.00878	-0.05106	-0.00509	0.04585	0.00974	-0.00040	-0.03856	0.02029	0.04547	-0.02068	-0.03396	-0.00888	-0.05882	(And (Member $e0 postpone) (Theme $e0 $x0))
p200837	-0.07355	0.19754	-0.08072	-0.02984	0.22765	-0.11613	0.05332	-0.11859	-0.12901	0.03535	0.10162	-0.02201	-0.03704	-0.04618	0.04060	-0.00983	(And (Member $e0 require) (Theme $e0 $x0))
p200850	-0.02586	0.08730	0.24094	0.00603	0.17202	0.04863	-0.17773	0.25834	-0.10295	-0.15209	-0.20088	0.00998	0.20505	-0.13021	-0.03718	-0.05010	(Beneficiary $e0 $x0)
p200851	0.00662	0.03316	-0.08709	-0.04641	-0.05521	-0.02515	0.00003	-0.00576	0.01690	0.14818	-0.01169	-0.00009	0.13148	-0.02651	0.01958	-0.02655	(CoAgent $e0 $x0)
p200852	-0.02847	0.13676	-0.15640	-0.03629	0.22104	0.10516	0.13252	-0.14190	-0.11400	0.05024	-0.10259	-0.01157	-0.07708	0.12883	0.02876	-0.00941	(GroupOf $x0 forklift)
p200853	0.02613	-0.00326	-0.02164	-0.01496	0.00121	-0.00426	-0.01701	0.00608	0.00513	0.02339	-0.01565	-0.01500	0.01706	-0.00290	-0.00936	0.01608	(Member $e0 locate)
p200854	-0.06961	0.00172	0.03598	-0.00877	-0.05105	-0.00506	0.04583	0.00966	-0.00044	-0.03855	0.02031	0.04548	-0.02069	-0.03397	-0.00889	-0.05881	(Member $e0 postpone)
p200855	-0.02948	-0.10318	-0.02891	-0.02682	-0.04822	0.20574	-0.01768	-0.04770	0.00980	-0.03108	-0.03858	-0.01217	0.00149	0.11352	-0.02721	-0.00504	(Member $x0 chef)
p200856	-0.03832	-0.12903	-0.03381	-0.02627	-0.05851	0.25761	-0.02006	-0.07832	0.01741	-0.03618	-0.04824	-0.01165	0.00043	0.14366	-0.03688	-0.01024	(Member $x0 kiln)
p200857	-0.03829	-0.12906	-0.03375	-0.02627	-0.05847	0.25762	-0.02007	-0.07829	0.01743	-0.03622	-0.04820	-0.01169	0.00042	0.14366	-0.03689	-0.01026	(Member $x0 pottery_studio)
p200863	-0.01919	0.13326	-0.09524	-0.02707	0.24346	0.08506	0.08710	-0.06431	-0.11553	0.01572	-0.12795	-0.00166	-0.02961	0.08788	0.00797	-0.02786	(And (Agent $e0 $x0) (Cardinality $x1 <num>) (Past $e0) (Theme $e0 $x1))
p200864	0.24269	0.26741	-0.05274	0.10344	-0.15704	0.05537	-0.14344	-0.01665	-0.15942	-0.01582	0.18590	0.13291	-0.05040	-0.03986	-0.08267	-0.04798	(And (Agent $e0 $x0) (Member $x1 person) (Past $e0) (Possession $x0 $x1))
p200865	-0.02413	0.08652	0.23582	-0.00057	0.17120	0.04871	-0.17192	0.25805	-0.10296	-0.14888	-0.19316	0.01189	0.20518	-0.12713	-0.04353	-0.05457	(And (Beneficiary $e0 $x0) (Member $x0 hall) (Past $e0) (Theme $e0 $x1))
p200866	-0.02497	0.13629	-0.14233	-0.03097	0.20933	0.08058	0.11873	-0.13362	-0.10556	0.05135	-0.08754	-0.01167	-0.07594	0.11250	0.02878	-0.00563	(And (Cardinality $x0 <num>) (GroupOf $x0 forklift) (Past $e0) (Theme $e0 $x0))
p200965	-0.05818	-0.00857	0.02562	-0.00801	-0.03498	0.00125	0.03572	-0.00047	-0.00217	-0.02942	0.01462	0.04509	-0.01816	-0.02674	-0.00864	-0.05082	(And (Agent $e0 $x0) (Member $x0 physician) (Theme $e0 $x1))
p200966	0.24234	0.26694	-0.05189	0.10364	-0.15681	0.05590	-0.14349	-0.01757	-0.15856	-0.01652	0.18653	0.13274	-0.05040	-0.04027	-0.08278	-0.04818	(And (Agent $e0 $x0) (Past $e0) (Possession $x0 $x1))
p200968	-0.02457	0.08699	0.23607	-0.00043	0.17105	0.04866	-0.17229	0.25791	-0.10281	-0.14857	-0.19394	0.01212	0.20488	-0.12730	-0.04338	-0.05486	(And (Beneficiary $e0 $x0) (Member $x0 hall) (Past $e0))
p200969	-0.02421	0.08662	0.23588	-0.00054	0.17118	0.04870	-0.17201	0.25800	-0.10294	-0.14882	-0.19332	0.01193	0.20513	-0.12717	-0.04350	-0.05462	(And (Beneficiary $e0 $x0) (Member $x0 hall) (Theme $e0 $x1))
p200970	-0.02494	0.13634	-0.14229	-0.03098	0.20929	0.08074	0.11872	-0.13384	-0.10555	0.05156	-0.08748	-0.01184	-0.07609	0.11243	0.02877	-0.00572	(And (GroupOf $x0 forklift) (Past $e0) (Theme $e0 $x0))
p200971	-0.03263	-0.11371	-0.02938	-0.02240	-0.05209	0.21790	-0.01702	-0.07086	0.01677	-0.03090	-0.03580	-0.01198	0.00127	0.12747	-0.03092	-0.00583	(And (Member $x0 kiln) (Past $e0) (Theme $e0 $x0))
p201014	-0.03284	-0.08183	0.00252	0.15356	0.05832	-0.07849	0.09167	0.01074	0.07725	-0.10947	0.13055	-0.10671	0.07979	0.13223	-0.09478	0.04082	(And (Inheritance yard_floodlight floodlight) (Member $x0 yard_floodlight))
p201038	0.00829	-0.01722	-0.00846	0.01287	0.02160	-0.00964	0.01326	0.00908	0.00405	-0.01052	0.00356	-0.01749	0.00007	0.00746	-0.02261	0.00508	(Inheritance feed_pipe pipe)
p201039	-0.03324	-0.08210	0.00232	0.15343	0.05828	-0.07827	0.09241	0.01094	0.07681	-0.10959	0.13079	-0.10681	0.07995	0.13191	-0.09478	0.04097	(Inheritance yard_floodlight floodlight)
p201048	-0.04882	0.06065	-0.00905	-0.00656	0.07283	-0.06850	-0.08929	-0.08555	-0.09101	0.06103	0.03495	0.07559	-0.02417	0.05611	-0.00559	0.20859	(And (Agent $e0 $x0) (Member $e0 lend) (Recipient $e0 $x1) (Theme $e0 $x2))
p201049	-0.02666	-0.07622	-0.00514	0.15814	0.05394	-0.08928	0.08323	0.02889	0.07499	-0.11177	0.10323	-0.10719	0.08728	0.15946	-0.09747	0.06126	(And (Agent $e0 $x0) (Member $e0 repair) (Past $e0) (Patient $e0 $x1))
p201050	-0.05429	-0.03986	-0.01145	-0.01475	0.06498	-0.04592	-0.08854	-0.07406	-0.04540	-0.04966	0.01277	0.18084	0.05722	0.04286	-0.00019	0.28853	(And (Agent $e0 $x0) (Member $e0 teach) (Recipient $e0 $x1) (Theme $e0 $x2))
p201058	-0.03410	-0.38703	-0.06031	-0.02770	0.37322	0.15335	-0.07313	0.13737	0.51222	0.16159	0.15648	0.27862	-0.23082	-0.14407	0.13231	-0.19556	(And (Agent $e0 $x0) (Member $e0 build) (Patient $e0 $x1))
p201059	-0.04882	0.06066	-0.00915	-0.00660	0.07278	-0.06855	-0.08925	-0.08539	-0.09108	0.06104	0.03487	0.07567	-0.02414	0.05612	-0.00558	0.20866	(And (Agent $e0 $x0) (Member $e0 lend) (Recipient $e0 $x1))
p201060	-0.02685	-0.07638	-0.00512	0.15812	0.05398	-0.08912	0.08338	0.02879	0.07501	-0.11187	0.10336	-0.10722	0.08737	0.15930	-0.09748	0.06140	(And (Agent $e0 $x0) (Member $e0 repair) (Past $e0))
p201061	-0.05460	-0.03884	-0.01282	-0.01509	0.06335	-0.04656	-0.08800	-0.07213	-0.04687	-0.04876	0.01232	0.18115	0.05721	0.04241	-0.00016	0.28827	(And (Agent $e0 $x0) (Member $e0 teach) (Theme $e0 $x1))
p201062	-0.02442	0.08685	0.23599	-0.00047	0.17111	0.04867	-0.17218	0.25791	-0.10288	-0.14866	-0.19365	0.01202	0.20499	-0.12726	-0.04343	-0.05475	(And (Beneficiary $e0 $x0) (Past $e0) (Theme $e0 $x1))
p201063	-0.02492	0.13640	-0.14224	-0.03096	0.20926	0.08093	0.11870	-0.13409	-0.10557	0.05178	-0.08741	-0.01205	-0.07623	0.11235	0.02874	-0.00579	(And (Cardinality $x0 <num>) (GroupOf $x0 forklift) (Theme $e0 $x0))
p201064	-0.06589	0.19679	-0.07439	-0.02386	0.17562	-0.10436	0.05561	-0.09580	-0.11357	0.03298	0.07944	-0.03070	-0.03301	-0.04076	0.03784	0.00020	(And (Holder $e0 $x0) (Member $e0 require) (Theme $e0 $x1))
p201065	-0.02609	-0.07579	-0.00523	0.15820	0.05377	-0.08976	0.08278	0.02930	0.07496	-0.11151	0.10289	-0.10711	0.08704	0.16001	-0.09747	0.06089	(And (Member $e0 repair) (Past $e0) (Patient $e0 $x0))
p201066	-0.05439	-0.03964	-0.01175	-0.01483	0.06455	-0.04602	-0.08837	-0.07367	-0.04567	-0.04945	0.01271	0.18090	0.05720	0.04270	-0.00020	0.28848	(And (Member $e0 teach) (Recipient $e0 $x0) (Theme $e0 $x1))
p201067	-0.03054	0.02738	0.04017	0.12500	-0.04241	-0.01148	-0.02571	0.00892	-0.02073	-0.02047	-0.06698	-0.01607	-0.02623	-0.01188	0.04678	0.01478	(And (Member $e0 write) (Past $e0) (Patient $e0 $x0))
p201083	0.02752	-0.01520	-0.01222	-0.00661	0.00716	-0.00087	0.00268	0.00357	0.00283	0.00897	-0.00293	0.00878	-0.01247	-0.00753	-0.01575	-0.03848	(And (Agent $e0 $x0) (Member $e0 arrive))
p201084	-0.03439	-0.38823	-0.05961	-0.02760	0.37426	0.15420	-0.07292	0.13529	0.51331	0.16140	0.15736	0.27835	-0.23041	-0.14456	0.13233	-0.19530	(And (Agent $e0 $x0) (Member $e0 build))
p201085	-0.02417	0.08657	0.23585	-0.00056	0.17119	0.04870	-0.17197	0.25802	-0.10295	-0.14885	-0.19323	0.01190	0.20516	-0.12715	-0.04351	-0.05460	(And (Beneficiary $e0 $x0) (Member $x0 hall))
p201086	-0.02430	0.08673	0.23593	-0.00050	0.17115	0.04869	-0.17209	0.25795	-0.10292	-0.14874	-0.19346	0.01197	0.20507	-0.12721	-0.04347	-0.05468	(And (Beneficiary $e0 $x0) (Theme $e0 $x1))
p201087	-0.06676	-0.13072	0.06866	-0.05003	0.04754	-0.00352	-0.02030	-0.19277	0.02106	-0.11877	0.39207	-0.08451	0.24904	-0.03207	0.02046	0.06620	(And (For $e0 $e1) (Past $e0))
p201088	-0.02497	0.13630	-0.14232	-0.03097	0.20932	0.08060	0.11873	-0.13367	-0.10556	0.05139	-0.08752	-0.01171	-0.07597	0.11250	0.02878	-0.00565	(And (GroupOf $x0 forklift) (Theme $e0 $x0))
p201089	-0.03368	-0.10025	-0.02891	-0.02574	-0.05017	0.20448	-0.01604	-0.04797	0.00672	-0.02975	-0.03865	-0.00937	0.00255	0.11363	-0.02514	-0.00691	(And (GroupOf $x0 lemon) (Member $x0 crate))
p201090	-0.06610	-0.02281	-0.10689	0.04740	-0.04555	0.05136	0.08137	-0.10306	-0.01691	0.18527	-0.14885	0.15407	0.15297	-0.08788	-0.03090	-0.03454	(And (Location $e0 $x0) (Theme $e1 $e0))
p201091	-0.06362	-0.00282	-0.01389	-0.01716	-0.02052	0.00705	0.02399	-0.01992	-0.02543	-0.00259	0.01572	0.05406	-0.01035	-0.04308	-0.00652	-0.04784	(And (Member $e0 decision) (Theme $e0 $x0))
p201092	-0.06134	0.05060	0.06639	0.13552	-0.06553	-0.00377	-0.02959	-0.00828	-0.00605	-0.02833	-0.11658	-0.02090	-0.03762	-0.03119	0.10986	0.02865	(And (Member $e0 produce) (Patient $e0 $x0))
p201093	-0.02656	-0.07615	-0.00515	0.15815	0.05392	-0.08937	0.08315	0.02895	0.07498	-0.11172	0.10316	-0.10717	0.08724	0.15956	-0.09747	0.06120	(And (Member $e0 repair) (Past $e0))
p201094	-0.05431	-0.03980	-0.01152	-0.01477	0.06488	-0.04595	-0.08849	-0.07396	-0.04546	-0.04961	0.01275	0.18085	0.05721	0.04282	-0.00019	0.28853	(And (Member $e0 teach) (Theme $e0 $x0))
p201095	-0.03057	0.02729	0.04016	0.12499	-0.04236	-0.01140	-0.02563	0.00881	-0.02068	-0.02049	-0.06691	-0.01609	-0.02620	-0.01190	0.04678	0.01483	(And (Member $e0 write) (Past $e0))
p201096	-0.03063	0.02710	0.04012	0.12494	-0.04224	-0.01124	-0.02544	0.00858	-0.02062	-0.02053	-0.06676	-0.01611	-0.02611	-0.01196	0.04680	0.01495	(And (Member $e0 write) (Patient $e0 $x0))
p201097	-0.05005	0.00388	0.01604	-0.00882	-0.03125	0.00128	0.02407	0.00192	-0.01001	-0.01919	0.01160	0.03282	-0.01533	-0.03596	-0.00940	-0.04152	(And (Member $x0 budget) (Possession $x0 next_year))
p201098	-0.03248	-0.11393	-0.02911	-0.02238	-0.05191	0.21797	-0.01697	-0.07074	0.01692	-0.03111	-0.03557	-0.01221	0.00117	0.12742	-0.03093	-0.00591	(And (Member $x0 kiln) (Theme $e0 $x0))
p201099	-0.05597	-0.01289	0.00299	0.00009	0.01450	-0.02422	-0.04624	-0.05593	-0.03199	-0.04923	0.01242	0.09021	0.05155	0.01817	0.03503	0.18074	(And (Member $x0 song) (Theme $e0 $x0))
p201100	-0.01570	-0.00404	0.00203	0.04804	0.02931	-0.01142	0.01457	0.01165	-0.00864	-0.00985	-0.03290	-0.00588	-0.01270	-0.00946	-0.03055	-0.00022	(And (Might $e0) (Patient $e0 $x0))
p201131	0.00968	-0.00317	0.00795	0.03029	0.01912	-0.00061	-0.00177	0.00735	-0.00354	-0.00811	-0.02525	-0.01825	-0.01323	-0.00666	-0.00957	0.01627	(Before $x0 $e0)
p201132	-0.06676	-0.13072	0.06866	-0.05003	0.04754	-0.00352	-0.02030	-0.19277	0.02104	-0.11876	0.39206	-0.08451	0.24904	-0.03207	0.02046	0.06620	(For $e0 $e1)
p201133	-0.03359	-0.10046	-0.02878	-0.02575	-0.05003	0.20453	-0.01594	-0.04793	0.00682	-0.02988	-0.03847	-0.00950	0.00257	0.11363	-0.02515	-0.00690	(GroupOf $x0 lemon)
p201134	0.02747	-0.01525	-0.01216	-0.00660	0.00723	-0.00081	0.00266	0.00340	0.00293	0.00895	-0.00288	0.00879	-0.01246	-0.00758	-0.01574	-0.03848	(Member $e0 arrive)
p201135	-0.02105	0.02066	0.02469	0.01972	-0.03359	-0.00558	-0.02611	-0.00391	0.01241	-0.00172	-0.03432	-0.00672	-0.01901	-0.02144	0.06465	-0.00035	(Member $e0 become)
p201136	-0.01442	0.03011	-0.02777	-0.02350	-0.02906	0.00653	-0.01308	-0.02176	-0.02751	0.04818	-0.02046	-0.00920	0.02479	-0.01878	0.03253	-0.00165	(Member $e0 find)
p201137	-0.06781	-0.12719	0.06915	-0.04486	0.04941	-0.00842	-0.01439	-0.18359	0.02467	-0.12042	0.38286	-0.08457	0.24263	-0.02878	0.00658	0.06704	(Member $e0 portray)
p201138	-0.06138	0.05046	0.06624	0.13547	-0.06551	-0.00364	-0.02933	-0.00832	-0.00599	-0.02834	-0.11662	-0.02089	-0.03759	-0.03118	0.10990	0.02877	(Member $e0 produce)
p201139	-0.02643	0.01870	0.02437	-0.00284	0.02497	0.03421	-0.03601	-0.06172	-0.01352	-0.00664	-0.00134	-0.02660	-0.00602	0.00922	0.02769	0.03828	(Member $e0 sell)
p201140	0.01118	-0.00484	0.00772	0.02684	0.01170	-0.00425	-0.01014	0.01836	0.01307	-0.01189	-0.02604	-0.02000	-0.01298	-0.00451	-0.02400	0.02052	(Member $e0 start)
p201141	-0.03067	0.02693	0.04004	0.12489	-0.04212	-0.01112	-0.02525	0.00841	-0.02064	-0.02053	-0.06664	-0.01613	-0.02603	-0.01201	0.04683	0.01507	(Member $e0 write)
p201142	0.03276	-0.00480	-0.01195	-0.01540	-0.00435	0.01799	-0.01797	-0.00734	-0.00764	0.02511	-0.01779	-0.01223	0.00237	-0.00996	0.01723	0.01070	(Member $x0 bench)
p201143	-0.01545	-0.01071	0.00576	-0.00977	-0.01088	-0.00012	0.00668	0.00360	0.00947	-0.01355	0.00469	0.01750	-0.01182	-0.01093	-0.00822	-0.01934	(Member $x0 bridge)
p201144	-0.05005	0.00389	0.01605	-0.00881	-0.03125	0.00129	0.02407	0.00190	-0.01001	-0.01919	0.01160	0.03282	-0.01533	-0.03596	-0.00940	-0.04151	(Member $x0 budget)
p201145	-0.06074	-0.00175	0.01488	-0.01073	-0.03379	0.00106	0.03291	-0.00389	-0.00773	-0.02174	0.01494	0.04561	-0.01500	-0.03433	-0.00737	-0.04974	(Member $x0 case)
p201146	-0.03323	-0.08210	0.00233	0.15343	0.05829	-0.07827	0.09238	0.01094	0.07682	-0.10959	0.13078	-0.10680	0.07994	0.13191	-0.09478	0.04096	(Member $x0 electrician)
p201147	-0.06075	-0.00165	0.01491	-0.01069	-0.03380	0.00113	0.03282	-0.00407	-0.00779	-0.02173	0.01492	0.04568	-0.01506	-0.03437	-0.00739	-0.04972	(Member $x0 judge)
p201148	-0.02061	-0.07211	-0.00107	0.12885	0.05206	-0.07005	0.07186	0.00996	0.07381	-0.09636	0.11061	-0.09524	0.06901	0.12494	-0.08316	0.05494	(Member $x0 mechanic)
p201149	0.02266	0.04204	-0.20760	-0.11106	-0.09780	-0.21681	0.01658	0.46746	-0.17790	0.12358	0.05117	-0.03053	-0.02433	0.20247	0.02511	-0.02539	(Member $x0 view)
p201150	-0.03300	-0.08196	0.00245	0.15350	0.05833	-0.07839	0.09196	0.01081	0.07707	-0.10952	0.13065	-0.10675	0.07986	0.13209	-0.09477	0.04088	(Member $x0 yard_floodlight)
p201151	-0.02018	-0.00421	-0.01624	-0.01675	-0.00333	0.00215	0.00939	-0.01300	-0.01820	0.01062	0.00536	0.03048	-0.00888	-0.02734	0.00141	-0.03732	(Patient $e0 $e1)
p201152	-0.05005	0.00383	0.01603	-0.00884	-0.03124	0.00121	0.02409	0.00210	-0.00997	-0.01921	0.01158	0.03280	-0.01530	-0.03593	-0.00938	-0.04154	(Possession $x0 next_year)
p201153	0.09176	0.13053	-0.03106	0.05544	-0.06130	-0.01368	-0.06821	0.02112	-0.06097	-0.01842	0.06585	0.05676	-0.04420	0.00036	-0.04310	-0.01330	(To $e0 $e1)
p201162	-0.01812	0.08398	0.20599	-0.00123	0.14513	0.03315	-0.15286	0.28012	-0.10135	-0.13843	-0.18890	0.01508	0.19961	-0.11070	-0.05201	-0.05760	(And (Agent $e0 $x0) (Beneficiary $e0 $x1) (Member $x0 school) (Member $x1 hall))
p201163	-0.01808	0.08397	0.20594	-0.00124	0.14512	0.03313	-0.15282	0.28022	-0.10139	-0.13845	-0.18888	0.01507	0.19963	-0.11067	-0.05202	-0.05758	(And (Agent $e0 $x0) (Beneficiary $e0 $x1) (Member $x0 school) (Past $e0))
p201164	-0.01836	0.08406	0.20620	-0.00115	0.14515	0.03325	-0.15303	0.27976	-0.10117	-0.13836	-0.18903	0.01514	0.19952	-0.11084	-0.05197	-0.05773	(And (Agent $e0 $x0) (Beneficiary $e0 $x1) (Member $x0 school) (Theme $e0 $x2))
p201165	-0.01798	0.08392	0.20586	-0.00128	0.14510	0.03310	-0.15275	0.28038	-0.10144	-0.13850	-0.18884	0.01506	0.19967	-0.11062	-0.05204	-0.05753	(And (Agent $e0 $x0) (Beneficiary $e0 $x1) (Member $x1 hall) (Past $e0))
p201166	-0.01748	0.08361	0.20540	-0.00150	0.14498	0.03290	-0.15227	0.28145	-0.10161	-0.13877	-0.18854	0.01495	0.19982	-0.11024	-0.05216	-0.05731	(And (Agent $e0 $x0) (Beneficiary $e0 $x1) (Member $x1 hall) (Theme $e0 $x2))
p201167	0.35356	-0.15499	0.12443	-0.03880	0.06260	-0.05798	0.26475	0.00933	0.06197	-0.08788	-0.07727	0.05917	0.08413	0.09594	0.15276	-0.04427	(And (Agent $e0 $x0) (Cardinality $x0 <num>) (GroupOf $x0 climber) (Theme $e0 $x1))
p201168	0.35369	-0.15500	0.12434	-0.03890	0.06252	-0.05806	0.26467	0.01005	0.06188	-0.08777	-0.07779	0.05923	0.08394	0.09607	0.15279	-0.04454	(And (Agent $e0 $x0) (Cardinality $x0 <num>) (Member $x1 north_route) (Theme $e0 $x1))
p201169	-0.01614	0.11214	-0.13247	-0.02620	0.20787	0.07660	0.11903	-0.11797	-0.09307	0.04267	-0.08711	-0.00500	-0.06797	0.10611	0.01863	-0.01702	(And (Agent $e0 $x0) (Cardinality $x1 <num>) (GroupOf $x1 forklift) (Theme $e0 $x1))
p201170	-0.01619	0.11208	-0.13304	-0.02624	0.20788	0.07568	0.11937	-0.11660	-0.09346	0.04176	-0.08771	-0.00394	-0.06722	0.10652	0.01876	-0.01627	(And (Agent $e0 $x0) (Cardinality $x1 <num>) (Member $x0 depot) (Theme $e0 $x1))
p201171	0.35347	-0.15495	0.12448	-0.03872	0.06263	-0.05793	0.26479	0.00885	0.06203	-0.08796	-0.07695	0.05914	0.08426	0.09585	0.15273	-0.04408	(And (Agent $e0 $x0) (GroupOf $x0 climber) (Member $x1 north_route) (Theme $e0 $x1))
p201172	-0.01613	0.11215	-0.13246	-0.02619	0.20787	0.07663	0.11902	-0.11802	-0.09307	0.04270	-0.08710	-0.00503	-0.06799	0.10610	0.01862	-0.01704	(And (Agent $e0 $x0) (GroupOf $x1 forklift) (Member $x0 depot) (Theme $e0 $x1))
p201173	-0.01615	0.11211	-0.13252	-0.02622	0.20787	0.07651	0.11907	-0.11780	-0.09308	0.04257	-0.08716	-0.00489	-0.06790	0.10616	0.01865	-0.01695	(And (Agent $e0 $x0) (GroupOf $x1 forklift) (Past $e0) (Theme $e0 $x1))
p201174	0.35369	-0.15500	0.12434	-0.03890	0.06252	-0.05806	0.26467	0.01005	0.06188	-0.08777	-0.07778	0.05922	0.08394	0.09608	0.15279	-0.04455	(And (Agent $e0 $x0) (Inheritance north_route north) (Member $x1 north_route) (Theme $e0 $x1))
p201175	0.35375	-0.15501	0.12426	-0.03897	0.06247	-0.05812	0.26466	0.01049	0.06181	-0.08771	-0.07804	0.05925	0.08385	0.09616	0.15281	-0.04469	(And (Agent $e0 $x0) (Inheritance north_route route) (Member $x1 north_route) (Theme $e0 $x1))
p201176	-0.02612	-0.11030	-0.03054	-0.01877	-0.04811	0.20918	-0.01024	-0.05861	0.01872	-0.02978	-0.04058	-0.00679	0.00089	0.11785	-0.03772	-0.01518	(And (Agent $e0 $x0) (Inheritance pottery_studio studio) (Member $x0 pottery_studio) (Past $e0))
p201177	-0.02610	-0.11032	-0.03050	-0.01876	-0.04809	0.20918	-0.01025	-0.05859	0.01873	-0.02981	-0.04055	-0.00683	0.00088	0.11785	-0.03773	-0.01520	(And (Agent $e0 $x0) (Inheritance pottery_studio studio) (Member $x0 pottery_studio) (Theme $e0 $x1))
p201178	-0.02610	-0.06639	-0.00017	0.12900	0.04525	-0.06862	0.07730	0.01875	0.06275	-0.09236	0.09928	-0.08876	0.06985	0.11542	-0.07982	0.03609	(And (Agent $e0 $x0) (Inheritance yard_floodlight floodlight) (Member $x1 yard_floodlight) (Patient $e0 $x1))
p201179	-0.05107	0.24681	0.03559	0.04010	-0.14604	-0.09314	-0.09226	-0.08207	0.52367	-0.13062	-0.11141	0.00605	0.03503	0.11173	0.00380	-0.02612	(And (Agent $e0 $x0) (Location $e0 $x1) (Member $x1 point) (Theme $e0 $x2))
p201180	-0.04858	-0.00357	0.02326	-0.00660	-0.03251	-0.00168	0.03011	0.00257	0.00238	-0.02659	0.01234	0.03587	-0.01428	-0.02184	-0.00634	-0.04208	(And (Agent $e0 $x0) (Member $x0 club) (Member $x1 tournament) (Theme $e0 $x1))
p201181	-0.01615	0.11209	-0.13255	-0.02622	0.20787	0.07645	0.11909	-0.11771	-0.09308	0.04250	-0.08718	-0.00483	-0.06785	0.10619	0.01866	-0.01691	(And (Agent $e0 $x0) (Member $x0 depot) (Past $e0) (Theme $e0 $x1))
p201182	-0.02624	-0.06650	-0.00021	0.12896	0.04527	-0.06853	0.07752	0.01875	0.06264	-0.09240	0.09938	-0.08879	0.06990	0.11528	-0.07982	0.03612	(And (Agent $e0 $x0) (Member $x0 electrician) (Member $x1 yard_floodlight) (Patient $e0 $x1))
p201183	-0.02630	-0.06652	-0.00024	0.12894	0.04527	-0.06850	0.07761	0.01875	0.06258	-0.09242	0.09942	-0.08880	0.06992	0.11523	-0.07982	0.03614	(And (Agent $e0 $x0) (Member $x0 electrician) (Past $e0) (Patient $e0 $x1))
p201184	-0.02616	-0.11025	-0.03064	-0.01879	-0.04817	0.20918	-0.01023	-0.05865	0.01868	-0.02971	-0.04066	-0.00671	0.00091	0.11786	-0.03772	-0.01514	(And (Agent $e0 $x0) (Member $x0 pottery_studio) (Member $x1 kiln) (Theme $e0 $x1))
p201185	-0.02640	-0.10979	-0.03117	-0.01884	-0.04860	0.20905	-0.01042	-0.05869	0.01825	-0.02933	-0.04119	-0.00623	0.00110	0.11792	-0.03771	-0.01499	(And (Agent $e0 $x0) (Member $x0 pottery_studio) (Past $e0) (Theme $e0 $x1))
p201186	-0.01714	0.08332	0.20506	-0.00172	0.14484	0.03275	-0.15187	0.28239	-0.10160	-0.13898	-0.18831	0.01488	0.19984	-0.10994	-0.05225	-0.05715	(And (Agent $e0 $x0) (Member $x0 school) (Past $e0) (Theme $e0 $x1))
p201187	-0.02612	-0.11030	-0.03053	-0.01877	-0.04811	0.20918	-0.01025	-0.05861	0.01872	-0.02978	-0.04058	-0.00679	0.00089	0.11785	-0.03772	-0.01518	(And (Agent $e0 $x0) (Member $x1 kiln) (Past $e0) (Theme $e0 $x1))
p201188	-0.02626	-0.06650	-0.00022	0.12895	0.04527	-0.06852	0.07754	0.01875	0.06262	-0.09240	0.09939	-0.08879	0.06991	0.11528	-0.07982	0.03613	(And (Agent $e0 $x0) (Member $x1 yard_floodlight) (Past $e0) (Patient $e0 $x1))
p201189	-0.02117	0.06541	0.19836	0.00026	0.13558	0.03982	-0.13991	0.20506	-0.08059	-0.12228	-0.15267	0.00902	0.16708	-0.10872	-0.03279	-0.04348	(And (Beneficiary $e0 $x0) (Member $x0 hall) (Member $x1 projector) (Theme $e0 $x1))
p201190	-0.02123	0.06552	0.19838	0.00028	0.13554	0.03978	-0.13997	0.20507	-0.08060	-0.12222	-0.15280	0.00906	0.16703	-0.10874	-0.03276	-0.04351	(And (Beneficiary $e0 $x0) (Member $x1 projector) (Past $e0) (Theme $e0 $x1))
p201191	-0.02715	-0.08860	-0.02452	-0.02186	-0.04448	0.16750	-0.01226	-0.04029	0.00733	-0.02514	-0.02616	-0.01078	0.00332	0.10017	-0.02002	-0.00222	(And (GroupOf $x0 lemon) (Member $x0 crate) (Past $e0) (Theme $e0 $x0))
p201192	-0.00341	-0.00168	0.01472	0.04439	0.01334	-0.00621	0.00267	0.01601	0.00680	-0.01787	-0.02760	-0.01847	-0.01160	-0.00411	-0.02749	0.01822	(And (Inheritance apple_harvest harvest) (Member $x0 apple_harvest) (Patient $e0 $x0) (Time $e0 (Month september)))
p201193	0.35366	-0.15499	0.12436	-0.03888	0.06254	-0.05804	0.26469	0.00987	0.06191	-0.08780	-0.07766	0.05921	0.08399	0.09604	0.15278	-0.04447	(And (Inheritance north_route north) (Inheritance north_route route) (Member $x0 north_route) (Theme $e0 $x0))
p201194	-0.00217	-0.00225	0.00892	0.03404	0.01289	-0.00422	0.00111	0.00958	0.00614	-0.01227	-0.02370	-0.01598	-0.01021	-0.00486	-0.02137	0.01684	(And (Inheritance shoreline_survey survey) (Member $x0 shoreline_survey) (Patient $e0 $x0) (Time $e0 dawn))
p201195	-0.02610	-0.06637	-0.00017	0.12899	0.04524	-0.06863	0.07731	0.01876	0.06274	-0.09235	0.09927	-0.08877	0.06985	0.11541	-0.07982	0.03609	(And (Inheritance yard_floodlight floodlight) (Member $x0 yard_floodlight) (Past $e0) (Patient $e0 $x0))
p201404	-0.01837	0.08406	0.20621	-0.00115	0.14516	0.03326	-0.15304	0.27972	-0.10116	-0.13836	-0.18903	0.01514	0.19952	-0.11085	-0.05197	-0.05773	(And (Agent $e0 $x0) (Beneficiary $e0 $x1) (Member $x0 school))
p201405	-0.01844	0.08408	0.20627	-0.00112	0.14515	0.03329	-0.15308	0.27964	-0.10110	-0.13834	-0.18907	0.01516	0.19949	-0.11088	-0.05195	-0.05777	(And (Agent $e0 $x0) (Beneficiary $e0 $x1) (Member $x1 hall))
p201406	0.35358	-0.15498	0.12441	-0.03881	0.06259	-0.05799	0.26473	0.00942	0.06196	-0.08786	-0.07736	0.05918	0.08411	0.09596	0.15276	-0.04430	(And (Agent $e0 $x0) (GroupOf $x0 climber) (Theme $e0 $x1))
p201407	-0.01618	0.11206	-0.13265	-0.02624	0.20787	0.07627	0.11915	-0.11742	-0.09313	0.04233	-0.08728	-0.00464	-0.06772	0.10627	0.01868	-0.01678	(And (Agent $e0 $x0) (GroupOf $x1 forklift) (Theme $e0 $x1))
p201408	-0.02612	-0.11030	-0.03054	-0.01877	-0.04811	0.20918	-0.01024	-0.05862	0.01872	-0.02978	-0.04058	-0.00679	0.00088	0.11785	-0.03772	-0.01518	(And (Agent $e0 $x0) (Inheritance pottery_studio studio) (Member $x0 pottery_studio))
p201409	-0.05108	0.24688	0.03553	0.04007	-0.14615	-0.09320	-0.09224	-0.08183	0.52362	-0.13062	-0.11150	0.00607	0.03502	0.11175	0.00381	-0.02612	(And (Agent $e0 $x0) (Location $e0 $x1) (Member $x1 point))
p201410	-0.04630	-0.00871	0.01436	-0.00879	-0.02659	-0.00071	0.02922	-0.00103	0.00072	-0.02237	0.01341	0.03744	-0.01383	-0.01676	-0.00590	-0.04092	(And (Agent $e0 $x0) (Member $x0 automobile) (Theme $e0 $x1))
p201411	-0.04858	-0.00357	0.02330	-0.00657	-0.03248	-0.00161	0.03005	0.00240	0.00235	-0.02660	0.01239	0.03590	-0.01428	-0.02187	-0.00636	-0.04207	(And (Agent $e0 $x0) (Member $x0 club) (Theme $e0 $x1))
p201412	-0.01616	0.11208	-0.13259	-0.02623	0.20787	0.07637	0.11911	-0.11759	-0.09310	0.04243	-0.08722	-0.00475	-0.06780	0.10623	0.01867	-0.01686	(And (Agent $e0 $x0) (Member $x0 depot) (Past $e0))
p201413	-0.02611	-0.06639	-0.00018	0.12899	0.04524	-0.06862	0.07732	0.01876	0.06274	-0.09236	0.09928	-0.08877	0.06986	0.11541	-0.07982	0.03609	(And (Agent $e0 $x0) (Member $x0 electrician) (Past $e0))
p201414	-0.02617	-0.06642	-0.00020	0.12898	0.04525	-0.06858	0.07741	0.01875	0.06268	-0.09237	0.09932	-0.08878	0.06988	0.11535	-0.07982	0.03611	(And (Agent $e0 $x0) (Member $x0 electrician) (Patient $e0 $x1))
p201415	-0.02615	-0.11026	-0.03062	-0.01879	-0.04816	0.20918	-0.01024	-0.05865	0.01868	-0.02972	-0.04065	-0.00672	0.00091	0.11786	-0.03772	-0.01514	(And (Agent $e0 $x0) (Member $x0 pottery_studio) (Past $e0))
p201416	-0.02616	-0.11025	-0.03065	-0.01879	-0.04818	0.20918	-0.01023	-0.05866	0.01867	-0.02970	-0.04067	-0.00669	0.00092	0.11787	-0.03771	-0.01513	(And (Agent $e0 $x0) (Member $x0 pottery_studio) (Theme $e0 $x1))
p201417	-0.01848	0.08409	0.20631	-0.00111	0.14516	0.03331	-0.15311	0.27958	-0.10106	-0.13834	-0.18910	0.01517	0.19948	-0.11090	-0.05195	-0.05779	(And (Agent $e0 $x0) (Member $x0 school) (Past $e0))
p201418	-0.02611	-0.11031	-0.03052	-0.01877	-0.04810	0.20918	-0.01025	-0.05860	0.01873	-0.02979	-0.04056	-0.00681	0.00088	0.11785	-0.03773	-0.01519	(And (Agent $e0 $x0) (Member $x1 kiln) (Theme $e0 $x1))
p201419	0.35345	-0.15494	0.12450	-0.03870	0.06263	-0.05792	0.26480	0.00874	0.06205	-0.08797	-0.07689	0.05913	0.08428	0.09583	0.15272	-0.04405	(And (Agent $e0 $x0) (Member $x1 north_route) (Theme $e0 $x1))
p201420	-0.04857	-0.00357	0.02331	-0.00657	-0.03247	-0.00160	0.03004	0.00237	0.00234	-0.02660	0.01240	0.03591	-0.01428	-0.02187	-0.00637	-0.04207	(And (Agent $e0 $x0) (Member $x1 tournament) (Theme $e0 $x1))
p201421	-0.02616	-0.06643	-0.00019	0.12898	0.04525	-0.06858	0.07741	0.01875	0.06269	-0.09237	0.09932	-0.08878	0.06987	0.11536	-0.07982	0.03610	(And (Agent $e0 $x0) (Member $x1 yard_floodlight) (Patient $e0 $x1))
p201423	-0.07597	0.00507	-0.09929	0.08532	-0.01140	0.03082	0.08268	-0.07590	-0.14097	0.16532	-0.15030	0.13888	0.12683	-0.08128	-0.04530	-0.02388	(And (Agent $e0 $x0) (Patient $e1 $x1) (Theme $e0 $e1))
p201424	-0.02144	0.06584	0.19839	0.00033	0.13539	0.03966	-0.14012	0.20523	-0.08060	-0.12204	-0.15331	0.00921	0.16686	-0.10876	-0.03268	-0.04365	(And (Beneficiary $e0 $x0) (Member $x1 projector) (Theme $e0 $x1))
p201425	-0.06012	0.21286	-0.07772	-0.02200	0.15751	-0.10771	0.06141	-0.08743	-0.11580	0.03777	0.07308	-0.03166	-0.03369	-0.03727	0.03907	0.00548	(And (Cardinality $x0 <num>) (Holder $e0 $x1) (Theme $e0 $x0))
p201426	-0.05428	0.17078	-0.07046	-0.02453	0.20190	-0.10141	0.04406	-0.09933	-0.11224	0.03376	0.08260	-0.01518	-0.03104	-0.03634	0.03557	-0.00711	(And (Cardinality $x0 <num>) (Member $e0 require) (Theme $e0 $x0))
p201427	-0.02726	-0.08817	-0.02478	-0.02186	-0.04474	0.16733	-0.01244	-0.04015	0.00707	-0.02490	-0.02658	-0.01053	0.00330	0.10021	-0.02001	-0.00225	(And (GroupOf $x0 lemon) (Past $e0) (Theme $e0 $x0))
p201428	-0.00341	-0.00158	0.01523	0.04454	0.01330	-0.00594	0.00202	0.01534	0.00703	-0.01792	-0.02748	-0.01844	-0.01169	-0.00443	-0.02752	0.01807	(And (Inheritance apple_harvest harvest) (Member $x0 apple_harvest) (Patient $e0 $x0))
p201429	0.35372	-0.15501	0.12430	-0.03894	0.06249	-0.05809	0.26467	0.01027	0.06185	-0.08774	-0.07791	0.05924	0.08390	0.09611	0.15280	-0.04460	(And (Inheritance north_route north) (Inheritance north_route route) (Member $x0 north_route))
p201430	0.35376	-0.15500	0.12425	-0.03897	0.06246	-0.05813	0.26465	0.01056	0.06180	-0.08770	-0.07810	0.05926	0.08383	0.09617	0.15281	-0.04469	(And (Inheritance north_route north) (Member $x0 north_route) (Theme $e0 $x0))
p201431	0.35354	-0.15496	0.12444	-0.03878	0.06261	-0.05796	0.26475	0.00918	0.06199	-0.08790	-0.07721	0.05917	0.08416	0.09591	0.15275	-0.04422	(And (Inheritance north_route route) (Member $x0 north_route) (Theme $e0 $x0))
p201432	-0.00218	-0.00226	0.00900	0.03407	0.01290	-0.00417	0.00105	0.00945	0.00619	-0.01228	-0.02366	-0.01599	-0.01022	-0.00491	-0.02138	0.01683	(And (Inheritance shoreline_survey survey) (Member $x0 shoreline_survey) (Patient $e0 $x0))
p201433	-0.02606	-0.06635	-0.00016	0.12901	0.04523	-0.06865	0.07726	0.01876	0.06278	-0.09235	0.09925	-0.08877	0.06984	0.11545	-0.07983	0.03608	(And (Inheritance yard_floodlight floodlight) (Member $x0 yard_floodlight) (Patient $e0 $x0))
p201434	-0.05121	0.24781	0.03471	0.03969	-0.14771	-0.09387	-0.09197	-0.07892	0.52295	-0.13051	-0.11262	0.00642	0.03481	0.11186	0.00390	-0.02612	(And (Location $e0 $x0) (Member $x0 point) (Theme $e0 $x1))
p201436	-0.00339	-0.00162	0.01492	0.04445	0.01330	-0.00612	0.00238	0.01578	0.00691	-0.01790	-0.02759	-0.01844	-0.01162	-0.00423	-0.02749	0.01815	(And (Member $x0 apple_harvest) (Patient $e0 $x0) (Time $e0 (Month september)))
p201437	-0.02716	-0.08856	-0.02454	-0.02186	-0.04450	0.16748	-0.01227	-0.04029	0.00731	-0.02511	-0.02619	-0.01077	0.00332	0.10017	-0.02002	-0.00222	(And (Member $x0 crate) (Past $e0) (Theme $e0 $x0))
p201438	-0.02697	-0.00427	0.02705	-0.00968	-0.02988	-0.01192	0.01710	0.02366	-0.00088	-0.02707	0.01231	0.02189	-0.00801	-0.01386	0.00109	-0.03548	(And (Member $x0 firm) (Member $x1 tender) (Possession $x1 $x0))
p201439	-0.02126	0.06556	0.19838	0.00029	0.13552	0.03978	-0.13999	0.20508	-0.08060	-0.12220	-0.15285	0.00907	0.16701	-0.10874	-0.03276	-0.04353	(And (Member $x0 projector) (Past $e0) (Theme $e0 $x0))
p201440	-0.00216	-0.00225	0.00884	0.03401	0.01288	-0.00426	0.00117	0.00970	0.00610	-0.01225	-0.02374	-0.01597	-0.01020	-0.00482	-0.02135	0.01685	(And (Member $x0 shoreline_survey) (Patient $e0 $x0) (Time $e0 dawn))
p201441	-0.02615	-0.06640	-0.00019	0.12898	0.04525	-0.06860	0.07738	0.01875	0.06270	-0.09236	0.09931	-0.08878	0.06987	0.11537	-0.07982	0.03610	(And (Member $x0 yard_floodlight) (Past $e0) (Patient $e0 $x0))
p201533	-0.03270	-0.00681	-0.01106	0.03319	0.02186	-0.01193	0.03701	0.00987	-0.03058	0.00143	-0.02065	0.01627	-0.01443	-0.01239	-0.02597	-0.03287	(And (Inheritance afternoon_session session) (Member $x0 afternoon_session))
p201534	-0.00340	-0.00158	0.01513	0.04452	0.01329	-0.00599	0.00212	0.01548	0.00699	-0.01791	-0.02753	-0.01843	-0.01167	-0.00437	-0.02751	0.01809	(And (Inheritance apple_harvest harvest) (Member $x0 apple_harvest))
p201535	0.00138	-0.00322	0.01314	0.03683	0.01293	-0.00503	0.00054	0.01526	0.00789	-0.01655	-0.02363	-0.01766	-0.01070	-0.00378	-0.02538	0.01662	(And (Inheritance dress_rehearsal rehearsal) (Member $x0 dress_rehearsal))
p201536	-0.02967	-0.00919	0.00761	0.00356	-0.00872	-0.00151	0.02314	0.00082	-0.00297	-0.01401	0.00232	0.02258	-0.01285	-0.01433	-0.01230	-0.02944	(And (Inheritance evening_flight flight) (Member $x0 evening_flight))
p201537	-0.03505	-0.00785	0.01630	-0.00695	-0.02278	0.00095	0.02374	0.00101	0.00193	-0.02105	0.01062	0.02725	-0.01291	-0.01779	-0.00732	-0.03229	(And (Inheritance loan_application application) (Member $x0 loan_application))
p201538	0.35368	-0.15499	0.12434	-0.03890	0.06252	-0.05805	0.26468	0.01003	0.06188	-0.08777	-0.07777	0.05922	0.08395	0.09607	0.15279	-0.04452	(And (Inheritance north_route north) (Member $x0 north_route))
p201539	0.35362	-0.15500	0.12439	-0.03885	0.06257	-0.05801	0.26471	0.00966	0.06193	-0.08783	-0.07752	0.05920	0.08405	0.09600	0.15277	-0.04439	(And (Inheritance north_route route) (Member $x0 north_route))
p201540	-0.02747	-0.01304	0.02201	-0.00744	-0.01962	-0.00212	0.01574	0.00349	0.00631	-0.02438	0.00492	0.03055	-0.00932	-0.01196	-0.00296	-0.03374	(And (Inheritance rescue_team team) (Member $x0 rescue_team))
p201541	-0.00217	-0.00225	0.00896	0.03405	0.01290	-0.00419	0.00107	0.00951	0.00617	-0.01228	-0.02367	-0.01598	-0.01022	-0.00489	-0.02137	0.01683	(And (Inheritance shoreline_survey survey) (Member $x0 shoreline_survey))
p201542	-0.01869	-0.00657	-0.01443	0.03397	0.02748	-0.01168	0.03253	0.01208	-0.02863	0.00542	-0.02289	0.00339	-0.01243	-0.00865	-0.02699	-0.02218	(And (Inheritance summer_fair fair) (Member $x0 summer_fair))
p201571	0.01560	0.00047	-0.01203	-0.00733	0.01114	-0.00596	-0.00235	0.00475	-0.00354	0.00048	0.00388	-0.01280	-0.00633	-0.00244	-0.00926	0.01380	(And (Inheritance monthly_servicing monthly) (Inheritance monthly_servicing servicing))
p201572	0.35366	-0.15500	0.12436	-0.03888	0.06254	-0.05804	0.26469	0.00986	0.06190	-0.08780	-0.07764	0.05921	0.08399	0.09604	0.15278	-0.04447	(And (Inheritance north_route north) (Inheritance north_route route))
p201586	-0.03275	-0.00688	-0.01103	0.03318	0.02189	-0.01189	0.03696	0.00975	-0.03049	0.00141	-0.02053	0.01624	-0.01437	-0.01241	-0.02597	-0.03283	(Inheritance afternoon_session session)
p201587	-0.00341	-0.00158	0.01527	0.04456	0.01330	-0.00591	0.00197	0.01528	0.00705	-0.01793	-0.02746	-0.01844	-0.01170	-0.00445	-0.02753	0.01806	(Inheritance apple_harvest harvest)
p201588	0.00138	-0.00325	0.01297	0.03679	0.01293	-0.00512	0.00076	0.01547	0.00783	-0.01654	-0.02368	-0.01767	-0.01066	-0.00367	-0.02537	0.01667	(Inheritance dress_rehearsal rehearsal)
p201589	-0.02965	-0.00915	0.00764	0.00357	-0.00875	-0.00150	0.02310	0.00083	-0.00300	-0.01403	0.00230	0.02261	-0.01287	-0.01434	-0.01231	-0.02945	(Inheritance evening_flight flight)
p201590	-0.03505	-0.00785	0.01633	-0.00694	-0.02278	0.00098	0.02371	0.00093	0.00193	-0.02107	0.01064	0.02726	-0.01291	-0.01781	-0.00733	-0.03228	(Inheritance loan_application application)
p201591	0.01558	0.00038	-0.01198	-0.00732	0.01126	-0.00586	-0.00236	0.00442	-0.00351	0.00048	0.00411	-0.01283	-0.00631	-0.00252	-0.00927	0.01382	(Inheritance monthly_servicing monthly)
p201592	0.01560	0.00046	-0.01202	-0.00733	0.01114	-0.00595	-0.00235	0.00473	-0.00354	0.00048	0.00390	-0.01280	-0.00633	-0.00245	-0.00926	0.01380	(Inheritance monthly_servicing servicing)
p201593	0.35370	-0.15500	0.12433	-0.03891	0.06251	-0.05807	0.26467	0.01011	0.06187	-0.08776	-0.07782	0.05922	0.08392	0.09609	0.15280	-0.04457	(Inheritance north_route north)
p201594	0.35368	-0.15500	0.12434	-0.03890	0.06253	-0.05805	0.26468	0.00999	0.06189	-0.08778	-0.07773	0.05922	0.08396	0.09607	0.15279	-0.04451	(Inheritance north_route route)
p201595	-0.02748	-0.01302	0.02199	-0.00744	-0.01963	-0.00214	0.01576	0.00353	0.00632	-0.02436	0.00491	0.03053	-0.00932	-0.01196	-0.00295	-0.03374	(Inheritance rescue_team team)
p201596	-0.00217	-0.00225	0.00894	0.03405	0.01289	-0.00420	0.00109	0.00954	0.00616	-0.01227	-0.02369	-0.01598	-0.01021	-0.00488	-0.02137	0.01683	(Inheritance shoreline_survey survey)
p201597	-0.01864	-0.00652	-0.01443	0.03399	0.02745	-0.01169	0.03262	0.01213	-0.02867	0.00544	-0.02297	0.00341	-0.01251	-0.00864	-0.02698	-0.02222	(Inheritance summer_fair fair)
p201622	-0.01836	0.08406	0.20620	-0.00115	0.14516	0.03326	-0.15303	0.27974	-0.10117	-0.13836	-0.18902	0.01514	0.19952	-0.11084	-0.05197	-0.05772	(And (Agent $e0 $x0) (Beneficiary $e0 $x1) (Past $e0) (Theme $e0 $x2))
p201623	-0.02270	-0.39255	-0.05661	-0.03748	0.38699	0.15654	-0.09725	0.12783	0.52484	0.16546	0.17001	0.25820	-0.22423	-0.13672	0.13696	-0.18776	(And (Agent $e0 $x0) (Member $e0 build) (Past $e0) (Patient $e0 $x1))
p201633	-0.01816	0.08399	0.20602	-0.00121	0.14514	0.03317	-0.15288	0.28004	-0.10133	-0.13843	-0.18890	0.01509	0.19960	-0.11073	-0.05201	-0.05761	(And (Agent $e0 $x0) (Beneficiary $e0 $x1) (Past $e0))
p201634	-0.01769	0.08377	0.20560	-0.00140	0.14504	0.03298	-0.15249	0.28097	-0.10157	-0.13864	-0.18869	0.01500	0.19976	-0.11041	-0.05210	-0.05741	(And (Agent $e0 $x0) (Beneficiary $e0 $x1) (Theme $e0 $x2))
p201635	0.35374	-0.15501	0.12428	-0.03895	0.06248	-0.05811	0.26466	0.01040	0.06183	-0.08772	-0.07800	0.05925	0.08387	0.09615	0.15281	-0.04465	(And (Agent $e0 $x0) (Cardinality $x0 <num>) (GroupOf $x0 climber))
p201636	0.00485	0.01664	-0.07374	-0.03924	-0.03310	-0.02752	0.01332	-0.02167	0.04751	0.13076	-0.03864	-0.00093	0.13587	-0.01415	0.00184	-0.01330	(And (Agent $e0 $x0) (CoAgent $e0 $x1) (Location $e0 $x2))
p201637	0.01973	0.06311	-0.14603	-0.06913	-0.06019	-0.06503	0.04247	-0.02944	0.03351	0.25307	-0.07970	0.00248	0.25111	-0.02277	0.00829	-0.00965	(And (Agent $e0 $x0) (Location $e0 $x1) (Member $e0 work))
p201638	-0.05107	0.24683	0.03556	0.04008	-0.14609	-0.09317	-0.09225	-0.08195	0.52365	-0.13062	-0.11145	0.00606	0.03502	0.11174	0.00381	-0.02612	(And (Agent $e0 $x0) (Location $e0 $x1) (Theme $e0 $x2))
p201639	-0.02272	-0.39274	-0.05650	-0.03747	0.38723	0.15666	-0.09726	0.12749	0.52503	0.16544	0.17015	0.25819	-0.22422	-0.13678	0.13696	-0.18775	(And (Agent $e0 $x0) (Member $e0 build) (Past $e0))
p201641	-0.05491	0.17466	-0.07277	-0.02502	0.20420	-0.10387	0.04819	-0.10017	-0.11459	0.03446	0.08548	-0.01635	-0.03132	-0.03659	0.03618	-0.00601	(And (Cardinality $x0 <num>) (GroupOf $x0 egg) (Theme $e0 $x0))
p201642	-0.02717	-0.08852	-0.02457	-0.02186	-0.04452	0.16747	-0.01229	-0.04027	0.00729	-0.02509	-0.02624	-0.01073	0.00332	0.10018	-0.02002	-0.00222	(And (GroupOf $x0 lemon) (Member $x0 crate) (Theme $e0 $x0))
p201643	-0.05317	0.00594	0.01591	-0.00779	-0.03268	0.00050	0.02527	0.00164	-0.01253	-0.01806	0.01142	0.03510	-0.01389	-0.03475	-0.00739	-0.04228	(And (Member $x0 budget) (Possession $x0 next_year) (Theme $e0 $x0))
p201675	-0.01727	0.08344	0.20518	-0.00163	0.14490	0.03280	-0.15203	0.28203	-0.10163	-0.13889	-0.18841	0.01491	0.19984	-0.11005	-0.05221	-0.05721	(And (Agent $e0 $x0) (Beneficiary $e0 $x1))
p201676	0.02290	-0.01273	-0.00982	-0.00503	0.00639	0.00027	0.00136	0.00294	-0.00040	0.00897	-0.00107	0.00473	-0.01172	-0.00611	-0.01384	-0.03226	(And (Agent $e0 $x0) (Future $e0))
p201677	0.02041	-0.00502	-0.02164	-0.00916	0.02090	0.00141	0.00520	-0.01259	-0.03619	0.02735	0.00249	0.00324	-0.00748	-0.00842	-0.00215	-0.02569	(And (Agent $e0 $x0) (Goal $e0 $x1))
p201678	0.35370	-0.15500	0.12432	-0.03891	0.06251	-0.05807	0.26467	0.01012	0.06187	-0.08776	-0.07783	0.05923	0.08393	0.09609	0.15279	-0.04455	(And (Agent $e0 $x0) (GroupOf $x0 climber))
p201679	-0.01412	0.03684	-0.04372	0.02406	-0.04568	-0.03286	0.03622	0.05984	-0.09929	0.02434	-0.10563	0.07745	0.00433	-0.01337	-0.01089	-0.03357	(And (Agent $e0 $x0) (Member $e0 take))
p201680	0.01561	0.00055	-0.03518	-0.01494	0.00554	-0.00891	0.01286	-0.01215	-0.00243	0.04575	-0.01658	0.00706	0.02795	-0.00764	-0.00686	-0.02322	(And (Agent $e0 $x0) (Member $e0 walk))
p201681	0.01967	0.06312	-0.14605	-0.06913	-0.06018	-0.06504	0.04249	-0.02942	0.03350	0.25308	-0.07975	0.00248	0.25113	-0.02277	0.00830	-0.00964	(And (Agent $e0 $x0) (Member $e0 work))
p201682	-0.04632	-0.00875	0.01429	-0.00881	-0.02660	-0.00075	0.02936	-0.00094	0.00075	-0.02233	0.01341	0.03739	-0.01382	-0.01674	-0.00588	-0.04090	(And (Agent $e0 $x0) (Member $x0 automobile))
p201683	-0.04857	-0.00357	0.02331	-0.00657	-0.03247	-0.00160	0.03004	0.00238	0.00234	-0.02660	0.01239	0.03590	-0.01428	-0.02187	-0.00636	-0.04207	(And (Agent $e0 $x0) (Member $x0 club))
p201684	-0.02597	-0.06628	-0.00013	0.12903	0.04520	-0.06871	0.07712	0.01878	0.06287	-0.09233	0.09918	-0.08874	0.06981	0.11554	-0.07983	0.03606	(And (Agent $e0 $x0) (Member $x0 electrician))
p201685	0.00010	0.01087	-0.02423	-0.01114	-0.02262	0.01004	-0.01327	0.02297	-0.03442	0.01412	0.01685	0.02866	-0.01929	-0.02278	0.00280	-0.03553	(And (Agent $e0 $x0) (Member $x0 family))
p201686	-0.05106	-0.00028	0.01133	-0.00897	-0.02792	0.00125	0.02682	-0.00445	-0.00773	-0.01695	0.01228	0.03769	-0.01210	-0.02992	-0.00620	-0.04123	(And (Agent $e0 $x0) (Member $x0 judge))
p201687	-0.02613	-0.11029	-0.03056	-0.01878	-0.04813	0.20918	-0.01024	-0.05863	0.01871	-0.02976	-0.04060	-0.00677	0.00089	0.11785	-0.03772	-0.01517	(And (Agent $e0 $x0) (Member $x0 pottery_studio))
p201688	-0.03301	-0.00724	-0.01067	0.03323	0.02207	-0.01160	0.03672	0.00888	-0.02982	0.00114	-0.01990	0.01606	-0.01413	-0.01257	-0.02602	-0.03270	(And (Agent $e0 $x0) (Member $x0 tutor))
p201689	-0.02545	-0.00444	-0.01319	-0.01261	-0.00020	-0.00004	0.01455	-0.01051	-0.02134	0.00382	0.01107	0.03103	-0.01057	-0.02502	-0.00689	-0.03722	(And (Agent $e0 $x0) (Patient $e0 $e1))
p201690	0.03601	-0.01267	-0.09468	-0.03164	0.02694	-0.05094	-0.03823	0.07475	-0.06976	-0.00045	-0.07836	0.15348	0.03192	0.02903	0.00182	0.18701	(And (Agent $e0 $x0) (Theme $e0 glazing))
p201692	0.15053	0.10283	0.07156	0.08588	-0.04386	0.14143	-0.08083	-0.24828	-0.00478	-0.03805	0.16462	0.00274	-0.02583	-0.09618	-0.05687	-0.00714	(And (Also appear $e0) (Past $e0))
p201693	0.35364	-0.15500	0.12437	-0.03886	0.06256	-0.05802	0.26470	0.00977	0.06192	-0.08781	-0.07758	0.05920	0.08402	0.09602	0.15278	-0.04443	(And (Cardinality $x0 <num>) (GroupOf $x0 climber))
p201694	-0.05485	0.17463	-0.07286	-0.02504	0.20419	-0.10374	0.04831	-0.10040	-0.11446	0.03451	0.08549	-0.01632	-0.03136	-0.03662	0.03619	-0.00599	(And (Cardinality $x0 <num>) (GroupOf $x0 egg))
p201695	0.00486	0.01668	-0.07374	-0.03924	-0.03310	-0.02753	0.01330	-0.02166	0.04748	0.13077	-0.03865	-0.00093	0.13586	-0.01416	0.00183	-0.01330	(And (CoAgent $e0 $x0) (Location $e0 $x1))
p201697	0.01678	0.01451	-0.02085	-0.01934	-0.02899	0.01254	-0.02854	0.01232	-0.03502	0.03390	0.01942	-0.00273	-0.00697	-0.01980	0.03751	-0.01381	(And (Experiencer $e0 $x0) (Past $e0))
p201698	-0.05484	0.17462	-0.07286	-0.02504	0.20419	-0.10372	0.04832	-0.10043	-0.11445	0.03451	0.08549	-0.01631	-0.03137	-0.03662	0.03619	-0.00598	(And (GroupOf $x0 egg) (Theme $e0 $x0))
p201699	-0.02729	-0.08806	-0.02484	-0.02186	-0.04481	0.16729	-0.01250	-0.04012	0.00700	-0.02484	-0.02669	-0.01047	0.00329	0.10021	-0.02001	-0.00227	(And (GroupOf $x0 lemon) (Theme $e0 $x0))
p201700	-0.01772	0.05402	-0.04519	-0.02708	-0.03631	-0.00484	-0.01561	-0.01325	-0.06828	0.06956	-0.03353	-0.00792	0.03779	-0.01820	0.03480	0.00193	(And (Location $e0 $x0) (Member $e0 find))
p201701	0.00930	-0.00319	-0.04056	-0.01736	-0.01227	-0.00507	0.00958	-0.01038	0.01099	0.05434	-0.03087	0.01918	0.04784	-0.01393	-0.00673	-0.02464	(And (Location $e0 $x0) (Member $e0 walk))
p201702	-0.05109	0.24692	0.03548	0.04005	-0.14622	-0.09323	-0.09222	-0.08172	0.52358	-0.13060	-0.11155	0.00610	0.03500	0.11175	0.00382	-0.02611	(And (Location $e0 $x0) (Member $x0 point))
p201703	-0.00297	-0.00624	-0.08745	0.03982	-0.00563	0.03111	0.07817	-0.07132	-0.09443	0.18821	-0.09739	-0.03041	0.13636	-0.00045	0.05989	0.01270	(And (Location $e0 $x0) (Past $e0))
p201704	0.22594	0.15378	0.11455	0.13315	-0.06544	0.20797	-0.11181	-0.36215	-0.00352	-0.05771	0.24896	-0.01183	-0.05092	-0.13649	-0.08948	-0.01153	(And (Member $e0 appear) (Past $e0))
p201705	-0.02625	0.02055	0.02764	0.02384	-0.03060	-0.00784	-0.02091	-0.00114	0.00913	-0.00848	-0.02878	-0.00611	-0.02077	-0.01907	0.05635	-0.00025	(And (Member $e0 become) (Patient $e0 $x0))
p201706	-0.04573	-0.00100	0.02297	-0.00979	-0.02018	0.00136	0.00965	-0.02028	0.01399	-0.01874	0.02547	0.00849	-0.01555	-0.01985	0.01488	-0.02862	(And (Member $e0 borrow) (Theme $e0 $x0))
p201707	-0.01031	0.01445	0.01758	0.05633	-0.01213	-0.00795	-0.01025	0.00844	-0.00257	-0.01230	-0.04643	-0.01468	-0.01498	-0.00752	0.01882	0.02432	(And (Member $e0 die) (Patient $e0 $x0))
p201708	-0.03139	0.02468	0.03075	0.07987	-0.03312	-0.00864	-0.00400	0.00163	-0.00783	-0.01435	-0.06569	-0.00493	-0.02167	-0.01630	0.04706	0.00986	(And (Member $e0 direct) (Patient $e0 $x0))
p201709	-0.04390	0.01272	-0.00761	-0.03411	-0.04298	-0.00378	0.01274	0.02392	-0.02505	-0.01049	0.00679	0.02325	-0.00015	-0.00636	0.04820	-0.03670	(And (Member $e0 receive) (Theme $e0 $x0))
p201710	-0.00340	-0.00158	0.01518	0.04453	0.01329	-0.00597	0.00207	0.01542	0.00701	-0.01792	-0.02751	-0.01843	-0.01168	-0.00439	-0.02752	0.01808	(And (Member $x0 apple_harvest) (Patient $e0 $x0))
p201711	-0.05316	0.00587	0.01591	-0.00782	-0.03268	0.00043	0.02529	0.00185	-0.01247	-0.01810	0.01143	0.03506	-0.01385	-0.03471	-0.00738	-0.04231	(And (Member $x0 budget) (Theme $e0 $x0))
p201712	-0.05106	-0.00030	0.01133	-0.00898	-0.02791	0.00124	0.02684	-0.00442	-0.00771	-0.01696	0.01229	0.03767	-0.01208	-0.02991	-0.00619	-0.04124	(And (Member $x0 case) (Theme $e0 $x0))
p201713	-0.02714	-0.08864	-0.02449	-0.02186	-0.04445	0.16751	-0.01225	-0.04030	0.00735	-0.02516	-0.02612	-0.01081	0.00333	0.10016	-0.02003	-0.00222	(And (Member $x0 crate) (Theme $e0 $x0))
p201714	-0.03075	0.04308	0.00678	-0.00356	-0.05103	-0.02913	0.01579	0.04801	0.03666	-0.02649	-0.03078	0.02416	-0.02245	0.00986	-0.00444	-0.03325	(And (Member $x0 file) (Member $x0 missing))
p201715	-0.02698	-0.00427	0.02706	-0.00968	-0.02988	-0.01192	0.01711	0.02365	-0.00085	-0.02708	0.01232	0.02188	-0.00800	-0.01387	0.00109	-0.03548	(And (Member $x0 firm) (Possession $x1 $x0))
p201716	-0.02425	-0.06956	-0.00047	0.12982	0.05011	-0.07008	0.07262	0.00884	0.07172	-0.09475	0.10990	-0.09236	0.06933	0.12489	-0.08088	0.05218	(And (Member $x0 gearbox) (Member $x0 seized))
p201717	0.35376	-0.15501	0.12425	-0.03898	0.06246	-0.05814	0.26466	0.01057	0.06179	-0.08770	-0.07809	0.05926	0.08384	0.09617	0.15281	-0.04470	(And (Member $x0 north_route) (Theme $e0 $x0))
p201718	-0.02139	0.06575	0.19839	0.00032	0.13543	0.03970	-0.14008	0.20517	-0.08060	-0.12209	-0.15316	0.00917	0.16691	-0.10876	-0.03270	-0.04361	(And (Member $x0 projector) (Theme $e0 $x0))
p201720	-0.00218	-0.00226	0.00902	0.03408	0.01290	-0.00416	0.00102	0.00942	0.00621	-0.01229	-0.02364	-0.01599	-0.01023	-0.00492	-0.02138	0.01682	(And (Member $x0 shoreline_survey) (Patient $e0 $x0))
p201721	-0.02688	-0.00428	0.02696	-0.00969	-0.02989	-0.01193	0.01707	0.02385	-0.00115	-0.02697	0.01220	0.02194	-0.00807	-0.01376	0.00106	-0.03548	(And (Member $x0 tender) (Possession $x0 $x1))
p201722	-0.04858	-0.00357	0.02328	-0.00659	-0.03250	-0.00165	0.03009	0.00250	0.00237	-0.02659	0.01236	0.03588	-0.01428	-0.02185	-0.00635	-0.04208	(And (Member $x0 tournament) (Theme $e0 $x0))
p201723	-0.02629	-0.06652	-0.00023	0.12894	0.04528	-0.06850	0.07759	0.01875	0.06259	-0.09241	0.09942	-0.08880	0.06992	0.11524	-0.07982	0.03614	(And (Member $x0 yard_floodlight) (Patient $e0 $x0))
p201724	-0.04440	0.00101	-0.08847	0.05433	-0.03099	0.04835	0.04867	-0.07688	-0.11731	0.15570	-0.13301	0.11778	0.12944	-0.07472	-0.01593	-0.00491	(And (Past $e0) (Theme $e0 $e1))
p201725	-0.07591	0.00511	-0.09903	0.08533	-0.01155	0.03079	0.08252	-0.07550	-0.14075	0.16517	-0.15074	0.13902	0.12664	-0.08121	-0.04523	-0.02395	(And (Patient $e0 $x0) (Theme $e1 $e0))
p201726	-0.00341	-0.00158	0.01526	0.04455	0.01330	-0.00592	0.00198	0.01530	0.00704	-0.01792	-0.02747	-0.01844	-0.01170	-0.00444	-0.02753	0.01806	(And (Patient $e0 $x0) (Time $e0 (Month september)))
p201727	-0.00217	-0.00225	0.00896	0.03405	0.01290	-0.00419	0.00108	0.00951	0.00617	-0.01227	-0.02368	-0.01598	-0.01022	-0.00489	-0.02137	0.01683	(And (Patient $e0 $x0) (Time $e0 dawn))
p201728	-0.05319	0.00602	0.01592	-0.00776	-0.03268	0.00059	0.02525	0.00142	-0.01257	-0.01803	0.01143	0.03512	-0.01394	-0.03479	-0.00739	-0.04225	(And (Possession $x0 next_year) (Theme $e0 $x0))
p201757	0.15044	0.10260	0.07186	0.08597	-0.04370	0.14173	-0.08086	-0.24943	-0.00439	-0.03838	0.16526	0.00260	-0.02501	-0.09652	-0.05698	-0.00671	(Also appear $e0)
p201758	0.35355	-0.15498	0.12443	-0.03879	0.06260	-0.05798	0.26475	0.00927	0.06198	-0.08789	-0.07723	0.05917	0.08416	0.09593	0.15275	-0.04423	(GroupOf $x0 climber)
p201759	-0.05489	0.17465	-0.07281	-0.02502	0.20419	-0.10383	0.04824	-0.10025	-0.11455	0.03448	0.08548	-0.01634	-0.03134	-0.03660	0.03619	-0.00600	(GroupOf $x0 egg)
p201760	-0.03427	-0.00895	0.01392	-0.00739	-0.02027	0.00056	0.02206	0.00008	0.00213	-0.01989	0.01017	0.02867	-0.01287	-0.01633	-0.00717	-0.03215	(GroupOf $x0 sample)
p201761	0.22707	0.15724	0.10968	0.13167	-0.06767	0.20300	-0.11119	-0.34726	-0.01067	-0.05308	0.24160	-0.01044	-0.05900	-0.13217	-0.08799	-0.01519	(Member $e0 appear)
p201762	0.02757	-0.01128	-0.00697	-0.00950	0.00913	0.00100	-0.01413	0.00645	0.01326	0.00020	-0.00542	-0.01612	-0.00254	-0.00285	-0.01241	0.01352	(Member $e0 be)
p201763	-0.04585	-0.00112	0.02296	-0.00983	-0.02004	0.00140	0.00969	-0.02044	0.01394	-0.01865	0.02560	0.00841	-0.01555	-0.01987	0.01492	-0.02861	(Member $e0 borrow)
p201764	-0.01031	0.01446	0.01760	0.05634	-0.01213	-0.00794	-0.01027	0.00841	-0.00256	-0.01230	-0.04642	-0.01468	-0.01498	-0.00753	0.01881	0.02431	(Member $e0 die)
p201765	-0.03139	0.02469	0.03076	0.07987	-0.03313	-0.00865	-0.00402	0.00163	-0.00784	-0.01434	-0.06569	-0.00492	-0.02167	-0.01630	0.04706	0.00985	(Member $e0 direct)
p201766	-0.04387	0.01276	-0.00765	-0.03410	-0.04311	-0.00383	0.01287	0.02414	-0.02501	-0.01051	0.00671	0.02319	-0.00014	-0.00633	0.04820	-0.03668	(Member $e0 receive)
p201767	-0.01452	0.03660	-0.04293	0.02433	-0.04500	-0.03211	0.03571	0.05736	-0.09832	0.02414	-0.10500	0.07743	0.00433	-0.01381	-0.01088	-0.03353	(Member $e0 take)
p201768	-0.03269	-0.00680	-0.01106	0.03319	0.02185	-0.01193	0.03702	0.00988	-0.03059	0.00144	-0.02067	0.01628	-0.01445	-0.01238	-0.02597	-0.03287	(Member $x0 afternoon_session)
p201769	-0.02967	-0.00918	0.00761	0.00356	-0.00872	-0.00150	0.02313	0.00082	-0.00297	-0.01401	0.00232	0.02259	-0.01285	-0.01433	-0.01230	-0.02945	(Member $x0 airline)
p201770	-0.00340	-0.00158	0.01520	0.04453	0.01329	-0.00596	0.00205	0.01539	0.00701	-0.01792	-0.02750	-0.01844	-0.01168	-0.00441	-0.02752	0.01808	(Member $x0 apple_harvest)
p201771	0.03598	-0.01269	-0.09478	-0.03169	0.02699	-0.05102	-0.03825	0.07491	-0.06990	-0.00041	-0.07841	0.15351	0.03198	0.02913	0.00184	0.18704	(Member $x0 apprentice)
p201772	-0.02916	-0.00740	-0.01214	0.03207	0.01785	-0.00813	0.03810	0.00224	-0.02836	0.00802	-0.02068	0.01585	-0.01224	-0.01363	-0.02466	-0.03042	(Member $x0 archive)
p201773	-0.03505	-0.00784	0.01635	-0.00693	-0.02278	0.00100	0.02369	0.00089	0.00192	-0.02108	0.01066	0.02726	-0.01291	-0.01782	-0.00733	-0.03228	(Member $x0 bank)
p201774	-0.02458	-0.00870	0.05104	0.00108	-0.01662	-0.00190	-0.00593	-0.01661	-0.00249	0.00980	0.01098	0.01285	-0.02780	0.00017	-0.00892	-0.03612	(Member $x0 caller)
p201775	-0.01361	-0.00878	-0.00791	0.03568	0.01879	-0.00747	0.03096	0.00525	-0.01333	0.00145	-0.01758	-0.00184	-0.01073	-0.00761	-0.02699	-0.01897	(Member $x0 chart)
p201776	-0.03895	-0.00448	0.05843	0.00196	-0.02788	-0.00356	0.00399	-0.01471	-0.00334	0.00378	0.01215	0.02043	-0.02960	-0.00441	-0.00838	-0.04610	(Member $x0 clerk)
p201777	-0.04858	-0.00357	0.02330	-0.00657	-0.03248	-0.00161	0.03005	0.00240	0.00235	-0.02660	0.01239	0.03590	-0.01428	-0.02187	-0.00636	-0.04207	(Member $x0 club)
p201778	-0.03724	-0.00213	0.00567	-0.00878	-0.01900	0.00217	0.01910	-0.00593	-0.00486	-0.01262	0.00959	0.02842	-0.01001	-0.02513	-0.00673	-0.03085	(Member $x0 committee)
p201779	-0.01865	-0.00653	-0.01444	0.03398	0.02746	-0.01169	0.03259	0.01213	-0.02867	0.00544	-0.02295	0.00340	-0.01248	-0.00864	-0.02698	-0.02221	(Member $x0 council)
p201780	-0.05106	0.24666	0.03576	0.04017	-0.14578	-0.09301	-0.09233	-0.08260	0.52380	-0.13064	-0.11122	0.00599	0.03506	0.11169	0.00378	-0.02612	(Member $x0 diver)
p201781	0.00138	-0.00322	0.01319	0.03684	0.01293	-0.00500	0.00048	0.01519	0.00791	-0.01655	-0.02360	-0.01766	-0.01071	-0.00381	-0.02538	0.01661	(Member $x0 dress_rehearsal)
p201782	-0.04771	-0.00788	0.01827	-0.00799	-0.02882	0.00003	0.03011	-0.00042	-0.00002	-0.02406	0.01353	0.03786	-0.01433	-0.01970	-0.00625	-0.04164	(Member $x0 editor)
p201783	-0.02969	-0.00923	0.00757	0.00354	-0.00869	-0.00153	0.02319	0.00084	-0.00295	-0.01399	0.00235	0.02256	-0.01283	-0.01432	-0.01228	-0.02943	(Member $x0 evening_flight)
p201784	-0.03069	0.04314	0.00670	-0.00357	-0.05110	-0.02923	0.01577	0.04827	0.03663	-0.02643	-0.03096	0.02419	-0.02249	0.00996	-0.00444	-0.03329	(Member $x0 file)
p201785	-0.02916	-0.00740	-0.01214	0.03207	0.01785	-0.00814	0.03810	0.00225	-0.02836	0.00802	-0.02068	0.01585	-0.01224	-0.01363	-0.02466	-0.03043	(Member $x0 fire)
p201786	-0.02689	-0.00427	0.02697	-0.00969	-0.02989	-0.01193	0.01707	0.02382	-0.00112	-0.02699	0.01221	0.02194	-0.00806	-0.01378	0.00107	-0.03548	(Member $x0 firm)
p201787	-0.02067	-0.00815	-0.00965	0.02214	0.01472	-0.00541	0.02791	0.00104	-0.02028	0.00550	-0.01576	0.01282	-0.01064	-0.01226	-0.02050	-0.02335	(Member $x0 flood)
p201788	-0.02059	-0.00805	-0.00962	0.02217	0.01460	-0.00543	0.02794	0.00121	-0.02025	0.00548	-0.01593	0.01287	-0.01075	-0.01225	-0.02050	-0.02341	(Member $x0 footbridge)
p201789	-0.03100	0.03175	-0.00250	-0.00744	0.03485	-0.03902	-0.04486	-0.04400	-0.04555	0.02540	0.02090	0.05030	-0.01780	0.02505	-0.00396	0.09202	(Member $x0 gallery)
p201790	-0.02429	-0.06960	-0.00049	0.12981	0.05011	-0.07006	0.07269	0.00886	0.07170	-0.09477	0.10993	-0.09238	0.06935	0.12487	-0.08088	0.05223	(Member $x0 gearbox)
p201791	-0.03038	0.02333	-0.00538	-0.00521	0.03580	-0.03065	-0.03548	-0.04599	-0.04553	0.02738	0.02252	0.03459	-0.01514	0.02609	-0.00753	0.10699	(Member $x0 generator)
p201792	-0.01571	-0.00723	-0.01509	0.03287	0.02372	-0.00771	0.03289	0.00398	-0.02642	0.01142	-0.02328	0.00433	-0.01027	-0.01061	-0.02557	-0.01999	(Member $x0 greenhouse)
p201793	-0.03093	0.04282	0.00703	-0.00355	-0.05075	-0.02875	0.01588	0.04705	0.03674	-0.02665	-0.03015	0.02407	-0.02234	0.00951	-0.00447	-0.03313	(Member $x0 intern)
p201794	-0.03076	-0.00815	0.02008	-0.00739	-0.01124	-0.00054	0.00279	-0.00770	0.00217	-0.01956	0.00733	0.03271	-0.01239	-0.01579	-0.00373	-0.03420	(Member $x0 lane)
p201795	0.02033	-0.01023	-0.00210	-0.00590	0.00831	0.00257	-0.01015	0.00378	0.01222	-0.00370	-0.00206	-0.01187	-0.00545	-0.00171	-0.00935	0.00941	(Member $x0 large)
p201796	0.01559	0.00042	-0.01200	-0.00733	0.01121	-0.00590	-0.00236	0.00456	-0.00353	0.00048	0.00401	-0.01281	-0.00631	-0.00249	-0.00926	0.01381	(Member $x0 lathe)
p201797	0.02036	-0.01023	-0.00159	-0.00552	0.00907	0.00153	-0.00896	0.00402	0.01167	-0.00454	-0.00111	-0.01216	-0.00519	-0.00169	-0.00958	0.00944	(Member $x0 library)
p201798	-0.03500	-0.00785	0.01607	-0.00704	-0.02287	0.00070	0.02396	0.00163	0.00184	-0.02094	0.01043	0.02719	-0.01291	-0.01766	-0.00725	-0.03231	(Member $x0 loan_application)
p201799	0.00138	-0.00322	0.01314	0.03683	0.01293	-0.00503	0.00054	0.01526	0.00789	-0.01655	-0.02363	-0.01766	-0.01070	-0.00378	-0.02538	0.01662	(Member $x0 lunch)
p201800	-0.00579	-0.00826	0.12334	0.01798	-0.00531	-0.00585	-0.06534	-0.05393	-0.01434	0.07160	0.01351	-0.01972	-0.05671	0.03261	-0.01277	-0.04381	(Member $x0 manifest)
p201801	-0.04769	-0.00791	0.01810	-0.00805	-0.02886	-0.00013	0.03030	-0.00005	-0.00004	-0.02398	0.01345	0.03780	-0.01431	-0.01962	-0.00620	-0.04165	(Member $x0 manuscript)
p201802	-0.03088	0.04289	0.00697	-0.00355	-0.05083	-0.02886	0.01585	0.04732	0.03672	-0.02661	-0.03033	0.02410	-0.02237	0.00961	-0.00446	-0.03316	(Member $x0 missing)
p201803	-0.03100	0.03175	-0.00251	-0.00744	0.03484	-0.03902	-0.04486	-0.04400	-0.04556	0.02540	0.02090	0.05031	-0.01780	0.02505	-0.00396	0.09202	(Member $x0 museum)
p201804	-0.04247	0.00403	0.00678	-0.00897	0.03100	-0.01289	0.01025	-0.03687	-0.01831	-0.00560	0.03485	0.01434	-0.01676	-0.01003	-0.00076	-0.02752	(Member $x0 neighbour)
p201805	0.35329	-0.15490	0.12461	-0.03857	0.06266	-0.05783	0.26486	0.00800	0.06219	-0.08810	-0.07639	0.05907	0.08447	0.09569	0.15267	-0.04377	(Member $x0 north_route)
p201806	-0.03420	-0.00851	0.01429	-0.00750	-0.02124	0.00044	0.02242	0.00036	0.00248	-0.02024	0.01075	0.02788	-0.01258	-0.01615	-0.00697	-0.03174	(Member $x0 panel)
p201807	-0.03655	0.06597	-0.02286	-0.01191	0.04091	-0.03257	0.02090	-0.03688	-0.03298	0.00499	0.03874	-0.01876	-0.01530	-0.02036	0.01030	-0.00162	(Member $x0 permit)
p201808	-0.02530	-0.00522	0.05477	0.00252	-0.02002	-0.00293	-0.00409	-0.01465	-0.00087	0.00773	0.00958	0.01029	-0.02776	-0.00097	-0.00912	-0.03616	(Member $x0 pilot)
p201809	-0.05105	0.24661	0.03582	0.04020	-0.14566	-0.09297	-0.09236	-0.08281	0.52384	-0.13065	-0.11114	0.00596	0.03508	0.11168	0.00377	-0.02613	(Member $x0 point)
p201810	0.03604	-0.01263	-0.09456	-0.03157	0.02688	-0.05084	-0.03820	0.07456	-0.06959	-0.00052	-0.07830	0.15345	0.03187	0.02891	0.00179	0.18697	(Member $x0 potter)
p201811	-0.02071	0.06440	0.19805	-0.00008	0.13579	0.04006	-0.13921	0.20540	-0.08042	-0.12276	-0.15133	0.00866	0.16731	-0.10842	-0.03301	-0.04311	(Member $x0 projector)
p201812	-0.03413	-0.00854	0.01392	-0.00764	-0.02136	0.00009	0.02282	0.00120	0.00240	-0.02007	0.01051	0.02777	-0.01257	-0.01595	-0.00688	-0.03175	(Member $x0 proposal)
p201813	-0.03894	-0.00450	0.05843	0.00195	-0.02787	-0.00355	0.00399	-0.01474	-0.00335	0.00378	0.01217	0.02043	-0.02959	-0.00441	-0.00838	-0.04610	(Member $x0 query)
p201814	-0.05487	0.17464	-0.07282	-0.02503	0.20419	-0.10380	0.04826	-0.10030	-0.11451	0.03449	0.08549	-0.01633	-0.03135	-0.03660	0.03619	-0.00600	(Member $x0 recipe)
p201815	-0.02748	-0.01302	0.02198	-0.00745	-0.01964	-0.00215	0.01577	0.00355	0.00632	-0.02436	0.00491	0.03052	-0.00932	-0.01196	-0.00294	-0.03374	(Member $x0 rescue_team)
p201816	-0.04865	-0.00684	0.02200	-0.00655	-0.02956	0.00123	0.02982	-0.00028	-0.00214	-0.02468	0.01217	0.03751	-0.01521	-0.02288	-0.00723	-0.04242	(Member $x0 scan)
p201817	-0.02748	-0.01300	0.02194	-0.00746	-0.01967	-0.00222	0.01582	0.00367	0.00631	-0.02433	0.00487	0.03050	-0.00933	-0.01195	-0.00292	-0.03375	(Member $x0 search)
p201818	-0.02432	-0.06961	-0.00050	0.12981	0.05010	-0.07005	0.07274	0.00886	0.07169	-0.09478	0.10994	-0.09239	0.06937	0.12486	-0.08089	0.05227	(Member $x0 seized)
p201819	-0.00216	-0.00225	0.00888	0.03402	0.01289	-0.00424	0.00115	0.00964	0.00612	-0.01226	-0.02372	-0.01597	-0.01021	-0.00484	-0.02136	0.01684	(Member $x0 shoreline_survey)
p201820	-0.03094	-0.01749	-0.00553	-0.01055	0.02210	-0.02007	-0.03756	-0.02862	-0.02337	-0.01697	-0.00141	0.09212	0.00591	0.01609	-0.00234	0.10905	(Member $x0 squad)
p201821	-0.01585	-0.00738	-0.01508	0.03285	0.02392	-0.00765	0.03275	0.00365	-0.02646	0.01143	-0.02300	0.00426	-0.01008	-0.01065	-0.02559	-0.01989	(Member $x0 storm)
p201822	-0.01868	-0.00656	-0.01443	0.03397	0.02748	-0.01168	0.03255	0.01209	-0.02865	0.00543	-0.02291	0.00339	-0.01244	-0.00864	-0.02699	-0.02218	(Member $x0 summer_fair)
p201823	-0.02689	-0.00427	0.02698	-0.00969	-0.02989	-0.01193	0.01707	0.02381	-0.00110	-0.02699	0.01222	0.02193	-0.00806	-0.01378	0.00107	-0.03548	(Member $x0 tender)
p201824	-0.04857	-0.00357	0.02319	-0.00663	-0.03256	-0.00177	0.03018	0.00282	0.00239	-0.02657	0.01228	0.03585	-0.01427	-0.02181	-0.00632	-0.04210	(Member $x0 tournament)
p201825	-0.02528	-0.00528	0.05474	0.00251	-0.01997	-0.00291	-0.00406	-0.01472	-0.00093	0.00774	0.00970	0.01027	-0.02773	-0.00096	-0.00914	-0.03613	(Member $x0 tower)
p201826	-0.03269	-0.00680	-0.01106	0.03319	0.02185	-0.01193	0.03702	0.00988	-0.03059	0.00144	-0.02066	0.01628	-0.01445	-0.01238	-0.02597	-0.03287	(Member $x0 tutor)
p201827	-0.02471	-0.00832	0.05110	0.00118	-0.01699	-0.00210	-0.00596	-0.01618	-0.00223	0.00980	0.01024	0.01294	-0.02797	0.00023	-0.00879	-0.03626	(Member $x0 vet)
p201828	-0.03536	-0.00684	0.01580	-0.00736	-0.02293	0.00031	0.02325	0.00223	0.00114	-0.02066	0.01077	0.02810	-0.01315	-0.01897	-0.00711	-0.03247	(Member $x0 vote)
p201829	-0.00533	0.01602	0.11528	0.01725	0.01504	-0.01795	-0.07065	-0.05758	-0.03214	0.09340	0.01586	-0.02935	-0.06294	0.03313	-0.01295	-0.04567	(Member $x0 winner)
p201830	-0.05104	0.24656	0.03587	0.04022	-0.14562	-0.09293	-0.09237	-0.08294	0.52389	-0.13066	-0.11110	0.00594	0.03509	0.11167	0.00377	-0.02613	(Member $x0 wreck)
p201831	-0.04865	-0.00686	0.02197	-0.00657	-0.02956	0.00119	0.02986	-0.00020	-0.00212	-0.02467	0.01216	0.03749	-0.01520	-0.02286	-0.00722	-0.04243	(Ordinal $x0 <num> scan)
p201832	-0.00641	0.00061	0.00067	-0.00077	-0.00356	-0.00118	-0.00712	-0.00296	0.01015	-0.00497	-0.00331	-0.01092	-0.00186	-0.00655	0.00503	0.00433	(PartOf $x0 $x1)
p201833	0.03599	-0.01269	-0.09474	-0.03167	0.02697	-0.05099	-0.03824	0.07484	-0.06984	-0.00043	-0.07839	0.15350	0.03195	0.02909	0.00183	0.18703	(Theme $e0 glazing)
p201834	-0.00341	-0.00158	0.01524	0.04455	0.01330	-0.00593	0.00200	0.01532	0.00703	-0.01792	-0.02748	-0.01844	-0.01169	-0.00443	-0.02752	0.01806	(Time $e0 (Month september))
p201835	-0.00217	-0.00225	0.00894	0.03405	0.01289	-0.00420	0.00109	0.00954	0.00616	-0.01227	-0.02369	-0.01598	-0.01021	-0.00488	-0.02137	0.01683	(Time $e0 dawn)
p201838	-0.03884	-0.00533	0.01678	-0.00582	-0.02461	0.00039	0.02516	0.00067	-0.00094	-0.01990	0.01051	0.02948	-0.01172	-0.01753	-0.00529	-0.03359	(And (Agent $e0 $x0) (Agent $e0 jica) (Member $x0 government) (Theme $e0 $x1))
p201877	-0.01534	0.06295	0.16861	-0.00036	0.10949	0.02430	-0.12093	0.22693	-0.07886	-0.11181	-0.14847	0.01226	0.16146	-0.09235	-0.04124	-0.04658	(And (Agent $e0 $x0) (Beneficiary $e0 $x1) (Member $x2 projector) (Theme $e0 $x2))
p201878	-0.01222	0.09425	-0.04121	-0.01327	0.17677	0.07101	0.03737	-0.03121	-0.07789	-0.00357	-0.10389	-0.00277	-0.00598	0.04691	-0.00558	-0.02066	(And (Agent $e0 $x0) (Cardinality $x1 <num>) (Member $e0 buy) (Theme $e0 $x1))
p201879	-0.02120	-0.08545	-0.02442	-0.01841	-0.04000	0.16155	-0.00575	-0.03046	0.00963	-0.02366	-0.03052	-0.00516	0.00225	0.08746	-0.02646	-0.01312	(And (Agent $e0 $x0) (GroupOf $x1 lemon) (Member $x0 chef) (Theme $e0 $x1))
p201880	-0.02119	-0.08549	-0.02438	-0.01840	-0.03997	0.16156	-0.00575	-0.03048	0.00966	-0.02370	-0.03046	-0.00520	0.00225	0.08745	-0.02646	-0.01313	(And (Agent $e0 $x0) (GroupOf $x1 lemon) (Member $x1 crate) (Theme $e0 $x1))
p201881	-0.02123	-0.08533	-0.02454	-0.01842	-0.04009	0.16151	-0.00578	-0.03040	0.00954	-0.02356	-0.03068	-0.00506	0.00224	0.08747	-0.02644	-0.01311	(And (Agent $e0 $x0) (GroupOf $x1 lemon) (Past $e0) (Theme $e0 $x1))
p201882	-0.02368	-0.00463	-0.01337	0.03495	0.02552	-0.01168	0.03261	0.01026	-0.03002	0.00530	-0.02268	0.00771	-0.01138	-0.00908	-0.02468	-0.02436	(And (Agent $e0 $x0) (Inheritance afternoon_session session) (Member $x1 afternoon_session) (Patient $e0 $x1))
p201883	-0.03126	-0.01091	0.02193	-0.00639	-0.02104	-0.00253	0.01713	0.00263	0.00393	-0.02317	0.00504	0.03295	-0.00817	-0.01132	-0.00103	-0.03501	(And (Agent $e0 $x0) (Inheritance rescue_team team) (Member $x0 rescue_team) (Theme $e0 $x1))
p201884	-0.02233	-0.00445	-0.01369	0.03489	0.02495	-0.01188	0.03346	0.01115	-0.03022	0.00607	-0.02245	0.00576	-0.01120	-0.00813	-0.02481	-0.02366	(And (Agent $e0 $x0) (Inheritance summer_fair fair) (Member $x1 summer_fair) (Patient $e0 $x1))
p201888	-0.04129	0.20444	0.03120	0.03383	-0.11842	-0.07575	-0.07744	-0.06694	0.41957	-0.10427	-0.09173	0.00525	0.02231	0.08968	0.00375	-0.02200	(And (Agent $e0 $x0) (Location $e0 $x1) (Member $e0 discover) (Member $x1 point))
p201889	0.00829	0.02577	-0.07634	-0.03866	-0.03083	-0.03233	0.01620	-0.01813	0.02656	0.13616	-0.03963	0.00027	0.13746	-0.01317	0.00429	-0.00693	(And (Agent $e0 $x0) (Location $e0 $x1) (Member $x0 biologist) (Member $x1 survey))
p201890	-0.04107	0.20246	0.03183	0.03404	-0.11747	-0.07500	-0.07765	-0.06843	0.42024	-0.10460	-0.09086	0.00522	0.02288	0.08981	0.00342	-0.02193	(And (Agent $e0 $x0) (Location $e0 $x1) (Member $x0 diver) (Member $x1 point))
p201891	-0.04110	0.20264	0.03162	0.03394	-0.11781	-0.07515	-0.07756	-0.06774	0.42008	-0.10458	-0.09110	0.00531	0.02285	0.08985	0.00345	-0.02192	(And (Agent $e0 $x0) (Location $e0 $x1) (Member $x0 diver) (Theme $e0 $x2))
p201892	-0.04108	0.20252	0.03175	0.03401	-0.11758	-0.07505	-0.07762	-0.06819	0.42018	-0.10459	-0.09094	0.00525	0.02287	0.08983	0.00343	-0.02193	(And (Agent $e0 $x0) (Location $e0 $x1) (Member $x2 wreck) (Theme $e0 $x2))
p201893	-0.00680	-0.21389	-0.02076	-0.03091	0.21271	0.09140	-0.04992	0.03686	0.29862	0.08331	0.12290	0.10896	-0.10993	-0.07023	0.06990	-0.08950	(And (Agent $e0 $x0) (Location $e0 eskisehir) (Location $e0 turkey) (Member $x0 company))
p201895	-0.00708	-0.21449	-0.02020	-0.03077	0.21340	0.09199	-0.05005	0.03516	0.29933	0.08316	0.12353	0.10885	-0.10977	-0.07058	0.06989	-0.08940	(And (Agent $e0 $x0) (Location $e0 eskisehir) (Member $e0 build) (Member $x0 company))
p201896	-0.00671	-0.21368	-0.02098	-0.03097	0.21247	0.09119	-0.04987	0.03746	0.29832	0.08339	0.12267	0.10901	-0.11000	-0.07011	0.06991	-0.08953	(And (Agent $e0 $x0) (Location $e0 eskisehir) (Member $x0 company) (Past $e0))
p201897	-0.00692	-0.21417	-0.02051	-0.03085	0.21299	0.09165	-0.04997	0.03616	0.29891	0.08323	0.12318	0.10891	-0.10985	-0.07038	0.06988	-0.08945	(And (Agent $e0 $x0) (Location $e0 eskisehir) (Member $x0 company) (Patient $e0 $x1))
p201898	-0.00700	-0.21434	-0.02034	-0.03080	0.21319	0.09184	-0.05001	0.03563	0.29915	0.08319	0.12337	0.10887	-0.10980	-0.07049	0.06989	-0.08942	(And (Agent $e0 $x0) (Location $e0 eskisehir) (Member $x1 hotel) (Patient $e0 $x1))
p201900	-0.00676	-0.21380	-0.02088	-0.03094	0.21259	0.09128	-0.04989	0.03719	0.29845	0.08335	0.12279	0.10899	-0.10995	-0.07016	0.06990	-0.08951	(And (Agent $e0 $x0) (Location $e0 kazakhstan) (Member $e0 build) (Member $x0 company))
p201901	-0.00701	-0.21438	-0.02031	-0.03079	0.21325	0.09188	-0.05002	0.03550	0.29918	0.08319	0.12340	0.10887	-0.10980	-0.07051	0.06989	-0.08942	(And (Agent $e0 $x0) (Location $e0 kazakhstan) (Member $x0 company) (Past $e0))
p201902	-0.00780	-0.21614	-0.01877	-0.03042	0.21567	0.09385	-0.05023	0.02921	0.30121	0.08317	0.12532	0.10861	-0.10924	-0.07172	0.07008	-0.08899	(And (Agent $e0 $x0) (Location $e0 kazakhstan) (Member $x0 company) (Patient $e0 $x1))
p201904	-0.01014	-0.32080	-0.03168	-0.04699	0.31904	0.13686	-0.07475	0.05609	0.44748	0.12527	0.18417	0.16363	-0.16484	-0.10522	0.10507	-0.13431	(And (Agent $e0 $x0) (Location $e0 turkey) (Member $e0 build) (Member $x0 company))
p201905	-0.01078	-0.32228	-0.03033	-0.04668	0.32073	0.13830	-0.07502	0.05190	0.44928	0.12494	0.18568	0.16337	-0.16442	-0.10608	0.10509	-0.13406	(And (Agent $e0 $x0) (Location $e0 turkey) (Member $x0 company) (Past $e0))
p201906	-0.01018	-0.32084	-0.03162	-0.04697	0.31911	0.13691	-0.07476	0.05590	0.44758	0.12524	0.18423	0.16362	-0.16482	-0.10526	0.10507	-0.13430	(And (Agent $e0 $x0) (Location $e0 turkey) (Member $x0 company) (Patient $e0 $x1))
p201907	-0.00671	-0.21369	-0.02096	-0.03096	0.21248	0.09119	-0.04987	0.03743	0.29835	0.08338	0.12268	0.10900	-0.10999	-0.07012	0.06991	-0.08953	(And (Agent $e0 $x0) (Location $e0 turkey) (Member $x1 hotel) (Patient $e0 $x1))
p201911	-0.03456	-0.00599	0.02038	-0.00623	-0.01291	-0.00085	0.00417	-0.00852	-0.00017	-0.01866	0.00734	0.03521	-0.01130	-0.01526	-0.00186	-0.03577	(And (Agent $e0 $x0) (Member $e0 block) (Member $x1 lane) (Theme $e0 $x1))
p201917	-0.01374	-0.42818	-0.04131	-0.06178	0.42587	0.18301	-0.09990	0.07303	0.59764	0.16652	0.24611	0.21790	-0.21974	-0.14056	0.13978	-0.17898	(And (Agent $e0 $x0) (Member $e0 build) (Member $x0 company) (Past $e0))
p201918	-0.01388	-0.42851	-0.04101	-0.06170	0.42631	0.18334	-0.09998	0.07209	0.59797	0.16645	0.24646	0.21785	-0.21967	-0.14076	0.13978	-0.17893	(And (Agent $e0 $x0) (Member $e0 build) (Member $x0 company) (Patient $e0 $x1))
p201919	-0.00681	-0.21392	-0.02075	-0.03091	0.21271	0.09141	-0.04991	0.03685	0.29861	0.08330	0.12292	0.10896	-0.10992	-0.07024	0.06989	-0.08950	(And (Agent $e0 $x0) (Member $e0 build) (Member $x1 hotel) (Patient $e0 $x1))
p201920	-0.02993	-0.00391	-0.00704	-0.01004	-0.01028	0.00219	0.01215	-0.00746	-0.01172	-0.00329	0.01243	0.02804	-0.00884	-0.02328	-0.00598	-0.03114	(And (Agent $e0 $x0) (Member $e0 make) (Member $e1 decision) (Patient $e0 $e1))
p201921	-0.03235	-0.00389	-0.01532	-0.01124	-0.00859	0.00652	0.01482	-0.01378	-0.02087	0.00847	0.00244	0.03428	-0.00519	-0.02689	-0.00508	-0.03036	(And (Agent $e0 $x0) (Member $e0 reach) (Member $e1 decision) (Theme $e0 $e1))
p201922	-0.03905	-0.00470	0.01587	-0.00628	-0.02455	-0.00018	0.02466	0.00156	-0.00132	-0.01958	0.01077	0.03048	-0.01194	-0.01823	-0.00516	-0.03376	(And (Agent $e0 $x0) (Member $x0 board) (Member $x1 vote) (Theme $e0 $x1))
p201923	-0.02119	-0.08552	-0.02434	-0.01839	-0.03994	0.16157	-0.00575	-0.03048	0.00969	-0.02373	-0.03041	-0.00523	0.00226	0.08745	-0.02647	-0.01314	(And (Agent $e0 $x0) (Member $x0 chef) (Member $x1 crate) (Theme $e0 $x1))
p201924	-0.02120	-0.08548	-0.02439	-0.01840	-0.03998	0.16156	-0.00575	-0.03047	0.00965	-0.02369	-0.03048	-0.00518	0.00225	0.08745	-0.02646	-0.01313	(And (Agent $e0 $x0) (Member $x0 chef) (Past $e0) (Theme $e0 $x1))
p201925	-0.00686	-0.21401	-0.02065	-0.03088	0.21284	0.09151	-0.04994	0.03655	0.29874	0.08327	0.12303	0.10894	-0.10989	-0.07030	0.06989	-0.08948	(And (Agent $e0 $x0) (Member $x0 company) (Member $x1 hotel) (Patient $e0 $x1))
p201926	-0.01377	-0.42823	-0.04127	-0.06177	0.42596	0.18303	-0.09991	0.07298	0.59761	0.16650	0.24615	0.21789	-0.21971	-0.14058	0.13978	-0.17897	(And (Agent $e0 $x0) (Member $x0 company) (Past $e0) (Patient $e0 $x1))
p201927	-0.02234	-0.00447	-0.01369	0.03488	0.02496	-0.01188	0.03343	0.01114	-0.03021	0.00606	-0.02242	0.00575	-0.01118	-0.00814	-0.02481	-0.02364	(And (Agent $e0 $x0) (Member $x0 council) (Member $x1 summer_fair) (Patient $e0 $x1))
p201928	-0.04109	0.20260	0.03167	0.03396	-0.11773	-0.07512	-0.07758	-0.06789	0.42011	-0.10458	-0.09105	0.00528	0.02286	0.08985	0.00344	-0.02192	(And (Agent $e0 $x0) (Member $x0 diver) (Member $x1 wreck) (Theme $e0 $x1))
p201929	-0.03821	-0.00622	0.01470	-0.00636	-0.02324	-0.00005	0.02437	-0.00005	-0.00009	-0.01925	0.01077	0.03003	-0.01146	-0.01579	-0.00501	-0.03331	(And (Agent $e0 $x0) (Member $x0 editor) (Member $x1 manuscript) (Theme $e0 $x1))
p201931	-0.03123	-0.00191	0.02615	-0.00840	-0.03066	-0.01224	0.01924	0.02262	-0.00492	-0.02536	0.01091	0.02434	-0.00629	-0.01273	0.00281	-0.03509	(And (Agent $e0 $x0) (Member $x0 firm) (Member $x1 tender) (Theme $e0 $x1))
p201933	-0.03465	0.04446	0.00707	-0.00253	-0.05164	-0.02894	0.01744	0.04567	0.03363	-0.02531	-0.02965	0.02646	-0.02097	0.00997	-0.00255	-0.03446	(And (Agent $e0 $x0) (Member $x0 intern) (Member $x1 file) (Theme $e0 $x1))
p201934	-0.03457	0.04456	0.00696	-0.00254	-0.05173	-0.02910	0.01741	0.04606	0.03359	-0.02522	-0.02992	0.02650	-0.02103	0.01013	-0.00254	-0.03452	(And (Agent $e0 $x0) (Member $x0 intern) (Member $x1 missing) (Theme $e0 $x1))
p201935	-0.01768	-0.05433	-0.00330	0.10543	0.03696	-0.06053	0.05912	0.01739	0.05726	-0.07807	0.07895	-0.07473	0.05991	0.10837	-0.06621	0.04765	(And (Agent $e0 $x0) (Member $x0 mechanic) (Member $x1 gearbox) (Patient $e0 $x1))
p201936	-0.01748	-0.05415	-0.00325	0.10547	0.03693	-0.06067	0.05887	0.01742	0.05731	-0.07798	0.07878	-0.07468	0.05981	0.10851	-0.06620	0.04740	(And (Agent $e0 $x0) (Member $x0 mechanic) (Member $x1 seized) (Patient $e0 $x1))
p201937	-0.01769	-0.05434	-0.00331	0.10542	0.03697	-0.06053	0.05914	0.01739	0.05725	-0.07808	0.07896	-0.07473	0.05992	0.10836	-0.06621	0.04766	(And (Agent $e0 $x0) (Member $x0 mechanic) (Past $e0) (Patient $e0 $x1))
p201938	-0.03807	-0.00642	0.01434	-0.00646	-0.02297	-0.00009	0.02411	-0.00007	0.00010	-0.01916	0.01076	0.03023	-0.01145	-0.01555	-0.00500	-0.03330	(And (Agent $e0 $x0) (Member $x0 panel) (Member $x1 proposal) (Theme $e0 $x1))
p201940	-0.03128	-0.01086	0.02185	-0.00642	-0.02112	-0.00267	0.01727	0.00287	0.00394	-0.02311	0.00501	0.03286	-0.00817	-0.01131	-0.00099	-0.03501	(And (Agent $e0 $x0) (Member $x0 rescue_team) (Member $x1 search) (Theme $e0 $x1))
p201941	-0.01472	0.06255	0.16820	-0.00055	0.10948	0.02417	-0.12046	0.22781	-0.07916	-0.11207	-0.14805	0.01209	0.16169	-0.09203	-0.04138	-0.04629	(And (Agent $e0 $x0) (Member $x0 school) (Member $x1 projector) (Theme $e0 $x1))
p201942	-0.02369	-0.00465	-0.01336	0.03494	0.02553	-0.01167	0.03258	0.01023	-0.03000	0.00529	-0.02264	0.00770	-0.01136	-0.00909	-0.02469	-0.02434	(And (Agent $e0 $x0) (Member $x0 tutor) (Member $x1 afternoon_session) (Patient $e0 $x1))
p201943	-0.02123	-0.08530	-0.02457	-0.01843	-0.04012	0.16150	-0.00579	-0.03038	0.00952	-0.02354	-0.03073	-0.00503	0.00224	0.08748	-0.02644	-0.01310	(And (Agent $e0 $x0) (Member $x1 crate) (Past $e0) (Theme $e0 $x1))
p201944	-0.03487	0.04413	0.00739	-0.00251	-0.05129	-0.02846	0.01756	0.04446	0.03370	-0.02549	-0.02883	0.02635	-0.02083	0.00952	-0.00259	-0.03430	(And (Agent $e0 $x0) (Member $x1 file) (Member $x1 missing) (Theme $e0 $x1))
p201945	-0.01758	-0.05424	-0.00328	0.10545	0.03695	-0.06059	0.05901	0.01740	0.05728	-0.07802	0.07887	-0.07470	0.05986	0.10843	-0.06620	0.04753	(And (Agent $e0 $x0) (Member $x1 gearbox) (Member $x1 seized) (Patient $e0 $x1))
p201946	-0.01774	-0.05438	-0.00332	0.10541	0.03697	-0.06049	0.05920	0.01738	0.05724	-0.07810	0.07901	-0.07474	0.05995	0.10832	-0.06621	0.04773	(And (Agent $e0 $x0) (Member $x1 gearbox) (Past $e0) (Patient $e0 $x1))
p201947	-0.00687	-0.21407	-0.02060	-0.03087	0.21290	0.09155	-0.04995	0.03643	0.29880	0.08326	0.12307	0.10893	-0.10989	-0.07032	0.06989	-0.08948	(And (Agent $e0 $x0) (Member $x1 hotel) (Past $e0) (Patient $e0 $x1))
p201948	-0.01405	0.06182	0.16766	-0.00094	0.10932	0.02400	-0.11969	0.22943	-0.07899	-0.11252	-0.14744	0.01186	0.16174	-0.09147	-0.04160	-0.04596	(And (Agent $e0 $x0) (Member $x1 projector) (Past $e0) (Theme $e0 $x1))
p201950	-0.01678	-0.05345	-0.00304	0.10565	0.03660	-0.06112	0.05778	0.01763	0.05774	-0.07768	0.07814	-0.07448	0.05933	0.10912	-0.06623	0.04647	(And (Agent $e0 $x0) (Member $x1 seized) (Past $e0) (Patient $e0 $x1))
p201952	0.01609	0.04158	-0.19751	-0.10503	-0.09487	-0.21327	0.02158	0.46204	-0.18471	0.11141	0.05867	-0.02632	-0.03132	0.20205	0.02662	-0.02896	(And (Agent $e0 $x0) (Member $x1 view) (Past $e0) (Theme $e0 $x1))
p201953	0.01566	0.04161	-0.19738	-0.10494	-0.09492	-0.21320	0.02159	0.46185	-0.18449	0.11125	0.05878	-0.02639	-0.03122	0.20192	0.02656	-0.02894	(And (Agent $e0 $x0) (Member $x1 view) (Possession $x1 free_soil_party) (Theme $e0 $x1))
p201954	0.01497	0.04163	-0.19703	-0.10477	-0.09505	-0.21301	0.02161	0.46145	-0.18396	0.11086	0.05900	-0.02658	-0.03104	0.20167	0.02643	-0.02894	(And (Agent $e0 $x0) (Member $x1 view) (Possession $x1 republican_party) (Theme $e0 $x1))
p201956	0.01542	0.04162	-0.19728	-0.10489	-0.09496	-0.21314	0.02159	0.46172	-0.18432	0.11114	0.05885	-0.02645	-0.03117	0.20183	0.02651	-0.02894	(And (Agent $e0 $x0) (Past $e0) (Possession $x1 free_soil_party) (Theme $e0 $x1))
p201957	0.01557	0.04162	-0.19733	-0.10492	-0.09494	-0.21318	0.02158	0.46180	-0.18442	0.11118	0.05881	-0.02641	-0.03121	0.20189	0.02654	-0.02894	(And (Agent $e0 $x0) (Past $e0) (Possession $x1 republican_party) (Theme $e0 $x1))
p201958	0.01583	0.04160	-0.19742	-0.10497	-0.09490	-0.21322	0.02158	0.46192	-0.18457	0.11130	0.05873	-0.02635	-0.03127	0.20197	0.02658	-0.02895	(And (Agent $e0 $x0) (Possession $x1 free_soil_party) (Possession $x1 republican_party) (Theme $e0 $x1))
p201959	-0.00261	-0.00123	0.01318	0.03758	0.01098	-0.00526	0.00231	0.01397	0.00549	-0.01532	-0.02296	-0.01519	-0.00957	-0.00345	-0.02315	0.01452	(And (Before $x0 $e0) (Inheritance dress_rehearsal rehearsal) (Member $x1 dress_rehearsal) (Patient $e0 $x1))
p201960	-0.00260	-0.00124	0.01310	0.03756	0.01097	-0.00531	0.00242	0.01408	0.00547	-0.01532	-0.02299	-0.01519	-0.00956	-0.00340	-0.02314	0.01455	(And (Before $x0 $e0) (Member $x0 lunch) (Member $x1 dress_rehearsal) (Patient $e0 $x1))
p201961	-0.05776	0.08416	0.07333	-0.00230	-0.20960	0.14205	0.27650	0.09361	0.06410	0.08638	0.05996	-0.15116	-0.08065	-0.07858	-0.04669	0.25614	(And (Can $e0) (Cardinality $x0 <num>) (Manner $e0 $x0) (Member $e0 define))
p201962	-0.05817	0.08491	0.07330	-0.00218	-0.21094	0.14222	0.27649	0.09425	0.06435	0.08620	0.05903	-0.15012	-0.08140	-0.07950	-0.04654	0.25634	(And (Can $e0) (Cardinality $x0 <num>) (Manner $e0 $x0) (Theme $e0 $x1))
p201963	-0.05808	0.08478	0.07329	-0.00221	-0.21069	0.14213	0.27650	0.09419	0.06428	0.08622	0.05924	-0.15035	-0.08121	-0.07928	-0.04657	0.25630	(And (Can $e0) (GroupOf $x0 sequence) (Manner $e0 $x1) (Theme $e0 $x0))
p201964	-0.05790	0.08447	0.07330	-0.00226	-0.21013	0.14204	0.27650	0.09394	0.06417	0.08629	0.05964	-0.15081	-0.08088	-0.07888	-0.04663	0.25621	(And (Can $e0) (GroupOf $x0 sequence) (Member $e0 define) (Theme $e0 $x0))
p201965	-0.03853	0.08951	-0.04581	-0.02671	0.07543	-0.04968	0.03587	-0.05556	-0.06417	0.02045	0.05250	-0.01691	-0.01141	-0.01818	0.04869	0.00542	(And (Cardinality $x0 <num>) (GroupOf $x0 child) (Holder $e0 kristoffer) (Theme $e0 $x0))
p201966	-0.03865	0.08950	-0.04557	-0.02661	0.07535	-0.04971	0.03570	-0.05544	-0.06403	0.02025	0.05248	-0.01700	-0.01131	-0.01814	0.04862	0.00538	(And (Cardinality $x0 <num>) (GroupOf $x0 child) (Member $e0 have) (Theme $e0 $x0))
p201967	-0.04728	0.17407	-0.06641	-0.01900	0.15193	-0.09225	0.05045	-0.07697	-0.09920	0.03200	0.06317	-0.02511	-0.02726	-0.03109	0.03339	0.00401	(And (Cardinality $x0 <num>) (GroupOf $x0 egg) (Holder $e0 $x1) (Theme $e0 $x0))
p201968	-0.04134	0.13185	-0.05930	-0.02158	0.19642	-0.08568	0.03328	-0.08941	-0.09543	0.02812	0.07275	-0.00854	-0.02469	-0.03025	0.02993	-0.00855	(And (Cardinality $x0 <num>) (GroupOf $x0 egg) (Member $e0 require) (Theme $e0 $x0))
p201969	-0.05805	0.08473	0.07329	-0.00222	-0.21060	0.14211	0.27650	0.09415	0.06426	0.08623	0.05931	-0.15043	-0.08115	-0.07921	-0.04658	0.25628	(And (Cardinality $x0 <num>) (GroupOf $x1 sequence) (Manner $e0 $x0) (Theme $e0 $x1))
p201970	-0.04680	0.17027	-0.06380	-0.01841	0.14967	-0.09010	0.04598	-0.07560	-0.09715	0.03108	0.06030	-0.02410	-0.02683	-0.03075	0.03270	0.00286	(And (Cardinality $x0 <num>) (Holder $e0 $x1) (Member $e0 require) (Theme $e0 $x0))
p201971	-0.04721	0.17395	-0.06652	-0.01904	0.15204	-0.09206	0.05057	-0.07737	-0.09907	0.03210	0.06325	-0.02504	-0.02732	-0.03116	0.03342	0.00402	(And (Cardinality $x0 <num>) (Holder $e0 $x1) (Member $x1 recipe) (Theme $e0 $x0))
p201972	-0.03857	0.08951	-0.04574	-0.02668	0.07540	-0.04971	0.03581	-0.05549	-0.06412	0.02039	0.05248	-0.01693	-0.01138	-0.01816	0.04867	0.00540	(And (Cardinality $x0 <num>) (Holder $e0 kristoffer) (Member $e0 have) (Theme $e0 $x0))
p201973	-0.05810	0.08482	0.07329	-0.00220	-0.21075	0.14215	0.27650	0.09421	0.06430	0.08621	0.05920	-0.15031	-0.08125	-0.07933	-0.04657	0.25631	(And (Cardinality $x0 <num>) (Manner $e0 $x0) (Member $e0 define) (Theme $e0 $x1))
p201974	-0.01218	0.09433	-0.04169	-0.01339	0.17662	0.07051	0.03764	-0.03021	-0.07826	-0.00385	-0.10414	-0.00240	-0.00570	0.04720	-0.00555	-0.02033	(And (Cardinality $x0 <num>) (Member $e0 buy) (Past $e0) (Theme $e0 $x0))
p201975	0.01066	0.01012	-0.03122	-0.01737	-0.01194	-0.01483	-0.01853	0.01146	-0.00436	0.04335	-0.02053	-0.00858	0.04518	-0.00035	-0.00213	0.01310	(And (Experiencer $e0 $x0) (Location $e1 $x1) (Member $x1 ledger) (Stimulus $e0 $e1))
p201976	-0.07512	-0.12141	0.06889	-0.04244	0.04474	-0.00896	-0.01119	-0.18198	0.01987	-0.11660	0.37808	-0.07870	0.24153	-0.02765	0.01066	0.06201	(And (For $e0 $e1) (Member $e0 win) (Member $e1 portray) (Past $e0))
p201977	-0.07529	-0.12113	0.06879	-0.04242	0.04463	-0.00906	-0.01159	-0.18206	0.01924	-0.11624	0.37817	-0.07871	0.24150	-0.02764	0.01058	0.06206	(And (For $e0 $e1) (Member $e0 win) (Member $e1 portray) (Theme $e0 $x0))
p201978	-0.07494	-0.12172	0.06901	-0.04248	0.04484	-0.00888	-0.01073	-0.18185	0.02056	-0.11702	0.37799	-0.07868	0.24158	-0.02767	0.01076	0.06196	(And (For $e0 $e1) (Member $e0 win) (Member $x0 emmy) (Theme $e0 $x0))
p201979	-0.07496	-0.12169	0.06900	-0.04247	0.04483	-0.00889	-0.01078	-0.18187	0.02049	-0.11697	0.37800	-0.07869	0.24157	-0.02767	0.01075	0.06197	(And (For $e0 $e1) (Member $e1 portray) (Member $x0 emmy) (Theme $e0 $x0))
p201980	-0.07556	-0.12072	0.06861	-0.04238	0.04447	-0.00922	-0.01221	-0.18219	0.01826	-0.11570	0.37832	-0.07871	0.24148	-0.02761	0.01043	0.06217	(And (For $e0 $e1) (Member $e1 portray) (Past $e0) (Theme $e0 $x0))
p201981	-0.07494	-0.12172	0.06901	-0.04248	0.04485	-0.00888	-0.01073	-0.18185	0.02056	-0.11702	0.37798	-0.07868	0.24158	-0.02768	0.01076	0.06196	(And (For $e0 $e1) (Member $x0 emmy) (Past $e0) (Theme $e0 $x0))
p201982	-0.00223	-0.00109	0.01285	0.03620	0.00992	-0.00482	0.00103	0.01355	0.00524	-0.01476	-0.02235	-0.01504	-0.00980	-0.00325	-0.02244	0.01483	(And (Future $e0) (Inheritance apple_harvest harvest) (Member $x0 apple_harvest) (Patient $e0 $x0))
p201983	-0.00224	-0.00109	0.01291	0.03621	0.00993	-0.00479	0.00097	0.01347	0.00526	-0.01477	-0.02232	-0.01505	-0.00981	-0.00329	-0.02244	0.01481	(And (Future $e0) (Member $x0 apple_harvest) (Patient $e0 $x0) (Time $e0 (Month september)))
p201984	-0.03861	0.08951	-0.04565	-0.02664	0.07537	-0.04971	0.03575	-0.05545	-0.06407	0.02031	0.05247	-0.01697	-0.01135	-0.01815	0.04865	0.00539	(And (GroupOf $x0 child) (Holder $e0 kristoffer) (Member $e0 have) (Theme $e0 $x0))
p201985	-0.04723	0.17398	-0.06650	-0.01904	0.15201	-0.09211	0.05055	-0.07726	-0.09910	0.03208	0.06322	-0.02505	-0.02731	-0.03114	0.03341	0.00402	(And (GroupOf $x0 egg) (Holder $e0 $x1) (Member $x1 recipe) (Theme $e0 $x0))
p201986	-0.05810	0.08481	0.07330	-0.00220	-0.21074	0.14214	0.27650	0.09420	0.06429	0.08621	0.05921	-0.15033	-0.08124	-0.07932	-0.04657	0.25631	(And (GroupOf $x0 sequence) (Manner $e0 $x1) (Member $e0 define) (Theme $e0 $x0))
p201987	-0.04144	0.20520	0.03049	0.03346	-0.11984	-0.07632	-0.07717	-0.06425	0.41901	-0.10424	-0.09270	0.00557	0.02220	0.08973	0.00384	-0.02200	(And (Location $e0 $x0) (Member $e0 discover) (Member $x0 point) (Theme $e0 $x1))
p201988	-0.04112	0.20277	0.03149	0.03387	-0.11807	-0.07526	-0.07750	-0.06725	0.41997	-0.10457	-0.09128	0.00537	0.02283	0.08987	0.00346	-0.02192	(And (Location $e0 $x0) (Member $x0 point) (Member $x1 wreck) (Theme $e0 $x1))
p201990	-0.00764	-0.21573	-0.01908	-0.03050	0.21511	0.09340	-0.05024	0.03072	0.30079	0.08312	0.12490	0.10866	-0.10938	-0.07145	0.07001	-0.08910	(And (Location $e0 eskisehir) (Location $e0 turkey) (Member $x0 hotel) (Patient $e0 $x0))
p201996	-0.00714	-0.21465	-0.02004	-0.03073	0.21360	0.09217	-0.05008	0.03462	0.29952	0.08313	0.12372	0.10882	-0.10972	-0.07069	0.06989	-0.08936	(And (Location $e0 eskisehir) (Member $e0 build) (Member $x0 hotel) (Patient $e0 $x0))
p201997	-0.00690	-0.21413	-0.02056	-0.03086	0.21294	0.09160	-0.04996	0.03631	0.29886	0.08325	0.12313	0.10892	-0.10987	-0.07035	0.06989	-0.08946	(And (Location $e0 eskisehir) (Member $x0 hotel) (Past $e0) (Patient $e0 $x0))
p202007	-0.00693	-0.21420	-0.02048	-0.03084	0.21302	0.09168	-0.04998	0.03609	0.29895	0.08323	0.12320	0.10891	-0.10985	-0.07039	0.06989	-0.08945	(And (Location $e0 turkey) (Member $e0 build) (Member $x0 hotel) (Patient $e0 $x0))
p202008	-0.00750	-0.21540	-0.01936	-0.03056	0.21460	0.09301	-0.05021	0.03200	0.30039	0.08309	0.12454	0.10870	-0.10950	-0.07121	0.06995	-0.08919	(And (Location $e0 turkey) (Member $x0 hotel) (Past $e0) (Patient $e0 $x0))
p202014	-0.00670	-0.21371	-0.02097	-0.03097	0.21248	0.09120	-0.04986	0.03744	0.29833	0.08339	0.12269	0.10900	-0.10999	-0.07012	0.06991	-0.08953	(And (Member $e0 build) (Member $x0 hotel) (Past $e0) (Patient $e0 $x0))
p202020	-0.07493	-0.12172	0.06901	-0.04248	0.04485	-0.00888	-0.01071	-0.18185	0.02058	-0.11702	0.37798	-0.07868	0.24157	-0.02768	0.01077	0.06196	(And (Member $e0 win) (Member $x0 emmy) (Past $e0) (Theme $e0 $x0))
p202023	-0.03122	-0.00192	0.02614	-0.00840	-0.03066	-0.01224	0.01923	0.02264	-0.00495	-0.02535	0.01089	0.02435	-0.00630	-0.01271	0.00281	-0.03509	(And (Member $x0 firm) (Member $x1 tender) (Possession $x1 $x0) (Theme $e0 $x1))
p202024	-0.01742	-0.05410	-0.00323	0.10548	0.03691	-0.06071	0.05878	0.01744	0.05733	-0.07796	0.07873	-0.07466	0.05977	0.10856	-0.06620	0.04732	(And (Member $x0 gearbox) (Member $x0 seized) (Past $e0) (Patient $e0 $x0))
p202025	-0.00064	-0.00188	0.00692	0.02566	0.00952	-0.00308	-0.00035	0.00797	0.00489	-0.00926	-0.01860	-0.01258	-0.00845	-0.00368	-0.01625	0.01346	(And (Member $x0 hearing) (Patient $e0 $x0) (Time $e0 (Weekday monday)) (Time $e0 morning))
p202026	0.01583	0.04159	-0.19742	-0.10497	-0.09490	-0.21322	0.02159	0.46192	-0.18458	0.11128	0.05874	-0.02636	-0.03125	0.20196	0.02658	-0.02894	(And (Member $x0 view) (Past $e0) (Possession $x0 free_soil_party) (Theme $e0 $x0))
p202027	0.02264	0.04033	-0.19935	-0.10655	-0.09468	-0.21466	0.02167	0.46689	-0.18530	0.11384	0.05590	-0.02445	-0.03384	0.20482	0.02764	-0.02914	(And (Member $x0 view) (Past $e0) (Possession $x0 republican_party) (Theme $e0 $x0))
p202029	0.01659	0.04155	-0.19772	-0.10515	-0.09482	-0.21340	0.02157	0.46237	-0.18498	0.11165	0.05849	-0.02618	-0.03147	0.20226	0.02672	-0.02898	(And (Past $e0) (Possession $x0 free_soil_party) (Possession $x0 republican_party) (Theme $e0 $x0))
p202763	-0.03885	-0.00533	0.01687	-0.00578	-0.02458	0.00049	0.02507	0.00042	-0.00092	-0.01995	0.01057	0.02951	-0.01172	-0.01758	-0.00531	-0.03357	(And (Agent $e0 $x0) (Agent $e0 jica) (Member $x0 government))
p202768	-0.02120	-0.08547	-0.02440	-0.01840	-0.03998	0.16156	-0.00575	-0.03047	0.00965	-0.02368	-0.03049	-0.00518	0.00225	0.08745	-0.02646	-0.01313	(And (Agent $e0 $x0) (GroupOf $x1 lemon) (Theme $e0 $x1))
p202769	-0.03800	-0.00680	0.01415	-0.00633	-0.02199	0.00016	0.02327	-0.00072	-0.00015	-0.01889	0.01029	0.03108	-0.01167	-0.01571	-0.00518	-0.03351	(And (Agent $e0 $x0) (GroupOf $x1 sample) (Theme $e0 $x1))
p202770	-0.03124	-0.01091	0.02193	-0.00639	-0.02104	-0.00253	0.01711	0.00265	0.00389	-0.02318	0.00502	0.03297	-0.00817	-0.01131	-0.00104	-0.03501	(And (Agent $e0 $x0) (Inheritance rescue_team team) (Member $x0 rescue_team))
p202771	0.00875	0.02616	-0.07629	-0.03856	-0.03100	-0.03234	0.01590	-0.01820	0.02657	0.13619	-0.03953	0.00026	0.13731	-0.01326	0.00418	-0.00701	(And (Agent $e0 $x0) (Location $e0 $x1) (Member $x0 biologist))
p202772	-0.04108	0.20252	0.03176	0.03401	-0.11759	-0.07505	-0.07762	-0.06819	0.42018	-0.10459	-0.09094	0.00524	0.02287	0.08983	0.00343	-0.02193	(And (Agent $e0 $x0) (Location $e0 $x1) (Member $x0 diver))
p202773	0.01360	0.03641	-0.09898	-0.04925	-0.04006	-0.04269	0.02406	-0.02292	0.03308	0.17488	-0.05300	0.00205	0.17570	-0.01664	0.00596	-0.00827	(And (Agent $e0 $x0) (Location $e0 $x1) (Member $x1 survey))
p202774	-0.00740	-0.21517	-0.01956	-0.03061	0.21431	0.09276	-0.05018	0.03280	0.30013	0.08310	0.12430	0.10873	-0.10957	-0.07105	0.06992	-0.08924	(And (Agent $e0 $x0) (Location $e0 eskisehir) (Member $x0 company))
p202775	-0.00710	-0.21454	-0.02014	-0.03075	0.21346	0.09206	-0.05006	0.03497	0.29939	0.08315	0.12359	0.10884	-0.10974	-0.07062	0.06989	-0.08939	(And (Agent $e0 $x0) (Location $e0 kazakhstan) (Member $x0 company))
p202776	-0.01045	-0.32150	-0.03101	-0.04682	0.31981	0.13755	-0.07489	0.05411	0.44840	0.12507	0.18490	0.16350	-0.16465	-0.10562	0.10506	-0.13420	(And (Agent $e0 $x0) (Location $e0 turkey) (Member $x0 company))
p202777	-0.05600	0.00312	-0.10148	0.05559	-0.03265	0.03362	0.06884	-0.07268	-0.11355	0.16780	-0.13964	0.13448	0.14871	-0.07490	-0.03264	-0.01645	(And (Agent $e0 $x0) (Location $e1 $x1) (Theme $e0 $e1))
p202779	-0.01396	-0.42854	-0.04091	-0.06168	0.42638	0.18341	-0.10000	0.07185	0.59807	0.16642	0.24655	0.21781	-0.21962	-0.14082	0.13978	-0.17891	(And (Agent $e0 $x0) (Member $e0 build) (Member $x0 company))
p202781	-0.02993	-0.00390	-0.00705	-0.01004	-0.01029	0.00218	0.01215	-0.00743	-0.01174	-0.00328	0.01241	0.02805	-0.00885	-0.02328	-0.00598	-0.03114	(And (Agent $e0 $x0) (Member $e1 decision) (Patient $e0 $e1))
p202782	-0.03222	-0.00330	-0.01547	-0.01124	-0.00914	0.00628	0.01478	-0.01288	-0.02114	0.00855	0.00175	0.03447	-0.00546	-0.02677	-0.00505	-0.03038	(And (Agent $e0 $x0) (Member $e1 decision) (Theme $e0 $e1))
p202783	-0.02119	-0.08551	-0.02435	-0.01840	-0.03995	0.16157	-0.00575	-0.03048	0.00968	-0.02372	-0.03043	-0.00521	0.00226	0.08745	-0.02647	-0.01313	(And (Agent $e0 $x0) (Member $x0 chef) (Past $e0))
p202784	-0.02119	-0.08552	-0.02435	-0.01839	-0.03995	0.16157	-0.00575	-0.03048	0.00968	-0.02373	-0.03041	-0.00523	0.00226	0.08745	-0.02647	-0.01314	(And (Agent $e0 $x0) (Member $x0 chef) (Theme $e0 $x1))
p202785	-0.02947	-0.00287	0.05485	0.00360	-0.02197	-0.00335	-0.00221	-0.01509	-0.00342	0.00847	0.00965	0.01261	-0.02647	-0.00067	-0.00719	-0.03764	(And (Agent $e0 $x0) (Member $x0 clerk) (Theme $e0 $x1))
p202786	-0.01522	-0.43125	-0.03842	-0.06107	0.42997	0.18643	-0.10047	0.06251	0.60134	0.16622	0.24956	0.21735	-0.21883	-0.14266	0.13996	-0.17829	(And (Agent $e0 $x0) (Member $x0 company) (Past $e0))
p202787	-0.01398	-0.42862	-0.04089	-0.06168	0.42630	0.18346	-0.09998	0.07183	0.59812	0.16641	0.24658	0.21781	-0.21961	-0.14083	0.13977	-0.17890	(And (Agent $e0 $x0) (Member $x0 company) (Patient $e0 $x1))
p202788	-0.02232	-0.00445	-0.01369	0.03489	0.02495	-0.01189	0.03347	0.01116	-0.03023	0.00607	-0.02246	0.00576	-0.01121	-0.00813	-0.02481	-0.02366	(And (Agent $e0 $x0) (Member $x0 council) (Patient $e0 $x1))
p202789	0.01808	-0.01027	-0.00772	-0.00407	0.00514	-0.00026	0.00148	0.00193	0.00170	0.00602	-0.00149	0.00514	-0.00846	-0.00506	-0.01072	-0.02539	(And (Agent $e0 $x0) (Member $x0 delegation) (Time $e0 (Weekday thursday)))
p202790	-0.04112	0.20273	0.03152	0.03388	-0.11801	-0.07524	-0.07751	-0.06736	0.42000	-0.10457	-0.09124	0.00536	0.02283	0.08987	0.00346	-0.02192	(And (Agent $e0 $x0) (Member $x0 diver) (Theme $e0 $x1))
p202791	-0.03822	-0.00618	0.01485	-0.00629	-0.02320	0.00009	0.02419	-0.00037	-0.00010	-0.01933	0.01084	0.03009	-0.01147	-0.01586	-0.00505	-0.03330	(And (Agent $e0 $x0) (Member $x0 editor) (Theme $e0 $x1))
p202792	-0.03128	-0.00190	0.02619	-0.00840	-0.03068	-0.01225	0.01928	0.02257	-0.00478	-0.02542	0.01098	0.02430	-0.00624	-0.01279	0.00283	-0.03508	(And (Agent $e0 $x0) (Member $x0 firm) (Theme $e0 $x1))
p202793	-0.03885	-0.00532	0.01690	-0.00577	-0.02457	0.00053	0.02503	0.00033	-0.00094	-0.01996	0.01060	0.02953	-0.01173	-0.01759	-0.00532	-0.03356	(And (Agent $e0 $x0) (Member $x0 government) (Theme $e0 $x1))
p202794	-0.03473	0.04434	0.00720	-0.00252	-0.05152	-0.02877	0.01748	0.04524	0.03367	-0.02539	-0.02935	0.02641	-0.02091	0.00981	-0.00257	-0.03440	(And (Agent $e0 $x0) (Member $x0 intern) (Theme $e0 $x1))
p202795	-0.01753	-0.05420	-0.00327	0.10546	0.03694	-0.06063	0.05894	0.01741	0.05729	-0.07801	0.07883	-0.07469	0.05984	0.10847	-0.06620	0.04747	(And (Agent $e0 $x0) (Member $x0 mechanic) (Past $e0))
p202796	-0.01754	-0.05422	-0.00326	0.10546	0.03695	-0.06062	0.05895	0.01741	0.05730	-0.07801	0.07883	-0.07469	0.05984	0.10846	-0.06620	0.04748	(And (Agent $e0 $x0) (Member $x0 mechanic) (Patient $e0 $x1))
p202797	-0.03808	-0.00638	0.01448	-0.00641	-0.02294	0.00003	0.02393	-0.00035	0.00009	-0.01923	0.01082	0.03029	-0.01146	-0.01561	-0.00504	-0.03329	(And (Agent $e0 $x0) (Member $x0 panel) (Theme $e0 $x1))
p202798	-0.02437	0.03973	-0.01173	0.07613	-0.06169	-0.02890	0.02277	0.07028	-0.09702	-0.00902	-0.08980	0.05587	-0.02031	-0.00528	-0.02105	-0.02623	(And (Agent $e0 $x0) (Member $x0 person) (Patient $e0 $x1))
p202799	-0.02932	-0.00319	0.05456	0.00350	-0.02163	-0.00335	-0.00222	-0.01523	-0.00331	0.00858	0.00980	0.01277	-0.02645	-0.00047	-0.00719	-0.03760	(And (Agent $e0 $x0) (Member $x0 pilot) (Theme $e0 $x1))
p202800	-0.03126	-0.01091	0.02193	-0.00639	-0.02104	-0.00254	0.01715	0.00263	0.00395	-0.02317	0.00505	0.03294	-0.00817	-0.01133	-0.00103	-0.03501	(And (Agent $e0 $x0) (Member $x0 rescue_team) (Theme $e0 $x1))
p202801	-0.02380	-0.00478	-0.01322	0.03495	0.02560	-0.01156	0.03244	0.00991	-0.02975	0.00519	-0.02239	0.00763	-0.01123	-0.00914	-0.02471	-0.02428	(And (Agent $e0 $x0) (Member $x0 tutor) (Patient $e0 $x1))
p202802	-0.02367	-0.00462	-0.01337	0.03495	0.02552	-0.01168	0.03262	0.01027	-0.03003	0.00530	-0.02270	0.00771	-0.01140	-0.00908	-0.02468	-0.02437	(And (Agent $e0 $x0) (Member $x1 afternoon_session) (Patient $e0 $x1))
p202803	-0.02120	-0.08549	-0.02438	-0.01840	-0.03997	0.16156	-0.00575	-0.03047	0.00966	-0.02369	-0.03046	-0.00520	0.00225	0.08745	-0.02646	-0.01313	(And (Agent $e0 $x0) (Member $x1 crate) (Theme $e0 $x1))
p202804	-0.03494	-0.01501	-0.00555	-0.00950	0.01925	-0.02048	-0.03523	-0.02854	-0.02619	-0.01576	-0.00157	0.09448	0.00682	0.01639	-0.00043	0.10701	(And (Agent $e0 $x0) (Member $x1 drill) (Theme $e0 $x1))
p202805	-0.03455	0.04457	0.00693	-0.00254	-0.05175	-0.02912	0.01740	0.04613	0.03358	-0.02521	-0.02997	0.02650	-0.02104	0.01016	-0.00254	-0.03453	(And (Agent $e0 $x0) (Member $x1 file) (Theme $e0 $x1))
p202806	-0.01761	-0.05427	-0.00328	0.10544	0.03695	-0.06058	0.05904	0.01740	0.05728	-0.07804	0.07889	-0.07471	0.05988	0.10842	-0.06621	0.04757	(And (Agent $e0 $x0) (Member $x1 gearbox) (Patient $e0 $x1))
p202807	-0.03376	0.02529	-0.00359	-0.00398	0.03156	-0.03071	-0.03410	-0.04526	-0.04663	0.02746	0.02254	0.03676	-0.01375	0.02574	-0.00567	0.10450	(And (Agent $e0 $x0) (Member $x1 generator) (Theme $e0 $x1))
p202808	-0.00671	-0.21366	-0.02098	-0.03097	0.21245	0.09118	-0.04986	0.03747	0.29833	0.08339	0.12267	0.10901	-0.10999	-0.07011	0.06991	-0.08953	(And (Agent $e0 $x0) (Member $x1 hotel) (Patient $e0 $x1))
p202809	-0.03457	-0.00600	0.02038	-0.00624	-0.01290	-0.00085	0.00419	-0.00852	-0.00015	-0.01865	0.00736	0.03520	-0.01130	-0.01527	-0.00185	-0.03576	(And (Agent $e0 $x0) (Member $x1 lane) (Theme $e0 $x1))
p202810	-0.00997	-0.00623	0.12311	0.01895	-0.00706	-0.00625	-0.06319	-0.05435	-0.01663	0.07223	0.01370	-0.01719	-0.05539	0.03297	-0.01085	-0.04541	(And (Agent $e0 $x0) (Member $x1 manifest) (Theme $e0 $x1))
p202811	-0.03822	-0.00619	0.01484	-0.00630	-0.02320	0.00008	0.02420	-0.00036	-0.00009	-0.01932	0.01084	0.03009	-0.01147	-0.01585	-0.00505	-0.03330	(And (Agent $e0 $x0) (Member $x1 manuscript) (Theme $e0 $x1))
p202812	-0.03455	0.04458	0.00693	-0.00254	-0.05175	-0.02913	0.01740	0.04614	0.03358	-0.02520	-0.02998	0.02651	-0.02105	0.01016	-0.00254	-0.03453	(And (Agent $e0 $x0) (Member $x1 missing) (Theme $e0 $x1))
p202813	-0.01496	0.06273	0.16837	-0.00047	0.10950	0.02422	-0.12067	0.22740	-0.07909	-0.11194	-0.14820	0.01215	0.16161	-0.09218	-0.04132	-0.04640	(And (Agent $e0 $x0) (Member $x1 projector) (Theme $e0 $x1))
p202814	-0.03808	-0.00639	0.01448	-0.00641	-0.02294	0.00003	0.02393	-0.00035	0.00009	-0.01923	0.01082	0.03029	-0.01146	-0.01561	-0.00504	-0.03329	(And (Agent $e0 $x0) (Member $x1 proposal) (Theme $e0 $x1))
p202815	-0.03924	-0.00503	0.01862	-0.00491	-0.02435	0.00103	0.02446	0.00044	-0.00222	-0.02001	0.00946	0.02940	-0.01230	-0.01901	-0.00596	-0.03408	(And (Agent $e0 $x0) (Member $x1 scan) (Theme $e0 $x1))
p202816	-0.03128	-0.01090	0.02192	-0.00640	-0.02106	-0.00257	0.01718	0.00266	0.00397	-0.02316	0.00505	0.03291	-0.00817	-0.01133	-0.00102	-0.03501	(And (Agent $e0 $x0) (Member $x1 search) (Theme $e0 $x1))
p202817	-0.01746	-0.05415	-0.00325	0.10547	0.03693	-0.06067	0.05885	0.01743	0.05732	-0.07798	0.07877	-0.07467	0.05980	0.10852	-0.06620	0.04738	(And (Agent $e0 $x0) (Member $x1 seized) (Patient $e0 $x1))
p202818	-0.03880	-0.02634	-0.00063	-0.00781	0.03343	-0.02612	-0.03646	-0.04800	-0.02273	-0.04314	0.02267	0.09480	0.04720	0.02148	-0.00252	0.17026	(And (Agent $e0 $x0) (Member $x1 song) (Theme $e0 $x1))
p202819	-0.02234	-0.00447	-0.01369	0.03488	0.02495	-0.01188	0.03344	0.01114	-0.03022	0.00606	-0.02243	0.00575	-0.01119	-0.00814	-0.02481	-0.02365	(And (Agent $e0 $x0) (Member $x1 summer_fair) (Patient $e0 $x1))
p202821	-0.03123	-0.00191	0.02615	-0.00840	-0.03066	-0.01224	0.01924	0.02262	-0.00492	-0.02536	0.01091	0.02434	-0.00629	-0.01273	0.00281	-0.03509	(And (Agent $e0 $x0) (Member $x1 tender) (Theme $e0 $x1))
p202822	0.01508	0.04163	-0.19712	-0.10481	-0.09503	-0.21305	0.02161	0.46153	-0.18406	0.11096	0.05896	-0.02654	-0.03107	0.20172	0.02646	-0.02894	(And (Agent $e0 $x0) (Member $x1 view) (Theme $e0 $x1))
p202823	-0.03905	-0.00471	0.01586	-0.00629	-0.02455	-0.00019	0.02467	0.00159	-0.00131	-0.01958	0.01076	0.03048	-0.01193	-0.01823	-0.00515	-0.03376	(And (Agent $e0 $x0) (Member $x1 vote) (Theme $e0 $x1))
p202824	-0.04113	0.20281	0.03145	0.03385	-0.11815	-0.07530	-0.07749	-0.06709	0.41994	-0.10457	-0.09133	0.00538	0.02282	0.08988	0.00347	-0.02192	(And (Agent $e0 $x0) (Member $x1 wreck) (Theme $e0 $x1))
p202825	-0.03927	-0.00500	0.01876	-0.00484	-0.02431	0.00122	0.02433	0.00000	-0.00219	-0.02007	0.00955	0.02946	-0.01231	-0.01910	-0.00600	-0.03405	(And (Agent $e0 $x0) (Ordinal $x1 <num> scan) (Theme $e0 $x1))
p202827	0.01992	0.04101	-0.19869	-0.10589	-0.09471	-0.21407	0.02155	0.46461	-0.18562	0.11286	0.05719	-0.02526	-0.03259	0.20363	0.02728	-0.02917	(And (Agent $e0 $x0) (Possession $x1 free_soil_party) (Theme $e0 $x1))
p202828	0.01645	0.04156	-0.19768	-0.10512	-0.09483	-0.21337	0.02157	0.46228	-0.18493	0.11160	0.05853	-0.02620	-0.03144	0.20220	0.02669	-0.02897	(And (Agent $e0 $x0) (Possession $x1 republican_party) (Theme $e0 $x1))
p202829	-0.00263	-0.00130	0.01286	0.03750	0.01101	-0.00541	0.00279	0.01433	0.00537	-0.01530	-0.02300	-0.01523	-0.00951	-0.00326	-0.02314	0.01463	(And (Before $x0 $e0) (Member $x0 lunch) (Patient $e0 $x1))
p202830	-0.00261	-0.00123	0.01318	0.03757	0.01097	-0.00527	0.00232	0.01398	0.00549	-0.01532	-0.02296	-0.01519	-0.00957	-0.00345	-0.02315	0.01452	(And (Before $x0 $e0) (Member $x1 dress_rehearsal) (Patient $e0 $x1))
p202831	0.03253	0.00533	-0.01305	-0.01516	-0.02229	0.02941	-0.02102	-0.01469	-0.02807	0.03336	-0.02445	-0.00736	0.00776	-0.01244	0.04367	0.01073	(And (But $e0 $e1) (Past $e0) (Past $e1))
p202832	-0.05819	0.08493	0.07330	-0.00218	-0.21097	0.14224	0.27648	0.09425	0.06436	0.08620	0.05901	-0.15009	-0.08142	-0.07953	-0.04654	0.25634	(And (Can $e0) (Cardinality $x0 <num>) (Manner $e0 $x0))
p202833	-0.05802	0.08469	0.07329	-0.00222	-0.21053	0.14209	0.27650	0.09412	0.06425	0.08624	0.05936	-0.15049	-0.08111	-0.07916	-0.04659	0.25627	(And (Can $e0) (GroupOf $x0 sequence) (Theme $e0 $x0))
p202834	-0.03852	0.08951	-0.04582	-0.02671	0.07544	-0.04968	0.03588	-0.05558	-0.06418	0.02047	0.05251	-0.01690	-0.01142	-0.01819	0.04870	0.00542	(And (Cardinality $x0 <num>) (Holder $e0 kristoffer) (Theme $e0 $x0))
p202835	-0.05815	0.08489	0.07330	-0.00219	-0.21089	0.14220	0.27649	0.09424	0.06434	0.08620	0.05907	-0.15016	-0.08136	-0.07945	-0.04655	0.25633	(And (Cardinality $x0 <num>) (Manner $e0 $x0) (Member $e0 define))
p202836	-0.05795	0.08456	0.07330	-0.00225	-0.21028	0.14206	0.27649	0.09401	0.06420	0.08627	0.05953	-0.15068	-0.08096	-0.07898	-0.04661	0.25623	(And (Cardinality $x0 <num>) (Manner $e0 $x0) (Theme $e0 $x1))
p202837	-0.01221	0.09427	-0.04132	-0.01330	0.17674	0.07090	0.03743	-0.03100	-0.07796	-0.00363	-0.10395	-0.00267	-0.00592	0.04697	-0.00557	-0.02059	(And (Cardinality $x0 <num>) (Member $e0 buy) (Theme $e0 $x0))
p202838	-0.03859	0.08951	-0.04568	-0.02666	0.07538	-0.04971	0.03578	-0.05546	-0.06409	0.02034	0.05247	-0.01695	-0.01136	-0.01815	0.04866	0.00539	(And (Cardinality $x0 <num>) (Member $e0 have) (Theme $e0 $x0))
p202839	-0.01861	0.07370	0.06630	0.00885	0.02401	-0.02998	-0.06952	-0.07602	-0.05420	0.08868	0.02316	-0.02716	-0.05576	0.04550	0.00371	0.01904	(And (Cardinality $x0 <num>) (Recipient $e0 $x1) (Theme $e0 $x0))
p202840	0.01066	0.01012	-0.03123	-0.01737	-0.01194	-0.01483	-0.01852	0.01147	-0.00437	0.04335	-0.02054	-0.00858	0.04518	-0.00035	-0.00212	0.01310	(And (Experiencer $e0 $x0) (Location $e1 $x1) (Stimulus $e0 $e1))
p202841	0.01126	0.01623	-0.01971	-0.01597	-0.02832	0.00928	-0.02336	0.01326	-0.03411	0.03191	0.02072	-0.00138	-0.00552	-0.01793	0.03178	-0.01453	(And (Experiencer $e0 $x0) (Member $x0 person) (Past $e0))
p202842	-0.07515	-0.12134	0.06887	-0.04244	0.04471	-0.00898	-0.01126	-0.18200	0.01975	-0.11652	0.37809	-0.07871	0.24152	-0.02765	0.01065	0.06202	(And (For $e0 $e1) (Member $e0 win) (Member $e1 portray))
p202843	-0.07517	-0.12132	0.06886	-0.04244	0.04470	-0.00899	-0.01130	-0.18201	0.01969	-0.11649	0.37810	-0.07871	0.24152	-0.02764	0.01064	0.06203	(And (For $e0 $e1) (Member $e1 portray) (Past $e0))
p202844	-0.07518	-0.12129	0.06885	-0.04243	0.04469	-0.00900	-0.01134	-0.18202	0.01964	-0.11646	0.37811	-0.07871	0.24152	-0.02764	0.01063	0.06203	(And (For $e0 $e1) (Member $e1 portray) (Theme $e0 $x0))
p202845	-0.07505	-0.12151	0.06893	-0.04246	0.04477	-0.00893	-0.01101	-0.18195	0.02012	-0.11674	0.37804	-0.07870	0.24154	-0.02766	0.01070	0.06199	(And (For $e0 $e1) (Member $x0 emmy) (Theme $e0 $x0))
p202846	-0.00222	-0.00109	0.01278	0.03618	0.00991	-0.00487	0.00111	0.01367	0.00521	-0.01476	-0.02239	-0.01504	-0.00979	-0.00321	-0.02243	0.01485	(And (Future $e0) (Member $x0 apple_harvest) (Patient $e0 $x0))
p202847	-0.03858	0.08951	-0.04571	-0.02667	0.07539	-0.04971	0.03580	-0.05547	-0.06411	0.02036	0.05247	-0.01695	-0.01137	-0.01816	0.04866	0.00539	(And (GroupOf $x0 child) (Holder $e0 kristoffer) (Theme $e0 $x0))
p202848	-0.03857	0.08951	-0.04574	-0.02668	0.07540	-0.04971	0.03581	-0.05549	-0.06412	0.02038	0.05248	-0.01694	-0.01138	-0.01816	0.04867	0.00540	(And (GroupOf $x0 child) (Member $e0 have) (Theme $e0 $x0))
p202849	-0.04726	0.17402	-0.06646	-0.01902	0.15197	-0.09218	0.05050	-0.07712	-0.09915	0.03204	0.06320	-0.02508	-0.02729	-0.03111	0.03340	0.00401	(And (GroupOf $x0 egg) (Holder $e0 $x1) (Theme $e0 $x0))
p202850	-0.04155	0.13160	-0.05891	-0.02150	0.19698	-0.08597	0.03288	-0.08922	-0.09598	0.02794	0.07315	-0.00865	-0.02449	-0.03026	0.02988	-0.00859	(And (GroupOf $x0 egg) (Member $e0 require) (Theme $e0 $x0))
p202851	-0.05801	0.08467	0.07329	-0.00223	-0.21049	0.14209	0.27650	0.09411	0.06424	0.08624	0.05939	-0.15053	-0.08109	-0.07913	-0.04659	0.25627	(And (GroupOf $x0 sequence) (Manner $e0 $x1) (Theme $e0 $x0))
p202852	-0.05801	0.08466	0.07329	-0.00223	-0.21046	0.14208	0.27650	0.09410	0.06423	0.08624	0.05941	-0.15054	-0.08106	-0.07911	-0.04659	0.25626	(And (GroupOf $x0 sequence) (Member $e0 define) (Theme $e0 $x0))
p202853	-0.04033	0.06786	-0.02226	-0.01075	0.03856	-0.03271	0.02240	-0.03711	-0.03488	0.00576	0.03848	-0.01633	-0.01424	-0.01984	0.01215	-0.00347	(And (Holder $e0 $x0) (Member $x0 permit) (Theme $e0 $x1))
p202854	-0.04726	0.17402	-0.06646	-0.01902	0.15196	-0.09219	0.05050	-0.07709	-0.09915	0.03204	0.06319	-0.02508	-0.02728	-0.03111	0.03340	0.00401	(And (Holder $e0 $x0) (Member $x0 recipe) (Theme $e0 $x1))
p202855	-0.02366	-0.00461	-0.01337	0.03496	0.02551	-0.01168	0.03263	0.01028	-0.03003	0.00531	-0.02271	0.00772	-0.01141	-0.00907	-0.02468	-0.02437	(And (Inheritance afternoon_session session) (Member $x0 afternoon_session) (Patient $e0 $x0))
p202856	-0.00261	-0.00123	0.01318	0.03757	0.01097	-0.00527	0.00232	0.01398	0.00549	-0.01532	-0.02296	-0.01519	-0.00957	-0.00345	-0.02315	0.01452	(And (Inheritance dress_rehearsal rehearsal) (Member $x0 dress_rehearsal) (Patient $e0 $x0))
p202857	0.01152	0.00242	-0.01146	-0.00616	0.00922	-0.00606	-0.00057	0.00354	-0.00580	0.00135	0.00418	-0.01040	-0.00522	-0.00220	-0.00730	0.01183	(And (Inheritance monthly_servicing monthly) (Inheritance monthly_servicing servicing) (Theme $e0 monthly_servicing))
p202858	-0.02230	-0.00443	-0.01368	0.03490	0.02494	-0.01188	0.03351	0.01116	-0.03022	0.00607	-0.02249	0.00576	-0.01125	-0.00813	-0.02481	-0.02368	(And (Inheritance summer_fair fair) (Member $x0 summer_fair) (Patient $e0 $x0))
p202861	-0.04130	0.20446	0.03119	0.03382	-0.11844	-0.07576	-0.07744	-0.06690	0.41957	-0.10427	-0.09174	0.00525	0.02231	0.08968	0.00375	-0.02200	(And (Location $e0 $x0) (Member $e0 discover) (Member $x0 point))
p202862	0.01089	0.00670	-0.02858	-0.01643	-0.00971	-0.01239	-0.01677	0.00847	0.00255	0.03984	-0.01894	-0.00855	0.04154	-0.00083	-0.00247	0.01176	(And (Location $e0 $x0) (Member $e0 error) (Member $x0 ledger))
p202863	0.01066	0.01012	-0.03121	-0.01736	-0.01193	-0.01481	-0.01853	0.01142	-0.00436	0.04334	-0.02051	-0.00859	0.04518	-0.00036	-0.00213	0.01310	(And (Location $e0 $x0) (Member $x0 ledger) (Stimulus $e1 $e0))
p202864	-0.04111	0.20267	0.03157	0.03391	-0.11790	-0.07519	-0.07754	-0.06756	0.42004	-0.10457	-0.09117	0.00534	0.02284	0.08986	0.00345	-0.02192	(And (Location $e0 $x0) (Member $x1 wreck) (Theme $e0 $x1))
p202866	-0.00760	-0.21562	-0.01917	-0.03052	0.21494	0.09328	-0.05023	0.03113	0.30068	0.08310	0.12479	0.10867	-0.10942	-0.07137	0.06999	-0.08913	(And (Location $e0 eskisehir) (Member $x0 hotel) (Patient $e0 $x0))
p202869	-0.00707	-0.21452	-0.02017	-0.03076	0.21342	0.09202	-0.05005	0.03509	0.29935	0.08315	0.12356	0.10884	-0.10976	-0.07059	0.06989	-0.08939	(And (Location $e0 turkey) (Member $x0 hotel) (Patient $e0 $x0))
p202870	-0.03456	-0.00599	0.02038	-0.00623	-0.01291	-0.00085	0.00417	-0.00852	-0.00017	-0.01866	0.00734	0.03521	-0.01130	-0.01526	-0.00186	-0.03577	(And (Member $e0 block) (Member $x0 lane) (Theme $e0 $x0))
p202873	-0.00672	-0.21369	-0.02096	-0.03096	0.21248	0.09120	-0.04987	0.03742	0.29835	0.08338	0.12269	0.10900	-0.10999	-0.07012	0.06991	-0.08953	(And (Member $e0 build) (Member $x0 hotel) (Patient $e0 $x0))
p202876	-0.02993	-0.00391	-0.00704	-0.01004	-0.01028	0.00219	0.01215	-0.00746	-0.01172	-0.00329	0.01243	0.02804	-0.00884	-0.02328	-0.00598	-0.03114	(And (Member $e0 decision) (Member $e1 make) (Patient $e1 $e0))
p202877	-0.03221	-0.00326	-0.01549	-0.01124	-0.00918	0.00626	0.01478	-0.01279	-0.02117	0.00856	0.00169	0.03448	-0.00548	-0.02676	-0.00505	-0.03038	(And (Member $e0 decision) (Member $e1 reach) (Theme $e1 $e0))
p202880	-0.07595	-0.12007	0.06822	-0.04231	0.04428	-0.00953	-0.01321	-0.18234	0.01648	-0.11479	0.37858	-0.07869	0.24152	-0.02750	0.01020	0.06235	(And (Member $e0 win) (Member $x0 emmy) (Theme $e0 $x0))
p202882	-0.02595	0.00213	0.01480	-0.00599	-0.02350	-0.00470	0.01961	0.01010	0.00040	-0.01773	0.01337	0.01458	-0.01099	-0.01589	-0.00504	-0.02498	(And (Member $x0 departure) (Member $x1 ferry) (Possession $x0 $x1))
p202883	-0.07543	-0.12090	0.06869	-0.04240	0.04454	-0.00914	-0.01193	-0.18214	0.01873	-0.11594	0.37824	-0.07871	0.24148	-0.02762	0.01050	0.06212	(And (Member $x0 emmy) (Past $e0) (Theme $e0 $x0))
p202884	-0.00301	0.03289	-0.02660	-0.01287	-0.04536	0.01155	-0.02929	0.03711	-0.05592	0.02184	0.04492	0.01946	-0.01695	-0.02629	0.02780	-0.02865	(And (Member $x0 family) (Member $x1 person) (Possession $x0 $x1))
p202885	-0.03123	-0.00191	0.02615	-0.00840	-0.03066	-0.01224	0.01923	0.02263	-0.00493	-0.02536	0.01090	0.02434	-0.00629	-0.01272	0.00281	-0.03509	(And (Member $x0 firm) (Possession $x1 $x0) (Theme $e0 $x1))
p202886	-0.01775	-0.05438	-0.00332	0.10541	0.03697	-0.06049	0.05921	0.01738	0.05723	-0.07810	0.07901	-0.07475	0.05995	0.10831	-0.06621	0.04774	(And (Member $x0 gearbox) (Past $e0) (Patient $e0 $x0))
p202887	-0.00063	-0.00187	0.00683	0.02563	0.00951	-0.00313	-0.00028	0.00812	0.00484	-0.00924	-0.01865	-0.01257	-0.00844	-0.00363	-0.01623	0.01347	(And (Member $x0 hearing) (Patient $e0 $x0) (Time $e0 (Weekday monday)))
p202888	-0.00062	-0.00187	0.00678	0.02561	0.00951	-0.00316	-0.00024	0.00819	0.00481	-0.00923	-0.01867	-0.01256	-0.00844	-0.00360	-0.01623	0.01348	(And (Member $x0 hearing) (Patient $e0 $x0) (Time $e0 morning))
p202889	-0.00760	-0.21564	-0.01916	-0.03052	0.21500	0.09328	-0.05023	0.03110	0.30068	0.08311	0.12480	0.10867	-0.10942	-0.07138	0.06999	-0.08912	(And (Member $x0 hotel) (Past $e0) (Patient $e0 $x0))
p202890	-0.01718	-0.05388	-0.00318	0.10553	0.03684	-0.06088	0.05845	0.01753	0.05744	-0.07786	0.07853	-0.07459	0.05963	0.10876	-0.06620	0.04702	(And (Member $x0 seized) (Past $e0) (Patient $e0 $x0))
p202891	0.01720	0.04148	-0.19792	-0.10528	-0.09479	-0.21352	0.02156	0.46272	-0.18521	0.11188	0.05829	-0.02603	-0.03164	0.20249	0.02682	-0.02901	(And (Member $x0 view) (Past $e0) (Theme $e0 $x0))
p202892	-0.04914	0.04214	-0.02633	-0.06628	-0.06714	0.01425	-0.02990	0.02814	-0.04521	-0.00907	0.01480	0.00055	0.02199	-0.00420	0.11429	-0.03332	(And (Past $e0) (Possession $x0 $x1) (Theme $e0 $x0))
p202893	0.01488	0.04164	-0.19703	-0.10477	-0.09506	-0.21301	0.02161	0.46143	-0.18392	0.11086	0.05900	-0.02658	-0.03104	0.20165	0.02643	-0.02894	(And (Past $e0) (Possession $x0 free_soil_party) (Theme $e0 $x0))
p202894	0.01468	0.04163	-0.19691	-0.10471	-0.09512	-0.21294	0.02163	0.46132	-0.18373	0.11070	0.05908	-0.02665	-0.03095	0.20158	0.02639	-0.02894	(And (Past $e0) (Possession $x0 republican_party) (Theme $e0 $x0))
p203143	0.01732	-0.01007	-0.00623	-0.00463	0.00573	0.00060	-0.00147	0.00138	0.00243	0.00435	0.00083	0.00009	-0.00709	-0.00398	-0.01004	-0.01646	(And (GroupOf $x0 soil_sample) (Inheritance soil_sample sample))
p203144	0.01153	0.00245	-0.01148	-0.00616	0.00918	-0.00609	-0.00057	0.00365	-0.00582	0.00135	0.00410	-0.01039	-0.00522	-0.00218	-0.00729	0.01182	(And (Inheritance monthly_servicing monthly) (Theme $e0 monthly_servicing))
p203145	0.01153	0.00248	-0.01150	-0.00617	0.00914	-0.00612	-0.00057	0.00375	-0.00583	0.00135	0.00404	-0.01038	-0.00523	-0.00216	-0.00729	0.01182	(And (Inheritance monthly_servicing servicing) (Theme $e0 monthly_servicing))
p203146	0.01640	-0.00806	-0.00129	-0.00439	0.00695	0.00119	-0.00739	0.00363	0.00897	-0.00374	-0.00091	-0.00979	-0.00410	-0.00127	-0.00785	0.00796	(And (Inheritance night_crew crew) (Member $x0 night_crew))
p203147	0.01643	-0.00792	-0.00138	-0.00440	0.00677	0.00110	-0.00749	0.00404	0.00874	-0.00373	-0.00116	-0.00978	-0.00413	-0.00112	-0.00791	0.00816	(And (Inheritance spoil_mound mound) (Member $x0 spoil_mound))
p203209	0.01640	-0.00806	-0.00129	-0.00439	0.00695	0.00119	-0.00739	0.00364	0.00897	-0.00374	-0.00092	-0.00979	-0.00410	-0.00126	-0.00785	0.00796	(And (Inheritance regional_unit regional) (Inheritance regional_unit unit))
p203230	0.01640	-0.00806	-0.00130	-0.00439	0.00695	0.00119	-0.00738	0.00365	0.00896	-0.00374	-0.00093	-0.00978	-0.00410	-0.00126	-0.00785	0.00796	(Inheritance night_crew crew)
p203231	0.01763	-0.00963	-0.00669	-0.00476	0.00497	-0.00021	-0.00077	0.00227	0.00450	0.00366	-0.00146	0.00203	-0.00635	-0.00403	-0.00959	-0.01669	(Inheritance night_delivery delivery)
p203232	0.01641	-0.00804	-0.00131	-0.00440	0.00695	0.00117	-0.00738	0.00367	0.00895	-0.00373	-0.00097	-0.00978	-0.00411	-0.00124	-0.00784	0.00796	(Inheritance regional_unit regional)
p203233	0.01640	-0.00806	-0.00129	-0.00439	0.00695	0.00119	-0.00739	0.00364	0.00897	-0.00374	-0.00092	-0.00979	-0.00410	-0.00126	-0.00785	0.00796	(Inheritance regional_unit unit)
p203234	0.01745	-0.00998	-0.00634	-0.00466	0.00556	0.00047	-0.00141	0.00176	0.00226	0.00437	0.00078	0.00006	-0.00711	-0.00387	-0.01006	-0.01644	(Inheritance soil_sample sample)
p203235	0.01643	-0.00796	-0.00134	-0.00439	0.00679	0.00115	-0.00750	0.00393	0.00876	-0.00376	-0.00104	-0.00980	-0.00410	-0.00118	-0.00793	0.00816	(Inheritance spoil_mound mound)
p203236	0.01835	-0.00850	-0.00322	-0.00871	0.00334	0.00763	-0.01320	-0.00218	0.00292	0.00269	-0.00237	-0.00772	-0.00303	-0.00473	0.00654	0.00486	(Symmetric Married)
p203258	-0.04136	0.20480	0.03083	0.03364	-0.11911	-0.07605	-0.07729	-0.06558	0.41929	-0.10426	-0.09220	0.00541	0.02226	0.08973	0.00380	-0.02200	(And (Agent $e0 $x0) (Location $e0 $x1) (Member $e0 discover) (Theme $e0 $x2))
p203259	-0.00694	-0.21424	-0.02045	-0.03083	0.21306	0.09172	-0.04999	0.03597	0.29901	0.08322	0.12325	0.10890	-0.10983	-0.07041	0.06988	-0.08945	(And (Agent $e0 $x0) (Location $e0 eskisehir) (Location $e0 turkey) (Member $e0 build))
p203260	-0.00675	-0.21379	-0.02088	-0.03094	0.21260	0.09129	-0.04989	0.03716	0.29846	0.08335	0.12279	0.10899	-0.10997	-0.07017	0.06990	-0.08952	(And (Agent $e0 $x0) (Location $e0 eskisehir) (Location $e0 turkey) (Past $e0))
p203261	-0.00675	-0.21385	-0.02084	-0.03093	0.21263	0.09132	-0.04990	0.03710	0.29850	0.08334	0.12282	0.10898	-0.10996	-0.07018	0.06990	-0.08951	(And (Agent $e0 $x0) (Location $e0 eskisehir) (Location $e0 turkey) (Patient $e0 $x1))
p203262	-0.00680	-0.21390	-0.02076	-0.03091	0.21272	0.09139	-0.04992	0.03686	0.29861	0.08331	0.12291	0.10896	-0.10993	-0.07023	0.06990	-0.08950	(And (Agent $e0 $x0) (Location $e0 eskisehir) (Member $e0 build) (Past $e0))
p203263	-0.00689	-0.21414	-0.02054	-0.03086	0.21297	0.09162	-0.04997	0.03625	0.29890	0.08324	0.12314	0.10892	-0.10986	-0.07035	0.06989	-0.08947	(And (Agent $e0 $x0) (Location $e0 eskisehir) (Member $e0 build) (Patient $e0 $x1))
p203264	-0.00686	-0.21406	-0.02062	-0.03087	0.21286	0.09154	-0.04995	0.03647	0.29878	0.08327	0.12306	0.10893	-0.10988	-0.07031	0.06989	-0.08948	(And (Agent $e0 $x0) (Location $e0 eskisehir) (Past $e0) (Patient $e0 $x1))
p203265	-0.00695	-0.21428	-0.02042	-0.03082	0.21313	0.09175	-0.05000	0.03586	0.29903	0.08321	0.12329	0.10889	-0.10983	-0.07043	0.06988	-0.08944	(And (Agent $e0 $x0) (Location $e0 kazakhstan) (Member $e0 build) (Past $e0))
p203266	-0.00671	-0.21367	-0.02098	-0.03097	0.21246	0.09118	-0.04986	0.03746	0.29833	0.08339	0.12267	0.10901	-0.11000	-0.07011	0.06991	-0.08953	(And (Agent $e0 $x0) (Location $e0 kazakhstan) (Member $e0 build) (Patient $e0 $x1))
p203267	-0.00688	-0.21410	-0.02059	-0.03087	0.21291	0.09157	-0.04995	0.03638	0.29881	0.08326	0.12310	0.10893	-0.10987	-0.07033	0.06989	-0.08947	(And (Agent $e0 $x0) (Location $e0 kazakhstan) (Past $e0) (Patient $e0 $x1))
p203268	-0.01010	-0.32067	-0.03180	-0.04702	0.31891	0.13675	-0.07472	0.05639	0.44732	0.12531	0.18405	0.16365	-0.16488	-0.10516	0.10507	-0.13432	(And (Agent $e0 $x0) (Location $e0 turkey) (Member $e0 build) (Past $e0))
p203269	-0.01053	-0.32168	-0.03085	-0.04679	0.31999	0.13770	-0.07492	0.05370	0.44860	0.12503	0.18505	0.16347	-0.16460	-0.10571	0.10507	-0.13417	(And (Agent $e0 $x0) (Location $e0 turkey) (Member $e0 build) (Patient $e0 $x1))
p203270	-0.01053	-0.32172	-0.03082	-0.04678	0.32007	0.13775	-0.07493	0.05351	0.44863	0.12503	0.18511	0.16347	-0.16459	-0.10574	0.10507	-0.13417	(And (Agent $e0 $x0) (Location $e0 turkey) (Past $e0) (Patient $e0 $x1))
p203271	-0.01880	-0.01202	0.00274	-0.01821	0.03230	0.08336	-0.00459	0.03193	-0.03352	-0.03106	-0.05373	0.00221	0.03466	0.03880	-0.01353	-0.02165	(And (Agent $e0 $x0) (Member $e0 acquire) (Past $e0) (Theme $e0 $x1))
p203272	-0.01875	-0.01204	0.00266	-0.01823	0.03231	0.08331	-0.00458	0.03204	-0.03357	-0.03107	-0.05377	0.00227	0.03470	0.03884	-0.01353	-0.02162	(And (Agent $e0 $x0) (Member $e0 purchase) (Past $e0) (Theme $e0 $x1))
p203273	0.03263	-0.00991	-0.08992	-0.02939	0.02515	-0.05002	-0.03793	0.07288	-0.06767	-0.00164	-0.07636	0.14717	0.03310	0.03064	0.00381	0.18907	(And (Agent $e0 $x0) (Member $e0 teach) (Recipient $e0 $x1) (Theme $e0 glazing))
p203274	-0.05817	0.08491	0.07330	-0.00218	-0.21094	0.14222	0.27649	0.09425	0.06434	0.08621	0.05904	-0.15013	-0.08140	-0.07949	-0.04654	0.25634	(And (Can $e0) (Manner $e0 $x0) (Member $e0 define) (Theme $e0 $x1))
p203275	-0.07492	-0.12173	0.06901	-0.04248	0.04485	-0.00888	-0.01070	-0.18184	0.02059	-0.11703	0.37797	-0.07868	0.24157	-0.02768	0.01077	0.06196	(And (For $e0 $e1) (Member $e0 win) (Past $e0) (Theme $e0 $x0))
p203276	-0.00722	-0.21481	-0.01989	-0.03069	0.21381	0.09234	-0.05012	0.03411	0.29971	0.08312	0.12389	0.10879	-0.10967	-0.07080	0.06990	-0.08933	(And (Location $e0 eskisehir) (Location $e0 turkey) (Member $e0 build) (Past $e0))
p203277	-0.00671	-0.21370	-0.02098	-0.03097	0.21248	0.09119	-0.04986	0.03745	0.29832	0.08340	0.12268	0.10901	-0.11000	-0.07011	0.06991	-0.08953	(And (Location $e0 eskisehir) (Location $e0 turkey) (Member $e0 build) (Patient $e0 $x0))
p203278	-0.00695	-0.21422	-0.02046	-0.03084	0.21304	0.09171	-0.04998	0.03601	0.29898	0.08322	0.12324	0.10890	-0.10984	-0.07041	0.06989	-0.08945	(And (Location $e0 eskisehir) (Location $e0 turkey) (Past $e0) (Patient $e0 $x0))
p203279	-0.00724	-0.21483	-0.01987	-0.03069	0.21383	0.09237	-0.05012	0.03403	0.29974	0.08312	0.12392	0.10879	-0.10967	-0.07082	0.06990	-0.08932	(And (Location $e0 eskisehir) (Member $e0 build) (Past $e0) (Patient $e0 $x0))
p203280	-0.00781	-0.21617	-0.01875	-0.03042	0.21571	0.09388	-0.05023	0.02909	0.30125	0.08318	0.12536	0.10861	-0.10923	-0.07174	0.07009	-0.08898	(And (Location $e0 kazakhstan) (Member $e0 build) (Past $e0) (Patient $e0 $x0))
p203281	-0.01018	-0.32076	-0.03166	-0.04698	0.31901	0.13687	-0.07475	0.05602	0.44752	0.12526	0.18418	0.16362	-0.16485	-0.10525	0.10507	-0.13430	(And (Location $e0 turkey) (Member $e0 build) (Past $e0) (Patient $e0 $x0))
p203282	-0.02719	0.02023	0.02156	-0.01110	0.01914	0.03464	-0.03276	-0.06019	-0.01819	-0.00392	0.00453	-0.02137	-0.00155	0.01199	0.03187	0.03426	(And (Member $e0 sell) (Past $e0) (Recipient $e0 $x0) (Theme $e0 $x1))
p203283	0.01477	0.04163	-0.19696	-0.10473	-0.09510	-0.21297	0.02162	0.46136	-0.18377	0.11075	0.05905	-0.02663	-0.03098	0.20161	0.02640	-0.02894	(And (Member $x0 view) (Possession $x0 free_soil_party) (Possession $x0 republican_party) (Theme $e0 $x0))
p203379	-0.03884	-0.00534	0.01677	-0.00582	-0.02461	0.00038	0.02517	0.00069	-0.00094	-0.01990	0.01050	0.02948	-0.01172	-0.01752	-0.00528	-0.03359	(And (Agent $e0 $x0) (Agent $e0 jica) (Theme $e0 $x1))
p203382	-0.04127	0.20429	0.03137	0.03392	-0.11811	-0.07562	-0.07752	-0.06753	0.41971	-0.10429	-0.09152	0.00518	0.02234	0.08965	0.00373	-0.02201	(And (Agent $e0 $x0) (Location $e0 $x1) (Member $e0 discover))
p203383	-0.08183	-0.00244	-0.15568	0.11873	-0.02174	0.04539	0.15627	-0.12699	-0.18695	0.29426	-0.20127	0.09385	0.25943	-0.05554	-0.00306	0.00489	(And (Agent $e0 $x0) (Location $e0 $x1) (Patient $e0 $x2))
p203384	-0.06745	-0.01844	-0.08907	0.05463	-0.04329	0.05151	0.07459	-0.09911	-0.01347	0.16325	-0.13506	0.14048	0.13565	-0.07924	-0.02838	-0.02373	(And (Agent $e0 $x0) (Location $e0 $x1) (Theme $e1 $e0))
p203385	-0.00690	-0.21413	-0.02056	-0.03086	0.21294	0.09160	-0.04996	0.03630	0.29885	0.08324	0.12313	0.10892	-0.10986	-0.07035	0.06989	-0.08946	(And (Agent $e0 $x0) (Location $e0 eskisehir) (Location $e0 turkey))
p203386	-0.00694	-0.21421	-0.02046	-0.03083	0.21309	0.09170	-0.04999	0.03597	0.29899	0.08322	0.12324	0.10890	-0.10983	-0.07041	0.06989	-0.08945	(And (Agent $e0 $x0) (Location $e0 eskisehir) (Member $e0 build))
p203387	-0.00675	-0.21375	-0.02092	-0.03095	0.21252	0.09125	-0.04987	0.03731	0.29840	0.08337	0.12274	0.10899	-0.10998	-0.07015	0.06990	-0.08952	(And (Agent $e0 $x0) (Location $e0 eskisehir) (Past $e0))
p203388	-0.00732	-0.21501	-0.01970	-0.03065	0.21408	0.09258	-0.05015	0.03339	0.29996	0.08310	0.12412	0.10876	-0.10961	-0.07094	0.06991	-0.08928	(And (Agent $e0 $x0) (Location $e0 eskisehir) (Patient $e0 $x1))
p203389	-0.00697	-0.21427	-0.02041	-0.03082	0.21311	0.09176	-0.05000	0.03584	0.29905	0.08321	0.12329	0.10889	-0.10982	-0.07044	0.06988	-0.08944	(And (Agent $e0 $x0) (Location $e0 kazakhstan) (Member $e0 build))
p203390	-0.00673	-0.21375	-0.02091	-0.03095	0.21256	0.09124	-0.04988	0.03728	0.29842	0.08336	0.12274	0.10900	-0.10997	-0.07015	0.06990	-0.08952	(And (Agent $e0 $x0) (Location $e0 kazakhstan) (Past $e0))
p203391	-0.00711	-0.21460	-0.02011	-0.03075	0.21350	0.09210	-0.05006	0.03487	0.29942	0.08315	0.12364	0.10883	-0.10974	-0.07064	0.06989	-0.08938	(And (Agent $e0 $x0) (Location $e0 kazakhstan) (Patient $e0 $x1))
p203392	-0.01184	-0.32530	-0.02795	-0.04614	0.32474	0.14144	-0.07507	0.04159	0.45258	0.12502	0.18875	0.16300	-0.16341	-0.10798	0.10555	-0.13333	(And (Agent $e0 $x0) (Location $e0 turkey) (Member $e0 build))
p203393	-0.01063	-0.32192	-0.03064	-0.04674	0.32029	0.13794	-0.07496	0.05296	0.44887	0.12498	0.18532	0.16343	-0.16451	-0.10585	0.10507	-0.13413	(And (Agent $e0 $x0) (Location $e0 turkey) (Past $e0))
p203394	-0.01036	-0.32132	-0.03120	-0.04687	0.31963	0.13734	-0.07485	0.05470	0.44813	0.12512	0.18469	0.16354	-0.16469	-0.10550	0.10506	-0.13423	(And (Agent $e0 $x0) (Location $e0 turkey) (Patient $e0 $x1))
p203395	-0.01886	-0.01199	0.00281	-0.01818	0.03227	0.08339	-0.00460	0.03184	-0.03346	-0.03106	-0.05370	0.00215	0.03463	0.03876	-0.01353	-0.02168	(And (Agent $e0 $x0) (Member $e0 acquire) (Past $e0))
p203396	-0.01887	-0.01198	0.00282	-0.01818	0.03227	0.08340	-0.00461	0.03183	-0.03345	-0.03106	-0.05369	0.00214	0.03462	0.03876	-0.01353	-0.02168	(And (Agent $e0 $x0) (Member $e0 acquire) (Theme $e0 $x1))
p203397	-0.03458	-0.00601	0.02038	-0.00624	-0.01290	-0.00085	0.00420	-0.00853	-0.00015	-0.01865	0.00737	0.03519	-0.01130	-0.01527	-0.00185	-0.03576	(And (Agent $e0 $x0) (Member $e0 block) (Theme $e0 $x1))
p203398	-0.02993	-0.00391	-0.00704	-0.01004	-0.01028	0.00219	0.01215	-0.00745	-0.01172	-0.00329	0.01243	0.02804	-0.00884	-0.02328	-0.00598	-0.03114	(And (Agent $e0 $x0) (Member $e0 make) (Patient $e0 $e1))
p203399	-0.03891	-0.00538	0.01743	-0.00540	-0.02423	0.00088	0.02471	0.00015	-0.00138	-0.01984	0.01006	0.02945	-0.01200	-0.01808	-0.00566	-0.03375	(And (Agent $e0 $x0) (Member $e0 order) (Theme $e0 $x1))
p203400	-0.01876	-0.01204	0.00267	-0.01822	0.03230	0.08332	-0.00458	0.03202	-0.03357	-0.03107	-0.05377	0.00226	0.03469	0.03884	-0.01353	-0.02162	(And (Agent $e0 $x0) (Member $e0 purchase) (Past $e0))
p203401	-0.01880	-0.01202	0.00273	-0.01821	0.03229	0.08335	-0.00459	0.03195	-0.03353	-0.03106	-0.05374	0.00221	0.03467	0.03881	-0.01353	-0.02165	(And (Agent $e0 $x0) (Member $e0 purchase) (Theme $e0 $x1))
p203402	-0.03226	-0.00343	-0.01543	-0.01124	-0.00902	0.00634	0.01479	-0.01310	-0.02107	0.00853	0.00190	0.03443	-0.00541	-0.02680	-0.00506	-0.03037	(And (Agent $e0 $x0) (Member $e0 reach) (Theme $e0 $e1))
p203403	-0.01739	-0.00668	-0.00762	0.03665	0.01690	-0.00786	0.03214	0.00448	-0.01548	0.00239	-0.01735	0.00056	-0.00951	-0.00703	-0.02494	-0.02039	(And (Agent $e0 $x0) (Member $e0 sign) (Patient $e0 $x1))
p203404	0.03271	-0.00982	-0.08971	-0.02927	0.02501	-0.04987	-0.03789	0.07260	-0.06742	-0.00173	-0.07628	0.14712	0.03299	0.03043	0.00376	0.18901	(And (Agent $e0 $x0) (Member $e0 teach) (Theme $e0 glazing))
p203407	0.03262	-0.00993	-0.08995	-0.02941	0.02517	-0.05004	-0.03794	0.07293	-0.06771	-0.00162	-0.07637	0.14718	0.03312	0.03068	0.00382	0.18907	(And (Agent $e0 $x0) (Recipient $e0 $x1) (Theme $e0 glazing))
p203408	-0.05811	0.08483	0.07329	-0.00220	-0.21078	0.14216	0.27650	0.09422	0.06430	0.08622	0.05916	-0.15027	-0.08128	-0.07935	-0.04656	0.25631	(And (Can $e0) (Manner $e0 $x0) (Member $e0 define))
p203409	-0.05794	0.08453	0.07330	-0.00225	-0.21024	0.14205	0.27649	0.09399	0.06419	0.08628	0.05956	-0.15071	-0.08095	-0.07896	-0.04662	0.25623	(And (Can $e0) (Manner $e0 $x0) (Theme $e0 $x1))
p203410	-0.05816	0.08490	0.07330	-0.00219	-0.21092	0.14221	0.27649	0.09424	0.06434	0.08621	0.05905	-0.15014	-0.08138	-0.07948	-0.04655	0.25633	(And (Can $e0) (Member $e0 define) (Theme $e0 $x0))
p203411	-0.03866	0.08949	-0.04554	-0.02660	0.07535	-0.04971	0.03568	-0.05544	-0.06401	0.02023	0.05248	-0.01701	-0.01130	-0.01814	0.04862	0.00538	(And (Cardinality $x0 <num>) (GroupOf $x0 child) (Theme $e0 $x0))
p203412	0.01390	0.00290	-0.02055	-0.01158	-0.00434	-0.00528	-0.01138	0.00400	-0.00220	0.02586	-0.01501	-0.00775	0.02009	-0.00181	-0.00362	0.01050	(And (Experiencer $e0 $x0) (Location $e0 $x1) (Member $e0 locate))
p203413	-0.07523	-0.12121	0.06882	-0.04243	0.04466	-0.00903	-0.01146	-0.18204	0.01944	-0.11634	0.37813	-0.07871	0.24150	-0.02764	0.01060	0.06205	(And (For $e0 $e1) (Member $e0 win) (Past $e0))
p203414	-0.07495	-0.12168	0.06899	-0.04247	0.04483	-0.00889	-0.01077	-0.18187	0.02049	-0.11696	0.37798	-0.07868	0.24157	-0.02767	0.01075	0.06196	(And (For $e0 $e1) (Member $e0 win) (Theme $e0 $x0))
p203415	-0.07491	-0.12176	0.06902	-0.04248	0.04486	-0.00887	-0.01066	-0.18184	0.02066	-0.11706	0.37796	-0.07867	0.24158	-0.02768	0.01078	0.06195	(And (For $e0 $e1) (Past $e0) (Theme $e0 $x0))
p203416	-0.00223	-0.00109	0.01286	0.03620	0.00992	-0.00482	0.00102	0.01354	0.00524	-0.01476	-0.02235	-0.01504	-0.00980	-0.00326	-0.02244	0.01483	(And (Future $e0) (Patient $e0 $x0) (Time $e0 (Month september)))
p203417	-0.03164	0.00547	-0.00200	-0.00998	0.02424	-0.00731	0.00980	-0.02948	-0.00422	-0.00647	0.03609	-0.01118	-0.00648	-0.01470	0.00667	-0.00797	(And (Holder $e0 $x0) (Member $e0 have) (Theme $e0 $x1))
p203418	-0.03854	0.08951	-0.04579	-0.02670	0.07543	-0.04969	0.03585	-0.05554	-0.06416	0.02044	0.05250	-0.01691	-0.01140	-0.01818	0.04869	0.00541	(And (Holder $e0 kristoffer) (Member $e0 have) (Theme $e0 $x0))
p203419	-0.04150	0.20550	0.03027	0.03334	-0.12034	-0.07649	-0.07711	-0.06339	0.41882	-0.10422	-0.09304	0.00568	0.02215	0.08971	0.00387	-0.02200	(And (Location $e0 $x0) (Member $e0 discover) (Theme $e0 $x1))
p203420	-0.00672	-0.21368	-0.02098	-0.03097	0.21247	0.09119	-0.04986	0.03745	0.29832	0.08339	0.12268	0.10901	-0.10999	-0.07012	0.06991	-0.08953	(And (Location $e0 eskisehir) (Location $e0 turkey) (Member $e0 build))
p203421	-0.00698	-0.21429	-0.02038	-0.03081	0.21316	0.09179	-0.05001	0.03574	0.29910	0.08320	0.12332	0.10888	-0.10981	-0.07046	0.06989	-0.08943	(And (Location $e0 eskisehir) (Location $e0 turkey) (Past $e0))
p203422	-0.00712	-0.21454	-0.02013	-0.03075	0.21350	0.09207	-0.05007	0.03490	0.29941	0.08316	0.12361	0.10883	-0.10975	-0.07063	0.06989	-0.08938	(And (Location $e0 eskisehir) (Location $e0 turkey) (Patient $e0 $x0))
p203423	-0.00688	-0.21410	-0.02058	-0.03087	0.21293	0.09157	-0.04996	0.03636	0.29884	0.08325	0.12310	0.10893	-0.10987	-0.07033	0.06989	-0.08947	(And (Location $e0 eskisehir) (Member $e0 build) (Past $e0))
p203424	-0.00674	-0.21378	-0.02089	-0.03094	0.21259	0.09127	-0.04989	0.03721	0.29845	0.08335	0.12277	0.10899	-0.10996	-0.07016	0.06990	-0.08952	(And (Location $e0 eskisehir) (Member $e0 build) (Patient $e0 $x0))
p203425	-0.00688	-0.21410	-0.02057	-0.03086	0.21293	0.09158	-0.04996	0.03634	0.29884	0.08325	0.12311	0.10893	-0.10987	-0.07034	0.06989	-0.08947	(And (Location $e0 eskisehir) (Past $e0) (Patient $e0 $x0))
p203426	-0.00699	-0.21431	-0.02037	-0.03081	0.21318	0.09181	-0.05001	0.03570	0.29912	0.08319	0.12334	0.10888	-0.10981	-0.07047	0.06989	-0.08943	(And (Location $e0 kazakhstan) (Member $e0 build) (Past $e0))
p203427	-0.00673	-0.21374	-0.02092	-0.03095	0.21255	0.09124	-0.04988	0.03731	0.29840	0.08337	0.12273	0.10900	-0.10998	-0.07014	0.06990	-0.08953	(And (Location $e0 kazakhstan) (Member $e0 build) (Patient $e0 $x0))
p203428	-0.00672	-0.21373	-0.02093	-0.03095	0.21254	0.09123	-0.04988	0.03733	0.29838	0.08338	0.12272	0.10900	-0.10999	-0.07013	0.06990	-0.08953	(And (Location $e0 kazakhstan) (Past $e0) (Patient $e0 $x0))
p203429	-0.01034	-0.32127	-0.03124	-0.04689	0.31952	0.13730	-0.07483	0.05486	0.44808	0.12513	0.18463	0.16355	-0.16471	-0.10547	0.10507	-0.13424	(And (Location $e0 turkey) (Member $e0 build) (Past $e0))
p203430	-0.01010	-0.32059	-0.03186	-0.04703	0.31881	0.13670	-0.07471	0.05655	0.44723	0.12534	0.18399	0.16366	-0.16491	-0.10514	0.10507	-0.13433	(And (Location $e0 turkey) (Member $e0 build) (Patient $e0 $x0))
p203431	-0.01008	-0.32053	-0.03191	-0.04705	0.31878	0.13663	-0.07470	0.05669	0.44719	0.12536	0.18393	0.16368	-0.16492	-0.10511	0.10508	-0.13434	(And (Location $e0 turkey) (Past $e0) (Patient $e0 $x0))
p203432	-0.05804	0.08472	0.07329	-0.00222	-0.21058	0.14210	0.27650	0.09415	0.06426	0.08623	0.05932	-0.15045	-0.08113	-0.07919	-0.04658	0.25628	(And (Manner $e0 $x0) (Member $e0 define) (Theme $e0 $x1))
p203433	-0.01883	-0.01201	0.00277	-0.01819	0.03229	0.08337	-0.00460	0.03189	-0.03349	-0.03106	-0.05371	0.00218	0.03465	0.03878	-0.01353	-0.02166	(And (Member $e0 acquire) (Past $e0) (Theme $e0 $x0))
p203434	-0.00274	0.01852	0.00823	0.02413	-0.02419	-0.00684	-0.02117	0.00762	-0.00125	0.00612	-0.04434	-0.00441	-0.01155	-0.01013	0.04809	0.01025	(And (Member $e0 become) (Past $e0) (Result $e0 $e1))
p203435	-0.04277	0.05753	0.04461	0.12358	-0.06869	-0.02549	-0.02930	0.00993	-0.04685	-0.01411	-0.10419	-0.01571	-0.03113	-0.01669	0.10115	0.04520	(And (Member $e0 design) (Past $e0) (Patient $e0 $x0))
p203436	-0.04607	0.04946	0.05623	0.12516	-0.06325	-0.00285	-0.03530	-0.00304	-0.01535	-0.02142	-0.10959	-0.01667	-0.03078	-0.02398	0.10263	0.03066	(And (Member $e0 produce) (Past $e0) (Patient $e0 $x0))
p203437	-0.01877	-0.01204	0.00268	-0.01822	0.03230	0.08333	-0.00458	0.03200	-0.03356	-0.03107	-0.05376	0.00225	0.03469	0.03883	-0.01353	-0.02163	(And (Member $e0 purchase) (Past $e0) (Theme $e0 $x0))
p203438	-0.02720	0.02023	0.02158	-0.01109	0.01915	0.03465	-0.03277	-0.06024	-0.01817	-0.00393	0.00455	-0.02138	-0.00154	0.01198	0.03187	0.03425	(And (Member $e0 sell) (Past $e0) (Recipient $e0 $x0))
p203439	-0.02717	0.02024	0.02153	-0.01111	0.01912	0.03463	-0.03274	-0.06014	-0.01822	-0.00390	0.00449	-0.02136	-0.00156	0.01200	0.03188	0.03427	(And (Member $e0 sell) (Past $e0) (Theme $e0 $x0))
p203440	-0.02707	0.02032	0.02130	-0.01117	0.01900	0.03454	-0.03259	-0.05966	-0.01849	-0.00377	0.00422	-0.02129	-0.00162	0.01206	0.03191	0.03438	(And (Member $e0 sell) (Recipient $e0 $x0) (Theme $e0 $x1))
p203441	0.03278	-0.00974	-0.08948	-0.02914	0.02486	-0.04969	-0.03782	0.07231	-0.06709	-0.00186	-0.07619	0.14706	0.03287	0.03020	0.00371	0.18895	(And (Member $e0 teach) (Recipient $e0 $x0) (Theme $e0 glazing))
p203442	-0.07508	-0.12147	0.06892	-0.04245	0.04476	-0.00894	-0.01108	-0.18196	0.02004	-0.11669	0.37805	-0.07870	0.24154	-0.02766	0.01069	0.06200	(And (Member $e0 win) (Past $e0) (Theme $e0 $x0))
p203443	-0.03493	0.04403	0.00747	-0.00251	-0.05119	-0.02832	0.01760	0.04413	0.03371	-0.02552	-0.02862	0.02632	-0.02080	0.00940	-0.00260	-0.03426	(And (Member $x0 file) (Member $x0 missing) (Theme $e0 $x0))
p203444	-0.01768	-0.05434	-0.00330	0.10542	0.03697	-0.06052	0.05913	0.01739	0.05726	-0.07807	0.07896	-0.07473	0.05992	0.10836	-0.06621	0.04766	(And (Member $x0 gearbox) (Member $x0 seized) (Patient $e0 $x0))
p203445	-0.04119	-0.00007	0.00595	-0.00768	-0.02080	0.00178	0.02077	-0.00659	-0.00722	-0.01170	0.00974	0.03080	-0.00891	-0.02464	-0.00483	-0.03253	(And (Member $x0 new) (Member $x0 roof) (Theme $e0 $x0))
p203447	-0.03128	-0.00190	0.02619	-0.00840	-0.03068	-0.01225	0.01928	0.02256	-0.00476	-0.02543	0.01099	0.02430	-0.00623	-0.01280	0.00283	-0.03508	(And (Member $x0 tender) (Possession $x0 $x1) (Theme $e0 $x0))
p203448	0.01564	0.04161	-0.19735	-0.10493	-0.09492	-0.21318	0.02159	0.46182	-0.18447	0.11122	0.05880	-0.02641	-0.03121	0.20191	0.02655	-0.02894	(And (Member $x0 view) (Possession $x0 free_soil_party) (Possession $x0 republican_party))
p203449	0.01475	0.04163	-0.19695	-0.10472	-0.09510	-0.21296	0.02162	0.46135	-0.18380	0.11074	0.05905	-0.02662	-0.03098	0.20160	0.02640	-0.02894	(And (Member $x0 view) (Possession $x0 free_soil_party) (Theme $e0 $x0))
p203450	0.01820	0.04135	-0.19824	-0.10550	-0.09474	-0.21373	0.02155	0.46338	-0.18548	0.11228	0.05791	-0.02576	-0.03196	0.20290	0.02700	-0.02907	(And (Member $x0 view) (Possession $x0 republican_party) (Theme $e0 $x0))
p203451	-0.02717	0.02025	0.02152	-0.01111	0.01911	0.03462	-0.03273	-0.06011	-0.01823	-0.00390	0.00448	-0.02136	-0.00156	0.01200	0.03188	0.03427	(And (Past $e0) (Recipient $e0 $x0) (Theme $e0 $x1))
p203452	-0.00064	-0.00187	0.00688	0.02565	0.00952	-0.00310	-0.00032	0.00803	0.00487	-0.00925	-0.01862	-0.01258	-0.00845	-0.00366	-0.01624	0.01347	(And (Patient $e0 $x0) (Time $e0 (Weekday monday)) (Time $e0 morning))
p203453	0.01571	0.04161	-0.19737	-0.10495	-0.09492	-0.21319	0.02158	0.46185	-0.18451	0.11125	0.05877	-0.02639	-0.03124	0.20192	0.02656	-0.02895	(And (Possession $x0 free_soil_party) (Possession $x0 republican_party) (Theme $e0 $x0))
p203611	-0.03885	-0.00532	0.01690	-0.00577	-0.02457	0.00053	0.02503	0.00033	-0.00093	-0.01996	0.01059	0.02953	-0.01173	-0.01759	-0.00532	-0.03356	(And (Agent $e0 $x0) (Agent $e0 jica))
p203612	0.00204	-0.00189	-0.01533	-0.00857	0.02002	-0.00676	0.01980	-0.01094	-0.02915	0.01479	0.00362	0.00959	-0.00551	-0.00659	-0.00448	-0.02115	(And (Agent $e0 $x0) (GroupOf $x0 child))
p203613	-0.00692	-0.21420	-0.02048	-0.03084	0.21304	0.09168	-0.04998	0.03607	0.29896	0.08323	0.12321	0.10890	-0.10984	-0.07039	0.06989	-0.08945	(And (Agent $e0 $x0) (Location $e0 eskisehir))
p203614	-0.00699	-0.21433	-0.02036	-0.03081	0.21317	0.09182	-0.05001	0.03569	0.29910	0.08320	0.12335	0.10888	-0.10981	-0.07047	0.06988	-0.08943	(And (Agent $e0 $x0) (Location $e0 kazakhstan))
p203615	-0.01166	-0.32458	-0.02843	-0.04624	0.32374	0.14073	-0.07516	0.04409	0.45184	0.12491	0.18806	0.16306	-0.16368	-0.10753	0.10538	-0.13351	(And (Agent $e0 $x0) (Location $e0 turkey))
p203616	-0.01871	-0.01207	0.00260	-0.01824	0.03233	0.08328	-0.00458	0.03212	-0.03362	-0.03108	-0.05381	0.00233	0.03473	0.03887	-0.01354	-0.02159	(And (Agent $e0 $x0) (Member $e0 acquire))
p203617	0.01650	-0.00587	-0.01403	-0.00750	-0.00087	-0.00318	0.00075	0.00124	0.00990	0.01635	-0.00998	0.00817	0.00492	-0.00604	-0.00857	-0.02415	(And (Agent $e0 $x0) (Member $e0 allow))
p203618	-0.03461	-0.00604	0.02036	-0.00625	-0.01290	-0.00087	0.00426	-0.00852	-0.00013	-0.01863	0.00742	0.03516	-0.01129	-0.01527	-0.00184	-0.03576	(And (Agent $e0 $x0) (Member $e0 block))
p203619	-0.02993	-0.00390	-0.00705	-0.01004	-0.01029	0.00218	0.01215	-0.00744	-0.01173	-0.00328	0.01242	0.02805	-0.00885	-0.02328	-0.00598	-0.03114	(And (Agent $e0 $x0) (Member $e0 make))
p203620	-0.03891	-0.00536	0.01748	-0.00537	-0.02422	0.00094	0.02465	0.00002	-0.00139	-0.01986	0.01009	0.02947	-0.01200	-0.01810	-0.00567	-0.03374	(And (Agent $e0 $x0) (Member $e0 order))
p203621	-0.01873	-0.01205	0.00264	-0.01823	0.03231	0.08330	-0.00458	0.03206	-0.03359	-0.03108	-0.05379	0.00229	0.03471	0.03885	-0.01353	-0.02161	(And (Agent $e0 $x0) (Member $e0 purchase))
p203622	-0.03224	-0.00335	-0.01546	-0.01124	-0.00909	0.00630	0.01478	-0.01296	-0.02112	0.00855	0.00181	0.03445	-0.00544	-0.02678	-0.00506	-0.03037	(And (Agent $e0 $x0) (Member $e0 reach))
p203623	-0.01762	-0.00689	-0.00749	0.03665	0.01723	-0.00776	0.03184	0.00389	-0.01540	0.00233	-0.01693	0.00050	-0.00925	-0.00712	-0.02496	-0.02028	(And (Agent $e0 $x0) (Member $e0 sign))
p203624	0.17282	0.10756	-0.00704	0.05826	-0.06091	0.06240	-0.06831	-0.06376	-0.05888	-0.00654	0.10363	0.04908	-0.00367	-0.03377	-0.06394	-0.02267	(And (Agent $e0 $x0) (Member $e0 sing))
p203625	-0.03331	-0.00702	0.00786	0.00459	-0.01050	-0.00194	0.02430	0.00010	-0.00516	-0.01302	0.00241	0.02500	-0.01165	-0.01368	-0.01028	-0.03077	(And (Agent $e0 $x0) (Member $x0 airline))
p203626	0.00768	0.02523	-0.07645	-0.03879	-0.03060	-0.03229	0.01664	-0.01795	0.02653	0.13612	-0.03977	0.00028	0.13769	-0.01305	0.00440	-0.00682	(And (Agent $e0 $x0) (Member $x0 biologist))
p203627	-0.02121	-0.08540	-0.02447	-0.01841	-0.04003	0.16154	-0.00576	-0.03044	0.00960	-0.02362	-0.03058	-0.00512	0.00224	0.08746	-0.02645	-0.01312	(And (Agent $e0 $x0) (Member $x0 chef))
p203628	-0.02946	-0.00290	0.05484	0.00359	-0.02195	-0.00334	-0.00220	-0.01513	-0.00345	0.00847	0.00971	0.01260	-0.02646	-0.00067	-0.00720	-0.03763	(And (Agent $e0 $x0) (Member $x0 clerk))
p203629	-0.04119	-0.00006	0.00595	-0.00768	-0.02081	0.00178	0.02077	-0.00658	-0.00723	-0.01170	0.00973	0.03081	-0.00892	-0.02464	-0.00483	-0.03253	(And (Agent $e0 $x0) (Member $x0 committee))
p203630	-0.01539	-0.43184	-0.03798	-0.06096	0.43091	0.18705	-0.10051	0.06042	0.60189	0.16627	0.25012	0.21730	-0.21865	-0.14305	0.14006	-0.17814	(And (Agent $e0 $x0) (Member $x0 company))
p203631	-0.02236	-0.00449	-0.01369	0.03487	0.02496	-0.01187	0.03341	0.01111	-0.03019	0.00605	-0.02239	0.00574	-0.01115	-0.00814	-0.02481	-0.02363	(And (Agent $e0 $x0) (Member $x0 council))
p203632	0.01817	-0.01019	-0.00781	-0.00409	0.00502	-0.00036	0.00151	0.00223	0.00154	0.00605	-0.00158	0.00512	-0.00848	-0.00497	-0.01073	-0.02538	(And (Agent $e0 $x0) (Member $x0 delegation))
p203633	-0.04118	0.20305	0.03121	0.03373	-0.11861	-0.07548	-0.07740	-0.06624	0.41976	-0.10455	-0.09164	0.00549	0.02278	0.08990	0.00350	-0.02192	(And (Agent $e0 $x0) (Member $x0 diver))
p203634	-0.03822	-0.00620	0.01482	-0.00631	-0.02320	0.00006	0.02423	-0.00031	-0.00008	-0.01931	0.01083	0.03007	-0.01147	-0.01584	-0.00504	-0.03330	(And (Agent $e0 $x0) (Member $x0 editor))
p203635	-0.02473	-0.00597	-0.00927	0.02316	0.01303	-0.00587	0.02921	0.00053	-0.02279	0.00638	-0.01577	0.01554	-0.00968	-0.01189	-0.01850	-0.02524	(And (Agent $e0 $x0) (Member $x0 fire))
p203636	-0.03118	-0.00192	0.02611	-0.00841	-0.03065	-0.01224	0.01921	0.02270	-0.00506	-0.02531	0.01085	0.02437	-0.00633	-0.01267	0.00280	-0.03510	(And (Agent $e0 $x0) (Member $x0 firm))
p203637	-0.02450	-0.00600	-0.00918	0.02319	0.01257	-0.00577	0.02932	0.00044	-0.02236	0.00626	-0.01557	0.01523	-0.00955	-0.01177	-0.01850	-0.02500	(And (Agent $e0 $x0) (Member $x0 flood))
p203638	-0.03885	-0.00532	0.01689	-0.00577	-0.02457	0.00052	0.02504	0.00035	-0.00093	-0.01996	0.01059	0.02952	-0.01172	-0.01759	-0.00532	-0.03357	(And (Agent $e0 $x0) (Member $x0 government))
p203639	-0.03455	0.04457	0.00693	-0.00254	-0.05175	-0.02913	0.01740	0.04613	0.03358	-0.02521	-0.02998	0.02651	-0.02105	0.01016	-0.00254	-0.03453	(And (Agent $e0 $x0) (Member $x0 intern))
p203640	-0.01773	-0.05437	-0.00331	0.10541	0.03697	-0.06049	0.05919	0.01738	0.05724	-0.07810	0.07900	-0.07474	0.05995	0.10832	-0.06621	0.04771	(And (Agent $e0 $x0) (Member $x0 mechanic))
p203641	-0.03808	-0.00640	0.01443	-0.00643	-0.02294	-0.00001	0.02400	-0.00027	0.00011	-0.01920	0.01081	0.03026	-0.01146	-0.01559	-0.00503	-0.03329	(And (Agent $e0 $x0) (Member $x0 panel))
p203642	-0.02931	-0.00321	0.05455	0.00349	-0.02161	-0.00334	-0.00221	-0.01526	-0.00333	0.00859	0.00984	0.01276	-0.02644	-0.00047	-0.00720	-0.03759	(And (Agent $e0 $x0) (Member $x0 pilot))
p203643	-0.03124	-0.01082	0.02172	-0.00648	-0.02122	-0.00286	0.01740	0.00328	0.00385	-0.02306	0.00494	0.03280	-0.00816	-0.01125	-0.00096	-0.03500	(And (Agent $e0 $x0) (Member $x0 rescue_team))
p203644	-0.06746	-0.01847	-0.08942	0.05457	-0.04315	0.05157	0.07476	-0.09930	-0.01398	0.16356	-0.13482	0.14046	0.13566	-0.07932	-0.02842	-0.02375	(And (Agent $e0 $x0) (Theme $e1 $e0))
p203645	0.01817	-0.01019	-0.00781	-0.00409	0.00503	-0.00035	0.00150	0.00221	0.00155	0.00605	-0.00157	0.00512	-0.00848	-0.00498	-0.01073	-0.02538	(And (Agent $e0 $x0) (Time $e0 (Weekday thursday)))
p203646	-0.03885	-0.00532	0.01689	-0.00577	-0.02457	0.00052	0.02503	0.00034	-0.00093	-0.01996	0.01059	0.02953	-0.01172	-0.01759	-0.00532	-0.03356	(And (Agent $e0 jica) (Theme $e0 $x0))
p203647	-0.03068	0.02493	-0.00957	-0.02718	0.00281	-0.00619	-0.00645	-0.01160	-0.02610	0.00045	0.00873	-0.00508	0.00409	-0.00684	0.06174	-0.01289	(And (Before $e0 $e1) (Theme $e1 $x0))
p203648	-0.00264	-0.00132	0.01282	0.03749	0.01102	-0.00543	0.00287	0.01437	0.00535	-0.01530	-0.02299	-0.01524	-0.00951	-0.00324	-0.02314	0.01465	(And (Before $x0 $e0) (Member $x0 lunch))
p203649	-0.00261	-0.00123	0.01320	0.03758	0.01098	-0.00525	0.00229	0.01394	0.00550	-0.01532	-0.02295	-0.01519	-0.00958	-0.00347	-0.02315	0.01452	(And (Before $x0 $e0) (Patient $e0 $x1))
p203650	0.03253	0.00533	-0.01305	-0.01516	-0.02229	0.02941	-0.02102	-0.01470	-0.02806	0.03336	-0.02445	-0.00736	0.00776	-0.01245	0.04367	0.01073	(And (But $e0 $e1) (Past $e0))
p203651	0.03255	0.00554	-0.01316	-0.01517	-0.02237	0.02925	-0.02107	-0.01441	-0.02827	0.03338	-0.02463	-0.00732	0.00777	-0.01242	0.04369	0.01064	(And (But $e0 $e1) (Past $e1))
p203652	-0.05808	0.08478	0.07329	-0.00221	-0.21068	0.14213	0.27650	0.09418	0.06428	0.08622	0.05925	-0.15038	-0.08120	-0.07927	-0.04657	0.25630	(And (Can $e0) (Manner $e0 $x0))
p203653	-0.05818	0.08492	0.07331	-0.00218	-0.21095	0.14223	0.27649	0.09425	0.06435	0.08620	0.05903	-0.15011	-0.08141	-0.07952	-0.04654	0.25634	(And (Can $e0) (Member $e0 define))
p203654	-0.05811	0.08482	0.07329	-0.00220	-0.21077	0.14215	0.27650	0.09421	0.06430	0.08621	0.05919	-0.15029	-0.08126	-0.07934	-0.04656	0.25631	(And (Cardinality $x0 <num>) (Manner $e0 $x0))
p203655	0.01389	0.00281	-0.02026	-0.01143	-0.00429	-0.00488	-0.01154	0.00319	-0.00205	0.02576	-0.01453	-0.00786	0.01996	-0.00198	-0.00378	0.01048	(And (Experiencer $e0 $x0) (Member $e0 locate))
p203656	0.01117	0.01599	-0.01939	-0.01589	-0.02806	0.00959	-0.02348	0.01246	-0.03374	0.03173	0.02102	-0.00139	-0.00548	-0.01812	0.03177	-0.01458	(And (Experiencer $e0 $x0) (Member $x0 person))
p203658	0.01067	0.01014	-0.03131	-0.01741	-0.01197	-0.01492	-0.01848	0.01170	-0.00442	0.04338	-0.02066	-0.00855	0.04521	-0.00031	-0.00209	0.01311	(And (Experiencer $e0 $x0) (Stimulus $e0 $e1))
p203659	-0.07525	-0.12119	0.06881	-0.04242	0.04465	-0.00904	-0.01150	-0.18205	0.01938	-0.11632	0.37814	-0.07871	0.24150	-0.02764	0.01059	0.06205	(And (For $e0 $e1) (Member $e0 win))
p203660	-0.07500	-0.12160	0.06896	-0.04246	0.04480	-0.00891	-0.01089	-0.18191	0.02032	-0.11686	0.37801	-0.07869	0.24156	-0.02767	0.01073	0.06198	(And (For $e0 $e1) (Member $e1 portray))
p203661	-0.07521	-0.12124	0.06883	-0.04243	0.04467	-0.00902	-0.01142	-0.18203	0.01951	-0.11639	0.37813	-0.07871	0.24151	-0.02764	0.01061	0.06204	(And (For $e0 $e1) (Theme $e0 $x0))
p203662	-0.00224	-0.00109	0.01291	0.03621	0.00993	-0.00479	0.00097	0.01347	0.00526	-0.01477	-0.02232	-0.01505	-0.00981	-0.00328	-0.02244	0.01481	(And (Future $e0) (Time $e0 (Month september)))
p203663	-0.03868	0.08948	-0.04550	-0.02658	0.07534	-0.04971	0.03566	-0.05544	-0.06399	0.02019	0.05249	-0.01703	-0.01128	-0.01814	0.04861	0.00538	(And (GroupOf $x0 child) (Theme $e0 $x0))
p203664	-0.03799	-0.00680	0.01416	-0.00633	-0.02199	0.00017	0.02325	-0.00074	-0.00015	-0.01890	0.01029	0.03109	-0.01168	-0.01571	-0.00519	-0.03351	(And (GroupOf $x0 sample) (Theme $e0 $x0))
p203665	-0.05813	0.08486	0.07330	-0.00219	-0.21083	0.14218	0.27650	0.09423	0.06432	0.08620	0.05913	-0.15023	-0.08131	-0.07941	-0.04656	0.25632	(And (GroupOf $x0 sequence) (Theme $e0 $x0))
p203666	-0.03155	0.00557	-0.00201	-0.00996	0.02415	-0.00735	0.00976	-0.02942	-0.00411	-0.00654	0.03605	-0.01117	-0.00647	-0.01467	0.00666	-0.00797	(And (Holder $e0 $x0) (Member $e0 have))
p203667	-0.04035	0.06788	-0.02226	-0.01075	0.03852	-0.03274	0.02239	-0.03701	-0.03491	0.00575	0.03845	-0.01634	-0.01424	-0.01982	0.01215	-0.00347	(And (Holder $e0 $x0) (Member $x0 permit))
p203668	-0.04732	0.17412	-0.06634	-0.01896	0.15191	-0.09232	0.05037	-0.07683	-0.09927	0.03194	0.06315	-0.02516	-0.02723	-0.03107	0.03336	0.00400	(And (Holder $e0 $x0) (Member $x0 recipe))
p203669	-0.03866	0.08949	-0.04555	-0.02660	0.07535	-0.04971	0.03569	-0.05544	-0.06401	0.02023	0.05248	-0.01701	-0.01130	-0.01814	0.04862	0.00538	(And (Holder $e0 kristoffer) (Member $e0 have))
p203670	-0.03855	0.08951	-0.04577	-0.02669	0.07542	-0.04970	0.03584	-0.05552	-0.06415	0.02042	0.05249	-0.01692	-0.01140	-0.01817	0.04868	0.00541	(And (Holder $e0 kristoffer) (Theme $e0 $x0))
p203671	-0.04127	0.20433	0.03132	0.03389	-0.11820	-0.07565	-0.07750	-0.06737	0.41967	-0.10428	-0.09158	0.00520	0.02233	0.08965	0.00373	-0.02201	(And (Location $e0 $x0) (Member $e0 discover))
p203672	0.01089	0.00671	-0.02860	-0.01643	-0.00971	-0.01241	-0.01676	0.00852	0.00255	0.03985	-0.01897	-0.00854	0.04155	-0.00082	-0.00246	0.01177	(And (Location $e0 $x0) (Member $e0 error))
p203673	0.01391	0.00289	-0.02049	-0.01155	-0.00435	-0.00520	-0.01142	0.00385	-0.00220	0.02584	-0.01491	-0.00778	0.02005	-0.00184	-0.00366	0.01049	(And (Location $e0 $x0) (Member $e0 locate))
p203674	0.01311	0.03619	-0.09909	-0.04933	-0.03996	-0.04272	0.02427	-0.02275	0.03290	0.17489	-0.05312	0.00207	0.17583	-0.01658	0.00603	-0.00820	(And (Location $e0 $x0) (Member $x0 survey))
p203675	-0.00380	0.06574	-0.02743	-0.00974	-0.04100	-0.03551	-0.02069	-0.02023	0.09867	0.03552	-0.04188	-0.00537	0.06423	0.01783	0.00159	-0.00098	(And (Location $e0 $x0) (Might $e0))
p203676	-0.08249	-0.00024	-0.15690	0.11891	-0.02334	0.04476	0.15653	-0.12682	-0.18953	0.29548	-0.20071	0.09346	0.25933	-0.05596	-0.00337	0.00523	(And (Location $e0 $x0) (Patient $e0 $x1))
p203677	0.01066	0.01016	-0.03148	-0.01749	-0.01202	-0.01510	-0.01839	0.01215	-0.00451	0.04345	-0.02090	-0.00850	0.04527	-0.00021	-0.00203	0.01313	(And (Location $e0 $x0) (Stimulus $e1 $e0))
p203678	-0.00673	-0.21375	-0.02091	-0.03095	0.21255	0.09124	-0.04988	0.03729	0.29843	0.08336	0.12274	0.10900	-0.10998	-0.07014	0.06990	-0.08953	(And (Location $e0 eskisehir) (Location $e0 turkey))
p203679	-0.00751	-0.21544	-0.01934	-0.03056	0.21469	0.09305	-0.05022	0.03187	0.30044	0.08310	0.12458	0.10870	-0.10948	-0.07124	0.06996	-0.08918	(And (Location $e0 eskisehir) (Member $e0 build))
p203680	-0.00707	-0.21451	-0.02018	-0.03076	0.21339	0.09202	-0.05005	0.03510	0.29932	0.08317	0.12355	0.10884	-0.10976	-0.07059	0.06988	-0.08939	(And (Location $e0 eskisehir) (Past $e0))
p203681	-0.00674	-0.21372	-0.02094	-0.03096	0.21251	0.09122	-0.04987	0.03735	0.29837	0.08338	0.12272	0.10900	-0.10997	-0.07014	0.06990	-0.08952	(And (Location $e0 eskisehir) (Patient $e0 $x0))
p203682	-0.02971	0.03363	-0.02463	-0.04499	-0.05680	0.02118	-0.03367	-0.00277	-0.04828	0.01379	0.05625	-0.00822	0.00693	-0.02330	0.09179	-0.02067	(And (Location $e0 japan) (Past $e0))
p203683	-0.00748	-0.21535	-0.01939	-0.03057	0.21456	0.09297	-0.05021	0.03214	0.30037	0.08309	0.12450	0.10870	-0.10950	-0.07118	0.06995	-0.08920	(And (Location $e0 kazakhstan) (Member $e0 build))
p203684	-0.00691	-0.21418	-0.02051	-0.03085	0.21300	0.09166	-0.04997	0.03614	0.29893	0.08324	0.12319	0.10891	-0.10985	-0.07038	0.06989	-0.08946	(And (Location $e0 kazakhstan) (Past $e0))
p203685	-0.00769	-0.21584	-0.01901	-0.03048	0.21524	0.09350	-0.05024	0.03038	0.30088	0.08314	0.12501	0.10865	-0.10934	-0.07152	0.07002	-0.08907	(And (Location $e0 kazakhstan) (Patient $e0 $x0))
p203686	-0.01064	-0.32190	-0.03064	-0.04675	0.32028	0.13792	-0.07496	0.05300	0.44892	0.12496	0.18531	0.16342	-0.16450	-0.10585	0.10507	-0.13413	(And (Location $e0 turkey) (Member $e0 build))
p203687	-0.01020	-0.32095	-0.03151	-0.04695	0.31922	0.13701	-0.07479	0.05565	0.44773	0.12520	0.18433	0.16360	-0.16480	-0.10531	0.10507	-0.13429	(And (Location $e0 turkey) (Past $e0))
p203688	-0.01050	-0.32161	-0.03091	-0.04681	0.31996	0.13763	-0.07491	0.05383	0.44853	0.12503	0.18501	0.16348	-0.16459	-0.10568	0.10506	-0.13418	(And (Location $e0 turkey) (Patient $e0 $x0))
p203689	-0.05790	0.08447	0.07330	-0.00226	-0.21012	0.14204	0.27649	0.09393	0.06417	0.08629	0.05964	-0.15080	-0.08088	-0.07888	-0.04663	0.25621	(And (Manner $e0 $x0) (Member $e0 define))
p203690	-0.05811	0.08482	0.07329	-0.00220	-0.21076	0.14215	0.27650	0.09421	0.06430	0.08621	0.05917	-0.15028	-0.08127	-0.07934	-0.04656	0.25631	(And (Manner $e0 $x0) (Theme $e0 $x1))
p203691	-0.01877	-0.01204	0.00268	-0.01822	0.03231	0.08333	-0.00458	0.03200	-0.03356	-0.03107	-0.05375	0.00225	0.03469	0.03883	-0.01353	-0.02163	(And (Member $e0 acquire) (Past $e0))
p203692	-0.01887	-0.01199	0.00281	-0.01818	0.03227	0.08340	-0.00461	0.03183	-0.03345	-0.03106	-0.05370	0.00215	0.03462	0.03876	-0.01353	-0.02168	(And (Member $e0 acquire) (Theme $e0 $x0))
p203693	-0.00279	0.01831	0.00840	0.02418	-0.02419	-0.00656	-0.02105	0.00738	-0.00085	0.00588	-0.04425	-0.00447	-0.01154	-0.01022	0.04805	0.01032	(And (Member $e0 become) (Past $e0))
p203694	-0.00277	0.01841	0.00833	0.02416	-0.02419	-0.00669	-0.02111	0.00748	-0.00103	0.00599	-0.04428	-0.00444	-0.01154	-0.01018	0.04807	0.01029	(And (Member $e0 become) (Result $e0 $e1))
p203695	-0.03461	-0.00604	0.02035	-0.00626	-0.01290	-0.00087	0.00428	-0.00851	-0.00012	-0.01863	0.00743	0.03515	-0.01129	-0.01527	-0.00183	-0.03576	(And (Member $e0 block) (Theme $e0 $x0))
p203696	-0.00098	-0.00113	0.01043	0.03128	0.00888	-0.00440	0.00023	0.01232	0.00444	-0.01267	-0.02074	-0.01409	-0.00934	-0.00306	-0.01957	0.01468	(And (Member $e0 commence) (Patient $e0 $x0))
p203697	-0.03001	-0.00421	-0.00689	-0.01001	-0.01005	0.00233	0.01222	-0.00790	-0.01144	-0.00336	0.01273	0.02788	-0.00871	-0.02333	-0.00599	-0.03113	(And (Member $e0 decision) (Patient $e1 $e0))
p203698	-0.03219	-0.00320	-0.01550	-0.01124	-0.00924	0.00622	0.01477	-0.01269	-0.02121	0.00857	0.00162	0.03450	-0.00550	-0.02674	-0.00505	-0.03038	(And (Member $e0 decision) (Theme $e1 $e0))
p203699	-0.05800	0.08466	0.07330	-0.00223	-0.21047	0.14208	0.27650	0.09410	0.06424	0.08624	0.05942	-0.15058	-0.08105	-0.07910	-0.04660	0.25627	(And (Member $e0 define) (Theme $e0 $x0))
p203700	-0.04294	0.05749	0.04514	0.12377	-0.06827	-0.02507	-0.02977	0.00841	-0.04653	-0.01408	-0.10374	-0.01575	-0.03123	-0.01703	0.10110	0.04504	(And (Member $e0 design) (Past $e0))
p203701	-0.04282	0.05752	0.04476	0.12363	-0.06857	-0.02537	-0.02945	0.00949	-0.04677	-0.01410	-0.10407	-0.01572	-0.03116	-0.01679	0.10114	0.04514	(And (Member $e0 design) (Patient $e0 $x0))
p203702	-0.03084	0.02681	-0.01711	-0.01270	-0.01795	-0.00970	-0.00240	-0.01137	-0.01083	0.01982	-0.00386	-0.00647	0.01799	-0.01074	0.00775	-0.00504	(And (Member $e0 find) (Theme $e0 $x0))
p203703	-0.00403	0.00776	-0.01521	-0.02803	-0.03219	0.01741	-0.01908	0.01897	-0.02253	-0.00431	-0.00298	0.00464	0.00895	0.00791	0.04553	-0.00850	(And (Member $e0 follow) (Past $e0))
p203704	0.00222	0.02896	-0.02841	-0.01249	-0.03872	-0.00080	-0.02211	0.02455	-0.04572	0.01075	0.02612	-0.00405	0.01349	0.01476	0.00896	-0.01807	(And (Member $e0 influence) (Past $e0))
p203705	-0.02993	-0.00391	-0.00704	-0.01004	-0.01028	0.00219	0.01215	-0.00746	-0.01172	-0.00329	0.01243	0.02804	-0.00884	-0.02328	-0.00598	-0.03114	(And (Member $e0 make) (Patient $e0 $e1))
p203706	-0.03891	-0.00537	0.01744	-0.00539	-0.02423	0.00090	0.02469	0.00011	-0.00138	-0.01985	0.01007	0.02946	-0.01200	-0.01809	-0.00566	-0.03375	(And (Member $e0 order) (Theme $e0 $x0))
p203707	0.00577	-0.00568	-0.00672	-0.01116	-0.00799	0.01566	-0.01706	-0.00927	-0.01707	0.01000	0.00517	-0.00249	-0.00241	-0.00976	0.01534	-0.01271	(And (Member $e0 play) (Past $e0))
p203708	-0.04608	0.04924	0.05592	0.12505	-0.06332	-0.00266	-0.03480	-0.00285	-0.01532	-0.02145	-0.10975	-0.01667	-0.03072	-0.02392	0.10270	0.03083	(And (Member $e0 produce) (Past $e0))
p203709	-0.01872	-0.01205	0.00262	-0.01823	0.03232	0.08329	-0.00458	0.03208	-0.03360	-0.03108	-0.05380	0.00230	0.03472	0.03886	-0.01353	-0.02160	(And (Member $e0 purchase) (Past $e0))
p203710	-0.01876	-0.01204	0.00267	-0.01822	0.03231	0.08332	-0.00458	0.03202	-0.03357	-0.03107	-0.05377	0.00226	0.03470	0.03884	-0.01353	-0.02162	(And (Member $e0 purchase) (Theme $e0 $x0))
p203711	-0.03223	-0.00331	-0.01547	-0.01124	-0.00913	0.00629	0.01478	-0.01290	-0.02114	0.00855	0.00176	0.03446	-0.00546	-0.02677	-0.00505	-0.03038	(And (Member $e0 reach) (Theme $e0 $e1))
p203712	-0.00288	0.02018	-0.01907	-0.01384	-0.02415	0.00028	-0.02264	0.01612	-0.02530	0.00303	-0.00215	-0.00219	0.01052	0.00463	0.02566	-0.00747	(And (Member $e0 replace) (Past $e0))
p203713	-0.02727	0.02018	0.02172	-0.01105	0.01924	0.03471	-0.03287	-0.06056	-0.01803	-0.00399	0.00473	-0.02142	-0.00151	0.01193	0.03186	0.03418	(And (Member $e0 sell) (Past $e0))
p203714	-0.02715	0.02026	0.02149	-0.01112	0.01909	0.03461	-0.03271	-0.06003	-0.01827	-0.00388	0.00443	-0.02135	-0.00157	0.01201	0.03188	0.03429	(And (Member $e0 sell) (Recipient $e0 $x0))
p203715	-0.02752	0.02007	0.02206	-0.01095	0.01951	0.03490	-0.03314	-0.06151	-0.01778	-0.00409	0.00522	-0.02152	-0.00144	0.01177	0.03181	0.03400	(And (Member $e0 sell) (Theme $e0 $x0))
p203716	-0.01738	-0.00667	-0.00762	0.03665	0.01689	-0.00787	0.03215	0.00449	-0.01548	0.00239	-0.01735	0.00056	-0.00952	-0.00703	-0.02494	-0.02039	(And (Member $e0 sign) (Patient $e0 $x0))
p203717	-0.00068	-0.00100	0.01021	0.03113	0.00857	-0.00457	0.00010	0.01298	0.00409	-0.01257	-0.02097	-0.01406	-0.00933	-0.00288	-0.01957	0.01484	(And (Member $e0 start) (Patient $e0 $x0))
p203718	0.03261	-0.00992	-0.08995	-0.02941	0.02518	-0.05004	-0.03794	0.07293	-0.06772	-0.00162	-0.07638	0.14717	0.03313	0.03068	0.00382	0.18908	(And (Member $e0 teach) (Theme $e0 glazing))
p203719	-0.07525	-0.12118	0.06881	-0.04243	0.04465	-0.00904	-0.01152	-0.18204	0.01936	-0.11631	0.37815	-0.07871	0.24150	-0.02764	0.01059	0.06205	(And (Member $e0 win) (Past $e0))
p203720	-0.07512	-0.12139	0.06889	-0.04244	0.04473	-0.00897	-0.01119	-0.18198	0.01985	-0.11658	0.37808	-0.07871	0.24153	-0.02765	0.01066	0.06202	(And (Member $e0 win) (Theme $e0 $x0))
p203721	-0.02366	-0.00462	-0.01337	0.03495	0.02552	-0.01168	0.03262	0.01027	-0.03003	0.00530	-0.02270	0.00771	-0.01140	-0.00908	-0.02468	-0.02437	(And (Member $x0 afternoon_session) (Patient $e0 $x0))
p203722	0.01632	-0.00811	-0.00122	-0.00457	0.00677	0.00182	-0.00733	0.00293	0.00915	-0.00331	-0.00111	-0.00954	-0.00442	-0.00194	-0.00757	0.00726	(And (Member $x0 bench) (Member $x0 new))
p203723	-0.02594	0.00215	0.01479	-0.00598	-0.02349	-0.00468	0.01959	0.01006	0.00034	-0.01771	0.01337	0.01460	-0.01100	-0.01589	-0.00505	-0.02497	(And (Member $x0 departure) (Possession $x0 $x1))
p203724	-0.00261	-0.00123	0.01317	0.03757	0.01097	-0.00527	0.00233	0.01399	0.00549	-0.01532	-0.02297	-0.01519	-0.00957	-0.00345	-0.02315	0.01453	(And (Member $x0 dress_rehearsal) (Patient $e0 $x0))
p203725	-0.03488	-0.01519	-0.00532	-0.00946	0.01965	-0.02040	-0.03541	-0.02893	-0.02611	-0.01587	-0.00141	0.09444	0.00686	0.01641	-0.00044	0.10698	(And (Member $x0 drill) (Theme $e0 $x0))
p203726	0.00892	-0.00582	-0.00004	0.00718	0.00710	-0.00085	-0.00235	0.00400	0.00517	-0.00270	-0.00804	-0.00736	-0.00681	-0.00331	-0.01037	0.00249	(And (Member $x0 elm) (Member $x0 last))
p203727	-0.07519	-0.12129	0.06885	-0.04244	0.04469	-0.00900	-0.01135	-0.18201	0.01961	-0.11644	0.37811	-0.07871	0.24151	-0.02764	0.01063	0.06203	(And (Member $x0 emmy) (Theme $e0 $x0))
p203728	-0.00276	0.03380	-0.02785	-0.01322	-0.04628	0.01051	-0.02891	0.03989	-0.05756	0.02273	0.04405	0.01948	-0.01738	-0.02564	0.02786	-0.02861	(And (Member $x0 family) (Possession $x0 $x1))
p203729	-0.02594	0.00204	0.01479	-0.00604	-0.02353	-0.00482	0.01974	0.01042	0.00065	-0.01781	0.01334	0.01452	-0.01092	-0.01584	-0.00501	-0.02501	(And (Member $x0 ferry) (Possession $x1 $x0))
p203730	-0.03464	0.04448	0.00706	-0.00253	-0.05165	-0.02897	0.01743	0.04572	0.03363	-0.02530	-0.02969	0.02646	-0.02098	0.01000	-0.00255	-0.03447	(And (Member $x0 file) (Theme $e0 $x0))
p203731	-0.01683	-0.05351	-0.00307	0.10563	0.03664	-0.06109	0.05788	0.01763	0.05769	-0.07770	0.07820	-0.07450	0.05938	0.10907	-0.06622	0.04654	(And (Member $x0 gearbox) (Patient $e0 $x0))
p203732	-0.03378	0.02527	-0.00388	-0.00405	0.03153	-0.03086	-0.03396	-0.04494	-0.04682	0.02749	0.02244	0.03688	-0.01363	0.02581	-0.00564	0.10472	(And (Member $x0 generator) (Theme $e0 $x0))
p203733	-0.00064	-0.00188	0.00690	0.02565	0.00952	-0.00309	-0.00033	0.00801	0.00488	-0.00925	-0.01861	-0.01258	-0.00845	-0.00366	-0.01624	0.01346	(And (Member $x0 hearing) (Patient $e0 $x0))
p203734	-0.00648	-0.21302	-0.02159	-0.03113	0.21192	0.09067	-0.04977	0.03882	0.29749	0.08370	0.12210	0.10914	-0.11023	-0.06986	0.06995	-0.08960	(And (Member $x0 hotel) (Patient $e0 $x0))
p203735	-0.01976	-0.08438	-0.02398	-0.01270	-0.03253	0.17302	-0.01220	-0.05157	0.01525	-0.02232	-0.04618	-0.00241	-0.00435	0.09503	-0.03183	-0.01351	(And (Member $x0 kiln) (Ordinal $x0 <num> buy))
p203736	-0.03416	0.00051	0.00756	-0.00627	0.00593	-0.00586	0.00936	-0.02269	-0.00808	-0.00618	0.02604	0.00526	-0.01187	-0.00693	-0.00151	-0.01955	(And (Member $x0 ladder) (Theme $e0 $x0))
p203737	-0.03460	-0.00603	0.02036	-0.00625	-0.01290	-0.00086	0.00425	-0.00853	-0.00013	-0.01864	0.00741	0.03516	-0.01129	-0.01527	-0.00184	-0.03576	(And (Member $x0 lane) (Theme $e0 $x0))
p203738	-0.00981	-0.00641	0.12280	0.01880	-0.00697	-0.00637	-0.06291	-0.05397	-0.01698	0.07238	0.01397	-0.01734	-0.05528	0.03307	-0.01087	-0.04533	(And (Member $x0 manifest) (Theme $e0 $x0))
p203739	-0.03820	-0.00622	0.01466	-0.00637	-0.02325	-0.00009	0.02441	0.00005	-0.00011	-0.01923	0.01075	0.03002	-0.01146	-0.01577	-0.00500	-0.03331	(And (Member $x0 manuscript) (Theme $e0 $x0))
p203740	-0.03466	0.04445	0.00709	-0.00253	-0.05163	-0.02893	0.01744	0.04564	0.03364	-0.02532	-0.02963	0.02645	-0.02097	0.00996	-0.00255	-0.03446	(And (Member $x0 missing) (Theme $e0 $x0))
p203741	-0.04118	-0.00004	0.00595	-0.00768	-0.02082	0.00178	0.02076	-0.00657	-0.00725	-0.01170	0.00971	0.03082	-0.00893	-0.02464	-0.00483	-0.03253	(And (Member $x0 new) (Member $x0 roof))
p203742	-0.04121	-0.00015	0.00596	-0.00769	-0.02076	0.00179	0.02080	-0.00661	-0.00716	-0.01171	0.00979	0.03077	-0.00888	-0.02464	-0.00483	-0.03254	(And (Member $x0 new) (Theme $e0 $x0))
p203743	0.03094	0.04227	-0.02226	0.01650	-0.04803	0.01100	-0.01799	-0.02064	0.06012	0.01110	0.02680	0.05305	-0.01435	-0.01130	-0.01575	-0.02862	(And (Member $x0 person) (Theme $e0 $x0))
p203744	-0.03808	-0.00640	0.01444	-0.00642	-0.02294	-0.00001	0.02399	-0.00028	0.00011	-0.01921	0.01081	0.03026	-0.01146	-0.01559	-0.00503	-0.03329	(And (Member $x0 proposal) (Theme $e0 $x0))
p203745	-0.04119	-0.00006	0.00595	-0.00768	-0.02081	0.00178	0.02077	-0.00658	-0.00723	-0.01170	0.00973	0.03081	-0.00892	-0.02464	-0.00483	-0.03253	(And (Member $x0 roof) (Theme $e0 $x0))
p203746	-0.03927	-0.00500	0.01877	-0.00483	-0.02431	0.00122	0.02432	-0.00001	-0.00219	-0.02007	0.00956	0.02946	-0.01231	-0.01910	-0.00601	-0.03405	(And (Member $x0 scan) (Theme $e0 $x0))
p203747	-0.03127	-0.01091	0.02193	-0.00639	-0.02104	-0.00254	0.01715	0.00263	0.00395	-0.02317	0.00505	0.03293	-0.00817	-0.01133	-0.00103	-0.03501	(And (Member $x0 search) (Theme $e0 $x0))
p203748	-0.01730	-0.05400	-0.00321	0.10551	0.03688	-0.06079	0.05863	0.01748	0.05738	-0.07791	0.07864	-0.07463	0.05971	0.10866	-0.06620	0.04718	(And (Member $x0 seized) (Patient $e0 $x0))
p203749	-0.02235	-0.00447	-0.01369	0.03488	0.02496	-0.01188	0.03343	0.01113	-0.03021	0.00606	-0.02242	0.00575	-0.01117	-0.00814	-0.02481	-0.02364	(And (Member $x0 summer_fair) (Patient $e0 $x0))
p203750	-0.03121	-0.00192	0.02614	-0.00840	-0.03066	-0.01224	0.01923	0.02265	-0.00496	-0.02534	0.01089	0.02435	-0.00630	-0.01271	0.00281	-0.03509	(And (Member $x0 tender) (Theme $e0 $x0))
p203751	0.01702	0.04150	-0.19786	-0.10524	-0.09479	-0.21348	0.02156	0.46260	-0.18516	0.11182	0.05835	-0.02607	-0.03160	0.20242	0.02679	-0.02900	(And (Member $x0 view) (Possession $x0 free_soil_party))
p203752	0.01517	0.04163	-0.19714	-0.10482	-0.09500	-0.21307	0.02160	0.46157	-0.18413	0.11096	0.05893	-0.02651	-0.03109	0.20174	0.02647	-0.02894	(And (Member $x0 view) (Possession $x0 republican_party))
p203753	0.01743	0.04146	-0.19799	-0.10533	-0.09477	-0.21356	0.02155	0.46284	-0.18528	0.11197	0.05821	-0.02597	-0.03171	0.20258	0.02686	-0.02902	(And (Member $x0 view) (Theme $e0 $x0))
p203754	-0.03905	-0.00470	0.01587	-0.00628	-0.02455	-0.00018	0.02466	0.00157	-0.00132	-0.01958	0.01077	0.03048	-0.01194	-0.01823	-0.00515	-0.03376	(And (Member $x0 vote) (Theme $e0 $x0))
p203755	-0.04113	0.20279	0.03146	0.03385	-0.11813	-0.07529	-0.07749	-0.06712	0.41995	-0.10457	-0.09132	0.00538	0.02282	0.08988	0.00347	-0.02192	(And (Member $x0 wreck) (Theme $e0 $x0))
p203756	-0.03926	-0.00501	0.01870	-0.00487	-0.02432	0.00113	0.02439	0.00019	-0.00219	-0.02004	0.00951	0.02943	-0.01231	-0.01906	-0.00598	-0.03407	(And (Ordinal $x0 <num> scan) (Theme $e0 $x0))
p203757	-0.02724	0.02020	0.02166	-0.01107	0.01920	0.03469	-0.03283	-0.06043	-0.01809	-0.00396	0.00466	-0.02140	-0.00152	0.01195	0.03186	0.03421	(And (Past $e0) (Recipient $e0 $x0))
p203758	-0.00895	0.02910	0.01610	0.04389	-0.03458	-0.01056	-0.02752	0.00742	-0.00429	0.00533	-0.06285	-0.00650	-0.01795	-0.01420	0.06689	0.01419	(And (Past $e0) (Result $e0 $e1))
p203759	-0.00061	-0.00188	0.00664	0.02555	0.00950	-0.00324	-0.00012	0.00842	0.00473	-0.00920	-0.01874	-0.01255	-0.00842	-0.00352	-0.01620	0.01350	(And (Patient $e0 $x0) (Time $e0 (Weekday monday)))
p203760	-0.00062	-0.00187	0.00679	0.02561	0.00951	-0.00316	-0.00024	0.00819	0.00481	-0.00923	-0.01867	-0.01256	-0.00844	-0.00361	-0.01623	0.01348	(And (Patient $e0 $x0) (Time $e0 morning))
p203761	0.01644	0.04155	-0.19766	-0.10511	-0.09484	-0.21336	0.02157	0.46227	-0.18491	0.11157	0.05854	-0.02621	-0.03142	0.20219	0.02669	-0.02897	(And (Possession $x0 free_soil_party) (Possession $x0 republican_party))
p203762	0.01598	0.04159	-0.19749	-0.10501	-0.09488	-0.21326	0.02158	0.46201	-0.18467	0.11138	0.05869	-0.02633	-0.03131	0.20203	0.02661	-0.02895	(And (Possession $x0 free_soil_party) (Theme $e0 $x0))
p203763	0.01546	0.04162	-0.19728	-0.10489	-0.09495	-0.21314	0.02159	0.46173	-0.18435	0.11114	0.05884	-0.02644	-0.03118	0.20184	0.02652	-0.02894	(And (Possession $x0 republican_party) (Theme $e0 $x0))
p203764	0.03261	-0.00994	-0.08997	-0.02942	0.02519	-0.05005	-0.03794	0.07295	-0.06773	-0.00161	-0.07638	0.14718	0.03313	0.03070	0.00383	0.18908	(And (Recipient $e0 $x0) (Theme $e0 glazing))
p203765	-0.00062	-0.00188	0.00671	0.02558	0.00950	-0.00320	-0.00018	0.00831	0.00477	-0.00921	-0.01871	-0.01256	-0.00843	-0.00356	-0.01621	0.01349	(And (Time $e0 (Weekday monday)) (Time $e0 morning))
p203860	-0.03885	-0.00533	0.01686	-0.00578	-0.02458	0.00048	0.02508	0.00044	-0.00092	-0.01994	0.01057	0.02951	-0.01172	-0.01757	-0.00531	-0.03357	(Agent $e0 jica)
p203861	0.03254	0.00520	-0.01299	-0.01515	-0.02224	0.02951	-0.02099	-0.01486	-0.02795	0.03335	-0.02435	-0.00738	0.00774	-0.01246	0.04367	0.01080	(But $e0 $e1)
p203862	-0.05815	0.08488	0.07330	-0.00219	-0.21087	0.14219	0.27650	0.09424	0.06432	0.08621	0.05909	-0.15020	-0.08134	-0.07943	-0.04655	0.25633	(GroupOf $x0 sequence)
p203863	0.01742	-0.01000	-0.00631	-0.00465	0.00560	0.00049	-0.00142	0.00168	0.00229	0.00437	0.00079	0.00006	-0.00711	-0.00389	-0.01006	-0.01644	(GroupOf $x0 soil_sample)
p203864	-0.00998	0.00863	0.00157	-0.00521	-0.02122	0.00501	0.00633	0.00615	-0.00477	-0.00963	0.00647	-0.00803	-0.00016	-0.00026	0.00237	-0.00973	(GroupOf $x0 tradition)
p203865	-0.03853	0.08951	-0.04581	-0.02671	0.07544	-0.04968	0.03587	-0.05557	-0.06417	0.02046	0.05251	-0.01690	-0.01142	-0.01819	0.04870	0.00542	(Holder $e0 kristoffer)
p203866	-0.00704	-0.21442	-0.02026	-0.03078	0.21331	0.09193	-0.05003	0.03535	0.29923	0.08317	0.12347	0.10886	-0.10978	-0.07054	0.06988	-0.08941	(Location $e0 eskisehir)
p203867	-0.02975	0.03349	-0.02440	-0.04494	-0.05667	0.02133	-0.03378	-0.00316	-0.04802	0.01366	0.05640	-0.00823	0.00697	-0.02341	0.09178	-0.02076	(Location $e0 japan)
p203868	-0.00763	-0.21571	-0.01909	-0.03050	0.21512	0.09338	-0.05024	0.03075	0.30077	0.08312	0.12489	0.10866	-0.10939	-0.07144	0.07000	-0.08910	(Location $e0 kazakhstan)
p203869	-0.01013	-0.32061	-0.03179	-0.04701	0.31888	0.13675	-0.07473	0.05634	0.44736	0.12530	0.18405	0.16365	-0.16489	-0.10518	0.10508	-0.13432	(Location $e0 turkey)
p203870	-0.05783	0.08431	0.07332	-0.00228	-0.20986	0.14204	0.27649	0.09377	0.06413	0.08633	0.05980	-0.15098	-0.08076	-0.07873	-0.04666	0.25617	(Manner $e0 $x0)
p203871	-0.01883	-0.01201	0.00276	-0.01820	0.03229	0.08337	-0.00460	0.03189	-0.03349	-0.03106	-0.05371	0.00219	0.03465	0.03878	-0.01353	-0.02166	(Member $e0 acquire)
p203872	-0.00823	0.01178	0.00001	0.00602	-0.02226	0.00823	-0.01910	-0.01059	-0.01980	0.00282	-0.01037	-0.00380	-0.00061	-0.00839	0.03887	-0.00658	(Member $e0 add)
p203873	0.01644	-0.00589	-0.01390	-0.00746	-0.00082	-0.00304	0.00064	0.00091	0.01004	0.01632	-0.00987	0.00821	0.00489	-0.00621	-0.00858	-0.02420	(Member $e0 allow)
p203874	-0.03459	-0.00601	0.02037	-0.00624	-0.01290	-0.00085	0.00421	-0.00853	-0.00014	-0.01865	0.00739	0.03518	-0.01129	-0.01527	-0.00185	-0.03576	(Member $e0 block)
p203875	-0.00098	-0.00113	0.01040	0.03126	0.00887	-0.00443	0.00026	0.01238	0.00442	-0.01267	-0.02076	-0.01409	-0.00934	-0.00304	-0.01956	0.01469	(Member $e0 commence)
p203876	-0.05800	0.08465	0.07329	-0.00223	-0.21044	0.14207	0.27650	0.09409	0.06423	0.08625	0.05943	-0.15056	-0.08105	-0.07908	-0.04660	0.25626	(Member $e0 define)
p203877	-0.04288	0.05751	0.04496	0.12371	-0.06841	-0.02521	-0.02963	0.00890	-0.04664	-0.01408	-0.10389	-0.01573	-0.03120	-0.01692	0.10112	0.04509	(Member $e0 design)
p203878	0.01089	0.00668	-0.02844	-0.01636	-0.00966	-0.01223	-0.01685	0.00807	0.00262	0.03980	-0.01872	-0.00860	0.04148	-0.00092	-0.00252	0.01174	(Member $e0 error)
p203879	-0.00411	0.00761	-0.01478	-0.02786	-0.03202	0.01790	-0.01925	0.01787	-0.02198	-0.00451	-0.00271	0.00455	0.00899	0.00766	0.04546	-0.00850	(Member $e0 follow)
p203880	0.00141	-0.00132	0.00579	0.01530	0.00223	-0.00160	-0.00985	0.00393	0.00183	-0.00459	-0.01861	-0.00559	-0.00599	-0.00657	0.00822	0.00557	(Member $e0 form)
p203881	0.04317	-0.02887	0.02694	-0.02128	-0.00681	-0.00807	0.06190	-0.00001	0.00690	-0.02796	-0.00201	0.02670	0.01273	0.00585	0.04630	-0.02803	(Member $e0 give_up)
p203882	0.28995	0.04672	-0.06350	-0.01129	-0.00537	-0.10738	-0.06587	0.14682	-0.09424	0.01208	-0.00918	0.18215	-0.06247	-0.01141	-0.00831	-0.07557	(Member $e0 include)
p203883	0.00222	0.02890	-0.02845	-0.01251	-0.03869	-0.00079	-0.02208	0.02456	-0.04575	0.01078	0.02614	-0.00405	0.01348	0.01478	0.00897	-0.01807	(Member $e0 influence)
p203884	-0.02993	-0.00391	-0.00704	-0.01004	-0.01028	0.00219	0.01215	-0.00745	-0.01172	-0.00329	0.01243	0.02805	-0.00884	-0.02328	-0.00598	-0.03114	(Member $e0 make)
p203885	0.00292	0.01462	-0.01174	0.00061	-0.01710	0.00137	-0.01512	0.01775	-0.02614	0.01504	0.01948	-0.00421	-0.00893	-0.01433	0.01377	-0.00856	(Member $e0 move)
p203886	-0.03891	-0.00536	0.01748	-0.00537	-0.02422	0.00094	0.02465	0.00002	-0.00139	-0.01986	0.01009	0.02948	-0.01200	-0.01810	-0.00567	-0.03374	(Member $e0 order)
p203887	0.00571	-0.00574	-0.00667	-0.01117	-0.00787	0.01576	-0.01713	-0.00952	-0.01705	0.01004	0.00521	-0.00246	-0.00242	-0.00983	0.01536	-0.01277	(Member $e0 play)
p203888	-0.01886	-0.01198	0.00280	-0.01818	0.03227	0.08339	-0.00460	0.03185	-0.03346	-0.03106	-0.05371	0.00215	0.03463	0.03877	-0.01353	-0.02168	(Member $e0 purchase)
p203889	-0.03223	-0.00333	-0.01546	-0.01124	-0.00911	0.00629	0.01478	-0.01293	-0.02113	0.00855	0.00178	0.03446	-0.00545	-0.02677	-0.00506	-0.03038	(Member $e0 reach)
p203890	-0.00285	0.02030	-0.01905	-0.01382	-0.02421	0.00023	-0.02269	0.01623	-0.02530	0.00299	-0.00226	-0.00217	0.01052	0.00462	0.02566	-0.00750	(Member $e0 replace)
p203891	-0.04925	0.03656	0.00187	-0.03360	-0.04384	-0.02107	0.02642	-0.02207	0.00216	-0.01181	0.02334	0.02309	-0.02748	-0.02843	0.06751	-0.06015	(Member $e0 serve)
p203892	-0.01741	-0.00670	-0.00762	0.03664	0.01694	-0.00786	0.03212	0.00443	-0.01548	0.00239	-0.01731	0.00056	-0.00947	-0.00704	-0.02494	-0.02037	(Member $e0 sign)
p203893	0.17927	0.10439	-0.00638	0.05743	-0.06047	0.06580	-0.07146	-0.06788	-0.05809	-0.00552	0.10731	0.05231	-0.01117	-0.04073	-0.06977	-0.03674	(Member $e0 sing)
p203894	-0.00146	-0.01273	0.00323	-0.00850	-0.00176	0.00068	0.00180	0.00254	0.01015	-0.01204	0.00496	0.00627	-0.00970	-0.00703	-0.00990	-0.00916	(Member $e0 use)
p203895	-0.07532	-0.12107	0.06877	-0.04241	0.04461	-0.00907	-0.01165	-0.18209	0.01914	-0.11617	0.37818	-0.07871	0.24149	-0.02763	0.01056	0.06208	(Member $e0 win)
p203896	0.01089	0.00669	-0.02849	-0.01638	-0.00968	-0.01229	-0.01681	0.00823	0.00260	0.03981	-0.01881	-0.00858	0.04151	-0.00088	-0.00250	0.01175	(Member $x0 auditor)
p203897	0.00804	0.02555	-0.07638	-0.03872	-0.03074	-0.03232	0.01638	-0.01807	0.02656	0.13615	-0.03969	0.00027	0.13755	-0.01312	0.00434	-0.00688	(Member $x0 biologist)
p203898	0.01632	-0.00814	-0.00127	-0.00441	0.00714	0.00123	-0.00726	0.00334	0.00922	-0.00367	-0.00087	-0.00975	-0.00413	-0.00134	-0.00774	0.00770	(Member $x0 boiler)
p203899	0.01630	-0.00818	-0.00127	-0.00441	0.00723	0.00123	-0.00718	0.00324	0.00931	-0.00364	-0.00087	-0.00973	-0.00414	-0.00136	-0.00768	0.00758	(Member $x0 calibration)
p203900	-0.03492	-0.01509	-0.00545	-0.00948	0.01942	-0.02044	-0.03531	-0.02871	-0.02615	-0.01581	-0.00150	0.09446	0.00683	0.01640	-0.00043	0.10700	(Member $x0 coach)
p203901	-0.00692	-0.21418	-0.02051	-0.03085	0.21298	0.09165	-0.04997	0.03618	0.29893	0.08323	0.12317	0.10891	-0.10985	-0.07037	0.06989	-0.08946	(Member $x0 company)
p203902	-0.02363	0.02706	-0.01168	-0.00896	0.03543	-0.01691	0.01008	-0.02683	-0.01623	-0.00067	0.02890	-0.01213	-0.00893	-0.01425	0.00466	-0.00307	(Member $x0 countersignature)
p203903	0.01627	-0.00820	-0.00127	-0.00442	0.00730	0.00123	-0.00714	0.00316	0.00939	-0.00362	-0.00089	-0.00971	-0.00416	-0.00137	-0.00764	0.00749	(Member $x0 courier)
p203904	0.01226	0.00270	-0.02170	-0.01238	-0.00952	-0.00561	-0.00567	-0.00028	0.02165	0.03677	-0.02328	0.00407	0.02875	-0.00782	-0.00575	-0.01458	(Member $x0 curator)
p203905	0.01821	-0.01015	-0.00785	-0.00410	0.00497	-0.00040	0.00152	0.00236	0.00147	0.00607	-0.00162	0.00512	-0.00849	-0.00493	-0.01073	-0.02538	(Member $x0 delegation)
p203906	-0.02594	0.00207	0.01480	-0.00602	-0.02351	-0.00477	0.01969	0.01029	0.00057	-0.01779	0.01336	0.01454	-0.01094	-0.01586	-0.00502	-0.02500	(Member $x0 departure)
p203907	0.01630	-0.00819	-0.00125	-0.00441	0.00723	0.00124	-0.00719	0.00320	0.00932	-0.00366	-0.00083	-0.00974	-0.00413	-0.00138	-0.00769	0.00758	(Member $x0 descent)
p203908	-0.03494	-0.01500	-0.00555	-0.00950	0.01924	-0.02048	-0.03523	-0.02853	-0.02620	-0.01576	-0.00158	0.09448	0.00682	0.01639	-0.00043	0.10701	(Member $x0 drill)
p203909	-0.00980	-0.00641	0.12280	0.01880	-0.00697	-0.00638	-0.06290	-0.05396	-0.01700	0.07238	0.01399	-0.01735	-0.05528	0.03308	-0.01087	-0.04532	(Member $x0 driver)
p203910	-0.03877	-0.02634	-0.00056	-0.00778	0.03345	-0.02611	-0.03652	-0.04803	-0.02265	-0.04321	0.02260	0.09480	0.04720	0.02155	-0.00250	0.17032	(Member $x0 elder)
p203911	0.00892	-0.00582	-0.00004	0.00718	0.00710	-0.00085	-0.00235	0.00400	0.00517	-0.00270	-0.00804	-0.00736	-0.00681	-0.00331	-0.01037	0.00249	(Member $x0 elm)
p203912	-0.07492	-0.12173	0.06901	-0.04248	0.04485	-0.00887	-0.01070	-0.18184	0.02060	-0.11702	0.37797	-0.07868	0.24157	-0.02768	0.01077	0.06196	(Member $x0 emmy)
p203913	-0.02595	0.00212	0.01480	-0.00599	-0.02350	-0.00471	0.01962	0.01012	0.00043	-0.01774	0.01337	0.01458	-0.01098	-0.01589	-0.00504	-0.02498	(Member $x0 ferry)
p203914	-0.00993	-0.00628	0.12303	0.01891	-0.00704	-0.00628	-0.06312	-0.05426	-0.01671	0.07227	0.01377	-0.01723	-0.05536	0.03299	-0.01085	-0.04539	(Member $x0 foreman)
p203915	0.00431	-0.00349	0.00348	0.01449	0.00835	-0.00212	-0.00222	0.00566	0.00655	-0.00668	-0.01304	-0.01100	-0.00698	-0.00312	-0.01114	0.01115	(Member $x0 founder)
p203916	0.00974	0.01329	-0.04377	-0.02205	-0.01999	-0.01635	0.01176	-0.01123	0.03033	0.07153	-0.02566	-0.00159	0.07303	-0.00805	-0.00168	-0.00678	(Member $x0 frame)
p203917	0.01787	-0.00962	-0.00639	-0.00432	0.00543	-0.00006	-0.00031	0.00254	0.00379	0.00361	-0.00199	0.00208	-0.00745	-0.00421	-0.00980	-0.01766	(Member $x0 freight)
p203918	0.00096	0.00014	-0.01460	-0.01142	-0.00342	-0.00445	0.00084	-0.00173	-0.00024	0.01802	-0.00802	0.00196	0.01295	-0.00519	-0.00236	-0.00191	(Member $x0 gate)
p203919	-0.03885	-0.00532	0.01690	-0.00576	-0.02457	0.00053	0.02502	0.00032	-0.00094	-0.01996	0.01060	0.02953	-0.01173	-0.01760	-0.00533	-0.03356	(Member $x0 government)
p203920	0.01632	-0.00815	-0.00127	-0.00441	0.00714	0.00124	-0.00726	0.00331	0.00923	-0.00367	-0.00086	-0.00975	-0.00413	-0.00135	-0.00773	0.00768	(Member $x0 hatch)
p203921	-0.00062	-0.00187	0.00678	0.02561	0.00951	-0.00316	-0.00024	0.00819	0.00481	-0.00923	-0.01868	-0.01256	-0.00844	-0.00360	-0.01622	0.01348	(Member $x0 hearing)
p203922	-0.00695	-0.21422	-0.02045	-0.03083	0.21307	0.09172	-0.04999	0.03595	0.29901	0.08322	0.12325	0.10889	-0.10983	-0.07042	0.06989	-0.08944	(Member $x0 hotel)
p203923	-0.03409	0.00055	0.00767	-0.00624	0.00598	-0.00587	0.00919	-0.02272	-0.00801	-0.00627	0.02602	0.00531	-0.01186	-0.00695	-0.00153	-0.01961	(Member $x0 ladder)
p203924	0.00891	-0.00583	-0.00009	0.00715	0.00713	-0.00087	-0.00230	0.00405	0.00514	-0.00268	-0.00807	-0.00735	-0.00681	-0.00329	-0.01036	0.00249	(Member $x0 last)
p203925	0.01755	-0.00968	-0.00661	-0.00474	0.00506	-0.00013	-0.00080	0.00204	0.00463	0.00364	-0.00141	0.00205	-0.00634	-0.00410	-0.00958	-0.01670	(Member $x0 licence)
p203926	-0.00910	-0.00285	-0.00239	-0.01088	-0.00365	-0.00221	0.00035	-0.01185	0.01056	0.00346	0.01203	-0.00938	0.01049	-0.00838	0.00413	-0.00255	(Member $x0 mural)
p203927	0.01640	-0.00806	-0.00129	-0.00439	0.00695	0.00119	-0.00739	0.00364	0.00897	-0.00374	-0.00092	-0.00979	-0.00410	-0.00126	-0.00785	0.00796	(Member $x0 night_crew)
p203928	0.00992	-0.00345	-0.02440	-0.01144	-0.00591	-0.00303	0.00350	-0.00561	0.01060	0.03174	-0.01867	0.00807	0.02775	-0.00811	-0.00592	-0.01281	(Member $x0 nurse)
p203929	-0.02126	0.01082	-0.00765	-0.00810	0.02788	-0.02381	-0.02800	-0.02751	-0.03167	0.01978	0.01098	0.04047	-0.01264	0.01539	-0.00336	0.06001	(Member $x0 painting)
p203930	0.01632	-0.00142	-0.02425	-0.00956	0.03347	-0.00813	0.01685	-0.01159	-0.03584	0.02667	-0.00039	0.00543	-0.00608	-0.00524	-0.00490	-0.02041	(Member $x0 pier)
p203931	0.00783	0.02536	-0.07642	-0.03877	-0.03066	-0.03230	0.01654	-0.01800	0.02654	0.13613	-0.03974	0.00028	0.13764	-0.01308	0.00438	-0.00684	(Member $x0 ranger)
p203932	-0.00620	0.01061	0.11191	0.01703	0.01056	-0.01837	-0.06681	-0.05929	-0.03560	0.10544	0.01935	-0.03134	-0.06488	0.04409	-0.01034	-0.04625	(Member $x0 recruit)
p203933	0.01630	-0.00820	-0.00125	-0.00441	0.00723	0.00125	-0.00719	0.00319	0.00934	-0.00367	-0.00080	-0.00974	-0.00413	-0.00139	-0.00769	0.00758	(Member $x0 repair)
p203934	0.00994	-0.00324	-0.02448	-0.01142	-0.00623	-0.00302	0.00334	-0.00538	0.01001	0.03176	-0.01865	0.00810	0.02771	-0.00816	-0.00599	-0.01277	(Member $x0 ridge)
p203935	-0.04120	-0.00009	0.00596	-0.00768	-0.02079	0.00179	0.02078	-0.00659	-0.00720	-0.01171	0.00975	0.03079	-0.00890	-0.02464	-0.00483	-0.03253	(Member $x0 roof)
p203936	0.00984	-0.00339	-0.02434	-0.01141	-0.00616	-0.00305	0.00339	-0.00546	0.01059	0.03150	-0.01869	0.00808	0.02789	-0.00808	-0.00594	-0.01269	(Member $x0 shepherd)
p203937	0.01633	-0.00813	-0.00129	-0.00441	0.00714	0.00121	-0.00726	0.00338	0.00920	-0.00366	-0.00092	-0.00974	-0.00414	-0.00132	-0.00773	0.00770	(Member $x0 skylight)
p203938	0.01643	-0.00798	-0.00133	-0.00439	0.00679	0.00116	-0.00751	0.00390	0.00878	-0.00377	-0.00100	-0.00980	-0.00409	-0.00120	-0.00793	0.00816	(Member $x0 spoil_mound)
p203939	0.00761	0.02520	-0.07647	-0.03881	-0.03058	-0.03230	0.01669	-0.01793	0.02651	0.13612	-0.03979	0.00029	0.13771	-0.01304	0.00441	-0.00681	(Member $x0 survey)
p203940	-0.00612	0.01060	0.11171	0.01696	0.01040	-0.01849	-0.06655	-0.05885	-0.03580	0.10548	0.01944	-0.03151	-0.06480	0.04420	-0.01037	-0.04616	(Member $x0 trainer)
p203941	0.00989	-0.00349	-0.02437	-0.01144	-0.00590	-0.00304	0.00352	-0.00561	0.01073	0.03168	-0.01869	0.00806	0.02778	-0.00809	-0.00591	-0.01280	(Member $x0 ward)
p203942	-0.06023	0.00740	-0.08780	0.05638	-0.03515	0.03793	0.05727	-0.07816	-0.09904	0.15233	-0.12806	0.11850	0.13597	-0.07205	-0.02262	-0.00774	(Ongoing $e0)
p203943	-0.01967	-0.08441	-0.02387	-0.01268	-0.03243	0.17295	-0.01223	-0.05138	0.01523	-0.02240	-0.04613	-0.00252	-0.00438	0.09504	-0.03184	-0.01358	(Ordinal $x0 <num> buy)
p203944	0.01470	0.04163	-0.19695	-0.10472	-0.09511	-0.21296	0.02163	0.46134	-0.18375	0.11074	0.05906	-0.02663	-0.03097	0.20160	0.02640	-0.02894	(Possession $x0 free_soil_party)
p203945	0.01732	0.04147	-0.19795	-0.10530	-0.09478	-0.21354	0.02156	0.46279	-0.18524	0.11192	0.05825	-0.02600	-0.03167	0.20253	0.02684	-0.02902	(Possession $x0 republican_party)
p203946	-0.00895	0.02907	0.01611	0.04389	-0.03458	-0.01053	-0.02750	0.00742	-0.00426	0.00530	-0.06285	-0.00650	-0.01794	-0.01421	0.06689	0.01420	(Result $e0 $e1)
p203947	0.01067	0.01013	-0.03127	-0.01739	-0.01196	-0.01488	-0.01850	0.01160	-0.00440	0.04337	-0.02061	-0.00857	0.04520	-0.00033	-0.00211	0.01310	(Stimulus $e0 $e1)
p203948	0.01153	0.00247	-0.01149	-0.00617	0.00916	-0.00611	-0.00057	0.00369	-0.00582	0.00135	0.00408	-0.01039	-0.00523	-0.00217	-0.00729	0.01182	(Theme $e0 monthly_servicing)
p203949	-0.00063	-0.00187	0.00686	0.02564	0.00952	-0.00311	-0.00031	0.00806	0.00486	-0.00924	-0.01863	-0.01257	-0.00845	-0.00365	-0.01624	0.01347	(Time $e0 (Weekday monday))
p203950	0.01814	-0.01022	-0.00778	-0.00408	0.00507	-0.00031	0.00149	0.00210	0.00160	0.00604	-0.00154	0.00513	-0.00847	-0.00501	-0.01073	-0.02538	(Time $e0 (Weekday thursday))
p203951	0.00997	-0.00384	0.00121	0.00390	-0.00022	0.00560	-0.01376	0.00023	0.00020	-0.00061	-0.01263	-0.00757	-0.00702	-0.00579	0.01468	0.00799	(Time $e0 later)
p203952	-0.00064	-0.00188	0.00691	0.02566	0.00952	-0.00308	-0.00035	0.00798	0.00489	-0.00926	-0.01860	-0.01258	-0.00845	-0.00367	-0.01625	0.01346	(Time $e0 morning)
p203956	-0.02943	-0.00355	0.01357	-0.00405	-0.01915	0.00052	0.01940	0.00064	-0.00104	-0.01527	0.00784	0.02158	-0.00887	-0.01379	-0.00413	-0.02524	(And (Agent $e0 $x0) (Agent $e0 jica) (Member $e0 fund) (Member $x0 government))
p203968	0.11197	0.07933	0.05213	0.06645	-0.03149	0.09295	-0.04978	-0.16458	-0.00529	-0.02626	0.11615	-0.00165	-0.02571	-0.06192	-0.04645	-0.00799	(And (Agent $e0 $x0) (Also appear $e0) (Member $e1 appear) (Member $x0 person))
p203969	0.14792	0.10594	0.06381	0.08639	-0.04021	0.12202	-0.06893	-0.22345	-0.00826	-0.03535	0.15188	0.01054	-0.02165	-0.08593	-0.06103	-0.00945	(And (Agent $e0 $x0) (Also appear $e0) (Member $e1 appear) (Past $e0))
p203970	0.14774	0.10547	0.06438	0.08654	-0.03982	0.12264	-0.06904	-0.22594	-0.00760	-0.03598	0.15322	0.01026	-0.01982	-0.08665	-0.06122	-0.00845	(And (Agent $e0 $x0) (Also appear $e0) (Member $e1 appear) (Past $e1))
p203971	0.11169	0.07844	0.05339	0.06683	-0.03089	0.09427	-0.04996	-0.16865	-0.00352	-0.02749	0.11811	-0.00201	-0.02336	-0.06311	-0.04681	-0.00692	(And (Agent $e0 $x0) (Also appear $e0) (Member $x0 person) (Past $e0))
p203973	0.11159	0.07816	0.05380	0.06695	-0.03069	0.09469	-0.05003	-0.17011	-0.00302	-0.02796	0.11888	-0.00217	-0.02236	-0.06356	-0.04694	-0.00642	(And (Agent $e0 $x0) (Also appear $e1) (Member $e0 appear) (Member $x0 person))
p203974	0.14785	0.10576	0.06403	0.08645	-0.04007	0.12225	-0.06897	-0.22436	-0.00798	-0.03560	0.15236	0.01045	-0.02098	-0.08619	-0.06110	-0.00912	(And (Agent $e0 $x0) (Also appear $e1) (Member $e0 appear) (Past $e0))
p203975	0.14780	0.10562	0.06420	0.08649	-0.03996	0.12243	-0.06900	-0.22505	-0.00779	-0.03578	0.15274	0.01037	-0.02047	-0.08640	-0.06115	-0.00883	(And (Agent $e0 $x0) (Also appear $e1) (Member $e0 appear) (Past $e1))
p203976	-0.01196	0.06466	0.12376	0.00081	0.10226	0.03258	-0.09610	0.15460	-0.06426	-0.08180	-0.11850	0.00366	0.11561	-0.06939	-0.03482	-0.03357	(And (Agent $e0 $x0) (Beneficiary $e0 $x1) (Member $e0 buy) (Member $x0 school))
p203977	-0.01208	0.06464	0.12392	0.00088	0.10238	0.03271	-0.09624	0.15421	-0.06417	-0.08173	-0.11855	0.00371	0.11555	-0.06951	-0.03480	-0.03364	(And (Agent $e0 $x0) (Beneficiary $e0 $x1) (Member $e0 buy) (Member $x1 hall))
p203978	0.21688	-0.09354	0.08489	-0.02204	0.03065	-0.03725	0.15872	0.00956	0.03695	-0.05618	-0.04721	0.02709	0.05568	0.06452	0.09540	-0.02555	(And (Agent $e0 $x0) (Cardinality $x0 <num>) (GroupOf $x0 climber) (Member $e0 abandon))
p203979	0.21684	-0.09352	0.08494	-0.02198	0.03071	-0.03719	0.15873	0.00916	0.03700	-0.05622	-0.04698	0.02708	0.05574	0.06445	0.09538	-0.02543	(And (Agent $e0 $x0) (Cardinality $x0 <num>) (Member $e0 abandon) (Theme $e0 $x1))
p203980	-0.00981	0.04931	0.07609	0.01361	0.02289	-0.03439	-0.06934	-0.05987	-0.04163	0.07942	0.02328	-0.01985	-0.04742	0.03931	-0.00635	0.00781	(And (Agent $e0 $x0) (Cardinality $x1 <num>) (Recipient $e0 $x2) (Theme $e0 $x1))
p203981	0.00252	0.01465	-0.05377	-0.02819	-0.02140	-0.02192	0.00874	-0.01323	0.02010	0.09740	-0.02637	-0.00151	0.09941	-0.00959	0.00272	-0.00550	(And (Agent $e0 $x0) (CoAgent $e0 $x1) (Location $e0 $x2) (Member $x0 biologist))
p203982	0.00233	0.01415	-0.05379	-0.02827	-0.02121	-0.02182	0.00908	-0.01319	0.02031	0.09731	-0.02639	-0.00152	0.09957	-0.00951	0.00278	-0.00544	(And (Agent $e0 $x0) (CoAgent $e0 $x1) (Location $e0 $x2) (Member $x1 ranger))
p203983	0.00265	0.01497	-0.05376	-0.02813	-0.02152	-0.02199	0.00851	-0.01324	0.01993	0.09745	-0.02634	-0.00151	0.09931	-0.00964	0.00267	-0.00554	(And (Agent $e0 $x0) (CoAgent $e0 $x1) (Location $e0 $x2) (Member $x2 survey))
p203984	0.00251	0.01461	-0.05377	-0.02819	-0.02139	-0.02191	0.00876	-0.01323	0.02011	0.09739	-0.02636	-0.00151	0.09942	-0.00958	0.00272	-0.00550	(And (Agent $e0 $x0) (CoAgent $e0 $x1) (Member $x0 biologist) (Member $x1 ranger))
p203985	0.01364	-0.00771	-0.00577	-0.00296	0.00395	0.00021	0.00073	0.00155	-0.00013	0.00530	-0.00045	0.00272	-0.00694	-0.00368	-0.00833	-0.01918	(And (Agent $e0 $x0) (Future $e0) (Member $x0 delegation) (Time $e0 (Weekday thursday)))
p203986	0.21681	-0.09351	0.08495	-0.02196	0.03073	-0.03717	0.15874	0.00898	0.03702	-0.05624	-0.04688	0.02708	0.05577	0.06442	0.09538	-0.02537	(And (Agent $e0 $x0) (GroupOf $x0 climber) (Member $e0 abandon) (Theme $e0 $x1))
p203987	0.01321	-0.00811	-0.00580	-0.00351	0.00406	0.00030	0.00021	0.00050	0.00043	0.00511	0.00109	0.00252	-0.00598	-0.00363	-0.00809	-0.01817	(And (Agent $e0 $x0) (GroupOf $x0 soil_sample) (Inheritance soil_sample sample) (Instrument $e0 post))
p203988	-0.02898	-0.02556	-0.00317	-0.00645	0.03901	-0.02563	-0.04472	-0.04593	-0.02080	-0.03832	0.01810	0.09029	0.04831	0.02407	-0.00139	0.17540	(And (Agent $e0 $x0) (GroupOf $x1 child) (Member $e0 teach) (Recipient $e0 $x1))
p203989	-0.02897	-0.02557	-0.00313	-0.00644	0.03902	-0.02562	-0.04473	-0.04595	-0.02074	-0.03836	0.01807	0.09028	0.04830	0.02410	-0.00139	0.17543	(And (Agent $e0 $x0) (GroupOf $x1 child) (Member $x0 elder) (Recipient $e0 $x1))
p203990	-0.02891	-0.02558	-0.00303	-0.00640	0.03905	-0.02562	-0.04479	-0.04597	-0.02061	-0.03845	0.01795	0.09027	0.04830	0.02423	-0.00136	0.17551	(And (Agent $e0 $x0) (GroupOf $x1 child) (Recipient $e0 $x1) (Theme $e0 $x2))
p203991	-0.00912	0.07310	-0.07882	-0.01249	0.14113	0.06206	0.06951	-0.08400	-0.05562	0.02299	-0.06327	-0.00569	-0.04404	0.06541	0.00513	-0.00949	(And (Agent $e0 $x0) (GroupOf $x1 forklift) (Member $e0 buy) (Theme $e0 $x1))
p203992	-0.02860	-0.00493	0.01095	-0.00464	-0.01679	0.00020	0.01770	-0.00053	-0.00021	-0.01431	0.00774	0.02309	-0.00877	-0.01196	-0.00394	-0.02512	(And (Agent $e0 $x0) (GroupOf $x1 sample) (Member $e0 examine) (Theme $e0 $x1))
p203993	-0.02858	-0.00502	0.01077	-0.00470	-0.01676	0.00003	0.01789	-0.00001	-0.00032	-0.01420	0.00754	0.02312	-0.00880	-0.01196	-0.00393	-0.02518	(And (Agent $e0 $x0) (GroupOf $x1 sample) (Member $x0 physician) (Theme $e0 $x1))
p203994	-0.02824	-0.00544	0.00985	-0.00469	-0.01499	0.00005	0.01627	-0.00096	-0.00075	-0.01355	0.00702	0.02410	-0.00900	-0.01151	-0.00405	-0.02531	(And (Agent $e0 $x0) (Inheritance evening_flight flight) (Member $x1 evening_flight) (Theme $e0 $x1))
p203995	-0.02913	-0.00406	0.01271	-0.00426	-0.01850	0.00045	0.01893	0.00020	-0.00052	-0.01508	0.00795	0.02195	-0.00879	-0.01305	-0.00410	-0.02513	(And (Agent $e0 $x0) (Inheritance loan_application application) (Member $x1 loan_application) (Theme $e0 $x1))
p203996	0.01355	-0.00761	-0.00633	-0.00365	0.00323	-0.00055	0.00094	0.00152	0.00231	0.00449	-0.00124	0.00445	-0.00527	-0.00364	-0.00766	-0.01844	(And (Agent $e0 $x0) (Inheritance night_delivery delivery) (Member $x0 licence) (Theme $e0 night_delivery))
p203997	-0.01397	-0.06927	-0.01934	-0.00881	-0.02596	0.13340	-0.00911	-0.04409	0.01475	-0.01720	-0.03354	-0.00290	-0.00357	0.07879	-0.02587	-0.00914	(And (Agent $e0 $x0) (Inheritance pottery_studio studio) (Member $e0 buy) (Member $x0 pottery_studio))
p203998	-0.03132	0.16031	0.02719	0.02766	-0.09024	-0.05779	-0.06273	-0.05252	0.31595	-0.07822	-0.07146	0.00451	0.01012	0.06782	0.00340	-0.01780	(And (Agent $e0 $x0) (Location $e0 $x1) (Member $e0 discover) (Member $x0 diver))
p203999	0.00690	0.02484	-0.06470	-0.03195	-0.02426	-0.02898	0.01403	-0.01228	0.00932	0.11467	-0.03347	0.00057	0.11445	-0.01040	0.00440	-0.00334	(And (Agent $e0 $x0) (Location $e0 $x1) (Member $e0 work) (Member $x0 biologist))
p204000	0.01217	0.03577	-0.08738	-0.04250	-0.03359	-0.03942	0.02171	-0.01703	0.01559	0.15345	-0.04685	0.00236	0.15263	-0.01392	0.00604	-0.00470	(And (Agent $e0 $x0) (Location $e0 $x1) (Member $e0 work) (Member $x1 survey))
p204001	0.00827	0.00455	-0.02245	-0.01144	-0.01154	-0.00578	-0.00285	-0.00240	0.01943	0.03830	-0.02193	0.00635	0.02871	-0.00686	-0.00361	-0.01640	(And (Agent $e0 $x0) (Location $e0 $x1) (Member $x0 curator) (Member $x1 hall))
p204002	0.00819	0.00446	-0.02242	-0.01144	-0.01146	-0.00577	-0.00279	-0.00249	0.01960	0.03825	-0.02192	0.00634	0.02878	-0.00683	-0.00359	-0.01637	(And (Agent $e0 $x0) (Location $e0 $x1) (Member $x0 curator) (Theme $e0 photography))
p204003	0.00577	0.01534	-0.04321	-0.02085	-0.02176	-0.01662	0.01342	-0.01192	0.02790	0.07217	-0.02536	0.00080	0.07380	-0.00768	0.00016	-0.00859	(And (Agent $e0 $x0) (Location $e0 $x1) (Member $x0 welder) (Member $x1 frame))
p204004	0.00829	0.00458	-0.02246	-0.01144	-0.01156	-0.00578	-0.00286	-0.00237	0.01938	0.03832	-0.02194	0.00636	0.02869	-0.00687	-0.00361	-0.01641	(And (Agent $e0 $x0) (Location $e0 $x1) (Member $x1 hall) (Theme $e0 photography))
p204006	-0.02219	-0.00142	0.02138	-0.00636	-0.02303	-0.01031	0.01163	0.01844	-0.00328	-0.01981	0.00715	0.01816	-0.00377	-0.00871	0.00318	-0.02667	(And (Agent $e0 $x0) (Member $e0 abandon) (Member $x0 firm) (Theme $e0 $x1))
p204007	0.21687	-0.09353	0.08490	-0.02202	0.03066	-0.03723	0.15871	0.00945	0.03697	-0.05619	-0.04715	0.02709	0.05570	0.06450	0.09539	-0.02552	(And (Agent $e0 $x0) (Member $e0 abandon) (Member $x1 north_route) (Theme $e0 $x1))
p204009	-0.02216	-0.00144	0.02135	-0.00637	-0.02302	-0.01032	0.01162	0.01851	-0.00338	-0.01978	0.00711	0.01818	-0.00380	-0.00867	0.00318	-0.02667	(And (Agent $e0 $x0) (Member $e0 abandon) (Member $x1 tender) (Theme $e0 $x1))
p204011	-0.02889	-0.00134	0.01374	-0.00362	-0.02136	-0.00199	0.02162	0.00407	0.00092	-0.01547	0.00602	0.02029	-0.00955	-0.01170	-0.00382	-0.02527	(And (Agent $e0 $x0) (Member $e0 answer) (Member $x0 clerk) (Theme $e0 $x1))
p204012	-0.02884	-0.00158	0.01355	-0.00368	-0.02113	-0.00191	0.02155	0.00377	0.00113	-0.01545	0.00609	0.02053	-0.00954	-0.01159	-0.00382	-0.02526	(And (Agent $e0 $x0) (Member $e0 answer) (Member $x0 pilot) (Theme $e0 $x1))
p204013	-0.02897	-0.00145	0.01396	-0.00353	-0.02112	-0.00166	0.02142	0.00311	0.00098	-0.01554	0.00641	0.02032	-0.00954	-0.01183	-0.00388	-0.02521	(And (Agent $e0 $x0) (Member $e0 answer) (Member $x1 query) (Theme $e0 $x1))
p204014	-0.02888	-0.00165	0.01367	-0.00363	-0.02100	-0.00173	0.02143	0.00324	0.00117	-0.01549	0.00630	0.02054	-0.00953	-0.01166	-0.00385	-0.02523	(And (Agent $e0 $x0) (Member $e0 answer) (Member $x1 tower) (Theme $e0 $x1))
p204018	0.18716	0.12953	0.09616	0.11402	-0.05256	0.16057	-0.08092	-0.28179	-0.00258	-0.04692	0.20208	-0.01650	-0.04884	-0.10321	-0.07935	-0.01154	(And (Agent $e0 $x0) (Member $e0 appear) (Member $x0 person) (Past $e0))
p204019	0.01385	-0.00755	-0.00609	-0.00322	0.00357	-0.00042	0.00143	0.00191	0.00143	0.00448	-0.00180	0.00450	-0.00640	-0.00380	-0.00789	-0.01943	(And (Agent $e0 $x0) (Member $e0 arrive) (Member $x0 freight) (Time $e0 (Hour <num>)))
p204020	-0.00911	0.07311	-0.07879	-0.01248	0.14113	0.06211	0.06948	-0.08408	-0.05561	0.02304	-0.06324	-0.00574	-0.04407	0.06539	0.00512	-0.00952	(And (Agent $e0 $x0) (Member $e0 buy) (Member $x0 depot) (Past $e0))
p204021	-0.00922	0.07312	-0.07914	-0.01254	0.14106	0.06164	0.06969	-0.08326	-0.05590	0.02266	-0.06355	-0.00525	-0.04372	0.06560	0.00517	-0.00916	(And (Agent $e0 $x0) (Member $e0 buy) (Member $x0 depot) (Theme $e0 $x1))
p204023	-0.01385	-0.06930	-0.01919	-0.00879	-0.02584	0.13330	-0.00915	-0.04381	0.01473	-0.01730	-0.03347	-0.00307	-0.00364	0.07880	-0.02589	-0.00925	(And (Agent $e0 $x0) (Member $e0 buy) (Member $x0 pottery_studio) (Past $e0))
p204024	-0.01393	-0.06928	-0.01929	-0.00880	-0.02592	0.13337	-0.00912	-0.04401	0.01475	-0.01724	-0.03351	-0.00296	-0.00360	0.07879	-0.02588	-0.00917	(And (Agent $e0 $x0) (Member $e0 buy) (Member $x0 pottery_studio) (Theme $e0 $x1))
p204025	-0.01191	0.06466	0.12369	0.00078	0.10221	0.03254	-0.09603	0.15476	-0.06428	-0.08183	-0.11847	0.00364	0.11563	-0.06933	-0.03483	-0.03353	(And (Agent $e0 $x0) (Member $e0 buy) (Member $x0 school) (Past $e0))
p204026	-0.01211	0.06463	0.12397	0.00090	0.10242	0.03274	-0.09628	0.15410	-0.06414	-0.08172	-0.11856	0.00372	0.11554	-0.06954	-0.03479	-0.03366	(And (Agent $e0 $x0) (Member $e0 buy) (Member $x0 school) (Theme $e0 $x1))
p204028	-0.01386	-0.06930	-0.01920	-0.00879	-0.02585	0.13331	-0.00914	-0.04384	0.01473	-0.01730	-0.03347	-0.00306	-0.00364	0.07880	-0.02588	-0.00924	(And (Agent $e0 $x0) (Member $e0 buy) (Member $x1 kiln) (Theme $e0 $x1))
p204031	-0.01771	-0.00305	-0.01078	0.02589	0.02011	-0.00944	0.02433	0.00899	-0.02441	0.00471	-0.01758	0.00556	-0.00862	-0.00649	-0.01855	-0.01848	(And (Agent $e0 $x0) (Member $e0 cancel) (Member $x0 council) (Patient $e0 $x1))
p204032	-0.01871	-0.00325	-0.01050	0.02592	0.02060	-0.00927	0.02356	0.00823	-0.02418	0.00409	-0.01769	0.00706	-0.00869	-0.00722	-0.01846	-0.01896	(And (Agent $e0 $x0) (Member $e0 cancel) (Member $x0 tutor) (Patient $e0 $x1))
p204033	-0.01865	-0.00318	-0.01054	0.02593	0.02058	-0.00930	0.02364	0.00834	-0.02427	0.00412	-0.01781	0.00710	-0.00877	-0.00719	-0.01845	-0.01900	(And (Agent $e0 $x0) (Member $e0 cancel) (Member $x1 afternoon_session) (Patient $e0 $x1))
p204034	-0.01774	-0.00309	-0.01077	0.02588	0.02012	-0.00943	0.02428	0.00894	-0.02437	0.00469	-0.01751	0.00554	-0.00857	-0.00650	-0.01855	-0.01845	(And (Agent $e0 $x0) (Member $e0 cancel) (Member $x1 summer_fair) (Patient $e0 $x1))
p204035	-0.01860	-0.00240	-0.01563	0.02252	0.01898	-0.00295	0.02062	-0.00717	-0.03087	0.01955	-0.02444	0.01798	-0.00461	-0.01501	-0.01518	-0.01824	(And (Agent $e0 $x0) (Member $e0 cause) (Member $e1 destroy) (Theme $e0 $e1))
p204036	-0.01857	-0.00232	-0.01560	0.02254	0.01887	-0.00297	0.02063	-0.00703	-0.03082	0.01953	-0.02458	0.01802	-0.00469	-0.01500	-0.01518	-0.01827	(And (Agent $e0 $x0) (Member $e0 cause) (Patient $e1 $x1) (Theme $e0 $e1))
p204037	-0.03155	0.00648	0.01937	-0.00233	-0.02502	-0.00187	0.01759	0.00770	-0.00409	-0.01643	0.00642	0.01684	-0.01012	-0.01981	-0.00509	-0.02600	(And (Agent $e0 $x0) (Member $e0 decide) (Member $x0 board) (Theme $e0 $x1))
p204038	-0.03022	0.00108	0.01659	-0.00306	-0.02168	-0.00093	0.01874	0.00228	0.00060	-0.01654	0.00680	0.01990	-0.00888	-0.01604	-0.00413	-0.02546	(And (Agent $e0 $x0) (Member $e0 decide) (Member $x0 judge) (Theme $e0 $x1))
p204039	-0.03149	0.00646	0.01931	-0.00239	-0.02513	-0.00209	0.01762	0.00832	-0.00407	-0.01648	0.00627	0.01683	-0.01009	-0.01971	-0.00507	-0.02605	(And (Agent $e0 $x0) (Member $e0 decide) (Member $x1 budget) (Theme $e0 $x1))
p204040	-0.03022	0.00108	0.01657	-0.00308	-0.02170	-0.00098	0.01876	0.00241	0.00061	-0.01654	0.00677	0.01989	-0.00887	-0.01602	-0.00412	-0.02547	(And (Agent $e0 $x0) (Member $e0 decide) (Member $x1 case) (Theme $e0 $x1))
p204041	-0.03156	0.00648	0.01938	-0.00232	-0.02500	-0.00183	0.01758	0.00759	-0.00409	-0.01643	0.00645	0.01684	-0.01013	-0.01983	-0.00510	-0.02598	(And (Agent $e0 $x0) (Member $e0 decide) (Possession $x1 next_year) (Theme $e0 $x1))
p204042	-0.03148	0.16079	0.02672	0.02734	-0.09133	-0.05815	-0.06251	-0.05049	0.31559	-0.07826	-0.07213	0.00478	0.01011	0.06776	0.00348	-0.01780	(And (Agent $e0 $x0) (Member $e0 discover) (Member $x0 diver) (Theme $e0 $x1))
p204043	-0.02562	0.04406	0.00249	-0.00133	-0.04384	-0.02750	0.01332	0.04317	0.02483	-0.01889	-0.02885	0.01778	-0.01655	0.01242	-0.00174	-0.02525	(And (Agent $e0 $x0) (Member $e0 discover) (Member $x0 intern) (Theme $e0 $x1))
p204044	-0.02550	0.04420	0.00230	-0.00135	-0.04397	-0.02774	0.01326	0.04374	0.02482	-0.01874	-0.02928	0.01785	-0.01667	0.01267	-0.00171	-0.02536	(And (Agent $e0 $x0) (Member $e0 discover) (Member $x1 file) (Theme $e0 $x1))
p204045	-0.02568	0.04398	0.00259	-0.00132	-0.04374	-0.02736	0.01335	0.04283	0.02484	-0.01896	-0.02861	0.01775	-0.01651	0.01228	-0.00175	-0.02520	(And (Agent $e0 $x0) (Member $e0 discover) (Member $x1 missing) (Theme $e0 $x1))
p204046	-0.03132	0.16028	0.02722	0.02768	-0.09019	-0.05777	-0.06274	-0.05262	0.31597	-0.07821	-0.07142	0.00450	0.01012	0.06781	0.00339	-0.01781	(And (Agent $e0 $x0) (Member $e0 discover) (Member $x1 wreck) (Theme $e0 $x1))
p204047	-0.02943	-0.00355	0.01364	-0.00402	-0.01913	0.00060	0.01934	0.00044	-0.00103	-0.01530	0.00790	0.02160	-0.00887	-0.01383	-0.00415	-0.02522	(And (Agent $e0 $x0) (Member $e0 fund) (Member $x0 government) (Theme $e0 $x1))
p204048	-0.00010	0.01941	0.11485	0.02104	0.01907	-0.01693	-0.07609	-0.06180	-0.03098	0.09670	0.01387	-0.03503	-0.05827	0.03626	-0.01018	-0.03874	(And (Agent $e0 $x0) (Member $e0 give) (Member $x0 school) (Recipient $e0 $x1))
p204049	-0.00010	0.01944	0.11492	0.02108	0.01909	-0.01690	-0.07618	-0.06185	-0.03089	0.09666	0.01371	-0.03495	-0.05829	0.03624	-0.01016	-0.03878	(And (Agent $e0 $x0) (Member $e0 give) (Member $x0 school) (Theme $e0 $x1))
p204050	0.00323	0.01225	0.10967	0.01918	0.01636	-0.01771	-0.07361	-0.05945	-0.03356	0.10816	0.01596	-0.03887	-0.06079	0.04646	-0.00953	-0.03771	(And (Agent $e0 $x0) (Member $e0 give) (Member $x0 trainer) (Recipient $e0 $x1))
p204051	0.00299	0.01225	0.11026	0.01937	0.01680	-0.01736	-0.07436	-0.06072	-0.03307	0.10800	0.01585	-0.03847	-0.06096	0.04616	-0.00946	-0.03793	(And (Agent $e0 $x0) (Member $e0 give) (Member $x0 trainer) (Theme $e0 $x1))
p204052	-0.00127	-0.00450	0.12252	0.02134	-0.00204	-0.00504	-0.07084	-0.05495	-0.01346	0.07227	0.01017	-0.02335	-0.05077	0.03368	-0.00998	-0.03714	(And (Agent $e0 $x0) (Member $e0 give) (Member $x1 answer) (Theme $e0 $x1))
p204053	-0.00061	-0.00456	0.12196	0.02128	-0.00083	-0.00541	-0.07098	-0.05540	-0.01438	0.07479	0.01061	-0.02462	-0.05141	0.03486	-0.01001	-0.03707	(And (Agent $e0 $x0) (Member $e0 give) (Member $x1 manifest) (Theme $e0 $x1))
p204054	0.00313	0.01226	0.10992	0.01926	0.01654	-0.01756	-0.07394	-0.05998	-0.03333	0.10809	0.01588	-0.03868	-0.06089	0.04634	-0.00950	-0.03782	(And (Agent $e0 $x0) (Member $e0 give) (Member $x1 recruit) (Recipient $e0 $x1))
p204055	-0.00010	0.01945	0.11494	0.02109	0.01911	-0.01688	-0.07622	-0.06186	-0.03086	0.09665	0.01361	-0.03489	-0.05831	0.03624	-0.01016	-0.03880	(And (Agent $e0 $x0) (Member $e0 give) (Member $x1 winner) (Recipient $e0 $x1))
p204056	-0.02487	0.03454	-0.00414	-0.00449	0.03733	-0.03832	-0.04910	-0.04304	-0.04645	0.03002	0.01667	0.04607	-0.01375	0.02813	-0.00098	0.09704	(And (Agent $e0 $x0) (Member $e0 lend) (Member $x0 museum) (Recipient $e0 $x1))
p204057	-0.02487	0.03455	-0.00421	-0.00451	0.03729	-0.03835	-0.04909	-0.04295	-0.04649	0.03003	0.01663	0.04613	-0.01374	0.02813	-0.00097	0.09708	(And (Agent $e0 $x0) (Member $e0 lend) (Member $x0 museum) (Theme $e0 $x1))
p204058	-0.02809	0.00878	0.00211	-0.00455	0.01962	-0.01166	0.01740	-0.02155	-0.01919	-0.00474	0.01821	0.01650	-0.01134	-0.00689	-0.00222	-0.01927	(And (Agent $e0 $x0) (Member $e0 lend) (Member $x0 neighbour) (Recipient $e0 ravi))
p204059	-0.02807	0.00880	0.00216	-0.00453	0.01964	-0.01165	0.01732	-0.02161	-0.01914	-0.00478	0.01820	0.01653	-0.01135	-0.00692	-0.00222	-0.01932	(And (Agent $e0 $x0) (Member $e0 lend) (Member $x0 neighbour) (Theme $e0 $x1))
p204060	-0.02487	0.03455	-0.00420	-0.00451	0.03730	-0.03835	-0.04909	-0.04296	-0.04649	0.03003	0.01663	0.04612	-0.01374	0.02813	-0.00097	0.09708	(And (Agent $e0 $x0) (Member $e0 lend) (Member $x1 gallery) (Recipient $e0 $x1))
p204061	-0.02395	0.02611	-0.00493	-0.00209	0.03549	-0.03019	-0.04018	-0.04247	-0.04458	0.03101	0.01826	0.02954	-0.01041	0.02798	-0.00461	0.11156	(And (Agent $e0 $x0) (Member $e0 lend) (Member $x1 generator) (Theme $e0 $x1))
p204062	-0.03142	-0.00159	-0.00392	-0.00815	-0.01076	0.00189	0.01140	-0.00777	-0.00948	-0.00543	0.01147	0.02517	-0.00647	-0.02043	-0.00352	-0.02433	(And (Agent $e0 $x0) (Member $e0 make) (Patient $e0 $e1) (Theme $e1 $x1))
p204063	-0.02952	-0.00351	0.01424	-0.00366	-0.01898	0.00092	0.01915	0.00032	-0.00146	-0.01525	0.00746	0.02142	-0.00911	-0.01432	-0.00445	-0.02537	(And (Agent $e0 $x0) (Member $e0 order) (Member $x1 scan) (Theme $e0 $x1))
p204064	-0.02953	-0.00351	0.01427	-0.00364	-0.01897	0.00097	0.01912	0.00022	-0.00146	-0.01526	0.00749	0.02144	-0.00911	-0.01434	-0.00446	-0.02536	(And (Agent $e0 $x0) (Member $e0 order) (Ordinal $x1 <num> scan) (Theme $e0 $x1))
p204065	-0.02960	-0.00033	0.01639	-0.00318	-0.02120	-0.00141	0.01845	0.00243	0.00198	-0.01702	0.00694	0.02014	-0.00853	-0.01409	-0.00398	-0.02535	(And (Agent $e0 $x0) (Member $e0 postpone) (Member $x0 club) (Theme $e0 $x1))
p204066	-0.02960	-0.00034	0.01644	-0.00315	-0.02114	-0.00130	0.01840	0.00216	0.00195	-0.01703	0.00703	0.02016	-0.00854	-0.01412	-0.00400	-0.02532	(And (Agent $e0 $x0) (Member $e0 postpone) (Member $x1 tournament) (Theme $e0 $x1))
p204067	-0.03221	-0.00128	-0.00995	-0.00900	-0.00974	0.00518	0.01260	-0.01221	-0.01590	0.00283	0.00428	0.02887	-0.00386	-0.02265	-0.00300	-0.02351	(And (Agent $e0 $x0) (Member $e0 reach) (Theme $e0 $e1) (Theme $e1 $x1))
p204068	-0.01339	-0.00508	-0.00582	0.02747	0.01326	-0.00595	0.02428	0.00339	-0.01196	0.00181	-0.01308	0.00065	-0.00731	-0.00544	-0.01873	-0.01560	(And (Agent $e0 $x0) (Member $e0 sign) (Member $x1 chart) (Patient $e0 $x1))
p204069	-0.02894	-0.02558	-0.00308	-0.00641	0.03904	-0.02562	-0.04476	-0.04596	-0.02067	-0.03841	0.01801	0.09028	0.04830	0.02417	-0.00138	0.17546	(And (Agent $e0 $x0) (Member $e0 teach) (Member $x0 elder) (Recipient $e0 $x1))
p204070	-0.02900	-0.02555	-0.00320	-0.00646	0.03900	-0.02563	-0.04471	-0.04591	-0.02085	-0.03829	0.01813	0.09029	0.04831	0.02403	-0.00139	0.17538	(And (Agent $e0 $x0) (Member $e0 teach) (Member $x0 elder) (Theme $e0 $x1))
p204071	0.02597	-0.00536	-0.07211	-0.02193	0.01343	-0.03973	-0.02510	0.06107	-0.05384	-0.00268	-0.05818	0.10720	0.03038	0.02738	0.00202	0.16736	(And (Agent $e0 $x0) (Member $e0 teach) (Member $x0 potter) (Recipient $e0 $x1))
p204072	0.02600	-0.00532	-0.07204	-0.02189	0.01339	-0.03968	-0.02508	0.06100	-0.05375	-0.00271	-0.05816	0.10720	0.03033	0.02730	0.00200	0.16732	(And (Agent $e0 $x0) (Member $e0 teach) (Member $x0 potter) (Theme $e0 glazing))
p204073	0.02601	-0.00530	-0.07201	-0.02187	0.01337	-0.03966	-0.02508	0.06096	-0.05371	-0.00273	-0.05816	0.10719	0.03031	0.02726	0.00199	0.16730	(And (Agent $e0 $x0) (Member $e0 teach) (Member $x1 apprentice) (Recipient $e0 $x1))
p204074	-0.02529	-0.01436	-0.00823	-0.00830	0.02613	-0.02028	-0.04386	-0.02825	-0.02465	-0.01134	-0.00524	0.09053	0.00894	0.01876	0.00119	0.11310	(And (Agent $e0 $x0) (Member $e0 teach) (Member $x1 drill) (Theme $e0 $x1))
p204075	-0.02895	-0.02557	-0.00310	-0.00642	0.03903	-0.02562	-0.04475	-0.04596	-0.02070	-0.03839	0.01804	0.09028	0.04830	0.02414	-0.00138	0.17544	(And (Agent $e0 $x0) (Member $e0 teach) (Member $x1 song) (Theme $e0 $x1))
p204076	-0.03139	-0.00150	-0.00397	-0.00816	-0.01083	0.00184	0.01138	-0.00763	-0.00957	-0.00541	0.01138	0.02522	-0.00651	-0.02041	-0.00352	-0.02433	(And (Agent $e0 $x0) (Member $e1 decision) (Patient $e0 $e1) (Theme $e1 $x1))
p204077	-0.03228	-0.00153	-0.00988	-0.00900	-0.00950	0.00528	0.01260	-0.01260	-0.01576	0.00279	0.00459	0.02879	-0.00375	-0.02270	-0.00301	-0.02351	(And (Agent $e0 $x0) (Member $e1 decision) (Theme $e0 $e1) (Theme $e1 $x1))
p204078	-0.01858	-0.00233	-0.01560	0.02253	0.01889	-0.00297	0.02063	-0.00706	-0.03082	0.01953	-0.02455	0.01801	-0.00467	-0.01500	-0.01518	-0.01827	(And (Agent $e0 $x0) (Member $e1 destroy) (Patient $e1 $x1) (Theme $e0 $e1))
p204079	-0.02825	-0.00546	0.00984	-0.00470	-0.01498	0.00005	0.01629	-0.00096	-0.00073	-0.01355	0.00703	0.02408	-0.00900	-0.01151	-0.00404	-0.02530	(And (Agent $e0 $x0) (Member $x0 airline) (Member $x1 evening_flight) (Theme $e0 $x1))
p204080	-0.02913	-0.00406	0.01267	-0.00427	-0.01851	0.00041	0.01897	0.00030	-0.00050	-0.01506	0.00792	0.02193	-0.00879	-0.01303	-0.00408	-0.02514	(And (Agent $e0 $x0) (Member $x0 bank) (Member $x1 loan_application) (Theme $e0 $x1))
p204081	-0.03148	0.00645	0.01930	-0.00240	-0.02515	-0.00213	0.01763	0.00845	-0.00406	-0.01650	0.00625	0.01682	-0.01008	-0.01969	-0.00507	-0.02607	(And (Agent $e0 $x0) (Member $x0 board) (Member $x1 budget) (Theme $e0 $x1))
p204082	-0.03151	0.00647	0.01933	-0.00237	-0.02509	-0.00201	0.01761	0.00811	-0.00408	-0.01646	0.00632	0.01683	-0.01010	-0.01975	-0.00508	-0.02603	(And (Agent $e0 $x0) (Member $x0 board) (Possession $x1 next_year) (Theme $e0 $x1))
p204083	-0.02895	-0.00140	0.01386	-0.00357	-0.02122	-0.00180	0.02151	0.00351	0.00096	-0.01550	0.00624	0.02031	-0.00954	-0.01178	-0.00386	-0.02524	(And (Agent $e0 $x0) (Member $x0 clerk) (Member $x1 query) (Theme $e0 $x1))
p204084	-0.02896	-0.02557	-0.00311	-0.00643	0.03903	-0.02562	-0.04474	-0.04596	-0.02072	-0.03837	0.01805	0.09028	0.04830	0.02412	-0.00138	0.17543	(And (Agent $e0 $x0) (Member $x0 elder) (Member $x1 song) (Theme $e0 $x1))
p204085	-0.02895	-0.02557	-0.00310	-0.00642	0.03903	-0.02562	-0.04475	-0.04596	-0.02070	-0.03838	0.01804	0.09028	0.04830	0.02414	-0.00138	0.17545	(And (Agent $e0 $x0) (Member $x0 elder) (Recipient $e0 $x1) (Theme $e0 $x2))
p204087	-0.03015	0.00438	0.01427	-0.00473	-0.02450	-0.00518	0.02170	0.00946	-0.00328	-0.01631	0.01197	0.01700	-0.00919	-0.01478	-0.00321	-0.02489	(And (Agent $e0 $x0) (Member $x0 ferry) (Member $x1 departure) (Theme $e0 $x1))
p204089	-0.03022	0.00108	0.01657	-0.00308	-0.02171	-0.00099	0.01877	0.00245	0.00061	-0.01654	0.00676	0.01988	-0.00887	-0.01601	-0.00412	-0.02547	(And (Agent $e0 $x0) (Member $x0 judge) (Member $x1 case) (Theme $e0 $x1))
p204090	-0.02489	0.03456	-0.00428	-0.00454	0.03726	-0.03838	-0.04907	-0.04286	-0.04654	0.03005	0.01658	0.04619	-0.01371	0.02812	-0.00095	0.09713	(And (Agent $e0 $x0) (Member $x0 museum) (Member $x1 gallery) (Recipient $e0 $x1))
p204091	-0.02488	0.03455	-0.00421	-0.00451	0.03729	-0.03835	-0.04909	-0.04294	-0.04649	0.03003	0.01662	0.04614	-0.01373	0.02813	-0.00096	0.09708	(And (Agent $e0 $x0) (Member $x0 museum) (Recipient $e0 $x1) (Theme $e0 $x2))
p204092	-0.02812	0.00875	0.00174	-0.00465	0.01952	-0.01183	0.01779	-0.02118	-0.01960	-0.00451	0.01824	0.01636	-0.01127	-0.00674	-0.00217	-0.01905	(And (Agent $e0 $x0) (Member $x0 neighbour) (Recipient $e0 ravi) (Theme $e0 $x1))
p204093	-0.01406	0.03368	-0.00590	0.06719	-0.04570	-0.02378	-0.00316	0.05292	-0.08205	-0.00540	-0.07432	0.03544	-0.01365	0.00091	-0.01628	-0.01827	(And (Agent $e0 $x0) (Member $x0 person) (Past $e0) (Patient $e0 $x1))
p204094	-0.02956	-0.00358	0.01465	-0.00339	-0.01828	0.00104	0.01805	-0.00002	-0.00191	-0.01514	0.00699	0.02191	-0.00934	-0.01468	-0.00466	-0.02564	(And (Agent $e0 $x0) (Member $x0 physician) (Member $x1 scan) (Theme $e0 $x1))
p204095	-0.02956	-0.00357	0.01467	-0.00338	-0.01828	0.00107	0.01803	-0.00008	-0.00191	-0.01515	0.00700	0.02192	-0.00935	-0.01469	-0.00467	-0.02563	(And (Agent $e0 $x0) (Member $x0 physician) (Ordinal $x1 <num> scan) (Theme $e0 $x1))
p204096	-0.02889	-0.00166	0.01371	-0.00362	-0.02096	-0.00168	0.02140	0.00310	0.00117	-0.01550	0.00636	0.02055	-0.00953	-0.01168	-0.00386	-0.02522	(And (Agent $e0 $x0) (Member $x0 pilot) (Member $x1 tower) (Theme $e0 $x1))
p204097	0.02598	-0.00534	-0.07209	-0.02192	0.01342	-0.03971	-0.02509	0.06104	-0.05381	-0.00269	-0.05817	0.10720	0.03036	0.02735	0.00201	0.16734	(And (Agent $e0 $x0) (Member $x0 potter) (Member $x1 apprentice) (Recipient $e0 $x1))
p204098	0.02594	-0.00539	-0.07216	-0.02196	0.01346	-0.03976	-0.02510	0.06112	-0.05389	-0.00266	-0.05818	0.10720	0.03042	0.02743	0.00203	0.16739	(And (Agent $e0 $x0) (Member $x0 potter) (Recipient $e0 $x1) (Theme $e0 glazing))
p204099	-0.01394	-0.06928	-0.01930	-0.00881	-0.02593	0.13338	-0.00911	-0.04405	0.01475	-0.01722	-0.03352	-0.00294	-0.00359	0.07879	-0.02587	-0.00916	(And (Agent $e0 $x0) (Member $x0 pottery_studio) (Ordinal $x1 <num> buy) (Theme $e0 $x1))
p204100	-0.00009	0.01942	0.11487	0.02106	0.01908	-0.01692	-0.07612	-0.06181	-0.03095	0.09669	0.01379	-0.03499	-0.05828	0.03626	-0.01017	-0.03875	(And (Agent $e0 $x0) (Member $x0 school) (Member $x1 winner) (Recipient $e0 $x1))
p204101	-0.00010	0.01942	0.11487	0.02105	0.01908	-0.01692	-0.07611	-0.06181	-0.03096	0.09669	0.01383	-0.03501	-0.05827	0.03626	-0.01018	-0.03875	(And (Agent $e0 $x0) (Member $x0 school) (Recipient $e0 $x1) (Theme $e0 $x2))
p204102	0.00293	0.01225	0.11043	0.01943	0.01692	-0.01726	-0.07456	-0.06109	-0.03295	0.10795	0.01585	-0.03838	-0.06099	0.04607	-0.00945	-0.03798	(And (Agent $e0 $x0) (Member $x0 trainer) (Member $x1 recruit) (Recipient $e0 $x1))
p204103	0.00326	0.01224	0.10959	0.01915	0.01630	-0.01775	-0.07350	-0.05930	-0.03364	0.10818	0.01600	-0.03894	-0.06076	0.04650	-0.00954	-0.03767	(And (Agent $e0 $x0) (Member $x0 trainer) (Recipient $e0 $x1) (Theme $e0 $x2))
p204104	0.01361	-0.00765	-0.00639	-0.00368	0.00333	-0.00052	0.00111	0.00148	0.00197	0.00457	-0.00120	0.00459	-0.00547	-0.00372	-0.00765	-0.01871	(And (Agent $e0 $x0) (Member $x0 warden) (Theme $e0 visitor) (Time $e0 (Weekday sunday)))
p204105	-0.00140	-0.00435	0.12280	0.02148	-0.00210	-0.00492	-0.07113	-0.05532	-0.01318	0.07216	0.00999	-0.02324	-0.05086	0.03358	-0.00997	-0.03721	(And (Agent $e0 $x0) (Member $x1 answer) (Recipient $e0 $x2) (Theme $e0 $x1))
p204106	0.02612	-0.00517	-0.07165	-0.02168	0.01319	-0.03940	-0.02501	0.06057	-0.05316	-0.00294	-0.05808	0.10718	0.03006	0.02688	0.00190	0.16711	(And (Agent $e0 $x0) (Member $x1 apprentice) (Recipient $e0 $x1) (Theme $e0 glazing))
p204107	-0.03156	0.00648	0.01938	-0.00232	-0.02501	-0.00184	0.01758	0.00762	-0.00409	-0.01643	0.00644	0.01684	-0.01012	-0.01982	-0.00509	-0.02599	(And (Agent $e0 $x0) (Member $x1 budget) (Possession $x1 next_year) (Theme $e0 $x1))
p204109	-0.02527	-0.01441	-0.00818	-0.00829	0.02626	-0.02027	-0.04390	-0.02835	-0.02464	-0.01136	-0.00519	0.09052	0.00896	0.01877	0.00119	0.11309	(And (Agent $e0 $x0) (Member $x1 drill) (Recipient $e0 $x2) (Theme $e0 $x1))
p204110	-0.02501	0.03460	-0.00486	-0.00475	0.03712	-0.03859	-0.04901	-0.04242	-0.04701	0.03016	0.01637	0.04671	-0.01352	0.02804	-0.00084	0.09754	(And (Agent $e0 $x0) (Member $x1 gallery) (Recipient $e0 $x1) (Theme $e0 $x2))
p204111	-0.02395	0.02610	-0.00513	-0.00214	0.03543	-0.03030	-0.04009	-0.04219	-0.04469	0.03103	0.01815	0.02964	-0.01034	0.02803	-0.00460	0.11171	(And (Agent $e0 $x0) (Member $x1 generator) (Recipient $e0 $x2) (Theme $e0 $x1))
p204112	-0.01392	-0.06929	-0.01928	-0.00880	-0.02591	0.13337	-0.00912	-0.04399	0.01475	-0.01724	-0.03351	-0.00297	-0.00360	0.07879	-0.02588	-0.00918	(And (Agent $e0 $x0) (Member $x1 kiln) (Ordinal $x1 <num> buy) (Theme $e0 $x1))
p204113	-0.00050	-0.00467	0.12174	0.02118	-0.00078	-0.00551	-0.07076	-0.05513	-0.01462	0.07490	0.01078	-0.02473	-0.05134	0.03493	-0.01002	-0.03701	(And (Agent $e0 $x0) (Member $x1 manifest) (Recipient $e0 $x2) (Theme $e0 $x1))
p204114	0.00295	0.01225	0.11038	0.01941	0.01688	-0.01729	-0.07450	-0.06096	-0.03298	0.10796	0.01585	-0.03841	-0.06098	0.04610	-0.00945	-0.03797	(And (Agent $e0 $x0) (Member $x1 recruit) (Recipient $e0 $x1) (Theme $e0 $x2))
p204115	-0.02892	-0.02558	-0.00304	-0.00640	0.03905	-0.02562	-0.04478	-0.04597	-0.02062	-0.03845	0.01796	0.09027	0.04830	0.02422	-0.00137	0.17550	(And (Agent $e0 $x0) (Member $x1 song) (Recipient $e0 $x2) (Theme $e0 $x1))
p204116	-0.00010	0.01941	0.11485	0.02104	0.01907	-0.01693	-0.07608	-0.06180	-0.03098	0.09670	0.01389	-0.03504	-0.05827	0.03626	-0.01018	-0.03873	(And (Agent $e0 $x0) (Member $x1 winner) (Recipient $e0 $x1) (Theme $e0 $x2))
p204117	-0.01394	-0.06928	-0.01931	-0.00881	-0.02593	0.13338	-0.00911	-0.04404	0.01475	-0.01722	-0.03353	-0.00293	-0.00359	0.07879	-0.02587	-0.00916	(And (Agent $e0 $x0) (Ordinal $x1 <num> buy) (Past $e0) (Theme $e0 $x1))
p204118	0.00556	0.00394	-0.02467	-0.01412	-0.00704	-0.00851	-0.00614	-0.00429	0.00472	0.03857	-0.01191	-0.00776	0.04230	-0.00358	-0.00082	0.00788	(And (Agent $e0 dara) (Location $e0 $x0) (Member $e0 work) (Member $x0 ledger))
p204121	0.14796	0.10605	0.06367	0.08635	-0.04029	0.12187	-0.06891	-0.22291	-0.00844	-0.03520	0.15161	0.01060	-0.02205	-0.08576	-0.06099	-0.00965	(And (Also appear $e0) (Member $e1 appear) (Past $e0) (Past $e1))
p204122	-0.00153	-0.00078	0.01057	0.02879	0.00759	-0.00403	0.00124	0.01174	0.00380	-0.01192	-0.01761	-0.01168	-0.00760	-0.00234	-0.01780	0.01120	(And (Before $x0 $e0) (Future $e0) (Member $x0 lunch) (Patient $e0 $x1))
p204123	-0.00153	-0.00079	0.01047	0.02877	0.00759	-0.00408	0.00137	0.01186	0.00378	-0.01193	-0.01764	-0.01169	-0.00758	-0.00228	-0.01779	0.01124	(And (Before $x0 $e0) (Future $e0) (Member $x1 dress_rehearsal) (Patient $e0 $x1))
p204124	-0.01229	0.06454	0.12423	0.00097	0.10258	0.03295	-0.09647	0.15358	-0.06393	-0.08166	-0.11861	0.00380	0.11546	-0.06971	-0.03476	-0.03380	(And (Beneficiary $e0 $x0) (Member $e0 buy) (Member $x0 hall) (Past $e0))
p204125	-0.01222	0.06458	0.12413	0.00095	0.10252	0.03287	-0.09640	0.15378	-0.06402	-0.08168	-0.11860	0.00377	0.11549	-0.06965	-0.03478	-0.03375	(And (Beneficiary $e0 $x0) (Member $e0 buy) (Member $x0 hall) (Theme $e0 $x1))
p204126	-0.04407	0.07272	0.05553	-0.00133	-0.16069	0.10559	0.20591	0.07701	0.03339	0.06853	0.03972	-0.11369	-0.06273	-0.06086	-0.03554	0.19217	(And (Can $e0) (Cardinality $x0 <num>) (GroupOf $x0 way) (Manner $e0 $x0))
p204127	-0.04398	0.07224	0.05577	-0.00132	-0.16001	0.10579	0.20586	0.07616	0.03368	0.06848	0.04034	-0.11413	-0.06244	-0.06064	-0.03563	0.19213	(And (Can $e0) (Cardinality $x0 <num>) (Manner $e0 $x0) (Member $x0 random))
p204128	-0.04419	0.07317	0.05532	-0.00134	-0.16125	0.10554	0.20593	0.07759	0.03308	0.06867	0.03907	-0.11320	-0.06308	-0.06117	-0.03545	0.19221	(And (Can $e0) (GroupOf $x0 way) (Manner $e0 $x0) (Member $e0 define))
p204129	-0.04409	0.07281	0.05548	-0.00134	-0.16081	0.10557	0.20592	0.07715	0.03332	0.06855	0.03958	-0.11359	-0.06279	-0.06092	-0.03552	0.19218	(And (Can $e0) (GroupOf $x0 way) (Manner $e0 $x0) (Theme $e0 $x1))
p204130	-0.04419	0.07321	0.05529	-0.00135	-0.16127	0.10552	0.20593	0.07767	0.03302	0.06869	0.03900	-0.11318	-0.06310	-0.06117	-0.03545	0.19221	(And (Can $e0) (Manner $e0 $x0) (Member $e0 define) (Member $x0 random))
p204131	-0.04409	0.07292	0.05541	-0.00134	-0.16091	0.10553	0.20593	0.07734	0.03321	0.06859	0.03943	-0.11351	-0.06284	-0.06095	-0.03550	0.19218	(And (Can $e0) (Manner $e0 $x0) (Member $x0 random) (Theme $e0 $x1))
p204132	-0.00912	0.07311	-0.07881	-0.01249	0.14113	0.06208	0.06949	-0.08404	-0.05561	0.02301	-0.06325	-0.00571	-0.04405	0.06540	0.00512	-0.00951	(And (Cardinality $x0 <num>) (GroupOf $x0 forklift) (Member $e0 buy) (Theme $e0 $x0))
p204133	-0.04412	0.07296	0.05541	-0.00134	-0.16100	0.10554	0.20594	0.07736	0.03322	0.06859	0.03938	-0.11345	-0.06289	-0.06100	-0.03549	0.19220	(And (Cardinality $x0 <num>) (GroupOf $x0 way) (Manner $e0 $x0) (Member $e0 define))
p204134	-0.04410	0.07289	0.05544	-0.00134	-0.16090	0.10555	0.20592	0.07727	0.03327	0.06857	0.03947	-0.11351	-0.06284	-0.06096	-0.03550	0.19219	(And (Cardinality $x0 <num>) (GroupOf $x0 way) (Manner $e0 $x0) (Theme $e0 $x1))
p204135	-0.04410	0.07293	0.05541	-0.00135	-0.16093	0.10552	0.20593	0.07736	0.03320	0.06859	0.03941	-0.11349	-0.06285	-0.06095	-0.03550	0.19218	(And (Cardinality $x0 <num>) (Manner $e0 $x0) (Member $e0 define) (Member $x0 random))
p204136	-0.04400	0.07240	0.05568	-0.00133	-0.16024	0.10571	0.20588	0.07647	0.03357	0.06849	0.04013	-0.11400	-0.06252	-0.06070	-0.03560	0.19214	(And (Cardinality $x0 <num>) (Manner $e0 $x0) (Member $x0 random) (Theme $e0 $x1))
p204137	0.00295	0.01565	-0.05377	-0.02801	-0.02177	-0.02211	0.00808	-0.01323	0.01961	0.09754	-0.02629	-0.00152	0.09913	-0.00975	0.00254	-0.00562	(And (CoAgent $e0 $x0) (Location $e0 $x1) (Member $x0 ranger) (Member $x1 survey))
p204138	0.00997	0.00220	-0.01695	-0.00938	0.00132	-0.00404	-0.00407	-0.00168	-0.00067	0.02225	-0.01054	-0.00613	0.01561	-0.00218	-0.00135	0.00633	(And (Experiencer $e0 $x0) (Location $e0 $x1) (Member $e0 wait) (Member $x1 gate))
p204139	0.00810	0.00961	-0.02481	-0.01331	-0.00995	-0.01257	-0.01401	0.01100	-0.00840	0.03354	-0.01642	-0.00638	0.03464	0.00028	-0.00147	0.01061	(And (Experiencer $e0 $x0) (Location $e1 $x1) (Member $e0 discover) (Stimulus $e0 $e1))
p204140	0.00748	0.00658	-0.02311	-0.01331	-0.00895	-0.01066	-0.01444	0.00730	0.00200	0.03333	-0.01520	-0.00655	0.03497	-0.00060	-0.00151	0.00915	(And (Experiencer $e0 $x0) (Location $e1 $x1) (Member $e1 error) (Stimulus $e0 $e1))
p204141	0.00751	0.00663	-0.02341	-0.01345	-0.00909	-0.01100	-0.01427	0.00818	0.00186	0.03343	-0.01566	-0.00645	0.03507	-0.00042	-0.00139	0.00918	(And (Experiencer $e0 $x0) (Location $e1 $x1) (Member $x0 auditor) (Stimulus $e0 $e1))
p204143	-0.00799	0.01817	0.01136	0.02830	-0.02123	-0.00884	-0.01579	0.01025	-0.00400	-0.00096	-0.03872	-0.00389	-0.01325	-0.00781	0.03975	0.01048	(And (Experiencer $e0 $x0) (Member $e1 become) (Past $e1) (Result $e1 $e0))
p204145	0.00750	0.00662	-0.02331	-0.01340	-0.00905	-0.01089	-0.01433	0.00789	0.00191	0.03340	-0.01550	-0.00649	0.03503	-0.00048	-0.00143	0.00917	(And (Experiencer $e0 $x0) (Member $e1 error) (Member $x0 auditor) (Stimulus $e0 $e1))
p204147	-0.00154	-0.00077	0.01061	0.02880	0.00760	-0.00401	0.00118	0.01168	0.00382	-0.01192	-0.01759	-0.01168	-0.00761	-0.00237	-0.01780	0.01119	(And (Future $e0) (Inheritance dress_rehearsal rehearsal) (Member $x0 dress_rehearsal) (Patient $e0 $x0))
p204148	-0.02894	-0.02558	-0.00307	-0.00641	0.03904	-0.02562	-0.04476	-0.04597	-0.02066	-0.03841	0.01801	0.09028	0.04830	0.02417	-0.00137	0.17546	(And (GroupOf $x0 child) (Member $e0 teach) (Recipient $e0 $x0) (Theme $e0 $x1))
p204149	-0.02892	-0.02558	-0.00304	-0.00640	0.03905	-0.02562	-0.04478	-0.04597	-0.02062	-0.03844	0.01797	0.09027	0.04830	0.02421	-0.00137	0.17550	(And (GroupOf $x0 child) (Member $x1 song) (Recipient $e0 $x0) (Theme $e0 $x1))
p204150	-0.03370	0.13110	-0.05296	-0.01560	0.14438	-0.07396	0.03555	-0.06652	-0.08004	0.02574	0.05058	-0.01723	-0.02065	-0.02482	0.02717	0.00147	(And (GroupOf $x0 egg) (Holder $e0 $x1) (Member $e0 require) (Theme $e0 $x0))
p204151	-0.00911	0.07311	-0.07879	-0.01248	0.14113	0.06212	0.06948	-0.08410	-0.05560	0.02304	-0.06323	-0.00575	-0.04408	0.06539	0.00512	-0.00953	(And (GroupOf $x0 forklift) (Member $e0 buy) (Past $e0) (Theme $e0 $x0))
p204152	-0.04403	0.07252	0.05563	-0.00133	-0.16042	0.10567	0.20589	0.07666	0.03353	0.06849	0.04000	-0.11388	-0.06260	-0.06077	-0.03558	0.19215	(And (GroupOf $x0 sequence) (GroupOf $x1 way) (Manner $e0 $x1) (Theme $e0 $x0))
p204153	-0.04416	0.07313	0.05532	-0.00135	-0.16118	0.10551	0.20594	0.07760	0.03307	0.06866	0.03912	-0.11329	-0.06301	-0.06109	-0.03546	0.19221	(And (GroupOf $x0 sequence) (Manner $e0 $x1) (Member $x1 random) (Theme $e0 $x0))
p204154	-0.04413	0.07300	0.05539	-0.00134	-0.16105	0.10554	0.20594	0.07742	0.03320	0.06860	0.03932	-0.11341	-0.06293	-0.06103	-0.03549	0.19220	(And (GroupOf $x0 way) (Manner $e0 $x0) (Member $e0 define) (Theme $e0 $x1))
p204155	0.00787	0.00323	-0.00953	-0.00464	0.00600	-0.00503	0.00122	0.00250	-0.00706	0.00135	0.00444	-0.00831	-0.00416	-0.00174	-0.00567	0.00963	(And (Holder $e0 $x0) (Inheritance monthly_servicing monthly) (Inheritance monthly_servicing servicing) (Theme $e0 monthly_servicing))
p204156	0.00786	0.00319	-0.00950	-0.00463	0.00605	-0.00499	0.00121	0.00236	-0.00704	0.00134	0.00453	-0.00832	-0.00416	-0.00177	-0.00567	0.00964	(And (Holder $e0 $x0) (Inheritance monthly_servicing monthly) (Member $x0 lathe) (Theme $e0 monthly_servicing))
p204157	0.00789	0.00327	-0.00955	-0.00464	0.00594	-0.00507	0.00122	0.00264	-0.00707	0.00135	0.00435	-0.00830	-0.00417	-0.00171	-0.00567	0.00963	(And (Holder $e0 $x0) (Inheritance monthly_servicing servicing) (Member $x0 lathe) (Theme $e0 monthly_servicing))
p204158	-0.03233	0.06589	-0.02134	-0.00823	0.03088	-0.03060	0.02000	-0.02860	-0.03370	0.00716	0.02863	-0.01360	-0.01230	-0.01583	0.01065	-0.00126	(And (Holder $e0 $x0) (Member $e0 require) (Member $x0 permit) (Theme $e0 $x1))
p204159	-0.03373	0.13113	-0.05293	-0.01559	0.14434	-0.07405	0.03551	-0.06633	-0.08011	0.02570	0.05057	-0.01726	-0.02063	-0.02478	0.02716	0.00145	(And (Holder $e0 $x0) (Member $e0 require) (Member $x0 recipe) (Theme $e0 $x1))
p204160	-0.02742	0.02892	-0.01108	-0.00780	0.03311	-0.01703	0.01159	-0.02711	-0.01814	0.00011	0.02866	-0.00970	-0.00788	-0.01374	0.00651	-0.00492	(And (Holder $e0 $x0) (Member $x0 permit) (Member $x1 countersignature) (Theme $e0 $x1))
p204161	-0.01877	-0.00333	-0.01041	0.02593	0.02063	-0.00919	0.02349	0.00803	-0.02401	0.00401	-0.01754	0.00702	-0.00863	-0.00725	-0.01847	-0.01892	(And (Inheritance afternoon_session session) (Member $e0 cancel) (Member $x0 afternoon_session) (Patient $e0 $x0))
p204162	0.00816	0.00355	-0.00939	-0.00465	0.00530	-0.00525	0.00017	0.00369	-0.00575	0.00148	0.00246	-0.00787	-0.00391	-0.00156	-0.00537	0.00944	(And (Inheritance monthly_servicing monthly) (Inheritance monthly_servicing servicing) (Member $e0 require) (Theme $e0 monthly_servicing))
p204163	0.21684	-0.09352	0.08494	-0.02199	0.03070	-0.03719	0.15872	0.00918	0.03700	-0.05622	-0.04700	0.02708	0.05574	0.06445	0.09538	-0.02544	(And (Inheritance north_route north) (Member $e0 abandon) (Member $x0 north_route) (Theme $e0 $x0))
p204164	0.21689	-0.09354	0.08487	-0.02205	0.03063	-0.03727	0.15872	0.00967	0.03692	-0.05617	-0.04728	0.02710	0.05567	0.06454	0.09540	-0.02558	(And (Inheritance north_route route) (Member $e0 abandon) (Member $x0 north_route) (Theme $e0 $x0))
p204165	-0.01773	-0.00307	-0.01078	0.02588	0.02012	-0.00944	0.02430	0.00897	-0.02439	0.00470	-0.01755	0.00555	-0.00860	-0.00649	-0.01855	-0.01846	(And (Inheritance summer_fair fair) (Member $e0 cancel) (Member $x0 summer_fair) (Patient $e0 $x0))
p204167	-0.03133	0.16032	0.02718	0.02765	-0.09027	-0.05780	-0.06272	-0.05247	0.31594	-0.07822	-0.07147	0.00452	0.01012	0.06781	0.00340	-0.01780	(And (Location $e0 $x0) (Member $e0 discover) (Member $x1 wreck) (Theme $e0 $x1))
p204168	0.00749	0.00660	-0.02318	-0.01334	-0.00899	-0.01075	-0.01440	0.00751	0.00197	0.03335	-0.01531	-0.00653	0.03499	-0.00056	-0.00148	0.00916	(And (Location $e0 $x0) (Member $e0 error) (Member $x0 ledger) (Stimulus $e1 $e0))
p204169	0.00810	0.00961	-0.02482	-0.01331	-0.00996	-0.01258	-0.01400	0.01103	-0.00841	0.03354	-0.01644	-0.00638	0.03465	0.00028	-0.00147	0.01061	(And (Location $e0 $x0) (Member $e1 discover) (Member $x0 ledger) (Stimulus $e1 $e0))
p204170	-0.04417	0.07316	0.05530	-0.00135	-0.16121	0.10551	0.20594	0.07763	0.03305	0.06867	0.03908	-0.11325	-0.06304	-0.06112	-0.03546	0.19221	(And (Manner $e0 $x0) (Member $e0 define) (Member $x0 random) (Theme $e0 $x1))
p204171	-0.02216	-0.00144	0.02136	-0.00637	-0.02302	-0.01032	0.01163	0.01851	-0.00337	-0.01978	0.00711	0.01818	-0.00380	-0.00867	0.00318	-0.02667	(And (Member $e0 abandon) (Member $x0 firm) (Possession $x1 $x0) (Theme $e0 $x1))
p204172	-0.02225	-0.00140	0.02144	-0.00636	-0.02304	-0.01031	0.01164	0.01834	-0.00314	-0.01988	0.00723	0.01813	-0.00373	-0.00878	0.00319	-0.02666	(And (Member $e0 abandon) (Member $x0 tender) (Possession $x0 $x1) (Theme $e0 $x0))
p204175	-0.01400	-0.06925	-0.01937	-0.00881	-0.02600	0.13341	-0.00912	-0.04415	0.01474	-0.01718	-0.03356	-0.00286	-0.00355	0.07878	-0.02587	-0.00912	(And (Member $e0 buy) (Member $x0 kiln) (Past $e0) (Theme $e0 $x0))
p204177	-0.01857	-0.00233	-0.01560	0.02253	0.01887	-0.00297	0.02063	-0.00704	-0.03082	0.01953	-0.02457	0.01802	-0.00468	-0.01500	-0.01518	-0.01827	(And (Member $e0 cause) (Member $e1 destroy) (Patient $e1 $x0) (Theme $e0 $e1))
p204178	-0.03152	0.00647	0.01933	-0.00236	-0.02508	-0.00200	0.01761	0.00806	-0.00408	-0.01646	0.00633	0.01683	-0.01010	-0.01976	-0.00508	-0.02603	(And (Member $e0 decide) (Member $x0 budget) (Possession $x0 next_year) (Theme $e0 $x0))
p204179	-0.03139	-0.00149	-0.00397	-0.00816	-0.01083	0.00184	0.01138	-0.00763	-0.00957	-0.00541	0.01138	0.02522	-0.00651	-0.02041	-0.00351	-0.02433	(And (Member $e0 decision) (Member $e1 make) (Patient $e1 $e0) (Theme $e0 $x0))
p204180	-0.03235	-0.00207	-0.00977	-0.00902	-0.00903	0.00543	0.01261	-0.01326	-0.01556	0.00270	0.00516	0.02865	-0.00348	-0.02278	-0.00301	-0.02353	(And (Member $e0 decision) (Member $e1 reach) (Theme $e0 $x0) (Theme $e1 $e0))
p204183	-0.02551	0.04419	0.00231	-0.00135	-0.04397	-0.02773	0.01327	0.04372	0.02482	-0.01874	-0.02926	0.01784	-0.01666	0.01265	-0.00171	-0.02535	(And (Member $e0 discover) (Member $x0 file) (Member $x0 missing) (Theme $e0 $x0))
p204184	-0.00125	-0.00453	0.12246	0.02132	-0.00203	-0.00506	-0.07078	-0.05488	-0.01353	0.07229	0.01021	-0.02337	-0.05074	0.03369	-0.00998	-0.03713	(And (Member $e0 give) (Member $x0 answer) (Recipient $e0 $x1) (Theme $e0 $x0))
p204185	-0.00051	-0.00467	0.12175	0.02118	-0.00078	-0.00550	-0.07077	-0.05514	-0.01461	0.07489	0.01077	-0.02473	-0.05134	0.03493	-0.01002	-0.03701	(And (Member $e0 give) (Member $x0 manifest) (Recipient $e0 $x1) (Theme $e0 $x0))
p204186	0.00322	0.01225	0.10969	0.01919	0.01637	-0.01770	-0.07364	-0.05949	-0.03354	0.10815	0.01595	-0.03885	-0.06080	0.04645	-0.00953	-0.03773	(And (Member $e0 give) (Member $x0 recruit) (Recipient $e0 $x0) (Theme $e0 $x1))
p204187	-0.00012	0.01950	0.11512	0.02117	0.01918	-0.01679	-0.07646	-0.06201	-0.03065	0.09656	0.01323	-0.03469	-0.05836	0.03617	-0.01012	-0.03890	(And (Member $e0 give) (Member $x0 winner) (Recipient $e0 $x0) (Theme $e0 $x1))
p204188	-0.02496	0.03459	-0.00464	-0.00467	0.03715	-0.03851	-0.04902	-0.04255	-0.04682	0.03012	0.01643	0.04652	-0.01360	0.02807	-0.00088	0.09739	(And (Member $e0 lend) (Member $x0 gallery) (Recipient $e0 $x0) (Theme $e0 $x1))
p204189	-0.02397	0.02609	-0.00542	-0.00221	0.03541	-0.03045	-0.04000	-0.04188	-0.04490	0.03103	0.01805	0.02980	-0.01020	0.02809	-0.00458	0.11194	(And (Member $e0 lend) (Member $x0 generator) (Recipient $e0 $x1) (Theme $e0 $x0))
p204191	0.02598	-0.00534	-0.07208	-0.02192	0.01341	-0.03971	-0.02509	0.06104	-0.05380	-0.00269	-0.05817	0.10720	0.03036	0.02734	0.00201	0.16734	(And (Member $e0 teach) (Member $x0 apprentice) (Recipient $e0 $x0) (Theme $e0 glazing))
p204192	-0.02527	-0.01441	-0.00818	-0.00829	0.02626	-0.02027	-0.04390	-0.02835	-0.02464	-0.01136	-0.00519	0.09052	0.00896	0.01877	0.00119	0.11309	(And (Member $e0 teach) (Member $x0 drill) (Recipient $e0 $x1) (Theme $e0 $x0))
p204193	-0.02893	-0.02558	-0.00306	-0.00641	0.03905	-0.02562	-0.04477	-0.04597	-0.02065	-0.03843	0.01799	0.09028	0.04830	0.02418	-0.00137	0.17548	(And (Member $e0 teach) (Member $x0 song) (Recipient $e0 $x1) (Theme $e0 $x0))
p204194	-0.03016	0.00443	0.01427	-0.00470	-0.02446	-0.00510	0.02161	0.00926	-0.00343	-0.01625	0.01198	0.01705	-0.00924	-0.01480	-0.00323	-0.02487	(And (Member $x0 departure) (Member $x1 ferry) (Possession $x0 $x1) (Theme $e0 $x0))
p204195	-0.01385	-0.06930	-0.01919	-0.00879	-0.02584	0.13330	-0.00915	-0.04381	0.01473	-0.01730	-0.03347	-0.00308	-0.00364	0.07880	-0.02589	-0.00925	(And (Member $x0 kiln) (Ordinal $x0 <num> buy) (Past $e0) (Theme $e0 $x0))
p204865	0.14784	0.10572	0.06408	0.08647	-0.04003	0.12231	-0.06898	-0.22457	-0.00792	-0.03565	0.15247	0.01042	-0.02083	-0.08625	-0.06112	-0.00904	(And (Agent $e0 $x0) (Also appear $e0) (Member $e1 appear))
p204866	0.11159	0.07817	0.05379	0.06695	-0.03069	0.09468	-0.05002	-0.17005	-0.00304	-0.02795	0.11885	-0.00217	-0.02240	-0.06354	-0.04693	-0.00644	(And (Agent $e0 $x0) (Also appear $e0) (Member $x0 person))
p204867	0.14781	0.10563	0.06419	0.08649	-0.03996	0.12242	-0.06900	-0.22503	-0.00779	-0.03577	0.15272	0.01037	-0.02050	-0.08639	-0.06115	-0.00885	(And (Agent $e0 $x0) (Also appear $e1) (Member $e0 appear))
p204868	0.21683	-0.09352	0.08494	-0.02197	0.03072	-0.03718	0.15873	0.00908	0.03701	-0.05623	-0.04694	0.02708	0.05576	0.06444	0.09538	-0.02540	(And (Agent $e0 $x0) (Cardinality $x0 <num>) (Member $e0 abandon))
p204869	0.00246	0.01448	-0.05378	-0.02822	-0.02134	-0.02189	0.00885	-0.01322	0.02017	0.09737	-0.02638	-0.00151	0.09946	-0.00956	0.00274	-0.00548	(And (Agent $e0 $x0) (CoAgent $e0 $x1) (Member $x0 biologist))
p204870	0.00262	0.01490	-0.05376	-0.02815	-0.02149	-0.02197	0.00857	-0.01324	0.01998	0.09744	-0.02635	-0.00151	0.09933	-0.00963	0.00268	-0.00553	(And (Agent $e0 $x0) (CoAgent $e0 $x1) (Member $x1 ranger))
p204871	0.01360	-0.00774	-0.00574	-0.00296	0.00400	0.00025	0.00072	0.00144	-0.00008	0.00529	-0.00042	0.00273	-0.00693	-0.00371	-0.00832	-0.01919	(And (Agent $e0 $x0) (Future $e0) (Member $x0 delegation))
p204872	0.21682	-0.09351	0.08495	-0.02197	0.03072	-0.03717	0.15873	0.00905	0.03701	-0.05623	-0.04693	0.02708	0.05576	0.06443	0.09538	-0.02539	(And (Agent $e0 $x0) (GroupOf $x0 climber) (Member $e0 abandon))
p204873	0.01323	-0.00810	-0.00581	-0.00351	0.00405	0.00029	0.00022	0.00053	0.00041	0.00511	0.00109	0.00251	-0.00598	-0.00362	-0.00809	-0.01817	(And (Agent $e0 $x0) (GroupOf $x0 soil_sample) (Inheritance soil_sample sample))
p204874	0.01333	-0.00800	-0.00592	-0.00353	0.00390	0.00016	0.00027	0.00089	0.00024	0.00514	0.00100	0.00249	-0.00600	-0.00351	-0.00810	-0.01815	(And (Agent $e0 $x0) (GroupOf $x0 soil_sample) (Instrument $e0 post))
p204875	-0.02892	-0.02558	-0.00304	-0.00640	0.03905	-0.02562	-0.04478	-0.04597	-0.02062	-0.03845	0.01796	0.09027	0.04830	0.02422	-0.00137	0.17550	(And (Agent $e0 $x0) (GroupOf $x1 child) (Recipient $e0 $x1))
p204876	0.01355	-0.00761	-0.00633	-0.00365	0.00323	-0.00055	0.00094	0.00152	0.00231	0.00449	-0.00124	0.00445	-0.00527	-0.00364	-0.00766	-0.01844	(And (Agent $e0 $x0) (Inheritance night_delivery delivery) (Theme $e0 night_delivery))
p204877	0.00817	0.00443	-0.02242	-0.01144	-0.01144	-0.00577	-0.00277	-0.00250	0.01964	0.03823	-0.02192	0.00633	0.02879	-0.00682	-0.00359	-0.01636	(And (Agent $e0 $x0) (Location $e0 $x1) (Member $x0 curator))
p204878	0.00588	0.01544	-0.04319	-0.02083	-0.02180	-0.01664	0.01334	-0.01190	0.02785	0.07218	-0.02536	0.00080	0.07377	-0.00769	0.00015	-0.00861	(And (Agent $e0 $x0) (Location $e0 $x1) (Member $x0 welder))
p204879	0.00924	0.02858	-0.06644	-0.03065	-0.03180	-0.02762	0.02230	-0.01535	0.02836	0.11096	-0.03845	0.00103	0.11116	-0.01078	0.00122	-0.00938	(And (Agent $e0 $x0) (Location $e0 $x1) (Member $x1 frame))
p204880	0.00825	0.00453	-0.02244	-0.01144	-0.01152	-0.00578	-0.00283	-0.00243	0.01947	0.03829	-0.02192	0.00635	0.02873	-0.00685	-0.00361	-0.01639	(And (Agent $e0 $x0) (Location $e0 $x1) (Member $x1 hall))
p204881	-0.02225	-0.00140	0.02144	-0.00636	-0.02305	-0.01031	0.01165	0.01834	-0.00313	-0.01988	0.00723	0.01813	-0.00373	-0.00879	0.00319	-0.02666	(And (Agent $e0 $x0) (Member $e0 abandon) (Member $x0 firm))
p204883	-0.02896	-0.00143	0.01391	-0.00355	-0.02117	-0.00173	0.02147	0.00332	0.00097	-0.01552	0.00632	0.02031	-0.00954	-0.01180	-0.00387	-0.02523	(And (Agent $e0 $x0) (Member $e0 answer) (Member $x0 clerk))
p204884	-0.02880	-0.00155	0.01347	-0.00371	-0.02123	-0.00202	0.02163	0.00413	0.00110	-0.01543	0.00595	0.02052	-0.00955	-0.01153	-0.00380	-0.02528	(And (Agent $e0 $x0) (Member $e0 answer) (Member $x0 pilot))
p204886	0.18695	0.12892	0.09721	0.11436	-0.05217	0.16162	-0.08107	-0.28498	-0.00126	-0.04810	0.20372	-0.01685	-0.04691	-0.10422	-0.07964	-0.01060	(And (Agent $e0 $x0) (Member $e0 appear) (Member $x0 person))
p204887	0.01391	-0.00749	-0.00616	-0.00324	0.00349	-0.00050	0.00146	0.00212	0.00131	0.00452	-0.00186	0.00449	-0.00642	-0.00374	-0.00790	-0.01943	(And (Agent $e0 $x0) (Member $e0 arrive) (Member $x0 freight))
p204888	-0.00915	0.07309	-0.07891	-0.01251	0.14111	0.06193	0.06957	-0.08377	-0.05568	0.02287	-0.06335	-0.00554	-0.04393	0.06548	0.00515	-0.00940	(And (Agent $e0 $x0) (Member $e0 buy) (Member $x0 depot))
p204889	-0.01388	-0.06930	-0.01922	-0.00879	-0.02587	0.13333	-0.00913	-0.04389	0.01474	-0.01728	-0.03348	-0.00303	-0.00363	0.07879	-0.02588	-0.00922	(And (Agent $e0 $x0) (Member $e0 buy) (Member $x0 pottery_studio))
p204890	-0.01242	0.06441	0.12444	0.00103	0.10270	0.03313	-0.09657	0.15320	-0.06372	-0.08167	-0.11864	0.00386	0.11543	-0.06983	-0.03474	-0.03391	(And (Agent $e0 $x0) (Member $e0 buy) (Member $x0 school))
p204892	-0.01771	-0.00306	-0.01078	0.02589	0.02011	-0.00944	0.02433	0.00898	-0.02441	0.00471	-0.01758	0.00556	-0.00862	-0.00649	-0.01855	-0.01847	(And (Agent $e0 $x0) (Member $e0 cancel) (Member $x0 council))
p204893	-0.01874	-0.00328	-0.01047	0.02592	0.02061	-0.00924	0.02353	0.00816	-0.02411	0.00406	-0.01763	0.00704	-0.00866	-0.00723	-0.01846	-0.01894	(And (Agent $e0 $x0) (Member $e0 cancel) (Member $x0 tutor))
p204894	-0.03145	0.00643	0.01930	-0.00242	-0.02520	-0.00221	0.01764	0.00869	-0.00404	-0.01653	0.00620	0.01681	-0.01007	-0.01966	-0.00506	-0.02609	(And (Agent $e0 $x0) (Member $e0 decide) (Member $x0 board))
p204895	-0.03023	0.00108	0.01661	-0.00306	-0.02167	-0.00091	0.01873	0.00221	0.00059	-0.01654	0.00682	0.01990	-0.00888	-0.01605	-0.00414	-0.02545	(And (Agent $e0 $x0) (Member $e0 decide) (Member $x0 judge))
p204896	-0.03130	0.16024	0.02728	0.02771	-0.09008	-0.05773	-0.06277	-0.05284	0.31602	-0.07821	-0.07136	0.00448	0.01013	0.06781	0.00338	-0.01781	(And (Agent $e0 $x0) (Member $e0 discover) (Member $x0 diver))
p204897	-0.02550	0.04420	0.00230	-0.00135	-0.04397	-0.02774	0.01326	0.04375	0.02482	-0.01873	-0.02929	0.01785	-0.01667	0.01267	-0.00171	-0.02536	(And (Agent $e0 $x0) (Member $e0 discover) (Member $x0 intern))
p204898	-0.02943	-0.00355	0.01363	-0.00402	-0.01913	0.00058	0.01935	0.00048	-0.00103	-0.01529	0.00789	0.02160	-0.00887	-0.01382	-0.00415	-0.02522	(And (Agent $e0 $x0) (Member $e0 fund) (Member $x0 government))
p204899	-0.00015	0.01954	0.11533	0.02127	0.01929	-0.01667	-0.07674	-0.06225	-0.03041	0.09645	0.01286	-0.03447	-0.05841	0.03609	-0.01009	-0.03900	(And (Agent $e0 $x0) (Member $e0 give) (Member $x0 school))
p204900	0.00320	0.01225	0.10975	0.01921	0.01642	-0.01766	-0.07372	-0.05962	-0.03348	0.10813	0.01592	-0.03880	-0.06083	0.04642	-0.00952	-0.03775	(And (Agent $e0 $x0) (Member $e0 give) (Member $x0 trainer))
p204901	-0.02487	0.03454	-0.00414	-0.00449	0.03733	-0.03832	-0.04910	-0.04304	-0.04645	0.03002	0.01667	0.04607	-0.01375	0.02813	-0.00098	0.09704	(And (Agent $e0 $x0) (Member $e0 lend) (Member $x0 museum))
p204902	-0.02809	0.00878	0.00210	-0.00455	0.01961	-0.01167	0.01740	-0.02155	-0.01919	-0.00474	0.01821	0.01650	-0.01134	-0.00689	-0.00222	-0.01927	(And (Agent $e0 $x0) (Member $e0 lend) (Member $x0 neighbour))
p204903	-0.02960	-0.00033	0.01643	-0.00316	-0.02115	-0.00132	0.01841	0.00221	0.00196	-0.01702	0.00701	0.02016	-0.00854	-0.01412	-0.00400	-0.02532	(And (Agent $e0 $x0) (Member $e0 postpone) (Member $x0 club))
p204904	-0.02893	-0.02558	-0.00305	-0.00640	0.03905	-0.02562	-0.04478	-0.04597	-0.02063	-0.03843	0.01798	0.09028	0.04830	0.02420	-0.00137	0.17549	(And (Agent $e0 $x0) (Member $e0 teach) (Member $x0 elder))
p204905	0.02595	-0.00538	-0.07214	-0.02195	0.01345	-0.03975	-0.02510	0.06110	-0.05387	-0.00266	-0.05818	0.10720	0.03041	0.02741	0.00203	0.16738	(And (Agent $e0 $x0) (Member $e0 teach) (Member $x0 potter))
p204906	0.00723	0.02505	-0.06462	-0.03189	-0.02436	-0.02896	0.01385	-0.01245	0.00952	0.11466	-0.03338	0.00055	0.11435	-0.01045	0.00435	-0.00339	(And (Agent $e0 $x0) (Member $e0 work) (Member $x0 biologist))
p204907	-0.01867	-0.00255	-0.01566	0.02249	0.01920	-0.00292	0.02058	-0.00743	-0.03099	0.01959	-0.02417	0.01790	-0.00446	-0.01502	-0.01520	-0.01817	(And (Agent $e0 $x0) (Member $e1 destroy) (Theme $e0 $e1))
p204908	-0.02825	-0.00547	0.00983	-0.00470	-0.01498	0.00004	0.01631	-0.00095	-0.00072	-0.01354	0.00704	0.02407	-0.00899	-0.01150	-0.00404	-0.02530	(And (Agent $e0 $x0) (Member $x0 airline) (Theme $e0 $x1))
p204909	-0.02912	-0.00406	0.01265	-0.00428	-0.01852	0.00039	0.01899	0.00034	-0.00051	-0.01505	0.00791	0.02193	-0.00879	-0.01302	-0.00408	-0.02514	(And (Agent $e0 $x0) (Member $x0 bank) (Theme $e0 $x1))
p204910	0.00820	0.00447	-0.02243	-0.01144	-0.01148	-0.00577	-0.00280	-0.00248	0.01957	0.03826	-0.02192	0.00634	0.02876	-0.00684	-0.00360	-0.01638	(And (Agent $e0 $x0) (Member $x0 curator) (Theme $e0 photography))
p204911	-0.02894	-0.02558	-0.00308	-0.00642	0.03904	-0.02562	-0.04476	-0.04596	-0.02068	-0.03840	0.01802	0.09028	0.04830	0.02416	-0.00138	0.17546	(And (Agent $e0 $x0) (Member $x0 elder) (Recipient $e0 $x1))
p204912	-0.02892	-0.02558	-0.00304	-0.00640	0.03905	-0.02562	-0.04478	-0.04597	-0.02062	-0.03844	0.01797	0.09027	0.04830	0.02422	-0.00137	0.17550	(And (Agent $e0 $x0) (Member $x0 elder) (Theme $e0 $x1))
p204913	-0.03016	0.00440	0.01427	-0.00472	-0.02448	-0.00515	0.02166	0.00938	-0.00333	-0.01629	0.01198	0.01702	-0.00921	-0.01479	-0.00322	-0.02488	(And (Agent $e0 $x0) (Member $x0 ferry) (Theme $e0 $x1))
p204914	0.01389	-0.00750	-0.00614	-0.00323	0.00351	-0.00048	0.00145	0.00206	0.00135	0.00451	-0.00184	0.00449	-0.00641	-0.00376	-0.00790	-0.01943	(And (Agent $e0 $x0) (Member $x0 freight) (Time $e0 (Hour <num>)))
p204915	-0.03023	0.00108	0.01662	-0.00305	-0.02165	-0.00088	0.01872	0.00214	0.00059	-0.01654	0.00684	0.01991	-0.00888	-0.01606	-0.00414	-0.02544	(And (Agent $e0 $x0) (Member $x0 judge) (Theme $e0 $x1))
p204916	0.01356	-0.00760	-0.00634	-0.00365	0.00322	-0.00056	0.00095	0.00155	0.00229	0.00449	-0.00125	0.00445	-0.00527	-0.00363	-0.00766	-0.01844	(And (Agent $e0 $x0) (Member $x0 licence) (Theme $e0 night_delivery))
p204917	-0.02487	0.03454	-0.00414	-0.00449	0.03733	-0.03832	-0.04910	-0.04304	-0.04645	0.03002	0.01667	0.04607	-0.01375	0.02813	-0.00098	0.09704	(And (Agent $e0 $x0) (Member $x0 museum) (Recipient $e0 $x1))
p204918	-0.02488	0.03455	-0.00421	-0.00451	0.03729	-0.03835	-0.04909	-0.04294	-0.04649	0.03003	0.01662	0.04613	-0.01373	0.02813	-0.00096	0.09708	(And (Agent $e0 $x0) (Member $x0 museum) (Theme $e0 $x1))
p204919	-0.02806	0.00881	0.00218	-0.00452	0.01966	-0.01164	0.01729	-0.02163	-0.01913	-0.00479	0.01820	0.01654	-0.01135	-0.00693	-0.00223	-0.01933	(And (Agent $e0 $x0) (Member $x0 neighbour) (Recipient $e0 ravi))
p204920	-0.02807	0.00880	0.00217	-0.00453	0.01964	-0.01165	0.01732	-0.02161	-0.01914	-0.00478	0.01820	0.01653	-0.01135	-0.00692	-0.00222	-0.01932	(And (Agent $e0 $x0) (Member $x0 neighbour) (Theme $e0 $x1))
p204921	0.02606	-0.00525	-0.07188	-0.02180	0.01330	-0.03957	-0.02505	0.06082	-0.05352	-0.00280	-0.05813	0.10719	0.03021	0.02712	0.00196	0.16722	(And (Agent $e0 $x0) (Member $x0 potter) (Recipient $e0 $x1))
p204922	0.02603	-0.00529	-0.07198	-0.02185	0.01336	-0.03964	-0.02507	0.06092	-0.05367	-0.00275	-0.05815	0.10719	0.03028	0.02723	0.00199	0.16728	(And (Agent $e0 $x0) (Member $x0 potter) (Theme $e0 glazing))
p204923	-0.00010	0.01943	0.11488	0.02106	0.01908	-0.01691	-0.07614	-0.06182	-0.03093	0.09668	0.01376	-0.03496	-0.05829	0.03625	-0.01017	-0.03876	(And (Agent $e0 $x0) (Member $x0 school) (Recipient $e0 $x1))
p204924	0.00325	0.01224	0.10963	0.01916	0.01633	-0.01773	-0.07355	-0.05937	-0.03360	0.10817	0.01598	-0.03891	-0.06077	0.04648	-0.00954	-0.03769	(And (Agent $e0 $x0) (Member $x0 trainer) (Recipient $e0 $x1))
p204925	0.00322	0.01225	0.10970	0.01919	0.01638	-0.01769	-0.07364	-0.05951	-0.03353	0.10815	0.01596	-0.03886	-0.06080	0.04645	-0.00953	-0.03772	(And (Agent $e0 $x0) (Member $x0 trainer) (Theme $e0 $x1))
p204926	-0.01924	-0.00485	0.04747	0.00379	-0.01255	-0.00217	-0.01028	-0.01741	-0.00475	0.01524	0.00837	0.00757	-0.02345	0.00430	-0.00575	-0.02921	(And (Agent $e0 $x0) (Member $x0 vet) (Theme $e0 $x1))
p204927	0.01364	-0.00763	-0.00643	-0.00369	0.00329	-0.00056	0.00113	0.00160	0.00191	0.00459	-0.00123	0.00459	-0.00548	-0.00369	-0.00765	-0.01871	(And (Agent $e0 $x0) (Member $x0 warden) (Theme $e0 visitor))
p204928	0.01353	-0.00773	-0.00629	-0.00366	0.00342	-0.00042	0.00107	0.00121	0.00214	0.00454	-0.00112	0.00460	-0.00546	-0.00381	-0.00764	-0.01873	(And (Agent $e0 $x0) (Member $x0 warden) (Time $e0 (Weekday sunday)))
p204929	-0.00139	-0.00437	0.12277	0.02146	-0.00209	-0.00493	-0.07109	-0.05527	-0.01321	0.07217	0.01001	-0.02325	-0.05085	0.03359	-0.00997	-0.03720	(And (Agent $e0 $x0) (Member $x1 answer) (Theme $e0 $x1))
p204930	0.02616	-0.00515	-0.07117	-0.02147	0.01302	-0.03906	-0.02497	0.06004	-0.05231	-0.00324	-0.05791	0.10715	0.02984	0.02645	0.00178	0.16693	(And (Agent $e0 $x0) (Member $x1 apprentice) (Recipient $e0 $x1))
p204931	-0.02728	-0.00608	0.00774	-0.00577	-0.01460	-0.00068	0.01506	-0.00084	0.00121	-0.01306	0.00819	0.02386	-0.00830	-0.00937	-0.00334	-0.02475	(And (Agent $e0 $x0) (Member $x1 bridge) (Theme $e0 $x1))
p204932	-0.03153	0.00647	0.01934	-0.00235	-0.02507	-0.00196	0.01760	0.00796	-0.00408	-0.01645	0.00635	0.01684	-0.01011	-0.01977	-0.00508	-0.02602	(And (Agent $e0 $x0) (Member $x1 budget) (Theme $e0 $x1))
p204933	-0.03022	0.00108	0.01657	-0.00308	-0.02171	-0.00099	0.01877	0.00243	0.00061	-0.01654	0.00676	0.01989	-0.00887	-0.01602	-0.00412	-0.02547	(And (Agent $e0 $x0) (Member $x1 case) (Theme $e0 $x1))
p204934	-0.01355	-0.00523	-0.00574	0.02747	0.01349	-0.00588	0.02407	0.00299	-0.01191	0.00177	-0.01279	0.00061	-0.00712	-0.00550	-0.01875	-0.01552	(And (Agent $e0 $x0) (Member $x1 chart) (Patient $e0 $x1))
p204936	-0.03016	0.00443	0.01427	-0.00470	-0.02446	-0.00510	0.02161	0.00926	-0.00343	-0.01625	0.01198	0.01705	-0.00924	-0.01480	-0.00323	-0.02487	(And (Agent $e0 $x0) (Member $x1 departure) (Theme $e0 $x1))
p204937	-0.02822	-0.00540	0.00985	-0.00469	-0.01501	0.00004	0.01623	-0.00092	-0.00081	-0.01355	0.00699	0.02412	-0.00901	-0.01150	-0.00405	-0.02531	(And (Agent $e0 $x0) (Member $x1 evening_flight) (Theme $e0 $x1))
p204938	-0.02488	0.03456	-0.00426	-0.00453	0.03727	-0.03838	-0.04908	-0.04288	-0.04653	0.03004	0.01659	0.04618	-0.01372	0.02812	-0.00095	0.09712	(And (Agent $e0 $x0) (Member $x1 gallery) (Recipient $e0 $x1))
p204939	-0.02913	-0.00406	0.01267	-0.00427	-0.01851	0.00041	0.01898	0.00031	-0.00051	-0.01506	0.00792	0.02193	-0.00879	-0.01303	-0.00408	-0.02514	(And (Agent $e0 $x0) (Member $x1 loan_application) (Theme $e0 $x1))
p204940	-0.00867	0.00099	0.07921	0.01139	0.00923	-0.00886	-0.04255	-0.03750	-0.02063	0.05806	0.01061	-0.01200	-0.04058	0.02009	-0.00799	-0.03534	(And (Agent $e0 $x0) (Member $x1 medal) (Theme $e0 $x1))
p204941	-0.02506	0.01305	-0.00740	-0.00700	0.02437	-0.02391	-0.02520	-0.02712	-0.03437	0.02045	0.01059	0.04283	-0.01134	0.01556	-0.00146	0.05812	(And (Agent $e0 $x0) (Member $x1 painting) (Theme $e0 $x1))
p204942	-0.02897	-0.00145	0.01395	-0.00354	-0.02113	-0.00167	0.02143	0.00314	0.00098	-0.01553	0.00640	0.02032	-0.00954	-0.01183	-0.00388	-0.02521	(And (Agent $e0 $x0) (Member $x1 query) (Theme $e0 $x1))
p204943	0.00306	0.01226	0.11010	0.01932	0.01668	-0.01746	-0.07416	-0.06037	-0.03319	0.10804	0.01586	-0.03857	-0.06093	0.04625	-0.00948	-0.03788	(And (Agent $e0 $x0) (Member $x1 recruit) (Recipient $e0 $x1))
p204944	-0.02889	-0.00167	0.01372	-0.00361	-0.02095	-0.00166	0.02138	0.00305	0.00117	-0.01550	0.00639	0.02055	-0.00953	-0.01168	-0.00387	-0.02521	(And (Agent $e0 $x0) (Member $x1 tower) (Theme $e0 $x1))
p204945	-0.00701	-0.00059	0.07726	0.01110	-0.00140	-0.00844	-0.04064	-0.03666	-0.02109	0.06732	0.01074	-0.01625	-0.04376	0.02776	-0.00759	-0.03419	(And (Agent $e0 $x0) (Member $x1 whistle) (Theme $e0 $x1))
p204946	-0.00010	0.01942	0.11486	0.02105	0.01907	-0.01692	-0.07610	-0.06181	-0.03096	0.09669	0.01385	-0.03502	-0.05827	0.03626	-0.01018	-0.03874	(And (Agent $e0 $x0) (Member $x1 winner) (Recipient $e0 $x1))
p204947	-0.01386	-0.06930	-0.01921	-0.00879	-0.02586	0.13332	-0.00914	-0.04386	0.01473	-0.01729	-0.03348	-0.00305	-0.00363	0.07880	-0.02588	-0.00923	(And (Agent $e0 $x0) (Ordinal $x1 <num> buy) (Theme $e0 $x1))
p204948	-0.03141	-0.00156	-0.00393	-0.00816	-0.01078	0.00188	0.01139	-0.00773	-0.00951	-0.00542	0.01145	0.02518	-0.00648	-0.02043	-0.00352	-0.02433	(And (Agent $e0 $x0) (Patient $e0 $e1) (Theme $e1 $x1))
p204949	-0.03156	0.00648	0.01938	-0.00232	-0.02500	-0.00184	0.01758	0.00760	-0.00409	-0.01643	0.00644	0.01684	-0.01012	-0.01983	-0.00510	-0.02599	(And (Agent $e0 $x0) (Possession $x1 next_year) (Theme $e0 $x1))
p204950	-0.03224	-0.00136	-0.00993	-0.00900	-0.00966	0.00522	0.01260	-0.01235	-0.01585	0.00281	0.00438	0.02885	-0.00383	-0.02267	-0.00300	-0.02351	(And (Agent $e0 $x0) (Theme $e0 $e1) (Theme $e1 $x1))
p204951	0.00546	0.00376	-0.02479	-0.01422	-0.00695	-0.00860	-0.00592	-0.00410	0.00498	0.03862	-0.01211	-0.00771	0.04241	-0.00349	-0.00070	0.00795	(And (Agent $e0 dara) (Location $e0 $x0) (Member $x0 ledger))
p204953	0.14778	0.10555	0.06428	0.08652	-0.03990	0.12252	-0.06902	-0.22542	-0.00770	-0.03588	0.15295	0.01032	-0.02016	-0.08651	-0.06119	-0.00867	(And (Also appear $e0) (Member $e1 appear) (Past $e0))
p204954	0.14810	0.10643	0.06321	0.08623	-0.04057	0.12138	-0.06882	-0.22113	-0.00907	-0.03473	0.15074	0.01077	-0.02331	-0.08526	-0.06085	-0.01022	(And (Also appear $e0) (Member $e1 appear) (Past $e1))
p204955	-0.00153	-0.00080	0.01045	0.02876	0.00759	-0.00410	0.00141	0.01189	0.00377	-0.01193	-0.01764	-0.01169	-0.00757	-0.00226	-0.01779	0.01124	(And (Before $x0 $e0) (Future $e0) (Member $x0 lunch))
p204956	-0.01217	0.06461	0.12406	0.00092	0.10247	0.03281	-0.09635	0.15392	-0.06408	-0.08169	-0.11858	0.00375	0.11551	-0.06960	-0.03478	-0.03371	(And (Beneficiary $e0 $x0) (Member $e0 buy) (Member $x0 hall))
p204957	-0.04420	0.07320	0.05531	-0.00134	-0.16128	0.10555	0.20593	0.07761	0.03307	0.06868	0.03903	-0.11317	-0.06311	-0.06120	-0.03545	0.19222	(And (Can $e0) (GroupOf $x0 way) (Manner $e0 $x0))
p204958	-0.04410	0.07295	0.05539	-0.00135	-0.16096	0.10552	0.20593	0.07739	0.03319	0.06860	0.03937	-0.11346	-0.06287	-0.06097	-0.03550	0.19219	(And (Can $e0) (Manner $e0 $x0) (Member $x0 random))
p204959	0.00261	0.01489	-0.05376	-0.02815	-0.02149	-0.02197	0.00857	-0.01324	0.01998	0.09744	-0.02635	-0.00151	0.09934	-0.00963	0.00268	-0.00553	(And (CoAgent $e0 $x0) (Location $e0 $x1) (Member $x0 ranger))
p204960	0.00234	0.01418	-0.05378	-0.02826	-0.02122	-0.02182	0.00906	-0.01319	0.02030	0.09732	-0.02640	-0.00151	0.09956	-0.00952	0.00278	-0.00544	(And (CoAgent $e0 $x0) (Location $e0 $x1) (Member $x1 survey))
p204961	0.01001	0.00224	-0.01708	-0.00945	0.00129	-0.00425	-0.00397	-0.00126	-0.00065	0.02226	-0.01081	-0.00608	0.01569	-0.00207	-0.00127	0.00635	(And (Experiencer $e0 $x0) (Location $e0 $x1) (Member $x1 gate))
p204963	-0.00794	0.01843	0.01118	0.02825	-0.02121	-0.00911	-0.01597	0.01041	-0.00453	-0.00063	-0.03880	-0.00380	-0.01331	-0.00775	0.03980	0.01035	(And (Experiencer $e0 $x0) (Member $e1 become) (Result $e1 $e0))
p204964	0.00751	0.00664	-0.02341	-0.01345	-0.00909	-0.01101	-0.01427	0.00819	0.00186	0.03343	-0.01567	-0.00645	0.03507	-0.00041	-0.00139	0.00918	(And (Experiencer $e0 $x0) (Member $e1 error) (Stimulus $e0 $e1))
p204965	0.00750	0.00663	-0.02332	-0.01341	-0.00906	-0.01091	-0.01432	0.00794	0.00190	0.03340	-0.01553	-0.00648	0.03504	-0.00047	-0.00143	0.00917	(And (Experiencer $e0 $x0) (Member $x0 auditor) (Stimulus $e0 $e1))
p204967	-0.01416	0.02891	0.01907	0.04801	-0.03162	-0.01276	-0.02224	0.01024	-0.00742	-0.00154	-0.05732	-0.00590	-0.01968	-0.01183	0.05859	0.01433	(And (Experiencer $e0 $x0) (Past $e1) (Result $e1 $e0))
p204969	-0.00153	-0.00077	0.01059	0.02879	0.00760	-0.00402	0.00121	0.01171	0.00381	-0.01192	-0.01760	-0.01168	-0.00761	-0.00235	-0.01780	0.01120	(And (Future $e0) (Member $x0 dress_rehearsal) (Patient $e0 $x0))
p204970	-0.02893	-0.02558	-0.00305	-0.00641	0.03905	-0.02562	-0.04478	-0.04597	-0.02064	-0.03843	0.01798	0.09028	0.04830	0.02420	-0.00137	0.17549	(And (GroupOf $x0 child) (Member $e0 teach) (Recipient $e0 $x0))
p204971	-0.02895	-0.02558	-0.00309	-0.00642	0.03904	-0.02562	-0.04475	-0.04596	-0.02069	-0.03840	0.01803	0.09028	0.04830	0.02415	-0.00138	0.17545	(And (GroupOf $x0 child) (Recipient $e0 $x0) (Theme $e0 $x1))
p204972	-0.00917	0.07309	-0.07896	-0.01252	0.14110	0.06187	0.06959	-0.08365	-0.05572	0.02282	-0.06339	-0.00548	-0.04389	0.06551	0.00515	-0.00935	(And (GroupOf $x0 forklift) (Member $e0 buy) (Theme $e0 $x0))
p204973	-0.02861	-0.00495	0.01091	-0.00465	-0.01679	0.00017	0.01775	-0.00047	-0.00020	-0.01429	0.00773	0.02307	-0.00876	-0.01195	-0.00393	-0.02512	(And (GroupOf $x0 sample) (Member $e0 examine) (Theme $e0 $x0))
p204974	-0.04404	0.07260	0.05559	-0.00133	-0.16054	0.10563	0.20590	0.07682	0.03347	0.06851	0.03987	-0.11380	-0.06265	-0.06081	-0.03556	0.19216	(And (GroupOf $x0 way) (Manner $e0 $x0) (Member $e0 define))
p204975	-0.04420	0.07320	0.05531	-0.00134	-0.16128	0.10555	0.20593	0.07761	0.03307	0.06868	0.03903	-0.11316	-0.06311	-0.06120	-0.03545	0.19221	(And (GroupOf $x0 way) (Manner $e0 $x0) (Theme $e0 $x1))
p204976	0.00788	0.00325	-0.00954	-0.00464	0.00597	-0.00504	0.00122	0.00255	-0.00706	0.00135	0.00441	-0.00831	-0.00417	-0.00173	-0.00567	0.00963	(And (Holder $e0 $x0) (Inheritance monthly_servicing monthly) (Theme $e0 monthly_servicing))
p204977	0.00786	0.00318	-0.00950	-0.00463	0.00606	-0.00498	0.00121	0.00232	-0.00703	0.00134	0.00455	-0.00832	-0.00416	-0.00178	-0.00567	0.00965	(And (Holder $e0 $x0) (Inheritance monthly_servicing servicing) (Theme $e0 monthly_servicing))
p204978	-0.03225	0.06579	-0.02141	-0.00826	0.03106	-0.03052	0.02004	-0.02888	-0.03362	0.00721	0.02872	-0.01352	-0.01234	-0.01588	0.01067	-0.00128	(And (Holder $e0 $x0) (Member $e0 require) (Member $x0 permit))
p204979	-0.03381	0.13115	-0.05278	-0.01554	0.14438	-0.07420	0.03537	-0.06608	-0.08027	0.02559	0.05062	-0.01734	-0.02055	-0.02475	0.02711	0.00144	(And (Holder $e0 $x0) (Member $e0 require) (Member $x0 recipe))
p204980	0.00788	0.00323	-0.00953	-0.00464	0.00599	-0.00503	0.00122	0.00251	-0.00706	0.00135	0.00444	-0.00831	-0.00417	-0.00174	-0.00567	0.00963	(And (Holder $e0 $x0) (Member $x0 lathe) (Theme $e0 monthly_servicing))
p204981	-0.02740	0.02893	-0.01108	-0.00780	0.03311	-0.01703	0.01158	-0.02713	-0.01811	0.00010	0.02866	-0.00969	-0.00788	-0.01375	0.00651	-0.00492	(And (Holder $e0 $x0) (Member $x1 countersignature) (Theme $e0 $x1))
p204982	-0.02824	-0.00544	0.00985	-0.00469	-0.01499	0.00005	0.01626	-0.00096	-0.00075	-0.01355	0.00702	0.02410	-0.00900	-0.01151	-0.00405	-0.02531	(And (Inheritance evening_flight flight) (Member $x0 evening_flight) (Theme $e0 $x0))
p204983	-0.00380	-0.01093	-0.00733	0.01612	0.01589	-0.01042	0.01816	0.00654	-0.00279	-0.00770	0.00406	-0.01014	0.00310	0.00841	-0.01672	-0.00054	(And (Inheritance feed_pipe pipe) (Member $x0 cracked) (Member $x0 feed_pipe))
p204984	-0.02913	-0.00406	0.01269	-0.00426	-0.01851	0.00043	0.01895	0.00025	-0.00051	-0.01507	0.00794	0.02194	-0.00879	-0.01304	-0.00409	-0.02514	(And (Inheritance loan_application application) (Member $x0 loan_application) (Theme $e0 $x0))
p204985	0.00813	0.00342	-0.00934	-0.00465	0.00550	-0.00513	0.00015	0.00323	-0.00572	0.00150	0.00276	-0.00788	-0.00389	-0.00166	-0.00538	0.00946	(And (Inheritance monthly_servicing monthly) (Member $e0 require) (Theme $e0 monthly_servicing))
p204986	0.00815	0.00348	-0.00937	-0.00465	0.00542	-0.00519	0.00015	0.00344	-0.00574	0.00150	0.00262	-0.00787	-0.00390	-0.00162	-0.00537	0.00945	(And (Inheritance monthly_servicing servicing) (Member $e0 require) (Theme $e0 monthly_servicing))
p204988	0.01001	0.00224	-0.01707	-0.00945	0.00128	-0.00424	-0.00398	-0.00128	-0.00066	0.02226	-0.01080	-0.00608	0.01568	-0.00208	-0.00128	0.00634	(And (Location $e0 $x0) (Member $e0 wait) (Member $x0 gate))
p204990	0.00576	0.00751	-0.03472	-0.01951	-0.01152	-0.01247	-0.00807	-0.00606	0.00368	0.05412	-0.01642	-0.01069	0.06130	-0.00526	-0.00088	0.01096	(And (Location $e0 $x0) (Member $e0 work) (Member $x0 ledger))
p204991	0.01206	0.03575	-0.08741	-0.04251	-0.03357	-0.03944	0.02174	-0.01698	0.01552	0.15346	-0.04688	0.00237	0.15265	-0.01391	0.00605	-0.00469	(And (Location $e0 $x0) (Member $e0 work) (Member $x0 survey))
p204992	0.00811	0.00951	-0.02438	-0.01312	-0.00978	-0.01214	-0.01422	0.00989	-0.00810	0.03335	-0.01582	-0.00652	0.03453	0.00006	-0.00163	0.01058	(And (Location $e0 $x0) (Member $e1 discover) (Stimulus $e1 $e0))
p204993	0.00825	0.00453	-0.02244	-0.01144	-0.01152	-0.00578	-0.00284	-0.00243	0.01947	0.03829	-0.02192	0.00635	0.02872	-0.00685	-0.00361	-0.01639	(And (Location $e0 $x0) (Member $x0 hall) (Theme $e0 photography))
p204994	-0.04411	0.07298	0.05538	-0.00135	-0.16099	0.10551	0.20594	0.07743	0.03317	0.06860	0.03934	-0.11346	-0.06289	-0.06098	-0.03549	0.19219	(And (Manner $e0 $x0) (Member $e0 define) (Member $x0 random))
p204995	-0.04412	0.07302	0.05537	-0.00135	-0.16104	0.10551	0.20594	0.07747	0.03315	0.06862	0.03929	-0.11341	-0.06292	-0.06101	-0.03549	0.19220	(And (Manner $e0 $x0) (Member $x0 random) (Theme $e0 $x1))
p204996	0.21688	-0.09353	0.08488	-0.02204	0.03064	-0.03725	0.15871	0.00959	0.03694	-0.05618	-0.04723	0.02709	0.05568	0.06453	0.09540	-0.02555	(And (Member $e0 abandon) (Member $x0 north_route) (Theme $e0 $x0))
p204997	-0.02218	-0.00143	0.02137	-0.00637	-0.02303	-0.01031	0.01163	0.01846	-0.00331	-0.01980	0.00714	0.01817	-0.00378	-0.00870	0.00318	-0.02667	(And (Member $e0 abandon) (Member $x0 tender) (Theme $e0 $x0))
p204998	-0.02216	-0.00143	0.02136	-0.00637	-0.02302	-0.01032	0.01163	0.01850	-0.00336	-0.01978	0.00711	0.01818	-0.00379	-0.00867	0.00318	-0.02667	(And (Member $e0 abandon) (Possession $x0 $x1) (Theme $e0 $x0))
p204999	-0.02897	-0.00145	0.01396	-0.00353	-0.02112	-0.00166	0.02142	0.00310	0.00098	-0.01554	0.00642	0.02032	-0.00953	-0.01183	-0.00389	-0.02521	(And (Member $e0 answer) (Member $x0 query) (Theme $e0 $x0))
p205000	-0.02888	-0.00164	0.01367	-0.00363	-0.02100	-0.00173	0.02143	0.00325	0.00117	-0.01549	0.00630	0.02054	-0.00953	-0.01166	-0.00385	-0.02523	(And (Member $e0 answer) (Member $x0 tower) (Theme $e0 $x0))
p205002	-0.01388	-0.06930	-0.01923	-0.00880	-0.02588	0.13334	-0.00913	-0.04391	0.01474	-0.01727	-0.03349	-0.00302	-0.00362	0.07879	-0.02588	-0.00921	(And (Member $e0 buy) (Member $x0 kiln) (Theme $e0 $x0))
p205004	-0.01871	-0.00325	-0.01050	0.02592	0.02060	-0.00926	0.02356	0.00822	-0.02417	0.00408	-0.01768	0.00706	-0.00869	-0.00722	-0.01846	-0.01895	(And (Member $e0 cancel) (Member $x0 afternoon_session) (Patient $e0 $x0))
p205005	-0.01773	-0.00307	-0.01078	0.02588	0.02012	-0.00943	0.02430	0.00896	-0.02439	0.00470	-0.01754	0.00555	-0.00859	-0.00649	-0.01855	-0.01846	(And (Member $e0 cancel) (Member $x0 summer_fair) (Patient $e0 $x0))
p205006	-0.01859	-0.00237	-0.01562	0.02252	0.01894	-0.00296	0.02062	-0.00711	-0.03084	0.01954	-0.02449	0.01799	-0.00464	-0.01501	-0.01518	-0.01825	(And (Member $e0 cause) (Member $e1 destroy) (Theme $e0 $e1))
p205007	-0.01856	-0.00231	-0.01560	0.02254	0.01885	-0.00298	0.02063	-0.00701	-0.03081	0.01953	-0.02460	0.01802	-0.00470	-0.01500	-0.01518	-0.01828	(And (Member $e0 cause) (Patient $e1 $x0) (Theme $e0 $e1))
p205008	-0.03155	0.00648	0.01937	-0.00233	-0.02502	-0.00187	0.01759	0.00770	-0.00409	-0.01643	0.00642	0.01684	-0.01012	-0.01981	-0.00509	-0.02600	(And (Member $e0 decide) (Member $x0 budget) (Theme $e0 $x0))
p205009	-0.03021	0.00108	0.01656	-0.00309	-0.02172	-0.00101	0.01878	0.00250	0.00061	-0.01654	0.00674	0.01988	-0.00887	-0.01601	-0.00412	-0.02548	(And (Member $e0 decide) (Member $x0 case) (Theme $e0 $x0))
p205010	-0.03156	0.00648	0.01938	-0.00232	-0.02501	-0.00184	0.01758	0.00762	-0.00409	-0.01643	0.00644	0.01684	-0.01012	-0.01982	-0.00509	-0.02599	(And (Member $e0 decide) (Possession $x0 next_year) (Theme $e0 $x0))
p205011	-0.01583	-0.00375	-0.01150	0.02506	0.01704	-0.00565	0.02474	0.00104	-0.02276	0.01027	-0.01809	0.00721	-0.00675	-0.00881	-0.01735	-0.01686	(And (Member $e0 destroy) (Member $x0 archive) (Patient $e0 $x0))
p205012	-0.01562	-0.00377	-0.01138	0.02513	0.01662	-0.00554	0.02484	0.00095	-0.02244	0.01018	-0.01798	0.00697	-0.00666	-0.00874	-0.01738	-0.01666	(And (Member $e0 destroy) (Member $x0 footbridge) (Patient $e0 $x0))
p205013	-0.01528	-0.00370	-0.01166	0.02499	0.01679	-0.00574	0.02522	0.00147	-0.02286	0.01046	-0.01806	0.00656	-0.00661	-0.00850	-0.01738	-0.01654	(And (Member $e0 destroy) (Member $x0 greenhouse) (Patient $e0 $x0))
p205014	-0.02553	0.04417	0.00235	-0.00135	-0.04395	-0.02769	0.01328	0.04363	0.02482	-0.01877	-0.02919	0.01783	-0.01664	0.01261	-0.00171	-0.02533	(And (Member $e0 discover) (Member $x0 file) (Theme $e0 $x0))
p205015	-0.02550	0.04420	0.00230	-0.00135	-0.04397	-0.02774	0.01326	0.04376	0.02482	-0.01873	-0.02929	0.01785	-0.01667	0.01267	-0.00171	-0.02536	(And (Member $e0 discover) (Member $x0 missing) (Theme $e0 $x0))
p205016	-0.03138	0.16047	0.02700	0.02753	-0.09064	-0.05794	-0.06263	-0.05172	0.31582	-0.07824	-0.07171	0.00462	0.01012	0.06781	0.00343	-0.01780	(And (Member $e0 discover) (Member $x0 wreck) (Theme $e0 $x0))
p205017	-0.00137	-0.00439	0.12273	0.02144	-0.00209	-0.00495	-0.07105	-0.05522	-0.01325	0.07218	0.01002	-0.02326	-0.05084	0.03360	-0.00997	-0.03720	(And (Member $e0 give) (Member $x0 answer) (Theme $e0 $x0))
p205018	-0.00049	-0.00468	0.12172	0.02117	-0.00078	-0.00551	-0.07074	-0.05511	-0.01465	0.07491	0.01080	-0.02474	-0.05133	0.03494	-0.01003	-0.03700	(And (Member $e0 give) (Member $x0 manifest) (Theme $e0 $x0))
p205019	0.00326	0.01224	0.10961	0.01916	0.01632	-0.01774	-0.07353	-0.05934	-0.03362	0.10817	0.01600	-0.03893	-0.06077	0.04649	-0.00954	-0.03768	(And (Member $e0 give) (Member $x0 recruit) (Recipient $e0 $x0))
p205020	-0.00010	0.01944	0.11492	0.02108	0.01910	-0.01689	-0.07619	-0.06184	-0.03088	0.09666	0.01366	-0.03492	-0.05830	0.03624	-0.01016	-0.03879	(And (Member $e0 give) (Member $x0 winner) (Recipient $e0 $x0))
p205021	-0.02493	0.03458	-0.00449	-0.00462	0.03718	-0.03846	-0.04904	-0.04265	-0.04670	0.03009	0.01648	0.04639	-0.01365	0.02809	-0.00091	0.09729	(And (Member $e0 lend) (Member $x0 gallery) (Recipient $e0 $x0))
p205022	-0.02395	0.02611	-0.00501	-0.00211	0.03546	-0.03024	-0.04014	-0.04235	-0.04462	0.03102	0.01821	0.02958	-0.01038	0.02801	-0.00461	0.11162	(And (Member $e0 lend) (Member $x0 generator) (Theme $e0 $x0))
p205023	-0.02627	0.00229	0.00499	-0.00440	0.00722	-0.00703	0.00743	-0.01807	-0.01191	-0.00292	0.01896	0.00789	-0.01009	-0.00352	-0.00208	-0.01606	(And (Member $e0 lend) (Member $x0 ladder) (Theme $e0 $x0))
p205024	-0.03140	-0.00154	-0.00394	-0.00816	-0.01079	0.00187	0.01139	-0.00770	-0.00953	-0.00542	0.01143	0.02520	-0.00649	-0.02042	-0.00352	-0.02433	(And (Member $e0 make) (Patient $e0 $e1) (Theme $e1 $x0))
p205025	-0.02952	-0.00351	0.01422	-0.00367	-0.01898	0.00090	0.01916	0.00037	-0.00146	-0.01524	0.00745	0.02142	-0.00911	-0.01431	-0.00444	-0.02538	(And (Member $e0 order) (Member $x0 scan) (Theme $e0 $x0))
p205026	-0.02952	-0.00351	0.01422	-0.00367	-0.01899	0.00089	0.01917	0.00039	-0.00147	-0.01524	0.00744	0.02142	-0.00911	-0.01431	-0.00444	-0.02538	(And (Member $e0 order) (Ordinal $x0 <num> scan) (Theme $e0 $x0))
p205027	-0.02960	-0.00033	0.01642	-0.00316	-0.02116	-0.00134	0.01842	0.00227	0.00197	-0.01702	0.00699	0.02015	-0.00854	-0.01411	-0.00399	-0.02533	(And (Member $e0 postpone) (Member $x0 tournament) (Theme $e0 $x0))
p205028	-0.03231	-0.00169	-0.00984	-0.00901	-0.00936	0.00533	0.01260	-0.01282	-0.01569	0.00277	0.00476	0.02875	-0.00368	-0.02273	-0.00301	-0.02352	(And (Member $e0 reach) (Theme $e0 $e1) (Theme $e1 $x0))
p205029	-0.01340	-0.00509	-0.00582	0.02747	0.01328	-0.00595	0.02427	0.00337	-0.01196	0.00181	-0.01306	0.00065	-0.00729	-0.00544	-0.01873	-0.01559	(And (Member $e0 sign) (Member $x0 chart) (Patient $e0 $x0))
p205030	0.02607	-0.00524	-0.07186	-0.02179	0.01329	-0.03955	-0.02505	0.06079	-0.05349	-0.00282	-0.05813	0.10719	0.03019	0.02709	0.00195	0.16721	(And (Member $e0 teach) (Member $x0 apprentice) (Recipient $e0 $x0))
p205031	-0.02532	-0.01431	-0.00829	-0.00831	0.02600	-0.02029	-0.04381	-0.02816	-0.02466	-0.01131	-0.00528	0.09055	0.00893	0.01874	0.00119	0.11311	(And (Member $e0 teach) (Member $x0 drill) (Theme $e0 $x0))
p205032	-0.02918	-0.02507	-0.00408	-0.00673	0.03860	-0.02610	-0.04450	-0.04493	-0.02229	-0.03758	0.01821	0.09046	0.04845	0.02364	-0.00139	0.17504	(And (Member $e0 teach) (Member $x0 song) (Theme $e0 $x0))
p205033	-0.00123	-0.00454	0.12244	0.02131	-0.00202	-0.00507	-0.07076	-0.05485	-0.01356	0.07230	0.01023	-0.02338	-0.05074	0.03370	-0.00998	-0.03712	(And (Member $x0 answer) (Recipient $e0 $x1) (Theme $e0 $x0))
p205034	0.02592	-0.00541	-0.07220	-0.02199	0.01349	-0.03979	-0.02511	0.06117	-0.05393	-0.00264	-0.05819	0.10719	0.03046	0.02749	0.00204	0.16742	(And (Member $x0 apprentice) (Recipient $e0 $x0) (Theme $e0 glazing))
p205035	-0.02527	-0.01443	-0.00817	-0.00829	0.02629	-0.02027	-0.04391	-0.02836	-0.02464	-0.01137	-0.00518	0.09052	0.00896	0.01878	0.00119	0.11309	(And (Member $x0 drill) (Recipient $e0 $x1) (Theme $e0 $x0))
p205036	-0.03016	0.00442	0.01427	-0.00471	-0.02447	-0.00512	0.02163	0.00931	-0.00339	-0.01626	0.01198	0.01704	-0.00922	-0.01480	-0.00323	-0.02487	(And (Member $x0 ferry) (Possession $x1 $x0) (Theme $e0 $x1))
p205037	-0.02493	0.03458	-0.00450	-0.00462	0.03718	-0.03847	-0.04904	-0.04264	-0.04671	0.03009	0.01647	0.04640	-0.01364	0.02809	-0.00091	0.09729	(And (Member $x0 gallery) (Recipient $e0 $x0) (Theme $e0 $x1))
p205038	-0.02397	0.02609	-0.00536	-0.00220	0.03541	-0.03041	-0.04001	-0.04194	-0.04485	0.03103	0.01807	0.02976	-0.01023	0.02808	-0.00459	0.11189	(And (Member $x0 generator) (Recipient $e0 $x1) (Theme $e0 $x0))
p205039	-0.00070	-0.00446	0.12215	0.02137	-0.00086	-0.00534	-0.07117	-0.05565	-0.01420	0.07471	0.01049	-0.02454	-0.05146	0.03479	-0.01001	-0.03712	(And (Member $x0 manifest) (Recipient $e0 $x1) (Theme $e0 $x0))
p205040	0.00313	0.01226	0.10993	0.01926	0.01655	-0.01756	-0.07395	-0.05998	-0.03333	0.10809	0.01587	-0.03867	-0.06089	0.04633	-0.00949	-0.03782	(And (Member $x0 recruit) (Recipient $e0 $x0) (Theme $e0 $x1))
p205041	-0.02896	-0.02557	-0.00312	-0.00643	0.03903	-0.02562	-0.04474	-0.04595	-0.02073	-0.03837	0.01806	0.09028	0.04830	0.02411	-0.00138	0.17543	(And (Member $x0 song) (Recipient $e0 $x1) (Theme $e0 $x0))
p205042	-0.00013	0.01952	0.11520	0.02121	0.01923	-0.01674	-0.07659	-0.06211	-0.03054	0.09651	0.01304	-0.03457	-0.05839	0.03614	-0.01010	-0.03895	(And (Member $x0 winner) (Recipient $e0 $x0) (Theme $e0 $x1))
p205043	-0.01385	-0.06930	-0.01919	-0.00879	-0.02584	0.13330	-0.00915	-0.04381	0.01473	-0.01730	-0.03347	-0.00308	-0.00364	0.07880	-0.02589	-0.00925	(And (Ordinal $x0 <num> buy) (Past $e0) (Theme $e0 $x0))
p205269	0.14778	0.10557	0.06427	0.08652	-0.03991	0.12251	-0.06902	-0.22537	-0.00771	-0.03585	0.15290	0.01033	-0.02025	-0.08649	-0.06118	-0.00870	(And (Also appear $e0) (Member $e1 appear))
p205270	-0.00380	-0.01093	-0.00732	0.01612	0.01590	-0.01042	0.01815	0.00653	-0.00279	-0.00770	0.00407	-0.01014	0.00310	0.00841	-0.01672	-0.00054	(And (Inheritance feed_pipe pipe) (Member $x0 feed_pipe))
p205271	0.01351	-0.00765	-0.00628	-0.00364	0.00328	-0.00050	0.00092	0.00137	0.00239	0.00447	-0.00120	0.00446	-0.00526	-0.00369	-0.00766	-0.01845	(And (Inheritance night_delivery delivery) (Theme $e0 night_delivery))
p205306	-0.02943	-0.00355	0.01361	-0.00403	-0.01913	0.00056	0.01936	0.00052	-0.00103	-0.01529	0.00788	0.02159	-0.00887	-0.01382	-0.00414	-0.02523	(And (Agent $e0 $x0) (Agent $e0 jica) (Member $e0 fund) (Theme $e0 $x1))
p205308	-0.01229	0.06454	0.12422	0.00097	0.10258	0.03295	-0.09647	0.15359	-0.06394	-0.08166	-0.11862	0.00380	0.11546	-0.06971	-0.03476	-0.03380	(And (Agent $e0 $x0) (Beneficiary $e0 $x1) (Member $e0 buy) (Past $e0))
p205309	-0.01228	0.06455	0.12421	0.00097	0.10257	0.03293	-0.09646	0.15362	-0.06395	-0.08166	-0.11862	0.00380	0.11546	-0.06970	-0.03477	-0.03379	(And (Agent $e0 $x0) (Beneficiary $e0 $x1) (Member $e0 buy) (Theme $e0 $x2))
p205310	0.00251	0.01482	-0.05414	-0.02837	-0.02149	-0.02210	0.00927	-0.01317	0.02020	0.09789	-0.02670	-0.00159	0.09998	-0.00957	0.00287	-0.00539	(And (Agent $e0 $x0) (CoAgent $e0 $x1) (Location $e0 $x2) (Member $e0 work))
p205311	-0.03072	0.00832	0.02214	-0.00094	-0.02512	-0.00341	0.01578	0.00414	0.00326	-0.01862	0.00522	0.01484	-0.00843	-0.01721	-0.00442	-0.02528	(And (Agent $e0 $x0) (Member $e0 decide) (Might $e0) (Theme $e0 $x1))
p205312	-0.02809	0.00878	0.00210	-0.00455	0.01961	-0.01167	0.01741	-0.02154	-0.01920	-0.00473	0.01821	0.01649	-0.01134	-0.00689	-0.00222	-0.01927	(And (Agent $e0 $x0) (Member $e0 lend) (Recipient $e0 ravi) (Theme $e0 $x1))
p205313	-0.02805	-0.00487	0.00329	-0.00746	-0.01804	-0.00304	0.02265	0.00564	-0.00803	-0.00792	0.00906	0.02285	-0.01122	-0.00688	-0.00255	-0.02522	(And (Agent $e0 $x0) (Member $e0 receive) (Source $e0 $x1) (Theme $e0 $x2))
p205314	-0.01220	0.06459	0.12410	0.00094	0.10250	0.03284	-0.09638	0.15384	-0.06405	-0.08168	-0.11859	0.00376	0.11550	-0.06963	-0.03478	-0.03373	(And (Beneficiary $e0 $x0) (Member $e0 buy) (Past $e0) (Theme $e0 $x1))
p205315	-0.00795	0.01839	0.01121	0.02826	-0.02122	-0.00907	-0.01594	0.01039	-0.00444	-0.00069	-0.03879	-0.00381	-0.01329	-0.00776	0.03979	0.01038	(And (Member $e0 become) (Past $e0) (Patient $e0 $x0) (Result $e0 $e1))
p205358	-0.02943	-0.00355	0.01360	-0.00403	-0.01914	0.00055	0.01937	0.00055	-0.00103	-0.01528	0.00787	0.02159	-0.00887	-0.01381	-0.00414	-0.02523	(And (Agent $e0 $x0) (Agent $e0 jica) (Member $e0 fund))
p205360	0.14773	0.10544	0.06441	0.08655	-0.03979	0.12268	-0.06904	-0.22611	-0.00757	-0.03602	0.15332	0.01025	-0.01969	-0.08671	-0.06123	-0.00836	(And (Agent $e0 $x0) (Also appear $e0) (Past $e0))
p205361	-0.01215	0.06462	0.12403	0.00092	0.10245	0.03279	-0.09633	0.15398	-0.06410	-0.08170	-0.11858	0.00374	0.11552	-0.06958	-0.03479	-0.03369	(And (Agent $e0 $x0) (Beneficiary $e0 $x1) (Member $e0 buy))
p205362	0.01186	-0.00116	-0.01774	-0.00717	0.02565	-0.00623	0.01148	-0.00898	-0.02707	0.01952	-0.00096	0.00506	-0.00440	-0.00396	-0.00335	-0.01596	(And (Agent $e0 $x0) (Cardinality $x0 <num>) (GroupOf $x0 child))
p205363	0.00257	0.01501	-0.05414	-0.02834	-0.02156	-0.02214	0.00914	-0.01317	0.02010	0.09793	-0.02669	-0.00159	0.09993	-0.00960	0.00285	-0.00541	(And (Agent $e0 $x0) (CoAgent $e0 $x1) (Member $e0 work))
p205364	0.01386	-0.00757	-0.00607	-0.00311	0.00373	0.00015	0.00095	0.00194	-0.00047	0.00559	-0.00086	0.00300	-0.00723	-0.00371	-0.00827	-0.01971	(And (Agent $e0 $x0) (Future $e0) (Member $e0 arrive))
p205365	0.01366	-0.00768	-0.00580	-0.00297	0.00391	0.00018	0.00074	0.00164	-0.00018	0.00531	-0.00048	0.00272	-0.00694	-0.00365	-0.00833	-0.01918	(And (Agent $e0 $x0) (Future $e0) (Time $e0 (Weekday thursday)))
p205366	0.00786	0.00111	-0.02262	-0.01012	-0.00998	-0.00491	0.00281	-0.00656	0.01495	0.03211	-0.01712	0.00560	0.03062	-0.00528	-0.00418	-0.01380	(And (Agent $e0 $x0) (Location $e0 $x1) (Member $e0 walk))
p205367	0.00818	0.00445	-0.02242	-0.01144	-0.01146	-0.00577	-0.00278	-0.00249	0.01961	0.03824	-0.02192	0.00634	0.02878	-0.00683	-0.00359	-0.01637	(And (Agent $e0 $x0) (Location $e0 $x1) (Theme $e0 photography))
p205368	0.22310	0.15624	0.10775	0.13394	-0.06131	0.18955	-0.10007	-0.34075	-0.00589	-0.05607	0.23804	-0.00440	-0.04443	-0.12729	-0.09391	-0.01265	(And (Agent $e0 $x0) (Member $e0 appear) (Past $e0))
p205369	0.01386	-0.00753	-0.00611	-0.00322	0.00355	-0.00044	0.00144	0.00196	0.00140	0.00449	-0.00181	0.00449	-0.00640	-0.00379	-0.00790	-0.01943	(And (Agent $e0 $x0) (Member $e0 arrive) (Time $e0 (Hour <num>)))
p205370	-0.01859	-0.00236	-0.01561	0.02252	0.01893	-0.00296	0.02062	-0.00710	-0.03084	0.01954	-0.02450	0.01800	-0.00465	-0.01501	-0.01518	-0.01825	(And (Agent $e0 $x0) (Member $e0 cause) (Theme $e0 $e1))
p205371	-0.03071	0.00833	0.02213	-0.00096	-0.02517	-0.00348	0.01579	0.00435	0.00327	-0.01864	0.00516	0.01483	-0.00842	-0.01719	-0.00441	-0.02530	(And (Agent $e0 $x0) (Member $e0 decide) (Might $e0))
p205372	-0.02860	-0.00494	0.01093	-0.00465	-0.01678	0.00019	0.01772	-0.00051	-0.00020	-0.01430	0.00774	0.02308	-0.00877	-0.01196	-0.00394	-0.02512	(And (Agent $e0 $x0) (Member $e0 examine) (Theme $e0 $x1))
p205373	-0.02943	-0.00355	0.01360	-0.00403	-0.01914	0.00055	0.01938	0.00056	-0.00103	-0.01528	0.00786	0.02159	-0.00887	-0.01381	-0.00414	-0.02523	(And (Agent $e0 $x0) (Member $e0 fund) (Theme $e0 $x1))
p205374	0.05104	-0.03348	0.02953	-0.01193	0.00190	-0.01265	0.06708	0.00530	0.01120	-0.02686	-0.00971	0.02906	0.00961	0.00880	0.02766	-0.02625	(And (Agent $e0 $x0) (Member $e0 give_up) (Theme $e0 $x1))
p205375	0.00931	0.02286	-0.02591	-0.00547	-0.03037	-0.00255	-0.01725	0.02316	-0.03875	0.01125	0.01908	-0.00227	0.01433	0.01861	-0.00040	-0.01329	(And (Agent $e0 $x0) (Member $e0 influence) (Past $e0))
p205376	-0.01612	-0.00446	0.00038	-0.00489	-0.01015	-0.00166	0.01660	-0.00063	-0.00574	-0.00799	0.00643	0.01472	-0.00428	-0.00646	-0.00472	-0.01332	(And (Agent $e0 $x0) (Member $e0 learn) (Source $e0 $x1))
p205377	-0.02809	0.00878	0.00209	-0.00455	0.01961	-0.01167	0.01742	-0.02153	-0.01921	-0.00473	0.01821	0.01649	-0.01134	-0.00689	-0.00222	-0.01926	(And (Agent $e0 $x0) (Member $e0 lend) (Recipient $e0 ravi))
p205378	-0.02921	-0.00231	0.01087	-0.00529	-0.01932	-0.00162	0.01907	0.00350	-0.00210	-0.01452	0.00947	0.02205	-0.00899	-0.01309	-0.00350	-0.02515	(And (Agent $e0 $x0) (Member $e0 put_off) (Theme $e0 $x1))
p205379	-0.02804	-0.00487	0.00326	-0.00746	-0.01805	-0.00305	0.02269	0.00567	-0.00803	-0.00792	0.00905	0.02284	-0.01122	-0.00687	-0.00255	-0.02521	(And (Agent $e0 $x0) (Member $e0 receive) (Source $e0 $x1))
p205380	-0.02800	-0.00486	0.00310	-0.00749	-0.01812	-0.00313	0.02296	0.00592	-0.00805	-0.00786	0.00892	0.02279	-0.01120	-0.00680	-0.00252	-0.02517	(And (Agent $e0 $x0) (Member $e0 receive) (Theme $e0 $x1))
p205381	-0.02848	-0.00499	0.01040	-0.00497	-0.01696	-0.00009	0.01784	-0.00025	0.00019	-0.01429	0.00810	0.02308	-0.00857	-0.01151	-0.00369	-0.02497	(And (Agent $e0 $x0) (Member $e0 turn_down) (Theme $e0 $x1))
p205383	-0.02806	0.00881	0.00217	-0.00453	0.01965	-0.01164	0.01730	-0.02162	-0.01914	-0.00479	0.01820	0.01654	-0.01135	-0.00692	-0.00223	-0.01933	(And (Agent $e0 $x0) (Recipient $e0 ravi) (Theme $e0 $x1))
p205384	0.01362	-0.00765	-0.00640	-0.00368	0.00332	-0.00053	0.00111	0.00150	0.00196	0.00458	-0.00120	0.00459	-0.00548	-0.00371	-0.00765	-0.01871	(And (Agent $e0 $x0) (Theme $e0 visitor) (Time $e0 (Weekday sunday)))
p205385	0.00551	0.00385	-0.02474	-0.01418	-0.00700	-0.00857	-0.00603	-0.00417	0.00485	0.03860	-0.01202	-0.00773	0.04236	-0.00353	-0.00076	0.00792	(And (Agent $e0 dara) (Location $e0 $x0) (Member $e0 work))
p205386	-0.02943	-0.00355	0.01362	-0.00402	-0.01913	0.00058	0.01936	0.00049	-0.00103	-0.01529	0.00788	0.02159	-0.00887	-0.01382	-0.00415	-0.02522	(And (Agent $e0 jica) (Member $e0 fund) (Theme $e0 $x0))
p205387	-0.00153	-0.00077	0.01059	0.02879	0.00760	-0.00402	0.00121	0.01171	0.00381	-0.01192	-0.01760	-0.01168	-0.00761	-0.00236	-0.01780	0.01120	(And (Before $x0 $e0) (Future $e0) (Patient $e0 $x1))
p205388	-0.01201	0.06465	0.12383	0.00084	0.10232	0.03264	-0.09616	0.15442	-0.06422	-0.08177	-0.11852	0.00368	0.11558	-0.06944	-0.03481	-0.03360	(And (Beneficiary $e0 $x0) (Member $e0 buy) (Past $e0))
p205389	-0.01231	0.06453	0.12425	0.00098	0.10260	0.03297	-0.09649	0.15354	-0.06391	-0.08166	-0.11862	0.00381	0.11545	-0.06973	-0.03476	-0.03382	(And (Beneficiary $e0 $x0) (Member $e0 buy) (Theme $e0 $x1))
p205390	-0.04411	0.07290	0.05543	-0.00134	-0.16091	0.10555	0.20593	0.07728	0.03326	0.06857	0.03947	-0.11350	-0.06285	-0.06096	-0.03550	0.19219	(And (Cardinality $x0 <num>) (GroupOf $x0 way) (Manner $e0 $x0))
p205391	-0.04402	0.07254	0.05560	-0.00133	-0.16043	0.10564	0.20589	0.07674	0.03347	0.06851	0.03994	-0.11387	-0.06260	-0.06076	-0.03557	0.19215	(And (Cardinality $x0 <num>) (Manner $e0 $x0) (Member $x0 random))
p205392	0.00264	0.01519	-0.05414	-0.02831	-0.02163	-0.02219	0.00902	-0.01318	0.02001	0.09796	-0.02667	-0.00159	0.09987	-0.00962	0.00282	-0.00543	(And (CoAgent $e0 $x0) (Location $e0 $x1) (Member $e0 work))
p205393	0.01000	0.00223	-0.01703	-0.00942	0.00129	-0.00418	-0.00401	-0.00140	-0.00067	0.02226	-0.01071	-0.00610	0.01565	-0.00211	-0.00130	0.00634	(And (Experiencer $e0 $x0) (Location $e0 $x1) (Member $e0 wait))
p205394	0.00811	0.00960	-0.02476	-0.01329	-0.00995	-0.01252	-0.01403	0.01090	-0.00838	0.03352	-0.01636	-0.00640	0.03463	0.00026	-0.00149	0.01060	(And (Experiencer $e0 $x0) (Member $e0 discover) (Stimulus $e0 $e1))
p205395	0.00750	0.00662	-0.02331	-0.01340	-0.00905	-0.01089	-0.01433	0.00789	0.00191	0.03340	-0.01551	-0.00649	0.03503	-0.00048	-0.00143	0.00917	(And (Location $e0 $x0) (Member $e0 error) (Stimulus $e1 $e0))
p205396	-0.03415	0.05065	-0.03439	-0.01624	-0.02521	-0.02097	-0.00498	-0.00308	-0.05137	0.04109	-0.01676	-0.00526	0.03100	-0.01021	0.00998	-0.00152	(And (Location $e0 $x0) (Member $e0 find) (Theme $e0 $x1))
p205397	0.00639	0.01207	-0.03803	-0.01945	-0.01033	-0.01650	-0.00031	-0.00247	-0.00717	0.06189	-0.01886	-0.00465	0.06108	-0.00506	0.00061	0.00471	(And (Location $e0 $x0) (Member $e0 work) (Might $e0))
p205398	0.00028	-0.00143	0.00371	0.01553	0.00648	-0.00247	-0.00040	0.00497	0.00412	-0.00573	-0.01283	-0.00856	-0.00593	-0.00273	-0.00920	0.00929	(And (Measure $x0 age <num> year) (Member $x0 founder) (Patient $e0 $x0))
p205399	-0.00795	0.01836	0.01123	0.02826	-0.02122	-0.00904	-0.01592	0.01037	-0.00438	-0.00073	-0.03878	-0.00382	-0.01329	-0.00777	0.03978	0.01039	(And (Member $e0 become) (Past $e0) (Patient $e0 $x0))
p205400	-0.00799	0.01813	0.01138	0.02831	-0.02123	-0.00880	-0.01577	0.01022	-0.00392	-0.00101	-0.03871	-0.00390	-0.01325	-0.00781	0.03975	0.01050	(And (Member $e0 become) (Patient $e0 $x0) (Result $e0 $e1))
p205401	-0.00334	-0.00140	0.00685	0.02487	0.01005	-0.00340	0.00307	0.00561	0.00498	-0.00929	-0.01548	-0.01015	-0.00567	-0.00345	-0.01518	0.00980	(And (Member $e0 begin) (Might $e0) (Patient $e0 $x0))
p205402	-0.02745	-0.00317	0.00646	-0.00540	-0.01076	0.00010	0.01468	-0.00875	0.00033	-0.01085	0.01547	0.01076	-0.00809	-0.00853	-0.00166	-0.01800	(And (Member $e0 borrow) (Source $e0 $x0) (Theme $e0 $x1))
p205403	-0.03071	0.00833	0.02212	-0.00097	-0.02520	-0.00352	0.01580	0.00447	0.00328	-0.01865	0.00514	0.01483	-0.00842	-0.01717	-0.00441	-0.02532	(And (Member $e0 decide) (Might $e0) (Theme $e0 $x0))
p205404	-0.03143	-0.00167	-0.00388	-0.00815	-0.01070	0.00192	0.01142	-0.00787	-0.00941	-0.00544	0.01155	0.02512	-0.00644	-0.02044	-0.00352	-0.02432	(And (Member $e0 decision) (Patient $e1 $e0) (Theme $e0 $x0))
p205405	-0.03225	-0.00140	-0.00992	-0.00900	-0.00962	0.00523	0.01260	-0.01242	-0.01583	0.00281	0.00444	0.02883	-0.00381	-0.02268	-0.00301	-0.02351	(And (Member $e0 decision) (Theme $e0 $x0) (Theme $e1 $e0))
p205406	-0.01861	-0.00241	-0.01563	0.02251	0.01899	-0.00295	0.02062	-0.00718	-0.03087	0.01955	-0.02443	0.01798	-0.00460	-0.01501	-0.01519	-0.01823	(And (Member $e0 destroy) (Patient $e0 $x0) (Theme $e1 $e0))
p205407	-0.02131	0.02401	0.02685	0.06294	-0.02970	-0.00580	-0.01658	0.00228	-0.00768	-0.01163	-0.05336	-0.00858	-0.01491	-0.00984	0.04835	0.01695	(And (Member $e0 direct) (Past $e0) (Patient $e0 $x0))
p205408	-0.02807	0.00880	0.00216	-0.00453	0.01964	-0.01165	0.01732	-0.02161	-0.01915	-0.00478	0.01820	0.01653	-0.01135	-0.00692	-0.00222	-0.01932	(And (Member $e0 lend) (Recipient $e0 ravi) (Theme $e0 $x0))
p205409	-0.02805	-0.00486	0.00331	-0.00745	-0.01803	-0.00304	0.02259	0.00561	-0.00804	-0.00793	0.00908	0.02286	-0.01123	-0.00688	-0.00256	-0.02523	(And (Member $e0 receive) (Source $e0 $x0) (Theme $e0 $x1))
p205410	-0.03016	0.00443	0.01427	-0.00470	-0.02446	-0.00510	0.02161	0.00926	-0.00343	-0.01625	0.01198	0.01705	-0.00924	-0.01480	-0.00323	-0.02487	(And (Member $x0 departure) (Possession $x0 $x1) (Theme $e0 $x0))
p205411	-0.01388	-0.06930	-0.01923	-0.00880	-0.02587	0.13334	-0.00913	-0.04390	0.01474	-0.01728	-0.03349	-0.00303	-0.00363	0.07879	-0.02588	-0.00922	(And (Member $x0 kiln) (Ordinal $x0 <num> buy) (Theme $e0 $x0))
p205412	-0.01416	0.02893	0.01906	0.04801	-0.03161	-0.01277	-0.02225	0.01024	-0.00745	-0.00151	-0.05732	-0.00590	-0.01968	-0.01183	0.05859	0.01432	(And (Past $e0) (Patient $e0 $x0) (Result $e0 $e1))
p205522	0.14782	0.10566	0.06416	0.08649	-0.03999	0.12240	-0.06900	-0.22490	-0.00782	-0.03573	0.15264	0.01039	-0.02061	-0.08635	-0.06114	-0.00891	(And (Agent $e0 $x0) (Also appear $e0))
p205523	0.01332	-0.00801	-0.00591	-0.00353	0.00391	0.00017	0.00026	0.00086	0.00025	0.00513	0.00101	0.00249	-0.00600	-0.00351	-0.00810	-0.01815	(And (Agent $e0 $x0) (GroupOf $x0 soil_sample))
p205524	0.01327	-0.00806	-0.00586	-0.00352	0.00398	0.00023	0.00024	0.00067	0.00034	0.00512	0.00106	0.00250	-0.00599	-0.00357	-0.00810	-0.01816	(And (Agent $e0 $x0) (Instrument $e0 post))
p205525	0.22326	0.15667	0.10712	0.13375	-0.06162	0.18889	-0.09998	-0.33847	-0.00660	-0.05535	0.23681	-0.00414	-0.04600	-0.12659	-0.09371	-0.01348	(And (Agent $e0 $x0) (Member $e0 appear))
p205526	-0.01906	-0.00471	-0.00249	0.01641	0.00473	-0.00481	0.02359	0.00374	-0.01168	-0.00201	-0.00729	0.00879	-0.00814	-0.00731	-0.01381	-0.01894	(And (Agent $e0 $x0) (Member $e0 call_off))
p205527	-0.01862	-0.00245	-0.01564	0.02250	0.01906	-0.00294	0.02061	-0.00725	-0.03091	0.01956	-0.02435	0.01795	-0.00456	-0.01501	-0.01519	-0.01821	(And (Agent $e0 $x0) (Member $e0 cause))
p205528	-0.02861	-0.00495	0.01090	-0.00466	-0.01679	0.00016	0.01776	-0.00046	-0.00020	-0.01428	0.00773	0.02306	-0.00876	-0.01195	-0.00393	-0.02512	(And (Agent $e0 $x0) (Member $e0 examine))
p205529	-0.02943	-0.00355	0.01359	-0.00404	-0.01914	0.00054	0.01938	0.00058	-0.00103	-0.01528	0.00786	0.02159	-0.00887	-0.01380	-0.00414	-0.02523	(And (Agent $e0 $x0) (Member $e0 fund))
p205530	0.05104	-0.03347	0.02953	-0.01193	0.00190	-0.01265	0.06708	0.00532	0.01120	-0.02686	-0.00972	0.02906	0.00961	0.00880	0.02766	-0.02625	(And (Agent $e0 $x0) (Member $e0 give_up))
p205531	0.00931	0.02283	-0.02593	-0.00548	-0.03035	-0.00254	-0.01724	0.02316	-0.03876	0.01127	0.01909	-0.00227	0.01432	0.01863	-0.00040	-0.01329	(And (Agent $e0 $x0) (Member $e0 influence))
p205532	-0.01610	-0.00441	0.00050	-0.00486	-0.01016	-0.00164	0.01639	-0.00069	-0.00577	-0.00806	0.00642	0.01477	-0.00428	-0.00648	-0.00473	-0.01333	(And (Agent $e0 $x0) (Member $e0 learn))
p205533	0.01170	-0.00369	-0.01168	-0.00629	-0.00149	-0.00184	-0.00072	-0.00016	0.00686	0.01646	-0.00722	0.00414	0.00576	-0.00472	-0.00649	-0.01781	(And (Agent $e0 $x0) (Member $e0 permit))
p205534	-0.02921	-0.00227	0.01091	-0.00526	-0.01931	-0.00156	0.01898	0.00337	-0.00216	-0.01453	0.00948	0.02209	-0.00901	-0.01312	-0.00352	-0.02514	(And (Agent $e0 $x0) (Member $e0 put_off))
p205535	-0.02805	-0.00487	0.00327	-0.00746	-0.01805	-0.00305	0.02267	0.00565	-0.00803	-0.00792	0.00905	0.02284	-0.01122	-0.00687	-0.00255	-0.02521	(And (Agent $e0 $x0) (Member $e0 receive))
p205536	-0.02848	-0.00499	0.01039	-0.00497	-0.01696	-0.00009	0.01784	-0.00024	0.00019	-0.01429	0.00810	0.02308	-0.00857	-0.01150	-0.00369	-0.02497	(And (Agent $e0 $x0) (Member $e0 turn_down))
p205537	-0.02911	-0.00407	0.01260	-0.00430	-0.01854	0.00033	0.01904	0.00050	-0.00052	-0.01503	0.00787	0.02191	-0.00879	-0.01299	-0.00406	-0.02515	(And (Agent $e0 $x0) (Member $x0 bank))
p205538	-0.02144	0.00149	-0.00726	0.00489	0.01390	-0.01551	0.00342	-0.01247	-0.02016	0.00538	0.01174	0.01436	-0.00461	0.01199	-0.00957	0.02903	(And (Agent $e0 $x0) (Member $x0 crew))
p205539	0.00827	0.00454	-0.02245	-0.01144	-0.01154	-0.00578	-0.00285	-0.00241	0.01944	0.03830	-0.02193	0.00635	0.02871	-0.00686	-0.00361	-0.01640	(And (Agent $e0 $x0) (Member $x0 curator))
p205540	-0.02322	-0.00489	0.00512	0.00590	-0.00716	-0.00198	0.02025	0.00121	-0.00423	-0.00873	0.00085	0.01533	-0.00810	-0.00961	-0.00876	-0.02167	(And (Agent $e0 $x0) (Member $x0 doctor))
p205541	-0.02899	-0.02555	-0.00318	-0.00646	0.03900	-0.02563	-0.04471	-0.04593	-0.02082	-0.03831	0.01812	0.09029	0.04831	0.02405	-0.00139	0.17539	(And (Agent $e0 $x0) (Member $x0 elder))
p205542	-0.03016	0.00441	0.01427	-0.00471	-0.02447	-0.00513	0.02165	0.00934	-0.00335	-0.01628	0.01198	0.01703	-0.00921	-0.01480	-0.00322	-0.02488	(And (Agent $e0 $x0) (Member $x0 ferry))
p205543	0.01385	-0.00754	-0.00609	-0.00322	0.00357	-0.00042	0.00143	0.00191	0.00143	0.00448	-0.00180	0.00450	-0.00640	-0.00380	-0.00789	-0.01943	(And (Agent $e0 $x0) (Member $x0 freight))
p205544	0.01352	-0.00764	-0.00628	-0.00364	0.00328	-0.00050	0.00092	0.00138	0.00238	0.00447	-0.00120	0.00446	-0.00526	-0.00368	-0.00766	-0.01845	(And (Agent $e0 $x0) (Member $x0 licence))
p205545	-0.02490	0.03457	-0.00437	-0.00458	0.03722	-0.03842	-0.04906	-0.04276	-0.04661	0.03007	0.01653	0.04628	-0.01369	0.02811	-0.00093	0.09720	(And (Agent $e0 $x0) (Member $x0 museum))
p205546	-0.02810	0.00877	0.00205	-0.00456	0.01960	-0.01168	0.01747	-0.02150	-0.01924	-0.00470	0.01822	0.01647	-0.01133	-0.00687	-0.00221	-0.01923	(And (Agent $e0 $x0) (Member $x0 neighbour))
p205547	0.02602	-0.00529	-0.07199	-0.02186	0.01336	-0.03965	-0.02507	0.06093	-0.05368	-0.00274	-0.05815	0.10719	0.03029	0.02723	0.00199	0.16728	(And (Agent $e0 $x0) (Member $x0 potter))
p205548	0.00579	-0.00139	-0.02378	-0.01023	-0.00789	-0.00336	0.00508	-0.00616	0.00829	0.03212	-0.01831	0.01045	0.02877	-0.00769	-0.00407	-0.01443	(And (Agent $e0 $x0) (Member $x0 shepherd))
p205549	-0.01524	-0.00365	-0.01164	0.02501	0.01672	-0.00576	0.02525	0.00156	-0.02283	0.01045	-0.01816	0.00658	-0.00668	-0.00849	-0.01738	-0.01658	(And (Agent $e0 $x0) (Member $x0 storm))
p205550	0.00324	0.01225	0.10966	0.01917	0.01635	-0.01772	-0.07359	-0.05943	-0.03357	0.10816	0.01596	-0.03888	-0.06079	0.04647	-0.00953	-0.03771	(And (Agent $e0 $x0) (Member $x0 trainer))
p205551	-0.01920	-0.00491	0.04742	0.00376	-0.01250	-0.00217	-0.01024	-0.01739	-0.00483	0.01526	0.00847	0.00754	-0.02342	0.00431	-0.00577	-0.02919	(And (Agent $e0 $x0) (Member $x0 vet))
p205552	0.01356	-0.00770	-0.00633	-0.00367	0.00338	-0.00046	0.00108	0.00132	0.00207	0.00455	-0.00115	0.00460	-0.00546	-0.00377	-0.00764	-0.01872	(And (Agent $e0 $x0) (Member $x0 warden))
p205553	0.00576	0.01533	-0.04321	-0.02085	-0.02176	-0.01662	0.01343	-0.01192	0.02790	0.07217	-0.02536	0.00080	0.07381	-0.00768	0.00017	-0.00859	(And (Agent $e0 $x0) (Member $x0 welder))
p205554	-0.02808	0.00879	0.00212	-0.00454	0.01962	-0.01166	0.01737	-0.02157	-0.01917	-0.00475	0.01821	0.01651	-0.01134	-0.00690	-0.00222	-0.01929	(And (Agent $e0 $x0) (Recipient $e0 ravi))
p205555	0.01356	-0.00760	-0.00634	-0.00365	0.00322	-0.00056	0.00095	0.00155	0.00229	0.00449	-0.00125	0.00445	-0.00527	-0.00363	-0.00766	-0.01844	(And (Agent $e0 $x0) (Theme $e0 night_delivery))
p205556	0.00817	0.00443	-0.02242	-0.01144	-0.01145	-0.00577	-0.00277	-0.00250	0.01963	0.03823	-0.02192	0.00633	0.02879	-0.00683	-0.00359	-0.01636	(And (Agent $e0 $x0) (Theme $e0 photography))
p205557	0.01356	-0.00770	-0.00633	-0.00367	0.00339	-0.00045	0.00108	0.00130	0.00208	0.00455	-0.00114	0.00460	-0.00546	-0.00378	-0.00764	-0.01872	(And (Agent $e0 $x0) (Theme $e0 visitor))
p205558	0.01375	-0.00763	-0.00600	-0.00320	0.00368	-0.00032	0.00140	0.00163	0.00159	0.00445	-0.00172	0.00452	-0.00637	-0.00390	-0.00789	-0.01945	(And (Agent $e0 $x0) (Time $e0 (Hour <num>)))
p205559	0.01362	-0.00765	-0.00639	-0.00368	0.00332	-0.00052	0.00111	0.00150	0.00197	0.00458	-0.00120	0.00459	-0.00548	-0.00372	-0.00765	-0.01871	(And (Agent $e0 $x0) (Time $e0 (Weekday sunday)))
p205560	-0.01309	-0.00076	-0.00208	-0.00976	-0.00550	-0.00256	0.00212	-0.01241	0.00823	0.00433	0.01208	-0.00692	0.01148	-0.00797	0.00602	-0.00437	(And (Agent $e0 ana) (Member $e0 work))
p205561	0.00547	0.00377	-0.02479	-0.01422	-0.00695	-0.00860	-0.00593	-0.00411	0.00497	0.03862	-0.01211	-0.00771	0.04241	-0.00350	-0.00070	0.00795	(And (Agent $e0 dara) (Location $e0 $x0))
p205562	0.00551	0.00384	-0.02474	-0.01418	-0.00699	-0.00857	-0.00602	-0.00417	0.00486	0.03861	-0.01203	-0.00773	0.04237	-0.00353	-0.00075	0.00792	(And (Agent $e0 dara) (Member $e0 work))
p205563	-0.02943	-0.00355	0.01361	-0.00403	-0.01913	0.00056	0.01937	0.00053	-0.00103	-0.01528	0.00787	0.02159	-0.00887	-0.01381	-0.00414	-0.02523	(And (Agent $e0 jica) (Member $e0 fund))
p205564	-0.01990	0.02014	0.00755	0.01827	0.01444	-0.01020	-0.00277	-0.01721	-0.01436	0.00253	-0.01849	-0.00444	-0.01348	-0.01192	0.03064	-0.00053	(And (Before $e0 $e1) (Patient $e0 $x0))
p205565	-0.00153	-0.00078	0.01057	0.02879	0.00759	-0.00403	0.00123	0.01173	0.00381	-0.01192	-0.01761	-0.01168	-0.00760	-0.00234	-0.01780	0.01120	(And (Before $x0 $e0) (Future $e0))
p205566	-0.01219	0.06460	0.12409	0.00094	0.10250	0.03284	-0.09638	0.15385	-0.06405	-0.08168	-0.11859	0.00376	0.11550	-0.06963	-0.03478	-0.03373	(And (Beneficiary $e0 $x0) (Member $e0 buy))
p205567	-0.04419	0.07317	0.05532	-0.00134	-0.16125	0.10554	0.20593	0.07759	0.03308	0.06867	0.03907	-0.11320	-0.06308	-0.06117	-0.03545	0.19221	(And (Cardinality $x0 <num>) (GroupOf $x0 way))
p205568	-0.04411	0.07298	0.05538	-0.00135	-0.16099	0.10551	0.20593	0.07743	0.03317	0.06861	0.03933	-0.11344	-0.06289	-0.06099	-0.03549	0.19219	(And (Cardinality $x0 <num>) (Member $x0 random))
p205569	0.00274	0.01546	-0.05414	-0.02828	-0.02172	-0.02225	0.00884	-0.01318	0.01986	0.09801	-0.02666	-0.00158	0.09979	-0.00966	0.00279	-0.00546	(And (CoAgent $e0 $x0) (Member $e0 work))
p205570	0.00246	0.01448	-0.05378	-0.02821	-0.02134	-0.02189	0.00885	-0.01322	0.02017	0.09737	-0.02637	-0.00151	0.09946	-0.00956	0.00274	-0.00548	(And (CoAgent $e0 $x0) (Member $x0 ranger))
p205572	0.00811	0.00958	-0.02464	-0.01323	-0.00991	-0.01240	-0.01409	0.01057	-0.00829	0.03346	-0.01619	-0.00644	0.03459	0.00019	-0.00154	0.01059	(And (Experiencer $e0 $x0) (Member $e0 discover))
p205573	0.01000	0.00223	-0.01703	-0.00943	0.00129	-0.00418	-0.00401	-0.00139	-0.00067	0.02226	-0.01072	-0.00610	0.01566	-0.00211	-0.00130	0.00634	(And (Experiencer $e0 $x0) (Member $e0 wait))
p205574	0.00749	0.00661	-0.02323	-0.01337	-0.00902	-0.01080	-0.01437	0.00766	0.00194	0.03337	-0.01538	-0.00651	0.03500	-0.00053	-0.00146	0.00916	(And (Experiencer $e0 $x0) (Member $x0 auditor))
p205575	-0.01414	0.02906	0.01902	0.04800	-0.03159	-0.01287	-0.02235	0.01023	-0.00766	-0.00137	-0.05733	-0.00588	-0.01971	-0.01182	0.05861	0.01428	(And (Experiencer $e0 $x0) (Result $e1 $e0))
p205576	0.01385	-0.00757	-0.00606	-0.00311	0.00373	0.00016	0.00095	0.00193	-0.00047	0.00559	-0.00086	0.00300	-0.00722	-0.00371	-0.00827	-0.01971	(And (Future $e0) (Member $e0 arrive))
p205577	0.01365	-0.00770	-0.00578	-0.00297	0.00393	0.00019	0.00074	0.00160	-0.00015	0.00530	-0.00046	0.00272	-0.00694	-0.00367	-0.00833	-0.01918	(And (Future $e0) (Time $e0 (Weekday thursday)))
p205578	0.01238	-0.00080	-0.01883	-0.00738	0.02539	-0.00624	0.01232	-0.00843	-0.02754	0.02094	-0.00089	0.00453	-0.00462	-0.00419	-0.00364	-0.01558	(And (Goal $e0 $x0) (Member $e0 walk))
p205579	0.01174	-0.00123	-0.01756	-0.00711	0.02574	-0.00614	0.01133	-0.00931	-0.02696	0.01943	-0.00079	0.00505	-0.00435	-0.00406	-0.00338	-0.01596	(And (Goal $e0 $x0) (Member $x0 pier))
p205580	-0.02896	-0.02557	-0.00310	-0.00643	0.03903	-0.02562	-0.04475	-0.04596	-0.02071	-0.03838	0.01805	0.09028	0.04830	0.02413	-0.00138	0.17544	(And (GroupOf $x0 child) (Recipient $e0 $x0))
p205581	-0.04405	0.07264	0.05556	-0.00133	-0.16059	0.10562	0.20590	0.07689	0.03344	0.06852	0.03982	-0.11375	-0.06267	-0.06083	-0.03555	0.19216	(And (GroupOf $x0 way) (Manner $e0 $x0))
p205582	-0.01823	0.04397	-0.01655	-0.00746	0.01878	-0.02123	0.01668	-0.01864	-0.02039	0.00478	0.02374	-0.01315	-0.00992	-0.01083	0.00583	0.00275	(And (Holder $e0 $x0) (Member $e0 need))
p205583	0.00788	0.00326	-0.00954	-0.00464	0.00595	-0.00506	0.00122	0.00260	-0.00707	0.00135	0.00437	-0.00830	-0.00417	-0.00172	-0.00567	0.00963	(And (Holder $e0 $x0) (Member $x0 lathe))
p205584	0.00788	0.00326	-0.00955	-0.00464	0.00595	-0.00506	0.00122	0.00262	-0.00707	0.00135	0.00436	-0.00830	-0.00417	-0.00171	-0.00567	0.00963	(And (Holder $e0 $x0) (Theme $e0 monthly_servicing))
p205585	0.01001	0.00224	-0.01708	-0.00945	0.00129	-0.00425	-0.00397	-0.00126	-0.00065	0.02226	-0.01081	-0.00608	0.01569	-0.00207	-0.00127	0.00635	(And (Location $e0 $x0) (Member $e0 wait))
p205586	0.01041	0.02927	-0.06624	-0.03044	-0.03218	-0.02764	0.02174	-0.01532	0.02847	0.11091	-0.03842	0.00101	0.11084	-0.01092	0.00104	-0.00955	(And (Location $e0 $x0) (Member $x0 frame))
p205587	0.01001	0.00224	-0.01705	-0.00944	0.00129	-0.00421	-0.00399	-0.00133	-0.00066	0.02226	-0.01076	-0.00609	0.01567	-0.00209	-0.00129	0.00634	(And (Location $e0 $x0) (Member $x0 gate))
p205588	0.00843	0.00474	-0.02255	-0.01144	-0.01171	-0.00582	-0.00292	-0.00215	0.01910	0.03841	-0.02199	0.00639	0.02858	-0.00689	-0.00364	-0.01646	(And (Location $e0 $x0) (Member $x0 hall))
p205589	0.00578	-0.00141	-0.02377	-0.01023	-0.00788	-0.00337	0.00510	-0.00617	0.00836	0.03210	-0.01833	0.01045	0.02878	-0.00767	-0.00407	-0.01442	(And (Location $e0 $x0) (Member $x0 ridge))
p205590	-0.06509	0.00954	-0.08563	0.05997	-0.03504	0.03442	0.06183	-0.07570	-0.09757	0.14864	-0.12684	0.11982	0.13553	-0.06969	-0.02798	-0.00812	(And (Location $e0 $x0) (Ongoing $e0))
p205591	0.00817	0.00443	-0.02242	-0.01144	-0.01145	-0.00577	-0.00277	-0.00250	0.01963	0.03823	-0.02192	0.00633	0.02879	-0.00683	-0.00359	-0.01636	(And (Location $e0 $x0) (Theme $e0 photography))
p205592	-0.04418	0.07320	0.05529	-0.00134	-0.16126	0.10552	0.20594	0.07766	0.03303	0.06868	0.03902	-0.11321	-0.06308	-0.06116	-0.03545	0.19221	(And (Manner $e0 $x0) (Member $x0 random))
p205593	0.00028	-0.00143	0.00372	0.01554	0.00648	-0.00246	-0.00041	0.00495	0.00412	-0.00573	-0.01282	-0.00856	-0.00593	-0.00273	-0.00920	0.00929	(And (Measure $x0 age <num> year) (Member $x0 founder))
p205594	0.00028	-0.00143	0.00373	0.01554	0.00648	-0.00246	-0.00042	0.00493	0.00413	-0.00573	-0.01282	-0.00856	-0.00593	-0.00274	-0.00920	0.00928	(And (Measure $x0 age <num> year) (Patient $e0 $x0))
p205595	0.01391	-0.00748	-0.00617	-0.00324	0.00348	-0.00050	0.00146	0.00214	0.00130	0.00452	-0.00187	0.00449	-0.00642	-0.00374	-0.00790	-0.01943	(And (Member $e0 arrive) (Time $e0 (Hour <num>)))
p205596	-0.00541	0.01386	0.01330	0.03795	-0.01893	-0.00205	-0.01471	0.00209	-0.00746	-0.00562	-0.03442	-0.00767	-0.01045	-0.00654	0.03308	0.01589	(And (Member $e0 bear) (Past $e0))
p205597	-0.00334	-0.00142	0.00676	0.02484	0.01006	-0.00345	0.00316	0.00573	0.00493	-0.00928	-0.01551	-0.01014	-0.00565	-0.00341	-0.01517	0.00981	(And (Member $e0 begin) (Might $e0))
p205598	-0.02745	-0.00317	0.00646	-0.00540	-0.01076	0.00010	0.01469	-0.00875	0.00032	-0.01085	0.01547	0.01075	-0.00809	-0.00853	-0.00166	-0.01799	(And (Member $e0 borrow) (Source $e0 $x0))
p205599	-0.01879	-0.00291	-0.01564	0.02245	0.01969	-0.00280	0.02043	-0.00811	-0.03119	0.01964	-0.02356	0.01774	-0.00417	-0.01509	-0.01524	-0.01807	(And (Member $e0 cause) (Theme $e0 $e1))
p205600	-0.01544	0.00398	-0.00310	-0.00960	-0.01685	0.00796	-0.01131	-0.00248	-0.01421	-0.00229	0.00400	-0.00594	0.00250	-0.00597	0.03054	0.00293	(And (Member $e0 conduct) (Past $e0))
p205601	-0.03072	0.00832	0.02213	-0.00095	-0.02514	-0.00344	0.01579	0.00424	0.00326	-0.01863	0.00519	0.01484	-0.00842	-0.01720	-0.00441	-0.02529	(And (Member $e0 decide) (Might $e0))
p205602	-0.01858	-0.00234	-0.01561	0.02253	0.01889	-0.00297	0.02063	-0.00706	-0.03083	0.01953	-0.02455	0.01801	-0.00467	-0.01500	-0.01518	-0.01826	(And (Member $e0 destroy) (Theme $e1 $e0))
p205603	-0.02131	0.02399	0.02683	0.06293	-0.02971	-0.00579	-0.01654	0.00230	-0.00767	-0.01163	-0.05337	-0.00858	-0.01490	-0.00984	0.04836	0.01696	(And (Member $e0 direct) (Past $e0))
p205604	0.00810	0.00961	-0.02480	-0.01331	-0.00995	-0.01256	-0.01401	0.01099	-0.00840	0.03353	-0.01642	-0.00638	0.03464	0.00028	-0.00148	0.01061	(And (Member $e0 discover) (Stimulus $e0 $e1))
p205605	-0.00057	-0.00100	0.00657	0.02139	0.00660	-0.00295	-0.00002	0.00801	0.00327	-0.00842	-0.01476	-0.01008	-0.00671	-0.00238	-0.01346	0.01075	(And (Member $e0 end) (Patient $e0 $x0))
p205606	0.00751	0.00664	-0.02343	-0.01346	-0.00909	-0.01102	-0.01426	0.00822	0.00186	0.03343	-0.01569	-0.00645	0.03508	-0.00041	-0.00139	0.00918	(And (Member $e0 error) (Stimulus $e1 $e0))
p205607	-0.02860	-0.00493	0.01094	-0.00464	-0.01678	0.00020	0.01771	-0.00053	-0.00021	-0.01431	0.00774	0.02309	-0.00877	-0.01196	-0.00394	-0.02512	(And (Member $e0 examine) (Theme $e0 $x0))
p205608	-0.00255	0.00125	0.00751	0.01627	0.00100	-0.00158	-0.00966	0.00362	0.00137	-0.00592	-0.01891	-0.00635	-0.00429	-0.00541	0.01093	0.01098	(And (Member $e0 form) (Patient $e0 $x0))
p205609	-0.02943	-0.00355	0.01361	-0.00403	-0.01913	0.00056	0.01937	0.00052	-0.00103	-0.01528	0.00787	0.02159	-0.00887	-0.01382	-0.00414	-0.02523	(And (Member $e0 fund) (Theme $e0 $x0))
p205610	0.05092	-0.03349	0.02958	-0.01187	0.00189	-0.01265	0.06724	0.00493	0.01134	-0.02697	-0.00934	0.02895	0.00982	0.00870	0.02765	-0.02603	(And (Member $e0 give_up) (Theme $e0 $x0))
p205611	-0.01611	-0.00444	0.00046	-0.00487	-0.01015	-0.00164	0.01647	-0.00069	-0.00574	-0.00803	0.00643	0.01475	-0.00428	-0.00648	-0.00473	-0.01333	(And (Member $e0 learn) (Source $e0 $x0))
p205612	-0.02809	0.00878	0.00209	-0.00455	0.01961	-0.01167	0.01741	-0.02154	-0.01920	-0.00473	0.01821	0.01649	-0.01134	-0.00689	-0.00222	-0.01927	(And (Member $e0 lend) (Recipient $e0 ravi))
p205613	-0.02921	-0.00228	0.01091	-0.00526	-0.01931	-0.00157	0.01898	0.00337	-0.00215	-0.01453	0.00948	0.02209	-0.00901	-0.01312	-0.00352	-0.02514	(And (Member $e0 put_off) (Theme $e0 $x0))
p205614	-0.02805	-0.00486	0.00331	-0.00745	-0.01803	-0.00304	0.02259	0.00561	-0.00804	-0.00793	0.00908	0.02286	-0.01123	-0.00688	-0.00256	-0.02523	(And (Member $e0 receive) (Source $e0 $x0))
p205615	0.00816	0.00353	-0.00939	-0.00465	0.00533	-0.00524	0.00016	0.00364	-0.00575	0.00149	0.00250	-0.00787	-0.00390	-0.00158	-0.00537	0.00944	(And (Member $e0 require) (Theme $e0 monthly_servicing))
p205616	0.02656	-0.00318	-0.00282	-0.00984	-0.01144	0.02048	-0.02016	-0.00761	-0.01164	0.00559	-0.00771	-0.00807	-0.00209	-0.00780	0.02871	0.00888	(And (Member $e0 speak) (Past $e0))
p205617	0.00597	0.01054	-0.01029	-0.00877	-0.01723	0.00663	-0.01648	0.00560	-0.01769	0.00319	-0.00366	-0.00365	0.00556	0.00016	0.02180	-0.00035	(And (Member $e0 succeed) (Past $e0))
p205618	-0.02848	-0.00500	0.01036	-0.00498	-0.01697	-0.00011	0.01788	-0.00019	0.00020	-0.01428	0.00809	0.02306	-0.00857	-0.01149	-0.00368	-0.02497	(And (Member $e0 turn_down) (Theme $e0 $x0))
p205619	0.00647	0.01221	-0.03799	-0.01941	-0.01040	-0.01650	-0.00041	-0.00254	-0.00716	0.06189	-0.01881	-0.00466	0.06102	-0.00509	0.00058	0.00468	(And (Member $e0 work) (Might $e0))
p205620	-0.00124	-0.00453	0.12246	0.02131	-0.00203	-0.00506	-0.07077	-0.05487	-0.01354	0.07229	0.01022	-0.02338	-0.05074	0.03370	-0.00998	-0.03712	(And (Member $x0 answer) (Theme $e0 $x0))
p205621	0.02597	-0.00535	-0.07210	-0.02193	0.01343	-0.03972	-0.02509	0.06106	-0.05383	-0.00268	-0.05818	0.10720	0.03038	0.02737	0.00202	0.16735	(And (Member $x0 apprentice) (Recipient $e0 $x0))
p205622	-0.01578	-0.00368	-0.01148	0.02508	0.01694	-0.00567	0.02478	0.00117	-0.02272	0.01026	-0.01823	0.00724	-0.00685	-0.00880	-0.01735	-0.01691	(And (Member $x0 archive) (Patient $e0 $x0))
p205623	-0.02728	-0.00609	0.00772	-0.00577	-0.01459	-0.00068	0.01509	-0.00084	0.00122	-0.01305	0.00820	0.02385	-0.00830	-0.00937	-0.00334	-0.02475	(And (Member $x0 bridge) (Theme $e0 $x0))
p205624	-0.01343	-0.00512	-0.00582	0.02746	0.01332	-0.00594	0.02424	0.00331	-0.01196	0.00181	-0.01301	0.00064	-0.00725	-0.00545	-0.01873	-0.01557	(And (Member $x0 chart) (Patient $e0 $x0))
p205625	-0.02742	0.02892	-0.01108	-0.00780	0.03311	-0.01703	0.01159	-0.02710	-0.01814	0.00011	0.02866	-0.00970	-0.00788	-0.01374	0.00651	-0.00492	(And (Member $x0 countersignature) (Theme $e0 $x0))
p205626	-0.00382	-0.01094	-0.00722	0.01615	0.01598	-0.01039	0.01795	0.00623	-0.00268	-0.00773	0.00422	-0.01016	0.00315	0.00843	-0.01674	-0.00050	(And (Member $x0 cracked) (Member $x0 feed_pipe))
p205627	-0.03016	0.00442	0.01427	-0.00471	-0.02447	-0.00512	0.02164	0.00932	-0.00338	-0.01627	0.01198	0.01703	-0.00922	-0.01480	-0.00323	-0.02487	(And (Member $x0 departure) (Theme $e0 $x0))
p205628	-0.02824	-0.00556	0.00963	-0.00479	-0.01502	-0.00010	0.01659	-0.00062	-0.00072	-0.01345	0.00704	0.02398	-0.00896	-0.01142	-0.00398	-0.02528	(And (Member $x0 evening_flight) (Theme $e0 $x0))
p205630	-0.01561	-0.00376	-0.01138	0.02513	0.01661	-0.00555	0.02485	0.00096	-0.02243	0.01018	-0.01800	0.00697	-0.00667	-0.00874	-0.01738	-0.01666	(And (Member $x0 footbridge) (Patient $e0 $x0))
p205631	0.00028	-0.00143	0.00373	0.01554	0.00648	-0.00246	-0.00042	0.00493	0.00413	-0.00573	-0.01282	-0.00856	-0.00593	-0.00274	-0.00920	0.00928	(And (Member $x0 founder) (Patient $e0 $x0))
p205632	-0.02487	0.03455	-0.00417	-0.00450	0.03731	-0.03834	-0.04909	-0.04299	-0.04647	0.03002	0.01665	0.04610	-0.01374	0.02813	-0.00097	0.09706	(And (Member $x0 gallery) (Recipient $e0 $x0))
p205633	-0.01529	-0.00370	-0.01166	0.02499	0.01680	-0.00574	0.02522	0.00146	-0.02287	0.01046	-0.01805	0.00656	-0.00660	-0.00850	-0.01738	-0.01654	(And (Member $x0 greenhouse) (Patient $e0 $x0))
p205634	-0.02912	-0.00406	0.01265	-0.00428	-0.01852	0.00038	0.01900	0.00036	-0.00051	-0.01505	0.00791	0.02193	-0.00879	-0.01302	-0.00408	-0.02514	(And (Member $x0 loan_application) (Theme $e0 $x0))
p205635	-0.00857	0.00074	0.07896	0.01124	0.00934	-0.00898	-0.04223	-0.03738	-0.02099	0.05820	0.01142	-0.01236	-0.04046	0.02021	-0.00806	-0.03520	(And (Member $x0 medal) (Theme $e0 $x0))
p205636	-0.02496	0.01304	-0.00723	-0.00695	0.02462	-0.02386	-0.02534	-0.02732	-0.03434	0.02049	0.01064	0.04267	-0.01144	0.01563	-0.00149	0.05791	(And (Member $x0 painting) (Theme $e0 $x0))
p205637	-0.02893	-0.00138	0.01383	-0.00359	-0.02126	-0.00185	0.02154	0.00366	0.00094	-0.01549	0.00618	0.02030	-0.00955	-0.01176	-0.00385	-0.02525	(And (Member $x0 query) (Theme $e0 $x0))
p205638	0.00315	0.01226	0.10988	0.01925	0.01651	-0.01759	-0.07388	-0.05988	-0.03337	0.10810	0.01588	-0.03871	-0.06087	0.04636	-0.00950	-0.03780	(And (Member $x0 recruit) (Recipient $e0 $x0))
p205639	-0.02889	-0.00167	0.01372	-0.00361	-0.02095	-0.00166	0.02138	0.00306	0.00117	-0.01550	0.00639	0.02055	-0.00953	-0.01168	-0.00387	-0.02521	(And (Member $x0 tower) (Theme $e0 $x0))
p205640	-0.00691	-0.00069	0.07713	0.01104	-0.00139	-0.00851	-0.04047	-0.03641	-0.02124	0.06734	0.01087	-0.01637	-0.04368	0.02784	-0.00761	-0.03413	(And (Member $x0 whistle) (Theme $e0 $x0))
p205641	-0.00010	0.01945	0.11494	0.02109	0.01910	-0.01689	-0.07622	-0.06186	-0.03086	0.09665	0.01363	-0.03490	-0.05830	0.03624	-0.01016	-0.03880	(And (Member $x0 winner) (Recipient $e0 $x0))
p205642	-0.01388	-0.06930	-0.01923	-0.00880	-0.02587	0.13334	-0.00913	-0.04391	0.01474	-0.01728	-0.03349	-0.00302	-0.00362	0.07879	-0.02588	-0.00921	(And (Ordinal $x0 <num> buy) (Theme $e0 $x0))
p205643	0.00962	-0.00312	0.00050	-0.00012	-0.00228	0.00607	-0.01356	-0.00092	-0.00095	0.00069	-0.00888	-0.00489	-0.00514	-0.00483	0.01718	0.00511	(And (Past $e0) (Time $e0 later))
p205644	-0.03143	-0.00165	-0.00389	-0.00815	-0.01072	0.00191	0.01141	-0.00784	-0.00943	-0.00544	0.01153	0.02513	-0.00645	-0.02044	-0.00352	-0.02432	(And (Patient $e0 $e1) (Theme $e1 $x0))
p205645	-0.01416	0.02883	0.01909	0.04801	-0.03162	-0.01270	-0.02219	0.01025	-0.00731	-0.00161	-0.05731	-0.00592	-0.01966	-0.01183	0.05858	0.01435	(And (Patient $e0 $x0) (Result $e0 $e1))
p205646	-0.02807	0.00880	0.00216	-0.00453	0.01964	-0.01165	0.01732	-0.02161	-0.01914	-0.00478	0.01820	0.01653	-0.01135	-0.00692	-0.00222	-0.01932	(And (Recipient $e0 ravi) (Theme $e0 $x0))
p205647	-0.03224	-0.00136	-0.00993	-0.00900	-0.00965	0.00522	0.01260	-0.01236	-0.01585	0.00281	0.00439	0.02884	-0.00382	-0.02267	-0.00300	-0.02351	(And (Theme $e0 $e1) (Theme $e1 $x0))
p205648	0.01364	-0.00763	-0.00642	-0.00369	0.00329	-0.00055	0.00112	0.00158	0.00192	0.00459	-0.00123	0.00459	-0.00548	-0.00369	-0.00765	-0.01871	(And (Theme $e0 visitor) (Time $e0 (Weekday sunday)))
p205741	-0.01309	-0.00076	-0.00208	-0.00976	-0.00550	-0.00256	0.00212	-0.01241	0.00823	0.00433	0.01207	-0.00692	0.01148	-0.00797	0.00602	-0.00437	(Agent $e0 ana)
p205742	0.00546	0.00375	-0.02480	-0.01423	-0.00694	-0.00861	-0.00591	-0.00409	0.00500	0.03863	-0.01213	-0.00771	0.04242	-0.00349	-0.00069	0.00796	(Agent $e0 dara)
p205743	0.01233	-0.00592	-0.00102	-0.00329	0.00499	0.00086	-0.00569	0.00304	0.00645	-0.00281	-0.00082	-0.00735	-0.00307	-0.00087	-0.00598	0.00621	(Degree $x0 big very)
p205744	-0.04420	0.07318	0.05531	-0.00134	-0.16126	0.10555	0.20593	0.07760	0.03308	0.06867	0.03906	-0.11319	-0.06310	-0.06118	-0.03545	0.19221	(GroupOf $x0 way)
p205745	0.01331	-0.00802	-0.00590	-0.00353	0.00393	0.00019	0.00026	0.00081	0.00027	0.00513	0.00102	0.00249	-0.00600	-0.00353	-0.00810	-0.01815	(Instrument $e0 post)
p205746	0.00028	-0.00143	0.00371	0.01554	0.00648	-0.00247	-0.00040	0.00496	0.00412	-0.00573	-0.01283	-0.00856	-0.00593	-0.00273	-0.00920	0.00929	(Measure $x0 age <num> year)
p205747	0.01342	-0.00638	-0.00118	-0.00509	0.00356	0.00417	-0.00851	-0.00001	0.00431	-0.00091	-0.00091	-0.00647	-0.00344	-0.00244	0.00111	0.00448	(Member $e0 active)
p205748	-0.00541	0.01390	0.01333	0.03797	-0.01893	-0.00206	-0.01476	0.00205	-0.00748	-0.00560	-0.03441	-0.00767	-0.01046	-0.00655	0.03308	0.01587	(Member $e0 bear)
p205749	-0.01905	-0.00470	-0.00249	0.01641	0.00472	-0.00481	0.02360	0.00376	-0.01169	-0.00201	-0.00731	0.00880	-0.00816	-0.00731	-0.01381	-0.01894	(Member $e0 call_off)
p205750	-0.01866	-0.00253	-0.01566	0.02249	0.01917	-0.00292	0.02059	-0.00738	-0.03097	0.01958	-0.02421	0.01791	-0.00448	-0.01502	-0.01520	-0.01818	(Member $e0 cause)
p205751	-0.01544	0.00397	-0.00309	-0.00960	-0.01685	0.00797	-0.01132	-0.00249	-0.01420	-0.00230	0.00400	-0.00595	0.00250	-0.00598	0.03054	0.00292	(Member $e0 conduct)
p205752	-0.00058	-0.00100	0.00661	0.02140	0.00661	-0.00292	-0.00005	0.00794	0.00329	-0.00842	-0.01473	-0.01008	-0.00672	-0.00240	-0.01347	0.01075	(Member $e0 end)
p205753	-0.02861	-0.00495	0.01091	-0.00465	-0.01679	0.00017	0.01775	-0.00047	-0.00020	-0.01429	0.00773	0.02307	-0.00876	-0.01195	-0.00393	-0.02512	(Member $e0 examine)
p205754	-0.01626	0.04315	0.00250	0.00096	-0.03725	-0.02118	-0.01512	-0.01205	0.11688	-0.02295	-0.02467	0.00729	0.01901	0.01901	-0.00135	-0.01077	(Member $e0 find_out)
p205755	-0.02943	-0.00355	0.01358	-0.00404	-0.01914	0.00053	0.01939	0.00061	-0.00104	-0.01527	0.00785	0.02158	-0.00887	-0.01380	-0.00414	-0.02523	(Member $e0 fund)
p205756	-0.01611	-0.00442	0.00048	-0.00486	-0.01016	-0.00164	0.01642	-0.00070	-0.00576	-0.00805	0.00643	0.01476	-0.00428	-0.00648	-0.00473	-0.01333	(Member $e0 learn)
p205757	-0.01824	0.04402	-0.01654	-0.00745	0.01872	-0.02128	0.01667	-0.01851	-0.02041	0.00478	0.02367	-0.01316	-0.00991	-0.01080	0.00583	0.00274	(Member $e0 need)
p205758	0.01170	-0.00369	-0.01169	-0.00630	-0.00150	-0.00186	-0.00069	-0.00011	0.00686	0.01646	-0.00724	0.00413	0.00577	-0.00469	-0.00649	-0.01780	(Member $e0 permit)
p205759	-0.02921	-0.00230	0.01088	-0.00528	-0.01932	-0.00160	0.01904	0.00345	-0.00211	-0.01452	0.00948	0.02206	-0.00900	-0.01310	-0.00351	-0.02514	(Member $e0 put_off)
p205760	0.02653	-0.00315	-0.00283	-0.00984	-0.01142	0.02049	-0.02019	-0.00762	-0.01165	0.00562	-0.00777	-0.00804	-0.00212	-0.00782	0.02873	0.00884	(Member $e0 speak)
p205761	0.00596	0.01047	-0.01028	-0.00877	-0.01719	0.00667	-0.01646	0.00551	-0.01766	0.00319	-0.00358	-0.00367	0.00557	0.00016	0.02180	-0.00033	(Member $e0 succeed)
p205762	-0.02848	-0.00500	0.01036	-0.00498	-0.01697	-0.00011	0.01788	-0.00018	0.00020	-0.01427	0.00809	0.02306	-0.00857	-0.01149	-0.00368	-0.02497	(Member $e0 turn_down)
p205763	0.00998	0.00221	-0.01696	-0.00939	0.00131	-0.00407	-0.00406	-0.00162	-0.00067	0.02225	-0.01058	-0.00613	0.01562	-0.00217	-0.00135	0.00633	(Member $e0 wait)
p205764	-0.00124	-0.00454	0.12244	0.02131	-0.00203	-0.00507	-0.07076	-0.05485	-0.01355	0.07230	0.01022	-0.02338	-0.05074	0.03370	-0.00998	-0.03712	(Member $x0 answer)
p205765	-0.01486	-0.00293	-0.00018	-0.00672	-0.01116	-0.00182	0.00839	0.00028	-0.00031	-0.00169	0.00157	0.01323	0.00000	-0.00686	-0.00308	-0.01373	(Member $x0 car)
p205766	-0.00380	-0.01093	-0.00733	0.01612	0.01589	-0.01042	0.01817	0.00655	-0.00280	-0.00769	0.00406	-0.01013	0.00309	0.00841	-0.01672	-0.00055	(Member $x0 cracked)
p205767	0.01225	-0.00612	-0.00095	-0.00331	0.00537	0.00092	-0.00542	0.00248	0.00692	-0.00275	-0.00064	-0.00731	-0.00309	-0.00101	-0.00579	0.00575	(Member $x0 difficult)
p205768	-0.02321	-0.00486	0.00516	0.00592	-0.00717	-0.00196	0.02021	0.00117	-0.00424	-0.00876	0.00083	0.01536	-0.00813	-0.00962	-0.00877	-0.02168	(Member $x0 doctor)
p205769	-0.00380	-0.01093	-0.00735	0.01612	0.01587	-0.01043	0.01822	0.00664	-0.00283	-0.00769	0.00401	-0.01012	0.00307	0.00840	-0.01672	-0.00057	(Member $x0 feed_pipe)
p205770	0.00572	0.01529	-0.04321	-0.02085	-0.02174	-0.01661	0.01345	-0.01192	0.02792	0.07216	-0.02536	0.00081	0.07382	-0.00768	0.00017	-0.00858	(Member $x0 fitter)
p205771	0.01225	-0.00612	-0.00095	-0.00331	0.00537	0.00092	-0.00542	0.00248	0.00692	-0.00275	-0.00064	-0.00731	-0.00309	-0.00101	-0.00579	0.00575	(Member $x0 hard)
p205772	-0.01261	0.00731	-0.01403	-0.02410	-0.02456	0.00763	-0.01088	0.02357	-0.01428	-0.00782	0.00017	0.00629	0.00873	0.01142	0.02930	-0.01084	(Member $x0 house)
p205773	0.01227	-0.00607	-0.00097	-0.00330	0.00529	0.00090	-0.00549	0.00263	0.00682	-0.00278	-0.00069	-0.00732	-0.00309	-0.00097	-0.00584	0.00587	(Member $x0 huge)
p205774	-0.00858	0.00079	0.07900	0.01127	0.00932	-0.00896	-0.04229	-0.03739	-0.02092	0.05817	0.01125	-0.01229	-0.04048	0.02019	-0.00805	-0.03523	(Member $x0 medal)
p205775	0.01037	0.00171	-0.01461	-0.00813	-0.00266	-0.00359	-0.00749	0.00246	-0.00192	0.01755	-0.01048	-0.00593	0.01417	-0.00128	-0.00307	0.00765	(Member $x0 park)
p205776	-0.04407	0.07282	0.05546	-0.00134	-0.16079	0.10555	0.20592	0.07719	0.03328	0.06856	0.03956	-0.11360	-0.06277	-0.06089	-0.03552	0.19217	(Member $x0 random)
p205777	0.01365	-0.00762	-0.00643	-0.00369	0.00328	-0.00057	0.00113	0.00161	0.00190	0.00459	-0.00124	0.00459	-0.00548	-0.00368	-0.00765	-0.01871	(Member $x0 warden)
p205778	0.00577	0.01535	-0.04321	-0.02085	-0.02176	-0.01662	0.01342	-0.01192	0.02790	0.07217	-0.02536	0.00080	0.07380	-0.00768	0.00016	-0.00859	(Member $x0 welder)
p205779	-0.00139	0.01784	-0.01568	-0.00765	-0.00364	-0.00961	-0.00572	0.00535	-0.03041	0.01661	-0.00776	-0.00610	0.00947	-0.00300	-0.00082	0.00477	(Member $x0 western)
p205780	-0.00700	-0.00061	0.07724	0.01109	-0.00140	-0.00845	-0.04062	-0.03662	-0.02111	0.06733	0.01075	-0.01625	-0.04375	0.02777	-0.00759	-0.03418	(Member $x0 whistle)
p205781	-0.02812	0.00875	0.00175	-0.00464	0.01952	-0.01182	0.01778	-0.02119	-0.01958	-0.00452	0.01824	0.01637	-0.01127	-0.00675	-0.00217	-0.01905	(Recipient $e0 ravi)
p205782	0.01275	-0.00630	-0.00358	-0.00671	0.00137	0.00996	-0.01080	-0.00449	-0.00243	0.00567	-0.00503	-0.00454	-0.00229	-0.00593	0.00741	0.00255	(Source $e0 manila)
p205784	0.01356	-0.00761	-0.00633	-0.00365	0.00323	-0.00055	0.00095	0.00153	0.00230	0.00449	-0.00125	0.00445	-0.00527	-0.00364	-0.00766	-0.01844	(Theme $e0 night_delivery)
p205785	0.00834	0.00464	-0.02249	-0.01144	-0.01162	-0.00580	-0.00289	-0.00229	0.01927	0.03835	-0.02195	0.00637	0.02865	-0.00688	-0.00363	-0.01643	(Theme $e0 photography)
p205786	0.01362	-0.00764	-0.00640	-0.00368	0.00331	-0.00054	0.00112	0.00153	0.00195	0.00458	-0.00121	0.00459	-0.00548	-0.00371	-0.00765	-0.01871	(Theme $e0 visitor)
p205787	0.01388	-0.00751	-0.00613	-0.00323	0.00352	-0.00047	0.00145	0.00204	0.00136	0.00450	-0.00184	0.00449	-0.00641	-0.00377	-0.00790	-0.01943	(Time $e0 (Hour <num>))
p205788	0.01362	-0.00764	-0.00640	-0.00368	0.00331	-0.00053	0.00111	0.00152	0.00195	0.00458	-0.00121	0.00459	-0.00548	-0.00371	-0.00765	-0.01871	(Time $e0 (Weekday sunday))
p205789	0.00485	-0.00382	0.00027	0.00822	0.00531	-0.00116	-0.00057	0.00311	0.00292	-0.00178	-0.00771	-0.00493	-0.00573	-0.00295	-0.00839	0.00059	(Time $e0 that_autumn)
